Iteration,Using RL?,State,Action,Reward,Variance Bucket,Variance Bucket Index,Next Variance Bucket Index,Next Variance Bucket Index,Luminance Bucket,Luminance Bucket Index,Bright Pixel Ratio Bucket,Bright Pixel Ratio Bucket Index,Mean Luminance,Luminance Variance,Log Luminance Variance,Bright Pixel Ratio,Epsilon
1,Baseline,90,Balanced,0,Low,0,Low,0,Low,0,Low,0,0.280885,1.17754,0.778194,0.0657642,0.1
2,Baseline,90,Balanced,0,Low,0,Low,0,Low,0,Low,0,0.280476,0.881616,0.632131,0.0836809,0.1
3,Baseline,90,Balanced,0,Low,0,Low,0,Low,0,Low,0,0.280465,0.788078,0.581142,0.087461,0.1
4,Baseline,90,Balanced,0,Low,0,Low,0,Low,0,Low,0,0.280302,0.739255,0.553457,0.0755306,0.1
5,Baseline,0,Balanced,0,Low,0,Low,0,Low,0,Low,0,0.280524,0.710678,0.53689,0.0586437,0.1
6,Baseline,0,Balanced,0,Low,0,Low,0,Low,0,Low,0,0.280548,0.69216,0.526006,0.0512872,0.1
7,Baseline,0,Balanced,0,Low,0,Low,0,Low,0,Low,0,0.280617,0.678382,0.51783,0.0471467,0.1
8,Baseline,0,Balanced,0,Low,0,Low,0,Low,0,Low,0,0.280613,0.668062,0.511663,0.0448736,0.1
9,Baseline,0,Balanced,0,Low,0,Low,0,Low,0,Low,0,0.28058,0.660057,0.506852,0.0424583,0.1
10,Baseline,0,Balanced,0,Low,0,Low,0,Low,0,Low,0,0.280591,0.653619,0.502966,0.0399462,0.1
11,Baseline,0,Balanced,0,Low,0,Low,0,Low,0,Low,0,0.280488,0.648376,0.499791,0.0383455,0.1
12,Baseline,0,Balanced,0,Low,0,Low,0,Low,0,Low,0,0.280518,0.643985,0.497123,0.0370153,0.1
13,Baseline,0,Balanced,0,Low,0,Low,0,Low,0,Low,0,0.280508,0.640389,0.494934,0.0360586,0.1
14,Baseline,0,Balanced,0,Low,0,Low,0,Low,0,Low,0,0.280492,0.637449,0.493139,0.0351787,0.1
15,Baseline,0,Balanced,0,Low,0,Low,0,Low,0,Low,0,0.280442,0.634712,0.491466,0.0343541,0.1
16,Baseline,0,Balanced,0,Low,0,Low,0,Low,0,Low,0,0.280389,0.632076,0.489853,0.0338039,0.1
17,Baseline,0,Balanced,0,Low,0,Low,0,Low,0,Low,0,0.280431,0.63012,0.488654,0.0333321,0.1
18,Baseline,0,Balanced,0,Low,0,Low,0,Low,0,Low,0,0.280358,0.628158,0.487449,0.0329155,0.1
19,Baseline,0,Balanced,0,Low,0,Low,0,Low,0,Low,0,0.280389,0.626531,0.48645,0.0324837,0.1
20,Baseline,0,Balanced,0,Low,0,Low,0,Low,0,Low,0,0.280406,0.6251,0.48557,0.0321302,0.1
21,Baseline,0,Balanced,0,Low,0,Low,0,Low,0,Low,0,0.280395,0.623724,0.484722,0.031842,0.1
22,Baseline,0,Balanced,0,Low,0,Low,0,Low,0,Low,0,0.280371,0.622361,0.483882,0.0315899,0.1
23,Baseline,0,Balanced,0,Low,0,Low,0,Low,0,Low,0,0.280362,0.62138,0.483278,0.0313671,0.1
24,Baseline,0,Balanced,0,Low,0,Low,0,Low,0,Low,0,0.280402,0.620455,0.482707,0.0311734,0.1
25,Baseline,0,Balanced,0,Low,0,Low,0,Low,0,Low,0,0.280382,0.619421,0.482069,0.030926,0.1
26,Baseline,0,Balanced,0,Low,0,Low,0,Low,0,Low,0,0.280407,0.618597,0.48156,0.0307769,0.1
27,Baseline,0,Balanced,0,Low,0,Low,0,Low,0,Low,0,0.280413,0.617806,0.481071,0.0306286,0.1
28,Baseline,0,Balanced,0,Low,0,Low,0,Low,0,Low,0,0.2804,0.616994,0.480569,0.0305195,0.1
29,Baseline,0,Balanced,0,Low,0,Low,0,Low,0,Low,0,0.280411,0.616292,0.480135,0.0304142,0.1
30,Baseline,0,Balanced,0,Low,0,Low,0,Low,0,Low,0,0.280406,0.615595,0.479703,0.0302405,0.1
31,Baseline,0,Balanced,0,Low,0,Low,0,Low,0,Low,0,0.280356,0.614843,0.479238,0.0301214,0.1
32,Baseline,0,Balanced,0,Low,0,Low,0,Low,0,Low,0,0.280362,0.614222,0.478853,0.0300092,0.1
33,Baseline,0,Balanced,0,Low,0,Low,0,Low,0,Low,0,0.280365,0.613643,0.478494,0.0298986,0.1
34,Baseline,0,Balanced,0,Low,0,Low,0,Low,0,Low,0,0.28032,0.613137,0.478181,0.0298056,0.1
35,Baseline,0,Balanced,0,Low,0,Low,0,Low,0,Low,0,0.28032,0.61263,0.477867,0.0297234,0.1
36,Baseline,0,Balanced,0,Low,0,Low,0,Low,0,Low,0,0.280331,0.612158,0.477573,0.0296534,0.1
37,Baseline,0,Balanced,0,Low,0,Low,0,Low,0,Low,0,0.280315,0.611786,0.477343,0.0295889,0.1
38,Baseline,0,Balanced,0,Low,0,Low,0,Low,0,Low,0,0.280338,0.611481,0.477153,0.0295005,0.1
39,Baseline,0,Balanced,0,Low,0,Low,0,Low,0,Low,0,0.280326,0.611075,0.476901,0.0294067,0.1
40,Baseline,0,Balanced,0,Low,0,Low,0,Low,0,Low,0,0.28032,0.610672,0.476652,0.0293676,0.1
41,Baseline,0,Balanced,0,Low,0,Low,0,Low,0,Low,0,0.280311,0.610325,0.476436,0.0293191,0.1
42,Baseline,0,Balanced,0,Low,0,Low,0,Low,0,Low,0,0.280341,0.610076,0.476282,0.0292715,0.1
43,Baseline,0,Balanced,0,Low,0,Low,0,Low,0,Low,0,0.280355,0.609768,0.47609,0.0292177,0.1
44,Baseline,0,Balanced,0,Low,0,Low,0,Low,0,Low,0,0.28035,0.609437,0.475885,0.0291785,0.1
45,Baseline,0,Balanced,0,Low,0,Low,0,Low,0,Low,0,0.280355,0.609154,0.475709,0.029114,0.1
46,Baseline,0,Balanced,0,Low,0,Low,0,Low,0,Low,0,0.280364,0.608974,0.475596,0.0290948,0.1
47,Baseline,0,Balanced,0,Low,0,Low,0,Low,0,Low,0,0.280383,0.608811,0.475496,0.0290802,0.1
48,Baseline,0,Balanced,0,Low,0,Low,0,Low,0,Low,0,0.280355,0.608531,0.475322,0.0290379,0.1
49,Baseline,0,Balanced,0,Low,0,Low,0,Low,0,Low,0,0.280348,0.608246,0.475144,0.0289726,0.1
50,Baseline,0,Balanced,0,Low,0,Low,0,Low,0,Low,0,0.28035,0.608017,0.475002,0.028938,0.1
51,Baseline,0,Balanced,0,Low,0,Low,0,Low,0,Low,0,0.280335,0.607726,0.474821,0.0289188,0.1
52,Baseline,0,Balanced,0,Low,0,Low,0,Low,0,Low,0,0.280333,0.607498,0.474679,0.028908,0.1
53,Baseline,0,Balanced,0,Low,0,Low,0,Low,0,Low,0,0.280318,0.607242,0.47452,0.0288535,0.1
54,Baseline,0,Balanced,0,Low,0,Low,0,Low,0,Low,0,0.280325,0.607031,0.474388,0.0288173,0.1
55,Baseline,0,Balanced,0,Low,0,Low,0,Low,0,Low,0,0.280333,0.606821,0.474258,0.0288143,0.1
56,Baseline,0,Balanced,0,Low,0,Low,0,Low,0,Low,0,0.280343,0.60666,0.474157,0.0287966,0.1
57,Baseline,0,Balanced,0,Low,0,Low,0,Low,0,Low,0,0.280357,0.606454,0.47403,0.0287712,0.1
58,Baseline,0,Balanced,0,Low,0,Low,0,Low,0,Low,0,0.280354,0.606305,0.473937,0.0287405,0.1
59,Baseline,0,Balanced,0,Low,0,Low,0,Low,0,Low,0,0.280335,0.606102,0.47381,0.028729,0.1
60,Baseline,0,Balanced,0,Low,0,Low,0,Low,0,Low,0,0.28033,0.605911,0.473691,0.0286767,0.1
61,Baseline,0,Balanced,0,Low,0,Low,0,Low,0,Low,0,0.28032,0.605777,0.473608,0.0286567,0.1
62,Baseline,0,Balanced,0,Low,0,Low,0,Low,0,Low,0,0.280297,0.605591,0.473492,0.0286337,0.1
63,Baseline,0,Balanced,0,Low,0,Low,0,Low,0,Low,0,0.280287,0.605466,0.473414,0.0286229,0.1
64,Baseline,0,Balanced,0,Low,0,Low,0,Low,0,Low,0,0.280284,0.605319,0.473323,0.0286091,0.1
65,Baseline,0,Balanced,0,Low,0,Low,0,Low,0,Low,0,0.280273,0.605175,0.473233,0.0285584,0.1
66,Baseline,0,Balanced,0,Low,0,Low,0,Low,0,Low,0,0.280256,0.605039,0.473148,0.0285307,0.1
67,Baseline,0,Balanced,0,Low,0,Low,0,Low,0,Low,0,0.280269,0.604901,0.473062,0.0285353,0.1
68,Baseline,0,Balanced,0,Low,0,Low,0,Low,0,Low,0,0.280271,0.604758,0.472973,0.0285307,0.1
69,Baseline,0,Balanced,0,Low,0,Low,0,Low,0,Low,0,0.280273,0.604639,0.472899,0.0284838,0.1
70,Baseline,0,Balanced,0,Low,0,Low,0,Low,0,Low,0,0.280282,0.604537,0.472835,0.0284708,0.1
71,Baseline,0,Balanced,0,Low,0,Low,0,Low,0,Low,0,0.280284,0.604433,0.47277,0.0284623,0.1
72,Baseline,0,Balanced,0,Low,0,Low,0,Low,0,Low,0,0.280287,0.604302,0.472689,0.0284492,0.1
73,Baseline,0,Balanced,0,Low,0,Low,0,Low,0,Low,0,0.280275,0.604171,0.472607,0.02843,0.1
74,Baseline,0,Balanced,0,Low,0,Low,0,Low,0,Low,0,0.280291,0.604048,0.47253,0.0284431,0.1
75,Baseline,0,Balanced,0,Low,0,Low,0,Low,0,Low,0,0.280297,0.603949,0.472469,0.0283916,0.1
76,Baseline,0,Balanced,0,Low,0,Low,0,Low,0,Low,0,0.280296,0.603827,0.472393,0.0283801,0.1
77,Baseline,0,Balanced,0,Low,0,Low,0,Low,0,Low,0,0.280304,0.603721,0.472327,0.0283693,0.1
78,Baseline,0,Balanced,0,Low,0,Low,0,Low,0,Low,0,0.2803,0.60364,0.472276,0.0283693,0.1
79,Baseline,0,Balanced,0,Low,0,Low,0,Low,0,Low,0,0.280296,0.603575,0.472236,0.0283555,0.1
80,Baseline,0,Balanced,0,Low,0,Low,0,Low,0,Low,0,0.280301,0.603484,0.472178,0.0283601,0.1
81,Baseline,0,Balanced,0,Low,0,Low,0,Low,0,Low,0,0.280302,0.603378,0.472112,0.0283547,0.1
82,Baseline,0,Balanced,0,Low,0,Low,0,Low,0,Low,0,0.280312,0.60333,0.472083,0.0283294,0.1
83,Baseline,0,Balanced,0,Low,0,Low,0,Low,0,Low,0,0.28032,0.603261,0.47204,0.0283109,0.1
84,Baseline,0,Balanced,0,Low,0,Low,0,Low,0,Low,0,0.280325,0.603183,0.471991,0.0282863,0.1
85,Baseline,0,Balanced,0,Low,0,Low,0,Low,0,Low,0,0.280319,0.603106,0.471943,0.0282687,0.1
86,Baseline,0,Balanced,0,Low,0,Low,0,Low,0,Low,0,0.280334,0.603025,0.471892,0.0282863,0.1
87,Baseline,0,Balanced,0,Low,0,Low,0,Low,0,Low,0,0.280333,0.602939,0.471839,0.0282579,0.1
88,Baseline,0,Balanced,0,Low,0,Low,0,Low,0,Low,0,0.280326,0.602877,0.4718,0.0282187,0.1
89,Baseline,0,Balanced,0,Low,0,Low,0,Low,0,Low,0,0.280336,0.602824,0.471767,0.0282225,0.1
90,Baseline,0,Balanced,0,Low,0,Low,0,Low,0,Low,0,0.280337,0.602738,0.471714,0.0282141,0.1
91,Baseline,0,Balanced,0,Low,0,Low,0,Low,0,Low,0,0.280342,0.602685,0.47168,0.0282018,0.1
92,Baseline,0,Balanced,0,Low,0,Low,0,Low,0,Low,0,0.280343,0.602595,0.471624,0.0281818,0.1
93,Baseline,0,Balanced,0,Low,0,Low,0,Low,0,Low,0,0.280343,0.602516,0.471575,0.0281557,0.1
94,Baseline,0,Balanced,0,Low,0,Low,0,Low,0,Low,0,0.280335,0.602434,0.471524,0.0281649,0.1
95,Baseline,0,Balanced,0,Low,0,Low,0,Low,0,Low,0,0.280323,0.602369,0.471483,0.0281365,0.1
96,Baseline,0,Balanced,0,Low,0,Low,0,Low,0,Low,0,0.280321,0.602297,0.471438,0.0281226,0.1
97,Baseline,0,Balanced,0,Low,0,Low,0,Low,0,Low,0,0.280314,0.602243,0.471404,0.0281019,0.1
98,Baseline,0,Balanced,0,Low,0,Low,0,Low,0,Low,0,0.280312,0.602189,0.471371,0.0280719,0.1
99,Baseline,0,Balanced,0,Low,0,Low,0,Low,0,Low,0,0.280303,0.602113,0.471323,0.0280665,0.1
100,Baseline,0,Balanced,0,Low,0,Low,0,Low,0,Low,0,0.280303,0.602038,0.471277,0.0280696,0.1
101,Baseline,0,Balanced,0,Low,0,Low,0,Low,0,Low,0,0.280306,0.601988,0.471245,0.0280727,0.1
102,Baseline,0,Balanced,0,Low,0,Low,0,Low,0,Low,0,0.280304,0.601933,0.471211,0.0280804,0.1
103,Baseline,0,Balanced,0,Low,0,Low,0,Low,0,Low,0,0.280305,0.601892,0.471185,0.0280581,0.1
104,Baseline,0,Balanced,0,Low,0,Low,0,Low,0,Low,0,0.280305,0.601842,0.471154,0.0280519,0.1
105,Baseline,0,Balanced,0,Low,0,Low,0,Low,0,Low,0,0.280307,0.601781,0.471116,0.0280596,0.1
106,Baseline,0,Balanced,0,Low,0,Low,0,Low,0,Low,0,0.280307,0.601698,0.471064,0.0280381,0.1
107,Baseline,0,Balanced,0,Low,0,Low,0,Low,0,Low,0,0.280303,0.601636,0.471026,0.0279997,0.1
108,Baseline,0,Balanced,0,Low,0,Low,0,Low,0,Low,0,0.280308,0.601615,0.471012,0.0280189,0.1
109,Baseline,0,Balanced,0,Low,0,Low,0,Low,0,Low,0,0.280311,0.601551,0.470972,0.0280181,0.1
110,Baseline,0,Balanced,0,Low,0,Low,0,Low,0,Low,0,0.280299,0.601478,0.470927,0.0279843,0.1
111,Baseline,0,Balanced,0,Low,0,Low,0,Low,0,Low,0,0.280305,0.601418,0.47089,0.027969,0.1
112,Baseline,0,Balanced,0,Low,0,Low,0,Low,0,Low,0,0.280308,0.601394,0.470875,0.0279674,0.1
113,Baseline,0,Balanced,0,Low,0,Low,0,Low,0,Low,0,0.280307,0.601336,0.470838,0.027959,0.1
114,Baseline,0,Balanced,0,Low,0,Low,0,Low,0,Low,0,0.280299,0.601267,0.470795,0.0279851,0.1
115,Baseline,0,Balanced,0,Low,0,Low,0,Low,0,Low,0,0.280305,0.601223,0.470768,0.0279743,0.1
116,Baseline,0,Balanced,0,Low,0,Low,0,Low,0,Low,0,0.28031,0.60119,0.470747,0.0279643,0.1
117,Baseline,0,Balanced,0,Low,0,Low,0,Low,0,Low,0,0.280308,0.601134,0.470712,0.0279628,0.1
118,Baseline,0,Balanced,0,Low,0,Low,0,Low,0,Low,0,0.280311,0.601077,0.470677,0.0279582,0.1
119,Baseline,0,Balanced,0,Low,0,Low,0,Low,0,Low,0,0.280302,0.601003,0.47063,0.0279544,0.1
120,Baseline,0,Balanced,0,Low,0,Low,0,Low,0,Low,0,0.2803,0.600972,0.470611,0.0279559,0.1
121,Baseline,0,Balanced,0,Low,0,Low,0,Low,0,Low,0,0.280308,0.600936,0.470589,0.0279597,0.1
122,Baseline,0,Balanced,0,Low,0,Low,0,Low,0,Low,0,0.280305,0.60088,0.470553,0.0279444,0.1
123,Baseline,0,Balanced,0,Low,0,Low,0,Low,0,Low,0,0.280305,0.600842,0.470529,0.0279574,0.1
124,Baseline,0,Balanced,0,Low,0,Low,0,Low,0,Low,0,0.280303,0.600803,0.470505,0.0279305,0.1
125,Baseline,0,Balanced,0,Low,0,Low,0,Low,0,Low,0,0.280302,0.60078,0.470491,0.0279236,0.1
126,Baseline,0,Balanced,0,Low,0,Low,0,Low,0,Low,0,0.280299,0.600741,0.470467,0.0279321,0.1
127,Baseline,0,Balanced,0,Low,0,Low,0,Low,0,Low,0,0.280295,0.600693,0.470437,0.0279421,0.1
128,Baseline,0,Balanced,0,Low,0,Low,0,Low,0,Low,0,0.280299,0.600646,0.470408,0.0279367,0.1
129,Baseline,0,Balanced,0,Low,0,Low,0,Low,0,Low,0,0.280292,0.600618,0.47039,0.027929,0.1
130,Baseline,0,Balanced,0,Low,0,Low,0,Low,0,Low,0,0.280288,0.600575,0.470363,0.0279451,0.1
131,Baseline,0,Balanced,0,Low,0,Low,0,Low,0,Low,0,0.280286,0.600536,0.470339,0.0279282,0.1
132,Baseline,0,Balanced,0,Low,0,Low,0,Low,0,Low,0,0.28029,0.600493,0.470312,0.0279267,0.1
133,Baseline,0,Balanced,0,Low,0,Low,0,Low,0,Low,0,0.280291,0.600442,0.47028,0.0279167,0.1
134,Baseline,0,Balanced,0,Low,0,Low,0,Low,0,Low,0,0.280292,0.600408,0.470258,0.0279052,0.1
135,Baseline,0,Balanced,0,Low,0,Low,0,Low,0,Low,0,0.280302,0.600387,0.470246,0.0279075,0.1
136,Baseline,0,Balanced,0,Low,0,Low,0,Low,0,Low,0,0.280296,0.600361,0.470229,0.027919,0.1
137,Baseline,0,Balanced,0,Low,0,Low,0,Low,0,Low,0,0.280294,0.600335,0.470213,0.0279052,0.1
138,Baseline,0,Balanced,0,Low,0,Low,0,Low,0,Low,0,0.280296,0.6003,0.470191,0.0279159,0.1
139,Baseline,0,Balanced,0,Low,0,Low,0,Low,0,Low,0,0.280295,0.600266,0.47017,0.0279021,0.1
140,Baseline,0,Balanced,0,Low,0,Low,0,Low,0,Low,0,0.280296,0.600247,0.470158,0.0278767,0.1
141,Baseline,0,Balanced,0,Low,0,Low,0,Low,0,Low,0,0.280292,0.600219,0.470141,0.0278767,0.1
142,Baseline,0,Balanced,0,Low,0,Low,0,Low,0,Low,0,0.280291,0.600185,0.470119,0.0278837,0.1
143,Baseline,0,Balanced,0,Low,0,Low,0,Low,0,Low,0,0.28029,0.600149,0.470097,0.0278898,0.1
144,Baseline,0,Balanced,0,Low,0,Low,0,Low,0,Low,0,0.280291,0.600124,0.470081,0.0278967,0.1
145,Baseline,0,Balanced,0,Low,0,Low,0,Low,0,Low,0,0.2803,0.600085,0.470057,0.027876,0.1
146,Baseline,0,Balanced,0,Low,0,Low,0,Low,0,Low,0,0.280303,0.600051,0.470035,0.0278621,0.1
147,Baseline,0,Balanced,0,Low,0,Low,0,Low,0,Low,0,0.280303,0.600031,0.470023,0.0278652,0.1
148,Baseline,0,Balanced,0,Low,0,Low,0,Low,0,Low,0,0.280297,0.600008,0.470008,0.0278714,0.1
149,Baseline,0,Balanced,0,Low,0,Low,0,Low,0,Low,0,0.280299,0.599984,0.469994,0.0278537,0.1
150,Baseline,0,Balanced,0,Low,0,Low,0,Low,0,Low,0,0.280297,0.599952,0.469973,0.0278637,0.1
151,Baseline,0,Balanced,0,Low,0,Low,0,Low,0,Low,0,0.280294,0.599924,0.469956,0.0278675,0.1
152,Baseline,0,Balanced,0,Low,0,Low,0,Low,0,Low,0,0.280296,0.59989,0.469935,0.0278399,0.1
153,Baseline,0,Balanced,0,Low,0,Low,0,Low,0,Low,0,0.280304,0.599864,0.469919,0.0278291,0.1
154,Baseline,0,Balanced,0,Low,0,Low,0,Low,0,Low,0,0.280303,0.599837,0.469902,0.0278306,0.1
155,Baseline,0,Balanced,0,Low,0,Low,0,Low,0,Low,0,0.280305,0.599813,0.469887,0.0278137,0.1
156,Baseline,0,Balanced,0,Low,0,Low,0,Low,0,Low,0,0.280306,0.599788,0.469871,0.0278045,0.1
157,Baseline,0,Balanced,0,Low,0,Low,0,Low,0,Low,0,0.280315,0.599764,0.469856,0.0277984,0.1
158,Baseline,0,Balanced,0,Low,0,Low,0,Low,0,Low,0,0.280312,0.599745,0.469844,0.0278053,0.1
159,Baseline,0,Balanced,0,Low,0,Low,0,Low,0,Low,0,0.280311,0.599724,0.469831,0.0278037,0.1
160,Baseline,0,Balanced,0,Low,0,Low,0,Low,0,Low,0,0.280306,0.599678,0.469803,0.027813,0.1
161,Baseline,0,Balanced,0,Low,0,Low,0,Low,0,Low,0,0.280309,0.599657,0.469789,0.0277999,0.1
162,Baseline,0,Balanced,0,Low,0,Low,0,Low,0,Low,0,0.280299,0.59962,0.469766,0.0277953,0.1
163,Baseline,0,Balanced,0,Low,0,Low,0,Low,0,Low,0,0.280298,0.599589,0.469747,0.027806,0.1
164,Baseline,0,Balanced,0,Low,0,Low,0,Low,0,Low,0,0.280294,0.599566,0.469732,0.0278122,0.1
165,Baseline,0,Balanced,0,Low,0,Low,0,Low,0,Low,0,0.280289,0.599539,0.469715,0.0278053,0.1
166,Baseline,0,Balanced,0,Low,0,Low,0,Low,0,Low,0,0.280287,0.599531,0.46971,0.0278145,0.1
167,Baseline,0,Balanced,0,Low,0,Low,0,Low,0,Low,0,0.280291,0.599509,0.469697,0.0278114,0.1
168,Baseline,0,Balanced,0,Low,0,Low,0,Low,0,Low,0,0.280288,0.599498,0.46969,0.0277945,0.1
169,Baseline,0,Balanced,0,Low,0,Low,0,Low,0,Low,0,0.28029,0.599465,0.469669,0.0277899,0.1
170,Baseline,0,Balanced,0,Low,0,Low,0,Low,0,Low,0,0.280287,0.599443,0.469655,0.0277984,0.1
171,Baseline,0,Balanced,0,Low,0,Low,0,Low,0,Low,0,0.280288,0.599417,0.469639,0.0278037,0.1
172,Baseline,0,Balanced,0,Low,0,Low,0,Low,0,Low,0,0.280287,0.599395,0.469625,0.0277984,0.1
173,Baseline,0,Balanced,0,Low,0,Low,0,Low,0,Low,0,0.280281,0.599379,0.469615,0.0277707,0.1
174,Baseline,0,Balanced,0,Low,0,Low,0,Low,0,Low,0,0.280286,0.599348,0.469596,0.0277576,0.1
175,Baseline,0,Balanced,0,Low,0,Low,0,Low,0,Low,0,0.280287,0.599325,0.469581,0.0277561,0.1
176,Baseline,0,Balanced,0,Low,0,Low,0,Low,0,Low,0,0.280288,0.599298,0.469565,0.0277538,0.1
177,Baseline,0,Balanced,0,Low,0,Low,0,Low,0,Low,0,0.280286,0.59927,0.469547,0.0277515,0.1
178,Baseline,0,Balanced,0,Low,0,Low,0,Low,0,Low,0,0.28029,0.599257,0.469539,0.0277676,0.1
179,Baseline,0,Balanced,0,Low,0,Low,0,Low,0,Low,0,0.280287,0.599233,0.469524,0.0277546,0.1
180,Baseline,0,Balanced,0,Low,0,Low,0,Low,0,Low,0,0.28029,0.59923,0.469522,0.0277692,0.1
181,Baseline,0,Balanced,0,Low,0,Low,0,Low,0,Low,0,0.280296,0.599207,0.469508,0.0277484,0.1
182,Baseline,0,Balanced,0,Low,0,Low,0,Low,0,Low,0,0.280295,0.599193,0.469499,0.0277415,0.1
183,Baseline,0,Balanced,0,Low,0,Low,0,Low,0,Low,0,0.280298,0.599167,0.469483,0.027743,0.1
184,Baseline,0,Balanced,0,Low,0,Low,0,Low,0,Low,0,0.280305,0.599162,0.46948,0.0277476,0.1
185,Baseline,0,Balanced,0,Low,0,Low,0,Low,0,Low,0,0.280303,0.599155,0.469475,0.027753,0.1
186,Baseline,0,Balanced,0,Low,0,Low,0,Low,0,Low,0,0.280303,0.599134,0.469462,0.0277476,0.1
187,Baseline,0,Balanced,0,Low,0,Low,0,Low,0,Low,0,0.280304,0.59911,0.469447,0.0277469,0.1
188,Baseline,0,Balanced,0,Low,0,Low,0,Low,0,Low,0,0.280301,0.599074,0.469425,0.0277307,0.1
189,Baseline,0,Balanced,0,Low,0,Low,0,Low,0,Low,0,0.280303,0.599059,0.469415,0.0277261,0.1
190,Baseline,0,Balanced,0,Low,0,Low,0,Low,0,Low,0,0.280308,0.599042,0.469405,0.027733,0.1
191,Baseline,0,Balanced,0,Low,0,Low,0,Low,0,Low,0,0.280307,0.599029,0.469396,0.0277361,0.1
192,Baseline,0,Balanced,0,Low,0,Low,0,Low,0,Low,0,0.280303,0.599001,0.469379,0.027723,0.1
193,Baseline,0,Balanced,0,Low,0,Low,0,Low,0,Low,0,0.280303,0.598977,0.469364,0.02772,0.1
194,Baseline,0,Balanced,0,Low,0,Low,0,Low,0,Low,0,0.28031,0.598977,0.469364,0.0277184,0.1
195,Baseline,0,Balanced,0,Low,0,Low,0,Low,0,Low,0,0.280311,0.59897,0.46936,0.0277184,0.1
196,Baseline,0,Balanced,0,Low,0,Low,0,Low,0,Low,0,0.280313,0.598956,0.469351,0.0277131,0.1
197,Baseline,0,Balanced,0,Low,0,Low,0,Low,0,Low,0,0.280322,0.598951,0.469348,0.0277084,0.1
198,Baseline,0,Balanced,0,Low,0,Low,0,Low,0,Low,0,0.280326,0.598949,0.469346,0.0276831,0.1
199,Baseline,0,Balanced,0,Low,0,Low,0,Low,0,Low,0,0.280326,0.598915,0.469326,0.0276808,0.1
200,Baseline,0,Balanced,0,Low,0,Low,0,Low,0,Low,0,0.280329,0.598904,0.469318,0.0276816,0.1
201,Baseline,0,Balanced,0,Low,0,Low,0,Low,0,Low,0,0.280324,0.598883,0.469306,0.0276708,0.1
202,Baseline,0,Balanced,0,Low,0,Low,0,Low,0,Low,0,0.280326,0.598866,0.469295,0.0276685,0.1
203,Baseline,0,Balanced,0,Low,0,Low,0,Low,0,Low,0,0.280326,0.598844,0.469281,0.0276731,0.1
204,Baseline,0,Balanced,0,Low,0,Low,0,Low,0,Low,0,0.28033,0.598834,0.469274,0.0276854,0.1
205,Baseline,0,Balanced,0,Low,0,Low,0,Low,0,Low,0,0.280329,0.598817,0.469264,0.0276862,0.1
206,Baseline,0,Balanced,0,Low,0,Low,0,Low,0,Low,0,0.28033,0.598808,0.469259,0.0276739,0.1
207,Baseline,0,Balanced,0,Low,0,Low,0,Low,0,Low,0,0.280331,0.598779,0.46924,0.0276739,0.1
208,Baseline,0,Balanced,0,Low,0,Low,0,Low,0,Low,0,0.280323,0.598751,0.469223,0.02767,0.1
209,Baseline,0,Balanced,0,Low,0,Low,0,Low,0,Low,0,0.280325,0.59874,0.469216,0.0276593,0.1
210,Baseline,0,Balanced,0,Low,0,Low,0,Low,0,Low,0,0.28033,0.598715,0.4692,0.02767,0.1
211,Baseline,0,Balanced,0,Low,0,Low,0,Low,0,Low,0,0.280332,0.598703,0.469193,0.0276523,0.1
212,Baseline,0,Balanced,0,Low,0,Low,0,Low,0,Low,0,0.280331,0.598688,0.469183,0.02767,0.1
213,Baseline,0,Balanced,0,Low,0,Low,0,Low,0,Low,0,0.280332,0.598681,0.469179,0.0276716,0.1
214,Baseline,0,Balanced,0,Low,0,Low,0,Low,0,Low,0,0.280329,0.598659,0.469165,0.0276762,0.1
215,Baseline,0,Balanced,0,Low,0,Low,0,Low,0,Low,0,0.280329,0.598649,0.469159,0.0276669,0.1
216,Baseline,0,Balanced,0,Low,0,Low,0,Low,0,Low,0,0.280325,0.598636,0.469151,0.0276554,0.1
217,Baseline,0,Balanced,0,Low,0,Low,0,Low,0,Low,0,0.280326,0.598612,0.469136,0.0276431,0.1
218,Baseline,0,Balanced,0,Low,0,Low,0,Low,0,Low,0,0.280327,0.5986,0.469128,0.027647,0.1
219,Baseline,0,Balanced,0,Low,0,Low,0,Low,0,Low,0,0.280323,0.598585,0.469119,0.0276577,0.1
220,Baseline,0,Balanced,0,Low,0,Low,0,Low,0,Low,0,0.280322,0.598569,0.469109,0.0276623,0.1
221,Baseline,0,Balanced,0,Low,0,Low,0,Low,0,Low,0,0.280319,0.598568,0.469108,0.02766,0.1
222,Baseline,0,Balanced,0,Low,0,Low,0,Low,0,Low,0,0.280323,0.598568,0.469108,0.0276639,0.1
223,Baseline,0,Balanced,0,Low,0,Low,0,Low,0,Low,0,0.280319,0.598564,0.469106,0.0276639,0.1
224,Baseline,0,Balanced,0,Low,0,Low,0,Low,0,Low,0,0.280318,0.59855,0.469097,0.0276769,0.1
225,Baseline,0,Balanced,0,Low,0,Low,0,Low,0,Low,0,0.280314,0.59854,0.469091,0.02767,0.1
226,Baseline,0,Balanced,0,Low,0,Low,0,Low,0,Low,0,0.280319,0.598525,0.469082,0.0276523,0.1
227,Baseline,0,Balanced,0,Low,0,Low,0,Low,0,Low,0,0.280319,0.598522,0.46908,0.0276485,0.1
228,Baseline,0,Balanced,0,Low,0,Low,0,Low,0,Low,0,0.280319,0.598511,0.469073,0.0276316,0.1
229,Baseline,0,Balanced,0,Low,0,Low,0,Low,0,Low,0,0.280321,0.598494,0.469062,0.0276201,0.1
230,Baseline,0,Balanced,0,Low,0,Low,0,Low,0,Low,0,0.28032,0.598482,0.469055,0.0276316,0.1
231,Baseline,0,Balanced,0,Low,0,Low,0,Low,0,Low,0,0.280322,0.598475,0.46905,0.0276262,0.1
232,Baseline,0,Balanced,0,Low,0,Low,0,Low,0,Low,0,0.28032,0.598461,0.469041,0.0276308,0.1
233,Baseline,0,Balanced,0,Low,0,Low,0,Low,0,Low,0,0.280317,0.598448,0.469033,0.0276278,0.1
234,Baseline,0,Balanced,0,Low,0,Low,0,Low,0,Low,0,0.280318,0.598441,0.469029,0.0276139,0.1
235,Baseline,0,Balanced,0,Low,0,Low,0,Low,0,Low,0,0.280317,0.598413,0.469011,0.0276201,0.1
236,Baseline,0,Balanced,0,Low,0,Low,0,Low,0,Low,0,0.280316,0.598395,0.469,0.0276239,0.1
237,Baseline,0,Balanced,0,Low,0,Low,0,Low,0,Low,0,0.280314,0.598371,0.468985,0.0276255,0.1
238,Baseline,0,Balanced,0,Low,0,Low,0,Low,0,Low,0,0.280311,0.598352,0.468973,0.0276324,0.1
239,Baseline,0,Balanced,0,Low,0,Low,0,Low,0,Low,0,0.28031,0.59834,0.468966,0.0276293,0.1
240,Baseline,0,Balanced,0,Low,0,Low,0,Low,0,Low,0,0.280304,0.598325,0.468956,0.0276262,0.1
241,Baseline,0,Balanced,0,Low,0,Low,0,Low,0,Low,0,0.280308,0.598323,0.468955,0.0276201,0.1
242,Baseline,0,Balanced,0,Low,0,Low,0,Low,0,Low,0,0.280305,0.598306,0.468944,0.0276147,0.1
243,Baseline,0,Balanced,0,Low,0,Low,0,Low,0,Low,0,0.280303,0.598294,0.468937,0.0276201,0.1
244,Baseline,0,Balanced,0,Low,0,Low,0,Low,0,Low,0,0.280304,0.59829,0.468934,0.0276155,0.1
245,Baseline,0,Balanced,0,Low,0,Low,0,Low,0,Low,0,0.280307,0.598295,0.468937,0.0276101,0.1
246,Baseline,0,Balanced,0,Low,0,Low,0,Low,0,Low,0,0.280304,0.598273,0.468923,0.0276162,0.1
247,Baseline,0,Balanced,0,Low,0,Low,0,Low,0,Low,0,0.280308,0.598264,0.468918,0.0276055,0.1
248,Baseline,0,Balanced,0,Low,0,Low,0,Low,0,Low,0,0.28031,0.598253,0.468911,0.0275909,0.1
249,Baseline,0,Balanced,0,Low,0,Low,0,Low,0,Low,0,0.280313,0.598243,0.468905,0.0276093,0.1
250,Baseline,0,Balanced,0,Low,0,Low,0,Low,0,Low,0,0.280313,0.598238,0.468902,0.0276124,0.1
251,Baseline,0,Balanced,0,Low,0,Low,0,Low,0,Low,0,0.280314,0.59822,0.468891,0.0276047,0.1
252,Baseline,0,Balanced,0,Low,0,Low,0,Low,0,Low,0,0.280313,0.598209,0.468884,0.027597,0.1
253,Baseline,0,Balanced,0,Low,0,Low,0,Low,0,Low,0,0.280311,0.598207,0.468882,0.0276024,0.1
254,Baseline,0,Balanced,0,Low,0,Low,0,Low,0,Low,0,0.280316,0.598197,0.468876,0.027607,0.1
255,Baseline,0,Balanced,0,Low,0,Low,0,Low,0,Low,0,0.280318,0.598187,0.46887,0.0276155,0.1
256,Baseline,0,Balanced,0,Low,0,Low,0,Low,0,Low,0,0.28031,0.598168,0.468858,0.0276101,0.1
257,Baseline,0,Balanced,0,Low,0,Low,0,Low,0,Low,0,0.280314,0.598158,0.468852,0.0276085,0.1
258,Baseline,0,Balanced,0,Low,0,Low,0,Low,0,Low,0,0.280313,0.598155,0.46885,0.0275878,0.1
259,Baseline,0,Balanced,0,Low,0,Low,0,Low,0,Low,0,0.280316,0.598147,0.468845,0.027584,0.1
260,Baseline,0,Balanced,0,Low,0,Low,0,Low,0,Low,0,0.280315,0.598151,0.468847,0.0275786,0.1
261,Baseline,0,Balanced,0,Low,0,Low,0,Low,0,Low,0,0.280312,0.598148,0.468845,0.0275801,0.1
262,Baseline,0,Balanced,0,Low,0,Low,0,Low,0,Low,0,0.280316,0.598142,0.468842,0.0275832,0.1
263,Baseline,0,Balanced,0,Low,0,Low,0,Low,0,Low,0,0.280317,0.598131,0.468835,0.0275801,0.1
264,Baseline,0,Balanced,0,Low,0,Low,0,Low,0,Low,0,0.280317,0.598118,0.468827,0.0275701,0.1
265,Baseline,0,Balanced,0,Low,0,Low,0,Low,0,Low,0,0.280318,0.598113,0.468824,0.0275709,0.1
266,Baseline,0,Balanced,0,Low,0,Low,0,Low,0,Low,0,0.28032,0.598112,0.468823,0.0275901,0.1
267,Baseline,0,Balanced,0,Low,0,Low,0,Low,0,Low,0,0.280322,0.598112,0.468823,0.0275901,0.1
268,Baseline,0,Balanced,0,Low,0,Low,0,Low,0,Low,0,0.280323,0.598091,0.46881,0.027587,0.1
269,Baseline,0,Balanced,0,Low,0,Low,0,Low,0,Low,0,0.280323,0.598087,0.468807,0.0275786,0.1
270,Baseline,0,Balanced,0,Low,0,Low,0,Low,0,Low,0,0.280325,0.598079,0.468803,0.0275816,0.1
271,Baseline,0,Balanced,0,Low,0,Low,0,Low,0,Low,0,0.280328,0.598074,0.468799,0.0275909,0.1
272,Baseline,0,Balanced,0,Low,0,Low,0,Low,0,Low,0,0.28033,0.598059,0.46879,0.027577,0.1
273,Baseline,0,Balanced,0,Low,0,Low,0,Low,0,Low,0,0.280326,0.598042,0.468779,0.0275763,0.1
274,Baseline,0,Balanced,0,Low,0,Low,0,Low,0,Low,0,0.280325,0.59804,0.468778,0.0275786,0.1
275,Baseline,0,Balanced,0,Low,0,Low,0,Low,0,Low,0,0.280323,0.59803,0.468772,0.0275863,0.1
276,Baseline,0,Balanced,0,Low,0,Low,0,Low,0,Low,0,0.280323,0.598022,0.468767,0.0275824,0.1
277,Baseline,0,Balanced,0,Low,0,Low,0,Low,0,Low,0,0.280323,0.598012,0.468761,0.0275709,0.1
278,Baseline,0,Balanced,0,Low,0,Low,0,Low,0,Low,0,0.280323,0.598002,0.468754,0.0275732,0.1
279,Baseline,0,Balanced,0,Low,0,Low,0,Low,0,Low,0,0.280324,0.597995,0.46875,0.0275709,0.1
280,Baseline,0,Balanced,0,Low,0,Low,0,Low,0,Low,0,0.280324,0.597992,0.468748,0.0275824,0.1
281,Baseline,0,Balanced,0,Low,0,Low,0,Low,0,Low,0,0.280323,0.597979,0.46874,0.0275809,0.1
282,Baseline,0,Balanced,0,Low,0,Low,0,Low,0,Low,0,0.280326,0.597976,0.468738,0.0275809,0.1
283,Baseline,0,Balanced,0,Low,0,Low,0,Low,0,Low,0,0.280322,0.597974,0.468737,0.0275755,0.1
284,Baseline,0,Balanced,0,Low,0,Low,0,Low,0,Low,0,0.280323,0.59797,0.468734,0.0275763,0.1
285,Baseline,0,Balanced,0,Low,0,Low,0,Low,0,Low,0,0.280324,0.597957,0.468726,0.0275663,0.1
286,Baseline,0,Balanced,0,Low,0,Low,0,Low,0,Low,0,0.280323,0.597946,0.468719,0.0275647,0.1
287,Baseline,0,Balanced,0,Low,0,Low,0,Low,0,Low,0,0.280322,0.597936,0.468713,0.0275678,0.1
288,Baseline,0,Balanced,0,Low,0,Low,0,Low,0,Low,0,0.28032,0.597926,0.468706,0.027567,0.1
289,Baseline,0,Balanced,0,Low,0,Low,0,Low,0,Low,0,0.280318,0.597926,0.468706,0.0275601,0.1
290,Baseline,0,Balanced,0,Low,0,Low,0,Low,0,Low,0,0.280319,0.597915,0.4687,0.0275609,0.1
291,Baseline,0,Balanced,0,Low,0,Low,0,Low,0,Low,0,0.28032,0.597911,0.468697,0.0275655,0.1
292,Baseline,0,Balanced,0,Low,0,Low,0,Low,0,Low,0,0.280316,0.597907,0.468695,0.0275586,0.1
293,Baseline,0,Balanced,0,Low,0,Low,0,Low,0,Low,0,0.280318,0.597895,0.468687,0.0275686,0.1
294,Baseline,0,Balanced,0,Low,0,Low,0,Low,0,Low,0,0.280314,0.597879,0.468677,0.0275747,0.1
295,Baseline,0,Balanced,0,Low,0,Low,0,Low,0,Low,0,0.280316,0.597876,0.468675,0.0275694,0.1
296,Baseline,0,Balanced,0,Low,0,Low,0,Low,0,Low,0,0.280314,0.597866,0.468669,0.0275501,0.1
297,Baseline,0,Balanced,0,Low,0,Low,0,Low,0,Low,0,0.280312,0.597866,0.468669,0.0275532,0.1
298,Baseline,0,Balanced,0,Low,0,Low,0,Low,0,Low,0,0.280311,0.597856,0.468663,0.0275486,0.1
299,Baseline,0,Balanced,0,Low,0,Low,0,Low,0,Low,0,0.280311,0.597855,0.468662,0.0275609,0.1
300,Baseline,0,Balanced,0,Low,0,Low,0,Low,0,Low,0,0.280311,0.597853,0.468661,0.0275701,0.1
301,Baseline,0,Balanced,0,Low,0,Low,0,Low,0,Low,0,0.280309,0.597848,0.468658,0.0275632,0.1
302,Baseline,0,Balanced,0,Low,0,Low,0,Low,0,Low,0,0.28031,0.597837,0.468651,0.0275571,0.1
303,Baseline,0,Balanced,0,Low,0,Low,0,Low,0,Low,0,0.280308,0.597831,0.468647,0.0275509,0.1
304,Baseline,0,Balanced,0,Low,0,Low,0,Low,0,Low,0,0.28031,0.597823,0.468642,0.0275494,0.1
305,Baseline,0,Balanced,0,Low,0,Low,0,Low,0,Low,0,0.28031,0.597811,0.468635,0.027544,0.1
306,Baseline,0,Balanced,0,Low,0,Low,0,Low,0,Low,0,0.280312,0.597811,0.468635,0.0275448,0.1
307,Baseline,0,Balanced,0,Low,0,Low,0,Low,0,Low,0,0.280313,0.597796,0.468626,0.0275409,0.1
308,Baseline,0,Balanced,0,Low,0,Low,0,Low,0,Low,0,0.28031,0.597794,0.468624,0.0275378,0.1
309,Baseline,0,Balanced,0,Low,0,Low,0,Low,0,Low,0,0.280305,0.597783,0.468617,0.0275394,0.1
310,Baseline,0,Balanced,0,Low,0,Low,0,Low,0,Low,0,0.280306,0.597773,0.468611,0.0275409,0.1
311,Baseline,0,Balanced,0,Low,0,Low,0,Low,0,Low,0,0.280303,0.597761,0.468603,0.0275432,0.1
312,Baseline,0,Balanced,0,Low,0,Low,0,Low,0,Low,0,0.280305,0.597756,0.4686,0.027544,0.1
313,Baseline,0,Balanced,0,Low,0,Low,0,Low,0,Low,0,0.280303,0.597745,0.468593,0.0275494,0.1
314,Baseline,0,Balanced,0,Low,0,Low,0,Low,0,Low,0,0.2803,0.597735,0.468587,0.0275425,0.1
315,Baseline,0,Balanced,0,Low,0,Low,0,Low,0,Low,0,0.280302,0.597729,0.468583,0.027534,0.1
316,Baseline,0,Balanced,0,Low,0,Low,0,Low,0,Low,0,0.280305,0.597722,0.468579,0.0275232,0.1
317,Baseline,0,Balanced,0,Low,0,Low,0,Low,0,Low,0,0.280302,0.597714,0.468574,0.027514,0.1
318,Baseline,0,Balanced,0,Low,0,Low,0,Low,0,Low,0,0.280304,0.597704,0.468567,0.0275386,0.1
319,Baseline,0,Balanced,0,Low,0,Low,0,Low,0,Low,0,0.280301,0.597695,0.468562,0.0275363,0.1
320,Baseline,0,Balanced,0,Low,0,Low,0,Low,0,Low,0,0.280304,0.597684,0.468555,0.0275371,0.1
321,Baseline,0,Balanced,0,Low,0,Low,0,Low,0,Low,0,0.280305,0.59768,0.468553,0.0275279,0.1
322,Baseline,0,Balanced,0,Low,0,Low,0,Low,0,Low,0,0.280307,0.597675,0.46855,0.0275317,0.1
323,Baseline,0,Balanced,0,Low,0,Low,0,Low,0,Low,0,0.280304,0.59767,0.468546,0.0275263,0.1
324,Baseline,0,Balanced,0,Low,0,Low,0,Low,0,Low,0,0.280307,0.597674,0.468549,0.0275363,0.1
325,Baseline,0,Balanced,0,Low,0,Low,0,Low,0,Low,0,0.280308,0.597676,0.46855,0.0275332,0.1
326,Baseline,0,Balanced,0,Low,0,Low,0,Low,0,Low,0,0.280305,0.597668,0.468545,0.0275225,0.1
327,Baseline,0,Balanced,0,Low,0,Low,0,Low,0,Low,0,0.280307,0.597655,0.468537,0.0275171,0.1
328,Baseline,0,Balanced,0,Low,0,Low,0,Low,0,Low,0,0.280306,0.597646,0.468531,0.027511,0.1
329,Baseline,0,Balanced,0,Low,0,Low,0,Low,0,Low,0,0.280306,0.597633,0.468523,0.0275071,0.1
330,Baseline,0,Balanced,0,Low,0,Low,0,Low,0,Low,0,0.280305,0.597629,0.468521,0.0275163,0.1
331,Baseline,0,Balanced,0,Low,0,Low,0,Low,0,Low,0,0.280304,0.597617,0.468513,0.0275271,0.1
332,Baseline,0,Balanced,0,Low,0,Low,0,Low,0,Low,0,0.280308,0.597615,0.468512,0.0275209,0.1
333,Baseline,0,Balanced,0,Low,0,Low,0,Low,0,Low,0,0.280306,0.597611,0.46851,0.027524,0.1
334,Baseline,0,Balanced,0,Low,0,Low,0,Low,0,Low,0,0.280305,0.597606,0.468506,0.0275378,0.1
335,Baseline,0,Balanced,0,Low,0,Low,0,Low,0,Low,0,0.280306,0.597596,0.4685,0.0275309,0.1
336,Baseline,0,Balanced,0,Low,0,Low,0,Low,0,Low,0,0.280308,0.59759,0.468496,0.0275371,0.1
337,Baseline,0,Balanced,0,Low,0,Low,0,Low,0,Low,0,0.280306,0.597588,0.468495,0.0275294,0.1
338,Baseline,0,Balanced,0,Low,0,Low,0,Low,0,Low,0,0.280307,0.597585,0.468493,0.0275271,0.1
339,Baseline,0,Balanced,0,Low,0,Low,0,Low,0,Low,0,0.280307,0.59758,0.46849,0.0275156,0.1
340,Baseline,0,Balanced,0,Low,0,Low,0,Low,0,Low,0,0.280306,0.597571,0.468485,0.0275017,0.1
341,Baseline,0,Balanced,0,Low,0,Low,0,Low,0,Low,0,0.280308,0.597567,0.468482,0.0275056,0.1
342,Baseline,0,Balanced,0,Low,0,Low,0,Low,0,Low,0,0.280305,0.59756,0.468478,0.0275063,0.1
343,Baseline,0,Balanced,0,Low,0,Low,0,Low,0,Low,0,0.280306,0.597555,0.468474,0.0275025,0.1
344,Baseline,0,Balanced,0,Low,0,Low,0,Low,0,Low,0,0.280301,0.597539,0.468464,0.0274902,0.1
345,Baseline,0,Balanced,0,Low,0,Low,0,Low,0,Low,0,0.280302,0.597542,0.468466,0.027494,0.1
346,Baseline,0,Balanced,0,Low,0,Low,0,Low,0,Low,0,0.280301,0.597538,0.468464,0.0274971,0.1
347,Baseline,0,Balanced,0,Low,0,Low,0,Low,0,Low,0,0.280301,0.597534,0.468461,0.0275056,0.1
348,Baseline,0,Balanced,0,Low,0,Low,0,Low,0,Low,0,0.280303,0.597527,0.468457,0.0275117,0.1
349,Baseline,0,Balanced,0,Low,0,Low,0,Low,0,Low,0,0.280303,0.597522,0.468453,0.0275094,0.1
350,Baseline,0,Balanced,0,Low,0,Low,0,Low,0,Low,0,0.280305,0.597523,0.468454,0.0275056,0.1
351,Baseline,0,Balanced,0,Low,0,Low,0,Low,0,Low,0,0.280305,0.597516,0.46845,0.0274956,0.1
352,Baseline,0,Balanced,0,Low,0,Low,0,Low,0,Low,0,0.280307,0.597508,0.468445,0.0274902,0.1
353,Baseline,0,Balanced,0,Low,0,Low,0,Low,0,Low,0,0.280308,0.597505,0.468443,0.0274871,0.1
354,Baseline,0,Balanced,0,Low,0,Low,0,Low,0,Low,0,0.280311,0.597508,0.468445,0.0274894,0.1
355,Baseline,0,Balanced,0,Low,0,Low,0,Low,0,Low,0,0.280309,0.597506,0.468444,0.0274856,0.1
356,Baseline,0,Balanced,0,Low,0,Low,0,Low,0,Low,0,0.280309,0.597495,0.468437,0.0274864,0.1
357,Baseline,0,Balanced,0,Low,0,Low,0,Low,0,Low,0,0.280306,0.597477,0.468426,0.0274825,0.1
358,Baseline,0,Balanced,0,Low,0,Low,0,Low,0,Low,0,0.280306,0.597476,0.468425,0.0274802,0.1
359,Baseline,0,Balanced,0,Low,0,Low,0,Low,0,Low,0,0.280306,0.597468,0.46842,0.0274817,0.1
360,Baseline,0,Balanced,0,Low,0,Low,0,Low,0,Low,0,0.280308,0.597467,0.468419,0.0274894,0.1
361,Baseline,0,Balanced,0,Low,0,Low,0,Low,0,Low,0,0.28031,0.597466,0.468418,0.0274671,0.1
362,Baseline,0,Balanced,0,Low,0,Low,0,Low,0,Low,0,0.280308,0.597457,0.468413,0.0274702,0.1
363,Baseline,0,Balanced,0,Low,0,Low,0,Low,0,Low,0,0.280308,0.597457,0.468413,0.0274679,0.1
364,Baseline,0,Balanced,0,Low,0,Low,0,Low,0,Low,0,0.280306,0.597448,0.468408,0.027471,0.1
365,Baseline,0,Balanced,0,Low,0,Low,0,Low,0,Low,0,0.280305,0.597434,0.468399,0.0274695,0.1
366,Baseline,0,Balanced,0,Low,0,Low,0,Low,0,Low,0,0.280305,0.597428,0.468395,0.027471,0.1
367,Baseline,0,Balanced,0,Low,0,Low,0,Low,0,Low,0,0.280307,0.597424,0.468392,0.0274718,0.1
368,Baseline,0,Balanced,0,Low,0,Low,0,Low,0,Low,0,0.280309,0.597421,0.468391,0.0274602,0.1
369,Baseline,0,Balanced,0,Low,0,Low,0,Low,0,Low,0,0.280305,0.597416,0.468387,0.0274702,0.1
370,Baseline,0,Balanced,0,Low,0,Low,0,Low,0,Low,0,0.280302,0.597413,0.468385,0.0274748,0.1
371,Baseline,0,Balanced,0,Low,0,Low,0,Low,0,Low,0,0.280301,0.597409,0.468383,0.0274787,0.1
372,Baseline,0,Balanced,0,Low,0,Low,0,Low,0,Low,0,0.280299,0.597404,0.46838,0.0274756,0.1
373,Baseline,0,Balanced,0,Low,0,Low,0,Low,0,Low,0,0.280302,0.597406,0.468381,0.0274756,0.1
374,Baseline,0,Balanced,0,Low,0,Low,0,Low,0,Low,0,0.280304,0.597401,0.468378,0.0274656,0.1
375,Baseline,0,Balanced,0,Low,0,Low,0,Low,0,Low,0,0.280301,0.597394,0.468374,0.0274648,0.1
376,Baseline,0,Balanced,0,Low,0,Low,0,Low,0,Low,0,0.280301,0.597388,0.46837,0.0274648,0.1
377,Baseline,0,Balanced,0,Low,0,Low,0,Low,0,Low,0,0.280302,0.59738,0.468365,0.0274695,0.1
378,Baseline,0,Balanced,0,Low,0,Low,0,Low,0,Low,0,0.280299,0.597381,0.468366,0.0274648,0.1
379,Baseline,0,Balanced,0,Low,0,Low,0,Low,0,Low,0,0.280297,0.597374,0.468361,0.0274602,0.1
380,Baseline,0,Balanced,0,Low,0,Low,0,Low,0,Low,0,0.280296,0.59737,0.468359,0.0274633,0.1
381,Baseline,0,Balanced,0,Low,0,Low,0,Low,0,Low,0,0.280297,0.597371,0.468359,0.0274679,0.1
382,Baseline,0,Balanced,0,Low,0,Low,0,Low,0,Low,0,0.280295,0.59737,0.468358,0.0274518,0.1
383,Baseline,0,Balanced,0,Low,0,Low,0,Low,0,Low,0,0.280296,0.597364,0.468355,0.0274495,0.1
384,Baseline,0,Balanced,0,Low,0,Low,0,Low,0,Low,0,0.280297,0.597361,0.468353,0.0274495,0.1
385,Baseline,0,Balanced,0,Low,0,Low,0,Low,0,Low,0,0.280296,0.59736,0.468352,0.027451,0.1
386,Baseline,0,Balanced,0,Low,0,Low,0,Low,0,Low,0,0.280295,0.597354,0.468348,0.0274541,0.1
387,Baseline,0,Balanced,0,Low,0,Low,0,Low,0,Low,0,0.280294,0.597343,0.468342,0.027441,0.1
388,Baseline,0,Balanced,0,Low,0,Low,0,Low,0,Low,0,0.280295,0.597341,0.46834,0.0274464,0.1
389,Baseline,0,Balanced,0,Low,0,Low,0,Low,0,Low,0,0.280293,0.597343,0.468341,0.0274441,0.1
390,Baseline,0,Balanced,0,Low,0,Low,0,Low,0,Low,0,0.280293,0.597335,0.468337,0.0274441,0.1
391,Baseline,0,Balanced,0,Low,0,Low,0,Low,0,Low,0,0.280294,0.597335,0.468337,0.027451,0.1
392,Baseline,0,Balanced,0,Low,0,Low,0,Low,0,Low,0,0.280295,0.597331,0.468334,0.0274395,0.1
393,Baseline,0,Balanced,0,Low,0,Low,0,Low,0,Low,0,0.280298,0.597322,0.468328,0.0274403,0.1
394,Baseline,0,Balanced,0,Low,0,Low,0,Low,0,Low,0,0.280298,0.597319,0.468326,0.0274464,0.1
395,Baseline,0,Balanced,0,Low,0,Low,0,Low,0,Low,0,0.280296,0.597316,0.468325,0.0274479,0.1
396,Baseline,0,Balanced,0,Low,0,Low,0,Low,0,Low,0,0.280296,0.597311,0.468322,0.0274556,0.1
397,Baseline,0,Balanced,0,Low,0,Low,0,Low,0,Low,0,0.280295,0.597307,0.468319,0.0274387,0.1
398,Baseline,0,Balanced,0,Low,0,Low,0,Low,0,Low,0,0.280296,0.597309,0.46832,0.0274349,0.1
399,Baseline,0,Balanced,0,Low,0,Low,0,Low,0,Low,0,0.280293,0.597306,0.468318,0.0274295,0.1
400,Baseline,0,Balanced,0,Low,0,Low,0,Low,0,Low,0,0.280294,0.5973,0.468314,0.0274333,0.1
401,Baseline,0,Balanced,0,Low,0,Low,0,Low,0,Low,0,0.280293,0.597295,0.468311,0.0274364,0.1
402,Baseline,0,Balanced,0,Low,0,Low,0,Low,0,Low,0,0.280291,0.59729,0.468308,0.0274326,0.1
403,Baseline,0,Balanced,0,Low,0,Low,0,Low,0,Low,0,0.280289,0.597287,0.468306,0.0274356,0.1
404,Baseline,0,Balanced,0,Low,0,Low,0,Low,0,Low,0,0.280288,0.597277,0.468301,0.0274241,0.1
405,Baseline,0,Balanced,0,Low,0,Low,0,Low,0,Low,0,0.280288,0.59727,0.468296,0.0274057,0.1
406,Baseline,0,Balanced,0,Low,0,Low,0,Low,0,Low,0,0.280291,0.597265,0.468293,0.0274118,0.1
407,Baseline,0,Balanced,0,Low,0,Low,0,Low,0,Low,0,0.280288,0.597258,0.468288,0.0274187,0.1
408,Baseline,0,Balanced,0,Low,0,Low,0,Low,0,Low,0,0.280288,0.597253,0.468285,0.0274134,0.1
409,Baseline,0,Balanced,0,Low,0,Low,0,Low,0,Low,0,0.280291,0.597251,0.468284,0.0274249,0.1
410,Baseline,0,Balanced,0,Low,0,Low,0,Low,0,Low,0,0.280288,0.597243,0.468279,0.0274233,0.1
411,Baseline,0,Balanced,0,Low,0,Low,0,Low,0,Low,0,0.280288,0.597233,0.468273,0.027421,0.1
412,Baseline,0,Balanced,0,Low,0,Low,0,Low,0,Low,0,0.280288,0.59723,0.468271,0.0274103,0.1
413,Baseline,0,Balanced,0,Low,0,Low,0,Low,0,Low,0,0.28029,0.597238,0.468276,0.0274134,0.1
414,Baseline,0,Balanced,0,Low,0,Low,0,Low,0,Low,0,0.28029,0.59723,0.468271,0.0274295,0.1
415,Baseline,0,Balanced,0,Low,0,Low,0,Low,0,Low,0,0.280294,0.59723,0.468271,0.0274257,0.1
416,Baseline,0,Balanced,0,Low,0,Low,0,Low,0,Low,0,0.280293,0.597225,0.468268,0.0274303,0.1
417,Baseline,0,Balanced,0,Low,0,Low,0,Low,0,Low,0,0.280293,0.597222,0.468266,0.0274272,0.1
418,Baseline,0,Balanced,0,Low,0,Low,0,Low,0,Low,0,0.280294,0.597222,0.468266,0.0274157,0.1
419,Baseline,0,Balanced,0,Low,0,Low,0,Low,0,Low,0,0.280293,0.597217,0.468263,0.0274241,0.1
420,Baseline,0,Balanced,0,Low,0,Low,0,Low,0,Low,0,0.280295,0.597211,0.468259,0.0274233,0.1
421,Baseline,0,Balanced,0,Low,0,Low,0,Low,0,Low,0,0.280295,0.597209,0.468257,0.0274141,0.1
422,Baseline,0,Balanced,0,Low,0,Low,0,Low,0,Low,0,0.280295,0.597199,0.468252,0.0274095,0.1
423,Baseline,0,Balanced,0,Low,0,Low,0,Low,0,Low,0,0.280295,0.597195,0.468249,0.0274064,0.1
424,Baseline,0,Balanced,0,Low,0,Low,0,Low,0,Low,0,0.280297,0.597195,0.468249,0.0274164,0.1
425,Baseline,0,Balanced,0,Low,0,Low,0,Low,0,Low,0,0.280296,0.597187,0.468244,0.0274149,0.1
426,Baseline,0,Balanced,0,Low,0,Low,0,Low,0,Low,0,0.280296,0.597182,0.468241,0.0274172,0.1
427,Baseline,0,Balanced,0,Low,0,Low,0,Low,0,Low,0,0.280294,0.597173,0.468235,0.0274087,0.1
428,Baseline,0,Balanced,0,Low,0,Low,0,Low,0,Low,0,0.280294,0.597165,0.46823,0.0274118,0.1
429,Baseline,0,Balanced,0,Low,0,Low,0,Low,0,Low,0,0.280292,0.597161,0.468227,0.0274034,0.1
430,Baseline,0,Balanced,0,Low,0,Low,0,Low,0,Low,0,0.280293,0.597159,0.468226,0.0273941,0.1
431,Baseline,0,Balanced,0,Low,0,Low,0,Low,0,Low,0,0.280293,0.597159,0.468226,0.0273964,0.1
432,Baseline,0,Balanced,0,Low,0,Low,0,Low,0,Low,0,0.280295,0.597151,0.468221,0.0273964,0.1
433,Baseline,0,Balanced,0,Low,0,Low,0,Low,0,Low,0,0.280295,0.59715,0.468221,0.0273988,0.1
434,Baseline,0,Balanced,0,Low,0,Low,0,Low,0,Low,0,0.280294,0.597141,0.468215,0.0274026,0.1
435,Baseline,0,Balanced,0,Low,0,Low,0,Low,0,Low,0,0.280291,0.597134,0.468211,0.0274111,0.1
436,Baseline,0,Balanced,0,Low,0,Low,0,Low,0,Low,0,0.28029,0.597127,0.468206,0.0274064,0.1
437,Baseline,0,Balanced,0,Low,0,Low,0,Low,0,Low,0,0.28029,0.597123,0.468204,0.0274049,0.1
438,Baseline,0,Balanced,0,Low,0,Low,0,Low,0,Low,0,0.28029,0.597115,0.468199,0.0274126,0.1
439,Baseline,0,Balanced,0,Low,0,Low,0,Low,0,Low,0,0.280289,0.59711,0.468196,0.0274026,0.1
440,Baseline,0,Balanced,0,Low,0,Low,0,Low,0,Low,0,0.28029,0.597111,0.468196,0.0274026,0.1
441,Baseline,0,Balanced,0,Low,0,Low,0,Low,0,Low,0,0.280291,0.597111,0.468196,0.0274003,0.1
442,Baseline,0,Balanced,0,Low,0,Low,0,Low,0,Low,0,0.280291,0.597102,0.468191,0.0274049,0.1
443,Baseline,0,Balanced,0,Low,0,Low,0,Low,0,Low,0,0.280289,0.597098,0.468188,0.0274049,0.1
444,Baseline,0,Balanced,0,Low,0,Low,0,Low,0,Low,0,0.280289,0.597095,0.468186,0.0274126,0.1
445,Baseline,0,Balanced,0,Low,0,Low,0,Low,0,Low,0,0.28029,0.597094,0.468186,0.0274018,0.1
446,Baseline,0,Balanced,0,Low,0,Low,0,Low,0,Low,0,0.280289,0.597084,0.46818,0.0273988,0.1
447,Baseline,0,Balanced,0,Low,0,Low,0,Low,0,Low,0,0.28029,0.597084,0.468179,0.0273926,0.1
448,Baseline,0,Balanced,0,Low,0,Low,0,Low,0,Low,0,0.280293,0.59709,0.468183,0.0273918,0.1
449,Baseline,0,Balanced,0,Low,0,Low,0,Low,0,Low,0,0.280294,0.597088,0.468182,0.0273895,0.1
450,Baseline,0,Balanced,0,Low,0,Low,0,Low,0,Low,0,0.280295,0.597089,0.468183,0.0273865,0.1
451,Baseline,0,Balanced,0,Low,0,Low,0,Low,0,Low,0,0.280294,0.597086,0.46818,0.0273857,0.1
452,Baseline,0,Balanced,0,Low,0,Low,0,Low,0,Low,0,0.280296,0.597084,0.468179,0.0273872,0.1
453,Baseline,0,Balanced,0,Low,0,Low,0,Low,0,Low,0,0.280297,0.59708,0.468177,0.0273872,0.1
454,Baseline,0,Balanced,0,Low,0,Low,0,Low,0,Low,0,0.280296,0.597081,0.468178,0.0273895,0.1
455,Baseline,0,Balanced,0,Low,0,Low,0,Low,0,Low,0,0.280295,0.597081,0.468178,0.0273849,0.1
456,Baseline,0,Balanced,0,Low,0,Low,0,Low,0,Low,0,0.280296,0.59708,0.468177,0.0273872,0.1
457,Baseline,0,Balanced,0,Low,0,Low,0,Low,0,Low,0,0.280296,0.597076,0.468174,0.0273834,0.1
458,Baseline,0,Balanced,0,Low,0,Low,0,Low,0,Low,0,0.280295,0.597069,0.46817,0.027378,0.1
459,Baseline,0,Balanced,0,Low,0,Low,0,Low,0,Low,0,0.280293,0.597065,0.468167,0.0273688,0.1
460,Baseline,0,Balanced,0,Low,0,Low,0,Low,0,Low,0,0.280292,0.597069,0.46817,0.0273719,0.1
461,Baseline,0,Balanced,0,Low,0,Low,0,Low,0,Low,0,0.280293,0.597066,0.468168,0.0273865,0.1
462,Baseline,0,Balanced,0,Low,0,Low,0,Low,0,Low,0,0.280291,0.597063,0.468167,0.0273795,0.1
463,Baseline,0,Balanced,0,Low,0,Low,0,Low,0,Low,0,0.280289,0.597058,0.468163,0.0273811,0.1
464,Baseline,0,Balanced,0,Low,0,Low,0,Low,0,Low,0,0.280288,0.597058,0.468163,0.0273803,0.1
465,Baseline,0,Balanced,0,Low,0,Low,0,Low,0,Low,0,0.280288,0.597046,0.468156,0.0273849,0.1
466,Baseline,0,Balanced,0,Low,0,Low,0,Low,0,Low,0,0.280288,0.597048,0.468157,0.0273834,0.1
467,Baseline,0,Balanced,0,Low,0,Low,0,Low,0,Low,0,0.280289,0.597041,0.468153,0.0273865,0.1
468,Baseline,0,Balanced,0,Low,0,Low,0,Low,0,Low,0,0.280288,0.597033,0.468147,0.0273811,0.1
469,Baseline,0,Balanced,0,Low,0,Low,0,Low,0,Low,0,0.280288,0.597026,0.468143,0.0273795,0.1
470,Baseline,0,Balanced,0,Low,0,Low,0,Low,0,Low,0,0.280288,0.597019,0.468139,0.0273803,0.1
471,Baseline,0,Balanced,0,Low,0,Low,0,Low,0,Low,0,0.280288,0.597022,0.468141,0.0273826,0.1
472,Baseline,0,Balanced,0,Low,0,Low,0,Low,0,Low,0,0.280289,0.597018,0.468138,0.0273818,0.1
473,Baseline,0,Balanced,0,Low,0,Low,0,Low,0,Low,0,0.280288,0.597011,0.468134,0.0273857,0.1
474,Baseline,0,Balanced,0,Low,0,Low,0,Low,0,Low,0,0.28029,0.597015,0.468136,0.0273811,0.1
475,Baseline,0,Balanced,0,Low,0,Low,0,Low,0,Low,0,0.280291,0.597012,0.468135,0.0273742,0.1
476,Baseline,0,Balanced,0,Low,0,Low,0,Low,0,Low,0,0.280288,0.597009,0.468133,0.0273811,0.1
477,Baseline,0,Balanced,0,Low,0,Low,0,Low,0,Low,0,0.280288,0.597007,0.468131,0.0273849,0.1
478,Baseline,0,Balanced,0,Low,0,Low,0,Low,0,Low,0,0.28029,0.597006,0.468131,0.0273842,0.1
479,Baseline,0,Balanced,0,Low,0,Low,0,Low,0,Low,0,0.280289,0.597,0.468127,0.0273719,0.1
480,Baseline,0,Balanced,0,Low,0,Low,0,Low,0,Low,0,0.280289,0.597,0.468127,0.0273765,0.1
481,Baseline,0,Balanced,0,Low,0,Low,0,Low,0,Low,0,0.28029,0.596998,0.468125,0.0273711,0.1
482,Baseline,0,Balanced,0,Low,0,Low,0,Low,0,Low,0,0.280287,0.596993,0.468123,0.0273649,0.1
483,Baseline,0,Balanced,0,Low,0,Low,0,Low,0,Low,0,0.280288,0.596994,0.468123,0.0273772,0.1
484,Baseline,0,Balanced,0,Low,0,Low,0,Low,0,Low,0,0.280289,0.596995,0.468124,0.0273719,0.1
485,Baseline,0,Balanced,0,Low,0,Low,0,Low,0,Low,0,0.280289,0.596994,0.468123,0.0273665,0.1
486,Baseline,0,Balanced,0,Low,0,Low,0,Low,0,Low,0,0.280289,0.596992,0.468122,0.027368,0.1
487,Baseline,0,Balanced,0,Low,0,Low,0,Low,0,Low,0,0.280287,0.596983,0.468116,0.0273742,0.1
488,Baseline,0,Balanced,0,Low,0,Low,0,Low,0,Low,0,0.280287,0.596987,0.468119,0.0273696,0.1
489,Baseline,0,Balanced,0,Low,0,Low,0,Low,0,Low,0,0.280286,0.596987,0.468119,0.0273696,0.1
490,Baseline,0,Balanced,0,Low,0,Low,0,Low,0,Low,0,0.280285,0.596985,0.468117,0.0273772,0.1
491,Baseline,0,Balanced,0,Low,0,Low,0,Low,0,Low,0,0.280288,0.596982,0.468116,0.0273757,0.1
492,Baseline,0,Balanced,0,Low,0,Low,0,Low,0,Low,0,0.280288,0.59698,0.468114,0.0273772,0.1
493,Baseline,0,Balanced,0,Low,0,Low,0,Low,0,Low,0,0.280289,0.596979,0.468114,0.0273811,0.1
494,Baseline,0,Balanced,0,Low,0,Low,0,Low,0,Low,0,0.280288,0.596973,0.46811,0.0273811,0.1
495,Baseline,0,Balanced,0,Low,0,Low,0,Low,0,Low,0,0.280287,0.596972,0.46811,0.0273765,0.1
496,Baseline,0,Balanced,0,Low,0,Low,0,Low,0,Low,0,0.280288,0.596973,0.46811,0.0273826,0.1
497,Baseline,0,Balanced,0,Low,0,Low,0,Low,0,Low,0,0.280288,0.596968,0.468107,0.0273757,0.1
498,Baseline,0,Balanced,0,Low,0,Low,0,Low,0,Low,0,0.28029,0.59696,0.468102,0.027378,0.1
499,Baseline,0,Balanced,0,Low,0,Low,0,Low,0,Low,0,0.280292,0.59696,0.468102,0.0273772,0.1
500,Baseline,0,Balanced,0,Low,0,Low,0,Low,0,Low,0,0.280293,0.596956,0.468099,0.0273749,0.1
501,Baseline,0,Balanced,0,Low,0,Low,0,Low,0,Low,0,0.280295,0.596958,0.468101,0.0273795,0.1
502,Baseline,0,Balanced,0,Low,0,Low,0,Low,0,Low,0,0.280294,0.596955,0.468099,0.0273734,0.1
503,Baseline,0,Balanced,0,Low,0,Low,0,Low,0,Low,0,0.280294,0.596953,0.468097,0.0273826,0.1
504,Baseline,0,Balanced,0,Low,0,Low,0,Low,0,Low,0,0.280295,0.596954,0.468098,0.0273811,0.1
505,Baseline,0,Balanced,0,Low,0,Low,0,Low,0,Low,0,0.280297,0.596952,0.468097,0.0273826,0.1
506,Baseline,0,Balanced,0,Low,0,Low,0,Low,0,Low,0,0.280298,0.596947,0.468094,0.0273772,0.1
507,Baseline,0,Balanced,0,Low,0,Low,0,Low,0,Low,0,0.280299,0.596946,0.468093,0.0273749,0.1
508,Baseline,0,Balanced,0,Low,0,Low,0,Low,0,Low,0,0.280298,0.596942,0.468091,0.0273757,0.1
509,Baseline,0,Balanced,0,Low,0,Low,0,Low,0,Low,0,0.280298,0.596934,0.468085,0.0273749,0.1
510,Baseline,0,Balanced,0,Low,0,Low,0,Low,0,Low,0,0.280297,0.596932,0.468084,0.0273849,0.1
511,Baseline,0,Balanced,0,Low,0,Low,0,Low,0,Low,0,0.280296,0.596924,0.468079,0.0273803,0.1
512,Baseline,0,Balanced,0,Low,0,Low,0,Low,0,Low,0,0.280294,0.596918,0.468076,0.0273719,0.1
513,Baseline,0,Balanced,0,Low,0,Low,0,Low,0,Low,0,0.280294,0.596918,0.468076,0.0273672,0.1
514,Baseline,0,Balanced,0,Low,0,Low,0,Low,0,Low,0,0.280295,0.596918,0.468076,0.0273649,0.1
515,Baseline,0,Balanced,0,Low,0,Low,0,Low,0,Low,0,0.280295,0.596917,0.468075,0.0273672,0.1
516,Baseline,0,Balanced,0,Low,0,Low,0,Low,0,Low,0,0.280295,0.596919,0.468076,0.0273619,0.1
517,Baseline,0,Balanced,0,Low,0,Low,0,Low,0,Low,0,0.280294,0.596914,0.468073,0.0273626,0.1
518,Baseline,0,Balanced,0,Low,0,Low,0,Low,0,Low,0,0.280294,0.596913,0.468072,0.0273573,0.1
519,Baseline,0,Balanced,0,Low,0,Low,0,Low,0,Low,0,0.280295,0.596915,0.468073,0.0273619,0.1
520,Baseline,0,Balanced,0,Low,0,Low,0,Low,0,Low,0,0.280292,0.596906,0.468068,0.0273657,0.1
521,Baseline,0,Balanced,0,Low,0,Low,0,Low,0,Low,0,0.280292,0.596903,0.468066,0.0273596,0.1
522,Baseline,0,Balanced,0,Low,0,Low,0,Low,0,Low,0,0.280292,0.596901,0.468065,0.0273626,0.1
523,Baseline,0,Balanced,0,Low,0,Low,0,Low,0,Low,0,0.280293,0.596894,0.46806,0.0273596,0.1
524,Baseline,0,Balanced,0,Low,0,Low,0,Low,0,Low,0,0.280293,0.596882,0.468053,0.0273503,0.1
525,Baseline,0,Balanced,0,Low,0,Low,0,Low,0,Low,0,0.280291,0.59688,0.468052,0.0273511,0.1
526,Baseline,0,Balanced,0,Low,0,Low,0,Low,0,Low,0,0.28029,0.59688,0.468052,0.027338,0.1
527,Baseline,0,Balanced,0,Low,0,Low,0,Low,0,Low,0,0.28029,0.596877,0.46805,0.0273388,0.1
528,Baseline,0,Balanced,0,Low,0,Low,0,Low,0,Low,0,0.28029,0.596876,0.468049,0.0273319,0.1
529,Baseline,0,Balanced,0,Low,0,Low,0,Low,0,Low,0,0.28029,0.596879,0.468051,0.0273411,0.1
530,Baseline,0,Balanced,0,Low,0,Low,0,Low,0,Low,0,0.280286,0.596875,0.468049,0.0273427,0.1
531,Baseline,0,Balanced,0,Low,0,Low,0,Low,0,Low,0,0.280287,0.596872,0.468046,0.0273373,0.1
532,Baseline,0,Balanced,0,Low,0,Low,0,Low,0,Low,0,0.280289,0.596871,0.468046,0.0273396,0.1
533,Baseline,0,Balanced,0,Low,0,Low,0,Low,0,Low,0,0.280289,0.596871,0.468046,0.0273281,0.1
534,Baseline,0,Balanced,0,Low,0,Low,0,Low,0,Low,0,0.280289,0.596868,0.468044,0.0273327,0.1
535,Baseline,0,Balanced,0,Low,0,Low,0,Low,0,Low,0,0.280287,0.596862,0.46804,0.0273281,0.1
536,Baseline,0,Balanced,0,Low,0,Low,0,Low,0,Low,0,0.280288,0.596866,0.468043,0.0273234,0.1
537,Baseline,0,Balanced,0,Low,0,Low,0,Low,0,Low,0,0.280287,0.596864,0.468041,0.0273273,0.1
538,Baseline,0,Balanced,0,Low,0,Low,0,Low,0,Low,0,0.280285,0.596859,0.468038,0.0273219,0.1
539,Baseline,0,Balanced,0,Low,0,Low,0,Low,0,Low,0,0.280287,0.596857,0.468037,0.0273227,0.1
540,Baseline,0,Balanced,0,Low,0,Low,0,Low,0,Low,0,0.280286,0.596855,0.468036,0.0273296,0.1
541,Baseline,0,Balanced,0,Low,0,Low,0,Low,0,Low,0,0.280286,0.596857,0.468037,0.027338,0.1
542,Baseline,0,Balanced,0,Low,0,Low,0,Low,0,Low,0,0.280287,0.596856,0.468037,0.027335,0.1
543,Baseline,0,Balanced,0,Low,0,Low,0,Low,0,Low,0,0.280288,0.596853,0.468035,0.0273288,0.1
544,Baseline,0,Balanced,0,Low,0,Low,0,Low,0,Low,0,0.280288,0.596851,0.468034,0.027325,0.1
545,Baseline,0,Balanced,0,Low,0,Low,0,Low,0,Low,0,0.28029,0.596846,0.468031,0.0273258,0.1
546,Baseline,0,Balanced,0,Low,0,Low,0,Low,0,Low,0,0.28029,0.596842,0.468028,0.0273242,0.1
547,Baseline,0,Balanced,0,Low,0,Low,0,Low,0,Low,0,0.28029,0.596838,0.468026,0.0273219,0.1
548,Baseline,0,Balanced,0,Low,0,Low,0,Low,0,Low,0,0.28029,0.59684,0.468027,0.0273296,0.1
549,Baseline,0,Balanced,0,Low,0,Low,0,Low,0,Low,0,0.28029,0.596841,0.468027,0.0273211,0.1
550,Baseline,0,Balanced,0,Low,0,Low,0,Low,0,Low,0,0.28029,0.596841,0.468027,0.0273273,0.1
551,Baseline,0,Balanced,0,Low,0,Low,0,Low,0,Low,0,0.28029,0.596838,0.468025,0.0273311,0.1
552,Baseline,0,Balanced,0,Low,0,Low,0,Low,0,Low,0,0.280289,0.596833,0.468022,0.0273219,0.1
553,Baseline,0,Balanced,0,Low,0,Low,0,Low,0,Low,0,0.280289,0.596831,0.468021,0.027325,0.1
554,Baseline,0,Balanced,0,Low,0,Low,0,Low,0,Low,0,0.280288,0.596828,0.468019,0.0273219,0.1
555,Baseline,0,Balanced,0,Low,0,Low,0,Low,0,Low,0,0.280286,0.596823,0.468016,0.0273227,0.1
556,Baseline,0,Balanced,0,Low,0,Low,0,Low,0,Low,0,0.280285,0.596819,0.468013,0.0273227,0.1
557,Baseline,0,Balanced,0,Low,0,Low,0,Low,0,Low,0,0.280287,0.59682,0.468014,0.0273165,0.1
558,Baseline,0,Balanced,0,Low,0,Low,0,Low,0,Low,0,0.280289,0.596819,0.468014,0.0273188,0.1
559,Baseline,0,Balanced,0,Low,0,Low,0,Low,0,Low,0,0.28029,0.59682,0.468014,0.0273211,0.1
560,Baseline,0,Balanced,0,Low,0,Low,0,Low,0,Low,0,0.280288,0.596814,0.468011,0.0273281,0.1
561,Baseline,0,Balanced,0,Low,0,Low,0,Low,0,Low,0,0.280289,0.59682,0.468014,0.0273304,0.1
562,Baseline,0,Balanced,0,Low,0,Low,0,Low,0,Low,0,0.28029,0.596815,0.468011,0.0273304,0.1
563,Baseline,0,Balanced,0,Low,0,Low,0,Low,0,Low,0,0.280292,0.596814,0.46801,0.0273234,0.1
564,Baseline,0,Balanced,0,Low,0,Low,0,Low,0,Low,0,0.28029,0.596811,0.468008,0.0273196,0.1
565,Baseline,0,Balanced,0,Low,0,Low,0,Low,0,Low,0,0.28029,0.596814,0.468011,0.0273227,0.1
566,Baseline,0,Balanced,0,Low,0,Low,0,Low,0,Low,0,0.280289,0.596809,0.468007,0.0273258,0.1
567,Baseline,0,Balanced,0,Low,0,Low,0,Low,0,Low,0,0.280288,0.596808,0.468006,0.0273227,0.1
568,Baseline,0,Balanced,0,Low,0,Low,0,Low,0,Low,0,0.280289,0.59681,0.468008,0.0273219,0.1
569,Baseline,0,Balanced,0,Low,0,Low,0,Low,0,Low,0,0.280289,0.596808,0.468007,0.0273219,0.1
570,Baseline,0,Balanced,0,Low,0,Low,0,Low,0,Low,0,0.280288,0.596804,0.468004,0.0273165,0.1
571,Baseline,0,Balanced,0,Low,0,Low,0,Low,0,Low,0,0.280286,0.596804,0.468004,0.0273111,0.1
572,Baseline,0,Balanced,0,Low,0,Low,0,Low,0,Low,0,0.280287,0.596803,0.468004,0.0273127,0.1
573,Baseline,0,Balanced,0,Low,0,Low,0,Low,0,Low,0,0.280287,0.596804,0.468004,0.0273104,0.1
574,Baseline,0,Balanced,0,Low,0,Low,0,Low,0,Low,0,0.280287,0.596804,0.468004,0.027305,0.1
575,Baseline,0,Balanced,0,Low,0,Low,0,Low,0,Low,0,0.280285,0.596802,0.468003,0.0273058,0.1
576,Baseline,0,Balanced,0,Low,0,Low,0,Low,0,Low,0,0.280282,0.596797,0.467999,0.0273135,0.1
577,Baseline,0,Balanced,0,Low,0,Low,0,Low,0,Low,0,0.280284,0.596796,0.467999,0.0273142,0.1
578,Baseline,0,Balanced,0,Low,0,Low,0,Low,0,Low,0,0.280285,0.596799,0.468001,0.0273165,0.1
579,Baseline,0,Balanced,0,Low,0,Low,0,Low,0,Low,0,0.280285,0.596801,0.468002,0.0273158,0.1
580,Baseline,0,Balanced,0,Low,0,Low,0,Low,0,Low,0,0.280284,0.596795,0.467999,0.0273096,0.1
581,Baseline,0,Balanced,0,Low,0,Low,0,Low,0,Low,0,0.280285,0.596794,0.467998,0.0273142,0.1
582,Baseline,0,Balanced,0,Low,0,Low,0,Low,0,Low,0,0.280285,0.596795,0.467998,0.0273104,0.1
583,Baseline,0,Balanced,0,Low,0,Low,0,Low,0,Low,0,0.280285,0.596793,0.467997,0.0273073,0.1
584,Baseline,0,Balanced,0,Low,0,Low,0,Low,0,Low,0,0.280285,0.596792,0.467996,0.0273088,0.1
585,Baseline,0,Balanced,0,Low,0,Low,0,Low,0,Low,0,0.280286,0.596788,0.467994,0.0273058,0.1
586,Baseline,0,Balanced,0,Low,0,Low,0,Low,0,Low,0,0.280286,0.596784,0.467992,0.0273096,0.1
587,Baseline,0,Balanced,0,Low,0,Low,0,Low,0,Low,0,0.280286,0.596781,0.46799,0.0273042,0.1
588,Baseline,0,Balanced,0,Low,0,Low,0,Low,0,Low,0,0.280283,0.596778,0.467988,0.0273119,0.1
589,Baseline,0,Balanced,0,Low,0,Low,0,Low,0,Low,0,0.280282,0.59678,0.467989,0.0273088,0.1
590,Baseline,0,Balanced,0,Low,0,Low,0,Low,0,Low,0,0.280285,0.596778,0.467988,0.0273081,0.1
591,Baseline,0,Balanced,0,Low,0,Low,0,Low,0,Low,0,0.280284,0.596775,0.467986,0.0273042,0.1
592,Baseline,0,Balanced,0,Low,0,Low,0,Low,0,Low,0,0.280284,0.596773,0.467985,0.0273042,0.1
593,Baseline,0,Balanced,0,Low,0,Low,0,Low,0,Low,0,0.280283,0.596771,0.467983,0.0272996,0.1
594,Baseline,0,Balanced,0,Low,0,Low,0,Low,0,Low,0,0.280284,0.596772,0.467984,0.0273088,0.1
595,Baseline,0,Balanced,0,Low,0,Low,0,Low,0,Low,0,0.280284,0.596767,0.467981,0.0273096,0.1
596,Baseline,0,Balanced,0,Low,0,Low,0,Low,0,Low,0,0.280283,0.596764,0.467979,0.0273188,0.1
597,Baseline,0,Balanced,0,Low,0,Low,0,Low,0,Low,0,0.280284,0.596764,0.467979,0.0273234,0.1
598,Baseline,0,Balanced,0,Low,0,Low,0,Low,0,Low,0,0.280285,0.596768,0.467982,0.0273188,0.1
599,Baseline,0,Balanced,0,Low,0,Low,0,Low,0,Low,0,0.280286,0.596768,0.467981,0.0273119,0.1
600,Baseline,0,Balanced,0,Low,0,Low,0,Low,0,Low,0,0.280289,0.596768,0.467982,0.0273165,0.1
601,Baseline,0,Balanced,0,Low,0,Low,0,Low,0,Low,0,0.28029,0.596768,0.467982,0.0273188,0.1
602,Baseline,0,Balanced,0,Low,0,Low,0,Low,0,Low,0,0.280289,0.596765,0.46798,0.0273142,0.1
603,Baseline,0,Balanced,0,Low,0,Low,0,Low,0,Low,0,0.280287,0.596762,0.467978,0.0273158,0.1
604,Baseline,0,Balanced,0,Low,0,Low,0,Low,0,Low,0,0.280287,0.596761,0.467977,0.0273119,0.1
605,Baseline,0,Balanced,0,Low,0,Low,0,Low,0,Low,0,0.280288,0.596763,0.467978,0.0273119,0.1
606,Baseline,0,Balanced,0,Low,0,Low,0,Low,0,Low,0,0.280287,0.596764,0.467979,0.0273219,0.1
607,Baseline,0,Balanced,0,Low,0,Low,0,Low,0,Low,0,0.280288,0.596767,0.467981,0.0273188,0.1
608,Baseline,0,Balanced,0,Low,0,Low,0,Low,0,Low,0,0.280289,0.596769,0.467983,0.0273188,0.1
609,Baseline,0,Balanced,0,Low,0,Low,0,Low,0,Low,0,0.280288,0.596766,0.46798,0.027315,0.1
610,Baseline,0,Balanced,0,Low,0,Low,0,Low,0,Low,0,0.280287,0.596763,0.467978,0.0273088,0.1
611,Baseline,0,Balanced,0,Low,0,Low,0,Low,0,Low,0,0.280286,0.596758,0.467976,0.0273088,0.1
612,Baseline,0,Balanced,0,Low,0,Low,0,Low,0,Low,0,0.280288,0.596751,0.467971,0.0273065,0.1
613,Baseline,0,Balanced,0,Low,0,Low,0,Low,0,Low,0,0.280288,0.596746,0.467968,0.027305,0.1
614,Baseline,0,Balanced,0,Low,0,Low,0,Low,0,Low,0,0.280287,0.596744,0.467967,0.0273111,0.1
615,Baseline,0,Balanced,0,Low,0,Low,0,Low,0,Low,0,0.280287,0.596738,0.467963,0.0273088,0.1
616,Baseline,0,Balanced,0,Low,0,Low,0,Low,0,Low,0,0.280287,0.596738,0.467963,0.0273158,0.1
617,Baseline,0,Balanced,0,Low,0,Low,0,Low,0,Low,0,0.280286,0.596738,0.467963,0.0273019,0.1
618,Baseline,0,Balanced,0,Low,0,Low,0,Low,0,Low,0,0.280287,0.596735,0.467961,0.0272981,0.1
619,Baseline,0,Balanced,0,Low,0,Low,0,Low,0,Low,0,0.280285,0.596731,0.467958,0.0273012,0.1
620,Baseline,0,Balanced,0,Low,0,Low,0,Low,0,Low,0,0.280283,0.596724,0.467954,0.0273012,0.1
621,Baseline,0,Balanced,0,Low,0,Low,0,Low,0,Low,0,0.280283,0.59672,0.467951,0.0273104,0.1
622,Baseline,0,Balanced,0,Low,0,Low,0,Low,0,Low,0,0.280282,0.596717,0.46795,0.027305,0.1
623,Baseline,0,Balanced,0,Low,0,Low,0,Low,0,Low,0,0.280283,0.596717,0.467949,0.027305,0.1
624,Baseline,0,Balanced,0,Low,0,Low,0,Low,0,Low,0,0.280284,0.596715,0.467949,0.0273065,0.1
625,Baseline,0,Balanced,0,Low,0,Low,0,Low,0,Low,0,0.280283,0.596712,0.467946,0.027305,0.1
626,Baseline,0,Balanced,0,Low,0,Low,0,Low,0,Low,0,0.280284,0.596708,0.467944,0.0273158,0.1
627,Baseline,0,Balanced,0,Low,0,Low,0,Low,0,Low,0,0.280284,0.596706,0.467943,0.0273142,0.1
628,Baseline,0,Balanced,0,Low,0,Low,0,Low,0,Low,0,0.280283,0.596704,0.467942,0.0273119,0.1
629,Baseline,0,Balanced,0,Low,0,Low,0,Low,0,Low,0,0.280283,0.596708,0.467944,0.0273058,0.1
630,Baseline,0,Balanced,0,Low,0,Low,0,Low,0,Low,0,0.280283,0.5967,0.467939,0.027305,0.1
631,Baseline,0,Balanced,0,Low,0,Low,0,Low,0,Low,0,0.280282,0.596699,0.467939,0.0273088,0.1
632,Baseline,0,Balanced,0,Low,0,Low,0,Low,0,Low,0,0.280281,0.596694,0.467935,0.0273127,0.1
633,Baseline,0,Balanced,0,Low,0,Low,0,Low,0,Low,0,0.28028,0.596692,0.467934,0.0273127,0.1
634,Baseline,0,Balanced,0,Low,0,Low,0,Low,0,Low,0,0.280281,0.596696,0.467936,0.0273135,0.1
635,Baseline,0,Balanced,0,Low,0,Low,0,Low,0,Low,0,0.28028,0.596689,0.467932,0.0273119,0.1
636,Baseline,0,Balanced,0,Low,0,Low,0,Low,0,Low,0,0.280281,0.596691,0.467933,0.0273058,0.1
637,Baseline,0,Balanced,0,Low,0,Low,0,Low,0,Low,0,0.280281,0.596694,0.467935,0.0273035,0.1
638,Baseline,0,Balanced,0,Low,0,Low,0,Low,0,Low,0,0.280281,0.596693,0.467935,0.0272965,0.1
639,Baseline,0,Balanced,0,Low,0,Low,0,Low,0,Low,0,0.280283,0.596697,0.467937,0.0273119,0.1
640,Baseline,0,Balanced,0,Low,0,Low,0,Low,0,Low,0,0.280282,0.596694,0.467935,0.027315,0.1
641,Baseline,0,Balanced,0,Low,0,Low,0,Low,0,Low,0,0.280281,0.596694,0.467935,0.0273165,0.1
642,Baseline,0,Balanced,0,Low,0,Low,0,Low,0,Low,0,0.280283,0.596695,0.467936,0.0273111,0.1
643,Baseline,0,Balanced,0,Low,0,Low,0,Low,0,Low,0,0.280282,0.596691,0.467934,0.0273065,0.1
644,Baseline,0,Balanced,0,Low,0,Low,0,Low,0,Low,0,0.280282,0.596694,0.467935,0.0273065,0.1
645,Baseline,0,Balanced,0,Low,0,Low,0,Low,0,Low,0,0.280282,0.596694,0.467936,0.0273111,0.1
646,Baseline,0,Balanced,0,Low,0,Low,0,Low,0,Low,0,0.280281,0.596693,0.467935,0.0273165,0.1
647,Baseline,0,Balanced,0,Low,0,Low,0,Low,0,Low,0,0.280282,0.596693,0.467935,0.0273127,0.1
648,Baseline,0,Balanced,0,Low,0,Low,0,Low,0,Low,0,0.280284,0.596695,0.467936,0.027315,0.1
649,Baseline,0,Balanced,0,Low,0,Low,0,Low,0,Low,0,0.280283,0.59669,0.467933,0.0273058,0.1
650,Baseline,0,Balanced,0,Low,0,Low,0,Low,0,Low,0,0.280285,0.596688,0.467932,0.0273142,0.1
651,Baseline,0,Balanced,0,Low,0,Low,0,Low,0,Low,0,0.280283,0.596684,0.467929,0.0273142,0.1
652,Baseline,0,Balanced,0,Low,0,Low,0,Low,0,Low,0,0.280283,0.596683,0.467928,0.0273058,0.1
653,Baseline,0,Balanced,0,Low,0,Low,0,Low,0,Low,0,0.280284,0.596685,0.46793,0.0273042,0.1
654,Baseline,0,Balanced,0,Low,0,Low,0,Low,0,Low,0,0.280283,0.596689,0.467932,0.0273019,0.1
655,Baseline,0,Balanced,0,Low,0,Low,0,Low,0,Low,0,0.280285,0.596694,0.467935,0.0273012,0.1
656,Baseline,0,Balanced,0,Low,0,Low,0,Low,0,Low,0,0.280286,0.596694,0.467935,0.0272996,0.1
657,Baseline,0,Balanced,0,Low,0,Low,0,Low,0,Low,0,0.280285,0.596693,0.467934,0.0272981,0.1
658,Baseline,0,Balanced,0,Low,0,Low,0,Low,0,Low,0,0.280284,0.596692,0.467934,0.0273004,0.1
659,Baseline,0,Balanced,0,Low,0,Low,0,Low,0,Low,0,0.280283,0.596686,0.46793,0.0272919,0.1
660,Baseline,0,Balanced,0,Low,0,Low,0,Low,0,Low,0,0.280284,0.596689,0.467932,0.0272858,0.1
661,Baseline,0,Balanced,0,Low,0,Low,0,Low,0,Low,0,0.280283,0.596688,0.467932,0.0272827,0.1
662,Baseline,0,Balanced,0,Low,0,Low,0,Low,0,Low,0,0.280281,0.596688,0.467932,0.0272835,0.1
663,Baseline,0,Balanced,0,Low,0,Low,0,Low,0,Low,0,0.280282,0.596689,0.467932,0.0272896,0.1
664,Baseline,0,Balanced,0,Low,0,Low,0,Low,0,Low,0,0.280281,0.596687,0.467931,0.0272981,0.1
665,Baseline,0,Balanced,0,Low,0,Low,0,Low,0,Low,0,0.280281,0.596685,0.46793,0.0272942,0.1
666,Baseline,0,Balanced,0,Low,0,Low,0,Low,0,Low,0,0.28028,0.596688,0.467931,0.0272935,0.1
667,Baseline,0,Balanced,0,Low,0,Low,0,Low,0,Low,0,0.280279,0.596684,0.467929,0.0272996,0.1
668,Baseline,0,Balanced,0,Low,0,Low,0,Low,0,Low,0,0.280279,0.596679,0.467926,0.027295,0.1
669,Baseline,0,Balanced,0,Low,0,Low,0,Low,0,Low,0,0.280278,0.596674,0.467923,0.0272989,0.1
670,Baseline,0,Balanced,0,Low,0,Low,0,Low,0,Low,0,0.280278,0.596673,0.467922,0.0272981,0.1
671,Baseline,0,Balanced,0,Low,0,Low,0,Low,0,Low,0,0.280277,0.596671,0.467921,0.0272981,0.1
672,Baseline,0,Balanced,0,Low,0,Low,0,Low,0,Low,0,0.280279,0.596674,0.467923,0.0272919,0.1
673,Baseline,0,Balanced,0,Low,0,Low,0,Low,0,Low,0,0.280279,0.596668,0.467919,0.0272989,0.1
674,Baseline,0,Balanced,0,Low,0,Low,0,Low,0,Low,0,0.280279,0.596665,0.467917,0.0273004,0.1
675,Baseline,0,Balanced,0,Low,0,Low,0,Low,0,Low,0,0.280279,0.596663,0.467916,0.0273035,0.1
676,Baseline,0,Balanced,0,Low,0,Low,0,Low,0,Low,0,0.280279,0.596662,0.467915,0.0273019,0.1
677,Baseline,0,Balanced,0,Low,0,Low,0,Low,0,Low,0,0.280279,0.596658,0.467913,0.0273019,0.1
678,Baseline,0,Balanced,0,Low,0,Low,0,Low,0,Low,0,0.280278,0.59666,0.467914,0.0273035,0.1
679,Baseline,0,Balanced,0,Low,0,Low,0,Low,0,Low,0,0.280276,0.596657,0.467912,0.0272996,0.1
680,Baseline,0,Balanced,0,Low,0,Low,0,Low,0,Low,0,0.280277,0.59666,0.467914,0.0272989,0.1
681,Baseline,0,Balanced,0,Low,0,Low,0,Low,0,Low,0,0.280278,0.596657,0.467912,0.0272942,0.1
682,Baseline,0,Balanced,0,Low,0,Low,0,Low,0,Low,0,0.280278,0.596652,0.467909,0.0272958,0.1
683,Baseline,0,Balanced,0,Low,0,Low,0,Low,0,Low,0,0.280278,0.59665,0.467908,0.0273035,0.1
684,Baseline,0,Balanced,0,Low,0,Low,0,Low,0,Low,0,0.280278,0.596649,0.467907,0.0273142,0.1
685,Baseline,0,Balanced,0,Low,0,Low,0,Low,0,Low,0,0.280278,0.596651,0.467908,0.0273081,0.1
686,Baseline,0,Balanced,0,Low,0,Low,0,Low,0,Low,0,0.280279,0.596652,0.467909,0.0273073,0.1
687,Baseline,0,Balanced,0,Low,0,Low,0,Low,0,Low,0,0.280279,0.596652,0.467909,0.0273012,0.1
688,Baseline,0,Balanced,0,Low,0,Low,0,Low,0,Low,0,0.280279,0.59665,0.467908,0.0273058,0.1
689,Baseline,0,Balanced,0,Low,0,Low,0,Low,0,Low,0,0.28028,0.59665,0.467907,0.027305,0.1
690,Baseline,0,Balanced,0,Low,0,Low,0,Low,0,Low,0,0.280279,0.596651,0.467908,0.0273012,0.1
691,Baseline,0,Balanced,0,Low,0,Low,0,Low,0,Low,0,0.28028,0.596652,0.467909,0.0272996,0.1
692,Baseline,0,Balanced,0,Low,0,Low,0,Low,0,Low,0,0.280278,0.596649,0.467907,0.0272973,0.1
693,Baseline,0,Balanced,0,Low,0,Low,0,Low,0,Low,0,0.280279,0.596648,0.467907,0.0273027,0.1
694,Baseline,0,Balanced,0,Low,0,Low,0,Low,0,Low,0,0.280279,0.596648,0.467906,0.0272973,0.1
695,Baseline,0,Balanced,0,Low,0,Low,0,Low,0,Low,0,0.28028,0.596652,0.467909,0.027295,0.1
696,Baseline,0,Balanced,0,Low,0,Low,0,Low,0,Low,0,0.28028,0.596651,0.467909,0.0272896,0.1
697,Baseline,0,Balanced,0,Low,0,Low,0,Low,0,Low,0,0.280279,0.596647,0.467906,0.0272889,0.1
698,Baseline,0,Balanced,0,Low,0,Low,0,Low,0,Low,0,0.28028,0.596648,0.467906,0.0272873,0.1
699,Baseline,0,Balanced,0,Low,0,Low,0,Low,0,Low,0,0.280278,0.596648,0.467907,0.0272889,0.1
700,Baseline,0,Balanced,0,Low,0,Low,0,Low,0,Low,0,0.280279,0.596644,0.467904,0.0272912,0.1
701,Baseline,0,Balanced,0,Low,0,Low,0,Low,0,Low,0,0.280281,0.596641,0.467902,0.0272912,0.1
702,Baseline,0,Balanced,0,Low,0,Low,0,Low,0,Low,0,0.28028,0.59664,0.467902,0.0273004,0.1
703,Baseline,0,Balanced,0,Low,0,Low,0,Low,0,Low,0,0.28028,0.596638,0.4679,0.0272989,0.1
704,Baseline,0,Balanced,0,Low,0,Low,0,Low,0,Low,0,0.280278,0.596632,0.467897,0.0272927,0.1
705,Baseline,0,Balanced,0,Low,0,Low,0,Low,0,Low,0,0.280277,0.59663,0.467895,0.0272981,0.1
706,Baseline,0,Balanced,0,Low,0,Low,0,Low,0,Low,0,0.280277,0.596632,0.467897,0.0272912,0.1
707,Baseline,0,Balanced,0,Low,0,Low,0,Low,0,Low,0,0.280276,0.596627,0.467894,0.027285,0.1
708,Baseline,0,Balanced,0,Low,0,Low,0,Low,0,Low,0,0.280276,0.596627,0.467893,0.0272873,0.1
709,Baseline,0,Balanced,0,Low,0,Low,0,Low,0,Low,0,0.280275,0.596625,0.467892,0.0272881,0.1
710,Baseline,0,Balanced,0,Low,0,Low,0,Low,0,Low,0,0.280274,0.596623,0.46789,0.0272904,0.1
711,Baseline,0,Balanced,0,Low,0,Low,0,Low,0,Low,0,0.280274,0.596619,0.467888,0.0272919,0.1
712,Baseline,0,Balanced,0,Low,0,Low,0,Low,0,Low,0,0.280271,0.596616,0.467887,0.0272904,0.1
713,Baseline,0,Balanced,0,Low,0,Low,0,Low,0,Low,0,0.28027,0.59662,0.467889,0.0272881,0.1
714,Baseline,0,Balanced,0,Low,0,Low,0,Low,0,Low,0,0.280269,0.596619,0.467888,0.0272858,0.1
715,Baseline,0,Balanced,0,Low,0,Low,0,Low,0,Low,0,0.280269,0.596621,0.467889,0.0272912,0.1
716,Baseline,0,Balanced,0,Low,0,Low,0,Low,0,Low,0,0.280269,0.596617,0.467887,0.027295,0.1
717,Baseline,0,Balanced,0,Low,0,Low,0,Low,0,Low,0,0.28027,0.596613,0.467884,0.027295,0.1
718,Baseline,0,Balanced,0,Low,0,Low,0,Low,0,Low,0,0.280267,0.596614,0.467885,0.0272904,0.1
719,Baseline,0,Balanced,0,Low,0,Low,0,Low,0,Low,0,0.280267,0.596614,0.467885,0.0272858,0.1
720,Baseline,0,Balanced,0,Low,0,Low,0,Low,0,Low,0,0.280266,0.596615,0.467886,0.0272912,0.1
721,Baseline,0,Balanced,0,Low,0,Low,0,Low,0,Low,0,0.280269,0.596614,0.467885,0.0272912,0.1
722,Baseline,0,Balanced,0,Low,0,Low,0,Low,0,Low,0,0.280269,0.596615,0.467886,0.0272919,0.1
723,Baseline,0,Balanced,0,Low,0,Low,0,Low,0,Low,0,0.28027,0.596617,0.467887,0.0272896,0.1
724,Baseline,0,Balanced,0,Low,0,Low,0,Low,0,Low,0,0.280269,0.596618,0.467888,0.0272858,0.1
725,Baseline,0,Balanced,0,Low,0,Low,0,Low,0,Low,0,0.28027,0.596619,0.467888,0.0272843,0.1
726,Baseline,0,Balanced,0,Low,0,Low,0,Low,0,Low,0,0.280271,0.59662,0.467889,0.0272927,0.1
727,Baseline,0,Balanced,0,Low,0,Low,0,Low,0,Low,0,0.280272,0.596616,0.467886,0.0272881,0.1
728,Baseline,0,Balanced,0,Low,0,Low,0,Low,0,Low,0,0.280273,0.596616,0.467887,0.0272843,0.1
729,Baseline,0,Balanced,0,Low,0,Low,0,Low,0,Low,0,0.280273,0.596613,0.467885,0.0272858,0.1
730,Baseline,0,Balanced,0,Low,0,Low,0,Low,0,Low,0,0.280272,0.596612,0.467884,0.0272789,0.1
731,Baseline,0,Balanced,0,Low,0,Low,0,Low,0,Low,0,0.28027,0.596611,0.467883,0.0272796,0.1
732,Baseline,0,Balanced,0,Low,0,Low,0,Low,0,Low,0,0.28027,0.59661,0.467883,0.0272804,0.1
733,Baseline,0,Balanced,0,Low,0,Low,0,Low,0,Low,0,0.280271,0.596613,0.467884,0.0272843,0.1
734,Baseline,0,Balanced,0,Low,0,Low,0,Low,0,Low,0,0.28027,0.596614,0.467885,0.0272866,0.1
735,Baseline,0,Balanced,0,Low,0,Low,0,Low,0,Low,0,0.280271,0.596611,0.467883,0.0272889,0.1
736,Baseline,0,Balanced,0,Low,0,Low,0,Low,0,Low,0,0.280271,0.596607,0.467881,0.0272835,0.1
737,Baseline,0,Balanced,0,Low,0,Low,0,Low,0,Low,0,0.280271,0.596609,0.467882,0.0272858,0.1
738,Baseline,0,Balanced,0,Low,0,Low,0,Low,0,Low,0,0.280272,0.596608,0.467881,0.0272866,0.1
739,Baseline,0,Balanced,0,Low,0,Low,0,Low,0,Low,0,0.28027,0.596603,0.467878,0.0272819,0.1
740,Baseline,0,Balanced,0,Low,0,Low,0,Low,0,Low,0,0.28027,0.5966,0.467876,0.027285,0.1
741,Baseline,0,Balanced,0,Low,0,Low,0,Low,0,Low,0,0.280271,0.596598,0.467875,0.0272835,0.1
742,Baseline,0,Balanced,0,Low,0,Low,0,Low,0,Low,0,0.28027,0.596597,0.467875,0.0272835,0.1
743,Baseline,0,Balanced,0,Low,0,Low,0,Low,0,Low,0,0.28027,0.596596,0.467874,0.0272773,0.1
744,Baseline,0,Balanced,0,Low,0,Low,0,Low,0,Low,0,0.280271,0.596597,0.467874,0.0272727,0.1
745,Baseline,0,Balanced,0,Low,0,Low,0,Low,0,Low,0,0.280271,0.596597,0.467874,0.0272773,0.1
746,Baseline,0,Balanced,0,Low,0,Low,0,Low,0,Low,0,0.28027,0.596595,0.467873,0.0272743,0.1
747,Baseline,0,Balanced,0,Low,0,Low,0,Low,0,Low,0,0.28027,0.596593,0.467872,0.0272704,0.1
748,Baseline,0,Balanced,0,Low,0,Low,0,Low,0,Low,0,0.280269,0.596591,0.467871,0.0272666,0.1
749,Baseline,0,Balanced,0,Low,0,Low,0,Low,0,Low,0,0.280268,0.596587,0.467868,0.027275,0.1
750,Baseline,0,Balanced,0,Low,0,Low,0,Low,0,Low,0,0.280269,0.596589,0.467869,0.0272758,0.1
751,Baseline,0,Balanced,0,Low,0,Low,0,Low,0,Low,0,0.280269,0.596585,0.467867,0.0272681,0.1
752,Baseline,0,Balanced,0,Low,0,Low,0,Low,0,Low,0,0.280268,0.596583,0.467866,0.0272735,0.1
753,Baseline,0,Balanced,0,Low,0,Low,0,Low,0,Low,0,0.280268,0.59658,0.467864,0.027272,0.1
754,Baseline,0,Balanced,0,Low,0,Low,0,Low,0,Low,0,0.280268,0.596581,0.467864,0.0272781,0.1
755,Baseline,0,Balanced,0,Low,0,Low,0,Low,0,Low,0,0.280267,0.596583,0.467865,0.0272727,0.1
756,Baseline,0,Balanced,0,Low,0,Low,0,Low,0,Low,0,0.280267,0.596583,0.467866,0.0272697,0.1
757,Baseline,0,Balanced,0,Low,0,Low,0,Low,0,Low,0,0.280268,0.596586,0.467867,0.0272673,0.1
758,Baseline,0,Balanced,0,Low,0,Low,0,Low,0,Low,0,0.280267,0.596586,0.467868,0.0272681,0.1
759,Baseline,0,Balanced,0,Low,0,Low,0,Low,0,Low,0,0.280267,0.596586,0.467868,0.0272689,0.1
760,Baseline,0,Balanced,0,Low,0,Low,0,Low,0,Low,0,0.280268,0.596582,0.467865,0.027275,0.1
761,Baseline,0,Balanced,0,Low,0,Low,0,Low,0,Low,0,0.280268,0.596578,0.467863,0.0272743,0.1
762,Baseline,0,Balanced,0,Low,0,Low,0,Low,0,Low,0,0.280267,0.596579,0.467863,0.0272689,0.1
763,Baseline,0,Balanced,0,Low,0,Low,0,Low,0,Low,0,0.280265,0.596577,0.467862,0.0272635,0.1
764,Baseline,0,Balanced,0,Low,0,Low,0,Low,0,Low,0,0.280264,0.596576,0.467861,0.0272643,0.1
765,Baseline,0,Balanced,0,Low,0,Low,0,Low,0,Low,0,0.280265,0.596574,0.46786,0.0272627,0.1
766,Baseline,0,Balanced,0,Low,0,Low,0,Low,0,Low,0,0.280265,0.596572,0.467859,0.0272643,0.1
767,Baseline,0,Balanced,0,Low,0,Low,0,Low,0,Low,0,0.280267,0.596574,0.46786,0.0272604,0.1
768,Baseline,0,Balanced,0,Low,0,Low,0,Low,0,Low,0,0.280267,0.596571,0.467858,0.0272574,0.1
769,Baseline,0,Balanced,0,Low,0,Low,0,Low,0,Low,0,0.280268,0.596575,0.467861,0.0272697,0.1
770,Baseline,0,Balanced,0,Low,0,Low,0,Low,0,Low,0,0.280268,0.596575,0.467861,0.0272658,0.1
771,Baseline,0,Balanced,0,Low,0,Low,0,Low,0,Low,0,0.280269,0.596575,0.46786,0.0272627,0.1
772,Baseline,0,Balanced,0,Low,0,Low,0,Low,0,Low,0,0.28027,0.596574,0.46786,0.027265,0.1
773,Baseline,0,Balanced,0,Low,0,Low,0,Low,0,Low,0,0.28027,0.59657,0.467857,0.0272704,0.1
774,Baseline,0,Balanced,0,Low,0,Low,0,Low,0,Low,0,0.280269,0.596568,0.467856,0.0272597,0.1
775,Baseline,0,Balanced,0,Low,0,Low,0,Low,0,Low,0,0.280269,0.596562,0.467852,0.027265,0.1
776,Baseline,0,Balanced,0,Low,0,Low,0,Low,0,Low,0,0.280269,0.596561,0.467852,0.0272635,0.1
777,Baseline,0,Balanced,0,Low,0,Low,0,Low,0,Low,0,0.280269,0.596559,0.46785,0.027265,0.1
778,Baseline,0,Balanced,0,Low,0,Low,0,Low,0,Low,0,0.280269,0.596556,0.467848,0.0272635,0.1
779,Baseline,0,Balanced,0,Low,0,Low,0,Low,0,Low,0,0.280269,0.596557,0.467849,0.027265,0.1
780,Baseline,0,Balanced,0,Low,0,Low,0,Low,0,Low,0,0.28027,0.596558,0.46785,0.027262,0.1
781,Baseline,0,Balanced,0,Low,0,Low,0,Low,0,Low,0,0.28027,0.596559,0.467851,0.0272681,0.1
782,Baseline,0,Balanced,0,Low,0,Low,0,Low,0,Low,0,0.280269,0.596559,0.467851,0.0272658,0.1
783,Baseline,0,Balanced,0,Low,0,Low,0,Low,0,Low,0,0.280268,0.596551,0.467846,0.027265,0.1
784,Baseline,0,Balanced,0,Low,0,Low,0,Low,0,Low,0,0.280268,0.596549,0.467845,0.0272604,0.1
785,Baseline,0,Balanced,0,Low,0,Low,0,Low,0,Low,0,0.280268,0.59655,0.467845,0.0272643,0.1
786,Baseline,0,Balanced,0,Low,0,Low,0,Low,0,Low,0,0.280269,0.596549,0.467844,0.0272689,0.1
787,Baseline,0,Balanced,0,Low,0,Low,0,Low,0,Low,0,0.280269,0.596546,0.467843,0.0272666,0.1
788,Baseline,0,Balanced,0,Low,0,Low,0,Low,0,Low,0,0.28027,0.596546,0.467843,0.0272689,0.1
789,Baseline,0,Balanced,0,Low,0,Low,0,Low,0,Low,0,0.28027,0.596545,0.467842,0.0272604,0.1
790,Baseline,0,Balanced,0,Low,0,Low,0,Low,0,Low,0,0.280272,0.596546,0.467843,0.0272627,0.1
791,Baseline,0,Balanced,0,Low,0,Low,0,Low,0,Low,0,0.280271,0.596542,0.46784,0.0272704,0.1
792,Baseline,0,Balanced,0,Low,0,Low,0,Low,0,Low,0,0.280271,0.596541,0.46784,0.027285,0.1
793,Baseline,0,Balanced,0,Low,0,Low,0,Low,0,Low,0,0.280272,0.596539,0.467838,0.0272827,0.1
794,Baseline,0,Balanced,0,Low,0,Low,0,Low,0,Low,0,0.280271,0.596541,0.46784,0.0272766,0.1
795,Baseline,0,Balanced,0,Low,0,Low,0,Low,0,Low,0,0.280271,0.596543,0.467841,0.0272789,0.1
796,Baseline,0,Balanced,0,Low,0,Low,0,Low,0,Low,0,0.28027,0.596537,0.467837,0.0272704,0.1
797,Baseline,0,Balanced,0,Low,0,Low,0,Low,0,Low,0,0.280271,0.596537,0.467837,0.0272704,0.1
798,Baseline,0,Balanced,0,Low,0,Low,0,Low,0,Low,0,0.280271,0.596533,0.467835,0.027262,0.1
799,Baseline,0,Balanced,0,Low,0,Low,0,Low,0,Low,0,0.280269,0.596529,0.467832,0.0272704,0.1
800,Baseline,0,Balanced,0,Low,0,Low,0,Low,0,Low,0,0.280269,0.596527,0.46783,0.027272,0.1
801,Baseline,0,Balanced,0,Low,0,Low,0,Low,0,Low,0,0.280269,0.596529,0.467832,0.0272673,0.1
802,Baseline,0,Balanced,0,Low,0,Low,0,Low,0,Low,0,0.280269,0.59653,0.467832,0.027265,0.1
803,Baseline,0,Balanced,0,Low,0,Low,0,Low,0,Low,0,0.280269,0.59653,0.467833,0.027262,0.1
804,Baseline,0,Balanced,0,Low,0,Low,0,Low,0,Low,0,0.280269,0.596527,0.467831,0.0272635,0.1
805,Baseline,0,Balanced,0,Low,0,Low,0,Low,0,Low,0,0.28027,0.596527,0.467831,0.027262,0.1
806,Baseline,0,Balanced,0,Low,0,Low,0,Low,0,Low,0,0.280269,0.596524,0.467829,0.0272666,0.1
807,Baseline,0,Balanced,0,Low,0,Low,0,Low,0,Low,0,0.280269,0.596527,0.46783,0.027272,0.1
808,Baseline,0,Balanced,0,Low,0,Low,0,Low,0,Low,0,0.280269,0.596528,0.467831,0.027272,0.1
809,Baseline,0,Balanced,0,Low,0,Low,0,Low,0,Low,0,0.280268,0.596528,0.467831,0.027272,0.1
810,Baseline,0,Balanced,0,Low,0,Low,0,Low,0,Low,0,0.280269,0.596525,0.467829,0.0272673,0.1
811,Baseline,0,Balanced,0,Low,0,Low,0,Low,0,Low,0,0.280269,0.596524,0.467829,0.027265,0.1
812,Baseline,0,Balanced,0,Low,0,Low,0,Low,0,Low,0,0.280268,0.596525,0.467829,0.0272635,0.1
813,Baseline,0,Balanced,0,Low,0,Low,0,Low,0,Low,0,0.280268,0.596523,0.467828,0.027262,0.1
814,Baseline,0,Balanced,0,Low,0,Low,0,Low,0,Low,0,0.280269,0.596521,0.467827,0.0272673,0.1
815,Baseline,0,Balanced,0,Low,0,Low,0,Low,0,Low,0,0.280268,0.596519,0.467825,0.0272712,0.1
816,Baseline,0,Balanced,0,Low,0,Low,0,Low,0,Low,0,0.280269,0.596518,0.467825,0.0272673,0.1
817,Baseline,0,Balanced,0,Low,0,Low,0,Low,0,Low,0,0.280268,0.596516,0.467824,0.0272666,0.1
818,Baseline,0,Balanced,0,Low,0,Low,0,Low,0,Low,0,0.280268,0.596514,0.467822,0.0272627,0.1
819,Baseline,0,Balanced,0,Low,0,Low,0,Low,0,Low,0,0.280268,0.596516,0.467824,0.0272574,0.1
820,Baseline,0,Balanced,0,Low,0,Low,0,Low,0,Low,0,0.280269,0.596516,0.467824,0.027262,0.1
821,Baseline,0,Balanced,0,Low,0,Low,0,Low,0,Low,0,0.280269,0.596515,0.467823,0.0272704,0.1
822,Baseline,0,Balanced,0,Low,0,Low,0,Low,0,Low,0,0.280268,0.596515,0.467823,0.0272673,0.1
823,Baseline,0,Balanced,0,Low,0,Low,0,Low,0,Low,0,0.280269,0.596515,0.467823,0.0272604,0.1
824,Baseline,0,Balanced,0,Low,0,Low,0,Low,0,Low,0,0.280269,0.596515,0.467823,0.0272635,0.1
825,Baseline,0,Balanced,0,Low,0,Low,0,Low,0,Low,0,0.280269,0.596514,0.467822,0.0272612,0.1
826,Baseline,0,Balanced,0,Low,0,Low,0,Low,0,Low,0,0.280269,0.596512,0.467821,0.0272627,0.1
827,Baseline,0,Balanced,0,Low,0,Low,0,Low,0,Low,0,0.28027,0.596511,0.46782,0.0272604,0.1
828,Baseline,0,Balanced,0,Low,0,Low,0,Low,0,Low,0,0.28027,0.596507,0.467818,0.0272658,0.1
829,Baseline,0,Balanced,0,Low,0,Low,0,Low,0,Low,0,0.28027,0.596505,0.467817,0.0272666,0.1
830,Baseline,0,Balanced,0,Low,0,Low,0,Low,0,Low,0,0.280271,0.596505,0.467817,0.0272697,0.1
831,Baseline,0,Balanced,0,Low,0,Low,0,Low,0,Low,0,0.280271,0.596501,0.467814,0.0272673,0.1
832,Baseline,0,Balanced,0,Low,0,Low,0,Low,0,Low,0,0.28027,0.5965,0.467814,0.0272666,0.1
833,Baseline,0,Balanced,0,Low,0,Low,0,Low,0,Low,0,0.28027,0.596496,0.467811,0.027265,0.1
834,Baseline,0,Balanced,0,Low,0,Low,0,Low,0,Low,0,0.280271,0.596495,0.467811,0.0272681,0.1
835,Baseline,0,Balanced,0,Low,0,Low,0,Low,0,Low,0,0.280273,0.596498,0.467813,0.0272681,0.1
836,Baseline,0,Balanced,0,Low,0,Low,0,Low,0,Low,0,0.280274,0.596498,0.467812,0.0272658,0.1
837,Baseline,0,Balanced,0,Low,0,Low,0,Low,0,Low,0,0.280274,0.596496,0.467811,0.027272,0.1
838,Baseline,0,Balanced,0,Low,0,Low,0,Low,0,Low,0,0.280274,0.596495,0.46781,0.0272704,0.1
839,Baseline,0,Balanced,0,Low,0,Low,0,Low,0,Low,0,0.280274,0.596492,0.467809,0.027272,0.1
840,Baseline,0,Balanced,0,Low,0,Low,0,Low,0,Low,0,0.280275,0.596493,0.467809,0.0272743,0.1
841,Baseline,0,Balanced,0,Low,0,Low,0,Low,0,Low,0,0.280275,0.596494,0.46781,0.0272712,0.1
842,Baseline,0,Balanced,0,Low,0,Low,0,Low,0,Low,0,0.280274,0.596495,0.46781,0.0272681,0.1
843,Baseline,0,Balanced,0,Low,0,Low,0,Low,0,Low,0,0.280274,0.596492,0.467809,0.0272681,0.1
844,Baseline,0,Balanced,0,Low,0,Low,0,Low,0,Low,0,0.280273,0.59649,0.467808,0.0272658,0.1
845,Baseline,0,Balanced,0,Low,0,Low,0,Low,0,Low,0,0.280273,0.59649,0.467808,0.0272612,0.1
846,Baseline,0,Balanced,0,Low,0,Low,0,Low,0,Low,0,0.280273,0.59649,0.467807,0.0272589,0.1
847,Baseline,0,Balanced,0,Low,0,Low,0,Low,0,Low,0,0.280273,0.596487,0.467806,0.027265,0.1
848,Baseline,0,Balanced,0,Low,0,Low,0,Low,0,Low,0,0.280273,0.596487,0.467806,0.0272727,0.1
849,Baseline,0,Balanced,0,Low,0,Low,0,Low,0,Low,0,0.280273,0.596488,0.467806,0.0272704,0.1
850,Baseline,0,Balanced,0,Low,0,Low,0,Low,0,Low,0,0.280274,0.596488,0.467806,0.0272627,0.1
851,Baseline,0,Balanced,0,Low,0,Low,0,Low,0,Low,0,0.280274,0.596487,0.467806,0.0272697,0.1
852,Baseline,0,Balanced,0,Low,0,Low,0,Low,0,Low,0,0.280273,0.596486,0.467805,0.0272743,0.1
853,Baseline,0,Balanced,0,Low,0,Low,0,Low,0,Low,0,0.280273,0.596484,0.467804,0.027272,0.1
854,Baseline,0,Balanced,0,Low,0,Low,0,Low,0,Low,0,0.280273,0.596485,0.467804,0.0272697,0.1
855,Baseline,0,Balanced,0,Low,0,Low,0,Low,0,Low,0,0.280272,0.596481,0.467802,0.0272735,0.1
856,Baseline,0,Balanced,0,Low,0,Low,0,Low,0,Low,0,0.280272,0.59648,0.467801,0.0272704,0.1
857,Baseline,0,Balanced,0,Low,0,Low,0,Low,0,Low,0,0.28027,0.596475,0.467798,0.027272,0.1
858,Baseline,0,Balanced,0,Low,0,Low,0,Low,0,Low,0,0.28027,0.596472,0.467796,0.0272697,0.1
859,Baseline,0,Balanced,0,Low,0,Low,0,Low,0,Low,0,0.28027,0.596475,0.467798,0.0272712,0.1
860,Baseline,0,Balanced,0,Low,0,Low,0,Low,0,Low,0,0.280269,0.596477,0.467799,0.0272689,0.1
861,Baseline,0,Balanced,0,Low,0,Low,0,Low,0,Low,0,0.280268,0.596477,0.467799,0.0272689,0.1
862,Baseline,0,Balanced,0,Low,0,Low,0,Low,0,Low,0,0.280268,0.596476,0.467799,0.0272612,0.1
863,Baseline,0,Balanced,0,Low,0,Low,0,Low,0,Low,0,0.280269,0.596477,0.467799,0.027262,0.1
864,Baseline,0,Balanced,0,Low,0,Low,0,Low,0,Low,0,0.280269,0.59648,0.467802,0.0272689,0.1
865,Baseline,0,Balanced,0,Low,0,Low,0,Low,0,Low,0,0.280269,0.596477,0.467799,0.0272727,0.1
866,Baseline,0,Balanced,0,Low,0,Low,0,Low,0,Low,0,0.28027,0.596473,0.467797,0.027272,0.1
867,Baseline,0,Balanced,0,Low,0,Low,0,Low,0,Low,0,0.28027,0.596471,0.467796,0.0272689,0.1
868,Baseline,0,Balanced,0,Low,0,Low,0,Low,0,Low,0,0.280271,0.59647,0.467795,0.0272658,0.1
869,Baseline,0,Balanced,0,Low,0,Low,0,Low,0,Low,0,0.280271,0.596468,0.467794,0.0272673,0.1
870,Baseline,0,Balanced,0,Low,0,Low,0,Low,0,Low,0,0.28027,0.596467,0.467793,0.0272581,0.1
871,Baseline,0,Balanced,0,Low,0,Low,0,Low,0,Low,0,0.280271,0.596468,0.467794,0.0272643,0.1
872,Baseline,0,Balanced,0,Low,0,Low,0,Low,0,Low,0,0.28027,0.596463,0.46779,0.0272604,0.1
873,Baseline,0,Balanced,0,Low,0,Low,0,Low,0,Low,0,0.280269,0.596464,0.467791,0.0272627,0.1
874,Baseline,0,Balanced,0,Low,0,Low,0,Low,0,Low,0,0.280268,0.596462,0.46779,0.027262,0.1
875,Baseline,0,Balanced,0,Low,0,Low,0,Low,0,Low,0,0.280269,0.596463,0.46779,0.027262,0.1
876,Baseline,0,Balanced,0,Low,0,Low,0,Low,0,Low,0,0.280268,0.596461,0.467789,0.0272574,0.1
877,Baseline,0,Balanced,0,Low,0,Low,0,Low,0,Low,0,0.280268,0.596458,0.467787,0.0272612,0.1
878,Baseline,0,Balanced,0,Low,0,Low,0,Low,0,Low,0,0.280269,0.596458,0.467787,0.027265,0.1
879,Baseline,0,Balanced,0,Low,0,Low,0,Low,0,Low,0,0.28027,0.596461,0.467789,0.027265,0.1
880,Baseline,0,Balanced,0,Low,0,Low,0,Low,0,Low,0,0.280269,0.596457,0.467787,0.027262,0.1
881,Baseline,0,Balanced,0,Low,0,Low,0,Low,0,Low,0,0.280268,0.596456,0.467786,0.0272566,0.1
882,Baseline,0,Balanced,0,Low,0,Low,0,Low,0,Low,0,0.280267,0.596457,0.467787,0.0272543,0.1
883,Baseline,0,Balanced,0,Low,0,Low,0,Low,0,Low,0,0.280267,0.596456,0.467786,0.0272566,0.1
884,Baseline,0,Balanced,0,Low,0,Low,0,Low,0,Low,0,0.280267,0.596457,0.467786,0.0272612,0.1
885,Baseline,0,Balanced,0,Low,0,Low,0,Low,0,Low,0,0.280265,0.596453,0.467784,0.0272551,0.1
886,Baseline,0,Balanced,0,Low,0,Low,0,Low,0,Low,0,0.280266,0.596453,0.467784,0.0272581,0.1
887,Baseline,0,Balanced,0,Low,0,Low,0,Low,0,Low,0,0.280265,0.596451,0.467783,0.0272581,0.1
888,Baseline,0,Balanced,0,Low,0,Low,0,Low,0,Low,0,0.280267,0.596453,0.467784,0.0272543,0.1
889,Baseline,0,Balanced,0,Low,0,Low,0,Low,0,Low,0,0.280266,0.596453,0.467784,0.0272543,0.1
890,Baseline,0,Balanced,0,Low,0,Low,0,Low,0,Low,0,0.280266,0.596452,0.467783,0.0272504,0.1
891,Baseline,0,Balanced,0,Low,0,Low,0,Low,0,Low,0,0.280267,0.59645,0.467783,0.027252,0.1
892,Baseline,0,Balanced,0,Low,0,Low,0,Low,0,Low,0,0.280267,0.596448,0.467781,0.0272612,0.1
893,Baseline,0,Balanced,0,Low,0,Low,0,Low,0,Low,0,0.280268,0.596448,0.467781,0.0272643,0.1
894,Baseline,0,Balanced,0,Low,0,Low,0,Low,0,Low,0,0.280268,0.596448,0.467781,0.0272581,0.1
895,Baseline,0,Balanced,0,Low,0,Low,0,Low,0,Low,0,0.280267,0.596445,0.467779,0.0272604,0.1
896,Baseline,0,Balanced,0,Low,0,Low,0,Low,0,Low,0,0.280268,0.596446,0.46778,0.0272581,0.1
897,Baseline,0,Balanced,0,Low,0,Low,0,Low,0,Low,0,0.280268,0.596445,0.467779,0.0272551,0.1
898,Baseline,0,Balanced,0,Low,0,Low,0,Low,0,Low,0,0.280268,0.596446,0.46778,0.0272566,0.1
899,Baseline,0,Balanced,0,Low,0,Low,0,Low,0,Low,0,0.280268,0.596443,0.467778,0.027262,0.1
900,Baseline,0,Balanced,0,Low,0,Low,0,Low,0,Low,0,0.280269,0.596442,0.467777,0.0272658,0.1
901,Baseline,0,Balanced,0,Low,0,Low,0,Low,0,Low,0,0.280269,0.596441,0.467777,0.0272666,0.1
902,Baseline,0,Balanced,0,Low,0,Low,0,Low,0,Low,0,0.28027,0.596442,0.467778,0.0272535,0.1
903,Baseline,0,Balanced,0,Low,0,Low,0,Low,0,Low,0,0.28027,0.59644,0.467776,0.0272535,0.1
904,Baseline,0,Balanced,0,Low,0,Low,0,Low,0,Low,0,0.28027,0.596436,0.467773,0.0272504,0.1
905,Baseline,0,Balanced,0,Low,0,Low,0,Low,0,Low,0,0.28027,0.596432,0.467771,0.0272527,0.1
906,Baseline,0,Balanced,0,Low,0,Low,0,Low,0,Low,0,0.280269,0.596432,0.467771,0.0272589,0.1
907,Baseline,0,Balanced,0,Low,0,Low,0,Low,0,Low,0,0.280269,0.596433,0.467772,0.0272543,0.1
908,Baseline,0,Balanced,0,Low,0,Low,0,Low,0,Low,0,0.280269,0.596432,0.467771,0.0272589,0.1
909,Baseline,0,Balanced,0,Low,0,Low,0,Low,0,Low,0,0.280268,0.596432,0.467771,0.0272551,0.1
910,Baseline,0,Balanced,0,Low,0,Low,0,Low,0,Low,0,0.280268,0.596432,0.467771,0.0272535,0.1
911,Baseline,0,Balanced,0,Low,0,Low,0,Low,0,Low,0,0.280269,0.596435,0.467773,0.0272535,0.1
912,Baseline,0,Balanced,0,Low,0,Low,0,Low,0,Low,0,0.28027,0.596433,0.467772,0.0272535,0.1
913,Baseline,0,Balanced,0,Low,0,Low,0,Low,0,Low,0,0.28027,0.596429,0.467769,0.0272627,0.1
914,Baseline,0,Balanced,0,Low,0,Low,0,Low,0,Low,0,0.280269,0.596428,0.467768,0.0272581,0.1
915,Baseline,0,Balanced,0,Low,0,Low,0,Low,0,Low,0,0.280269,0.596427,0.467768,0.0272527,0.1
916,Baseline,0,Balanced,0,Low,0,Low,0,Low,0,Low,0,0.28027,0.596426,0.467767,0.0272543,0.1
917,Baseline,0,Balanced,0,Low,0,Low,0,Low,0,Low,0,0.280271,0.596428,0.467769,0.027252,0.1
918,Baseline,0,Balanced,0,Low,0,Low,0,Low,0,Low,0,0.280272,0.596429,0.467769,0.027252,0.1
919,Baseline,0,Balanced,0,Low,0,Low,0,Low,0,Low,0,0.280272,0.596428,0.467769,0.0272543,0.1
920,Baseline,0,Balanced,0,Low,0,Low,0,Low,0,Low,0,0.280272,0.596429,0.467769,0.0272504,0.1
921,Baseline,0,Balanced,0,Low,0,Low,0,Low,0,Low,0,0.280272,0.596426,0.467768,0.0272466,0.1
922,Baseline,0,Balanced,0,Low,0,Low,0,Low,0,Low,0,0.280273,0.596429,0.467769,0.0272543,0.1
923,Baseline,0,Balanced,0,Low,0,Low,0,Low,0,Low,0,0.280273,0.596429,0.467769,0.0272535,0.1
924,Baseline,0,Balanced,0,Low,0,Low,0,Low,0,Low,0,0.280273,0.596427,0.467768,0.0272574,0.1
925,Baseline,0,Balanced,0,Low,0,Low,0,Low,0,Low,0,0.280273,0.596429,0.467769,0.0272558,0.1
926,Baseline,0,Balanced,0,Low,0,Low,0,Low,0,Low,0,0.280274,0.596429,0.467769,0.0272551,0.1
927,Baseline,0,Balanced,0,Low,0,Low,0,Low,0,Low,0,0.280275,0.596428,0.467768,0.0272551,0.1
928,Baseline,0,Balanced,0,Low,0,Low,0,Low,0,Low,0,0.280274,0.596427,0.467768,0.0272551,0.1
929,Baseline,0,Balanced,0,Low,0,Low,0,Low,0,Low,0,0.280275,0.596429,0.467769,0.0272535,0.1
930,Baseline,0,Balanced,0,Low,0,Low,0,Low,0,Low,0,0.280276,0.59643,0.46777,0.0272581,0.1
931,Baseline,0,Balanced,0,Low,0,Low,0,Low,0,Low,0,0.280276,0.596427,0.467768,0.0272574,0.1
932,Baseline,0,Balanced,0,Low,0,Low,0,Low,0,Low,0,0.280277,0.596428,0.467769,0.0272566,0.1
933,Baseline,0,Balanced,0,Low,0,Low,0,Low,0,Low,0,0.280276,0.596426,0.467767,0.0272589,0.1
934,Baseline,0,Balanced,0,Low,0,Low,0,Low,0,Low,0,0.280276,0.596427,0.467768,0.0272604,0.1
935,Baseline,0,Balanced,0,Low,0,Low,0,Low,0,Low,0,0.280276,0.596426,0.467768,0.0272581,0.1
936,Baseline,0,Balanced,0,Low,0,Low,0,Low,0,Low,0,0.280277,0.596428,0.467768,0.0272597,0.1
937,Baseline,0,Balanced,0,Low,0,Low,0,Low,0,Low,0,0.280278,0.596428,0.467769,0.0272551,0.1
938,Baseline,0,Balanced,0,Low,0,Low,0,Low,0,Low,0,0.280277,0.596426,0.467767,0.027252,0.1
939,Baseline,0,Balanced,0,Low,0,Low,0,Low,0,Low,0,0.280277,0.596428,0.467769,0.0272527,0.1
940,Baseline,0,Balanced,0,Low,0,Low,0,Low,0,Low,0,0.280277,0.596427,0.467768,0.0272474,0.1
941,Baseline,0,Balanced,0,Low,0,Low,0,Low,0,Low,0,0.280277,0.596426,0.467768,0.0272543,0.1
942,Baseline,0,Balanced,0,Low,0,Low,0,Low,0,Low,0,0.280277,0.596425,0.467767,0.0272558,0.1
943,Baseline,0,Balanced,0,Low,0,Low,0,Low,0,Low,0,0.280278,0.596425,0.467767,0.0272558,0.1
944,Baseline,0,Balanced,0,Low,0,Low,0,Low,0,Low,0,0.280277,0.596426,0.467767,0.0272551,0.1
945,Baseline,0,Balanced,0,Low,0,Low,0,Low,0,Low,0,0.280277,0.596423,0.467766,0.0272543,0.1
946,Baseline,0,Balanced,0,Low,0,Low,0,Low,0,Low,0,0.280277,0.596421,0.467764,0.0272543,0.1
947,Baseline,0,Balanced,0,Low,0,Low,0,Low,0,Low,0,0.280277,0.596424,0.467766,0.0272574,0.1
948,Baseline,0,Balanced,0,Low,0,Low,0,Low,0,Low,0,0.280277,0.596424,0.467766,0.0272597,0.1
949,Baseline,0,Balanced,0,Low,0,Low,0,Low,0,Low,0,0.280276,0.596421,0.467764,0.0272581,0.1
950,Baseline,0,Balanced,0,Low,0,Low,0,Low,0,Low,0,0.280277,0.596421,0.467764,0.0272543,0.1
951,Baseline,0,Balanced,0,Low,0,Low,0,Low,0,Low,0,0.280278,0.596423,0.467766,0.0272558,0.1
952,Baseline,0,Balanced,0,Low,0,Low,0,Low,0,Low,0,0.280277,0.596423,0.467766,0.0272589,0.1
953,Baseline,0,Balanced,0,Low,0,Low,0,Low,0,Low,0,0.280277,0.596424,0.467766,0.0272504,0.1
954,Baseline,0,Balanced,0,Low,0,Low,0,Low,0,Low,0,0.280279,0.596423,0.467765,0.0272489,0.1
955,Baseline,0,Balanced,0,Low,0,Low,0,Low,0,Low,0,0.280278,0.596418,0.467763,0.0272489,0.1
956,Baseline,0,Balanced,0,Low,0,Low,0,Low,0,Low,0,0.280278,0.596417,0.467762,0.0272527,0.1
957,Baseline,0,Balanced,0,Low,0,Low,0,Low,0,Low,0,0.280277,0.596418,0.467762,0.0272474,0.1
958,Baseline,0,Balanced,0,Low,0,Low,0,Low,0,Low,0,0.280277,0.596418,0.467762,0.0272435,0.1
959,Baseline,0,Balanced,0,Low,0,Low,0,Low,0,Low,0,0.280276,0.596416,0.467761,0.0272443,0.1
960,Baseline,0,Balanced,0,Low,0,Low,0,Low,0,Low,0,0.280277,0.596415,0.467761,0.0272466,0.1
961,Baseline,0,Balanced,0,Low,0,Low,0,Low,0,Low,0,0.280277,0.596414,0.46776,0.0272497,0.1
962,Baseline,0,Balanced,0,Low,0,Low,0,Low,0,Low,0,0.280277,0.596412,0.467759,0.0272474,0.1
963,Baseline,0,Balanced,0,Low,0,Low,0,Low,0,Low,0,0.280278,0.596412,0.467759,0.0272435,0.1
964,Baseline,0,Balanced,0,Low,0,Low,0,Low,0,Low,0,0.280279,0.596412,0.467759,0.0272458,0.1
965,Baseline,0,Balanced,0,Low,0,Low,0,Low,0,Low,0,0.280279,0.59641,0.467757,0.0272489,0.1
966,Baseline,0,Balanced,0,Low,0,Low,0,Low,0,Low,0,0.280279,0.596409,0.467757,0.0272443,0.1
967,Baseline,0,Balanced,0,Low,0,Low,0,Low,0,Low,0,0.280278,0.596408,0.467756,0.0272412,0.1
968,Baseline,0,Balanced,0,Low,0,Low,0,Low,0,Low,0,0.280279,0.596407,0.467756,0.0272412,0.1
969,Baseline,0,Balanced,0,Low,0,Low,0,Low,0,Low,0,0.28028,0.596409,0.467757,0.0272374,0.1
970,Baseline,0,Balanced,0,Low,0,Low,0,Low,0,Low,0,0.280279,0.596407,0.467756,0.0272412,0.1
971,Baseline,0,Balanced,0,Low,0,Low,0,Low,0,Low,0,0.28028,0.596407,0.467756,0.0272412,0.1
972,Baseline,0,Balanced,0,Low,0,Low,0,Low,0,Low,0,0.28028,0.596406,0.467755,0.0272458,0.1
973,Baseline,0,Balanced,0,Low,0,Low,0,Low,0,Low,0,0.280281,0.596407,0.467756,0.0272412,0.1
974,Baseline,0,Balanced,0,Low,0,Low,0,Low,0,Low,0,0.280281,0.596406,0.467755,0.0272389,0.1
975,Baseline,0,Balanced,0,Low,0,Low,0,Low,0,Low,0,0.28028,0.596402,0.467752,0.0272389,0.1
976,Baseline,0,Balanced,0,Low,0,Low,0,Low,0,Low,0,0.28028,0.5964,0.467751,0.027242,0.1
977,Baseline,0,Balanced,0,Low,0,Low,0,Low,0,Low,0,0.280279,0.596399,0.467751,0.0272381,0.1
978,Baseline,0,Balanced,0,Low,0,Low,0,Low,0,Low,0,0.280279,0.596397,0.467749,0.0272358,0.1
979,Baseline,0,Balanced,0,Low,0,Low,0,Low,0,Low,0,0.280279,0.596396,0.467748,0.0272343,0.1
980,Baseline,0,Balanced,0,Low,0,Low,0,Low,0,Low,0,0.280278,0.596395,0.467748,0.0272366,0.1
981,Baseline,0,Balanced,0,Low,0,Low,0,Low,0,Low,0,0.280278,0.596391,0.467746,0.0272389,0.1
982,Baseline,0,Balanced,0,Low,0,Low,0,Low,0,Low,0,0.28028,0.596388,0.467744,0.0272351,0.1
983,Baseline,0,Balanced,0,Low,0,Low,0,Low,0,Low,0,0.28028,0.596387,0.467743,0.0272358,0.1
984,Baseline,0,Balanced,0,Low,0,Low,0,Low,0,Low,0,0.280281,0.596385,0.467742,0.0272312,0.1
985,Baseline,0,Balanced,0,Low,0,Low,0,Low,0,Low,0,0.280281,0.596383,0.46774,0.0272289,0.1
986,Baseline,0,Balanced,0,Low,0,Low,0,Low,0,Low,0,0.280281,0.59638,0.467738,0.0272235,0.1
987,Baseline,0,Balanced,0,Low,0,Low,0,Low,0,Low,0,0.280281,0.596382,0.46774,0.0272266,0.1
988,Baseline,0,Balanced,0,Low,0,Low,0,Low,0,Low,0,0.280282,0.59638,0.467739,0.0272274,0.1
989,Baseline,0,Balanced,0,Low,0,Low,0,Low,0,Low,0,0.280282,0.596376,0.467736,0.0272289,0.1
990,Baseline,0,Balanced,0,Low,0,Low,0,Low,0,Low,0,0.280282,0.596375,0.467736,0.0272297,0.1
991,Baseline,0,Balanced,0,Low,0,Low,0,Low,0,Low,0,0.280281,0.596371,0.467733,0.0272266,0.1
992,Baseline,0,Balanced,0,Low,0,Low,0,Low,0,Low,0,0.280281,0.596372,0.467733,0.0272266,0.1
993,Baseline,0,Balanced,0,Low,0,Low,0,Low,0,Low,0,0.280281,0.596373,0.467734,0.0272251,0.1
994,Baseline,0,Balanced,0,Low,0,Low,0,Low,0,Low,0,0.280282,0.596371,0.467733,0.0272282,0.1
995,Baseline,0,Balanced,0,Low,0,Low,0,Low,0,Low,0,0.280281,0.596367,0.467731,0.0272335,0.1
996,Baseline,0,Balanced,0,Low,0,Low,0,Low,0,Low,0,0.28028,0.596365,0.467729,0.0272358,0.1
997,Baseline,0,Balanced,0,Low,0,Low,0,Low,0,Low,0,0.28028,0.596365,0.467729,0.0272412,0.1
998,Baseline,0,Balanced,0,Low,0,Low,0,Low,0,Low,0,0.280282,0.596363,0.467728,0.0272381,0.1
999,Baseline,0,Balanced,0,Low,0,Low,0,Low,0,Low,0,0.280282,0.596361,0.467727,0.027232,0.1
1000,Baseline,0,Balanced,0,Low,0,Low,0,Low,0,Low,0,0.280282,0.596361,0.467726,0.0272305,0.1
1001,Baseline,0,Balanced,0,Low,0,Low,0,Low,0,Low,0,0.280282,0.596361,0.467726,0.0272297,0.1
1002,Baseline,0,Balanced,0,Low,0,Low,0,Low,0,Low,0,0.280283,0.596359,0.467725,0.0272297,0.1
1003,Baseline,0,Balanced,0,Low,0,Low,0,Low,0,Low,0,0.280282,0.596358,0.467725,0.0272297,0.1
1004,Baseline,0,Balanced,0,Low,0,Low,0,Low,0,Low,0,0.280283,0.596361,0.467726,0.0272259,0.1
1005,Baseline,0,Balanced,0,Low,0,Low,0,Low,0,Low,0,0.280283,0.59636,0.467726,0.0272282,0.1
1006,Baseline,0,Balanced,0,Low,0,Low,0,Low,0,Low,0,0.280283,0.596358,0.467725,0.0272335,0.1
1007,Baseline,0,Balanced,0,Low,0,Low,0,Low,0,Low,0,0.280283,0.596356,0.467724,0.0272305,0.1
1008,Baseline,0,Balanced,0,Low,0,Low,0,Low,0,Low,0,0.280284,0.596358,0.467725,0.0272328,0.1
1009,Baseline,0,Balanced,0,Low,0,Low,0,Low,0,Low,0,0.280285,0.596359,0.467725,0.0272305,0.1
1010,Baseline,0,Balanced,0,Low,0,Low,0,Low,0,Low,0,0.280284,0.596357,0.467724,0.0272312,0.1
1011,Baseline,0,Balanced,0,Low,0,Low,0,Low,0,Low,0,0.280283,0.596358,0.467724,0.0272282,0.1
1012,Baseline,0,Balanced,0,Low,0,Low,0,Low,0,Low,0,0.280283,0.596353,0.467722,0.0272312,0.1
1013,Baseline,0,Balanced,0,Low,0,Low,0,Low,0,Low,0,0.280283,0.596356,0.467723,0.0272274,0.1
1014,Baseline,0,Balanced,0,Low,0,Low,0,Low,0,Low,0,0.280284,0.596355,0.467723,0.0272259,0.1
1015,Baseline,0,Balanced,0,Low,0,Low,0,Low,0,Low,0,0.280284,0.596352,0.467721,0.0272328,0.1
1016,Baseline,0,Balanced,0,Low,0,Low,0,Low,0,Low,0,0.280285,0.596351,0.467721,0.027232,0.1
1017,Baseline,0,Balanced,0,Low,0,Low,0,Low,0,Low,0,0.280283,0.596349,0.467719,0.0272197,0.1
1018,Baseline,0,Balanced,0,Low,0,Low,0,Low,0,Low,0,0.280284,0.59635,0.46772,0.0272189,0.1
1019,Baseline,0,Balanced,0,Low,0,Low,0,Low,0,Low,0,0.280283,0.59635,0.46772,0.0272159,0.1
1020,Baseline,0,Balanced,0,Low,0,Low,0,Low,0,Low,0,0.280282,0.596346,0.467717,0.0272251,0.1
1021,Baseline,0,Balanced,0,Low,0,Low,0,Low,0,Low,0,0.280284,0.596347,0.467718,0.0272274,0.1
1022,Baseline,0,Balanced,0,Low,0,Low,0,Low,0,Low,0,0.280284,0.596346,0.467717,0.0272305,0.1
1023,Baseline,0,Balanced,0,Low,0,Low,0,Low,0,Low,0,0.280282,0.596344,0.467716,0.0272251,0.1
1024,Baseline,0,Balanced,0,Low,0,Low,0,Low,0,Low,0,0.280282,0.596342,0.467715,0.0272212,0.1
1025,Baseline,0,Balanced,0,Low,0,Low,0,Low,0,Low,0,0.280282,0.596343,0.467715,0.0272243,0.1
1026,Baseline,0,Balanced,0,Low,0,Low,0,Low,0,Low,0,0.280282,0.596344,0.467716,0.0272235,0.1
1027,Baseline,0,Balanced,0,Low,0,Low,0,Low,0,Low,0,0.280282,0.596341,0.467714,0.0272266,0.1
1028,Baseline,0,Balanced,0,Low,0,Low,0,Low,0,Low,0,0.280283,0.59634,0.467714,0.0272312,0.1
1029,Baseline,0,Balanced,0,Low,0,Low,0,Low,0,Low,0,0.280283,0.596339,0.467713,0.0272335,0.1
1030,Baseline,0,Balanced,0,Low,0,Low,0,Low,0,Low,0,0.280283,0.596343,0.467716,0.0272374,0.1
1031,Baseline,0,Balanced,0,Low,0,Low,0,Low,0,Low,0,0.280283,0.596344,0.467716,0.0272351,0.1
1032,Baseline,0,Balanced,0,Low,0,Low,0,Low,0,Low,0,0.280282,0.596343,0.467715,0.0272366,0.1
1033,Baseline,0,Balanced,0,Low,0,Low,0,Low,0,Low,0,0.280282,0.596343,0.467715,0.027232,0.1
1034,Baseline,0,Balanced,0,Low,0,Low,0,Low,0,Low,0,0.280283,0.596341,0.467714,0.027232,0.1
1035,Baseline,0,Balanced,0,Low,0,Low,0,Low,0,Low,0,0.280283,0.596339,0.467713,0.0272374,0.1
1036,Baseline,0,Balanced,0,Low,0,Low,0,Low,0,Low,0,0.280281,0.596341,0.467714,0.0272328,0.1
1037,Baseline,0,Balanced,0,Low,0,Low,0,Low,0,Low,0,0.280282,0.596338,0.467712,0.0272358,0.1
1038,Baseline,0,Balanced,0,Low,0,Low,0,Low,0,Low,0,0.280281,0.596336,0.467711,0.0272412,0.1
1039,Baseline,0,Balanced,0,Low,0,Low,0,Low,0,Low,0,0.280281,0.596338,0.467712,0.0272466,0.1
1040,Baseline,0,Balanced,0,Low,0,Low,0,Low,0,Low,0,0.280282,0.596339,0.467713,0.027242,0.1
1041,Baseline,0,Balanced,0,Low,0,Low,0,Low,0,Low,0,0.280282,0.596337,0.467711,0.0272412,0.1
1042,Baseline,0,Balanced,0,Low,0,Low,0,Low,0,Low,0,0.280283,0.596338,0.467712,0.027232,0.1
1043,Baseline,0,Balanced,0,Low,0,Low,0,Low,0,Low,0,0.280282,0.596338,0.467712,0.0272328,0.1
1044,Baseline,0,Balanced,0,Low,0,Low,0,Low,0,Low,0,0.280283,0.596338,0.467712,0.0272358,0.1
1045,Baseline,0,Balanced,0,Low,0,Low,0,Low,0,Low,0,0.280283,0.596337,0.467712,0.0272358,0.1
1046,Baseline,0,Balanced,0,Low,0,Low,0,Low,0,Low,0,0.280283,0.596336,0.467711,0.0272428,0.1
1047,Baseline,0,Balanced,0,Low,0,Low,0,Low,0,Low,0,0.280283,0.596334,0.46771,0.027242,0.1
1048,Baseline,0,Balanced,0,Low,0,Low,0,Low,0,Low,0,0.280282,0.596333,0.467709,0.0272428,0.1
1049,Baseline,0,Balanced,0,Low,0,Low,0,Low,0,Low,0,0.280282,0.596332,0.467709,0.0272412,0.1
1050,Baseline,0,Balanced,0,Low,0,Low,0,Low,0,Low,0,0.280281,0.59633,0.467707,0.0272397,0.1
1051,Baseline,0,Balanced,0,Low,0,Low,0,Low,0,Low,0,0.28028,0.596331,0.467708,0.0272374,0.1
1052,Baseline,0,Balanced,0,Low,0,Low,0,Low,0,Low,0,0.280282,0.596331,0.467708,0.0272381,0.1
1053,Baseline,0,Balanced,0,Low,0,Low,0,Low,0,Low,0,0.280282,0.59633,0.467707,0.0272328,0.1
1054,Baseline,0,Balanced,0,Low,0,Low,0,Low,0,Low,0,0.280282,0.596332,0.467708,0.0272366,0.1
1055,Baseline,0,Balanced,0,Low,0,Low,0,Low,0,Low,0,0.280282,0.59633,0.467708,0.0272358,0.1
1056,Baseline,0,Balanced,0,Low,0,Low,0,Low,0,Low,0,0.280282,0.596327,0.467705,0.0272381,0.1
1057,Baseline,0,Balanced,0,Low,0,Low,0,Low,0,Low,0,0.280282,0.596328,0.467706,0.0272381,0.1
1058,Baseline,0,Balanced,0,Low,0,Low,0,Low,0,Low,0,0.280283,0.59633,0.467707,0.0272397,0.1
1059,Baseline,0,Balanced,0,Low,0,Low,0,Low,0,Low,0,0.280282,0.596329,0.467707,0.0272412,0.1
1060,Baseline,0,Balanced,0,Low,0,Low,0,Low,0,Low,0,0.280282,0.596327,0.467706,0.0272428,0.1
1061,Baseline,0,Balanced,0,Low,0,Low,0,Low,0,Low,0,0.280281,0.596327,0.467705,0.0272335,0.1
1062,Baseline,0,Balanced,0,Low,0,Low,0,Low,0,Low,0,0.280281,0.596329,0.467707,0.0272343,0.1
1063,Baseline,0,Balanced,0,Low,0,Low,0,Low,0,Low,0,0.280281,0.596329,0.467707,0.027232,0.1
1064,Baseline,0,Balanced,0,Low,0,Low,0,Low,0,Low,0,0.280281,0.596327,0.467706,0.0272282,0.1
1065,Baseline,0,Balanced,0,Low,0,Low,0,Low,0,Low,0,0.280281,0.596327,0.467705,0.0272343,0.1
1066,Baseline,0,Balanced,0,Low,0,Low,0,Low,0,Low,0,0.280281,0.596325,0.467704,0.0272297,0.1
1067,Baseline,0,Balanced,0,Low,0,Low,0,Low,0,Low,0,0.280281,0.596326,0.467705,0.0272289,0.1
1068,Baseline,0,Balanced,0,Low,0,Low,0,Low,0,Low,0,0.28028,0.596326,0.467704,0.0272297,0.1
1069,Baseline,0,Balanced,0,Low,0,Low,0,Low,0,Low,0,0.28028,0.596323,0.467703,0.027232,0.1
1070,Baseline,0,Balanced,0,Low,0,Low,0,Low,0,Low,0,0.28028,0.596322,0.467702,0.0272312,0.1
1071,Baseline,0,Balanced,0,Low,0,Low,0,Low,0,Low,0,0.280281,0.596322,0.467702,0.027232,0.1
1072,Baseline,0,Balanced,0,Low,0,Low,0,Low,0,Low,0,0.28028,0.596322,0.467702,0.0272297,0.1
1073,Baseline,0,Balanced,0,Low,0,Low,0,Low,0,Low,0,0.28028,0.596322,0.467702,0.0272251,0.1
1074,Baseline,0,Balanced,0,Low,0,Low,0,Low,0,Low,0,0.28028,0.59632,0.467701,0.0272335,0.1
1075,Baseline,0,Balanced,0,Low,0,Low,0,Low,0,Low,0,0.28028,0.596317,0.467699,0.0272312,0.1
1076,Baseline,0,Balanced,0,Low,0,Low,0,Low,0,Low,0,0.280281,0.596318,0.4677,0.0272297,0.1
1077,Baseline,0,Balanced,0,Low,0,Low,0,Low,0,Low,0,0.280282,0.596317,0.467699,0.0272259,0.1
1078,Baseline,0,Balanced,0,Low,0,Low,0,Low,0,Low,0,0.28028,0.596315,0.467698,0.0272243,0.1
1079,Baseline,0,Balanced,0,Low,0,Low,0,Low,0,Low,0,0.28028,0.596314,0.467697,0.0272228,0.1
1080,Baseline,0,Balanced,0,Low,0,Low,0,Low,0,Low,0,0.28028,0.596313,0.467697,0.0272274,0.1
1081,Baseline,0,Balanced,0,Low,0,Low,0,Low,0,Low,0,0.28028,0.59631,0.467695,0.0272251,0.1
1082,Baseline,0,Balanced,0,Low,0,Low,0,Low,0,Low,0,0.28028,0.596308,0.467694,0.0272235,0.1
1083,Baseline,0,Balanced,0,Low,0,Low,0,Low,0,Low,0,0.28028,0.59631,0.467695,0.0272228,0.1
1084,Baseline,0,Balanced,0,Low,0,Low,0,Low,0,Low,0,0.28028,0.596309,0.467694,0.0272235,0.1
1085,Baseline,0,Balanced,0,Low,0,Low,0,Low,0,Low,0,0.28028,0.596309,0.467694,0.0272243,0.1
1086,Baseline,0,Balanced,0,Low,0,Low,0,Low,0,Low,0,0.280281,0.596309,0.467694,0.0272259,0.1
1087,Baseline,0,Balanced,0,Low,0,Low,0,Low,0,Low,0,0.280281,0.596309,0.467694,0.0272182,0.1
1088,Baseline,0,Balanced,0,Low,0,Low,0,Low,0,Low,0,0.280282,0.59631,0.467694,0.0272174,0.1
1089,Baseline,0,Balanced,0,Low,0,Low,0,Low,0,Low,0,0.280282,0.59631,0.467695,0.0272243,0.1
1090,Baseline,0,Balanced,0,Low,0,Low,0,Low,0,Low,0,0.280282,0.596309,0.467694,0.0272259,0.1
1091,Baseline,0,Balanced,0,Low,0,Low,0,Low,0,Low,0,0.280283,0.596309,0.467694,0.0272259,0.1
1092,Baseline,0,Balanced,0,Low,0,Low,0,Low,0,Low,0,0.280283,0.596308,0.467693,0.0272228,0.1
1093,Baseline,0,Balanced,0,Low,0,Low,0,Low,0,Low,0,0.280283,0.596309,0.467694,0.0272228,0.1
1094,Baseline,0,Balanced,0,Low,0,Low,0,Low,0,Low,0,0.280283,0.59631,0.467695,0.0272243,0.1
1095,Baseline,0,Balanced,0,Low,0,Low,0,Low,0,Low,0,0.280283,0.59631,0.467695,0.0272297,0.1
1096,Baseline,0,Balanced,0,Low,0,Low,0,Low,0,Low,0,0.280283,0.596309,0.467694,0.0272266,0.1
1097,Baseline,0,Balanced,0,Low,0,Low,0,Low,0,Low,0,0.280282,0.596306,0.467692,0.0272243,0.1
1098,Baseline,0,Balanced,0,Low,0,Low,0,Low,0,Low,0,0.280283,0.596307,0.467693,0.0272289,0.1
1099,Baseline,0,Balanced,0,Low,0,Low,0,Low,0,Low,0,0.280284,0.596309,0.467694,0.0272282,0.1
1100,Baseline,0,Balanced,0,Low,0,Low,0,Low,0,Low,0,0.280283,0.59631,0.467695,0.0272335,0.1
1101,Baseline,0,Balanced,0,Low,0,Low,0,Low,0,Low,0,0.280282,0.59631,0.467695,0.0272351,0.1
1102,Baseline,0,Balanced,0,Low,0,Low,0,Low,0,Low,0,0.280282,0.596309,0.467694,0.0272282,0.1
1103,Baseline,0,Balanced,0,Low,0,Low,0,Low,0,Low,0,0.280283,0.59631,0.467695,0.0272274,0.1
1104,Baseline,0,Balanced,0,Low,0,Low,0,Low,0,Low,0,0.280283,0.596309,0.467694,0.0272266,0.1
1105,Baseline,0,Balanced,0,Low,0,Low,0,Low,0,Low,0,0.280282,0.596307,0.467693,0.0272235,0.1
1106,Baseline,0,Balanced,0,Low,0,Low,0,Low,0,Low,0,0.280283,0.596308,0.467693,0.0272243,0.1
1107,Baseline,0,Balanced,0,Low,0,Low,0,Low,0,Low,0,0.280282,0.596306,0.467692,0.0272243,0.1
1108,Baseline,0,Balanced,0,Low,0,Low,0,Low,0,Low,0,0.280283,0.596305,0.467692,0.0272243,0.1
1109,Baseline,0,Balanced,0,Low,0,Low,0,Low,0,Low,0,0.280283,0.596302,0.46769,0.0272259,0.1
1110,Baseline,0,Balanced,0,Low,0,Low,0,Low,0,Low,0,0.280283,0.5963,0.467688,0.0272228,0.1
1111,Baseline,0,Balanced,0,Low,0,Low,0,Low,0,Low,0,0.280282,0.596298,0.467687,0.0272251,0.1
1112,Baseline,0,Balanced,0,Low,0,Low,0,Low,0,Low,0,0.280281,0.596295,0.467686,0.0272251,0.1
1113,Baseline,0,Balanced,0,Low,0,Low,0,Low,0,Low,0,0.280281,0.596296,0.467686,0.0272235,0.1
1114,Baseline,0,Balanced,0,Low,0,Low,0,Low,0,Low,0,0.28028,0.596296,0.467686,0.0272289,0.1
1115,Baseline,0,Balanced,0,Low,0,Low,0,Low,0,Low,0,0.28028,0.596296,0.467686,0.0272243,0.1
1116,Baseline,0,Balanced,0,Low,0,Low,0,Low,0,Low,0,0.28028,0.596295,0.467686,0.0272235,0.1
1117,Baseline,0,Balanced,0,Low,0,Low,0,Low,0,Low,0,0.280279,0.596293,0.467684,0.0272274,0.1
1118,Baseline,0,Balanced,0,Low,0,Low,0,Low,0,Low,0,0.280279,0.596292,0.467683,0.0272212,0.1
1119,Baseline,0,Balanced,0,Low,0,Low,0,Low,0,Low,0,0.28028,0.59629,0.467682,0.0272251,0.1
1120,Baseline,0,Balanced,0,Low,0,Low,0,Low,0,Low,0,0.280279,0.596291,0.467683,0.0272266,0.1
1121,Baseline,0,Balanced,0,Low,0,Low,0,Low,0,Low,0,0.280279,0.596288,0.467681,0.0272259,0.1
1122,Baseline,0,Balanced,0,Low,0,Low,0,Low,0,Low,0,0.280278,0.596286,0.46768,0.0272259,0.1
1123,Baseline,0,Balanced,0,Low,0,Low,0,Low,0,Low,0,0.280279,0.596286,0.46768,0.0272235,0.1
1124,Baseline,0,Balanced,0,Low,0,Low,0,Low,0,Low,0,0.280279,0.596286,0.467679,0.027222,0.1
1125,Baseline,0,Balanced,0,Low,0,Low,0,Low,0,Low,0,0.280281,0.596286,0.46768,0.0272235,0.1
1126,Baseline,0,Balanced,0,Low,0,Low,0,Low,0,Low,0,0.28028,0.596285,0.467679,0.0272243,0.1
1127,Baseline,0,Balanced,0,Low,0,Low,0,Low,0,Low,0,0.28028,0.596284,0.467679,0.0272166,0.1
1128,Baseline,0,Balanced,0,Low,0,Low,0,Low,0,Low,0,0.28028,0.596283,0.467678,0.0272212,0.1
1129,Baseline,0,Balanced,0,Low,0,Low,0,Low,0,Low,0,0.280279,0.596284,0.467679,0.0272182,0.1
1130,Baseline,0,Balanced,0,Low,0,Low,0,Low,0,Low,0,0.280279,0.596283,0.467678,0.0272197,0.1
1131,Baseline,0,Balanced,0,Low,0,Low,0,Low,0,Low,0,0.280279,0.596284,0.467679,0.0272159,0.1
1132,Baseline,0,Balanced,0,Low,0,Low,0,Low,0,Low,0,0.280279,0.596282,0.467677,0.0272174,0.1
1133,Baseline,0,Balanced,0,Low,0,Low,0,Low,0,Low,0,0.280278,0.59628,0.467676,0.0272174,0.1
1134,Baseline,0,Balanced,0,Low,0,Low,0,Low,0,Low,0,0.280278,0.596281,0.467676,0.0272182,0.1
1135,Baseline,0,Balanced,0,Low,0,Low,0,Low,0,Low,0,0.280279,0.596279,0.467675,0.0272143,0.1
1136,Baseline,0,Balanced,0,Low,0,Low,0,Low,0,Low,0,0.280278,0.59628,0.467676,0.0272074,0.1
1137,Baseline,0,Balanced,0,Low,0,Low,0,Low,0,Low,0,0.280279,0.596281,0.467677,0.0272089,0.1
1138,Baseline,0,Balanced,0,Low,0,Low,0,Low,0,Low,0,0.280279,0.596281,0.467676,0.0272105,0.1
1139,Baseline,0,Balanced,0,Low,0,Low,0,Low,0,Low,0,0.280279,0.59628,0.467676,0.0272128,0.1
1140,Baseline,0,Balanced,0,Low,0,Low,0,Low,0,Low,0,0.280279,0.59628,0.467676,0.0272143,0.1
1141,Baseline,0,Balanced,0,Low,0,Low,0,Low,0,Low,0,0.280279,0.59628,0.467676,0.027212,0.1
1142,Baseline,0,Balanced,0,Low,0,Low,0,Low,0,Low,0,0.280279,0.596279,0.467675,0.0272159,0.1
1143,Baseline,0,Balanced,0,Low,0,Low,0,Low,0,Low,0,0.280279,0.59628,0.467676,0.0272212,0.1
1144,Baseline,0,Balanced,0,Low,0,Low,0,Low,0,Low,0,0.280279,0.596278,0.467675,0.0272174,0.1
1145,Baseline,0,Balanced,0,Low,0,Low,0,Low,0,Low,0,0.280279,0.596279,0.467675,0.0272159,0.1
1146,Baseline,0,Balanced,0,Low,0,Low,0,Low,0,Low,0,0.280279,0.596278,0.467675,0.0272089,0.1
1147,Baseline,0,Balanced,0,Low,0,Low,0,Low,0,Low,0,0.280279,0.596277,0.467674,0.0272036,0.1
1148,Baseline,0,Balanced,0,Low,0,Low,0,Low,0,Low,0,0.280279,0.596277,0.467674,0.0272051,0.1
1149,Baseline,0,Balanced,0,Low,0,Low,0,Low,0,Low,0,0.28028,0.596276,0.467673,0.0272043,0.1
1150,Baseline,0,Balanced,0,Low,0,Low,0,Low,0,Low,0,0.28028,0.596276,0.467673,0.0272105,0.1
1151,Baseline,0,Balanced,0,Low,0,Low,0,Low,0,Low,0,0.280279,0.596276,0.467673,0.0272059,0.1
1152,Baseline,0,Balanced,0,Low,0,Low,0,Low,0,Low,0,0.28028,0.596274,0.467672,0.0272089,0.1
1153,Baseline,0,Balanced,0,Low,0,Low,0,Low,0,Low,0,0.28028,0.596273,0.467672,0.0272097,0.1
1154,Baseline,0,Balanced,0,Low,0,Low,0,Low,0,Low,0,0.280279,0.596273,0.467671,0.0272059,0.1
1155,Baseline,0,Balanced,0,Low,0,Low,0,Low,0,Low,0,0.28028,0.596271,0.46767,0.0272113,0.1
1156,Baseline,0,Balanced,0,Low,0,Low,0,Low,0,Low,0,0.28028,0.596269,0.467669,0.0272113,0.1
1157,Baseline,0,Balanced,0,Low,0,Low,0,Low,0,Low,0,0.280279,0.596271,0.46767,0.0272059,0.1
1158,Baseline,0,Balanced,0,Low,0,Low,0,Low,0,Low,0,0.28028,0.596271,0.467671,0.0272105,0.1
1159,Baseline,0,Balanced,0,Low,0,Low,0,Low,0,Low,0,0.280281,0.59627,0.46767,0.0272074,0.1
1160,Baseline,0,Balanced,0,Low,0,Low,0,Low,0,Low,0,0.280281,0.596269,0.467669,0.0272113,0.1
1161,Baseline,0,Balanced,0,Low,0,Low,0,Low,0,Low,0,0.280281,0.596267,0.467668,0.0272128,0.1
1162,Baseline,0,Balanced,0,Low,0,Low,0,Low,0,Low,0,0.280282,0.596268,0.467669,0.0272082,0.1
1163,Baseline,0,Balanced,0,Low,0,Low,0,Low,0,Low,0,0.280282,0.596269,0.467669,0.0272059,0.1
1164,Baseline,0,Balanced,0,Low,0,Low,0,Low,0,Low,0,0.280281,0.596267,0.467668,0.0272028,0.1
1165,Baseline,0,Balanced,0,Low,0,Low,0,Low,0,Low,0,0.280281,0.596267,0.467668,0.0272059,0.1
1166,Baseline,0,Balanced,0,Low,0,Low,0,Low,0,Low,0,0.280281,0.596267,0.467668,0.0272059,0.1
1167,Baseline,0,Balanced,0,Low,0,Low,0,Low,0,Low,0,0.280279,0.596267,0.467668,0.0272043,0.1
1168,Baseline,0,Balanced,0,Low,0,Low,0,Low,0,Low,0,0.280279,0.596267,0.467668,0.0271997,0.1
1169,Baseline,0,Balanced,0,Low,0,Low,0,Low,0,Low,0,0.280278,0.596268,0.467668,0.0272043,0.1
1170,Baseline,0,Balanced,0,Low,0,Low,0,Low,0,Low,0,0.280279,0.596272,0.467671,0.0272028,0.1
1171,Baseline,0,Balanced,0,Low,0,Low,0,Low,0,Low,0,0.280278,0.596269,0.467669,0.0271959,0.1
1172,Baseline,0,Balanced,0,Low,0,Low,0,Low,0,Low,0,0.280278,0.59627,0.46767,0.0271959,0.1
1173,Baseline,0,Balanced,0,Low,0,Low,0,Low,0,Low,0,0.280278,0.596269,0.467669,0.0271997,0.1
1174,Baseline,0,Balanced,0,Low,0,Low,0,Low,0,Low,0,0.280278,0.59627,0.46767,0.027199,0.1
1175,Baseline,0,Balanced,0,Low,0,Low,0,Low,0,Low,0,0.280278,0.596273,0.467672,0.0271966,0.1
1176,Baseline,0,Balanced,0,Low,0,Low,0,Low,0,Low,0,0.280278,0.596271,0.46767,0.0271974,0.1
1177,Baseline,0,Balanced,0,Low,0,Low,0,Low,0,Low,0,0.280279,0.596273,0.467671,0.0272005,0.1
1178,Baseline,0,Balanced,0,Low,0,Low,0,Low,0,Low,0,0.280279,0.596273,0.467672,0.0272028,0.1
1179,Baseline,0,Balanced,0,Low,0,Low,0,Low,0,Low,0,0.280279,0.596272,0.467671,0.0271974,0.1
1180,Baseline,0,Balanced,0,Low,0,Low,0,Low,0,Low,0,0.28028,0.596274,0.467672,0.0271982,0.1
1181,Baseline,0,Balanced,0,Low,0,Low,0,Low,0,Low,0,0.28028,0.596274,0.467672,0.0272051,0.1
1182,Baseline,0,Balanced,0,Low,0,Low,0,Low,0,Low,0,0.280279,0.596276,0.467673,0.0271997,0.1
1183,Baseline,0,Balanced,0,Low,0,Low,0,Low,0,Low,0,0.280279,0.596278,0.467675,0.0271959,0.1
1184,Baseline,0,Balanced,0,Low,0,Low,0,Low,0,Low,0,0.280279,0.596276,0.467674,0.0272013,0.1
1185,Baseline,0,Balanced,0,Low,0,Low,0,Low,0,Low,0,0.280278,0.596276,0.467673,0.0272005,0.1
1186,Baseline,0,Balanced,0,Low,0,Low,0,Low,0,Low,0,0.280278,0.596277,0.467674,0.0272028,0.1
1187,Baseline,0,Balanced,0,Low,0,Low,0,Low,0,Low,0,0.280278,0.596279,0.467675,0.0271997,0.1
1188,Baseline,0,Balanced,0,Low,0,Low,0,Low,0,Low,0,0.280278,0.596279,0.467675,0.0271982,0.1
1189,Baseline,0,Balanced,0,Low,0,Low,0,Low,0,Low,0,0.280278,0.596278,0.467674,0.0271974,0.1
1190,Baseline,0,Balanced,0,Low,0,Low,0,Low,0,Low,0,0.280278,0.596277,0.467674,0.0272028,0.1
1191,Baseline,0,Balanced,0,Low,0,Low,0,Low,0,Low,0,0.280279,0.596281,0.467676,0.0272082,0.1
1192,Baseline,0,Balanced,0,Low,0,Low,0,Low,0,Low,0,0.280279,0.59628,0.467676,0.0272082,0.1
1193,Baseline,0,Balanced,0,Low,0,Low,0,Low,0,Low,0,0.280279,0.59628,0.467676,0.027212,0.1
1194,Baseline,0,Balanced,0,Low,0,Low,0,Low,0,Low,0,0.280279,0.596278,0.467675,0.0272136,0.1
1195,Baseline,0,Balanced,0,Low,0,Low,0,Low,0,Low,0,0.280279,0.596276,0.467673,0.0272151,0.1
1196,Baseline,0,Balanced,0,Low,0,Low,0,Low,0,Low,0,0.280279,0.596275,0.467673,0.0272059,0.1
1197,Baseline,0,Balanced,0,Low,0,Low,0,Low,0,Low,0,0.280279,0.596274,0.467672,0.0272066,0.1
1198,Baseline,0,Balanced,0,Low,0,Low,0,Low,0,Low,0,0.280279,0.596274,0.467672,0.0272028,0.1
1199,Baseline,0,Balanced,0,Low,0,Low,0,Low,0,Low,0,0.28028,0.596273,0.467672,0.0272051,0.1
1200,Baseline,0,Balanced,0,Low,0,Low,0,Low,0,Low,0,0.28028,0.596274,0.467672,0.0272059,0.1
1201,Baseline,0,Balanced,0,Low,0,Low,0,Low,0,Low,0,0.28028,0.596274,0.467672,0.0272059,0.1
1202,Baseline,0,Balanced,0,Low,0,Low,0,Low,0,Low,0,0.280279,0.596273,0.467672,0.0272066,0.1
1203,Baseline,0,Balanced,0,Low,0,Low,0,Low,0,Low,0,0.280279,0.596274,0.467672,0.0272028,0.1
1204,Baseline,0,Balanced,0,Low,0,Low,0,Low,0,Low,0,0.280279,0.596272,0.467671,0.027202,0.1
1205,Baseline,0,Balanced,0,Low,0,Low,0,Low,0,Low,0,0.280279,0.596269,0.467669,0.027199,0.1
1206,Baseline,0,Balanced,0,Low,0,Low,0,Low,0,Low,0,0.280279,0.596268,0.467669,0.027199,0.1
1207,Baseline,0,Balanced,0,Low,0,Low,0,Low,0,Low,0,0.280279,0.596268,0.467668,0.0271997,0.1
1208,Baseline,0,Balanced,0,Low,0,Low,0,Low,0,Low,0,0.280279,0.596267,0.467668,0.0271951,0.1
1209,Baseline,0,Balanced,0,Low,0,Low,0,Low,0,Low,0,0.280278,0.596266,0.467667,0.0271913,0.1
1210,Baseline,0,Balanced,0,Low,0,Low,0,Low,0,Low,0,0.280278,0.596264,0.467666,0.027192,0.1
1211,Baseline,0,Balanced,0,Low,0,Low,0,Low,0,Low,0,0.280279,0.596265,0.467666,0.0271943,0.1
1212,Baseline,0,Balanced,0,Low,0,Low,0,Low,0,Low,0,0.28028,0.596262,0.467664,0.0271936,0.1
1213,Baseline,0,Balanced,0,Low,0,Low,0,Low,0,Low,0,0.28028,0.596262,0.467665,0.0271974,0.1
1214,Baseline,0,Balanced,0,Low,0,Low,0,Low,0,Low,0,0.28028,0.596261,0.467664,0.0271959,0.1
1215,Baseline,0,Balanced,0,Low,0,Low,0,Low,0,Low,0,0.280281,0.596262,0.467665,0.0271982,0.1
1216,Baseline,0,Balanced,0,Low,0,Low,0,Low,0,Low,0,0.280281,0.596262,0.467665,0.0271997,0.1
1217,Baseline,0,Balanced,0,Low,0,Low,0,Low,0,Low,0,0.28028,0.596259,0.467663,0.0271974,0.1
1218,Baseline,0,Balanced,0,Low,0,Low,0,Low,0,Low,0,0.280281,0.596261,0.467664,0.0271951,0.1
1219,Baseline,0,Balanced,0,Low,0,Low,0,Low,0,Low,0,0.28028,0.596259,0.467663,0.027192,0.1
1220,Baseline,0,Balanced,0,Low,0,Low,0,Low,0,Low,0,0.28028,0.59626,0.467664,0.0271897,0.1
1221,Baseline,0,Balanced,0,Low,0,Low,0,Low,0,Low,0,0.280281,0.596262,0.467664,0.0271936,0.1
1222,Baseline,0,Balanced,0,Low,0,Low,0,Low,0,Low,0,0.280281,0.596262,0.467664,0.0271943,0.1
1223,Baseline,0,Balanced,0,Low,0,Low,0,Low,0,Low,0,0.280282,0.596262,0.467664,0.0271928,0.1
1224,Baseline,0,Balanced,0,Low,0,Low,0,Low,0,Low,0,0.280282,0.596262,0.467664,0.0271913,0.1
1225,Baseline,0,Balanced,0,Low,0,Low,0,Low,0,Low,0,0.280282,0.596261,0.467664,0.0271913,0.1
1226,Baseline,0,Balanced,0,Low,0,Low,0,Low,0,Low,0,0.280282,0.59626,0.467664,0.0271897,0.1
1227,Baseline,0,Balanced,0,Low,0,Low,0,Low,0,Low,0,0.280281,0.59626,0.467663,0.0271851,0.1
1228,Baseline,0,Balanced,0,Low,0,Low,0,Low,0,Low,0,0.280281,0.59626,0.467663,0.0271828,0.1
1229,Baseline,0,Balanced,0,Low,0,Low,0,Low,0,Low,0,0.280281,0.596261,0.467664,0.0271844,0.1
1230,Baseline,0,Balanced,0,Low,0,Low,0,Low,0,Low,0,0.280281,0.596259,0.467663,0.027179,0.1
1231,Baseline,0,Balanced,0,Low,0,Low,0,Low,0,Low,0,0.280282,0.596259,0.467663,0.0271851,0.1
1232,Baseline,0,Balanced,0,Low,0,Low,0,Low,0,Low,0,0.280282,0.59626,0.467663,0.0271828,0.1
1233,Baseline,0,Balanced,0,Low,0,Low,0,Low,0,Low,0,0.280282,0.596259,0.467663,0.0271828,0.1
1234,Baseline,0,Balanced,0,Low,0,Low,0,Low,0,Low,0,0.280282,0.59626,0.467663,0.027182,0.1
1235,Baseline,0,Balanced,0,Low,0,Low,0,Low,0,Low,0,0.280282,0.59626,0.467663,0.0271844,0.1
1236,Baseline,0,Balanced,0,Low,0,Low,0,Low,0,Low,0,0.280282,0.596259,0.467663,0.0271844,0.1
1237,Baseline,0,Balanced,0,Low,0,Low,0,Low,0,Low,0,0.280282,0.59626,0.467664,0.0271844,0.1
1238,Baseline,0,Balanced,0,Low,0,Low,0,Low,0,Low,0,0.280282,0.596259,0.467663,0.0271836,0.1
1239,Baseline,0,Balanced,0,Low,0,Low,0,Low,0,Low,0,0.280283,0.596261,0.467664,0.0271867,0.1
1240,Baseline,0,Balanced,0,Low,0,Low,0,Low,0,Low,0,0.280282,0.596261,0.467664,0.027189,0.1
1241,Baseline,0,Balanced,0,Low,0,Low,0,Low,0,Low,0,0.280282,0.59626,0.467663,0.0271897,0.1
1242,Baseline,0,Balanced,0,Low,0,Low,0,Low,0,Low,0,0.280284,0.59626,0.467663,0.0271905,0.1
1243,Baseline,0,Balanced,0,Low,0,Low,0,Low,0,Low,0,0.280283,0.596258,0.467662,0.027189,0.1
1244,Baseline,0,Balanced,0,Low,0,Low,0,Low,0,Low,0,0.280283,0.596256,0.467661,0.0271928,0.1
1245,Baseline,0,Balanced,0,Low,0,Low,0,Low,0,Low,0,0.280283,0.596254,0.46766,0.0271905,0.1
1246,Baseline,0,Balanced,0,Low,0,Low,0,Low,0,Low,0,0.280283,0.596253,0.467659,0.0271951,0.1
1247,Baseline,0,Balanced,0,Low,0,Low,0,Low,0,Low,0,0.280282,0.596252,0.467659,0.0271897,0.1
1248,Baseline,0,Balanced,0,Low,0,Low,0,Low,0,Low,0,0.280282,0.596251,0.467657,0.027192,0.1
1249,Baseline,0,Balanced,0,Low,0,Low,0,Low,0,Low,0,0.280282,0.596249,0.467656,0.0271882,0.1
1250,Baseline,0,Balanced,0,Low,0,Low,0,Low,0,Low,0,0.280282,0.59625,0.467657,0.0271882,0.1
1251,Baseline,0,Balanced,0,Low,0,Low,0,Low,0,Low,0,0.280282,0.59625,0.467657,0.027192,0.1
1252,Baseline,0,Balanced,0,Low,0,Low,0,Low,0,Low,0,0.280283,0.596251,0.467658,0.0271913,0.1
1253,Baseline,0,Balanced,0,Low,0,Low,0,Low,0,Low,0,0.280282,0.596251,0.467658,0.027192,0.1
1254,Baseline,0,Balanced,0,Low,0,Low,0,Low,0,Low,0,0.280282,0.59625,0.467657,0.0271913,0.1
1255,Baseline,0,Balanced,0,Low,0,Low,0,Low,0,Low,0,0.280282,0.596252,0.467659,0.0271913,0.1
1256,Baseline,0,Balanced,0,Low,0,Low,0,Low,0,Low,0,0.280282,0.596251,0.467658,0.0271874,0.1
1257,Baseline,0,Balanced,0,Low,0,Low,0,Low,0,Low,0,0.280281,0.59625,0.467657,0.0271905,0.1
1258,Baseline,0,Balanced,0,Low,0,Low,0,Low,0,Low,0,0.280281,0.596251,0.467658,0.0271882,0.1
1259,Baseline,0,Balanced,0,Low,0,Low,0,Low,0,Low,0,0.280282,0.596253,0.467659,0.0271936,0.1
1260,Baseline,0,Balanced,0,Low,0,Low,0,Low,0,Low,0,0.280281,0.596251,0.467658,0.0271928,0.1
1261,Baseline,0,Balanced,0,Low,0,Low,0,Low,0,Low,0,0.280281,0.59625,0.467657,0.0271936,0.1
1262,Baseline,0,Balanced,0,Low,0,Low,0,Low,0,Low,0,0.280281,0.59625,0.467657,0.0271951,0.1
1263,Baseline,0,Balanced,0,Low,0,Low,0,Low,0,Low,0,0.280281,0.59625,0.467657,0.027192,0.1
1264,Baseline,0,Balanced,0,Low,0,Low,0,Low,0,Low,0,0.28028,0.596249,0.467656,0.0271913,0.1
1265,Baseline,0,Balanced,0,Low,0,Low,0,Low,0,Low,0,0.280279,0.596248,0.467656,0.0271882,0.1
1266,Baseline,0,Balanced,0,Low,0,Low,0,Low,0,Low,0,0.280279,0.596248,0.467656,0.0271851,0.1
1267,Baseline,0,Balanced,0,Low,0,Low,0,Low,0,Low,0,0.280279,0.596246,0.467655,0.0271897,0.1
1268,Baseline,0,Balanced,0,Low,0,Low,0,Low,0,Low,0,0.280279,0.596248,0.467656,0.0271913,0.1
1269,Baseline,0,Balanced,0,Low,0,Low,0,Low,0,Low,0,0.280279,0.596247,0.467655,0.0271959,0.1
1270,Baseline,0,Balanced,0,Low,0,Low,0,Low,0,Low,0,0.280279,0.596248,0.467656,0.0271928,0.1
1271,Baseline,0,Balanced,0,Low,0,Low,0,Low,0,Low,0,0.280279,0.596247,0.467655,0.027189,0.1
1272,Baseline,0,Balanced,0,Low,0,Low,0,Low,0,Low,0,0.280279,0.596248,0.467656,0.0271936,0.1
1273,Baseline,0,Balanced,0,Low,0,Low,0,Low,0,Low,0,0.280279,0.596246,0.467655,0.0271928,0.1
1274,Baseline,0,Balanced,0,Low,0,Low,0,Low,0,Low,0,0.280279,0.596247,0.467655,0.0271966,0.1
1275,Baseline,0,Balanced,0,Low,0,Low,0,Low,0,Low,0,0.280279,0.596244,0.467654,0.0271943,0.1
1276,Baseline,0,Balanced,0,Low,0,Low,0,Low,0,Low,0,0.280279,0.596243,0.467653,0.0271913,0.1
1277,Baseline,0,Balanced,0,Low,0,Low,0,Low,0,Low,0,0.280279,0.59624,0.467651,0.0271882,0.1
1278,Baseline,0,Balanced,0,Low,0,Low,0,Low,0,Low,0,0.280278,0.596239,0.46765,0.0271897,0.1
1279,Baseline,0,Balanced,0,Low,0,Low,0,Low,0,Low,0,0.280278,0.59624,0.467651,0.0271836,0.1
1280,Baseline,0,Balanced,0,Low,0,Low,0,Low,0,Low,0,0.280279,0.596241,0.467652,0.0271813,0.1
1281,Baseline,0,Balanced,0,Low,0,Low,0,Low,0,Low,0,0.280278,0.59624,0.467651,0.027182,0.1
1282,Baseline,0,Balanced,0,Low,0,Low,0,Low,0,Low,0,0.280277,0.596239,0.46765,0.0271867,0.1
1283,Baseline,0,Balanced,0,Low,0,Low,0,Low,0,Low,0,0.280276,0.596239,0.46765,0.027179,0.1
1284,Baseline,0,Balanced,0,Low,0,Low,0,Low,0,Low,0,0.280276,0.596237,0.467649,0.027179,0.1
1285,Baseline,0,Balanced,0,Low,0,Low,0,Low,0,Low,0,0.280276,0.596237,0.467649,0.0271805,0.1
1286,Baseline,0,Balanced,0,Low,0,Low,0,Low,0,Low,0,0.280277,0.596238,0.467649,0.0271828,0.1
1287,Baseline,0,Balanced,0,Low,0,Low,0,Low,0,Low,0,0.280277,0.59624,0.467651,0.0271859,0.1
1288,Baseline,0,Balanced,0,Low,0,Low,0,Low,0,Low,0,0.280277,0.59624,0.467651,0.027192,0.1
1289,Baseline,0,Balanced,0,Low,0,Low,0,Low,0,Low,0,0.280277,0.59624,0.467651,0.0271913,0.1
1290,Baseline,0,Balanced,0,Low,0,Low,0,Low,0,Low,0,0.280277,0.596238,0.46765,0.0271928,0.1
1291,Baseline,0,Balanced,0,Low,0,Low,0,Low,0,Low,0,0.280277,0.596238,0.46765,0.0271874,0.1
1292,Baseline,0,Balanced,0,Low,0,Low,0,Low,0,Low,0,0.280277,0.59624,0.467651,0.0271897,0.1
1293,Baseline,0,Balanced,0,Low,0,Low,0,Low,0,Low,0,0.280277,0.596239,0.46765,0.0271951,0.1
1294,Baseline,0,Balanced,0,Low,0,Low,0,Low,0,Low,0,0.280278,0.59624,0.467651,0.0271966,0.1
1295,Baseline,0,Balanced,0,Low,0,Low,0,Low,0,Low,0,0.280277,0.596237,0.467649,0.0271882,0.1
1296,Baseline,0,Balanced,0,Low,0,Low,0,Low,0,Low,0,0.280277,0.596234,0.467647,0.0271913,0.1
1297,Baseline,0,Balanced,0,Low,0,Low,0,Low,0,Low,0,0.280277,0.596233,0.467647,0.0271913,0.1
1298,Baseline,0,Balanced,0,Low,0,Low,0,Low,0,Low,0,0.280277,0.596232,0.467646,0.0271882,0.1
1299,Baseline,0,Balanced,0,Low,0,Low,0,Low,0,Low,0,0.280277,0.596232,0.467646,0.0271951,0.1
1300,Baseline,0,Balanced,0,Low,0,Low,0,Low,0,Low,0,0.280277,0.596232,0.467646,0.027199,0.1
1301,Baseline,0,Balanced,0,Low,0,Low,0,Low,0,Low,0,0.280277,0.596232,0.467646,0.0271982,0.1
1302,Baseline,0,Balanced,0,Low,0,Low,0,Low,0,Low,0,0.280277,0.596233,0.467646,0.0271974,0.1
1303,Baseline,0,Balanced,0,Low,0,Low,0,Low,0,Low,0,0.280276,0.596231,0.467645,0.0271982,0.1
1304,Baseline,0,Balanced,0,Low,0,Low,0,Low,0,Low,0,0.280276,0.59623,0.467645,0.0271959,0.1
1305,Baseline,0,Balanced,0,Low,0,Low,0,Low,0,Low,0,0.280276,0.596231,0.467646,0.0271982,0.1
1306,Baseline,0,Balanced,0,Low,0,Low,0,Low,0,Low,0,0.280276,0.59623,0.467645,0.0271982,0.1
1307,Baseline,0,Balanced,0,Low,0,Low,0,Low,0,Low,0,0.280276,0.596232,0.467646,0.0272005,0.1
1308,Baseline,0,Balanced,0,Low,0,Low,0,Low,0,Low,0,0.280276,0.596232,0.467646,0.0272005,0.1
1309,Baseline,0,Balanced,0,Low,0,Low,0,Low,0,Low,0,0.280276,0.596232,0.467646,0.0271966,0.1
1310,Baseline,0,Balanced,0,Low,0,Low,0,Low,0,Low,0,0.280275,0.596232,0.467646,0.0271974,0.1
1311,Baseline,0,Balanced,0,Low,0,Low,0,Low,0,Low,0,0.280274,0.596232,0.467646,0.0271936,0.1
1312,Baseline,0,Balanced,0,Low,0,Low,0,Low,0,Low,0,0.280275,0.596232,0.467646,0.0271897,0.1
1313,Baseline,0,Balanced,0,Low,0,Low,0,Low,0,Low,0,0.280274,0.596231,0.467645,0.0271874,0.1
1314,Baseline,0,Balanced,0,Low,0,Low,0,Low,0,Low,0,0.280274,0.596233,0.467647,0.0271874,0.1
1315,Baseline,0,Balanced,0,Low,0,Low,0,Low,0,Low,0,0.280273,0.596232,0.467646,0.0271867,0.1
1316,Baseline,0,Balanced,0,Low,0,Low,0,Low,0,Low,0,0.280274,0.59623,0.467645,0.0271851,0.1
1317,Baseline,0,Balanced,0,Low,0,Low,0,Low,0,Low,0,0.280274,0.59623,0.467644,0.0271874,0.1
1318,Baseline,0,Balanced,0,Low,0,Low,0,Low,0,Low,0,0.280274,0.596228,0.467644,0.0271913,0.1
1319,Baseline,0,Balanced,0,Low,0,Low,0,Low,0,Low,0,0.280275,0.59623,0.467644,0.0271928,0.1
1320,Baseline,0,Balanced,0,Low,0,Low,0,Low,0,Low,0,0.280274,0.596228,0.467643,0.0271936,0.1
1321,Baseline,0,Balanced,0,Low,0,Low,0,Low,0,Low,0,0.280275,0.596225,0.467641,0.0271913,0.1
1322,Baseline,0,Balanced,0,Low,0,Low,0,Low,0,Low,0,0.280275,0.596224,0.467641,0.0271959,0.1
1323,Baseline,0,Balanced,0,Low,0,Low,0,Low,0,Low,0,0.280275,0.596227,0.467643,0.0271966,0.1
1324,Baseline,0,Balanced,0,Low,0,Low,0,Low,0,Low,0,0.280274,0.596226,0.467642,0.0271997,0.1
1325,Baseline,0,Balanced,0,Low,0,Low,0,Low,0,Low,0,0.280275,0.596225,0.467642,0.0271966,0.1
1326,Baseline,0,Balanced,0,Low,0,Low,0,Low,0,Low,0,0.280274,0.596223,0.46764,0.0271982,0.1
1327,Baseline,0,Balanced,0,Low,0,Low,0,Low,0,Low,0,0.280273,0.596223,0.46764,0.0271974,0.1
1328,Baseline,0,Balanced,0,Low,0,Low,0,Low,0,Low,0,0.280273,0.596221,0.467639,0.0271966,0.1
1329,Baseline,0,Balanced,0,Low,0,Low,0,Low,0,Low,0,0.280273,0.59622,0.467638,0.0271928,0.1
1330,Baseline,0,Balanced,0,Low,0,Low,0,Low,0,Low,0,0.280274,0.59622,0.467638,0.0271905,0.1
1331,Baseline,0,Balanced,0,Low,0,Low,0,Low,0,Low,0,0.280274,0.596221,0.467639,0.0271951,0.1
1332,Baseline,0,Balanced,0,Low,0,Low,0,Low,0,Low,0,0.280274,0.596221,0.467639,0.0271982,0.1
1333,Baseline,0,Balanced,0,Low,0,Low,0,Low,0,Low,0,0.280274,0.59622,0.467638,0.0271943,0.1
1334,Baseline,0,Balanced,0,Low,0,Low,0,Low,0,Low,0,0.280273,0.59622,0.467638,0.0271928,0.1
1335,Baseline,0,Balanced,0,Low,0,Low,0,Low,0,Low,0,0.280273,0.596221,0.467639,0.0271959,0.1
1336,Baseline,0,Balanced,0,Low,0,Low,0,Low,0,Low,0,0.280273,0.59622,0.467638,0.0271943,0.1
1337,Baseline,0,Balanced,0,Low,0,Low,0,Low,0,Low,0,0.280274,0.596217,0.467637,0.0271936,0.1
1338,Baseline,0,Balanced,0,Low,0,Low,0,Low,0,Low,0,0.280273,0.596214,0.467635,0.0271928,0.1
1339,Baseline,0,Balanced,0,Low,0,Low,0,Low,0,Low,0,0.280273,0.596216,0.467636,0.0271928,0.1
1340,Baseline,0,Balanced,0,Low,0,Low,0,Low,0,Low,0,0.280273,0.596214,0.467634,0.0271966,0.1
1341,Baseline,0,Balanced,0,Low,0,Low,0,Low,0,Low,0,0.280273,0.596211,0.467633,0.0271982,0.1
1342,Baseline,0,Balanced,0,Low,0,Low,0,Low,0,Low,0,0.280274,0.596212,0.467633,0.027202,0.1
1343,Baseline,0,Balanced,0,Low,0,Low,0,Low,0,Low,0,0.280274,0.596212,0.467633,0.0271982,0.1
1344,Baseline,0,Balanced,0,Low,0,Low,0,Low,0,Low,0,0.280274,0.596213,0.467634,0.0271951,0.1
1345,Baseline,0,Balanced,0,Low,0,Low,0,Low,0,Low,0,0.280274,0.596211,0.467633,0.0271982,0.1
1346,Baseline,0,Balanced,0,Low,0,Low,0,Low,0,Low,0,0.280274,0.596212,0.467633,0.0271982,0.1
1347,Baseline,0,Balanced,0,Low,0,Low,0,Low,0,Low,0,0.280275,0.596211,0.467633,0.0271974,0.1
1348,Baseline,0,Balanced,0,Low,0,Low,0,Low,0,Low,0,0.280275,0.596209,0.467632,0.0272005,0.1
1349,Baseline,0,Balanced,0,Low,0,Low,0,Low,0,Low,0,0.280275,0.596208,0.467631,0.027199,0.1
1350,Baseline,0,Balanced,0,Low,0,Low,0,Low,0,Low,0,0.280274,0.596207,0.46763,0.027202,0.1
1351,Baseline,0,Balanced,0,Low,0,Low,0,Low,0,Low,0,0.280274,0.596206,0.46763,0.0272005,0.1
1352,Baseline,5,Balanced,0,Low,0,Low,0,Low,0,Low,0,0.280275,0.596206,0.46763,0.0272013,0.1
1353,Baseline,5,Balanced,0,Low,0,Low,0,Low,0,Low,0,0.280275,0.596205,0.467629,0.027199,0.1
1354,Baseline,5,Balanced,0,Low,0,Low,0,Low,0,Low,0,0.280276,0.596204,0.467629,0.0272005,0.1
1355,Baseline,5,Balanced,0,Low,0,Low,0,Low,0,Low,0,0.280276,0.596201,0.467627,0.0271974,0.1
1356,Baseline,5,Balanced,0,Low,0,Low,0,Low,0,Low,0,0.280275,0.5962,0.467626,0.0272036,0.1
1357,Baseline,5,Balanced,0,Low,0,Low,0,Low,0,Low,0,0.280275,0.596198,0.467625,0.027202,0.1
1358,Baseline,5,Balanced,0,Low,0,Low,0,Low,0,Low,0,0.280275,0.596199,0.467625,0.0272005,0.1
1359,Baseline,5,Balanced,0,Low,0,Low,0,Low,0,Low,0,0.280276,0.596198,0.467625,0.0271928,0.1
1360,Baseline,5,Balanced,0,Low,0,Low,0,Low,0,Low,0,0.280277,0.596197,0.467624,0.0271905,0.1
1361,Baseline,5,Balanced,0,Low,0,Low,0,Low,0,Low,0,0.280277,0.596196,0.467623,0.0271928,0.1
1362,Baseline,5,Balanced,0,Low,0,Low,0,Low,0,Low,0,0.280276,0.596194,0.467622,0.0272005,0.1
1363,Baseline,5,Balanced,0,Low,0,Low,0,Low,0,Low,0,0.280276,0.596193,0.467622,0.0272028,0.1
1364,Baseline,5,Balanced,0,Low,0,Low,0,Low,0,Low,0,0.280276,0.596193,0.467622,0.0271966,0.1
1365,Baseline,5,Balanced,0,Low,0,Low,0,Low,0,Low,0,0.280277,0.596193,0.467621,0.0271943,0.1
1366,Baseline,5,Balanced,0,Low,0,Low,0,Low,0,Low,0,0.280277,0.596193,0.467622,0.0271966,0.1
1367,Baseline,5,Balanced,0,Low,0,Low,0,Low,0,Low,0,0.280277,0.596193,0.467621,0.0271928,0.1
1368,Baseline,5,Balanced,0,Low,0,Low,0,Low,0,Low,0,0.280277,0.596192,0.467621,0.027192,0.1
1369,Baseline,5,Balanced,0,Low,0,Low,0,Low,0,Low,0,0.280277,0.596193,0.467622,0.0271943,0.1
1370,Baseline,5,Balanced,0,Low,0,Low,0,Low,0,Low,0,0.280277,0.596194,0.467622,0.0271974,0.1
1371,Baseline,5,Balanced,0,Low,0,Low,0,Low,0,Low,0,0.280277,0.596193,0.467621,0.0271959,0.1
1372,Baseline,5,Balanced,0,Low,0,Low,0,Low,0,Low,0,0.280277,0.596193,0.467622,0.0271982,0.1
1373,Baseline,5,Balanced,0,Low,0,Low,0,Low,0,Low,0,0.280278,0.596195,0.467622,0.0271997,0.1
1374,Baseline,5,Balanced,0,Low,0,Low,0,Low,0,Low,0,0.280278,0.596193,0.467621,0.0272043,0.1
1375,Baseline,5,Balanced,0,Low,0,Low,0,Low,0,Low,0,0.280278,0.596192,0.467621,0.0271982,0.1
1376,Baseline,5,Balanced,0,Low,0,Low,0,Low,0,Low,0,0.280278,0.596191,0.46762,0.0271959,0.1
1377,Baseline,5,Balanced,0,Low,0,Low,0,Low,0,Low,0,0.280279,0.596193,0.467621,0.0271951,0.1
1378,Baseline,5,Balanced,0,Low,0,Low,0,Low,0,Low,0,0.280279,0.596192,0.467621,0.0271928,0.1
1379,Baseline,5,Balanced,0,Low,0,Low,0,Low,0,Low,0,0.28028,0.596192,0.46762,0.0271943,0.1
1380,Baseline,5,Balanced,0,Low,0,Low,0,Low,0,Low,0,0.28028,0.596194,0.467622,0.0271943,0.1
1381,Baseline,5,Balanced,0,Low,0,Low,0,Low,0,Low,0,0.28028,0.596195,0.467623,0.027202,0.1
1382,Baseline,5,Balanced,0,Low,0,Low,0,Low,0,Low,0,0.280281,0.596196,0.467623,0.0272013,0.1
1383,Baseline,5,Balanced,0,Low,0,Low,0,Low,0,Low,0,0.280281,0.596196,0.467623,0.0271966,0.1
1384,Baseline,5,Balanced,0,Low,0,Low,0,Low,0,Low,0,0.280281,0.596196,0.467623,0.0272013,0.1
1385,Baseline,5,Balanced,0,Low,0,Low,0,Low,0,Low,0,0.280282,0.596195,0.467623,0.0272028,0.1
1386,Baseline,5,Balanced,0,Low,0,Low,0,Low,0,Low,0,0.280282,0.596196,0.467623,0.0272066,0.1
1387,Baseline,5,Balanced,0,Low,0,Low,0,Low,0,Low,0,0.280282,0.596196,0.467623,0.0272074,0.1
1388,Baseline,5,Balanced,0,Low,0,Low,0,Low,0,Low,0,0.280281,0.596195,0.467622,0.0272066,0.1
1389,Baseline,5,Balanced,0,Low,0,Low,0,Low,0,Low,0,0.28028,0.596195,0.467623,0.0272043,0.1
1390,Baseline,5,Balanced,0,Low,0,Low,0,Low,0,Low,0,0.280279,0.596192,0.467621,0.0272059,0.1
1391,Baseline,5,Balanced,0,Low,0,Low,0,Low,0,Low,0,0.280279,0.596191,0.46762,0.0272089,0.1
1392,Baseline,5,Balanced,0,Low,0,Low,0,Low,0,Low,0,0.280279,0.596191,0.46762,0.0272066,0.1
1393,Baseline,5,Balanced,0,Low,0,Low,0,Low,0,Low,0,0.280279,0.596191,0.46762,0.0272051,0.1
1394,Baseline,5,Balanced,0,Low,0,Low,0,Low,0,Low,0,0.280279,0.596192,0.46762,0.0272005,0.1
1395,Baseline,5,Balanced,0,Low,0,Low,0,Low,0,Low,0,0.280279,0.596193,0.467622,0.0271982,0.1
1396,Baseline,5,Balanced,0,Low,0,Low,0,Low,0,Low,0,0.280279,0.596193,0.467621,0.0271974,0.1
1397,Baseline,5,Balanced,0,Low,0,Low,0,Low,0,Low,0,0.280279,0.596192,0.467621,0.0272036,0.1
1398,Baseline,5,Balanced,0,Low,0,Low,0,Low,0,Low,0,0.280279,0.596191,0.46762,0.0272051,0.1
1399,Baseline,5,Balanced,0,Low,0,Low,0,Low,0,Low,0,0.280279,0.596191,0.46762,0.0272059,0.1
1400,Baseline,5,Balanced,0,Low,0,Low,0,Low,0,Low,0,0.280279,0.59619,0.46762,0.027202,0.1
1401,Baseline,5,Balanced,0,Low,0,Low,0,Low,0,Low,0,0.280279,0.596189,0.467619,0.0272028,0.1
1402,Baseline,5,Balanced,0,Low,0,Low,0,Low,0,Low,0,0.280279,0.596187,0.467618,0.0271982,0.1
1403,Baseline,5,Balanced,0,Low,0,Low,0,Low,0,Low,0,0.280279,0.596189,0.467619,0.0271966,0.1
1404,Baseline,5,Balanced,0,Low,0,Low,0,Low,0,Low,0,0.280278,0.596188,0.467618,0.0271943,0.1
1405,Baseline,5,Balanced,0,Low,0,Low,0,Low,0,Low,0,0.280278,0.596189,0.467619,0.0271966,0.1
1406,Baseline,5,Balanced,0,Low,0,Low,0,Low,0,Low,0,0.280278,0.596188,0.467618,0.0271913,0.1
1407,Baseline,5,Balanced,0,Low,0,Low,0,Low,0,Low,0,0.280279,0.596188,0.467619,0.027192,0.1
1408,Baseline,5,Balanced,0,Low,0,Low,0,Low,0,Low,0,0.280279,0.596185,0.467616,0.0271867,0.1
1409,Baseline,5,Balanced,0,Low,0,Low,0,Low,0,Low,0,0.280279,0.596185,0.467616,0.0271882,0.1
1410,Baseline,5,Balanced,0,Low,0,Low,0,Low,0,Low,0,0.280279,0.596184,0.467616,0.0271867,0.1
1411,Baseline,5,Balanced,0,Low,0,Low,0,Low,0,Low,0,0.280278,0.596182,0.467615,0.027182,0.1
1412,Baseline,5,Balanced,0,Low,0,Low,0,Low,0,Low,0,0.280279,0.596184,0.467616,0.0271805,0.1
1413,Baseline,5,Balanced,0,Low,0,Low,0,Low,0,Low,0,0.280278,0.596183,0.467615,0.0271867,0.1
1414,Baseline,5,Balanced,0,Low,0,Low,0,Low,0,Low,0,0.280278,0.596183,0.467615,0.0271836,0.1
1415,Baseline,5,Balanced,0,Low,0,Low,0,Low,0,Low,0,0.280277,0.596184,0.467616,0.027192,0.1
1416,Baseline,5,Balanced,0,Low,0,Low,0,Low,0,Low,0,0.280276,0.596184,0.467616,0.0271874,0.1
1417,Baseline,5,Balanced,0,Low,0,Low,0,Low,0,Low,0,0.280276,0.596184,0.467616,0.027192,0.1
1418,Baseline,5,Balanced,0,Low,0,Low,0,Low,0,Low,0,0.280276,0.596184,0.467616,0.027192,0.1
1419,Baseline,5,Balanced,0,Low,0,Low,0,Low,0,Low,0,0.280275,0.596183,0.467615,0.0271905,0.1
1420,Baseline,5,Balanced,0,Low,0,Low,0,Low,0,Low,0,0.280275,0.596183,0.467615,0.0271928,0.1
1421,Baseline,5,Balanced,0,Low,0,Low,0,Low,0,Low,0,0.280275,0.59618,0.467613,0.0271928,0.1
1422,Baseline,5,Balanced,0,Low,0,Low,0,Low,0,Low,0,0.280275,0.596182,0.467614,0.0271905,0.1
1423,Baseline,5,Balanced,0,Low,0,Low,0,Low,0,Low,0,0.280275,0.596183,0.467615,0.0271951,0.1
1424,Baseline,5,Balanced,0,Low,0,Low,0,Low,0,Low,0,0.280275,0.596184,0.467616,0.0271943,0.1
1425,Baseline,5,Balanced,0,Low,0,Low,0,Low,0,Low,0,0.280275,0.596184,0.467616,0.027192,0.1
1426,Baseline,5,Balanced,0,Low,0,Low,0,Low,0,Low,0,0.280274,0.596185,0.467616,0.0271936,0.1
1427,Baseline,5,Balanced,0,Low,0,Low,0,Low,0,Low,0,0.280274,0.596184,0.467616,0.0271936,0.1
1428,Baseline,5,Balanced,0,Low,0,Low,0,Low,0,Low,0,0.280273,0.596185,0.467616,0.0271913,0.1
1429,Baseline,5,Balanced,0,Low,0,Low,0,Low,0,Low,0,0.280273,0.596184,0.467616,0.0271913,0.1
1430,Baseline,5,Balanced,0,Low,0,Low,0,Low,0,Low,0,0.280273,0.596185,0.467616,0.0271936,0.1
1431,Baseline,5,Balanced,0,Low,0,Low,0,Low,0,Low,0,0.280274,0.596186,0.467617,0.0271982,0.1
1432,Baseline,5,Balanced,0,Low,0,Low,0,Low,0,Low,0,0.280273,0.596184,0.467616,0.0271943,0.1
1433,Baseline,5,Balanced,0,Low,0,Low,0,Low,0,Low,0,0.280273,0.596183,0.467615,0.0271928,0.1
1434,Baseline,5,Balanced,0,Low,0,Low,0,Low,0,Low,0,0.280273,0.596183,0.467615,0.0271844,0.1
1435,Baseline,5,Balanced,0,Low,0,Low,0,Low,0,Low,0,0.280273,0.596183,0.467615,0.0271905,0.1
1436,Baseline,5,Balanced,0,Low,0,Low,0,Low,0,Low,0,0.280273,0.596184,0.467616,0.0271874,0.1
1437,Baseline,5,Balanced,0,Low,0,Low,0,Low,0,Low,0,0.280273,0.596182,0.467615,0.0271844,0.1
1438,Baseline,5,Balanced,0,Low,0,Low,0,Low,0,Low,0,0.280274,0.596182,0.467614,0.0271874,0.1
1439,Baseline,5,Balanced,0,Low,0,Low,0,Low,0,Low,0,0.280274,0.596181,0.467614,0.0271874,0.1
1440,Baseline,5,Balanced,0,Low,0,Low,0,Low,0,Low,0,0.280274,0.596181,0.467614,0.0271851,0.1
1441,Baseline,5,Balanced,0,Low,0,Low,0,Low,0,Low,0,0.280274,0.596182,0.467614,0.0271867,0.1
1442,Baseline,5,Balanced,0,Low,0,Low,0,Low,0,Low,0,0.280275,0.596182,0.467614,0.0271905,0.1
1443,Baseline,5,Balanced,0,Low,0,Low,0,Low,0,Low,0,0.280274,0.596181,0.467614,0.0271859,0.1
1444,Baseline,5,Balanced,0,Low,0,Low,0,Low,0,Low,0,0.280275,0.596182,0.467615,0.0271867,0.1
1445,Baseline,5,Balanced,0,Low,0,Low,0,Low,0,Low,0,0.280275,0.596181,0.467614,0.0271844,0.1
1446,Baseline,5,Balanced,0,Low,0,Low,0,Low,0,Low,0,0.280275,0.596179,0.467613,0.0271836,0.1
1447,Baseline,5,Balanced,0,Low,0,Low,0,Low,0,Low,0,0.280275,0.59618,0.467613,0.0271851,0.1
1448,Baseline,5,Balanced,0,Low,0,Low,0,Low,0,Low,0,0.280274,0.59618,0.467614,0.0271859,0.1
1449,Baseline,5,Balanced,0,Low,0,Low,0,Low,0,Low,0,0.280274,0.596181,0.467614,0.0271874,0.1
1450,Baseline,5,Balanced,0,Low,0,Low,0,Low,0,Low,0,0.280274,0.596181,0.467614,0.0271867,0.1
1451,Baseline,5,Balanced,0,Low,0,Low,0,Low,0,Low,0,0.280274,0.596181,0.467614,0.0271874,0.1
1452,Baseline,5,Balanced,0,Low,0,Low,0,Low,0,Low,0,0.280275,0.596181,0.467614,0.027189,0.1
1453,Baseline,5,Balanced,0,Low,0,Low,0,Low,0,Low,0,0.280274,0.59618,0.467613,0.0271882,0.1
1454,Baseline,5,Balanced,0,Low,0,Low,0,Low,0,Low,0,0.280275,0.596183,0.467615,0.0271913,0.1
1455,Baseline,5,Balanced,0,Low,0,Low,0,Low,0,Low,0,0.280275,0.596183,0.467615,0.0271928,0.1
1456,Baseline,5,Balanced,0,Low,0,Low,0,Low,0,Low,0,0.280276,0.596183,0.467615,0.0271913,0.1
1457,Baseline,5,Balanced,0,Low,0,Low,0,Low,0,Low,0,0.280276,0.596182,0.467614,0.0271913,0.1
1458,Baseline,5,Balanced,0,Low,0,Low,0,Low,0,Low,0,0.280276,0.596183,0.467615,0.0271959,0.1
1459,Baseline,5,Balanced,0,Low,0,Low,0,Low,0,Low,0,0.280276,0.596182,0.467614,0.0271959,0.1
1460,Baseline,5,Balanced,0,Low,0,Low,0,Low,0,Low,0,0.280276,0.596182,0.467615,0.027189,0.1
1461,Baseline,5,Balanced,0,Low,0,Low,0,Low,0,Low,0,0.280276,0.596182,0.467615,0.0271882,0.1
1462,Baseline,5,Balanced,0,Low,0,Low,0,Low,0,Low,0,0.280276,0.596183,0.467615,0.0271897,0.1
1463,Baseline,5,Balanced,0,Low,0,Low,0,Low,0,Low,0,0.280276,0.596183,0.467615,0.0271859,0.1
1464,Baseline,5,Balanced,0,Low,0,Low,0,Low,0,Low,0,0.280276,0.596183,0.467615,0.0271859,0.1
1465,Baseline,5,Balanced,0,Low,0,Low,0,Low,0,Low,0,0.280277,0.596183,0.467615,0.0271836,0.1
1466,Baseline,5,Balanced,0,Low,0,Low,0,Low,0,Low,0,0.280277,0.596185,0.467616,0.0271836,0.1
1467,Baseline,5,Balanced,0,Low,0,Low,0,Low,0,Low,0,0.280277,0.596187,0.467617,0.0271851,0.1
1468,Baseline,5,Balanced,0,Low,0,Low,0,Low,0,Low,0,0.280278,0.596185,0.467616,0.0271859,0.1
1469,Baseline,5,Balanced,0,Low,0,Low,0,Low,0,Low,0,0.280278,0.596185,0.467616,0.0271951,0.1
1470,Baseline,5,Balanced,0,Low,0,Low,0,Low,0,Low,0,0.280277,0.596183,0.467615,0.0271913,0.1
1471,Baseline,5,Balanced,0,Low,0,Low,0,Low,0,Low,0,0.280277,0.596182,0.467615,0.0271905,0.1
1472,Baseline,5,Balanced,0,Low,0,Low,0,Low,0,Low,0,0.280277,0.596182,0.467615,0.027192,0.1
1473,Baseline,5,Balanced,0,Low,0,Low,0,Low,0,Low,0,0.280277,0.596181,0.467614,0.0271982,0.1
1474,Baseline,5,Balanced,0,Low,0,Low,0,Low,0,Low,0,0.280276,0.596179,0.467613,0.0271959,0.1
1475,Baseline,5,Balanced,0,Low,0,Low,0,Low,0,Low,0,0.280277,0.596177,0.467612,0.027192,0.1
1476,Baseline,5,Balanced,0,Low,0,Low,0,Low,0,Low,0,0.280277,0.596175,0.46761,0.027189,0.1
1477,Baseline,5,Balanced,0,Low,0,Low,0,Low,0,Low,0,0.280277,0.596174,0.46761,0.027192,0.1
1478,Baseline,5,Balanced,0,Low,0,Low,0,Low,0,Low,0,0.280277,0.596176,0.467611,0.0271897,0.1
1479,Baseline,5,Balanced,0,Low,0,Low,0,Low,0,Low,0,0.280277,0.596175,0.46761,0.027189,0.1
1480,Baseline,5,Balanced,0,Low,0,Low,0,Low,0,Low,0,0.280276,0.596177,0.467611,0.0271882,0.1
1481,Baseline,5,Balanced,0,Low,0,Low,0,Low,0,Low,0,0.280277,0.596176,0.467611,0.027189,0.1
1482,Baseline,5,Balanced,0,Low,0,Low,0,Low,0,Low,0,0.280277,0.596176,0.467611,0.0271905,0.1
1483,Baseline,5,Balanced,0,Low,0,Low,0,Low,0,Low,0,0.280277,0.596176,0.467611,0.027192,0.1
1484,Baseline,5,Balanced,0,Low,0,Low,0,Low,0,Low,0,0.280277,0.596175,0.46761,0.0271867,0.1
1485,Baseline,5,Balanced,0,Low,0,Low,0,Low,0,Low,0,0.280277,0.596174,0.46761,0.0271859,0.1
1486,Baseline,5,Balanced,0,Low,0,Low,0,Low,0,Low,0,0.280276,0.596172,0.467608,0.0271882,0.1
1487,Baseline,5,Balanced,0,Low,0,Low,0,Low,0,Low,0,0.280276,0.596173,0.467609,0.0271897,0.1
1488,Baseline,5,Balanced,0,Low,0,Low,0,Low,0,Low,0,0.280276,0.596173,0.467609,0.0271882,0.1
1489,Baseline,5,Balanced,0,Low,0,Low,0,Low,0,Low,0,0.280276,0.596174,0.467609,0.0271859,0.1
1490,Baseline,5,Balanced,0,Low,0,Low,0,Low,0,Low,0,0.280277,0.596173,0.467609,0.027189,0.1
1491,Baseline,5,Balanced,0,Low,0,Low,0,Low,0,Low,0,0.280278,0.596172,0.467608,0.0271882,0.1
1492,Baseline,5,Balanced,0,Low,0,Low,0,Low,0,Low,0,0.280278,0.596173,0.467609,0.0271874,0.1
1493,Baseline,5,Balanced,0,Low,0,Low,0,Low,0,Low,0,0.280278,0.596173,0.467609,0.0271844,0.1
1494,Baseline,5,Balanced,0,Low,0,Low,0,Low,0,Low,0,0.280279,0.596172,0.467608,0.0271836,0.1
1495,Baseline,5,Balanced,0,Low,0,Low,0,Low,0,Low,0,0.280279,0.596175,0.46761,0.0271859,0.1
1496,Baseline,5,Balanced,0,Low,0,Low,0,Low,0,Low,0,0.280279,0.596175,0.46761,0.0271844,0.1
1497,Baseline,5,Balanced,0,Low,0,Low,0,Low,0,Low,0,0.280279,0.596176,0.467611,0.0271851,0.1
1498,Baseline,5,Balanced,0,Low,0,Low,0,Low,0,Low,0,0.280279,0.596174,0.46761,0.0271851,0.1
1499,Baseline,5,Balanced,0,Low,0,Low,0,Low,0,Low,0,0.280279,0.596176,0.46761,0.0271882,0.1
1500,Baseline,5,Balanced,0,Low,0,Low,0,Low,0,Low,0,0.28028,0.596176,0.46761,0.0271836,0.1
1501,Baseline,5,Balanced,0,Low,0,Low,0,Low,0,Low,0,0.28028,0.596176,0.467611,0.027182,0.1
1502,Baseline,5,Balanced,0,Low,0,Low,0,Low,0,Low,0,0.280281,0.596176,0.46761,0.0271828,0.1
1503,Baseline,5,Balanced,0,Low,0,Low,0,Low,0,Low,0,0.280281,0.596174,0.467609,0.027182,0.1
1504,Baseline,5,Balanced,0,Low,0,Low,0,Low,0,Low,0,0.280281,0.596174,0.467609,0.027182,0.1
1505,Baseline,5,Balanced,0,Low,0,Low,0,Low,0,Low,0,0.280281,0.596174,0.467609,0.0271813,0.1
1506,Baseline,5,Balanced,0,Low,0,Low,0,Low,0,Low,0,0.280281,0.596173,0.467609,0.0271828,0.1
1507,Baseline,5,Balanced,0,Low,0,Low,0,Low,0,Low,0,0.280281,0.596172,0.467608,0.0271805,0.1
1508,Baseline,5,Balanced,0,Low,0,Low,0,Low,0,Low,0,0.280282,0.596172,0.467608,0.027179,0.1
1509,Baseline,5,Balanced,0,Low,0,Low,0,Low,0,Low,0,0.280281,0.59617,0.467607,0.0271813,0.1
1510,Baseline,5,Balanced,0,Low,0,Low,0,Low,0,Low,0,0.280281,0.596169,0.467607,0.0271797,0.1
1511,Baseline,5,Balanced,0,Low,0,Low,0,Low,0,Low,0,0.280281,0.596169,0.467606,0.0271805,0.1
1512,Baseline,5,Balanced,0,Low,0,Low,0,Low,0,Low,0,0.280281,0.596169,0.467607,0.0271759,0.1
1513,Baseline,5,Balanced,0,Low,0,Low,0,Low,0,Low,0,0.280282,0.596169,0.467606,0.0271782,0.1
1514,Baseline,5,Balanced,0,Low,0,Low,0,Low,0,Low,0,0.280282,0.596169,0.467606,0.0271851,0.1
1515,Baseline,5,Balanced,0,Low,0,Low,0,Low,0,Low,0,0.280283,0.596169,0.467606,0.0271851,0.1
1516,Baseline,5,Balanced,0,Low,0,Low,0,Low,0,Low,0,0.280282,0.596168,0.467606,0.0271836,0.1
1517,Baseline,5,Balanced,0,Low,0,Low,0,Low,0,Low,0,0.280282,0.59617,0.467607,0.027182,0.1
1518,Baseline,5,Balanced,0,Low,0,Low,0,Low,0,Low,0,0.280283,0.596171,0.467608,0.0271836,0.1
1519,Baseline,5,Balanced,0,Low,0,Low,0,Low,0,Low,0,0.280282,0.596169,0.467606,0.0271836,0.1
1520,Baseline,5,Balanced,0,Low,0,Low,0,Low,0,Low,0,0.280283,0.596169,0.467606,0.027179,0.1
1521,Baseline,5,Balanced,0,Low,0,Low,0,Low,0,Low,0,0.280282,0.596169,0.467606,0.027182,0.1
1522,Baseline,5,Balanced,0,Low,0,Low,0,Low,0,Low,0,0.280282,0.596168,0.467606,0.0271782,0.1
1523,Baseline,5,Balanced,0,Low,0,Low,0,Low,0,Low,0,0.280283,0.596168,0.467606,0.0271774,0.1
1524,Baseline,5,Balanced,0,Low,0,Low,0,Low,0,Low,0,0.280284,0.59617,0.467607,0.0271736,0.1
1525,Baseline,5,Balanced,0,Low,0,Low,0,Low,0,Low,0,0.280283,0.596171,0.467608,0.0271751,0.1
1526,Baseline,5,Balanced,0,Low,0,Low,0,Low,0,Low,0,0.280283,0.59617,0.467607,0.0271744,0.1
1527,Baseline,5,Balanced,0,Low,0,Low,0,Low,0,Low,0,0.280282,0.596172,0.467608,0.0271744,0.1
1528,Baseline,5,Balanced,0,Low,0,Low,0,Low,0,Low,0,0.280283,0.596171,0.467608,0.0271751,0.1
1529,Baseline,5,Balanced,0,Low,0,Low,0,Low,0,Low,0,0.280283,0.596171,0.467607,0.0271782,0.1
1530,Baseline,5,Balanced,0,Low,0,Low,0,Low,0,Low,0,0.280283,0.59617,0.467607,0.0271797,0.1
1531,Baseline,5,Balanced,0,Low,0,Low,0,Low,0,Low,0,0.280283,0.596172,0.467608,0.0271797,0.1
1532,Baseline,5,Balanced,0,Low,0,Low,0,Low,0,Low,0,0.280283,0.596174,0.467609,0.0271828,0.1
1533,Baseline,5,Balanced,0,Low,0,Low,0,Low,0,Low,0,0.280283,0.596173,0.467609,0.0271805,0.1
1534,Baseline,5,Balanced,0,Low,0,Low,0,Low,0,Low,0,0.280284,0.596172,0.467609,0.027179,0.1
1535,Baseline,5,Balanced,0,Low,0,Low,0,Low,0,Low,0,0.280284,0.596172,0.467608,0.0271774,0.1
1536,Baseline,5,Balanced,0,Low,0,Low,0,Low,0,Low,0,0.280283,0.596172,0.467608,0.027179,0.1
1537,Baseline,5,Balanced,0,Low,0,Low,0,Low,0,Low,0,0.280283,0.596173,0.467609,0.027179,0.1
1538,Baseline,5,Balanced,0,Low,0,Low,0,Low,0,Low,0,0.280283,0.596171,0.467608,0.0271797,0.1
1539,Baseline,5,Balanced,0,Low,0,Low,0,Low,0,Low,0,0.280283,0.59617,0.467607,0.0271797,0.1
1540,Baseline,5,Balanced,0,Low,0,Low,0,Low,0,Low,0,0.280283,0.59617,0.467607,0.027179,0.1
1541,Baseline,5,Balanced,0,Low,0,Low,0,Low,0,Low,0,0.280283,0.59617,0.467607,0.0271774,0.1
1542,Baseline,5,Balanced,0,Low,0,Low,0,Low,0,Low,0,0.280283,0.596171,0.467607,0.0271774,0.1
1543,Baseline,5,Balanced,0,Low,0,Low,0,Low,0,Low,0,0.280283,0.596172,0.467608,0.0271751,0.1
1544,Baseline,5,Balanced,0,Low,0,Low,0,Low,0,Low,0,0.280283,0.596172,0.467608,0.0271728,0.1
1545,Baseline,5,Balanced,0,Low,0,Low,0,Low,0,Low,0,0.280284,0.596173,0.467609,0.0271767,0.1
1546,Baseline,5,Balanced,0,Low,0,Low,0,Low,0,Low,0,0.280284,0.596171,0.467608,0.0271728,0.1
1547,Baseline,5,Balanced,0,Low,0,Low,0,Low,0,Low,0,0.280284,0.59617,0.467607,0.0271751,0.1
1548,Baseline,5,Balanced,0,Low,0,Low,0,Low,0,Low,0,0.280283,0.596169,0.467606,0.0271797,0.1
1549,Baseline,5,Balanced,0,Low,0,Low,0,Low,0,Low,0,0.280283,0.596167,0.467605,0.0271736,0.1
1550,Baseline,5,Balanced,0,Low,0,Low,0,Low,0,Low,0,0.280283,0.596165,0.467604,0.0271736,0.1
1551,Baseline,5,Balanced,0,Low,0,Low,0,Low,0,Low,0,0.280284,0.596165,0.467604,0.0271767,0.1
1552,Baseline,5,Balanced,0,Low,0,Low,0,Low,0,Low,0,0.280284,0.596167,0.467605,0.0271774,0.1
1553,Baseline,5,Balanced,0,Low,0,Low,0,Low,0,Low,0,0.280284,0.596164,0.467604,0.0271805,0.1
1554,Baseline,5,Balanced,0,Low,0,Low,0,Low,0,Low,0,0.280283,0.596163,0.467603,0.0271813,0.1
1555,Baseline,5,Balanced,0,Low,0,Low,0,Low,0,Low,0,0.280283,0.596163,0.467603,0.0271844,0.1
1556,Baseline,5,Balanced,0,Low,0,Low,0,Low,0,Low,0,0.280283,0.596163,0.467602,0.0271867,0.1
1557,Baseline,5,Balanced,0,Low,0,Low,0,Low,0,Low,0,0.280283,0.596163,0.467603,0.0271851,0.1
1558,Baseline,5,Balanced,0,Low,0,Low,0,Low,0,Low,0,0.280283,0.596162,0.467602,0.0271836,0.1
1559,Baseline,5,Balanced,0,Low,0,Low,0,Low,0,Low,0,0.280283,0.596162,0.467602,0.0271813,0.1
1560,Baseline,5,Balanced,0,Low,0,Low,0,Low,0,Low,0,0.280283,0.596163,0.467603,0.0271797,0.1
1561,Baseline,5,Balanced,0,Low,0,Low,0,Low,0,Low,0,0.280283,0.596163,0.467602,0.0271782,0.1
1562,Baseline,5,Balanced,0,Low,0,Low,0,Low,0,Low,0,0.280283,0.59616,0.467601,0.027179,0.1
1563,Baseline,5,Balanced,0,Low,0,Low,0,Low,0,Low,0,0.280284,0.59616,0.467601,0.0271782,0.1
1564,Baseline,5,Balanced,0,Low,0,Low,0,Low,0,Low,0,0.280283,0.596159,0.4676,0.027179,0.1
1565,Baseline,5,Balanced,0,Low,0,Low,0,Low,0,Low,0,0.280284,0.596159,0.4676,0.0271767,0.1
1566,Baseline,5,Balanced,0,Low,0,Low,0,Low,0,Low,0,0.280284,0.596159,0.4676,0.0271767,0.1
1567,Baseline,5,Balanced,0,Low,0,Low,0,Low,0,Low,0,0.280284,0.596155,0.467598,0.0271751,0.1
1568,Baseline,5,Balanced,0,Low,0,Low,0,Low,0,Low,0,0.280284,0.596156,0.467598,0.0271728,0.1
1569,Baseline,5,Balanced,0,Low,0,Low,0,Low,0,Low,0,0.280284,0.596157,0.467599,0.0271736,0.1
1570,Baseline,5,Balanced,0,Low,0,Low,0,Low,0,Low,0,0.280283,0.596156,0.467598,0.0271767,0.1
1571,Baseline,5,Balanced,0,Low,0,Low,0,Low,0,Low,0,0.280283,0.596157,0.467599,0.0271751,0.1
1572,Baseline,5,Balanced,0,Low,0,Low,0,Low,0,Low,0,0.280283,0.596157,0.467599,0.027179,0.1
1573,Baseline,5,Balanced,0,Low,0,Low,0,Low,0,Low,0,0.280282,0.596157,0.467599,0.0271797,0.1
1574,Baseline,5,Balanced,0,Low,0,Low,0,Low,0,Low,0,0.280281,0.596156,0.467598,0.0271744,0.1
1575,Baseline,5,Balanced,0,Low,0,Low,0,Low,0,Low,0,0.280282,0.596157,0.467599,0.0271751,0.1
1576,Baseline,5,Balanced,0,Low,0,Low,0,Low,0,Low,0,0.280282,0.596156,0.467598,0.0271782,0.1
1577,Baseline,5,Balanced,0,Low,0,Low,0,Low,0,Low,0,0.280282,0.596158,0.467599,0.0271797,0.1
1578,Baseline,5,Balanced,0,Low,0,Low,0,Low,0,Low,0,0.280283,0.596158,0.4676,0.027182,0.1
1579,Baseline,5,Balanced,0,Low,0,Low,0,Low,0,Low,0,0.280283,0.596159,0.4676,0.0271813,0.1
1580,Baseline,5,Balanced,0,Low,0,Low,0,Low,0,Low,0,0.280284,0.596159,0.4676,0.0271828,0.1
1581,Baseline,5,Balanced,0,Low,0,Low,0,Low,0,Low,0,0.280284,0.59616,0.467601,0.0271844,0.1
1582,Baseline,5,Balanced,0,Low,0,Low,0,Low,0,Low,0,0.280283,0.596159,0.4676,0.0271805,0.1
1583,Baseline,5,Balanced,0,Low,0,Low,0,Low,0,Low,0,0.280283,0.596157,0.467599,0.0271782,0.1
1584,Baseline,5,Balanced,0,Low,0,Low,0,Low,0,Low,0,0.280283,0.596158,0.4676,0.0271782,0.1
1585,Baseline,5,Balanced,0,Low,0,Low,0,Low,0,Low,0,0.280283,0.596157,0.467599,0.0271782,0.1
1586,Baseline,5,Balanced,0,Low,0,Low,0,Low,0,Low,0,0.280283,0.596155,0.467598,0.0271759,0.1
1587,Baseline,5,Balanced,0,Low,0,Low,0,Low,0,Low,0,0.280283,0.596156,0.467598,0.027179,0.1
1588,Baseline,5,Balanced,0,Low,0,Low,0,Low,0,Low,0,0.280283,0.596157,0.467599,0.0271782,0.1
1589,Baseline,5,Balanced,0,Low,0,Low,0,Low,0,Low,0,0.280284,0.596157,0.467599,0.0271805,0.1
1590,Baseline,5,Balanced,0,Low,0,Low,0,Low,0,Low,0,0.280283,0.596156,0.467598,0.0271774,0.1
1591,Baseline,5,Balanced,0,Low,0,Low,0,Low,0,Low,0,0.280284,0.596155,0.467597,0.0271759,0.1
1592,Baseline,5,Balanced,0,Low,0,Low,0,Low,0,Low,0,0.280283,0.596153,0.467596,0.0271721,0.1
1593,Baseline,5,Balanced,0,Low,0,Low,0,Low,0,Low,0,0.280283,0.596153,0.467597,0.0271728,0.1
1594,Baseline,5,Balanced,0,Low,0,Low,0,Low,0,Low,0,0.280282,0.596151,0.467595,0.0271744,0.1
1595,Baseline,5,Balanced,0,Low,0,Low,0,Low,0,Low,0,0.280281,0.59615,0.467594,0.0271736,0.1
1596,Baseline,5,Balanced,0,Low,0,Low,0,Low,0,Low,0,0.280282,0.59615,0.467594,0.0271705,0.1
1597,Baseline,5,Balanced,0,Low,0,Low,0,Low,0,Low,0,0.280282,0.59615,0.467595,0.0271744,0.1
1598,Baseline,5,Balanced,0,Low,0,Low,0,Low,0,Low,0,0.280282,0.596149,0.467594,0.0271728,0.1
1599,Baseline,5,Balanced,0,Low,0,Low,0,Low,0,Low,0,0.280281,0.596148,0.467593,0.0271721,0.1
1600,Baseline,5,Balanced,0,Low,0,Low,0,Low,0,Low,0,0.280281,0.596148,0.467593,0.0271721,0.1
1601,Baseline,5,Balanced,0,Low,0,Low,0,Low,0,Low,0,0.280281,0.596147,0.467593,0.0271713,0.1
1602,Baseline,5,Balanced,0,Low,0,Low,0,Low,0,Low,0,0.280281,0.596148,0.467593,0.0271721,0.1
1603,Baseline,5,Balanced,0,Low,0,Low,0,Low,0,Low,0,0.280282,0.596149,0.467594,0.0271728,0.1
1604,Baseline,5,Balanced,0,Low,0,Low,0,Low,0,Low,0,0.280283,0.59615,0.467595,0.0271736,0.1
1605,Baseline,5,Balanced,0,Low,0,Low,0,Low,0,Low,0,0.280283,0.59615,0.467594,0.0271744,0.1
1606,Baseline,5,Balanced,0,Low,0,Low,0,Low,0,Low,0,0.280283,0.59615,0.467594,0.0271728,0.1
1607,Baseline,5,Balanced,0,Low,0,Low,0,Low,0,Low,0,0.280283,0.59615,0.467594,0.0271759,0.1
1608,Baseline,5,Balanced,0,Low,0,Low,0,Low,0,Low,0,0.280283,0.596148,0.467594,0.0271736,0.1
1609,Baseline,5,Balanced,0,Low,0,Low,0,Low,0,Low,0,0.280283,0.596149,0.467594,0.0271759,0.1
1610,Baseline,5,Balanced,0,Low,0,Low,0,Low,0,Low,0,0.280283,0.596151,0.467595,0.0271759,0.1
1611,Baseline,5,Balanced,0,Low,0,Low,0,Low,0,Low,0,0.280283,0.596149,0.467594,0.0271774,0.1
1612,Baseline,5,Balanced,0,Low,0,Low,0,Low,0,Low,0,0.280283,0.59615,0.467595,0.0271736,0.1
1613,Baseline,5,Balanced,0,Low,0,Low,0,Low,0,Low,0,0.280283,0.596149,0.467594,0.0271759,0.1
1614,Baseline,5,Balanced,0,Low,0,Low,0,Low,0,Low,0,0.280283,0.596148,0.467593,0.0271728,0.1
1615,Baseline,5,Balanced,0,Low,0,Low,0,Low,0,Low,0,0.280282,0.596148,0.467594,0.0271721,0.1
1616,Baseline,5,Balanced,0,Low,0,Low,0,Low,0,Low,0,0.280282,0.596147,0.467593,0.0271721,0.1
1617,Baseline,5,Balanced,0,Low,0,Low,0,Low,0,Low,0,0.280282,0.596147,0.467592,0.0271705,0.1
1618,Baseline,5,Balanced,0,Low,0,Low,0,Low,0,Low,0,0.280281,0.596146,0.467592,0.0271782,0.1
1619,Baseline,5,Balanced,0,Low,0,Low,0,Low,0,Low,0,0.280282,0.596147,0.467593,0.0271782,0.1
1620,Baseline,5,Balanced,0,Low,0,Low,0,Low,0,Low,0,0.280282,0.596146,0.467592,0.0271805,0.1
1621,Baseline,5,Balanced,0,Low,0,Low,0,Low,0,Low,0,0.280281,0.596146,0.467592,0.0271767,0.1
1622,Baseline,5,Balanced,0,Low,0,Low,0,Low,0,Low,0,0.280281,0.596146,0.467592,0.0271782,0.1
1623,Baseline,5,Balanced,0,Low,0,Low,0,Low,0,Low,0,0.280281,0.596146,0.467592,0.0271805,0.1
1624,Baseline,5,Balanced,0,Low,0,Low,0,Low,0,Low,0,0.280281,0.596146,0.467592,0.0271813,0.1
1625,Baseline,5,Balanced,0,Low,0,Low,0,Low,0,Low,0,0.280282,0.596145,0.467592,0.0271836,0.1
1626,Baseline,5,Balanced,0,Low,0,Low,0,Low,0,Low,0,0.280282,0.596144,0.467591,0.0271882,0.1
1627,Baseline,5,Balanced,0,Low,0,Low,0,Low,0,Low,0,0.280282,0.596144,0.467591,0.0271867,0.1
1628,Baseline,5,Balanced,0,Low,0,Low,0,Low,0,Low,0,0.280282,0.596144,0.467591,0.0271859,0.1
1629,Baseline,5,Balanced,0,Low,0,Low,0,Low,0,Low,0,0.280281,0.596145,0.467591,0.0271797,0.1
1630,Baseline,5,Balanced,0,Low,0,Low,0,Low,0,Low,0,0.280282,0.596144,0.467591,0.027179,0.1
1631,Baseline,5,Balanced,0,Low,0,Low,0,Low,0,Low,0,0.280281,0.596143,0.46759,0.027179,0.1
1632,Baseline,5,Balanced,0,Low,0,Low,0,Low,0,Low,0,0.280282,0.596143,0.46759,0.0271813,0.1
1633,Baseline,5,Balanced,0,Low,0,Low,0,Low,0,Low,0,0.280281,0.596142,0.467589,0.0271774,0.1
1634,Baseline,5,Balanced,0,Low,0,Low,0,Low,0,Low,0,0.280281,0.59614,0.467588,0.0271774,0.1
1635,Baseline,5,Balanced,0,Low,0,Low,0,Low,0,Low,0,0.280281,0.596141,0.467589,0.0271782,0.1
1636,Baseline,5,Balanced,0,Low,0,Low,0,Low,0,Low,0,0.280281,0.596142,0.467589,0.027179,0.1
1637,Baseline,5,Balanced,0,Low,0,Low,0,Low,0,Low,0,0.280281,0.596143,0.46759,0.0271759,0.1
1638,Baseline,5,Balanced,0,Low,0,Low,0,Low,0,Low,0,0.280281,0.596143,0.46759,0.0271744,0.1
1639,Baseline,5,Balanced,0,Low,0,Low,0,Low,0,Low,0,0.280281,0.596143,0.46759,0.0271782,0.1
1640,Baseline,5,Balanced,0,Low,0,Low,0,Low,0,Low,0,0.280281,0.596144,0.467591,0.0271774,0.1
1641,Baseline,5,Balanced,0,Low,0,Low,0,Low,0,Low,0,0.280281,0.596143,0.46759,0.0271721,0.1
1642,Baseline,5,Balanced,0,Low,0,Low,0,Low,0,Low,0,0.280281,0.596142,0.46759,0.0271721,0.1
1643,Baseline,5,Balanced,0,Low,0,Low,0,Low,0,Low,0,0.28028,0.596142,0.467589,0.0271736,0.1
1644,Baseline,5,Balanced,0,Low,0,Low,0,Low,0,Low,0,0.280281,0.596142,0.467589,0.0271751,0.1
1645,Baseline,5,Balanced,0,Low,0,Low,0,Low,0,Low,0,0.28028,0.596141,0.467589,0.0271736,0.1
1646,Baseline,5,Balanced,0,Low,0,Low,0,Low,0,Low,0,0.28028,0.596141,0.467589,0.0271705,0.1
1647,Baseline,5,Balanced,0,Low,0,Low,0,Low,0,Low,0,0.280281,0.596142,0.467589,0.0271736,0.1
1648,Baseline,5,Balanced,0,Low,0,Low,0,Low,0,Low,0,0.280281,0.59614,0.467588,0.0271751,0.1
1649,Baseline,5,Balanced,0,Low,0,Low,0,Low,0,Low,0,0.280281,0.59614,0.467588,0.0271713,0.1
1650,Baseline,5,Balanced,0,Low,0,Low,0,Low,0,Low,0,0.280281,0.59614,0.467588,0.0271698,0.1
1651,Baseline,5,Balanced,0,Low,0,Low,0,Low,0,Low,0,0.280282,0.59614,0.467588,0.0271698,0.1
1652,Baseline,5,Balanced,0,Low,0,Low,0,Low,0,Low,0,0.280282,0.596139,0.467588,0.0271713,0.1
1653,Baseline,5,Balanced,0,Low,0,Low,0,Low,0,Low,0,0.280282,0.596139,0.467588,0.0271713,0.1
1654,Baseline,5,Balanced,0,Low,0,Low,0,Low,0,Low,0,0.280281,0.596138,0.467587,0.0271698,0.1
1655,Baseline,5,Balanced,0,Low,0,Low,0,Low,0,Low,0,0.280282,0.596139,0.467587,0.027169,0.1
1656,Baseline,5,Balanced,0,Low,0,Low,0,Low,0,Low,0,0.280282,0.596138,0.467587,0.0271728,0.1
1657,Baseline,5,Balanced,0,Low,0,Low,0,Low,0,Low,0,0.280282,0.596139,0.467588,0.0271705,0.1
1658,Baseline,5,Balanced,0,Low,0,Low,0,Low,0,Low,0,0.280283,0.59614,0.467588,0.0271721,0.1
1659,Baseline,5,Balanced,0,Low,0,Low,0,Low,0,Low,0,0.280283,0.59614,0.467588,0.0271674,0.1
1660,Baseline,5,Balanced,0,Low,0,Low,0,Low,0,Low,0,0.280283,0.596141,0.467589,0.0271682,0.1
1661,Baseline,5,Balanced,0,Low,0,Low,0,Low,0,Low,0,0.280283,0.596141,0.467589,0.0271713,0.1
1662,Baseline,5,Balanced,0,Low,0,Low,0,Low,0,Low,0,0.280283,0.596141,0.467589,0.0271682,0.1
1663,Baseline,5,Balanced,0,Low,0,Low,0,Low,0,Low,0,0.280283,0.59614,0.467588,0.0271713,0.1
1664,Baseline,5,Balanced,0,Low,0,Low,0,Low,0,Low,0,0.280284,0.59614,0.467588,0.027169,0.1
1665,Baseline,5,Balanced,0,Low,0,Low,0,Low,0,Low,0,0.280284,0.596141,0.467589,0.0271698,0.1
1666,Baseline,5,Balanced,0,Low,0,Low,0,Low,0,Low,0,0.280283,0.596143,0.46759,0.0271721,0.1
1667,Baseline,5,Balanced,0,Low,0,Low,0,Low,0,Low,0,0.280284,0.596143,0.46759,0.0271721,0.1
1668,Baseline,5,Balanced,0,Low,0,Low,0,Low,0,Low,0,0.280284,0.596142,0.46759,0.0271721,0.1
1669,Baseline,5,Balanced,0,Low,0,Low,0,Low,0,Low,0,0.280284,0.596141,0.467589,0.027169,0.1
1670,Baseline,5,Balanced,0,Low,0,Low,0,Low,0,Low,0,0.280285,0.596142,0.467589,0.0271667,0.1
1671,Baseline,5,Balanced,0,Low,0,Low,0,Low,0,Low,0,0.280285,0.596142,0.467589,0.0271667,0.1
1672,Baseline,5,Balanced,0,Low,0,Low,0,Low,0,Low,0,0.280285,0.596141,0.467589,0.0271667,0.1
1673,Baseline,5,Balanced,0,Low,0,Low,0,Low,0,Low,0,0.280285,0.596139,0.467588,0.027169,0.1
1674,Baseline,5,Balanced,0,Low,0,Low,0,Low,0,Low,0,0.280284,0.596138,0.467587,0.0271667,0.1
1675,Baseline,5,Balanced,0,Low,0,Low,0,Low,0,Low,0,0.280284,0.596137,0.467587,0.0271705,0.1
1676,Baseline,5,Balanced,0,Low,0,Low,0,Low,0,Low,0,0.280284,0.596137,0.467586,0.0271621,0.1
1677,Baseline,5,Balanced,0,Low,0,Low,0,Low,0,Low,0,0.280284,0.596138,0.467587,0.0271605,0.1
1678,Baseline,5,Balanced,0,Low,0,Low,0,Low,0,Low,0,0.280284,0.596137,0.467586,0.0271598,0.1
1679,Baseline,5,Balanced,0,Low,0,Low,0,Low,0,Low,0,0.280284,0.596137,0.467586,0.0271598,0.1
1680,Baseline,5,Balanced,0,Low,0,Low,0,Low,0,Low,0,0.280284,0.596136,0.467586,0.0271575,0.1
1681,Baseline,5,Balanced,0,Low,0,Low,0,Low,0,Low,0,0.280283,0.596136,0.467586,0.0271544,0.1
1682,Baseline,5,Balanced,0,Low,0,Low,0,Low,0,Low,0,0.280282,0.596134,0.467585,0.0271559,0.1
1683,Baseline,5,Balanced,0,Low,0,Low,0,Low,0,Low,0,0.280282,0.596132,0.467583,0.0271552,0.1
1684,Baseline,5,Balanced,0,Low,0,Low,0,Low,0,Low,0,0.280282,0.596133,0.467584,0.0271528,0.1
1685,Baseline,5,Balanced,0,Low,0,Low,0,Low,0,Low,0,0.280282,0.596134,0.467584,0.0271575,0.1
1686,Baseline,5,Balanced,0,Low,0,Low,0,Low,0,Low,0,0.280283,0.596134,0.467584,0.0271598,0.1
1687,Baseline,5,Balanced,0,Low,0,Low,0,Low,0,Low,0,0.280283,0.596134,0.467584,0.0271575,0.1
1688,Baseline,5,Balanced,0,Low,0,Low,0,Low,0,Low,0,0.280283,0.596132,0.467583,0.0271521,0.1
1689,Baseline,5,Balanced,0,Low,0,Low,0,Low,0,Low,0,0.280282,0.596131,0.467583,0.0271552,0.1
1690,Baseline,5,Balanced,0,Low,0,Low,0,Low,0,Low,0,0.280283,0.596131,0.467583,0.0271552,0.1
1691,Baseline,5,Balanced,0,Low,0,Low,0,Low,0,Low,0,0.280282,0.59613,0.467582,0.0271582,0.1
1692,Baseline,5,Balanced,0,Low,0,Low,0,Low,0,Low,0,0.280282,0.59613,0.467582,0.0271559,0.1
1693,Baseline,5,Balanced,0,Low,0,Low,0,Low,0,Low,0,0.280282,0.596129,0.467581,0.0271598,0.1
1694,Baseline,5,Balanced,0,Low,0,Low,0,Low,0,Low,0,0.280282,0.596129,0.467581,0.0271659,0.1
1695,Baseline,5,Balanced,0,Low,0,Low,0,Low,0,Low,0,0.280282,0.596127,0.46758,0.0271659,0.1
1696,Baseline,5,Balanced,0,Low,0,Low,0,Low,0,Low,0,0.280283,0.596129,0.467581,0.0271651,0.1
1697,Baseline,5,Balanced,0,Low,0,Low,0,Low,0,Low,0,0.280283,0.596128,0.46758,0.0271659,0.1
1698,Baseline,5,Balanced,0,Low,0,Low,0,Low,0,Low,0,0.280283,0.596128,0.46758,0.0271628,0.1
1699,Baseline,5,Balanced,0,Low,0,Low,0,Low,0,Low,0,0.280282,0.596127,0.46758,0.0271628,0.1
1700,Baseline,5,Balanced,0,Low,0,Low,0,Low,0,Low,0,0.280283,0.596127,0.46758,0.0271628,0.1
1701,Baseline,5,Balanced,0,Low,0,Low,0,Low,0,Low,0,0.280283,0.596127,0.46758,0.0271651,0.1
1702,Baseline,5,Balanced,0,Low,0,Low,0,Low,0,Low,0,0.280284,0.596129,0.467581,0.0271605,0.1
1703,Baseline,5,Balanced,0,Low,0,Low,0,Low,0,Low,0,0.280283,0.596128,0.467581,0.0271621,0.1
1704,Baseline,5,Balanced,0,Low,0,Low,0,Low,0,Low,0,0.280283,0.596129,0.467581,0.0271605,0.1
1705,Baseline,5,Balanced,0,Low,0,Low,0,Low,0,Low,0,0.280282,0.596129,0.467582,0.0271544,0.1
1706,Baseline,5,Balanced,0,Low,0,Low,0,Low,0,Low,0,0.280283,0.596128,0.467581,0.0271536,0.1
1707,Baseline,5,Balanced,0,Low,0,Low,0,Low,0,Low,0,0.280283,0.596128,0.467581,0.0271528,0.1
1708,Baseline,5,Balanced,0,Low,0,Low,0,Low,0,Low,0,0.280282,0.596127,0.46758,0.0271559,0.1
1709,Baseline,5,Balanced,0,Low,0,Low,0,Low,0,Low,0,0.280282,0.596125,0.467579,0.0271582,0.1
1710,Baseline,5,Balanced,0,Low,0,Low,0,Low,0,Low,0,0.280282,0.596126,0.46758,0.0271528,0.1
1711,Baseline,5,Balanced,0,Low,0,Low,0,Low,0,Low,0,0.280282,0.596125,0.467579,0.0271528,0.1
1712,Baseline,5,Balanced,0,Low,0,Low,0,Low,0,Low,0,0.280281,0.596123,0.467578,0.0271536,0.1
1713,Baseline,5,Balanced,0,Low,0,Low,0,Low,0,Low,0,0.280281,0.596123,0.467578,0.0271559,0.1
1714,Baseline,5,Balanced,0,Low,0,Low,0,Low,0,Low,0,0.28028,0.59612,0.467576,0.0271544,0.1
1715,Baseline,5,Balanced,0,Low,0,Low,0,Low,0,Low,0,0.28028,0.59612,0.467576,0.0271521,0.1
1716,Baseline,5,Balanced,0,Low,0,Low,0,Low,0,Low,0,0.28028,0.596119,0.467575,0.0271467,0.1
1717,Baseline,5,Balanced,0,Low,0,Low,0,Low,0,Low,0,0.28028,0.59612,0.467575,0.0271498,0.1
1718,Baseline,5,Balanced,0,Low,0,Low,0,Low,0,Low,0,0.28028,0.59612,0.467575,0.0271528,0.1
1719,Baseline,5,Balanced,0,Low,0,Low,0,Low,0,Low,0,0.28028,0.596121,0.467576,0.0271521,0.1
1720,Baseline,5,Balanced,0,Low,0,Low,0,Low,0,Low,0,0.280279,0.596119,0.467575,0.0271505,0.1
1721,Baseline,5,Balanced,0,Low,0,Low,0,Low,0,Low,0,0.280279,0.596118,0.467574,0.0271482,0.1
1722,Baseline,5,Balanced,0,Low,0,Low,0,Low,0,Low,0,0.28028,0.596118,0.467574,0.0271536,0.1
1723,Baseline,5,Balanced,0,Low,0,Low,0,Low,0,Low,0,0.28028,0.596118,0.467574,0.0271521,0.1
1724,Baseline,5,Balanced,0,Low,0,Low,0,Low,0,Low,0,0.28028,0.596118,0.467575,0.0271552,0.1
1725,Baseline,5,Balanced,0,Low,0,Low,0,Low,0,Low,0,0.28028,0.596118,0.467574,0.0271552,0.1
1726,Baseline,5,Balanced,0,Low,0,Low,0,Low,0,Low,0,0.28028,0.59612,0.467576,0.0271536,0.1
1727,Baseline,5,Balanced,0,Low,0,Low,0,Low,0,Low,0,0.28028,0.59612,0.467575,0.0271559,0.1
1728,Baseline,5,Balanced,0,Low,0,Low,0,Low,0,Low,0,0.28028,0.59612,0.467576,0.0271528,0.1
1729,Baseline,5,Balanced,0,Low,0,Low,0,Low,0,Low,0,0.28028,0.596119,0.467575,0.0271528,0.1
1730,Baseline,5,Balanced,0,Low,0,Low,0,Low,0,Low,0,0.280281,0.596121,0.467576,0.0271528,0.1
1731,Baseline,5,Balanced,0,Low,0,Low,0,Low,0,Low,0,0.280281,0.596122,0.467577,0.0271544,0.1
1732,Baseline,5,Balanced,0,Low,0,Low,0,Low,0,Low,0,0.280281,0.596123,0.467577,0.0271575,0.1
1733,Baseline,5,Balanced,0,Low,0,Low,0,Low,0,Low,0,0.280281,0.596123,0.467578,0.027159,0.1
1734,Baseline,5,Balanced,0,Low,0,Low,0,Low,0,Low,0,0.28028,0.596122,0.467577,0.0271613,0.1
1735,Baseline,5,Balanced,0,Low,0,Low,0,Low,0,Low,0,0.28028,0.596122,0.467577,0.0271575,0.1
1736,Baseline,5,Balanced,0,Low,0,Low,0,Low,0,Low,0,0.280281,0.596121,0.467576,0.0271567,0.1
1737,Baseline,5,Balanced,0,Low,0,Low,0,Low,0,Low,0,0.28028,0.596122,0.467577,0.0271567,0.1
1738,Baseline,5,Balanced,0,Low,0,Low,0,Low,0,Low,0,0.280281,0.596122,0.467577,0.0271598,0.1
1739,Baseline,5,Balanced,0,Low,0,Low,0,Low,0,Low,0,0.280281,0.596121,0.467577,0.0271575,0.1
1740,Baseline,5,Balanced,0,Low,0,Low,0,Low,0,Low,0,0.28028,0.59612,0.467576,0.0271582,0.1
1741,Baseline,5,Balanced,0,Low,0,Low,0,Low,0,Low,0,0.28028,0.596119,0.467575,0.027159,0.1
1742,Baseline,5,Balanced,0,Low,0,Low,0,Low,0,Low,0,0.280279,0.596119,0.467575,0.0271598,0.1
1743,Baseline,5,Balanced,0,Low,0,Low,0,Low,0,Low,0,0.28028,0.59612,0.467576,0.0271605,0.1
1744,Baseline,5,Balanced,0,Low,0,Low,0,Low,0,Low,0,0.28028,0.59612,0.467576,0.0271582,0.1
1745,Baseline,5,Balanced,0,Low,0,Low,0,Low,0,Low,0,0.28028,0.596118,0.467575,0.0271636,0.1
1746,Baseline,5,Balanced,0,Low,0,Low,0,Low,0,Low,0,0.280279,0.596118,0.467574,0.0271636,0.1
1747,Baseline,5,Balanced,0,Low,0,Low,0,Low,0,Low,0,0.280279,0.596116,0.467573,0.0271651,0.1
1748,Baseline,5,Balanced,0,Low,0,Low,0,Low,0,Low,0,0.280279,0.596116,0.467573,0.0271674,0.1
1749,Baseline,5,Balanced,0,Low,0,Low,0,Low,0,Low,0,0.280279,0.596116,0.467573,0.0271605,0.1
1750,Baseline,5,Balanced,0,Low,0,Low,0,Low,0,Low,0,0.280278,0.596115,0.467572,0.0271613,0.1
1751,Baseline,5,Balanced,0,Low,0,Low,0,Low,0,Low,0,0.280278,0.596114,0.467572,0.0271598,0.1
1752,Baseline,5,Balanced,0,Low,0,Low,0,Low,0,Low,0,0.280278,0.596115,0.467573,0.0271567,0.1
1753,Baseline,5,Balanced,0,Low,0,Low,0,Low,0,Low,0,0.280278,0.596116,0.467573,0.0271528,0.1
1754,Baseline,5,Balanced,0,Low,0,Low,0,Low,0,Low,0,0.280278,0.596116,0.467573,0.0271575,0.1
1755,Baseline,5,Balanced,0,Low,0,Low,0,Low,0,Low,0,0.280278,0.596116,0.467573,0.0271567,0.1
1756,Baseline,5,Balanced,0,Low,0,Low,0,Low,0,Low,0,0.280278,0.596117,0.467574,0.0271575,0.1
1757,Baseline,5,Balanced,0,Low,0,Low,0,Low,0,Low,0,0.280278,0.596117,0.467574,0.0271536,0.1
1758,Baseline,5,Balanced,0,Low,0,Low,0,Low,0,Low,0,0.280278,0.596116,0.467573,0.0271575,0.1
1759,Baseline,5,Balanced,0,Low,0,Low,0,Low,0,Low,0,0.280278,0.596114,0.467572,0.0271544,0.1
1760,Baseline,5,Balanced,0,Low,0,Low,0,Low,0,Low,0,0.280278,0.596116,0.467573,0.0271567,0.1
1761,Baseline,5,Balanced,0,Low,0,Low,0,Low,0,Low,0,0.280278,0.596115,0.467573,0.0271536,0.1
1762,Baseline,5,Balanced,0,Low,0,Low,0,Low,0,Low,0,0.280278,0.596116,0.467573,0.0271559,0.1
1763,Baseline,5,Balanced,0,Low,0,Low,0,Low,0,Low,0,0.280278,0.596117,0.467574,0.0271521,0.1
1764,Baseline,5,Balanced,0,Low,0,Low,0,Low,0,Low,0,0.280278,0.596117,0.467574,0.0271513,0.1
1765,Baseline,5,Balanced,0,Low,0,Low,0,Low,0,Low,0,0.280278,0.596117,0.467574,0.027149,0.1
1766,Baseline,5,Balanced,0,Low,0,Low,0,Low,0,Low,0,0.280278,0.596116,0.467573,0.0271498,0.1
1767,Baseline,5,Balanced,0,Low,0,Low,0,Low,0,Low,0,0.280278,0.596117,0.467574,0.0271505,0.1
1768,Baseline,5,Balanced,0,Low,0,Low,0,Low,0,Low,0,0.280278,0.596117,0.467574,0.0271505,0.1
1769,Baseline,5,Balanced,0,Low,0,Low,0,Low,0,Low,0,0.280277,0.596116,0.467573,0.0271528,0.1
1770,Baseline,5,Balanced,0,Low,0,Low,0,Low,0,Low,0,0.280277,0.596116,0.467573,0.0271498,0.1
1771,Baseline,5,Balanced,0,Low,0,Low,0,Low,0,Low,0,0.280276,0.596116,0.467573,0.0271467,0.1
1772,Baseline,5,Balanced,0,Low,0,Low,0,Low,0,Low,0,0.280276,0.596115,0.467573,0.0271459,0.1
1773,Baseline,5,Balanced,0,Low,0,Low,0,Low,0,Low,0,0.280276,0.596114,0.467572,0.0271459,0.1
1774,Baseline,5,Balanced,0,Low,0,Low,0,Low,0,Low,0,0.280276,0.596114,0.467572,0.0271521,0.1
1775,Baseline,5,Balanced,0,Low,0,Low,0,Low,0,Low,0,0.280276,0.596112,0.467571,0.0271544,0.1
1776,Baseline,5,Balanced,0,Low,0,Low,0,Low,0,Low,0,0.280276,0.596111,0.46757,0.0271567,0.1
1777,Baseline,5,Balanced,0,Low,0,Low,0,Low,0,Low,0,0.280275,0.596111,0.46757,0.0271598,0.1
1778,Baseline,5,Balanced,0,Low,0,Low,0,Low,0,Low,0,0.280275,0.596111,0.46757,0.0271575,0.1
1779,Baseline,5,Balanced,0,Low,0,Low,0,Low,0,Low,0,0.280276,0.59611,0.467569,0.0271605,0.1
1780,Baseline,5,Balanced,0,Low,0,Low,0,Low,0,Low,0,0.280276,0.596108,0.467568,0.0271582,0.1
1781,Baseline,5,Balanced,0,Low,0,Low,0,Low,0,Low,0,0.280276,0.596107,0.467567,0.0271582,0.1
1782,Baseline,5,Balanced,0,Low,0,Low,0,Low,0,Low,0,0.280276,0.596106,0.467567,0.0271544,0.1
1783,Baseline,5,Balanced,0,Low,0,Low,0,Low,0,Low,0,0.280275,0.596104,0.467566,0.0271552,0.1
1784,Baseline,5,Balanced,0,Low,0,Low,0,Low,0,Low,0,0.280276,0.596105,0.467566,0.0271567,0.1
1785,Baseline,5,Balanced,0,Low,0,Low,0,Low,0,Low,0,0.280276,0.596105,0.467566,0.0271582,0.1
1786,Baseline,5,Balanced,0,Low,0,Low,0,Low,0,Low,0,0.280276,0.596105,0.467566,0.0271605,0.1
1787,Baseline,5,Balanced,0,Low,0,Low,0,Low,0,Low,0,0.280276,0.596105,0.467566,0.0271659,0.1
1788,Baseline,5,Balanced,0,Low,0,Low,0,Low,0,Low,0,0.280276,0.596107,0.467568,0.0271628,0.1
1789,Baseline,5,Balanced,0,Low,0,Low,0,Low,0,Low,0,0.280275,0.596104,0.467566,0.0271605,0.1
1790,Baseline,5,Balanced,0,Low,0,Low,0,Low,0,Low,0,0.280275,0.596104,0.467566,0.0271628,0.1
1791,Baseline,5,Balanced,0,Low,0,Low,0,Low,0,Low,0,0.280275,0.596102,0.467565,0.0271605,0.1
1792,Baseline,5,Balanced,0,Low,0,Low,0,Low,0,Low,0,0.280275,0.596102,0.467564,0.0271621,0.1
1793,Baseline,5,Balanced,0,Low,0,Low,0,Low,0,Low,0,0.280275,0.596102,0.467564,0.0271644,0.1
1794,Baseline,5,Balanced,0,Low,0,Low,0,Low,0,Low,0,0.280275,0.596102,0.467564,0.0271644,0.1
1795,Baseline,5,Balanced,0,Low,0,Low,0,Low,0,Low,0,0.280276,0.596103,0.467565,0.0271598,0.1
1796,Baseline,5,Balanced,0,Low,0,Low,0,Low,0,Low,0,0.280275,0.596103,0.467565,0.0271636,0.1
1797,Baseline,5,Balanced,0,Low,0,Low,0,Low,0,Low,0,0.280274,0.596101,0.467564,0.0271613,0.1
1798,Baseline,5,Balanced,0,Low,0,Low,0,Low,0,Low,0,0.280273,0.596101,0.467564,0.0271598,0.1
1799,Baseline,5,Balanced,0,Low,0,Low,0,Low,0,Low,0,0.280273,0.596101,0.467564,0.0271621,0.1
1800,Baseline,5,Balanced,0,Low,0,Low,0,Low,0,Low,0,0.280273,0.596101,0.467564,0.0271598,0.1
1801,Baseline,5,Balanced,0,Low,0,Low,0,Low,0,Low,0,0.280274,0.596102,0.467564,0.0271575,0.1
1802,Baseline,5,Balanced,0,Low,0,Low,0,Low,0,Low,0,0.280273,0.596101,0.467564,0.0271567,0.1
1803,Baseline,5,Balanced,0,Low,0,Low,0,Low,0,Low,0,0.280274,0.596102,0.467564,0.0271582,0.1
1804,Baseline,5,Balanced,0,Low,0,Low,0,Low,0,Low,0,0.280273,0.596102,0.467564,0.0271613,0.1
1805,Baseline,5,Balanced,0,Low,0,Low,0,Low,0,Low,0,0.280273,0.596101,0.467564,0.027159,0.1
1806,Baseline,5,Balanced,0,Low,0,Low,0,Low,0,Low,0,0.280273,0.596101,0.467564,0.0271644,0.1
1807,Baseline,5,Balanced,0,Low,0,Low,0,Low,0,Low,0,0.280272,0.596099,0.467563,0.0271605,0.1
1808,Baseline,5,Balanced,0,Low,0,Low,0,Low,0,Low,0,0.280273,0.5961,0.467563,0.0271598,0.1
1809,Baseline,5,Balanced,0,Low,0,Low,0,Low,0,Low,0,0.280273,0.596099,0.467563,0.0271636,0.1
1810,Baseline,5,Balanced,0,Low,0,Low,0,Low,0,Low,0,0.280273,0.596099,0.467563,0.0271613,0.1
1811,Baseline,5,Balanced,0,Low,0,Low,0,Low,0,Low,0,0.280273,0.596097,0.467562,0.0271628,0.1
1812,Baseline,5,Balanced,0,Low,0,Low,0,Low,0,Low,0,0.280273,0.596097,0.467561,0.0271651,0.1
1813,Baseline,5,Balanced,0,Low,0,Low,0,Low,0,Low,0,0.280273,0.596097,0.467561,0.0271667,0.1
1814,Baseline,5,Balanced,0,Low,0,Low,0,Low,0,Low,0,0.280273,0.596098,0.467562,0.0271628,0.1
1815,Baseline,5,Balanced,0,Low,0,Low,0,Low,0,Low,0,0.280273,0.596097,0.467561,0.0271621,0.1
1816,Baseline,5,Balanced,0,Low,0,Low,0,Low,0,Low,0,0.280273,0.596098,0.467562,0.0271636,0.1
1817,Baseline,5,Balanced,0,Low,0,Low,0,Low,0,Low,0,0.280273,0.596098,0.467562,0.0271605,0.1
1818,Baseline,5,Balanced,0,Low,0,Low,0,Low,0,Low,0,0.280273,0.596096,0.467561,0.0271621,0.1
1819,Baseline,5,Balanced,0,Low,0,Low,0,Low,0,Low,0,0.280273,0.596098,0.467562,0.0271621,0.1
1820,Baseline,5,Balanced,0,Low,0,Low,0,Low,0,Low,0,0.280273,0.596097,0.467561,0.0271605,0.1
1821,Baseline,5,Balanced,0,Low,0,Low,0,Low,0,Low,0,0.280273,0.596096,0.467561,0.0271621,0.1
1822,Baseline,5,Balanced,0,Low,0,Low,0,Low,0,Low,0,0.280273,0.596096,0.467561,0.0271598,0.1
1823,Baseline,5,Balanced,0,Low,0,Low,0,Low,0,Low,0,0.280273,0.596097,0.467561,0.0271582,0.1
1824,Baseline,5,Balanced,0,Low,0,Low,0,Low,0,Low,0,0.280273,0.596098,0.467562,0.0271628,0.1
1825,Baseline,5,Balanced,0,Low,0,Low,0,Low,0,Low,0,0.280273,0.596098,0.467562,0.0271613,0.1
1826,Baseline,5,Balanced,0,Low,0,Low,0,Low,0,Low,0,0.280273,0.5961,0.467563,0.0271621,0.1
1827,Baseline,5,Balanced,0,Low,0,Low,0,Low,0,Low,0,0.280272,0.596099,0.467562,0.0271582,0.1
1828,Baseline,5,Balanced,0,Low,0,Low,0,Low,0,Low,0,0.280273,0.596097,0.467561,0.0271575,0.1
1829,Baseline,5,Balanced,0,Low,0,Low,0,Low,0,Low,0,0.280273,0.596097,0.467561,0.0271621,0.1
1830,Baseline,5,Balanced,0,Low,0,Low,0,Low,0,Low,0,0.280273,0.596097,0.467561,0.0271559,0.1
1831,Baseline,5,Balanced,0,Low,0,Low,0,Low,0,Low,0,0.280273,0.596097,0.467561,0.0271567,0.1
1832,Baseline,5,Balanced,0,Low,0,Low,0,Low,0,Low,0,0.280273,0.596098,0.467562,0.0271536,0.1
1833,Baseline,5,Balanced,0,Low,0,Low,0,Low,0,Low,0,0.280273,0.596099,0.467562,0.0271521,0.1
1834,Baseline,5,Balanced,0,Low,0,Low,0,Low,0,Low,0,0.280272,0.596099,0.467563,0.0271544,0.1
1835,Baseline,5,Balanced,0,Low,0,Low,0,Low,0,Low,0,0.280272,0.596098,0.467562,0.0271505,0.1
1836,Baseline,5,Balanced,0,Low,0,Low,0,Low,0,Low,0,0.280271,0.596099,0.467562,0.0271498,0.1
1837,Baseline,5,Balanced,0,Low,0,Low,0,Low,0,Low,0,0.280272,0.596099,0.467563,0.0271544,0.1
1838,Baseline,5,Balanced,0,Low,0,Low,0,Low,0,Low,0,0.280272,0.596099,0.467563,0.0271521,0.1
1839,Baseline,5,Balanced,0,Low,0,Low,0,Low,0,Low,0,0.280272,0.596098,0.467562,0.0271552,0.1
1840,Baseline,5,Balanced,0,Low,0,Low,0,Low,0,Low,0,0.280272,0.596098,0.467562,0.0271559,0.1
1841,Baseline,5,Balanced,0,Low,0,Low,0,Low,0,Low,0,0.280272,0.596098,0.467562,0.0271528,0.1
1842,Baseline,5,Balanced,0,Low,0,Low,0,Low,0,Low,0,0.280272,0.5961,0.467563,0.0271513,0.1
1843,Baseline,5,Balanced,0,Low,0,Low,0,Low,0,Low,0,0.280272,0.596099,0.467563,0.0271521,0.1
1844,Baseline,5,Balanced,0,Low,0,Low,0,Low,0,Low,0,0.280272,0.596099,0.467563,0.0271536,0.1
1845,Baseline,5,Balanced,0,Low,0,Low,0,Low,0,Low,0,0.280272,0.596099,0.467562,0.0271513,0.1
1846,Baseline,5,Balanced,0,Low,0,Low,0,Low,0,Low,0,0.280272,0.596098,0.467562,0.027149,0.1
1847,Baseline,5,Balanced,0,Low,0,Low,0,Low,0,Low,0,0.280272,0.596099,0.467562,0.027149,0.1
1848,Baseline,5,Balanced,0,Low,0,Low,0,Low,0,Low,0,0.280272,0.596099,0.467562,0.0271459,0.1
1849,Baseline,5,Balanced,0,Low,0,Low,0,Low,0,Low,0,0.280273,0.596098,0.467562,0.0271482,0.1
1850,Baseline,5,Balanced,0,Low,0,Low,0,Low,0,Low,0,0.280273,0.596098,0.467562,0.0271482,0.1
1851,Baseline,5,Balanced,0,Low,0,Low,0,Low,0,Low,0,0.280273,0.596098,0.467562,0.0271513,0.1
1852,Baseline,5,Balanced,0,Low,0,Low,0,Low,0,Low,0,0.280273,0.596098,0.467562,0.0271521,0.1
1853,Baseline,5,Balanced,0,Low,0,Low,0,Low,0,Low,0,0.280273,0.596097,0.467561,0.0271559,0.1
1854,Baseline,5,Balanced,0,Low,0,Low,0,Low,0,Low,0,0.280272,0.596096,0.467561,0.0271582,0.1
1855,Baseline,5,Balanced,0,Low,0,Low,0,Low,0,Low,0,0.280272,0.596096,0.467561,0.0271552,0.1
1856,Baseline,5,Balanced,0,Low,0,Low,0,Low,0,Low,0,0.280272,0.596094,0.467559,0.0271521,0.1
1857,Baseline,5,Balanced,0,Low,0,Low,0,Low,0,Low,0,0.280272,0.596094,0.467559,0.0271544,0.1
1858,Baseline,5,Balanced,0,Low,0,Low,0,Low,0,Low,0,0.280272,0.596095,0.46756,0.0271482,0.1
1859,Baseline,5,Balanced,0,Low,0,Low,0,Low,0,Low,0,0.280272,0.596095,0.46756,0.0271505,0.1
1860,Baseline,5,Balanced,0,Low,0,Low,0,Low,0,Low,0,0.280272,0.596096,0.467561,0.0271536,0.1
1861,Baseline,5,Balanced,0,Low,0,Low,0,Low,0,Low,0,0.280273,0.596097,0.467561,0.0271513,0.1
1862,Baseline,5,Balanced,0,Low,0,Low,0,Low,0,Low,0,0.280272,0.596097,0.467561,0.0271521,0.1
1863,Baseline,5,Balanced,0,Low,0,Low,0,Low,0,Low,0,0.280273,0.596099,0.467562,0.0271444,0.1
1864,Baseline,5,Balanced,0,Low,0,Low,0,Low,0,Low,0,0.280273,0.596099,0.467563,0.0271429,0.1
1865,Baseline,5,Balanced,0,Low,0,Low,0,Low,0,Low,0,0.280273,0.596099,0.467563,0.0271452,0.1
1866,Baseline,5,Balanced,0,Low,0,Low,0,Low,0,Low,0,0.280273,0.596099,0.467563,0.0271467,0.1
1867,Baseline,5,Balanced,0,Low,0,Low,0,Low,0,Low,0,0.280274,0.596099,0.467562,0.027149,0.1
1868,Baseline,5,Balanced,0,Low,0,Low,0,Low,0,Low,0,0.280274,0.596097,0.467561,0.0271482,0.1
1869,Baseline,5,Balanced,0,Low,0,Low,0,Low,0,Low,0,0.280274,0.596095,0.46756,0.0271505,0.1
1870,Baseline,5,Balanced,0,Low,0,Low,0,Low,0,Low,0,0.280274,0.596094,0.467559,0.0271498,0.1
1871,Baseline,5,Balanced,0,Low,0,Low,0,Low,0,Low,0,0.280274,0.596094,0.46756,0.0271528,0.1
1872,Baseline,5,Balanced,0,Low,0,Low,0,Low,0,Low,0,0.280274,0.596094,0.467559,0.0271528,0.1
1873,Baseline,5,Balanced,0,Low,0,Low,0,Low,0,Low,0,0.280274,0.596095,0.46756,0.0271559,0.1
1874,Baseline,5,Balanced,0,Low,0,Low,0,Low,0,Low,0,0.280274,0.596096,0.46756,0.0271582,0.1
1875,Baseline,5,Balanced,0,Low,0,Low,0,Low,0,Low,0,0.280274,0.596095,0.46756,0.0271582,0.1
1876,Baseline,5,Balanced,0,Low,0,Low,0,Low,0,Low,0,0.280274,0.596094,0.467559,0.0271544,0.1
1877,Baseline,5,Balanced,0,Low,0,Low,0,Low,0,Low,0,0.280274,0.596093,0.467559,0.0271513,0.1
1878,Baseline,5,Balanced,0,Low,0,Low,0,Low,0,Low,0,0.280274,0.596095,0.46756,0.0271544,0.1
1879,Baseline,5,Balanced,0,Low,0,Low,0,Low,0,Low,0,0.280274,0.596096,0.467561,0.0271513,0.1
1880,Baseline,5,Balanced,0,Low,0,Low,0,Low,0,Low,0,0.280275,0.596097,0.467561,0.0271536,0.1
1881,Baseline,5,Balanced,0,Low,0,Low,0,Low,0,Low,0,0.280274,0.596096,0.467561,0.0271575,0.1
1882,Baseline,5,Balanced,0,Low,0,Low,0,Low,0,Low,0,0.280274,0.596095,0.46756,0.0271605,0.1
1883,Baseline,5,Balanced,0,Low,0,Low,0,Low,0,Low,0,0.280274,0.596094,0.46756,0.0271552,0.1
1884,Baseline,5,Balanced,0,Low,0,Low,0,Low,0,Low,0,0.280274,0.596096,0.46756,0.0271544,0.1
1885,Baseline,5,Balanced,0,Low,0,Low,0,Low,0,Low,0,0.280275,0.596096,0.46756,0.0271598,0.1
1886,Baseline,5,Balanced,0,Low,0,Low,0,Low,0,Low,0,0.280275,0.596096,0.46756,0.0271598,0.1
1887,Baseline,5,Balanced,0,Low,0,Low,0,Low,0,Low,0,0.280276,0.596095,0.46756,0.0271544,0.1
1888,Baseline,5,Balanced,0,Low,0,Low,0,Low,0,Low,0,0.280276,0.596096,0.46756,0.0271528,0.1
1889,Baseline,5,Balanced,0,Low,0,Low,0,Low,0,Low,0,0.280276,0.596097,0.467561,0.0271567,0.1
1890,Baseline,5,Balanced,0,Low,0,Low,0,Low,0,Low,0,0.280276,0.596096,0.467561,0.0271575,0.1
1891,Baseline,5,Balanced,0,Low,0,Low,0,Low,0,Low,0,0.280276,0.596097,0.467561,0.0271559,0.1
1892,Baseline,5,Balanced,0,Low,0,Low,0,Low,0,Low,0,0.280276,0.596096,0.467561,0.027159,0.1
1893,Baseline,5,Balanced,0,Low,0,Low,0,Low,0,Low,0,0.280276,0.596096,0.467561,0.0271605,0.1
1894,Baseline,5,Balanced,0,Low,0,Low,0,Low,0,Low,0,0.280276,0.596095,0.46756,0.0271636,0.1
1895,Baseline,5,Balanced,0,Low,0,Low,0,Low,0,Low,0,0.280275,0.596095,0.46756,0.0271636,0.1
1896,Baseline,5,Balanced,0,Low,0,Low,0,Low,0,Low,0,0.280274,0.596095,0.46756,0.0271575,0.1
1897,Baseline,5,Balanced,0,Low,0,Low,0,Low,0,Low,0,0.280274,0.596096,0.467561,0.0271575,0.1
1898,Baseline,5,Balanced,0,Low,0,Low,0,Low,0,Low,0,0.280273,0.596095,0.46756,0.0271582,0.1
1899,Baseline,5,Balanced,0,Low,0,Low,0,Low,0,Low,0,0.280273,0.596094,0.46756,0.0271552,0.1
1900,Baseline,5,Balanced,0,Low,0,Low,0,Low,0,Low,0,0.280273,0.596094,0.46756,0.0271544,0.1
1901,Baseline,5,Balanced,0,Low,0,Low,0,Low,0,Low,0,0.280273,0.596094,0.467559,0.0271575,0.1
1902,Baseline,5,Balanced,0,Low,0,Low,0,Low,0,Low,0,0.280273,0.596094,0.46756,0.0271528,0.1
1903,Baseline,5,Balanced,0,Low,0,Low,0,Low,0,Low,0,0.280273,0.596093,0.467559,0.0271521,0.1
1904,Baseline,5,Balanced,0,Low,0,Low,0,Low,0,Low,0,0.280273,0.596093,0.467559,0.0271513,0.1
1905,Baseline,5,Balanced,0,Low,0,Low,0,Low,0,Low,0,0.280273,0.596094,0.467559,0.0271552,0.1
1906,Baseline,5,Balanced,0,Low,0,Low,0,Low,0,Low,0,0.280272,0.596094,0.467559,0.027159,0.1
1907,Baseline,5,Balanced,0,Low,0,Low,0,Low,0,Low,0,0.280272,0.596093,0.467559,0.0271575,0.1
1908,Baseline,5,Balanced,0,Low,0,Low,0,Low,0,Low,0,0.280272,0.596092,0.467558,0.0271575,0.1
1909,Baseline,5,Balanced,0,Low,0,Low,0,Low,0,Low,0,0.280272,0.596093,0.467559,0.0271552,0.1
1910,Baseline,5,Balanced,0,Low,0,Low,0,Low,0,Low,0,0.280272,0.596093,0.467559,0.0271582,0.1
1911,Baseline,5,Balanced,0,Low,0,Low,0,Low,0,Low,0,0.280272,0.596093,0.467559,0.027159,0.1
1912,Baseline,5,Balanced,0,Low,0,Low,0,Low,0,Low,0,0.280272,0.596092,0.467558,0.0271575,0.1
1913,Baseline,5,Balanced,0,Low,0,Low,0,Low,0,Low,0,0.280271,0.596092,0.467558,0.0271582,0.1
1914,Baseline,5,Balanced,0,Low,0,Low,0,Low,0,Low,0,0.280272,0.596092,0.467558,0.0271552,0.1
1915,Baseline,5,Balanced,0,Low,0,Low,0,Low,0,Low,0,0.280272,0.596092,0.467558,0.0271544,0.1
1916,Baseline,5,Balanced,0,Low,0,Low,0,Low,0,Low,0,0.280272,0.596093,0.467559,0.0271552,0.1
1917,Baseline,5,Balanced,0,Low,0,Low,0,Low,0,Low,0,0.280272,0.596094,0.467559,0.0271544,0.1
1918,Baseline,5,Balanced,0,Low,0,Low,0,Low,0,Low,0,0.280272,0.596094,0.467559,0.0271528,0.1
1919,Baseline,5,Balanced,0,Low,0,Low,0,Low,0,Low,0,0.280272,0.596093,0.467559,0.0271536,0.1
1920,Baseline,5,Balanced,0,Low,0,Low,0,Low,0,Low,0,0.280272,0.596092,0.467558,0.027159,0.1
1921,Baseline,5,Balanced,0,Low,0,Low,0,Low,0,Low,0,0.280273,0.596092,0.467558,0.0271544,0.1
1922,Baseline,5,Balanced,0,Low,0,Low,0,Low,0,Low,0,0.280272,0.596091,0.467558,0.0271559,0.1
1923,Baseline,5,Balanced,0,Low,0,Low,0,Low,0,Low,0,0.280273,0.59609,0.467557,0.0271575,0.1
1924,Baseline,5,Balanced,0,Low,0,Low,0,Low,0,Low,0,0.280273,0.596091,0.467558,0.0271575,0.1
1925,Baseline,5,Balanced,0,Low,0,Low,0,Low,0,Low,0,0.280273,0.59609,0.467557,0.0271552,0.1
1926,Baseline,5,Balanced,0,Low,0,Low,0,Low,0,Low,0,0.280273,0.59609,0.467557,0.0271559,0.1
1927,Baseline,5,Balanced,0,Low,0,Low,0,Low,0,Low,0,0.280273,0.596091,0.467557,0.027159,0.1
1928,Baseline,5,Balanced,0,Low,0,Low,0,Low,0,Low,0,0.280273,0.59609,0.467557,0.0271575,0.1
1929,Baseline,5,Balanced,0,Low,0,Low,0,Low,0,Low,0,0.280273,0.596089,0.467556,0.0271521,0.1
1930,Baseline,5,Balanced,0,Low,0,Low,0,Low,0,Low,0,0.280273,0.596088,0.467556,0.0271544,0.1
1931,Baseline,5,Balanced,0,Low,0,Low,0,Low,0,Low,0,0.280273,0.596087,0.467555,0.0271536,0.1
1932,Baseline,5,Balanced,0,Low,0,Low,0,Low,0,Low,0,0.280273,0.596088,0.467556,0.0271536,0.1
1933,Baseline,5,Balanced,0,Low,0,Low,0,Low,0,Low,0,0.280273,0.596086,0.467555,0.0271544,0.1
1934,Baseline,5,Balanced,0,Low,0,Low,0,Low,0,Low,0,0.280273,0.596086,0.467555,0.0271498,0.1
1935,Baseline,5,Balanced,0,Low,0,Low,0,Low,0,Low,0,0.280273,0.596085,0.467554,0.0271475,0.1
1936,Baseline,5,Balanced,0,Low,0,Low,0,Low,0,Low,0,0.280273,0.596085,0.467554,0.0271482,0.1
1937,Baseline,5,Balanced,0,Low,0,Low,0,Low,0,Low,0,0.280272,0.596084,0.467553,0.0271498,0.1
1938,Baseline,5,Balanced,0,Low,0,Low,0,Low,0,Low,0,0.280272,0.596085,0.467554,0.0271498,0.1
1939,Baseline,5,Balanced,0,Low,0,Low,0,Low,0,Low,0,0.280272,0.596086,0.467554,0.0271521,0.1
1940,Baseline,5,Balanced,0,Low,0,Low,0,Low,0,Low,0,0.280272,0.596086,0.467554,0.0271528,0.1
1941,Baseline,5,Balanced,0,Low,0,Low,0,Low,0,Low,0,0.280272,0.596086,0.467554,0.0271505,0.1
1942,Baseline,5,Balanced,0,Low,0,Low,0,Low,0,Low,0,0.280272,0.596086,0.467554,0.0271513,0.1
1943,Baseline,5,Balanced,0,Low,0,Low,0,Low,0,Low,0,0.280272,0.596087,0.467555,0.0271513,0.1
1944,Baseline,5,Balanced,0,Low,0,Low,0,Low,0,Low,0,0.280273,0.596088,0.467556,0.0271498,0.1
1945,Baseline,5,Balanced,0,Low,0,Low,0,Low,0,Low,0,0.280273,0.59609,0.467557,0.0271467,0.1
1946,Baseline,5,Balanced,0,Low,0,Low,0,Low,0,Low,0,0.280273,0.596088,0.467556,0.0271482,0.1
1947,Baseline,5,Balanced,0,Low,0,Low,0,Low,0,Low,0,0.280273,0.596089,0.467556,0.0271475,0.1
1948,Baseline,5,Balanced,0,Low,0,Low,0,Low,0,Low,0,0.280273,0.596089,0.467556,0.0271452,0.1
1949,Baseline,5,Balanced,0,Low,0,Low,0,Low,0,Low,0,0.280274,0.59609,0.467557,0.0271498,0.1
1950,Baseline,5,Balanced,0,Low,0,Low,0,Low,0,Low,0,0.280274,0.596089,0.467556,0.027149,0.1
1951,Baseline,5,Balanced,0,Low,0,Low,0,Low,0,Low,0,0.280273,0.596089,0.467556,0.0271528,0.1
1952,Baseline,5,Balanced,0,Low,0,Low,0,Low,0,Low,0,0.280272,0.596087,0.467555,0.027149,0.1
1953,Baseline,5,Balanced,0,Low,0,Low,0,Low,0,Low,0,0.280272,0.596087,0.467555,0.0271475,0.1
1954,Baseline,5,Balanced,0,Low,0,Low,0,Low,0,Low,0,0.280272,0.596087,0.467555,0.0271528,0.1
1955,Baseline,5,Balanced,0,Low,0,Low,0,Low,0,Low,0,0.280272,0.596087,0.467555,0.0271513,0.1
1956,Baseline,5,Balanced,0,Low,0,Low,0,Low,0,Low,0,0.280272,0.596088,0.467556,0.0271498,0.1
1957,Baseline,5,Balanced,0,Low,0,Low,0,Low,0,Low,0,0.280272,0.596088,0.467555,0.0271467,0.1
1958,Baseline,5,Balanced,0,Low,0,Low,0,Low,0,Low,0,0.280271,0.596087,0.467555,0.0271475,0.1
1959,Baseline,5,Balanced,0,Low,0,Low,0,Low,0,Low,0,0.280271,0.596087,0.467555,0.0271475,0.1
1960,Baseline,5,Balanced,0,Low,0,Low,0,Low,0,Low,0,0.280272,0.596087,0.467555,0.0271513,0.1
1961,Baseline,5,Balanced,0,Low,0,Low,0,Low,0,Low,0,0.280273,0.596086,0.467555,0.0271552,0.1
1962,Baseline,5,Balanced,0,Low,0,Low,0,Low,0,Low,0,0.280273,0.596086,0.467554,0.0271544,0.1
1963,Baseline,5,Balanced,0,Low,0,Low,0,Low,0,Low,0,0.280273,0.596085,0.467554,0.0271559,0.1
1964,Baseline,5,Balanced,0,Low,0,Low,0,Low,0,Low,0,0.280272,0.596084,0.467553,0.0271552,0.1
1965,Baseline,5,Balanced,0,Low,0,Low,0,Low,0,Low,0,0.280273,0.596084,0.467553,0.0271528,0.1
1966,Baseline,5,Balanced,0,Low,0,Low,0,Low,0,Low,0,0.280273,0.596084,0.467553,0.0271552,0.1
1967,Baseline,5,Balanced,0,Low,0,Low,0,Low,0,Low,0,0.280273,0.596085,0.467554,0.0271536,0.1
1968,Baseline,5,Balanced,0,Low,0,Low,0,Low,0,Low,0,0.280274,0.596085,0.467554,0.0271513,0.1
1969,Baseline,5,Balanced,0,Low,0,Low,0,Low,0,Low,0,0.280274,0.596086,0.467554,0.0271536,0.1
1970,Baseline,5,Balanced,0,Low,0,Low,0,Low,0,Low,0,0.280274,0.596086,0.467554,0.0271528,0.1
1971,Baseline,5,Balanced,0,Low,0,Low,0,Low,0,Low,0,0.280274,0.596085,0.467554,0.0271513,0.1
1972,Baseline,5,Balanced,0,Low,0,Low,0,Low,0,Low,0,0.280274,0.596085,0.467554,0.0271521,0.1
1973,Baseline,5,Balanced,0,Low,0,Low,0,Low,0,Low,0,0.280274,0.596084,0.467553,0.0271536,0.1
1974,Baseline,5,Balanced,0,Low,0,Low,0,Low,0,Low,0,0.280274,0.596083,0.467552,0.0271552,0.1
1975,Baseline,5,Balanced,0,Low,0,Low,0,Low,0,Low,0,0.280274,0.596081,0.467552,0.0271536,0.1
1976,Baseline,5,Balanced,0,Low,0,Low,0,Low,0,Low,0,0.280274,0.596081,0.467551,0.0271552,0.1
1977,Baseline,5,Balanced,0,Low,0,Low,0,Low,0,Low,0,0.280274,0.596081,0.467551,0.0271528,0.1
1978,Baseline,5,Balanced,0,Low,0,Low,0,Low,0,Low,0,0.280274,0.596082,0.467552,0.0271482,0.1
1979,Baseline,5,Balanced,0,Low,0,Low,0,Low,0,Low,0,0.280274,0.596083,0.467553,0.0271544,0.1
1980,Baseline,5,Balanced,0,Low,0,Low,0,Low,0,Low,0,0.280274,0.596083,0.467552,0.0271544,0.1
1981,Baseline,5,Balanced,0,Low,0,Low,0,Low,0,Low,0,0.280274,0.596082,0.467552,0.0271528,0.1
1982,Baseline,5,Balanced,0,Low,0,Low,0,Low,0,Low,0,0.280275,0.596082,0.467552,0.027149,0.1
1983,Baseline,5,Balanced,0,Low,0,Low,0,Low,0,Low,0,0.280274,0.59608,0.467551,0.0271452,0.1
1984,Baseline,5,Balanced,0,Low,0,Low,0,Low,0,Low,0,0.280274,0.59608,0.467551,0.0271475,0.1
1985,Baseline,5,Balanced,0,Low,0,Low,0,Low,0,Low,0,0.280274,0.596079,0.46755,0.0271475,0.1
1986,Baseline,5,Balanced,0,Low,0,Low,0,Low,0,Low,0,0.280274,0.596079,0.46755,0.0271513,0.1
1987,Baseline,5,Balanced,0,Low,0,Low,0,Low,0,Low,0,0.280274,0.596079,0.46755,0.0271528,0.1
1988,Baseline,5,Balanced,0,Low,0,Low,0,Low,0,Low,0,0.280273,0.596077,0.467549,0.0271536,0.1
1989,Baseline,5,Balanced,0,Low,0,Low,0,Low,0,Low,0,0.280274,0.596078,0.46755,0.0271552,0.1
1990,Baseline,5,Balanced,0,Low,0,Low,0,Low,0,Low,0,0.280274,0.596078,0.467549,0.0271544,0.1
1991,Baseline,5,Balanced,0,Low,0,Low,0,Low,0,Low,0,0.280273,0.596077,0.467549,0.0271552,0.1
1992,Baseline,5,Balanced,0,Low,0,Low,0,Low,0,Low,0,0.280273,0.596077,0.467549,0.0271575,0.1
1993,Baseline,5,Balanced,0,Low,0,Low,0,Low,0,Low,0,0.280272,0.596075,0.467548,0.0271575,0.1
1994,Baseline,5,Balanced,0,Low,0,Low,0,Low,0,Low,0,0.280272,0.596074,0.467547,0.0271544,0.1
1995,Baseline,5,Balanced,0,Low,0,Low,0,Low,0,Low,0,0.280272,0.596071,0.467545,0.0271544,0.1
1996,Baseline,5,Balanced,0,Low,0,Low,0,Low,0,Low,0,0.280271,0.596069,0.467544,0.0271521,0.1
1997,Baseline,5,Balanced,0,Low,0,Low,0,Low,0,Low,0,0.280271,0.59607,0.467545,0.0271528,0.1
1998,Baseline,5,Balanced,0,Low,0,Low,0,Low,0,Low,0,0.280271,0.596071,0.467545,0.0271536,0.1
1999,Baseline,5,Balanced,0,Low,0,Low,0,Low,0,Low,0,0.280271,0.596071,0.467545,0.0271544,0.1
2000,Baseline,5,Balanced,0,Low,0,Low,0,Low,0,Low,0,0.280271,0.596071,0.467545,0.0271582,0.1
2001,Baseline,5,Balanced,0,Low,0,Low,0,Low,0,Low,0,0.280271,0.596071,0.467545,0.0271559,0.1
2002,Baseline,5,Balanced,0,Low,0,Low,0,Low,0,Low,0,0.280271,0.596071,0.467545,0.0271498,0.1
2003,Baseline,5,Balanced,0,Low,0,Low,0,Low,0,Low,0,0.280271,0.596072,0.467546,0.0271544,0.1
2004,Baseline,5,Balanced,0,Low,0,Low,0,Low,0,Low,0,0.280271,0.596073,0.467546,0.0271528,0.1
2005,Baseline,5,Balanced,0,Low,0,Low,0,Low,0,Low,0,0.280271,0.596071,0.467545,0.0271521,0.1
2006,Baseline,5,Balanced,0,Low,0,Low,0,Low,0,Low,0,0.280271,0.596071,0.467545,0.0271498,0.1
2007,Baseline,5,Balanced,0,Low,0,Low,0,Low,0,Low,0,0.280271,0.596071,0.467545,0.0271475,0.1
2008,Baseline,5,Balanced,0,Low,0,Low,0,Low,0,Low,0,0.280271,0.596072,0.467546,0.0271505,0.1
2009,Baseline,5,Balanced,0,Low,0,Low,0,Low,0,Low,0,0.280271,0.596071,0.467545,0.0271528,0.1
2010,Baseline,5,Balanced,0,Low,0,Low,0,Low,0,Low,0,0.280271,0.596071,0.467545,0.0271575,0.1
2011,Baseline,5,Balanced,0,Low,0,Low,0,Low,0,Low,0,0.280271,0.59607,0.467544,0.0271567,0.1
2012,Baseline,5,Balanced,0,Low,0,Low,0,Low,0,Low,0,0.280271,0.596069,0.467544,0.0271567,0.1
2013,Baseline,5,Balanced,0,Low,0,Low,0,Low,0,Low,0,0.280271,0.596068,0.467543,0.0271575,0.1
2014,Baseline,5,Balanced,0,Low,0,Low,0,Low,0,Low,0,0.280271,0.596068,0.467543,0.0271598,0.1
2015,Baseline,5,Balanced,0,Low,0,Low,0,Low,0,Low,0,0.280272,0.596067,0.467543,0.0271567,0.1
2016,Baseline,5,Balanced,0,Low,0,Low,0,Low,0,Low,0,0.280272,0.596068,0.467543,0.0271582,0.1
2017,Baseline,5,Balanced,0,Low,0,Low,0,Low,0,Low,0,0.280272,0.596066,0.467542,0.0271598,0.1
2018,Baseline,5,Balanced,0,Low,0,Low,0,Low,0,Low,0,0.280272,0.596065,0.467541,0.0271636,0.1
2019,Baseline,5,Balanced,0,Low,0,Low,0,Low,0,Low,0,0.280272,0.596066,0.467542,0.0271613,0.1
2020,Baseline,5,Balanced,0,Low,0,Low,0,Low,0,Low,0,0.280272,0.596065,0.467541,0.0271613,0.1
2021,Baseline,5,Balanced,0,Low,0,Low,0,Low,0,Low,0,0.280272,0.596064,0.467541,0.0271621,0.1
2022,Baseline,5,Balanced,0,Low,0,Low,0,Low,0,Low,0,0.280272,0.596064,0.467541,0.027159,0.1
2023,Baseline,5,Balanced,0,Low,0,Low,0,Low,0,Low,0,0.280272,0.596063,0.46754,0.027159,0.1
2024,Baseline,5,Balanced,0,Low,0,Low,0,Low,0,Low,0,0.280272,0.596063,0.46754,0.0271575,0.1
2025,Baseline,5,Balanced,0,Low,0,Low,0,Low,0,Low,0,0.280272,0.596064,0.46754,0.0271598,0.1
2026,Baseline,5,Balanced,0,Low,0,Low,0,Low,0,Low,0,0.280272,0.596064,0.467541,0.0271567,0.1
2027,Baseline,5,Balanced,0,Low,0,Low,0,Low,0,Low,0,0.280272,0.596063,0.46754,0.0271559,0.1
2028,Baseline,5,Balanced,0,Low,0,Low,0,Low,0,Low,0,0.280272,0.596062,0.467539,0.0271521,0.1
2029,Baseline,5,Balanced,0,Low,0,Low,0,Low,0,Low,0,0.280271,0.596062,0.467539,0.0271536,0.1
2030,Baseline,5,Balanced,0,Low,0,Low,0,Low,0,Low,0,0.280271,0.596063,0.46754,0.0271544,0.1
2031,Baseline,5,Balanced,0,Low,0,Low,0,Low,0,Low,0,0.280271,0.596063,0.46754,0.0271544,0.1
2032,Baseline,5,Balanced,0,Low,0,Low,0,Low,0,Low,0,0.280271,0.596064,0.46754,0.0271567,0.1
2033,Baseline,5,Balanced,0,Low,0,Low,0,Low,0,Low,0,0.280271,0.596064,0.467541,0.0271528,0.1
2034,Baseline,5,Balanced,0,Low,0,Low,0,Low,0,Low,0,0.280271,0.596065,0.467541,0.0271567,0.1
2035,Baseline,5,Balanced,0,Low,0,Low,0,Low,0,Low,0,0.280271,0.596064,0.467541,0.0271521,0.1
2036,Baseline,5,Balanced,0,Low,0,Low,0,Low,0,Low,0,0.28027,0.596062,0.46754,0.0271536,0.1
2037,Baseline,5,Balanced,0,Low,0,Low,0,Low,0,Low,0,0.28027,0.596063,0.46754,0.0271544,0.1
2038,Baseline,5,Balanced,0,Low,0,Low,0,Low,0,Low,0,0.28027,0.596063,0.46754,0.0271575,0.1
2039,Baseline,5,Balanced,0,Low,0,Low,0,Low,0,Low,0,0.28027,0.596064,0.467541,0.0271536,0.1
2040,Baseline,5,Balanced,0,Low,0,Low,0,Low,0,Low,0,0.280271,0.596064,0.467541,0.0271513,0.1
2041,Baseline,5,Balanced,0,Low,0,Low,0,Low,0,Low,0,0.280271,0.596065,0.467541,0.0271544,0.1
2042,Baseline,5,Balanced,0,Low,0,Low,0,Low,0,Low,0,0.280271,0.596064,0.46754,0.0271536,0.1
2043,Baseline,5,Balanced,0,Low,0,Low,0,Low,0,Low,0,0.28027,0.596064,0.467541,0.0271513,0.1
2044,Baseline,5,Balanced,0,Low,0,Low,0,Low,0,Low,0,0.28027,0.596064,0.467541,0.0271536,0.1
2045,Baseline,5,Balanced,0,Low,0,Low,0,Low,0,Low,0,0.280269,0.596065,0.467541,0.0271528,0.1
2046,Baseline,5,Balanced,0,Low,0,Low,0,Low,0,Low,0,0.280269,0.596064,0.467541,0.0271536,0.1
2047,Baseline,5,Balanced,0,Low,0,Low,0,Low,0,Low,0,0.280269,0.596064,0.467541,0.0271559,0.1
2048,Baseline,5,Balanced,0,Low,0,Low,0,Low,0,Low,0,0.280269,0.596064,0.467541,0.0271544,0.1
2049,Baseline,5,Balanced,0,Low,0,Low,0,Low,0,Low,0,0.280269,0.596063,0.46754,0.0271459,0.1
2050,Baseline,5,Balanced,0,Low,0,Low,0,Low,0,Low,0,0.280269,0.596064,0.467541,0.0271505,0.1
2051,Baseline,5,Balanced,0,Low,0,Low,0,Low,0,Low,0,0.280269,0.596065,0.467541,0.0271498,0.1
2052,Baseline,5,Balanced,0,Low,0,Low,0,Low,0,Low,0,0.280269,0.596065,0.467541,0.0271475,0.1
2053,Baseline,5,Balanced,0,Low,0,Low,0,Low,0,Low,0,0.280269,0.596064,0.467541,0.0271482,0.1
2054,Baseline,5,Balanced,0,Low,0,Low,0,Low,0,Low,0,0.28027,0.596065,0.467541,0.027149,0.1
2055,Baseline,5,Balanced,0,Low,0,Low,0,Low,0,Low,0,0.28027,0.596065,0.467541,0.0271459,0.1
2056,Baseline,5,Balanced,0,Low,0,Low,0,Low,0,Low,0,0.28027,0.596065,0.467541,0.0271459,0.1
2057,Baseline,5,Balanced,0,Low,0,Low,0,Low,0,Low,0,0.28027,0.596065,0.467541,0.0271459,0.1
2058,Baseline,5,Balanced,0,Low,0,Low,0,Low,0,Low,0,0.28027,0.596064,0.467541,0.027149,0.1
2059,Baseline,5,Balanced,0,Low,0,Low,0,Low,0,Low,0,0.28027,0.596065,0.467541,0.0271475,0.1
2060,Baseline,5,Balanced,0,Low,0,Low,0,Low,0,Low,0,0.280271,0.596066,0.467542,0.0271467,0.1
2061,Baseline,5,Balanced,0,Low,0,Low,0,Low,0,Low,0,0.280272,0.596066,0.467542,0.0271505,0.1
2062,Baseline,5,Balanced,0,Low,0,Low,0,Low,0,Low,0,0.280272,0.596067,0.467542,0.0271559,0.1
2063,Baseline,5,Balanced,0,Low,0,Low,0,Low,0,Low,0,0.280272,0.596067,0.467543,0.0271513,0.1
2064,Baseline,5,Balanced,0,Low,0,Low,0,Low,0,Low,0,0.280273,0.596067,0.467542,0.0271498,0.1
2065,Baseline,5,Balanced,0,Low,0,Low,0,Low,0,Low,0,0.280272,0.596066,0.467542,0.0271459,0.1
2066,Baseline,5,Balanced,0,Low,0,Low,0,Low,0,Low,0,0.280272,0.596065,0.467541,0.0271498,0.1
2067,Baseline,5,Balanced,0,Low,0,Low,0,Low,0,Low,0,0.280272,0.596064,0.467541,0.0271498,0.1
2068,Baseline,5,Balanced,0,Low,0,Low,0,Low,0,Low,0,0.280272,0.596064,0.467541,0.0271475,0.1
2069,Baseline,5,Balanced,0,Low,0,Low,0,Low,0,Low,0,0.280271,0.596063,0.46754,0.0271498,0.1
2070,Baseline,5,Balanced,0,Low,0,Low,0,Low,0,Low,0,0.28027,0.596062,0.467539,0.0271467,0.1
2071,Baseline,5,Balanced,0,Low,0,Low,0,Low,0,Low,0,0.280271,0.596061,0.467539,0.0271498,0.1
2072,Baseline,5,Balanced,0,Low,0,Low,0,Low,0,Low,0,0.280271,0.596062,0.46754,0.0271544,0.1
2073,Baseline,5,Balanced,0,Low,0,Low,0,Low,0,Low,0,0.280271,0.596062,0.467539,0.0271536,0.1
2074,Baseline,5,Balanced,0,Low,0,Low,0,Low,0,Low,0,0.280271,0.596063,0.46754,0.027149,0.1
2075,Baseline,5,Balanced,0,Low,0,Low,0,Low,0,Low,0,0.280271,0.596064,0.46754,0.0271452,0.1
2076,Baseline,5,Balanced,0,Low,0,Low,0,Low,0,Low,0,0.280271,0.596064,0.467541,0.0271459,0.1
2077,Baseline,5,Balanced,0,Low,0,Low,0,Low,0,Low,0,0.280271,0.596064,0.467541,0.027149,0.1
2078,Baseline,5,Balanced,0,Low,0,Low,0,Low,0,Low,0,0.280271,0.596064,0.46754,0.0271482,0.1
2079,Baseline,5,Balanced,0,Low,0,Low,0,Low,0,Low,0,0.280271,0.596064,0.46754,0.0271505,0.1
2080,Baseline,5,Balanced,0,Low,0,Low,0,Low,0,Low,0,0.280271,0.596064,0.467541,0.0271475,0.1
2081,Baseline,5,Balanced,0,Low,0,Low,0,Low,0,Low,0,0.280271,0.596064,0.467541,0.0271436,0.1
2082,Baseline,5,Balanced,0,Low,0,Low,0,Low,0,Low,0,0.280271,0.596066,0.467542,0.027149,0.1
2083,Baseline,5,Balanced,0,Low,0,Low,0,Low,0,Low,0,0.280272,0.596067,0.467542,0.0271498,0.1
2084,Baseline,5,Balanced,0,Low,0,Low,0,Low,0,Low,0,0.280271,0.596066,0.467542,0.0271482,0.1
2085,Baseline,5,Balanced,0,Low,0,Low,0,Low,0,Low,0,0.280271,0.596065,0.467541,0.0271482,0.1
2086,Baseline,5,Balanced,0,Low,0,Low,0,Low,0,Low,0,0.280272,0.596065,0.467541,0.0271521,0.1
2087,Baseline,5,Balanced,0,Low,0,Low,0,Low,0,Low,0,0.280271,0.596065,0.467541,0.0271528,0.1
2088,Baseline,5,Balanced,0,Low,0,Low,0,Low,0,Low,0,0.280271,0.596064,0.46754,0.0271521,0.1
2089,Baseline,5,Balanced,0,Low,0,Low,0,Low,0,Low,0,0.280271,0.596065,0.467541,0.0271513,0.1
2090,Baseline,5,Balanced,0,Low,0,Low,0,Low,0,Low,0,0.280271,0.596065,0.467541,0.0271528,0.1
2091,Baseline,5,Balanced,0,Low,0,Low,0,Low,0,Low,0,0.28027,0.596063,0.46754,0.0271559,0.1
2092,Baseline,5,Balanced,0,Low,0,Low,0,Low,0,Low,0,0.28027,0.596064,0.467541,0.0271544,0.1
2093,Baseline,5,Balanced,0,Low,0,Low,0,Low,0,Low,0,0.28027,0.596064,0.467541,0.027149,0.1
2094,Baseline,5,Balanced,0,Low,0,Low,0,Low,0,Low,0,0.28027,0.596064,0.46754,0.0271459,0.1
2095,Baseline,5,Balanced,0,Low,0,Low,0,Low,0,Low,0,0.28027,0.596064,0.467541,0.0271421,0.1
2096,Baseline,5,Balanced,0,Low,0,Low,0,Low,0,Low,0,0.280269,0.596062,0.467539,0.0271459,0.1
2097,Baseline,5,Balanced,0,Low,0,Low,0,Low,0,Low,0,0.280269,0.596062,0.46754,0.0271413,0.1
2098,Baseline,5,Balanced,0,Low,0,Low,0,Low,0,Low,0,0.280269,0.596061,0.467539,0.0271421,0.1
2099,Baseline,5,Balanced,0,Low,0,Low,0,Low,0,Low,0,0.280269,0.596061,0.467539,0.0271436,0.1
2100,Baseline,5,Balanced,0,Low,0,Low,0,Low,0,Low,0,0.280269,0.59606,0.467538,0.0271436,0.1
2101,Baseline,5,Balanced,0,Low,0,Low,0,Low,0,Low,0,0.280269,0.596061,0.467539,0.0271429,0.1
2102,Baseline,5,Balanced,0,Low,0,Low,0,Low,0,Low,0,0.280269,0.596061,0.467539,0.0271467,0.1
2103,Baseline,5,Balanced,0,Low,0,Low,0,Low,0,Low,0,0.280269,0.59606,0.467538,0.0271444,0.1
2104,Baseline,5,Balanced,0,Low,0,Low,0,Low,0,Low,0,0.280269,0.596059,0.467537,0.0271421,0.1
2105,Baseline,5,Balanced,0,Low,0,Low,0,Low,0,Low,0,0.280269,0.59606,0.467538,0.0271444,0.1
2106,Baseline,5,Balanced,0,Low,0,Low,0,Low,0,Low,0,0.280269,0.596058,0.467537,0.0271528,0.1
2107,Baseline,5,Balanced,0,Low,0,Low,0,Low,0,Low,0,0.280269,0.596059,0.467537,0.0271513,0.1
2108,Baseline,5,Balanced,0,Low,0,Low,0,Low,0,Low,0,0.280269,0.59606,0.467538,0.0271528,0.1
2109,Baseline,5,Balanced,0,Low,0,Low,0,Low,0,Low,0,0.280268,0.596059,0.467537,0.0271498,0.1
2110,Baseline,5,Balanced,0,Low,0,Low,0,Low,0,Low,0,0.280269,0.59606,0.467538,0.0271521,0.1
2111,Baseline,5,Balanced,0,Low,0,Low,0,Low,0,Low,0,0.280268,0.596061,0.467538,0.0271513,0.1
2112,Baseline,5,Balanced,0,Low,0,Low,0,Low,0,Low,0,0.280269,0.596061,0.467539,0.0271513,0.1
2113,Baseline,5,Balanced,0,Low,0,Low,0,Low,0,Low,0,0.280269,0.59606,0.467538,0.0271544,0.1
2114,Baseline,5,Balanced,0,Low,0,Low,0,Low,0,Low,0,0.280269,0.59606,0.467538,0.0271528,0.1
2115,Baseline,5,Balanced,0,Low,0,Low,0,Low,0,Low,0,0.280269,0.596059,0.467537,0.0271559,0.1
2116,Baseline,5,Balanced,0,Low,0,Low,0,Low,0,Low,0,0.280269,0.596058,0.467537,0.0271552,0.1
2117,Baseline,5,Balanced,0,Low,0,Low,0,Low,0,Low,0,0.280269,0.596058,0.467537,0.0271567,0.1
2118,Baseline,5,Balanced,0,Low,0,Low,0,Low,0,Low,0,0.280269,0.596059,0.467537,0.0271559,0.1
2119,Baseline,5,Balanced,0,Low,0,Low,0,Low,0,Low,0,0.280269,0.596059,0.467537,0.0271559,0.1
2120,Baseline,5,Balanced,0,Low,0,Low,0,Low,0,Low,0,0.280269,0.596059,0.467537,0.0271552,0.1
2121,Baseline,5,Balanced,0,Low,0,Low,0,Low,0,Low,0,0.280269,0.596056,0.467536,0.0271505,0.1
2122,Baseline,5,Balanced,0,Low,0,Low,0,Low,0,Low,0,0.280269,0.596057,0.467536,0.0271552,0.1
2123,Baseline,5,Balanced,0,Low,0,Low,0,Low,0,Low,0,0.280269,0.596057,0.467536,0.0271552,0.1
2124,Baseline,5,Balanced,0,Low,0,Low,0,Low,0,Low,0,0.280269,0.596056,0.467535,0.0271552,0.1
2125,Baseline,5,Balanced,0,Low,0,Low,0,Low,0,Low,0,0.280269,0.596057,0.467536,0.0271567,0.1
2126,Baseline,5,Balanced,0,Low,0,Low,0,Low,0,Low,0,0.280269,0.596057,0.467536,0.0271552,0.1
2127,Baseline,5,Balanced,0,Low,0,Low,0,Low,0,Low,0,0.280269,0.596056,0.467536,0.0271528,0.1
2128,Baseline,5,Balanced,0,Low,0,Low,0,Low,0,Low,0,0.280269,0.596056,0.467536,0.0271567,0.1
2129,Baseline,5,Balanced,0,Low,0,Low,0,Low,0,Low,0,0.280269,0.596056,0.467536,0.0271575,0.1
2130,Baseline,5,Balanced,0,Low,0,Low,0,Low,0,Low,0,0.280269,0.596056,0.467536,0.0271521,0.1
2131,Baseline,5,Balanced,0,Low,0,Low,0,Low,0,Low,0,0.280269,0.596054,0.467534,0.0271482,0.1
2132,Baseline,5,Balanced,0,Low,0,Low,0,Low,0,Low,0,0.280269,0.596054,0.467535,0.0271459,0.1
2133,Baseline,5,Balanced,0,Low,0,Low,0,Low,0,Low,0,0.280269,0.596054,0.467534,0.0271436,0.1
2134,Baseline,5,Balanced,0,Low,0,Low,0,Low,0,Low,0,0.280269,0.596055,0.467535,0.0271459,0.1
2135,Baseline,5,Balanced,0,Low,0,Low,0,Low,0,Low,0,0.280269,0.596054,0.467534,0.0271398,0.1
2136,Baseline,5,Balanced,0,Low,0,Low,0,Low,0,Low,0,0.280269,0.596055,0.467535,0.0271421,0.1
2137,Baseline,5,Balanced,0,Low,0,Low,0,Low,0,Low,0,0.280269,0.596056,0.467536,0.0271413,0.1
2138,Baseline,5,Balanced,0,Low,0,Low,0,Low,0,Low,0,0.280269,0.596056,0.467535,0.0271406,0.1
2139,Baseline,5,Balanced,0,Low,0,Low,0,Low,0,Low,0,0.280269,0.596056,0.467536,0.0271429,0.1
2140,Baseline,5,Balanced,0,Low,0,Low,0,Low,0,Low,0,0.280269,0.596057,0.467536,0.0271452,0.1
2141,Baseline,5,Balanced,0,Low,0,Low,0,Low,0,Low,0,0.280269,0.596055,0.467535,0.0271459,0.1
2142,Baseline,5,Balanced,0,Low,0,Low,0,Low,0,Low,0,0.280269,0.596056,0.467536,0.0271467,0.1
2143,Baseline,5,Balanced,0,Low,0,Low,0,Low,0,Low,0,0.280269,0.596055,0.467535,0.0271444,0.1
2144,Baseline,5,Balanced,0,Low,0,Low,0,Low,0,Low,0,0.280269,0.596055,0.467535,0.0271436,0.1
2145,Baseline,5,Balanced,0,Low,0,Low,0,Low,0,Low,0,0.28027,0.596056,0.467536,0.0271429,0.1
2146,Baseline,5,Balanced,0,Low,0,Low,0,Low,0,Low,0,0.280269,0.596056,0.467536,0.0271406,0.1
2147,Baseline,5,Balanced,0,Low,0,Low,0,Low,0,Low,0,0.28027,0.596057,0.467536,0.0271367,0.1
2148,Baseline,5,Balanced,0,Low,0,Low,0,Low,0,Low,0,0.28027,0.596057,0.467536,0.0271382,0.1
2149,Baseline,5,Balanced,0,Low,0,Low,0,Low,0,Low,0,0.28027,0.596055,0.467535,0.0271406,0.1
2150,Baseline,5,Balanced,0,Low,0,Low,0,Low,0,Low,0,0.280269,0.596055,0.467535,0.0271436,0.1
2151,Baseline,5,Balanced,0,Low,0,Low,0,Low,0,Low,0,0.280269,0.596056,0.467535,0.0271421,0.1
2152,Baseline,5,Balanced,0,Low,0,Low,0,Low,0,Low,0,0.280269,0.596054,0.467535,0.0271398,0.1
2153,Baseline,5,Balanced,0,Low,0,Low,0,Low,0,Low,0,0.280269,0.596054,0.467534,0.0271375,0.1
2154,Baseline,5,Balanced,0,Low,0,Low,0,Low,0,Low,0,0.280268,0.596054,0.467534,0.0271367,0.1
2155,Baseline,5,Balanced,0,Low,0,Low,0,Low,0,Low,0,0.280268,0.596054,0.467534,0.0271398,0.1
2156,Baseline,5,Balanced,0,Low,0,Low,0,Low,0,Low,0,0.280268,0.596052,0.467533,0.0271444,0.1
2157,Baseline,5,Balanced,0,Low,0,Low,0,Low,0,Low,0,0.280268,0.596051,0.467532,0.0271459,0.1
2158,Baseline,5,Balanced,0,Low,0,Low,0,Low,0,Low,0,0.280268,0.596052,0.467533,0.0271444,0.1
2159,Baseline,5,Balanced,0,Low,0,Low,0,Low,0,Low,0,0.280269,0.596052,0.467533,0.0271452,0.1
2160,Baseline,5,Balanced,0,Low,0,Low,0,Low,0,Low,0,0.280269,0.596053,0.467534,0.0271429,0.1
2161,Baseline,5,Balanced,0,Low,0,Low,0,Low,0,Low,0,0.280269,0.596052,0.467533,0.0271436,0.1
2162,Baseline,5,Balanced,0,Low,0,Low,0,Low,0,Low,0,0.280269,0.596051,0.467533,0.0271475,0.1
2163,Baseline,5,Balanced,0,Low,0,Low,0,Low,0,Low,0,0.28027,0.596053,0.467534,0.0271429,0.1
2164,Baseline,5,Balanced,0,Low,0,Low,0,Low,0,Low,0,0.280269,0.596051,0.467533,0.0271467,0.1
2165,Baseline,5,Balanced,0,Low,0,Low,0,Low,0,Low,0,0.280269,0.596052,0.467533,0.0271475,0.1
2166,Baseline,5,Balanced,0,Low,0,Low,0,Low,0,Low,0,0.280269,0.596052,0.467533,0.027149,0.1
2167,Baseline,5,Balanced,0,Low,0,Low,0,Low,0,Low,0,0.280269,0.596052,0.467533,0.0271413,0.1
2168,Baseline,5,Balanced,0,Low,0,Low,0,Low,0,Low,0,0.280269,0.596052,0.467533,0.0271436,0.1
2169,Baseline,5,Balanced,0,Low,0,Low,0,Low,0,Low,0,0.280269,0.596054,0.467534,0.0271444,0.1
2170,Baseline,5,Balanced,0,Low,0,Low,0,Low,0,Low,0,0.28027,0.596054,0.467534,0.0271436,0.1
2171,Baseline,5,Balanced,0,Low,0,Low,0,Low,0,Low,0,0.280269,0.596054,0.467534,0.0271429,0.1
2172,Baseline,5,Balanced,0,Low,0,Low,0,Low,0,Low,0,0.280269,0.596053,0.467534,0.0271382,0.1
2173,Baseline,5,Balanced,0,Low,0,Low,0,Low,0,Low,0,0.280269,0.596053,0.467534,0.0271413,0.1
2174,Baseline,5,Balanced,0,Low,0,Low,0,Low,0,Low,0,0.280269,0.596054,0.467534,0.0271421,0.1
2175,Baseline,5,Balanced,0,Low,0,Low,0,Low,0,Low,0,0.280269,0.596056,0.467535,0.0271452,0.1
2176,Baseline,5,Balanced,0,Low,0,Low,0,Low,0,Low,0,0.280269,0.596055,0.467535,0.0271459,0.1
2177,Baseline,5,Balanced,0,Low,0,Low,0,Low,0,Low,0,0.280269,0.596054,0.467534,0.0271444,0.1
2178,Baseline,5,Balanced,0,Low,0,Low,0,Low,0,Low,0,0.280269,0.596054,0.467534,0.0271429,0.1
2179,Baseline,5,Balanced,0,Low,0,Low,0,Low,0,Low,0,0.280269,0.596055,0.467535,0.0271398,0.1
2180,Baseline,5,Balanced,0,Low,0,Low,0,Low,0,Low,0,0.280269,0.596055,0.467535,0.0271406,0.1
2181,Baseline,5,Balanced,0,Low,0,Low,0,Low,0,Low,0,0.280269,0.596053,0.467534,0.0271436,0.1
2182,Baseline,5,Balanced,0,Low,0,Low,0,Low,0,Low,0,0.280269,0.596053,0.467534,0.0271406,0.1
2183,Baseline,5,Balanced,0,Low,0,Low,0,Low,0,Low,0,0.280269,0.596053,0.467534,0.027139,0.1
2184,Baseline,5,Balanced,0,Low,0,Low,0,Low,0,Low,0,0.280269,0.596052,0.467533,0.0271367,0.1
2185,Baseline,5,Balanced,0,Low,0,Low,0,Low,0,Low,0,0.280269,0.596052,0.467533,0.027139,0.1
2186,Baseline,5,Balanced,0,Low,0,Low,0,Low,0,Low,0,0.280269,0.59605,0.467532,0.0271398,0.1
2187,Baseline,5,Balanced,0,Low,0,Low,0,Low,0,Low,0,0.280269,0.596049,0.467531,0.0271375,0.1
2188,Baseline,5,Balanced,0,Low,0,Low,0,Low,0,Low,0,0.28027,0.596049,0.467531,0.0271344,0.1
2189,Baseline,5,Balanced,0,Low,0,Low,0,Low,0,Low,0,0.28027,0.596048,0.467531,0.0271359,0.1
2190,Baseline,5,Balanced,0,Low,0,Low,0,Low,0,Low,0,0.28027,0.596049,0.467531,0.0271375,0.1
2191,Baseline,5,Balanced,0,Low,0,Low,0,Low,0,Low,0,0.280271,0.59605,0.467532,0.0271398,0.1
2192,Baseline,5,Balanced,0,Low,0,Low,0,Low,0,Low,0,0.280271,0.596049,0.467531,0.0271375,0.1
2193,Baseline,5,Balanced,0,Low,0,Low,0,Low,0,Low,0,0.280271,0.596048,0.467531,0.0271382,0.1
2194,Baseline,5,Balanced,0,Low,0,Low,0,Low,0,Low,0,0.28027,0.596048,0.467531,0.0271359,0.1
2195,Baseline,5,Balanced,0,Low,0,Low,0,Low,0,Low,0,0.280271,0.596047,0.46753,0.0271398,0.1
2196,Baseline,5,Balanced,0,Low,0,Low,0,Low,0,Low,0,0.280271,0.596048,0.46753,0.0271406,0.1
2197,Baseline,5,Balanced,0,Low,0,Low,0,Low,0,Low,0,0.280271,0.596049,0.467531,0.0271436,0.1
2198,Baseline,5,Balanced,0,Low,0,Low,0,Low,0,Low,0,0.280271,0.596049,0.467531,0.0271406,0.1
2199,Baseline,5,Balanced,0,Low,0,Low,0,Low,0,Low,0,0.280271,0.596047,0.46753,0.0271336,0.1
2200,Baseline,5,Balanced,0,Low,0,Low,0,Low,0,Low,0,0.280271,0.596046,0.467529,0.0271367,0.1
2201,Baseline,5,Balanced,0,Low,0,Low,0,Low,0,Low,0,0.280271,0.596045,0.467529,0.0271398,0.1
2202,Baseline,5,Balanced,0,Low,0,Low,0,Low,0,Low,0,0.280271,0.596044,0.467528,0.0271398,0.1
2203,Baseline,5,Balanced,0,Low,0,Low,0,Low,0,Low,0,0.280271,0.596044,0.467528,0.0271359,0.1
2204,Baseline,5,Balanced,0,Low,0,Low,0,Low,0,Low,0,0.280271,0.596044,0.467528,0.0271336,0.1
2205,Baseline,5,Balanced,0,Low,0,Low,0,Low,0,Low,0,0.280271,0.596044,0.467528,0.0271352,0.1
2206,Baseline,5,Balanced,0,Low,0,Low,0,Low,0,Low,0,0.280271,0.596043,0.467528,0.027139,0.1
2207,Baseline,5,Balanced,0,Low,0,Low,0,Low,0,Low,0,0.280271,0.596043,0.467527,0.0271382,0.1
2208,Baseline,5,Balanced,0,Low,0,Low,0,Low,0,Low,0,0.280271,0.596043,0.467527,0.0271352,0.1
2209,Baseline,5,Balanced,0,Low,0,Low,0,Low,0,Low,0,0.280271,0.596043,0.467528,0.027139,0.1
2210,Baseline,5,Balanced,0,Low,0,Low,0,Low,0,Low,0,0.280271,0.596042,0.467527,0.0271421,0.1
2211,Baseline,5,Balanced,0,Low,0,Low,0,Low,0,Low,0,0.280271,0.596042,0.467527,0.0271421,0.1
2212,Baseline,5,Balanced,0,Low,0,Low,0,Low,0,Low,0,0.280271,0.596041,0.467526,0.0271421,0.1
2213,Baseline,5,Balanced,0,Low,0,Low,0,Low,0,Low,0,0.280271,0.596041,0.467526,0.0271406,0.1
2214,Baseline,5,Balanced,0,Low,0,Low,0,Low,0,Low,0,0.280271,0.596041,0.467526,0.0271382,0.1
2215,Baseline,5,Balanced,0,Low,0,Low,0,Low,0,Low,0,0.280271,0.596041,0.467526,0.0271359,0.1
2216,Baseline,5,Balanced,0,Low,0,Low,0,Low,0,Low,0,0.28027,0.596041,0.467526,0.0271306,0.1
2217,Baseline,5,Balanced,0,Low,0,Low,0,Low,0,Low,0,0.28027,0.596039,0.467525,0.0271329,0.1
2218,Baseline,5,Balanced,0,Low,0,Low,0,Low,0,Low,0,0.28027,0.596039,0.467525,0.0271359,0.1
2219,Baseline,5,Balanced,0,Low,0,Low,0,Low,0,Low,0,0.28027,0.59604,0.467525,0.0271367,0.1
2220,Baseline,5,Balanced,0,Low,0,Low,0,Low,0,Low,0,0.28027,0.59604,0.467526,0.0271352,0.1
2221,Baseline,5,Balanced,0,Low,0,Low,0,Low,0,Low,0,0.28027,0.59604,0.467526,0.0271367,0.1
2222,Baseline,5,Balanced,0,Low,0,Low,0,Low,0,Low,0,0.28027,0.59604,0.467525,0.0271313,0.1
2223,Baseline,5,Balanced,0,Low,0,Low,0,Low,0,Low,0,0.28027,0.596039,0.467525,0.0271321,0.1
2224,Baseline,5,Balanced,0,Low,0,Low,0,Low,0,Low,0,0.280269,0.596038,0.467524,0.0271306,0.1
2225,Baseline,5,Balanced,0,Low,0,Low,0,Low,0,Low,0,0.280269,0.596038,0.467524,0.0271313,0.1
2226,Baseline,5,Balanced,0,Low,0,Low,0,Low,0,Low,0,0.280269,0.596038,0.467524,0.0271321,0.1
2227,Baseline,5,Balanced,0,Low,0,Low,0,Low,0,Low,0,0.28027,0.596037,0.467524,0.0271313,0.1
2228,Baseline,5,Balanced,0,Low,0,Low,0,Low,0,Low,0,0.28027,0.596037,0.467523,0.0271359,0.1
2229,Baseline,5,Balanced,0,Low,0,Low,0,Low,0,Low,0,0.28027,0.596037,0.467523,0.0271352,0.1
2230,Baseline,5,Balanced,0,Low,0,Low,0,Low,0,Low,0,0.28027,0.596036,0.467523,0.0271344,0.1
2231,Baseline,5,Balanced,0,Low,0,Low,0,Low,0,Low,0,0.28027,0.596035,0.467523,0.0271367,0.1
2232,Baseline,5,Balanced,0,Low,0,Low,0,Low,0,Low,0,0.280269,0.596035,0.467522,0.027139,0.1
2233,Baseline,5,Balanced,0,Low,0,Low,0,Low,0,Low,0,0.280269,0.596035,0.467523,0.0271375,0.1
2234,Baseline,5,Balanced,0,Low,0,Low,0,Low,0,Low,0,0.28027,0.596035,0.467523,0.027139,0.1
2235,Baseline,5,Balanced,0,Low,0,Low,0,Low,0,Low,0,0.28027,0.596035,0.467523,0.0271406,0.1
2236,Baseline,5,Balanced,0,Low,0,Low,0,Low,0,Low,0,0.280269,0.596035,0.467522,0.0271413,0.1
2237,Baseline,5,Balanced,0,Low,0,Low,0,Low,0,Low,0,0.280269,0.596035,0.467523,0.0271375,0.1
2238,Baseline,5,Balanced,0,Low,0,Low,0,Low,0,Low,0,0.280269,0.596035,0.467522,0.0271367,0.1
2239,Baseline,5,Balanced,0,Low,0,Low,0,Low,0,Low,0,0.280269,0.596035,0.467523,0.0271382,0.1
2240,Baseline,5,Balanced,0,Low,0,Low,0,Low,0,Low,0,0.280269,0.596035,0.467522,0.0271382,0.1
2241,Baseline,5,Balanced,0,Low,0,Low,0,Low,0,Low,0,0.280269,0.596035,0.467522,0.0271406,0.1
2242,Baseline,5,Balanced,0,Low,0,Low,0,Low,0,Low,0,0.280269,0.596036,0.467523,0.027139,0.1
2243,Baseline,5,Balanced,0,Low,0,Low,0,Low,0,Low,0,0.280269,0.596036,0.467523,0.0271375,0.1
2244,Baseline,5,Balanced,0,Low,0,Low,0,Low,0,Low,0,0.280269,0.596037,0.467524,0.0271375,0.1
2245,Baseline,5,Balanced,0,Low,0,Low,0,Low,0,Low,0,0.28027,0.596037,0.467524,0.0271459,0.1
2246,Baseline,5,Balanced,0,Low,0,Low,0,Low,0,Low,0,0.28027,0.596038,0.467524,0.0271452,0.1
2247,Baseline,5,Balanced,0,Low,0,Low,0,Low,0,Low,0,0.28027,0.596039,0.467525,0.0271444,0.1
2248,Baseline,5,Balanced,0,Low,0,Low,0,Low,0,Low,0,0.28027,0.59604,0.467525,0.0271382,0.1
2249,Baseline,5,Balanced,0,Low,0,Low,0,Low,0,Low,0,0.28027,0.59604,0.467525,0.027139,0.1
2250,Baseline,5,Balanced,0,Low,0,Low,0,Low,0,Low,0,0.28027,0.596039,0.467525,0.0271367,0.1
2251,Baseline,5,Balanced,0,Low,0,Low,0,Low,0,Low,0,0.28027,0.596039,0.467525,0.0271382,0.1
2252,Baseline,5,Balanced,0,Low,0,Low,0,Low,0,Low,0,0.280271,0.59604,0.467525,0.0271382,0.1
2253,Baseline,5,Balanced,0,Low,0,Low,0,Low,0,Low,0,0.280271,0.59604,0.467526,0.0271398,0.1
2254,Baseline,5,Balanced,0,Low,0,Low,0,Low,0,Low,0,0.280271,0.596041,0.467526,0.0271359,0.1
2255,Baseline,5,Balanced,0,Low,0,Low,0,Low,0,Low,0,0.280271,0.596041,0.467526,0.0271421,0.1
2256,Baseline,5,Balanced,0,Low,0,Low,0,Low,0,Low,0,0.280271,0.596041,0.467526,0.0271429,0.1
2257,Baseline,5,Balanced,0,Low,0,Low,0,Low,0,Low,0,0.280271,0.596041,0.467526,0.0271444,0.1
2258,Baseline,5,Balanced,0,Low,0,Low,0,Low,0,Low,0,0.280271,0.596041,0.467526,0.0271444,0.1
2259,Baseline,5,Balanced,0,Low,0,Low,0,Low,0,Low,0,0.280271,0.596041,0.467526,0.0271406,0.1
2260,Baseline,5,Balanced,0,Low,0,Low,0,Low,0,Low,0,0.280271,0.596041,0.467526,0.0271421,0.1
2261,Baseline,5,Balanced,0,Low,0,Low,0,Low,0,Low,0,0.280271,0.596041,0.467526,0.0271444,0.1
2262,Baseline,5,Balanced,0,Low,0,Low,0,Low,0,Low,0,0.280271,0.596041,0.467526,0.0271467,0.1
2263,Baseline,5,Balanced,0,Low,0,Low,0,Low,0,Low,0,0.280272,0.596041,0.467526,0.0271406,0.1
2264,Baseline,5,Balanced,0,Low,0,Low,0,Low,0,Low,0,0.280272,0.596041,0.467526,0.0271421,0.1
2265,Baseline,5,Balanced,0,Low,0,Low,0,Low,0,Low,0,0.280272,0.596041,0.467526,0.0271429,0.1
2266,Baseline,5,Balanced,0,Low,0,Low,0,Low,0,Low,0,0.280271,0.59604,0.467525,0.0271444,0.1
2267,Baseline,5,Balanced,0,Low,0,Low,0,Low,0,Low,0,0.280271,0.596039,0.467525,0.0271459,0.1
2268,Baseline,5,Balanced,0,Low,0,Low,0,Low,0,Low,0,0.280271,0.596039,0.467525,0.0271436,0.1
2269,Baseline,5,Balanced,0,Low,0,Low,0,Low,0,Low,0,0.280271,0.596039,0.467525,0.0271444,0.1
2270,Baseline,5,Balanced,0,Low,0,Low,0,Low,0,Low,0,0.280271,0.596039,0.467525,0.0271436,0.1
2271,Baseline,5,Balanced,0,Low,0,Low,0,Low,0,Low,0,0.280271,0.596039,0.467525,0.0271452,0.1
2272,Baseline,5,Balanced,0,Low,0,Low,0,Low,0,Low,0,0.28027,0.596039,0.467525,0.0271429,0.1
2273,Baseline,5,Balanced,0,Low,0,Low,0,Low,0,Low,0,0.28027,0.596039,0.467525,0.0271444,0.1
2274,Baseline,5,Balanced,0,Low,0,Low,0,Low,0,Low,0,0.28027,0.596039,0.467525,0.0271452,0.1
2275,Baseline,5,Balanced,0,Low,0,Low,0,Low,0,Low,0,0.28027,0.59604,0.467525,0.0271452,0.1
2276,Baseline,5,Balanced,0,Low,0,Low,0,Low,0,Low,0,0.280271,0.59604,0.467526,0.0271444,0.1
2277,Baseline,5,Balanced,0,Low,0,Low,0,Low,0,Low,0,0.280271,0.59604,0.467525,0.0271467,0.1
2278,Baseline,5,Balanced,0,Low,0,Low,0,Low,0,Low,0,0.28027,0.596039,0.467525,0.0271452,0.1
2279,Baseline,5,Balanced,0,Low,0,Low,0,Low,0,Low,0,0.28027,0.596038,0.467525,0.0271421,0.1
2280,Baseline,5,Balanced,0,Low,0,Low,0,Low,0,Low,0,0.28027,0.59604,0.467525,0.0271429,0.1
2281,Baseline,5,Balanced,0,Low,0,Low,0,Low,0,Low,0,0.28027,0.59604,0.467525,0.0271429,0.1
2282,Baseline,5,Balanced,0,Low,0,Low,0,Low,0,Low,0,0.28027,0.59604,0.467525,0.0271475,0.1
2283,Baseline,5,Balanced,0,Low,0,Low,0,Low,0,Low,0,0.28027,0.596039,0.467525,0.0271436,0.1
2284,Baseline,5,Balanced,0,Low,0,Low,0,Low,0,Low,0,0.28027,0.596039,0.467525,0.0271421,0.1
2285,Baseline,5,Balanced,0,Low,0,Low,0,Low,0,Low,0,0.28027,0.596039,0.467525,0.0271429,0.1
2286,Baseline,5,Balanced,0,Low,0,Low,0,Low,0,Low,0,0.28027,0.596038,0.467525,0.0271467,0.1
2287,Baseline,5,Balanced,0,Low,0,Low,0,Low,0,Low,0,0.28027,0.596039,0.467525,0.0271475,0.1
2288,Baseline,5,Balanced,0,Low,0,Low,0,Low,0,Low,0,0.28027,0.596038,0.467524,0.0271482,0.1
2289,Baseline,5,Balanced,0,Low,0,Low,0,Low,0,Low,0,0.28027,0.596039,0.467525,0.0271467,0.1
2290,Baseline,5,Balanced,0,Low,0,Low,0,Low,0,Low,0,0.28027,0.596039,0.467525,0.0271467,0.1
2291,Baseline,5,Balanced,0,Low,0,Low,0,Low,0,Low,0,0.28027,0.596037,0.467524,0.0271421,0.1
2292,Baseline,5,Balanced,0,Low,0,Low,0,Low,0,Low,0,0.28027,0.596038,0.467524,0.0271398,0.1
2293,Baseline,5,Balanced,0,Low,0,Low,0,Low,0,Low,0,0.28027,0.596038,0.467524,0.0271398,0.1
2294,Baseline,5,Balanced,0,Low,0,Low,0,Low,0,Low,0,0.28027,0.596038,0.467524,0.027139,0.1
2295,Baseline,5,Balanced,0,Low,0,Low,0,Low,0,Low,0,0.28027,0.596039,0.467525,0.0271436,0.1
2296,Baseline,5,Balanced,0,Low,0,Low,0,Low,0,Low,0,0.28027,0.596039,0.467525,0.0271398,0.1
2297,Baseline,5,Balanced,0,Low,0,Low,0,Low,0,Low,0,0.280269,0.596039,0.467525,0.0271413,0.1
2298,Baseline,5,Balanced,0,Low,0,Low,0,Low,0,Low,0,0.280269,0.59604,0.467525,0.027139,0.1
2299,Baseline,5,Balanced,0,Low,0,Low,0,Low,0,Low,0,0.28027,0.596039,0.467525,0.027139,0.1
2300,Baseline,5,Balanced,0,Low,0,Low,0,Low,0,Low,0,0.28027,0.596038,0.467524,0.027139,0.1
2301,Baseline,5,Balanced,0,Low,0,Low,0,Low,0,Low,0,0.28027,0.596038,0.467525,0.0271382,0.1
2302,Baseline,5,Balanced,0,Low,0,Low,0,Low,0,Low,0,0.28027,0.596037,0.467524,0.0271406,0.1
2303,Baseline,5,Balanced,0,Low,0,Low,0,Low,0,Low,0,0.280269,0.596037,0.467524,0.0271398,0.1
2304,Baseline,5,Balanced,0,Low,0,Low,0,Low,0,Low,0,0.28027,0.596037,0.467523,0.0271398,0.1
2305,Baseline,5,Balanced,0,Low,0,Low,0,Low,0,Low,0,0.28027,0.596037,0.467523,0.0271413,0.1
2306,Baseline,5,Balanced,0,Low,0,Low,0,Low,0,Low,0,0.28027,0.596038,0.467524,0.0271413,0.1
2307,Baseline,5,Balanced,0,Low,0,Low,0,Low,0,Low,0,0.28027,0.596036,0.467523,0.027139,0.1
2308,Baseline,5,Balanced,0,Low,0,Low,0,Low,0,Low,0,0.280271,0.596038,0.467524,0.0271421,0.1
2309,Baseline,5,Balanced,0,Low,0,Low,0,Low,0,Low,0,0.280271,0.596038,0.467524,0.0271429,0.1
2310,Baseline,5,Balanced,0,Low,0,Low,0,Low,0,Low,0,0.280271,0.596036,0.467523,0.0271382,0.1
2311,Baseline,5,Balanced,0,Low,0,Low,0,Low,0,Low,0,0.280271,0.596036,0.467523,0.0271406,0.1
2312,Baseline,5,Balanced,0,Low,0,Low,0,Low,0,Low,0,0.280271,0.596036,0.467523,0.0271375,0.1
2313,Baseline,5,Balanced,0,Low,0,Low,0,Low,0,Low,0,0.280272,0.596036,0.467523,0.0271398,0.1
2314,Baseline,5,Balanced,0,Low,0,Low,0,Low,0,Low,0,0.280272,0.596036,0.467523,0.0271382,0.1
2315,Baseline,5,Balanced,0,Low,0,Low,0,Low,0,Low,0,0.280272,0.596037,0.467523,0.027139,0.1
2316,Baseline,5,Balanced,0,Low,0,Low,0,Low,0,Low,0,0.280272,0.596037,0.467524,0.0271375,0.1
2317,Baseline,5,Balanced,0,Low,0,Low,0,Low,0,Low,0,0.280272,0.596038,0.467524,0.0271429,0.1
2318,Baseline,5,Balanced,0,Low,0,Low,0,Low,0,Low,0,0.280272,0.596039,0.467525,0.0271421,0.1
2319,Baseline,5,Balanced,0,Low,0,Low,0,Low,0,Low,0,0.280272,0.59604,0.467525,0.0271429,0.1
2320,Baseline,5,Balanced,0,Low,0,Low,0,Low,0,Low,0,0.280272,0.59604,0.467526,0.0271444,0.1
2321,Baseline,5,Balanced,0,Low,0,Low,0,Low,0,Low,0,0.280272,0.596041,0.467526,0.0271398,0.1
2322,Baseline,5,Balanced,0,Low,0,Low,0,Low,0,Low,0,0.280272,0.59604,0.467526,0.0271406,0.1
2323,Baseline,5,Balanced,0,Low,0,Low,0,Low,0,Low,0,0.280272,0.596041,0.467526,0.0271406,0.1
2324,Baseline,5,Balanced,0,Low,0,Low,0,Low,0,Low,0,0.280271,0.596039,0.467525,0.0271406,0.1
2325,Baseline,5,Balanced,0,Low,0,Low,0,Low,0,Low,0,0.280271,0.59604,0.467525,0.0271421,0.1
2326,Baseline,5,Balanced,0,Low,0,Low,0,Low,0,Low,0,0.280271,0.596038,0.467524,0.0271413,0.1
2327,Baseline,5,Balanced,0,Low,0,Low,0,Low,0,Low,0,0.28027,0.596037,0.467524,0.0271444,0.1
2328,Baseline,5,Balanced,0,Low,0,Low,0,Low,0,Low,0,0.280271,0.596038,0.467524,0.0271436,0.1
2329,Baseline,5,Balanced,0,Low,0,Low,0,Low,0,Low,0,0.28027,0.596038,0.467524,0.0271429,0.1
2330,Baseline,5,Balanced,0,Low,0,Low,0,Low,0,Low,0,0.28027,0.596037,0.467524,0.0271436,0.1
2331,Baseline,5,Balanced,0,Low,0,Low,0,Low,0,Low,0,0.28027,0.596037,0.467524,0.0271436,0.1
2332,Baseline,5,Balanced,0,Low,0,Low,0,Low,0,Low,0,0.28027,0.596036,0.467523,0.0271413,0.1
2333,Baseline,5,Balanced,0,Low,0,Low,0,Low,0,Low,0,0.28027,0.596036,0.467523,0.0271413,0.1
2334,Baseline,5,Balanced,0,Low,0,Low,0,Low,0,Low,0,0.28027,0.596035,0.467522,0.0271406,0.1
2335,Baseline,5,Balanced,0,Low,0,Low,0,Low,0,Low,0,0.28027,0.596034,0.467522,0.0271452,0.1
2336,Baseline,5,Balanced,0,Low,0,Low,0,Low,0,Low,0,0.28027,0.596035,0.467523,0.0271367,0.1
2337,Baseline,5,Balanced,0,Low,0,Low,0,Low,0,Low,0,0.28027,0.596035,0.467523,0.0271336,0.1
2338,Baseline,5,Balanced,0,Low,0,Low,0,Low,0,Low,0,0.280271,0.596035,0.467523,0.0271329,0.1
2339,Baseline,5,Balanced,0,Low,0,Low,0,Low,0,Low,0,0.280271,0.596036,0.467523,0.0271336,0.1
2340,Baseline,5,Balanced,0,Low,0,Low,0,Low,0,Low,0,0.280271,0.596037,0.467524,0.0271329,0.1
2341,Baseline,5,Balanced,0,Low,0,Low,0,Low,0,Low,0,0.280271,0.596036,0.467523,0.0271306,0.1
2342,Baseline,5,Balanced,0,Low,0,Low,0,Low,0,Low,0,0.280271,0.596037,0.467523,0.0271336,0.1
2343,Baseline,5,Balanced,0,Low,0,Low,0,Low,0,Low,0,0.280271,0.596036,0.467523,0.0271336,0.1
2344,Baseline,5,Balanced,0,Low,0,Low,0,Low,0,Low,0,0.28027,0.596035,0.467523,0.0271352,0.1
2345,Baseline,5,Balanced,0,Low,0,Low,0,Low,0,Low,0,0.28027,0.596036,0.467523,0.0271359,0.1
2346,Baseline,5,Balanced,0,Low,0,Low,0,Low,0,Low,0,0.28027,0.596036,0.467523,0.0271321,0.1
2347,Baseline,5,Balanced,0,Low,0,Low,0,Low,0,Low,0,0.28027,0.596035,0.467523,0.0271321,0.1
2348,Baseline,5,Balanced,0,Low,0,Low,0,Low,0,Low,0,0.280271,0.596035,0.467523,0.0271313,0.1
2349,Baseline,5,Balanced,0,Low,0,Low,0,Low,0,Low,0,0.280271,0.596035,0.467522,0.0271352,0.1
2350,Baseline,5,Balanced,0,Low,0,Low,0,Low,0,Low,0,0.280271,0.596034,0.467522,0.0271367,0.1
2351,Baseline,5,Balanced,0,Low,0,Low,0,Low,0,Low,0,0.280271,0.596035,0.467522,0.0271367,0.1
2352,Baseline,5,Balanced,0,Low,0,Low,0,Low,0,Low,0,0.280271,0.596035,0.467522,0.0271367,0.1
2353,Baseline,5,Balanced,0,Low,0,Low,0,Low,0,Low,0,0.280271,0.596034,0.467522,0.0271375,0.1
2354,Baseline,5,Balanced,0,Low,0,Low,0,Low,0,Low,0,0.280271,0.596033,0.467521,0.027139,0.1
2355,Baseline,5,Balanced,0,Low,0,Low,0,Low,0,Low,0,0.280271,0.596033,0.467521,0.0271382,0.1
2356,Baseline,5,Balanced,0,Low,0,Low,0,Low,0,Low,0,0.280272,0.596032,0.467521,0.027139,0.1
2357,Baseline,5,Balanced,0,Low,0,Low,0,Low,0,Low,0,0.280272,0.596032,0.467521,0.0271406,0.1
2358,Baseline,5,Balanced,0,Low,0,Low,0,Low,0,Low,0,0.280272,0.596031,0.46752,0.0271367,0.1
2359,Baseline,5,Balanced,0,Low,0,Low,0,Low,0,Low,0,0.280272,0.59603,0.467519,0.0271344,0.1
2360,Baseline,5,Balanced,0,Low,0,Low,0,Low,0,Low,0,0.280272,0.596029,0.467519,0.0271352,0.1
2361,Baseline,5,Balanced,0,Low,0,Low,0,Low,0,Low,0,0.280272,0.59603,0.467519,0.0271359,0.1
2362,Baseline,5,Balanced,0,Low,0,Low,0,Low,0,Low,0,0.280272,0.596029,0.467519,0.0271352,0.1
2363,Baseline,5,Balanced,0,Low,0,Low,0,Low,0,Low,0,0.280272,0.596029,0.467518,0.0271344,0.1
2364,Baseline,5,Balanced,0,Low,0,Low,0,Low,0,Low,0,0.280271,0.596028,0.467518,0.0271283,0.1
2365,Baseline,5,Balanced,0,Low,0,Low,0,Low,0,Low,0,0.280272,0.596029,0.467518,0.0271313,0.1
2366,Baseline,5,Balanced,0,Low,0,Low,0,Low,0,Low,0,0.280272,0.596027,0.467517,0.0271352,0.1
2367,Baseline,5,Balanced,0,Low,0,Low,0,Low,0,Low,0,0.280271,0.596027,0.467517,0.0271352,0.1
2368,Baseline,5,Balanced,0,Low,0,Low,0,Low,0,Low,0,0.280271,0.596026,0.467517,0.0271313,0.1
2369,Baseline,5,Balanced,0,Low,0,Low,0,Low,0,Low,0,0.280271,0.596027,0.467517,0.0271298,0.1
2370,Baseline,5,Balanced,0,Low,0,Low,0,Low,0,Low,0,0.280271,0.596026,0.467517,0.027129,0.1
2371,Baseline,5,Balanced,0,Low,0,Low,0,Low,0,Low,0,0.280271,0.596026,0.467517,0.0271321,0.1
2372,Baseline,5,Balanced,0,Low,0,Low,0,Low,0,Low,0,0.280271,0.596026,0.467517,0.0271352,0.1
2373,Baseline,5,Balanced,0,Low,0,Low,0,Low,0,Low,0,0.280271,0.596027,0.467517,0.0271367,0.1
2374,Baseline,5,Balanced,0,Low,0,Low,0,Low,0,Low,0,0.280271,0.596026,0.467517,0.027139,0.1
2375,Baseline,5,Balanced,0,Low,0,Low,0,Low,0,Low,0,0.280271,0.596027,0.467518,0.0271367,0.1
2376,Baseline,5,Balanced,0,Low,0,Low,0,Low,0,Low,0,0.280271,0.596027,0.467517,0.0271367,0.1
2377,Baseline,5,Balanced,0,Low,0,Low,0,Low,0,Low,0,0.280271,0.596028,0.467518,0.0271398,0.1
2378,Baseline,5,Balanced,0,Low,0,Low,0,Low,0,Low,0,0.280271,0.596027,0.467517,0.0271367,0.1
2379,Baseline,5,Balanced,0,Low,0,Low,0,Low,0,Low,0,0.280271,0.596027,0.467517,0.0271406,0.1
2380,Baseline,5,Balanced,0,Low,0,Low,0,Low,0,Low,0,0.280271,0.596026,0.467517,0.0271398,0.1
2381,Baseline,5,Balanced,0,Low,0,Low,0,Low,0,Low,0,0.280271,0.596027,0.467517,0.0271344,0.1
2382,Baseline,5,Balanced,0,Low,0,Low,0,Low,0,Low,0,0.280271,0.596028,0.467518,0.0271313,0.1
2383,Baseline,5,Balanced,0,Low,0,Low,0,Low,0,Low,0,0.280271,0.596028,0.467518,0.0271359,0.1
2384,Baseline,5,Balanced,0,Low,0,Low,0,Low,0,Low,0,0.280271,0.596028,0.467518,0.0271367,0.1
2385,Baseline,5,Balanced,0,Low,0,Low,0,Low,0,Low,0,0.280272,0.596029,0.467518,0.0271359,0.1
2386,Baseline,5,Balanced,0,Low,0,Low,0,Low,0,Low,0,0.280272,0.596029,0.467518,0.0271352,0.1
2387,Baseline,5,Balanced,0,Low,0,Low,0,Low,0,Low,0,0.280271,0.596027,0.467518,0.0271329,0.1
2388,Baseline,5,Balanced,0,Low,0,Low,0,Low,0,Low,0,0.280272,0.596028,0.467518,0.0271306,0.1
2389,Baseline,5,Balanced,0,Low,0,Low,0,Low,0,Low,0,0.280272,0.596027,0.467518,0.0271306,0.1
2390,Baseline,5,Balanced,0,Low,0,Low,0,Low,0,Low,0,0.280271,0.596028,0.467518,0.0271359,0.1
2391,Baseline,5,Balanced,0,Low,0,Low,0,Low,0,Low,0,0.280271,0.596028,0.467518,0.0271336,0.1
2392,Baseline,5,Balanced,0,Low,0,Low,0,Low,0,Low,0,0.280272,0.596029,0.467519,0.0271344,0.1
2393,Baseline,5,Balanced,0,Low,0,Low,0,Low,0,Low,0,0.280272,0.596028,0.467518,0.0271336,0.1
2394,Baseline,5,Balanced,0,Low,0,Low,0,Low,0,Low,0,0.280272,0.596027,0.467518,0.0271313,0.1
2395,Baseline,5,Balanced,0,Low,0,Low,0,Low,0,Low,0,0.280272,0.596027,0.467517,0.0271352,0.1
2396,Baseline,5,Balanced,0,Low,0,Low,0,Low,0,Low,0,0.280271,0.596025,0.467516,0.0271336,0.1
2397,Baseline,5,Balanced,0,Low,0,Low,0,Low,0,Low,0,0.280271,0.596024,0.467516,0.0271375,0.1
2398,Baseline,5,Balanced,0,Low,0,Low,0,Low,0,Low,0,0.280272,0.596025,0.467516,0.0271406,0.1
2399,Baseline,5,Balanced,0,Low,0,Low,0,Low,0,Low,0,0.280271,0.596024,0.467516,0.0271359,0.1
2400,Baseline,5,Balanced,0,Low,0,Low,0,Low,0,Low,0,0.280271,0.596023,0.467515,0.0271359,0.1
2401,Baseline,5,Balanced,0,Low,0,Low,0,Low,0,Low,0,0.280271,0.596023,0.467515,0.0271375,0.1
2402,Baseline,5,Balanced,0,Low,0,Low,0,Low,0,Low,0,0.280272,0.596024,0.467515,0.0271359,0.1
2403,Baseline,5,Balanced,0,Low,0,Low,0,Low,0,Low,0,0.280272,0.596025,0.467516,0.0271344,0.1
2404,Baseline,5,Balanced,0,Low,0,Low,0,Low,0,Low,0,0.280272,0.596025,0.467516,0.0271329,0.1
2405,Baseline,5,Balanced,0,Low,0,Low,0,Low,0,Low,0,0.280272,0.596025,0.467516,0.0271329,0.1
2406,Baseline,5,Balanced,0,Low,0,Low,0,Low,0,Low,0,0.280272,0.596024,0.467516,0.0271359,0.1
2407,Baseline,5,Balanced,0,Low,0,Low,0,Low,0,Low,0,0.280272,0.596025,0.467516,0.0271329,0.1
2408,Baseline,5,Balanced,0,Low,0,Low,0,Low,0,Low,0,0.280273,0.596023,0.467515,0.0271344,0.1
2409,Baseline,5,Balanced,0,Low,0,Low,0,Low,0,Low,0,0.280273,0.596022,0.467515,0.0271375,0.1
2410,Baseline,5,Balanced,0,Low,0,Low,0,Low,0,Low,0,0.280273,0.596022,0.467514,0.0271352,0.1
2411,Baseline,5,Balanced,0,Low,0,Low,0,Low,0,Low,0,0.280272,0.596021,0.467514,0.0271375,0.1
2412,Baseline,5,Balanced,0,Low,0,Low,0,Low,0,Low,0,0.280272,0.59602,0.467513,0.0271336,0.1
2413,Baseline,5,Balanced,0,Low,0,Low,0,Low,0,Low,0,0.280272,0.596021,0.467513,0.0271329,0.1
2414,Baseline,5,Balanced,0,Low,0,Low,0,Low,0,Low,0,0.280272,0.59602,0.467513,0.027129,0.1
2415,Baseline,5,Balanced,0,Low,0,Low,0,Low,0,Low,0,0.280272,0.59602,0.467513,0.0271267,0.1
2416,Baseline,5,Balanced,0,Low,0,Low,0,Low,0,Low,0,0.280272,0.596021,0.467513,0.0271283,0.1
2417,Baseline,5,Balanced,0,Low,0,Low,0,Low,0,Low,0,0.280272,0.59602,0.467513,0.0271313,0.1
2418,Baseline,5,Balanced,0,Low,0,Low,0,Low,0,Low,0,0.280273,0.596021,0.467514,0.0271329,0.1
2419,Baseline,5,Balanced,0,Low,0,Low,0,Low,0,Low,0,0.280272,0.59602,0.467513,0.0271336,0.1
2420,Baseline,5,Balanced,0,Low,0,Low,0,Low,0,Low,0,0.280272,0.596019,0.467512,0.0271321,0.1
2421,Baseline,5,Balanced,0,Low,0,Low,0,Low,0,Low,0,0.280272,0.59602,0.467513,0.027129,0.1
2422,Baseline,5,Balanced,0,Low,0,Low,0,Low,0,Low,0,0.280272,0.59602,0.467513,0.027129,0.1
2423,Baseline,5,Balanced,0,Low,0,Low,0,Low,0,Low,0,0.280272,0.59602,0.467513,0.0271344,0.1
2424,Baseline,5,Balanced,0,Low,0,Low,0,Low,0,Low,0,0.280272,0.59602,0.467513,0.0271336,0.1
2425,Baseline,5,Balanced,0,Low,0,Low,0,Low,0,Low,0,0.280272,0.59602,0.467513,0.0271321,0.1
2426,Baseline,5,Balanced,0,Low,0,Low,0,Low,0,Low,0,0.280272,0.59602,0.467513,0.0271336,0.1
2427,Baseline,5,Balanced,0,Low,0,Low,0,Low,0,Low,0,0.280272,0.59602,0.467513,0.0271344,0.1
2428,Baseline,5,Balanced,0,Low,0,Low,0,Low,0,Low,0,0.280272,0.596019,0.467513,0.0271306,0.1
2429,Baseline,5,Balanced,0,Low,0,Low,0,Low,0,Low,0,0.280272,0.596018,0.467512,0.0271336,0.1
2430,Baseline,5,Balanced,0,Low,0,Low,0,Low,0,Low,0,0.280272,0.596017,0.467511,0.0271329,0.1
2431,Baseline,5,Balanced,0,Low,0,Low,0,Low,0,Low,0,0.280272,0.596016,0.467511,0.0271352,0.1
2432,Baseline,5,Balanced,0,Low,0,Low,0,Low,0,Low,0,0.280272,0.596015,0.46751,0.0271329,0.1
2433,Baseline,5,Balanced,0,Low,0,Low,0,Low,0,Low,0,0.280273,0.596015,0.46751,0.0271306,0.1
2434,Baseline,5,Balanced,0,Low,0,Low,0,Low,0,Low,0,0.280273,0.596015,0.46751,0.0271336,0.1
2435,Baseline,5,Balanced,0,Low,0,Low,0,Low,0,Low,0,0.280272,0.596014,0.467509,0.0271321,0.1
2436,Baseline,5,Balanced,0,Low,0,Low,0,Low,0,Low,0,0.280273,0.596015,0.46751,0.0271306,0.1
2437,Baseline,5,Balanced,0,Low,0,Low,0,Low,0,Low,0,0.280273,0.596015,0.46751,0.0271313,0.1
2438,Baseline,5,Balanced,0,Low,0,Low,0,Low,0,Low,0,0.280273,0.596015,0.46751,0.0271329,0.1
2439,Baseline,5,Balanced,0,Low,0,Low,0,Low,0,Low,0,0.280273,0.596014,0.467509,0.0271306,0.1
2440,Baseline,5,Balanced,0,Low,0,Low,0,Low,0,Low,0,0.280273,0.596014,0.46751,0.0271283,0.1
2441,Baseline,5,Balanced,0,Low,0,Low,0,Low,0,Low,0,0.280272,0.596013,0.467509,0.027126,0.1
2442,Baseline,5,Balanced,0,Low,0,Low,0,Low,0,Low,0,0.280273,0.596013,0.467509,0.0271275,0.1
2443,Baseline,5,Balanced,0,Low,0,Low,0,Low,0,Low,0,0.280272,0.596013,0.467509,0.0271329,0.1
2444,Baseline,5,Balanced,0,Low,0,Low,0,Low,0,Low,0,0.280273,0.596015,0.46751,0.0271329,0.1
2445,Baseline,5,Balanced,0,Low,0,Low,0,Low,0,Low,0,0.280273,0.596014,0.46751,0.027126,0.1
2446,Baseline,5,Balanced,0,Low,0,Low,0,Low,0,Low,0,0.280272,0.596015,0.46751,0.027126,0.1
2447,Baseline,5,Balanced,0,Low,0,Low,0,Low,0,Low,0,0.280273,0.596015,0.46751,0.0271275,0.1
2448,Baseline,5,Balanced,0,Low,0,Low,0,Low,0,Low,0,0.280273,0.596015,0.46751,0.0271313,0.1
2449,Baseline,5,Balanced,0,Low,0,Low,0,Low,0,Low,0,0.280273,0.596015,0.46751,0.0271336,0.1
2450,Baseline,5,Balanced,0,Low,0,Low,0,Low,0,Low,0,0.280272,0.596013,0.467509,0.0271283,0.1
2451,Baseline,5,Balanced,0,Low,0,Low,0,Low,0,Low,0,0.280272,0.596013,0.467509,0.027126,0.1
2452,Baseline,5,Balanced,0,Low,0,Low,0,Low,0,Low,0,0.280272,0.596013,0.467509,0.027126,0.1
2453,Baseline,5,Balanced,0,Low,0,Low,0,Low,0,Low,0,0.280272,0.596013,0.467509,0.0271267,0.1
2454,Baseline,5,Balanced,0,Low,0,Low,0,Low,0,Low,0,0.280272,0.596013,0.467509,0.0271236,0.1
2455,Baseline,5,Balanced,0,Low,0,Low,0,Low,0,Low,0,0.280271,0.596012,0.467508,0.027129,0.1
2456,Baseline,5,Balanced,0,Low,0,Low,0,Low,0,Low,0,0.280271,0.596011,0.467507,0.0271298,0.1
2457,Baseline,5,Balanced,0,Low,0,Low,0,Low,0,Low,0,0.280272,0.596011,0.467507,0.0271313,0.1
2458,Baseline,5,Balanced,0,Low,0,Low,0,Low,0,Low,0,0.280272,0.596011,0.467507,0.0271336,0.1
2459,Baseline,5,Balanced,0,Low,0,Low,0,Low,0,Low,0,0.280272,0.596011,0.467507,0.0271329,0.1
2460,Baseline,5,Balanced,0,Low,0,Low,0,Low,0,Low,0,0.280272,0.59601,0.467507,0.027129,0.1
2461,Baseline,5,Balanced,0,Low,0,Low,0,Low,0,Low,0,0.280272,0.59601,0.467507,0.0271283,0.1
2462,Baseline,5,Balanced,0,Low,0,Low,0,Low,0,Low,0,0.280272,0.596008,0.467506,0.0271298,0.1
2463,Baseline,5,Balanced,0,Low,0,Low,0,Low,0,Low,0,0.280272,0.596008,0.467505,0.0271267,0.1
2464,Baseline,5,Balanced,0,Low,0,Low,0,Low,0,Low,0,0.280272,0.596007,0.467505,0.0271267,0.1
2465,Baseline,5,Balanced,0,Low,0,Low,0,Low,0,Low,0,0.280272,0.596007,0.467505,0.0271275,0.1
2466,Baseline,5,Balanced,0,Low,0,Low,0,Low,0,Low,0,0.280272,0.596007,0.467505,0.0271236,0.1
2467,Baseline,5,Balanced,0,Low,0,Low,0,Low,0,Low,0,0.280272,0.596006,0.467505,0.0271229,0.1
2468,Baseline,5,Balanced,0,Low,0,Low,0,Low,0,Low,0,0.280272,0.596007,0.467505,0.0271236,0.1
2469,Baseline,5,Balanced,0,Low,0,Low,0,Low,0,Low,0,0.280272,0.596006,0.467504,0.0271252,0.1
2470,Baseline,5,Balanced,0,Low,0,Low,0,Low,0,Low,0,0.280272,0.596006,0.467504,0.0271221,0.1
2471,Baseline,5,Balanced,0,Low,0,Low,0,Low,0,Low,0,0.280272,0.596006,0.467504,0.0271252,0.1
2472,Baseline,5,Balanced,0,Low,0,Low,0,Low,0,Low,0,0.280272,0.596006,0.467504,0.0271267,0.1
2473,Baseline,5,Balanced,0,Low,0,Low,0,Low,0,Low,0,0.280271,0.596005,0.467504,0.0271298,0.1
2474,Baseline,5,Balanced,0,Low,0,Low,0,Low,0,Low,0,0.280272,0.596006,0.467504,0.0271298,0.1
2475,Baseline,5,Balanced,0,Low,0,Low,0,Low,0,Low,0,0.280271,0.596007,0.467505,0.0271336,0.1
2476,Baseline,5,Balanced,0,Low,0,Low,0,Low,0,Low,0,0.280271,0.596007,0.467505,0.0271329,0.1
2477,Baseline,5,Balanced,0,Low,0,Low,0,Low,0,Low,0,0.280271,0.596005,0.467504,0.0271313,0.1
2478,Baseline,5,Balanced,0,Low,0,Low,0,Low,0,Low,0,0.280271,0.596005,0.467504,0.0271306,0.1
2479,Baseline,5,Balanced,0,Low,0,Low,0,Low,0,Low,0,0.280271,0.596005,0.467503,0.0271298,0.1
2480,Baseline,5,Balanced,0,Low,0,Low,0,Low,0,Low,0,0.28027,0.596004,0.467503,0.0271298,0.1
2481,Baseline,5,Balanced,0,Low,0,Low,0,Low,0,Low,0,0.280271,0.596004,0.467503,0.0271267,0.1
2482,Baseline,5,Balanced,0,Low,0,Low,0,Low,0,Low,0,0.280271,0.596004,0.467503,0.0271244,0.1
2483,Baseline,5,Balanced,0,Low,0,Low,0,Low,0,Low,0,0.280271,0.596005,0.467503,0.0271267,0.1
2484,Baseline,5,Balanced,0,Low,0,Low,0,Low,0,Low,0,0.280271,0.596004,0.467503,0.027126,0.1
2485,Baseline,5,Balanced,0,Low,0,Low,0,Low,0,Low,0,0.280271,0.596004,0.467503,0.0271321,0.1
2486,Baseline,5,Balanced,0,Low,0,Low,0,Low,0,Low,0,0.280271,0.596004,0.467503,0.0271298,0.1
2487,Baseline,5,Balanced,0,Low,0,Low,0,Low,0,Low,0,0.280271,0.596003,0.467503,0.0271244,0.1
2488,Baseline,5,Balanced,0,Low,0,Low,0,Low,0,Low,0,0.280272,0.596003,0.467502,0.0271252,0.1
2489,Baseline,5,Balanced,0,Low,0,Low,0,Low,0,Low,0,0.280271,0.596001,0.467501,0.027129,0.1
2490,Baseline,5,Balanced,0,Low,0,Low,0,Low,0,Low,0,0.280271,0.596,0.4675,0.027126,0.1
2491,Baseline,5,Balanced,0,Low,0,Low,0,Low,0,Low,0,0.280271,0.596,0.4675,0.0271244,0.1
2492,Baseline,5,Balanced,0,Low,0,Low,0,Low,0,Low,0,0.280271,0.595999,0.4675,0.027126,0.1
2493,Baseline,5,Balanced,0,Low,0,Low,0,Low,0,Low,0,0.280272,0.596,0.4675,0.0271283,0.1
2494,Baseline,5,Balanced,0,Low,0,Low,0,Low,0,Low,0,0.280272,0.596,0.4675,0.0271252,0.1
2495,Baseline,5,Balanced,0,Low,0,Low,0,Low,0,Low,0,0.280272,0.596,0.4675,0.0271306,0.1
2496,Baseline,5,Balanced,0,Low,0,Low,0,Low,0,Low,0,0.280271,0.595999,0.4675,0.0271306,0.1
2497,Baseline,5,Balanced,0,Low,0,Low,0,Low,0,Low,0,0.280271,0.595999,0.4675,0.0271283,0.1
2498,Baseline,5,Balanced,0,Low,0,Low,0,Low,0,Low,0,0.280271,0.595999,0.4675,0.0271306,0.1
2499,Baseline,5,Balanced,0,Low,0,Low,0,Low,0,Low,0,0.280271,0.595998,0.467499,0.0271298,0.1
2500,Baseline,5,Balanced,0,Low,0,Low,0,Low,0,Low,0,0.280271,0.595997,0.467499,0.0271298,0.1
2501,Baseline,5,Balanced,0,Low,0,Low,0,Low,0,Low,0,0.280271,0.595997,0.467498,0.0271306,0.1
2502,Baseline,5,Balanced,0,Low,0,Low,0,Low,0,Low,0,0.28027,0.595996,0.467498,0.0271283,0.1
2503,Baseline,5,Balanced,0,Low,0,Low,0,Low,0,Low,0,0.28027,0.595995,0.467497,0.0271275,0.1
2504,Baseline,5,Balanced,0,Low,0,Low,0,Low,0,Low,0,0.28027,0.595994,0.467497,0.0271267,0.1
2505,Baseline,5,Balanced,0,Low,0,Low,0,Low,0,Low,0,0.28027,0.595993,0.467496,0.0271321,0.1
2506,Baseline,5,Balanced,0,Low,0,Low,0,Low,0,Low,0,0.28027,0.595994,0.467497,0.0271344,0.1
2507,Baseline,5,Balanced,0,Low,0,Low,0,Low,0,Low,0,0.28027,0.595995,0.467497,0.0271321,0.1
2508,Baseline,5,Balanced,0,Low,0,Low,0,Low,0,Low,0,0.28027,0.595995,0.467497,0.0271267,0.1
2509,Baseline,5,Balanced,0,Low,0,Low,0,Low,0,Low,0,0.28027,0.595995,0.467498,0.0271313,0.1
2510,Baseline,5,Balanced,0,Low,0,Low,0,Low,0,Low,0,0.28027,0.595995,0.467497,0.0271267,0.1
2511,Baseline,5,Balanced,0,Low,0,Low,0,Low,0,Low,0,0.280269,0.595994,0.467497,0.0271252,0.1
2512,Baseline,5,Balanced,0,Low,0,Low,0,Low,0,Low,0,0.280269,0.595993,0.467496,0.0271275,0.1
2513,Baseline,5,Balanced,0,Low,0,Low,0,Low,0,Low,0,0.280269,0.595994,0.467497,0.0271252,0.1
2514,Baseline,5,Balanced,0,Low,0,Low,0,Low,0,Low,0,0.280269,0.595994,0.467497,0.0271229,0.1
2515,Baseline,5,Balanced,0,Low,0,Low,0,Low,0,Low,0,0.280268,0.595992,0.467495,0.0271267,0.1
2516,Baseline,5,Balanced,0,Low,0,Low,0,Low,0,Low,0,0.280268,0.595991,0.467495,0.027129,0.1
2517,Baseline,5,Balanced,0,Low,0,Low,0,Low,0,Low,0,0.280268,0.595992,0.467495,0.0271298,0.1
2518,Baseline,5,Balanced,0,Low,0,Low,0,Low,0,Low,0,0.280268,0.595992,0.467495,0.0271275,0.1
2519,Baseline,5,Balanced,0,Low,0,Low,0,Low,0,Low,0,0.280269,0.595992,0.467496,0.0271306,0.1
2520,Baseline,5,Balanced,0,Low,0,Low,0,Low,0,Low,0,0.280269,0.595992,0.467495,0.0271267,0.1
2521,Baseline,5,Balanced,0,Low,0,Low,0,Low,0,Low,0,0.280269,0.595992,0.467495,0.0271244,0.1
2522,Baseline,5,Balanced,0,Low,0,Low,0,Low,0,Low,0,0.280269,0.595991,0.467495,0.0271236,0.1
2523,Baseline,5,Balanced,0,Low,0,Low,0,Low,0,Low,0,0.280269,0.595991,0.467495,0.0271275,0.1
2524,Baseline,5,Balanced,0,Low,0,Low,0,Low,0,Low,0,0.280269,0.595991,0.467495,0.0271275,0.1
2525,Baseline,5,Balanced,0,Low,0,Low,0,Low,0,Low,0,0.280269,0.595991,0.467495,0.0271313,0.1
2526,Baseline,5,Balanced,0,Low,0,Low,0,Low,0,Low,0,0.280269,0.595991,0.467495,0.027129,0.1
2527,Baseline,5,Balanced,0,Low,0,Low,0,Low,0,Low,0,0.280269,0.595992,0.467495,0.0271283,0.1
2528,Baseline,5,Balanced,0,Low,0,Low,0,Low,0,Low,0,0.280269,0.595993,0.467496,0.0271275,0.1
2529,Baseline,5,Balanced,0,Low,0,Low,0,Low,0,Low,0,0.280269,0.595992,0.467496,0.027129,0.1
2530,Baseline,5,Balanced,0,Low,0,Low,0,Low,0,Low,0,0.280269,0.595992,0.467495,0.0271298,0.1
2531,Baseline,5,Balanced,0,Low,0,Low,0,Low,0,Low,0,0.280269,0.595991,0.467495,0.0271329,0.1
2532,Baseline,5,Balanced,0,Low,0,Low,0,Low,0,Low,0,0.280269,0.595991,0.467495,0.0271321,0.1
2533,Baseline,5,Balanced,0,Low,0,Low,0,Low,0,Low,0,0.280269,0.59599,0.467494,0.0271283,0.1
2534,Baseline,5,Balanced,0,Low,0,Low,0,Low,0,Low,0,0.280269,0.59599,0.467494,0.0271267,0.1
2535,Baseline,5,Balanced,0,Low,0,Low,0,Low,0,Low,0,0.280269,0.595989,0.467494,0.0271236,0.1
2536,Baseline,5,Balanced,0,Low,0,Low,0,Low,0,Low,0,0.280269,0.595989,0.467494,0.027129,0.1
2537,Baseline,5,Balanced,0,Low,0,Low,0,Low,0,Low,0,0.28027,0.595989,0.467493,0.0271275,0.1
2538,Baseline,5,Balanced,0,Low,0,Low,0,Low,0,Low,0,0.28027,0.595988,0.467493,0.0271298,0.1
2539,Baseline,5,Balanced,0,Low,0,Low,0,Low,0,Low,0,0.28027,0.595988,0.467493,0.0271283,0.1
2540,Baseline,5,Balanced,0,Low,0,Low,0,Low,0,Low,0,0.28027,0.595987,0.467493,0.027126,0.1
2541,Baseline,5,Balanced,0,Low,0,Low,0,Low,0,Low,0,0.28027,0.595987,0.467492,0.027126,0.1
2542,Baseline,5,Balanced,0,Low,0,Low,0,Low,0,Low,0,0.28027,0.595987,0.467493,0.0271236,0.1
2543,Baseline,5,Balanced,0,Low,0,Low,0,Low,0,Low,0,0.28027,0.595987,0.467492,0.0271229,0.1
2544,Baseline,5,Balanced,0,Low,0,Low,0,Low,0,Low,0,0.28027,0.595988,0.467493,0.0271252,0.1
2545,Baseline,5,Balanced,0,Low,0,Low,0,Low,0,Low,0,0.28027,0.595988,0.467493,0.0271252,0.1
2546,Baseline,5,Balanced,0,Low,0,Low,0,Low,0,Low,0,0.28027,0.595989,0.467493,0.0271252,0.1
2547,Baseline,5,Balanced,0,Low,0,Low,0,Low,0,Low,0,0.28027,0.595988,0.467493,0.0271283,0.1
2548,Baseline,5,Balanced,0,Low,0,Low,0,Low,0,Low,0,0.28027,0.595987,0.467492,0.0271283,0.1
2549,Baseline,5,Balanced,0,Low,0,Low,0,Low,0,Low,0,0.28027,0.595987,0.467492,0.0271267,0.1
2550,Baseline,5,Balanced,0,Low,0,Low,0,Low,0,Low,0,0.28027,0.595987,0.467492,0.0271221,0.1
2551,Baseline,5,Balanced,0,Low,0,Low,0,Low,0,Low,0,0.28027,0.595987,0.467492,0.0271221,0.1
2552,Baseline,5,Balanced,0,Low,0,Low,0,Low,0,Low,0,0.28027,0.595986,0.467492,0.0271221,0.1
2553,Baseline,5,Balanced,0,Low,0,Low,0,Low,0,Low,0,0.28027,0.595987,0.467492,0.0271244,0.1
2554,Baseline,5,Balanced,0,Low,0,Low,0,Low,0,Low,0,0.28027,0.595986,0.467492,0.0271283,0.1
2555,Baseline,5,Balanced,0,Low,0,Low,0,Low,0,Low,0,0.280271,0.595986,0.467492,0.0271236,0.1
2556,Baseline,5,Balanced,0,Low,0,Low,0,Low,0,Low,0,0.280271,0.595985,0.467491,0.0271236,0.1
2557,Baseline,5,Balanced,0,Low,0,Low,0,Low,0,Low,0,0.280271,0.595987,0.467492,0.0271236,0.1
2558,Baseline,5,Balanced,0,Low,0,Low,0,Low,0,Low,0,0.280271,0.595988,0.467493,0.0271252,0.1
2559,Baseline,5,Balanced,0,Low,0,Low,0,Low,0,Low,0,0.280271,0.595988,0.467493,0.0271283,0.1
2560,Baseline,5,Balanced,0,Low,0,Low,0,Low,0,Low,0,0.280271,0.595987,0.467493,0.0271267,0.1
2561,Baseline,5,Balanced,0,Low,0,Low,0,Low,0,Low,0,0.280271,0.595987,0.467493,0.027129,0.1
2562,Baseline,5,Balanced,0,Low,0,Low,0,Low,0,Low,0,0.280271,0.595988,0.467493,0.0271306,0.1
2563,Baseline,5,Balanced,0,Low,0,Low,0,Low,0,Low,0,0.280272,0.595989,0.467493,0.027129,0.1
2564,Baseline,5,Balanced,0,Low,0,Low,0,Low,0,Low,0,0.280272,0.595989,0.467493,0.0271252,0.1
2565,Baseline,5,Balanced,0,Low,0,Low,0,Low,0,Low,0,0.280272,0.595989,0.467494,0.027126,0.1
2566,Baseline,5,Balanced,0,Low,0,Low,0,Low,0,Low,0,0.280272,0.595988,0.467493,0.027126,0.1
2567,Baseline,5,Balanced,0,Low,0,Low,0,Low,0,Low,0,0.280272,0.595988,0.467493,0.027129,0.1
2568,Baseline,5,Balanced,0,Low,0,Low,0,Low,0,Low,0,0.280273,0.59599,0.467494,0.0271283,0.1
2569,Baseline,5,Balanced,0,Low,0,Low,0,Low,0,Low,0,0.280273,0.59599,0.467494,0.0271275,0.1
2570,Baseline,5,Balanced,0,Low,0,Low,0,Low,0,Low,0,0.280273,0.595989,0.467494,0.0271306,0.1
2571,Baseline,5,Balanced,0,Low,0,Low,0,Low,0,Low,0,0.280273,0.595989,0.467494,0.0271298,0.1
2572,Baseline,5,Balanced,0,Low,0,Low,0,Low,0,Low,0,0.280273,0.595989,0.467494,0.0271359,0.1
2573,Baseline,5,Balanced,0,Low,0,Low,0,Low,0,Low,0,0.280273,0.595989,0.467493,0.0271344,0.1
2574,Baseline,5,Balanced,0,Low,0,Low,0,Low,0,Low,0,0.280273,0.59599,0.467494,0.0271352,0.1
2575,Baseline,5,Balanced,0,Low,0,Low,0,Low,0,Low,0,0.280274,0.59599,0.467494,0.0271344,0.1
2576,Baseline,5,Balanced,0,Low,0,Low,0,Low,0,Low,0,0.280275,0.595991,0.467495,0.0271336,0.1
2577,Baseline,5,Balanced,0,Low,0,Low,0,Low,0,Low,0,0.280275,0.595991,0.467495,0.0271367,0.1
2578,Baseline,5,Balanced,0,Low,0,Low,0,Low,0,Low,0,0.280275,0.595992,0.467495,0.0271352,0.1
2579,Baseline,5,Balanced,0,Low,0,Low,0,Low,0,Low,0,0.280275,0.595992,0.467495,0.0271359,0.1
2580,Baseline,5,Balanced,0,Low,0,Low,0,Low,0,Low,0,0.280275,0.595991,0.467495,0.0271352,0.1
2581,Baseline,5,Balanced,0,Low,0,Low,0,Low,0,Low,0,0.280276,0.595991,0.467495,0.0271336,0.1
2582,Baseline,5,Balanced,0,Low,0,Low,0,Low,0,Low,0,0.280276,0.595992,0.467495,0.0271375,0.1
2583,Baseline,5,Balanced,0,Low,0,Low,0,Low,0,Low,0,0.280276,0.595991,0.467495,0.0271406,0.1
2584,Baseline,5,Balanced,0,Low,0,Low,0,Low,0,Low,0,0.280276,0.59599,0.467494,0.0271375,0.1
2585,Baseline,5,Balanced,0,Low,0,Low,0,Low,0,Low,0,0.280276,0.595989,0.467494,0.0271382,0.1
2586,Baseline,5,Balanced,0,Low,0,Low,0,Low,0,Low,0,0.280276,0.59599,0.467494,0.0271382,0.1
2587,Baseline,5,Balanced,0,Low,0,Low,0,Low,0,Low,0,0.280275,0.595989,0.467494,0.0271352,0.1
2588,Baseline,5,Balanced,0,Low,0,Low,0,Low,0,Low,0,0.280275,0.595989,0.467494,0.0271359,0.1
2589,Baseline,5,Balanced,0,Low,0,Low,0,Low,0,Low,0,0.280274,0.595989,0.467494,0.0271367,0.1
2590,Baseline,5,Balanced,0,Low,0,Low,0,Low,0,Low,0,0.280274,0.595989,0.467494,0.0271382,0.1
2591,Baseline,5,Balanced,0,Low,0,Low,0,Low,0,Low,0,0.280275,0.595989,0.467494,0.027139,0.1
2592,Baseline,5,Balanced,0,Low,0,Low,0,Low,0,Low,0,0.280275,0.59599,0.467494,0.0271375,0.1
2593,Baseline,5,Balanced,0,Low,0,Low,0,Low,0,Low,0,0.280275,0.59599,0.467494,0.0271344,0.1
2594,Baseline,5,Balanced,0,Low,0,Low,0,Low,0,Low,0,0.280275,0.59599,0.467494,0.0271367,0.1
2595,Baseline,5,Balanced,0,Low,0,Low,0,Low,0,Low,0,0.280274,0.595989,0.467494,0.0271344,0.1
2596,Baseline,5,Balanced,0,Low,0,Low,0,Low,0,Low,0,0.280274,0.59599,0.467494,0.0271336,0.1
2597,Baseline,5,Balanced,0,Low,0,Low,0,Low,0,Low,0,0.280275,0.59599,0.467494,0.0271352,0.1
2598,Baseline,5,Balanced,0,Low,0,Low,0,Low,0,Low,0,0.280275,0.595991,0.467495,0.0271359,0.1
2599,Baseline,5,Balanced,0,Low,0,Low,0,Low,0,Low,0,0.280275,0.59599,0.467494,0.0271313,0.1
2600,Baseline,5,Balanced,0,Low,0,Low,0,Low,0,Low,0,0.280275,0.59599,0.467494,0.0271344,0.1
2601,Baseline,5,Balanced,0,Low,0,Low,0,Low,0,Low,0,0.280275,0.59599,0.467494,0.0271336,0.1
2602,Baseline,5,Balanced,0,Low,0,Low,0,Low,0,Low,0,0.280274,0.59599,0.467495,0.0271344,0.1
2603,Baseline,5,Balanced,0,Low,0,Low,0,Low,0,Low,0,0.280275,0.59599,0.467495,0.0271329,0.1
2604,Baseline,5,Balanced,0,Low,0,Low,0,Low,0,Low,0,0.280275,0.59599,0.467494,0.0271321,0.1
2605,Baseline,5,Balanced,0,Low,0,Low,0,Low,0,Low,0,0.280275,0.59599,0.467494,0.0271336,0.1
2606,Baseline,5,Balanced,0,Low,0,Low,0,Low,0,Low,0,0.280276,0.59599,0.467494,0.0271329,0.1
2607,Baseline,5,Balanced,0,Low,0,Low,0,Low,0,Low,0,0.280276,0.59599,0.467494,0.0271359,0.1
2608,Baseline,5,Balanced,0,Low,0,Low,0,Low,0,Low,0,0.280276,0.595991,0.467495,0.0271336,0.1
2609,Baseline,5,Balanced,0,Low,0,Low,0,Low,0,Low,0,0.280276,0.595991,0.467495,0.027129,0.1
2610,Baseline,5,Balanced,0,Low,0,Low,0,Low,0,Low,0,0.280276,0.59599,0.467494,0.0271306,0.1
2611,Baseline,5,Balanced,0,Low,0,Low,0,Low,0,Low,0,0.280276,0.595991,0.467495,0.0271275,0.1
2612,Baseline,5,Balanced,0,Low,0,Low,0,Low,0,Low,0,0.280276,0.595991,0.467495,0.0271267,0.1
2613,Baseline,5,Balanced,0,Low,0,Low,0,Low,0,Low,0,0.280276,0.595992,0.467495,0.0271298,0.1
2614,Baseline,5,Balanced,0,Low,0,Low,0,Low,0,Low,0,0.280276,0.595992,0.467496,0.0271275,0.1
2615,Baseline,5,Balanced,0,Low,0,Low,0,Low,0,Low,0,0.280276,0.595993,0.467496,0.027126,0.1
2616,Baseline,5,Balanced,0,Low,0,Low,0,Low,0,Low,0,0.280276,0.595993,0.467496,0.0271244,0.1
2617,Baseline,5,Balanced,0,Low,0,Low,0,Low,0,Low,0,0.280276,0.595993,0.467496,0.0271283,0.1
2618,Baseline,5,Balanced,0,Low,0,Low,0,Low,0,Low,0,0.280276,0.595993,0.467496,0.027129,0.1
2619,Baseline,5,Balanced,0,Low,0,Low,0,Low,0,Low,0,0.280276,0.595993,0.467496,0.0271252,0.1
2620,Baseline,5,Balanced,0,Low,0,Low,0,Low,0,Low,0,0.280276,0.595992,0.467496,0.0271275,0.1
2621,Baseline,5,Balanced,0,Low,0,Low,0,Low,0,Low,0,0.280275,0.595992,0.467495,0.0271283,0.1
2622,Baseline,5,Balanced,0,Low,0,Low,0,Low,0,Low,0,0.280275,0.595992,0.467496,0.0271283,0.1
2623,Baseline,5,Balanced,0,Low,0,Low,0,Low,0,Low,0,0.280275,0.595992,0.467496,0.0271275,0.1
2624,Baseline,5,Balanced,0,Low,0,Low,0,Low,0,Low,0,0.280275,0.595992,0.467496,0.027126,0.1
2625,Baseline,5,Balanced,0,Low,0,Low,0,Low,0,Low,0,0.280275,0.595992,0.467495,0.0271229,0.1
2626,Baseline,5,Balanced,0,Low,0,Low,0,Low,0,Low,0,0.280275,0.59599,0.467494,0.0271221,0.1
2627,Baseline,5,Balanced,0,Low,0,Low,0,Low,0,Low,0,0.280275,0.59599,0.467494,0.0271236,0.1
2628,Baseline,5,Balanced,0,Low,0,Low,0,Low,0,Low,0,0.280275,0.59599,0.467494,0.0271236,0.1
2629,Baseline,5,Balanced,0,Low,0,Low,0,Low,0,Low,0,0.280275,0.59599,0.467494,0.0271252,0.1
2630,Baseline,5,Balanced,0,Low,0,Low,0,Low,0,Low,0,0.280275,0.595989,0.467494,0.0271213,0.1
2631,Baseline,5,Balanced,0,Low,0,Low,0,Low,0,Low,0,0.280275,0.595989,0.467494,0.0271206,0.1
2632,Baseline,5,Balanced,0,Low,0,Low,0,Low,0,Low,0,0.280275,0.595989,0.467494,0.0271221,0.1
2633,Baseline,5,Balanced,0,Low,0,Low,0,Low,0,Low,0,0.280275,0.595991,0.467495,0.0271183,0.1
2634,Baseline,5,Balanced,0,Low,0,Low,0,Low,0,Low,0,0.280275,0.595991,0.467495,0.0271198,0.1
2635,Baseline,5,Balanced,0,Low,0,Low,0,Low,0,Low,0,0.280275,0.595991,0.467495,0.0271236,0.1
2636,Baseline,5,Balanced,0,Low,0,Low,0,Low,0,Low,0,0.280275,0.595991,0.467495,0.0271244,0.1
2637,Baseline,5,Balanced,0,Low,0,Low,0,Low,0,Low,0,0.280275,0.595991,0.467495,0.0271252,0.1
2638,Baseline,5,Balanced,0,Low,0,Low,0,Low,0,Low,0,0.280275,0.595991,0.467495,0.0271236,0.1
2639,Baseline,5,Balanced,0,Low,0,Low,0,Low,0,Low,0,0.280275,0.59599,0.467494,0.0271229,0.1
2640,Baseline,5,Balanced,0,Low,0,Low,0,Low,0,Low,0,0.280275,0.595991,0.467495,0.0271244,0.1
2641,Baseline,5,Balanced,0,Low,0,Low,0,Low,0,Low,0,0.280275,0.595991,0.467495,0.0271244,0.1
2642,Baseline,5,Balanced,0,Low,0,Low,0,Low,0,Low,0,0.280275,0.59599,0.467494,0.027126,0.1
2643,Baseline,5,Balanced,0,Low,0,Low,0,Low,0,Low,0,0.280275,0.59599,0.467494,0.0271252,0.1
2644,Baseline,5,Balanced,0,Low,0,Low,0,Low,0,Low,0,0.280274,0.59599,0.467494,0.0271252,0.1
2645,Baseline,5,Balanced,0,Low,0,Low,0,Low,0,Low,0,0.280274,0.595989,0.467493,0.0271229,0.1
2646,Baseline,5,Balanced,0,Low,0,Low,0,Low,0,Low,0,0.280274,0.595989,0.467494,0.0271244,0.1
2647,Baseline,5,Balanced,0,Low,0,Low,0,Low,0,Low,0,0.280274,0.59599,0.467494,0.0271229,0.1
2648,Baseline,5,Balanced,0,Low,0,Low,0,Low,0,Low,0,0.280274,0.595991,0.467495,0.0271252,0.1
2649,Baseline,5,Balanced,0,Low,0,Low,0,Low,0,Low,0,0.280274,0.59599,0.467494,0.0271236,0.1
2650,Baseline,5,Balanced,0,Low,0,Low,0,Low,0,Low,0,0.280274,0.59599,0.467494,0.0271213,0.1
2651,Baseline,5,Balanced,0,Low,0,Low,0,Low,0,Low,0,0.280275,0.595991,0.467495,0.0271236,0.1
2652,Baseline,5,Balanced,0,Low,0,Low,0,Low,0,Low,0,0.280274,0.595991,0.467495,0.0271221,0.1
2653,Baseline,5,Balanced,0,Low,0,Low,0,Low,0,Low,0,0.280274,0.595991,0.467495,0.027119,0.1
2654,Baseline,5,Balanced,0,Low,0,Low,0,Low,0,Low,0,0.280275,0.595991,0.467495,0.027126,0.1
2655,Baseline,5,Balanced,0,Low,0,Low,0,Low,0,Low,0,0.280275,0.595991,0.467495,0.0271267,0.1
2656,Baseline,5,Balanced,0,Low,0,Low,0,Low,0,Low,0,0.280275,0.595991,0.467495,0.0271252,0.1
2657,Baseline,5,Balanced,0,Low,0,Low,0,Low,0,Low,0,0.280275,0.595991,0.467495,0.0271244,0.1
2658,Baseline,5,Balanced,0,Low,0,Low,0,Low,0,Low,0,0.280275,0.595992,0.467495,0.0271206,0.1
2659,Baseline,5,Balanced,0,Low,0,Low,0,Low,0,Low,0,0.280275,0.59599,0.467494,0.0271175,0.1
2660,Baseline,5,Balanced,0,Low,0,Low,0,Low,0,Low,0,0.280275,0.595991,0.467495,0.0271236,0.1
2661,Baseline,5,Balanced,0,Low,0,Low,0,Low,0,Low,0,0.280275,0.595992,0.467495,0.0271198,0.1
2662,Baseline,5,Balanced,0,Low,0,Low,0,Low,0,Low,0,0.280275,0.595991,0.467495,0.0271183,0.1
2663,Baseline,5,Balanced,0,Low,0,Low,0,Low,0,Low,0,0.280275,0.59599,0.467494,0.0271175,0.1
2664,Baseline,5,Balanced,0,Low,0,Low,0,Low,0,Low,0,0.280275,0.59599,0.467494,0.0271229,0.1
2665,Baseline,5,Balanced,0,Low,0,Low,0,Low,0,Low,0,0.280275,0.59599,0.467494,0.0271213,0.1
2666,Baseline,5,Balanced,0,Low,0,Low,0,Low,0,Low,0,0.280275,0.59599,0.467494,0.0271221,0.1
2667,Baseline,5,Balanced,0,Low,0,Low,0,Low,0,Low,0,0.280274,0.595989,0.467494,0.027119,0.1
2668,Baseline,5,Balanced,0,Low,0,Low,0,Low,0,Low,0,0.280274,0.595989,0.467494,0.0271152,0.1
2669,Baseline,5,Balanced,0,Low,0,Low,0,Low,0,Low,0,0.280274,0.595988,0.467493,0.0271183,0.1
2670,Baseline,5,Balanced,0,Low,0,Low,0,Low,0,Low,0,0.280274,0.595988,0.467493,0.0271183,0.1
2671,Baseline,5,Balanced,0,Low,0,Low,0,Low,0,Low,0,0.280274,0.595988,0.467493,0.0271206,0.1
2672,Baseline,5,Balanced,0,Low,0,Low,0,Low,0,Low,0,0.280275,0.595989,0.467493,0.0271206,0.1
2673,Baseline,5,Balanced,0,Low,0,Low,0,Low,0,Low,0,0.280275,0.595988,0.467493,0.0271198,0.1
2674,Baseline,5,Balanced,0,Low,0,Low,0,Low,0,Low,0,0.280275,0.595988,0.467493,0.0271183,0.1
2675,Baseline,5,Balanced,0,Low,0,Low,0,Low,0,Low,0,0.280275,0.595987,0.467492,0.0271206,0.1
2676,Baseline,5,Balanced,0,Low,0,Low,0,Low,0,Low,0,0.280275,0.595987,0.467492,0.0271236,0.1
2677,Baseline,5,Balanced,0,Low,0,Low,0,Low,0,Low,0,0.280275,0.595987,0.467493,0.0271252,0.1
2678,Baseline,5,Balanced,0,Low,0,Low,0,Low,0,Low,0,0.280275,0.595987,0.467492,0.0271198,0.1
2679,Baseline,5,Balanced,0,Low,0,Low,0,Low,0,Low,0,0.280275,0.595987,0.467492,0.0271221,0.1
2680,Baseline,5,Balanced,0,Low,0,Low,0,Low,0,Low,0,0.280275,0.595987,0.467493,0.0271198,0.1
2681,Baseline,5,Balanced,0,Low,0,Low,0,Low,0,Low,0,0.280275,0.595988,0.467493,0.027119,0.1
2682,Baseline,5,Balanced,0,Low,0,Low,0,Low,0,Low,0,0.280275,0.595988,0.467493,0.0271206,0.1
2683,Baseline,5,Balanced,0,Low,0,Low,0,Low,0,Low,0,0.280276,0.595988,0.467493,0.027116,0.1
2684,Baseline,5,Balanced,0,Low,0,Low,0,Low,0,Low,0,0.280276,0.595989,0.467494,0.027116,0.1
2685,Baseline,5,Balanced,0,Low,0,Low,0,Low,0,Low,0,0.280276,0.595988,0.467493,0.0271175,0.1
2686,Baseline,5,Balanced,0,Low,0,Low,0,Low,0,Low,0,0.280275,0.595987,0.467492,0.0271183,0.1
2687,Baseline,5,Balanced,0,Low,0,Low,0,Low,0,Low,0,0.280275,0.595988,0.467493,0.0271213,0.1
2688,Baseline,5,Balanced,0,Low,0,Low,0,Low,0,Low,0,0.280275,0.595987,0.467492,0.0271183,0.1
2689,Baseline,5,Balanced,0,Low,0,Low,0,Low,0,Low,0,0.280275,0.595987,0.467492,0.0271206,0.1
2690,Baseline,5,Balanced,0,Low,0,Low,0,Low,0,Low,0,0.280276,0.595986,0.467492,0.0271213,0.1
2691,Baseline,5,Balanced,0,Low,0,Low,0,Low,0,Low,0,0.280275,0.595986,0.467491,0.0271213,0.1
2692,Baseline,5,Balanced,0,Low,0,Low,0,Low,0,Low,0,0.280276,0.595986,0.467492,0.0271229,0.1
2693,Baseline,5,Balanced,0,Low,0,Low,0,Low,0,Low,0,0.280276,0.595987,0.467492,0.0271206,0.1
2694,Baseline,5,Balanced,0,Low,0,Low,0,Low,0,Low,0,0.280276,0.595988,0.467493,0.0271213,0.1
2695,Baseline,5,Balanced,0,Low,0,Low,0,Low,0,Low,0,0.280276,0.59599,0.467494,0.0271198,0.1
2696,Baseline,5,Balanced,0,Low,0,Low,0,Low,0,Low,0,0.280276,0.59599,0.467494,0.0271206,0.1
2697,Baseline,5,Balanced,0,Low,0,Low,0,Low,0,Low,0,0.280276,0.59599,0.467494,0.0271213,0.1
2698,Baseline,5,Balanced,0,Low,0,Low,0,Low,0,Low,0,0.280276,0.595991,0.467495,0.027119,0.1
2699,Baseline,5,Balanced,0,Low,0,Low,0,Low,0,Low,0,0.280276,0.595991,0.467495,0.0271213,0.1
2700,Baseline,5,Balanced,0,Low,0,Low,0,Low,0,Low,0,0.280276,0.595991,0.467495,0.0271236,0.1
2701,Baseline,5,Balanced,0,Low,0,Low,0,Low,0,Low,0,0.280276,0.59599,0.467494,0.0271236,0.1
2702,Baseline,5,Balanced,0,Low,0,Low,0,Low,0,Low,0,0.280276,0.59599,0.467494,0.0271221,0.1
2703,Baseline,5,Balanced,0,Low,0,Low,0,Low,0,Low,0,0.280276,0.595989,0.467494,0.0271221,0.1
2704,Baseline,10,Balanced,0,Low,0,Low,0,Low,0,Low,0,0.280275,0.595989,0.467494,0.0271183,0.1
2705,Baseline,10,Balanced,0,Low,0,Low,0,Low,0,Low,0,0.280276,0.595989,0.467493,0.0271167,0.1
2706,Baseline,10,Balanced,0,Low,0,Low,0,Low,0,Low,0,0.280276,0.595989,0.467494,0.027119,0.1
2707,Baseline,10,Balanced,0,Low,0,Low,0,Low,0,Low,0,0.280276,0.59599,0.467494,0.0271137,0.1
2708,Baseline,10,Balanced,0,Low,0,Low,0,Low,0,Low,0,0.280275,0.595991,0.467495,0.0271144,0.1
2709,Baseline,10,Balanced,0,Low,0,Low,0,Low,0,Low,0,0.280275,0.595992,0.467495,0.027116,0.1
2710,Baseline,10,Balanced,0,Low,0,Low,0,Low,0,Low,0,0.280276,0.595992,0.467496,0.027116,0.1
2711,Baseline,10,Balanced,0,Low,0,Low,0,Low,0,Low,0,0.280276,0.595992,0.467496,0.0271175,0.1
2712,Baseline,10,Balanced,0,Low,0,Low,0,Low,0,Low,0,0.280275,0.595992,0.467495,0.027116,0.1
2713,Baseline,10,Balanced,0,Low,0,Low,0,Low,0,Low,0,0.280275,0.595993,0.467496,0.0271175,0.1
2714,Baseline,10,Balanced,0,Low,0,Low,0,Low,0,Low,0,0.280275,0.595991,0.467495,0.0271175,0.1
2715,Baseline,10,Balanced,0,Low,0,Low,0,Low,0,Low,0,0.280275,0.595991,0.467495,0.0271183,0.1
2716,Baseline,10,Balanced,0,Low,0,Low,0,Low,0,Low,0,0.280275,0.595991,0.467495,0.0271183,0.1
2717,Baseline,10,Balanced,0,Low,0,Low,0,Low,0,Low,0,0.280275,0.59599,0.467494,0.0271183,0.1
2718,Baseline,10,Balanced,0,Low,0,Low,0,Low,0,Low,0,0.280275,0.59599,0.467494,0.0271152,0.1
2719,Baseline,10,Balanced,0,Low,0,Low,0,Low,0,Low,0,0.280275,0.59599,0.467494,0.0271113,0.1
2720,Baseline,10,Balanced,0,Low,0,Low,0,Low,0,Low,0,0.280275,0.59599,0.467494,0.0271129,0.1
2721,Baseline,10,Balanced,0,Low,0,Low,0,Low,0,Low,0,0.280275,0.59599,0.467494,0.0271121,0.1
2722,Baseline,10,Balanced,0,Low,0,Low,0,Low,0,Low,0,0.280275,0.59599,0.467494,0.0271106,0.1
2723,Baseline,10,Balanced,0,Low,0,Low,0,Low,0,Low,0,0.280275,0.59599,0.467494,0.0271129,0.1
2724,Baseline,10,Balanced,0,Low,0,Low,0,Low,0,Low,0,0.280275,0.595991,0.467495,0.0271121,0.1
2725,Baseline,10,Balanced,0,Low,0,Low,0,Low,0,Low,0,0.280275,0.595991,0.467495,0.0271113,0.1
2726,Baseline,10,Balanced,0,Low,0,Low,0,Low,0,Low,0,0.280275,0.595991,0.467495,0.0271137,0.1
2727,Baseline,10,Balanced,0,Low,0,Low,0,Low,0,Low,0,0.280274,0.59599,0.467494,0.0271098,0.1
2728,Baseline,10,Balanced,0,Low,0,Low,0,Low,0,Low,0,0.280275,0.595989,0.467494,0.0271098,0.1
2729,Baseline,10,Balanced,0,Low,0,Low,0,Low,0,Low,0,0.280275,0.595989,0.467494,0.0271098,0.1
2730,Baseline,10,Balanced,0,Low,0,Low,0,Low,0,Low,0,0.280274,0.59599,0.467494,0.0271098,0.1
2731,Baseline,10,Balanced,0,Low,0,Low,0,Low,0,Low,0,0.280275,0.59599,0.467494,0.0271067,0.1
2732,Baseline,10,Balanced,0,Low,0,Low,0,Low,0,Low,0,0.280274,0.59599,0.467494,0.0271075,0.1
2733,Baseline,10,Balanced,0,Low,0,Low,0,Low,0,Low,0,0.280274,0.59599,0.467494,0.0271098,0.1
2734,Baseline,10,Balanced,0,Low,0,Low,0,Low,0,Low,0,0.280274,0.595989,0.467494,0.0271129,0.1
2735,Baseline,10,Balanced,0,Low,0,Low,0,Low,0,Low,0,0.280274,0.595988,0.467493,0.0271083,0.1
2736,Baseline,10,Balanced,0,Low,0,Low,0,Low,0,Low,0,0.280275,0.595988,0.467493,0.027106,0.1
2737,Baseline,10,Balanced,0,Low,0,Low,0,Low,0,Low,0,0.280275,0.595988,0.467493,0.0271098,0.1
2738,Baseline,10,Balanced,0,Low,0,Low,0,Low,0,Low,0,0.280275,0.595988,0.467493,0.0271106,0.1
2739,Baseline,10,Balanced,0,Low,0,Low,0,Low,0,Low,0,0.280275,0.595987,0.467492,0.0271083,0.1
2740,Baseline,10,Balanced,0,Low,0,Low,0,Low,0,Low,0,0.280274,0.595987,0.467492,0.0271067,0.1
2741,Baseline,10,Balanced,0,Low,0,Low,0,Low,0,Low,0,0.280275,0.595988,0.467493,0.0271044,0.1
2742,Baseline,10,Balanced,0,Low,0,Low,0,Low,0,Low,0,0.280275,0.595989,0.467494,0.0271044,0.1
2743,Baseline,10,Balanced,0,Low,0,Low,0,Low,0,Low,0,0.280275,0.595989,0.467494,0.0271067,0.1
2744,Baseline,10,Balanced,0,Low,0,Low,0,Low,0,Low,0,0.280275,0.595989,0.467493,0.027109,0.1
2745,Baseline,10,Balanced,0,Low,0,Low,0,Low,0,Low,0,0.280275,0.595988,0.467493,0.0271098,0.1
2746,Baseline,10,Balanced,0,Low,0,Low,0,Low,0,Low,0,0.280275,0.595989,0.467494,0.0271106,0.1
2747,Baseline,10,Balanced,0,Low,0,Low,0,Low,0,Low,0,0.280275,0.595989,0.467493,0.0271075,0.1
2748,Baseline,10,Balanced,0,Low,0,Low,0,Low,0,Low,0,0.280275,0.595988,0.467493,0.0271098,0.1
2749,Baseline,10,Balanced,0,Low,0,Low,0,Low,0,Low,0,0.280275,0.595988,0.467493,0.0271067,0.1
2750,Baseline,10,Balanced,0,Low,0,Low,0,Low,0,Low,0,0.280275,0.595989,0.467493,0.0271098,0.1
2751,Baseline,10,Balanced,0,Low,0,Low,0,Low,0,Low,0,0.280275,0.59599,0.467494,0.027106,0.1
2752,Baseline,10,Balanced,0,Low,0,Low,0,Low,0,Low,0,0.280275,0.59599,0.467494,0.0271044,0.1
2753,Baseline,10,Balanced,0,Low,0,Low,0,Low,0,Low,0,0.280275,0.59599,0.467494,0.0271044,0.1
2754,Baseline,10,Balanced,0,Low,0,Low,0,Low,0,Low,0,0.280275,0.595991,0.467495,0.0271044,0.1
2755,Baseline,10,Balanced,0,Low,0,Low,0,Low,0,Low,0,0.280275,0.59599,0.467494,0.0271021,0.1
2756,Baseline,10,Balanced,0,Low,0,Low,0,Low,0,Low,0,0.280275,0.595991,0.467495,0.0271029,0.1
2757,Baseline,10,Balanced,0,Low,0,Low,0,Low,0,Low,0,0.280275,0.595991,0.467495,0.027106,0.1
2758,Baseline,10,Balanced,0,Low,0,Low,0,Low,0,Low,0,0.280276,0.595991,0.467495,0.0271044,0.1
2759,Baseline,10,Balanced,0,Low,0,Low,0,Low,0,Low,0,0.280276,0.595991,0.467495,0.0271083,0.1
2760,Baseline,10,Balanced,0,Low,0,Low,0,Low,0,Low,0,0.280276,0.595991,0.467495,0.0271067,0.1
2761,Baseline,10,Balanced,0,Low,0,Low,0,Low,0,Low,0,0.280276,0.59599,0.467494,0.0271106,0.1
2762,Baseline,10,Balanced,0,Low,0,Low,0,Low,0,Low,0,0.280276,0.59599,0.467494,0.0271075,0.1
2763,Baseline,10,Balanced,0,Low,0,Low,0,Low,0,Low,0,0.280276,0.59599,0.467494,0.0271121,0.1
2764,Baseline,10,Balanced,0,Low,0,Low,0,Low,0,Low,0,0.280276,0.59599,0.467494,0.0271113,0.1
2765,Baseline,10,Balanced,0,Low,0,Low,0,Low,0,Low,0,0.280276,0.595989,0.467494,0.0271075,0.1
2766,Baseline,10,Balanced,0,Low,0,Low,0,Low,0,Low,0,0.280277,0.595989,0.467494,0.0271137,0.1
2767,Baseline,10,Balanced,0,Low,0,Low,0,Low,0,Low,0,0.280277,0.595989,0.467493,0.0271106,0.1
2768,Baseline,10,Balanced,0,Low,0,Low,0,Low,0,Low,0,0.280276,0.595987,0.467493,0.0271098,0.1
2769,Baseline,10,Balanced,0,Low,0,Low,0,Low,0,Low,0,0.280276,0.595988,0.467493,0.027109,0.1
2770,Baseline,10,Balanced,0,Low,0,Low,0,Low,0,Low,0,0.280276,0.595988,0.467493,0.0271144,0.1
2771,Baseline,10,Balanced,0,Low,0,Low,0,Low,0,Low,0,0.280276,0.595988,0.467493,0.027116,0.1
2772,Baseline,10,Balanced,0,Low,0,Low,0,Low,0,Low,0,0.280276,0.595988,0.467493,0.0271113,0.1
2773,Baseline,10,Balanced,0,Low,0,Low,0,Low,0,Low,0,0.280276,0.595987,0.467492,0.0271144,0.1
2774,Baseline,10,Balanced,0,Low,0,Low,0,Low,0,Low,0,0.280276,0.595987,0.467492,0.027119,0.1
2775,Baseline,10,Balanced,0,Low,0,Low,0,Low,0,Low,0,0.280276,0.595987,0.467492,0.0271213,0.1
2776,Baseline,10,Balanced,0,Low,0,Low,0,Low,0,Low,0,0.280275,0.595986,0.467492,0.0271198,0.1
2777,Baseline,10,Balanced,0,Low,0,Low,0,Low,0,Low,0,0.280275,0.595986,0.467492,0.027119,0.1
2778,Baseline,10,Balanced,0,Low,0,Low,0,Low,0,Low,0,0.280275,0.595986,0.467492,0.027116,0.1
2779,Baseline,10,Balanced,0,Low,0,Low,0,Low,0,Low,0,0.280275,0.595987,0.467492,0.0271206,0.1
2780,Baseline,10,Balanced,0,Low,0,Low,0,Low,0,Low,0,0.280275,0.595985,0.467491,0.0271221,0.1
2781,Baseline,10,Balanced,0,Low,0,Low,0,Low,0,Low,0,0.280276,0.595986,0.467492,0.0271213,0.1
2782,Baseline,10,Balanced,0,Low,0,Low,0,Low,0,Low,0,0.280275,0.595986,0.467492,0.0271213,0.1
2783,Baseline,10,Balanced,0,Low,0,Low,0,Low,0,Low,0,0.280275,0.595987,0.467492,0.0271206,0.1
2784,Baseline,10,Balanced,0,Low,0,Low,0,Low,0,Low,0,0.280276,0.595987,0.467492,0.0271206,0.1
2785,Baseline,10,Balanced,0,Low,0,Low,0,Low,0,Low,0,0.280276,0.595987,0.467492,0.027119,0.1
2786,Baseline,10,Balanced,0,Low,0,Low,0,Low,0,Low,0,0.280276,0.595987,0.467492,0.027119,0.1
2787,Baseline,10,Balanced,0,Low,0,Low,0,Low,0,Low,0,0.280275,0.595986,0.467492,0.0271198,0.1
2788,Baseline,10,Balanced,0,Low,0,Low,0,Low,0,Low,0,0.280275,0.595986,0.467492,0.0271198,0.1
2789,Baseline,10,Balanced,0,Low,0,Low,0,Low,0,Low,0,0.280276,0.595986,0.467492,0.0271213,0.1
2790,Baseline,10,Balanced,0,Low,0,Low,0,Low,0,Low,0,0.280275,0.595986,0.467492,0.0271167,0.1
2791,Baseline,10,Balanced,0,Low,0,Low,0,Low,0,Low,0,0.280275,0.595986,0.467491,0.0271137,0.1
2792,Baseline,10,Balanced,0,Low,0,Low,0,Low,0,Low,0,0.280275,0.595985,0.467491,0.027116,0.1
2793,Baseline,10,Balanced,0,Low,0,Low,0,Low,0,Low,0,0.280276,0.595985,0.467491,0.0271206,0.1
2794,Baseline,10,Balanced,0,Low,0,Low,0,Low,0,Low,0,0.280276,0.595985,0.467491,0.0271183,0.1
2795,Baseline,10,Balanced,0,Low,0,Low,0,Low,0,Low,0,0.280276,0.595986,0.467492,0.0271183,0.1
2796,Baseline,10,Balanced,0,Low,0,Low,0,Low,0,Low,0,0.280276,0.595986,0.467492,0.0271183,0.1
2797,Baseline,10,Balanced,0,Low,0,Low,0,Low,0,Low,0,0.280276,0.595986,0.467492,0.0271167,0.1
2798,Baseline,10,Balanced,0,Low,0,Low,0,Low,0,Low,0,0.280276,0.595986,0.467492,0.0271183,0.1
2799,Baseline,10,Balanced,0,Low,0,Low,0,Low,0,Low,0,0.280277,0.595985,0.467491,0.0271152,0.1
2800,Baseline,10,Balanced,0,Low,0,Low,0,Low,0,Low,0,0.280277,0.595985,0.467491,0.027119,0.1
2801,Baseline,10,Balanced,0,Low,0,Low,0,Low,0,Low,0,0.280277,0.595985,0.467491,0.0271175,0.1
2802,Baseline,10,Balanced,0,Low,0,Low,0,Low,0,Low,0,0.280277,0.595985,0.467491,0.0271175,0.1
2803,Baseline,10,Balanced,0,Low,0,Low,0,Low,0,Low,0,0.280277,0.595985,0.467491,0.027116,0.1
2804,Baseline,10,Balanced,0,Low,0,Low,0,Low,0,Low,0,0.280277,0.595984,0.467491,0.0271167,0.1
2805,Baseline,10,Balanced,0,Low,0,Low,0,Low,0,Low,0,0.280277,0.595984,0.467491,0.0271152,0.1
2806,Baseline,10,Balanced,0,Low,0,Low,0,Low,0,Low,0,0.280277,0.595985,0.467491,0.0271137,0.1
2807,Baseline,10,Balanced,0,Low,0,Low,0,Low,0,Low,0,0.280277,0.595986,0.467492,0.0271121,0.1
2808,Baseline,10,Balanced,0,Low,0,Low,0,Low,0,Low,0,0.280277,0.595985,0.467491,0.0271113,0.1
2809,Baseline,10,Balanced,0,Low,0,Low,0,Low,0,Low,0,0.280277,0.595985,0.467491,0.0271113,0.1
2810,Baseline,10,Balanced,0,Low,0,Low,0,Low,0,Low,0,0.280277,0.595984,0.46749,0.0271121,0.1
2811,Baseline,10,Balanced,0,Low,0,Low,0,Low,0,Low,0,0.280277,0.595985,0.467491,0.0271121,0.1
2812,Baseline,10,Balanced,0,Low,0,Low,0,Low,0,Low,0,0.280276,0.595985,0.467491,0.0271113,0.1
2813,Baseline,10,Balanced,0,Low,0,Low,0,Low,0,Low,0,0.280277,0.595984,0.467491,0.0271121,0.1
2814,Baseline,10,Balanced,0,Low,0,Low,0,Low,0,Low,0,0.280277,0.595985,0.467491,0.0271129,0.1
2815,Baseline,10,Balanced,0,Low,0,Low,0,Low,0,Low,0,0.280277,0.595985,0.467491,0.0271137,0.1
2816,Baseline,10,Balanced,0,Low,0,Low,0,Low,0,Low,0,0.280277,0.595985,0.467491,0.0271098,0.1
2817,Baseline,10,Balanced,0,Low,0,Low,0,Low,0,Low,0,0.280277,0.595985,0.467491,0.0271113,0.1
2818,Baseline,10,Balanced,0,Low,0,Low,0,Low,0,Low,0,0.280277,0.595985,0.467491,0.0271137,0.1
2819,Baseline,10,Balanced,0,Low,0,Low,0,Low,0,Low,0,0.280277,0.595986,0.467492,0.027116,0.1
2820,Baseline,10,Balanced,0,Low,0,Low,0,Low,0,Low,0,0.280277,0.595986,0.467492,0.0271152,0.1
2821,Baseline,10,Balanced,0,Low,0,Low,0,Low,0,Low,0,0.280277,0.595985,0.467491,0.0271152,0.1
2822,Baseline,10,Balanced,0,Low,0,Low,0,Low,0,Low,0,0.280277,0.595985,0.467491,0.0271129,0.1
2823,Baseline,10,Balanced,0,Low,0,Low,0,Low,0,Low,0,0.280278,0.595985,0.467491,0.0271106,0.1
2824,Baseline,10,Balanced,0,Low,0,Low,0,Low,0,Low,0,0.280277,0.595985,0.467491,0.0271098,0.1
2825,Baseline,10,Balanced,0,Low,0,Low,0,Low,0,Low,0,0.280277,0.595985,0.467491,0.0271075,0.1
2826,Baseline,10,Balanced,0,Low,0,Low,0,Low,0,Low,0,0.280277,0.595984,0.46749,0.0271098,0.1
2827,Baseline,10,Balanced,0,Low,0,Low,0,Low,0,Low,0,0.280276,0.595984,0.46749,0.027109,0.1
2828,Baseline,10,Balanced,0,Low,0,Low,0,Low,0,Low,0,0.280276,0.595984,0.467491,0.0271113,0.1
2829,Baseline,10,Balanced,0,Low,0,Low,0,Low,0,Low,0,0.280276,0.595985,0.467491,0.0271098,0.1
2830,Baseline,10,Balanced,0,Low,0,Low,0,Low,0,Low,0,0.280276,0.595985,0.467491,0.0271098,0.1
2831,Baseline,10,Balanced,0,Low,0,Low,0,Low,0,Low,0,0.280276,0.595985,0.467491,0.0271083,0.1
2832,Baseline,10,Balanced,0,Low,0,Low,0,Low,0,Low,0,0.280276,0.595985,0.467491,0.0271067,0.1
2833,Baseline,10,Balanced,0,Low,0,Low,0,Low,0,Low,0,0.280276,0.595986,0.467492,0.027109,0.1
2834,Baseline,10,Balanced,0,Low,0,Low,0,Low,0,Low,0,0.280276,0.595985,0.467491,0.0271067,0.1
2835,Baseline,10,Balanced,0,Low,0,Low,0,Low,0,Low,0,0.280275,0.595985,0.467491,0.027106,0.1
2836,Baseline,10,Balanced,0,Low,0,Low,0,Low,0,Low,0,0.280275,0.595985,0.467491,0.0271067,0.1
2837,Baseline,10,Balanced,0,Low,0,Low,0,Low,0,Low,0,0.280275,0.595985,0.467491,0.0271067,0.1
2838,Baseline,10,Balanced,0,Low,0,Low,0,Low,0,Low,0,0.280275,0.595985,0.467491,0.0271044,0.1
2839,Baseline,10,Balanced,0,Low,0,Low,0,Low,0,Low,0,0.280276,0.595985,0.467491,0.0271052,0.1
2840,Baseline,10,Balanced,0,Low,0,Low,0,Low,0,Low,0,0.280276,0.595985,0.467491,0.0271083,0.1
2841,Baseline,10,Balanced,0,Low,0,Low,0,Low,0,Low,0,0.280275,0.595984,0.467491,0.0271129,0.1
2842,Baseline,10,Balanced,0,Low,0,Low,0,Low,0,Low,0,0.280276,0.595985,0.467491,0.0271106,0.1
2843,Baseline,10,Balanced,0,Low,0,Low,0,Low,0,Low,0,0.280276,0.595985,0.467491,0.0271106,0.1
2844,Baseline,10,Balanced,0,Low,0,Low,0,Low,0,Low,0,0.280276,0.595985,0.467491,0.0271067,0.1
2845,Baseline,10,Balanced,0,Low,0,Low,0,Low,0,Low,0,0.280275,0.595985,0.467491,0.0271067,0.1
2846,Baseline,10,Balanced,0,Low,0,Low,0,Low,0,Low,0,0.280275,0.595984,0.46749,0.0271075,0.1
2847,Baseline,10,Balanced,0,Low,0,Low,0,Low,0,Low,0,0.280275,0.595983,0.46749,0.0271075,0.1
2848,Baseline,10,Balanced,0,Low,0,Low,0,Low,0,Low,0,0.280275,0.595983,0.46749,0.0271121,0.1
2849,Baseline,10,Balanced,0,Low,0,Low,0,Low,0,Low,0,0.280275,0.595983,0.46749,0.027109,0.1
2850,Baseline,10,Balanced,0,Low,0,Low,0,Low,0,Low,0,0.280274,0.595982,0.46749,0.0271113,0.1
2851,Baseline,10,Balanced,0,Low,0,Low,0,Low,0,Low,0,0.280274,0.595982,0.467489,0.0271067,0.1
2852,Baseline,10,Balanced,0,Low,0,Low,0,Low,0,Low,0,0.280274,0.595982,0.467489,0.0271098,0.1
2853,Baseline,10,Balanced,0,Low,0,Low,0,Low,0,Low,0,0.280275,0.595984,0.46749,0.0271098,0.1
2854,Baseline,10,Balanced,0,Low,0,Low,0,Low,0,Low,0,0.280275,0.595984,0.467491,0.0271121,0.1
2855,Baseline,10,Balanced,0,Low,0,Low,0,Low,0,Low,0,0.280275,0.595984,0.467491,0.0271113,0.1
2856,Baseline,10,Balanced,0,Low,0,Low,0,Low,0,Low,0,0.280275,0.595984,0.46749,0.0271137,0.1
2857,Baseline,10,Balanced,0,Low,0,Low,0,Low,0,Low,0,0.280275,0.595984,0.46749,0.0271113,0.1
2858,Baseline,10,Balanced,0,Low,0,Low,0,Low,0,Low,0,0.280275,0.595983,0.46749,0.0271121,0.1
2859,Baseline,10,Balanced,0,Low,0,Low,0,Low,0,Low,0,0.280276,0.595984,0.46749,0.0271106,0.1
2860,Baseline,10,Balanced,0,Low,0,Low,0,Low,0,Low,0,0.280276,0.595985,0.467491,0.0271067,0.1
2861,Baseline,10,Balanced,0,Low,0,Low,0,Low,0,Low,0,0.280276,0.595984,0.46749,0.0271106,0.1
2862,Baseline,10,Balanced,0,Low,0,Low,0,Low,0,Low,0,0.280276,0.595984,0.46749,0.0271113,0.1
2863,Baseline,10,Balanced,0,Low,0,Low,0,Low,0,Low,0,0.280275,0.595983,0.46749,0.0271098,0.1
2864,Baseline,10,Balanced,0,Low,0,Low,0,Low,0,Low,0,0.280275,0.595983,0.46749,0.0271106,0.1
2865,Baseline,10,Balanced,0,Low,0,Low,0,Low,0,Low,0,0.280275,0.595983,0.46749,0.0271098,0.1
2866,Baseline,10,Balanced,0,Low,0,Low,0,Low,0,Low,0,0.280275,0.595982,0.467489,0.0271083,0.1
2867,Baseline,10,Balanced,0,Low,0,Low,0,Low,0,Low,0,0.280275,0.595984,0.46749,0.0271106,0.1
2868,Baseline,10,Balanced,0,Low,0,Low,0,Low,0,Low,0,0.280275,0.595982,0.46749,0.027109,0.1
2869,Baseline,10,Balanced,0,Low,0,Low,0,Low,0,Low,0,0.280275,0.595983,0.46749,0.0271129,0.1
2870,Baseline,10,Balanced,0,Low,0,Low,0,Low,0,Low,0,0.280275,0.595984,0.46749,0.027116,0.1
2871,Baseline,10,Balanced,0,Low,0,Low,0,Low,0,Low,0,0.280275,0.595984,0.467491,0.0271167,0.1
2872,Baseline,10,Balanced,0,Low,0,Low,0,Low,0,Low,0,0.280275,0.595984,0.467491,0.027116,0.1
2873,Baseline,10,Balanced,0,Low,0,Low,0,Low,0,Low,0,0.280275,0.595983,0.46749,0.0271113,0.1
2874,Baseline,10,Balanced,0,Low,0,Low,0,Low,0,Low,0,0.280275,0.595983,0.46749,0.0271121,0.1
2875,Baseline,10,Balanced,0,Low,0,Low,0,Low,0,Low,0,0.280275,0.595983,0.46749,0.0271121,0.1
2876,Baseline,10,Balanced,0,Low,0,Low,0,Low,0,Low,0,0.280275,0.595983,0.46749,0.0271121,0.1
2877,Baseline,10,Balanced,0,Low,0,Low,0,Low,0,Low,0,0.280275,0.595983,0.46749,0.0271113,0.1
2878,Baseline,10,Balanced,0,Low,0,Low,0,Low,0,Low,0,0.280275,0.595983,0.46749,0.0271152,0.1
2879,Baseline,10,Balanced,0,Low,0,Low,0,Low,0,Low,0,0.280276,0.595984,0.467491,0.027116,0.1
2880,Baseline,10,Balanced,0,Low,0,Low,0,Low,0,Low,0,0.280276,0.595983,0.46749,0.0271175,0.1
2881,Baseline,10,Balanced,0,Low,0,Low,0,Low,0,Low,0,0.280276,0.595983,0.46749,0.027116,0.1
2882,Baseline,10,Balanced,0,Low,0,Low,0,Low,0,Low,0,0.280276,0.595983,0.46749,0.0271121,0.1
2883,Baseline,10,Balanced,0,Low,0,Low,0,Low,0,Low,0,0.280276,0.595983,0.46749,0.0271167,0.1
2884,Baseline,10,Balanced,0,Low,0,Low,0,Low,0,Low,0,0.280276,0.595983,0.46749,0.0271175,0.1
2885,Baseline,10,Balanced,0,Low,0,Low,0,Low,0,Low,0,0.280276,0.595982,0.467489,0.0271175,0.1
2886,Baseline,10,Balanced,0,Low,0,Low,0,Low,0,Low,0,0.280276,0.595982,0.467489,0.0271167,0.1
2887,Baseline,10,Balanced,0,Low,0,Low,0,Low,0,Low,0,0.280276,0.595981,0.467489,0.0271113,0.1
2888,Baseline,10,Balanced,0,Low,0,Low,0,Low,0,Low,0,0.280276,0.595982,0.467489,0.0271113,0.1
2889,Baseline,10,Balanced,0,Low,0,Low,0,Low,0,Low,0,0.280276,0.595982,0.467489,0.0271098,0.1
2890,Baseline,10,Balanced,0,Low,0,Low,0,Low,0,Low,0,0.280276,0.595983,0.46749,0.0271098,0.1
2891,Baseline,10,Balanced,0,Low,0,Low,0,Low,0,Low,0,0.280276,0.595982,0.467489,0.0271121,0.1
2892,Baseline,10,Balanced,0,Low,0,Low,0,Low,0,Low,0,0.280276,0.595982,0.467489,0.0271121,0.1
2893,Baseline,10,Balanced,0,Low,0,Low,0,Low,0,Low,0,0.280276,0.595982,0.467489,0.0271152,0.1
2894,Baseline,10,Balanced,0,Low,0,Low,0,Low,0,Low,0,0.280275,0.595983,0.46749,0.0271152,0.1
2895,Baseline,10,Balanced,0,Low,0,Low,0,Low,0,Low,0,0.280275,0.595981,0.467489,0.0271137,0.1
2896,Baseline,10,Balanced,0,Low,0,Low,0,Low,0,Low,0,0.280275,0.595982,0.467489,0.0271106,0.1
2897,Baseline,10,Balanced,0,Low,0,Low,0,Low,0,Low,0,0.280276,0.595983,0.46749,0.0271098,0.1
2898,Baseline,10,Balanced,0,Low,0,Low,0,Low,0,Low,0,0.280276,0.595982,0.467489,0.0271098,0.1
2899,Baseline,10,Balanced,0,Low,0,Low,0,Low,0,Low,0,0.280276,0.595981,0.467489,0.027109,0.1
2900,Baseline,10,Balanced,0,Low,0,Low,0,Low,0,Low,0,0.280275,0.59598,0.467488,0.0271083,0.1
2901,Baseline,10,Balanced,0,Low,0,Low,0,Low,0,Low,0,0.280275,0.59598,0.467488,0.027109,0.1
2902,Baseline,10,Balanced,0,Low,0,Low,0,Low,0,Low,0,0.280275,0.595981,0.467488,0.0271098,0.1
2903,Baseline,10,Balanced,0,Low,0,Low,0,Low,0,Low,0,0.280275,0.595981,0.467488,0.0271129,0.1
2904,Baseline,10,Balanced,0,Low,0,Low,0,Low,0,Low,0,0.280275,0.595981,0.467489,0.0271106,0.1
2905,Baseline,10,Balanced,0,Low,0,Low,0,Low,0,Low,0,0.280275,0.595982,0.467489,0.0271098,0.1
2906,Baseline,10,Balanced,0,Low,0,Low,0,Low,0,Low,0,0.280275,0.595981,0.467489,0.027109,0.1
2907,Baseline,10,Balanced,0,Low,0,Low,0,Low,0,Low,0,0.280276,0.595982,0.467489,0.0271106,0.1
2908,Baseline,10,Balanced,0,Low,0,Low,0,Low,0,Low,0,0.280276,0.595982,0.467489,0.0271121,0.1
2909,Baseline,10,Balanced,0,Low,0,Low,0,Low,0,Low,0,0.280276,0.595982,0.467489,0.0271106,0.1
2910,Baseline,10,Balanced,0,Low,0,Low,0,Low,0,Low,0,0.280275,0.595982,0.467489,0.0271106,0.1
2911,Baseline,10,Balanced,0,Low,0,Low,0,Low,0,Low,0,0.280275,0.595981,0.467489,0.027109,0.1
2912,Baseline,10,Balanced,0,Low,0,Low,0,Low,0,Low,0,0.280275,0.595982,0.467489,0.0271098,0.1
2913,Baseline,10,Balanced,0,Low,0,Low,0,Low,0,Low,0,0.280275,0.595983,0.46749,0.0271106,0.1
2914,Baseline,10,Balanced,0,Low,0,Low,0,Low,0,Low,0,0.280275,0.595982,0.467489,0.0271075,0.1
2915,Baseline,10,Balanced,0,Low,0,Low,0,Low,0,Low,0,0.280275,0.595982,0.467489,0.0271083,0.1
2916,Baseline,10,Balanced,0,Low,0,Low,0,Low,0,Low,0,0.280274,0.595982,0.467489,0.0271113,0.1
2917,Baseline,10,Balanced,0,Low,0,Low,0,Low,0,Low,0,0.280274,0.595982,0.467489,0.0271098,0.1
2918,Baseline,10,Balanced,0,Low,0,Low,0,Low,0,Low,0,0.280274,0.595982,0.467489,0.0271113,0.1
2919,Baseline,10,Balanced,0,Low,0,Low,0,Low,0,Low,0,0.280275,0.595982,0.467489,0.0271137,0.1
2920,Baseline,10,Balanced,0,Low,0,Low,0,Low,0,Low,0,0.280274,0.595982,0.467489,0.0271106,0.1
2921,Baseline,10,Balanced,0,Low,0,Low,0,Low,0,Low,0,0.280274,0.595981,0.467489,0.0271113,0.1
2922,Baseline,10,Balanced,0,Low,0,Low,0,Low,0,Low,0,0.280274,0.595981,0.467489,0.0271106,0.1
2923,Baseline,10,Balanced,0,Low,0,Low,0,Low,0,Low,0,0.280274,0.595981,0.467488,0.0271098,0.1
2924,Baseline,10,Balanced,0,Low,0,Low,0,Low,0,Low,0,0.280274,0.595981,0.467488,0.0271083,0.1
2925,Baseline,10,Balanced,0,Low,0,Low,0,Low,0,Low,0,0.280274,0.59598,0.467488,0.0271098,0.1
2926,Baseline,10,Balanced,0,Low,0,Low,0,Low,0,Low,0,0.280274,0.59598,0.467488,0.0271137,0.1
2927,Baseline,10,Balanced,0,Low,0,Low,0,Low,0,Low,0,0.280274,0.59598,0.467488,0.0271121,0.1
2928,Baseline,10,Balanced,0,Low,0,Low,0,Low,0,Low,0,0.280274,0.59598,0.467488,0.0271137,0.1
2929,Baseline,10,Balanced,0,Low,0,Low,0,Low,0,Low,0,0.280274,0.595978,0.467487,0.0271137,0.1
2930,Baseline,10,Balanced,0,Low,0,Low,0,Low,0,Low,0,0.280274,0.595979,0.467487,0.0271152,0.1
2931,Baseline,10,Balanced,0,Low,0,Low,0,Low,0,Low,0,0.280274,0.595978,0.467487,0.027116,0.1
2932,Baseline,10,Balanced,0,Low,0,Low,0,Low,0,Low,0,0.280274,0.595979,0.467487,0.0271175,0.1
2933,Baseline,10,Balanced,0,Low,0,Low,0,Low,0,Low,0,0.280274,0.595979,0.467487,0.0271167,0.1
2934,Baseline,10,Balanced,0,Low,0,Low,0,Low,0,Low,0,0.280274,0.595978,0.467487,0.0271175,0.1
2935,Baseline,10,Balanced,0,Low,0,Low,0,Low,0,Low,0,0.280275,0.595979,0.467487,0.0271198,0.1
2936,Baseline,10,Balanced,0,Low,0,Low,0,Low,0,Low,0,0.280274,0.595979,0.467487,0.0271167,0.1
2937,Baseline,10,Balanced,0,Low,0,Low,0,Low,0,Low,0,0.280274,0.595979,0.467487,0.0271121,0.1
2938,Baseline,10,Balanced,0,Low,0,Low,0,Low,0,Low,0,0.280275,0.59598,0.467488,0.0271098,0.1
2939,Baseline,10,Balanced,0,Low,0,Low,0,Low,0,Low,0,0.280275,0.59598,0.467488,0.0271144,0.1
2940,Baseline,10,Balanced,0,Low,0,Low,0,Low,0,Low,0,0.280274,0.59598,0.467488,0.0271129,0.1
2941,Baseline,10,Balanced,0,Low,0,Low,0,Low,0,Low,0,0.280274,0.59598,0.467488,0.0271113,0.1
2942,Baseline,10,Balanced,0,Low,0,Low,0,Low,0,Low,0,0.280275,0.59598,0.467488,0.0271129,0.1
2943,Baseline,10,Balanced,0,Low,0,Low,0,Low,0,Low,0,0.280275,0.595979,0.467488,0.0271129,0.1
2944,Baseline,10,Balanced,0,Low,0,Low,0,Low,0,Low,0,0.280275,0.59598,0.467488,0.0271137,0.1
2945,Baseline,10,Balanced,0,Low,0,Low,0,Low,0,Low,0,0.280275,0.595981,0.467488,0.0271113,0.1
2946,Baseline,10,Balanced,0,Low,0,Low,0,Low,0,Low,0,0.280275,0.595981,0.467488,0.0271121,0.1
2947,Baseline,10,Balanced,0,Low,0,Low,0,Low,0,Low,0,0.280275,0.595982,0.467489,0.0271137,0.1
2948,Baseline,10,Balanced,0,Low,0,Low,0,Low,0,Low,0,0.280275,0.595982,0.467489,0.0271113,0.1
2949,Baseline,10,Balanced,0,Low,0,Low,0,Low,0,Low,0,0.280275,0.595982,0.467489,0.0271113,0.1
2950,Baseline,10,Balanced,0,Low,0,Low,0,Low,0,Low,0,0.280275,0.595982,0.467489,0.0271167,0.1
2951,Baseline,10,Balanced,0,Low,0,Low,0,Low,0,Low,0,0.280275,0.595982,0.467489,0.0271137,0.1
2952,Baseline,10,Balanced,0,Low,0,Low,0,Low,0,Low,0,0.280275,0.595982,0.467489,0.0271129,0.1
2953,Baseline,10,Balanced,0,Low,0,Low,0,Low,0,Low,0,0.280275,0.595981,0.467488,0.0271144,0.1
2954,Baseline,10,Balanced,0,Low,0,Low,0,Low,0,Low,0,0.280275,0.59598,0.467488,0.0271175,0.1
2955,Baseline,10,Balanced,0,Low,0,Low,0,Low,0,Low,0,0.280275,0.595979,0.467488,0.0271106,0.1
2956,Baseline,10,Balanced,0,Low,0,Low,0,Low,0,Low,0,0.280275,0.595981,0.467488,0.0271106,0.1
2957,Baseline,10,Balanced,0,Low,0,Low,0,Low,0,Low,0,0.280275,0.595981,0.467489,0.0271083,0.1
2958,Baseline,10,Balanced,0,Low,0,Low,0,Low,0,Low,0,0.280275,0.595981,0.467489,0.0271098,0.1
2959,Baseline,10,Balanced,0,Low,0,Low,0,Low,0,Low,0,0.280275,0.595981,0.467489,0.027109,0.1
2960,Baseline,10,Balanced,0,Low,0,Low,0,Low,0,Low,0,0.280275,0.595982,0.467489,0.0271083,0.1
2961,Baseline,10,Balanced,0,Low,0,Low,0,Low,0,Low,0,0.280275,0.595981,0.467488,0.0271083,0.1
2962,Baseline,10,Balanced,0,Low,0,Low,0,Low,0,Low,0,0.280275,0.595981,0.467488,0.0271075,0.1
2963,Baseline,10,Balanced,0,Low,0,Low,0,Low,0,Low,0,0.280276,0.595981,0.467489,0.0271098,0.1
2964,Baseline,10,Balanced,0,Low,0,Low,0,Low,0,Low,0,0.280276,0.595981,0.467489,0.0271106,0.1
2965,Baseline,10,Balanced,0,Low,0,Low,0,Low,0,Low,0,0.280276,0.595982,0.467489,0.0271075,0.1
2966,Baseline,10,Balanced,0,Low,0,Low,0,Low,0,Low,0,0.280276,0.595982,0.467489,0.027109,0.1
2967,Baseline,10,Balanced,0,Low,0,Low,0,Low,0,Low,0,0.280277,0.595982,0.467489,0.027109,0.1
2968,Baseline,10,Balanced,0,Low,0,Low,0,Low,0,Low,0,0.280277,0.595982,0.467489,0.027109,0.1
2969,Baseline,10,Balanced,0,Low,0,Low,0,Low,0,Low,0,0.280277,0.595982,0.467489,0.0271075,0.1
2970,Baseline,10,Balanced,0,Low,0,Low,0,Low,0,Low,0,0.280277,0.595982,0.467489,0.0271067,0.1
2971,Baseline,10,Balanced,0,Low,0,Low,0,Low,0,Low,0,0.280277,0.595981,0.467489,0.0271067,0.1
2972,Baseline,10,Balanced,0,Low,0,Low,0,Low,0,Low,0,0.280277,0.595982,0.467489,0.0271075,0.1
2973,Baseline,10,Balanced,0,Low,0,Low,0,Low,0,Low,0,0.280277,0.595982,0.467489,0.0271083,0.1
2974,Baseline,10,Balanced,0,Low,0,Low,0,Low,0,Low,0,0.280276,0.595982,0.467489,0.0271098,0.1
2975,Baseline,10,Balanced,0,Low,0,Low,0,Low,0,Low,0,0.280276,0.595981,0.467489,0.0271113,0.1
2976,Baseline,10,Balanced,0,Low,0,Low,0,Low,0,Low,0,0.280277,0.595981,0.467489,0.0271098,0.1
2977,Baseline,10,Balanced,0,Low,0,Low,0,Low,0,Low,0,0.280276,0.595981,0.467488,0.0271098,0.1
2978,Baseline,10,Balanced,0,Low,0,Low,0,Low,0,Low,0,0.280277,0.59598,0.467488,0.0271121,0.1
2979,Baseline,10,Balanced,0,Low,0,Low,0,Low,0,Low,0,0.280277,0.595981,0.467488,0.0271106,0.1
2980,Baseline,10,Balanced,0,Low,0,Low,0,Low,0,Low,0,0.280277,0.595982,0.467489,0.0271137,0.1
2981,Baseline,10,Balanced,0,Low,0,Low,0,Low,0,Low,0,0.280277,0.595982,0.467489,0.0271152,0.1
2982,Baseline,10,Balanced,0,Low,0,Low,0,Low,0,Low,0,0.280277,0.595981,0.467489,0.0271129,0.1
2983,Baseline,10,Balanced,0,Low,0,Low,0,Low,0,Low,0,0.280277,0.595982,0.467489,0.0271129,0.1
2984,Baseline,10,Balanced,0,Low,0,Low,0,Low,0,Low,0,0.280277,0.595981,0.467489,0.0271137,0.1
2985,Baseline,10,Balanced,0,Low,0,Low,0,Low,0,Low,0,0.280277,0.595983,0.46749,0.0271137,0.1
2986,Baseline,10,Balanced,0,Low,0,Low,0,Low,0,Low,0,0.280277,0.595983,0.46749,0.0271144,0.1
2987,Baseline,10,Balanced,0,Low,0,Low,0,Low,0,Low,0,0.280277,0.595982,0.467489,0.0271129,0.1
2988,Baseline,10,Balanced,0,Low,0,Low,0,Low,0,Low,0,0.280277,0.595982,0.467489,0.0271121,0.1
2989,Baseline,10,Balanced,0,Low,0,Low,0,Low,0,Low,0,0.280277,0.595981,0.467489,0.0271106,0.1
2990,Baseline,10,Balanced,0,Low,0,Low,0,Low,0,Low,0,0.280277,0.59598,0.467488,0.0271098,0.1
2991,Baseline,10,Balanced,0,Low,0,Low,0,Low,0,Low,0,0.280277,0.59598,0.467488,0.0271121,0.1
2992,Baseline,10,Balanced,0,Low,0,Low,0,Low,0,Low,0,0.280277,0.595979,0.467488,0.0271121,0.1
2993,Baseline,10,Balanced,0,Low,0,Low,0,Low,0,Low,0,0.280277,0.595979,0.467488,0.0271137,0.1
2994,Baseline,10,Balanced,0,Low,0,Low,0,Low,0,Low,0,0.280277,0.595979,0.467487,0.0271129,0.1
2995,Baseline,10,Balanced,0,Low,0,Low,0,Low,0,Low,0,0.280277,0.595979,0.467487,0.0271129,0.1
2996,Baseline,10,Balanced,0,Low,0,Low,0,Low,0,Low,0,0.280277,0.595978,0.467487,0.027109,0.1
2997,Baseline,10,Balanced,0,Low,0,Low,0,Low,0,Low,0,0.280277,0.595978,0.467487,0.0271098,0.1
2998,Baseline,10,Balanced,0,Low,0,Low,0,Low,0,Low,0,0.280277,0.595978,0.467487,0.0271098,0.1
2999,Baseline,10,Balanced,0,Low,0,Low,0,Low,0,Low,0,0.280276,0.595979,0.467487,0.0271106,0.1
3000,Baseline,10,Balanced,0,Low,0,Low,0,Low,0,Low,0,0.280276,0.595978,0.467487,0.0271083,0.1
3001,Baseline,10,Balanced,0,Low,0,Low,0,Low,0,Low,0,0.280276,0.595978,0.467487,0.0271083,0.1
3002,Baseline,10,Balanced,0,Low,0,Low,0,Low,0,Low,0,0.280276,0.595978,0.467487,0.0271083,0.1
3003,Baseline,10,Balanced,0,Low,0,Low,0,Low,0,Low,0,0.280276,0.595978,0.467486,0.0271067,0.1
3004,Baseline,10,Balanced,0,Low,0,Low,0,Low,0,Low,0,0.280276,0.595977,0.467486,0.0271083,0.1
3005,Baseline,10,Balanced,0,Low,0,Low,0,Low,0,Low,0,0.280276,0.595977,0.467486,0.0271083,0.1
3006,Baseline,10,Balanced,0,Low,0,Low,0,Low,0,Low,0,0.280276,0.595977,0.467486,0.027109,0.1
3007,Baseline,10,Balanced,0,Low,0,Low,0,Low,0,Low,0,0.280276,0.595977,0.467486,0.0271106,0.1
3008,Baseline,10,Balanced,0,Low,0,Low,0,Low,0,Low,0,0.280276,0.595977,0.467486,0.0271098,0.1
3009,Baseline,10,Balanced,0,Low,0,Low,0,Low,0,Low,0,0.280276,0.595978,0.467487,0.027109,0.1
3010,Baseline,10,Balanced,0,Low,0,Low,0,Low,0,Low,0,0.280276,0.595979,0.467487,0.0271121,0.1
3011,Baseline,10,Balanced,0,Low,0,Low,0,Low,0,Low,0,0.280276,0.595979,0.467487,0.027109,0.1
3012,Baseline,10,Balanced,0,Low,0,Low,0,Low,0,Low,0,0.280276,0.595979,0.467487,0.0271113,0.1
3013,Baseline,10,Balanced,0,Low,0,Low,0,Low,0,Low,0,0.280276,0.595979,0.467487,0.0271098,0.1
3014,Baseline,10,Balanced,0,Low,0,Low,0,Low,0,Low,0,0.280276,0.595978,0.467487,0.0271083,0.1
3015,Baseline,10,Balanced,0,Low,0,Low,0,Low,0,Low,0,0.280276,0.595978,0.467487,0.0271098,0.1
3016,Baseline,10,Balanced,0,Low,0,Low,0,Low,0,Low,0,0.280276,0.595978,0.467487,0.0271075,0.1
3017,Baseline,10,Balanced,0,Low,0,Low,0,Low,0,Low,0,0.280276,0.595977,0.467486,0.0271067,0.1
3018,Baseline,10,Balanced,0,Low,0,Low,0,Low,0,Low,0,0.280276,0.595977,0.467486,0.027109,0.1
3019,Baseline,10,Balanced,0,Low,0,Low,0,Low,0,Low,0,0.280276,0.595978,0.467487,0.0271121,0.1
3020,Baseline,10,Balanced,0,Low,0,Low,0,Low,0,Low,0,0.280276,0.595978,0.467487,0.0271121,0.1
3021,Baseline,10,Balanced,0,Low,0,Low,0,Low,0,Low,0,0.280276,0.595977,0.467486,0.0271098,0.1
3022,Baseline,10,Balanced,0,Low,0,Low,0,Low,0,Low,0,0.280276,0.595977,0.467486,0.027109,0.1
3023,Baseline,10,Balanced,0,Low,0,Low,0,Low,0,Low,0,0.280276,0.595978,0.467487,0.0271121,0.1
3024,Baseline,10,Balanced,0,Low,0,Low,0,Low,0,Low,0,0.280277,0.595979,0.467487,0.0271106,0.1
3025,Baseline,10,Balanced,0,Low,0,Low,0,Low,0,Low,0,0.280277,0.595979,0.467487,0.0271098,0.1
3026,Baseline,10,Balanced,0,Low,0,Low,0,Low,0,Low,0,0.280276,0.595979,0.467487,0.0271075,0.1
3027,Baseline,10,Balanced,0,Low,0,Low,0,Low,0,Low,0,0.280276,0.595978,0.467487,0.0271052,0.1
3028,Baseline,10,Balanced,0,Low,0,Low,0,Low,0,Low,0,0.280276,0.595978,0.467486,0.0271052,0.1
3029,Baseline,10,Balanced,0,Low,0,Low,0,Low,0,Low,0,0.280276,0.595977,0.467486,0.0271067,0.1
3030,Baseline,10,Balanced,0,Low,0,Low,0,Low,0,Low,0,0.280276,0.595976,0.467486,0.0271052,0.1
3031,Baseline,10,Balanced,0,Low,0,Low,0,Low,0,Low,0,0.280277,0.595976,0.467485,0.0271021,0.1
3032,Baseline,10,Balanced,0,Low,0,Low,0,Low,0,Low,0,0.280276,0.595976,0.467485,0.0270991,0.1
3033,Baseline,10,Balanced,0,Low,0,Low,0,Low,0,Low,0,0.280276,0.595975,0.467485,0.0270998,0.1
3034,Baseline,10,Balanced,0,Low,0,Low,0,Low,0,Low,0,0.280276,0.595975,0.467485,0.0271037,0.1
3035,Baseline,10,Balanced,0,Low,0,Low,0,Low,0,Low,0,0.280276,0.595975,0.467485,0.0271029,0.1
3036,Baseline,10,Balanced,0,Low,0,Low,0,Low,0,Low,0,0.280276,0.595975,0.467485,0.0271044,0.1
3037,Baseline,10,Balanced,0,Low,0,Low,0,Low,0,Low,0,0.280277,0.595976,0.467485,0.0271029,0.1
3038,Baseline,10,Balanced,0,Low,0,Low,0,Low,0,Low,0,0.280276,0.595976,0.467486,0.0271044,0.1
3039,Baseline,10,Balanced,0,Low,0,Low,0,Low,0,Low,0,0.280276,0.595976,0.467486,0.0271006,0.1
3040,Baseline,10,Balanced,0,Low,0,Low,0,Low,0,Low,0,0.280277,0.595977,0.467486,0.0271029,0.1
3041,Baseline,10,Balanced,0,Low,0,Low,0,Low,0,Low,0,0.280277,0.595977,0.467486,0.0271075,0.1
3042,Baseline,10,Balanced,0,Low,0,Low,0,Low,0,Low,0,0.280276,0.595977,0.467486,0.027106,0.1
3043,Baseline,10,Balanced,0,Low,0,Low,0,Low,0,Low,0,0.280276,0.595977,0.467486,0.0271083,0.1
3044,Baseline,10,Balanced,0,Low,0,Low,0,Low,0,Low,0,0.280276,0.595977,0.467486,0.0271052,0.1
3045,Baseline,10,Balanced,0,Low,0,Low,0,Low,0,Low,0,0.280276,0.595977,0.467486,0.0271044,0.1
3046,Baseline,10,Balanced,0,Low,0,Low,0,Low,0,Low,0,0.280276,0.595977,0.467486,0.0271052,0.1
3047,Baseline,10,Balanced,0,Low,0,Low,0,Low,0,Low,0,0.280276,0.595978,0.467487,0.0271021,0.1
3048,Baseline,10,Balanced,0,Low,0,Low,0,Low,0,Low,0,0.280276,0.595978,0.467487,0.0271014,0.1
3049,Baseline,10,Balanced,0,Low,0,Low,0,Low,0,Low,0,0.280276,0.595978,0.467487,0.0271052,0.1
3050,Baseline,10,Balanced,0,Low,0,Low,0,Low,0,Low,0,0.280276,0.595977,0.467486,0.027106,0.1
3051,Baseline,10,Balanced,0,Low,0,Low,0,Low,0,Low,0,0.280276,0.595976,0.467486,0.027106,0.1
3052,Baseline,10,Balanced,0,Low,0,Low,0,Low,0,Low,0,0.280276,0.595977,0.467486,0.0271075,0.1
3053,Baseline,10,Balanced,0,Low,0,Low,0,Low,0,Low,0,0.280276,0.595977,0.467486,0.0271052,0.1
3054,Baseline,10,Balanced,0,Low,0,Low,0,Low,0,Low,0,0.280276,0.595977,0.467486,0.027106,0.1
3055,Baseline,10,Balanced,0,Low,0,Low,0,Low,0,Low,0,0.280276,0.595976,0.467485,0.0271037,0.1
3056,Baseline,10,Balanced,0,Low,0,Low,0,Low,0,Low,0,0.280276,0.595976,0.467486,0.0271006,0.1
3057,Baseline,10,Balanced,0,Low,0,Low,0,Low,0,Low,0,0.280275,0.595976,0.467485,0.0271052,0.1
3058,Baseline,10,Balanced,0,Low,0,Low,0,Low,0,Low,0,0.280275,0.595976,0.467485,0.0271014,0.1
3059,Baseline,10,Balanced,0,Low,0,Low,0,Low,0,Low,0,0.280275,0.595977,0.467486,0.0271044,0.1
3060,Baseline,10,Balanced,0,Low,0,Low,0,Low,0,Low,0,0.280275,0.595977,0.467486,0.0271029,0.1
3061,Baseline,10,Balanced,0,Low,0,Low,0,Low,0,Low,0,0.280275,0.595977,0.467486,0.0271021,0.1
3062,Baseline,10,Balanced,0,Low,0,Low,0,Low,0,Low,0,0.280275,0.595977,0.467486,0.0271029,0.1
3063,Baseline,10,Balanced,0,Low,0,Low,0,Low,0,Low,0,0.280275,0.595977,0.467486,0.0271037,0.1
3064,Baseline,10,Balanced,0,Low,0,Low,0,Low,0,Low,0,0.280275,0.595977,0.467486,0.0271014,0.1
3065,Baseline,10,Balanced,0,Low,0,Low,0,Low,0,Low,0,0.280275,0.595977,0.467486,0.0271029,0.1
3066,Baseline,10,Balanced,0,Low,0,Low,0,Low,0,Low,0,0.280275,0.595977,0.467486,0.0271006,0.1
3067,Baseline,10,Balanced,0,Low,0,Low,0,Low,0,Low,0,0.280275,0.595977,0.467486,0.0270998,0.1
3068,Baseline,10,Balanced,0,Low,0,Low,0,Low,0,Low,0,0.280275,0.595977,0.467486,0.0270983,0.1
3069,Baseline,10,Balanced,0,Low,0,Low,0,Low,0,Low,0,0.280275,0.595977,0.467486,0.0271006,0.1
3070,Baseline,10,Balanced,0,Low,0,Low,0,Low,0,Low,0,0.280275,0.595977,0.467486,0.0271021,0.1
3071,Baseline,10,Balanced,0,Low,0,Low,0,Low,0,Low,0,0.280275,0.595977,0.467486,0.0271021,0.1
3072,Baseline,10,Balanced,0,Low,0,Low,0,Low,0,Low,0,0.280274,0.595977,0.467486,0.0271037,0.1
3073,Baseline,10,Balanced,0,Low,0,Low,0,Low,0,Low,0,0.280274,0.595976,0.467485,0.0271006,0.1
3074,Baseline,10,Balanced,0,Low,0,Low,0,Low,0,Low,0,0.280274,0.595976,0.467486,0.0271021,0.1
3075,Baseline,10,Balanced,0,Low,0,Low,0,Low,0,Low,0,0.280274,0.595976,0.467485,0.0271021,0.1
3076,Baseline,10,Balanced,0,Low,0,Low,0,Low,0,Low,0,0.280275,0.595976,0.467485,0.0271067,0.1
3077,Baseline,10,Balanced,0,Low,0,Low,0,Low,0,Low,0,0.280275,0.595977,0.467486,0.0271052,0.1
3078,Baseline,10,Balanced,0,Low,0,Low,0,Low,0,Low,0,0.280275,0.595976,0.467486,0.0271037,0.1
3079,Baseline,10,Balanced,0,Low,0,Low,0,Low,0,Low,0,0.280275,0.595976,0.467486,0.0271052,0.1
3080,Baseline,10,Balanced,0,Low,0,Low,0,Low,0,Low,0,0.280275,0.595976,0.467486,0.0271052,0.1
3081,Baseline,10,Balanced,0,Low,0,Low,0,Low,0,Low,0,0.280275,0.595976,0.467486,0.0271029,0.1
3082,Baseline,10,Balanced,0,Low,0,Low,0,Low,0,Low,0,0.280275,0.595976,0.467486,0.0271029,0.1
3083,Baseline,10,Balanced,0,Low,0,Low,0,Low,0,Low,0,0.280275,0.595976,0.467485,0.0270991,0.1
3084,Baseline,10,Balanced,0,Low,0,Low,0,Low,0,Low,0,0.280274,0.595976,0.467485,0.0271052,0.1
3085,Baseline,10,Balanced,0,Low,0,Low,0,Low,0,Low,0,0.280274,0.595976,0.467485,0.0271014,0.1
3086,Baseline,10,Balanced,0,Low,0,Low,0,Low,0,Low,0,0.280275,0.595975,0.467485,0.0271006,0.1
3087,Baseline,10,Balanced,0,Low,0,Low,0,Low,0,Low,0,0.280275,0.595976,0.467486,0.0270998,0.1
3088,Baseline,10,Balanced,0,Low,0,Low,0,Low,0,Low,0,0.280275,0.595977,0.467486,0.0270944,0.1
3089,Baseline,10,Balanced,0,Low,0,Low,0,Low,0,Low,0,0.280274,0.595977,0.467486,0.0270998,0.1
3090,Baseline,10,Balanced,0,Low,0,Low,0,Low,0,Low,0,0.280275,0.595977,0.467486,0.0271029,0.1
3091,Baseline,10,Balanced,0,Low,0,Low,0,Low,0,Low,0,0.280275,0.595978,0.467486,0.0271037,0.1
3092,Baseline,10,Balanced,0,Low,0,Low,0,Low,0,Low,0,0.280275,0.595977,0.467486,0.0271044,0.1
3093,Baseline,10,Balanced,0,Low,0,Low,0,Low,0,Low,0,0.280275,0.595978,0.467486,0.0271075,0.1
3094,Baseline,10,Balanced,0,Low,0,Low,0,Low,0,Low,0,0.280275,0.595978,0.467486,0.0271052,0.1
3095,Baseline,10,Balanced,0,Low,0,Low,0,Low,0,Low,0,0.280275,0.595978,0.467487,0.0271029,0.1
3096,Baseline,10,Balanced,0,Low,0,Low,0,Low,0,Low,0,0.280275,0.595977,0.467486,0.0271014,0.1
3097,Baseline,10,Balanced,0,Low,0,Low,0,Low,0,Low,0,0.280275,0.595977,0.467486,0.0271014,0.1
3098,Baseline,10,Balanced,0,Low,0,Low,0,Low,0,Low,0,0.280275,0.595978,0.467487,0.0271014,0.1
3099,Baseline,10,Balanced,0,Low,0,Low,0,Low,0,Low,0,0.280275,0.595978,0.467487,0.0271014,0.1
3100,Baseline,10,Balanced,0,Low,0,Low,0,Low,0,Low,0,0.280275,0.595979,0.467487,0.0271037,0.1
3101,Baseline,10,Balanced,0,Low,0,Low,0,Low,0,Low,0,0.280275,0.595979,0.467488,0.0271029,0.1
3102,Baseline,10,Balanced,0,Low,0,Low,0,Low,0,Low,0,0.280275,0.595979,0.467487,0.0271014,0.1
3103,Baseline,10,Balanced,0,Low,0,Low,0,Low,0,Low,0,0.280275,0.59598,0.467488,0.0271021,0.1
3104,Baseline,10,Balanced,0,Low,0,Low,0,Low,0,Low,0,0.280275,0.59598,0.467488,0.0271037,0.1
3105,Baseline,10,Balanced,0,Low,0,Low,0,Low,0,Low,0,0.280274,0.59598,0.467488,0.0271021,0.1
3106,Baseline,10,Balanced,0,Low,0,Low,0,Low,0,Low,0,0.280275,0.59598,0.467488,0.0271044,0.1
3107,Baseline,10,Balanced,0,Low,0,Low,0,Low,0,Low,0,0.280275,0.595979,0.467487,0.0271014,0.1
3108,Baseline,10,Balanced,0,Low,0,Low,0,Low,0,Low,0,0.280275,0.595979,0.467487,0.0271006,0.1
3109,Baseline,10,Balanced,0,Low,0,Low,0,Low,0,Low,0,0.280275,0.595979,0.467487,0.0270983,0.1
3110,Baseline,10,Balanced,0,Low,0,Low,0,Low,0,Low,0,0.280275,0.595979,0.467487,0.0270983,0.1
3111,Baseline,10,Balanced,0,Low,0,Low,0,Low,0,Low,0,0.280275,0.595979,0.467487,0.0271006,0.1
3112,Baseline,10,Balanced,0,Low,0,Low,0,Low,0,Low,0,0.280275,0.595979,0.467487,0.0270983,0.1
3113,Baseline,10,Balanced,0,Low,0,Low,0,Low,0,Low,0,0.280275,0.595979,0.467487,0.0270998,0.1
3114,Baseline,10,Balanced,0,Low,0,Low,0,Low,0,Low,0,0.280275,0.59598,0.467488,0.0270998,0.1
3115,Baseline,10,Balanced,0,Low,0,Low,0,Low,0,Low,0,0.280275,0.595979,0.467488,0.0270983,0.1
3116,Baseline,10,Balanced,0,Low,0,Low,0,Low,0,Low,0,0.280275,0.595979,0.467487,0.0271029,0.1
3117,Baseline,10,Balanced,0,Low,0,Low,0,Low,0,Low,0,0.280275,0.595979,0.467487,0.0271021,0.1
3118,Baseline,10,Balanced,0,Low,0,Low,0,Low,0,Low,0,0.280275,0.595979,0.467487,0.0271037,0.1
3119,Baseline,10,Balanced,0,Low,0,Low,0,Low,0,Low,0,0.280275,0.595979,0.467487,0.0271029,0.1
3120,Baseline,10,Balanced,0,Low,0,Low,0,Low,0,Low,0,0.280275,0.595979,0.467487,0.0271037,0.1
3121,Baseline,10,Balanced,0,Low,0,Low,0,Low,0,Low,0,0.280276,0.595979,0.467487,0.0271037,0.1
3122,Baseline,10,Balanced,0,Low,0,Low,0,Low,0,Low,0,0.280276,0.595979,0.467487,0.0271006,0.1
3123,Baseline,10,Balanced,0,Low,0,Low,0,Low,0,Low,0,0.280276,0.595979,0.467487,0.0271006,0.1
3124,Baseline,10,Balanced,0,Low,0,Low,0,Low,0,Low,0,0.280276,0.595979,0.467487,0.0271006,0.1
3125,Baseline,10,Balanced,0,Low,0,Low,0,Low,0,Low,0,0.280276,0.59598,0.467488,0.0270991,0.1
3126,Baseline,10,Balanced,0,Low,0,Low,0,Low,0,Low,0,0.280275,0.595979,0.467488,0.0270998,0.1
3127,Baseline,10,Balanced,0,Low,0,Low,0,Low,0,Low,0,0.280276,0.59598,0.467488,0.027096,0.1
3128,Baseline,10,Balanced,0,Low,0,Low,0,Low,0,Low,0,0.280276,0.595979,0.467487,0.0270991,0.1
3129,Baseline,10,Balanced,0,Low,0,Low,0,Low,0,Low,0,0.280275,0.595979,0.467487,0.0270998,0.1
3130,Baseline,10,Balanced,0,Low,0,Low,0,Low,0,Low,0,0.280275,0.59598,0.467488,0.0271021,0.1
3131,Baseline,10,Balanced,0,Low,0,Low,0,Low,0,Low,0,0.280275,0.595979,0.467488,0.027096,0.1
3132,Baseline,10,Balanced,0,Low,0,Low,0,Low,0,Low,0,0.280276,0.595978,0.467487,0.0270968,0.1
3133,Baseline,10,Balanced,0,Low,0,Low,0,Low,0,Low,0,0.280276,0.595979,0.467487,0.0271021,0.1
3134,Baseline,10,Balanced,0,Low,0,Low,0,Low,0,Low,0,0.280276,0.595979,0.467487,0.0270991,0.1
3135,Baseline,10,Balanced,0,Low,0,Low,0,Low,0,Low,0,0.280276,0.595979,0.467487,0.0270944,0.1
3136,Baseline,10,Balanced,0,Low,0,Low,0,Low,0,Low,0,0.280276,0.595979,0.467487,0.0271006,0.1
3137,Baseline,10,Balanced,0,Low,0,Low,0,Low,0,Low,0,0.280277,0.595979,0.467487,0.0270998,0.1
3138,Baseline,10,Balanced,0,Low,0,Low,0,Low,0,Low,0,0.280276,0.595979,0.467487,0.0270991,0.1
3139,Baseline,10,Balanced,0,Low,0,Low,0,Low,0,Low,0,0.280276,0.595979,0.467487,0.0270998,0.1
3140,Baseline,10,Balanced,0,Low,0,Low,0,Low,0,Low,0,0.280276,0.595978,0.467487,0.0270975,0.1
3141,Baseline,10,Balanced,0,Low,0,Low,0,Low,0,Low,0,0.280276,0.595979,0.467487,0.027096,0.1
3142,Baseline,10,Balanced,0,Low,0,Low,0,Low,0,Low,0,0.280276,0.595979,0.467487,0.027096,0.1
3143,Baseline,10,Balanced,0,Low,0,Low,0,Low,0,Low,0,0.280276,0.595979,0.467487,0.0270968,0.1
3144,Baseline,10,Balanced,0,Low,0,Low,0,Low,0,Low,0,0.280276,0.595978,0.467487,0.0270968,0.1
3145,Baseline,10,Balanced,0,Low,0,Low,0,Low,0,Low,0,0.280276,0.595979,0.467488,0.0270975,0.1
3146,Baseline,10,Balanced,0,Low,0,Low,0,Low,0,Low,0,0.280276,0.595979,0.467487,0.0270968,0.1
3147,Baseline,10,Balanced,0,Low,0,Low,0,Low,0,Low,0,0.280276,0.595979,0.467488,0.027096,0.1
3148,Baseline,10,Balanced,0,Low,0,Low,0,Low,0,Low,0,0.280277,0.595979,0.467488,0.0270968,0.1
3149,Baseline,10,Balanced,0,Low,0,Low,0,Low,0,Low,0,0.280277,0.59598,0.467488,0.0270952,0.1
3150,Baseline,10,Balanced,0,Low,0,Low,0,Low,0,Low,0,0.280277,0.595979,0.467487,0.027096,0.1
3151,Baseline,10,Balanced,0,Low,0,Low,0,Low,0,Low,0,0.280276,0.595979,0.467487,0.027096,0.1
3152,Baseline,10,Balanced,0,Low,0,Low,0,Low,0,Low,0,0.280276,0.595978,0.467487,0.0270921,0.1
3153,Baseline,10,Balanced,0,Low,0,Low,0,Low,0,Low,0,0.280276,0.595978,0.467487,0.0270937,0.1
3154,Baseline,10,Balanced,0,Low,0,Low,0,Low,0,Low,0,0.280276,0.595978,0.467487,0.0270952,0.1
3155,Baseline,10,Balanced,0,Low,0,Low,0,Low,0,Low,0,0.280276,0.595978,0.467487,0.0270952,0.1
3156,Baseline,10,Balanced,0,Low,0,Low,0,Low,0,Low,0,0.280276,0.595979,0.467487,0.0270921,0.1
3157,Baseline,10,Balanced,0,Low,0,Low,0,Low,0,Low,0,0.280276,0.595978,0.467487,0.0270952,0.1
3158,Baseline,10,Balanced,0,Low,0,Low,0,Low,0,Low,0,0.280276,0.595978,0.467487,0.0270983,0.1
3159,Baseline,10,Balanced,0,Low,0,Low,0,Low,0,Low,0,0.280276,0.595978,0.467487,0.0270944,0.1
3160,Baseline,10,Balanced,0,Low,0,Low,0,Low,0,Low,0,0.280276,0.595978,0.467487,0.027096,0.1
3161,Baseline,10,Balanced,0,Low,0,Low,0,Low,0,Low,0,0.280276,0.595978,0.467487,0.0270975,0.1
3162,Baseline,10,Balanced,0,Low,0,Low,0,Low,0,Low,0,0.280277,0.595979,0.467487,0.0270983,0.1
3163,Baseline,10,Balanced,0,Low,0,Low,0,Low,0,Low,0,0.280277,0.595979,0.467488,0.027096,0.1
3164,Baseline,10,Balanced,0,Low,0,Low,0,Low,0,Low,0,0.280277,0.59598,0.467488,0.0270921,0.1
3165,Baseline,10,Balanced,0,Low,0,Low,0,Low,0,Low,0,0.280277,0.59598,0.467488,0.0270921,0.1
3166,Baseline,10,Balanced,0,Low,0,Low,0,Low,0,Low,0,0.280277,0.595979,0.467487,0.0270929,0.1
3167,Baseline,10,Balanced,0,Low,0,Low,0,Low,0,Low,0,0.280277,0.595979,0.467488,0.0270921,0.1
3168,Baseline,10,Balanced,0,Low,0,Low,0,Low,0,Low,0,0.280277,0.595979,0.467488,0.0270937,0.1
3169,Baseline,10,Balanced,0,Low,0,Low,0,Low,0,Low,0,0.280277,0.595979,0.467487,0.0270952,0.1
3170,Baseline,10,Balanced,0,Low,0,Low,0,Low,0,Low,0,0.280276,0.595979,0.467487,0.0270921,0.1
3171,Baseline,10,Balanced,0,Low,0,Low,0,Low,0,Low,0,0.280277,0.595978,0.467487,0.0270937,0.1
3172,Baseline,10,Balanced,0,Low,0,Low,0,Low,0,Low,0,0.280277,0.595978,0.467487,0.0270952,0.1
3173,Baseline,10,Balanced,0,Low,0,Low,0,Low,0,Low,0,0.280277,0.595978,0.467487,0.0270944,0.1
3174,Baseline,10,Balanced,0,Low,0,Low,0,Low,0,Low,0,0.280276,0.595978,0.467487,0.0270937,0.1
3175,Baseline,10,Balanced,0,Low,0,Low,0,Low,0,Low,0,0.280276,0.595978,0.467487,0.0270937,0.1
3176,Baseline,10,Balanced,0,Low,0,Low,0,Low,0,Low,0,0.280276,0.595979,0.467487,0.0270914,0.1
3177,Baseline,10,Balanced,0,Low,0,Low,0,Low,0,Low,0,0.280276,0.595978,0.467487,0.0270906,0.1
3178,Baseline,10,Balanced,0,Low,0,Low,0,Low,0,Low,0,0.280277,0.595978,0.467487,0.0270914,0.1
3179,Baseline,10,Balanced,0,Low,0,Low,0,Low,0,Low,0,0.280277,0.595978,0.467487,0.0270921,0.1
3180,Baseline,10,Balanced,0,Low,0,Low,0,Low,0,Low,0,0.280276,0.595976,0.467486,0.027096,0.1
3181,Baseline,10,Balanced,0,Low,0,Low,0,Low,0,Low,0,0.280277,0.595976,0.467486,0.0270952,0.1
3182,Baseline,10,Balanced,0,Low,0,Low,0,Low,0,Low,0,0.280277,0.595977,0.467486,0.0270944,0.1
3183,Baseline,10,Balanced,0,Low,0,Low,0,Low,0,Low,0,0.280277,0.595977,0.467486,0.0270937,0.1
3184,Baseline,10,Balanced,0,Low,0,Low,0,Low,0,Low,0,0.280277,0.595977,0.467486,0.0270921,0.1
3185,Baseline,10,Balanced,0,Low,0,Low,0,Low,0,Low,0,0.280277,0.595977,0.467486,0.0270898,0.1
3186,Baseline,10,Balanced,0,Low,0,Low,0,Low,0,Low,0,0.280278,0.595978,0.467487,0.0270883,0.1
3187,Baseline,10,Balanced,0,Low,0,Low,0,Low,0,Low,0,0.280277,0.595978,0.467487,0.0270921,0.1
3188,Baseline,10,Balanced,0,Low,0,Low,0,Low,0,Low,0,0.280277,0.595978,0.467486,0.0270914,0.1
3189,Baseline,10,Balanced,0,Low,0,Low,0,Low,0,Low,0,0.280277,0.595977,0.467486,0.0270937,0.1
3190,Baseline,10,Balanced,0,Low,0,Low,0,Low,0,Low,0,0.280278,0.595976,0.467485,0.0270944,0.1
3191,Baseline,10,Balanced,0,Low,0,Low,0,Low,0,Low,0,0.280278,0.595976,0.467486,0.0270968,0.1
3192,Baseline,10,Balanced,0,Low,0,Low,0,Low,0,Low,0,0.280278,0.595977,0.467486,0.0270991,0.1
3193,Baseline,10,Balanced,0,Low,0,Low,0,Low,0,Low,0,0.280277,0.595975,0.467485,0.0270944,0.1
3194,Baseline,10,Balanced,0,Low,0,Low,0,Low,0,Low,0,0.280277,0.595975,0.467485,0.0270944,0.1
3195,Baseline,10,Balanced,0,Low,0,Low,0,Low,0,Low,0,0.280277,0.595975,0.467485,0.0270983,0.1
3196,Baseline,10,Balanced,0,Low,0,Low,0,Low,0,Low,0,0.280277,0.595974,0.467484,0.0270975,0.1
3197,Baseline,10,Balanced,0,Low,0,Low,0,Low,0,Low,0,0.280277,0.595975,0.467485,0.027096,0.1
3198,Baseline,10,Balanced,0,Low,0,Low,0,Low,0,Low,0,0.280278,0.595974,0.467484,0.0270968,0.1
3199,Baseline,10,Balanced,0,Low,0,Low,0,Low,0,Low,0,0.280278,0.595974,0.467484,0.027096,0.1
3200,Baseline,10,Balanced,0,Low,0,Low,0,Low,0,Low,0,0.280277,0.595973,0.467484,0.0270937,0.1
3201,Baseline,10,Balanced,0,Low,0,Low,0,Low,0,Low,0,0.280278,0.595974,0.467484,0.0270944,0.1
3202,Baseline,10,Balanced,0,Low,0,Low,0,Low,0,Low,0,0.280278,0.595974,0.467484,0.0270944,0.1
3203,Baseline,10,Balanced,0,Low,0,Low,0,Low,0,Low,0,0.280278,0.595974,0.467484,0.027096,0.1
3204,Baseline,10,Balanced,0,Low,0,Low,0,Low,0,Low,0,0.280278,0.595973,0.467483,0.0270929,0.1
3205,Baseline,10,Balanced,0,Low,0,Low,0,Low,0,Low,0,0.280278,0.595973,0.467483,0.0270975,0.1
3206,Baseline,10,Balanced,0,Low,0,Low,0,Low,0,Low,0,0.280278,0.595973,0.467484,0.0270991,0.1
3207,Baseline,10,Balanced,0,Low,0,Low,0,Low,0,Low,0,0.280278,0.595973,0.467484,0.027096,0.1
3208,Baseline,10,Balanced,0,Low,0,Low,0,Low,0,Low,0,0.280279,0.595972,0.467483,0.027096,0.1
3209,Baseline,10,Balanced,0,Low,0,Low,0,Low,0,Low,0,0.280279,0.595972,0.467483,0.0270998,0.1
3210,Baseline,10,Balanced,0,Low,0,Low,0,Low,0,Low,0,0.280279,0.595972,0.467483,0.0270998,0.1
3211,Baseline,10,Balanced,0,Low,0,Low,0,Low,0,Low,0,0.280279,0.595972,0.467483,0.0270998,0.1
3212,Baseline,10,Balanced,0,Low,0,Low,0,Low,0,Low,0,0.280279,0.595972,0.467483,0.0271006,0.1
3213,Baseline,10,Balanced,0,Low,0,Low,0,Low,0,Low,0,0.280279,0.595973,0.467483,0.0270937,0.1
3214,Baseline,10,Balanced,0,Low,0,Low,0,Low,0,Low,0,0.280279,0.595972,0.467483,0.0270937,0.1
3215,Baseline,10,Balanced,0,Low,0,Low,0,Low,0,Low,0,0.280279,0.595972,0.467483,0.0270952,0.1
3216,Baseline,10,Balanced,0,Low,0,Low,0,Low,0,Low,0,0.280279,0.595972,0.467483,0.0270998,0.1
3217,Baseline,10,Balanced,0,Low,0,Low,0,Low,0,Low,0,0.280279,0.595972,0.467483,0.0270991,0.1
3218,Baseline,10,Balanced,0,Low,0,Low,0,Low,0,Low,0,0.280279,0.595971,0.467482,0.0270968,0.1
3219,Baseline,10,Balanced,0,Low,0,Low,0,Low,0,Low,0,0.280279,0.595971,0.467482,0.027096,0.1
3220,Baseline,10,Balanced,0,Low,0,Low,0,Low,0,Low,0,0.28028,0.595972,0.467483,0.0270944,0.1
3221,Baseline,10,Balanced,0,Low,0,Low,0,Low,0,Low,0,0.28028,0.595972,0.467483,0.027096,0.1
3222,Baseline,10,Balanced,0,Low,0,Low,0,Low,0,Low,0,0.28028,0.595972,0.467483,0.0270968,0.1
3223,Baseline,10,Balanced,0,Low,0,Low,0,Low,0,Low,0,0.28028,0.595973,0.467483,0.0270998,0.1
3224,Baseline,10,Balanced,0,Low,0,Low,0,Low,0,Low,0,0.28028,0.595973,0.467484,0.0270998,0.1
3225,Baseline,10,Balanced,0,Low,0,Low,0,Low,0,Low,0,0.28028,0.595973,0.467483,0.0270998,0.1
3226,Baseline,10,Balanced,0,Low,0,Low,0,Low,0,Low,0,0.28028,0.595973,0.467484,0.0271021,0.1
3227,Baseline,10,Balanced,0,Low,0,Low,0,Low,0,Low,0,0.280279,0.595972,0.467483,0.0270975,0.1
3228,Baseline,10,Balanced,0,Low,0,Low,0,Low,0,Low,0,0.28028,0.595973,0.467483,0.0270998,0.1
3229,Baseline,10,Balanced,0,Low,0,Low,0,Low,0,Low,0,0.28028,0.595972,0.467483,0.0271006,0.1
3230,Baseline,10,Balanced,0,Low,0,Low,0,Low,0,Low,0,0.28028,0.595972,0.467483,0.0270991,0.1
3231,Baseline,10,Balanced,0,Low,0,Low,0,Low,0,Low,0,0.28028,0.595971,0.467482,0.0270991,0.1
3232,Baseline,10,Balanced,0,Low,0,Low,0,Low,0,Low,0,0.28028,0.595972,0.467483,0.0270991,0.1
3233,Baseline,10,Balanced,0,Low,0,Low,0,Low,0,Low,0,0.28028,0.595972,0.467483,0.0270975,0.1
3234,Baseline,10,Balanced,0,Low,0,Low,0,Low,0,Low,0,0.28028,0.595971,0.467483,0.0270929,0.1
3235,Baseline,10,Balanced,0,Low,0,Low,0,Low,0,Low,0,0.28028,0.595972,0.467483,0.0270921,0.1
3236,Baseline,10,Balanced,0,Low,0,Low,0,Low,0,Low,0,0.28028,0.595972,0.467483,0.0270929,0.1
3237,Baseline,10,Balanced,0,Low,0,Low,0,Low,0,Low,0,0.28028,0.595971,0.467482,0.0270952,0.1
3238,Baseline,10,Balanced,0,Low,0,Low,0,Low,0,Low,0,0.28028,0.595971,0.467482,0.0270968,0.1
3239,Baseline,10,Balanced,0,Low,0,Low,0,Low,0,Low,0,0.28028,0.595971,0.467482,0.027096,0.1
3240,Baseline,10,Balanced,0,Low,0,Low,0,Low,0,Low,0,0.28028,0.595971,0.467482,0.0270944,0.1
3241,Baseline,10,Balanced,0,Low,0,Low,0,Low,0,Low,0,0.28028,0.595971,0.467482,0.0270937,0.1
3242,Baseline,10,Balanced,0,Low,0,Low,0,Low,0,Low,0,0.28028,0.59597,0.467482,0.0270937,0.1
3243,Baseline,10,Balanced,0,Low,0,Low,0,Low,0,Low,0,0.28028,0.595971,0.467483,0.0270944,0.1
3244,Baseline,10,Balanced,0,Low,0,Low,0,Low,0,Low,0,0.28028,0.595971,0.467482,0.0270952,0.1
3245,Baseline,10,Balanced,0,Low,0,Low,0,Low,0,Low,0,0.28028,0.595971,0.467482,0.0270906,0.1
3246,Baseline,10,Balanced,0,Low,0,Low,0,Low,0,Low,0,0.28028,0.59597,0.467481,0.0270929,0.1
3247,Baseline,10,Balanced,0,Low,0,Low,0,Low,0,Low,0,0.280279,0.59597,0.467481,0.0270929,0.1
3248,Baseline,10,Balanced,0,Low,0,Low,0,Low,0,Low,0,0.280279,0.59597,0.467482,0.0270921,0.1
3249,Baseline,10,Balanced,0,Low,0,Low,0,Low,0,Low,0,0.280279,0.59597,0.467482,0.0270952,0.1
3250,Baseline,10,Balanced,0,Low,0,Low,0,Low,0,Low,0,0.280279,0.59597,0.467481,0.0270944,0.1
3251,Baseline,10,Balanced,0,Low,0,Low,0,Low,0,Low,0,0.280279,0.59597,0.467482,0.0270937,0.1
3252,Baseline,10,Balanced,0,Low,0,Low,0,Low,0,Low,0,0.280279,0.59597,0.467482,0.0270944,0.1
3253,Baseline,10,Balanced,0,Low,0,Low,0,Low,0,Low,0,0.280279,0.595971,0.467482,0.0270929,0.1
3254,Baseline,10,Balanced,0,Low,0,Low,0,Low,0,Low,0,0.280279,0.59597,0.467482,0.0270921,0.1
3255,Baseline,10,Balanced,0,Low,0,Low,0,Low,0,Low,0,0.280279,0.595971,0.467482,0.0270921,0.1
3256,Baseline,10,Balanced,0,Low,0,Low,0,Low,0,Low,0,0.280279,0.59597,0.467482,0.0270898,0.1
3257,Baseline,10,Balanced,0,Low,0,Low,0,Low,0,Low,0,0.280279,0.59597,0.467482,0.0270898,0.1
3258,Baseline,10,Balanced,0,Low,0,Low,0,Low,0,Low,0,0.280279,0.595969,0.467481,0.0270875,0.1
3259,Baseline,10,Balanced,0,Low,0,Low,0,Low,0,Low,0,0.280279,0.595969,0.467481,0.0270883,0.1
3260,Baseline,10,Balanced,0,Low,0,Low,0,Low,0,Low,0,0.280279,0.595969,0.467481,0.0270914,0.1
3261,Baseline,10,Balanced,0,Low,0,Low,0,Low,0,Low,0,0.280279,0.595969,0.467481,0.0270914,0.1
3262,Baseline,10,Balanced,0,Low,0,Low,0,Low,0,Low,0,0.280279,0.595969,0.467481,0.0270906,0.1
3263,Baseline,10,Balanced,0,Low,0,Low,0,Low,0,Low,0,0.280279,0.595969,0.467481,0.0270852,0.1
3264,Baseline,10,Balanced,0,Low,0,Low,0,Low,0,Low,0,0.280279,0.595969,0.467481,0.0270821,0.1
3265,Baseline,10,Balanced,0,Low,0,Low,0,Low,0,Low,0,0.280279,0.595968,0.467481,0.0270821,0.1
3266,Baseline,10,Balanced,0,Low,0,Low,0,Low,0,Low,0,0.280279,0.595969,0.467481,0.0270829,0.1
3267,Baseline,10,Balanced,0,Low,0,Low,0,Low,0,Low,0,0.280279,0.595969,0.467481,0.0270829,0.1
3268,Baseline,10,Balanced,0,Low,0,Low,0,Low,0,Low,0,0.280278,0.595969,0.467481,0.0270852,0.1
3269,Baseline,10,Balanced,0,Low,0,Low,0,Low,0,Low,0,0.280278,0.595969,0.467481,0.0270829,0.1
3270,Baseline,10,Balanced,0,Low,0,Low,0,Low,0,Low,0,0.280278,0.595969,0.467481,0.0270845,0.1
3271,Baseline,10,Balanced,0,Low,0,Low,0,Low,0,Low,0,0.280278,0.595968,0.46748,0.0270852,0.1
3272,Baseline,10,Balanced,0,Low,0,Low,0,Low,0,Low,0,0.280278,0.595969,0.467481,0.027086,0.1
3273,Baseline,10,Balanced,0,Low,0,Low,0,Low,0,Low,0,0.280278,0.595969,0.467481,0.0270891,0.1
3274,Baseline,10,Balanced,0,Low,0,Low,0,Low,0,Low,0,0.280277,0.595969,0.467481,0.0270898,0.1
3275,Baseline,10,Balanced,0,Low,0,Low,0,Low,0,Low,0,0.280277,0.595968,0.467481,0.0270875,0.1
3276,Baseline,10,Balanced,0,Low,0,Low,0,Low,0,Low,0,0.280277,0.595967,0.46748,0.0270898,0.1
3277,Baseline,10,Balanced,0,Low,0,Low,0,Low,0,Low,0,0.280277,0.595968,0.46748,0.0270868,0.1
3278,Baseline,10,Balanced,0,Low,0,Low,0,Low,0,Low,0,0.280277,0.595968,0.46748,0.0270875,0.1
3279,Baseline,10,Balanced,0,Low,0,Low,0,Low,0,Low,0,0.280277,0.595969,0.467481,0.027086,0.1
3280,Baseline,10,Balanced,0,Low,0,Low,0,Low,0,Low,0,0.280277,0.595968,0.467481,0.0270837,0.1
3281,Baseline,10,Balanced,0,Low,0,Low,0,Low,0,Low,0,0.280277,0.595968,0.46748,0.0270845,0.1
3282,Baseline,10,Balanced,0,Low,0,Low,0,Low,0,Low,0,0.280277,0.595968,0.46748,0.027086,0.1
3283,Baseline,10,Balanced,0,Low,0,Low,0,Low,0,Low,0,0.280277,0.595968,0.46748,0.0270829,0.1
3284,Baseline,10,Balanced,0,Low,0,Low,0,Low,0,Low,0,0.280277,0.595969,0.467481,0.027086,0.1
3285,Baseline,10,Balanced,0,Low,0,Low,0,Low,0,Low,0,0.280277,0.595969,0.467481,0.0270852,0.1
3286,Baseline,10,Balanced,0,Low,0,Low,0,Low,0,Low,0,0.280277,0.595969,0.467481,0.0270852,0.1
3287,Baseline,10,Balanced,0,Low,0,Low,0,Low,0,Low,0,0.280277,0.595969,0.467481,0.0270875,0.1
3288,Baseline,10,Balanced,0,Low,0,Low,0,Low,0,Low,0,0.280277,0.595968,0.46748,0.0270837,0.1
3289,Baseline,10,Balanced,0,Low,0,Low,0,Low,0,Low,0,0.280277,0.595968,0.46748,0.0270821,0.1
3290,Baseline,10,Balanced,0,Low,0,Low,0,Low,0,Low,0,0.280277,0.595967,0.46748,0.0270821,0.1
3291,Baseline,10,Balanced,0,Low,0,Low,0,Low,0,Low,0,0.280277,0.595967,0.46748,0.0270829,0.1
3292,Baseline,10,Balanced,0,Low,0,Low,0,Low,0,Low,0,0.280278,0.595967,0.46748,0.0270837,0.1
3293,Baseline,10,Balanced,0,Low,0,Low,0,Low,0,Low,0,0.280277,0.595966,0.467479,0.0270821,0.1
3294,Baseline,10,Balanced,0,Low,0,Low,0,Low,0,Low,0,0.280277,0.595966,0.467479,0.0270868,0.1
3295,Baseline,10,Balanced,0,Low,0,Low,0,Low,0,Low,0,0.280277,0.595966,0.467479,0.0270845,0.1
3296,Baseline,10,Balanced,0,Low,0,Low,0,Low,0,Low,0,0.280277,0.595966,0.467479,0.0270875,0.1
3297,Baseline,10,Balanced,0,Low,0,Low,0,Low,0,Low,0,0.280277,0.595966,0.467479,0.0270883,0.1
3298,Baseline,10,Balanced,0,Low,0,Low,0,Low,0,Low,0,0.280277,0.595965,0.467478,0.0270875,0.1
3299,Baseline,10,Balanced,0,Low,0,Low,0,Low,0,Low,0,0.280277,0.595965,0.467478,0.0270883,0.1
3300,Baseline,10,Balanced,0,Low,0,Low,0,Low,0,Low,0,0.280277,0.595964,0.467478,0.0270891,0.1
3301,Baseline,10,Balanced,0,Low,0,Low,0,Low,0,Low,0,0.280277,0.595964,0.467478,0.0270906,0.1
3302,Baseline,10,Balanced,0,Low,0,Low,0,Low,0,Low,0,0.280277,0.595964,0.467478,0.0270898,0.1
3303,Baseline,10,Balanced,0,Low,0,Low,0,Low,0,Low,0,0.280277,0.595964,0.467478,0.0270875,0.1
3304,Baseline,10,Balanced,0,Low,0,Low,0,Low,0,Low,0,0.280277,0.595964,0.467478,0.0270906,0.1
3305,Baseline,10,Balanced,0,Low,0,Low,0,Low,0,Low,0,0.280277,0.595963,0.467477,0.0270883,0.1
3306,Baseline,10,Balanced,0,Low,0,Low,0,Low,0,Low,0,0.280276,0.595963,0.467477,0.0270898,0.1
3307,Baseline,10,Balanced,0,Low,0,Low,0,Low,0,Low,0,0.280276,0.595963,0.467477,0.0270921,0.1
3308,Baseline,10,Balanced,0,Low,0,Low,0,Low,0,Low,0,0.280276,0.595962,0.467477,0.0270898,0.1
3309,Baseline,10,Balanced,0,Low,0,Low,0,Low,0,Low,0,0.280276,0.595962,0.467477,0.0270898,0.1
3310,Baseline,10,Balanced,0,Low,0,Low,0,Low,0,Low,0,0.280276,0.595963,0.467477,0.0270906,0.1
3311,Baseline,10,Balanced,0,Low,0,Low,0,Low,0,Low,0,0.280276,0.595962,0.467477,0.0270898,0.1
3312,Baseline,10,Balanced,0,Low,0,Low,0,Low,0,Low,0,0.280276,0.595963,0.467477,0.0270906,0.1
3313,Baseline,10,Balanced,0,Low,0,Low,0,Low,0,Low,0,0.280276,0.595962,0.467477,0.0270898,0.1
3314,Baseline,10,Balanced,0,Low,0,Low,0,Low,0,Low,0,0.280276,0.595961,0.467476,0.0270952,0.1
3315,Baseline,10,Balanced,0,Low,0,Low,0,Low,0,Low,0,0.280276,0.595961,0.467476,0.0270944,0.1
3316,Baseline,10,Balanced,0,Low,0,Low,0,Low,0,Low,0,0.280276,0.59596,0.467476,0.0270952,0.1
3317,Baseline,10,Balanced,0,Low,0,Low,0,Low,0,Low,0,0.280276,0.59596,0.467476,0.0270929,0.1
3318,Baseline,10,Balanced,0,Low,0,Low,0,Low,0,Low,0,0.280276,0.595959,0.467475,0.0270937,0.1
3319,Baseline,10,Balanced,0,Low,0,Low,0,Low,0,Low,0,0.280275,0.595959,0.467474,0.0270914,0.1
3320,Baseline,10,Balanced,0,Low,0,Low,0,Low,0,Low,0,0.280275,0.595958,0.467474,0.0270891,0.1
3321,Baseline,10,Balanced,0,Low,0,Low,0,Low,0,Low,0,0.280275,0.595958,0.467474,0.0270883,0.1
3322,Baseline,10,Balanced,0,Low,0,Low,0,Low,0,Low,0,0.280275,0.595958,0.467474,0.0270868,0.1
3323,Baseline,10,Balanced,0,Low,0,Low,0,Low,0,Low,0,0.280275,0.595957,0.467474,0.0270837,0.1
3324,Baseline,10,Balanced,0,Low,0,Low,0,Low,0,Low,0,0.280276,0.595957,0.467474,0.0270875,0.1
3325,Baseline,10,Balanced,0,Low,0,Low,0,Low,0,Low,0,0.280276,0.595957,0.467473,0.0270898,0.1
