Iteration,Using RL?,State,Action,Reward,Variance Bucket,Variance Bucket Index,Next Variance Bucket Index,Next Variance Bucket Index,Luminance Bucket,Luminance Bucket Index,Bright Pixel Ratio Bucket,Bright Pixel Ratio Bucket Index,Mean Luminance,Luminance Variance,Log Luminance Variance,Bright Pixel Ratio,Epsilon
1,RL,90,BSDF Heavy,0,Low,0,Low,0,Low,0,High,2,0.280885,1.17754,0.778194,0.0657642,0.1
2,RL,90,BSDF Heavy,0,Low,0,Low,0,Low,0,High,2,0.280399,0.886923,0.634948,0.0835703,0.1
3,RL,90,BSDF Heavy,0,Low,0,Low,0,Low,0,High,2,0.280542,0.792009,0.583337,0.0875033,0.1
4,RL,90,BSDF Heavy,0,Low,0,Low,0,Low,0,High,2,0.280568,0.741649,0.554832,0.0755352,0.1
5,RL,0,BSDF Heavy,0,Low,0,Low,0,Low,0,High,2,0.280528,0.711969,0.537644,0.0585407,0.1
6,RL,0,BSDF Heavy,0,Low,0,Low,0,Low,0,High,2,0.28054,0.692982,0.526492,0.0512541,0.1
7,RL,0,BSDF Heavy,0,Low,0,Low,0,Low,0,High,2,0.280559,0.678881,0.518127,0.0471966,0.1
8,RL,0,Light Heavy,0,Low,0,Low,0,Low,0,Low,0,0.280575,0.668692,0.51204,0.0449366,0.19992
9,RL,0,Light Heavy,0,Low,0,Low,0,Low,0,Low,0,0.280591,0.660575,0.507164,0.0424291,0.19992
10,RL,0,Light Heavy,0,Low,0,Low,0,Low,0,Low,0,0.280578,0.65403,0.503215,0.0399185,0.19992
11,RL,0,Light Heavy,0,Low,0,Low,0,Low,0,Low,0,0.280457,0.648548,0.499895,0.0382771,0.19992
12,RL,0,Light Heavy,0,Low,0,Low,0,Low,0,Low,0,0.280518,0.644176,0.49724,0.0370499,0.19992
13,RL,0,Light Heavy,0,Low,0,Low,0,Low,0,Low,0,0.280494,0.640536,0.495023,0.036107,0.19992
14,RL,0,Light Heavy,0,Low,0,Low,0,Low,0,Low,0,0.280475,0.637574,0.493216,0.0351402,0.19992
15,RL,0,Light Heavy,0,Low,0,Low,0,Low,0,Low,0,0.280422,0.634866,0.491561,0.0343326,0.19992
16,RL,0,BSDF Heavy,0,Low,0,Low,0,Low,0,Low,0,0.280395,0.632217,0.489939,0.0338277,0.19984
17,RL,0,BSDF Heavy,0,Low,0,Low,0,Low,0,Low,0,0.280427,0.630217,0.488713,0.0333067,0.19984
18,RL,0,BSDF Heavy,0,Low,0,Low,0,Low,0,Low,0,0.280365,0.628247,0.487504,0.0328679,0.19984
19,RL,0,BSDF Heavy,0,Low,0,Low,0,Low,0,Low,0,0.280382,0.626553,0.486463,0.0324476,0.19984
20,RL,0,BSDF Heavy,0,Low,0,Low,0,Low,0,Low,0,0.280464,0.625156,0.485604,0.0320941,0.19984
21,RL,0,BSDF Heavy,0,Low,0,Low,0,Low,0,Low,0,0.28045,0.623795,0.484766,0.0318482,0.19984
22,RL,0,BSDF Heavy,0,Low,0,Low,0,Low,0,Low,0,0.280422,0.622445,0.483934,0.0315769,0.19984
23,RL,0,BSDF Heavy,0,Low,0,Low,0,Low,0,Low,0,0.280435,0.6215,0.483352,0.0313471,0.19984
24,RL,0,Balanced,0,Low,0,Low,0,Low,0,Low,0,0.280458,0.620581,0.482785,0.0310935,0.19976
25,RL,0,Balanced,0,Low,0,Low,0,Low,0,Low,0,0.280436,0.619544,0.482145,0.0309099,0.19976
26,RL,0,Balanced,0,Low,0,Low,0,Low,0,Low,0,0.280459,0.618717,0.481634,0.0307877,0.19976
27,RL,0,Balanced,0,Low,0,Low,0,Low,0,Low,0,0.280463,0.617913,0.481137,0.0306593,0.19976
28,RL,0,Balanced,0,Low,0,Low,0,Low,0,Low,0,0.280449,0.617101,0.480635,0.0304934,0.19976
29,RL,0,Balanced,0,Low,0,Low,0,Low,0,Low,0,0.280457,0.6164,0.480202,0.0303235,0.19976
30,RL,0,Balanced,0,Low,0,Low,0,Low,0,Low,0,0.280451,0.615696,0.479766,0.0302036,0.19976
31,RL,0,Balanced,0,Low,0,Low,0,Low,0,Low,0,0.280399,0.614937,0.479296,0.030093,0.19976
32,RL,0,BSDF Heavy,0,Low,0,Low,0,Low,0,Low,0,0.280404,0.614317,0.478912,0.0300046,0.19968
33,RL,0,BSDF Heavy,0,Low,0,Low,0,Low,0,Low,0,0.280376,0.613715,0.478539,0.0298986,0.19968
34,RL,0,BSDF Heavy,0,Low,0,Low,0,Low,0,Low,0,0.280354,0.613216,0.47823,0.0298087,0.19968
35,RL,0,BSDF Heavy,0,Low,0,Low,0,Low,0,Low,0,0.280344,0.612701,0.477911,0.0297364,0.19968
36,RL,0,BSDF Heavy,0,Low,0,Low,0,Low,0,Low,0,0.280366,0.61224,0.477625,0.0296803,0.19968
37,RL,0,BSDF Heavy,0,Low,0,Low,0,Low,0,Low,0,0.280355,0.611871,0.477396,0.0296012,0.19968
38,RL,0,BSDF Heavy,0,Low,0,Low,0,Low,0,Low,0,0.280367,0.611555,0.4772,0.0294997,0.19968
39,RL,0,BSDF Heavy,0,Low,0,Low,0,Low,0,Low,0,0.280357,0.611142,0.476943,0.0294559,0.19968
40,RL,0,BSDF Heavy,0,Low,0,Low,0,Low,0,Low,0,0.280329,0.610737,0.476692,0.0294075,0.1996
41,RL,0,BSDF Heavy,0,Low,0,Low,0,Low,0,Low,0,0.28031,0.61038,0.47647,0.0293553,0.1996
42,RL,0,BSDF Heavy,0,Low,0,Low,0,Low,0,Low,0,0.280339,0.610124,0.476311,0.0292907,0.1996
43,RL,0,BSDF Heavy,0,Low,0,Low,0,Low,0,Low,0,0.280341,0.609829,0.476128,0.0292185,0.1996
44,RL,0,BSDF Heavy,0,Low,0,Low,0,Low,0,Low,0,0.280331,0.609486,0.475915,0.0292108,0.1996
45,RL,0,BSDF Heavy,0,Low,0,Low,0,Low,0,Low,0,0.280324,0.609206,0.475741,0.0291639,0.1996
46,RL,0,BSDF Heavy,0,Low,0,Low,0,Low,0,Low,0,0.280326,0.609014,0.475622,0.0291094,0.1996
47,RL,0,BSDF Heavy,0,Low,0,Low,0,Low,0,Low,0,0.280332,0.608851,0.47552,0.0290517,0.1996
48,RL,0,BSDF Heavy,0,Low,0,Low,0,Low,0,Low,0,0.280323,0.608578,0.47535,0.0290102,0.199521
49,RL,0,BSDF Heavy,0,Low,0,Low,0,Low,0,Low,0,0.280307,0.60829,0.475172,0.028958,0.199521
50,RL,0,BSDF Heavy,0,Low,0,Low,0,Low,0,Low,0,0.280308,0.608061,0.475029,0.0289487,0.199521
51,RL,0,BSDF Heavy,0,Low,0,Low,0,Low,0,Low,0,0.280293,0.607774,0.474851,0.0289272,0.199521
52,RL,0,BSDF Heavy,0,Low,0,Low,0,Low,0,Low,0,0.280288,0.607545,0.474708,0.0289042,0.199521
53,RL,0,BSDF Heavy,0,Low,0,Low,0,Low,0,Low,0,0.280261,0.607298,0.474554,0.0288765,0.199521
54,RL,0,BSDF Heavy,0,Low,0,Low,0,Low,0,Low,0,0.280274,0.607091,0.474425,0.0288358,0.199521
55,RL,0,BSDF Heavy,0,Low,0,Low,0,Low,0,Low,0,0.280281,0.606884,0.474297,0.0288266,0.199521
56,RL,0,BSDF Heavy,0,Low,0,Low,0,Low,0,Low,0,0.280289,0.606718,0.474194,0.0288227,0.199441
57,RL,0,BSDF Heavy,0,Low,0,Low,0,Low,0,Low,0,0.280309,0.606507,0.474062,0.0288058,0.199441
58,RL,0,BSDF Heavy,0,Low,0,Low,0,Low,0,Low,0,0.280314,0.606347,0.473963,0.0287751,0.199441
59,RL,0,BSDF Heavy,0,Low,0,Low,0,Low,0,Low,0,0.280289,0.606144,0.473836,0.0287559,0.199441
60,RL,0,BSDF Heavy,0,Low,0,Low,0,Low,0,Low,0,0.28029,0.605957,0.47372,0.0287305,0.199441
61,RL,0,BSDF Heavy,0,Low,0,Low,0,Low,0,Low,0,0.280271,0.605824,0.473637,0.0287174,0.199441
62,RL,0,BSDF Heavy,0,Low,0,Low,0,Low,0,Low,0,0.280262,0.605641,0.473523,0.0286875,0.199441
63,RL,0,BSDF Heavy,0,Low,0,Low,0,Low,0,Low,0,0.280258,0.605519,0.473447,0.0286744,0.199441
64,RL,0,BSDF Heavy,0,Low,0,Low,0,Low,0,Low,0,0.280258,0.60538,0.47336,0.0286198,0.199361
65,RL,0,BSDF Heavy,0,Low,0,Low,0,Low,0,Low,0,0.280257,0.605241,0.473274,0.0286029,0.199361
66,RL,0,BSDF Heavy,0,Low,0,Low,0,Low,0,Low,0,0.280243,0.605101,0.473187,0.0286091,0.199361
67,RL,0,BSDF Heavy,0,Low,0,Low,0,Low,0,Low,0,0.280245,0.60496,0.473099,0.0286099,0.199361
68,RL,0,BSDF Heavy,0,Low,0,Low,0,Low,0,Low,0,0.280238,0.60482,0.473012,0.028576,0.199361
69,RL,0,BSDF Heavy,0,Low,0,Low,0,Low,0,Low,0,0.280242,0.604698,0.472936,0.0285507,0.199361
70,RL,0,BSDF Heavy,0,Low,0,Low,0,Low,0,Low,0,0.280254,0.604595,0.472871,0.0285307,0.199361
71,RL,0,BSDF Heavy,0,Low,0,Low,0,Low,0,Low,0,0.280255,0.604485,0.472803,0.0285269,0.199361
72,RL,0,BSDF Heavy,0,Low,0,Low,0,Low,0,Low,0,0.280262,0.604357,0.472723,0.0284992,0.199281
73,RL,0,BSDF Heavy,0,Low,0,Low,0,Low,0,Low,0,0.280264,0.604228,0.472643,0.0284915,0.199281
74,RL,0,BSDF Heavy,0,Low,0,Low,0,Low,0,Low,0,0.280278,0.604098,0.472562,0.0284938,0.199281
75,RL,0,BSDF Heavy,0,Low,0,Low,0,Low,0,Low,0,0.280299,0.604002,0.472502,0.0284807,0.199281
76,RL,0,BSDF Heavy,0,Low,0,Low,0,Low,0,Low,0,0.280305,0.603879,0.472425,0.0284692,0.199281
77,RL,0,BSDF Heavy,0,Low,0,Low,0,Low,0,Low,0,0.280314,0.603772,0.472358,0.0284385,0.199281
78,RL,0,BSDF Heavy,0,Low,0,Low,0,Low,0,Low,0,0.280303,0.603685,0.472304,0.0284162,0.199281
79,RL,0,BSDF Heavy,0,Low,0,Low,0,Low,0,Low,0,0.280296,0.603626,0.472267,0.0283978,0.199281
80,RL,0,BSDF Heavy,0,Low,0,Low,0,Low,0,Low,0,0.280303,0.603541,0.472215,0.0283801,0.199202
81,RL,0,BSDF Heavy,0,Low,0,Low,0,Low,0,Low,0,0.280301,0.603431,0.472146,0.0283632,0.199202
82,RL,0,BSDF Heavy,0,Low,0,Low,0,Low,0,Low,0,0.280314,0.603384,0.472116,0.0283547,0.199202
83,RL,0,BSDF Heavy,0,Low,0,Low,0,Low,0,Low,0,0.280319,0.603316,0.472074,0.0283516,0.199202
84,RL,0,BSDF Heavy,0,Low,0,Low,0,Low,0,Low,0,0.280317,0.603241,0.472027,0.0283002,0.199202
85,RL,0,BSDF Heavy,0,Low,0,Low,0,Low,0,Low,0,0.280314,0.603164,0.471979,0.0282979,0.199202
86,RL,0,BSDF Heavy,0,Low,0,Low,0,Low,0,Low,0,0.280323,0.603082,0.471928,0.0282932,0.199202
87,RL,0,BSDF Heavy,0,Low,0,Low,0,Low,0,Low,0,0.280324,0.602994,0.471873,0.0282917,0.199202
88,RL,0,BSDF Heavy,0,Low,0,Low,0,Low,0,Low,0,0.28032,0.602933,0.471835,0.0282694,0.199122
89,RL,0,BSDF Heavy,0,Low,0,Low,0,Low,0,Low,0,0.280335,0.60288,0.471802,0.0282579,0.199122
90,RL,0,BSDF Heavy,0,Low,0,Low,0,Low,0,Low,0,0.280327,0.602791,0.471747,0.0282487,0.199122
91,RL,0,BSDF Heavy,0,Low,0,Low,0,Low,0,Low,0,0.280331,0.602734,0.471711,0.0282225,0.199122
92,RL,0,BSDF Heavy,0,Low,0,Low,0,Low,0,Low,0,0.280321,0.602642,0.471654,0.0282172,0.199122
93,RL,0,BSDF Heavy,0,Low,0,Low,0,Low,0,Low,0,0.280324,0.602568,0.471607,0.0281964,0.199122
94,RL,0,BSDF Heavy,0,Low,0,Low,0,Low,0,Low,0,0.280316,0.602486,0.471556,0.0282018,0.199122
95,RL,0,BSDF Heavy,0,Low,0,Low,0,Low,0,Low,0,0.2803,0.602423,0.471517,0.028181,0.199122
96,RL,0,BSDF Heavy,0,Low,0,Low,0,Low,0,Low,0,0.280285,0.602342,0.471466,0.028168,0.199042
97,RL,0,BSDF Heavy,0,Low,0,Low,0,Low,0,Low,0,0.280278,0.602283,0.471429,0.0281603,0.199042
98,RL,0,BSDF Heavy,0,Low,0,Low,0,Low,0,Low,0,0.280276,0.602235,0.471399,0.0281334,0.199042
99,RL,0,BSDF Heavy,0,Low,0,Low,0,Low,0,Low,0,0.280277,0.602154,0.471349,0.0281111,0.199042
100,RL,0,BSDF Heavy,0,Low,0,Low,0,Low,0,Low,0,0.280281,0.602083,0.471304,0.0281011,0.199042
101,RL,0,BSDF Heavy,0,Low,0,Low,0,Low,0,Low,0,0.28028,0.602031,0.471272,0.0281088,0.199042
102,RL,0,BSDF Heavy,0,Low,0,Low,0,Low,0,Low,0,0.280282,0.60198,0.47124,0.028115,0.199042
103,RL,0,BSDF Heavy,0,Low,0,Low,0,Low,0,Low,0,0.280276,0.601937,0.471213,0.0280958,0.199042
104,RL,0,BSDF Heavy,0,Low,0,Low,0,Low,0,Low,0,0.280272,0.60189,0.471184,0.0280835,0.198963
105,RL,0,BSDF Heavy,0,Low,0,Low,0,Low,0,Low,0,0.280277,0.601828,0.471145,0.0280896,0.198963
106,RL,0,BSDF Heavy,0,Low,0,Low,0,Low,0,Low,0,0.280278,0.601744,0.471093,0.0280735,0.198963
107,RL,0,BSDF Heavy,0,Low,0,Low,0,Low,0,Low,0,0.280276,0.601676,0.471051,0.028075,0.198963
108,RL,0,BSDF Heavy,0,Low,0,Low,0,Low,0,Low,0,0.28029,0.601653,0.471036,0.0281065,0.198963
109,RL,0,BSDF Heavy,0,Low,0,Low,0,Low,0,Low,0,0.280287,0.60159,0.470997,0.0280988,0.198963
110,RL,0,BSDF Heavy,0,Low,0,Low,0,Low,0,Low,0,0.280279,0.601519,0.470953,0.0280881,0.198963
111,RL,0,BSDF Heavy,0,Low,0,Low,0,Low,0,Low,0,0.280288,0.601457,0.470914,0.0280596,0.198963
112,RL,0,BSDF Heavy,0,Low,0,Low,0,Low,0,Low,0,0.280289,0.601433,0.470899,0.028042,0.198883
113,RL,0,BSDF Heavy,0,Low,0,Low,0,Low,0,Low,0,0.280286,0.601375,0.470863,0.0280297,0.198883
114,RL,0,BSDF Heavy,0,Low,0,Low,0,Low,0,Low,0,0.280283,0.601305,0.470819,0.0280535,0.198883
115,RL,0,BSDF Heavy,0,Low,0,Low,0,Low,0,Low,0,0.280287,0.601262,0.470792,0.0280543,0.198883
116,RL,0,BSDF Heavy,0,Low,0,Low,0,Low,0,Low,0,0.280288,0.601227,0.47077,0.028042,0.198883
117,RL,0,BSDF Heavy,0,Low,0,Low,0,Low,0,Low,0,0.280282,0.601173,0.470736,0.0280304,0.198883
118,RL,0,BSDF Heavy,0,Low,0,Low,0,Low,0,Low,0,0.28028,0.601116,0.470701,0.0280204,0.198883
119,RL,0,BSDF Heavy,0,Low,0,Low,0,Low,0,Low,0,0.280277,0.601043,0.470655,0.0280174,0.198883
120,RL,0,BSDF Heavy,0,Low,0,Low,0,Low,0,Low,0,0.280275,0.601011,0.470635,0.0280097,0.198804
121,RL,0,BSDF Heavy,0,Low,0,Low,0,Low,0,Low,0,0.280281,0.600975,0.470613,0.0280012,0.198804
122,RL,0,BSDF Heavy,0,Low,0,Low,0,Low,0,Low,0,0.280277,0.600915,0.470576,0.0280005,0.198804
123,RL,0,BSDF Heavy,0,Low,0,Low,0,Low,0,Low,0,0.280279,0.600876,0.470551,0.0279889,0.198804
124,RL,0,BSDF Heavy,0,Low,0,Low,0,Low,0,Low,0,0.28028,0.600836,0.470526,0.0279843,0.198804
125,RL,0,BSDF Heavy,0,Low,0,Low,0,Low,0,Low,0,0.280276,0.600811,0.470511,0.0279843,0.198804
126,RL,0,BSDF Heavy,0,Low,0,Low,0,Low,0,Low,0,0.280273,0.600773,0.470486,0.0279659,0.198804
127,RL,0,BSDF Heavy,0,Low,0,Low,0,Low,0,Low,0,0.280272,0.600727,0.470458,0.0279605,0.198804
128,RL,0,BSDF Heavy,0,Low,0,Low,0,Low,0,Low,0,0.280276,0.600681,0.470429,0.027952,0.198724
129,RL,0,BSDF Heavy,0,Low,0,Low,0,Low,0,Low,0,0.280274,0.600655,0.470413,0.0279559,0.198724
130,RL,0,BSDF Heavy,0,Low,0,Low,0,Low,0,Low,0,0.280271,0.600608,0.470384,0.0279728,0.198724
131,RL,0,BSDF Heavy,0,Low,0,Low,0,Low,0,Low,0,0.280263,0.600566,0.470357,0.0279666,0.198724
132,RL,0,BSDF Heavy,0,Low,0,Low,0,Low,0,Low,0,0.280269,0.600525,0.470332,0.0279536,0.198724
133,RL,0,BSDF Heavy,0,Low,0,Low,0,Low,0,Low,0,0.280266,0.600475,0.4703,0.0279313,0.198724
134,RL,0,BSDF Heavy,0,Low,0,Low,0,Low,0,Low,0,0.280271,0.600439,0.470278,0.027939,0.198724
135,RL,0,BSDF Heavy,0,Low,0,Low,0,Low,0,Low,0,0.280279,0.600419,0.470265,0.0279459,0.198724
136,RL,0,Balanced,0,Low,0,Low,0,Low,0,Low,0,0.280276,0.600391,0.470248,0.0279405,0.198645
137,RL,0,Balanced,0,Low,0,Low,0,Low,0,Low,0,0.280275,0.600364,0.470231,0.0279259,0.198645
138,RL,0,Balanced,0,Low,0,Low,0,Low,0,Low,0,0.280277,0.600328,0.470209,0.0279267,0.198645
139,RL,0,Balanced,0,Low,0,Low,0,Low,0,Low,0,0.280276,0.600293,0.470187,0.0279013,0.198645
140,RL,0,Balanced,0,Low,0,Low,0,Low,0,Low,0,0.280277,0.600275,0.470175,0.0279013,0.198645
141,RL,0,Balanced,0,Low,0,Low,0,Low,0,Low,0,0.280273,0.600247,0.470158,0.0279036,0.198645
142,RL,0,Balanced,0,Low,0,Low,0,Low,0,Low,0,0.280272,0.600213,0.470136,0.0278975,0.198645
143,RL,0,Balanced,0,Low,0,Low,0,Low,0,Low,0,0.280272,0.600176,0.470114,0.0279129,0.198645
144,RL,0,BSDF Heavy,0,Low,0,Low,0,Low,0,Low,0,0.280273,0.600151,0.470098,0.0278967,0.198565
145,RL,0,BSDF Heavy,0,Low,0,Low,0,Low,0,Low,0,0.280276,0.600114,0.470075,0.0278906,0.198565
146,RL,0,BSDF Heavy,0,Low,0,Low,0,Low,0,Low,0,0.280275,0.600082,0.470055,0.0278883,0.198565
147,RL,0,BSDF Heavy,0,Low,0,Low,0,Low,0,Low,0,0.280273,0.60006,0.470041,0.0278752,0.198565
148,RL,0,BSDF Heavy,0,Low,0,Low,0,Low,0,Low,0,0.280277,0.600037,0.470027,0.0278767,0.198565
149,RL,0,BSDF Heavy,0,Low,0,Low,0,Low,0,Low,0,0.280281,0.600015,0.470013,0.0278729,0.198565
150,RL,0,BSDF Heavy,0,Low,0,Low,0,Low,0,Low,0,0.280279,0.599984,0.469994,0.0278852,0.198565
151,RL,0,BSDF Heavy,0,Low,0,Low,0,Low,0,Low,0,0.280278,0.599958,0.469977,0.0278683,0.198565
152,RL,0,BSDF Heavy,0,Low,0,Low,0,Low,0,Low,0,0.280275,0.599924,0.469956,0.0278691,0.198486
153,RL,0,BSDF Heavy,0,Low,0,Low,0,Low,0,Low,0,0.280282,0.599894,0.469937,0.0278568,0.198486
154,RL,0,BSDF Heavy,0,Low,0,Low,0,Low,0,Low,0,0.280285,0.599867,0.46992,0.0278399,0.198486
155,RL,0,BSDF Heavy,0,Low,0,Low,0,Low,0,Low,0,0.280286,0.599845,0.469907,0.0278283,0.198486
156,RL,0,BSDF Heavy,0,Low,0,Low,0,Low,0,Low,0,0.280286,0.599818,0.46989,0.0278253,0.198486
157,RL,0,BSDF Heavy,0,Low,0,Low,0,Low,0,Low,0,0.28029,0.599794,0.469875,0.0278214,0.198486
158,RL,0,BSDF Heavy,0,Low,0,Low,0,Low,0,Low,0,0.28029,0.599774,0.469862,0.0278229,0.198486
159,RL,0,BSDF Heavy,0,Low,0,Low,0,Low,0,Low,0,0.280293,0.599755,0.469851,0.027816,0.198486
160,RL,0,BSDF Heavy,0,Low,0,Low,0,Low,0,Low,0,0.280285,0.599712,0.469824,0.0278068,0.198406
161,RL,0,BSDF Heavy,0,Low,0,Low,0,Low,0,Low,0,0.280285,0.599689,0.469809,0.0278168,0.198406
162,RL,0,BSDF Heavy,0,Low,0,Low,0,Low,0,Low,0,0.280279,0.599653,0.469786,0.0278091,0.198406
163,RL,0,BSDF Heavy,0,Low,0,Low,0,Low,0,Low,0,0.280276,0.59962,0.469766,0.027816,0.198406
164,RL,0,BSDF Heavy,0,Low,0,Low,0,Low,0,Low,0,0.280279,0.599594,0.46975,0.0278383,0.198406
165,RL,0,BSDF Heavy,0,Low,0,Low,0,Low,0,Low,0,0.280274,0.599568,0.469734,0.0278206,0.198406
166,RL,0,BSDF Heavy,0,Low,0,Low,0,Low,0,Low,0,0.280273,0.599561,0.469729,0.0278245,0.198406
167,RL,0,BSDF Heavy,0,Low,0,Low,0,Low,0,Low,0,0.280279,0.599541,0.469717,0.0278199,0.198406
168,RL,0,BSDF Heavy,0,Low,0,Low,0,Low,0,Low,0,0.28028,0.599532,0.469711,0.0278153,0.198327
169,RL,0,BSDF Heavy,0,Low,0,Low,0,Low,0,Low,0,0.280279,0.599498,0.46969,0.0278145,0.198327
170,RL,0,BSDF Heavy,0,Low,0,Low,0,Low,0,Low,0,0.280276,0.599477,0.469676,0.0277991,0.198327
171,RL,0,BSDF Heavy,0,Low,0,Low,0,Low,0,Low,0,0.280275,0.599452,0.469661,0.027793,0.198327
172,RL,0,BSDF Heavy,0,Low,0,Low,0,Low,0,Low,0,0.280272,0.599432,0.469649,0.0277999,0.198327
173,RL,0,BSDF Heavy,0,Low,0,Low,0,Low,0,Low,0,0.280272,0.599416,0.469638,0.0277845,0.198327
174,RL,0,BSDF Heavy,0,Low,0,Low,0,Low,0,Low,0,0.280275,0.599386,0.46962,0.0277791,0.198327
175,RL,0,BSDF Heavy,0,Low,0,Low,0,Low,0,Low,0,0.280276,0.599362,0.469605,0.0277853,0.198327
176,RL,0,BSDF Heavy,0,Low,0,Low,0,Low,0,Low,0,0.280279,0.599338,0.46959,0.027773,0.198248
177,RL,0,BSDF Heavy,0,Low,0,Low,0,Low,0,Low,0,0.280281,0.599308,0.469571,0.0277776,0.198248
178,RL,0,BSDF Heavy,0,Low,0,Low,0,Low,0,Low,0,0.280284,0.599294,0.469562,0.0277692,0.198248
179,RL,0,BSDF Heavy,0,Low,0,Low,0,Low,0,Low,0,0.280279,0.599269,0.469547,0.0277553,0.198248
180,RL,0,BSDF Heavy,0,Low,0,Low,0,Low,0,Low,0,0.280285,0.599265,0.469544,0.0277584,0.198248
181,RL,0,BSDF Heavy,0,Low,0,Low,0,Low,0,Low,0,0.280287,0.599244,0.469531,0.0277569,0.198248
182,RL,0,BSDF Heavy,0,Low,0,Low,0,Low,0,Low,0,0.280287,0.599231,0.469523,0.0277522,0.198248
183,RL,0,BSDF Heavy,0,Low,0,Low,0,Low,0,Low,0,0.280289,0.599206,0.469507,0.0277446,0.198248
184,RL,0,BSDF Heavy,0,Low,0,Low,0,Low,0,Low,0,0.280295,0.5992,0.469503,0.0277346,0.198168
185,RL,0,BSDF Heavy,0,Low,0,Low,0,Low,0,Low,0,0.280294,0.599192,0.469498,0.0277446,0.198168
186,RL,0,BSDF Heavy,0,Low,0,Low,0,Low,0,Low,0,0.280299,0.599173,0.469486,0.0277423,0.198168
187,RL,0,BSDF Heavy,0,Low,0,Low,0,Low,0,Low,0,0.280298,0.599149,0.469472,0.0277361,0.198168
188,RL,0,BSDF Heavy,0,Low,0,Low,0,Low,0,Low,0,0.280295,0.599115,0.46945,0.0277369,0.198168
189,RL,0,BSDF Heavy,0,Low,0,Low,0,Low,0,Low,0,0.280298,0.599098,0.46944,0.0277307,0.198168
190,RL,0,BSDF Heavy,0,Low,0,Low,0,Low,0,Low,0,0.280304,0.599079,0.469428,0.0277369,0.198168
191,RL,0,BSDF Heavy,0,Low,0,Low,0,Low,0,Low,0,0.280307,0.599064,0.469418,0.02773,0.198168
192,RL,0,Light Heavy,0,Low,0,Low,0,Low,0,Low,0,0.280298,0.599036,0.469401,0.0277261,0.198089
193,RL,0,Light Heavy,0,Low,0,Low,0,Low,0,Low,0,0.2803,0.599012,0.469386,0.0277077,0.198089
194,RL,0,Light Heavy,0,Low,0,Low,0,Low,0,Low,0,0.280308,0.599012,0.469386,0.0277169,0.198089
195,RL,0,Light Heavy,0,Low,0,Low,0,Low,0,Low,0,0.280313,0.599003,0.46938,0.0277123,0.198089
196,RL,0,Light Heavy,0,Low,0,Low,0,Low,0,Low,0,0.280317,0.598989,0.469371,0.0277108,0.198089
197,RL,0,Light Heavy,0,Low,0,Low,0,Low,0,Low,0,0.280325,0.598983,0.469368,0.0277123,0.198089
198,RL,0,Light Heavy,0,Low,0,Low,0,Low,0,Low,0,0.280327,0.598979,0.469365,0.0276985,0.198089
199,RL,0,Light Heavy,0,Low,0,Low,0,Low,0,Low,0,0.280325,0.598946,0.469345,0.0276969,0.198089
200,RL,0,Light Heavy,0,Low,0,Low,0,Low,0,Low,0,0.280329,0.598936,0.469338,0.0276885,0.19801
201,RL,0,Light Heavy,0,Low,0,Low,0,Low,0,Low,0,0.280325,0.598915,0.469325,0.0276823,0.19801
202,RL,0,Light Heavy,0,Low,0,Low,0,Low,0,Low,0,0.280327,0.598898,0.469315,0.0276769,0.19801
203,RL,0,Light Heavy,0,Low,0,Low,0,Low,0,Low,0,0.280329,0.598877,0.469301,0.0276869,0.19801
204,RL,0,Light Heavy,0,Low,0,Low,0,Low,0,Low,0,0.280334,0.598867,0.469295,0.0276816,0.19801
205,RL,0,Light Heavy,0,Low,0,Low,0,Low,0,Low,0,0.280333,0.59885,0.469285,0.0276792,0.19801
206,RL,0,Light Heavy,0,Low,0,Low,0,Low,0,Low,0,0.280334,0.598844,0.469281,0.0276723,0.19801
207,RL,0,Light Heavy,0,Low,0,Low,0,Low,0,Low,0,0.280334,0.598816,0.469263,0.0276739,0.19801
208,RL,0,BSDF Heavy,0,Low,0,Low,0,Low,0,Low,0,0.280326,0.59879,0.469247,0.0276762,0.197931
209,RL,0,BSDF Heavy,0,Low,0,Low,0,Low,0,Low,0,0.280329,0.598779,0.46924,0.0276685,0.197931
210,RL,0,BSDF Heavy,0,Low,0,Low,0,Low,0,Low,0,0.280332,0.598756,0.469226,0.0276708,0.197931
211,RL,0,BSDF Heavy,0,Low,0,Low,0,Low,0,Low,0,0.280338,0.598743,0.469218,0.0276623,0.197931
212,RL,0,BSDF Heavy,0,Low,0,Low,0,Low,0,Low,0,0.280339,0.598727,0.469208,0.0276754,0.197931
213,RL,0,BSDF Heavy,0,Low,0,Low,0,Low,0,Low,0,0.280339,0.598719,0.469203,0.02769,0.197931
214,RL,0,BSDF Heavy,0,Low,0,Low,0,Low,0,Low,0,0.280339,0.598698,0.46919,0.0276808,0.197931
215,RL,0,BSDF Heavy,0,Low,0,Low,0,Low,0,Low,0,0.280335,0.598686,0.469182,0.0276769,0.197931
216,RL,0,BSDF Heavy,0,Low,0,Low,0,Low,0,Low,0,0.280333,0.598673,0.469174,0.02767,0.197852
217,RL,0,BSDF Heavy,0,Low,0,Low,0,Low,0,Low,0,0.280335,0.598649,0.469159,0.0276746,0.197852
218,RL,0,BSDF Heavy,0,Low,0,Low,0,Low,0,Low,0,0.280333,0.598638,0.469152,0.027657,0.197852
219,RL,0,BSDF Heavy,0,Low,0,Low,0,Low,0,Low,0,0.280328,0.598621,0.469142,0.0276562,0.197852
220,RL,0,BSDF Heavy,0,Low,0,Low,0,Low,0,Low,0,0.280331,0.598606,0.469132,0.0276623,0.197852
221,RL,0,BSDF Heavy,0,Low,0,Low,0,Low,0,Low,0,0.28033,0.598603,0.46913,0.0276669,0.197852
222,RL,0,BSDF Heavy,0,Low,0,Low,0,Low,0,Low,0,0.280332,0.598603,0.46913,0.0276654,0.197852
223,RL,0,BSDF Heavy,0,Low,0,Low,0,Low,0,Low,0,0.280331,0.598602,0.469129,0.0276708,0.197852
224,RL,0,Balanced,0,Low,0,Low,0,Low,0,Low,0,0.280326,0.59859,0.469122,0.0276585,0.197773
225,RL,0,Balanced,0,Low,0,Low,0,Low,0,Low,0,0.280322,0.598579,0.469115,0.0276493,0.197773
226,RL,0,Balanced,0,Low,0,Low,0,Low,0,Low,0,0.280327,0.598564,0.469106,0.0276385,0.197773
227,RL,0,Balanced,0,Low,0,Low,0,Low,0,Low,0,0.280327,0.598561,0.469104,0.0276293,0.197773
228,RL,0,Balanced,0,Low,0,Low,0,Low,0,Low,0,0.280327,0.59855,0.469097,0.0276324,0.197773
229,RL,0,Balanced,0,Low,0,Low,0,Low,0,Low,0,0.280329,0.598532,0.469086,0.0276347,0.197773
230,RL,0,Balanced,0,Low,0,Low,0,Low,0,Low,0,0.280328,0.598521,0.469079,0.0276331,0.197773
231,RL,0,Balanced,0,Low,0,Low,0,Low,0,Low,0,0.28033,0.598513,0.469074,0.027627,0.197773
232,RL,0,BSDF Heavy,0,Low,0,Low,0,Low,0,Low,0,0.280327,0.598499,0.469065,0.0276178,0.197693
233,RL,0,BSDF Heavy,0,Low,0,Low,0,Low,0,Low,0,0.280323,0.598486,0.469057,0.027627,0.197693
234,RL,0,BSDF Heavy,0,Low,0,Low,0,Low,0,Low,0,0.280324,0.59848,0.469053,0.0276354,0.197693
235,RL,0,BSDF Heavy,0,Low,0,Low,0,Low,0,Low,0,0.280321,0.598453,0.469036,0.027627,0.197693
236,RL,0,BSDF Heavy,0,Low,0,Low,0,Low,0,Low,0,0.280317,0.598434,0.469024,0.0276278,0.197693
237,RL,0,BSDF Heavy,0,Low,0,Low,0,Low,0,Low,0,0.280317,0.598409,0.469009,0.0276208,0.197693
238,RL,0,BSDF Heavy,0,Low,0,Low,0,Low,0,Low,0,0.280314,0.598389,0.468996,0.0276162,0.197693
239,RL,0,BSDF Heavy,0,Low,0,Low,0,Low,0,Low,0,0.280313,0.598378,0.46899,0.0276301,0.197693
240,RL,0,BSDF Heavy,0,Low,0,Low,0,Low,0,Low,0,0.280311,0.598363,0.46898,0.0276262,0.197614
241,RL,0,BSDF Heavy,0,Low,0,Low,0,Low,0,Low,0,0.280313,0.598361,0.468979,0.0276224,0.197614
242,RL,0,BSDF Heavy,0,Low,0,Low,0,Low,0,Low,0,0.280312,0.598343,0.468967,0.0276216,0.197614
243,RL,0,BSDF Heavy,0,Low,0,Low,0,Low,0,Low,0,0.280312,0.59833,0.468959,0.0276193,0.197614
244,RL,0,BSDF Heavy,0,Low,0,Low,0,Low,0,Low,0,0.280311,0.598324,0.468956,0.027617,0.197614
245,RL,0,BSDF Heavy,0,Low,0,Low,0,Low,0,Low,0,0.280312,0.598328,0.468958,0.0276116,0.197614
246,RL,0,BSDF Heavy,0,Low,0,Low,0,Low,0,Low,0,0.280312,0.598305,0.468943,0.0276239,0.197614
247,RL,0,BSDF Heavy,0,Low,0,Low,0,Low,0,Low,0,0.280311,0.598297,0.468938,0.0276116,0.197614
248,RL,0,BSDF Heavy,0,Low,0,Low,0,Low,0,Low,0,0.280312,0.598284,0.468931,0.0276032,0.197535
249,RL,0,BSDF Heavy,0,Low,0,Low,0,Low,0,Low,0,0.280311,0.598274,0.468925,0.0276155,0.197535
250,RL,0,BSDF Heavy,0,Low,0,Low,0,Low,0,Low,0,0.280312,0.598267,0.46892,0.0276124,0.197535
251,RL,0,BSDF Heavy,0,Low,0,Low,0,Low,0,Low,0,0.28031,0.598249,0.468909,0.0276085,0.197535
252,RL,0,BSDF Heavy,0,Low,0,Low,0,Low,0,Low,0,0.280308,0.598237,0.468901,0.0276124,0.197535
253,RL,0,BSDF Heavy,0,Low,0,Low,0,Low,0,Low,0,0.280308,0.598234,0.468899,0.0276124,0.197535
254,RL,0,BSDF Heavy,0,Low,0,Low,0,Low,0,Low,0,0.280313,0.598225,0.468894,0.0276001,0.197535
255,RL,0,BSDF Heavy,0,Low,0,Low,0,Low,0,Low,0,0.280314,0.598216,0.468888,0.0275978,0.197535
256,RL,0,BSDF Heavy,0,Low,0,Low,0,Low,0,Low,0,0.280308,0.598198,0.468877,0.0276062,0.197456
257,RL,0,BSDF Heavy,0,Low,0,Low,0,Low,0,Low,0,0.28031,0.598189,0.468871,0.0276116,0.197456
258,RL,0,BSDF Heavy,0,Low,0,Low,0,Low,0,Low,0,0.280308,0.598183,0.468868,0.0275947,0.197456
259,RL,0,BSDF Heavy,0,Low,0,Low,0,Low,0,Low,0,0.280312,0.598173,0.468861,0.0275855,0.197456
260,RL,0,BSDF Heavy,0,Low,0,Low,0,Low,0,Low,0,0.28031,0.598179,0.468865,0.0275778,0.197456
261,RL,0,BSDF Heavy,0,Low,0,Low,0,Low,0,Low,0,0.280307,0.598176,0.468863,0.0275847,0.197456
262,RL,0,BSDF Heavy,0,Low,0,Low,0,Low,0,Low,0,0.280314,0.598168,0.468858,0.0275901,0.197456
263,RL,0,BSDF Heavy,0,Low,0,Low,0,Low,0,Low,0,0.280312,0.598158,0.468852,0.0275886,0.197456
264,RL,0,BSDF Heavy,0,Low,0,Low,0,Low,0,Low,0,0.280311,0.598147,0.468845,0.027584,0.197377
265,RL,0,BSDF Heavy,0,Low,0,Low,0,Low,0,Low,0,0.280313,0.598142,0.468842,0.0275763,0.197377
266,RL,0,BSDF Heavy,0,Low,0,Low,0,Low,0,Low,0,0.280317,0.59814,0.46884,0.027574,0.197377
267,RL,0,BSDF Heavy,0,Low,0,Low,0,Low,0,Low,0,0.280318,0.598141,0.468841,0.0275678,0.197377
268,RL,0,BSDF Heavy,0,Low,0,Low,0,Low,0,Low,0,0.280319,0.598115,0.468825,0.0275624,0.197377
269,RL,0,BSDF Heavy,0,Low,0,Low,0,Low,0,Low,0,0.280319,0.59811,0.468821,0.0275686,0.197377
270,RL,0,BSDF Heavy,0,Low,0,Low,0,Low,0,Low,0,0.280321,0.598103,0.468817,0.0275809,0.197377
271,RL,0,BSDF Heavy,0,Low,0,Low,0,Low,0,Low,0,0.280323,0.598098,0.468814,0.0275701,0.197377
272,RL,0,BSDF Heavy,0,Low,0,Low,0,Low,0,Low,0,0.280321,0.598085,0.468806,0.0275701,0.197298
273,RL,0,BSDF Heavy,0,Low,0,Low,0,Low,0,Low,0,0.28032,0.598068,0.468796,0.0275694,0.197298
274,RL,0,BSDF Heavy,0,Low,0,Low,0,Low,0,Low,0,0.280322,0.598067,0.468795,0.027574,0.197298
275,RL,0,BSDF Heavy,0,Low,0,Low,0,Low,0,Low,0,0.280319,0.598057,0.468789,0.027567,0.197298
276,RL,0,BSDF Heavy,0,Low,0,Low,0,Low,0,Low,0,0.280321,0.598047,0.468782,0.027584,0.197298
277,RL,0,BSDF Heavy,0,Low,0,Low,0,Low,0,Low,0,0.280322,0.598037,0.468776,0.0275717,0.197298
278,RL,0,BSDF Heavy,0,Low,0,Low,0,Low,0,Low,0,0.280322,0.598028,0.46877,0.0275594,0.197298
279,RL,0,BSDF Heavy,0,Low,0,Low,0,Low,0,Low,0,0.280325,0.598021,0.468766,0.0275578,0.197298
280,RL,0,BSDF Heavy,0,Low,0,Low,0,Low,0,Low,0,0.280327,0.598018,0.468764,0.027554,0.19722
281,RL,0,BSDF Heavy,0,Low,0,Low,0,Low,0,Low,0,0.280326,0.598005,0.468756,0.0275555,0.19722
282,RL,0,BSDF Heavy,0,Low,0,Low,0,Low,0,Low,0,0.280327,0.598001,0.468754,0.0275548,0.19722
283,RL,0,BSDF Heavy,0,Low,0,Low,0,Low,0,Low,0,0.280322,0.597998,0.468751,0.0275601,0.19722
284,RL,0,BSDF Heavy,0,Low,0,Low,0,Low,0,Low,0,0.280323,0.597994,0.468749,0.0275548,0.19722
285,RL,0,BSDF Heavy,0,Low,0,Low,0,Low,0,Low,0,0.280322,0.597983,0.468742,0.0275624,0.19722
286,RL,0,BSDF Heavy,0,Low,0,Low,0,Low,0,Low,0,0.280323,0.597971,0.468735,0.0275455,0.19722
287,RL,0,BSDF Heavy,0,Low,0,Low,0,Low,0,Low,0,0.280322,0.597962,0.468729,0.027534,0.19722
288,RL,0,BSDF Heavy,0,Low,0,Low,0,Low,0,Low,0,0.28032,0.597952,0.468723,0.0275386,0.197141
289,RL,0,BSDF Heavy,0,Low,0,Low,0,Low,0,Low,0,0.280319,0.597953,0.468723,0.0275448,0.197141
290,RL,0,BSDF Heavy,0,Low,0,Low,0,Low,0,Low,0,0.280319,0.597942,0.468717,0.0275478,0.197141
291,RL,0,BSDF Heavy,0,Low,0,Low,0,Low,0,Low,0,0.280322,0.597937,0.468713,0.0275448,0.197141
292,RL,0,BSDF Heavy,0,Low,0,Low,0,Low,0,Low,0,0.28032,0.597933,0.468711,0.027544,0.197141
293,RL,0,BSDF Heavy,0,Low,0,Low,0,Low,0,Low,0,0.280322,0.597921,0.468704,0.0275402,0.197141
294,RL,0,BSDF Heavy,0,Low,0,Low,0,Low,0,Low,0,0.280319,0.597904,0.468693,0.0275394,0.197141
295,RL,0,BSDF Heavy,0,Low,0,Low,0,Low,0,Low,0,0.280322,0.597901,0.468691,0.0275463,0.197141
296,RL,0,BSDF Heavy,0,Low,0,Low,0,Low,0,Low,0,0.280323,0.597888,0.468683,0.0275532,0.197062
297,RL,0,BSDF Heavy,0,Low,0,Low,0,Low,0,Low,0,0.280322,0.597889,0.468684,0.0275524,0.197062
298,RL,0,BSDF Heavy,0,Low,0,Low,0,Low,0,Low,0,0.28032,0.59788,0.468678,0.0275532,0.197062
299,RL,0,BSDF Heavy,0,Low,0,Low,0,Low,0,Low,0,0.280321,0.597879,0.468677,0.027554,0.197062
300,RL,0,BSDF Heavy,0,Low,0,Low,0,Low,0,Low,0,0.280321,0.597876,0.468675,0.0275486,0.197062
301,RL,0,BSDF Heavy,0,Low,0,Low,0,Low,0,Low,0,0.28032,0.59787,0.468672,0.0275471,0.197062
302,RL,0,BSDF Heavy,0,Low,0,Low,0,Low,0,Low,0,0.28032,0.597858,0.468664,0.0275509,0.197062
303,RL,0,BSDF Heavy,0,Low,0,Low,0,Low,0,Low,0,0.28032,0.597852,0.46866,0.0275425,0.197062
304,RL,0,BSDF Heavy,0,Low,0,Low,0,Low,0,Low,0,0.280321,0.597842,0.468654,0.0275355,0.196983
305,RL,0,BSDF Heavy,0,Low,0,Low,0,Low,0,Low,0,0.28032,0.597831,0.468647,0.0275378,0.196983
306,RL,0,BSDF Heavy,0,Low,0,Low,0,Low,0,Low,0,0.280323,0.59783,0.468646,0.0275332,0.196983
307,RL,0,BSDF Heavy,0,Low,0,Low,0,Low,0,Low,0,0.280324,0.597816,0.468638,0.0275409,0.196983
308,RL,0,BSDF Heavy,0,Low,0,Low,0,Low,0,Low,0,0.280322,0.597813,0.468636,0.0275332,0.196983
309,RL,0,BSDF Heavy,0,Low,0,Low,0,Low,0,Low,0,0.280318,0.597802,0.468629,0.0275425,0.196983
310,RL,0,BSDF Heavy,0,Low,0,Low,0,Low,0,Low,0,0.280319,0.597791,0.468622,0.0275348,0.196983
311,RL,0,BSDF Heavy,0,Low,0,Low,0,Low,0,Low,0,0.280319,0.597778,0.468614,0.0275325,0.196983
312,RL,0,BSDF Heavy,0,Low,0,Low,0,Low,0,Low,0,0.28032,0.597772,0.46861,0.0275448,0.196904
313,RL,0,BSDF Heavy,0,Low,0,Low,0,Low,0,Low,0,0.280319,0.597763,0.468605,0.0275432,0.196904
314,RL,0,BSDF Heavy,0,Low,0,Low,0,Low,0,Low,0,0.280316,0.597753,0.468598,0.0275378,0.196904
315,RL,0,BSDF Heavy,0,Low,0,Low,0,Low,0,Low,0,0.280316,0.597746,0.468594,0.0275294,0.196904
316,RL,0,BSDF Heavy,0,Low,0,Low,0,Low,0,Low,0,0.280317,0.59774,0.46859,0.0275386,0.196904
317,RL,0,BSDF Heavy,0,Low,0,Low,0,Low,0,Low,0,0.280315,0.597733,0.468586,0.0275363,0.196904
318,RL,0,BSDF Heavy,0,Low,0,Low,0,Low,0,Low,0,0.280318,0.597722,0.468579,0.0275348,0.196904
319,RL,0,BSDF Heavy,0,Low,0,Low,0,Low,0,Low,0,0.280313,0.597714,0.468574,0.0275325,0.196904
320,RL,0,BSDF Heavy,0,Low,0,Low,0,Low,0,Low,0,0.280317,0.597704,0.468567,0.0275394,0.196825
321,RL,0,BSDF Heavy,0,Low,0,Low,0,Low,0,Low,0,0.28032,0.5977,0.468565,0.0275348,0.196825
322,RL,0,BSDF Heavy,0,Low,0,Low,0,Low,0,Low,0,0.28032,0.597695,0.468562,0.0275371,0.196825
323,RL,0,BSDF Heavy,0,Low,0,Low,0,Low,0,Low,0,0.280319,0.597689,0.468558,0.0275256,0.196825
324,RL,0,BSDF Heavy,0,Low,0,Low,0,Low,0,Low,0,0.280321,0.597694,0.468562,0.0275194,0.196825
325,RL,0,BSDF Heavy,0,Low,0,Low,0,Low,0,Low,0,0.280323,0.597697,0.468563,0.0275102,0.196825
326,RL,0,BSDF Heavy,0,Low,0,Low,0,Low,0,Low,0,0.280322,0.597687,0.468557,0.0275102,0.196825
327,RL,0,BSDF Heavy,0,Low,0,Low,0,Low,0,Low,0,0.280323,0.597674,0.468549,0.027511,0.196825
328,RL,0,BSDF Heavy,0,Low,0,Low,0,Low,0,Low,0,0.280321,0.597665,0.468543,0.027514,0.196747
329,RL,0,BSDF Heavy,0,Low,0,Low,0,Low,0,Low,0,0.280321,0.597652,0.468535,0.0275202,0.196747
330,RL,0,BSDF Heavy,0,Low,0,Low,0,Low,0,Low,0,0.280322,0.597648,0.468533,0.0275071,0.196747
331,RL,0,BSDF Heavy,0,Low,0,Low,0,Low,0,Low,0,0.280321,0.597637,0.468525,0.0275002,0.196747
332,RL,0,BSDF Heavy,0,Low,0,Low,0,Low,0,Low,0,0.280325,0.597636,0.468525,0.0274994,0.196747
333,RL,0,BSDF Heavy,0,Low,0,Low,0,Low,0,Low,0,0.280323,0.597631,0.468522,0.0274994,0.196747
334,RL,0,BSDF Heavy,0,Low,0,Low,0,Low,0,Low,0,0.280324,0.597624,0.468518,0.0275025,0.196747
335,RL,0,BSDF Heavy,0,Low,0,Low,0,Low,0,Low,0,0.280326,0.597614,0.468511,0.027504,0.196747
336,RL,0,BSDF Heavy,0,Low,0,Low,0,Low,0,Low,0,0.280328,0.597609,0.468508,0.0275025,0.196668
337,RL,0,BSDF Heavy,0,Low,0,Low,0,Low,0,Low,0,0.280326,0.597608,0.468507,0.0275086,0.196668
338,RL,0,BSDF Heavy,0,Low,0,Low,0,Low,0,Low,0,0.280324,0.597604,0.468505,0.0275079,0.196668
339,RL,0,BSDF Heavy,0,Low,0,Low,0,Low,0,Low,0,0.280324,0.597599,0.468502,0.0275056,0.196668
340,RL,0,BSDF Heavy,0,Low,0,Low,0,Low,0,Low,0,0.280321,0.59759,0.468496,0.0275033,0.196668
341,RL,0,BSDF Heavy,0,Low,0,Low,0,Low,0,Low,0,0.280321,0.597586,0.468494,0.0274987,0.196668
342,RL,0,BSDF Heavy,0,Low,0,Low,0,Low,0,Low,0,0.280319,0.597579,0.46849,0.0275079,0.196668
343,RL,0,BSDF Heavy,0,Low,0,Low,0,Low,0,Low,0,0.28032,0.597575,0.468487,0.0274979,0.196668
344,RL,0,BSDF Heavy,0,Low,0,Low,0,Low,0,Low,0,0.280315,0.597559,0.468477,0.0274894,0.196589
345,RL,0,BSDF Heavy,0,Low,0,Low,0,Low,0,Low,0,0.280317,0.597561,0.468478,0.0274887,0.196589
346,RL,0,BSDF Heavy,0,Low,0,Low,0,Low,0,Low,0,0.280315,0.597558,0.468476,0.0274917,0.196589
347,RL,0,BSDF Heavy,0,Low,0,Low,0,Low,0,Low,0,0.280313,0.597554,0.468474,0.027491,0.196589
348,RL,0,BSDF Heavy,0,Low,0,Low,0,Low,0,Low,0,0.280314,0.597547,0.468469,0.0274902,0.196589
349,RL,0,BSDF Heavy,0,Low,0,Low,0,Low,0,Low,0,0.280314,0.59754,0.468465,0.0274971,0.196589
350,RL,0,BSDF Heavy,0,Low,0,Low,0,Low,0,Low,0,0.280317,0.59754,0.468465,0.0274864,0.196589
351,RL,0,BSDF Heavy,0,Low,0,Low,0,Low,0,Low,0,0.280318,0.597534,0.468461,0.0274856,0.196589
352,RL,0,BSDF Heavy,0,Low,0,Low,0,Low,0,Low,0,0.280319,0.597526,0.468456,0.027491,0.196511
353,RL,0,BSDF Heavy,0,Low,0,Low,0,Low,0,Low,0,0.280319,0.597523,0.468454,0.0274902,0.196511
354,RL,0,BSDF Heavy,0,Low,0,Low,0,Low,0,Low,0,0.280321,0.597526,0.468456,0.0274787,0.196511
355,RL,0,BSDF Heavy,0,Low,0,Low,0,Low,0,Low,0,0.280323,0.597524,0.468455,0.0274825,0.196511
356,RL,0,BSDF Heavy,0,Low,0,Low,0,Low,0,Low,0,0.280322,0.597513,0.468448,0.0274902,0.196511
357,RL,0,BSDF Heavy,0,Low,0,Low,0,Low,0,Low,0,0.280319,0.597495,0.468437,0.0274894,0.196511
358,RL,0,BSDF Heavy,0,Low,0,Low,0,Low,0,Low,0,0.280321,0.597493,0.468436,0.0274817,0.196511
359,RL,0,BSDF Heavy,0,Low,0,Low,0,Low,0,Low,0,0.280321,0.597486,0.468431,0.027481,0.196511
360,RL,0,Balanced,0,Low,0,Low,0,Low,0,Low,0,0.280323,0.597485,0.468431,0.0274748,0.196432
361,RL,0,Balanced,0,Low,0,Low,0,Low,0,Low,0,0.280325,0.597484,0.46843,0.0274664,0.196432
362,RL,0,Balanced,0,Low,0,Low,0,Low,0,Low,0,0.280323,0.597475,0.468424,0.0274618,0.196432
363,RL,0,Balanced,0,Low,0,Low,0,Low,0,Low,0,0.280323,0.597476,0.468425,0.0274641,0.196432
364,RL,0,Balanced,0,Low,0,Low,0,Low,0,Low,0,0.280321,0.597467,0.468419,0.0274771,0.196432
365,RL,0,Balanced,0,Low,0,Low,0,Low,0,Low,0,0.280319,0.597452,0.46841,0.0274741,0.196432
366,RL,0,Balanced,0,Low,0,Low,0,Low,0,Low,0,0.28032,0.597447,0.468406,0.0274771,0.196432
367,RL,0,Balanced,0,Low,0,Low,0,Low,0,Low,0,0.280322,0.597442,0.468404,0.0274848,0.196432
368,RL,0,BSDF Heavy,0,Low,0,Low,0,Low,0,Low,0,0.280323,0.597439,0.468402,0.0274787,0.196354
369,RL,0,BSDF Heavy,0,Low,0,Low,0,Low,0,Low,0,0.280323,0.597433,0.468398,0.0274764,0.196354
370,RL,0,BSDF Heavy,0,Low,0,Low,0,Low,0,Low,0,0.280321,0.59743,0.468396,0.0274718,0.196354
371,RL,0,BSDF Heavy,0,Low,0,Low,0,Low,0,Low,0,0.280323,0.597425,0.468393,0.0274664,0.196354
372,RL,0,BSDF Heavy,0,Low,0,Low,0,Low,0,Low,0,0.280322,0.597419,0.468389,0.0274702,0.196354
373,RL,0,BSDF Heavy,0,Low,0,Low,0,Low,0,Low,0,0.280323,0.597421,0.46839,0.0274748,0.196354
374,RL,0,BSDF Heavy,0,Low,0,Low,0,Low,0,Low,0,0.280322,0.597417,0.468388,0.0274779,0.196354
375,RL,0,BSDF Heavy,0,Low,0,Low,0,Low,0,Low,0,0.28032,0.597411,0.468384,0.027471,0.196354
376,RL,0,BSDF Heavy,0,Low,0,Low,0,Low,0,Low,0,0.280322,0.597403,0.468379,0.0274733,0.196275
377,RL,0,BSDF Heavy,0,Low,0,Low,0,Low,0,Low,0,0.280321,0.597397,0.468375,0.0274679,0.196275
378,RL,0,BSDF Heavy,0,Low,0,Low,0,Low,0,Low,0,0.280318,0.597398,0.468376,0.0274702,0.196275
379,RL,0,BSDF Heavy,0,Low,0,Low,0,Low,0,Low,0,0.280317,0.59739,0.468371,0.0274664,0.196275
380,RL,0,BSDF Heavy,0,Low,0,Low,0,Low,0,Low,0,0.280315,0.597386,0.468369,0.0274656,0.196275
381,RL,0,BSDF Heavy,0,Low,0,Low,0,Low,0,Low,0,0.280315,0.597385,0.468368,0.0274625,0.196275
382,RL,0,BSDF Heavy,0,Low,0,Low,0,Low,0,Low,0,0.280315,0.597385,0.468368,0.0274579,0.196275
383,RL,0,BSDF Heavy,0,Low,0,Low,0,Low,0,Low,0,0.280314,0.59738,0.468365,0.0274641,0.196275
384,RL,0,Balanced,0,Low,0,Low,0,Low,0,Low,0,0.280316,0.597377,0.468363,0.0274648,0.196197
385,RL,0,Balanced,0,Low,0,Low,0,Low,0,Low,0,0.280315,0.597375,0.468362,0.0274664,0.196197
386,RL,0,Balanced,0,Low,0,Low,0,Low,0,Low,0,0.280314,0.597369,0.468358,0.0274625,0.196197
387,RL,0,Balanced,0,Low,0,Low,0,Low,0,Low,0,0.280312,0.597359,0.468352,0.027451,0.196197
388,RL,0,Balanced,0,Low,0,Low,0,Low,0,Low,0,0.280314,0.597356,0.46835,0.0274541,0.196197
389,RL,0,Balanced,0,Low,0,Low,0,Low,0,Low,0,0.280312,0.597358,0.468351,0.0274541,0.196197
390,RL,0,Balanced,0,Low,0,Low,0,Low,0,Low,0,0.280311,0.597351,0.468346,0.0274533,0.196197
391,RL,0,Balanced,0,Low,0,Low,0,Low,0,Low,0,0.280312,0.597351,0.468347,0.027451,0.196197
392,RL,0,BSDF Heavy,0,Low,0,Low,0,Low,0,Low,0,0.280313,0.597347,0.468344,0.0274433,0.196118
393,RL,0,BSDF Heavy,0,Low,0,Low,0,Low,0,Low,0,0.280314,0.597337,0.468338,0.0274441,0.196118
394,RL,0,BSDF Heavy,0,Low,0,Low,0,Low,0,Low,0,0.280315,0.597334,0.468336,0.0274487,0.196118
395,RL,0,BSDF Heavy,0,Low,0,Low,0,Low,0,Low,0,0.280314,0.597331,0.468334,0.0274502,0.196118
396,RL,0,BSDF Heavy,0,Low,0,Low,0,Low,0,Low,0,0.280313,0.597326,0.468331,0.0274456,0.196118
397,RL,0,BSDF Heavy,0,Low,0,Low,0,Low,0,Low,0,0.280312,0.597321,0.468328,0.0274403,0.196118
398,RL,0,BSDF Heavy,0,Low,0,Low,0,Low,0,Low,0,0.280313,0.597323,0.468329,0.0274418,0.196118
399,RL,0,BSDF Heavy,0,Low,0,Low,0,Low,0,Low,0,0.28031,0.597319,0.468327,0.0274449,0.196118
400,RL,0,BSDF Heavy,0,Low,0,Low,0,Low,0,Low,0,0.280312,0.597313,0.468323,0.0274487,0.19604
401,RL,0,BSDF Heavy,0,Low,0,Low,0,Low,0,Low,0,0.28031,0.597309,0.46832,0.027441,0.19604
402,RL,0,BSDF Heavy,0,Low,0,Low,0,Low,0,Low,0,0.280307,0.597304,0.468317,0.0274264,0.19604
403,RL,0,BSDF Heavy,0,Low,0,Low,0,Low,0,Low,0,0.280307,0.597301,0.468316,0.0274218,0.19604
404,RL,0,BSDF Heavy,0,Low,0,Low,0,Low,0,Low,0,0.280307,0.597292,0.46831,0.0274287,0.19604
405,RL,0,BSDF Heavy,0,Low,0,Low,0,Low,0,Low,0,0.280307,0.597285,0.468305,0.0274249,0.19604
406,RL,0,BSDF Heavy,0,Low,0,Low,0,Low,0,Low,0,0.280309,0.59728,0.468302,0.0274218,0.19604
407,RL,0,BSDF Heavy,0,Low,0,Low,0,Low,0,Low,0,0.280307,0.597273,0.468298,0.027428,0.19604
408,RL,0,BSDF Heavy,0,Low,0,Low,0,Low,0,Low,0,0.280307,0.597268,0.468295,0.0274326,0.195961
409,RL,0,BSDF Heavy,0,Low,0,Low,0,Low,0,Low,0,0.28031,0.597265,0.468293,0.027431,0.195961
410,RL,0,BSDF Heavy,0,Low,0,Low,0,Low,0,Low,0,0.280308,0.597257,0.468288,0.027431,0.195961
411,RL,0,BSDF Heavy,0,Low,0,Low,0,Low,0,Low,0,0.280308,0.597248,0.468282,0.0274303,0.195961
412,RL,0,BSDF Heavy,0,Low,0,Low,0,Low,0,Low,0,0.280308,0.597246,0.468281,0.0274264,0.195961
413,RL,0,BSDF Heavy,0,Low,0,Low,0,Low,0,Low,0,0.28031,0.597255,0.468286,0.0274318,0.195961
414,RL,0,BSDF Heavy,0,Low,0,Low,0,Low,0,Low,0,0.280311,0.597247,0.468281,0.0274349,0.195961
415,RL,0,BSDF Heavy,0,Low,0,Low,0,Low,0,Low,0,0.28031,0.597246,0.468281,0.0274372,0.195961
416,RL,0,BSDF Heavy,0,Low,0,Low,0,Low,0,Low,0,0.280308,0.597242,0.468278,0.0274287,0.195883
417,RL,0,BSDF Heavy,0,Low,0,Low,0,Low,0,Low,0,0.280307,0.597239,0.468277,0.0274333,0.195883
418,RL,0,BSDF Heavy,0,Low,0,Low,0,Low,0,Low,0,0.280309,0.597239,0.468276,0.0274295,0.195883
419,RL,0,BSDF Heavy,0,Low,0,Low,0,Low,0,Low,0,0.28031,0.597235,0.468274,0.0274233,0.195883
420,RL,0,BSDF Heavy,0,Low,0,Low,0,Low,0,Low,0,0.280311,0.597229,0.46827,0.0274249,0.195883
421,RL,0,BSDF Heavy,0,Low,0,Low,0,Low,0,Low,0,0.280312,0.597227,0.468269,0.0274272,0.195883
422,RL,0,BSDF Heavy,0,Low,0,Low,0,Low,0,Low,0,0.280311,0.597218,0.468263,0.0274264,0.195883
423,RL,0,BSDF Heavy,0,Low,0,Low,0,Low,0,Low,0,0.280312,0.597213,0.46826,0.0274364,0.195883
424,RL,0,BSDF Heavy,0,Low,0,Low,0,Low,0,Low,0,0.280315,0.597212,0.46826,0.0274203,0.195805
425,RL,0,BSDF Heavy,0,Low,0,Low,0,Low,0,Low,0,0.280313,0.597206,0.468256,0.0274195,0.195805
426,RL,0,BSDF Heavy,0,Low,0,Low,0,Low,0,Low,0,0.280312,0.597201,0.468253,0.0274226,0.195805
427,RL,0,BSDF Heavy,0,Low,0,Low,0,Low,0,Low,0,0.28031,0.597192,0.468247,0.0274195,0.195805
428,RL,0,BSDF Heavy,0,Low,0,Low,0,Low,0,Low,0,0.28031,0.597184,0.468242,0.0274249,0.195805
429,RL,0,BSDF Heavy,0,Low,0,Low,0,Low,0,Low,0,0.280307,0.597179,0.468239,0.0274164,0.195805
430,RL,0,BSDF Heavy,0,Low,0,Low,0,Low,0,Low,0,0.280309,0.597177,0.468237,0.0274103,0.195805
431,RL,0,BSDF Heavy,0,Low,0,Low,0,Low,0,Low,0,0.280308,0.597177,0.468237,0.0274118,0.195805
432,RL,0,BSDF Heavy,0,Low,0,Low,0,Low,0,Low,0,0.280309,0.597169,0.468233,0.0274087,0.195726
433,RL,0,BSDF Heavy,0,Low,0,Low,0,Low,0,Low,0,0.28031,0.597169,0.468233,0.0274103,0.195726
434,RL,0,BSDF Heavy,0,Low,0,Low,0,Low,0,Low,0,0.28031,0.59716,0.468227,0.0274072,0.195726
435,RL,0,BSDF Heavy,0,Low,0,Low,0,Low,0,Low,0,0.280308,0.597153,0.468223,0.0274111,0.195726
436,RL,0,BSDF Heavy,0,Low,0,Low,0,Low,0,Low,0,0.280307,0.597146,0.468218,0.0274126,0.195726
437,RL,0,BSDF Heavy,0,Low,0,Low,0,Low,0,Low,0,0.280309,0.597141,0.468215,0.0274149,0.195726
438,RL,0,BSDF Heavy,0,Low,0,Low,0,Low,0,Low,0,0.280308,0.597133,0.46821,0.0274157,0.195726
439,RL,0,BSDF Heavy,0,Low,0,Low,0,Low,0,Low,0,0.280308,0.597127,0.468207,0.0274141,0.195726
440,RL,0,BSDF Heavy,0,Low,0,Low,0,Low,0,Low,0,0.280308,0.597127,0.468207,0.0274141,0.195648
441,RL,0,BSDF Heavy,0,Low,0,Low,0,Low,0,Low,0,0.280309,0.597127,0.468207,0.0274157,0.195648
442,RL,0,BSDF Heavy,0,Low,0,Low,0,Low,0,Low,0,0.280309,0.597119,0.468201,0.0274095,0.195648
443,RL,0,BSDF Heavy,0,Low,0,Low,0,Low,0,Low,0,0.280307,0.597116,0.468199,0.0274111,0.195648
444,RL,0,BSDF Heavy,0,Low,0,Low,0,Low,0,Low,0,0.280307,0.597113,0.468198,0.0274103,0.195648
445,RL,0,BSDF Heavy,0,Low,0,Low,0,Low,0,Low,0,0.280308,0.597112,0.468197,0.0273988,0.195648
446,RL,0,BSDF Heavy,0,Low,0,Low,0,Low,0,Low,0,0.280309,0.597102,0.468191,0.0274011,0.195648
447,RL,0,BSDF Heavy,0,Low,0,Low,0,Low,0,Low,0,0.280311,0.597102,0.46819,0.0273903,0.195648
448,RL,0,BSDF Heavy,0,Low,0,Low,0,Low,0,Low,0,0.280313,0.597107,0.468194,0.0273988,0.19557
449,RL,0,BSDF Heavy,0,Low,0,Low,0,Low,0,Low,0,0.280315,0.597106,0.468193,0.0273903,0.19557
450,RL,0,BSDF Heavy,0,Low,0,Low,0,Low,0,Low,0,0.280315,0.597109,0.468195,0.0273888,0.19557
451,RL,0,BSDF Heavy,0,Low,0,Low,0,Low,0,Low,0,0.280316,0.597106,0.468193,0.0273803,0.19557
452,RL,0,BSDF Heavy,0,Low,0,Low,0,Low,0,Low,0,0.280316,0.597104,0.468192,0.0273811,0.19557
453,RL,0,BSDF Heavy,0,Low,0,Low,0,Low,0,Low,0,0.280317,0.597101,0.46819,0.0273795,0.19557
454,RL,0,BSDF Heavy,0,Low,0,Low,0,Low,0,Low,0,0.280315,0.597102,0.468191,0.0273957,0.19557
455,RL,0,BSDF Heavy,0,Low,0,Low,0,Low,0,Low,0,0.280316,0.597102,0.468191,0.0273872,0.19557
456,RL,0,BSDF Heavy,0,Low,0,Low,0,Low,0,Low,0,0.280315,0.597101,0.46819,0.027388,0.195492
457,RL,0,BSDF Heavy,0,Low,0,Low,0,Low,0,Low,0,0.280315,0.597097,0.468187,0.0273818,0.195492
458,RL,0,BSDF Heavy,0,Low,0,Low,0,Low,0,Low,0,0.280314,0.597089,0.468183,0.0273811,0.195492
459,RL,0,BSDF Heavy,0,Low,0,Low,0,Low,0,Low,0,0.280313,0.597085,0.46818,0.0273888,0.195492
460,RL,0,BSDF Heavy,0,Low,0,Low,0,Low,0,Low,0,0.280312,0.597088,0.468182,0.0273903,0.195492
461,RL,0,BSDF Heavy,0,Low,0,Low,0,Low,0,Low,0,0.280312,0.597085,0.46818,0.0273857,0.195492
462,RL,0,BSDF Heavy,0,Low,0,Low,0,Low,0,Low,0,0.280309,0.597082,0.468178,0.0273757,0.195492
463,RL,0,BSDF Heavy,0,Low,0,Low,0,Low,0,Low,0,0.280308,0.597076,0.468175,0.0273865,0.195492
464,RL,0,BSDF Heavy,0,Low,0,Low,0,Low,0,Low,0,0.280307,0.597077,0.468175,0.0273857,0.195413
465,RL,0,BSDF Heavy,0,Low,0,Low,0,Low,0,Low,0,0.280306,0.597064,0.468167,0.0273857,0.195413
466,RL,0,BSDF Heavy,0,Low,0,Low,0,Low,0,Low,0,0.280307,0.597065,0.468168,0.0273811,0.195413
467,RL,0,BSDF Heavy,0,Low,0,Low,0,Low,0,Low,0,0.280307,0.597059,0.468164,0.0273872,0.195413
468,RL,0,BSDF Heavy,0,Low,0,Low,0,Low,0,Low,0,0.280305,0.59705,0.468158,0.0273865,0.195413
469,RL,0,BSDF Heavy,0,Low,0,Low,0,Low,0,Low,0,0.280305,0.597043,0.468154,0.027378,0.195413
470,RL,0,BSDF Heavy,0,Low,0,Low,0,Low,0,Low,0,0.280306,0.597036,0.46815,0.027378,0.195413
471,RL,0,BSDF Heavy,0,Low,0,Low,0,Low,0,Low,0,0.280305,0.597038,0.468151,0.0273772,0.195413
472,RL,0,BSDF Heavy,0,Low,0,Low,0,Low,0,Low,0,0.280307,0.597034,0.468148,0.027388,0.195335
473,RL,0,BSDF Heavy,0,Low,0,Low,0,Low,0,Low,0,0.280307,0.597028,0.468144,0.0273934,0.195335
474,RL,0,BSDF Heavy,0,Low,0,Low,0,Low,0,Low,0,0.280308,0.597031,0.468146,0.0273911,0.195335
475,RL,0,BSDF Heavy,0,Low,0,Low,0,Low,0,Low,0,0.280308,0.597028,0.468144,0.0273849,0.195335
476,RL,0,BSDF Heavy,0,Low,0,Low,0,Low,0,Low,0,0.280304,0.597025,0.468143,0.0273788,0.195335
477,RL,0,BSDF Heavy,0,Low,0,Low,0,Low,0,Low,0,0.280305,0.597022,0.468141,0.0273826,0.195335
478,RL,0,BSDF Heavy,0,Low,0,Low,0,Low,0,Low,0,0.280306,0.597021,0.46814,0.027388,0.195335
479,RL,0,BSDF Heavy,0,Low,0,Low,0,Low,0,Low,0,0.280305,0.597016,0.468137,0.027388,0.195335
480,RL,0,BSDF Heavy,0,Low,0,Low,0,Low,0,Low,0,0.280305,0.597015,0.468136,0.0273857,0.195257
481,RL,0,BSDF Heavy,0,Low,0,Low,0,Low,0,Low,0,0.280304,0.597014,0.468136,0.0273818,0.195257
482,RL,0,BSDF Heavy,0,Low,0,Low,0,Low,0,Low,0,0.280303,0.597009,0.468133,0.0273734,0.195257
483,RL,0,BSDF Heavy,0,Low,0,Low,0,Low,0,Low,0,0.280304,0.597009,0.468132,0.0273749,0.195257
484,RL,0,BSDF Heavy,0,Low,0,Low,0,Low,0,Low,0,0.280305,0.597009,0.468133,0.0273749,0.195257
485,RL,0,BSDF Heavy,0,Low,0,Low,0,Low,0,Low,0,0.280305,0.597007,0.468131,0.0273826,0.195257
486,RL,0,BSDF Heavy,0,Low,0,Low,0,Low,0,Low,0,0.280304,0.597006,0.46813,0.0273803,0.195257
487,RL,0,BSDF Heavy,0,Low,0,Low,0,Low,0,Low,0,0.280305,0.596996,0.468124,0.0273826,0.195257
488,RL,0,BSDF Heavy,0,Low,0,Low,0,Low,0,Low,0,0.280304,0.597,0.468127,0.0273834,0.195179
489,RL,0,BSDF Heavy,0,Low,0,Low,0,Low,0,Low,0,0.280302,0.597001,0.468127,0.0273872,0.195179
490,RL,0,BSDF Heavy,0,Low,0,Low,0,Low,0,Low,0,0.280302,0.596999,0.468126,0.0273811,0.195179
491,RL,0,BSDF Heavy,0,Low,0,Low,0,Low,0,Low,0,0.280304,0.596995,0.468124,0.0273795,0.195179
492,RL,0,BSDF Heavy,0,Low,0,Low,0,Low,0,Low,0,0.280303,0.596993,0.468122,0.0273757,0.195179
493,RL,0,BSDF Heavy,0,Low,0,Low,0,Low,0,Low,0,0.280306,0.596992,0.468122,0.0273749,0.195179
494,RL,0,BSDF Heavy,0,Low,0,Low,0,Low,0,Low,0,0.280304,0.596985,0.468117,0.0273726,0.195179
495,RL,0,BSDF Heavy,0,Low,0,Low,0,Low,0,Low,0,0.280302,0.596985,0.468117,0.0273749,0.195179
496,RL,0,BSDF Heavy,0,Low,0,Low,0,Low,0,Low,0,0.280301,0.596985,0.468117,0.0273749,0.195101
497,RL,0,BSDF Heavy,0,Low,0,Low,0,Low,0,Low,0,0.280301,0.596979,0.468114,0.0273757,0.195101
498,RL,0,BSDF Heavy,0,Low,0,Low,0,Low,0,Low,0,0.280303,0.596972,0.468109,0.0273742,0.195101
499,RL,0,BSDF Heavy,0,Low,0,Low,0,Low,0,Low,0,0.280305,0.596971,0.468109,0.0273711,0.195101
500,RL,0,BSDF Heavy,0,Low,0,Low,0,Low,0,Low,0,0.280305,0.596966,0.468106,0.0273703,0.195101
501,RL,0,BSDF Heavy,0,Low,0,Low,0,Low,0,Low,0,0.280306,0.596968,0.468107,0.0273696,0.195101
502,RL,0,BSDF Heavy,0,Low,0,Low,0,Low,0,Low,0,0.280304,0.596965,0.468105,0.0273726,0.195101
503,RL,0,BSDF Heavy,0,Low,0,Low,0,Low,0,Low,0,0.280305,0.596962,0.468103,0.0273649,0.195101
504,RL,0,BSDF Heavy,0,Low,0,Low,0,Low,0,Low,0,0.280306,0.596964,0.468104,0.0273672,0.195023
505,RL,0,BSDF Heavy,0,Low,0,Low,0,Low,0,Low,0,0.280307,0.596962,0.468103,0.0273711,0.195023
506,RL,0,BSDF Heavy,0,Low,0,Low,0,Low,0,Low,0,0.280309,0.596957,0.4681,0.0273688,0.195023
507,RL,0,BSDF Heavy,0,Low,0,Low,0,Low,0,Low,0,0.280309,0.596955,0.468098,0.0273772,0.195023
508,RL,0,BSDF Heavy,0,Low,0,Low,0,Low,0,Low,0,0.280308,0.59695,0.468096,0.0273711,0.195023
509,RL,0,BSDF Heavy,0,Low,0,Low,0,Low,0,Low,0,0.280307,0.596942,0.468091,0.0273696,0.195023
510,RL,0,BSDF Heavy,0,Low,0,Low,0,Low,0,Low,0,0.280305,0.596941,0.46809,0.0273611,0.195023
511,RL,0,BSDF Heavy,0,Low,0,Low,0,Low,0,Low,0,0.280304,0.596932,0.468084,0.0273665,0.195023
512,RL,0,BSDF Heavy,0,Low,0,Low,0,Low,0,Low,0,0.280304,0.596926,0.468081,0.0273642,0.194945
513,RL,0,BSDF Heavy,0,Low,0,Low,0,Low,0,Low,0,0.280303,0.596927,0.468081,0.0273565,0.194945
514,RL,0,BSDF Heavy,0,Low,0,Low,0,Low,0,Low,0,0.280306,0.596927,0.468081,0.0273534,0.194945
515,RL,0,BSDF Heavy,0,Low,0,Low,0,Low,0,Low,0,0.280307,0.596926,0.468081,0.027358,0.194945
516,RL,0,BSDF Heavy,0,Low,0,Low,0,Low,0,Low,0,0.280306,0.596927,0.468081,0.0273503,0.194945
517,RL,0,BSDF Heavy,0,Low,0,Low,0,Low,0,Low,0,0.280306,0.596923,0.468079,0.0273488,0.194945
518,RL,0,BSDF Heavy,0,Low,0,Low,0,Low,0,Low,0,0.280306,0.596923,0.468079,0.0273511,0.194945
519,RL,0,BSDF Heavy,0,Low,0,Low,0,Low,0,Low,0,0.280307,0.596924,0.468079,0.0273542,0.194945
520,RL,0,Light Heavy,0,Low,0,Low,0,Low,0,Low,0,0.280304,0.596915,0.468074,0.0273588,0.194867
521,RL,0,Light Heavy,0,Low,0,Low,0,Low,0,Low,0,0.280303,0.596911,0.468071,0.0273488,0.194867
522,RL,0,Light Heavy,0,Low,0,Low,0,Low,0,Low,0,0.280303,0.59691,0.46807,0.027348,0.194867
523,RL,0,Light Heavy,0,Low,0,Low,0,Low,0,Low,0,0.280302,0.596904,0.468066,0.0273465,0.194867
524,RL,0,Light Heavy,0,Low,0,Low,0,Low,0,Low,0,0.280301,0.596892,0.468059,0.0273503,0.194867
525,RL,0,Light Heavy,0,Low,0,Low,0,Low,0,Low,0,0.2803,0.59689,0.468058,0.0273473,0.194867
526,RL,0,Light Heavy,0,Low,0,Low,0,Low,0,Low,0,0.2803,0.59689,0.468058,0.027345,0.194867
527,RL,0,Light Heavy,0,Low,0,Low,0,Low,0,Low,0,0.2803,0.596888,0.468056,0.0273465,0.194867
528,RL,0,BSDF Heavy,0,Low,0,Low,0,Low,0,Low,0,0.2803,0.596887,0.468056,0.0273534,0.194789
529,RL,0,BSDF Heavy,0,Low,0,Low,0,Low,0,Low,0,0.280301,0.59689,0.468058,0.027345,0.194789
530,RL,0,BSDF Heavy,0,Low,0,Low,0,Low,0,Low,0,0.280298,0.596885,0.468055,0.027335,0.194789
531,RL,0,BSDF Heavy,0,Low,0,Low,0,Low,0,Low,0,0.2803,0.596881,0.468052,0.0273327,0.194789
532,RL,0,BSDF Heavy,0,Low,0,Low,0,Low,0,Low,0,0.2803,0.596881,0.468052,0.0273373,0.194789
533,RL,0,BSDF Heavy,0,Low,0,Low,0,Low,0,Low,0,0.280301,0.59688,0.468052,0.027338,0.194789
534,RL,0,BSDF Heavy,0,Low,0,Low,0,Low,0,Low,0,0.2803,0.596877,0.46805,0.0273465,0.194789
535,RL,0,BSDF Heavy,0,Low,0,Low,0,Low,0,Low,0,0.280299,0.596871,0.468046,0.027348,0.194789
536,RL,0,BSDF Heavy,0,Low,0,Low,0,Low,0,Low,0,0.2803,0.596874,0.468048,0.0273434,0.194711
537,RL,0,BSDF Heavy,0,Low,0,Low,0,Low,0,Low,0,0.280298,0.596872,0.468047,0.027345,0.194711
538,RL,0,BSDF Heavy,0,Low,0,Low,0,Low,0,Low,0,0.280298,0.596867,0.468043,0.0273473,0.194711
539,RL,0,BSDF Heavy,0,Low,0,Low,0,Low,0,Low,0,0.2803,0.596866,0.468043,0.027345,0.194711
540,RL,0,BSDF Heavy,0,Low,0,Low,0,Low,0,Low,0,0.280299,0.596865,0.468042,0.0273373,0.194711
541,RL,0,BSDF Heavy,0,Low,0,Low,0,Low,0,Low,0,0.2803,0.596866,0.468043,0.0273411,0.194711
542,RL,0,BSDF Heavy,0,Low,0,Low,0,Low,0,Low,0,0.2803,0.596865,0.468042,0.0273411,0.194711
543,RL,0,BSDF Heavy,0,Low,0,Low,0,Low,0,Low,0,0.2803,0.596863,0.468041,0.0273404,0.194711
544,RL,0,BSDF Heavy,0,Low,0,Low,0,Low,0,Low,0,0.2803,0.596861,0.46804,0.0273357,0.194633
545,RL,0,BSDF Heavy,0,Low,0,Low,0,Low,0,Low,0,0.280302,0.596855,0.468036,0.0273319,0.194633
546,RL,0,BSDF Heavy,0,Low,0,Low,0,Low,0,Low,0,0.2803,0.596852,0.468034,0.0273311,0.194633
547,RL,0,BSDF Heavy,0,Low,0,Low,0,Low,0,Low,0,0.280301,0.596848,0.468032,0.0273273,0.194633
548,RL,0,BSDF Heavy,0,Low,0,Low,0,Low,0,Low,0,0.2803,0.59685,0.468033,0.0273304,0.194633
549,RL,0,BSDF Heavy,0,Low,0,Low,0,Low,0,Low,0,0.280301,0.596851,0.468033,0.0273311,0.194633
550,RL,0,BSDF Heavy,0,Low,0,Low,0,Low,0,Low,0,0.280302,0.596851,0.468033,0.0273273,0.194633
551,RL,0,BSDF Heavy,0,Low,0,Low,0,Low,0,Low,0,0.280303,0.596848,0.468032,0.0273296,0.194633
552,RL,0,BSDF Heavy,0,Low,0,Low,0,Low,0,Low,0,0.280302,0.596844,0.468029,0.0273265,0.194555
553,RL,0,BSDF Heavy,0,Low,0,Low,0,Low,0,Low,0,0.280303,0.596841,0.468028,0.0273196,0.194555
554,RL,0,BSDF Heavy,0,Low,0,Low,0,Low,0,Low,0,0.280304,0.596838,0.468026,0.0273258,0.194555
555,RL,0,BSDF Heavy,0,Low,0,Low,0,Low,0,Low,0,0.280302,0.596834,0.468023,0.0273188,0.194555
556,RL,0,BSDF Heavy,0,Low,0,Low,0,Low,0,Low,0,0.2803,0.596829,0.46802,0.0273181,0.194555
557,RL,0,BSDF Heavy,0,Low,0,Low,0,Low,0,Low,0,0.280302,0.59683,0.46802,0.0273127,0.194555
558,RL,0,BSDF Heavy,0,Low,0,Low,0,Low,0,Low,0,0.280304,0.596829,0.46802,0.0273127,0.194555
559,RL,0,BSDF Heavy,0,Low,0,Low,0,Low,0,Low,0,0.280307,0.596829,0.46802,0.0273234,0.194555
560,RL,0,BSDF Heavy,0,Low,0,Low,0,Low,0,Low,0,0.280305,0.596824,0.468016,0.0273288,0.194478
561,RL,0,BSDF Heavy,0,Low,0,Low,0,Low,0,Low,0,0.280306,0.596829,0.46802,0.0273188,0.194478
562,RL,0,BSDF Heavy,0,Low,0,Low,0,Low,0,Low,0,0.280306,0.596824,0.468017,0.0273142,0.194478
563,RL,0,BSDF Heavy,0,Low,0,Low,0,Low,0,Low,0,0.280308,0.596823,0.468016,0.0273181,0.194478
564,RL,0,BSDF Heavy,0,Low,0,Low,0,Low,0,Low,0,0.280305,0.596821,0.468015,0.0273111,0.194478
565,RL,0,BSDF Heavy,0,Low,0,Low,0,Low,0,Low,0,0.280306,0.596824,0.468017,0.0273181,0.194478
566,RL,0,BSDF Heavy,0,Low,0,Low,0,Low,0,Low,0,0.280305,0.596818,0.468013,0.0273242,0.194478
567,RL,0,BSDF Heavy,0,Low,0,Low,0,Low,0,Low,0,0.280304,0.596817,0.468012,0.0273135,0.194478
568,RL,0,BSDF Heavy,0,Low,0,Low,0,Low,0,Low,0,0.280305,0.596821,0.468015,0.0273227,0.1944
569,RL,0,BSDF Heavy,0,Low,0,Low,0,Low,0,Low,0,0.280302,0.59682,0.468014,0.0273227,0.1944
570,RL,0,BSDF Heavy,0,Low,0,Low,0,Low,0,Low,0,0.280301,0.596816,0.468012,0.0273265,0.1944
571,RL,0,BSDF Heavy,0,Low,0,Low,0,Low,0,Low,0,0.280301,0.596816,0.468012,0.0273204,0.1944
572,RL,0,BSDF Heavy,0,Low,0,Low,0,Low,0,Low,0,0.280301,0.596815,0.468011,0.027325,0.1944
573,RL,0,BSDF Heavy,0,Low,0,Low,0,Low,0,Low,0,0.280301,0.596816,0.468012,0.0273188,0.1944
574,RL,0,BSDF Heavy,0,Low,0,Low,0,Low,0,Low,0,0.280301,0.596816,0.468012,0.0273196,0.1944
575,RL,0,BSDF Heavy,0,Low,0,Low,0,Low,0,Low,0,0.2803,0.596814,0.468011,0.0273119,0.1944
576,RL,0,BSDF Heavy,0,Low,0,Low,0,Low,0,Low,0,0.280298,0.596808,0.468007,0.0273173,0.194322
577,RL,0,BSDF Heavy,0,Low,0,Low,0,Low,0,Low,0,0.280299,0.596808,0.468007,0.0273135,0.194322
578,RL,0,BSDF Heavy,0,Low,0,Low,0,Low,0,Low,0,0.280299,0.596812,0.468009,0.0273088,0.194322
579,RL,0,BSDF Heavy,0,Low,0,Low,0,Low,0,Low,0,0.2803,0.596813,0.46801,0.0273181,0.194322
580,RL,0,BSDF Heavy,0,Low,0,Low,0,Low,0,Low,0,0.2803,0.596808,0.468007,0.0273234,0.194322
581,RL,0,BSDF Heavy,0,Low,0,Low,0,Low,0,Low,0,0.280301,0.596806,0.468006,0.0273196,0.194322
582,RL,0,BSDF Heavy,0,Low,0,Low,0,Low,0,Low,0,0.280301,0.596807,0.468006,0.027315,0.194322
583,RL,0,BSDF Heavy,0,Low,0,Low,0,Low,0,Low,0,0.280302,0.596805,0.468005,0.0273165,0.194322
584,RL,0,Light Heavy,0,Low,0,Low,0,Low,0,Low,0,0.280301,0.596804,0.468004,0.0273135,0.194244
585,RL,0,Light Heavy,0,Low,0,Low,0,Low,0,Low,0,0.280302,0.5968,0.468001,0.0273173,0.194244
586,RL,0,Light Heavy,0,Low,0,Low,0,Low,0,Low,0,0.280302,0.596796,0.467999,0.0273196,0.194244
587,RL,0,Light Heavy,0,Low,0,Low,0,Low,0,Low,0,0.280302,0.596792,0.467997,0.0273142,0.194244
588,RL,0,Light Heavy,0,Low,0,Low,0,Low,0,Low,0,0.280299,0.59679,0.467995,0.0273081,0.194244
589,RL,0,Light Heavy,0,Low,0,Low,0,Low,0,Low,0,0.280298,0.596792,0.467996,0.0273135,0.194244
590,RL,0,Light Heavy,0,Low,0,Low,0,Low,0,Low,0,0.280299,0.596789,0.467995,0.027315,0.194244
591,RL,0,Light Heavy,0,Low,0,Low,0,Low,0,Low,0,0.280298,0.596787,0.467994,0.0273104,0.194244
592,RL,0,BSDF Heavy,0,Low,0,Low,0,Low,0,Low,0,0.280298,0.596785,0.467992,0.0273188,0.194167
593,RL,0,BSDF Heavy,0,Low,0,Low,0,Low,0,Low,0,0.280297,0.596783,0.467991,0.027315,0.194167
594,RL,0,BSDF Heavy,0,Low,0,Low,0,Low,0,Low,0,0.280298,0.596783,0.467991,0.0273081,0.194167
595,RL,0,BSDF Heavy,0,Low,0,Low,0,Low,0,Low,0,0.280298,0.596779,0.467989,0.0273088,0.194167
596,RL,0,BSDF Heavy,0,Low,0,Low,0,Low,0,Low,0,0.280299,0.596775,0.467986,0.0273111,0.194167
597,RL,0,BSDF Heavy,0,Low,0,Low,0,Low,0,Low,0,0.2803,0.596776,0.467987,0.0273165,0.194167
598,RL,0,BSDF Heavy,0,Low,0,Low,0,Low,0,Low,0,0.280301,0.596779,0.467989,0.0273158,0.194167
599,RL,0,BSDF Heavy,0,Low,0,Low,0,Low,0,Low,0,0.280304,0.596778,0.467988,0.0273104,0.194167
600,RL,0,BSDF Heavy,0,Low,0,Low,0,Low,0,Low,0,0.280304,0.596779,0.467988,0.0273035,0.194089
601,RL,0,BSDF Heavy,0,Low,0,Low,0,Low,0,Low,0,0.280304,0.596779,0.467989,0.0273096,0.194089
602,RL,0,BSDF Heavy,0,Low,0,Low,0,Low,0,Low,0,0.280303,0.596776,0.467986,0.0273088,0.194089
603,RL,0,BSDF Heavy,0,Low,0,Low,0,Low,0,Low,0,0.280301,0.596774,0.467985,0.0273158,0.194089
604,RL,0,BSDF Heavy,0,Low,0,Low,0,Low,0,Low,0,0.280301,0.596773,0.467985,0.0273158,0.194089
605,RL,0,BSDF Heavy,0,Low,0,Low,0,Low,0,Low,0,0.280301,0.596774,0.467985,0.0273204,0.194089
606,RL,0,BSDF Heavy,0,Low,0,Low,0,Low,0,Low,0,0.2803,0.596775,0.467986,0.0273211,0.194089
607,RL,0,BSDF Heavy,0,Low,0,Low,0,Low,0,Low,0,0.280301,0.596778,0.467988,0.0273088,0.194089
608,RL,0,BSDF Heavy,0,Low,0,Low,0,Low,0,Low,0,0.280301,0.59678,0.467989,0.0273104,0.194011
609,RL,0,BSDF Heavy,0,Low,0,Low,0,Low,0,Low,0,0.280302,0.596777,0.467987,0.0273165,0.194011
610,RL,0,BSDF Heavy,0,Low,0,Low,0,Low,0,Low,0,0.2803,0.596774,0.467985,0.0273081,0.194011
611,RL,0,BSDF Heavy,0,Low,0,Low,0,Low,0,Low,0,0.280299,0.59677,0.467983,0.0273142,0.194011
612,RL,0,BSDF Heavy,0,Low,0,Low,0,Low,0,Low,0,0.2803,0.596762,0.467978,0.0273165,0.194011
613,RL,0,BSDF Heavy,0,Low,0,Low,0,Low,0,Low,0,0.280299,0.596757,0.467975,0.0273058,0.194011
614,RL,0,BSDF Heavy,0,Low,0,Low,0,Low,0,Low,0,0.2803,0.596756,0.467974,0.0273035,0.194011
615,RL,0,BSDF Heavy,0,Low,0,Low,0,Low,0,Low,0,0.2803,0.596749,0.46797,0.0273081,0.194011
616,RL,0,BSDF Heavy,0,Low,0,Low,0,Low,0,Low,0,0.280302,0.596749,0.46797,0.0273188,0.193934
617,RL,0,BSDF Heavy,0,Low,0,Low,0,Low,0,Low,0,0.2803,0.596749,0.46797,0.0273158,0.193934
618,RL,0,BSDF Heavy,0,Low,0,Low,0,Low,0,Low,0,0.2803,0.596746,0.467968,0.0273158,0.193934
619,RL,0,BSDF Heavy,0,Low,0,Low,0,Low,0,Low,0,0.280299,0.596741,0.467964,0.0273135,0.193934
620,RL,0,BSDF Heavy,0,Low,0,Low,0,Low,0,Low,0,0.280298,0.596733,0.46796,0.0273165,0.193934
621,RL,0,BSDF Heavy,0,Low,0,Low,0,Low,0,Low,0,0.280296,0.596729,0.467957,0.0273142,0.193934
622,RL,0,BSDF Heavy,0,Low,0,Low,0,Low,0,Low,0,0.280295,0.596727,0.467956,0.027315,0.193934
623,RL,0,BSDF Heavy,0,Low,0,Low,0,Low,0,Low,0,0.280295,0.596727,0.467956,0.0273135,0.193934
624,RL,0,BSDF Heavy,0,Low,0,Low,0,Low,0,Low,0,0.280296,0.596725,0.467955,0.0273173,0.193856
625,RL,0,BSDF Heavy,0,Low,0,Low,0,Low,0,Low,0,0.280296,0.596722,0.467953,0.0273219,0.193856
626,RL,0,BSDF Heavy,0,Low,0,Low,0,Low,0,Low,0,0.280298,0.596718,0.46795,0.0273227,0.193856
627,RL,0,BSDF Heavy,0,Low,0,Low,0,Low,0,Low,0,0.280298,0.596717,0.467949,0.0273211,0.193856
628,RL,0,BSDF Heavy,0,Low,0,Low,0,Low,0,Low,0,0.280296,0.596714,0.467948,0.0273165,0.193856
629,RL,0,BSDF Heavy,0,Low,0,Low,0,Low,0,Low,0,0.280296,0.596719,0.467951,0.027325,0.193856
630,RL,0,BSDF Heavy,0,Low,0,Low,0,Low,0,Low,0,0.280296,0.596712,0.467946,0.0273281,0.193856
631,RL,0,BSDF Heavy,0,Low,0,Low,0,Low,0,Low,0,0.280296,0.59671,0.467946,0.0273181,0.193856
632,RL,0,BSDF Heavy,0,Low,0,Low,0,Low,0,Low,0,0.280295,0.596705,0.467942,0.0273181,0.193779
633,RL,0,BSDF Heavy,0,Low,0,Low,0,Low,0,Low,0,0.280294,0.596702,0.467941,0.0273173,0.193779
634,RL,0,BSDF Heavy,0,Low,0,Low,0,Low,0,Low,0,0.280294,0.596707,0.467943,0.0273204,0.193779
635,RL,0,BSDF Heavy,0,Low,0,Low,0,Low,0,Low,0,0.280294,0.5967,0.467939,0.0273196,0.193779
636,RL,0,BSDF Heavy,0,Low,0,Low,0,Low,0,Low,0,0.280295,0.596701,0.46794,0.0273196,0.193779
637,RL,0,BSDF Heavy,0,Low,0,Low,0,Low,0,Low,0,0.280294,0.596704,0.467941,0.027315,0.193779
638,RL,0,BSDF Heavy,0,Low,0,Low,0,Low,0,Low,0,0.280294,0.596703,0.467941,0.0273127,0.193779
639,RL,0,BSDF Heavy,0,Low,0,Low,0,Low,0,Low,0,0.280296,0.596707,0.467943,0.027315,0.193779
640,RL,0,BSDF Heavy,0,Low,0,Low,0,Low,0,Low,0,0.280296,0.596703,0.467941,0.0273181,0.193701
641,RL,0,BSDF Heavy,0,Low,0,Low,0,Low,0,Low,0,0.280295,0.596704,0.467941,0.0273227,0.193701
642,RL,0,BSDF Heavy,0,Low,0,Low,0,Low,0,Low,0,0.280296,0.596705,0.467942,0.0273273,0.193701
643,RL,0,BSDF Heavy,0,Low,0,Low,0,Low,0,Low,0,0.280295,0.596702,0.46794,0.0273281,0.193701
644,RL,0,BSDF Heavy,0,Low,0,Low,0,Low,0,Low,0,0.280295,0.596704,0.467941,0.0273219,0.193701
645,RL,0,BSDF Heavy,0,Low,0,Low,0,Low,0,Low,0,0.280295,0.596704,0.467942,0.0273111,0.193701
646,RL,0,BSDF Heavy,0,Low,0,Low,0,Low,0,Low,0,0.280293,0.596703,0.467941,0.0273081,0.193701
647,RL,0,BSDF Heavy,0,Low,0,Low,0,Low,0,Low,0,0.280295,0.596703,0.467941,0.0273073,0.193701
648,RL,0,Balanced,0,Low,0,Low,0,Low,0,Low,0,0.280296,0.596705,0.467942,0.027305,0.193624
649,RL,0,Balanced,0,Low,0,Low,0,Low,0,Low,0,0.280296,0.5967,0.467939,0.0272973,0.193624
650,RL,0,Balanced,0,Low,0,Low,0,Low,0,Low,0,0.280297,0.596698,0.467938,0.027305,0.193624
651,RL,0,Balanced,0,Low,0,Low,0,Low,0,Low,0,0.280295,0.596694,0.467935,0.0273088,0.193624
652,RL,0,Balanced,0,Low,0,Low,0,Low,0,Low,0,0.280295,0.596693,0.467934,0.027305,0.193624
653,RL,0,Balanced,0,Low,0,Low,0,Low,0,Low,0,0.280296,0.596695,0.467936,0.0272996,0.193624
654,RL,0,Balanced,0,Low,0,Low,0,Low,0,Low,0,0.280296,0.596699,0.467938,0.0273004,0.193624
655,RL,0,Balanced,0,Low,0,Low,0,Low,0,Low,0,0.280297,0.596704,0.467941,0.0273027,0.193624
656,RL,0,BSDF Heavy,0,Low,0,Low,0,Low,0,Low,0,0.280298,0.596704,0.467942,0.0273004,0.193546
657,RL,0,BSDF Heavy,0,Low,0,Low,0,Low,0,Low,0,0.280298,0.596703,0.467941,0.0272942,0.193546
658,RL,0,BSDF Heavy,0,Low,0,Low,0,Low,0,Low,0,0.280297,0.596701,0.46794,0.0272912,0.193546
659,RL,0,BSDF Heavy,0,Low,0,Low,0,Low,0,Low,0,0.280296,0.596696,0.467936,0.0272904,0.193546
660,RL,0,BSDF Heavy,0,Low,0,Low,0,Low,0,Low,0,0.280297,0.596699,0.467938,0.0272927,0.193546
661,RL,0,BSDF Heavy,0,Low,0,Low,0,Low,0,Low,0,0.280296,0.596698,0.467938,0.0272919,0.193546
662,RL,0,BSDF Heavy,0,Low,0,Low,0,Low,0,Low,0,0.280296,0.596698,0.467938,0.0273019,0.193546
663,RL,0,BSDF Heavy,0,Low,0,Low,0,Low,0,Low,0,0.280295,0.596699,0.467938,0.0272935,0.193546
664,RL,0,Light Heavy,0,Low,0,Low,0,Low,0,Low,0,0.280295,0.596697,0.467937,0.0272927,0.193469
665,RL,0,Light Heavy,0,Low,0,Low,0,Low,0,Low,0,0.280294,0.596694,0.467936,0.0272919,0.193469
666,RL,0,Light Heavy,0,Low,0,Low,0,Low,0,Low,0,0.280294,0.596696,0.467937,0.0272958,0.193469
667,RL,0,Light Heavy,0,Low,0,Low,0,Low,0,Low,0,0.280294,0.596693,0.467934,0.0272989,0.193469
668,RL,0,Light Heavy,0,Low,0,Low,0,Low,0,Low,0,0.280293,0.596688,0.467931,0.0272942,0.193469
669,RL,0,Light Heavy,0,Low,0,Low,0,Low,0,Low,0,0.280293,0.596683,0.467928,0.0272881,0.193469
670,RL,0,Light Heavy,0,Low,0,Low,0,Low,0,Low,0,0.280293,0.596681,0.467927,0.0272896,0.193469
671,RL,0,Light Heavy,0,Low,0,Low,0,Low,0,Low,0,0.280292,0.596679,0.467926,0.0272981,0.193469
672,RL,0,BSDF Heavy,0,Low,0,Low,0,Low,0,Low,0,0.280293,0.596682,0.467928,0.027295,0.193392
673,RL,0,BSDF Heavy,0,Low,0,Low,0,Low,0,Low,0,0.280293,0.596675,0.467924,0.0272912,0.193392
674,RL,0,BSDF Heavy,0,Low,0,Low,0,Low,0,Low,0,0.280293,0.596673,0.467922,0.0272965,0.193392
675,RL,0,BSDF Heavy,0,Low,0,Low,0,Low,0,Low,0,0.280293,0.59667,0.46792,0.0272958,0.193392
676,RL,0,BSDF Heavy,0,Low,0,Low,0,Low,0,Low,0,0.280293,0.596669,0.46792,0.0273004,0.193392
677,RL,0,BSDF Heavy,0,Low,0,Low,0,Low,0,Low,0,0.280292,0.596665,0.467917,0.0272965,0.193392
678,RL,0,BSDF Heavy,0,Low,0,Low,0,Low,0,Low,0,0.28029,0.596667,0.467918,0.0272958,0.193392
679,RL,0,BSDF Heavy,0,Low,0,Low,0,Low,0,Low,0,0.28029,0.596664,0.467917,0.0272889,0.193392
680,RL,0,BSDF Heavy,0,Low,0,Low,0,Low,0,Low,0,0.280291,0.596667,0.467918,0.0272965,0.193314
681,RL,0,BSDF Heavy,0,Low,0,Low,0,Low,0,Low,0,0.280291,0.596664,0.467917,0.0272912,0.193314
682,RL,0,BSDF Heavy,0,Low,0,Low,0,Low,0,Low,0,0.28029,0.59666,0.467914,0.0272942,0.193314
683,RL,0,BSDF Heavy,0,Low,0,Low,0,Low,0,Low,0,0.28029,0.596658,0.467912,0.0272919,0.193314
684,RL,0,BSDF Heavy,0,Low,0,Low,0,Low,0,Low,0,0.28029,0.596657,0.467912,0.0272896,0.193314
685,RL,0,BSDF Heavy,0,Low,0,Low,0,Low,0,Low,0,0.28029,0.596658,0.467913,0.0272858,0.193314
686,RL,0,BSDF Heavy,0,Low,0,Low,0,Low,0,Low,0,0.280291,0.596659,0.467914,0.0272827,0.193314
687,RL,0,BSDF Heavy,0,Low,0,Low,0,Low,0,Low,0,0.28029,0.596659,0.467914,0.0272927,0.193314
688,RL,0,BSDF Heavy,0,Low,0,Low,0,Low,0,Low,0,0.28029,0.596658,0.467913,0.0272927,0.193237
689,RL,0,BSDF Heavy,0,Low,0,Low,0,Low,0,Low,0,0.280291,0.596658,0.467913,0.0272927,0.193237
690,RL,0,BSDF Heavy,0,Low,0,Low,0,Low,0,Low,0,0.280291,0.596659,0.467914,0.0272881,0.193237
691,RL,0,BSDF Heavy,0,Low,0,Low,0,Low,0,Low,0,0.280291,0.59666,0.467914,0.0272873,0.193237
692,RL,0,BSDF Heavy,0,Low,0,Low,0,Low,0,Low,0,0.28029,0.596657,0.467912,0.0272827,0.193237
693,RL,0,BSDF Heavy,0,Low,0,Low,0,Low,0,Low,0,0.280291,0.596656,0.467912,0.0272866,0.193237
694,RL,0,BSDF Heavy,0,Low,0,Low,0,Low,0,Low,0,0.280291,0.596655,0.467911,0.027285,0.193237
695,RL,0,BSDF Heavy,0,Low,0,Low,0,Low,0,Low,0,0.280292,0.59666,0.467914,0.0272866,0.193237
696,RL,0,Light Heavy,0,Low,0,Low,0,Low,0,Low,0,0.280292,0.596659,0.467913,0.0272843,0.19316
697,RL,0,Light Heavy,0,Low,0,Low,0,Low,0,Low,0,0.280291,0.596654,0.46791,0.0272789,0.19316
698,RL,0,Light Heavy,0,Low,0,Low,0,Low,0,Low,0,0.280291,0.596655,0.467911,0.0272835,0.19316
699,RL,0,Light Heavy,0,Low,0,Low,0,Low,0,Low,0,0.280289,0.596656,0.467911,0.0272812,0.19316
700,RL,0,Light Heavy,0,Low,0,Low,0,Low,0,Low,0,0.28029,0.596651,0.467908,0.0272804,0.19316
701,RL,0,Light Heavy,0,Low,0,Low,0,Low,0,Low,0,0.280291,0.596648,0.467907,0.0272827,0.19316
702,RL,0,Light Heavy,0,Low,0,Low,0,Low,0,Low,0,0.280291,0.596648,0.467906,0.0272835,0.19316
703,RL,0,Light Heavy,0,Low,0,Low,0,Low,0,Low,0,0.280291,0.596645,0.467905,0.0272812,0.19316
704,RL,0,Balanced,0,Low,0,Low,0,Low,0,Low,0,0.28029,0.59664,0.467901,0.0272804,0.193082
705,RL,0,Balanced,0,Low,0,Low,0,Low,0,Low,0,0.280289,0.596638,0.4679,0.0272804,0.193082
706,RL,0,Balanced,0,Low,0,Low,0,Low,0,Low,0,0.28029,0.59664,0.467901,0.0272773,0.193082
707,RL,0,Balanced,0,Low,0,Low,0,Low,0,Low,0,0.280288,0.596635,0.467898,0.0272735,0.193082
708,RL,0,Balanced,0,Low,0,Low,0,Low,0,Low,0,0.280288,0.596635,0.467898,0.0272804,0.193082
709,RL,0,Balanced,0,Low,0,Low,0,Low,0,Low,0,0.280287,0.596632,0.467897,0.0272781,0.193082
710,RL,0,Balanced,0,Low,0,Low,0,Low,0,Low,0,0.280286,0.59663,0.467895,0.0272819,0.193082
711,RL,0,Balanced,0,Low,0,Low,0,Low,0,Low,0,0.280286,0.596627,0.467893,0.0272873,0.193082
712,RL,0,BSDF Heavy,0,Low,0,Low,0,Low,0,Low,0,0.280283,0.596624,0.467891,0.0272835,0.193005
713,RL,0,BSDF Heavy,0,Low,0,Low,0,Low,0,Low,0,0.280283,0.596627,0.467893,0.0272881,0.193005
714,RL,0,BSDF Heavy,0,Low,0,Low,0,Low,0,Low,0,0.280281,0.596626,0.467893,0.0272889,0.193005
715,RL,0,BSDF Heavy,0,Low,0,Low,0,Low,0,Low,0,0.280282,0.596627,0.467893,0.0272819,0.193005
716,RL,0,BSDF Heavy,0,Low,0,Low,0,Low,0,Low,0,0.280281,0.596623,0.467891,0.0272812,0.193005
717,RL,0,BSDF Heavy,0,Low,0,Low,0,Low,0,Low,0,0.280282,0.59662,0.467889,0.0272781,0.193005
718,RL,0,BSDF Heavy,0,Low,0,Low,0,Low,0,Low,0,0.28028,0.596621,0.46789,0.0272766,0.193005
719,RL,0,BSDF Heavy,0,Low,0,Low,0,Low,0,Low,0,0.28028,0.596621,0.467889,0.0272735,0.193005
720,RL,0,BSDF Heavy,0,Low,0,Low,0,Low,0,Low,0,0.280279,0.596622,0.46789,0.027275,0.192928
721,RL,0,BSDF Heavy,0,Low,0,Low,0,Low,0,Low,0,0.28028,0.596621,0.46789,0.027275,0.192928
722,RL,0,BSDF Heavy,0,Low,0,Low,0,Low,0,Low,0,0.28028,0.596622,0.46789,0.027272,0.192928
723,RL,0,BSDF Heavy,0,Low,0,Low,0,Low,0,Low,0,0.28028,0.596624,0.467891,0.0272758,0.192928
724,RL,0,BSDF Heavy,0,Low,0,Low,0,Low,0,Low,0,0.28028,0.596624,0.467892,0.0272704,0.192928
725,RL,0,BSDF Heavy,0,Low,0,Low,0,Low,0,Low,0,0.280281,0.596625,0.467892,0.027262,0.192928
726,RL,0,BSDF Heavy,0,Low,0,Low,0,Low,0,Low,0,0.280281,0.596626,0.467893,0.0272627,0.192928
727,RL,0,BSDF Heavy,0,Low,0,Low,0,Low,0,Low,0,0.280281,0.596623,0.467891,0.0272658,0.192928
728,RL,0,BSDF Heavy,0,Low,0,Low,0,Low,0,Low,0,0.280281,0.596623,0.467891,0.0272712,0.192851
729,RL,0,BSDF Heavy,0,Low,0,Low,0,Low,0,Low,0,0.280281,0.59662,0.467889,0.0272635,0.192851
730,RL,0,BSDF Heavy,0,Low,0,Low,0,Low,0,Low,0,0.28028,0.596619,0.467888,0.0272627,0.192851
731,RL,0,BSDF Heavy,0,Low,0,Low,0,Low,0,Low,0,0.28028,0.596618,0.467888,0.0272704,0.192851
732,RL,0,BSDF Heavy,0,Low,0,Low,0,Low,0,Low,0,0.280279,0.596617,0.467887,0.027265,0.192851
733,RL,0,BSDF Heavy,0,Low,0,Low,0,Low,0,Low,0,0.28028,0.596619,0.467889,0.0272643,0.192851
734,RL,0,BSDF Heavy,0,Low,0,Low,0,Low,0,Low,0,0.280281,0.596621,0.46789,0.0272612,0.192851
735,RL,0,BSDF Heavy,0,Low,0,Low,0,Low,0,Low,0,0.280282,0.596618,0.467888,0.0272643,0.192851
736,RL,0,BSDF Heavy,0,Low,0,Low,0,Low,0,Low,0,0.280281,0.596615,0.467886,0.0272627,0.192774
737,RL,0,BSDF Heavy,0,Low,0,Low,0,Low,0,Low,0,0.28028,0.596616,0.467886,0.0272627,0.192774
738,RL,0,BSDF Heavy,0,Low,0,Low,0,Low,0,Low,0,0.280282,0.596614,0.467885,0.0272643,0.192774
739,RL,0,BSDF Heavy,0,Low,0,Low,0,Low,0,Low,0,0.28028,0.59661,0.467883,0.0272666,0.192774
740,RL,0,BSDF Heavy,0,Low,0,Low,0,Low,0,Low,0,0.280279,0.596607,0.467881,0.0272689,0.192774
741,RL,0,BSDF Heavy,0,Low,0,Low,0,Low,0,Low,0,0.28028,0.596605,0.46788,0.0272697,0.192774
742,RL,0,BSDF Heavy,0,Low,0,Low,0,Low,0,Low,0,0.28028,0.596604,0.467879,0.0272704,0.192774
743,RL,0,BSDF Heavy,0,Low,0,Low,0,Low,0,Low,0,0.280279,0.596603,0.467878,0.0272604,0.192774
744,RL,0,Balanced,0,Low,0,Low,0,Low,0,Low,0,0.28028,0.596605,0.467879,0.0272589,0.192697
745,RL,0,Balanced,0,Low,0,Low,0,Low,0,Low,0,0.28028,0.596605,0.467879,0.0272643,0.192697
746,RL,0,Balanced,0,Low,0,Low,0,Low,0,Low,0,0.280279,0.596602,0.467878,0.0272635,0.192697
747,RL,0,Balanced,0,Low,0,Low,0,Low,0,Low,0,0.280278,0.596601,0.467877,0.0272612,0.192697
748,RL,0,Balanced,0,Low,0,Low,0,Low,0,Low,0,0.280277,0.596599,0.467876,0.0272589,0.192697
749,RL,0,Balanced,0,Low,0,Low,0,Low,0,Low,0,0.280277,0.596595,0.467873,0.0272589,0.192697
750,RL,0,Balanced,0,Low,0,Low,0,Low,0,Low,0,0.280277,0.596596,0.467874,0.0272581,0.192697
751,RL,0,Balanced,0,Low,0,Low,0,Low,0,Low,0,0.280278,0.596593,0.467872,0.0272574,0.192697
752,RL,0,BSDF Heavy,0,Low,0,Low,0,Low,0,Low,0,0.280276,0.596591,0.467871,0.027265,0.19262
753,RL,0,BSDF Heavy,0,Low,0,Low,0,Low,0,Low,0,0.280277,0.596588,0.467869,0.0272673,0.19262
754,RL,0,BSDF Heavy,0,Low,0,Low,0,Low,0,Low,0,0.280277,0.596589,0.467869,0.027272,0.19262
755,RL,0,BSDF Heavy,0,Low,0,Low,0,Low,0,Low,0,0.280277,0.59659,0.46787,0.0272712,0.19262
756,RL,0,BSDF Heavy,0,Low,0,Low,0,Low,0,Low,0,0.280277,0.596591,0.46787,0.0272743,0.19262
757,RL,0,BSDF Heavy,0,Low,0,Low,0,Low,0,Low,0,0.280278,0.596593,0.467872,0.0272681,0.19262
758,RL,0,BSDF Heavy,0,Low,0,Low,0,Low,0,Low,0,0.280278,0.596593,0.467872,0.0272658,0.19262
759,RL,0,BSDF Heavy,0,Low,0,Low,0,Low,0,Low,0,0.280278,0.596594,0.467873,0.0272612,0.19262
760,RL,0,BSDF Heavy,0,Low,0,Low,0,Low,0,Low,0,0.280278,0.59659,0.46787,0.027265,0.192543
761,RL,0,BSDF Heavy,0,Low,0,Low,0,Low,0,Low,0,0.280277,0.596586,0.467868,0.0272566,0.192543
762,RL,0,BSDF Heavy,0,Low,0,Low,0,Low,0,Low,0,0.280276,0.596586,0.467868,0.0272589,0.192543
763,RL,0,BSDF Heavy,0,Low,0,Low,0,Low,0,Low,0,0.280275,0.596585,0.467867,0.0272627,0.192543
764,RL,0,BSDF Heavy,0,Low,0,Low,0,Low,0,Low,0,0.280274,0.596584,0.467866,0.0272612,0.192543
765,RL,0,BSDF Heavy,0,Low,0,Low,0,Low,0,Low,0,0.280275,0.596582,0.467865,0.0272681,0.192543
766,RL,0,BSDF Heavy,0,Low,0,Low,0,Low,0,Low,0,0.280275,0.59658,0.467864,0.0272666,0.192543
767,RL,0,BSDF Heavy,0,Low,0,Low,0,Low,0,Low,0,0.280276,0.596583,0.467865,0.0272697,0.192543
768,RL,0,BSDF Heavy,0,Low,0,Low,0,Low,0,Low,0,0.280276,0.59658,0.467864,0.0272681,0.192466
769,RL,0,BSDF Heavy,0,Low,0,Low,0,Low,0,Low,0,0.280276,0.596583,0.467866,0.0272743,0.192466
770,RL,0,BSDF Heavy,0,Low,0,Low,0,Low,0,Low,0,0.280276,0.596583,0.467866,0.0272758,0.192466
771,RL,0,BSDF Heavy,0,Low,0,Low,0,Low,0,Low,0,0.280275,0.596583,0.467866,0.027275,0.192466
772,RL,0,BSDF Heavy,0,Low,0,Low,0,Low,0,Low,0,0.280276,0.596582,0.467865,0.0272735,0.192466
773,RL,0,BSDF Heavy,0,Low,0,Low,0,Low,0,Low,0,0.280275,0.596578,0.467862,0.0272773,0.192466
774,RL,0,BSDF Heavy,0,Low,0,Low,0,Low,0,Low,0,0.280275,0.596576,0.467861,0.0272789,0.192466
775,RL,0,BSDF Heavy,0,Low,0,Low,0,Low,0,Low,0,0.280275,0.596569,0.467857,0.0272812,0.192466
776,RL,0,BSDF Heavy,0,Low,0,Low,0,Low,0,Low,0,0.280274,0.596568,0.467856,0.0272804,0.192389
777,RL,0,BSDF Heavy,0,Low,0,Low,0,Low,0,Low,0,0.280275,0.596566,0.467855,0.027275,0.192389
778,RL,0,BSDF Heavy,0,Low,0,Low,0,Low,0,Low,0,0.280275,0.596563,0.467853,0.0272727,0.192389
779,RL,0,BSDF Heavy,0,Low,0,Low,0,Low,0,Low,0,0.280274,0.596564,0.467854,0.0272743,0.192389
780,RL,0,BSDF Heavy,0,Low,0,Low,0,Low,0,Low,0,0.280276,0.596565,0.467855,0.027275,0.192389
781,RL,0,BSDF Heavy,0,Low,0,Low,0,Low,0,Low,0,0.280277,0.596566,0.467855,0.0272704,0.192389
782,RL,0,BSDF Heavy,0,Low,0,Low,0,Low,0,Low,0,0.280276,0.596566,0.467855,0.027262,0.192389
783,RL,0,BSDF Heavy,0,Low,0,Low,0,Low,0,Low,0,0.280276,0.596558,0.46785,0.0272627,0.192389
784,RL,0,BSDF Heavy,0,Low,0,Low,0,Low,0,Low,0,0.280276,0.596556,0.467849,0.0272604,0.192312
785,RL,0,BSDF Heavy,0,Low,0,Low,0,Low,0,Low,0,0.280276,0.596556,0.467849,0.0272666,0.192312
786,RL,0,BSDF Heavy,0,Low,0,Low,0,Low,0,Low,0,0.280277,0.596556,0.467849,0.0272712,0.192312
787,RL,0,BSDF Heavy,0,Low,0,Low,0,Low,0,Low,0,0.280277,0.596553,0.467847,0.0272712,0.192312
788,RL,0,BSDF Heavy,0,Low,0,Low,0,Low,0,Low,0,0.280278,0.596553,0.467847,0.0272766,0.192312
789,RL,0,BSDF Heavy,0,Low,0,Low,0,Low,0,Low,0,0.280277,0.596553,0.467847,0.0272827,0.192312
790,RL,0,BSDF Heavy,0,Low,0,Low,0,Low,0,Low,0,0.280278,0.596554,0.467847,0.0272804,0.192312
791,RL,0,BSDF Heavy,0,Low,0,Low,0,Low,0,Low,0,0.280276,0.59655,0.467845,0.0272858,0.192312
792,RL,0,BSDF Heavy,0,Low,0,Low,0,Low,0,Low,0,0.280277,0.596548,0.467844,0.0272835,0.192235
793,RL,0,BSDF Heavy,0,Low,0,Low,0,Low,0,Low,0,0.280277,0.596546,0.467842,0.0272858,0.192235
794,RL,0,BSDF Heavy,0,Low,0,Low,0,Low,0,Low,0,0.280277,0.596548,0.467844,0.0272789,0.192235
795,RL,0,BSDF Heavy,0,Low,0,Low,0,Low,0,Low,0,0.280278,0.596549,0.467845,0.0272766,0.192235
796,RL,0,BSDF Heavy,0,Low,0,Low,0,Low,0,Low,0,0.280278,0.596543,0.467841,0.0272712,0.192235
797,RL,0,BSDF Heavy,0,Low,0,Low,0,Low,0,Low,0,0.280279,0.596543,0.467841,0.0272658,0.192235
798,RL,0,BSDF Heavy,0,Low,0,Low,0,Low,0,Low,0,0.280278,0.596539,0.467838,0.0272612,0.192235
799,RL,0,BSDF Heavy,0,Low,0,Low,0,Low,0,Low,0,0.280277,0.596535,0.467836,0.027262,0.192235
800,RL,0,BSDF Heavy,0,Low,0,Low,0,Low,0,Low,0,0.280276,0.596532,0.467834,0.0272697,0.192158
801,RL,0,BSDF Heavy,0,Low,0,Low,0,Low,0,Low,0,0.280277,0.596534,0.467835,0.0272704,0.192158
802,RL,0,BSDF Heavy,0,Low,0,Low,0,Low,0,Low,0,0.280277,0.596536,0.467836,0.0272712,0.192158
803,RL,0,BSDF Heavy,0,Low,0,Low,0,Low,0,Low,0,0.280276,0.596536,0.467837,0.0272697,0.192158
804,RL,0,BSDF Heavy,0,Low,0,Low,0,Low,0,Low,0,0.280276,0.596533,0.467834,0.0272766,0.192158
805,RL,0,BSDF Heavy,0,Low,0,Low,0,Low,0,Low,0,0.280277,0.596533,0.467835,0.0272766,0.192158
806,RL,0,BSDF Heavy,0,Low,0,Low,0,Low,0,Low,0,0.280277,0.596531,0.467833,0.0272766,0.192158
807,RL,0,BSDF Heavy,0,Low,0,Low,0,Low,0,Low,0,0.280277,0.596533,0.467835,0.0272758,0.192158
808,RL,0,BSDF Heavy,0,Low,0,Low,0,Low,0,Low,0,0.280277,0.596534,0.467835,0.0272673,0.192081
809,RL,0,BSDF Heavy,0,Low,0,Low,0,Low,0,Low,0,0.280276,0.596534,0.467835,0.0272689,0.192081
810,RL,0,BSDF Heavy,0,Low,0,Low,0,Low,0,Low,0,0.280277,0.59653,0.467833,0.0272743,0.192081
811,RL,0,BSDF Heavy,0,Low,0,Low,0,Low,0,Low,0,0.280277,0.596529,0.467832,0.027275,0.192081
812,RL,0,BSDF Heavy,0,Low,0,Low,0,Low,0,Low,0,0.280276,0.596531,0.467833,0.0272789,0.192081
813,RL,0,BSDF Heavy,0,Low,0,Low,0,Low,0,Low,0,0.280276,0.596529,0.467832,0.0272766,0.192081
814,RL,0,BSDF Heavy,0,Low,0,Low,0,Low,0,Low,0,0.280277,0.596527,0.467831,0.0272804,0.192081
815,RL,0,BSDF Heavy,0,Low,0,Low,0,Low,0,Low,0,0.280276,0.596525,0.467829,0.0272812,0.192081
816,RL,0,BSDF Heavy,0,Low,0,Low,0,Low,0,Low,0,0.280276,0.596524,0.467829,0.0272835,0.192004
817,RL,0,BSDF Heavy,0,Low,0,Low,0,Low,0,Low,0,0.280276,0.596522,0.467828,0.0272758,0.192004
818,RL,0,BSDF Heavy,0,Low,0,Low,0,Low,0,Low,0,0.280276,0.59652,0.467826,0.0272743,0.192004
819,RL,0,BSDF Heavy,0,Low,0,Low,0,Low,0,Low,0,0.280277,0.596522,0.467828,0.0272773,0.192004
820,RL,0,BSDF Heavy,0,Low,0,Low,0,Low,0,Low,0,0.280277,0.596522,0.467827,0.0272735,0.192004
821,RL,0,BSDF Heavy,0,Low,0,Low,0,Low,0,Low,0,0.280277,0.596522,0.467827,0.0272727,0.192004
822,RL,0,BSDF Heavy,0,Low,0,Low,0,Low,0,Low,0,0.280277,0.596521,0.467827,0.027272,0.192004
823,RL,0,BSDF Heavy,0,Low,0,Low,0,Low,0,Low,0,0.280277,0.59652,0.467827,0.0272658,0.192004
824,RL,0,BSDF Heavy,0,Low,0,Low,0,Low,0,Low,0,0.280277,0.596521,0.467827,0.027272,0.191927
825,RL,0,BSDF Heavy,0,Low,0,Low,0,Low,0,Low,0,0.280278,0.596519,0.467826,0.0272697,0.191927
826,RL,0,BSDF Heavy,0,Low,0,Low,0,Low,0,Low,0,0.280278,0.596517,0.467824,0.027272,0.191927
827,RL,0,BSDF Heavy,0,Low,0,Low,0,Low,0,Low,0,0.280277,0.596516,0.467824,0.0272727,0.191927
828,RL,0,BSDF Heavy,0,Low,0,Low,0,Low,0,Low,0,0.280277,0.596513,0.467822,0.0272666,0.191927
829,RL,0,BSDF Heavy,0,Low,0,Low,0,Low,0,Low,0,0.280278,0.596511,0.467821,0.0272689,0.191927
830,RL,0,BSDF Heavy,0,Low,0,Low,0,Low,0,Low,0,0.280279,0.596511,0.46782,0.0272666,0.191927
831,RL,0,BSDF Heavy,0,Low,0,Low,0,Low,0,Low,0,0.280279,0.596507,0.467818,0.0272666,0.191927
832,RL,0,BSDF Heavy,0,Low,0,Low,0,Low,0,Low,0,0.280278,0.596507,0.467818,0.0272604,0.191851
833,RL,0,BSDF Heavy,0,Low,0,Low,0,Low,0,Low,0,0.280277,0.596502,0.467815,0.0272635,0.191851
834,RL,0,BSDF Heavy,0,Low,0,Low,0,Low,0,Low,0,0.280278,0.596502,0.467815,0.0272666,0.191851
835,RL,0,BSDF Heavy,0,Low,0,Low,0,Low,0,Low,0,0.28028,0.596505,0.467817,0.0272681,0.191851
836,RL,0,BSDF Heavy,0,Low,0,Low,0,Low,0,Low,0,0.280282,0.596504,0.467817,0.0272704,0.191851
837,RL,0,BSDF Heavy,0,Low,0,Low,0,Low,0,Low,0,0.280281,0.596503,0.467815,0.0272704,0.191851
838,RL,0,BSDF Heavy,0,Low,0,Low,0,Low,0,Low,0,0.280282,0.596502,0.467815,0.0272689,0.191851
839,RL,0,BSDF Heavy,0,Low,0,Low,0,Low,0,Low,0,0.280282,0.596499,0.467813,0.0272727,0.191851
840,RL,0,BSDF Heavy,0,Low,0,Low,0,Low,0,Low,0,0.280282,0.5965,0.467814,0.0272712,0.191774
841,RL,0,BSDF Heavy,0,Low,0,Low,0,Low,0,Low,0,0.280282,0.5965,0.467814,0.027275,0.191774
842,RL,0,BSDF Heavy,0,Low,0,Low,0,Low,0,Low,0,0.280282,0.596502,0.467815,0.0272735,0.191774
843,RL,0,BSDF Heavy,0,Low,0,Low,0,Low,0,Low,0,0.280281,0.596499,0.467813,0.0272689,0.191774
844,RL,0,BSDF Heavy,0,Low,0,Low,0,Low,0,Low,0,0.28028,0.596498,0.467812,0.0272643,0.191774
845,RL,0,BSDF Heavy,0,Low,0,Low,0,Low,0,Low,0,0.280279,0.596498,0.467812,0.0272612,0.191774
846,RL,0,BSDF Heavy,0,Low,0,Low,0,Low,0,Low,0,0.280278,0.596496,0.467811,0.0272627,0.191774
847,RL,0,BSDF Heavy,0,Low,0,Low,0,Low,0,Low,0,0.280278,0.596494,0.46781,0.0272666,0.191774
848,RL,0,BSDF Heavy,0,Low,0,Low,0,Low,0,Low,0,0.280278,0.596494,0.46781,0.0272727,0.191697
849,RL,0,BSDF Heavy,0,Low,0,Low,0,Low,0,Low,0,0.280277,0.596494,0.46781,0.0272697,0.191697
850,RL,0,BSDF Heavy,0,Low,0,Low,0,Low,0,Low,0,0.280278,0.596494,0.46781,0.0272712,0.191697
851,RL,0,BSDF Heavy,0,Low,0,Low,0,Low,0,Low,0,0.280278,0.596493,0.46781,0.0272735,0.191697
852,RL,0,BSDF Heavy,0,Low,0,Low,0,Low,0,Low,0,0.280278,0.596492,0.467809,0.0272689,0.191697
853,RL,0,BSDF Heavy,0,Low,0,Low,0,Low,0,Low,0,0.280277,0.596491,0.467808,0.0272666,0.191697
854,RL,0,BSDF Heavy,0,Low,0,Low,0,Low,0,Low,0,0.280277,0.596491,0.467808,0.0272666,0.191697
855,RL,0,BSDF Heavy,0,Low,0,Low,0,Low,0,Low,0,0.280277,0.596487,0.467806,0.027262,0.191697
856,RL,0,BSDF Heavy,0,Low,0,Low,0,Low,0,Low,0,0.280276,0.596487,0.467805,0.027262,0.191621
857,RL,0,BSDF Heavy,0,Low,0,Low,0,Low,0,Low,0,0.280275,0.596482,0.467802,0.0272635,0.191621
858,RL,0,BSDF Heavy,0,Low,0,Low,0,Low,0,Low,0,0.280275,0.596478,0.4678,0.0272589,0.191621
859,RL,0,BSDF Heavy,0,Low,0,Low,0,Low,0,Low,0,0.280275,0.596481,0.467802,0.0272658,0.191621
860,RL,0,BSDF Heavy,0,Low,0,Low,0,Low,0,Low,0,0.280274,0.596483,0.467803,0.027262,0.191621
861,RL,0,BSDF Heavy,0,Low,0,Low,0,Low,0,Low,0,0.280274,0.596483,0.467803,0.0272612,0.191621
862,RL,0,BSDF Heavy,0,Low,0,Low,0,Low,0,Low,0,0.280274,0.596482,0.467803,0.027265,0.191621
863,RL,0,BSDF Heavy,0,Low,0,Low,0,Low,0,Low,0,0.280275,0.596484,0.467803,0.0272566,0.191621
864,RL,0,BSDF Heavy,0,Low,0,Low,0,Low,0,Low,0,0.280275,0.596487,0.467805,0.0272627,0.191544
865,RL,0,BSDF Heavy,0,Low,0,Low,0,Low,0,Low,0,0.280275,0.596483,0.467803,0.0272589,0.191544
866,RL,0,BSDF Heavy,0,Low,0,Low,0,Low,0,Low,0,0.280274,0.59648,0.467801,0.0272574,0.191544
867,RL,0,BSDF Heavy,0,Low,0,Low,0,Low,0,Low,0,0.280275,0.596478,0.4678,0.027252,0.191544
868,RL,0,BSDF Heavy,0,Low,0,Low,0,Low,0,Low,0,0.280275,0.596478,0.4678,0.0272566,0.191544
869,RL,0,BSDF Heavy,0,Low,0,Low,0,Low,0,Low,0,0.280276,0.596475,0.467798,0.0272566,0.191544
870,RL,0,BSDF Heavy,0,Low,0,Low,0,Low,0,Low,0,0.280275,0.596475,0.467798,0.0272581,0.191544
871,RL,0,BSDF Heavy,0,Low,0,Low,0,Low,0,Low,0,0.280275,0.596476,0.467799,0.0272604,0.191544
872,RL,0,BSDF Heavy,0,Low,0,Low,0,Low,0,Low,0,0.280274,0.596471,0.467796,0.0272558,0.191467
873,RL,0,BSDF Heavy,0,Low,0,Low,0,Low,0,Low,0,0.280276,0.596472,0.467796,0.0272612,0.191467
874,RL,0,BSDF Heavy,0,Low,0,Low,0,Low,0,Low,0,0.280274,0.59647,0.467795,0.0272558,0.191467
875,RL,0,BSDF Heavy,0,Low,0,Low,0,Low,0,Low,0,0.280274,0.596471,0.467796,0.0272581,0.191467
876,RL,0,BSDF Heavy,0,Low,0,Low,0,Low,0,Low,0,0.280273,0.59647,0.467795,0.0272581,0.191467
877,RL,0,BSDF Heavy,0,Low,0,Low,0,Low,0,Low,0,0.280272,0.596467,0.467793,0.0272574,0.191467
878,RL,0,BSDF Heavy,0,Low,0,Low,0,Low,0,Low,0,0.280272,0.596466,0.467793,0.0272589,0.191467
879,RL,0,BSDF Heavy,0,Low,0,Low,0,Low,0,Low,0,0.280273,0.596469,0.467794,0.0272566,0.191467
880,RL,0,BSDF Heavy,0,Low,0,Low,0,Low,0,Low,0,0.280271,0.596466,0.467792,0.0272527,0.191391
881,RL,0,BSDF Heavy,0,Low,0,Low,0,Low,0,Low,0,0.280271,0.596464,0.467791,0.0272581,0.191391
882,RL,0,BSDF Heavy,0,Low,0,Low,0,Low,0,Low,0,0.280272,0.596465,0.467792,0.0272558,0.191391
883,RL,0,BSDF Heavy,0,Low,0,Low,0,Low,0,Low,0,0.28027,0.596464,0.467791,0.0272566,0.191391
884,RL,0,BSDF Heavy,0,Low,0,Low,0,Low,0,Low,0,0.280269,0.596465,0.467791,0.0272551,0.191391
885,RL,0,BSDF Heavy,0,Low,0,Low,0,Low,0,Low,0,0.280267,0.596461,0.46779,0.0272581,0.191391
886,RL,0,BSDF Heavy,0,Low,0,Low,0,Low,0,Low,0,0.280267,0.596462,0.46779,0.0272589,0.191391
887,RL,0,BSDF Heavy,0,Low,0,Low,0,Low,0,Low,0,0.280266,0.59646,0.467789,0.0272558,0.191391
888,RL,0,BSDF Heavy,0,Low,0,Low,0,Low,0,Low,0,0.280268,0.596461,0.46779,0.0272558,0.191314
889,RL,0,BSDF Heavy,0,Low,0,Low,0,Low,0,Low,0,0.280268,0.596462,0.46779,0.0272597,0.191314
890,RL,0,BSDF Heavy,0,Low,0,Low,0,Low,0,Low,0,0.280269,0.59646,0.467789,0.0272558,0.191314
891,RL,0,BSDF Heavy,0,Low,0,Low,0,Low,0,Low,0,0.280269,0.596459,0.467788,0.0272512,0.191314
892,RL,0,BSDF Heavy,0,Low,0,Low,0,Low,0,Low,0,0.280269,0.596457,0.467787,0.0272527,0.191314
893,RL,0,BSDF Heavy,0,Low,0,Low,0,Low,0,Low,0,0.28027,0.596457,0.467787,0.0272474,0.191314
894,RL,0,BSDF Heavy,0,Low,0,Low,0,Low,0,Low,0,0.28027,0.596457,0.467787,0.0272458,0.191314
895,RL,0,BSDF Heavy,0,Low,0,Low,0,Low,0,Low,0,0.28027,0.596453,0.467785,0.0272504,0.191314
896,RL,0,BSDF Heavy,0,Low,0,Low,0,Low,0,Low,0,0.280271,0.596455,0.467785,0.0272504,0.191238
897,RL,0,BSDF Heavy,0,Low,0,Low,0,Low,0,Low,0,0.280272,0.596453,0.467784,0.0272558,0.191238
898,RL,0,BSDF Heavy,0,Low,0,Low,0,Low,0,Low,0,0.280272,0.596454,0.467785,0.0272543,0.191238
899,RL,0,BSDF Heavy,0,Low,0,Low,0,Low,0,Low,0,0.280272,0.596452,0.467784,0.0272527,0.191238
900,RL,0,BSDF Heavy,0,Low,0,Low,0,Low,0,Low,0,0.280272,0.596451,0.467783,0.0272527,0.191238
901,RL,0,BSDF Heavy,0,Low,0,Low,0,Low,0,Low,0,0.280272,0.59645,0.467782,0.0272558,0.191238
902,RL,0,BSDF Heavy,0,Low,0,Low,0,Low,0,Low,0,0.280273,0.596451,0.467783,0.0272535,0.191238
903,RL,0,BSDF Heavy,0,Low,0,Low,0,Low,0,Low,0,0.280273,0.596449,0.467782,0.0272535,0.191238
904,RL,0,BSDF Heavy,0,Low,0,Low,0,Low,0,Low,0,0.280273,0.596445,0.467779,0.0272543,0.191161
905,RL,0,BSDF Heavy,0,Low,0,Low,0,Low,0,Low,0,0.280272,0.596441,0.467777,0.0272535,0.191161
906,RL,0,BSDF Heavy,0,Low,0,Low,0,Low,0,Low,0,0.280272,0.596441,0.467777,0.0272527,0.191161
907,RL,0,BSDF Heavy,0,Low,0,Low,0,Low,0,Low,0,0.280272,0.596441,0.467777,0.0272527,0.191161
908,RL,0,BSDF Heavy,0,Low,0,Low,0,Low,0,Low,0,0.280272,0.59644,0.467776,0.0272435,0.191161
909,RL,0,BSDF Heavy,0,Low,0,Low,0,Low,0,Low,0,0.280272,0.59644,0.467776,0.0272435,0.191161
910,RL,0,BSDF Heavy,0,Low,0,Low,0,Low,0,Low,0,0.280272,0.59644,0.467776,0.0272412,0.191161
911,RL,0,BSDF Heavy,0,Low,0,Low,0,Low,0,Low,0,0.280273,0.596443,0.467778,0.0272451,0.191161
912,RL,0,BSDF Heavy,0,Low,0,Low,0,Low,0,Low,0,0.280274,0.596442,0.467777,0.0272435,0.191085
913,RL,0,BSDF Heavy,0,Low,0,Low,0,Low,0,Low,0,0.280275,0.596437,0.467774,0.0272458,0.191085
914,RL,0,BSDF Heavy,0,Low,0,Low,0,Low,0,Low,0,0.280274,0.596436,0.467773,0.0272466,0.191085
915,RL,0,BSDF Heavy,0,Low,0,Low,0,Low,0,Low,0,0.280274,0.596435,0.467773,0.0272458,0.191085
916,RL,0,BSDF Heavy,0,Low,0,Low,0,Low,0,Low,0,0.280274,0.596434,0.467773,0.0272458,0.191085
917,RL,0,BSDF Heavy,0,Low,0,Low,0,Low,0,Low,0,0.280275,0.596437,0.467774,0.0272535,0.191085
918,RL,0,BSDF Heavy,0,Low,0,Low,0,Low,0,Low,0,0.280276,0.596437,0.467774,0.0272574,0.191085
919,RL,0,BSDF Heavy,0,Low,0,Low,0,Low,0,Low,0,0.280276,0.596437,0.467774,0.0272527,0.191085
920,RL,0,BSDF Heavy,0,Low,0,Low,0,Low,0,Low,0,0.280276,0.596438,0.467775,0.0272535,0.191008
921,RL,0,BSDF Heavy,0,Low,0,Low,0,Low,0,Low,0,0.280275,0.596435,0.467773,0.0272458,0.191008
922,RL,0,BSDF Heavy,0,Low,0,Low,0,Low,0,Low,0,0.280276,0.596437,0.467774,0.0272504,0.191008
923,RL,0,BSDF Heavy,0,Low,0,Low,0,Low,0,Low,0,0.280277,0.596437,0.467774,0.0272489,0.191008
924,RL,0,BSDF Heavy,0,Low,0,Low,0,Low,0,Low,0,0.280276,0.596435,0.467773,0.027252,0.191008
925,RL,0,BSDF Heavy,0,Low,0,Low,0,Low,0,Low,0,0.280275,0.596436,0.467774,0.0272543,0.191008
926,RL,0,BSDF Heavy,0,Low,0,Low,0,Low,0,Low,0,0.280277,0.596437,0.467774,0.0272566,0.191008
927,RL,0,BSDF Heavy,0,Low,0,Low,0,Low,0,Low,0,0.280278,0.596436,0.467773,0.027252,0.191008
928,RL,0,BSDF Heavy,0,Low,0,Low,0,Low,0,Low,0,0.280277,0.596436,0.467773,0.0272435,0.190932
929,RL,0,BSDF Heavy,0,Low,0,Low,0,Low,0,Low,0,0.280279,0.596437,0.467775,0.0272428,0.190932
930,RL,0,BSDF Heavy,0,Low,0,Low,0,Low,0,Low,0,0.280279,0.596438,0.467775,0.0272412,0.190932
931,RL,0,BSDF Heavy,0,Low,0,Low,0,Low,0,Low,0,0.280279,0.596435,0.467773,0.0272412,0.190932
932,RL,0,BSDF Heavy,0,Low,0,Low,0,Low,0,Low,0,0.28028,0.596436,0.467773,0.0272412,0.190932
933,RL,0,BSDF Heavy,0,Low,0,Low,0,Low,0,Low,0,0.28028,0.596434,0.467772,0.0272328,0.190932
934,RL,0,BSDF Heavy,0,Low,0,Low,0,Low,0,Low,0,0.280279,0.596435,0.467773,0.0272374,0.190932
935,RL,0,BSDF Heavy,0,Low,0,Low,0,Low,0,Low,0,0.28028,0.596434,0.467773,0.0272366,0.190932
936,RL,0,BSDF Heavy,0,Low,0,Low,0,Low,0,Low,0,0.280281,0.596436,0.467774,0.0272397,0.190856
937,RL,0,BSDF Heavy,0,Low,0,Low,0,Low,0,Low,0,0.280281,0.596437,0.467774,0.0272358,0.190856
938,RL,0,BSDF Heavy,0,Low,0,Low,0,Low,0,Low,0,0.280281,0.596434,0.467772,0.0272343,0.190856
939,RL,0,BSDF Heavy,0,Low,0,Low,0,Low,0,Low,0,0.280282,0.596436,0.467774,0.0272343,0.190856
940,RL,0,BSDF Heavy,0,Low,0,Low,0,Low,0,Low,0,0.280282,0.596435,0.467773,0.0272381,0.190856
941,RL,0,BSDF Heavy,0,Low,0,Low,0,Low,0,Low,0,0.280282,0.596435,0.467773,0.0272358,0.190856
942,RL,0,BSDF Heavy,0,Low,0,Low,0,Low,0,Low,0,0.280283,0.596433,0.467772,0.0272366,0.190856
943,RL,0,BSDF Heavy,0,Low,0,Low,0,Low,0,Low,0,0.280284,0.596432,0.467771,0.0272428,0.190856
944,RL,0,BSDF Heavy,0,Low,0,Low,0,Low,0,Low,0,0.280283,0.596432,0.467771,0.0272397,0.190779
945,RL,0,BSDF Heavy,0,Low,0,Low,0,Low,0,Low,0,0.280282,0.59643,0.46777,0.0272397,0.190779
946,RL,0,BSDF Heavy,0,Low,0,Low,0,Low,0,Low,0,0.280283,0.596427,0.467768,0.027242,0.190779
947,RL,0,BSDF Heavy,0,Low,0,Low,0,Low,0,Low,0,0.280283,0.59643,0.46777,0.0272443,0.190779
948,RL,0,BSDF Heavy,0,Low,0,Low,0,Low,0,Low,0,0.280283,0.596431,0.46777,0.0272428,0.190779
949,RL,0,BSDF Heavy,0,Low,0,Low,0,Low,0,Low,0,0.280282,0.596427,0.467768,0.027242,0.190779
950,RL,0,BSDF Heavy,0,Low,0,Low,0,Low,0,Low,0,0.280283,0.596428,0.467769,0.0272428,0.190779
951,RL,0,BSDF Heavy,0,Low,0,Low,0,Low,0,Low,0,0.280284,0.59643,0.46777,0.0272397,0.190779
952,RL,0,BSDF Heavy,0,Low,0,Low,0,Low,0,Low,0,0.280284,0.59643,0.46777,0.0272443,0.190703
953,RL,0,BSDF Heavy,0,Low,0,Low,0,Low,0,Low,0,0.280284,0.59643,0.46777,0.0272428,0.190703
954,RL,0,BSDF Heavy,0,Low,0,Low,0,Low,0,Low,0,0.280285,0.59643,0.46777,0.0272466,0.190703
955,RL,0,BSDF Heavy,0,Low,0,Low,0,Low,0,Low,0,0.280284,0.596426,0.467767,0.0272443,0.190703
956,RL,0,BSDF Heavy,0,Low,0,Low,0,Low,0,Low,0,0.280284,0.596425,0.467767,0.0272466,0.190703
957,RL,0,BSDF Heavy,0,Low,0,Low,0,Low,0,Low,0,0.280285,0.596425,0.467767,0.0272466,0.190703
958,RL,0,BSDF Heavy,0,Low,0,Low,0,Low,0,Low,0,0.280284,0.596426,0.467767,0.0272428,0.190703
959,RL,0,BSDF Heavy,0,Low,0,Low,0,Low,0,Low,0,0.280284,0.596424,0.467766,0.0272381,0.190703
960,RL,0,BSDF Heavy,0,Low,0,Low,0,Low,0,Low,0,0.280284,0.596423,0.467766,0.0272435,0.190627
961,RL,0,BSDF Heavy,0,Low,0,Low,0,Low,0,Low,0,0.280284,0.596422,0.467765,0.0272481,0.190627
962,RL,0,BSDF Heavy,0,Low,0,Low,0,Low,0,Low,0,0.280284,0.59642,0.467764,0.0272374,0.190627
963,RL,0,BSDF Heavy,0,Low,0,Low,0,Low,0,Low,0,0.280284,0.59642,0.467764,0.0272412,0.190627
964,RL,0,BSDF Heavy,0,Low,0,Low,0,Low,0,Low,0,0.280285,0.59642,0.467764,0.0272397,0.190627
965,RL,0,BSDF Heavy,0,Low,0,Low,0,Low,0,Low,0,0.280285,0.596418,0.467762,0.0272358,0.190627
966,RL,0,BSDF Heavy,0,Low,0,Low,0,Low,0,Low,0,0.280285,0.596417,0.467762,0.0272358,0.190627
967,RL,0,BSDF Heavy,0,Low,0,Low,0,Low,0,Low,0,0.280285,0.596416,0.467761,0.0272389,0.190627
968,RL,0,BSDF Heavy,0,Low,0,Low,0,Low,0,Low,0,0.280285,0.596416,0.467761,0.0272381,0.190551
969,RL,0,BSDF Heavy,0,Low,0,Low,0,Low,0,Low,0,0.280286,0.596417,0.467762,0.0272428,0.190551
970,RL,0,BSDF Heavy,0,Low,0,Low,0,Low,0,Low,0,0.280286,0.596416,0.467761,0.0272443,0.190551
971,RL,0,BSDF Heavy,0,Low,0,Low,0,Low,0,Low,0,0.280286,0.596416,0.467761,0.0272374,0.190551
972,RL,0,BSDF Heavy,0,Low,0,Low,0,Low,0,Low,0,0.280287,0.596415,0.467761,0.0272351,0.190551
973,RL,0,BSDF Heavy,0,Low,0,Low,0,Low,0,Low,0,0.280287,0.596416,0.467761,0.0272335,0.190551
974,RL,0,BSDF Heavy,0,Low,0,Low,0,Low,0,Low,0,0.280288,0.596415,0.467761,0.0272335,0.190551
975,RL,0,BSDF Heavy,0,Low,0,Low,0,Low,0,Low,0,0.280287,0.59641,0.467758,0.0272289,0.190551
976,RL,0,BSDF Heavy,0,Low,0,Low,0,Low,0,Low,0,0.280287,0.596409,0.467757,0.0272305,0.190474
977,RL,0,BSDF Heavy,0,Low,0,Low,0,Low,0,Low,0,0.280286,0.596408,0.467756,0.0272305,0.190474
978,RL,0,BSDF Heavy,0,Low,0,Low,0,Low,0,Low,0,0.280286,0.596406,0.467755,0.0272335,0.190474
979,RL,0,BSDF Heavy,0,Low,0,Low,0,Low,0,Low,0,0.280285,0.596405,0.467754,0.0272297,0.190474
980,RL,0,BSDF Heavy,0,Low,0,Low,0,Low,0,Low,0,0.280284,0.596403,0.467753,0.0272312,0.190474
981,RL,0,BSDF Heavy,0,Low,0,Low,0,Low,0,Low,0,0.280284,0.596401,0.467751,0.027232,0.190474
982,RL,0,BSDF Heavy,0,Low,0,Low,0,Low,0,Low,0,0.280285,0.596398,0.46775,0.0272405,0.190474
983,RL,0,BSDF Heavy,0,Low,0,Low,0,Low,0,Low,0,0.280285,0.596396,0.467749,0.0272381,0.190474
984,RL,0,BSDF Heavy,0,Low,0,Low,0,Low,0,Low,0,0.280286,0.596394,0.467748,0.0272358,0.190398
985,RL,0,BSDF Heavy,0,Low,0,Low,0,Low,0,Low,0,0.280285,0.596392,0.467746,0.0272335,0.190398
986,RL,0,BSDF Heavy,0,Low,0,Low,0,Low,0,Low,0,0.280286,0.596389,0.467744,0.0272274,0.190398
987,RL,0,BSDF Heavy,0,Low,0,Low,0,Low,0,Low,0,0.280286,0.596391,0.467746,0.0272328,0.190398
988,RL,0,BSDF Heavy,0,Low,0,Low,0,Low,0,Low,0,0.280287,0.596389,0.467744,0.0272366,0.190398
989,RL,0,BSDF Heavy,0,Low,0,Low,0,Low,0,Low,0,0.280287,0.596385,0.467741,0.0272312,0.190398
990,RL,0,BSDF Heavy,0,Low,0,Low,0,Low,0,Low,0,0.280287,0.596384,0.467741,0.0272312,0.190398
991,RL,0,BSDF Heavy,0,Low,0,Low,0,Low,0,Low,0,0.280286,0.59638,0.467739,0.0272282,0.190398
992,RL,0,BSDF Heavy,0,Low,0,Low,0,Low,0,Low,0,0.280286,0.59638,0.467739,0.0272343,0.190322
993,RL,0,BSDF Heavy,0,Low,0,Low,0,Low,0,Low,0,0.280286,0.596382,0.46774,0.0272335,0.190322
994,RL,0,BSDF Heavy,0,Low,0,Low,0,Low,0,Low,0,0.280286,0.596379,0.467738,0.0272351,0.190322
995,RL,0,BSDF Heavy,0,Low,0,Low,0,Low,0,Low,0,0.280286,0.596376,0.467736,0.0272305,0.190322
996,RL,0,BSDF Heavy,0,Low,0,Low,0,Low,0,Low,0,0.280284,0.596374,0.467735,0.0272335,0.190322
997,RL,0,BSDF Heavy,0,Low,0,Low,0,Low,0,Low,0,0.280285,0.596374,0.467735,0.0272366,0.190322
998,RL,0,BSDF Heavy,0,Low,0,Low,0,Low,0,Low,0,0.280285,0.596371,0.467733,0.0272366,0.190322
999,RL,0,BSDF Heavy,0,Low,0,Low,0,Low,0,Low,0,0.280285,0.596369,0.467732,0.0272366,0.190322
1000,RL,0,BSDF Heavy,0,Low,0,Low,0,Low,0,Low,0,0.280285,0.596369,0.467732,0.0272282,0.190246
1001,RL,0,BSDF Heavy,0,Low,0,Low,0,Low,0,Low,0,0.280285,0.596368,0.467731,0.0272312,0.190246
1002,RL,0,BSDF Heavy,0,Low,0,Low,0,Low,0,Low,0,0.280286,0.596367,0.46773,0.0272374,0.190246
1003,RL,0,BSDF Heavy,0,Low,0,Low,0,Low,0,Low,0,0.280285,0.596366,0.46773,0.027232,0.190246
1004,RL,0,BSDF Heavy,0,Low,0,Low,0,Low,0,Low,0,0.280286,0.596368,0.467731,0.0272297,0.190246
1005,RL,0,BSDF Heavy,0,Low,0,Low,0,Low,0,Low,0,0.280286,0.596367,0.46773,0.0272282,0.190246
1006,RL,0,BSDF Heavy,0,Low,0,Low,0,Low,0,Low,0,0.280286,0.596364,0.467729,0.0272289,0.190246
1007,RL,0,BSDF Heavy,0,Low,0,Low,0,Low,0,Low,0,0.280287,0.596363,0.467728,0.0272259,0.190246
1008,RL,0,Light Heavy,0,Low,0,Low,0,Low,0,Low,0,0.280287,0.596365,0.467729,0.0272205,0.19017
1009,RL,0,Light Heavy,0,Low,0,Low,0,Low,0,Low,0,0.280288,0.596365,0.467729,0.027222,0.19017
1010,RL,0,Light Heavy,0,Low,0,Low,0,Low,0,Low,0,0.280288,0.596364,0.467728,0.0272205,0.19017
1011,RL,0,Light Heavy,0,Low,0,Low,0,Low,0,Low,0,0.280287,0.596364,0.467728,0.0272212,0.19017
1012,RL,0,Light Heavy,0,Low,0,Low,0,Low,0,Low,0,0.280287,0.59636,0.467726,0.0272228,0.19017
1013,RL,0,Light Heavy,0,Low,0,Low,0,Low,0,Low,0,0.280288,0.596362,0.467727,0.0272212,0.19017
1014,RL,0,Light Heavy,0,Low,0,Low,0,Low,0,Low,0,0.280288,0.596362,0.467727,0.0272189,0.19017
1015,RL,0,Light Heavy,0,Low,0,Low,0,Low,0,Low,0,0.280288,0.596358,0.467725,0.0272159,0.19017
1016,RL,0,BSDF Heavy,0,Low,0,Low,0,Low,0,Low,0,0.280289,0.596358,0.467725,0.0272228,0.190094
1017,RL,0,BSDF Heavy,0,Low,0,Low,0,Low,0,Low,0,0.280287,0.596355,0.467723,0.0272251,0.190094
1018,RL,0,BSDF Heavy,0,Low,0,Low,0,Low,0,Low,0,0.280287,0.596357,0.467724,0.0272205,0.190094
1019,RL,0,BSDF Heavy,0,Low,0,Low,0,Low,0,Low,0,0.280287,0.596357,0.467724,0.0272235,0.190094
1020,RL,0,BSDF Heavy,0,Low,0,Low,0,Low,0,Low,0,0.280286,0.596353,0.467721,0.0272182,0.190094
1021,RL,0,BSDF Heavy,0,Low,0,Low,0,Low,0,Low,0,0.280287,0.596354,0.467722,0.0272251,0.190094
1022,RL,0,BSDF Heavy,0,Low,0,Low,0,Low,0,Low,0,0.280287,0.596353,0.467722,0.0272205,0.190094
1023,RL,0,BSDF Heavy,0,Low,0,Low,0,Low,0,Low,0,0.280287,0.59635,0.46772,0.0272212,0.190094
1024,RL,0,BSDF Heavy,0,Low,0,Low,0,Low,0,Low,0,0.280286,0.596348,0.467718,0.0272266,0.190018
1025,RL,0,BSDF Heavy,0,Low,0,Low,0,Low,0,Low,0,0.280287,0.596349,0.467719,0.0272259,0.190018
1026,RL,0,BSDF Heavy,0,Low,0,Low,0,Low,0,Low,0,0.280287,0.596351,0.46772,0.0272274,0.190018
1027,RL,0,BSDF Heavy,0,Low,0,Low,0,Low,0,Low,0,0.280287,0.596347,0.467718,0.0272235,0.190018
1028,RL,0,BSDF Heavy,0,Low,0,Low,0,Low,0,Low,0,0.280287,0.596347,0.467718,0.0272243,0.190018
1029,RL,0,BSDF Heavy,0,Low,0,Low,0,Low,0,Low,0,0.280288,0.596345,0.467717,0.0272197,0.190018
1030,RL,0,BSDF Heavy,0,Low,0,Low,0,Low,0,Low,0,0.280288,0.596349,0.467719,0.0272259,0.190018
1031,RL,0,BSDF Heavy,0,Low,0,Low,0,Low,0,Low,0,0.280288,0.59635,0.46772,0.0272243,0.190018
1032,RL,0,BSDF Heavy,0,Low,0,Low,0,Low,0,Low,0,0.280288,0.59635,0.46772,0.0272243,0.189942
1033,RL,0,BSDF Heavy,0,Low,0,Low,0,Low,0,Low,0,0.280288,0.596349,0.467719,0.0272197,0.189942
1034,RL,0,BSDF Heavy,0,Low,0,Low,0,Low,0,Low,0,0.280288,0.596347,0.467718,0.0272143,0.189942
1035,RL,0,BSDF Heavy,0,Low,0,Low,0,Low,0,Low,0,0.280288,0.596345,0.467717,0.0272212,0.189942
1036,RL,0,BSDF Heavy,0,Low,0,Low,0,Low,0,Low,0,0.280288,0.596347,0.467718,0.0272174,0.189942
1037,RL,0,BSDF Heavy,0,Low,0,Low,0,Low,0,Low,0,0.280287,0.596344,0.467716,0.0272166,0.189942
1038,RL,0,BSDF Heavy,0,Low,0,Low,0,Low,0,Low,0,0.280287,0.596342,0.467715,0.0272197,0.189942
1039,RL,0,BSDF Heavy,0,Low,0,Low,0,Low,0,Low,0,0.280287,0.596344,0.467716,0.027222,0.189942
1040,RL,0,BSDF Heavy,0,Low,0,Low,0,Low,0,Low,0,0.280288,0.596344,0.467716,0.0272174,0.189866
1041,RL,0,BSDF Heavy,0,Low,0,Low,0,Low,0,Low,0,0.280288,0.596342,0.467715,0.027212,0.189866
1042,RL,0,BSDF Heavy,0,Low,0,Low,0,Low,0,Low,0,0.280288,0.596343,0.467716,0.0272105,0.189866
1043,RL,0,BSDF Heavy,0,Low,0,Low,0,Low,0,Low,0,0.280288,0.596344,0.467716,0.0272166,0.189866
1044,RL,0,BSDF Heavy,0,Low,0,Low,0,Low,0,Low,0,0.280289,0.596344,0.467716,0.0272166,0.189866
1045,RL,0,BSDF Heavy,0,Low,0,Low,0,Low,0,Low,0,0.280287,0.596343,0.467716,0.0272074,0.189866
1046,RL,0,BSDF Heavy,0,Low,0,Low,0,Low,0,Low,0,0.280288,0.596342,0.467715,0.0272013,0.189866
1047,RL,0,BSDF Heavy,0,Low,0,Low,0,Low,0,Low,0,0.280287,0.59634,0.467714,0.0272059,0.189866
1048,RL,0,BSDF Heavy,0,Low,0,Low,0,Low,0,Low,0,0.280287,0.596339,0.467713,0.0272013,0.18979
1049,RL,0,BSDF Heavy,0,Low,0,Low,0,Low,0,Low,0,0.280286,0.596338,0.467712,0.0272066,0.18979
1050,RL,0,BSDF Heavy,0,Low,0,Low,0,Low,0,Low,0,0.280286,0.596336,0.467711,0.0272097,0.18979
1051,RL,0,BSDF Heavy,0,Low,0,Low,0,Low,0,Low,0,0.280285,0.596337,0.467712,0.0272105,0.18979
1052,RL,0,BSDF Heavy,0,Low,0,Low,0,Low,0,Low,0,0.280286,0.596336,0.467711,0.027212,0.18979
1053,RL,0,BSDF Heavy,0,Low,0,Low,0,Low,0,Low,0,0.280286,0.596336,0.467711,0.0272074,0.18979
1054,RL,0,BSDF Heavy,0,Low,0,Low,0,Low,0,Low,0,0.280287,0.596338,0.467712,0.0272082,0.18979
1055,RL,0,BSDF Heavy,0,Low,0,Low,0,Low,0,Low,0,0.280286,0.596336,0.467711,0.0272082,0.18979
1056,RL,0,BSDF Heavy,0,Low,0,Low,0,Low,0,Low,0,0.280286,0.596332,0.467709,0.0272051,0.189714
1057,RL,0,BSDF Heavy,0,Low,0,Low,0,Low,0,Low,0,0.280287,0.596333,0.467709,0.0272097,0.189714
1058,RL,0,BSDF Heavy,0,Low,0,Low,0,Low,0,Low,0,0.280287,0.596335,0.46771,0.0272082,0.189714
1059,RL,0,BSDF Heavy,0,Low,0,Low,0,Low,0,Low,0,0.280288,0.596334,0.46771,0.0272097,0.189714
1060,RL,0,BSDF Heavy,0,Low,0,Low,0,Low,0,Low,0,0.280288,0.596332,0.467709,0.027212,0.189714
1061,RL,0,BSDF Heavy,0,Low,0,Low,0,Low,0,Low,0,0.280286,0.596332,0.467708,0.0272097,0.189714
1062,RL,0,BSDF Heavy,0,Low,0,Low,0,Low,0,Low,0,0.280286,0.596334,0.46771,0.0272089,0.189714
1063,RL,0,BSDF Heavy,0,Low,0,Low,0,Low,0,Low,0,0.280286,0.596334,0.46771,0.0272189,0.189714
1064,RL,0,Balanced,0,Low,0,Low,0,Low,0,Low,0,0.280286,0.596332,0.467709,0.027222,0.189638
1065,RL,0,Balanced,0,Low,0,Low,0,Low,0,Low,0,0.280286,0.596332,0.467708,0.0272235,0.189638
1066,RL,0,Balanced,0,Low,0,Low,0,Low,0,Low,0,0.280286,0.59633,0.467707,0.0272197,0.189638
1067,RL,0,Balanced,0,Low,0,Low,0,Low,0,Low,0,0.280286,0.596331,0.467708,0.0272174,0.189638
1068,RL,0,Balanced,0,Low,0,Low,0,Low,0,Low,0,0.280285,0.596331,0.467708,0.0272174,0.189638
1069,RL,0,Balanced,0,Low,0,Low,0,Low,0,Low,0,0.280285,0.596328,0.467706,0.0272189,0.189638
1070,RL,0,Balanced,0,Low,0,Low,0,Low,0,Low,0,0.280285,0.596327,0.467705,0.0272189,0.189638
1071,RL,0,Balanced,0,Low,0,Low,0,Low,0,Low,0,0.280286,0.596327,0.467705,0.0272235,0.189638
1072,RL,0,BSDF Heavy,0,Low,0,Low,0,Low,0,Low,0,0.280285,0.596327,0.467705,0.0272205,0.189562
1073,RL,0,BSDF Heavy,0,Low,0,Low,0,Low,0,Low,0,0.280285,0.596327,0.467706,0.0272235,0.189562
1074,RL,0,BSDF Heavy,0,Low,0,Low,0,Low,0,Low,0,0.280284,0.596325,0.467704,0.0272174,0.189562
1075,RL,0,BSDF Heavy,0,Low,0,Low,0,Low,0,Low,0,0.280284,0.596323,0.467703,0.0272151,0.189562
1076,RL,0,BSDF Heavy,0,Low,0,Low,0,Low,0,Low,0,0.280285,0.596324,0.467703,0.027212,0.189562
1077,RL,0,BSDF Heavy,0,Low,0,Low,0,Low,0,Low,0,0.280286,0.596323,0.467703,0.0272182,0.189562
1078,RL,0,BSDF Heavy,0,Low,0,Low,0,Low,0,Low,0,0.280285,0.596321,0.467701,0.0272182,0.189562
1079,RL,0,BSDF Heavy,0,Low,0,Low,0,Low,0,Low,0,0.280284,0.59632,0.467701,0.0272151,0.189562
1080,RL,0,BSDF Heavy,0,Low,0,Low,0,Low,0,Low,0,0.280284,0.596319,0.4677,0.0272182,0.189486
1081,RL,0,BSDF Heavy,0,Low,0,Low,0,Low,0,Low,0,0.280284,0.596316,0.467699,0.0272212,0.189486
1082,RL,0,BSDF Heavy,0,Low,0,Low,0,Low,0,Low,0,0.280284,0.596315,0.467698,0.0272174,0.189486
1083,RL,0,BSDF Heavy,0,Low,0,Low,0,Low,0,Low,0,0.280284,0.596317,0.467699,0.0272174,0.189486
1084,RL,0,BSDF Heavy,0,Low,0,Low,0,Low,0,Low,0,0.280284,0.596315,0.467698,0.0272182,0.189486
1085,RL,0,BSDF Heavy,0,Low,0,Low,0,Low,0,Low,0,0.280285,0.596316,0.467698,0.0272159,0.189486
1086,RL,0,BSDF Heavy,0,Low,0,Low,0,Low,0,Low,0,0.280286,0.596316,0.467698,0.0272174,0.189486
1087,RL,0,BSDF Heavy,0,Low,0,Low,0,Low,0,Low,0,0.280285,0.596316,0.467699,0.027222,0.189486
1088,RL,0,BSDF Heavy,0,Low,0,Low,0,Low,0,Low,0,0.280286,0.596317,0.467699,0.0272182,0.189411
1089,RL,0,BSDF Heavy,0,Low,0,Low,0,Low,0,Low,0,0.280285,0.596317,0.467699,0.0272082,0.189411
1090,RL,0,BSDF Heavy,0,Low,0,Low,0,Low,0,Low,0,0.280285,0.596317,0.467699,0.0272113,0.189411
1091,RL,0,BSDF Heavy,0,Low,0,Low,0,Low,0,Low,0,0.280285,0.596316,0.467698,0.0272089,0.189411
1092,RL,0,BSDF Heavy,0,Low,0,Low,0,Low,0,Low,0,0.280285,0.596316,0.467698,0.0272089,0.189411
1093,RL,0,BSDF Heavy,0,Low,0,Low,0,Low,0,Low,0,0.280285,0.596317,0.467699,0.0272097,0.189411
1094,RL,0,BSDF Heavy,0,Low,0,Low,0,Low,0,Low,0,0.280285,0.596317,0.467699,0.027212,0.189411
1095,RL,0,BSDF Heavy,0,Low,0,Low,0,Low,0,Low,0,0.280285,0.596317,0.467699,0.0272128,0.189411
1096,RL,0,BSDF Heavy,0,Low,0,Low,0,Low,0,Low,0,0.280285,0.596315,0.467698,0.0272074,0.189335
1097,RL,0,BSDF Heavy,0,Low,0,Low,0,Low,0,Low,0,0.280284,0.596313,0.467696,0.0272182,0.189335
1098,RL,0,BSDF Heavy,0,Low,0,Low,0,Low,0,Low,0,0.280285,0.596314,0.467697,0.0272151,0.189335
1099,RL,0,BSDF Heavy,0,Low,0,Low,0,Low,0,Low,0,0.280285,0.596315,0.467698,0.0272197,0.189335
1100,RL,0,BSDF Heavy,0,Low,0,Low,0,Low,0,Low,0,0.280285,0.596317,0.467699,0.0272205,0.189335
1101,RL,0,BSDF Heavy,0,Low,0,Low,0,Low,0,Low,0,0.280284,0.596317,0.467699,0.0272174,0.189335
1102,RL,0,BSDF Heavy,0,Low,0,Low,0,Low,0,Low,0,0.280284,0.596316,0.467698,0.0272228,0.189335
1103,RL,0,BSDF Heavy,0,Low,0,Low,0,Low,0,Low,0,0.280285,0.596317,0.467699,0.027222,0.189335
1104,RL,0,BSDF Heavy,0,Low,0,Low,0,Low,0,Low,0,0.280284,0.596316,0.467699,0.0272143,0.189259
1105,RL,0,BSDF Heavy,0,Low,0,Low,0,Low,0,Low,0,0.280285,0.596314,0.467697,0.0272151,0.189259
1106,RL,0,BSDF Heavy,0,Low,0,Low,0,Low,0,Low,0,0.280285,0.596315,0.467698,0.0272166,0.189259
1107,RL,0,BSDF Heavy,0,Low,0,Low,0,Low,0,Low,0,0.280285,0.596313,0.467697,0.0272189,0.189259
1108,RL,0,BSDF Heavy,0,Low,0,Low,0,Low,0,Low,0,0.280285,0.596312,0.467696,0.0272205,0.189259
1109,RL,0,BSDF Heavy,0,Low,0,Low,0,Low,0,Low,0,0.280285,0.596309,0.467694,0.0272189,0.189259
1110,RL,0,BSDF Heavy,0,Low,0,Low,0,Low,0,Low,0,0.280285,0.596307,0.467693,0.0272189,0.189259
1111,RL,0,BSDF Heavy,0,Low,0,Low,0,Low,0,Low,0,0.280284,0.596304,0.467691,0.0272166,0.189259
1112,RL,0,BSDF Heavy,0,Low,0,Low,0,Low,0,Low,0,0.280283,0.596302,0.46769,0.0272166,0.189183
1113,RL,0,BSDF Heavy,0,Low,0,Low,0,Low,0,Low,0,0.280284,0.596302,0.46769,0.0272182,0.189183
1114,RL,0,BSDF Heavy,0,Low,0,Low,0,Low,0,Low,0,0.280283,0.596303,0.46769,0.0272143,0.189183
1115,RL,0,BSDF Heavy,0,Low,0,Low,0,Low,0,Low,0,0.280284,0.596303,0.46769,0.0272159,0.189183
1116,RL,0,BSDF Heavy,0,Low,0,Low,0,Low,0,Low,0,0.280284,0.596302,0.46769,0.0272136,0.189183
1117,RL,0,BSDF Heavy,0,Low,0,Low,0,Low,0,Low,0,0.280283,0.5963,0.467688,0.0272143,0.189183
1118,RL,0,BSDF Heavy,0,Low,0,Low,0,Low,0,Low,0,0.280284,0.596298,0.467687,0.0272082,0.189183
1119,RL,0,BSDF Heavy,0,Low,0,Low,0,Low,0,Low,0,0.280284,0.596295,0.467686,0.0272036,0.189183
1120,RL,0,BSDF Heavy,0,Low,0,Low,0,Low,0,Low,0,0.280284,0.596297,0.467686,0.0272059,0.189108
1121,RL,0,BSDF Heavy,0,Low,0,Low,0,Low,0,Low,0,0.280284,0.596294,0.467685,0.0272043,0.189108
1122,RL,0,BSDF Heavy,0,Low,0,Low,0,Low,0,Low,0,0.280283,0.596292,0.467683,0.027202,0.189108
1123,RL,0,BSDF Heavy,0,Low,0,Low,0,Low,0,Low,0,0.280284,0.596292,0.467683,0.027199,0.189108
1124,RL,0,BSDF Heavy,0,Low,0,Low,0,Low,0,Low,0,0.280284,0.596291,0.467683,0.0271959,0.189108
1125,RL,0,BSDF Heavy,0,Low,0,Low,0,Low,0,Low,0,0.280285,0.596292,0.467683,0.027202,0.189108
1126,RL,0,BSDF Heavy,0,Low,0,Low,0,Low,0,Low,0,0.280285,0.596291,0.467683,0.0272028,0.189108
1127,RL,0,BSDF Heavy,0,Low,0,Low,0,Low,0,Low,0,0.280285,0.59629,0.467682,0.0272043,0.189108
1128,RL,0,BSDF Heavy,0,Low,0,Low,0,Low,0,Low,0,0.280285,0.596289,0.467681,0.0272051,0.189032
1129,RL,0,BSDF Heavy,0,Low,0,Low,0,Low,0,Low,0,0.280286,0.59629,0.467682,0.0272082,0.189032
1130,RL,0,BSDF Heavy,0,Low,0,Low,0,Low,0,Low,0,0.280286,0.596288,0.467681,0.0272097,0.189032
1131,RL,0,BSDF Heavy,0,Low,0,Low,0,Low,0,Low,0,0.280286,0.596289,0.467682,0.0272074,0.189032
1132,RL,0,BSDF Heavy,0,Low,0,Low,0,Low,0,Low,0,0.280287,0.596288,0.467681,0.0272082,0.189032
1133,RL,0,BSDF Heavy,0,Low,0,Low,0,Low,0,Low,0,0.280287,0.596286,0.46768,0.0272036,0.189032
1134,RL,0,BSDF Heavy,0,Low,0,Low,0,Low,0,Low,0,0.280287,0.596286,0.46768,0.0272051,0.189032
1135,RL,0,BSDF Heavy,0,Low,0,Low,0,Low,0,Low,0,0.280287,0.596284,0.467679,0.027212,0.189032
1136,RL,0,Light Heavy,0,Low,0,Low,0,Low,0,Low,0,0.280287,0.596286,0.46768,0.0272113,0.188957
1137,RL,0,Light Heavy,0,Low,0,Low,0,Low,0,Low,0,0.280288,0.596287,0.46768,0.0272097,0.188957
1138,RL,0,Light Heavy,0,Low,0,Low,0,Low,0,Low,0,0.280287,0.596286,0.46768,0.0272082,0.188957
1139,RL,0,Light Heavy,0,Low,0,Low,0,Low,0,Low,0,0.280287,0.596286,0.46768,0.0272059,0.188957
1140,RL,0,Light Heavy,0,Low,0,Low,0,Low,0,Low,0,0.280287,0.596285,0.467679,0.0272051,0.188957
1141,RL,0,Light Heavy,0,Low,0,Low,0,Low,0,Low,0,0.280287,0.596285,0.467679,0.0272089,0.188957
1142,RL,0,Light Heavy,0,Low,0,Low,0,Low,0,Low,0,0.280287,0.596285,0.467679,0.0272066,0.188957
1143,RL,0,Light Heavy,0,Low,0,Low,0,Low,0,Low,0,0.280288,0.596285,0.467679,0.0272082,0.188957
1144,RL,0,BSDF Heavy,0,Low,0,Low,0,Low,0,Low,0,0.280287,0.596283,0.467678,0.0272105,0.188881
1145,RL,0,BSDF Heavy,0,Low,0,Low,0,Low,0,Low,0,0.280287,0.596284,0.467678,0.0272074,0.188881
1146,RL,0,BSDF Heavy,0,Low,0,Low,0,Low,0,Low,0,0.280288,0.596283,0.467678,0.0272051,0.188881
1147,RL,0,BSDF Heavy,0,Low,0,Low,0,Low,0,Low,0,0.280289,0.596282,0.467677,0.0272066,0.188881
1148,RL,0,BSDF Heavy,0,Low,0,Low,0,Low,0,Low,0,0.280289,0.596283,0.467678,0.0272028,0.188881
1149,RL,0,BSDF Heavy,0,Low,0,Low,0,Low,0,Low,0,0.28029,0.596281,0.467677,0.0272051,0.188881
1150,RL,0,BSDF Heavy,0,Low,0,Low,0,Low,0,Low,0,0.28029,0.596281,0.467676,0.0272036,0.188881
1151,RL,0,BSDF Heavy,0,Low,0,Low,0,Low,0,Low,0,0.280289,0.596281,0.467677,0.0272059,0.188881
1152,RL,0,BSDF Heavy,0,Low,0,Low,0,Low,0,Low,0,0.28029,0.596279,0.467675,0.027202,0.188806
1153,RL,0,BSDF Heavy,0,Low,0,Low,0,Low,0,Low,0,0.28029,0.596278,0.467675,0.0272005,0.188806
1154,RL,0,BSDF Heavy,0,Low,0,Low,0,Low,0,Low,0,0.28029,0.596278,0.467675,0.027202,0.188806
1155,RL,0,BSDF Heavy,0,Low,0,Low,0,Low,0,Low,0,0.28029,0.596277,0.467674,0.0272051,0.188806
1156,RL,0,BSDF Heavy,0,Low,0,Low,0,Low,0,Low,0,0.28029,0.596275,0.467673,0.0272066,0.188806
1157,RL,0,BSDF Heavy,0,Low,0,Low,0,Low,0,Low,0,0.28029,0.596276,0.467674,0.0272059,0.188806
1158,RL,0,BSDF Heavy,0,Low,0,Low,0,Low,0,Low,0,0.280291,0.596277,0.467674,0.0272089,0.188806
1159,RL,0,BSDF Heavy,0,Low,0,Low,0,Low,0,Low,0,0.280292,0.596276,0.467673,0.0272043,0.188806
1160,RL,0,BSDF Heavy,0,Low,0,Low,0,Low,0,Low,0,0.280292,0.596275,0.467673,0.0272036,0.18873
1161,RL,0,BSDF Heavy,0,Low,0,Low,0,Low,0,Low,0,0.280292,0.596273,0.467671,0.0272036,0.18873
1162,RL,0,BSDF Heavy,0,Low,0,Low,0,Low,0,Low,0,0.280292,0.596274,0.467672,0.0272028,0.18873
1163,RL,0,BSDF Heavy,0,Low,0,Low,0,Low,0,Low,0,0.280292,0.596274,0.467672,0.027202,0.18873
1164,RL,0,BSDF Heavy,0,Low,0,Low,0,Low,0,Low,0,0.280291,0.596273,0.467671,0.0272013,0.18873
1165,RL,0,BSDF Heavy,0,Low,0,Low,0,Low,0,Low,0,0.280292,0.596273,0.467672,0.0272013,0.18873
1166,RL,0,BSDF Heavy,0,Low,0,Low,0,Low,0,Low,0,0.280291,0.596273,0.467672,0.0271997,0.18873
1167,RL,0,BSDF Heavy,0,Low,0,Low,0,Low,0,Low,0,0.28029,0.596273,0.467672,0.0271943,0.18873
1168,RL,0,BSDF Heavy,0,Low,0,Low,0,Low,0,Low,0,0.280289,0.596272,0.467671,0.0271928,0.188655
1169,RL,0,BSDF Heavy,0,Low,0,Low,0,Low,0,Low,0,0.280289,0.596273,0.467672,0.0271905,0.188655
1170,RL,0,BSDF Heavy,0,Low,0,Low,0,Low,0,Low,0,0.28029,0.596278,0.467674,0.027189,0.188655
1171,RL,0,BSDF Heavy,0,Low,0,Low,0,Low,0,Low,0,0.280289,0.596275,0.467673,0.0271867,0.188655
1172,RL,0,BSDF Heavy,0,Low,0,Low,0,Low,0,Low,0,0.280289,0.596276,0.467674,0.0271805,0.188655
1173,RL,0,BSDF Heavy,0,Low,0,Low,0,Low,0,Low,0,0.280289,0.596275,0.467673,0.0271859,0.188655
1174,RL,0,BSDF Heavy,0,Low,0,Low,0,Low,0,Low,0,0.280289,0.596277,0.467674,0.0271859,0.188655
1175,RL,0,BSDF Heavy,0,Low,0,Low,0,Low,0,Low,0,0.280289,0.596279,0.467675,0.0271905,0.188655
1176,RL,0,BSDF Heavy,0,Low,0,Low,0,Low,0,Low,0,0.280289,0.596277,0.467674,0.0271928,0.188579
1177,RL,0,BSDF Heavy,0,Low,0,Low,0,Low,0,Low,0,0.280289,0.596279,0.467675,0.0271928,0.188579
1178,RL,0,BSDF Heavy,0,Low,0,Low,0,Low,0,Low,0,0.28029,0.59628,0.467676,0.0271913,0.188579
1179,RL,0,BSDF Heavy,0,Low,0,Low,0,Low,0,Low,0,0.28029,0.596278,0.467675,0.027192,0.188579
1180,RL,0,BSDF Heavy,0,Low,0,Low,0,Low,0,Low,0,0.28029,0.596281,0.467677,0.0271913,0.188579
1181,RL,0,BSDF Heavy,0,Low,0,Low,0,Low,0,Low,0,0.28029,0.596281,0.467677,0.0271943,0.188579
1182,RL,0,BSDF Heavy,0,Low,0,Low,0,Low,0,Low,0,0.28029,0.596283,0.467678,0.0271966,0.188579
1183,RL,0,BSDF Heavy,0,Low,0,Low,0,Low,0,Low,0,0.280291,0.596285,0.467679,0.0271974,0.188579
1184,RL,0,BSDF Heavy,0,Low,0,Low,0,Low,0,Low,0,0.280291,0.596283,0.467678,0.0271951,0.188504
1185,RL,0,BSDF Heavy,0,Low,0,Low,0,Low,0,Low,0,0.28029,0.596283,0.467678,0.0271936,0.188504
1186,RL,0,BSDF Heavy,0,Low,0,Low,0,Low,0,Low,0,0.280289,0.596284,0.467679,0.0271905,0.188504
1187,RL,0,BSDF Heavy,0,Low,0,Low,0,Low,0,Low,0,0.280289,0.596286,0.467679,0.0271928,0.188504
1188,RL,0,BSDF Heavy,0,Low,0,Low,0,Low,0,Low,0,0.280288,0.596285,0.467679,0.0271928,0.188504
1189,RL,0,BSDF Heavy,0,Low,0,Low,0,Low,0,Low,0,0.280289,0.596284,0.467679,0.0271928,0.188504
1190,RL,0,BSDF Heavy,0,Low,0,Low,0,Low,0,Low,0,0.280289,0.596284,0.467678,0.0271951,0.188504
1191,RL,0,BSDF Heavy,0,Low,0,Low,0,Low,0,Low,0,0.280289,0.596287,0.46768,0.027189,0.188504
1192,RL,0,BSDF Heavy,0,Low,0,Low,0,Low,0,Low,0,0.28029,0.596287,0.46768,0.0271897,0.188428
1193,RL,0,BSDF Heavy,0,Low,0,Low,0,Low,0,Low,0,0.28029,0.596286,0.46768,0.0271936,0.188428
1194,RL,0,BSDF Heavy,0,Low,0,Low,0,Low,0,Low,0,0.280289,0.596285,0.467679,0.0271951,0.188428
1195,RL,0,BSDF Heavy,0,Low,0,Low,0,Low,0,Low,0,0.280289,0.596283,0.467678,0.0271997,0.188428
1196,RL,0,BSDF Heavy,0,Low,0,Low,0,Low,0,Low,0,0.280289,0.596282,0.467677,0.0271951,0.188428
1197,RL,0,BSDF Heavy,0,Low,0,Low,0,Low,0,Low,0,0.280289,0.596281,0.467677,0.0271936,0.188428
1198,RL,0,BSDF Heavy,0,Low,0,Low,0,Low,0,Low,0,0.28029,0.596281,0.467676,0.0271928,0.188428
1199,RL,0,BSDF Heavy,0,Low,0,Low,0,Low,0,Low,0,0.28029,0.59628,0.467676,0.0271874,0.188428
1200,RL,0,BSDF Heavy,0,Low,0,Low,0,Low,0,Low,0,0.28029,0.596281,0.467676,0.027192,0.188353
1201,RL,0,BSDF Heavy,0,Low,0,Low,0,Low,0,Low,0,0.28029,0.596281,0.467677,0.0271874,0.188353
1202,RL,0,BSDF Heavy,0,Low,0,Low,0,Low,0,Low,0,0.280289,0.59628,0.467676,0.0271913,0.188353
1203,RL,0,BSDF Heavy,0,Low,0,Low,0,Low,0,Low,0,0.280289,0.596281,0.467677,0.0271913,0.188353
1204,RL,0,BSDF Heavy,0,Low,0,Low,0,Low,0,Low,0,0.280288,0.596279,0.467675,0.0271966,0.188353
1205,RL,0,BSDF Heavy,0,Low,0,Low,0,Low,0,Low,0,0.280288,0.596275,0.467673,0.0271966,0.188353
1206,RL,0,BSDF Heavy,0,Low,0,Low,0,Low,0,Low,0,0.280288,0.596275,0.467673,0.0271882,0.188353
1207,RL,0,BSDF Heavy,0,Low,0,Low,0,Low,0,Low,0,0.280288,0.596275,0.467673,0.027189,0.188353
1208,RL,0,BSDF Heavy,0,Low,0,Low,0,Low,0,Low,0,0.280289,0.596274,0.467672,0.0271859,0.188278
1209,RL,0,BSDF Heavy,0,Low,0,Low,0,Low,0,Low,0,0.280288,0.596273,0.467671,0.027192,0.188278
1210,RL,0,BSDF Heavy,0,Low,0,Low,0,Low,0,Low,0,0.280288,0.596271,0.46767,0.027192,0.188278
1211,RL,0,BSDF Heavy,0,Low,0,Low,0,Low,0,Low,0,0.280289,0.596272,0.467671,0.027182,0.188278
1212,RL,0,BSDF Heavy,0,Low,0,Low,0,Low,0,Low,0,0.280289,0.596269,0.467669,0.0271836,0.188278
1213,RL,0,BSDF Heavy,0,Low,0,Low,0,Low,0,Low,0,0.28029,0.596269,0.467669,0.0271844,0.188278
1214,RL,0,BSDF Heavy,0,Low,0,Low,0,Low,0,Low,0,0.28029,0.596268,0.467669,0.0271859,0.188278
1215,RL,0,BSDF Heavy,0,Low,0,Low,0,Low,0,Low,0,0.28029,0.59627,0.467669,0.0271882,0.188278
1216,RL,0,BSDF Heavy,0,Low,0,Low,0,Low,0,Low,0,0.28029,0.596269,0.467669,0.0271913,0.188202
1217,RL,0,BSDF Heavy,0,Low,0,Low,0,Low,0,Low,0,0.280289,0.596266,0.467667,0.0271836,0.188202
1218,RL,0,BSDF Heavy,0,Low,0,Low,0,Low,0,Low,0,0.280289,0.596268,0.467669,0.0271851,0.188202
1219,RL,0,BSDF Heavy,0,Low,0,Low,0,Low,0,Low,0,0.280288,0.596267,0.467668,0.0271867,0.188202
1220,RL,0,BSDF Heavy,0,Low,0,Low,0,Low,0,Low,0,0.280288,0.596268,0.467668,0.0271882,0.188202
1221,RL,0,BSDF Heavy,0,Low,0,Low,0,Low,0,Low,0,0.280289,0.596268,0.467669,0.0271844,0.188202
1222,RL,0,BSDF Heavy,0,Low,0,Low,0,Low,0,Low,0,0.280289,0.596269,0.467669,0.027182,0.188202
1223,RL,0,BSDF Heavy,0,Low,0,Low,0,Low,0,Low,0,0.28029,0.596269,0.467669,0.0271836,0.188202
1224,RL,0,BSDF Heavy,0,Low,0,Low,0,Low,0,Low,0,0.28029,0.596268,0.467669,0.0271797,0.188127
1225,RL,0,BSDF Heavy,0,Low,0,Low,0,Low,0,Low,0,0.28029,0.596268,0.467668,0.027179,0.188127
1226,RL,0,BSDF Heavy,0,Low,0,Low,0,Low,0,Low,0,0.280289,0.596267,0.467668,0.0271774,0.188127
1227,RL,0,BSDF Heavy,0,Low,0,Low,0,Low,0,Low,0,0.280289,0.596267,0.467668,0.0271744,0.188127
1228,RL,0,BSDF Heavy,0,Low,0,Low,0,Low,0,Low,0,0.280289,0.596267,0.467668,0.027179,0.188127
1229,RL,0,BSDF Heavy,0,Low,0,Low,0,Low,0,Low,0,0.280289,0.596267,0.467668,0.0271813,0.188127
1230,RL,0,BSDF Heavy,0,Low,0,Low,0,Low,0,Low,0,0.280289,0.596266,0.467667,0.0271813,0.188127
1231,RL,0,BSDF Heavy,0,Low,0,Low,0,Low,0,Low,0,0.280289,0.596266,0.467667,0.0271836,0.188127
1232,RL,0,BSDF Heavy,0,Low,0,Low,0,Low,0,Low,0,0.28029,0.596267,0.467668,0.0271844,0.188052
1233,RL,0,BSDF Heavy,0,Low,0,Low,0,Low,0,Low,0,0.28029,0.596266,0.467667,0.0271828,0.188052
1234,RL,0,BSDF Heavy,0,Low,0,Low,0,Low,0,Low,0,0.28029,0.596267,0.467668,0.0271813,0.188052
1235,RL,0,BSDF Heavy,0,Low,0,Low,0,Low,0,Low,0,0.28029,0.596267,0.467668,0.0271805,0.188052
1236,RL,0,BSDF Heavy,0,Low,0,Low,0,Low,0,Low,0,0.28029,0.596266,0.467667,0.027179,0.188052
1237,RL,0,BSDF Heavy,0,Low,0,Low,0,Low,0,Low,0,0.28029,0.596267,0.467668,0.0271767,0.188052
1238,RL,0,BSDF Heavy,0,Low,0,Low,0,Low,0,Low,0,0.28029,0.596266,0.467667,0.027182,0.188052
1239,RL,0,BSDF Heavy,0,Low,0,Low,0,Low,0,Low,0,0.280291,0.596268,0.467668,0.027182,0.188052
1240,RL,0,BSDF Heavy,0,Low,0,Low,0,Low,0,Low,0,0.280291,0.596268,0.467669,0.0271867,0.187977
1241,RL,0,BSDF Heavy,0,Low,0,Low,0,Low,0,Low,0,0.28029,0.596267,0.467668,0.0271828,0.187977
1242,RL,0,BSDF Heavy,0,Low,0,Low,0,Low,0,Low,0,0.280292,0.596267,0.467668,0.0271797,0.187977
1243,RL,0,BSDF Heavy,0,Low,0,Low,0,Low,0,Low,0,0.280291,0.596266,0.467667,0.027182,0.187977
1244,RL,0,BSDF Heavy,0,Low,0,Low,0,Low,0,Low,0,0.280291,0.596264,0.467666,0.0271844,0.187977
1245,RL,0,BSDF Heavy,0,Low,0,Low,0,Low,0,Low,0,0.280291,0.596262,0.467664,0.0271774,0.187977
1246,RL,0,BSDF Heavy,0,Low,0,Low,0,Low,0,Low,0,0.280292,0.596261,0.467664,0.0271736,0.187977
1247,RL,0,BSDF Heavy,0,Low,0,Low,0,Low,0,Low,0,0.280291,0.59626,0.467663,0.0271759,0.187977
1248,RL,0,BSDF Heavy,0,Low,0,Low,0,Low,0,Low,0,0.280292,0.596257,0.467662,0.0271774,0.187901
1249,RL,0,BSDF Heavy,0,Low,0,Low,0,Low,0,Low,0,0.280292,0.596256,0.467661,0.0271767,0.187901
1250,RL,0,BSDF Heavy,0,Low,0,Low,0,Low,0,Low,0,0.280293,0.596257,0.467661,0.0271774,0.187901
1251,RL,0,BSDF Heavy,0,Low,0,Low,0,Low,0,Low,0,0.280293,0.596257,0.467661,0.0271782,0.187901
1252,RL,0,BSDF Heavy,0,Low,0,Low,0,Low,0,Low,0,0.280293,0.596258,0.467662,0.0271759,0.187901
1253,RL,0,BSDF Heavy,0,Low,0,Low,0,Low,0,Low,0,0.280292,0.596258,0.467662,0.0271751,0.187901
1254,RL,0,BSDF Heavy,0,Low,0,Low,0,Low,0,Low,0,0.280293,0.596257,0.467661,0.0271759,0.187901
1255,RL,0,BSDF Heavy,0,Low,0,Low,0,Low,0,Low,0,0.280293,0.596259,0.467663,0.0271759,0.187901
1256,RL,0,BSDF Heavy,0,Low,0,Low,0,Low,0,Low,0,0.280292,0.596258,0.467662,0.0271736,0.187826
1257,RL,0,BSDF Heavy,0,Low,0,Low,0,Low,0,Low,0,0.280291,0.596257,0.467662,0.0271759,0.187826
1258,RL,0,BSDF Heavy,0,Low,0,Low,0,Low,0,Low,0,0.280291,0.596258,0.467662,0.0271805,0.187826
1259,RL,0,BSDF Heavy,0,Low,0,Low,0,Low,0,Low,0,0.280292,0.59626,0.467663,0.027179,0.187826
1260,RL,0,BSDF Heavy,0,Low,0,Low,0,Low,0,Low,0,0.280291,0.596258,0.467662,0.0271805,0.187826
1261,RL,0,BSDF Heavy,0,Low,0,Low,0,Low,0,Low,0,0.280292,0.596257,0.467662,0.0271797,0.187826
1262,RL,0,BSDF Heavy,0,Low,0,Low,0,Low,0,Low,0,0.280292,0.596257,0.467661,0.0271782,0.187826
1263,RL,0,BSDF Heavy,0,Low,0,Low,0,Low,0,Low,0,0.280291,0.596257,0.467661,0.0271751,0.187826
1264,RL,0,BSDF Heavy,0,Low,0,Low,0,Low,0,Low,0,0.280291,0.596255,0.46766,0.0271759,0.187751
1265,RL,0,BSDF Heavy,0,Low,0,Low,0,Low,0,Low,0,0.280291,0.596254,0.46766,0.0271721,0.187751
1266,RL,0,BSDF Heavy,0,Low,0,Low,0,Low,0,Low,0,0.280291,0.596254,0.46766,0.0271705,0.187751
1267,RL,0,BSDF Heavy,0,Low,0,Low,0,Low,0,Low,0,0.28029,0.596253,0.467659,0.027169,0.187751
1268,RL,0,BSDF Heavy,0,Low,0,Low,0,Low,0,Low,0,0.28029,0.596255,0.46766,0.0271744,0.187751
1269,RL,0,BSDF Heavy,0,Low,0,Low,0,Low,0,Low,0,0.280289,0.596253,0.467659,0.0271728,0.187751
1270,RL,0,BSDF Heavy,0,Low,0,Low,0,Low,0,Low,0,0.280289,0.596255,0.46766,0.0271782,0.187751
1271,RL,0,BSDF Heavy,0,Low,0,Low,0,Low,0,Low,0,0.28029,0.596253,0.467659,0.0271797,0.187751
1272,RL,0,BSDF Heavy,0,Low,0,Low,0,Low,0,Low,0,0.280289,0.596255,0.46766,0.027182,0.187676
1273,RL,0,BSDF Heavy,0,Low,0,Low,0,Low,0,Low,0,0.280289,0.596253,0.467659,0.0271774,0.187676
1274,RL,0,BSDF Heavy,0,Low,0,Low,0,Low,0,Low,0,0.28029,0.596254,0.46766,0.0271782,0.187676
1275,RL,0,BSDF Heavy,0,Low,0,Low,0,Low,0,Low,0,0.28029,0.596251,0.467658,0.0271797,0.187676
1276,RL,0,BSDF Heavy,0,Low,0,Low,0,Low,0,Low,0,0.28029,0.59625,0.467657,0.0271759,0.187676
1277,RL,0,BSDF Heavy,0,Low,0,Low,0,Low,0,Low,0,0.28029,0.596248,0.467656,0.0271713,0.187676
1278,RL,0,BSDF Heavy,0,Low,0,Low,0,Low,0,Low,0,0.28029,0.596247,0.467655,0.0271713,0.187676
1279,RL,0,BSDF Heavy,0,Low,0,Low,0,Low,0,Low,0,0.28029,0.596247,0.467656,0.0271736,0.187676
1280,RL,0,BSDF Heavy,0,Low,0,Low,0,Low,0,Low,0,0.28029,0.596249,0.467656,0.0271736,0.187601
1281,RL,0,BSDF Heavy,0,Low,0,Low,0,Low,0,Low,0,0.28029,0.596247,0.467655,0.0271644,0.187601
1282,RL,0,BSDF Heavy,0,Low,0,Low,0,Low,0,Low,0,0.280289,0.596247,0.467655,0.0271667,0.187601
1283,RL,0,BSDF Heavy,0,Low,0,Low,0,Low,0,Low,0,0.280289,0.596246,0.467655,0.0271636,0.187601
1284,RL,0,BSDF Heavy,0,Low,0,Low,0,Low,0,Low,0,0.280288,0.596245,0.467654,0.027159,0.187601
1285,RL,0,BSDF Heavy,0,Low,0,Low,0,Low,0,Low,0,0.280288,0.596244,0.467654,0.027159,0.187601
1286,RL,0,BSDF Heavy,0,Low,0,Low,0,Low,0,Low,0,0.280289,0.596245,0.467654,0.0271613,0.187601
1287,RL,0,BSDF Heavy,0,Low,0,Low,0,Low,0,Low,0,0.280288,0.596247,0.467655,0.0271621,0.187601
1288,RL,0,BSDF Heavy,0,Low,0,Low,0,Low,0,Low,0,0.280288,0.596247,0.467655,0.0271674,0.187526
1289,RL,0,BSDF Heavy,0,Low,0,Low,0,Low,0,Low,0,0.280289,0.596248,0.467656,0.0271667,0.187526
1290,RL,0,BSDF Heavy,0,Low,0,Low,0,Low,0,Low,0,0.280288,0.596246,0.467655,0.0271674,0.187526
1291,RL,0,BSDF Heavy,0,Low,0,Low,0,Low,0,Low,0,0.280287,0.596245,0.467654,0.0271682,0.187526
1292,RL,0,BSDF Heavy,0,Low,0,Low,0,Low,0,Low,0,0.280287,0.596247,0.467655,0.0271667,0.187526
1293,RL,0,BSDF Heavy,0,Low,0,Low,0,Low,0,Low,0,0.280286,0.596246,0.467655,0.0271713,0.187526
1294,RL,0,BSDF Heavy,0,Low,0,Low,0,Low,0,Low,0,0.280287,0.596246,0.467655,0.0271759,0.187526
1295,RL,0,BSDF Heavy,0,Low,0,Low,0,Low,0,Low,0,0.280286,0.596244,0.467653,0.0271759,0.187526
1296,RL,0,Balanced,0,Low,0,Low,0,Low,0,Low,0,0.280286,0.596241,0.467651,0.0271705,0.187451
1297,RL,0,Balanced,0,Low,0,Low,0,Low,0,Low,0,0.280286,0.59624,0.467651,0.0271751,0.187451
1298,RL,0,Balanced,0,Low,0,Low,0,Low,0,Low,0,0.280286,0.596239,0.46765,0.0271751,0.187451
1299,RL,0,Balanced,0,Low,0,Low,0,Low,0,Low,0,0.280286,0.596239,0.46765,0.0271736,0.187451
1300,RL,0,Balanced,0,Low,0,Low,0,Low,0,Low,0,0.280286,0.596239,0.46765,0.0271705,0.187451
1301,RL,0,Balanced,0,Low,0,Low,0,Low,0,Low,0,0.280286,0.596239,0.46765,0.0271721,0.187451
1302,RL,0,Balanced,0,Low,0,Low,0,Low,0,Low,0,0.280286,0.596239,0.467651,0.0271705,0.187451
1303,RL,0,Balanced,0,Low,0,Low,0,Low,0,Low,0,0.280285,0.596237,0.467649,0.0271682,0.187451
1304,RL,0,BSDF Heavy,0,Low,0,Low,0,Low,0,Low,0,0.280285,0.596237,0.467649,0.0271705,0.187376
1305,RL,0,BSDF Heavy,0,Low,0,Low,0,Low,0,Low,0,0.280285,0.596238,0.46765,0.0271674,0.187376
1306,RL,0,BSDF Heavy,0,Low,0,Low,0,Low,0,Low,0,0.280285,0.596237,0.467649,0.0271698,0.187376
1307,RL,0,BSDF Heavy,0,Low,0,Low,0,Low,0,Low,0,0.280285,0.596239,0.46765,0.0271698,0.187376
1308,RL,0,BSDF Heavy,0,Low,0,Low,0,Low,0,Low,0,0.280284,0.59624,0.467651,0.0271721,0.187376
1309,RL,0,BSDF Heavy,0,Low,0,Low,0,Low,0,Low,0,0.280284,0.59624,0.467651,0.0271736,0.187376
1310,RL,0,BSDF Heavy,0,Low,0,Low,0,Low,0,Low,0,0.280283,0.59624,0.467651,0.0271744,0.187376
1311,RL,0,BSDF Heavy,0,Low,0,Low,0,Low,0,Low,0,0.280283,0.59624,0.467651,0.0271721,0.187376
1312,RL,0,BSDF Heavy,0,Low,0,Low,0,Low,0,Low,0,0.280283,0.59624,0.467651,0.0271705,0.187301
1313,RL,0,BSDF Heavy,0,Low,0,Low,0,Low,0,Low,0,0.280283,0.596239,0.46765,0.0271698,0.187301
1314,RL,0,BSDF Heavy,0,Low,0,Low,0,Low,0,Low,0,0.280282,0.596241,0.467651,0.0271721,0.187301
1315,RL,0,BSDF Heavy,0,Low,0,Low,0,Low,0,Low,0,0.280282,0.596239,0.46765,0.0271736,0.187301
1316,RL,0,BSDF Heavy,0,Low,0,Low,0,Low,0,Low,0,0.280283,0.596238,0.46765,0.0271713,0.187301
1317,RL,0,BSDF Heavy,0,Low,0,Low,0,Low,0,Low,0,0.280282,0.596237,0.467649,0.0271682,0.187301
1318,RL,0,BSDF Heavy,0,Low,0,Low,0,Low,0,Low,0,0.280282,0.596236,0.467648,0.0271705,0.187301
1319,RL,0,BSDF Heavy,0,Low,0,Low,0,Low,0,Low,0,0.280284,0.596237,0.467649,0.0271721,0.187301
1320,RL,0,BSDF Heavy,0,Low,0,Low,0,Low,0,Low,0,0.280284,0.596234,0.467647,0.0271744,0.187226
1321,RL,0,BSDF Heavy,0,Low,0,Low,0,Low,0,Low,0,0.280284,0.596232,0.467646,0.0271782,0.187226
1322,RL,0,BSDF Heavy,0,Low,0,Low,0,Low,0,Low,0,0.280284,0.596231,0.467645,0.027182,0.187226
1323,RL,0,BSDF Heavy,0,Low,0,Low,0,Low,0,Low,0,0.280284,0.596234,0.467647,0.027179,0.187226
1324,RL,0,BSDF Heavy,0,Low,0,Low,0,Low,0,Low,0,0.280285,0.596233,0.467646,0.0271767,0.187226
1325,RL,0,BSDF Heavy,0,Low,0,Low,0,Low,0,Low,0,0.280285,0.596232,0.467646,0.0271744,0.187226
1326,RL,0,BSDF Heavy,0,Low,0,Low,0,Low,0,Low,0,0.280284,0.59623,0.467645,0.0271797,0.187226
1327,RL,0,BSDF Heavy,0,Low,0,Low,0,Low,0,Low,0,0.280283,0.59623,0.467644,0.0271767,0.187226
1328,RL,0,Balanced,0,Low,0,Low,0,Low,0,Low,0,0.280283,0.596228,0.467643,0.0271736,0.187151
1329,RL,0,Balanced,0,Low,0,Low,0,Low,0,Low,0,0.280283,0.596227,0.467643,0.0271728,0.187151
1330,RL,0,Balanced,0,Low,0,Low,0,Low,0,Low,0,0.280284,0.596227,0.467643,0.0271751,0.187151
1331,RL,0,Balanced,0,Low,0,Low,0,Low,0,Low,0,0.280284,0.596228,0.467643,0.0271744,0.187151
1332,RL,0,Balanced,0,Low,0,Low,0,Low,0,Low,0,0.280284,0.596227,0.467643,0.0271728,0.187151
1333,RL,0,Balanced,0,Low,0,Low,0,Low,0,Low,0,0.280284,0.596226,0.467642,0.0271813,0.187151
1334,RL,0,Balanced,0,Low,0,Low,0,Low,0,Low,0,0.280283,0.596226,0.467642,0.0271774,0.187151
1335,RL,0,Balanced,0,Low,0,Low,0,Low,0,Low,0,0.280283,0.596228,0.467643,0.0271805,0.187151
1336,RL,0,BSDF Heavy,0,Low,0,Low,0,Low,0,Low,0,0.280283,0.596227,0.467643,0.0271767,0.187076
1337,RL,0,BSDF Heavy,0,Low,0,Low,0,Low,0,Low,0,0.280284,0.596224,0.467641,0.0271759,0.187076
1338,RL,0,BSDF Heavy,0,Low,0,Low,0,Low,0,Low,0,0.280283,0.596221,0.467639,0.0271744,0.187076
1339,RL,0,BSDF Heavy,0,Low,0,Low,0,Low,0,Low,0,0.280283,0.596223,0.46764,0.0271759,0.187076
1340,RL,0,BSDF Heavy,0,Low,0,Low,0,Low,0,Low,0,0.280283,0.59622,0.467639,0.027179,0.187076
1341,RL,0,BSDF Heavy,0,Low,0,Low,0,Low,0,Low,0,0.280283,0.596218,0.467637,0.0271767,0.187076
1342,RL,0,BSDF Heavy,0,Low,0,Low,0,Low,0,Low,0,0.280283,0.596218,0.467637,0.0271751,0.187076
1343,RL,0,BSDF Heavy,0,Low,0,Low,0,Low,0,Low,0,0.280284,0.596218,0.467637,0.0271774,0.187076
1344,RL,0,BSDF Heavy,0,Low,0,Low,0,Low,0,Low,0,0.280285,0.596219,0.467637,0.027179,0.187002
1345,RL,0,BSDF Heavy,0,Low,0,Low,0,Low,0,Low,0,0.280284,0.596217,0.467636,0.027179,0.187002
1346,RL,0,BSDF Heavy,0,Low,0,Low,0,Low,0,Low,0,0.280284,0.596217,0.467637,0.0271767,0.187002
1347,RL,0,BSDF Heavy,0,Low,0,Low,0,Low,0,Low,0,0.280284,0.596217,0.467637,0.0271759,0.187002
1348,RL,0,BSDF Heavy,0,Low,0,Low,0,Low,0,Low,0,0.280284,0.596215,0.467635,0.0271767,0.187002
1349,RL,0,BSDF Heavy,0,Low,0,Low,0,Low,0,Low,0,0.280283,0.596214,0.467635,0.0271782,0.187002
1350,RL,0,BSDF Heavy,0,Low,0,Low,0,Low,0,Low,0,0.280282,0.596213,0.467634,0.0271767,0.187002
1351,RL,0,BSDF Heavy,0,Low,0,Low,0,Low,0,Low,0,0.280282,0.596212,0.467633,0.0271751,0.187002
1352,RL,5,BSDF Heavy,0,Low,0,Low,0,Low,0,Low,0,0.280283,0.596212,0.467633,0.0271751,0.186927
1353,RL,5,BSDF Heavy,0,Low,0,Low,0,Low,0,Low,0,0.280283,0.596211,0.467633,0.0271713,0.186927
1354,RL,5,BSDF Heavy,0,Low,0,Low,0,Low,0,Low,0,0.280284,0.596211,0.467632,0.0271728,0.186927
1355,RL,5,BSDF Heavy,0,Low,0,Low,0,Low,0,Low,0,0.280284,0.596207,0.467631,0.0271782,0.186927
1356,RL,5,BSDF Heavy,0,Low,0,Low,0,Low,0,Low,0,0.280284,0.596206,0.46763,0.0271782,0.186927
1357,RL,5,BSDF Heavy,0,Low,0,Low,0,Low,0,Low,0,0.280283,0.596205,0.467629,0.0271782,0.186927
1358,RL,5,BSDF Heavy,0,Low,0,Low,0,Low,0,Low,0,0.280284,0.596205,0.467629,0.0271736,0.186927
1359,RL,5,BSDF Heavy,0,Low,0,Low,0,Low,0,Low,0,0.280285,0.596204,0.467628,0.027179,0.186927
1360,RL,5,BSDF Heavy,0,Low,0,Low,0,Low,0,Low,0,0.280286,0.596203,0.467628,0.0271713,0.186852
1361,RL,5,BSDF Heavy,0,Low,0,Low,0,Low,0,Low,0,0.280285,0.596202,0.467627,0.0271736,0.186852
1362,RL,5,BSDF Heavy,0,Low,0,Low,0,Low,0,Low,0,0.280284,0.5962,0.467625,0.0271759,0.186852
1363,RL,5,BSDF Heavy,0,Low,0,Low,0,Low,0,Low,0,0.280284,0.596199,0.467625,0.0271774,0.186852
1364,RL,5,BSDF Heavy,0,Low,0,Low,0,Low,0,Low,0,0.280285,0.596199,0.467625,0.0271759,0.186852
1365,RL,5,BSDF Heavy,0,Low,0,Low,0,Low,0,Low,0,0.280285,0.596199,0.467625,0.0271751,0.186852
1366,RL,5,BSDF Heavy,0,Low,0,Low,0,Low,0,Low,0,0.280285,0.5962,0.467626,0.0271767,0.186852
1367,RL,5,BSDF Heavy,0,Low,0,Low,0,Low,0,Low,0,0.280285,0.596199,0.467625,0.0271782,0.186852
1368,RL,5,BSDF Heavy,0,Low,0,Low,0,Low,0,Low,0,0.280285,0.596199,0.467625,0.0271797,0.186777
1369,RL,5,BSDF Heavy,0,Low,0,Low,0,Low,0,Low,0,0.280285,0.5962,0.467625,0.0271767,0.186777
1370,RL,5,BSDF Heavy,0,Low,0,Low,0,Low,0,Low,0,0.280286,0.596201,0.467626,0.0271774,0.186777
1371,RL,5,BSDF Heavy,0,Low,0,Low,0,Low,0,Low,0,0.280285,0.596199,0.467625,0.0271744,0.186777
1372,RL,5,BSDF Heavy,0,Low,0,Low,0,Low,0,Low,0,0.280285,0.5962,0.467626,0.0271721,0.186777
1373,RL,5,BSDF Heavy,0,Low,0,Low,0,Low,0,Low,0,0.280286,0.596201,0.467627,0.0271751,0.186777
1374,RL,5,BSDF Heavy,0,Low,0,Low,0,Low,0,Low,0,0.280285,0.596199,0.467625,0.0271805,0.186777
1375,RL,5,BSDF Heavy,0,Low,0,Low,0,Low,0,Low,0,0.280285,0.596198,0.467625,0.0271844,0.186777
1376,RL,5,BSDF Heavy,0,Low,0,Low,0,Low,0,Low,0,0.280286,0.596198,0.467624,0.0271782,0.186703
1377,RL,5,BSDF Heavy,0,Low,0,Low,0,Low,0,Low,0,0.280286,0.5962,0.467625,0.0271797,0.186703
1378,RL,5,BSDF Heavy,0,Low,0,Low,0,Low,0,Low,0,0.280286,0.596199,0.467625,0.0271782,0.186703
1379,RL,5,BSDF Heavy,0,Low,0,Low,0,Low,0,Low,0,0.280287,0.596197,0.467624,0.0271774,0.186703
1380,RL,5,BSDF Heavy,0,Low,0,Low,0,Low,0,Low,0,0.280287,0.5962,0.467626,0.0271805,0.186703
1381,RL,5,BSDF Heavy,0,Low,0,Low,0,Low,0,Low,0,0.280288,0.596201,0.467626,0.0271782,0.186703
1382,RL,5,BSDF Heavy,0,Low,0,Low,0,Low,0,Low,0,0.280289,0.596202,0.467627,0.0271836,0.186703
1383,RL,5,BSDF Heavy,0,Low,0,Low,0,Low,0,Low,0,0.280289,0.596201,0.467627,0.0271797,0.186703
1384,RL,5,BSDF Heavy,0,Low,0,Low,0,Low,0,Low,0,0.280289,0.596201,0.467626,0.0271813,0.186628
1385,RL,5,BSDF Heavy,0,Low,0,Low,0,Low,0,Low,0,0.280288,0.5962,0.467626,0.0271836,0.186628
1386,RL,5,BSDF Heavy,0,Low,0,Low,0,Low,0,Low,0,0.280289,0.596201,0.467626,0.027182,0.186628
1387,RL,5,BSDF Heavy,0,Low,0,Low,0,Low,0,Low,0,0.280288,0.596201,0.467627,0.0271805,0.186628
1388,RL,5,BSDF Heavy,0,Low,0,Low,0,Low,0,Low,0,0.280288,0.5962,0.467626,0.0271767,0.186628
1389,RL,5,BSDF Heavy,0,Low,0,Low,0,Low,0,Low,0,0.280287,0.5962,0.467626,0.0271797,0.186628
1390,RL,5,BSDF Heavy,0,Low,0,Low,0,Low,0,Low,0,0.280286,0.596197,0.467624,0.0271836,0.186628
1391,RL,5,BSDF Heavy,0,Low,0,Low,0,Low,0,Low,0,0.280286,0.596196,0.467623,0.0271805,0.186628
1392,RL,5,BSDF Heavy,0,Low,0,Low,0,Low,0,Low,0,0.280286,0.596196,0.467623,0.027182,0.186553
1393,RL,5,BSDF Heavy,0,Low,0,Low,0,Low,0,Low,0,0.280285,0.596196,0.467623,0.027179,0.186553
1394,RL,5,BSDF Heavy,0,Low,0,Low,0,Low,0,Low,0,0.280285,0.596197,0.467624,0.0271767,0.186553
1395,RL,5,BSDF Heavy,0,Low,0,Low,0,Low,0,Low,0,0.280286,0.596198,0.467625,0.0271774,0.186553
1396,RL,5,BSDF Heavy,0,Low,0,Low,0,Low,0,Low,0,0.280286,0.596198,0.467624,0.0271805,0.186553
1397,RL,5,BSDF Heavy,0,Low,0,Low,0,Low,0,Low,0,0.280286,0.596198,0.467624,0.0271782,0.186553
1398,RL,5,BSDF Heavy,0,Low,0,Low,0,Low,0,Low,0,0.280285,0.596197,0.467624,0.027179,0.186553
1399,RL,5,BSDF Heavy,0,Low,0,Low,0,Low,0,Low,0,0.280286,0.596196,0.467623,0.0271813,0.186553
1400,RL,5,Light Heavy,0,Low,0,Low,0,Low,0,Low,0,0.280286,0.596196,0.467623,0.0271767,0.186479
1401,RL,5,Light Heavy,0,Low,0,Low,0,Low,0,Low,0,0.280285,0.596195,0.467623,0.0271751,0.186479
1402,RL,5,Light Heavy,0,Low,0,Low,0,Low,0,Low,0,0.280285,0.596193,0.467622,0.0271774,0.186479
1403,RL,5,Light Heavy,0,Low,0,Low,0,Low,0,Low,0,0.280285,0.596195,0.467623,0.0271721,0.186479
1404,RL,5,Light Heavy,0,Low,0,Low,0,Low,0,Low,0,0.280284,0.596194,0.467622,0.0271767,0.186479
1405,RL,5,Light Heavy,0,Low,0,Low,0,Low,0,Low,0,0.280284,0.596195,0.467623,0.0271797,0.186479
1406,RL,5,Light Heavy,0,Low,0,Low,0,Low,0,Low,0,0.280284,0.596194,0.467622,0.0271782,0.186479
1407,RL,5,Light Heavy,0,Low,0,Low,0,Low,0,Low,0,0.280285,0.596195,0.467623,0.0271782,0.186479
1408,RL,5,BSDF Heavy,0,Low,0,Low,0,Low,0,Low,0,0.280285,0.596192,0.46762,0.0271782,0.186404
1409,RL,5,BSDF Heavy,0,Low,0,Low,0,Low,0,Low,0,0.280286,0.596191,0.46762,0.0271797,0.186404
1410,RL,5,BSDF Heavy,0,Low,0,Low,0,Low,0,Low,0,0.280285,0.596191,0.46762,0.0271797,0.186404
1411,RL,5,BSDF Heavy,0,Low,0,Low,0,Low,0,Low,0,0.280285,0.596189,0.467619,0.0271797,0.186404
1412,RL,5,BSDF Heavy,0,Low,0,Low,0,Low,0,Low,0,0.280286,0.596191,0.46762,0.0271813,0.186404
1413,RL,5,BSDF Heavy,0,Low,0,Low,0,Low,0,Low,0,0.280286,0.596189,0.467619,0.0271813,0.186404
1414,RL,5,BSDF Heavy,0,Low,0,Low,0,Low,0,Low,0,0.280286,0.596189,0.467619,0.0271813,0.186404
1415,RL,5,BSDF Heavy,0,Low,0,Low,0,Low,0,Low,0,0.280285,0.596191,0.46762,0.027179,0.186404
1416,RL,5,BSDF Heavy,0,Low,0,Low,0,Low,0,Low,0,0.280284,0.596191,0.46762,0.0271797,0.18633
1417,RL,5,BSDF Heavy,0,Low,0,Low,0,Low,0,Low,0,0.280285,0.596191,0.46762,0.0271782,0.18633
1418,RL,5,BSDF Heavy,0,Low,0,Low,0,Low,0,Low,0,0.280285,0.596191,0.46762,0.0271744,0.18633
1419,RL,5,BSDF Heavy,0,Low,0,Low,0,Low,0,Low,0,0.280284,0.596189,0.467619,0.0271828,0.18633
1420,RL,5,BSDF Heavy,0,Low,0,Low,0,Low,0,Low,0,0.280284,0.596189,0.467619,0.0271828,0.18633
1421,RL,5,BSDF Heavy,0,Low,0,Low,0,Low,0,Low,0,0.280284,0.596187,0.467618,0.0271805,0.18633
1422,RL,5,BSDF Heavy,0,Low,0,Low,0,Low,0,Low,0,0.280284,0.596189,0.467619,0.0271836,0.18633
1423,RL,5,BSDF Heavy,0,Low,0,Low,0,Low,0,Low,0,0.280284,0.59619,0.46762,0.0271859,0.18633
1424,RL,5,Light Heavy,0,Low,0,Low,0,Low,0,Low,0,0.280284,0.59619,0.46762,0.0271867,0.186255
1425,RL,5,Light Heavy,0,Low,0,Low,0,Low,0,Low,0,0.280284,0.596191,0.46762,0.0271851,0.186255
1426,RL,5,Light Heavy,0,Low,0,Low,0,Low,0,Low,0,0.280284,0.596192,0.467621,0.0271813,0.186255
1427,RL,5,Light Heavy,0,Low,0,Low,0,Low,0,Low,0,0.280284,0.596191,0.46762,0.0271867,0.186255
1428,RL,5,Light Heavy,0,Low,0,Low,0,Low,0,Low,0,0.280284,0.596192,0.467621,0.0271882,0.186255
1429,RL,5,Light Heavy,0,Low,0,Low,0,Low,0,Low,0,0.280283,0.596191,0.46762,0.0271897,0.186255
1430,RL,5,Light Heavy,0,Low,0,Low,0,Low,0,Low,0,0.280283,0.596192,0.467621,0.0271897,0.186255
1431,RL,5,Light Heavy,0,Low,0,Low,0,Low,0,Low,0,0.280284,0.596193,0.467621,0.0271928,0.186255
1432,RL,5,BSDF Heavy,0,Low,0,Low,0,Low,0,Low,0,0.280283,0.596192,0.46762,0.0271844,0.186181
1433,RL,5,BSDF Heavy,0,Low,0,Low,0,Low,0,Low,0,0.280283,0.596191,0.46762,0.027182,0.186181
1434,RL,5,BSDF Heavy,0,Low,0,Low,0,Low,0,Low,0,0.280283,0.596191,0.46762,0.0271859,0.186181
1435,RL,5,BSDF Heavy,0,Low,0,Low,0,Low,0,Low,0,0.280283,0.596191,0.46762,0.0271867,0.186181
1436,RL,5,BSDF Heavy,0,Low,0,Low,0,Low,0,Low,0,0.280284,0.596191,0.46762,0.0271882,0.186181
1437,RL,5,BSDF Heavy,0,Low,0,Low,0,Low,0,Low,0,0.280284,0.59619,0.467619,0.0271828,0.186181
1438,RL,5,BSDF Heavy,0,Low,0,Low,0,Low,0,Low,0,0.280284,0.59619,0.467619,0.027182,0.186181
1439,RL,5,BSDF Heavy,0,Low,0,Low,0,Low,0,Low,0,0.280284,0.596188,0.467619,0.027182,0.186181
1440,RL,5,BSDF Heavy,0,Low,0,Low,0,Low,0,Low,0,0.280284,0.596189,0.467619,0.0271836,0.186106
1441,RL,5,BSDF Heavy,0,Low,0,Low,0,Low,0,Low,0,0.280285,0.59619,0.467619,0.0271874,0.186106
1442,RL,5,BSDF Heavy,0,Low,0,Low,0,Low,0,Low,0,0.280285,0.59619,0.467619,0.0271897,0.186106
1443,RL,5,BSDF Heavy,0,Low,0,Low,0,Low,0,Low,0,0.280285,0.596188,0.467619,0.0271874,0.186106
1444,RL,5,BSDF Heavy,0,Low,0,Low,0,Low,0,Low,0,0.280286,0.59619,0.46762,0.0271867,0.186106
1445,RL,5,BSDF Heavy,0,Low,0,Low,0,Low,0,Low,0,0.280286,0.596189,0.467619,0.0271882,0.186106
1446,RL,5,BSDF Heavy,0,Low,0,Low,0,Low,0,Low,0,0.280286,0.596187,0.467618,0.0271867,0.186106
1447,RL,5,BSDF Heavy,0,Low,0,Low,0,Low,0,Low,0,0.280286,0.596188,0.467618,0.0271913,0.186106
1448,RL,5,BSDF Heavy,0,Low,0,Low,0,Low,0,Low,0,0.280286,0.596189,0.467619,0.027189,0.186032
1449,RL,5,BSDF Heavy,0,Low,0,Low,0,Low,0,Low,0,0.280285,0.596189,0.467619,0.0271859,0.186032
1450,RL,5,BSDF Heavy,0,Low,0,Low,0,Low,0,Low,0,0.280285,0.596189,0.467619,0.0271782,0.186032
1451,RL,5,BSDF Heavy,0,Low,0,Low,0,Low,0,Low,0,0.280285,0.596189,0.467619,0.0271774,0.186032
1452,RL,5,BSDF Heavy,0,Low,0,Low,0,Low,0,Low,0,0.280285,0.596189,0.467619,0.0271813,0.186032
1453,RL,5,BSDF Heavy,0,Low,0,Low,0,Low,0,Low,0,0.280286,0.596188,0.467618,0.0271844,0.186032
1454,RL,5,BSDF Heavy,0,Low,0,Low,0,Low,0,Low,0,0.280287,0.596191,0.46762,0.0271813,0.186032
1455,RL,5,BSDF Heavy,0,Low,0,Low,0,Low,0,Low,0,0.280287,0.59619,0.46762,0.0271813,0.186032
1456,RL,5,BSDF Heavy,0,Low,0,Low,0,Low,0,Low,0,0.280287,0.596191,0.46762,0.0271805,0.185957
1457,RL,5,BSDF Heavy,0,Low,0,Low,0,Low,0,Low,0,0.280287,0.596189,0.467619,0.0271805,0.185957
1458,RL,5,BSDF Heavy,0,Low,0,Low,0,Low,0,Low,0,0.280287,0.59619,0.46762,0.0271844,0.185957
1459,RL,5,BSDF Heavy,0,Low,0,Low,0,Low,0,Low,0,0.280286,0.596189,0.467619,0.0271813,0.185957
1460,RL,5,BSDF Heavy,0,Low,0,Low,0,Low,0,Low,0,0.280286,0.59619,0.46762,0.0271797,0.185957
1461,RL,5,BSDF Heavy,0,Low,0,Low,0,Low,0,Low,0,0.280286,0.59619,0.46762,0.0271774,0.185957
1462,RL,5,BSDF Heavy,0,Low,0,Low,0,Low,0,Low,0,0.280286,0.59619,0.46762,0.0271797,0.185957
1463,RL,5,BSDF Heavy,0,Low,0,Low,0,Low,0,Low,0,0.280286,0.59619,0.46762,0.0271813,0.185957
1464,RL,5,BSDF Heavy,0,Low,0,Low,0,Low,0,Low,0,0.280286,0.596191,0.46762,0.0271844,0.185883
1465,RL,5,BSDF Heavy,0,Low,0,Low,0,Low,0,Low,0,0.280287,0.596191,0.46762,0.0271813,0.185883
1466,RL,5,BSDF Heavy,0,Low,0,Low,0,Low,0,Low,0,0.280287,0.596192,0.467621,0.027179,0.185883
1467,RL,5,BSDF Heavy,0,Low,0,Low,0,Low,0,Low,0,0.280288,0.596194,0.467622,0.027182,0.185883
1468,RL,5,BSDF Heavy,0,Low,0,Low,0,Low,0,Low,0,0.280288,0.596193,0.467621,0.0271836,0.185883
1469,RL,5,BSDF Heavy,0,Low,0,Low,0,Low,0,Low,0,0.280288,0.596192,0.467621,0.0271851,0.185883
1470,RL,5,BSDF Heavy,0,Low,0,Low,0,Low,0,Low,0,0.280288,0.59619,0.46762,0.0271844,0.185883
1471,RL,5,BSDF Heavy,0,Low,0,Low,0,Low,0,Low,0,0.280288,0.59619,0.467619,0.0271836,0.185883
1472,RL,5,BSDF Heavy,0,Low,0,Low,0,Low,0,Low,0,0.280288,0.596189,0.467619,0.027182,0.185809
1473,RL,5,BSDF Heavy,0,Low,0,Low,0,Low,0,Low,0,0.280288,0.596188,0.467619,0.0271759,0.185809
1474,RL,5,BSDF Heavy,0,Low,0,Low,0,Low,0,Low,0,0.280287,0.596187,0.467618,0.0271774,0.185809
1475,RL,5,BSDF Heavy,0,Low,0,Low,0,Low,0,Low,0,0.280287,0.596185,0.467616,0.0271774,0.185809
1476,RL,5,BSDF Heavy,0,Low,0,Low,0,Low,0,Low,0,0.280287,0.596182,0.467615,0.0271805,0.185809
