Iteration,Using RL?,State,Action,Reward,Variance Bucket,Variance Bucket Index,Next Variance Bucket Index,Next Variance Bucket Index,Mean Luminance,Luminance Variance,Bright Pixel Ratio,Epsilon
1,Baseline,1,Balanced,0,Medium,1,Low,0,8.66059,1982.53,0.0942959,0.1
1,Baseline,1,Balanced,0,Medium,1,Medium,1,8.66059,1982.53,0.0942959,0.1
2,Baseline,1,Balanced,0,Medium,1,Medium,1,8.71729,1992.83,0.0946219,0.1
3,Baseline,1,Balanced,0,Medium,1,Medium,1,8.79388,2012.58,0.0949383,0.1
4,Baseline,1,Balanced,0,Medium,1,Medium,1,8.68744,1987.7,0.0941802,0.1
5,Baseline,1,Balanced,0,Medium,1,Medium,1,8.70961,1992.7,0.0940837,0.1
6,Baseline,1,Balanced,0,Medium,1,Medium,1,8.76106,2005.06,0.0948264,0.1
7,Baseline,1,Balanced,0,Medium,1,Medium,1,8.62269,1970.43,0.0942689,0.1
8,Baseline,1,Balanced,0,Medium,1,Medium,1,8.72286,1995.83,0.0942631,0.1
9,Baseline,1,Balanced,0,Medium,1,Medium,1,8.72834,1995.03,0.0948052,0.1
10,Baseline,1,Balanced,0,Medium,1,Medium,1,8.65237,1979.68,0.0945621,0.1
11,Baseline,1,Balanced,0,Medium,1,Medium,1,8.64963,1977.9,0.0937269,0.1
12,Baseline,1,Balanced,0,Medium,1,Medium,1,8.61795,1969.67,0.0943056,0.1
13,Baseline,1,Balanced,0,Medium,1,Medium,1,8.72068,1995.09,0.0941532,0.1
14,Baseline,1,Balanced,0,Medium,1,Medium,1,8.77411,2008.01,0.0947878,0.1
15,Baseline,1,Balanced,0,Medium,1,Medium,1,8.61181,1969.28,0.094483,0.1
16,Baseline,1,Balanced,0,Medium,1,Medium,1,8.64173,1976.82,0.0934915,0.1
17,Baseline,1,Balanced,0,Medium,1,Medium,1,8.70035,1988.89,0.0948823,0.1
18,Baseline,1,Balanced,0,Medium,1,Medium,1,8.69606,1989.29,0.0944927,0.1
19,Baseline,1,Balanced,0,Medium,1,Medium,1,8.68925,1987.43,0.0944309,0.1
20,Baseline,1,Balanced,0,Medium,1,Medium,1,8.64893,1978.64,0.0940027,0.1
21,Baseline,1,Balanced,0,Medium,1,Medium,1,8.67856,1984.81,0.0949691,0.1
22,Baseline,1,Balanced,0,Medium,1,Medium,1,8.69833,1989.5,0.0947184,0.1
23,Baseline,1,Balanced,0,Medium,1,Medium,1,8.69759,1990.74,0.094049,0.1
24,Baseline,1,Balanced,0,Medium,1,Medium,1,8.69448,1987.37,0.0942689,0.1
25,Baseline,1,Balanced,0,Medium,1,Medium,1,8.74426,2001.45,0.094321,0.1
26,Baseline,1,Balanced,0,Medium,1,Medium,1,8.6547,1979.66,0.093968,0.1
27,Baseline,1,Balanced,0,Medium,1,Medium,1,8.59294,1964.27,0.0940046,0.1
28,Baseline,1,Balanced,0,Medium,1,Medium,1,8.76735,2006.49,0.0945544,0.1
29,Baseline,1,Balanced,0,Medium,1,Medium,1,8.72448,1995.65,0.0943306,0.1
30,Baseline,1,Balanced,0,Medium,1,Medium,1,8.72293,1995.67,0.0940567,0.1
31,Baseline,1,Balanced,0,Medium,1,Medium,1,8.68812,1987.11,0.0943345,0.1
32,Baseline,1,Balanced,0,Medium,1,Medium,1,8.74829,1999.77,0.0948997,0.1
33,Baseline,1,Balanced,0,Medium,1,Medium,1,8.75232,2003.3,0.0944116,0.1
34,Baseline,1,Balanced,0,Medium,1,Medium,1,8.70534,1990.74,0.0947569,0.1
35,Baseline,1,Balanced,0,Medium,1,Medium,1,8.71931,1997.21,0.0943692,0.1
36,Baseline,1,Balanced,0,Medium,1,Medium,1,8.71778,1993.48,0.0948515,0.1
37,Baseline,1,Balanced,0,Medium,1,Medium,1,8.78877,2011.19,0.0946914,0.1
38,Baseline,1,Balanced,0,Medium,1,Medium,1,8.67618,1983.89,0.0944444,0.1
39,Baseline,1,Balanced,0,Medium,1,Medium,1,8.65386,1979.48,0.0944695,0.1
40,Baseline,1,Balanced,0,Medium,1,Medium,1,8.65093,1979.39,0.0941705,0.1
41,Baseline,1,Balanced,0,Medium,1,Medium,1,8.7238,1994.24,0.0948804,0.1
42,Baseline,1,Balanced,0,Medium,1,Medium,1,8.69388,1987.09,0.0950656,0.1
43,Baseline,1,Balanced,0,Medium,1,Medium,1,8.65637,1980.94,0.0942245,0.1
44,Baseline,1,Balanced,0,Medium,1,Medium,1,8.715,1993.66,0.0946663,0.1
45,Baseline,1,Balanced,0,Medium,1,Medium,1,8.63926,1975.95,0.0940586,0.1
46,Baseline,1,Balanced,0,Medium,1,Medium,1,8.61975,1971.69,0.0932697,0.1
47,Baseline,1,Balanced,0,Medium,1,Medium,1,8.64399,1977.79,0.0938542,0.1
48,Baseline,1,Balanced,0,Medium,1,Medium,1,8.71346,1993.02,0.0945197,0.1
49,Baseline,1,Balanced,0,Medium,1,Medium,1,8.69146,1989.19,0.0941319,0.1
50,Baseline,1,Balanced,0,Medium,1,Medium,1,8.78754,2008.8,0.0950714,0.1
51,Baseline,1,Balanced,0,Medium,1,Medium,1,8.77269,2008.45,0.0949074,0.1
52,Baseline,1,Balanced,0,Medium,1,Medium,1,8.64027,1977.72,0.0939776,0.1
53,Baseline,1,Balanced,0,Medium,1,Medium,1,8.6822,1987.06,0.0937577,0.1
54,Baseline,1,Balanced,0,Medium,1,Medium,1,8.66879,1981.38,0.094564,0.1
55,Baseline,1,Balanced,0,Medium,1,Medium,1,8.69092,1990.38,0.0946701,0.1
56,Baseline,1,Balanced,0,Medium,1,Medium,1,8.76221,2004.28,0.0951948,0.1
57,Baseline,1,Balanced,0,Medium,1,Medium,1,8.68753,1984.72,0.0948206,0.1
58,Baseline,1,Balanced,0,Medium,1,Medium,1,8.72817,1996.51,0.0943576,0.1
59,Baseline,1,Balanced,0,Medium,1,Medium,1,8.76773,2006.18,0.094919,0.1
60,Baseline,1,Balanced,0,Medium,1,Medium,1,8.67167,1983.49,0.0943056,0.1
61,Baseline,1,Balanced,0,Medium,1,Medium,1,8.68848,1988.66,0.0938272,0.1
62,Baseline,1,Balanced,0,Medium,1,Medium,1,8.70915,1991.18,0.0948206,0.1
63,Baseline,1,Balanced,0,Medium,1,Medium,1,8.72139,1995.94,0.0944444,0.1
64,Baseline,1,Balanced,0,Medium,1,Medium,1,8.68406,1985.59,0.0942033,0.1
65,Baseline,1,Balanced,0,Medium,1,Medium,1,8.65118,1979.79,0.0940413,0.1
66,Baseline,1,Balanced,0,Medium,1,Medium,1,8.71887,1995.15,0.0946181,0.1
67,Baseline,1,Balanced,0,Medium,1,Medium,1,8.76528,2007.04,0.0939931,0.1
68,Baseline,1,Balanced,0,Medium,1,Medium,1,8.70755,1992.95,0.0941532,0.1
69,Baseline,1,Balanced,0,Medium,1,Medium,1,8.69888,1990.72,0.0940876,0.1
70,Baseline,1,Balanced,0,Medium,1,Medium,1,8.69721,1988.28,0.0942207,0.1
71,Baseline,1,Balanced,0,Medium,1,Medium,1,8.66009,1981.19,0.0939275,0.1
72,Baseline,1,Balanced,0,Medium,1,Medium,1,8.74034,2000.12,0.0941397,0.1
73,Baseline,1,Balanced,0,Medium,1,Medium,1,8.68069,1986.35,0.0946991,0.1
74,Baseline,1,Balanced,0,Medium,1,Medium,1,8.72872,1997.57,0.0943538,0.1
75,Baseline,1,Balanced,0,Medium,1,Medium,1,8.67574,1984.52,0.0942766,0.1
76,Baseline,1,Balanced,0,Medium,1,Medium,1,8.7369,1997.74,0.0945872,0.1
77,Baseline,1,Balanced,0,Medium,1,Medium,1,8.64722,1976.46,0.0943654,0.1
78,Baseline,1,Balanced,0,Medium,1,Medium,1,8.60903,1967.66,0.0944059,0.1
79,Baseline,1,Balanced,0,Medium,1,Medium,1,8.65196,1979.45,0.0945428,0.1
80,Baseline,1,Balanced,0,Medium,1,Medium,1,8.77723,2007.87,0.0945853,0.1
81,Baseline,1,Balanced,0,Medium,1,Medium,1,8.71507,1993.44,0.0943171,0.1
82,Baseline,1,Balanced,0,Medium,1,Medium,1,8.63822,1977.64,0.0938638,0.1
83,Baseline,1,Balanced,0,Medium,1,Medium,1,8.77012,2006.83,0.094348,0.1
84,Baseline,1,Balanced,0,Medium,1,Medium,1,8.73275,1999.03,0.0945023,0.1
85,Baseline,1,Balanced,0,Medium,1,Medium,1,8.70178,1990.56,0.0944078,0.1
86,Baseline,1,Balanced,0,Medium,1,Medium,1,8.64244,1977.57,0.093561,0.1
87,Baseline,1,Balanced,0,Medium,1,Medium,1,8.67914,1986.28,0.0942921,0.1
88,Baseline,1,Balanced,0,Medium,1,Medium,1,8.64655,1978.28,0.0937442,0.1
89,Baseline,1,Balanced,0,Medium,1,Medium,1,8.68709,1987.2,0.0944946,0.1
90,Baseline,1,Balanced,0,Medium,1,Medium,1,8.7007,1990.73,0.0939796,0.1
91,Baseline,1,Balanced,0,Medium,1,Medium,1,8.7314,1995.07,0.0946682,0.1
92,Baseline,1,Balanced,0,Medium,1,Medium,1,8.6874,1987.36,0.0941454,0.1
93,Baseline,1,Balanced,0,Medium,1,Medium,1,8.67619,1985.76,0.0938426,0.1
94,Baseline,1,Balanced,0,Medium,1,Medium,1,8.67429,1984.53,0.0936863,0.1
95,Baseline,1,Balanced,0,Medium,1,Medium,1,8.65811,1981.43,0.093914,0.1
96,Baseline,1,Balanced,0,Medium,1,Medium,1,8.69345,1988.64,0.0944946,0.1
97,Baseline,1,Balanced,0,Medium,1,Medium,1,8.63719,1976.55,0.0938773,0.1
98,Baseline,1,Balanced,0,Medium,1,Medium,1,8.66852,1980.85,0.094647,0.1
99,Baseline,1,Balanced,0,Medium,1,Medium,1,8.73793,2000.32,0.0941512,0.1
100,Baseline,1,Balanced,0,Medium,1,Medium,1,8.68939,1986.58,0.094566,0.1
101,Baseline,1,Balanced,0,Medium,1,Medium,1,8.62269,1972.72,0.0938947,0.1
102,Baseline,1,Balanced,0,Medium,1,Medium,1,8.76038,2005.97,0.0942612,0.1
103,Baseline,1,Balanced,0,Medium,1,Medium,1,8.68747,1986.22,0.0945621,0.1
104,Baseline,1,Balanced,0,Medium,1,Medium,1,8.74018,1999.18,0.0951273,0.1
105,Baseline,1,Balanced,0,Medium,1,Medium,1,8.73302,1999.31,0.0942573,0.1
106,Baseline,1,Balanced,0,Medium,1,Medium,1,8.73113,1998.93,0.094157,0.1
107,Baseline,1,Balanced,0,Medium,1,Medium,1,8.62317,1972.17,0.0941088,0.1
108,Baseline,1,Balanced,0,Medium,1,Medium,1,8.69891,1990.52,0.0946644,0.1
109,Baseline,1,Balanced,0,Medium,1,Medium,1,8.61843,1972.71,0.0935687,0.1
110,Baseline,1,Balanced,0,Medium,1,Medium,1,8.67118,1982.61,0.0949171,0.1
111,Baseline,1,Balanced,0,Medium,1,Medium,1,8.69863,1989.56,0.0944097,0.1
112,Baseline,1,Balanced,0,Medium,1,Medium,1,8.6637,1983.69,0.093885,0.1
113,Baseline,1,Balanced,0,Medium,1,Medium,1,8.68903,1987.1,0.0940471,0.1
114,Baseline,1,Balanced,0,Medium,1,Medium,1,8.62543,1972.48,0.0940278,0.1
115,Baseline,1,Balanced,0,Medium,1,Medium,1,8.72578,1996.51,0.0947762,0.1
116,Baseline,1,Balanced,0,Medium,1,Medium,1,8.77954,2008.81,0.094838,0.1
117,Baseline,1,Balanced,0,Medium,1,Medium,1,8.70436,1991.28,0.0946663,0.1
118,Baseline,1,Balanced,0,Medium,1,Medium,1,8.71721,1995.2,0.0942863,0.1
119,Baseline,1,Balanced,0,Medium,1,Medium,1,8.68075,1987.39,0.0946123,0.1
120,Baseline,1,Balanced,0,Medium,1,Medium,1,8.67849,1986.12,0.09375,0.1
121,Baseline,1,Balanced,0,Medium,1,Medium,1,8.65277,1977.25,0.0947068,0.1
122,Baseline,1,Balanced,0,Medium,1,Medium,1,8.67284,1983.94,0.0941667,0.1
123,Baseline,1,Balanced,0,Medium,1,Medium,1,8.69929,1989.29,0.0948611,0.1
124,Baseline,1,Balanced,0,Medium,1,Medium,1,8.6926,1988.94,0.0943731,0.1
125,Baseline,1,Balanced,0,Medium,1,Medium,1,8.6107,1969.94,0.0937461,0.1
126,Baseline,1,Balanced,0,Medium,1,Medium,1,8.74556,1998.96,0.0952199,0.1
127,Baseline,1,Balanced,0,Medium,1,Medium,1,8.76444,2003.28,0.0949576,0.1
128,Baseline,1,Balanced,0,Medium,1,Medium,1,8.81509,2018.66,0.0949363,0.1
129,Baseline,1,Balanced,0,Medium,1,Medium,1,8.68339,1987.45,0.094049,0.1
130,Baseline,1,Balanced,0,Medium,1,Medium,1,8.63068,1973.53,0.0942419,0.1
131,Baseline,1,Balanced,0,Medium,1,Medium,1,8.71493,1992.22,0.0945891,0.1
132,Baseline,1,Balanced,0,Medium,1,Medium,1,8.73112,1997.47,0.0941474,0.1
133,Baseline,1,Balanced,0,Medium,1,Medium,1,8.68033,1985.68,0.0945293,0.1
134,Baseline,1,Balanced,0,Medium,1,Medium,1,8.72683,1996.49,0.0946489,0.1
135,Baseline,1,Balanced,0,Medium,1,Medium,1,8.66808,1983.17,0.0946836,0.1
136,Baseline,1,Balanced,0,Medium,1,Medium,1,8.68318,1985.45,0.0946856,0.1
137,Baseline,1,Balanced,0,Medium,1,Medium,1,8.66714,1983.3,0.0939371,0.1
138,Baseline,1,Balanced,0,Medium,1,Medium,1,8.75057,2002.72,0.0943673,0.1
139,Baseline,1,Balanced,0,Medium,1,Medium,1,8.6292,1974.27,0.0938484,0.1
140,Baseline,1,Balanced,0,Medium,1,Medium,1,8.61876,1971.01,0.0943654,0.1
141,Baseline,1,Balanced,0,Medium,1,Medium,1,8.68931,1987.43,0.094456,0.1
142,Baseline,1,Balanced,0,Medium,1,Medium,1,8.7579,2003.66,0.0943268,0.1
143,Baseline,1,Balanced,0,Medium,1,Medium,1,8.71573,1993.06,0.0944039,0.1
144,Baseline,1,Balanced,0,Medium,1,Medium,1,8.75633,2005.2,0.0944329,0.1
145,Baseline,1,Balanced,0,Medium,1,Medium,1,8.61033,1968.41,0.0936381,0.1
146,Baseline,1,Balanced,0,Medium,1,Medium,1,8.69411,1989.59,0.0941397,0.1
147,Baseline,1,Balanced,0,Medium,1,Medium,1,8.60988,1969.99,0.0936265,0.1
148,Baseline,1,Balanced,0,Medium,1,Medium,1,8.70362,1991.75,0.0946663,0.1
149,Baseline,1,Balanced,0,Medium,1,Medium,1,8.70364,1992.3,0.0937134,0.1
150,Baseline,1,Balanced,0,Medium,1,Medium,1,8.56763,1959.55,0.0937076,0.1
151,Baseline,1,Balanced,0,Medium,1,Medium,1,8.61808,1971.04,0.0939583,0.1
152,Baseline,1,Balanced,0,Medium,1,Medium,1,8.69584,1989.32,0.0940779,0.1
153,Baseline,1,Balanced,0,Medium,1,Medium,1,8.72063,1996.16,0.0945737,0.1
154,Baseline,1,Balanced,0,Medium,1,Medium,1,8.59455,1967.54,0.0935359,0.1
155,Baseline,1,Balanced,0,Medium,1,Medium,1,8.70839,1991.38,0.0946528,0.1
156,Baseline,1,Balanced,0,Medium,1,Medium,1,8.66909,1982.49,0.0941995,0.1
157,Baseline,1,Balanced,0,Medium,1,Medium,1,8.65478,1979.98,0.0940394,0.1
158,Baseline,1,Balanced,0,Medium,1,Medium,1,8.69213,1989.57,0.0944907,0.1
159,Baseline,1,Balanced,0,Medium,1,Medium,1,8.71247,1995.34,0.0941127,0.1
160,Baseline,1,Balanced,0,Medium,1,Medium,1,8.80681,2015.83,0.0947897,0.1
161,Baseline,1,Balanced,0,Medium,1,Medium,1,8.68668,1988.67,0.0944483,0.1
162,Baseline,1,Balanced,0,Medium,1,Medium,1,8.67907,1985.92,0.0942265,0.1
163,Baseline,1,Balanced,0,Medium,1,Medium,1,8.77434,2008.37,0.0949209,0.1
164,Baseline,1,Balanced,0,Medium,1,Medium,1,8.645,1976.59,0.0943789,0.1
165,Baseline,1,Balanced,0,Medium,1,Medium,1,8.71813,1994.98,0.0944136,0.1
166,Baseline,1,Balanced,0,Medium,1,Medium,1,8.66617,1983.03,0.094076,0.1
167,Baseline,1,Balanced,0,Medium,1,Medium,1,8.76579,2005.66,0.0941281,0.1
168,Baseline,1,Balanced,0,Medium,1,Medium,1,8.64164,1976.9,0.0938812,0.1
169,Baseline,1,Balanced,0,Medium,1,Medium,1,8.69537,1990.69,0.0941416,0.1
170,Baseline,1,Balanced,0,Medium,1,Medium,1,8.70426,1990.38,0.0948245,0.1
171,Baseline,1,Balanced,0,Medium,1,Medium,1,8.71807,1993.06,0.094728,0.1
172,Baseline,1,Balanced,0,Medium,1,Medium,1,8.64174,1976.49,0.0943403,0.1
173,Baseline,1,Balanced,0,Medium,1,Medium,1,8.67502,1983.93,0.09413,0.1
174,Baseline,1,Balanced,0,Medium,1,Medium,1,8.74033,1998.83,0.0945448,0.1
175,Baseline,1,Balanced,0,Medium,1,Medium,1,8.63777,1976.08,0.0937596,0.1
176,Baseline,1,Balanced,0,Medium,1,Medium,1,8.73094,1998.01,0.0944695,0.1
177,Baseline,1,Balanced,0,Medium,1,Medium,1,8.62216,1971.9,0.0937693,0.1
178,Baseline,1,Balanced,0,Medium,1,Medium,1,8.73739,1999.72,0.094485,0.1
179,Baseline,1,Balanced,0,Medium,1,Medium,1,8.75847,2003.68,0.0944059,0.1
180,Baseline,1,Balanced,0,Medium,1,Medium,1,8.75257,2003.21,0.0947685,0.1
181,Baseline,1,Balanced,0,Medium,1,Medium,1,8.63969,1976.24,0.0940027,0.1
182,Baseline,1,Balanced,0,Medium,1,Medium,1,8.66188,1980.71,0.0941995,0.1
183,Baseline,1,Balanced,0,Medium,1,Medium,1,8.69718,1991.61,0.0944001,0.1
184,Baseline,1,Balanced,0,Medium,1,Medium,1,8.64069,1975.98,0.0940586,0.1
185,Baseline,1,Balanced,0,Medium,1,Medium,1,8.69385,1989.14,0.0943229,0.1
186,Baseline,1,Balanced,0,Medium,1,Medium,1,8.66257,1981.37,0.0945158,0.1
187,Baseline,1,Balanced,0,Medium,1,Medium,1,8.64974,1979.81,0.0941358,0.1
188,Baseline,1,Balanced,0,Medium,1,Medium,1,8.6508,1980.13,0.0938927,0.1
189,Baseline,1,Balanced,0,Medium,1,Medium,1,8.71931,1995.83,0.0946393,0.1
190,Baseline,1,Balanced,0,Medium,1,Medium,1,8.71102,1993.48,0.0944811,0.1
191,Baseline,1,Balanced,0,Medium,1,Medium,1,8.71719,1992.27,0.0949826,0.1
192,Baseline,1,Balanced,0,Medium,1,Medium,1,8.67237,1983.2,0.094566,0.1
193,Baseline,1,Balanced,0,Medium,1,Medium,1,8.7267,1997.16,0.094647,0.1
194,Baseline,1,Balanced,0,Medium,1,Medium,1,8.69067,1989.12,0.0942747,0.1
195,Baseline,1,Balanced,0,Medium,1,Medium,1,8.67031,1984.45,0.0942052,0.1
196,Baseline,1,Balanced,0,Medium,1,Medium,1,8.73144,1997.53,0.0941782,0.1
197,Baseline,1,Balanced,0,Medium,1,Medium,1,8.82019,2018.28,0.0950193,0.1
198,Baseline,1,Balanced,0,Medium,1,Medium,1,8.68622,1987.07,0.0945293,0.1
199,Baseline,1,Balanced,0,Medium,1,Medium,1,8.675,1982.6,0.0946566,0.1
200,Baseline,1,Balanced,0,Medium,1,Medium,1,8.61837,1971.13,0.0945968,0.1
201,Baseline,1,Balanced,0,Medium,1,Medium,1,8.66547,1984.14,0.0936015,0.1
202,Baseline,1,Balanced,0,Medium,1,Medium,1,8.75288,2001.85,0.0946123,0.1
203,Baseline,1,Balanced,0,Medium,1,Medium,1,8.68032,1987.31,0.0936613,0.1
204,Baseline,1,Balanced,0,Medium,1,Medium,1,8.74274,2000.54,0.0945525,0.1
205,Baseline,1,Balanced,0,Medium,1,Medium,1,8.62444,1972.4,0.0941223,0.1
206,Baseline,1,Balanced,0,Medium,1,Medium,1,8.73562,1997.08,0.095407,0.1
207,Baseline,1,Balanced,0,Medium,1,Medium,1,8.73719,2001.21,0.0940991,0.1
208,Baseline,1,Balanced,0,Medium,1,Medium,1,8.68316,1987.91,0.0936073,0.1
209,Baseline,1,Balanced,0,Medium,1,Medium,1,8.66213,1982.95,0.0943113,0.1
210,Baseline,1,Balanced,0,Medium,1,Medium,1,8.71148,1991.53,0.0946566,0.1
211,Baseline,1,Balanced,0,Medium,1,Medium,1,8.70727,1993.29,0.0939776,0.1
212,Baseline,1,Balanced,0,Medium,1,Medium,1,8.7879,2009.28,0.0948341,0.1
213,Baseline,1,Balanced,0,Medium,1,Medium,1,8.70729,1990.49,0.0948862,0.1
214,Baseline,1,Balanced,0,Medium,1,Medium,1,8.62277,1971.21,0.0940336,0.1
215,Baseline,1,Balanced,0,Medium,1,Medium,1,8.74907,2002.13,0.0941319,0.1
216,Baseline,1,Balanced,0,Medium,1,Medium,1,8.66252,1981.82,0.0942207,0.1
217,Baseline,1,Balanced,0,Medium,1,Medium,1,8.65217,1979.46,0.0939931,0.1
218,Baseline,1,Balanced,0,Medium,1,Medium,1,8.68161,1986.4,0.0941184,0.1
219,Baseline,1,Balanced,0,Medium,1,Medium,1,8.66737,1982.88,0.09413,0.1
220,Baseline,1,Balanced,0,Medium,1,Medium,1,8.65955,1981.02,0.093887,0.1
221,Baseline,1,Balanced,0,Medium,1,Medium,1,8.6082,1968.5,0.0940953,0.1
222,Baseline,1,Balanced,0,Medium,1,Medium,1,8.73184,1997.34,0.0948302,0.1
223,Baseline,1,Balanced,0,Medium,1,Medium,1,8.60018,1965.47,0.0944637,0.1
224,Baseline,1,Balanced,0,Medium,1,Medium,1,8.60398,1969.83,0.0935417,0.1
225,Baseline,1,Balanced,0,Medium,1,Medium,1,8.73338,1999.02,0.0941802,0.1
226,Baseline,1,Balanced,0,Medium,1,Medium,1,8.65562,1979.99,0.0941242,0.1
227,Baseline,1,Balanced,0,Medium,1,Medium,1,8.67947,1983.5,0.0949691,0.1
228,Baseline,1,Balanced,0,Medium,1,Medium,1,8.66106,1981.28,0.093941,0.1
229,Baseline,1,Balanced,0,Medium,1,Medium,1,8.64057,1976.48,0.0939236,0.1
230,Baseline,1,Balanced,0,Medium,1,Medium,1,8.66993,1982.22,0.0943538,0.1
231,Baseline,1,Balanced,0,Medium,1,Medium,1,8.70342,1990.13,0.0945158,0.1
232,Baseline,1,Balanced,0,Medium,1,Medium,1,8.6656,1981.42,0.0946316,0.1
233,Baseline,1,Balanced,0,Medium,1,Medium,1,8.70135,1991.74,0.0945505,0.1
234,Baseline,1,Balanced,0,Medium,1,Medium,1,8.66663,1981.54,0.0943557,0.1
235,Baseline,1,Balanced,0,Medium,1,Medium,1,8.69937,1990.66,0.0941397,0.1
236,Baseline,1,Balanced,0,Medium,1,Medium,1,8.6957,1990.88,0.0938889,0.1
237,Baseline,1,Balanced,0,Medium,1,Medium,1,8.70581,1991.59,0.0943017,0.1
238,Baseline,1,Balanced,0,Medium,1,Medium,1,8.73078,1997.33,0.0945293,0.1
239,Baseline,1,Balanced,0,Medium,1,Medium,1,8.69335,1990.94,0.0938522,0.1
240,Baseline,1,Balanced,0,Medium,1,Medium,1,8.6039,1965.43,0.094483,0.1
241,Baseline,1,Balanced,0,Medium,1,Medium,1,8.67648,1985.81,0.0945698,0.1
242,Baseline,1,Balanced,0,Medium,1,Medium,1,8.72738,1998.07,0.0947029,0.1
243,Baseline,1,Balanced,0,Medium,1,Medium,1,8.67899,1984.44,0.0943152,0.1
244,Baseline,1,Balanced,0,Medium,1,Medium,1,8.62958,1973.9,0.0939024,0.1
245,Baseline,1,Balanced,0,Medium,1,Medium,1,8.63454,1975.47,0.0941821,0.1
246,Baseline,1,Balanced,0,Medium,1,Medium,1,8.64458,1978.38,0.0940529,0.1
247,Baseline,1,Balanced,0,Medium,1,Medium,1,8.70486,1991.9,0.0940336,0.1
248,Baseline,1,Balanced,0,Medium,1,Medium,1,8.66346,1982.2,0.0941802,0.1
249,Baseline,1,Balanced,0,Medium,1,Medium,1,8.65216,1979.4,0.0935455,0.1
250,Baseline,1,Balanced,0,Medium,1,Medium,1,8.70202,1991.44,0.0943904,0.1
251,Baseline,1,Balanced,0,Medium,1,Medium,1,8.63431,1975.47,0.0940104,0.1
252,Baseline,1,Balanced,0,Medium,1,Medium,1,8.63373,1976,0.0940625,0.1
253,Baseline,1,Balanced,0,Medium,1,Medium,1,8.64655,1978.36,0.0943133,0.1
254,Baseline,1,Balanced,0,Medium,1,Medium,1,8.63432,1974.73,0.0938349,0.1
255,Baseline,1,Balanced,0,Medium,1,Medium,1,8.72272,1995.53,0.094456,0.1
256,Baseline,1,Balanced,0,Medium,1,Medium,1,8.65827,1980.58,0.0942438,0.1
257,Baseline,1,Balanced,0,Medium,1,Medium,1,8.75274,2002.6,0.0947299,0.1
258,Baseline,1,Balanced,0,Medium,1,Medium,1,8.72253,1997.39,0.0942843,0.1
259,Baseline,1,Balanced,0,Medium,1,Medium,1,8.67267,1983.55,0.0941358,0.1
260,Baseline,1,Balanced,0,Medium,1,Medium,1,8.73855,1998.78,0.0948881,0.1
261,Baseline,1,Balanced,0,Medium,1,Medium,1,8.69659,1991.52,0.093723,0.1
262,Baseline,1,Balanced,0,Medium,1,Medium,1,8.67472,1983.6,0.0944213,0.1
263,Baseline,1,Balanced,0,Medium,1,Medium,1,8.68273,1986.2,0.0944097,0.1
264,Baseline,1,Balanced,0,Medium,1,Medium,1,8.68703,1985.64,0.0950193,0.1
265,Baseline,1,Balanced,0,Medium,1,Medium,1,8.67472,1985.56,0.0947299,0.1
266,Baseline,1,Balanced,0,Medium,1,Medium,1,8.69952,1991.02,0.0943441,0.1
267,Baseline,1,Balanced,0,Medium,1,Medium,1,8.69365,1987.21,0.0948958,0.1
268,Baseline,1,Balanced,0,Medium,1,Medium,1,8.61362,1969.66,0.0935552,0.1
269,Baseline,1,Balanced,0,Medium,1,Medium,1,8.70965,1993.18,0.0941763,0.1
270,Baseline,1,Balanced,0,Medium,1,Medium,1,8.65681,1981.13,0.09386,0.1
271,Baseline,1,Balanced,0,Medium,1,Medium,1,8.67922,1985,0.0940297,0.1
272,Baseline,1,Balanced,0,Medium,1,Medium,1,8.68206,1986.29,0.0939815,0.1
273,Baseline,1,Balanced,0,Medium,1,Medium,1,8.73525,1998.04,0.0945679,0.1
274,Baseline,1,Balanced,0,Medium,1,Medium,1,8.65701,1980.15,0.0941609,0.1
275,Baseline,1,Balanced,0,Medium,1,Medium,1,8.61292,1970.14,0.0942188,0.1
276,Baseline,1,Balanced,0,Medium,1,Medium,1,8.72532,1995.32,0.0941879,0.1
277,Baseline,1,Balanced,0,Medium,1,Medium,1,8.71141,1992.54,0.0944637,0.1
278,Baseline,1,Balanced,0,Medium,1,Medium,1,8.74613,2000.7,0.0946682,0.1
279,Baseline,1,Balanced,0,Medium,1,Medium,1,8.76139,2006.04,0.0946991,0.1
280,Baseline,1,Balanced,0,Medium,1,Medium,1,8.72631,1996.38,0.0944599,0.1
281,Baseline,1,Balanced,0,Medium,1,Medium,1,8.66112,1979.86,0.0949132,0.1
282,Baseline,1,Balanced,0,Medium,1,Medium,1,8.72326,1996.16,0.0942342,0.1
283,Baseline,1,Balanced,0,Medium,1,Medium,1,8.67682,1987.13,0.0934934,0.1
284,Baseline,1,Balanced,0,Medium,1,Medium,1,8.65268,1979,0.0938079,0.1
285,Baseline,1,Balanced,0,Medium,1,Medium,1,8.73007,1996.63,0.0946431,0.1
286,Baseline,1,Balanced,0,Medium,1,Medium,1,8.79027,2012.78,0.094375,0.1
287,Baseline,1,Balanced,0,Medium,1,Medium,1,8.74021,1998.55,0.0944271,0.1
288,Baseline,1,Balanced,0,Medium,1,Medium,1,8.72023,1994.94,0.0943615,0.1
289,Baseline,1,Balanced,0,Medium,1,Medium,1,8.7327,1999.3,0.0948438,0.1
290,Baseline,1,Balanced,0,Medium,1,Medium,1,8.65076,1978.99,0.0940818,0.1
291,Baseline,1,Balanced,0,Medium,1,Medium,1,8.67433,1985.55,0.0937384,0.1
292,Baseline,1,Balanced,0,Medium,1,Medium,1,8.64545,1980.27,0.0938214,0.1
293,Baseline,1,Balanced,0,Medium,1,Medium,1,8.75896,2003.88,0.094892,0.1
294,Baseline,1,Balanced,0,Medium,1,Medium,1,8.59065,1963.16,0.0943113,0.1
295,Baseline,1,Balanced,0,Medium,1,Medium,1,8.67053,1984.02,0.0943056,0.1
296,Baseline,1,Balanced,0,Medium,1,Medium,1,8.61299,1969.68,0.0943287,0.1
297,Baseline,1,Balanced,0,Medium,1,Medium,1,8.7427,2003.24,0.0938156,0.1
298,Baseline,1,Balanced,0,Medium,1,Medium,1,8.68048,1983.25,0.0946354,0.1
299,Baseline,1,Balanced,0,Medium,1,Medium,1,8.73443,1997.98,0.0944985,0.1
300,Baseline,1,Balanced,0,Medium,1,Medium,1,8.71232,1992.88,0.0946238,0.1
301,Baseline,1,Balanced,0,Medium,1,Medium,1,8.78164,2009.82,0.0946644,0.1
302,Baseline,1,Balanced,0,Medium,1,Medium,1,8.68274,1986.75,0.0936555,0.1
303,Baseline,1,Balanced,0,Medium,1,Medium,1,8.71169,1990.85,0.0951698,0.1
304,Baseline,1,Balanced,0,Medium,1,Medium,1,8.69937,1990.49,0.0941917,0.1
305,Baseline,1,Balanced,0,Medium,1,Medium,1,8.68596,1985.09,0.0946644,0.1
306,Baseline,1,Balanced,0,Medium,1,Medium,1,8.66148,1982.12,0.0944522,0.1
307,Baseline,1,Balanced,0,Medium,1,Medium,1,8.70021,1989.15,0.0948573,0.1
308,Baseline,1,Balanced,0,Medium,1,Medium,1,8.72545,1997.25,0.094157,0.1
309,Baseline,1,Balanced,0,Medium,1,Medium,1,8.60164,1966.13,0.0944425,0.1
310,Baseline,1,Balanced,0,Medium,1,Medium,1,8.69228,1988.98,0.0944348,0.1
311,Baseline,1,Balanced,0,Medium,1,Medium,1,8.57266,1960.98,0.0938927,0.1
312,Baseline,1,Balanced,0,Medium,1,Medium,1,8.78522,2010.22,0.0946065,0.1
313,Baseline,1,Balanced,0,Medium,1,Medium,1,8.57261,1960.3,0.0939776,0.1
314,Baseline,1,Balanced,0,Medium,1,Medium,1,8.79293,2011.84,0.0948573,0.1
315,Baseline,1,Balanced,0,Medium,1,Medium,1,8.63252,1974.82,0.0938156,0.1
316,Baseline,1,Balanced,0,Medium,1,Medium,1,8.70557,1992.13,0.0943866,0.1
317,Baseline,1,Balanced,0,Medium,1,Medium,1,8.72546,1996.5,0.094782,0.1
318,Baseline,1,Balanced,0,Medium,1,Medium,1,8.68185,1984.31,0.0948746,0.1
319,Baseline,1,Balanced,0,Medium,1,Medium,1,8.66174,1979.85,0.0949865,0.1
320,Baseline,1,Balanced,0,Medium,1,Medium,1,8.63694,1976.47,0.0937307,0.1
321,Baseline,1,Balanced,0,Medium,1,Medium,1,8.64056,1975.64,0.0943596,0.1
322,Baseline,1,Balanced,0,Medium,1,Medium,1,8.66714,1981.6,0.0941281,0.1
323,Baseline,1,Balanced,0,Medium,1,Medium,1,8.62152,1973.77,0.0937365,0.1
324,Baseline,1,Balanced,0,Medium,1,Medium,1,8.71269,1993.24,0.0946046,0.1
325,Baseline,1,Balanced,0,Medium,1,Medium,1,8.76775,2006.6,0.0944078,0.1
326,Baseline,1,Balanced,0,Medium,1,Medium,1,8.66531,1982.51,0.0939834,0.1
327,Baseline,1,Balanced,0,Medium,1,Medium,1,8.62688,1971.49,0.0941802,0.1
328,Baseline,1,Balanced,0,Medium,1,Medium,1,8.67747,1985.28,0.0939294,0.1
329,Baseline,1,Balanced,0,Medium,1,Medium,1,8.63423,1977.16,0.0934722,0.1
330,Baseline,1,Balanced,0,Medium,1,Medium,1,8.66256,1982.19,0.094103,0.1
331,Baseline,1,Balanced,0,Medium,1,Medium,1,8.78461,2009.68,0.0949016,0.1
332,Baseline,1,Balanced,0,Medium,1,Medium,1,8.69358,1989.89,0.0938484,0.1
333,Baseline,1,Balanced,0,Medium,1,Medium,1,8.62853,1972.97,0.0936478,0.1
334,Baseline,1,Balanced,0,Medium,1,Medium,1,8.76197,2005.24,0.0944136,0.1
335,Baseline,1,Balanced,0,Medium,1,Medium,1,8.67396,1983.61,0.0943191,0.1
336,Baseline,1,Balanced,0,Medium,1,Medium,1,8.74699,1999.94,0.0947338,0.1
337,Baseline,1,Balanced,0,Medium,1,Medium,1,8.72171,1996.94,0.0935918,0.1
338,Baseline,1,Balanced,0,Medium,1,Medium,1,8.64398,1977.58,0.0939873,0.1
339,Baseline,1,Balanced,0,Medium,1,Medium,1,8.72383,1995.5,0.0945775,0.1
340,Baseline,1,Balanced,0,Medium,1,Medium,1,8.65472,1980.78,0.0943769,0.1
341,Baseline,1,Balanced,0,Medium,1,Medium,1,8.71863,1993.78,0.0947512,0.1
342,Baseline,1,Balanced,0,Medium,1,Medium,1,8.6632,1981.82,0.0938831,0.1
343,Baseline,1,Balanced,0,Medium,1,Medium,1,8.73627,1998.92,0.0944039,0.1
344,Baseline,1,Balanced,0,Medium,1,Medium,1,8.76285,2005.08,0.0945505,0.1
345,Baseline,1,Balanced,0,Medium,1,Medium,1,8.75189,2003.01,0.0944792,0.1
346,Baseline,1,Balanced,0,Medium,1,Medium,1,8.68312,1985.72,0.0944695,0.1
347,Baseline,1,Balanced,0,Medium,1,Medium,1,8.73964,2000.79,0.0943673,0.1
348,Baseline,1,Balanced,0,Medium,1,Medium,1,8.70992,1992.06,0.0945139,0.1
349,Baseline,1,Balanced,0,Medium,1,Medium,1,8.65524,1977.69,0.0944811,0.1
350,Baseline,1,Balanced,0,Medium,1,Medium,1,8.72125,1995.35,0.0942689,0.1
351,Baseline,1,Balanced,0,Medium,1,Medium,1,8.62591,1972.32,0.0941975,0.1
352,Baseline,1,Balanced,0,Medium,1,Medium,1,8.71497,1994.23,0.0944039,0.1
353,Baseline,1,Balanced,0,Medium,1,Medium,1,8.5984,1964.69,0.0944367,0.1
354,Baseline,1,Balanced,0,Medium,1,Medium,1,8.75025,2002.5,0.0943846,0.1
355,Baseline,1,Balanced,0,Medium,1,Medium,1,8.752,2001.33,0.0950405,0.1
356,Baseline,1,Balanced,0,Medium,1,Medium,1,8.6749,1985.22,0.0938754,0.1
357,Baseline,1,Balanced,0,Medium,1,Medium,1,8.69377,1988.8,0.0940394,0.1
358,Baseline,1,Balanced,0,Medium,1,Medium,1,8.71646,1992.52,0.0947859,0.1
359,Baseline,1,Balanced,0,Medium,1,Medium,1,8.70329,1991.25,0.094103,0.1
360,Baseline,1,Balanced,0,Medium,1,Medium,1,8.66883,1983.41,0.0940104,0.1
361,Baseline,1,Balanced,0,Medium,1,Medium,1,8.7006,1989.85,0.0942226,0.1
362,Baseline,1,Balanced,0,Medium,1,Medium,1,8.67483,1985.49,0.0943654,0.1
363,Baseline,1,Balanced,0,Medium,1,Medium,1,8.61576,1969.89,0.0937018,0.1
364,Baseline,1,Balanced,0,Medium,1,Medium,1,8.78083,2007.81,0.0949113,0.1
365,Baseline,1,Balanced,0,Medium,1,Medium,1,8.69644,1987.86,0.0948245,0.1
366,Baseline,1,Balanced,0,Medium,1,Medium,1,8.60176,1967.16,0.0938677,0.1
367,Baseline,1,Balanced,0,Medium,1,Medium,1,8.66742,1981.74,0.093885,0.1
368,Baseline,1,Balanced,0,Medium,1,Medium,1,8.74874,2001.71,0.0944309,0.1
369,Baseline,1,Balanced,0,Medium,1,Medium,1,8.60952,1969.23,0.0941165,0.1
370,Baseline,1,Balanced,0,Medium,1,Medium,1,8.70077,1991.04,0.0943924,0.1
371,Baseline,1,Balanced,0,Medium,1,Medium,1,8.61551,1968.68,0.094485,0.1
372,Baseline,1,Balanced,0,Medium,1,Medium,1,8.64082,1977.52,0.0935802,0.1
373,Baseline,1,Balanced,0,Medium,1,Medium,1,8.68697,1986.87,0.093941,0.1
374,Baseline,1,Balanced,0,Medium,1,Medium,1,8.72754,1995.71,0.0944039,0.1
375,Baseline,1,Balanced,0,Medium,1,Medium,1,8.664,1981.83,0.0940606,0.1
376,Baseline,1,Balanced,0,Medium,1,Medium,1,8.67197,1981.35,0.0945718,0.1
377,Baseline,1,Balanced,0,Medium,1,Medium,1,8.67618,1985.06,0.0945042,0.1
378,Baseline,1,Balanced,0,Medium,1,Medium,1,8.71734,1994.47,0.0941744,0.1
379,Baseline,1,Balanced,0,Medium,1,Medium,1,8.72737,1996.21,0.0947492,0.1
380,Baseline,1,Balanced,0,Medium,1,Medium,1,8.68923,1988.74,0.0942901,0.1
381,Baseline,1,Balanced,0,Medium,1,Medium,1,8.74694,1999.7,0.0946759,0.1
382,Baseline,1,Balanced,0,Medium,1,Medium,1,8.71229,1993.35,0.0944579,0.1
383,Baseline,1,Balanced,0,Medium,1,Medium,1,8.6747,1984.35,0.0943383,0.1
384,Baseline,1,Balanced,0,Medium,1,Medium,1,8.64679,1978.1,0.0937191,0.1
385,Baseline,1,Balanced,0,Medium,1,Medium,1,8.65116,1980.38,0.0939776,0.1
386,Baseline,1,Balanced,0,Medium,1,Medium,1,8.74313,2001.26,0.0940471,0.1
387,Baseline,1,Balanced,0,Medium,1,Medium,1,8.5957,1964.13,0.0938407,0.1
388,Baseline,1,Balanced,0,Medium,1,Medium,1,8.63086,1974.66,0.0937886,0.1
389,Baseline,1,Balanced,0,Medium,1,Medium,1,8.69569,1988.54,0.0941898,0.1
390,Baseline,1,Balanced,0,Medium,1,Medium,1,8.74136,2000.66,0.0946258,0.1
391,Baseline,1,Balanced,0,Medium,1,Medium,1,8.56097,1956.99,0.0940374,0.1
392,Baseline,1,Balanced,0,Medium,1,Medium,1,8.67496,1983.17,0.0947608,0.1
393,Baseline,1,Balanced,0,Medium,1,Medium,1,8.59749,1967.05,0.0934741,0.1
394,Baseline,1,Balanced,0,Medium,1,Medium,1,8.60886,1968.51,0.09386,0.1
395,Baseline,1,Balanced,0,Medium,1,Medium,1,8.61759,1970.44,0.0944579,0.1
396,Baseline,1,Balanced,0,Medium,1,Medium,1,8.72705,1997.16,0.09451,0.1
397,Baseline,1,Balanced,0,Medium,1,Medium,1,8.73171,1997.91,0.0946836,0.1
398,Baseline,1,Balanced,0,Medium,1,Medium,1,8.62979,1975.02,0.094348,0.1
399,Baseline,1,Balanced,0,Medium,1,Medium,1,8.68779,1986.48,0.0948785,0.1
400,Baseline,1,Balanced,0,Medium,1,Medium,1,8.73444,1998.32,0.0949595,0.1
401,Baseline,1,Balanced,0,Medium,1,Medium,1,8.65728,1978.24,0.0947222,0.1
402,Baseline,1,Balanced,0,Medium,1,Medium,1,8.71243,1994.4,0.0944309,0.1
403,Baseline,1,Balanced,0,Medium,1,Medium,1,8.58744,1964.24,0.09413,0.1
404,Baseline,1,Balanced,0,Medium,1,Medium,1,8.7081,1992.9,0.0940721,0.1
405,Baseline,1,Balanced,0,Medium,1,Medium,1,8.60359,1967.95,0.0940876,0.1
406,Baseline,1,Balanced,0,Medium,1,Medium,1,8.74479,1999.56,0.0945891,0.1
407,Baseline,1,Balanced,0,Medium,1,Medium,1,8.73779,1998.77,0.0945332,0.1
408,Baseline,1,Balanced,0,Medium,1,Medium,1,8.79441,2013.53,0.0946335,0.1
409,Baseline,1,Balanced,0,Medium,1,Medium,1,8.76072,2004.51,0.0949171,0.1
410,Baseline,1,Balanced,0,Medium,1,Medium,1,8.63214,1972.71,0.0946123,0.1
411,Baseline,1,Balanced,0,Medium,1,Medium,1,8.69246,1987.93,0.0944907,0.1
412,Baseline,1,Balanced,0,Medium,1,Medium,1,8.7263,1996.86,0.0943036,0.1
413,Baseline,1,Balanced,0,Medium,1,Medium,1,8.64858,1978.95,0.0939892,0.1
414,Baseline,1,Balanced,0,Medium,1,Medium,1,8.67455,1983.56,0.0942323,0.1
415,Baseline,1,Balanced,0,Medium,1,Medium,1,8.61493,1970.35,0.094076,0.1
416,Baseline,1,Balanced,0,Medium,1,Medium,1,8.65254,1979.11,0.0943248,0.1
417,Baseline,1,Balanced,0,Medium,1,Medium,1,8.68254,1987.36,0.0938985,0.1
418,Baseline,1,Balanced,0,Medium,1,Medium,1,8.67743,1984.94,0.093887,0.1
419,Baseline,1,Balanced,0,Medium,1,Medium,1,8.7337,1997.83,0.094483,0.1
420,Baseline,1,Balanced,0,Medium,1,Medium,1,8.68409,1985.53,0.0946161,0.1
421,Baseline,1,Balanced,0,Medium,1,Medium,1,8.60245,1965.4,0.0946238,0.1
422,Baseline,1,Balanced,0,Medium,1,Medium,1,8.66636,1982.08,0.0942901,0.1
423,Baseline,1,Balanced,0,Medium,1,Medium,1,8.76156,2003.89,0.0949421,0.1
424,Baseline,1,Balanced,0,Medium,1,Medium,1,8.67399,1985.82,0.0940123,0.1
425,Baseline,1,Balanced,0,Medium,1,Medium,1,8.61261,1969.89,0.0938252,0.1
426,Baseline,1,Balanced,0,Medium,1,Medium,1,8.74508,2001.57,0.0940027,0.1
427,Baseline,1,Balanced,0,Medium,1,Medium,1,8.69687,1989,0.0943962,0.1
428,Baseline,1,Balanced,0,Medium,1,Medium,1,8.79372,2013.1,0.0944772,0.1
429,Baseline,1,Balanced,0,Medium,1,Medium,1,8.68597,1987.64,0.09451,0.1
430,Baseline,1,Balanced,0,Medium,1,Medium,1,8.77647,2010.5,0.0940972,0.1
431,Baseline,1,Balanced,0,Medium,1,Medium,1,8.63932,1975.72,0.0944444,0.1
432,Baseline,1,Balanced,0,Medium,1,Medium,1,8.74929,2002.75,0.0940914,0.1
433,Baseline,1,Balanced,0,Medium,1,Medium,1,8.67677,1984.52,0.0944599,0.1
434,Baseline,1,Balanced,0,Medium,1,Medium,1,8.68878,1988.54,0.0942284,0.1
435,Baseline,1,Balanced,0,Medium,1,Medium,1,8.664,1980.41,0.0946721,0.1
436,Baseline,1,Balanced,0,Medium,1,Medium,1,8.6992,1990.58,0.0945313,0.1
437,Baseline,1,Balanced,0,Medium,1,Medium,1,8.61935,1971.94,0.093642,0.1
438,Baseline,1,Balanced,0,Medium,1,Medium,1,8.75698,2003.62,0.0947241,0.1
439,Baseline,1,Balanced,0,Medium,1,Medium,1,8.6783,1985.77,0.0936343,0.1
440,Baseline,1,Balanced,0,Medium,1,Medium,1,8.67103,1983.61,0.0944213,0.1
441,Baseline,1,Balanced,0,Medium,1,Medium,1,8.6476,1978.65,0.0937886,0.1
442,Baseline,1,Balanced,0,Medium,1,Medium,1,8.65217,1980.84,0.0939448,0.1
443,Baseline,1,Balanced,0,Medium,1,Medium,1,8.68989,1989.49,0.0939796,0.1
444,Baseline,1,Balanced,0,Medium,1,Medium,1,8.69715,1987.89,0.0944657,0.1
445,Baseline,1,Balanced,0,Medium,1,Medium,1,8.64628,1977.41,0.0938908,0.1
446,Baseline,1,Balanced,0,Medium,1,Medium,1,8.62728,1970.89,0.0940625,0.1
447,Baseline,1,Balanced,0,Medium,1,Medium,1,8.6636,1981.3,0.0939352,0.1
448,Baseline,1,Balanced,0,Medium,1,Medium,1,8.66599,1980.37,0.0943306,0.1
449,Baseline,1,Balanced,0,Medium,1,Medium,1,8.69389,1988.48,0.0944001,0.1
450,Baseline,1,Balanced,0,Medium,1,Medium,1,8.69013,1988.46,0.0940259,0.1
451,Baseline,1,Balanced,0,Medium,1,Medium,1,8.71754,1995.19,0.0940066,0.1
452,Baseline,1,Balanced,0,Medium,1,Medium,1,8.73167,1995.6,0.0950617,0.1
453,Baseline,1,Balanced,0,Medium,1,Medium,1,8.83334,2021.07,0.095135,0.1
454,Baseline,1,Balanced,0,Medium,1,Medium,1,8.58877,1963.49,0.0941995,0.1
455,Baseline,1,Balanced,0,Medium,1,Medium,1,8.62814,1974.71,0.0940876,0.1
456,Baseline,1,Balanced,0,Medium,1,Medium,1,8.67025,1983.62,0.0940066,0.1
457,Baseline,1,Balanced,0,Medium,1,Medium,1,8.7591,2004.75,0.0945602,0.1
458,Baseline,1,Balanced,0,Medium,1,Medium,1,8.73954,1998.41,0.0949846,0.1
459,Baseline,1,Balanced,0,Medium,1,Medium,1,8.7427,2001.23,0.0942554,0.1
460,Baseline,1,Balanced,0,Medium,1,Medium,1,8.61648,1971.18,0.0936921,0.1
461,Baseline,1,Balanced,0,Medium,1,Medium,1,8.70858,1991.82,0.0943904,0.1
462,Baseline,1,Balanced,0,Medium,1,Medium,1,8.80285,2013.83,0.0951215,0.1
463,Baseline,1,Balanced,0,Medium,1,Medium,1,8.70047,1991.35,0.0941319,0.1
464,Baseline,1,Balanced,0,Medium,1,Medium,1,8.62916,1973.54,0.0944599,0.1
465,Baseline,1,Balanced,0,Medium,1,Medium,1,8.68854,1988.05,0.0943268,0.1
466,Baseline,1,Balanced,0,Medium,1,Medium,1,8.63709,1974.27,0.0940162,0.1
467,Baseline,1,Balanced,0,Medium,1,Medium,1,8.65806,1979.65,0.0945216,0.1
468,Baseline,1,Balanced,0,Medium,1,Medium,1,8.64781,1979.88,0.0933546,0.1
469,Baseline,1,Balanced,0,Medium,1,Medium,1,8.72634,1993.03,0.0944753,0.1
470,Baseline,1,Balanced,0,Medium,1,Medium,1,8.75817,2003.98,0.0949653,0.1
471,Baseline,1,Balanced,0,Medium,1,Medium,1,8.73005,1997.72,0.0943634,0.1
472,Baseline,1,Balanced,0,Medium,1,Medium,1,8.74705,2001.31,0.0948592,0.1
473,Baseline,1,Balanced,0,Medium,1,Medium,1,8.56374,1958.67,0.0933468,0.1
474,Baseline,1,Balanced,0,Medium,1,Medium,1,8.69482,1985.65,0.0949691,0.1
475,Baseline,1,Balanced,0,Medium,1,Medium,1,8.56786,1957.38,0.0939275,0.1
476,Baseline,1,Balanced,0,Medium,1,Medium,1,8.68361,1987.46,0.0944483,0.1
477,Baseline,1,Balanced,0,Medium,1,Medium,1,8.69897,1989.89,0.0940586,0.1
478,Baseline,1,Balanced,0,Medium,1,Medium,1,8.69883,1990.97,0.0943615,0.1
479,Baseline,1,Balanced,0,Medium,1,Medium,1,8.78653,2010.75,0.094294,0.1
480,Baseline,1,Balanced,0,Medium,1,Medium,1,8.61675,1972.57,0.0933411,0.1
481,Baseline,1,Balanced,0,Medium,1,Medium,1,8.70843,1992.75,0.0945042,0.1
482,Baseline,1,Balanced,0,Medium,1,Medium,1,8.58397,1961.8,0.0944136,0.1
483,Baseline,1,Balanced,0,Medium,1,Medium,1,8.65067,1978.24,0.0945756,0.1
484,Baseline,1,Balanced,0,Medium,1,Medium,1,8.78756,2008.26,0.0952064,0.1
485,Baseline,1,Balanced,0,Medium,1,Medium,1,8.71483,1993.42,0.0945525,0.1
486,Baseline,1,Balanced,0,Medium,1,Medium,1,8.62438,1972.51,0.0938812,0.1
487,Baseline,1,Balanced,0,Medium,1,Medium,1,8.67477,1984.81,0.0941667,0.1
488,Baseline,1,Balanced,0,Medium,1,Medium,1,8.70156,1991.05,0.0941146,0.1
489,Baseline,1,Balanced,0,Medium,1,Medium,1,8.74802,2001.67,0.0945139,0.1
490,Baseline,1,Balanced,0,Medium,1,Medium,1,8.70533,1990.99,0.0941725,0.1
491,Baseline,1,Balanced,0,Medium,1,Medium,1,8.66985,1983.35,0.094539,0.1
492,Baseline,1,Balanced,0,Medium,1,Medium,1,8.68716,1986.96,0.0944811,0.1
493,Baseline,1,Balanced,0,Medium,1,Medium,1,8.66488,1984.15,0.0939718,0.1
494,Baseline,1,Balanced,0,Medium,1,Medium,1,8.69152,1988.84,0.0944579,0.1
495,Baseline,1,Balanced,0,Medium,1,Medium,1,8.70846,1992.13,0.0945486,0.1
496,Baseline,1,Balanced,0,Medium,1,Medium,1,8.69772,1988.52,0.0944772,0.1
497,Baseline,1,Balanced,0,Medium,1,Medium,1,8.64029,1976.06,0.094157,0.1
498,Baseline,1,Balanced,0,Medium,1,Medium,1,8.70359,1990.65,0.0947145,0.1
499,Baseline,1,Balanced,0,Medium,1,Medium,1,8.72409,1994.91,0.094157,0.1
500,Baseline,1,Balanced,0,Medium,1,Medium,1,8.65741,1979.66,0.0946219,0.1
501,Baseline,1,Balanced,0,Medium,1,Medium,1,8.66893,1984.12,0.0937269,0.1
502,Baseline,1,Balanced,0,Medium,1,Medium,1,8.64645,1978,0.0938619,0.1
503,Baseline,1,Balanced,0,Medium,1,Medium,1,8.60575,1966.79,0.0943769,0.1
504,Baseline,1,Balanced,0,Medium,1,Medium,1,8.67543,1984.11,0.0944637,0.1
1,Baseline,1,Balanced,0,Medium,1,Medium,1,8.66059,1982.53,0.0942959,0.1
1,Baseline,1,Balanced,0,Medium,1,Medium,1,8.66059,1982.53,0.0942959,0.1
2,Baseline,1,Balanced,0,Medium,1,Medium,1,8.71729,1992.83,0.0946219,0.1
3,Baseline,1,Balanced,0,Medium,1,Medium,1,8.79388,2012.58,0.0949383,0.1
4,Baseline,1,Balanced,0,Medium,1,Medium,1,8.68744,1987.7,0.0941802,0.1
5,Baseline,1,Balanced,0,Medium,1,Medium,1,8.70961,1992.7,0.0940837,0.1
6,Baseline,1,Balanced,0,Medium,1,Medium,1,8.76106,2005.06,0.0948264,0.1
7,Baseline,1,Balanced,0,Medium,1,Medium,1,8.62269,1970.43,0.0942689,0.1
8,Baseline,1,Balanced,0,Medium,1,Medium,1,8.72286,1995.83,0.0942631,0.1
9,Baseline,1,Balanced,0,Medium,1,Medium,1,8.72834,1995.03,0.0948052,0.1
10,Baseline,1,Balanced,0,Medium,1,Medium,1,8.65237,1979.68,0.0945621,0.1
11,Baseline,1,Balanced,0,Medium,1,Medium,1,8.64963,1977.9,0.0937269,0.1
12,Baseline,1,Balanced,0,Medium,1,Medium,1,8.61795,1969.67,0.0943056,0.1
13,Baseline,1,Balanced,0,Medium,1,Medium,1,8.72068,1995.09,0.0941532,0.1
14,Baseline,1,Balanced,0,Medium,1,Medium,1,8.77411,2008.01,0.0947878,0.1
15,Baseline,1,Balanced,0,Medium,1,Medium,1,8.61181,1969.28,0.094483,0.1
16,Baseline,1,Balanced,0,Medium,1,Medium,1,8.64173,1976.82,0.0934915,0.1
17,Baseline,1,Balanced,0,Medium,1,Medium,1,8.70035,1988.89,0.0948823,0.1
18,Baseline,1,Balanced,0,Medium,1,Medium,1,8.69606,1989.29,0.0944927,0.1
19,Baseline,1,Balanced,0,Medium,1,Medium,1,8.68925,1987.43,0.0944309,0.1
20,Baseline,1,Balanced,0,Medium,1,Medium,1,8.64893,1978.64,0.0940027,0.1
21,Baseline,1,Balanced,0,Medium,1,Medium,1,8.67856,1984.81,0.0949691,0.1
22,Baseline,1,Balanced,0,Medium,1,Medium,1,8.69833,1989.5,0.0947184,0.1
23,Baseline,1,Balanced,0,Medium,1,Medium,1,8.69759,1990.74,0.094049,0.1
24,Baseline,1,Balanced,0,Medium,1,Medium,1,8.69448,1987.37,0.0942689,0.1
25,Baseline,1,Balanced,0,Medium,1,Medium,1,8.74426,2001.45,0.094321,0.1
26,Baseline,1,Balanced,0,Medium,1,Medium,1,8.6547,1979.66,0.093968,0.1
27,Baseline,1,Balanced,0,Medium,1,Medium,1,8.59294,1964.27,0.0940046,0.1
28,Baseline,1,Balanced,0,Medium,1,Medium,1,8.76735,2006.49,0.0945544,0.1
29,Baseline,1,Balanced,0,Medium,1,Medium,1,8.72448,1995.65,0.0943306,0.1
30,Baseline,1,Balanced,0,Medium,1,Medium,1,8.72293,1995.67,0.0940567,0.1
31,Baseline,1,Balanced,0,Medium,1,Medium,1,8.68812,1987.11,0.0943345,0.1
32,Baseline,1,Balanced,0,Medium,1,Medium,1,8.74829,1999.77,0.0948997,0.1
33,Baseline,1,Balanced,0,Medium,1,Medium,1,8.75232,2003.3,0.0944116,0.1
34,Baseline,1,Balanced,0,Medium,1,Medium,1,8.70534,1990.74,0.0947569,0.1
35,Baseline,1,Balanced,0,Medium,1,Medium,1,8.71931,1997.21,0.0943692,0.1
36,Baseline,1,Balanced,0,Medium,1,Medium,1,8.71778,1993.48,0.0948515,0.1
37,Baseline,1,Balanced,0,Medium,1,Medium,1,8.78877,2011.19,0.0946914,0.1
38,Baseline,1,Balanced,0,Medium,1,Medium,1,8.67618,1983.89,0.0944444,0.1
39,Baseline,1,Balanced,0,Medium,1,Medium,1,8.65386,1979.48,0.0944695,0.1
40,Baseline,1,Balanced,0,Medium,1,Medium,1,8.65093,1979.39,0.0941705,0.1
41,Baseline,1,Balanced,0,Medium,1,Medium,1,8.7238,1994.24,0.0948804,0.1
42,Baseline,1,Balanced,0,Medium,1,Medium,1,8.69388,1987.09,0.0950656,0.1
43,Baseline,1,Balanced,0,Medium,1,Medium,1,8.65637,1980.94,0.0942245,0.1
44,Baseline,1,Balanced,0,Medium,1,Medium,1,8.715,1993.66,0.0946663,0.1
45,Baseline,1,Balanced,0,Medium,1,Medium,1,8.63926,1975.95,0.0940586,0.1
46,Baseline,1,Balanced,0,Medium,1,Medium,1,8.61975,1971.69,0.0932697,0.1
47,Baseline,1,Balanced,0,Medium,1,Medium,1,8.64399,1977.79,0.0938542,0.1
48,Baseline,1,Balanced,0,Medium,1,Medium,1,8.71346,1993.02,0.0945197,0.1
49,Baseline,1,Balanced,0,Medium,1,Medium,1,8.69146,1989.19,0.0941319,0.1
50,Baseline,1,Balanced,0,Medium,1,Medium,1,8.78754,2008.8,0.0950714,0.1
51,Baseline,1,Balanced,0,Medium,1,Medium,1,8.77269,2008.45,0.0949074,0.1
52,Baseline,1,Balanced,0,Medium,1,Medium,1,8.64027,1977.72,0.0939776,0.1
53,Baseline,1,Balanced,0,Medium,1,Medium,1,8.6822,1987.06,0.0937577,0.1
54,Baseline,1,Balanced,0,Medium,1,Medium,1,8.66879,1981.38,0.094564,0.1
55,Baseline,1,Balanced,0,Medium,1,Medium,1,8.69092,1990.38,0.0946701,0.1
56,Baseline,1,Balanced,0,Medium,1,Medium,1,8.76221,2004.28,0.0951948,0.1
57,Baseline,1,Balanced,0,Medium,1,Medium,1,8.68753,1984.72,0.0948206,0.1
58,Baseline,1,Balanced,0,Medium,1,Medium,1,8.72817,1996.51,0.0943576,0.1
59,Baseline,1,Balanced,0,Medium,1,Medium,1,8.76773,2006.18,0.094919,0.1
60,Baseline,1,Balanced,0,Medium,1,Medium,1,8.67167,1983.49,0.0943056,0.1
61,Baseline,1,Balanced,0,Medium,1,Medium,1,8.68848,1988.66,0.0938272,0.1
62,Baseline,1,Balanced,0,Medium,1,Medium,1,8.70915,1991.18,0.0948206,0.1
63,Baseline,1,Balanced,0,Medium,1,Medium,1,8.72139,1995.94,0.0944444,0.1
64,Baseline,1,Balanced,0,Medium,1,Medium,1,8.68406,1985.59,0.0942033,0.1
65,Baseline,1,Balanced,0,Medium,1,Medium,1,8.65118,1979.79,0.0940413,0.1
66,Baseline,1,Balanced,0,Medium,1,Medium,1,8.71887,1995.15,0.0946181,0.1
67,Baseline,1,Balanced,0,Medium,1,Medium,1,8.76528,2007.04,0.0939931,0.1
68,Baseline,1,Balanced,0,Medium,1,Medium,1,8.70755,1992.95,0.0941532,0.1
69,Baseline,1,Balanced,0,Medium,1,Medium,1,8.69888,1990.72,0.0940876,0.1
70,Baseline,1,Balanced,0,Medium,1,Medium,1,8.69721,1988.28,0.0942207,0.1
71,Baseline,1,Balanced,0,Medium,1,Medium,1,8.66009,1981.19,0.0939275,0.1
72,Baseline,1,Balanced,0,Medium,1,Medium,1,8.74034,2000.12,0.0941397,0.1
73,Baseline,1,Balanced,0,Medium,1,Medium,1,8.68069,1986.35,0.0946991,0.1
74,Baseline,1,Balanced,0,Medium,1,Medium,1,8.72872,1997.57,0.0943538,0.1
75,Baseline,1,Balanced,0,Medium,1,Medium,1,8.67574,1984.52,0.0942766,0.1
76,Baseline,1,Balanced,0,Medium,1,Medium,1,8.7369,1997.74,0.0945872,0.1
77,Baseline,1,Balanced,0,Medium,1,Medium,1,8.64722,1976.46,0.0943654,0.1
78,Baseline,1,Balanced,0,Medium,1,Medium,1,8.60903,1967.66,0.0944059,0.1
79,Baseline,1,Balanced,0,Medium,1,Medium,1,8.65196,1979.45,0.0945428,0.1
80,Baseline,1,Balanced,0,Medium,1,Medium,1,8.77723,2007.87,0.0945853,0.1
81,Baseline,1,Balanced,0,Medium,1,Medium,1,8.71507,1993.44,0.0943171,0.1
82,Baseline,1,Balanced,0,Medium,1,Medium,1,8.63822,1977.64,0.0938638,0.1
83,Baseline,1,Balanced,0,Medium,1,Medium,1,8.77012,2006.83,0.094348,0.1
84,Baseline,1,Balanced,0,Medium,1,Medium,1,8.73275,1999.03,0.0945023,0.1
85,Baseline,1,Balanced,0,Medium,1,Medium,1,8.70178,1990.56,0.0944078,0.1
86,Baseline,1,Balanced,0,Medium,1,Medium,1,8.64244,1977.57,0.093561,0.1
87,Baseline,1,Balanced,0,Medium,1,Medium,1,8.67914,1986.28,0.0942921,0.1
88,Baseline,1,Balanced,0,Medium,1,Medium,1,8.64655,1978.28,0.0937442,0.1
89,Baseline,1,Balanced,0,Medium,1,Medium,1,8.68709,1987.2,0.0944946,0.1
90,Baseline,1,Balanced,0,Medium,1,Medium,1,8.7007,1990.73,0.0939796,0.1
91,Baseline,1,Balanced,0,Medium,1,Medium,1,8.7314,1995.07,0.0946682,0.1
92,Baseline,1,Balanced,0,Medium,1,Medium,1,8.6874,1987.36,0.0941454,0.1
93,Baseline,1,Balanced,0,Medium,1,Medium,1,8.67619,1985.76,0.0938426,0.1
94,Baseline,1,Balanced,0,Medium,1,Medium,1,8.67429,1984.53,0.0936863,0.1
95,Baseline,1,Balanced,0,Medium,1,Medium,1,8.65811,1981.43,0.093914,0.1
96,Baseline,1,Balanced,0,Medium,1,Medium,1,8.69345,1988.64,0.0944946,0.1
97,Baseline,1,Balanced,0,Medium,1,Medium,1,8.63719,1976.55,0.0938773,0.1
98,Baseline,1,Balanced,0,Medium,1,Medium,1,8.66852,1980.85,0.094647,0.1
99,Baseline,1,Balanced,0,Medium,1,Medium,1,8.73793,2000.32,0.0941512,0.1
100,Baseline,1,Balanced,0,Medium,1,Medium,1,8.68939,1986.58,0.094566,0.1
101,Baseline,1,Balanced,0,Medium,1,Medium,1,8.62269,1972.72,0.0938947,0.1
102,Baseline,1,Balanced,0,Medium,1,Medium,1,8.76038,2005.97,0.0942612,0.1
103,Baseline,1,Balanced,0,Medium,1,Medium,1,8.68747,1986.22,0.0945621,0.1
104,Baseline,1,Balanced,0,Medium,1,Medium,1,8.74018,1999.18,0.0951273,0.1
105,Baseline,1,Balanced,0,Medium,1,Medium,1,8.73302,1999.31,0.0942573,0.1
106,Baseline,1,Balanced,0,Medium,1,Medium,1,8.73113,1998.93,0.094157,0.1
107,Baseline,1,Balanced,0,Medium,1,Medium,1,8.62317,1972.17,0.0941088,0.1
108,Baseline,1,Balanced,0,Medium,1,Medium,1,8.69891,1990.52,0.0946644,0.1
109,Baseline,1,Balanced,0,Medium,1,Medium,1,8.61843,1972.71,0.0935687,0.1
110,Baseline,1,Balanced,0,Medium,1,Medium,1,8.67118,1982.61,0.0949171,0.1
111,Baseline,1,Balanced,0,Medium,1,Medium,1,8.69863,1989.56,0.0944097,0.1
112,Baseline,1,Balanced,0,Medium,1,Medium,1,8.6637,1983.69,0.093885,0.1
113,Baseline,1,Balanced,0,Medium,1,Medium,1,8.68903,1987.1,0.0940471,0.1
114,Baseline,1,Balanced,0,Medium,1,Medium,1,8.62543,1972.48,0.0940278,0.1
115,Baseline,1,Balanced,0,Medium,1,Medium,1,8.72578,1996.51,0.0947762,0.1
116,Baseline,1,Balanced,0,Medium,1,Medium,1,8.77954,2008.81,0.094838,0.1
117,Baseline,1,Balanced,0,Medium,1,Medium,1,8.70436,1991.28,0.0946663,0.1
118,Baseline,1,Balanced,0,Medium,1,Medium,1,8.71721,1995.2,0.0942863,0.1
119,Baseline,1,Balanced,0,Medium,1,Medium,1,8.68075,1987.39,0.0946123,0.1
120,Baseline,1,Balanced,0,Medium,1,Medium,1,8.67849,1986.12,0.09375,0.1
121,Baseline,1,Balanced,0,Medium,1,Medium,1,8.65277,1977.25,0.0947068,0.1
122,Baseline,1,Balanced,0,Medium,1,Medium,1,8.67284,1983.94,0.0941667,0.1
123,Baseline,1,Balanced,0,Medium,1,Medium,1,8.69929,1989.29,0.0948611,0.1
124,Baseline,1,Balanced,0,Medium,1,Medium,1,8.6926,1988.94,0.0943731,0.1
125,Baseline,1,Balanced,0,Medium,1,Medium,1,8.6107,1969.94,0.0937461,0.1
126,Baseline,1,Balanced,0,Medium,1,Medium,1,8.74556,1998.96,0.0952199,0.1
127,Baseline,1,Balanced,0,Medium,1,Medium,1,8.76444,2003.28,0.0949576,0.1
128,Baseline,1,Balanced,0,Medium,1,Medium,1,8.81509,2018.66,0.0949363,0.1
129,Baseline,1,Balanced,0,Medium,1,Medium,1,8.68339,1987.45,0.094049,0.1
130,Baseline,1,Balanced,0,Medium,1,Medium,1,8.63068,1973.53,0.0942419,0.1
131,Baseline,1,Balanced,0,Medium,1,Medium,1,8.71493,1992.22,0.0945891,0.1
132,Baseline,1,Balanced,0,Medium,1,Medium,1,8.73112,1997.47,0.0941474,0.1
133,Baseline,1,Balanced,0,Medium,1,Medium,1,8.68033,1985.68,0.0945293,0.1
134,Baseline,1,Balanced,0,Medium,1,Medium,1,8.72683,1996.49,0.0946489,0.1
135,Baseline,1,Balanced,0,Medium,1,Medium,1,8.66808,1983.17,0.0946836,0.1
136,Baseline,1,Balanced,0,Medium,1,Medium,1,8.68318,1985.45,0.0946856,0.1
137,Baseline,1,Balanced,0,Medium,1,Medium,1,8.66714,1983.3,0.0939371,0.1
138,Baseline,1,Balanced,0,Medium,1,Medium,1,8.75057,2002.72,0.0943673,0.1
139,Baseline,1,Balanced,0,Medium,1,Medium,1,8.6292,1974.27,0.0938484,0.1
140,Baseline,1,Balanced,0,Medium,1,Medium,1,8.61876,1971.01,0.0943654,0.1
141,Baseline,1,Balanced,0,Medium,1,Medium,1,8.68931,1987.43,0.094456,0.1
142,Baseline,1,Balanced,0,Medium,1,Medium,1,8.7579,2003.66,0.0943268,0.1
143,Baseline,1,Balanced,0,Medium,1,Medium,1,8.71573,1993.06,0.0944039,0.1
144,Baseline,1,Balanced,0,Medium,1,Medium,1,8.75633,2005.2,0.0944329,0.1
145,Baseline,1,Balanced,0,Medium,1,Medium,1,8.61033,1968.41,0.0936381,0.1
146,Baseline,1,Balanced,0,Medium,1,Medium,1,8.69411,1989.59,0.0941397,0.1
147,Baseline,1,Balanced,0,Medium,1,Medium,1,8.60988,1969.99,0.0936265,0.1
148,Baseline,1,Balanced,0,Medium,1,Medium,1,8.70362,1991.75,0.0946663,0.1
149,Baseline,1,Balanced,0,Medium,1,Medium,1,8.70364,1992.3,0.0937134,0.1
150,Baseline,1,Balanced,0,Medium,1,Medium,1,8.56763,1959.55,0.0937076,0.1
151,Baseline,1,Balanced,0,Medium,1,Medium,1,8.61808,1971.04,0.0939583,0.1
152,Baseline,1,Balanced,0,Medium,1,Medium,1,8.69584,1989.32,0.0940779,0.1
153,Baseline,1,Balanced,0,Medium,1,Medium,1,8.72063,1996.16,0.0945737,0.1
154,Baseline,1,Balanced,0,Medium,1,Medium,1,8.59455,1967.54,0.0935359,0.1
155,Baseline,1,Balanced,0,Medium,1,Medium,1,8.70839,1991.38,0.0946528,0.1
156,Baseline,1,Balanced,0,Medium,1,Medium,1,8.66909,1982.49,0.0941995,0.1
157,Baseline,1,Balanced,0,Medium,1,Medium,1,8.65478,1979.98,0.0940394,0.1
158,Baseline,1,Balanced,0,Medium,1,Medium,1,8.69213,1989.57,0.0944907,0.1
159,Baseline,1,Balanced,0,Medium,1,Medium,1,8.71247,1995.34,0.0941127,0.1
160,Baseline,1,Balanced,0,Medium,1,Medium,1,8.80681,2015.83,0.0947897,0.1
161,Baseline,1,Balanced,0,Medium,1,Medium,1,8.68668,1988.67,0.0944483,0.1
162,Baseline,1,Balanced,0,Medium,1,Medium,1,8.67907,1985.92,0.0942265,0.1
163,Baseline,1,Balanced,0,Medium,1,Medium,1,8.77434,2008.37,0.0949209,0.1
164,Baseline,1,Balanced,0,Medium,1,Medium,1,8.645,1976.59,0.0943789,0.1
165,Baseline,1,Balanced,0,Medium,1,Medium,1,8.71813,1994.98,0.0944136,0.1
166,Baseline,1,Balanced,0,Medium,1,Medium,1,8.66617,1983.03,0.094076,0.1
167,Baseline,1,Balanced,0,Medium,1,Medium,1,8.76579,2005.66,0.0941281,0.1
168,Baseline,1,Balanced,0,Medium,1,Medium,1,8.64164,1976.9,0.0938812,0.1
169,Baseline,1,Balanced,0,Medium,1,Medium,1,8.69537,1990.69,0.0941416,0.1
170,Baseline,1,Balanced,0,Medium,1,Medium,1,8.70426,1990.38,0.0948245,0.1
171,Baseline,1,Balanced,0,Medium,1,Medium,1,8.71807,1993.06,0.094728,0.1
172,Baseline,1,Balanced,0,Medium,1,Medium,1,8.64174,1976.49,0.0943403,0.1
173,Baseline,1,Balanced,0,Medium,1,Medium,1,8.67502,1983.93,0.09413,0.1
174,Baseline,1,Balanced,0,Medium,1,Medium,1,8.74033,1998.83,0.0945448,0.1
175,Baseline,1,Balanced,0,Medium,1,Medium,1,8.63777,1976.08,0.0937596,0.1
176,Baseline,1,Balanced,0,Medium,1,Medium,1,8.73094,1998.01,0.0944695,0.1
177,Baseline,1,Balanced,0,Medium,1,Medium,1,8.62216,1971.9,0.0937693,0.1
178,Baseline,1,Balanced,0,Medium,1,Medium,1,8.73739,1999.72,0.094485,0.1
179,Baseline,1,Balanced,0,Medium,1,Medium,1,8.75847,2003.68,0.0944059,0.1
180,Baseline,1,Balanced,0,Medium,1,Medium,1,8.75257,2003.21,0.0947685,0.1
181,Baseline,1,Balanced,0,Medium,1,Medium,1,8.63969,1976.24,0.0940027,0.1
182,Baseline,1,Balanced,0,Medium,1,Medium,1,8.66188,1980.71,0.0941995,0.1
183,Baseline,1,Balanced,0,Medium,1,Medium,1,8.69718,1991.61,0.0944001,0.1
184,Baseline,1,Balanced,0,Medium,1,Medium,1,8.64069,1975.98,0.0940586,0.1
185,Baseline,1,Balanced,0,Medium,1,Medium,1,8.69385,1989.14,0.0943229,0.1
186,Baseline,1,Balanced,0,Medium,1,Medium,1,8.66257,1981.37,0.0945158,0.1
187,Baseline,1,Balanced,0,Medium,1,Medium,1,8.64974,1979.81,0.0941358,0.1
188,Baseline,1,Balanced,0,Medium,1,Medium,1,8.6508,1980.13,0.0938927,0.1
189,Baseline,1,Balanced,0,Medium,1,Medium,1,8.71931,1995.83,0.0946393,0.1
190,Baseline,1,Balanced,0,Medium,1,Medium,1,8.71102,1993.48,0.0944811,0.1
191,Baseline,1,Balanced,0,Medium,1,Medium,1,8.71719,1992.27,0.0949826,0.1
192,Baseline,1,Balanced,0,Medium,1,Medium,1,8.67237,1983.2,0.094566,0.1
193,Baseline,1,Balanced,0,Medium,1,Medium,1,8.7267,1997.16,0.094647,0.1
194,Baseline,1,Balanced,0,Medium,1,Medium,1,8.69067,1989.12,0.0942747,0.1
195,Baseline,1,Balanced,0,Medium,1,Medium,1,8.67031,1984.45,0.0942052,0.1
196,Baseline,1,Balanced,0,Medium,1,Medium,1,8.73144,1997.53,0.0941782,0.1
197,Baseline,1,Balanced,0,Medium,1,Medium,1,8.82019,2018.28,0.0950193,0.1
198,Baseline,1,Balanced,0,Medium,1,Medium,1,8.68622,1987.07,0.0945293,0.1
199,Baseline,1,Balanced,0,Medium,1,Medium,1,8.675,1982.6,0.0946566,0.1
200,Baseline,1,Balanced,0,Medium,1,Medium,1,8.61837,1971.13,0.0945968,0.1
201,Baseline,1,Balanced,0,Medium,1,Medium,1,8.66547,1984.14,0.0936015,0.1
202,Baseline,1,Balanced,0,Medium,1,Medium,1,8.75288,2001.85,0.0946123,0.1
203,Baseline,1,Balanced,0,Medium,1,Medium,1,8.68032,1987.31,0.0936613,0.1
204,Baseline,1,Balanced,0,Medium,1,Medium,1,8.74274,2000.54,0.0945525,0.1
205,Baseline,1,Balanced,0,Medium,1,Medium,1,8.62444,1972.4,0.0941223,0.1
206,Baseline,1,Balanced,0,Medium,1,Medium,1,8.73562,1997.08,0.095407,0.1
207,Baseline,1,Balanced,0,Medium,1,Medium,1,8.73719,2001.21,0.0940991,0.1
208,Baseline,1,Balanced,0,Medium,1,Medium,1,8.68316,1987.91,0.0936073,0.1
209,Baseline,1,Balanced,0,Medium,1,Medium,1,8.66213,1982.95,0.0943113,0.1
210,Baseline,1,Balanced,0,Medium,1,Medium,1,8.71148,1991.53,0.0946566,0.1
211,Baseline,1,Balanced,0,Medium,1,Medium,1,8.70727,1993.29,0.0939776,0.1
212,Baseline,1,Balanced,0,Medium,1,Medium,1,8.7879,2009.28,0.0948341,0.1
213,Baseline,1,Balanced,0,Medium,1,Medium,1,8.70729,1990.49,0.0948862,0.1
214,Baseline,1,Balanced,0,Medium,1,Medium,1,8.62277,1971.21,0.0940336,0.1
215,Baseline,1,Balanced,0,Medium,1,Medium,1,8.74907,2002.13,0.0941319,0.1
216,Baseline,1,Balanced,0,Medium,1,Medium,1,8.66252,1981.82,0.0942207,0.1
217,Baseline,1,Balanced,0,Medium,1,Medium,1,8.65217,1979.46,0.0939931,0.1
218,Baseline,1,Balanced,0,Medium,1,Medium,1,8.68161,1986.4,0.0941184,0.1
219,Baseline,1,Balanced,0,Medium,1,Medium,1,8.66737,1982.88,0.09413,0.1
220,Baseline,1,Balanced,0,Medium,1,Medium,1,8.65955,1981.02,0.093887,0.1
221,Baseline,1,Balanced,0,Medium,1,Medium,1,8.6082,1968.5,0.0940953,0.1
222,Baseline,1,Balanced,0,Medium,1,Medium,1,8.73184,1997.34,0.0948302,0.1
223,Baseline,1,Balanced,0,Medium,1,Medium,1,8.60018,1965.47,0.0944637,0.1
224,Baseline,1,Balanced,0,Medium,1,Medium,1,8.60398,1969.83,0.0935417,0.1
225,Baseline,1,Balanced,0,Medium,1,Medium,1,8.73338,1999.02,0.0941802,0.1
226,Baseline,1,Balanced,0,Medium,1,Medium,1,8.65562,1979.99,0.0941242,0.1
227,Baseline,1,Balanced,0,Medium,1,Medium,1,8.67947,1983.5,0.0949691,0.1
228,Baseline,1,Balanced,0,Medium,1,Medium,1,8.66106,1981.28,0.093941,0.1
229,Baseline,1,Balanced,0,Medium,1,Medium,1,8.64057,1976.48,0.0939236,0.1
230,Baseline,1,Balanced,0,Medium,1,Medium,1,8.66993,1982.22,0.0943538,0.1
231,Baseline,1,Balanced,0,Medium,1,Medium,1,8.70342,1990.13,0.0945158,0.1
232,Baseline,1,Balanced,0,Medium,1,Medium,1,8.6656,1981.42,0.0946316,0.1
233,Baseline,1,Balanced,0,Medium,1,Medium,1,8.70135,1991.74,0.0945505,0.1
234,Baseline,1,Balanced,0,Medium,1,Medium,1,8.66663,1981.54,0.0943557,0.1
235,Baseline,1,Balanced,0,Medium,1,Medium,1,8.69937,1990.66,0.0941397,0.1
236,Baseline,1,Balanced,0,Medium,1,Medium,1,8.6957,1990.88,0.0938889,0.1
237,Baseline,1,Balanced,0,Medium,1,Medium,1,8.70581,1991.59,0.0943017,0.1
238,Baseline,1,Balanced,0,Medium,1,Medium,1,8.73078,1997.33,0.0945293,0.1
239,Baseline,1,Balanced,0,Medium,1,Medium,1,8.69335,1990.94,0.0938522,0.1
240,Baseline,1,Balanced,0,Medium,1,Medium,1,8.6039,1965.43,0.094483,0.1
241,Baseline,1,Balanced,0,Medium,1,Medium,1,8.67648,1985.81,0.0945698,0.1
242,Baseline,1,Balanced,0,Medium,1,Medium,1,8.72738,1998.07,0.0947029,0.1
243,Baseline,1,Balanced,0,Medium,1,Medium,1,8.67899,1984.44,0.0943152,0.1
244,Baseline,1,Balanced,0,Medium,1,Medium,1,8.62958,1973.9,0.0939024,0.1
245,Baseline,1,Balanced,0,Medium,1,Medium,1,8.63454,1975.47,0.0941821,0.1
246,Baseline,1,Balanced,0,Medium,1,Medium,1,8.64458,1978.38,0.0940529,0.1
247,Baseline,1,Balanced,0,Medium,1,Medium,1,8.70486,1991.9,0.0940336,0.1
248,Baseline,1,Balanced,0,Medium,1,Medium,1,8.66346,1982.2,0.0941802,0.1
249,Baseline,1,Balanced,0,Medium,1,Medium,1,8.65216,1979.4,0.0935455,0.1
250,Baseline,1,Balanced,0,Medium,1,Medium,1,8.70202,1991.44,0.0943904,0.1
251,Baseline,1,Balanced,0,Medium,1,Medium,1,8.63431,1975.47,0.0940104,0.1
252,Baseline,1,Balanced,0,Medium,1,Medium,1,8.63373,1976,0.0940625,0.1
253,Baseline,1,Balanced,0,Medium,1,Medium,1,8.64655,1978.36,0.0943133,0.1
254,Baseline,1,Balanced,0,Medium,1,Medium,1,8.63432,1974.73,0.0938349,0.1
255,Baseline,1,Balanced,0,Medium,1,Medium,1,8.72272,1995.53,0.094456,0.1
256,Baseline,1,Balanced,0,Medium,1,Medium,1,8.65827,1980.58,0.0942438,0.1
257,Baseline,1,Balanced,0,Medium,1,Medium,1,8.75274,2002.6,0.0947299,0.1
258,Baseline,1,Balanced,0,Medium,1,Medium,1,8.72253,1997.39,0.0942843,0.1
259,Baseline,1,Balanced,0,Medium,1,Medium,1,8.67267,1983.55,0.0941358,0.1
260,Baseline,1,Balanced,0,Medium,1,Medium,1,8.73855,1998.78,0.0948881,0.1
261,Baseline,1,Balanced,0,Medium,1,Medium,1,8.69659,1991.52,0.093723,0.1
262,Baseline,1,Balanced,0,Medium,1,Medium,1,8.67472,1983.6,0.0944213,0.1
263,Baseline,1,Balanced,0,Medium,1,Medium,1,8.68273,1986.2,0.0944097,0.1
264,Baseline,1,Balanced,0,Medium,1,Medium,1,8.68703,1985.64,0.0950193,0.1
265,Baseline,1,Balanced,0,Medium,1,Medium,1,8.67472,1985.56,0.0947299,0.1
266,Baseline,1,Balanced,0,Medium,1,Medium,1,8.69952,1991.02,0.0943441,0.1
267,Baseline,1,Balanced,0,Medium,1,Medium,1,8.69365,1987.21,0.0948958,0.1
268,Baseline,1,Balanced,0,Medium,1,Medium,1,8.61362,1969.66,0.0935552,0.1
269,Baseline,1,Balanced,0,Medium,1,Medium,1,8.70965,1993.18,0.0941763,0.1
270,Baseline,1,Balanced,0,Medium,1,Medium,1,8.65681,1981.13,0.09386,0.1
271,Baseline,1,Balanced,0,Medium,1,Medium,1,8.67922,1985,0.0940297,0.1
272,Baseline,1,Balanced,0,Medium,1,Medium,1,8.68206,1986.29,0.0939815,0.1
273,Baseline,1,Balanced,0,Medium,1,Medium,1,8.73525,1998.04,0.0945679,0.1
274,Baseline,1,Balanced,0,Medium,1,Medium,1,8.65701,1980.15,0.0941609,0.1
275,Baseline,1,Balanced,0,Medium,1,Medium,1,8.61292,1970.14,0.0942188,0.1
276,Baseline,1,Balanced,0,Medium,1,Medium,1,8.72532,1995.32,0.0941879,0.1
277,Baseline,1,Balanced,0,Medium,1,Medium,1,8.71141,1992.54,0.0944637,0.1
278,Baseline,1,Balanced,0,Medium,1,Medium,1,8.74613,2000.7,0.0946682,0.1
279,Baseline,1,Balanced,0,Medium,1,Medium,1,8.76139,2006.04,0.0946991,0.1
280,Baseline,1,Balanced,0,Medium,1,Medium,1,8.72631,1996.38,0.0944599,0.1
281,Baseline,1,Balanced,0,Medium,1,Medium,1,8.66112,1979.86,0.0949132,0.1
282,Baseline,1,Balanced,0,Medium,1,Medium,1,8.72326,1996.16,0.0942342,0.1
283,Baseline,1,Balanced,0,Medium,1,Medium,1,8.67682,1987.13,0.0934934,0.1
284,Baseline,1,Balanced,0,Medium,1,Medium,1,8.65268,1979,0.0938079,0.1
285,Baseline,1,Balanced,0,Medium,1,Medium,1,8.73007,1996.63,0.0946431,0.1
286,Baseline,1,Balanced,0,Medium,1,Medium,1,8.79027,2012.78,0.094375,0.1
287,Baseline,1,Balanced,0,Medium,1,Medium,1,8.74021,1998.55,0.0944271,0.1
288,Baseline,1,Balanced,0,Medium,1,Medium,1,8.72023,1994.94,0.0943615,0.1
289,Baseline,1,Balanced,0,Medium,1,Medium,1,8.7327,1999.3,0.0948438,0.1
290,Baseline,1,Balanced,0,Medium,1,Medium,1,8.65076,1978.99,0.0940818,0.1
291,Baseline,1,Balanced,0,Medium,1,Medium,1,8.67433,1985.55,0.0937384,0.1
292,Baseline,1,Balanced,0,Medium,1,Medium,1,8.64545,1980.27,0.0938214,0.1
293,Baseline,1,Balanced,0,Medium,1,Medium,1,8.75896,2003.88,0.094892,0.1
294,Baseline,1,Balanced,0,Medium,1,Medium,1,8.59065,1963.16,0.0943113,0.1
295,Baseline,1,Balanced,0,Medium,1,Medium,1,8.67053,1984.02,0.0943056,0.1
296,Baseline,1,Balanced,0,Medium,1,Medium,1,8.61299,1969.68,0.0943287,0.1
297,Baseline,1,Balanced,0,Medium,1,Medium,1,8.7427,2003.24,0.0938156,0.1
298,Baseline,1,Balanced,0,Medium,1,Medium,1,8.68048,1983.25,0.0946354,0.1
299,Baseline,1,Balanced,0,Medium,1,Medium,1,8.73443,1997.98,0.0944985,0.1
300,Baseline,1,Balanced,0,Medium,1,Medium,1,8.71232,1992.88,0.0946238,0.1
301,Baseline,1,Balanced,0,Medium,1,Medium,1,8.78164,2009.82,0.0946644,0.1
302,Baseline,1,Balanced,0,Medium,1,Medium,1,8.68274,1986.75,0.0936555,0.1
303,Baseline,1,Balanced,0,Medium,1,Medium,1,8.71169,1990.85,0.0951698,0.1
304,Baseline,1,Balanced,0,Medium,1,Medium,1,8.69937,1990.49,0.0941917,0.1
305,Baseline,1,Balanced,0,Medium,1,Medium,1,8.68596,1985.09,0.0946644,0.1
306,Baseline,1,Balanced,0,Medium,1,Medium,1,8.66148,1982.12,0.0944522,0.1
307,Baseline,1,Balanced,0,Medium,1,Medium,1,8.70021,1989.15,0.0948573,0.1
308,Baseline,1,Balanced,0,Medium,1,Medium,1,8.72545,1997.25,0.094157,0.1
309,Baseline,1,Balanced,0,Medium,1,Medium,1,8.60164,1966.13,0.0944425,0.1
310,Baseline,1,Balanced,0,Medium,1,Medium,1,8.69228,1988.98,0.0944348,0.1
311,Baseline,1,Balanced,0,Medium,1,Medium,1,8.57266,1960.98,0.0938927,0.1
312,Baseline,1,Balanced,0,Medium,1,Medium,1,8.78522,2010.22,0.0946065,0.1
313,Baseline,1,Balanced,0,Medium,1,Medium,1,8.57261,1960.3,0.0939776,0.1
314,Baseline,1,Balanced,0,Medium,1,Medium,1,8.79293,2011.84,0.0948573,0.1
315,Baseline,1,Balanced,0,Medium,1,Medium,1,8.63252,1974.82,0.0938156,0.1
316,Baseline,1,Balanced,0,Medium,1,Medium,1,8.70557,1992.13,0.0943866,0.1
317,Baseline,1,Balanced,0,Medium,1,Medium,1,8.72546,1996.5,0.094782,0.1
318,Baseline,1,Balanced,0,Medium,1,Medium,1,8.68185,1984.31,0.0948746,0.1
319,Baseline,1,Balanced,0,Medium,1,Medium,1,8.66174,1979.85,0.0949865,0.1
320,Baseline,1,Balanced,0,Medium,1,Medium,1,8.63694,1976.47,0.0937307,0.1
321,Baseline,1,Balanced,0,Medium,1,Medium,1,8.64056,1975.64,0.0943596,0.1
322,Baseline,1,Balanced,0,Medium,1,Medium,1,8.66714,1981.6,0.0941281,0.1
323,Baseline,1,Balanced,0,Medium,1,Medium,1,8.62152,1973.77,0.0937365,0.1
324,Baseline,1,Balanced,0,Medium,1,Medium,1,8.71269,1993.24,0.0946046,0.1
325,Baseline,1,Balanced,0,Medium,1,Medium,1,8.76775,2006.6,0.0944078,0.1
326,Baseline,1,Balanced,0,Medium,1,Medium,1,8.66531,1982.51,0.0939834,0.1
327,Baseline,1,Balanced,0,Medium,1,Medium,1,8.62688,1971.49,0.0941802,0.1
328,Baseline,1,Balanced,0,Medium,1,Medium,1,8.67747,1985.28,0.0939294,0.1
329,Baseline,1,Balanced,0,Medium,1,Medium,1,8.63423,1977.16,0.0934722,0.1
330,Baseline,1,Balanced,0,Medium,1,Medium,1,8.66256,1982.19,0.094103,0.1
331,Baseline,1,Balanced,0,Medium,1,Medium,1,8.78461,2009.68,0.0949016,0.1
332,Baseline,1,Balanced,0,Medium,1,Medium,1,8.69358,1989.89,0.0938484,0.1
333,Baseline,1,Balanced,0,Medium,1,Medium,1,8.62853,1972.97,0.0936478,0.1
334,Baseline,1,Balanced,0,Medium,1,Medium,1,8.76197,2005.24,0.0944136,0.1
335,Baseline,1,Balanced,0,Medium,1,Medium,1,8.67396,1983.61,0.0943191,0.1
336,Baseline,1,Balanced,0,Medium,1,Medium,1,8.74699,1999.94,0.0947338,0.1
337,Baseline,1,Balanced,0,Medium,1,Medium,1,8.72171,1996.94,0.0935918,0.1
338,Baseline,1,Balanced,0,Medium,1,Medium,1,8.64398,1977.58,0.0939873,0.1
339,Baseline,1,Balanced,0,Medium,1,Medium,1,8.72383,1995.5,0.0945775,0.1
340,Baseline,1,Balanced,0,Medium,1,Medium,1,8.65472,1980.78,0.0943769,0.1
341,Baseline,1,Balanced,0,Medium,1,Medium,1,8.71863,1993.78,0.0947512,0.1
342,Baseline,1,Balanced,0,Medium,1,Medium,1,8.6632,1981.82,0.0938831,0.1
343,Baseline,1,Balanced,0,Medium,1,Medium,1,8.73627,1998.92,0.0944039,0.1
344,Baseline,1,Balanced,0,Medium,1,Medium,1,8.76285,2005.08,0.0945505,0.1
345,Baseline,1,Balanced,0,Medium,1,Medium,1,8.75189,2003.01,0.0944792,0.1
346,Baseline,1,Balanced,0,Medium,1,Medium,1,8.68312,1985.72,0.0944695,0.1
347,Baseline,1,Balanced,0,Medium,1,Medium,1,8.73964,2000.79,0.0943673,0.1
348,Baseline,1,Balanced,0,Medium,1,Medium,1,8.70992,1992.06,0.0945139,0.1
349,Baseline,1,Balanced,0,Medium,1,Medium,1,8.65524,1977.69,0.0944811,0.1
350,Baseline,1,Balanced,0,Medium,1,Medium,1,8.72125,1995.35,0.0942689,0.1
351,Baseline,1,Balanced,0,Medium,1,Medium,1,8.62591,1972.32,0.0941975,0.1
352,Baseline,1,Balanced,0,Medium,1,Medium,1,8.71497,1994.23,0.0944039,0.1
353,Baseline,1,Balanced,0,Medium,1,Medium,1,8.5984,1964.69,0.0944367,0.1
354,Baseline,1,Balanced,0,Medium,1,Medium,1,8.75025,2002.5,0.0943846,0.1
355,Baseline,1,Balanced,0,Medium,1,Medium,1,8.752,2001.33,0.0950405,0.1
356,Baseline,1,Balanced,0,Medium,1,Medium,1,8.6749,1985.22,0.0938754,0.1
357,Baseline,1,Balanced,0,Medium,1,Medium,1,8.69377,1988.8,0.0940394,0.1
358,Baseline,1,Balanced,0,Medium,1,Medium,1,8.71646,1992.52,0.0947859,0.1
359,Baseline,1,Balanced,0,Medium,1,Medium,1,8.70329,1991.25,0.094103,0.1
360,Baseline,1,Balanced,0,Medium,1,Medium,1,8.66883,1983.41,0.0940104,0.1
361,Baseline,1,Balanced,0,Medium,1,Medium,1,8.7006,1989.85,0.0942226,0.1
362,Baseline,1,Balanced,0,Medium,1,Medium,1,8.67483,1985.49,0.0943654,0.1
363,Baseline,1,Balanced,0,Medium,1,Medium,1,8.61576,1969.89,0.0937018,0.1
364,Baseline,1,Balanced,0,Medium,1,Medium,1,8.78083,2007.81,0.0949113,0.1
365,Baseline,1,Balanced,0,Medium,1,Medium,1,8.69644,1987.86,0.0948245,0.1
366,Baseline,1,Balanced,0,Medium,1,Medium,1,8.60176,1967.16,0.0938677,0.1
367,Baseline,1,Balanced,0,Medium,1,Medium,1,8.66742,1981.74,0.093885,0.1
368,Baseline,1,Balanced,0,Medium,1,Medium,1,8.74874,2001.71,0.0944309,0.1
369,Baseline,1,Balanced,0,Medium,1,Medium,1,8.60952,1969.23,0.0941165,0.1
370,Baseline,1,Balanced,0,Medium,1,Medium,1,8.70077,1991.04,0.0943924,0.1
371,Baseline,1,Balanced,0,Medium,1,Medium,1,8.61551,1968.68,0.094485,0.1
372,Baseline,1,Balanced,0,Medium,1,Medium,1,8.64082,1977.52,0.0935802,0.1
373,Baseline,1,Balanced,0,Medium,1,Medium,1,8.68697,1986.87,0.093941,0.1
374,Baseline,1,Balanced,0,Medium,1,Medium,1,8.72754,1995.71,0.0944039,0.1
375,Baseline,1,Balanced,0,Medium,1,Medium,1,8.664,1981.83,0.0940606,0.1
376,Baseline,1,Balanced,0,Medium,1,Medium,1,8.67197,1981.35,0.0945718,0.1
377,Baseline,1,Balanced,0,Medium,1,Medium,1,8.67618,1985.06,0.0945042,0.1
378,Baseline,1,Balanced,0,Medium,1,Medium,1,8.71734,1994.47,0.0941744,0.1
379,Baseline,1,Balanced,0,Medium,1,Medium,1,8.72737,1996.21,0.0947492,0.1
380,Baseline,1,Balanced,0,Medium,1,Medium,1,8.68923,1988.74,0.0942901,0.1
381,Baseline,1,Balanced,0,Medium,1,Medium,1,8.74694,1999.7,0.0946759,0.1
382,Baseline,1,Balanced,0,Medium,1,Medium,1,8.71229,1993.35,0.0944579,0.1
383,Baseline,1,Balanced,0,Medium,1,Medium,1,8.6747,1984.35,0.0943383,0.1
384,Baseline,1,Balanced,0,Medium,1,Medium,1,8.64679,1978.1,0.0937191,0.1
385,Baseline,1,Balanced,0,Medium,1,Medium,1,8.65116,1980.38,0.0939776,0.1
386,Baseline,1,Balanced,0,Medium,1,Medium,1,8.74313,2001.26,0.0940471,0.1
387,Baseline,1,Balanced,0,Medium,1,Medium,1,8.5957,1964.13,0.0938407,0.1
388,Baseline,1,Balanced,0,Medium,1,Medium,1,8.63086,1974.66,0.0937886,0.1
389,Baseline,1,Balanced,0,Medium,1,Medium,1,8.69569,1988.54,0.0941898,0.1
390,Baseline,1,Balanced,0,Medium,1,Medium,1,8.74136,2000.66,0.0946258,0.1
391,Baseline,1,Balanced,0,Medium,1,Medium,1,8.56097,1956.99,0.0940374,0.1
392,Baseline,1,Balanced,0,Medium,1,Medium,1,8.67496,1983.17,0.0947608,0.1
393,Baseline,1,Balanced,0,Medium,1,Medium,1,8.59749,1967.05,0.0934741,0.1
394,Baseline,1,Balanced,0,Medium,1,Medium,1,8.60886,1968.51,0.09386,0.1
395,Baseline,1,Balanced,0,Medium,1,Medium,1,8.61759,1970.44,0.0944579,0.1
396,Baseline,1,Balanced,0,Medium,1,Medium,1,8.72705,1997.16,0.09451,0.1
397,Baseline,1,Balanced,0,Medium,1,Medium,1,8.73171,1997.91,0.0946836,0.1
398,Baseline,1,Balanced,0,Medium,1,Medium,1,8.62979,1975.02,0.094348,0.1
399,Baseline,1,Balanced,0,Medium,1,Medium,1,8.68779,1986.48,0.0948785,0.1
400,Baseline,1,Balanced,0,Medium,1,Medium,1,8.73444,1998.32,0.0949595,0.1
401,Baseline,1,Balanced,0,Medium,1,Medium,1,8.65728,1978.24,0.0947222,0.1
402,Baseline,1,Balanced,0,Medium,1,Medium,1,8.71243,1994.4,0.0944309,0.1
403,Baseline,1,Balanced,0,Medium,1,Medium,1,8.58744,1964.24,0.09413,0.1
404,Baseline,1,Balanced,0,Medium,1,Medium,1,8.7081,1992.9,0.0940721,0.1
405,Baseline,1,Balanced,0,Medium,1,Medium,1,8.60359,1967.95,0.0940876,0.1
406,Baseline,1,Balanced,0,Medium,1,Medium,1,8.74479,1999.56,0.0945891,0.1
407,Baseline,1,Balanced,0,Medium,1,Medium,1,8.73779,1998.77,0.0945332,0.1
408,Baseline,1,Balanced,0,Medium,1,Medium,1,8.79441,2013.53,0.0946335,0.1
409,Baseline,1,Balanced,0,Medium,1,Medium,1,8.76072,2004.51,0.0949171,0.1
410,Baseline,1,Balanced,0,Medium,1,Medium,1,8.63214,1972.71,0.0946123,0.1
411,Baseline,1,Balanced,0,Medium,1,Medium,1,8.69246,1987.93,0.0944907,0.1
412,Baseline,1,Balanced,0,Medium,1,Medium,1,8.7263,1996.86,0.0943036,0.1
413,Baseline,1,Balanced,0,Medium,1,Medium,1,8.64858,1978.95,0.0939892,0.1
414,Baseline,1,Balanced,0,Medium,1,Medium,1,8.67455,1983.56,0.0942323,0.1
415,Baseline,1,Balanced,0,Medium,1,Medium,1,8.61493,1970.35,0.094076,0.1
416,Baseline,1,Balanced,0,Medium,1,Medium,1,8.65254,1979.11,0.0943248,0.1
417,Baseline,1,Balanced,0,Medium,1,Medium,1,8.68254,1987.36,0.0938985,0.1
418,Baseline,1,Balanced,0,Medium,1,Medium,1,8.67743,1984.94,0.093887,0.1
419,Baseline,1,Balanced,0,Medium,1,Medium,1,8.7337,1997.83,0.094483,0.1
420,Baseline,1,Balanced,0,Medium,1,Medium,1,8.68409,1985.53,0.0946161,0.1
421,Baseline,1,Balanced,0,Medium,1,Medium,1,8.60245,1965.4,0.0946238,0.1
422,Baseline,1,Balanced,0,Medium,1,Medium,1,8.66636,1982.08,0.0942901,0.1
423,Baseline,1,Balanced,0,Medium,1,Medium,1,8.76156,2003.89,0.0949421,0.1
424,Baseline,1,Balanced,0,Medium,1,Medium,1,8.67399,1985.82,0.0940123,0.1
425,Baseline,1,Balanced,0,Medium,1,Medium,1,8.61261,1969.89,0.0938252,0.1
426,Baseline,1,Balanced,0,Medium,1,Medium,1,8.74508,2001.57,0.0940027,0.1
427,Baseline,1,Balanced,0,Medium,1,Medium,1,8.69687,1989,0.0943962,0.1
428,Baseline,1,Balanced,0,Medium,1,Medium,1,8.79372,2013.1,0.0944772,0.1
429,Baseline,1,Balanced,0,Medium,1,Medium,1,8.68597,1987.64,0.09451,0.1
430,Baseline,1,Balanced,0,Medium,1,Medium,1,8.77647,2010.5,0.0940972,0.1
431,Baseline,1,Balanced,0,Medium,1,Medium,1,8.63932,1975.72,0.0944444,0.1
432,Baseline,1,Balanced,0,Medium,1,Medium,1,8.74929,2002.75,0.0940914,0.1
433,Baseline,1,Balanced,0,Medium,1,Medium,1,8.67677,1984.52,0.0944599,0.1
434,Baseline,1,Balanced,0,Medium,1,Medium,1,8.68878,1988.54,0.0942284,0.1
435,Baseline,1,Balanced,0,Medium,1,Medium,1,8.664,1980.41,0.0946721,0.1
436,Baseline,1,Balanced,0,Medium,1,Medium,1,8.6992,1990.58,0.0945313,0.1
437,Baseline,1,Balanced,0,Medium,1,Medium,1,8.61935,1971.94,0.093642,0.1
438,Baseline,1,Balanced,0,Medium,1,Medium,1,8.75698,2003.62,0.0947241,0.1
439,Baseline,1,Balanced,0,Medium,1,Medium,1,8.6783,1985.77,0.0936343,0.1
440,Baseline,1,Balanced,0,Medium,1,Medium,1,8.67103,1983.61,0.0944213,0.1
441,Baseline,1,Balanced,0,Medium,1,Medium,1,8.6476,1978.65,0.0937886,0.1
442,Baseline,1,Balanced,0,Medium,1,Medium,1,8.65217,1980.84,0.0939448,0.1
443,Baseline,1,Balanced,0,Medium,1,Medium,1,8.68989,1989.49,0.0939796,0.1
444,Baseline,1,Balanced,0,Medium,1,Medium,1,8.69715,1987.89,0.0944657,0.1
445,Baseline,1,Balanced,0,Medium,1,Medium,1,8.64628,1977.41,0.0938908,0.1
446,Baseline,1,Balanced,0,Medium,1,Medium,1,8.62728,1970.89,0.0940625,0.1
447,Baseline,1,Balanced,0,Medium,1,Medium,1,8.6636,1981.3,0.0939352,0.1
448,Baseline,1,Balanced,0,Medium,1,Medium,1,8.66599,1980.37,0.0943306,0.1
449,Baseline,1,Balanced,0,Medium,1,Medium,1,8.69389,1988.48,0.0944001,0.1
450,Baseline,1,Balanced,0,Medium,1,Medium,1,8.69013,1988.46,0.0940259,0.1
451,Baseline,1,Balanced,0,Medium,1,Medium,1,8.71754,1995.19,0.0940066,0.1
452,Baseline,1,Balanced,0,Medium,1,Medium,1,8.73167,1995.6,0.0950617,0.1
453,Baseline,1,Balanced,0,Medium,1,Medium,1,8.83334,2021.07,0.095135,0.1
454,Baseline,1,Balanced,0,Medium,1,Medium,1,8.58877,1963.49,0.0941995,0.1
455,Baseline,1,Balanced,0,Medium,1,Medium,1,8.62814,1974.71,0.0940876,0.1
456,Baseline,1,Balanced,0,Medium,1,Medium,1,8.67025,1983.62,0.0940066,0.1
457,Baseline,1,Balanced,0,Medium,1,Medium,1,8.7591,2004.75,0.0945602,0.1
458,Baseline,1,Balanced,0,Medium,1,Medium,1,8.73954,1998.41,0.0949846,0.1
459,Baseline,1,Balanced,0,Medium,1,Medium,1,8.7427,2001.23,0.0942554,0.1
460,Baseline,1,Balanced,0,Medium,1,Medium,1,8.61648,1971.18,0.0936921,0.1
461,Baseline,1,Balanced,0,Medium,1,Medium,1,8.70858,1991.82,0.0943904,0.1
462,Baseline,1,Balanced,0,Medium,1,Medium,1,8.80285,2013.83,0.0951215,0.1
463,Baseline,1,Balanced,0,Medium,1,Medium,1,8.70047,1991.35,0.0941319,0.1
464,Baseline,1,Balanced,0,Medium,1,Medium,1,8.62916,1973.54,0.0944599,0.1
465,Baseline,1,Balanced,0,Medium,1,Medium,1,8.68854,1988.05,0.0943268,0.1
466,Baseline,1,Balanced,0,Medium,1,Medium,1,8.63709,1974.27,0.0940162,0.1
467,Baseline,1,Balanced,0,Medium,1,Medium,1,8.65806,1979.65,0.0945216,0.1
468,Baseline,1,Balanced,0,Medium,1,Medium,1,8.64781,1979.88,0.0933546,0.1
469,Baseline,1,Balanced,0,Medium,1,Medium,1,8.72634,1993.03,0.0944753,0.1
470,Baseline,1,Balanced,0,Medium,1,Medium,1,8.75817,2003.98,0.0949653,0.1
471,Baseline,1,Balanced,0,Medium,1,Medium,1,8.73005,1997.72,0.0943634,0.1
472,Baseline,1,Balanced,0,Medium,1,Medium,1,8.74705,2001.31,0.0948592,0.1
473,Baseline,1,Balanced,0,Medium,1,Medium,1,8.56374,1958.67,0.0933468,0.1
474,Baseline,1,Balanced,0,Medium,1,Medium,1,8.69482,1985.65,0.0949691,0.1
475,Baseline,1,Balanced,0,Medium,1,Medium,1,8.56786,1957.38,0.0939275,0.1
476,Baseline,1,Balanced,0,Medium,1,Medium,1,8.68361,1987.46,0.0944483,0.1
477,Baseline,1,Balanced,0,Medium,1,Medium,1,8.69897,1989.89,0.0940586,0.1
478,Baseline,1,Balanced,0,Medium,1,Medium,1,8.69883,1990.97,0.0943615,0.1
479,Baseline,1,Balanced,0,Medium,1,Medium,1,8.78653,2010.75,0.094294,0.1
480,Baseline,1,Balanced,0,Medium,1,Medium,1,8.61675,1972.57,0.0933411,0.1
481,Baseline,1,Balanced,0,Medium,1,Medium,1,8.70843,1992.75,0.0945042,0.1
482,Baseline,1,Balanced,0,Medium,1,Medium,1,8.58397,1961.8,0.0944136,0.1
483,Baseline,1,Balanced,0,Medium,1,Medium,1,8.65067,1978.24,0.0945756,0.1
484,Baseline,1,Balanced,0,Medium,1,Medium,1,8.78756,2008.26,0.0952064,0.1
485,Baseline,1,Balanced,0,Medium,1,Medium,1,8.71483,1993.42,0.0945525,0.1
486,Baseline,1,Balanced,0,Medium,1,Medium,1,8.62438,1972.51,0.0938812,0.1
487,Baseline,1,Balanced,0,Medium,1,Medium,1,8.67477,1984.81,0.0941667,0.1
488,Baseline,1,Balanced,0,Medium,1,Medium,1,8.70156,1991.05,0.0941146,0.1
489,Baseline,1,Balanced,0,Medium,1,Medium,1,8.74802,2001.67,0.0945139,0.1
490,Baseline,1,Balanced,0,Medium,1,Medium,1,8.70533,1990.99,0.0941725,0.1
491,Baseline,1,Balanced,0,Medium,1,Medium,1,8.66985,1983.35,0.094539,0.1
492,Baseline,1,Balanced,0,Medium,1,Medium,1,8.68716,1986.96,0.0944811,0.1
493,Baseline,1,Balanced,0,Medium,1,Medium,1,8.66488,1984.15,0.0939718,0.1
494,Baseline,1,Balanced,0,Medium,1,Medium,1,8.69152,1988.84,0.0944579,0.1
495,Baseline,1,Balanced,0,Medium,1,Medium,1,8.70846,1992.13,0.0945486,0.1
496,Baseline,1,Balanced,0,Medium,1,Medium,1,8.69772,1988.52,0.0944772,0.1
497,Baseline,1,Balanced,0,Medium,1,Medium,1,8.64029,1976.06,0.094157,0.1
498,Baseline,1,Balanced,0,Medium,1,Medium,1,8.70359,1990.65,0.0947145,0.1
499,Baseline,1,Balanced,0,Medium,1,Medium,1,8.72409,1994.91,0.094157,0.1
500,Baseline,1,Balanced,0,Medium,1,Medium,1,8.65741,1979.66,0.0946219,0.1
501,Baseline,1,Balanced,0,Medium,1,Medium,1,8.66893,1984.12,0.0937269,0.1
502,Baseline,1,Balanced,0,Medium,1,Medium,1,8.64645,1978,0.0938619,0.1
503,Baseline,1,Balanced,0,Medium,1,Medium,1,8.60575,1966.79,0.0943769,0.1
504,Baseline,1,Balanced,0,Medium,1,Medium,1,8.67543,1984.11,0.0944637,0.1
505,Baseline,1,Balanced,0,Medium,1,Medium,1,8.69402,1988.64,0.0941917,0.1
506,Baseline,1,Balanced,0,Medium,1,Medium,1,8.70058,1991.2,0.0944078,0.1
507,Baseline,1,Balanced,0,Medium,1,Medium,1,8.77387,2006.71,0.0945023,0.1
508,Baseline,1,Balanced,0,Medium,1,Medium,1,8.70403,1991.95,0.0943808,0.1
509,Baseline,1,Balanced,0,Medium,1,Medium,1,8.70656,1990.63,0.0945467,0.1
510,Baseline,1,Balanced,0,Medium,1,Medium,1,8.58898,1964.88,0.0934433,0.1
511,Baseline,1,Balanced,0,Medium,1,Medium,1,8.69505,1990.09,0.094537,0.1
512,Baseline,1,Balanced,0,Medium,1,Medium,1,8.6231,1970.69,0.0946393,0.1
513,Baseline,1,Balanced,0,Medium,1,Medium,1,8.62878,1973.16,0.0942323,0.1
514,Baseline,1,Balanced,0,Medium,1,Medium,1,8.65402,1980.29,0.0940991,0.1
515,Baseline,1,Balanced,0,Medium,1,Medium,1,8.72717,1999.38,0.0940297,0.1
516,Baseline,1,Balanced,0,Medium,1,Medium,1,8.67226,1982.14,0.094348,0.1
517,Baseline,1,Balanced,0,Medium,1,Medium,1,8.74128,2000.46,0.094593,0.1
518,Baseline,1,Balanced,0,Medium,1,Medium,1,8.79356,2010.98,0.0948206,0.1
519,Baseline,1,Balanced,0,Medium,1,Medium,1,8.72499,1994.69,0.0946431,0.1
520,Baseline,1,Balanced,0,Medium,1,Medium,1,8.57346,1960.56,0.094076,0.1
521,Baseline,1,Balanced,0,Medium,1,Medium,1,8.74494,1999.59,0.0943769,0.1
522,Baseline,1,Balanced,0,Medium,1,Medium,1,8.73243,1997.41,0.0945872,0.1
523,Baseline,1,Balanced,0,Medium,1,Medium,1,8.71057,1991.25,0.0946103,0.1
524,Baseline,1,Balanced,0,Medium,1,Medium,1,8.63628,1973.48,0.093939,0.1
525,Baseline,1,Balanced,0,Medium,1,Medium,1,8.72006,1992.67,0.0951736,0.1
526,Baseline,1,Balanced,0,Medium,1,Medium,1,8.68443,1986.92,0.094186,0.1
527,Baseline,1,Balanced,0,Medium,1,Medium,1,8.66101,1980.47,0.0946836,0.1
528,Baseline,1,Balanced,0,Medium,1,Medium,1,8.70348,1989.69,0.0949672,0.1
529,Baseline,1,Balanced,0,Medium,1,Medium,1,8.65038,1977.89,0.0940856,0.1
530,Baseline,1,Balanced,0,Medium,1,Medium,1,8.6285,1974.75,0.0937326,0.1
531,Baseline,1,Balanced,0,Medium,1,Medium,1,8.73521,1997.2,0.0950424,0.1
532,Baseline,1,Balanced,0,Medium,1,Medium,1,8.69403,1987.48,0.094674,0.1
533,Baseline,1,Balanced,0,Medium,1,Medium,1,8.67347,1984.62,0.094429,0.1
534,Baseline,1,Balanced,0,Medium,1,Medium,1,8.68654,1986.67,0.0938831,0.1
535,Baseline,1,Balanced,0,Medium,1,Medium,1,8.68159,1986.68,0.0940586,0.1
536,Baseline,1,Balanced,0,Medium,1,Medium,1,8.5931,1963.57,0.094321,0.1
537,Baseline,1,Balanced,0,Medium,1,Medium,1,8.73462,1996.73,0.0947782,0.1
538,Baseline,1,Balanced,0,Medium,1,Medium,1,8.7325,1998.71,0.0943827,0.1
539,Baseline,1,Balanced,0,Medium,1,Medium,1,8.67585,1986.15,0.0937114,0.1
540,Baseline,1,Balanced,0,Medium,1,Medium,1,8.71297,1991.8,0.0947319,0.1
541,Baseline,1,Balanced,0,Medium,1,Medium,1,8.71687,1994.3,0.0946779,0.1
542,Baseline,1,Balanced,0,Medium,1,Medium,1,8.6989,1989.05,0.0942535,0.1
543,Baseline,1,Balanced,0,Medium,1,Medium,1,8.67997,1984.48,0.0941975,0.1
544,Baseline,1,Balanced,0,Medium,1,Medium,1,8.60361,1967.7,0.0938175,0.1
545,Baseline,1,Balanced,0,Medium,1,Medium,1,8.61782,1971.35,0.0940683,0.1
546,Baseline,1,Balanced,0,Medium,1,Medium,1,8.69263,1988.57,0.0941667,0.1
547,Baseline,1,Balanced,0,Medium,1,Medium,1,8.60672,1969.82,0.0937539,0.1
548,Baseline,1,Balanced,0,Medium,1,Medium,1,8.70532,1992.81,0.0939333,0.1
549,Baseline,1,Balanced,0,Medium,1,Medium,1,8.67039,1985.13,0.0937789,0.1
550,Baseline,1,Balanced,0,Medium,1,Medium,1,8.72419,1995.35,0.0949016,0.1
551,Baseline,1,Balanced,0,Medium,1,Medium,1,8.64881,1980.12,0.0938137,0.1
552,Baseline,1,Balanced,0,Medium,1,Medium,1,8.72207,1995.25,0.0941184,0.1
553,Baseline,1,Balanced,0,Medium,1,Medium,1,8.62703,1974.74,0.0936728,0.1
554,Baseline,1,Balanced,0,Medium,1,Medium,1,8.65595,1980.99,0.0943036,0.1
555,Baseline,1,Balanced,0,Medium,1,Medium,1,8.64529,1979.99,0.0933816,0.1
556,Baseline,1,Balanced,0,Medium,1,Medium,1,8.7605,2004.12,0.0943229,0.1
557,Baseline,1,Balanced,0,Medium,1,Medium,1,8.69592,1988.99,0.0942303,0.1
558,Baseline,1,Balanced,0,Medium,1,Medium,1,8.72419,1996.96,0.0940297,0.1
559,Baseline,1,Balanced,0,Medium,1,Medium,1,8.7779,2010.38,0.0945853,0.1
560,Baseline,1,Balanced,0,Medium,1,Medium,1,8.69254,1989.4,0.0939873,0.1
561,Baseline,1,Balanced,0,Medium,1,Medium,1,8.73564,1999.91,0.0942207,0.1
562,Baseline,1,Balanced,0,Medium,1,Medium,1,8.72025,1996.57,0.0934741,0.1
563,Baseline,1,Balanced,0,Medium,1,Medium,1,8.69598,1990.71,0.0940297,0.1
564,Baseline,1,Balanced,0,Medium,1,Medium,1,8.64054,1976.26,0.0940779,0.1
565,Baseline,1,Balanced,0,Medium,1,Medium,1,8.66614,1981.91,0.0944637,0.1
566,Baseline,1,Balanced,0,Medium,1,Medium,1,8.80305,2014.51,0.0950579,0.1
567,Baseline,1,Balanced,0,Medium,1,Medium,1,8.65382,1979.45,0.0940471,0.1
568,Baseline,1,Balanced,0,Medium,1,Medium,1,8.66942,1982.73,0.0940509,0.1
569,Baseline,1,Balanced,0,Medium,1,Medium,1,8.70617,1990.09,0.0945042,0.1
570,Baseline,1,Balanced,0,Medium,1,Medium,1,8.69774,1987.95,0.0948553,0.1
571,Baseline,1,Balanced,0,Medium,1,Medium,1,8.65382,1978.84,0.0942535,0.1
572,Baseline,1,Balanced,0,Medium,1,Medium,1,8.58667,1963.68,0.0936593,0.1
573,Baseline,1,Balanced,0,Medium,1,Medium,1,8.67401,1982.58,0.0945583,0.1
574,Baseline,1,Balanced,0,Medium,1,Medium,1,8.65553,1979.45,0.0945737,0.1
575,Baseline,1,Balanced,0,Medium,1,Medium,1,8.70395,1991.49,0.0944078,0.1
576,Baseline,1,Balanced,0,Medium,1,Medium,1,8.66923,1983.25,0.0940181,0.1
577,Baseline,1,Balanced,0,Medium,1,Medium,1,8.61631,1968.25,0.094429,0.1
578,Baseline,1,Balanced,0,Medium,1,Medium,1,8.72898,1999.12,0.0937731,0.1
579,Baseline,1,Balanced,0,Medium,1,Medium,1,8.63515,1976.48,0.0941802,0.1
580,Baseline,1,Balanced,0,Medium,1,Medium,1,8.72776,1995.33,0.0946431,0.1
581,Baseline,1,Balanced,0,Medium,1,Medium,1,8.74101,2000.21,0.0944116,0.1
582,Baseline,1,Balanced,0,Medium,1,Medium,1,8.75784,2006.73,0.0939873,0.1
583,Baseline,1,Balanced,0,Medium,1,Medium,1,8.73034,1997.99,0.0944579,0.1
584,Baseline,1,Balanced,0,Medium,1,Medium,1,8.61242,1970.17,0.0937828,0.1
585,Baseline,1,Balanced,0,Medium,1,Medium,1,8.67851,1984.27,0.0944406,0.1
586,Baseline,1,Balanced,0,Medium,1,Medium,1,8.74619,2000.73,0.0944155,0.1
587,Baseline,1,Balanced,0,Medium,1,Medium,1,8.66337,1981.88,0.0942458,0.1
588,Baseline,1,Balanced,0,Medium,1,Medium,1,8.67395,1981.9,0.0944136,0.1
589,Baseline,1,Balanced,0,Medium,1,Medium,1,8.71561,1994.74,0.0944464,0.1
590,Baseline,1,Balanced,0,Medium,1,Medium,1,8.66493,1981.6,0.094456,0.1
591,Baseline,1,Balanced,0,Medium,1,Medium,1,8.71846,1994.78,0.0939738,0.1
592,Baseline,1,Balanced,0,Medium,1,Medium,1,8.60017,1968.67,0.0935069,0.1
593,Baseline,1,Balanced,0,Medium,1,Medium,1,8.72916,1997.73,0.0941377,0.1
594,Baseline,1,Balanced,0,Medium,1,Medium,1,8.66632,1981.61,0.0937384,0.1
595,Baseline,1,Balanced,0,Medium,1,Medium,1,8.76599,2005.16,0.0950502,0.1
596,Baseline,1,Balanced,0,Medium,1,Medium,1,8.69835,1990.41,0.0943808,0.1
597,Baseline,1,Balanced,0,Medium,1,Medium,1,8.71231,1994,0.0939699,0.1
598,Baseline,1,Balanced,0,Medium,1,Medium,1,8.66228,1981.25,0.0941281,0.1
599,Baseline,1,Balanced,0,Medium,1,Medium,1,8.61135,1968.63,0.0934896,0.1
600,Baseline,1,Balanced,0,Medium,1,Medium,1,8.70824,1993.44,0.0942323,0.1
601,Baseline,1,Balanced,0,Medium,1,Medium,1,8.64314,1977.21,0.093696,0.1
602,Baseline,1,Balanced,0,Medium,1,Medium,1,8.72934,1996.11,0.0946219,0.1
603,Baseline,1,Balanced,0,Medium,1,Medium,1,8.66476,1981.85,0.0939853,0.1
604,Baseline,1,Balanced,0,Medium,1,Medium,1,8.68337,1985.39,0.094674,0.1
605,Baseline,1,Balanced,0,Medium,1,Medium,1,8.65269,1976.31,0.0942361,0.1
606,Baseline,1,Balanced,0,Medium,1,Medium,1,8.64763,1977.75,0.0946836,0.1
607,Baseline,1,Balanced,0,Medium,1,Medium,1,8.7176,1994.6,0.0940259,0.1
608,Baseline,1,Balanced,0,Medium,1,Medium,1,8.61748,1971.3,0.0937095,0.1
609,Baseline,1,Balanced,0,Medium,1,Medium,1,8.6958,1989.31,0.0941319,0.1
610,Baseline,1,Balanced,0,Medium,1,Medium,1,8.69214,1986.36,0.0951833,0.1
611,Baseline,1,Balanced,0,Medium,1,Medium,1,8.71893,1996.62,0.0943846,0.1
612,Baseline,1,Balanced,0,Medium,1,Medium,1,8.7463,2002.57,0.0941165,0.1
613,Baseline,1,Balanced,0,Medium,1,Medium,1,8.71844,1994.86,0.0944174,0.1
614,Baseline,1,Balanced,0,Medium,1,Medium,1,8.73479,1997.08,0.0945602,0.1
615,Baseline,1,Balanced,0,Medium,1,Medium,1,8.68735,1987.59,0.0945698,0.1
616,Baseline,1,Balanced,0,Medium,1,Medium,1,8.68706,1987.03,0.0942091,0.1
617,Baseline,1,Balanced,0,Medium,1,Medium,1,8.68483,1984.02,0.0951003,0.1
618,Baseline,1,Balanced,0,Medium,1,Medium,1,8.63507,1975.31,0.0938561,0.1
619,Baseline,1,Balanced,0,Medium,1,Medium,1,8.7301,1997.41,0.0945313,0.1
620,Baseline,1,Balanced,0,Medium,1,Medium,1,8.66429,1982.81,0.0936362,0.1
621,Baseline,1,Balanced,0,Medium,1,Medium,1,8.66171,1982.05,0.0936439,0.1
622,Baseline,1,Balanced,0,Medium,1,Medium,1,8.6562,1980.25,0.0939969,0.1
623,Baseline,1,Balanced,0,Medium,1,Medium,1,8.67409,1985.43,0.0942515,0.1
624,Baseline,1,Balanced,0,Medium,1,Medium,1,8.76924,2006.55,0.0947396,0.1
625,Baseline,1,Balanced,0,Medium,1,Medium,1,8.74793,1999.97,0.0945235,0.1
626,Baseline,1,Balanced,0,Medium,1,Medium,1,8.73389,1998.73,0.0947164,0.1
627,Baseline,1,Balanced,0,Medium,1,Medium,1,8.70122,1990.59,0.0942612,0.1
628,Baseline,1,Balanced,0,Medium,1,Medium,1,8.74821,2001.84,0.0947145,0.1
629,Baseline,1,Balanced,0,Medium,1,Medium,1,8.71183,1990.65,0.0949055,0.1
630,Baseline,1,Balanced,0,Medium,1,Medium,1,8.74334,1997.97,0.0953221,0.1
631,Baseline,1,Balanced,0,Medium,1,Medium,1,8.70129,1990.9,0.0941937,0.1
632,Baseline,1,Balanced,0,Medium,1,Medium,1,8.72525,1996.51,0.0940548,0.1
633,Baseline,1,Balanced,0,Medium,1,Medium,1,8.71608,1994.33,0.0944329,0.1
634,Baseline,1,Balanced,0,Medium,1,Medium,1,8.78833,2011.57,0.094755,0.1
635,Baseline,1,Balanced,0,Medium,1,Medium,1,8.6662,1981.82,0.0943287,0.1
636,Baseline,1,Balanced,0,Medium,1,Medium,1,8.75256,2001.97,0.0946412,0.1
637,Baseline,1,Balanced,0,Medium,1,Medium,1,8.625,1973.09,0.0936304,0.1
638,Baseline,1,Balanced,0,Medium,1,Medium,1,8.66211,1980.29,0.0940297,0.1
639,Baseline,1,Balanced,0,Medium,1,Medium,1,8.63423,1977.21,0.0937519,0.1
640,Baseline,1,Balanced,0,Medium,1,Medium,1,8.64104,1975.83,0.093777,0.1
641,Baseline,1,Balanced,0,Medium,1,Medium,1,8.67594,1983.3,0.0942747,0.1
642,Baseline,1,Balanced,0,Medium,1,Medium,1,8.70201,1992.77,0.0939988,0.1
643,Baseline,1,Balanced,0,Medium,1,Medium,1,8.61816,1970.72,0.0939699,0.1
644,Baseline,1,Balanced,0,Medium,1,Medium,1,8.6045,1968.96,0.0937577,0.1
645,Baseline,1,Balanced,0,Medium,1,Medium,1,8.74974,2003.05,0.0940201,0.1
646,Baseline,1,Balanced,0,Medium,1,Medium,1,8.78168,2008.13,0.0952392,0.1
647,Baseline,1,Balanced,0,Medium,1,Medium,1,8.72783,1997.1,0.0946142,0.1
648,Baseline,1,Balanced,0,Medium,1,Medium,1,8.65691,1978.14,0.0946933,0.1
649,Baseline,1,Balanced,0,Medium,1,Medium,1,8.74911,2002.83,0.0946508,0.1
650,Baseline,1,Balanced,0,Medium,1,Medium,1,8.62583,1972.39,0.0943827,0.1
651,Baseline,1,Balanced,0,Medium,1,Medium,1,8.62255,1974.36,0.0939661,0.1
652,Baseline,1,Balanced,0,Medium,1,Medium,1,8.7029,1990.52,0.0942091,0.1
653,Baseline,1,Balanced,0,Medium,1,Medium,1,8.6853,1987.67,0.0944348,0.1
654,Baseline,1,Balanced,0,Medium,1,Medium,1,8.61442,1970.76,0.0936825,0.1
655,Baseline,1,Balanced,0,Medium,1,Medium,1,8.6485,1978.43,0.0942786,0.1
656,Baseline,1,Balanced,0,Medium,1,Medium,1,8.63753,1974.8,0.0943422,0.1
657,Baseline,1,Balanced,0,Medium,1,Medium,1,8.81689,2017.41,0.094755,0.1
658,Baseline,1,Balanced,0,Medium,1,Medium,1,8.74233,2000.42,0.0941397,0.1
659,Baseline,1,Balanced,0,Medium,1,Medium,1,8.6511,1979.3,0.0939583,0.1
660,Baseline,1,Balanced,0,Medium,1,Medium,1,8.726,1995.01,0.095,0.1
661,Baseline,1,Balanced,0,Medium,1,Medium,1,8.61673,1968.53,0.0947029,0.1
662,Baseline,1,Balanced,0,Medium,1,Medium,1,8.7429,1998.65,0.0948225,0.1
663,Baseline,1,Balanced,0,Medium,1,Medium,1,8.77985,2009.28,0.094429,0.1
664,Baseline,1,Balanced,0,Medium,1,Medium,1,8.64554,1977.17,0.0937558,0.1
665,Baseline,1,Balanced,0,Medium,1,Medium,1,8.72058,1994.19,0.0947492,0.1
666,Baseline,1,Balanced,0,Medium,1,Medium,1,8.78689,2010.28,0.0947878,0.1
667,Baseline,1,Balanced,0,Medium,1,Medium,1,8.75852,2005.35,0.0940162,0.1
668,Baseline,1,Balanced,0,Medium,1,Medium,1,8.77861,2008.8,0.0947685,0.1
669,Baseline,1,Balanced,0,Medium,1,Medium,1,8.75748,2005.63,0.0943152,0.1
670,Baseline,1,Balanced,0,Medium,1,Medium,1,8.6743,1986.56,0.0939217,0.1
671,Baseline,1,Balanced,0,Medium,1,Medium,1,8.74074,1999.81,0.094647,0.1
672,Baseline,1,Balanced,0,Medium,1,Medium,1,8.73013,1997.1,0.0945023,0.1
673,Baseline,1,Balanced,0,Medium,1,Medium,1,8.67632,1985.04,0.0940818,0.1
674,Baseline,1,Balanced,0,Medium,1,Medium,1,8.70424,1993.24,0.0939198,0.1
675,Baseline,1,Balanced,0,Medium,1,Medium,1,8.634,1974.58,0.0942515,0.1
676,Baseline,1,Balanced,0,Medium,1,Medium,1,8.68033,1984.19,0.0942303,0.1
677,Baseline,1,Balanced,0,Medium,1,Medium,1,8.66785,1984.69,0.093669,0.1
678,Baseline,1,Balanced,0,Medium,1,Medium,1,8.75505,2002.86,0.0945042,0.1
679,Baseline,1,Balanced,0,Medium,1,Medium,1,8.70193,1988.76,0.094892,0.1
680,Baseline,1,Balanced,0,Medium,1,Medium,1,8.61618,1972.34,0.0936343,0.1
681,Baseline,1,Balanced,0,Medium,1,Medium,1,8.59301,1967.85,0.093642,0.1
682,Baseline,1,Balanced,0,Medium,1,Medium,1,8.62525,1973,0.0943557,0.1
683,Baseline,1,Balanced,0,Medium,1,Medium,1,8.70184,1989.76,0.0947241,0.1
684,Baseline,1,Balanced,0,Medium,1,Medium,1,8.65388,1979.39,0.0940876,0.1
685,Baseline,1,Balanced,0,Medium,1,Medium,1,8.69008,1987.68,0.0945255,0.1
686,Baseline,1,Balanced,0,Medium,1,Medium,1,8.79862,2012.29,0.0946894,0.1
687,Baseline,1,Balanced,0,Medium,1,Medium,1,8.58903,1965.11,0.0939911,0.1
688,Baseline,1,Balanced,0,Medium,1,Medium,1,8.58894,1965.72,0.0935089,0.1
689,Baseline,1,Balanced,0,Medium,1,Medium,1,8.7123,1993.21,0.0943113,0.1
690,Baseline,1,Balanced,0,Medium,1,Medium,1,8.71102,1994.5,0.093995,0.1
691,Baseline,1,Balanced,0,Medium,1,Medium,1,8.71034,1992.77,0.0943056,0.1
692,Baseline,1,Balanced,0,Medium,1,Medium,1,8.69035,1988.72,0.0938792,0.1
693,Baseline,1,Balanced,0,Medium,1,Medium,1,8.70914,1993.12,0.0944541,0.1
694,Baseline,1,Balanced,0,Medium,1,Medium,1,8.6073,1968.59,0.094103,0.1
695,Baseline,1,Balanced,0,Medium,1,Medium,1,8.80191,2014.11,0.0950328,0.1
696,Baseline,1,Balanced,0,Medium,1,Medium,1,8.76276,2006.07,0.0943789,0.1
697,Baseline,1,Balanced,0,Medium,1,Medium,1,8.72443,1994.1,0.0944714,0.1
698,Baseline,1,Balanced,0,Medium,1,Medium,1,8.69147,1989.98,0.0937982,0.1
699,Baseline,1,Balanced,0,Medium,1,Medium,1,8.67015,1983.65,0.0939796,0.1
700,Baseline,1,Balanced,0,Medium,1,Medium,1,8.62816,1975.91,0.0936921,0.1
701,Baseline,1,Balanced,0,Medium,1,Medium,1,8.73406,1998.67,0.094755,0.1
702,Baseline,1,Balanced,0,Medium,1,Medium,1,8.79456,2011.57,0.094836,0.1
703,Baseline,1,Balanced,0,Medium,1,Medium,1,8.7215,1995.84,0.0943673,0.1
704,Baseline,1,Balanced,0,Medium,1,Medium,1,8.70415,1994.66,0.0934954,0.1
705,Baseline,1,Balanced,0,Medium,1,Medium,1,8.62519,1975.2,0.0937288,0.1
706,Baseline,1,Balanced,0,Medium,1,Medium,1,8.65855,1979.6,0.0943056,0.1
707,Baseline,1,Balanced,0,Medium,1,Medium,1,8.79104,2012.02,0.0943248,0.1
708,Baseline,1,Balanced,0,Medium,1,Medium,1,8.74125,2000.09,0.0947434,0.1
709,Baseline,1,Balanced,0,Medium,1,Medium,1,8.62475,1973.95,0.0940683,0.1
710,Baseline,1,Balanced,0,Medium,1,Medium,1,8.80306,2014.42,0.0946894,0.1
711,Baseline,1,Balanced,0,Medium,1,Medium,1,8.64882,1977.83,0.0942342,0.1
712,Baseline,1,Balanced,0,Medium,1,Medium,1,8.7397,2000.68,0.0939757,0.1
713,Baseline,1,Balanced,0,Medium,1,Medium,1,8.64294,1975.83,0.0940972,0.1
714,Baseline,1,Balanced,0,Medium,1,Medium,1,8.80374,2015.77,0.0945911,0.1
715,Baseline,1,Balanced,0,Medium,1,Medium,1,8.65326,1981.45,0.0937519,0.1
716,Baseline,1,Balanced,0,Medium,1,Medium,1,8.68191,1986.2,0.0941512,0.1
717,Baseline,1,Balanced,0,Medium,1,Medium,1,8.71981,1994.95,0.0943422,0.1
718,Baseline,1,Balanced,0,Medium,1,Medium,1,8.71696,1994.34,0.0943191,0.1
719,Baseline,1,Balanced,0,Medium,1,Medium,1,8.71288,1993.58,0.0946084,0.1
720,Baseline,1,Balanced,0,Medium,1,Medium,1,8.60904,1970.07,0.0937114,0.1
721,Baseline,1,Balanced,0,Medium,1,Medium,1,8.70939,1992.07,0.0948881,0.1
722,Baseline,1,Balanced,0,Medium,1,Medium,1,8.68207,1986.85,0.0942323,0.1
723,Baseline,1,Balanced,0,Medium,1,Medium,1,8.68747,1990.14,0.0942284,0.1
724,Baseline,1,Balanced,0,Medium,1,Medium,1,8.75881,2002.85,0.0942978,0.1
725,Baseline,1,Balanced,0,Medium,1,Medium,1,8.78454,2011.06,0.0943634,0.1
726,Baseline,1,Balanced,0,Medium,1,Medium,1,8.74708,2002.63,0.0943981,0.1
727,Baseline,1,Balanced,0,Medium,1,Medium,1,8.71715,1993.1,0.0945467,0.1
728,Baseline,1,Balanced,0,Medium,1,Medium,1,8.74681,2002.66,0.0944116,0.1
729,Baseline,1,Balanced,0,Medium,1,Medium,1,8.68302,1985.63,0.0941744,0.1
730,Baseline,1,Balanced,0,Medium,1,Medium,1,8.71152,1992.32,0.0940779,0.1
731,Baseline,1,Balanced,0,Medium,1,Medium,1,8.75176,2004.63,0.0938889,0.1
732,Baseline,1,Balanced,0,Medium,1,Medium,1,8.60718,1968.76,0.0941802,0.1
733,Baseline,1,Balanced,0,Medium,1,Medium,1,8.66553,1984.24,0.0942303,0.1
734,Baseline,1,Balanced,0,Medium,1,Medium,1,8.74866,2002.47,0.0946181,0.1
735,Baseline,1,Balanced,0,Medium,1,Medium,1,8.66962,1982.55,0.0947762,0.1
736,Baseline,1,Balanced,0,Medium,1,Medium,1,8.7255,1994.92,0.0947299,0.1
737,Baseline,1,Balanced,0,Medium,1,Medium,1,8.68569,1986.22,0.0945023,0.1
738,Baseline,1,Balanced,0,Medium,1,Medium,1,8.628,1973.91,0.0941339,0.1
739,Baseline,1,Balanced,0,Medium,1,Medium,1,8.70754,1992.77,0.0944097,0.1
740,Baseline,1,Balanced,0,Medium,1,Medium,1,8.72478,1993.9,0.0947357,0.1
741,Baseline,1,Balanced,0,Medium,1,Medium,1,8.70128,1991.92,0.0939564,0.1
742,Baseline,1,Balanced,0,Medium,1,Medium,1,8.66921,1982.89,0.0940471,0.1
743,Baseline,1,Balanced,0,Medium,1,Medium,1,8.68355,1986.93,0.0946605,0.1
744,Baseline,1,Balanced,0,Medium,1,Medium,1,8.81168,2015.87,0.0949113,0.1
745,Baseline,1,Balanced,0,Medium,1,Medium,1,8.65961,1981.03,0.0940451,0.1
746,Baseline,1,Balanced,0,Medium,1,Medium,1,8.69786,1988.79,0.0944907,0.1
747,Baseline,1,Balanced,0,Medium,1,Medium,1,8.70292,1992.42,0.0936362,0.1
748,Baseline,1,Balanced,0,Medium,1,Medium,1,8.63058,1973.55,0.0937924,0.1
749,Baseline,1,Balanced,0,Medium,1,Medium,1,8.61089,1969.87,0.0935166,0.1
750,Baseline,1,Balanced,0,Medium,1,Medium,1,8.66404,1983.3,0.0936092,0.1
751,Baseline,1,Balanced,0,Medium,1,Medium,1,8.67744,1986.3,0.0939641,0.1
752,Baseline,1,Balanced,0,Medium,1,Medium,1,8.72968,1999.09,0.0944367,0.1
753,Baseline,1,Balanced,0,Medium,1,Medium,1,8.70108,1991.52,0.0942226,0.1
754,Baseline,1,Balanced,0,Medium,1,Medium,1,8.62837,1974.17,0.0937519,0.1
755,Baseline,1,Balanced,0,Medium,1,Medium,1,8.59643,1966.66,0.0934954,0.1
756,Baseline,1,Balanced,0,Medium,1,Medium,1,8.64285,1976.87,0.0940991,0.1
757,Baseline,1,Balanced,0,Medium,1,Medium,1,8.65416,1977.27,0.0945505,0.1
758,Baseline,1,Balanced,0,Medium,1,Medium,1,8.66736,1980.16,0.0947627,0.1
759,Baseline,1,Balanced,0,Medium,1,Medium,1,8.81233,2015.46,0.0949904,0.1
760,Baseline,1,Balanced,0,Medium,1,Medium,1,8.78525,2010.66,0.0949016,0.1
761,Baseline,1,Balanced,0,Medium,1,Medium,1,8.71416,1992.9,0.0943306,0.1
762,Baseline,1,Balanced,0,Medium,1,Medium,1,8.68013,1987.33,0.0938522,0.1
763,Baseline,1,Balanced,0,Medium,1,Medium,1,8.65952,1981.04,0.0942843,0.1
764,Baseline,1,Balanced,0,Medium,1,Medium,1,8.67379,1985.29,0.0940413,0.1
765,Baseline,1,Balanced,0,Medium,1,Medium,1,8.64909,1979.75,0.0937461,0.1
766,Baseline,1,Balanced,0,Medium,1,Medium,1,8.69441,1989.18,0.0946933,0.1
767,Baseline,1,Balanced,0,Medium,1,Medium,1,8.73093,1995.59,0.0946566,0.1
768,Baseline,1,Balanced,0,Medium,1,Medium,1,8.67184,1981.46,0.0947859,0.1
769,Baseline,1,Balanced,0,Medium,1,Medium,1,8.63368,1974.49,0.0938619,0.1
770,Baseline,1,Balanced,0,Medium,1,Medium,1,8.72969,1996.98,0.0945505,0.1
771,Baseline,1,Balanced,0,Medium,1,Medium,1,8.73491,1998.12,0.0944985,0.1
772,Baseline,1,Balanced,0,Medium,1,Medium,1,8.7109,1992.39,0.0943326,0.1
773,Baseline,1,Balanced,0,Medium,1,Medium,1,8.76033,2004.16,0.0944965,0.1
774,Baseline,1,Balanced,0,Medium,1,Medium,1,8.71908,1994.5,0.0948534,0.1
775,Baseline,1,Balanced,0,Medium,1,Medium,1,8.68622,1988.91,0.0935725,0.1
776,Baseline,1,Balanced,0,Medium,1,Medium,1,8.71901,1992.51,0.0954958,0.1
777,Baseline,1,Balanced,0,Medium,1,Medium,1,8.76039,2004.26,0.0949151,0.1
778,Baseline,1,Balanced,0,Medium,1,Medium,1,8.70317,1990.21,0.0947164,0.1
779,Baseline,1,Balanced,0,Medium,1,Medium,1,8.67837,1985.8,0.0937404,0.1
780,Baseline,1,Balanced,0,Medium,1,Medium,1,8.69818,1989.55,0.0941609,0.1
781,Baseline,1,Balanced,0,Medium,1,Medium,1,8.81634,2016.91,0.0947724,0.1
782,Baseline,1,Balanced,0,Medium,1,Medium,1,8.77612,2007.95,0.0945775,0.1
783,Baseline,1,Balanced,0,Medium,1,Medium,1,8.6612,1982.26,0.0942689,0.1
784,Baseline,1,Balanced,0,Medium,1,Medium,1,8.63993,1975.26,0.0940914,0.1
785,Baseline,1,Balanced,0,Medium,1,Medium,1,8.69381,1988.57,0.0938985,0.1
786,Baseline,1,Balanced,0,Medium,1,Medium,1,8.73716,1999.21,0.0945988,0.1
787,Baseline,1,Balanced,0,Medium,1,Medium,1,8.67037,1983.75,0.0945062,0.1
788,Baseline,1,Balanced,0,Medium,1,Medium,1,8.70009,1991.04,0.0941589,0.1
789,Baseline,1,Balanced,0,Medium,1,Medium,1,8.66805,1985,0.0936998,0.1
790,Baseline,1,Balanced,0,Medium,1,Medium,1,8.63517,1974.97,0.0942689,0.1
791,Baseline,1,Balanced,0,Medium,1,Medium,1,8.70705,1992.76,0.0943692,0.1
792,Baseline,1,Balanced,0,Medium,1,Medium,1,8.75939,2003.92,0.0949113,0.1
793,Baseline,1,Balanced,0,Medium,1,Medium,1,8.66374,1981.35,0.0945467,0.1
794,Baseline,1,Balanced,0,Medium,1,Medium,1,8.64834,1977.08,0.0945563,0.1
795,Baseline,1,Balanced,0,Medium,1,Medium,1,8.63424,1973.54,0.0940548,0.1
796,Baseline,1,Balanced,0,Medium,1,Medium,1,8.64282,1976.53,0.0945756,0.1
797,Baseline,1,Balanced,0,Medium,1,Medium,1,8.71206,1992.38,0.0947319,0.1
798,Baseline,1,Balanced,0,Medium,1,Medium,1,8.71315,1995.12,0.0941049,0.1
799,Baseline,1,Balanced,0,Medium,1,Medium,1,8.79849,2013.7,0.0948939,0.1
800,Baseline,1,Balanced,0,Medium,1,Medium,1,8.67264,1983.15,0.0941667,0.1
801,Baseline,1,Balanced,0,Medium,1,Medium,1,8.59092,1963.42,0.0941377,0.1
802,Baseline,1,Balanced,0,Medium,1,Medium,1,8.59437,1967.4,0.0936439,0.1
803,Baseline,1,Balanced,0,Medium,1,Medium,1,8.62177,1971.81,0.0945409,0.1
804,Baseline,1,Balanced,0,Medium,1,Medium,1,8.70708,1991.28,0.0946007,0.1
805,Baseline,1,Balanced,0,Medium,1,Medium,1,8.74403,2001.55,0.0947029,0.1
806,Baseline,1,Balanced,0,Medium,1,Medium,1,8.66363,1981.44,0.0938002,0.1
807,Baseline,1,Balanced,0,Medium,1,Medium,1,8.68749,1989.18,0.0940548,0.1
808,Baseline,1,Balanced,0,Medium,1,Medium,1,8.70962,1992.62,0.0946161,0.1
809,Baseline,1,Balanced,0,Medium,1,Medium,1,8.68393,1987.35,0.0941011,0.1
810,Baseline,1,Balanced,0,Medium,1,Medium,1,8.63945,1977.33,0.0941995,0.1
811,Baseline,1,Balanced,0,Medium,1,Medium,1,8.69214,1988.78,0.0942361,0.1
812,Baseline,1,Balanced,0,Medium,1,Medium,1,8.64597,1977.77,0.094348,0.1
813,Baseline,1,Balanced,0,Medium,1,Medium,1,8.713,1995.95,0.0945988,0.1
814,Baseline,1,Balanced,0,Medium,1,Medium,1,8.7158,1992.96,0.094429,0.1
815,Baseline,1,Balanced,0,Medium,1,Medium,1,8.70135,1989.3,0.0942207,0.1
816,Baseline,1,Balanced,0,Medium,1,Medium,1,8.67156,1982.89,0.0940818,0.1
817,Baseline,1,Balanced,0,Medium,1,Medium,1,8.64432,1979.09,0.0933584,0.1
818,Baseline,1,Balanced,0,Medium,1,Medium,1,8.63288,1974.11,0.0942573,0.1
819,Baseline,1,Balanced,0,Medium,1,Medium,1,8.65029,1978.1,0.0940278,0.1
820,Baseline,1,Balanced,0,Medium,1,Medium,1,8.65038,1979.85,0.094483,0.1
821,Baseline,1,Balanced,0,Medium,1,Medium,1,8.65931,1981.8,0.0945544,0.1
822,Baseline,1,Balanced,0,Medium,1,Medium,1,8.70778,1990.85,0.0944772,0.1
823,Baseline,1,Balanced,0,Medium,1,Medium,1,8.67724,1983.34,0.094728,0.1
824,Baseline,1,Balanced,0,Medium,1,Medium,1,8.65339,1979.51,0.0939468,0.1
825,Baseline,1,Balanced,0,Medium,1,Medium,1,8.7247,1995.55,0.0945621,0.1
826,Baseline,1,Balanced,0,Medium,1,Medium,1,8.70229,1989.39,0.0948708,0.1
827,Baseline,1,Balanced,0,Medium,1,Medium,1,8.70351,1990.73,0.0943306,0.1
828,Baseline,1,Balanced,0,Medium,1,Medium,1,8.6567,1978.57,0.0940143,0.1
829,Baseline,1,Balanced,0,Medium,1,Medium,1,8.70398,1989.67,0.0946451,0.1
830,Baseline,1,Balanced,0,Medium,1,Medium,1,8.72447,1994.86,0.0946721,0.1
831,Baseline,1,Balanced,0,Medium,1,Medium,1,8.69498,1989.01,0.0943654,0.1
832,Baseline,1,Balanced,0,Medium,1,Medium,1,8.82353,2019.72,0.0954649,0.1
833,Baseline,1,Balanced,0,Medium,1,Medium,1,8.66903,1984.13,0.0940027,0.1
834,Baseline,1,Balanced,0,Medium,1,Medium,1,8.711,1992.69,0.0944618,0.1
835,Baseline,1,Balanced,0,Medium,1,Medium,1,8.71637,1994.08,0.0941647,0.1
836,Baseline,1,Balanced,0,Medium,1,Medium,1,8.69933,1989.07,0.094184,0.1
837,Baseline,1,Balanced,0,Medium,1,Medium,1,8.71059,1992.11,0.094782,0.1
838,Baseline,1,Balanced,0,Medium,1,Medium,1,8.70309,1990.75,0.0942882,0.1
839,Baseline,1,Balanced,0,Medium,1,Medium,1,8.68857,1988.91,0.0938638,0.1
840,Baseline,1,Balanced,0,Medium,1,Medium,1,8.70087,1990.33,0.0943557,0.1
841,Baseline,1,Balanced,0,Medium,1,Medium,1,8.67215,1982.64,0.0947762,0.1
842,Baseline,1,Balanced,0,Medium,1,Medium,1,8.67624,1984.98,0.0944464,0.1
843,Baseline,1,Balanced,0,Medium,1,Medium,1,8.66478,1982.16,0.0942612,0.1
844,Baseline,1,Balanced,0,Medium,1,Medium,1,8.64547,1977.45,0.0939738,0.1
845,Baseline,1,Balanced,0,Medium,1,Medium,1,8.74658,2001.84,0.0945177,0.1
846,Baseline,1,Balanced,0,Medium,1,Medium,1,8.65143,1977.74,0.0940856,0.1
847,Baseline,1,Balanced,0,Medium,1,Medium,1,8.72183,1995.85,0.0942978,0.1
848,Baseline,1,Balanced,0,Medium,1,Medium,1,8.81026,2016.72,0.0945525,0.1
849,Baseline,1,Balanced,0,Medium,1,Medium,1,8.73462,1998.64,0.0945756,0.1
850,Baseline,1,Balanced,0,Medium,1,Medium,1,8.6718,1984.87,0.0937577,0.1
851,Baseline,1,Balanced,0,Medium,1,Medium,1,8.74061,2001.07,0.0938445,0.1
852,Baseline,1,Balanced,0,Medium,1,Medium,1,8.70235,1990.62,0.0942612,0.1
853,Baseline,1,Balanced,0,Medium,1,Medium,1,8.67122,1983.57,0.0936728,0.1
854,Baseline,1,Balanced,0,Medium,1,Medium,1,8.73642,2000.21,0.0945486,0.1
855,Baseline,1,Balanced,0,Medium,1,Medium,1,8.69259,1986.85,0.0947685,0.1
856,Baseline,1,Balanced,0,Medium,1,Medium,1,8.68108,1985.62,0.0941609,0.1
857,Baseline,1,Balanced,0,Medium,1,Medium,1,8.74584,2000.79,0.0947685,0.1
858,Baseline,1,Balanced,0,Medium,1,Medium,1,8.66782,1983.79,0.0938252,0.1
859,Baseline,1,Balanced,0,Medium,1,Medium,1,8.75454,2003.68,0.0940895,0.1
860,Baseline,1,Balanced,0,Medium,1,Medium,1,8.72794,1996.55,0.0942786,0.1
861,Baseline,1,Balanced,0,Medium,1,Medium,1,8.65376,1980.94,0.0937674,0.1
862,Baseline,1,Balanced,0,Medium,1,Medium,1,8.66109,1980.62,0.0943711,0.1
863,Baseline,1,Balanced,0,Medium,1,Medium,1,8.71326,1994.25,0.0942226,0.1
864,Baseline,1,Balanced,0,Medium,1,Medium,1,8.66896,1984.79,0.0939796,0.1
865,Baseline,1,Balanced,0,Medium,1,Medium,1,8.65292,1978.69,0.0941956,0.1
866,Baseline,1,Balanced,0,Medium,1,Medium,1,8.61586,1970.77,0.0943769,0.1
867,Baseline,1,Balanced,0,Medium,1,Medium,1,8.66478,1981.82,0.0944078,0.1
868,Baseline,1,Balanced,0,Medium,1,Medium,1,8.68875,1986.64,0.0940085,0.1
869,Baseline,1,Balanced,0,Medium,1,Medium,1,8.69909,1990.88,0.0940644,0.1
870,Baseline,1,Balanced,0,Medium,1,Medium,1,8.73958,2000.24,0.0944772,0.1
871,Baseline,1,Balanced,0,Medium,1,Medium,1,8.69084,1990.62,0.0943191,0.1
872,Baseline,1,Balanced,0,Medium,1,Medium,1,8.73815,1998.85,0.0943634,0.1
873,Baseline,1,Balanced,0,Medium,1,Medium,1,8.69882,1988.89,0.0946701,0.1
874,Baseline,1,Balanced,0,Medium,1,Medium,1,8.74402,2000.84,0.0942612,0.1
875,Baseline,1,Balanced,0,Medium,1,Medium,1,8.67908,1985.86,0.0940991,0.1
876,Baseline,1,Balanced,0,Medium,1,Medium,1,8.64641,1977.24,0.0939738,0.1
877,Baseline,1,Balanced,0,Medium,1,Medium,1,8.68008,1985.61,0.0938773,0.1
878,Baseline,1,Balanced,0,Medium,1,Medium,1,8.60984,1968.38,0.0941821,0.1
879,Baseline,1,Balanced,0,Medium,1,Medium,1,8.70186,1990.63,0.0944078,0.1
880,Baseline,1,Balanced,0,Medium,1,Medium,1,8.71983,1994.14,0.0946856,0.1
881,Baseline,1,Balanced,0,Medium,1,Medium,1,8.68073,1984.26,0.0942168,0.1
882,Baseline,1,Balanced,0,Medium,1,Medium,1,8.66836,1983.77,0.093559,0.1
883,Baseline,1,Balanced,0,Medium,1,Medium,1,8.70528,1992.37,0.0940953,0.1
884,Baseline,1,Balanced,0,Medium,1,Medium,1,8.63677,1977.39,0.0937674,0.1
885,Baseline,1,Balanced,0,Medium,1,Medium,1,8.7299,1998.2,0.0949036,0.1
886,Baseline,1,Balanced,0,Medium,1,Medium,1,8.74891,2001.92,0.0946181,0.1
887,Baseline,1,Balanced,0,Medium,1,Medium,1,8.6497,1979.06,0.0940953,0.1
888,Baseline,1,Balanced,0,Medium,1,Medium,1,8.69627,1989.38,0.0945872,0.1
889,Baseline,1,Balanced,0,Medium,1,Medium,1,8.58335,1962.6,0.0935243,0.1
890,Baseline,1,Balanced,0,Medium,1,Medium,1,8.62784,1974.12,0.0941416,0.1
891,Baseline,1,Balanced,0,Medium,1,Medium,1,8.62994,1973.39,0.0943133,0.1
892,Baseline,1,Balanced,0,Medium,1,Medium,1,8.72416,1996.17,0.09451,0.1
893,Baseline,1,Balanced,0,Medium,1,Medium,1,8.69303,1987.05,0.0943557,0.1
894,Baseline,1,Balanced,0,Medium,1,Medium,1,8.63536,1976.33,0.0941975,0.1
895,Baseline,1,Balanced,0,Medium,1,Medium,1,8.66543,1978.81,0.0952971,0.1
896,Baseline,1,Balanced,0,Medium,1,Medium,1,8.80393,2013.58,0.0945679,0.1
897,Baseline,1,Balanced,0,Medium,1,Medium,1,8.6356,1974.78,0.0939873,0.1
898,Baseline,1,Balanced,0,Medium,1,Medium,1,8.69026,1988.34,0.0943846,0.1
899,Baseline,1,Balanced,0,Medium,1,Medium,1,8.62418,1972.96,0.0935532,0.1
900,Baseline,1,Balanced,0,Medium,1,Medium,1,8.7871,2012.94,0.0948592,0.1
901,Baseline,1,Balanced,0,Medium,1,Medium,1,8.67893,1986.03,0.0943326,0.1
902,Baseline,1,Balanced,0,Medium,1,Medium,1,8.56783,1958.99,0.0935552,0.1
903,Baseline,1,Balanced,0,Medium,1,Medium,1,8.72045,1995.68,0.094265,0.1
904,Baseline,1,Balanced,0,Medium,1,Medium,1,8.69373,1987.49,0.0946007,0.1
905,Baseline,1,Balanced,0,Medium,1,Medium,1,8.53656,1949.73,0.0945448,0.1
906,Baseline,1,Balanced,0,Medium,1,Medium,1,8.71194,1991.86,0.0945988,0.1
907,Baseline,1,Balanced,0,Medium,1,Medium,1,8.75456,2003.16,0.0946856,0.1
908,Baseline,1,Balanced,0,Medium,1,Medium,1,8.64535,1976.99,0.0947492,0.1
909,Baseline,1,Balanced,0,Medium,1,Medium,1,8.66581,1982.19,0.0942689,0.1
910,Baseline,1,Balanced,0,Medium,1,Medium,1,8.741,2000.42,0.0947261,0.1
911,Baseline,1,Balanced,0,Medium,1,Medium,1,8.62359,1970.01,0.094647,0.1
912,Baseline,1,Balanced,0,Medium,1,Medium,1,8.67037,1981.48,0.0946701,0.1
913,Baseline,1,Balanced,0,Medium,1,Medium,1,8.75911,2003.6,0.0945949,0.1
914,Baseline,1,Balanced,0,Medium,1,Medium,1,8.7417,2001.57,0.0942708,0.1
915,Baseline,1,Balanced,0,Medium,1,Medium,1,8.75494,2004.03,0.0942959,0.1
916,Baseline,1,Balanced,0,Medium,1,Medium,1,8.66048,1981.74,0.0940162,0.1
917,Baseline,1,Balanced,0,Medium,1,Medium,1,8.6974,1988.79,0.0940934,0.1
918,Baseline,1,Balanced,0,Medium,1,Medium,1,8.7231,1994,0.0946258,0.1
919,Baseline,1,Balanced,0,Medium,1,Medium,1,8.67743,1983.43,0.0945448,0.1
920,Baseline,1,Balanced,0,Medium,1,Medium,1,8.58062,1962.18,0.0936728,0.1
921,Baseline,1,Balanced,0,Medium,1,Medium,1,8.6763,1985.07,0.0943191,0.1
922,Baseline,1,Balanced,0,Medium,1,Medium,1,8.72501,1995.09,0.0945274,0.1
923,Baseline,1,Balanced,0,Medium,1,Medium,1,8.75128,2003.05,0.0945216,0.1
924,Baseline,1,Balanced,0,Medium,1,Medium,1,8.6794,1985.3,0.0949325,0.1
925,Baseline,1,Balanced,0,Medium,1,Medium,1,8.71768,1993.49,0.0942091,0.1
926,Baseline,1,Balanced,0,Medium,1,Medium,1,8.7166,1996.12,0.093939,0.1
927,Baseline,1,Balanced,0,Medium,1,Medium,1,8.80194,2015.37,0.0949055,0.1
928,Baseline,1,Balanced,0,Medium,1,Medium,1,8.79529,2012.12,0.0948804,0.1
929,Baseline,1,Balanced,0,Medium,1,Medium,1,8.6581,1978.65,0.0941647,0.1
930,Baseline,1,Balanced,0,Medium,1,Medium,1,8.71563,1994.73,0.0940066,0.1
931,Baseline,1,Balanced,0,Medium,1,Medium,1,8.73023,1995.77,0.0946316,0.1
932,Baseline,1,Balanced,0,Medium,1,Medium,1,8.67829,1984.61,0.0942901,0.1
933,Baseline,1,Balanced,0,Medium,1,Medium,1,8.6889,1991.02,0.0934934,0.1
934,Baseline,1,Balanced,0,Medium,1,Medium,1,8.73966,1999.32,0.0944252,0.1
935,Baseline,1,Balanced,0,Medium,1,Medium,1,8.68573,1986.8,0.0944309,0.1
936,Baseline,1,Balanced,0,Medium,1,Medium,1,8.6814,1983.75,0.0947801,0.1
937,Baseline,1,Balanced,0,Medium,1,Medium,1,8.63044,1975.63,0.0941165,0.1
938,Baseline,1,Balanced,0,Medium,1,Medium,1,8.73575,1999.99,0.0942265,0.1
939,Baseline,1,Balanced,0,Medium,1,Medium,1,8.6635,1980.95,0.0946701,0.1
940,Baseline,1,Balanced,0,Medium,1,Medium,1,8.72288,1996.2,0.0944194,0.1
941,Baseline,1,Balanced,0,Medium,1,Medium,1,8.69276,1987.4,0.0946933,0.1
942,Baseline,1,Balanced,0,Medium,1,Medium,1,8.68446,1986.2,0.0938368,0.1
943,Baseline,1,Balanced,0,Medium,1,Medium,1,8.77378,2007.92,0.094647,0.1
944,Baseline,1,Balanced,0,Medium,1,Medium,1,8.67348,1984.15,0.0940239,0.1
945,Baseline,1,Balanced,0,Medium,1,Medium,1,8.64846,1975.86,0.0943789,0.1
946,Baseline,1,Balanced,0,Medium,1,Medium,1,8.67274,1983.25,0.0945081,0.1
947,Baseline,1,Balanced,0,Medium,1,Medium,1,8.73574,1998.89,0.0941821,0.1
948,Baseline,1,Balanced,0,Medium,1,Medium,1,8.71562,1993.5,0.0947029,0.1
949,Baseline,1,Balanced,0,Medium,1,Medium,1,8.66703,1980.64,0.0948669,0.1
950,Baseline,1,Balanced,0,Medium,1,Medium,1,8.68751,1987.42,0.0947184,0.1
951,Baseline,1,Balanced,0,Medium,1,Medium,1,8.63635,1974.3,0.094211,0.1
952,Baseline,1,Balanced,0,Medium,1,Medium,1,8.6853,1986.25,0.0940799,0.1
953,Baseline,1,Balanced,0,Medium,1,Medium,1,8.69033,1988.52,0.0939699,0.1
954,Baseline,1,Balanced,0,Medium,1,Medium,1,8.71802,1994.27,0.0950675,0.1
955,Baseline,1,Balanced,0,Medium,1,Medium,1,8.70723,1991.25,0.0946644,0.1
956,Baseline,1,Balanced,0,Medium,1,Medium,1,8.63505,1974.15,0.0936536,0.1
957,Baseline,1,Balanced,0,Medium,1,Medium,1,8.73348,1999.3,0.0948862,0.1
958,Baseline,1,Balanced,0,Medium,1,Medium,1,8.61573,1971.3,0.0937481,0.1
959,Baseline,1,Balanced,0,Medium,1,Medium,1,8.78575,2007.02,0.0954668,0.1
960,Baseline,1,Balanced,0,Medium,1,Medium,1,8.68762,1987.14,0.0940972,0.1
961,Baseline,1,Balanced,0,Medium,1,Medium,1,8.76742,2007.56,0.0940413,0.1
962,Baseline,1,Balanced,0,Medium,1,Medium,1,8.50158,1943.18,0.0938484,0.1
963,Baseline,1,Balanced,0,Medium,1,Medium,1,8.77796,2008.32,0.0946991,0.1
964,Baseline,1,Balanced,0,Medium,1,Medium,1,8.64271,1976.82,0.094483,0.1
965,Baseline,1,Balanced,0,Medium,1,Medium,1,8.75751,2003.51,0.0947434,0.1
966,Baseline,1,Balanced,0,Medium,1,Medium,1,8.6671,1982.32,0.0942515,0.1
967,Baseline,1,Balanced,0,Medium,1,Medium,1,8.69106,1985.18,0.0951543,0.1
968,Baseline,1,Balanced,0,Medium,1,Medium,1,8.71011,1992.27,0.0947049,0.1
969,Baseline,1,Balanced,0,Medium,1,Medium,1,8.67545,1983.3,0.0945775,0.1
970,Baseline,1,Balanced,0,Medium,1,Medium,1,8.69576,1989.56,0.0941763,0.1
971,Baseline,1,Balanced,0,Medium,1,Medium,1,8.6808,1986.57,0.0944252,0.1
972,Baseline,1,Balanced,0,Medium,1,Medium,1,8.76878,2006.52,0.094564,0.1
973,Baseline,1,Balanced,0,Medium,1,Medium,1,8.66566,1982.7,0.0944985,0.1
974,Baseline,1,Balanced,0,Medium,1,Medium,1,8.65478,1978.9,0.0946875,0.1
975,Baseline,1,Balanced,0,Medium,1,Medium,1,8.67879,1986.17,0.0943017,0.1
976,Baseline,1,Balanced,0,Medium,1,Medium,1,8.7489,2002.57,0.0946219,0.1
977,Baseline,1,Balanced,0,Medium,1,Medium,1,8.64257,1976.74,0.0938542,0.1
978,Baseline,1,Balanced,0,Medium,1,Medium,1,8.77849,2008.01,0.0945525,0.1
979,Baseline,1,Balanced,0,Medium,1,Medium,1,8.65199,1977.37,0.0942824,0.1
980,Baseline,1,Balanced,0,Medium,1,Medium,1,8.70985,1992.59,0.094076,0.1
981,Baseline,1,Balanced,0,Medium,1,Medium,1,8.65247,1978.63,0.0940201,0.1
982,Baseline,1,Balanced,0,Medium,1,Medium,1,8.76348,2004.51,0.0947666,0.1
983,Baseline,1,Balanced,0,Medium,1,Medium,1,8.66916,1983.38,0.094184,0.1
984,Baseline,1,Balanced,0,Medium,1,Medium,1,8.79214,2010.19,0.0955941,0.1
985,Baseline,1,Balanced,0,Medium,1,Medium,1,8.61683,1971.89,0.094184,0.1
986,Baseline,1,Balanced,0,Medium,1,Medium,1,8.82964,2021.2,0.0948167,0.1
987,Baseline,1,Balanced,0,Medium,1,Medium,1,8.60356,1968.7,0.0940278,0.1
988,Baseline,1,Balanced,0,Medium,1,Medium,1,8.71455,1994.06,0.0948283,0.1
989,Baseline,1,Balanced,0,Medium,1,Medium,1,8.71375,1991.72,0.0945872,0.1
990,Baseline,1,Balanced,0,Medium,1,Medium,1,8.66148,1980.91,0.0938715,0.1
991,Baseline,1,Balanced,0,Medium,1,Medium,1,8.74562,2001.39,0.0943885,0.1
992,Baseline,1,Balanced,0,Medium,1,Medium,1,8.64824,1975.36,0.0946971,0.1
993,Baseline,1,Balanced,0,Medium,1,Medium,1,8.65941,1979.63,0.0947299,0.1
994,Baseline,1,Balanced,0,Medium,1,Medium,1,8.66856,1981.79,0.0944271,0.1
995,Baseline,1,Balanced,0,Medium,1,Medium,1,8.68347,1986.52,0.0944116,0.1
996,Baseline,1,Balanced,0,Medium,1,Medium,1,8.62752,1973.55,0.0939718,0.1
997,Baseline,1,Balanced,0,Medium,1,Medium,1,8.69201,1988.45,0.0943306,0.1
998,Baseline,1,Balanced,0,Medium,1,Medium,1,8.64864,1978.7,0.0943383,0.1
999,Baseline,1,Balanced,0,Medium,1,Medium,1,8.71007,1994.09,0.0944985,0.1
1000,Baseline,1,Balanced,0,Medium,1,Medium,1,8.73782,1997.5,0.0947492,0.1
1001,Baseline,1,Balanced,0,Medium,1,Medium,1,8.69116,1988.25,0.0945255,0.1
1002,Baseline,1,Balanced,0,Medium,1,Medium,1,8.72665,1997.53,0.0943904,0.1
1003,Baseline,1,Balanced,0,Medium,1,Medium,1,8.73997,2000.88,0.0944772,0.1
1004,Baseline,1,Balanced,0,Medium,1,Medium,1,8.69608,1989.43,0.0941146,0.1
1005,Baseline,1,Balanced,0,Medium,1,Medium,1,8.65962,1981.72,0.0937519,0.1
1006,Baseline,1,Balanced,0,Medium,1,Medium,1,8.72581,1997.65,0.0948438,0.1
1007,Baseline,1,Balanced,0,Medium,1,Medium,1,8.70595,1991.04,0.0942573,0.1
1008,Baseline,1,Balanced,0,Medium,1,Medium,1,8.5723,1961.77,0.0933623,0.1
1009,Baseline,1,Balanced,0,Medium,1,Medium,1,8.72032,1994.99,0.0944599,0.1
1010,Baseline,1,Balanced,0,Medium,1,Medium,1,8.64888,1980.06,0.0938927,0.1
1011,Baseline,1,Balanced,0,Medium,1,Medium,1,8.64524,1978.14,0.0937018,0.1
1012,Baseline,1,Balanced,0,Medium,1,Medium,1,8.68687,1987.77,0.0942265,0.1
1013,Baseline,1,Balanced,0,Medium,1,Medium,1,8.57213,1960.95,0.0936863,0.1
1014,Baseline,1,Balanced,0,Medium,1,Medium,1,8.8166,2017.79,0.0948553,0.1
1015,Baseline,1,Balanced,0,Medium,1,Medium,1,8.61348,1968.87,0.0938966,0.1
1016,Baseline,1,Balanced,0,Medium,1,Medium,1,8.77595,2008.84,0.0946586,0.1
1017,Baseline,1,Balanced,0,Medium,1,Medium,1,8.76518,2006.52,0.0944522,0.1
1018,Baseline,1,Balanced,0,Medium,1,Medium,1,8.74081,1999.72,0.0951717,0.1
1019,Baseline,1,Balanced,0,Medium,1,Medium,1,8.74371,2001.33,0.0945177,0.1
1020,Baseline,1,Balanced,0,Medium,1,Medium,1,8.75662,2004.88,0.0947068,0.1
1021,Baseline,1,Balanced,0,Medium,1,Medium,1,8.71811,1992.69,0.0946412,0.1
1022,Baseline,1,Balanced,0,Medium,1,Medium,1,8.69177,1989.04,0.093914,0.1
1023,Baseline,1,Balanced,0,Medium,1,Medium,1,8.67172,1984.57,0.0936034,0.1
1024,Baseline,1,Balanced,0,Medium,1,Medium,1,8.67992,1984.51,0.0942284,0.1
1025,Baseline,1,Balanced,0,Medium,1,Medium,1,8.63746,1977.24,0.0933835,0.1
1026,Baseline,1,Balanced,0,Medium,1,Medium,1,8.64527,1978.42,0.0938619,0.1
1027,Baseline,1,Balanced,0,Medium,1,Medium,1,8.74287,2000.34,0.0948939,0.1
1028,Baseline,1,Balanced,0,Medium,1,Medium,1,8.6822,1984.79,0.0948727,0.1
1029,Baseline,1,Balanced,0,Medium,1,Medium,1,8.77518,2009.4,0.0947492,0.1
1030,Baseline,1,Balanced,0,Medium,1,Medium,1,8.69059,1987.9,0.094429,0.1
1031,Baseline,1,Balanced,0,Medium,1,Medium,1,8.73733,1999.45,0.0944946,0.1
1032,Baseline,1,Balanced,0,Medium,1,Medium,1,8.6823,1987.36,0.0937481,0.1
1033,Baseline,1,Balanced,0,Medium,1,Medium,1,8.68658,1987.39,0.0943441,0.1
1034,Baseline,1,Balanced,0,Medium,1,Medium,1,8.73145,1997.53,0.0946007,0.1
1035,Baseline,1,Balanced,0,Medium,1,Medium,1,8.65066,1977.68,0.0943229,0.1
1036,Baseline,1,Balanced,0,Medium,1,Medium,1,8.6528,1981.36,0.0940972,0.1
1037,Baseline,1,Balanced,0,Medium,1,Medium,1,8.62657,1973.01,0.0946508,0.1
1038,Baseline,1,Balanced,0,Medium,1,Medium,1,8.69719,1990.09,0.0944985,0.1
1039,Baseline,1,Balanced,0,Medium,1,Medium,1,8.66825,1982.63,0.0946566,0.1
1040,Baseline,1,Balanced,0,Medium,1,Medium,1,8.66199,1981.59,0.0945293,0.1
1041,Baseline,1,Balanced,0,Medium,1,Medium,1,8.74235,2001.6,0.0949209,0.1
1042,Baseline,1,Balanced,0,Medium,1,Medium,1,8.68898,1989.96,0.0937674,0.1
1043,Baseline,1,Balanced,0,Medium,1,Medium,1,8.63574,1974.81,0.0941879,0.1
1044,Baseline,1,Balanced,0,Medium,1,Medium,1,8.69423,1990.16,0.094157,0.1
1045,Baseline,1,Balanced,0,Medium,1,Medium,1,8.73989,2000.05,0.0947145,0.1
1046,Baseline,1,Balanced,0,Medium,1,Medium,1,8.66609,1982.11,0.094265,0.1
1047,Baseline,1,Balanced,0,Medium,1,Medium,1,8.71108,1993.47,0.0939757,0.1
1048,Baseline,1,Balanced,0,Medium,1,Medium,1,8.71486,1993.46,0.0939429,0.1
1049,Baseline,1,Balanced,0,Medium,1,Medium,1,8.68486,1986.25,0.0943731,0.1
1050,Baseline,1,Balanced,0,Medium,1,Medium,1,8.72775,1997.2,0.0943634,0.1
1051,Baseline,1,Balanced,0,Medium,1,Medium,1,8.73619,1998.28,0.0946007,0.1
1052,Baseline,1,Balanced,0,Medium,1,Medium,1,8.5761,1962.14,0.0935667,0.1
1053,Baseline,1,Balanced,0,Medium,1,Medium,1,8.67235,1982.17,0.0946316,0.1
1054,Baseline,1,Balanced,0,Medium,1,Medium,1,8.6597,1981.11,0.0942245,0.1
1055,Baseline,1,Balanced,0,Medium,1,Medium,1,8.694,1989.67,0.0940066,0.1
1056,Baseline,1,Balanced,0,Medium,1,Medium,1,8.55436,1957.26,0.0931501,0.1
1057,Baseline,1,Balanced,0,Medium,1,Medium,1,8.66977,1983.58,0.0941069,0.1
1058,Baseline,1,Balanced,0,Medium,1,Medium,1,8.68448,1986.55,0.0939892,0.1
1059,Baseline,1,Balanced,0,Medium,1,Medium,1,8.83716,2022.53,0.0947434,0.1
1060,Baseline,1,Balanced,0,Medium,1,Medium,1,8.67651,1986.22,0.0937539,0.1
1061,Baseline,1,Balanced,0,Medium,1,Medium,1,8.57916,1962.71,0.0936806,0.1
1062,Baseline,1,Balanced,0,Medium,1,Medium,1,8.66061,1982.77,0.0940625,0.1
1063,Baseline,1,Balanced,0,Medium,1,Medium,1,8.65211,1979.54,0.0939468,0.1
1064,Baseline,1,Balanced,0,Medium,1,Medium,1,8.6416,1976.31,0.0945448,0.1
1065,Baseline,1,Balanced,0,Medium,1,Medium,1,8.73004,1996.3,0.0944695,0.1
1066,Baseline,1,Balanced,0,Medium,1,Medium,1,8.71477,1994.15,0.0946161,0.1
1067,Baseline,1,Balanced,0,Medium,1,Medium,1,8.60181,1968.22,0.0941589,0.1
1068,Baseline,1,Balanced,0,Medium,1,Medium,1,8.72205,1995.88,0.094186,0.1
1069,Baseline,1,Balanced,0,Medium,1,Medium,1,8.76575,2005.97,0.0946103,0.1
1070,Baseline,1,Balanced,0,Medium,1,Medium,1,8.66789,1982.81,0.0942188,0.1
1071,Baseline,1,Balanced,0,Medium,1,Medium,1,8.6551,1978.06,0.094238,0.1
1072,Baseline,1,Balanced,0,Medium,1,Medium,1,8.71973,1993.79,0.0946605,0.1
1073,Baseline,1,Balanced,0,Medium,1,Medium,1,8.74127,1999.05,0.0950347,0.1
1074,Baseline,1,Balanced,0,Medium,1,Medium,1,8.71779,1993.65,0.0945525,0.1
1075,Baseline,1,Balanced,0,Medium,1,Medium,1,8.66864,1983.33,0.0943036,0.1
1076,Baseline,1,Balanced,0,Medium,1,Medium,1,8.72694,1995.67,0.0948573,0.1
1077,Baseline,1,Balanced,0,Medium,1,Medium,1,8.70926,1992.84,0.0941705,0.1
1078,Baseline,1,Balanced,0,Medium,1,Medium,1,8.64463,1976.27,0.0944406,0.1
1079,Baseline,1,Balanced,0,Medium,1,Medium,1,8.64009,1977.34,0.093559,0.1
1080,Baseline,1,Balanced,0,Medium,1,Medium,1,8.73101,1997.31,0.0947569,0.1
1081,Baseline,1,Balanced,0,Medium,1,Medium,1,8.71464,1992.25,0.0946836,0.1
1082,Baseline,1,Balanced,0,Medium,1,Medium,1,8.61177,1970.64,0.0936323,0.1
1083,Baseline,1,Balanced,0,Medium,1,Medium,1,8.73975,2000.81,0.0945583,0.1
1084,Baseline,1,Balanced,0,Medium,1,Medium,1,8.6835,1988.06,0.0941146,0.1
1085,Baseline,1,Balanced,0,Medium,1,Medium,1,8.69592,1989.86,0.0942342,0.1
1086,Baseline,1,Balanced,0,Medium,1,Medium,1,8.61219,1968.58,0.0942786,0.1
1087,Baseline,1,Balanced,0,Medium,1,Medium,1,8.663,1981.33,0.0945197,0.1
1088,Baseline,1,Balanced,0,Medium,1,Medium,1,8.67309,1983.51,0.0943113,0.1
1089,Baseline,1,Balanced,0,Medium,1,Medium,1,8.70403,1990.45,0.0950251,0.1
1090,Baseline,1,Balanced,0,Medium,1,Medium,1,8.73393,1998.92,0.0945698,0.1
1091,Baseline,1,Balanced,0,Medium,1,Medium,1,8.70074,1990.18,0.0942689,0.1
1092,Baseline,1,Balanced,0,Medium,1,Medium,1,8.63541,1974.78,0.0944811,0.1
1093,Baseline,1,Balanced,0,Medium,1,Medium,1,8.6563,1978.64,0.093858,0.1
1094,Baseline,1,Balanced,0,Medium,1,Medium,1,8.68081,1986.18,0.0940606,0.1
1095,Baseline,1,Balanced,0,Medium,1,Medium,1,8.72132,1995.89,0.0944194,0.1
1096,Baseline,1,Balanced,0,Medium,1,Medium,1,8.73037,1997.96,0.0940123,0.1
1097,Baseline,1,Balanced,0,Medium,1,Medium,1,8.59824,1966.38,0.0948341,0.1
1098,Baseline,1,Balanced,0,Medium,1,Medium,1,8.68952,1987.67,0.0940586,0.1
1099,Baseline,1,Balanced,0,Medium,1,Medium,1,8.7682,2006.45,0.0946026,0.1
1100,Baseline,1,Balanced,0,Medium,1,Medium,1,8.64619,1976.58,0.0940027,0.1
1101,Baseline,1,Balanced,0,Medium,1,Medium,1,8.71129,1993.75,0.0947627,0.1
1102,Baseline,1,Balanced,0,Medium,1,Medium,1,8.71093,1993.45,0.0939738,0.1
1103,Baseline,1,Balanced,0,Medium,1,Medium,1,8.65541,1979.58,0.0939043,0.1
1104,Baseline,1,Balanced,0,Medium,1,Medium,1,8.62134,1970.84,0.093968,0.1
1105,Baseline,1,Balanced,0,Medium,1,Medium,1,8.60514,1968.03,0.0938233,0.1
1106,Baseline,1,Balanced,0,Medium,1,Medium,1,8.66762,1982.94,0.09413,0.1
1107,Baseline,1,Balanced,0,Medium,1,Medium,1,8.67292,1983.45,0.0940008,0.1
1108,Baseline,1,Balanced,0,Medium,1,Medium,1,8.72246,1995.72,0.094076,0.1
1109,Baseline,1,Balanced,0,Medium,1,Medium,1,8.78182,2010.13,0.0951427,0.1
1110,Baseline,1,Balanced,0,Medium,1,Medium,1,8.69822,1991.38,0.0938387,0.1
1111,Baseline,1,Balanced,0,Medium,1,Medium,1,8.71985,1995.84,0.0942882,0.1
1112,Baseline,1,Balanced,0,Medium,1,Medium,1,8.69164,1987.71,0.0942612,0.1
1113,Baseline,1,Balanced,0,Medium,1,Medium,1,8.69837,1989.32,0.0946586,0.1
1114,Baseline,1,Balanced,0,Medium,1,Medium,1,8.63377,1972.47,0.0942496,0.1
1115,Baseline,1,Balanced,0,Medium,1,Medium,1,8.68783,1987.69,0.0943769,0.1
1116,Baseline,1,Balanced,0,Medium,1,Medium,1,8.70604,1993.18,0.0941435,0.1
1117,Baseline,1,Balanced,0,Medium,1,Medium,1,8.70104,1988.85,0.0942284,0.1
1118,Baseline,1,Balanced,0,Medium,1,Medium,1,8.70767,1992.84,0.0942515,0.1
1119,Baseline,1,Balanced,0,Medium,1,Medium,1,8.70379,1990.7,0.0939525,0.1
1120,Baseline,1,Balanced,0,Medium,1,Medium,1,8.71421,1993.17,0.0947878,0.1
1121,Baseline,1,Balanced,0,Medium,1,Medium,1,8.78483,2012.5,0.0944097,0.1
1122,Baseline,1,Balanced,0,Medium,1,Medium,1,8.72766,1996.52,0.0944387,0.1
1123,Baseline,1,Balanced,0,Medium,1,Medium,1,8.65497,1979.72,0.0943171,0.1
1124,Baseline,1,Balanced,0,Medium,1,Medium,1,8.64655,1978.26,0.0941011,0.1
1125,Baseline,1,Balanced,0,Medium,1,Medium,1,8.63247,1976.18,0.0944252,0.1
1126,Baseline,1,Balanced,0,Medium,1,Medium,1,8.63673,1974.55,0.0943268,0.1
1127,Baseline,1,Balanced,0,Medium,1,Medium,1,8.63871,1975.58,0.0940721,0.1
1128,Baseline,1,Balanced,0,Medium,1,Medium,1,8.67655,1985.58,0.0943673,0.1
1129,Baseline,1,Balanced,0,Medium,1,Medium,1,8.64863,1978.28,0.0943056,0.1
1130,Baseline,1,Balanced,0,Medium,1,Medium,1,8.72261,1997.56,0.0943345,0.1
1131,Baseline,1,Balanced,0,Medium,1,Medium,1,8.76612,2003.33,0.094892,0.1
1132,Baseline,1,Balanced,0,Medium,1,Medium,1,8.6744,1984.17,0.094512,0.1
1133,Baseline,1,Balanced,0,Medium,1,Medium,1,8.57156,1959.24,0.0937654,0.1
1134,Baseline,1,Balanced,0,Medium,1,Medium,1,8.70844,1992.68,0.0942998,0.1
1135,Baseline,1,Balanced,0,Medium,1,Medium,1,8.68095,1984.98,0.0938349,0.1
1136,Baseline,1,Balanced,0,Medium,1,Medium,1,8.71098,1991.7,0.0947434,0.1
1137,Baseline,1,Balanced,0,Medium,1,Medium,1,8.64153,1976.23,0.0949016,0.1
1138,Baseline,1,Balanced,0,Medium,1,Medium,1,8.67473,1984.61,0.0936728,0.1
1139,Baseline,1,Balanced,0,Medium,1,Medium,1,8.64385,1976.88,0.0939487,0.1
1140,Baseline,1,Balanced,0,Medium,1,Medium,1,8.64338,1976.3,0.0938947,0.1
1141,Baseline,1,Balanced,0,Medium,1,Medium,1,8.62453,1973.49,0.0940259,0.1
1142,Baseline,1,Balanced,0,Medium,1,Medium,1,8.67829,1985.63,0.0942978,0.1
1143,Baseline,1,Balanced,0,Medium,1,Medium,1,8.70899,1990.74,0.0943827,0.1
1144,Baseline,1,Balanced,0,Medium,1,Medium,1,8.61436,1970.71,0.0942033,0.1
1145,Baseline,1,Balanced,0,Medium,1,Medium,1,8.73733,1999.26,0.0944907,0.1
1146,Baseline,1,Balanced,0,Medium,1,Medium,1,8.65682,1980.75,0.0940625,0.1
1147,Baseline,1,Balanced,0,Medium,1,Medium,1,8.72003,1991.89,0.0951427,0.1
1148,Baseline,1,Balanced,0,Medium,1,Medium,1,8.68633,1986,0.094566,0.1
1149,Baseline,1,Balanced,0,Medium,1,Medium,1,8.65948,1982.47,0.0941088,0.1
1150,Baseline,1,Balanced,0,Medium,1,Medium,1,8.65188,1976.14,0.0948148,0.1
1151,Baseline,1,Balanced,0,Medium,1,Medium,1,8.70438,1988.47,0.094701,0.1
1152,Baseline,1,Balanced,0,Medium,1,Medium,1,8.72652,1996.34,0.0947975,0.1
1153,Baseline,1,Balanced,0,Medium,1,Medium,1,8.73207,1995.76,0.0948553,0.1
1154,Baseline,1,Balanced,0,Medium,1,Medium,1,8.64086,1976.71,0.093858,0.1
1155,Baseline,1,Balanced,0,Medium,1,Medium,1,8.658,1980.07,0.0940664,0.1
1156,Baseline,1,Balanced,0,Medium,1,Medium,1,8.74307,2001.41,0.0942786,0.1
1157,Baseline,1,Balanced,0,Medium,1,Medium,1,8.74671,2000.7,0.0947743,0.1
1158,Baseline,1,Balanced,0,Medium,1,Medium,1,8.68671,1989.52,0.0936458,0.1
1159,Baseline,1,Balanced,0,Medium,1,Medium,1,8.69989,1989.98,0.0942863,0.1
1160,Baseline,1,Balanced,0,Medium,1,Medium,1,8.70898,1993.98,0.0946586,0.1
1161,Baseline,1,Balanced,0,Medium,1,Medium,1,8.63823,1974.48,0.0942728,0.1
1162,Baseline,1,Balanced,0,Medium,1,Medium,1,8.68282,1987.6,0.0938387,0.1
1163,Baseline,1,Balanced,0,Medium,1,Medium,1,8.63215,1973.83,0.0944965,0.1
1164,Baseline,1,Balanced,0,Medium,1,Medium,1,8.70073,1987.9,0.094836,0.1
1165,Baseline,1,Balanced,0,Medium,1,Medium,1,8.60969,1968.3,0.0940934,0.1
1166,Baseline,1,Balanced,0,Medium,1,Medium,1,8.74326,2002.49,0.0940548,0.1
1167,Baseline,1,Balanced,0,Medium,1,Medium,1,8.64979,1979.84,0.0941474,0.1
1168,Baseline,1,Balanced,0,Medium,1,Medium,1,8.73734,1998.83,0.0946258,0.1
1169,Baseline,1,Balanced,0,Medium,1,Medium,1,8.71014,1992.7,0.0944907,0.1
1170,Baseline,1,Balanced,0,Medium,1,Medium,1,8.70543,1991.68,0.0939371,0.1
1171,Baseline,1,Balanced,0,Medium,1,Medium,1,8.7772,2009.49,0.0944657,0.1
1172,Baseline,1,Balanced,0,Medium,1,Medium,1,8.62875,1973.31,0.0945718,0.1
1173,Baseline,1,Balanced,0,Medium,1,Medium,1,8.59997,1967.28,0.0941705,0.1
1174,Baseline,1,Balanced,0,Medium,1,Medium,1,8.70103,1989.49,0.0947647,0.1
1175,Baseline,1,Balanced,0,Medium,1,Medium,1,8.75035,2001.48,0.094892,0.1
1176,Baseline,1,Balanced,0,Medium,1,Medium,1,8.75662,2002.92,0.0942689,0.1
1177,Baseline,1,Balanced,0,Medium,1,Medium,1,8.74508,1999.39,0.0945409,0.1
1178,Baseline,1,Balanced,0,Medium,1,Medium,1,8.69829,1988.29,0.0942843,0.1
1179,Baseline,1,Balanced,0,Medium,1,Medium,1,8.68346,1987.32,0.0939892,0.1
1180,Baseline,1,Balanced,0,Medium,1,Medium,1,8.72456,1997.96,0.0939853,0.1
1181,Baseline,1,Balanced,0,Medium,1,Medium,1,8.6282,1973.25,0.0942978,0.1
1182,Baseline,1,Balanced,0,Medium,1,Medium,1,8.70195,1989.44,0.0948129,0.1
1183,Baseline,1,Balanced,0,Medium,1,Medium,1,8.698,1988.8,0.0941879,0.1
1184,Baseline,1,Balanced,0,Medium,1,Medium,1,8.63092,1974.33,0.0938638,0.1
1185,Baseline,1,Balanced,0,Medium,1,Medium,1,8.65225,1978.64,0.0942708,0.1
1186,Baseline,1,Balanced,0,Medium,1,Medium,1,8.72694,1995.93,0.0943036,0.1
1187,Baseline,1,Balanced,0,Medium,1,Medium,1,8.70897,1992.85,0.0942843,0.1
1188,Baseline,1,Balanced,0,Medium,1,Medium,1,8.68187,1986.14,0.0943538,0.1
1189,Baseline,1,Balanced,0,Medium,1,Medium,1,8.6866,1986.22,0.0943422,0.1
1190,Baseline,1,Balanced,0,Medium,1,Medium,1,8.75488,2001.75,0.0947319,0.1
1191,Baseline,1,Balanced,0,Medium,1,Medium,1,8.65922,1979.5,0.0942728,0.1
1192,Baseline,1,Balanced,0,Medium,1,Medium,1,8.69824,1987.92,0.0945949,0.1
1193,Baseline,1,Balanced,0,Medium,1,Medium,1,8.68178,1985.26,0.0943596,0.1
1194,Baseline,1,Balanced,0,Medium,1,Medium,1,8.653,1978.81,0.0942207,0.1
1195,Baseline,1,Balanced,0,Medium,1,Medium,1,8.67955,1984.57,0.0942226,0.1
1196,Baseline,1,Balanced,0,Medium,1,Medium,1,8.73341,1997.18,0.0947685,0.1
1197,Baseline,1,Balanced,0,Medium,1,Medium,1,8.67159,1982.17,0.0946624,0.1
1198,Baseline,1,Balanced,0,Medium,1,Medium,1,8.62897,1974.6,0.0939699,0.1
1199,Baseline,1,Balanced,0,Medium,1,Medium,1,8.64555,1975.1,0.0947531,0.1
1200,Baseline,1,Balanced,0,Medium,1,Medium,1,8.62119,1970.42,0.0942959,0.1
1201,Baseline,1,Balanced,0,Medium,1,Medium,1,8.70726,1991.44,0.0949981,0.1
1202,Baseline,1,Balanced,0,Medium,1,Medium,1,8.69971,1992.12,0.0940548,0.1
1203,Baseline,1,Balanced,0,Medium,1,Medium,1,8.6952,1990.9,0.0941088,0.1
1204,Baseline,1,Balanced,0,Medium,1,Medium,1,8.71271,1994.21,0.0942824,0.1
1205,Baseline,1,Balanced,0,Medium,1,Medium,1,8.71911,1994.89,0.0944174,0.1
1206,Baseline,1,Balanced,0,Medium,1,Medium,1,8.6324,1975.1,0.0944579,0.1
1207,Baseline,1,Balanced,0,Medium,1,Medium,1,8.7409,1999.78,0.0946933,0.1
1208,Baseline,1,Balanced,0,Medium,1,Medium,1,8.67736,1983.74,0.0947222,0.1
1209,Baseline,1,Balanced,0,Medium,1,Medium,1,8.68227,1986.24,0.0945042,0.1
1210,Baseline,1,Balanced,0,Medium,1,Medium,1,8.7311,1996.1,0.0945988,0.1
1211,Baseline,1,Balanced,0,Medium,1,Medium,1,8.70076,1990.6,0.0944637,0.1
1212,Baseline,1,Balanced,0,Medium,1,Medium,1,8.74465,2001.62,0.0948534,0.1
1213,Baseline,1,Balanced,0,Medium,1,Medium,1,8.60553,1965.06,0.0948708,0.1
1214,Baseline,1,Balanced,0,Medium,1,Medium,1,8.7664,2007.01,0.0943943,0.1
1215,Baseline,1,Balanced,0,Medium,1,Medium,1,8.62726,1973.69,0.0939487,0.1
1216,Baseline,1,Balanced,0,Medium,1,Medium,1,8.69099,1985.55,0.0949518,0.1
1217,Baseline,1,Balanced,0,Medium,1,Medium,1,8.69177,1989.21,0.0945235,0.1
1218,Baseline,1,Balanced,0,Medium,1,Medium,1,8.61775,1972.52,0.0939622,0.1
1219,Baseline,1,Balanced,0,Medium,1,Medium,1,8.63731,1977.04,0.0941763,0.1
1220,Baseline,1,Balanced,0,Medium,1,Medium,1,8.68258,1985.29,0.0944714,0.1
1221,Baseline,1,Balanced,0,Medium,1,Medium,1,8.75104,2001.66,0.0945505,0.1
1222,Baseline,1,Balanced,0,Medium,1,Medium,1,8.70621,1992.76,0.094539,0.1
1223,Baseline,1,Balanced,0,Medium,1,Medium,1,8.68076,1985.65,0.0945775,0.1
1224,Baseline,1,Balanced,0,Medium,1,Medium,1,8.61476,1970.34,0.0938175,0.1
1225,Baseline,1,Balanced,0,Medium,1,Medium,1,8.57574,1960.3,0.093586,0.1
1226,Baseline,1,Balanced,0,Medium,1,Medium,1,8.72299,1997.3,0.0941435,0.1
1227,Baseline,1,Balanced,0,Medium,1,Medium,1,8.56536,1960.05,0.0937326,0.1
1228,Baseline,1,Balanced,0,Medium,1,Medium,1,8.73737,1999.29,0.0946084,0.1
1229,Baseline,1,Balanced,0,Medium,1,Medium,1,8.70689,1994.75,0.0939255,0.1
1230,Baseline,1,Balanced,0,Medium,1,Medium,1,8.73817,1999.57,0.0940625,0.1
1231,Baseline,1,Balanced,0,Medium,1,Medium,1,8.68402,1986.76,0.0945197,0.1
1232,Baseline,1,Balanced,0,Medium,1,Medium,1,8.71514,1993.59,0.0942188,0.1
1233,Baseline,1,Balanced,0,Medium,1,Medium,1,8.7034,1992.26,0.094429,0.1
1234,Baseline,1,Balanced,0,Medium,1,Medium,1,8.69738,1991.26,0.0939603,0.1
1235,Baseline,1,Balanced,0,Medium,1,Medium,1,8.75934,2004.69,0.0943364,0.1
1236,Baseline,1,Balanced,0,Medium,1,Medium,1,8.8116,2019.5,0.0941532,0.1
1237,Baseline,1,Balanced,0,Medium,1,Medium,1,8.65693,1980.1,0.0942303,0.1
1238,Baseline,1,Balanced,0,Medium,1,Medium,1,8.73173,1997.29,0.0944406,0.1
1239,Baseline,1,Balanced,0,Medium,1,Medium,1,8.67243,1983.06,0.0944309,0.1
1240,Baseline,1,Balanced,0,Medium,1,Medium,1,8.69006,1989.39,0.0940162,0.1
1241,Baseline,1,Balanced,0,Medium,1,Medium,1,8.69924,1989.94,0.0943692,0.1
1242,Baseline,1,Balanced,0,Medium,1,Medium,1,8.60697,1967.22,0.0940991,0.1
1243,Baseline,1,Balanced,0,Medium,1,Medium,1,8.70253,1991.71,0.0940451,0.1
1244,Baseline,1,Balanced,0,Medium,1,Medium,1,8.71553,1993.74,0.0944155,0.1
1245,Baseline,1,Balanced,0,Medium,1,Medium,1,8.67975,1986.13,0.0942998,0.1
1246,Baseline,1,Balanced,0,Medium,1,Medium,1,8.67251,1983.71,0.0941416,0.1
1247,Baseline,1,Balanced,0,Medium,1,Medium,1,8.64931,1978.07,0.0945235,0.1
1248,Baseline,1,Balanced,0,Medium,1,Medium,1,8.68296,1985.96,0.0941127,0.1
1249,Baseline,1,Balanced,0,Medium,1,Medium,1,8.6803,1984.93,0.094539,0.1
1250,Baseline,1,Balanced,0,Medium,1,Medium,1,8.69239,1988.76,0.0942824,0.1
1251,Baseline,1,Balanced,0,Medium,1,Medium,1,8.6827,1985.59,0.0944348,0.1
1252,Baseline,1,Balanced,0,Medium,1,Medium,1,8.79314,2012.34,0.0943866,0.1
1253,Baseline,1,Balanced,0,Medium,1,Medium,1,8.65909,1982.14,0.0939583,0.1
1254,Baseline,1,Balanced,0,Medium,1,Medium,1,8.76183,2002.94,0.0948746,0.1
1255,Baseline,1,Balanced,0,Medium,1,Medium,1,8.72867,1998.8,0.0939718,0.1
1256,Baseline,1,Balanced,0,Medium,1,Medium,1,8.60176,1966.72,0.09386,0.1
1257,Baseline,1,Balanced,0,Medium,1,Medium,1,8.7013,1990.38,0.0948495,0.1
1258,Baseline,1,Balanced,0,Medium,1,Medium,1,8.72666,1998.45,0.0941589,0.1
1259,Baseline,1,Balanced,0,Medium,1,Medium,1,8.75188,2001.98,0.0946316,0.1
1260,Baseline,1,Balanced,0,Medium,1,Medium,1,8.73896,1998.55,0.0948611,0.1
1261,Baseline,1,Balanced,0,Medium,1,Medium,1,8.57179,1960.93,0.0937751,0.1
1262,Baseline,1,Balanced,0,Medium,1,Medium,1,8.68414,1984.88,0.0947801,0.1
1263,Baseline,1,Balanced,0,Medium,1,Medium,1,8.67526,1984.84,0.0942593,0.1
1264,Baseline,1,Balanced,0,Medium,1,Medium,1,8.7108,1993.39,0.0944483,0.1
1265,Baseline,1,Balanced,0,Medium,1,Medium,1,8.76892,2004.37,0.0953202,0.1
1266,Baseline,1,Balanced,0,Medium,1,Medium,1,8.64861,1979.78,0.0937577,0.1
1267,Baseline,1,Balanced,0,Medium,1,Medium,1,8.67679,1983.81,0.094566,0.1
1268,Baseline,1,Balanced,0,Medium,1,Medium,1,8.69388,1990.26,0.0937731,0.1
1269,Baseline,1,Balanced,0,Medium,1,Medium,1,8.64468,1979.32,0.0934549,0.1
1270,Baseline,1,Balanced,0,Medium,1,Medium,1,8.63197,1973.52,0.0943499,0.1
1271,Baseline,1,Balanced,0,Medium,1,Medium,1,8.75614,2003.76,0.0944309,0.1
1272,Baseline,1,Balanced,0,Medium,1,Medium,1,8.68382,1986.17,0.0943904,0.1
1273,Baseline,1,Balanced,0,Medium,1,Medium,1,8.74478,2000.27,0.0949768,0.1
1274,Baseline,1,Balanced,0,Medium,1,Medium,1,8.78536,2012.77,0.0942573,0.1
1275,Baseline,1,Balanced,0,Medium,1,Medium,1,8.7752,2007.16,0.0950965,0.1
1276,Baseline,1,Balanced,0,Medium,1,Medium,1,8.61402,1969.56,0.0941667,0.1
1277,Baseline,1,Balanced,0,Medium,1,Medium,1,8.62306,1973.2,0.0935995,0.1
1278,Baseline,1,Balanced,0,Medium,1,Medium,1,8.6963,1988.22,0.0945602,0.1
1279,Baseline,1,Balanced,0,Medium,1,Medium,1,8.56561,1959.38,0.0934741,0.1
1280,Baseline,1,Balanced,0,Medium,1,Medium,1,8.64248,1977.46,0.0943403,0.1
1281,Baseline,1,Balanced,0,Medium,1,Medium,1,8.72468,1997.4,0.0941493,0.1
1282,Baseline,1,Balanced,0,Medium,1,Medium,1,8.65348,1980.33,0.0938194,0.1
1283,Baseline,1,Balanced,0,Medium,1,Medium,1,8.66654,1984.49,0.0936555,0.1
1284,Baseline,1,Balanced,0,Medium,1,Medium,1,8.74778,2002.07,0.0943268,0.1
1285,Baseline,1,Balanced,0,Medium,1,Medium,1,8.71867,1996.28,0.0940799,0.1
1286,Baseline,1,Balanced,0,Medium,1,Medium,1,8.68085,1986.16,0.0942978,0.1
1287,Baseline,1,Balanced,0,Medium,1,Medium,1,8.65722,1979.3,0.0943904,0.1
1288,Baseline,1,Balanced,0,Medium,1,Medium,1,8.62808,1970.57,0.0940374,0.1
1289,Baseline,1,Balanced,0,Medium,1,Medium,1,8.65597,1980,0.0946123,0.1
1290,Baseline,1,Balanced,0,Medium,1,Medium,1,8.64226,1978.21,0.0941686,0.1
1291,Baseline,1,Balanced,0,Medium,1,Medium,1,8.70454,1991.27,0.0941435,0.1
1292,Baseline,1,Balanced,0,Medium,1,Medium,1,8.74568,2001.75,0.0944946,0.1
1293,Baseline,1,Balanced,0,Medium,1,Medium,1,8.61323,1969.87,0.0941435,0.1
1294,Baseline,1,Balanced,0,Medium,1,Medium,1,8.74889,2001.67,0.0944502,0.1
1295,Baseline,1,Balanced,0,Medium,1,Medium,1,8.6539,1979.44,0.0943171,0.1
1296,Baseline,1,Balanced,0,Medium,1,Medium,1,8.69669,1989.81,0.0948206,0.1
1297,Baseline,1,Balanced,0,Medium,1,Medium,1,8.79393,2011.16,0.0948804,0.1
1298,Baseline,1,Balanced,0,Medium,1,Medium,1,8.67979,1984.32,0.0947222,0.1
1299,Baseline,1,Balanced,0,Medium,1,Medium,1,8.63936,1974.04,0.0948225,0.1
1300,Baseline,1,Balanced,0,Medium,1,Medium,1,8.71886,1995.17,0.094838,0.1
1301,Baseline,1,Balanced,0,Medium,1,Medium,1,8.73481,1997.97,0.0946065,0.1
1302,Baseline,1,Balanced,0,Medium,1,Medium,1,8.69231,1988.59,0.0941204,0.1
1303,Baseline,1,Balanced,0,Medium,1,Medium,1,8.70522,1992.62,0.0946026,0.1
1304,Baseline,1,Balanced,0,Medium,1,Medium,1,8.69966,1989.73,0.0939661,0.1
1305,Baseline,1,Balanced,0,Medium,1,Medium,1,8.62498,1972.57,0.0941609,0.1
1306,Baseline,1,Balanced,0,Medium,1,Medium,1,8.66618,1983.51,0.0942052,0.1
1307,Baseline,1,Balanced,0,Medium,1,Medium,1,8.62724,1972.36,0.0941435,0.1
1308,Baseline,1,Balanced,0,Medium,1,Medium,1,8.64025,1975.24,0.0940085,0.1
1309,Baseline,1,Balanced,0,Medium,1,Medium,1,8.61169,1970.46,0.0933873,0.1
1310,Baseline,1,Balanced,0,Medium,1,Medium,1,8.74894,2002.82,0.09375,0.1
1311,Baseline,1,Balanced,0,Medium,1,Medium,1,8.65046,1979.21,0.0943731,0.1
1312,Baseline,1,Balanced,0,Medium,1,Medium,1,8.69456,1988.52,0.0944425,0.1
1313,Baseline,1,Balanced,0,Medium,1,Medium,1,8.6851,1986.72,0.0942921,0.1
1314,Baseline,1,Balanced,0,Medium,1,Medium,1,8.73323,1999.43,0.0942824,0.1
1315,Baseline,1,Balanced,0,Medium,1,Medium,1,8.66513,1979.26,0.0951717,0.1
1316,Baseline,1,Balanced,0,Medium,1,Medium,1,8.73611,1998.25,0.0946277,0.1
1317,Baseline,1,Balanced,0,Medium,1,Medium,1,8.60518,1967.58,0.0936844,0.1
1318,Baseline,1,Balanced,0,Medium,1,Medium,1,8.70269,1990.67,0.0938735,0.1
1319,Baseline,1,Balanced,0,Medium,1,Medium,1,8.66158,1980.91,0.0938638,0.1
1320,Baseline,1,Balanced,0,Medium,1,Medium,1,8.66214,1982.04,0.0937288,0.1
1321,Baseline,1,Balanced,0,Medium,1,Medium,1,8.78822,2008.82,0.0948611,0.1
1322,Baseline,1,Balanced,0,Medium,1,Medium,1,8.66924,1983.58,0.0939217,0.1
1323,Baseline,1,Balanced,0,Medium,1,Medium,1,8.63221,1974.03,0.094566,0.1
1324,Baseline,1,Balanced,0,Medium,1,Medium,1,8.74402,2001.14,0.09462,0.1
1325,Baseline,1,Balanced,0,Medium,1,Medium,1,8.65909,1980.96,0.093885,0.1
1326,Baseline,1,Balanced,0,Medium,1,Medium,1,8.69876,1990.67,0.0940914,0.1
1327,Baseline,1,Balanced,0,Medium,1,Medium,1,8.70125,1991.42,0.094593,0.1
1328,Baseline,1,Balanced,0,Medium,1,Medium,1,8.72069,1994.58,0.094593,0.1
1329,Baseline,1,Balanced,0,Medium,1,Medium,1,8.77875,2008.69,0.0947203,0.1
1330,Baseline,1,Balanced,0,Medium,1,Medium,1,8.70739,1991.51,0.0945351,0.1
1331,Baseline,1,Balanced,0,Medium,1,Medium,1,8.65255,1979.47,0.0944213,0.1
1332,Baseline,1,Balanced,0,Medium,1,Medium,1,8.72968,1998.3,0.0942824,0.1
1333,Baseline,1,Balanced,0,Medium,1,Medium,1,8.71817,1995.84,0.0942052,0.1
1334,Baseline,1,Balanced,0,Medium,1,Medium,1,8.67827,1985.22,0.0941551,0.1
1335,Baseline,1,Balanced,0,Medium,1,Medium,1,8.61428,1970.1,0.0936478,0.1
1336,Baseline,1,Balanced,0,Medium,1,Medium,1,8.74307,1999.8,0.0943634,0.1
1337,Baseline,1,Balanced,0,Medium,1,Medium,1,8.78338,2009.33,0.0946605,0.1
1338,Baseline,1,Balanced,0,Medium,1,Medium,1,8.73476,1997.36,0.0949556,0.1
1339,Baseline,1,Balanced,0,Medium,1,Medium,1,8.76164,2007.06,0.0940355,0.1
1340,Baseline,1,Balanced,0,Medium,1,Medium,1,8.66337,1980.67,0.094593,0.1
1341,Baseline,1,Balanced,0,Medium,1,Medium,1,8.67443,1983.85,0.0944946,0.1
1342,Baseline,1,Balanced,0,Medium,1,Medium,1,8.73663,2001.24,0.0940567,0.1
1343,Baseline,1,Balanced,0,Medium,1,Medium,1,8.72517,1995.59,0.0942419,0.1
1344,Baseline,1,Balanced,0,Medium,1,Medium,1,8.64837,1977.36,0.0941165,0.1
1345,Baseline,1,Balanced,0,Medium,1,Medium,1,8.66515,1982.46,0.0936902,0.1
1346,Baseline,1,Balanced,0,Medium,1,Medium,1,8.66161,1982.42,0.0939024,0.1
1347,Baseline,1,Balanced,0,Medium,1,Medium,1,8.66253,1980.64,0.0938619,0.1
1348,Baseline,1,Balanced,0,Medium,1,Medium,1,8.74808,2003.25,0.0944676,0.1
1349,Baseline,1,Balanced,0,Medium,1,Medium,1,8.69541,1988.36,0.0950077,0.1
1350,Baseline,1,Balanced,0,Medium,1,Medium,1,8.84594,2023.55,0.0950559,0.1
1351,Baseline,1,Balanced,0,Medium,1,Medium,1,8.6106,1969.57,0.0941069,0.1
1352,Baseline,4,Balanced,0,Medium,1,Medium,1,8.69059,1987.18,0.0947859,0.1
1353,Baseline,4,Balanced,0,Medium,1,Medium,1,8.7232,1995.67,0.0942747,0.1
1354,Baseline,4,Balanced,0,Medium,1,Medium,1,8.6628,1981.46,0.0941725,0.1
1355,Baseline,4,Balanced,0,Medium,1,Medium,1,8.65717,1977.18,0.0948457,0.1
1356,Baseline,4,Balanced,0,Medium,1,Medium,1,8.65713,1977.62,0.094755,0.1
1357,Baseline,4,Balanced,0,Medium,1,Medium,1,8.74445,2001.54,0.0943981,0.1
1358,Baseline,4,Balanced,0,Medium,1,Medium,1,8.67873,1986.94,0.0936748,0.1
1359,Baseline,4,Balanced,0,Medium,1,Medium,1,8.68098,1986.12,0.0944155,0.1
1360,Baseline,4,Balanced,0,Medium,1,Medium,1,8.6841,1986.89,0.0943538,0.1
1361,Baseline,4,Balanced,0,Medium,1,Medium,1,8.72979,1995.81,0.0946528,0.1
1362,Baseline,4,Balanced,0,Medium,1,Medium,1,8.72646,1996.97,0.0947994,0.1
1363,Baseline,4,Balanced,0,Medium,1,Medium,1,8.68434,1990.71,0.0940008,0.1
1364,Baseline,4,Balanced,0,Medium,1,Medium,1,8.73939,1996.48,0.094919,0.1
1365,Baseline,4,Balanced,0,Medium,1,Medium,1,8.7767,2008.42,0.0945023,0.1
1366,Baseline,4,Balanced,0,Medium,1,Medium,1,8.72659,1997.17,0.0946451,0.1
1367,Baseline,4,Balanced,0,Medium,1,Medium,1,8.6168,1971.33,0.0940143,0.1
1368,Baseline,4,Balanced,0,Medium,1,Medium,1,8.68612,1987.02,0.0937037,0.1
1369,Baseline,4,Balanced,0,Medium,1,Medium,1,8.69404,1989.34,0.0945042,0.1
1370,Baseline,4,Balanced,0,Medium,1,Medium,1,8.72184,1995.58,0.0943191,0.1
1371,Baseline,4,Balanced,0,Medium,1,Medium,1,8.72119,1997.33,0.0936998,0.1
1372,Baseline,4,Balanced,0,Medium,1,Medium,1,8.77883,2009.27,0.0946624,0.1
1373,Baseline,4,Balanced,0,Medium,1,Medium,1,8.66819,1985.23,0.0938156,0.1
1374,Baseline,4,Balanced,0,Medium,1,Medium,1,8.7022,1990.69,0.0940201,0.1
1375,Baseline,4,Balanced,0,Medium,1,Medium,1,8.79358,2013.1,0.0945891,0.1
1376,Baseline,4,Balanced,0,Medium,1,Medium,1,8.69341,1988.7,0.0944425,0.1
1377,Baseline,4,Balanced,0,Medium,1,Medium,1,8.68729,1987.74,0.0941898,0.1
1378,Baseline,4,Balanced,0,Medium,1,Medium,1,8.68624,1986.3,0.0941435,0.1
1379,Baseline,4,Balanced,0,Medium,1,Medium,1,8.69956,1990.23,0.0942766,0.1
1380,Baseline,4,Balanced,0,Medium,1,Medium,1,8.73893,1999.7,0.0945004,0.1
1381,Baseline,4,Balanced,0,Medium,1,Medium,1,8.61486,1971.88,0.0937635,0.1
1382,Baseline,4,Balanced,0,Medium,1,Medium,1,8.68744,1987.83,0.0944599,0.1
1383,Baseline,4,Balanced,0,Medium,1,Medium,1,8.68024,1984.77,0.0946914,0.1
1384,Baseline,4,Balanced,0,Medium,1,Medium,1,8.72071,1995.42,0.0945911,0.1
1385,Baseline,4,Balanced,0,Medium,1,Medium,1,8.63813,1975.49,0.0947666,0.1
1386,Baseline,4,Balanced,0,Medium,1,Medium,1,8.70119,1991.95,0.0942747,0.1
1387,Baseline,4,Balanced,0,Medium,1,Medium,1,8.63315,1974.74,0.0944483,0.1
1388,Baseline,4,Balanced,0,Medium,1,Medium,1,8.67411,1983.45,0.0942091,0.1
1389,Baseline,4,Balanced,0,Medium,1,Medium,1,8.64718,1978.38,0.0940953,0.1
1390,Baseline,4,Balanced,0,Medium,1,Medium,1,8.64463,1976.74,0.0943383,0.1
1391,Baseline,4,Balanced,0,Medium,1,Medium,1,8.63805,1974.45,0.0944522,0.1
1392,Baseline,4,Balanced,0,Medium,1,Medium,1,8.73284,1997.5,0.0947608,0.1
1393,Baseline,4,Balanced,0,Medium,1,Medium,1,8.7536,2003.88,0.094701,0.1
1394,Baseline,4,Balanced,0,Medium,1,Medium,1,8.68712,1987.72,0.0941647,0.1
1395,Baseline,4,Balanced,0,Medium,1,Medium,1,8.67012,1984.51,0.0940818,0.1
1396,Baseline,4,Balanced,0,Medium,1,Medium,1,8.65468,1978.3,0.094211,0.1
1397,Baseline,4,Balanced,0,Medium,1,Medium,1,8.6597,1981.32,0.0941339,0.1
1398,Baseline,4,Balanced,0,Medium,1,Medium,1,8.63887,1975.33,0.0945255,0.1
1399,Baseline,4,Balanced,0,Medium,1,Medium,1,8.69842,1989.08,0.0946991,0.1
1400,Baseline,4,Balanced,0,Medium,1,Medium,1,8.68413,1986.97,0.0942708,0.1
1401,Baseline,4,Balanced,0,Medium,1,Medium,1,8.66257,1983.18,0.0939371,0.1
1402,Baseline,4,Balanced,0,Medium,1,Medium,1,8.7707,2005.67,0.0948843,0.1
1403,Baseline,4,Balanced,0,Medium,1,Medium,1,8.71224,1993.75,0.0944367,0.1
1404,Baseline,4,Balanced,0,Medium,1,Medium,1,8.64788,1977.37,0.0936748,0.1
1405,Baseline,4,Balanced,0,Medium,1,Medium,1,8.70908,1992.74,0.0945891,0.1
1406,Baseline,4,Balanced,0,Medium,1,Medium,1,8.68252,1989.36,0.093559,0.1
1407,Baseline,4,Balanced,0,Medium,1,Medium,1,8.69479,1987.29,0.0946412,0.1
1408,Baseline,4,Balanced,0,Medium,1,Medium,1,8.76838,2007.13,0.0944464,0.1
1409,Baseline,4,Balanced,0,Medium,1,Medium,1,8.72011,1996.65,0.0942091,0.1
1410,Baseline,4,Balanced,0,Medium,1,Medium,1,8.63862,1974.9,0.0938368,0.1
1411,Baseline,4,Balanced,0,Medium,1,Medium,1,8.58291,1963.6,0.0934799,0.1
1412,Baseline,4,Balanced,0,Medium,1,Medium,1,8.73452,1999.54,0.0942188,0.1
1413,Baseline,4,Balanced,0,Medium,1,Medium,1,8.74644,2000.67,0.0948515,0.1
1414,Baseline,4,Balanced,0,Medium,1,Medium,1,8.59693,1964.97,0.0945197,0.1
1415,Baseline,4,Balanced,0,Medium,1,Medium,1,8.65392,1980.25,0.09375,0.1
1416,Baseline,4,Balanced,0,Medium,1,Medium,1,8.64103,1977.12,0.0939024,0.1
1417,Baseline,4,Balanced,0,Medium,1,Medium,1,8.79495,2011.68,0.0947569,0.1
1418,Baseline,4,Balanced,0,Medium,1,Medium,1,8.73502,1997.94,0.094375,0.1
1419,Baseline,4,Balanced,0,Medium,1,Medium,1,8.67933,1984.16,0.0946277,0.1
1420,Baseline,4,Balanced,0,Medium,1,Medium,1,8.76896,2004.89,0.095164,0.1
1421,Baseline,4,Balanced,0,Medium,1,Medium,1,8.6934,1989.73,0.0940104,0.1
1422,Baseline,4,Balanced,0,Medium,1,Medium,1,8.68961,1987.33,0.0950231,0.1
1423,Baseline,4,Balanced,0,Medium,1,Medium,1,8.74179,1999.26,0.0941474,0.1
1424,Baseline,4,Balanced,0,Medium,1,Medium,1,8.6423,1976.26,0.0939622,0.1
1425,Baseline,4,Balanced,0,Medium,1,Medium,1,8.62992,1972.33,0.0944097,0.1
1426,Baseline,4,Balanced,0,Medium,1,Medium,1,8.77248,2008.8,0.0942323,0.1
1427,Baseline,4,Balanced,0,Medium,1,Medium,1,8.68498,1987,0.0938715,0.1
1428,Baseline,4,Balanced,0,Medium,1,Medium,1,8.76053,2004.67,0.0947878,0.1
1429,Baseline,4,Balanced,0,Medium,1,Medium,1,8.61366,1970.47,0.0943654,0.1
1430,Baseline,4,Balanced,0,Medium,1,Medium,1,8.69326,1988.05,0.0943133,0.1
1431,Baseline,4,Balanced,0,Medium,1,Medium,1,8.66388,1981.74,0.0944907,0.1
1432,Baseline,4,Balanced,0,Medium,1,Medium,1,8.71891,1996.61,0.0937519,0.1
1433,Baseline,4,Balanced,0,Medium,1,Medium,1,8.65787,1981.6,0.0941686,0.1
1434,Baseline,4,Balanced,0,Medium,1,Medium,1,8.62386,1974.13,0.0932986,0.1
1435,Baseline,4,Balanced,0,Medium,1,Medium,1,8.73673,1999.33,0.094157,0.1
1436,Baseline,4,Balanced,0,Medium,1,Medium,1,8.75144,2003.89,0.0943191,0.1
1437,Baseline,4,Balanced,0,Medium,1,Medium,1,8.74428,2001.08,0.0945853,0.1
1438,Baseline,4,Balanced,0,Medium,1,Medium,1,8.6525,1977.27,0.0944155,0.1
1439,Baseline,4,Balanced,0,Medium,1,Medium,1,8.66875,1983.35,0.093912,0.1
1440,Baseline,4,Balanced,0,Medium,1,Medium,1,8.619,1971.29,0.0937288,0.1
1441,Baseline,4,Balanced,0,Medium,1,Medium,1,8.76155,2005.48,0.0945795,0.1
1442,Baseline,4,Balanced,0,Medium,1,Medium,1,8.72176,1994.59,0.0948765,0.1
1443,Baseline,4,Balanced,0,Medium,1,Medium,1,8.70268,1991.91,0.0944155,0.1
1444,Baseline,4,Balanced,0,Medium,1,Medium,1,8.67766,1984.5,0.0946894,0.1
1445,Baseline,4,Balanced,0,Medium,1,Medium,1,8.58773,1962.61,0.0941937,0.1
1446,Baseline,4,Balanced,0,Medium,1,Medium,1,8.60392,1968.34,0.0940413,0.1
1447,Baseline,4,Balanced,0,Medium,1,Medium,1,8.75059,2003.24,0.0940548,0.1
1448,Baseline,4,Balanced,0,Medium,1,Medium,1,8.68023,1986.05,0.0943171,0.1
1449,Baseline,4,Balanced,0,Medium,1,Medium,1,8.61258,1969.11,0.0946296,0.1
1450,Baseline,4,Balanced,0,Medium,1,Medium,1,8.73082,1997.98,0.094456,0.1
1451,Baseline,4,Balanced,0,Medium,1,Medium,1,8.6127,1968.81,0.0941184,0.1
1452,Baseline,4,Balanced,0,Medium,1,Medium,1,8.66213,1980.64,0.0940451,0.1
1453,Baseline,4,Balanced,0,Medium,1,Medium,1,8.72196,1996.23,0.0941975,0.1
1454,Baseline,4,Balanced,0,Medium,1,Medium,1,8.69667,1987.82,0.0949036,0.1
1455,Baseline,4,Balanced,0,Medium,1,Medium,1,8.68037,1988.14,0.0934587,0.1
1456,Baseline,4,Balanced,0,Medium,1,Medium,1,8.72841,1995.98,0.0950386,0.1
1457,Baseline,4,Balanced,0,Medium,1,Medium,1,8.66632,1982.8,0.0938156,0.1
1458,Baseline,4,Balanced,0,Medium,1,Medium,1,8.71109,1993.57,0.0938754,0.1
1459,Baseline,4,Balanced,0,Medium,1,Medium,1,8.73271,1999.67,0.0945409,0.1
1460,Baseline,4,Balanced,0,Medium,1,Medium,1,8.7044,1990.69,0.0944174,0.1
1461,Baseline,4,Balanced,0,Medium,1,Medium,1,8.68878,1989.33,0.0938542,0.1
1462,Baseline,4,Balanced,0,Medium,1,Medium,1,8.75146,2002.63,0.0945891,0.1
1463,Baseline,4,Balanced,0,Medium,1,Medium,1,8.70106,1990.67,0.0940914,0.1
1464,Baseline,4,Balanced,0,Medium,1,Medium,1,8.67937,1986.15,0.0938696,0.1
1465,Baseline,4,Balanced,0,Medium,1,Medium,1,8.65912,1981.08,0.0942728,0.1
1466,Baseline,4,Balanced,0,Medium,1,Medium,1,8.65532,1979.95,0.0942419,0.1
1467,Baseline,4,Balanced,0,Medium,1,Medium,1,8.68898,1988.45,0.0941377,0.1
1468,Baseline,4,Balanced,0,Medium,1,Medium,1,8.70178,1990.99,0.0943615,0.1
1469,Baseline,4,Balanced,0,Medium,1,Medium,1,8.7682,2008.23,0.0938966,0.1
1470,Baseline,4,Balanced,0,Medium,1,Medium,1,8.72225,1997.15,0.0936902,0.1
1471,Baseline,4,Balanced,0,Medium,1,Medium,1,8.75725,2004.26,0.0948708,0.1
1472,Baseline,4,Balanced,0,Medium,1,Medium,1,8.61702,1972.78,0.0932697,0.1
1473,Baseline,4,Balanced,0,Medium,1,Medium,1,8.67269,1982.57,0.0948688,0.1
1474,Baseline,4,Balanced,0,Medium,1,Medium,1,8.6955,1989.35,0.0946721,0.1
1475,Baseline,4,Balanced,0,Medium,1,Medium,1,8.77605,2009.35,0.0942342,0.1
1476,Baseline,4,Balanced,0,Medium,1,Medium,1,8.62169,1971.32,0.0940374,0.1
1477,Baseline,4,Balanced,0,Medium,1,Medium,1,8.66683,1982.08,0.0941647,0.1
1478,Baseline,4,Balanced,0,Medium,1,Medium,1,8.74389,2000.61,0.0943981,0.1
1479,Baseline,4,Balanced,0,Medium,1,Medium,1,8.64813,1977.67,0.0940529,0.1
1480,Baseline,4,Balanced,0,Medium,1,Medium,1,8.68448,1987.49,0.0942786,0.1
1481,Baseline,4,Balanced,0,Medium,1,Medium,1,8.71451,1993.91,0.0949402,0.1
1482,Baseline,4,Balanced,0,Medium,1,Medium,1,8.62675,1973.37,0.0941069,0.1
1483,Baseline,4,Balanced,0,Medium,1,Medium,1,8.69287,1989.65,0.094211,0.1
1484,Baseline,4,Balanced,0,Medium,1,Medium,1,8.67412,1985.02,0.0938291,0.1
1485,Baseline,4,Balanced,0,Medium,1,Medium,1,8.68208,1986.14,0.0942515,0.1
1486,Baseline,4,Balanced,0,Medium,1,Medium,1,8.66182,1980.36,0.0942747,0.1
1487,Baseline,4,Balanced,0,Medium,1,Medium,1,8.764,2007.01,0.0944387,0.1
1488,Baseline,4,Balanced,0,Medium,1,Medium,1,8.81495,2016.84,0.0954147,0.1
1489,Baseline,4,Balanced,0,Medium,1,Medium,1,8.66269,1982.15,0.0940837,0.1
1490,Baseline,4,Balanced,0,Medium,1,Medium,1,8.58825,1964.27,0.0940644,0.1
1491,Baseline,4,Balanced,0,Medium,1,Medium,1,8.65846,1983.27,0.0938735,0.1
1492,Baseline,4,Balanced,0,Medium,1,Medium,1,8.66038,1981.34,0.0944985,0.1
1493,Baseline,4,Balanced,0,Medium,1,Medium,1,8.65594,1978.09,0.0950521,0.1
1494,Baseline,4,Balanced,0,Medium,1,Medium,1,8.74363,2001.31,0.0943326,0.1
1495,Baseline,4,Balanced,0,Medium,1,Medium,1,8.62829,1971.76,0.0941454,0.1
1496,Baseline,4,Balanced,0,Medium,1,Medium,1,8.6759,1984.69,0.0943017,0.1
1497,Baseline,4,Balanced,0,Medium,1,Medium,1,8.55226,1954.74,0.0937693,0.1
1498,Baseline,4,Balanced,0,Medium,1,Medium,1,8.6957,1989.68,0.094728,0.1
1499,Baseline,4,Balanced,0,Medium,1,Medium,1,8.74187,2001.8,0.0938464,0.1
1500,Baseline,4,Balanced,0,Medium,1,Medium,1,8.68638,1987.61,0.0940972,0.1
1501,Baseline,4,Balanced,0,Medium,1,Medium,1,8.79075,2010.76,0.0946759,0.1
1502,Baseline,4,Balanced,0,Medium,1,Medium,1,8.81793,2019.15,0.0946026,0.1
1503,Baseline,4,Balanced,0,Medium,1,Medium,1,8.66179,1981.5,0.0938561,0.1
1504,Baseline,4,Balanced,0,Medium,1,Medium,1,8.65703,1980.41,0.0940066,0.1
1505,Baseline,4,Balanced,0,Medium,1,Medium,1,8.68849,1988.78,0.0939275,0.1
1506,Baseline,4,Balanced,0,Medium,1,Medium,1,8.66051,1981.84,0.0939352,0.1
1507,Baseline,4,Balanced,0,Medium,1,Medium,1,8.70683,1993.31,0.0938966,0.1
1508,Baseline,4,Balanced,0,Medium,1,Medium,1,8.66814,1982.31,0.0943383,0.1
1509,Baseline,4,Balanced,0,Medium,1,Medium,1,8.7337,1999.62,0.0939024,0.1
1510,Baseline,4,Balanced,0,Medium,1,Medium,1,8.78243,2009.15,0.0949074,0.1
1511,Baseline,4,Balanced,0,Medium,1,Medium,1,8.66942,1983.39,0.0940876,0.1
1512,Baseline,4,Balanced,0,Medium,1,Medium,1,8.69908,1989.95,0.094647,0.1
1513,Baseline,4,Balanced,0,Medium,1,Medium,1,8.62729,1971.23,0.0945602,0.1
1514,Baseline,4,Balanced,0,Medium,1,Medium,1,8.74292,1998.14,0.0951833,0.1
1515,Baseline,4,Balanced,0,Medium,1,Medium,1,8.64864,1978.87,0.0943306,0.1
1516,Baseline,4,Balanced,0,Medium,1,Medium,1,8.70398,1990.26,0.0947029,0.1
1517,Baseline,4,Balanced,0,Medium,1,Medium,1,8.72856,1997.72,0.0938792,0.1
1518,Baseline,4,Balanced,0,Medium,1,Medium,1,8.68256,1984.13,0.0950733,0.1
1519,Baseline,4,Balanced,0,Medium,1,Medium,1,8.64996,1978.02,0.0946779,0.1
1520,Baseline,4,Balanced,0,Medium,1,Medium,1,8.73336,1998.89,0.0946431,0.1
1521,Baseline,4,Balanced,0,Medium,1,Medium,1,8.64877,1979.41,0.0938522,0.1
1522,Baseline,4,Balanced,0,Medium,1,Medium,1,8.69173,1985.9,0.0949171,0.1
1523,Baseline,4,Balanced,0,Medium,1,Medium,1,8.70947,1995.35,0.0939988,0.1
1524,Baseline,4,Balanced,0,Medium,1,Medium,1,8.7012,1988.92,0.0946933,0.1
1525,Baseline,4,Balanced,0,Medium,1,Medium,1,8.61094,1969.14,0.0941454,0.1
1526,Baseline,4,Balanced,0,Medium,1,Medium,1,8.68438,1985.38,0.0951138,0.1
1527,Baseline,4,Balanced,0,Medium,1,Medium,1,8.67558,1984.41,0.0942959,0.1
1528,Baseline,4,Balanced,0,Medium,1,Medium,1,8.66766,1983.26,0.0941493,0.1
1529,Baseline,4,Balanced,0,Medium,1,Medium,1,8.70499,1991.45,0.0942477,0.1
1530,Baseline,4,Balanced,0,Medium,1,Medium,1,8.717,1996.09,0.0938735,0.1
1531,Baseline,4,Balanced,0,Medium,1,Medium,1,8.65137,1980.12,0.0939198,0.1
1532,Baseline,4,Balanced,0,Medium,1,Medium,1,8.53843,1952.54,0.0932485,0.1
1533,Baseline,4,Balanced,0,Medium,1,Medium,1,8.60906,1968.74,0.0939757,0.1
1534,Baseline,4,Balanced,0,Medium,1,Medium,1,8.73927,1999.43,0.0943866,0.1
1535,Baseline,4,Balanced,0,Medium,1,Medium,1,8.78434,2011.43,0.0941416,0.1
1536,Baseline,4,Balanced,0,Medium,1,Medium,1,8.6538,1979.3,0.094512,0.1
1537,Baseline,4,Balanced,0,Medium,1,Medium,1,8.70796,1992.31,0.0943403,0.1
1538,Baseline,4,Balanced,0,Medium,1,Medium,1,8.63335,1974.4,0.0941339,0.1
1539,Baseline,4,Balanced,0,Medium,1,Medium,1,8.76594,2005.9,0.0946412,0.1
1540,Baseline,4,Balanced,0,Medium,1,Medium,1,8.65992,1980.18,0.0947569,0.1
1541,Baseline,4,Balanced,0,Medium,1,Medium,1,8.62059,1968.62,0.0945448,0.1
1542,Baseline,4,Balanced,0,Medium,1,Medium,1,8.64492,1974.49,0.0946971,0.1
1543,Baseline,4,Balanced,0,Medium,1,Medium,1,8.68127,1987.74,0.0939622,0.1
1544,Baseline,4,Balanced,0,Medium,1,Medium,1,8.70603,1993.2,0.0942824,0.1
1545,Baseline,4,Balanced,0,Medium,1,Medium,1,8.67365,1984,0.0940355,0.1
1546,Baseline,4,Balanced,0,Medium,1,Medium,1,8.73477,1999.68,0.0945525,0.1
1547,Baseline,4,Balanced,0,Medium,1,Medium,1,8.71663,1994.03,0.0943731,0.1
1548,Baseline,4,Balanced,0,Medium,1,Medium,1,8.68729,1989.25,0.0939178,0.1
1549,Baseline,4,Balanced,0,Medium,1,Medium,1,8.62943,1973.21,0.0943654,0.1
1550,Baseline,4,Balanced,0,Medium,1,Medium,1,8.64821,1979.58,0.0936921,0.1
1551,Baseline,4,Balanced,0,Medium,1,Medium,1,8.70465,1989.87,0.0942843,0.1
1552,Baseline,4,Balanced,0,Medium,1,Medium,1,8.67791,1984,0.0946952,0.1
1553,Baseline,4,Balanced,0,Medium,1,Medium,1,8.65418,1978.53,0.0943383,0.1
1554,Baseline,4,Balanced,0,Medium,1,Medium,1,8.6398,1978.51,0.0936323,0.1
1555,Baseline,4,Balanced,0,Medium,1,Medium,1,8.6406,1976,0.0939313,0.1
1556,Baseline,4,Balanced,0,Medium,1,Medium,1,8.59078,1964.09,0.0936092,0.1
1557,Baseline,4,Balanced,0,Medium,1,Medium,1,8.69839,1989.62,0.0945775,0.1
1558,Baseline,4,Balanced,0,Medium,1,Medium,1,8.58789,1964.22,0.0936285,0.1
1559,Baseline,4,Balanced,0,Medium,1,Medium,1,8.70101,1991.94,0.0939564,0.1
1560,Baseline,4,Balanced,0,Medium,1,Medium,1,8.63493,1974.9,0.0942149,0.1
1561,Baseline,4,Balanced,0,Medium,1,Medium,1,8.71459,1993.69,0.0945139,0.1
1562,Baseline,4,Balanced,0,Medium,1,Medium,1,8.76807,2007.18,0.0949055,0.1
1563,Baseline,4,Balanced,0,Medium,1,Medium,1,8.76485,2003.52,0.0949672,0.1
1564,Baseline,4,Balanced,0,Medium,1,Medium,1,8.83037,2020.4,0.0952257,0.1
1565,Baseline,4,Balanced,0,Medium,1,Medium,1,8.6448,1976.1,0.0946605,0.1
1566,Baseline,4,Balanced,0,Medium,1,Medium,1,8.63488,1973.88,0.0942149,0.1
1567,Baseline,4,Balanced,0,Medium,1,Medium,1,8.73339,1995.5,0.0949151,0.1
1568,Baseline,4,Balanced,0,Medium,1,Medium,1,8.62885,1973.5,0.0939236,0.1
1569,Baseline,4,Balanced,0,Medium,1,Medium,1,8.65912,1982,0.0940066,0.1
1570,Baseline,4,Balanced,0,Medium,1,Medium,1,8.68041,1985.52,0.0943056,0.1
1571,Baseline,4,Balanced,0,Medium,1,Medium,1,8.71038,1994.73,0.0939892,0.1
1572,Baseline,4,Balanced,0,Medium,1,Medium,1,8.68327,1987.51,0.0940413,0.1
1573,Baseline,4,Balanced,0,Medium,1,Medium,1,8.62677,1970.78,0.0941995,0.1
1574,Baseline,4,Balanced,0,Medium,1,Medium,1,8.64432,1978.38,0.0940336,0.1
1575,Baseline,4,Balanced,0,Medium,1,Medium,1,8.66326,1980.96,0.0943075,0.1
1576,Baseline,4,Balanced,0,Medium,1,Medium,1,8.69167,1988.38,0.0943557,0.1
1577,Baseline,4,Balanced,0,Medium,1,Medium,1,8.63208,1974.6,0.0943615,0.1
1578,Baseline,4,Balanced,0,Medium,1,Medium,1,8.62664,1973.65,0.0940336,0.1
1579,Baseline,4,Balanced,0,Medium,1,Medium,1,8.68413,1986.65,0.0942149,0.1
1580,Baseline,4,Balanced,0,Medium,1,Medium,1,8.68589,1985.71,0.0945737,0.1
1581,Baseline,4,Balanced,0,Medium,1,Medium,1,8.61047,1968.88,0.0938677,0.1
1582,Baseline,4,Balanced,0,Medium,1,Medium,1,8.72138,1996.74,0.0940374,0.1
1583,Baseline,4,Balanced,0,Medium,1,Medium,1,8.74631,2000.92,0.094537,0.1
1584,Baseline,4,Balanced,0,Medium,1,Medium,1,8.71864,1994.95,0.0942303,0.1
1585,Baseline,4,Balanced,0,Medium,1,Medium,1,8.65301,1979.22,0.0946065,0.1
1586,Baseline,4,Balanced,0,Medium,1,Medium,1,8.73419,1998.65,0.0944059,0.1
1587,Baseline,4,Balanced,0,Medium,1,Medium,1,8.64543,1977.98,0.0940934,0.1
1588,Baseline,4,Balanced,0,Medium,1,Medium,1,8.76257,2003.7,0.0947434,0.1
1589,Baseline,4,Balanced,0,Medium,1,Medium,1,8.66726,1983.89,0.0935532,0.1
1590,Baseline,4,Balanced,0,Medium,1,Medium,1,8.67721,1984.49,0.0947434,0.1
1591,Baseline,4,Balanced,0,Medium,1,Medium,1,8.64041,1975.45,0.0943422,0.1
1592,Baseline,4,Balanced,0,Medium,1,Medium,1,8.68734,1988.17,0.0942284,0.1
1593,Baseline,4,Balanced,0,Medium,1,Medium,1,8.64615,1978.41,0.0940972,0.1
1594,Baseline,4,Balanced,0,Medium,1,Medium,1,8.74244,1998.49,0.0952122,0.1
1595,Baseline,4,Balanced,0,Medium,1,Medium,1,8.75684,2003.92,0.0943654,0.1
1596,Baseline,4,Balanced,0,Medium,1,Medium,1,8.71263,1991.13,0.0946412,0.1
1597,Baseline,4,Balanced,0,Medium,1,Medium,1,8.64876,1976.6,0.0948225,0.1
1598,Baseline,4,Balanced,0,Medium,1,Medium,1,8.68439,1986.08,0.0946508,0.1
1599,Baseline,4,Balanced,0,Medium,1,Medium,1,8.70767,1992.25,0.0944136,0.1
1600,Baseline,4,Balanced,0,Medium,1,Medium,1,8.74281,2000.39,0.0942323,0.1
1601,Baseline,4,Balanced,0,Medium,1,Medium,1,8.67442,1985.53,0.0942265,0.1
1602,Baseline,4,Balanced,0,Medium,1,Medium,1,8.65232,1977.55,0.0944194,0.1
1603,Baseline,4,Balanced,0,Medium,1,Medium,1,8.76364,2004.41,0.0952296,0.1
1604,Baseline,4,Balanced,0,Medium,1,Medium,1,8.79239,2010.65,0.0948669,0.1
1605,Baseline,4,Balanced,0,Medium,1,Medium,1,8.68511,1988.04,0.0938464,0.1
1606,Baseline,4,Balanced,0,Medium,1,Medium,1,8.68641,1986.43,0.0943596,0.1
1607,Baseline,4,Balanced,0,Medium,1,Medium,1,8.7611,2004.68,0.0953086,0.1
1608,Baseline,4,Balanced,0,Medium,1,Medium,1,8.79889,2012.49,0.0949402,0.1
1609,Baseline,4,Balanced,0,Medium,1,Medium,1,8.69055,1988.12,0.0941339,0.1
1610,Baseline,4,Balanced,0,Medium,1,Medium,1,8.68121,1983.84,0.0949518,0.1
1611,Baseline,4,Balanced,0,Medium,1,Medium,1,8.71783,1994.17,0.0944907,0.1
1612,Baseline,4,Balanced,0,Medium,1,Medium,1,8.71197,1993.42,0.0942284,0.1
1613,Baseline,4,Balanced,0,Medium,1,Medium,1,8.71609,1993.83,0.0942303,0.1
1614,Baseline,4,Balanced,0,Medium,1,Medium,1,8.63399,1975.95,0.0936728,0.1
1615,Baseline,4,Balanced,0,Medium,1,Medium,1,8.68134,1985.36,0.0946393,0.1
1616,Baseline,4,Balanced,0,Medium,1,Medium,1,8.73631,1999.42,0.0945505,0.1
1617,Baseline,4,Balanced,0,Medium,1,Medium,1,8.6891,1988.02,0.0939487,0.1
1618,Baseline,4,Balanced,0,Medium,1,Medium,1,8.70803,1990.03,0.0944425,0.1
1619,Baseline,4,Balanced,0,Medium,1,Medium,1,8.7573,2004.92,0.0947377,0.1
1620,Baseline,4,Balanced,0,Medium,1,Medium,1,8.74086,2001.03,0.0943171,0.1
1621,Baseline,4,Balanced,0,Medium,1,Medium,1,8.61158,1968.91,0.0938291,0.1
1622,Baseline,4,Balanced,0,Medium,1,Medium,1,8.63962,1977.7,0.0935764,0.1
1623,Baseline,4,Balanced,0,Medium,1,Medium,1,8.61232,1968.38,0.0940972,0.1
1624,Baseline,4,Balanced,0,Medium,1,Medium,1,8.68166,1983.46,0.0949286,0.1
1625,Baseline,4,Balanced,0,Medium,1,Medium,1,8.75916,2003.29,0.0944579,0.1
1626,Baseline,4,Balanced,0,Medium,1,Medium,1,8.70936,1990.87,0.0944965,0.1
1627,Baseline,4,Balanced,0,Medium,1,Medium,1,8.78576,2011.67,0.094728,0.1
1628,Baseline,4,Balanced,0,Medium,1,Medium,1,8.73078,1995.49,0.0949286,0.1
1629,Baseline,4,Balanced,0,Medium,1,Medium,1,8.69693,1990.21,0.0942361,0.1
1630,Baseline,4,Balanced,0,Medium,1,Medium,1,8.76361,2006.62,0.0941107,0.1
1631,Baseline,4,Balanced,0,Medium,1,Medium,1,8.61727,1970.36,0.0940856,0.1
1632,Baseline,4,Balanced,0,Medium,1,Medium,1,8.63032,1973.97,0.0942863,0.1
1633,Baseline,4,Balanced,0,Medium,1,Medium,1,8.7224,1996.05,0.0946277,0.1
1634,Baseline,4,Balanced,0,Medium,1,Medium,1,8.72998,1998.13,0.0944078,0.1
1635,Baseline,4,Balanced,0,Medium,1,Medium,1,8.76224,2002.4,0.0948302,0.1
1636,Baseline,4,Balanced,0,Medium,1,Medium,1,8.7313,1998.36,0.0944329,0.1
1637,Baseline,4,Balanced,0,Medium,1,Medium,1,8.70494,1990.08,0.0944965,0.1
1638,Baseline,4,Balanced,0,Medium,1,Medium,1,8.74054,2001.74,0.0944522,0.1
1639,Baseline,4,Balanced,0,Medium,1,Medium,1,8.68241,1985.59,0.0945833,0.1
1640,Baseline,4,Balanced,0,Medium,1,Medium,1,8.64089,1976.9,0.0942554,0.1
1641,Baseline,4,Balanced,0,Medium,1,Medium,1,8.68699,1987.41,0.0945177,0.1
1642,Baseline,4,Balanced,0,Medium,1,Medium,1,8.69503,1989.17,0.0943904,0.1
1643,Baseline,4,Balanced,0,Medium,1,Medium,1,8.6867,1986.46,0.0943981,0.1
1644,Baseline,4,Balanced,0,Medium,1,Medium,1,8.65113,1977.79,0.094429,0.1
1645,Baseline,4,Balanced,0,Medium,1,Medium,1,8.64522,1975.79,0.0942998,0.1
1646,Baseline,4,Balanced,0,Medium,1,Medium,1,8.74537,2001.47,0.0947087,0.1
1647,Baseline,4,Balanced,0,Medium,1,Medium,1,8.70501,1990.88,0.0945621,0.1
1648,Baseline,4,Balanced,0,Medium,1,Medium,1,8.64282,1977.11,0.0943499,0.1
1649,Baseline,4,Balanced,0,Medium,1,Medium,1,8.56479,1959.13,0.0935185,0.1
1650,Baseline,4,Balanced,0,Medium,1,Medium,1,8.65674,1979.08,0.0940895,0.1
1651,Baseline,4,Balanced,0,Medium,1,Medium,1,8.789,2010.57,0.0948148,0.1
1652,Baseline,4,Balanced,0,Medium,1,Medium,1,8.62818,1973.75,0.0939969,0.1
1653,Baseline,4,Balanced,0,Medium,1,Medium,1,8.70075,1993.55,0.0935166,0.1
1654,Baseline,4,Balanced,0,Medium,1,Medium,1,8.74631,2001.78,0.0942689,0.1
1655,Baseline,4,Balanced,0,Medium,1,Medium,1,8.76074,2002.64,0.0950752,0.1
1656,Baseline,4,Balanced,0,Medium,1,Medium,1,8.71646,1995.51,0.0942496,0.1
1657,Baseline,4,Balanced,0,Medium,1,Medium,1,8.75331,2001.97,0.0947222,0.1
1658,Baseline,4,Balanced,0,Medium,1,Medium,1,8.65312,1979.71,0.0944252,0.1
1659,Baseline,4,Balanced,0,Medium,1,Medium,1,8.64019,1973.72,0.0946354,0.1
1660,Baseline,4,Balanced,0,Medium,1,Medium,1,8.59948,1965.04,0.0942921,0.1
1661,Baseline,4,Balanced,0,Medium,1,Medium,1,8.69867,1989.21,0.0946393,0.1
1662,Baseline,4,Balanced,0,Medium,1,Medium,1,8.69643,1989.44,0.0945313,0.1
1663,Baseline,4,Balanced,0,Medium,1,Medium,1,8.71791,1995.41,0.0948495,0.1
1664,Baseline,4,Balanced,0,Medium,1,Medium,1,8.65935,1979.94,0.0939911,0.1
1665,Baseline,4,Balanced,0,Medium,1,Medium,1,8.67797,1984.31,0.0943306,0.1
1666,Baseline,4,Balanced,0,Medium,1,Medium,1,8.64096,1975.24,0.094186,0.1
1667,Baseline,4,Balanced,0,Medium,1,Medium,1,8.71443,1994.17,0.0942901,0.1
1668,Baseline,4,Balanced,0,Medium,1,Medium,1,8.68935,1987.18,0.094402,0.1
1669,Baseline,4,Balanced,0,Medium,1,Medium,1,8.66524,1983.83,0.0938696,0.1
1670,Baseline,4,Balanced,0,Medium,1,Medium,1,8.72462,1998.48,0.0939641,0.1
1671,Baseline,4,Balanced,0,Medium,1,Medium,1,8.65704,1979.56,0.0943268,0.1
1672,Baseline,4,Balanced,0,Medium,1,Medium,1,8.71736,1992.14,0.0947068,0.1
1673,Baseline,4,Balanced,0,Medium,1,Medium,1,8.72374,1996.99,0.0940162,0.1
1674,Baseline,4,Balanced,0,Medium,1,Medium,1,8.62772,1974.13,0.0943171,0.1
1675,Baseline,4,Balanced,0,Medium,1,Medium,1,8.59018,1963.2,0.0940548,0.1
1676,Baseline,4,Balanced,0,Medium,1,Medium,1,8.71623,1993.84,0.0944078,0.1
1677,Baseline,4,Balanced,0,Medium,1,Medium,1,8.6587,1979.38,0.0940895,0.1
1678,Baseline,4,Balanced,0,Medium,1,Medium,1,8.7114,1993.28,0.093858,0.1
1679,Baseline,4,Balanced,0,Medium,1,Medium,1,8.69195,1987.88,0.0940779,0.1
1680,Baseline,4,Balanced,0,Medium,1,Medium,1,8.65516,1978.62,0.0942361,0.1
1681,Baseline,4,Balanced,0,Medium,1,Medium,1,8.64464,1979.08,0.0936285,0.1
1682,Baseline,4,Balanced,0,Medium,1,Medium,1,8.69985,1991.67,0.0936439,0.1
1683,Baseline,4,Balanced,0,Medium,1,Medium,1,8.76329,2003.42,0.09489,0.1
1684,Baseline,4,Balanced,0,Medium,1,Medium,1,8.72196,1994.85,0.0943519,0.1
1685,Baseline,4,Balanced,0,Medium,1,Medium,1,8.73869,1998.95,0.094566,0.1
1686,Baseline,4,Balanced,0,Medium,1,Medium,1,8.62549,1972.84,0.0938503,0.1
1687,Baseline,4,Balanced,0,Medium,1,Medium,1,8.68993,1987.4,0.0946412,0.1
1688,Baseline,4,Balanced,0,Medium,1,Medium,1,8.78729,2010.23,0.0951543,0.1
1689,Baseline,4,Balanced,0,Medium,1,Medium,1,8.64221,1975.8,0.0943827,0.1
1690,Baseline,4,Balanced,0,Medium,1,Medium,1,8.63937,1976.33,0.0941975,0.1
1691,Baseline,4,Balanced,0,Medium,1,Medium,1,8.66296,1981.91,0.0940914,0.1
1692,Baseline,4,Balanced,0,Medium,1,Medium,1,8.62146,1972.54,0.0933584,0.1
1693,Baseline,4,Balanced,0,Medium,1,Medium,1,8.6685,1981.08,0.0948495,0.1
1694,Baseline,4,Balanced,0,Medium,1,Medium,1,8.63737,1975.61,0.09375,0.1
1695,Baseline,4,Balanced,0,Medium,1,Medium,1,8.75945,2003.35,0.0949904,0.1
1696,Baseline,4,Balanced,0,Medium,1,Medium,1,8.68327,1988.57,0.0940123,0.1
1697,Baseline,4,Balanced,0,Medium,1,Medium,1,8.63131,1974.27,0.0938137,0.1
1698,Baseline,4,Balanced,0,Medium,1,Medium,1,8.74614,2000.66,0.0948013,0.1
1699,Baseline,4,Balanced,0,Medium,1,Medium,1,8.68491,1987.31,0.0943326,0.1
1700,Baseline,4,Balanced,0,Medium,1,Medium,1,8.70049,1989.39,0.0943904,0.1
1701,Baseline,4,Balanced,0,Medium,1,Medium,1,8.75288,2002.8,0.0945814,0.1
1702,Baseline,4,Balanced,0,Medium,1,Medium,1,8.71489,1993.14,0.0946431,0.1
1703,Baseline,4,Balanced,0,Medium,1,Medium,1,8.77409,2008.67,0.0941339,0.1
1704,Baseline,4,Balanced,0,Medium,1,Medium,1,8.70904,1992.97,0.0943036,0.1
1705,Baseline,4,Balanced,0,Medium,1,Medium,1,8.76557,2004.45,0.0942303,0.1
1706,Baseline,4,Balanced,0,Medium,1,Medium,1,8.78319,2009.09,0.0950694,0.1
1707,Baseline,4,Balanced,0,Medium,1,Medium,1,8.59425,1963.71,0.0941474,0.1
1708,Baseline,4,Balanced,0,Medium,1,Medium,1,8.85064,2027.13,0.0947299,0.1
1709,Baseline,4,Balanced,0,Medium,1,Medium,1,8.71993,1996.04,0.094186,0.1
1710,Baseline,4,Balanced,0,Medium,1,Medium,1,8.69535,1988.93,0.0943248,0.1
1711,Baseline,4,Balanced,0,Medium,1,Medium,1,8.64466,1976.39,0.0944599,0.1
1712,Baseline,4,Balanced,0,Medium,1,Medium,1,8.75014,2002.76,0.0944078,0.1
1713,Baseline,4,Balanced,0,Medium,1,Medium,1,8.71042,1992.25,0.0945467,0.1
1714,Baseline,4,Balanced,0,Medium,1,Medium,1,8.64469,1978.48,0.0941377,0.1
1715,Baseline,4,Balanced,0,Medium,1,Medium,1,8.64685,1978.74,0.093885,0.1
1716,Baseline,4,Balanced,0,Medium,1,Medium,1,8.68936,1987.47,0.0941416,0.1
1717,Baseline,4,Balanced,0,Medium,1,Medium,1,8.70877,1992.65,0.094402,0.1
1718,Baseline,4,Balanced,0,Medium,1,Medium,1,8.80467,2014.71,0.0942863,0.1
1719,Baseline,4,Balanced,0,Medium,1,Medium,1,8.67353,1982.42,0.09489,0.1
1720,Baseline,4,Balanced,0,Medium,1,Medium,1,8.74616,1999.4,0.0949807,0.1
1721,Baseline,4,Balanced,0,Medium,1,Medium,1,8.73075,1998.32,0.0941474,0.1
1722,Baseline,4,Balanced,0,Medium,1,Medium,1,8.63672,1974.57,0.0939198,0.1
1723,Baseline,4,Balanced,0,Medium,1,Medium,1,8.65816,1981.14,0.0936246,0.1
1724,Baseline,4,Balanced,0,Medium,1,Medium,1,8.54946,1952.14,0.0946219,0.1
1725,Baseline,4,Balanced,0,Medium,1,Medium,1,8.67999,1986.9,0.0936111,0.1
1726,Baseline,4,Balanced,0,Medium,1,Medium,1,8.69566,1988.28,0.0943962,0.1
1727,Baseline,4,Balanced,0,Medium,1,Medium,1,8.70241,1991.45,0.0944522,0.1
1728,Baseline,4,Balanced,0,Medium,1,Medium,1,8.63358,1975.42,0.0940509,0.1
1729,Baseline,4,Balanced,0,Medium,1,Medium,1,8.77809,2006.79,0.0952083,0.1
1730,Baseline,4,Balanced,0,Medium,1,Medium,1,8.74322,2001.67,0.0943576,0.1
1731,Baseline,4,Balanced,0,Medium,1,Medium,1,8.63905,1975.25,0.0934606,0.1
1732,Baseline,4,Balanced,0,Medium,1,Medium,1,8.65597,1980.85,0.0941223,0.1
1733,Baseline,4,Balanced,0,Medium,1,Medium,1,8.71199,1992.67,0.0944155,0.1
1734,Baseline,4,Balanced,0,Medium,1,Medium,1,8.73411,1997.99,0.095218,0.1
1735,Baseline,4,Balanced,0,Medium,1,Medium,1,8.66395,1982.98,0.0940837,0.1
1736,Baseline,4,Balanced,0,Medium,1,Medium,1,8.69467,1989.34,0.0939217,0.1
1737,Baseline,4,Balanced,0,Medium,1,Medium,1,8.65769,1980.43,0.0940741,0.1
1738,Baseline,4,Balanced,0,Medium,1,Medium,1,8.75411,2002.2,0.0944637,0.1
1739,Baseline,4,Balanced,0,Medium,1,Medium,1,8.63427,1973.55,0.0942998,0.1
1740,Baseline,4,Balanced,0,Medium,1,Medium,1,8.75796,2003.84,0.0949325,0.1
1741,Baseline,4,Balanced,0,Medium,1,Medium,1,8.60879,1969.32,0.093831,0.1
1742,Baseline,4,Balanced,0,Medium,1,Medium,1,8.74833,2000.68,0.0949846,0.1
1743,Baseline,4,Balanced,0,Medium,1,Medium,1,8.78383,2009.54,0.0946836,0.1
1744,Baseline,4,Balanced,0,Medium,1,Medium,1,8.65755,1981.78,0.0938368,0.1
1745,Baseline,4,Balanced,0,Medium,1,Medium,1,8.72476,1994.81,0.0945814,0.1
1746,Baseline,4,Balanced,0,Medium,1,Medium,1,8.69366,1989.03,0.094157,0.1
1747,Baseline,4,Balanced,0,Medium,1,Medium,1,8.6166,1969.85,0.0941397,0.1
1748,Baseline,4,Balanced,0,Medium,1,Medium,1,8.67593,1982.94,0.0948418,0.1
1749,Baseline,4,Balanced,0,Medium,1,Medium,1,8.69578,1989.17,0.0942284,0.1
1750,Baseline,4,Balanced,0,Medium,1,Medium,1,8.71118,1992.77,0.0944772,0.1
1751,Baseline,4,Balanced,0,Medium,1,Medium,1,8.63567,1976.21,0.0938908,0.1
1752,Baseline,4,Balanced,0,Medium,1,Medium,1,8.63908,1975.97,0.0937635,0.1
1753,Baseline,4,Balanced,0,Medium,1,Medium,1,8.75696,2003.94,0.0946991,0.1
1754,Baseline,4,Balanced,0,Medium,1,Medium,1,8.77438,2007.04,0.0949576,0.1
1755,Baseline,4,Balanced,0,Medium,1,Medium,1,8.61145,1969.87,0.0941049,0.1
1756,Baseline,4,Balanced,0,Medium,1,Medium,1,8.68907,1986.36,0.0946431,0.1
1757,Baseline,4,Balanced,0,Medium,1,Medium,1,8.71799,1992.99,0.09489,0.1
1758,Baseline,4,Balanced,0,Medium,1,Medium,1,8.66827,1981.39,0.0947704,0.1
1759,Baseline,4,Balanced,0,Medium,1,Medium,1,8.73414,1998.37,0.0944541,0.1
1760,Baseline,4,Balanced,0,Medium,1,Medium,1,8.66884,1982.36,0.0947531,0.1
1761,Baseline,4,Balanced,0,Medium,1,Medium,1,8.71447,1993.7,0.0944657,0.1
1762,Baseline,4,Balanced,0,Medium,1,Medium,1,8.6632,1979.93,0.094836,0.1
1763,Baseline,4,Balanced,0,Medium,1,Medium,1,8.6264,1971.97,0.0939564,0.1
1764,Baseline,4,Balanced,0,Medium,1,Medium,1,8.7489,2001.46,0.0945911,0.1
1765,Baseline,4,Balanced,0,Medium,1,Medium,1,8.68896,1989.12,0.0942978,0.1
1766,Baseline,4,Balanced,0,Medium,1,Medium,1,8.70268,1990.65,0.0948727,0.1
1767,Baseline,4,Balanced,0,Medium,1,Medium,1,8.69014,1987.55,0.0945004,0.1
1768,Baseline,4,Balanced,0,Medium,1,Medium,1,8.689,1987.86,0.0940644,0.1
1769,Baseline,4,Balanced,0,Medium,1,Medium,1,8.75659,2002.18,0.0950096,0.1
1770,Baseline,4,Balanced,0,Medium,1,Medium,1,8.75672,2003.01,0.0948071,0.1
1771,Baseline,4,Balanced,0,Medium,1,Medium,1,8.72701,1995.35,0.0945216,0.1
1772,Baseline,4,Balanced,0,Medium,1,Medium,1,8.73297,1998.95,0.0945139,0.1
1773,Baseline,4,Balanced,0,Medium,1,Medium,1,8.72283,1995.68,0.0946181,0.1
1774,Baseline,4,Balanced,0,Medium,1,Medium,1,8.69444,1988.8,0.0939198,0.1
1775,Baseline,4,Balanced,0,Medium,1,Medium,1,8.65693,1979.62,0.0942477,0.1
1776,Baseline,4,Balanced,0,Medium,1,Medium,1,8.62111,1972.14,0.0937095,0.1
1777,Baseline,4,Balanced,0,Medium,1,Medium,1,8.71924,1995.06,0.0944888,0.1
1778,Baseline,4,Balanced,0,Medium,1,Medium,1,8.70426,1988.41,0.0946663,0.1
1779,Baseline,4,Balanced,0,Medium,1,Medium,1,8.62825,1973.79,0.0935957,0.1
1780,Baseline,4,Balanced,0,Medium,1,Medium,1,8.68874,1988.47,0.0945197,0.1
1781,Baseline,4,Balanced,0,Medium,1,Medium,1,8.76996,2007.19,0.0944194,0.1
1782,Baseline,4,Balanced,0,Medium,1,Medium,1,8.64882,1979.31,0.0935783,0.1
1783,Baseline,4,Balanced,0,Medium,1,Medium,1,8.6736,1984.7,0.0946991,0.1
1784,Baseline,4,Balanced,0,Medium,1,Medium,1,8.62557,1972.33,0.0940548,0.1
1785,Baseline,4,Balanced,0,Medium,1,Medium,1,8.56636,1958.55,0.09375,0.1
1786,Baseline,4,Balanced,0,Medium,1,Medium,1,8.62569,1970.81,0.0940374,0.1
1787,Baseline,4,Balanced,0,Medium,1,Medium,1,8.63491,1976.59,0.0937674,0.1
1788,Baseline,4,Balanced,0,Medium,1,Medium,1,8.68905,1988.08,0.0942766,0.1
1789,Baseline,4,Balanced,0,Medium,1,Medium,1,8.61122,1968.31,0.0944232,0.1
1790,Baseline,4,Balanced,0,Medium,1,Medium,1,8.62372,1972.73,0.094103,0.1
1791,Baseline,4,Balanced,0,Medium,1,Medium,1,8.71413,1992.35,0.0946393,0.1
1792,Baseline,4,Balanced,0,Medium,1,Medium,1,8.64431,1978.47,0.0938329,0.1
1793,Baseline,4,Balanced,0,Medium,1,Medium,1,8.65972,1981.34,0.0942921,0.1
1794,Baseline,4,Balanced,0,Medium,1,Medium,1,8.70514,1990.99,0.0944444,0.1
1795,Baseline,4,Balanced,0,Medium,1,Medium,1,8.62725,1973.09,0.0937789,0.1
1796,Baseline,4,Balanced,0,Medium,1,Medium,1,8.75034,2001.55,0.0946875,0.1
1797,Baseline,4,Balanced,0,Medium,1,Medium,1,8.71458,1994.18,0.0946528,0.1
1798,Baseline,4,Balanced,0,Medium,1,Medium,1,8.69955,1991.85,0.0942091,0.1
1799,Baseline,4,Balanced,0,Medium,1,Medium,1,8.64043,1975.8,0.0938503,0.1
1800,Baseline,4,Balanced,0,Medium,1,Medium,1,8.70014,1988.51,0.095108,0.1
1801,Baseline,4,Balanced,0,Medium,1,Medium,1,8.69012,1988.23,0.0943827,0.1
1802,Baseline,4,Balanced,0,Medium,1,Medium,1,8.62858,1972.86,0.0943711,0.1
1803,Baseline,4,Balanced,0,Medium,1,Medium,1,8.70733,1992.08,0.094265,0.1
1804,Baseline,4,Balanced,0,Medium,1,Medium,1,8.69979,1990.56,0.0950096,0.1
1805,Baseline,4,Balanced,0,Medium,1,Medium,1,8.71875,1994.61,0.0939641,0.1
1806,Baseline,4,Balanced,0,Medium,1,Medium,1,8.60002,1968.52,0.0936632,0.1
1807,Baseline,4,Balanced,0,Medium,1,Medium,1,8.62868,1971.25,0.0942554,0.1
1808,Baseline,4,Balanced,0,Medium,1,Medium,1,8.68906,1986.19,0.094375,0.1
1809,Baseline,4,Balanced,0,Medium,1,Medium,1,8.7461,2000.1,0.094919,0.1
1810,Baseline,4,Balanced,0,Medium,1,Medium,1,8.67495,1983.67,0.0948071,0.1
1811,Baseline,4,Balanced,0,Medium,1,Medium,1,8.68348,1986.19,0.0946431,0.1
1812,Baseline,4,Balanced,0,Medium,1,Medium,1,8.73117,1998.75,0.0942284,0.1
1813,Baseline,4,Balanced,0,Medium,1,Medium,1,8.78322,2011.65,0.0943943,0.1
1814,Baseline,4,Balanced,0,Medium,1,Medium,1,8.69323,1988.63,0.0942303,0.1
1815,Baseline,4,Balanced,0,Medium,1,Medium,1,8.70193,1990.92,0.0940625,0.1
1816,Baseline,4,Balanced,0,Medium,1,Medium,1,8.65848,1980.99,0.0943885,0.1
1817,Baseline,4,Balanced,0,Medium,1,Medium,1,8.71291,1993.86,0.0940104,0.1
1818,Baseline,4,Balanced,0,Medium,1,Medium,1,8.66231,1981.11,0.0939294,0.1
1819,Baseline,4,Balanced,0,Medium,1,Medium,1,8.64294,1976.43,0.0941127,0.1
1820,Baseline,4,Balanced,0,Medium,1,Medium,1,8.75664,2004.22,0.0944367,0.1
1821,Baseline,4,Balanced,0,Medium,1,Medium,1,8.65209,1978.88,0.0942091,0.1
1822,Baseline,4,Balanced,0,Medium,1,Medium,1,8.66431,1981.73,0.0946373,0.1
1823,Baseline,4,Balanced,0,Medium,1,Medium,1,8.72532,1996.2,0.0943403,0.1
1824,Baseline,4,Balanced,0,Medium,1,Medium,1,8.72542,1997.27,0.0936516,0.1
1825,Baseline,4,Balanced,0,Medium,1,Medium,1,8.65534,1978.51,0.0944753,0.1
1826,Baseline,4,Balanced,0,Medium,1,Medium,1,8.6498,1977.76,0.0944657,0.1
1827,Baseline,4,Balanced,0,Medium,1,Medium,1,8.67339,1982.63,0.0948862,0.1
1828,Baseline,4,Balanced,0,Medium,1,Medium,1,8.68967,1987.49,0.0948225,0.1
1829,Baseline,4,Balanced,0,Medium,1,Medium,1,8.60176,1966.56,0.0940972,0.1
1830,Baseline,4,Balanced,0,Medium,1,Medium,1,8.74848,2000.93,0.094811,0.1
1831,Baseline,4,Balanced,0,Medium,1,Medium,1,8.67298,1984.33,0.0940567,0.1
1832,Baseline,4,Balanced,0,Medium,1,Medium,1,8.68466,1986.32,0.094456,0.1
1833,Baseline,4,Balanced,0,Medium,1,Medium,1,8.7383,1999.31,0.0944946,0.1
1834,Baseline,4,Balanced,0,Medium,1,Medium,1,8.68672,1986.2,0.0944772,0.1
1835,Baseline,4,Balanced,0,Medium,1,Medium,1,8.65392,1980.54,0.0936536,0.1
1836,Baseline,4,Balanced,0,Medium,1,Medium,1,8.69357,1988.89,0.094103,0.1
1837,Baseline,4,Balanced,0,Medium,1,Medium,1,8.69383,1989.87,0.0935571,0.1
1838,Baseline,4,Balanced,0,Medium,1,Medium,1,8.59169,1966.12,0.0937211,0.1
1839,Baseline,4,Balanced,0,Medium,1,Medium,1,8.70236,1992.66,0.093723,0.1
1840,Baseline,4,Balanced,0,Medium,1,Medium,1,8.67557,1983.12,0.0944406,0.1
1841,Baseline,4,Balanced,0,Medium,1,Medium,1,8.59594,1966.63,0.0936902,0.1
1842,Baseline,4,Balanced,0,Medium,1,Medium,1,8.69208,1987.18,0.0945158,0.1
1843,Baseline,4,Balanced,0,Medium,1,Medium,1,8.69314,1989.3,0.0943538,0.1
1844,Baseline,4,Balanced,0,Medium,1,Medium,1,8.7151,1995.79,0.0941339,0.1
1845,Baseline,4,Balanced,0,Medium,1,Medium,1,8.6627,1981.45,0.0946316,0.1
1846,Baseline,4,Balanced,0,Medium,1,Medium,1,8.62024,1970.71,0.0942149,0.1
1847,Baseline,4,Balanced,0,Medium,1,Medium,1,8.73579,1998.17,0.0945409,0.1
1848,Baseline,4,Balanced,0,Medium,1,Medium,1,8.57381,1960.78,0.0936227,0.1
1849,Baseline,4,Balanced,0,Medium,1,Medium,1,8.70332,1992.56,0.0943036,0.1
1850,Baseline,4,Balanced,0,Medium,1,Medium,1,8.69345,1989.46,0.0945042,0.1
1851,Baseline,4,Balanced,0,Medium,1,Medium,1,8.60407,1968.34,0.0938272,0.1
1852,Baseline,4,Balanced,0,Medium,1,Medium,1,8.72671,1997.53,0.0943615,0.1
1853,Baseline,4,Balanced,0,Medium,1,Medium,1,8.62753,1972.04,0.0937924,0.1
1854,Baseline,4,Balanced,0,Medium,1,Medium,1,8.67157,1983.29,0.0947222,0.1
1855,Baseline,4,Balanced,0,Medium,1,Medium,1,8.69568,1991.62,0.0937442,0.1
1856,Baseline,4,Balanced,0,Medium,1,Medium,1,8.76236,2003.55,0.0950174,0.1
1857,Baseline,4,Balanced,0,Medium,1,Medium,1,8.6994,1990.29,0.0941975,0.1
1858,Baseline,4,Balanced,0,Medium,1,Medium,1,8.66556,1981.21,0.0941397,0.1
1859,Baseline,4,Balanced,0,Medium,1,Medium,1,8.63534,1973.92,0.0938638,0.1
1860,Baseline,4,Balanced,0,Medium,1,Medium,1,8.77934,2010.49,0.0943422,0.1
1861,Baseline,4,Balanced,0,Medium,1,Medium,1,8.73099,1998.45,0.0940355,0.1
1862,Baseline,4,Balanced,0,Medium,1,Medium,1,8.64758,1978.35,0.093995,0.1
1863,Baseline,4,Balanced,0,Medium,1,Medium,1,8.68147,1986.47,0.0942361,0.1
1864,Baseline,4,Balanced,0,Medium,1,Medium,1,8.70547,1989.46,0.0946836,0.1
1865,Baseline,4,Balanced,0,Medium,1,Medium,1,8.7168,1993.95,0.0942631,0.1
1866,Baseline,4,Balanced,0,Medium,1,Medium,1,8.71594,1993.2,0.0946373,0.1
1867,Baseline,4,Balanced,0,Medium,1,Medium,1,8.67746,1985.55,0.0937789,0.1
1868,Baseline,4,Balanced,0,Medium,1,Medium,1,8.74389,2001.67,0.0943943,0.1
1869,Baseline,4,Balanced,0,Medium,1,Medium,1,8.65105,1977.72,0.0944811,0.1
1870,Baseline,4,Balanced,0,Medium,1,Medium,1,8.70429,1991.12,0.0943364,0.1
1871,Baseline,4,Balanced,0,Medium,1,Medium,1,8.63015,1973.61,0.0940201,0.1
1872,Baseline,4,Balanced,0,Medium,1,Medium,1,8.65896,1979.82,0.094186,0.1
1873,Baseline,4,Balanced,0,Medium,1,Medium,1,8.69835,1991.05,0.0947396,0.1
1874,Baseline,4,Balanced,0,Medium,1,Medium,1,8.68147,1987.58,0.0938927,0.1
1875,Baseline,4,Balanced,0,Medium,1,Medium,1,8.65857,1977.64,0.0943596,0.1
1876,Baseline,4,Balanced,0,Medium,1,Medium,1,8.68956,1988.61,0.0940316,0.1
1877,Baseline,4,Balanced,0,Medium,1,Medium,1,8.69607,1988.8,0.0943962,0.1
1878,Baseline,4,Balanced,0,Medium,1,Medium,1,8.6339,1975.64,0.0936458,0.1
1879,Baseline,4,Balanced,0,Medium,1,Medium,1,8.69717,1990.28,0.0941937,0.1
1880,Baseline,4,Balanced,0,Medium,1,Medium,1,8.73684,1999.86,0.0943248,0.1
1881,Baseline,4,Balanced,0,Medium,1,Medium,1,8.73933,1998.99,0.0944695,0.1
1882,Baseline,4,Balanced,0,Medium,1,Medium,1,8.72102,1994.36,0.0941975,0.1
1883,Baseline,4,Balanced,0,Medium,1,Medium,1,8.66398,1982.02,0.0941898,0.1
1884,Baseline,4,Balanced,0,Medium,1,Medium,1,8.67331,1985.78,0.093914,0.1
1885,Baseline,4,Balanced,0,Medium,1,Medium,1,8.61784,1971.53,0.0938252,0.1
1886,Baseline,4,Balanced,0,Medium,1,Medium,1,8.6842,1986.74,0.0939738,0.1
1887,Baseline,4,Balanced,0,Medium,1,Medium,1,8.76479,2006.26,0.0943441,0.1
1888,Baseline,4,Balanced,0,Medium,1,Medium,1,8.69096,1987.16,0.0942901,0.1
1889,Baseline,4,Balanced,0,Medium,1,Medium,1,8.65483,1979.29,0.0940374,0.1
1890,Baseline,4,Balanced,0,Medium,1,Medium,1,8.71971,1996.22,0.0940104,0.1
1891,Baseline,4,Balanced,0,Medium,1,Medium,1,8.70771,1992.71,0.094238,0.1
1892,Baseline,4,Balanced,0,Medium,1,Medium,1,8.73652,2000.62,0.0943981,0.1
1893,Baseline,4,Balanced,0,Medium,1,Medium,1,8.59126,1964.13,0.0938831,0.1
1894,Baseline,4,Balanced,0,Medium,1,Medium,1,8.63922,1975.87,0.0941127,0.1
1895,Baseline,4,Balanced,0,Medium,1,Medium,1,8.62194,1970.8,0.0940104,0.1
1896,Baseline,4,Balanced,0,Medium,1,Medium,1,8.63601,1976.39,0.0939255,0.1
1897,Baseline,4,Balanced,0,Medium,1,Medium,1,8.65974,1979.1,0.0946181,0.1
1898,Baseline,4,Balanced,0,Medium,1,Medium,1,8.65463,1980.06,0.0938426,0.1
1899,Baseline,4,Balanced,0,Medium,1,Medium,1,8.83845,2023.39,0.0945332,0.1
1900,Baseline,4,Balanced,0,Medium,1,Medium,1,8.70157,1990.21,0.0945988,0.1
1901,Baseline,4,Balanced,0,Medium,1,Medium,1,8.66095,1978.07,0.0947647,0.1
1902,Baseline,4,Balanced,0,Medium,1,Medium,1,8.68866,1987.7,0.0938021,0.1
1903,Baseline,4,Balanced,0,Medium,1,Medium,1,8.67012,1983.09,0.0938657,0.1
1904,Baseline,4,Balanced,0,Medium,1,Medium,1,8.6047,1966.85,0.0943461,0.1
1905,Baseline,4,Balanced,0,Medium,1,Medium,1,8.68984,1987.02,0.0948881,0.1
1906,Baseline,4,Balanced,0,Medium,1,Medium,1,8.76358,2004.52,0.0948418,0.1
1907,Baseline,4,Balanced,0,Medium,1,Medium,1,8.59089,1964.47,0.0943017,0.1
1908,Baseline,4,Balanced,0,Medium,1,Medium,1,8.66628,1983.44,0.0941281,0.1
1909,Baseline,4,Balanced,0,Medium,1,Medium,1,8.67968,1986.85,0.094566,0.1
1910,Baseline,4,Balanced,0,Medium,1,Medium,1,8.66664,1981.22,0.0940606,0.1
1911,Baseline,4,Balanced,0,Medium,1,Medium,1,8.68859,1988.28,0.0944753,0.1
1912,Baseline,4,Balanced,0,Medium,1,Medium,1,8.74424,2001.37,0.0942708,0.1
1913,Baseline,4,Balanced,0,Medium,1,Medium,1,8.81192,2016.77,0.0947434,0.1
1914,Baseline,4,Balanced,0,Medium,1,Medium,1,8.70152,1990.22,0.0943364,0.1
1915,Baseline,4,Balanced,0,Medium,1,Medium,1,8.70881,1990.27,0.0950019,0.1
1916,Baseline,4,Balanced,0,Medium,1,Medium,1,8.65219,1978.14,0.0939969,0.1
1917,Baseline,4,Balanced,0,Medium,1,Medium,1,8.70495,1990.28,0.0941435,0.1
1918,Baseline,4,Balanced,0,Medium,1,Medium,1,8.63732,1975.27,0.09413,0.1
1919,Baseline,4,Balanced,0,Medium,1,Medium,1,8.74362,1999.09,0.0948457,0.1
1920,Baseline,4,Balanced,0,Medium,1,Medium,1,8.65581,1981.27,0.0936748,0.1
1921,Baseline,4,Balanced,0,Medium,1,Medium,1,8.64729,1977.58,0.09424,0.1
1922,Baseline,4,Balanced,0,Medium,1,Medium,1,8.72209,1994.64,0.0939757,0.1
1923,Baseline,4,Balanced,0,Medium,1,Medium,1,8.67852,1985.28,0.0944695,0.1
1924,Baseline,4,Balanced,0,Medium,1,Medium,1,8.74285,2000.99,0.0938619,0.1
1925,Baseline,4,Balanced,0,Medium,1,Medium,1,8.67915,1985.79,0.094429,0.1
1926,Baseline,4,Balanced,0,Medium,1,Medium,1,8.68602,1988.51,0.0941551,0.1
1927,Baseline,4,Balanced,0,Medium,1,Medium,1,8.746,2000.17,0.0952778,0.1
1928,Baseline,4,Balanced,0,Medium,1,Medium,1,8.73112,1996.47,0.0945833,0.1
1929,Baseline,4,Balanced,0,Medium,1,Medium,1,8.72855,1997.97,0.0944155,0.1
1930,Baseline,4,Balanced,0,Medium,1,Medium,1,8.72968,1998.07,0.0944811,0.1
1931,Baseline,4,Balanced,0,Medium,1,Medium,1,8.63184,1973.05,0.0943924,0.1
1932,Baseline,4,Balanced,0,Medium,1,Medium,1,8.6973,1990.98,0.093831,0.1
1933,Baseline,4,Balanced,0,Medium,1,Medium,1,8.5715,1960.65,0.093098,0.1
1934,Baseline,4,Balanced,0,Medium,1,Medium,1,8.75476,2002.8,0.09462,0.1
1935,Baseline,4,Balanced,0,Medium,1,Medium,1,8.72163,1995.89,0.094429,0.1
1936,Baseline,4,Balanced,0,Medium,1,Medium,1,8.69596,1991.31,0.0937037,0.1
1937,Baseline,4,Balanced,0,Medium,1,Medium,1,8.7618,2005.83,0.0943113,0.1
1938,Baseline,4,Balanced,0,Medium,1,Medium,1,8.7032,1991.07,0.0942978,0.1
1939,Baseline,4,Balanced,0,Medium,1,Medium,1,8.71458,1993.77,0.0947338,0.1
1940,Baseline,4,Balanced,0,Medium,1,Medium,1,8.62558,1971.67,0.0941088,0.1
1941,Baseline,4,Balanced,0,Medium,1,Medium,1,8.70547,1992.48,0.0940799,0.1
1942,Baseline,4,Balanced,0,Medium,1,Medium,1,8.67851,1986.35,0.0943943,0.1
1943,Baseline,4,Balanced,0,Medium,1,Medium,1,8.66852,1983.89,0.0942188,0.1
1944,Baseline,4,Balanced,0,Medium,1,Medium,1,8.76729,2005.75,0.094537,0.1
1945,Baseline,4,Balanced,0,Medium,1,Medium,1,8.53811,1952.46,0.0934587,0.1
1946,Baseline,4,Balanced,0,Medium,1,Medium,1,8.81237,2017.41,0.0951871,0.1
1947,Baseline,4,Balanced,0,Medium,1,Medium,1,8.62541,1973.89,0.0937191,0.1
1948,Baseline,4,Balanced,0,Medium,1,Medium,1,8.70895,1993.2,0.0942284,0.1
1949,Baseline,4,Balanced,0,Medium,1,Medium,1,8.56773,1959.85,0.0940046,0.1
1950,Baseline,4,Balanced,0,Medium,1,Medium,1,8.7038,1991.4,0.0945814,0.1
1951,Baseline,4,Balanced,0,Medium,1,Medium,1,8.73249,1995.76,0.0950174,0.1
1952,Baseline,4,Balanced,0,Medium,1,Medium,1,8.69651,1990.59,0.0941705,0.1
1953,Baseline,4,Balanced,0,Medium,1,Medium,1,8.64915,1976.01,0.0943519,0.1
1954,Baseline,4,Balanced,0,Medium,1,Medium,1,8.66347,1980.79,0.0941995,0.1
1955,Baseline,4,Balanced,0,Medium,1,Medium,1,8.67366,1984.01,0.0945313,0.1
1956,Baseline,4,Balanced,0,Medium,1,Medium,1,8.65825,1982.37,0.093777,0.1
1957,Baseline,4,Balanced,0,Medium,1,Medium,1,8.69576,1989.39,0.0946644,0.1
1958,Baseline,4,Balanced,0,Medium,1,Medium,1,8.61741,1970.38,0.0937384,0.1
1959,Baseline,4,Balanced,0,Medium,1,Medium,1,8.73259,1997.28,0.0944792,0.1
1960,Baseline,4,Balanced,0,Medium,1,Medium,1,8.60731,1969.23,0.0942323,0.1
1961,Baseline,4,Balanced,0,Medium,1,Medium,1,8.71205,1992.5,0.0945428,0.1
1962,Baseline,4,Balanced,0,Medium,1,Medium,1,8.72872,1997.57,0.0938059,0.1
1963,Baseline,4,Balanced,0,Medium,1,Medium,1,8.73953,2001.4,0.0939525,0.1
1964,Baseline,4,Balanced,0,Medium,1,Medium,1,8.70177,1990.5,0.0946451,0.1
1965,Baseline,4,Balanced,0,Medium,1,Medium,1,8.62641,1973.94,0.0937114,0.1
1966,Baseline,4,Balanced,0,Medium,1,Medium,1,8.67299,1983.11,0.0944252,0.1
1967,Baseline,4,Balanced,0,Medium,1,Medium,1,8.7402,2001.54,0.09424,0.1
1968,Baseline,4,Balanced,0,Medium,1,Medium,1,8.63267,1974.66,0.0939043,0.1
1969,Baseline,4,Balanced,0,Medium,1,Medium,1,8.59327,1965.69,0.0935918,0.1
1970,Baseline,4,Balanced,0,Medium,1,Medium,1,8.67879,1985.04,0.094564,0.1
1971,Baseline,4,Balanced,0,Medium,1,Medium,1,8.60483,1968.85,0.0942863,0.1
1972,Baseline,4,Balanced,0,Medium,1,Medium,1,8.58902,1964.33,0.0934915,0.1
1973,Baseline,4,Balanced,0,Medium,1,Medium,1,8.78339,2008.52,0.0953839,0.1
1974,Baseline,4,Balanced,0,Medium,1,Medium,1,8.73623,1998.95,0.0943229,0.1
1975,Baseline,4,Balanced,0,Medium,1,Medium,1,8.63411,1974.33,0.0937539,0.1
1976,Baseline,4,Balanced,0,Medium,1,Medium,1,8.69913,1988.84,0.0946373,0.1
1977,Baseline,4,Balanced,0,Medium,1,Medium,1,8.63673,1976.19,0.0940567,0.1
1978,Baseline,4,Balanced,0,Medium,1,Medium,1,8.7912,2013.6,0.0945833,0.1
1979,Baseline,4,Balanced,0,Medium,1,Medium,1,8.63365,1974.26,0.0943094,0.1
1980,Baseline,4,Balanced,0,Medium,1,Medium,1,8.71494,1991.72,0.0950617,0.1
1981,Baseline,4,Balanced,0,Medium,1,Medium,1,8.7356,1999.29,0.0946798,0.1
1982,Baseline,4,Balanced,0,Medium,1,Medium,1,8.69223,1987.35,0.094811,0.1
1983,Baseline,4,Balanced,0,Medium,1,Medium,1,8.74313,1999.38,0.0944464,0.1
1984,Baseline,4,Balanced,0,Medium,1,Medium,1,8.73753,1998.44,0.0945332,0.1
1985,Baseline,4,Balanced,0,Medium,1,Medium,1,8.69139,1987.59,0.0945872,0.1
1986,Baseline,4,Balanced,0,Medium,1,Medium,1,8.72816,1997.05,0.0942265,0.1
1987,Baseline,4,Balanced,0,Medium,1,Medium,1,8.61823,1971.62,0.0935552,0.1
1988,Baseline,4,Balanced,0,Medium,1,Medium,1,8.65523,1979.96,0.0935745,0.1
1989,Baseline,4,Balanced,0,Medium,1,Medium,1,8.67301,1984.67,0.0942978,0.1
1990,Baseline,4,Balanced,0,Medium,1,Medium,1,8.73671,2000.86,0.0945795,0.1
1991,Baseline,4,Balanced,0,Medium,1,Medium,1,8.77693,2007.67,0.0953048,0.1
1992,Baseline,4,Balanced,0,Medium,1,Medium,1,8.60523,1967.83,0.0939815,0.1
1993,Baseline,4,Balanced,0,Medium,1,Medium,1,8.67965,1984.57,0.0943827,0.1
1994,Baseline,4,Balanced,0,Medium,1,Medium,1,8.68602,1987.34,0.0941975,0.1
1995,Baseline,4,Balanced,0,Medium,1,Medium,1,8.67135,1983.74,0.0943403,0.1
1996,Baseline,4,Balanced,0,Medium,1,Medium,1,8.66303,1982.69,0.0939834,0.1
1997,Baseline,4,Balanced,0,Medium,1,Medium,1,8.6503,1978.05,0.0944946,0.1
1998,Baseline,4,Balanced,0,Medium,1,Medium,1,8.62671,1972.73,0.0943326,0.1
1999,Baseline,4,Balanced,0,Medium,1,Medium,1,8.72017,1995.47,0.0942959,0.1
2000,Baseline,4,Balanced,0,Medium,1,Medium,1,8.70053,1990.78,0.0943345,0.1
2001,Baseline,4,Balanced,0,Medium,1,Medium,1,8.63721,1976.07,0.0940394,0.1
2002,Baseline,4,Balanced,0,Medium,1,Medium,1,8.74682,2002.71,0.0940895,0.1
2003,Baseline,4,Balanced,0,Medium,1,Medium,1,8.60516,1968.36,0.0941879,0.1
2004,Baseline,4,Balanced,0,Medium,1,Medium,1,8.74172,2001.58,0.0941088,0.1
2005,Baseline,4,Balanced,0,Medium,1,Medium,1,8.69345,1990.52,0.0937635,0.1
2006,Baseline,4,Balanced,0,Medium,1,Medium,1,8.66709,1981.6,0.094863,0.1
2007,Baseline,4,Balanced,0,Medium,1,Medium,1,8.68255,1987.73,0.0939776,0.1
2008,Baseline,4,Balanced,0,Medium,1,Medium,1,8.64187,1975.61,0.0942747,0.1
2009,Baseline,4,Balanced,0,Medium,1,Medium,1,8.73123,1997.81,0.0946238,0.1
2010,Baseline,4,Balanced,0,Medium,1,Medium,1,8.79245,2012.77,0.0944406,0.1
2011,Baseline,4,Balanced,0,Medium,1,Medium,1,8.72899,1996.61,0.0941551,0.1
2012,Baseline,4,Balanced,0,Medium,1,Medium,1,8.71482,1993.65,0.0943191,0.1
2013,Baseline,4,Balanced,0,Medium,1,Medium,1,8.65793,1981.21,0.0941011,0.1
2014,Baseline,4,Balanced,0,Medium,1,Medium,1,8.65584,1980.06,0.0943229,0.1
2015,Baseline,4,Balanced,0,Medium,1,Medium,1,8.66778,1980.76,0.0944792,0.1
2016,Baseline,4,Balanced,0,Medium,1,Medium,1,8.7069,1991.22,0.0948746,0.1
2017,Baseline,4,Balanced,0,Medium,1,Medium,1,8.66945,1982.1,0.094456,0.1
2018,Baseline,4,Balanced,0,Medium,1,Medium,1,8.73715,1999.82,0.0943094,0.1
2019,Baseline,4,Balanced,0,Medium,1,Medium,1,8.64919,1977.82,0.094076,0.1
2020,Baseline,4,Balanced,0,Medium,1,Medium,1,8.73897,1998.18,0.0951543,0.1
2021,Baseline,4,Balanced,0,Medium,1,Medium,1,8.63728,1975.71,0.0945814,0.1
2022,Baseline,4,Balanced,0,Medium,1,Medium,1,8.64064,1976.89,0.0937963,0.1
2023,Baseline,4,Balanced,0,Medium,1,Medium,1,8.66065,1980.2,0.0940895,0.1
2024,Baseline,4,Balanced,0,Medium,1,Medium,1,8.73794,1998.02,0.09489,0.1
2025,Baseline,4,Balanced,0,Medium,1,Medium,1,8.73446,1997.28,0.0945756,0.1
2026,Baseline,4,Balanced,0,Medium,1,Medium,1,8.72718,1997.23,0.0945293,0.1
2027,Baseline,4,Balanced,0,Medium,1,Medium,1,8.72596,1996,0.0947106,0.1
2028,Baseline,4,Balanced,0,Medium,1,Medium,1,8.68239,1986.53,0.0943731,0.1
2029,Baseline,4,Balanced,0,Medium,1,Medium,1,8.69028,1986.36,0.0944387,0.1
2030,Baseline,4,Balanced,0,Medium,1,Medium,1,8.67296,1983.45,0.0942805,0.1
2031,Baseline,4,Balanced,0,Medium,1,Medium,1,8.72528,1997.63,0.0944444,0.1
2032,Baseline,4,Balanced,0,Medium,1,Medium,1,8.63969,1977.94,0.0939699,0.1
2033,Baseline,4,Balanced,0,Medium,1,Medium,1,8.72765,1997.98,0.0942323,0.1
2034,Baseline,4,Balanced,0,Medium,1,Medium,1,8.59727,1964.38,0.0941898,0.1
2035,Baseline,4,Balanced,0,Medium,1,Medium,1,8.78755,2011.54,0.0943692,0.1
2036,Baseline,4,Balanced,0,Medium,1,Medium,1,8.73613,2001.14,0.0934491,0.1
2037,Baseline,4,Balanced,0,Medium,1,Medium,1,8.70209,1989.73,0.0945255,0.1
2038,Baseline,4,Balanced,0,Medium,1,Medium,1,8.73657,1998.34,0.0947049,0.1
2039,Baseline,4,Balanced,0,Medium,1,Medium,1,8.69593,1988.84,0.094321,0.1
2040,Baseline,4,Balanced,0,Medium,1,Medium,1,8.55189,1955.79,0.0933989,0.1
2041,Baseline,4,Balanced,0,Medium,1,Medium,1,8.6618,1981.56,0.0943904,0.1
2042,Baseline,4,Balanced,0,Medium,1,Medium,1,8.60657,1967.97,0.0940953,0.1
2043,Baseline,4,Balanced,0,Medium,1,Medium,1,8.70446,1992.98,0.093995,0.1
2044,Baseline,4,Balanced,0,Medium,1,Medium,1,8.72171,1994.67,0.0946933,0.1
2045,Baseline,4,Balanced,0,Medium,1,Medium,1,8.74378,2001.63,0.0943056,0.1
2046,Baseline,4,Balanced,0,Medium,1,Medium,1,8.68433,1987.89,0.0938619,0.1
2047,Baseline,4,Balanced,0,Medium,1,Medium,1,8.62338,1972.13,0.0937751,0.1
2048,Baseline,4,Balanced,0,Medium,1,Medium,1,8.63033,1975.03,0.0935571,0.1
2049,Baseline,4,Balanced,0,Medium,1,Medium,1,8.7463,2001.18,0.0948322,0.1
2050,Baseline,4,Balanced,0,Medium,1,Medium,1,8.70961,1992.76,0.0940181,0.1
2051,Baseline,4,Balanced,0,Medium,1,Medium,1,8.70067,1990.38,0.0941898,0.1
2052,Baseline,4,Balanced,0,Medium,1,Medium,1,8.69081,1989.93,0.0939911,0.1
2053,Baseline,4,Balanced,0,Medium,1,Medium,1,8.71424,1992.45,0.0946856,0.1
2054,Baseline,4,Balanced,0,Medium,1,Medium,1,8.6307,1973.78,0.094402,0.1
2055,Baseline,4,Balanced,0,Medium,1,Medium,1,8.68623,1988.08,0.0940336,0.1
2056,Baseline,4,Balanced,0,Medium,1,Medium,1,8.75196,2002.87,0.0947049,0.1
2057,Baseline,4,Balanced,0,Medium,1,Medium,1,8.70798,1992.42,0.0942978,0.1
2058,Baseline,4,Balanced,0,Medium,1,Medium,1,8.69677,1987.81,0.0951273,0.1
2059,Baseline,4,Balanced,0,Medium,1,Medium,1,8.74148,1999.4,0.0945968,0.1
2060,Baseline,4,Balanced,0,Medium,1,Medium,1,8.59639,1965.52,0.0937905,0.1
2061,Baseline,4,Balanced,0,Medium,1,Medium,1,8.69761,1990.31,0.0940529,0.1
2062,Baseline,4,Balanced,0,Medium,1,Medium,1,8.77746,2007.72,0.0944367,0.1
2063,Baseline,4,Balanced,0,Medium,1,Medium,1,8.65933,1982.04,0.0943441,0.1
2064,Baseline,4,Balanced,0,Medium,1,Medium,1,8.68786,1985.96,0.0948457,0.1
2065,Baseline,4,Balanced,0,Medium,1,Medium,1,8.64845,1976.28,0.0942554,0.1
2066,Baseline,4,Balanced,0,Medium,1,Medium,1,8.67907,1985.32,0.0941937,0.1
2067,Baseline,4,Balanced,0,Medium,1,Medium,1,8.60818,1968.9,0.0933546,0.1
2068,Baseline,4,Balanced,0,Medium,1,Medium,1,8.60741,1967.32,0.0939699,0.1
2069,Baseline,4,Balanced,0,Medium,1,Medium,1,8.6828,1986.15,0.0933989,0.1
2070,Baseline,4,Balanced,0,Medium,1,Medium,1,8.65576,1979.83,0.094157,0.1
2071,Baseline,4,Balanced,0,Medium,1,Medium,1,8.63507,1975.7,0.0939313,0.1
2072,Baseline,4,Balanced,0,Medium,1,Medium,1,8.7527,2002.51,0.0944232,0.1
2073,Baseline,4,Balanced,0,Medium,1,Medium,1,8.78266,2009.46,0.0947859,0.1
2074,Baseline,4,Balanced,0,Medium,1,Medium,1,8.65092,1977.8,0.0940586,0.1
2075,Baseline,4,Balanced,0,Medium,1,Medium,1,8.66369,1981.35,0.0943711,0.1
2076,Baseline,4,Balanced,0,Medium,1,Medium,1,8.70936,1994.4,0.0943383,0.1
2077,Baseline,4,Balanced,0,Medium,1,Medium,1,8.69069,1989.41,0.0941686,0.1
2078,Baseline,4,Balanced,0,Medium,1,Medium,1,8.64968,1978.13,0.0941165,0.1
2079,Baseline,4,Balanced,0,Medium,1,Medium,1,8.57514,1959.66,0.0941744,0.1
2080,Baseline,4,Balanced,0,Medium,1,Medium,1,8.73582,1998.32,0.0946779,0.1
2081,Baseline,4,Balanced,0,Medium,1,Medium,1,8.66053,1981.61,0.0939448,0.1
2082,Baseline,4,Balanced,0,Medium,1,Medium,1,8.66346,1981.07,0.0943519,0.1
2083,Baseline,4,Balanced,0,Medium,1,Medium,1,8.65273,1977.9,0.0944232,0.1
2084,Baseline,4,Balanced,0,Medium,1,Medium,1,8.75749,2004.65,0.0947222,0.1
2085,Baseline,4,Balanced,0,Medium,1,Medium,1,8.74126,1999.07,0.0948206,0.1
2086,Baseline,4,Balanced,0,Medium,1,Medium,1,8.72572,1996.2,0.094265,0.1
2087,Baseline,4,Balanced,0,Medium,1,Medium,1,8.65942,1980.33,0.0942766,0.1
2088,Baseline,4,Balanced,0,Medium,1,Medium,1,8.68775,1989.14,0.0942554,0.1
2089,Baseline,4,Balanced,0,Medium,1,Medium,1,8.67032,1984.46,0.093505,0.1
2090,Baseline,4,Balanced,0,Medium,1,Medium,1,8.68137,1984.18,0.0946489,0.1
2091,Baseline,4,Balanced,0,Medium,1,Medium,1,8.69819,1990.56,0.0941879,0.1
2092,Baseline,4,Balanced,0,Medium,1,Medium,1,8.69751,1990.93,0.0939448,0.1
2093,Baseline,4,Balanced,0,Medium,1,Medium,1,8.6199,1969.41,0.0943268,0.1
2094,Baseline,4,Balanced,0,Medium,1,Medium,1,8.58756,1963.58,0.0942554,0.1
2095,Baseline,4,Balanced,0,Medium,1,Medium,1,8.77628,2008.17,0.0946701,0.1
2096,Baseline,4,Balanced,0,Medium,1,Medium,1,8.64174,1975.97,0.0940625,0.1
2097,Baseline,4,Balanced,0,Medium,1,Medium,1,8.77723,2008.2,0.0948013,0.1
2098,Baseline,4,Balanced,0,Medium,1,Medium,1,8.67601,1982.98,0.0950772,0.1
2099,Baseline,4,Balanced,0,Medium,1,Medium,1,8.72731,1995.55,0.0948187,0.1
2100,Baseline,4,Balanced,0,Medium,1,Medium,1,8.72905,1995.98,0.0948264,0.1
2101,Baseline,4,Balanced,0,Medium,1,Medium,1,8.67457,1984.63,0.0940972,0.1
2102,Baseline,4,Balanced,0,Medium,1,Medium,1,8.73968,1999.09,0.0946682,0.1
2103,Baseline,4,Balanced,0,Medium,1,Medium,1,8.64428,1976.55,0.0939564,0.1
2104,Baseline,4,Balanced,0,Medium,1,Medium,1,8.67797,1985.78,0.0943904,0.1
2105,Baseline,4,Balanced,0,Medium,1,Medium,1,8.53355,1950.69,0.0938272,0.1
2106,Baseline,4,Balanced,0,Medium,1,Medium,1,8.60338,1968.25,0.0938927,0.1
2107,Baseline,4,Balanced,0,Medium,1,Medium,1,8.68888,1986.01,0.0950752,0.1
2108,Baseline,4,Balanced,0,Medium,1,Medium,1,8.7494,2001.24,0.0947782,0.1
2109,Baseline,4,Balanced,0,Medium,1,Medium,1,8.65927,1982.62,0.0935995,0.1
2110,Baseline,4,Balanced,0,Medium,1,Medium,1,8.67149,1982.48,0.0944657,0.1
2111,Baseline,4,Balanced,0,Medium,1,Medium,1,8.65908,1982.87,0.0933719,0.1
2112,Baseline,4,Balanced,0,Medium,1,Medium,1,8.60227,1965.93,0.0944309,0.1
2113,Baseline,4,Balanced,0,Medium,1,Medium,1,8.6635,1980.66,0.0944637,0.1
2114,Baseline,4,Balanced,0,Medium,1,Medium,1,8.72927,1996.14,0.0949768,0.1
2115,Baseline,4,Balanced,0,Medium,1,Medium,1,8.62431,1971.33,0.0944464,0.1
2116,Baseline,4,Balanced,0,Medium,1,Medium,1,8.6718,1983.13,0.094321,0.1
2117,Baseline,4,Balanced,0,Medium,1,Medium,1,8.66661,1982.38,0.0938561,0.1
2118,Baseline,4,Balanced,0,Medium,1,Medium,1,8.68874,1986.39,0.094022,0.1
2119,Baseline,4,Balanced,0,Medium,1,Medium,1,8.70473,1990.9,0.0944464,0.1
2120,Baseline,4,Balanced,0,Medium,1,Medium,1,8.67868,1986.92,0.0940876,0.1
2121,Baseline,4,Balanced,0,Medium,1,Medium,1,8.7374,2000.1,0.0940143,0.1
2122,Baseline,4,Balanced,0,Medium,1,Medium,1,8.73009,1997.82,0.0943094,0.1
2123,Baseline,4,Balanced,0,Medium,1,Medium,1,8.61025,1968,0.0939371,0.1
2124,Baseline,4,Balanced,0,Medium,1,Medium,1,8.6427,1977.56,0.0944734,0.1
2125,Baseline,4,Balanced,0,Medium,1,Medium,1,8.69563,1988.47,0.0943326,0.1
2126,Baseline,4,Balanced,0,Medium,1,Medium,1,8.73167,1998.13,0.0946547,0.1
2127,Baseline,4,Balanced,0,Medium,1,Medium,1,8.66383,1981.31,0.0937404,0.1
2128,Baseline,4,Balanced,0,Medium,1,Medium,1,8.69353,1988.31,0.094294,0.1
2129,Baseline,4,Balanced,0,Medium,1,Medium,1,8.70025,1988.96,0.0946894,0.1
2130,Baseline,4,Balanced,0,Medium,1,Medium,1,8.69145,1989.21,0.0944116,0.1
2131,Baseline,4,Balanced,0,Medium,1,Medium,1,8.70229,1990.04,0.0939815,0.1
2132,Baseline,4,Balanced,0,Medium,1,Medium,1,8.65616,1981.95,0.0938831,0.1
2133,Baseline,4,Balanced,0,Medium,1,Medium,1,8.75667,2003.21,0.094348,0.1
2134,Baseline,4,Balanced,0,Medium,1,Medium,1,8.67713,1983.33,0.0944116,0.1
2135,Baseline,4,Balanced,0,Medium,1,Medium,1,8.64182,1974.87,0.0944965,0.1
2136,Baseline,4,Balanced,0,Medium,1,Medium,1,8.67837,1984.27,0.0946451,0.1
2137,Baseline,4,Balanced,0,Medium,1,Medium,1,8.66283,1981.45,0.0938908,0.1
2138,Baseline,4,Balanced,0,Medium,1,Medium,1,8.68927,1987.95,0.0948939,0.1
2139,Baseline,4,Balanced,0,Medium,1,Medium,1,8.68542,1986.74,0.0943229,0.1
2140,Baseline,4,Balanced,0,Medium,1,Medium,1,8.69371,1988.95,0.094321,0.1
2141,Baseline,4,Balanced,0,Medium,1,Medium,1,8.78478,2011.13,0.094782,0.1
2142,Baseline,4,Balanced,0,Medium,1,Medium,1,8.67082,1983.66,0.0941493,0.1
2143,Baseline,4,Balanced,0,Medium,1,Medium,1,8.60513,1967.14,0.0945505,0.1
2144,Baseline,4,Balanced,0,Medium,1,Medium,1,8.70034,1989.81,0.0944367,0.1
2145,Baseline,4,Balanced,0,Medium,1,Medium,1,8.74687,2000.15,0.0946026,0.1
2146,Baseline,4,Balanced,0,Medium,1,Medium,1,8.74508,1999.52,0.0946933,0.1
2147,Baseline,4,Balanced,0,Medium,1,Medium,1,8.6983,1989.07,0.0946759,0.1
2148,Baseline,4,Balanced,0,Medium,1,Medium,1,8.65823,1979.56,0.094321,0.1
2149,Baseline,4,Balanced,0,Medium,1,Medium,1,8.67666,1982.96,0.0948245,0.1
2150,Baseline,4,Balanced,0,Medium,1,Medium,1,8.69227,1989.7,0.0944618,0.1
2151,Baseline,4,Balanced,0,Medium,1,Medium,1,8.63685,1975.35,0.0941435,0.1
2152,Baseline,4,Balanced,0,Medium,1,Medium,1,8.70851,1992.03,0.0943808,0.1
2153,Baseline,4,Balanced,0,Medium,1,Medium,1,8.73002,1996.92,0.0946103,0.1
2154,Baseline,4,Balanced,0,Medium,1,Medium,1,8.66096,1981,0.0941454,0.1
2155,Baseline,4,Balanced,0,Medium,1,Medium,1,8.75914,2004.46,0.0947685,0.1
2156,Baseline,4,Balanced,0,Medium,1,Medium,1,8.65678,1979.94,0.0941281,0.1
2157,Baseline,4,Balanced,0,Medium,1,Medium,1,8.7364,1999.38,0.0941647,0.1
2158,Baseline,4,Balanced,0,Medium,1,Medium,1,8.74016,1999.33,0.0945428,0.1
2159,Baseline,4,Balanced,0,Medium,1,Medium,1,8.73089,1997.38,0.0944252,0.1
2160,Baseline,4,Balanced,0,Medium,1,Medium,1,8.72503,1997.06,0.0946547,0.1
2161,Baseline,4,Balanced,0,Medium,1,Medium,1,8.7538,2000.99,0.0945872,0.1
2162,Baseline,4,Balanced,0,Medium,1,Medium,1,8.61933,1971.57,0.0940278,0.1
2163,Baseline,4,Balanced,0,Medium,1,Medium,1,8.67386,1983.38,0.0941262,0.1
2164,Baseline,4,Balanced,0,Medium,1,Medium,1,8.72271,1995.45,0.0940471,0.1
2165,Baseline,4,Balanced,0,Medium,1,Medium,1,8.67459,1985.44,0.0941281,0.1
2166,Baseline,4,Balanced,0,Medium,1,Medium,1,8.64495,1979.14,0.0936323,0.1
2167,Baseline,4,Balanced,0,Medium,1,Medium,1,8.68498,1986.28,0.0943769,0.1
2168,Baseline,4,Balanced,0,Medium,1,Medium,1,8.69494,1990.01,0.0940702,0.1
2169,Baseline,4,Balanced,0,Medium,1,Medium,1,8.61946,1971.24,0.0942226,0.1
2170,Baseline,4,Balanced,0,Medium,1,Medium,1,8.71377,1993.28,0.0938542,0.1
2171,Baseline,4,Balanced,0,Medium,1,Medium,1,8.65924,1981.08,0.0941725,0.1
2172,Baseline,4,Balanced,0,Medium,1,Medium,1,8.68957,1989.35,0.0941686,0.1
2173,Baseline,4,Balanced,0,Medium,1,Medium,1,8.67979,1985.79,0.0944116,0.1
2174,Baseline,4,Balanced,0,Medium,1,Medium,1,8.72523,1996.57,0.0941782,0.1
2175,Baseline,4,Balanced,0,Medium,1,Medium,1,8.77667,2009.13,0.0948978,0.1
2176,Baseline,4,Balanced,0,Medium,1,Medium,1,8.65275,1978.87,0.0935012,0.1
2177,Baseline,4,Balanced,0,Medium,1,Medium,1,8.58769,1964.72,0.0938985,0.1
2178,Baseline,4,Balanced,0,Medium,1,Medium,1,8.65879,1980.77,0.0944232,0.1
2179,Baseline,4,Balanced,0,Medium,1,Medium,1,8.65944,1981.03,0.0945486,0.1
2180,Baseline,4,Balanced,0,Medium,1,Medium,1,8.69433,1986.5,0.0946605,0.1
2181,Baseline,4,Balanced,0,Medium,1,Medium,1,8.76659,2007.07,0.094103,0.1
2182,Baseline,4,Balanced,0,Medium,1,Medium,1,8.70326,1989.28,0.0949691,0.1
2183,Baseline,4,Balanced,0,Medium,1,Medium,1,8.67875,1984.16,0.0942554,0.1
2184,Baseline,4,Balanced,0,Medium,1,Medium,1,8.76844,2006.78,0.0942747,0.1
2185,Baseline,4,Balanced,0,Medium,1,Medium,1,8.72878,1996.91,0.0942593,0.1
2186,Baseline,4,Balanced,0,Medium,1,Medium,1,8.66042,1980.85,0.0943596,0.1
2187,Baseline,4,Balanced,0,Medium,1,Medium,1,8.55199,1955.02,0.0939969,0.1
2188,Baseline,4,Balanced,0,Medium,1,Medium,1,8.71674,1994.18,0.0943962,0.1
2189,Baseline,4,Balanced,0,Medium,1,Medium,1,8.64464,1976.9,0.0940856,0.1
2190,Baseline,4,Balanced,0,Medium,1,Medium,1,8.79565,2013.83,0.0944888,0.1
2191,Baseline,4,Balanced,0,Medium,1,Medium,1,8.67858,1982.34,0.0951466,0.1
2192,Baseline,4,Balanced,0,Medium,1,Medium,1,8.79368,2011.22,0.0948708,0.1
2193,Baseline,4,Balanced,0,Medium,1,Medium,1,8.59341,1962.79,0.094483,0.1
2194,Baseline,4,Balanced,0,Medium,1,Medium,1,8.71842,1995,0.0943576,0.1
2195,Baseline,4,Balanced,0,Medium,1,Medium,1,8.68066,1988.44,0.0933989,0.1
2196,Baseline,4,Balanced,0,Medium,1,Medium,1,8.70191,1991.75,0.0941782,0.1
2197,Baseline,4,Balanced,0,Medium,1,Medium,1,8.86303,2027.31,0.0952488,0.1
2198,Baseline,4,Balanced,0,Medium,1,Medium,1,8.78597,2011.46,0.0948515,0.1
2199,Baseline,4,Balanced,0,Medium,1,Medium,1,8.67849,1986.04,0.0938889,0.1
2200,Baseline,4,Balanced,0,Medium,1,Medium,1,8.67355,1983.21,0.0941204,0.1
2201,Baseline,4,Balanced,0,Medium,1,Medium,1,8.72543,1996.29,0.0940394,0.1
2202,Baseline,4,Balanced,0,Medium,1,Medium,1,8.72858,1999.02,0.0938542,0.1
2203,Baseline,4,Balanced,0,Medium,1,Medium,1,8.71873,1995.56,0.0937693,0.1
2204,Baseline,4,Balanced,0,Medium,1,Medium,1,8.66775,1984.33,0.0936497,0.1
2205,Baseline,4,Balanced,0,Medium,1,Medium,1,8.70956,1992.83,0.0943345,0.1
2206,Baseline,4,Balanced,0,Medium,1,Medium,1,8.65418,1980.73,0.094157,0.1
2207,Baseline,4,Balanced,0,Medium,1,Medium,1,8.69039,1986.67,0.0949537,0.1
2208,Baseline,4,Balanced,0,Medium,1,Medium,1,8.73508,1999.37,0.0948746,0.1
2209,Baseline,4,Balanced,0,Medium,1,Medium,1,8.65215,1979.09,0.094267,0.1
2210,Baseline,4,Balanced,0,Medium,1,Medium,1,8.68472,1988.08,0.0942284,0.1
2211,Baseline,4,Balanced,0,Medium,1,Medium,1,8.63683,1976.86,0.093968,0.1
2212,Baseline,4,Balanced,0,Medium,1,Medium,1,8.71695,1993.2,0.0941763,0.1
2213,Baseline,4,Balanced,0,Medium,1,Medium,1,8.75097,2001.55,0.0945563,0.1
2214,Baseline,4,Balanced,0,Medium,1,Medium,1,8.60271,1968.18,0.0939969,0.1
2215,Baseline,4,Balanced,0,Medium,1,Medium,1,8.65308,1980.53,0.0942535,0.1
2216,Baseline,4,Balanced,0,Medium,1,Medium,1,8.68129,1986.77,0.093995,0.1
2217,Baseline,4,Balanced,0,Medium,1,Medium,1,8.70769,1993.24,0.0943268,0.1
2218,Baseline,4,Balanced,0,Medium,1,Medium,1,8.72879,1997.12,0.0945409,0.1
2219,Baseline,4,Balanced,0,Medium,1,Medium,1,8.68935,1987.17,0.0943673,0.1
2220,Baseline,4,Balanced,0,Medium,1,Medium,1,8.69648,1989.29,0.0944772,0.1
2221,Baseline,4,Balanced,0,Medium,1,Medium,1,8.78066,2010.31,0.0944618,0.1
2222,Baseline,4,Balanced,0,Medium,1,Medium,1,8.81072,2015.79,0.0949614,0.1
2223,Baseline,4,Balanced,0,Medium,1,Medium,1,8.60518,1968.93,0.0938059,0.1
2224,Baseline,4,Balanced,0,Medium,1,Medium,1,8.61727,1972.12,0.0937558,0.1
2225,Baseline,4,Balanced,0,Medium,1,Medium,1,8.66078,1978.23,0.0945949,0.1
2226,Baseline,4,Balanced,0,Medium,1,Medium,1,8.66699,1981.2,0.0943846,0.1
2227,Baseline,4,Balanced,0,Medium,1,Medium,1,8.70979,1991.42,0.0944927,0.1
2228,Baseline,4,Balanced,0,Medium,1,Medium,1,8.68068,1986.46,0.093941,0.1
2229,Baseline,4,Balanced,0,Medium,1,Medium,1,8.63817,1974.68,0.0941011,0.1
2230,Baseline,4,Balanced,0,Medium,1,Medium,1,8.76339,2003.61,0.0950251,0.1
2231,Baseline,4,Balanced,0,Medium,1,Medium,1,8.7208,1993.69,0.0950675,0.1
2232,Baseline,4,Balanced,0,Medium,1,Medium,1,8.60922,1968.62,0.0937211,0.1
2233,Baseline,4,Balanced,0,Medium,1,Medium,1,8.63541,1975.55,0.0941088,0.1
2234,Baseline,4,Balanced,0,Medium,1,Medium,1,8.61891,1972.36,0.0935339,0.1
2235,Baseline,4,Balanced,0,Medium,1,Medium,1,8.6636,1982.57,0.0941917,0.1
2236,Baseline,4,Balanced,0,Medium,1,Medium,1,8.66271,1980.83,0.094485,0.1
2237,Baseline,4,Balanced,0,Medium,1,Medium,1,8.67051,1983.74,0.0944232,0.1
2238,Baseline,4,Balanced,0,Medium,1,Medium,1,8.64237,1976.81,0.0942207,0.1
2239,Baseline,4,Balanced,0,Medium,1,Medium,1,8.71651,1994.11,0.0943017,0.1
2240,Baseline,4,Balanced,0,Medium,1,Medium,1,8.66797,1983.28,0.0942188,0.1
2241,Baseline,4,Balanced,0,Medium,1,Medium,1,8.69139,1989.44,0.0943326,0.1
2242,Baseline,4,Balanced,0,Medium,1,Medium,1,8.68665,1987.82,0.09375,0.1
2243,Baseline,4,Balanced,0,Medium,1,Medium,1,8.70133,1992.6,0.0937191,0.1
2244,Baseline,4,Balanced,0,Medium,1,Medium,1,8.75398,2003.42,0.094838,0.1
2245,Baseline,4,Balanced,0,Medium,1,Medium,1,8.659,1981.87,0.0941107,0.1
2246,Baseline,4,Balanced,0,Medium,1,Medium,1,8.61,1971.17,0.0935475,0.1
2247,Baseline,4,Balanced,0,Medium,1,Medium,1,8.6557,1981.45,0.0937963,0.1
2248,Baseline,4,Balanced,0,Medium,1,Medium,1,8.76593,2005.41,0.0947762,0.1
2249,Baseline,4,Balanced,0,Medium,1,Medium,1,8.6966,1988.78,0.0947106,0.1
2250,Baseline,4,Balanced,0,Medium,1,Medium,1,8.63825,1975.08,0.0947087,0.1
2251,Baseline,4,Balanced,0,Medium,1,Medium,1,8.70726,1991.08,0.0946644,0.1
2252,Baseline,4,Balanced,0,Medium,1,Medium,1,8.6375,1975.57,0.0939911,0.1
2253,Baseline,4,Balanced,0,Medium,1,Medium,1,8.70538,1992.26,0.0943769,0.1
2254,Baseline,4,Balanced,0,Medium,1,Medium,1,8.6645,1982.67,0.0936516,0.1
2255,Baseline,4,Balanced,0,Medium,1,Medium,1,8.74963,2002.41,0.0943769,0.1
2256,Baseline,4,Balanced,0,Medium,1,Medium,1,8.79423,2012.1,0.0949325,0.1
2257,Baseline,4,Balanced,0,Medium,1,Medium,1,8.66143,1981.39,0.0944116,0.1
2258,Baseline,4,Balanced,0,Medium,1,Medium,1,8.6821,1984.22,0.0946875,0.1
2259,Baseline,4,Balanced,0,Medium,1,Medium,1,8.74012,1999.95,0.0945313,0.1
2260,Baseline,4,Balanced,0,Medium,1,Medium,1,8.67584,1982.49,0.094485,0.1
2261,Baseline,4,Balanced,0,Medium,1,Medium,1,8.69591,1989.94,0.0945409,0.1
2262,Baseline,4,Balanced,0,Medium,1,Medium,1,8.63904,1975.69,0.0936381,0.1
2263,Baseline,4,Balanced,0,Medium,1,Medium,1,8.62199,1972.6,0.0943345,0.1
2264,Baseline,4,Balanced,0,Medium,1,Medium,1,8.65453,1979.88,0.0937211,0.1
2265,Baseline,4,Balanced,0,Medium,1,Medium,1,8.67516,1985.11,0.0935147,0.1
2266,Baseline,4,Balanced,0,Medium,1,Medium,1,8.71305,1994.01,0.094728,0.1
2267,Baseline,4,Balanced,0,Medium,1,Medium,1,8.59082,1964.61,0.0936825,0.1
2268,Baseline,4,Balanced,0,Medium,1,Medium,1,8.69548,1990.7,0.0944888,0.1
2269,Baseline,4,Balanced,0,Medium,1,Medium,1,8.64115,1977.72,0.0931481,0.1
2270,Baseline,4,Balanced,0,Medium,1,Medium,1,8.69655,1987.35,0.0943519,0.1
2271,Baseline,4,Balanced,0,Medium,1,Medium,1,8.65564,1978.56,0.0942303,0.1
2272,Baseline,4,Balanced,0,Medium,1,Medium,1,8.69068,1988,0.0944348,0.1
2273,Baseline,4,Balanced,0,Medium,1,Medium,1,8.71448,1993.22,0.0945544,0.1
2274,Baseline,4,Balanced,0,Medium,1,Medium,1,8.67651,1984.14,0.094402,0.1
2275,Baseline,4,Balanced,0,Medium,1,Medium,1,8.6379,1975.08,0.0937866,0.1
2276,Baseline,4,Balanced,0,Medium,1,Medium,1,8.65671,1979.95,0.0939255,0.1
2277,Baseline,4,Balanced,0,Medium,1,Medium,1,8.58171,1962.88,0.0935937,0.1
2278,Baseline,4,Balanced,0,Medium,1,Medium,1,8.71127,1992.34,0.0945563,0.1
2279,Baseline,4,Balanced,0,Medium,1,Medium,1,8.69553,1990.26,0.094294,0.1
2280,Baseline,4,Balanced,0,Medium,1,Medium,1,8.77878,2009.93,0.0946894,0.1
2281,Baseline,4,Balanced,0,Medium,1,Medium,1,8.81573,2017.26,0.0951427,0.1
2282,Baseline,4,Balanced,0,Medium,1,Medium,1,8.65206,1980.63,0.0935417,0.1
2283,Baseline,4,Balanced,0,Medium,1,Medium,1,8.62734,1973.01,0.0940991,0.1
2284,Baseline,4,Balanced,0,Medium,1,Medium,1,8.64125,1975.41,0.0944444,0.1
2285,Baseline,4,Balanced,0,Medium,1,Medium,1,8.7383,1999.01,0.0944695,0.1
2286,Baseline,4,Balanced,0,Medium,1,Medium,1,8.69388,1988.06,0.0946258,0.1
2287,Baseline,4,Balanced,0,Medium,1,Medium,1,8.66394,1981.03,0.0942824,0.1
2288,Baseline,4,Balanced,0,Medium,1,Medium,1,8.66751,1983.59,0.0938792,0.1
2289,Baseline,4,Balanced,0,Medium,1,Medium,1,8.75147,2002.22,0.0944579,0.1
2290,Baseline,4,Balanced,0,Medium,1,Medium,1,8.7137,1993.17,0.0945775,0.1
2291,Baseline,4,Balanced,0,Medium,1,Medium,1,8.66546,1981.27,0.0936979,0.1
2292,Baseline,4,Balanced,0,Medium,1,Medium,1,8.69432,1986.74,0.0946721,0.1
2293,Baseline,4,Balanced,0,Medium,1,Medium,1,8.71603,1993.92,0.0941011,0.1
2294,Baseline,4,Balanced,0,Medium,1,Medium,1,8.65326,1979.75,0.0941204,0.1
2295,Baseline,4,Balanced,0,Medium,1,Medium,1,8.6351,1977.26,0.093777,0.1
2296,Baseline,4,Balanced,0,Medium,1,Medium,1,8.59575,1965.49,0.0940625,0.1
2297,Baseline,4,Balanced,0,Medium,1,Medium,1,8.63878,1977.35,0.0937114,0.1
2298,Baseline,4,Balanced,0,Medium,1,Medium,1,8.67373,1984.16,0.0941802,0.1
2299,Baseline,4,Balanced,0,Medium,1,Medium,1,8.67412,1985.15,0.0941474,0.1
2300,Baseline,4,Balanced,0,Medium,1,Medium,1,8.64851,1979.43,0.093804,0.1
2301,Baseline,4,Balanced,0,Medium,1,Medium,1,8.67338,1985.48,0.0939796,0.1
2302,Baseline,4,Balanced,0,Medium,1,Medium,1,8.63782,1973.32,0.094566,0.1
2303,Baseline,4,Balanced,0,Medium,1,Medium,1,8.72132,1995.66,0.0944116,0.1
2304,Baseline,4,Balanced,0,Medium,1,Medium,1,8.6695,1980.74,0.0948688,0.1
2305,Baseline,4,Balanced,0,Medium,1,Medium,1,8.69543,1988.76,0.0942554,0.1
2306,Baseline,4,Balanced,0,Medium,1,Medium,1,8.7102,1993.95,0.0944271,0.1
2307,Baseline,4,Balanced,0,Medium,1,Medium,1,8.72236,1993.85,0.0949209,0.1
2308,Baseline,4,Balanced,0,Medium,1,Medium,1,8.66425,1982.32,0.0942149,0.1
2309,Baseline,4,Balanced,0,Medium,1,Medium,1,8.68282,1986.68,0.0943461,0.1
2310,Baseline,4,Balanced,0,Medium,1,Medium,1,8.71554,1991.55,0.0953009,0.1
2311,Baseline,4,Balanced,0,Medium,1,Medium,1,8.66769,1982.49,0.0945428,0.1
2312,Baseline,4,Balanced,0,Medium,1,Medium,1,8.70165,1991.66,0.0938272,0.1
2313,Baseline,4,Balanced,0,Medium,1,Medium,1,8.60868,1967.42,0.0937076,0.1
2314,Baseline,4,Balanced,0,Medium,1,Medium,1,8.76423,2005.55,0.0945448,0.1
2315,Baseline,4,Balanced,0,Medium,1,Medium,1,8.73359,2000.28,0.0939622,0.1
2316,Baseline,4,Balanced,0,Medium,1,Medium,1,8.62128,1969.74,0.0947782,0.1
2317,Baseline,4,Balanced,0,Medium,1,Medium,1,8.69274,1988.53,0.094537,0.1
2318,Baseline,4,Balanced,0,Medium,1,Medium,1,8.64648,1977.41,0.094103,0.1
2319,Baseline,4,Balanced,0,Medium,1,Medium,1,8.76311,2005.76,0.0943441,0.1
2320,Baseline,4,Balanced,0,Medium,1,Medium,1,8.74102,1997.16,0.0950752,0.1
2321,Baseline,4,Balanced,0,Medium,1,Medium,1,8.6817,1986.06,0.0943036,0.1
2322,Baseline,4,Balanced,0,Medium,1,Medium,1,8.66814,1980.97,0.0946547,0.1
2323,Baseline,4,Balanced,0,Medium,1,Medium,1,8.65426,1979.06,0.0943171,0.1
2324,Baseline,4,Balanced,0,Medium,1,Medium,1,8.64574,1976.8,0.0941493,0.1
2325,Baseline,4,Balanced,0,Medium,1,Medium,1,8.712,1994.82,0.0938908,0.1
2326,Baseline,4,Balanced,0,Medium,1,Medium,1,8.65177,1978.91,0.0940567,0.1
2327,Baseline,4,Balanced,0,Medium,1,Medium,1,8.64291,1977.79,0.0937269,0.1
2328,Baseline,4,Balanced,0,Medium,1,Medium,1,8.692,1987.65,0.0949846,0.1
2329,Baseline,4,Balanced,0,Medium,1,Medium,1,8.70918,1991.37,0.0945216,0.1
2330,Baseline,4,Balanced,0,Medium,1,Medium,1,8.74104,1998.52,0.0943306,0.1
2331,Baseline,4,Balanced,0,Medium,1,Medium,1,8.71965,1993.9,0.0947762,0.1
2332,Baseline,4,Balanced,0,Medium,1,Medium,1,8.73238,1995.86,0.0948534,0.1
2333,Baseline,4,Balanced,0,Medium,1,Medium,1,8.6947,1989.28,0.0942901,0.1
2334,Baseline,4,Balanced,0,Medium,1,Medium,1,8.66262,1981.08,0.0940548,0.1
2335,Baseline,4,Balanced,0,Medium,1,Medium,1,8.68027,1986.44,0.0941782,0.1
2336,Baseline,4,Balanced,0,Medium,1,Medium,1,8.67791,1985.41,0.0944001,0.1
2337,Baseline,4,Balanced,0,Medium,1,Medium,1,8.70775,1994.2,0.0939853,0.1
2338,Baseline,4,Balanced,0,Medium,1,Medium,1,8.75124,2001.53,0.0948997,0.1
2339,Baseline,4,Balanced,0,Medium,1,Medium,1,8.64524,1978.59,0.0934838,0.1
2340,Baseline,4,Balanced,0,Medium,1,Medium,1,8.75424,2003.69,0.0943268,0.1
2341,Baseline,4,Balanced,0,Medium,1,Medium,1,8.71325,1994.78,0.0946026,0.1
2342,Baseline,4,Balanced,0,Medium,1,Medium,1,8.64606,1977.73,0.0942014,0.1
2343,Baseline,4,Balanced,0,Medium,1,Medium,1,8.68249,1986.73,0.0946258,0.1
2344,Baseline,4,Balanced,0,Medium,1,Medium,1,8.74026,1998.39,0.0950926,0.1
2345,Baseline,4,Balanced,0,Medium,1,Medium,1,8.68747,1990.01,0.0941995,0.1
2346,Baseline,4,Balanced,0,Medium,1,Medium,1,8.71202,1992.64,0.094946,0.1
2347,Baseline,4,Balanced,0,Medium,1,Medium,1,8.77045,2007.45,0.0947473,0.1
2348,Baseline,4,Balanced,0,Medium,1,Medium,1,8.63405,1976.03,0.0939217,0.1
2349,Baseline,4,Balanced,0,Medium,1,Medium,1,8.72053,1995.81,0.0939082,0.1
2350,Baseline,4,Balanced,0,Medium,1,Medium,1,8.54057,1950.97,0.0942882,0.1
2351,Baseline,4,Balanced,0,Medium,1,Medium,1,8.64954,1976.73,0.0944348,0.1
2352,Baseline,4,Balanced,0,Medium,1,Medium,1,8.70472,1992.05,0.093968,0.1
2353,Baseline,4,Balanced,0,Medium,1,Medium,1,8.67937,1986.71,0.0939487,0.1
2354,Baseline,4,Balanced,0,Medium,1,Medium,1,8.69994,1991.35,0.0943885,0.1
2355,Baseline,4,Balanced,0,Medium,1,Medium,1,8.76318,2006.25,0.0943885,0.1
2356,Baseline,4,Balanced,0,Medium,1,Medium,1,8.63589,1974.65,0.093831,0.1
2357,Baseline,4,Balanced,0,Medium,1,Medium,1,8.67961,1985.94,0.0940818,0.1
2358,Baseline,4,Balanced,0,Medium,1,Medium,1,8.73848,2000.36,0.0942245,0.1
2359,Baseline,4,Balanced,0,Medium,1,Medium,1,8.73295,1998.47,0.0944097,0.1
2360,Baseline,4,Balanced,0,Medium,1,Medium,1,8.67898,1985.7,0.0942573,0.1
2361,Baseline,4,Balanced,0,Medium,1,Medium,1,8.65576,1978.93,0.0947145,0.1
2362,Baseline,4,Balanced,0,Medium,1,Medium,1,8.69702,1989.51,0.0948553,0.1
2363,Baseline,4,Balanced,0,Medium,1,Medium,1,8.70709,1992.55,0.0944811,0.1
2364,Baseline,4,Balanced,0,Medium,1,Medium,1,8.75154,2003.75,0.0940451,0.1
2365,Baseline,4,Balanced,0,Medium,1,Medium,1,8.69801,1990.06,0.0947222,0.1
2366,Baseline,4,Balanced,0,Medium,1,Medium,1,8.6855,1986.83,0.0942921,0.1
2367,Baseline,4,Balanced,0,Medium,1,Medium,1,8.70325,1991.68,0.094483,0.1
2368,Baseline,4,Balanced,0,Medium,1,Medium,1,8.62492,1972.87,0.0942072,0.1
2369,Baseline,4,Balanced,0,Medium,1,Medium,1,8.7414,2000.99,0.0944579,0.1
2370,Baseline,4,Balanced,0,Medium,1,Medium,1,8.70474,1991.62,0.0939525,0.1
2371,Baseline,4,Balanced,0,Medium,1,Medium,1,8.73768,2001.19,0.0936786,0.1
2372,Baseline,4,Balanced,0,Medium,1,Medium,1,8.80696,2014.64,0.0946586,0.1
2373,Baseline,4,Balanced,0,Medium,1,Medium,1,8.69555,1988.59,0.0945853,0.1
2374,Baseline,4,Balanced,0,Medium,1,Medium,1,8.71048,1992,0.0942033,0.1
2375,Baseline,4,Balanced,0,Medium,1,Medium,1,8.66089,1983.02,0.0935687,0.1
2376,Baseline,4,Balanced,0,Medium,1,Medium,1,8.73174,1997.19,0.0942303,0.1
2377,Baseline,4,Balanced,0,Medium,1,Medium,1,8.68818,1989.7,0.0940741,0.1
2378,Baseline,4,Balanced,0,Medium,1,Medium,1,8.65357,1979.18,0.0946373,0.1
2379,Baseline,4,Balanced,0,Medium,1,Medium,1,8.65382,1978.86,0.0943634,0.1
2380,Baseline,4,Balanced,0,Medium,1,Medium,1,8.66498,1980.96,0.0944329,0.1
2381,Baseline,4,Balanced,0,Medium,1,Medium,1,8.65944,1978.39,0.0944155,0.1
2382,Baseline,4,Balanced,0,Medium,1,Medium,1,8.67252,1983.74,0.094157,0.1
2383,Baseline,4,Balanced,0,Medium,1,Medium,1,8.74453,1998.49,0.0953839,0.1
2384,Baseline,4,Balanced,0,Medium,1,Medium,1,8.73668,1999.8,0.0939661,0.1
2385,Baseline,4,Balanced,0,Medium,1,Medium,1,8.72257,1995.79,0.0938002,0.1
2386,Baseline,4,Balanced,0,Medium,1,Medium,1,8.70564,1990.42,0.0945698,0.1
2387,Baseline,4,Balanced,0,Medium,1,Medium,1,8.70129,1990.04,0.0944888,0.1
2388,Baseline,4,Balanced,0,Medium,1,Medium,1,8.74244,2001.88,0.0945853,0.1
2389,Baseline,4,Balanced,0,Medium,1,Medium,1,8.64792,1977.85,0.0944097,0.1
2390,Baseline,4,Balanced,0,Medium,1,Medium,1,8.71719,1995.26,0.0941223,0.1
2391,Baseline,4,Balanced,0,Medium,1,Medium,1,8.68992,1988.7,0.0943268,0.1
2392,Baseline,4,Balanced,0,Medium,1,Medium,1,8.63412,1974.91,0.0936806,0.1
2393,Baseline,4,Balanced,0,Medium,1,Medium,1,8.72761,1998.41,0.0943075,0.1
2394,Baseline,4,Balanced,0,Medium,1,Medium,1,8.71923,1993.47,0.0943634,0.1
2395,Baseline,4,Balanced,0,Medium,1,Medium,1,8.74437,2000.05,0.0953144,0.1
2396,Baseline,4,Balanced,0,Medium,1,Medium,1,8.7289,1997.48,0.0943403,0.1
2397,Baseline,4,Balanced,0,Medium,1,Medium,1,8.72393,1996.46,0.0944753,0.1
2398,Baseline,4,Balanced,0,Medium,1,Medium,1,8.68664,1986.96,0.0942226,0.1
2399,Baseline,4,Balanced,0,Medium,1,Medium,1,8.70093,1990.7,0.0936343,0.1
2400,Baseline,4,Balanced,0,Medium,1,Medium,1,8.56812,1960.14,0.0935745,0.1
2401,Baseline,4,Balanced,0,Medium,1,Medium,1,8.63606,1975.72,0.0942149,0.1
2402,Baseline,4,Balanced,0,Medium,1,Medium,1,8.72717,1996.37,0.0944387,0.1
2403,Baseline,4,Balanced,0,Medium,1,Medium,1,8.79032,2012.17,0.0944676,0.1
2404,Baseline,4,Balanced,0,Medium,1,Medium,1,8.77965,2009,0.0950463,0.1
2405,Baseline,4,Balanced,0,Medium,1,Medium,1,8.59901,1964.79,0.09424,0.1
2406,Baseline,4,Balanced,0,Medium,1,Medium,1,8.6738,1984.13,0.0937596,0.1
2407,Baseline,4,Balanced,0,Medium,1,Medium,1,8.80474,2012.71,0.0951871,0.1
2408,Baseline,4,Balanced,0,Medium,1,Medium,1,8.68119,1985.76,0.0938908,0.1
2409,Baseline,4,Balanced,0,Medium,1,Medium,1,8.61176,1969.87,0.0940046,0.1
2410,Baseline,4,Balanced,0,Medium,1,Medium,1,8.67372,1984.9,0.0937114,0.1
2411,Baseline,4,Balanced,0,Medium,1,Medium,1,8.77965,2010.63,0.0944907,0.1
2412,Baseline,4,Balanced,0,Medium,1,Medium,1,8.59548,1966.18,0.0935359,0.1
2413,Baseline,4,Balanced,0,Medium,1,Medium,1,8.63383,1974.86,0.0939255,0.1
2414,Baseline,4,Balanced,0,Medium,1,Medium,1,8.69255,1988.04,0.0942631,0.1
2415,Baseline,4,Balanced,0,Medium,1,Medium,1,8.62711,1973.3,0.0939333,0.1
2416,Baseline,4,Balanced,0,Medium,1,Medium,1,8.79294,2009.91,0.0953376,0.1
2417,Baseline,4,Balanced,0,Medium,1,Medium,1,8.78878,2011.6,0.0949074,0.1
2418,Baseline,4,Balanced,0,Medium,1,Medium,1,8.69732,1989.61,0.0943017,0.1
2419,Baseline,4,Balanced,0,Medium,1,Medium,1,8.6514,1978.81,0.0941107,0.1
2420,Baseline,4,Balanced,0,Medium,1,Medium,1,8.70305,1989.59,0.095353,0.1
2421,Baseline,4,Balanced,0,Medium,1,Medium,1,8.7083,1992.57,0.0941454,0.1
2422,Baseline,4,Balanced,0,Medium,1,Medium,1,8.79888,2014.12,0.0942168,0.1
2423,Baseline,4,Balanced,0,Medium,1,Medium,1,8.70793,1990.04,0.09489,0.1
2424,Baseline,4,Balanced,0,Medium,1,Medium,1,8.70513,1991.72,0.094755,0.1
2425,Baseline,4,Balanced,0,Medium,1,Medium,1,8.67621,1986.73,0.0943904,0.1
2426,Baseline,4,Balanced,0,Medium,1,Medium,1,8.76348,2005.79,0.0944174,0.1
2427,Baseline,4,Balanced,0,Medium,1,Medium,1,8.61372,1968.93,0.0941358,0.1
2428,Baseline,4,Balanced,0,Medium,1,Medium,1,8.70378,1992.52,0.094022,0.1
2429,Baseline,4,Balanced,0,Medium,1,Medium,1,8.64616,1978.79,0.0938291,0.1
2430,Baseline,4,Balanced,0,Medium,1,Medium,1,8.64747,1979.19,0.0939448,0.1
2431,Baseline,4,Balanced,0,Medium,1,Medium,1,8.65952,1981.58,0.0941821,0.1
2432,Baseline,4,Balanced,0,Medium,1,Medium,1,8.74072,1997.56,0.0950019,0.1
2433,Baseline,4,Balanced,0,Medium,1,Medium,1,8.74131,1999.93,0.0944213,0.1
2434,Baseline,4,Balanced,0,Medium,1,Medium,1,8.69513,1988.73,0.0942747,0.1
2435,Baseline,4,Balanced,0,Medium,1,Medium,1,8.68012,1985.4,0.0943268,0.1
2436,Baseline,4,Balanced,0,Medium,1,Medium,1,8.61171,1968.74,0.0942303,0.1
2437,Baseline,4,Balanced,0,Medium,1,Medium,1,8.58535,1962.61,0.093858,0.1
2438,Baseline,4,Balanced,0,Medium,1,Medium,1,8.69278,1988.07,0.0942265,0.1
2439,Baseline,4,Balanced,0,Medium,1,Medium,1,8.76994,2008.62,0.0943576,0.1
2440,Baseline,4,Balanced,0,Medium,1,Medium,1,8.68433,1987.19,0.0944232,0.1
2441,Baseline,4,Balanced,0,Medium,1,Medium,1,8.74761,2001.39,0.0943769,0.1
2442,Baseline,4,Balanced,0,Medium,1,Medium,1,8.60246,1966.14,0.093995,0.1
2443,Baseline,4,Balanced,0,Medium,1,Medium,1,8.70077,1991.35,0.0937172,0.1
2444,Baseline,4,Balanced,0,Medium,1,Medium,1,8.63674,1974.81,0.0942284,0.1
2445,Baseline,4,Balanced,0,Medium,1,Medium,1,8.65358,1978.73,0.0946354,0.1
2446,Baseline,4,Balanced,0,Medium,1,Medium,1,8.69673,1989.77,0.0940837,0.1
2447,Baseline,4,Balanced,0,Medium,1,Medium,1,8.67624,1984.77,0.0940914,0.1
2448,Baseline,4,Balanced,0,Medium,1,Medium,1,8.68967,1987.12,0.0949788,0.1
2449,Baseline,4,Balanced,0,Medium,1,Medium,1,8.6769,1986.2,0.0940085,0.1
2450,Baseline,4,Balanced,0,Medium,1,Medium,1,8.7059,1991.2,0.0946258,0.1
2451,Baseline,4,Balanced,0,Medium,1,Medium,1,8.7668,2006.92,0.0946701,0.1
2452,Baseline,4,Balanced,0,Medium,1,Medium,1,8.75174,2002.79,0.0943383,0.1
2453,Baseline,4,Balanced,0,Medium,1,Medium,1,8.61073,1968.76,0.0941049,0.1
2454,Baseline,4,Balanced,0,Medium,1,Medium,1,8.65762,1979.46,0.0945004,0.1
2455,Baseline,4,Balanced,0,Medium,1,Medium,1,8.72553,1997.93,0.0938812,0.1
2456,Baseline,4,Balanced,0,Medium,1,Medium,1,8.7105,1993.75,0.0938831,0.1
2457,Baseline,4,Balanced,0,Medium,1,Medium,1,8.72994,1995.24,0.0946856,0.1
2458,Baseline,4,Balanced,0,Medium,1,Medium,1,8.67795,1984.87,0.0940046,0.1
2459,Baseline,4,Balanced,0,Medium,1,Medium,1,8.61708,1971.17,0.0939911,0.1
2460,Baseline,4,Balanced,0,Medium,1,Medium,1,8.67502,1985,0.0941667,0.1
2461,Baseline,4,Balanced,0,Medium,1,Medium,1,8.61894,1972.85,0.0937809,0.1
2462,Baseline,4,Balanced,0,Medium,1,Medium,1,8.75885,2005.22,0.0945814,0.1
2463,Baseline,4,Balanced,0,Medium,1,Medium,1,8.69949,1989.8,0.093723,0.1
2464,Baseline,4,Balanced,0,Medium,1,Medium,1,8.64622,1978.17,0.0939815,0.1
2465,Baseline,4,Balanced,0,Medium,1,Medium,1,8.72619,1995.44,0.0948688,0.1
2466,Baseline,4,Balanced,0,Medium,1,Medium,1,8.69954,1991.83,0.0938098,0.1
2467,Baseline,4,Balanced,0,Medium,1,Medium,1,8.61615,1972.3,0.0938117,0.1
2468,Baseline,4,Balanced,0,Medium,1,Medium,1,8.75524,2002.07,0.0950251,0.1
2469,Baseline,4,Balanced,0,Medium,1,Medium,1,8.64538,1980.31,0.0937134,0.1
2470,Baseline,4,Balanced,0,Medium,1,Medium,1,8.68702,1987.54,0.0938638,0.1
2471,Baseline,4,Balanced,0,Medium,1,Medium,1,8.66237,1981.19,0.09413,0.1
2472,Baseline,4,Balanced,0,Medium,1,Medium,1,8.72558,1997.06,0.0943248,0.1
2473,Baseline,4,Balanced,0,Medium,1,Medium,1,8.68861,1987.42,0.0945023,0.1
2474,Baseline,4,Balanced,0,Medium,1,Medium,1,8.74093,1997.56,0.0949633,0.1
2475,Baseline,4,Balanced,0,Medium,1,Medium,1,8.70156,1992.38,0.0940259,0.1
2476,Baseline,4,Balanced,0,Medium,1,Medium,1,8.74899,2001.97,0.0948881,0.1
2477,Baseline,4,Balanced,0,Medium,1,Medium,1,8.66306,1982.67,0.094103,0.1
2478,Baseline,4,Balanced,0,Medium,1,Medium,1,8.78663,2010.16,0.0947743,0.1
2479,Baseline,4,Balanced,0,Medium,1,Medium,1,8.61878,1970.24,0.094593,0.1
2480,Baseline,4,Balanced,0,Medium,1,Medium,1,8.68889,1989.81,0.0938522,0.1
2481,Baseline,4,Balanced,0,Medium,1,Medium,1,8.69645,1988.86,0.0948881,0.1
2482,Baseline,4,Balanced,0,Medium,1,Medium,1,8.78303,2011.15,0.0946103,0.1
2483,Baseline,4,Balanced,0,Medium,1,Medium,1,8.63657,1973.25,0.0944599,0.1
2484,Baseline,4,Balanced,0,Medium,1,Medium,1,8.6736,1986.08,0.0940818,0.1
2485,Baseline,4,Balanced,0,Medium,1,Medium,1,8.625,1973.24,0.0937365,0.1
2486,Baseline,4,Balanced,0,Medium,1,Medium,1,8.65125,1980.46,0.0937481,0.1
2487,Baseline,4,Balanced,0,Medium,1,Medium,1,8.65489,1982.4,0.0934606,0.1
2488,Baseline,4,Balanced,0,Medium,1,Medium,1,8.7557,2001.62,0.0952816,0.1
2489,Baseline,4,Balanced,0,Medium,1,Medium,1,8.72159,1996.65,0.0939063,0.1
2490,Baseline,4,Balanced,0,Medium,1,Medium,1,8.71508,1992.47,0.0947627,0.1
2491,Baseline,4,Balanced,0,Medium,1,Medium,1,8.62331,1973.12,0.0934549,0.1
2492,Baseline,4,Balanced,0,Medium,1,Medium,1,8.62059,1972.29,0.0936941,0.1
2493,Baseline,4,Balanced,0,Medium,1,Medium,1,8.62655,1969.77,0.0952045,0.1
2494,Baseline,4,Balanced,0,Medium,1,Medium,1,8.62005,1970.76,0.0938908,0.1
2495,Baseline,4,Balanced,0,Medium,1,Medium,1,8.67034,1980.61,0.0946296,0.1
2496,Baseline,4,Balanced,0,Medium,1,Medium,1,8.75278,2001.88,0.0949363,0.1
2497,Baseline,4,Balanced,0,Medium,1,Medium,1,8.69095,1990.21,0.0939969,0.1
2498,Baseline,4,Balanced,0,Medium,1,Medium,1,8.79635,2013.23,0.0946721,0.1
2499,Baseline,4,Balanced,0,Medium,1,Medium,1,8.69011,1988.37,0.0940991,0.1
2500,Baseline,4,Balanced,0,Medium,1,Medium,1,8.66558,1984.2,0.093615,0.1
2501,Baseline,4,Balanced,0,Medium,1,Medium,1,8.62915,1971.14,0.0943287,0.1
2502,Baseline,4,Balanced,0,Medium,1,Medium,1,8.76536,2006.58,0.0946586,0.1
2503,Baseline,4,Balanced,0,Medium,1,Medium,1,8.64836,1977.23,0.0949132,0.1
2504,Baseline,4,Balanced,0,Medium,1,Medium,1,8.66744,1983.02,0.094022,0.1
2505,Baseline,4,Balanced,0,Medium,1,Medium,1,8.65486,1982.35,0.0937809,0.1
2506,Baseline,4,Balanced,0,Medium,1,Medium,1,8.76173,2004.62,0.0941589,0.1
2507,Baseline,4,Balanced,0,Medium,1,Medium,1,8.66886,1981.3,0.0942708,0.1
2508,Baseline,4,Balanced,0,Medium,1,Medium,1,8.74617,2002.85,0.0944078,0.1
2509,Baseline,4,Balanced,0,Medium,1,Medium,1,8.76203,2005.25,0.0944579,0.1
2510,Baseline,4,Balanced,0,Medium,1,Medium,1,8.75465,2002.28,0.0947627,0.1
2511,Baseline,4,Balanced,0,Medium,1,Medium,1,8.62987,1973.49,0.094267,0.1
2512,Baseline,4,Balanced,0,Medium,1,Medium,1,8.70387,1993.95,0.0934954,0.1
2513,Baseline,4,Balanced,0,Medium,1,Medium,1,8.73193,1998.2,0.0940644,0.1
2514,Baseline,4,Balanced,0,Medium,1,Medium,1,8.6881,1987.89,0.0946065,0.1
2515,Baseline,4,Balanced,0,Medium,1,Medium,1,8.73713,2001.72,0.0938291,0.1
2516,Baseline,4,Balanced,0,Medium,1,Medium,1,8.82009,2020.68,0.0945988,0.1
2517,Baseline,4,Balanced,0,Medium,1,Medium,1,8.74968,2003.6,0.0941975,0.1
2518,Baseline,4,Balanced,0,Medium,1,Medium,1,8.71815,1995.03,0.0939525,0.1
2519,Baseline,4,Balanced,0,Medium,1,Medium,1,8.66472,1982.31,0.0937404,0.1
2520,Baseline,4,Balanced,0,Medium,1,Medium,1,8.68382,1985.13,0.0944252,0.1
2521,Baseline,4,Balanced,0,Medium,1,Medium,1,8.68617,1987.71,0.0941744,0.1
2522,Baseline,4,Balanced,0,Medium,1,Medium,1,8.70588,1990.01,0.0945968,0.1
2523,Baseline,4,Balanced,0,Medium,1,Medium,1,8.65195,1978.19,0.0941705,0.1
2524,Baseline,4,Balanced,0,Medium,1,Medium,1,8.60717,1967.17,0.094211,0.1
2525,Baseline,4,Balanced,0,Medium,1,Medium,1,8.76458,2006.29,0.094566,0.1
2526,Baseline,4,Balanced,0,Medium,1,Medium,1,8.67223,1984.19,0.0942149,0.1
2527,Baseline,4,Balanced,0,Medium,1,Medium,1,8.71437,1993.18,0.0946123,0.1
2528,Baseline,4,Balanced,0,Medium,1,Medium,1,8.66802,1982.26,0.0945351,0.1
2529,Baseline,4,Balanced,0,Medium,1,Medium,1,8.7588,2002.51,0.0949016,0.1
2530,Baseline,4,Balanced,0,Medium,1,Medium,1,8.64191,1977.29,0.0939525,0.1
2531,Baseline,4,Balanced,0,Medium,1,Medium,1,8.70678,1992.61,0.0944194,0.1
2532,Baseline,4,Balanced,0,Medium,1,Medium,1,8.67972,1985.47,0.0942072,0.1
2533,Baseline,4,Balanced,0,Medium,1,Medium,1,8.61712,1969.42,0.0944174,0.1
2534,Baseline,4,Balanced,0,Medium,1,Medium,1,8.7176,1994.98,0.0942515,0.1
2535,Baseline,4,Balanced,0,Medium,1,Medium,1,8.6805,1984.98,0.0943036,0.1
2536,Baseline,4,Balanced,0,Medium,1,Medium,1,8.74671,2003.61,0.0941262,0.1
2537,Baseline,4,Balanced,0,Medium,1,Medium,1,8.67156,1984.18,0.0939024,0.1
2538,Baseline,4,Balanced,0,Medium,1,Medium,1,8.63549,1976.2,0.0938831,0.1
2539,Baseline,4,Balanced,0,Medium,1,Medium,1,8.70905,1995.63,0.0938387,0.1
2540,Baseline,4,Balanced,0,Medium,1,Medium,1,8.72216,1995.06,0.0944869,0.1
2541,Baseline,4,Balanced,0,Medium,1,Medium,1,8.66249,1980.5,0.0943769,0.1
2542,Baseline,4,Balanced,0,Medium,1,Medium,1,8.79734,2013.92,0.0945062,0.1
2543,Baseline,4,Balanced,0,Medium,1,Medium,1,8.7209,1993.18,0.0947396,0.1
2544,Baseline,4,Balanced,0,Medium,1,Medium,1,8.60304,1967.2,0.0944464,0.1
2545,Baseline,4,Balanced,0,Medium,1,Medium,1,8.75988,2002.28,0.0951813,0.1
2546,Baseline,4,Balanced,0,Medium,1,Medium,1,8.61055,1969.16,0.0944657,0.1
2547,Baseline,4,Balanced,0,Medium,1,Medium,1,8.62412,1971.75,0.0945467,0.1
2548,Baseline,4,Balanced,0,Medium,1,Medium,1,8.71574,1995.53,0.093831,0.1
2549,Baseline,4,Balanced,0,Medium,1,Medium,1,8.61862,1970.39,0.0940201,0.1
2550,Baseline,4,Balanced,0,Medium,1,Medium,1,8.71546,1993.75,0.0946489,0.1
2551,Baseline,4,Balanced,0,Medium,1,Medium,1,8.69534,1988.57,0.0943133,0.1
2552,Baseline,4,Balanced,0,Medium,1,Medium,1,8.68781,1986.63,0.0943306,0.1
2553,Baseline,4,Balanced,0,Medium,1,Medium,1,8.67572,1984.23,0.0944464,0.1
2554,Baseline,4,Balanced,0,Medium,1,Medium,1,8.66247,1983.03,0.0946084,0.1
2555,Baseline,4,Balanced,0,Medium,1,Medium,1,8.68928,1986.12,0.0946605,0.1
2556,Baseline,4,Balanced,0,Medium,1,Medium,1,8.63547,1974.98,0.0941069,0.1
2557,Baseline,4,Balanced,0,Medium,1,Medium,1,8.63542,1976,0.0933507,0.1
2558,Baseline,4,Balanced,0,Medium,1,Medium,1,8.69762,1992.9,0.0940046,0.1
2559,Baseline,4,Balanced,0,Medium,1,Medium,1,8.75461,2004.27,0.0946335,0.1
2560,Baseline,4,Balanced,0,Medium,1,Medium,1,8.71468,1994.67,0.0944136,0.1
2561,Baseline,4,Balanced,0,Medium,1,Medium,1,8.68205,1985.12,0.0947627,0.1
2562,Baseline,4,Balanced,0,Medium,1,Medium,1,8.73683,1999.11,0.0945428,0.1
2563,Baseline,4,Balanced,0,Medium,1,Medium,1,8.69636,1990.49,0.0941107,0.1
2564,Baseline,4,Balanced,0,Medium,1,Medium,1,8.7582,2004.46,0.0941956,0.1
2565,Baseline,4,Balanced,0,Medium,1,Medium,1,8.68349,1986.76,0.0941782,0.1
2566,Baseline,4,Balanced,0,Medium,1,Medium,1,8.6734,1982.52,0.0943422,0.1
2567,Baseline,4,Balanced,0,Medium,1,Medium,1,8.71666,1994.92,0.09462,0.1
2568,Baseline,4,Balanced,0,Medium,1,Medium,1,8.72164,1994.58,0.0948881,0.1
2569,Baseline,4,Balanced,0,Medium,1,Medium,1,8.71206,1992.32,0.0943673,0.1
2570,Baseline,4,Balanced,0,Medium,1,Medium,1,8.64098,1977.85,0.0938831,0.1
2571,Baseline,4,Balanced,0,Medium,1,Medium,1,8.69894,1989.84,0.0947647,0.1
2572,Baseline,4,Balanced,0,Medium,1,Medium,1,8.62703,1973.59,0.0940702,0.1
2573,Baseline,4,Balanced,0,Medium,1,Medium,1,8.73588,1999.4,0.0943171,0.1
2574,Baseline,4,Balanced,0,Medium,1,Medium,1,8.72889,1995.92,0.0946258,0.1
2575,Baseline,4,Balanced,0,Medium,1,Medium,1,8.78975,2010.84,0.0943943,0.1
2576,Baseline,4,Balanced,0,Medium,1,Medium,1,8.62064,1969.73,0.0943711,0.1
2577,Baseline,4,Balanced,0,Medium,1,Medium,1,8.59621,1965.45,0.0942265,0.1
2578,Baseline,4,Balanced,0,Medium,1,Medium,1,8.72238,1996.41,0.0937616,0.1
2579,Baseline,4,Balanced,0,Medium,1,Medium,1,8.7159,1994.43,0.0944946,0.1
2580,Baseline,4,Balanced,0,Medium,1,Medium,1,8.75642,2004.43,0.0943364,0.1
2581,Baseline,4,Balanced,0,Medium,1,Medium,1,8.6745,1983.39,0.0945911,0.1
2582,Baseline,4,Balanced,0,Medium,1,Medium,1,8.70408,1991.67,0.0943981,0.1
2583,Baseline,4,Balanced,0,Medium,1,Medium,1,8.65505,1980.38,0.0940509,0.1
2584,Baseline,4,Balanced,0,Medium,1,Medium,1,8.69891,1989.39,0.0944059,0.1
2585,Baseline,4,Balanced,0,Medium,1,Medium,1,8.66778,1981.98,0.0942265,0.1
2586,Baseline,4,Balanced,0,Medium,1,Medium,1,8.75944,2001.97,0.095,0.1
2587,Baseline,4,Balanced,0,Medium,1,Medium,1,8.78791,2012.64,0.0938773,0.1
2588,Baseline,4,Balanced,0,Medium,1,Medium,1,8.71399,1993.71,0.0942052,0.1
2589,Baseline,4,Balanced,0,Medium,1,Medium,1,8.73329,2000.13,0.0941319,0.1
2590,Baseline,4,Balanced,0,Medium,1,Medium,1,8.60454,1969.05,0.0940162,0.1
2591,Baseline,4,Balanced,0,Medium,1,Medium,1,8.5524,1955.01,0.0937635,0.1
2592,Baseline,4,Balanced,0,Medium,1,Medium,1,8.72045,1994.82,0.09489,0.1
2593,Baseline,4,Balanced,0,Medium,1,Medium,1,8.62558,1971.54,0.0940355,0.1
2594,Baseline,4,Balanced,0,Medium,1,Medium,1,8.66633,1981.99,0.0947261,0.1
2595,Baseline,4,Balanced,0,Medium,1,Medium,1,8.77358,2006.48,0.095135,0.1
2596,Baseline,4,Balanced,0,Medium,1,Medium,1,8.73132,1996.81,0.0950039,0.1
2597,Baseline,4,Balanced,0,Medium,1,Medium,1,8.67604,1983.17,0.0943364,0.1
2598,Baseline,4,Balanced,0,Medium,1,Medium,1,8.5694,1961.25,0.0932909,0.1
2599,Baseline,4,Balanced,0,Medium,1,Medium,1,8.73038,1998.53,0.0942554,0.1
2600,Baseline,4,Balanced,0,Medium,1,Medium,1,8.68478,1985.89,0.0945853,0.1
2601,Baseline,4,Balanced,0,Medium,1,Medium,1,8.66698,1982.5,0.0941705,0.1
2602,Baseline,4,Balanced,0,Medium,1,Medium,1,8.5748,1958.73,0.0945525,0.1
2603,Baseline,4,Balanced,0,Medium,1,Medium,1,8.79987,2012.15,0.094863,0.1
2604,Baseline,4,Balanced,0,Medium,1,Medium,1,8.72674,1999.46,0.0942708,0.1
2605,Baseline,4,Balanced,0,Medium,1,Medium,1,8.69283,1988.34,0.0941589,0.1
2606,Baseline,4,Balanced,0,Medium,1,Medium,1,8.74736,1999,0.0954495,0.1
2607,Baseline,4,Balanced,0,Medium,1,Medium,1,8.70703,1994.06,0.0939294,0.1
2608,Baseline,4,Balanced,0,Medium,1,Medium,1,8.59187,1963.96,0.0946682,0.1
2609,Baseline,4,Balanced,0,Medium,1,Medium,1,8.73319,1997.34,0.094539,0.1
2610,Baseline,4,Balanced,0,Medium,1,Medium,1,8.66924,1982.49,0.0943943,0.1
2611,Baseline,4,Balanced,0,Medium,1,Medium,1,8.65692,1978.34,0.095,0.1
2612,Baseline,4,Balanced,0,Medium,1,Medium,1,8.76974,2007.39,0.0944714,0.1
2613,Baseline,4,Balanced,0,Medium,1,Medium,1,8.78649,2011.91,0.094429,0.1
2614,Baseline,4,Balanced,0,Medium,1,Medium,1,8.78971,2010.36,0.0952566,0.1
2615,Baseline,4,Balanced,0,Medium,1,Medium,1,8.63099,1972.8,0.0942149,0.1
2616,Baseline,4,Balanced,0,Medium,1,Medium,1,8.65783,1979.51,0.0942188,0.1
2617,Baseline,4,Balanced,0,Medium,1,Medium,1,8.71914,1996.59,0.0939506,0.1
2618,Baseline,4,Balanced,0,Medium,1,Medium,1,8.78114,2009.17,0.0946721,0.1
2619,Baseline,4,Balanced,0,Medium,1,Medium,1,8.75554,2003.54,0.0945177,0.1
2620,Baseline,4,Balanced,0,Medium,1,Medium,1,8.73694,1999.61,0.0946296,0.1
2621,Baseline,4,Balanced,0,Medium,1,Medium,1,8.68575,1987.13,0.0937037,0.1
2622,Baseline,4,Balanced,0,Medium,1,Medium,1,8.71379,1993.44,0.0947029,0.1
2623,Baseline,4,Balanced,0,Medium,1,Medium,1,8.70495,1992.1,0.0938792,0.1
2624,Baseline,4,Balanced,0,Medium,1,Medium,1,8.63559,1974.58,0.0941686,0.1
2625,Baseline,4,Balanced,0,Medium,1,Medium,1,8.66769,1983.01,0.0942188,0.1
2626,Baseline,4,Balanced,0,Medium,1,Medium,1,8.72217,1997.08,0.0938677,0.1
2627,Baseline,4,Balanced,0,Medium,1,Medium,1,8.5964,1965.77,0.0939294,0.1
2628,Baseline,4,Balanced,0,Medium,1,Medium,1,8.68065,1985.32,0.0944753,0.1
2629,Baseline,4,Balanced,0,Medium,1,Medium,1,8.82335,2020.91,0.0947319,0.1
2630,Baseline,4,Balanced,0,Medium,1,Medium,1,8.62171,1971.91,0.0942303,0.1
2631,Baseline,4,Balanced,0,Medium,1,Medium,1,8.68657,1986.81,0.0944522,0.1
2632,Baseline,4,Balanced,0,Medium,1,Medium,1,8.69014,1988.37,0.0941725,0.1
2633,Baseline,4,Balanced,0,Medium,1,Medium,1,8.6721,1983.68,0.0942612,0.1
2634,Baseline,4,Balanced,0,Medium,1,Medium,1,8.66014,1982.46,0.0939352,0.1
2635,Baseline,4,Balanced,0,Medium,1,Medium,1,8.62615,1971.58,0.0942072,0.1
2636,Baseline,4,Balanced,0,Medium,1,Medium,1,8.67801,1986.51,0.0940355,0.1
2637,Baseline,4,Balanced,0,Medium,1,Medium,1,8.71752,1995.35,0.0938137,0.1
2638,Baseline,4,Balanced,0,Medium,1,Medium,1,8.76302,2004.31,0.0945775,0.1
2639,Baseline,4,Balanced,0,Medium,1,Medium,1,8.6467,1978.42,0.0940664,0.1
2640,Baseline,4,Balanced,0,Medium,1,Medium,1,8.61882,1971.38,0.0936497,0.1
2641,Baseline,4,Balanced,0,Medium,1,Medium,1,8.70517,1992.72,0.0944579,0.1
2642,Baseline,4,Balanced,0,Medium,1,Medium,1,8.74119,2002.03,0.0942033,0.1
2643,Baseline,4,Balanced,0,Medium,1,Medium,1,8.69032,1991.23,0.0933893,0.1
2644,Baseline,4,Balanced,0,Medium,1,Medium,1,8.64686,1978.58,0.0943673,0.1
2645,Baseline,4,Balanced,0,Medium,1,Medium,1,8.63575,1973.75,0.0942226,0.1
2646,Baseline,4,Balanced,0,Medium,1,Medium,1,8.7298,1998.8,0.0939487,0.1
2647,Baseline,4,Balanced,0,Medium,1,Medium,1,8.61675,1971.35,0.0937635,0.1
2648,Baseline,4,Balanced,0,Medium,1,Medium,1,8.6868,1988.56,0.0935455,0.1
2649,Baseline,4,Balanced,0,Medium,1,Medium,1,8.60991,1968.8,0.094186,0.1
2650,Baseline,4,Balanced,0,Medium,1,Medium,1,8.68751,1988.08,0.0942786,0.1
2651,Baseline,4,Balanced,0,Medium,1,Medium,1,8.75877,2004.34,0.0947241,0.1
2652,Baseline,4,Balanced,0,Medium,1,Medium,1,8.5756,1961.64,0.093669,0.1
2653,Baseline,4,Balanced,0,Medium,1,Medium,1,8.68763,1988.44,0.0938619,0.1
2654,Baseline,4,Balanced,0,Medium,1,Medium,1,8.65612,1979.49,0.0941725,0.1
2655,Baseline,4,Balanced,0,Medium,1,Medium,1,8.63934,1975.83,0.0939448,0.1
2656,Baseline,4,Balanced,0,Medium,1,Medium,1,8.69738,1990.37,0.0940991,0.1
2657,Baseline,4,Balanced,0,Medium,1,Medium,1,8.59874,1964.36,0.0939333,0.1
2658,Baseline,4,Balanced,0,Medium,1,Medium,1,8.71252,1993.3,0.0947917,0.1
2659,Baseline,4,Balanced,0,Medium,1,Medium,1,8.64717,1977.53,0.0939853,0.1
2660,Baseline,4,Balanced,0,Medium,1,Medium,1,8.65785,1978.58,0.0945235,0.1
2661,Baseline,4,Balanced,0,Medium,1,Medium,1,8.71881,1994.68,0.0941339,0.1
2662,Baseline,4,Balanced,0,Medium,1,Medium,1,8.71519,1995.11,0.0941262,0.1
2663,Baseline,4,Balanced,0,Medium,1,Medium,1,8.6966,1990.8,0.0941782,0.1
2664,Baseline,4,Balanced,0,Medium,1,Medium,1,8.61644,1969.99,0.0940297,0.1
2665,Baseline,4,Balanced,0,Medium,1,Medium,1,8.70698,1993.29,0.0941088,0.1
2666,Baseline,4,Balanced,0,Medium,1,Medium,1,8.69463,1987.95,0.0941744,0.1
2667,Baseline,4,Balanced,0,Medium,1,Medium,1,8.77302,2006.93,0.0953974,0.1
2668,Baseline,4,Balanced,0,Medium,1,Medium,1,8.72334,1996.77,0.0943171,0.1
2669,Baseline,4,Balanced,0,Medium,1,Medium,1,8.75241,2002.78,0.0943866,0.1
2670,Baseline,4,Balanced,0,Medium,1,Medium,1,8.7157,1995.27,0.0938657,0.1
2671,Baseline,4,Balanced,0,Medium,1,Medium,1,8.6908,1986.75,0.0945621,0.1
2672,Baseline,4,Balanced,0,Medium,1,Medium,1,8.71053,1992.1,0.0945313,0.1
2673,Baseline,4,Balanced,0,Medium,1,Medium,1,8.70877,1992.45,0.0942728,0.1
2674,Baseline,4,Balanced,0,Medium,1,Medium,1,8.58366,1962.72,0.0939487,0.1
2675,Baseline,4,Balanced,0,Medium,1,Medium,1,8.68697,1987.32,0.0941821,0.1
2676,Baseline,4,Balanced,0,Medium,1,Medium,1,8.69894,1987.94,0.0952758,0.1
2677,Baseline,4,Balanced,0,Medium,1,Medium,1,8.68057,1986.65,0.0940625,0.1
2678,Baseline,4,Balanced,0,Medium,1,Medium,1,8.68998,1987.39,0.0942631,0.1
2679,Baseline,4,Balanced,0,Medium,1,Medium,1,8.66265,1980.8,0.0939969,0.1
2680,Baseline,4,Balanced,0,Medium,1,Medium,1,8.68431,1986.44,0.0943557,0.1
2681,Baseline,4,Balanced,0,Medium,1,Medium,1,8.7898,2011.7,0.0946528,0.1
2682,Baseline,4,Balanced,0,Medium,1,Medium,1,8.72963,1998.79,0.094483,0.1
2683,Baseline,4,Balanced,0,Medium,1,Medium,1,8.70724,1990.81,0.094782,0.1
2684,Baseline,4,Balanced,0,Medium,1,Medium,1,8.69196,1987.08,0.0947627,0.1
2685,Baseline,4,Balanced,0,Medium,1,Medium,1,8.65064,1980.15,0.0937423,0.1
2686,Baseline,4,Balanced,0,Medium,1,Medium,1,8.75177,2003.11,0.0946624,0.1
2687,Baseline,4,Balanced,0,Medium,1,Medium,1,8.82782,2020.06,0.0952874,0.1
2688,Baseline,4,Balanced,0,Medium,1,Medium,1,8.71559,1993.12,0.0943615,0.1
2689,Baseline,4,Balanced,0,Medium,1,Medium,1,8.69715,1991.71,0.0942303,0.1
2690,Baseline,4,Balanced,0,Medium,1,Medium,1,8.71081,1993.87,0.0943345,0.1
2691,Baseline,4,Balanced,0,Medium,1,Medium,1,8.68102,1985.15,0.09424,0.1
2692,Baseline,4,Balanced,0,Medium,1,Medium,1,8.63395,1975.47,0.0943808,0.1
2693,Baseline,4,Balanced,0,Medium,1,Medium,1,8.77614,2006.8,0.0950386,0.1
2694,Baseline,4,Balanced,0,Medium,1,Medium,1,8.59263,1965.84,0.0937539,0.1
2695,Baseline,4,Balanced,0,Medium,1,Medium,1,8.72696,1997.14,0.0942303,0.1
2696,Baseline,4,Balanced,0,Medium,1,Medium,1,8.64757,1977.55,0.0941686,0.1
2697,Baseline,4,Balanced,0,Medium,1,Medium,1,8.66917,1983.67,0.0941493,0.1
2698,Baseline,4,Balanced,0,Medium,1,Medium,1,8.68474,1985.88,0.0946161,0.1
2699,Baseline,4,Balanced,0,Medium,1,Medium,1,8.64308,1975.46,0.0943403,0.1
2700,Baseline,4,Balanced,0,Medium,1,Medium,1,8.61481,1971.61,0.0935783,0.1
2701,Baseline,4,Balanced,0,Medium,1,Medium,1,8.69027,1987.63,0.0943924,0.1
2702,Baseline,4,Balanced,0,Medium,1,Medium,1,8.74454,2001.46,0.0943846,0.1
2703,Baseline,4,Balanced,0,Medium,1,Medium,1,8.74371,2001.3,0.0944232,0.1
2704,Baseline,7,Balanced,0,Medium,1,Medium,1,8.73373,1998.61,0.0942284,0.1
2705,Baseline,7,Balanced,0,Medium,1,Medium,1,8.69395,1988.13,0.0947647,0.1
2706,Baseline,7,Balanced,0,Medium,1,Medium,1,8.60774,1969.87,0.0939313,0.1
2707,Baseline,7,Balanced,0,Medium,1,Medium,1,8.71482,1995.43,0.0940278,0.1
2708,Baseline,7,Balanced,0,Medium,1,Medium,1,8.70354,1992.51,0.0943981,0.1
2709,Baseline,7,Balanced,0,Medium,1,Medium,1,8.67408,1985.09,0.0942458,0.1
2710,Baseline,7,Balanced,0,Medium,1,Medium,1,8.63427,1976.82,0.0936941,0.1
2711,Baseline,7,Balanced,0,Medium,1,Medium,1,8.70258,1990.47,0.0947569,0.1
2712,Baseline,7,Balanced,0,Medium,1,Medium,1,8.67985,1983.58,0.0943846,0.1
2713,Baseline,7,Balanced,0,Medium,1,Medium,1,8.63736,1974.86,0.0941281,0.1
2714,Baseline,7,Balanced,0,Medium,1,Medium,1,8.60425,1966.65,0.0939063,0.1
2715,Baseline,7,Balanced,0,Medium,1,Medium,1,8.7724,2008.32,0.0942188,0.1
2716,Baseline,7,Balanced,0,Medium,1,Medium,1,8.66729,1981.29,0.0940953,0.1
2717,Baseline,7,Balanced,0,Medium,1,Medium,1,8.69213,1987.9,0.094593,0.1
2718,Baseline,7,Balanced,0,Medium,1,Medium,1,8.72737,1997.19,0.0947357,0.1
2719,Baseline,7,Balanced,0,Medium,1,Medium,1,8.78685,2010.13,0.094755,0.1
2720,Baseline,7,Balanced,0,Medium,1,Medium,1,8.68168,1986.05,0.0948939,0.1
2721,Baseline,7,Balanced,0,Medium,1,Medium,1,8.69349,1989.38,0.0943191,0.1
2722,Baseline,7,Balanced,0,Medium,1,Medium,1,8.64346,1976.41,0.0941609,0.1
2723,Baseline,7,Balanced,0,Medium,1,Medium,1,8.63687,1976.3,0.0941917,0.1
2724,Baseline,7,Balanced,0,Medium,1,Medium,1,8.58732,1963.22,0.0939313,0.1
2725,Baseline,7,Balanced,0,Medium,1,Medium,1,8.74885,2000.65,0.0948997,0.1
2726,Baseline,7,Balanced,0,Medium,1,Medium,1,8.74139,2000.8,0.0944059,0.1
2727,Baseline,7,Balanced,0,Medium,1,Medium,1,8.65023,1979.54,0.0947164,0.1
2728,Baseline,7,Balanced,0,Medium,1,Medium,1,8.67329,1985.11,0.0935455,0.1
2729,Baseline,7,Balanced,0,Medium,1,Medium,1,8.74088,1998.7,0.0947512,0.1
2730,Baseline,7,Balanced,0,Medium,1,Medium,1,8.73195,1998.15,0.0942168,0.1
2731,Baseline,7,Balanced,0,Medium,1,Medium,1,8.75511,2005.02,0.0941956,0.1
2732,Baseline,7,Balanced,0,Medium,1,Medium,1,8.78262,2009.93,0.0946894,0.1
2733,Baseline,7,Balanced,0,Medium,1,Medium,1,8.68883,1986.97,0.0940991,0.1
2734,Baseline,7,Balanced,0,Medium,1,Medium,1,8.67335,1984.79,0.0941628,0.1
2735,Baseline,7,Balanced,0,Medium,1,Medium,1,8.6445,1977.72,0.0940991,0.1
2736,Baseline,7,Balanced,0,Medium,1,Medium,1,8.71275,1993.98,0.0940336,0.1
2737,Baseline,7,Balanced,0,Medium,1,Medium,1,8.67399,1985.42,0.0941744,0.1
2738,Baseline,7,Balanced,0,Medium,1,Medium,1,8.68037,1986.32,0.0938233,0.1
2739,Baseline,7,Balanced,0,Medium,1,Medium,1,8.65848,1981.78,0.0936188,0.1
2740,Baseline,7,Balanced,0,Medium,1,Medium,1,8.72589,1993.32,0.0950251,0.1
2741,Baseline,7,Balanced,0,Medium,1,Medium,1,8.69353,1988.95,0.0940799,0.1
2742,Baseline,7,Balanced,0,Medium,1,Medium,1,8.66495,1982.1,0.0944522,0.1
2743,Baseline,7,Balanced,0,Medium,1,Medium,1,8.70387,1990.89,0.0947377,0.1
2744,Baseline,7,Balanced,0,Medium,1,Medium,1,8.71493,1996.8,0.09364,0.1
2745,Baseline,7,Balanced,0,Medium,1,Medium,1,8.6617,1981.08,0.0943692,0.1
2746,Baseline,7,Balanced,0,Medium,1,Medium,1,8.73745,2000.25,0.0943152,0.1
2747,Baseline,7,Balanced,0,Medium,1,Medium,1,8.69713,1988.92,0.0945891,0.1
2748,Baseline,7,Balanced,0,Medium,1,Medium,1,8.68379,1986.51,0.0943846,0.1
2749,Baseline,7,Balanced,0,Medium,1,Medium,1,8.66807,1980.54,0.0953395,0.1
2750,Baseline,7,Balanced,0,Medium,1,Medium,1,8.65552,1978.69,0.0942824,0.1
2751,Baseline,7,Balanced,0,Medium,1,Medium,1,8.6066,1967.02,0.0939603,0.1
2752,Baseline,7,Balanced,0,Medium,1,Medium,1,8.78093,2008.11,0.0949749,0.1
2753,Baseline,7,Balanced,0,Medium,1,Medium,1,8.6732,1983.2,0.0945274,0.1
2754,Baseline,7,Balanced,0,Medium,1,Medium,1,8.60903,1967.36,0.094593,0.1
2755,Baseline,7,Balanced,0,Medium,1,Medium,1,8.64939,1977.81,0.0943904,0.1
2756,Baseline,7,Balanced,0,Medium,1,Medium,1,8.62889,1975.61,0.0933507,0.1
2757,Baseline,7,Balanced,0,Medium,1,Medium,1,8.62819,1973.64,0.0943113,0.1
2758,Baseline,7,Balanced,0,Medium,1,Medium,1,8.6399,1975.93,0.0937731,0.1
2759,Baseline,7,Balanced,0,Medium,1,Medium,1,8.72415,1998.1,0.0937519,0.1
2760,Baseline,7,Balanced,0,Medium,1,Medium,1,8.65434,1979.04,0.0943846,0.1
2761,Baseline,7,Balanced,0,Medium,1,Medium,1,8.72297,1996.51,0.0943017,0.1
2762,Baseline,7,Balanced,0,Medium,1,Medium,1,8.62212,1973.65,0.0935185,0.1
2763,Baseline,7,Balanced,0,Medium,1,Medium,1,8.62777,1972.56,0.0939448,0.1
2764,Baseline,7,Balanced,0,Medium,1,Medium,1,8.63515,1973.65,0.0943673,0.1
2765,Baseline,7,Balanced,0,Medium,1,Medium,1,8.66665,1982.64,0.0941088,0.1
2766,Baseline,7,Balanced,0,Medium,1,Medium,1,8.66891,1983.54,0.0938252,0.1
2767,Baseline,7,Balanced,0,Medium,1,Medium,1,8.76284,2005.34,0.0944579,0.1
2768,Baseline,7,Balanced,0,Medium,1,Medium,1,8.65491,1980.73,0.0939043,0.1
2769,Baseline,7,Balanced,0,Medium,1,Medium,1,8.65332,1978.89,0.0941127,0.1
2770,Baseline,7,Balanced,0,Medium,1,Medium,1,8.68067,1985.91,0.0946952,0.1
2771,Baseline,7,Balanced,0,Medium,1,Medium,1,8.80461,2015.62,0.0948495,0.1
2772,Baseline,7,Balanced,0,Medium,1,Medium,1,8.63681,1975.93,0.0939661,0.1
2773,Baseline,7,Balanced,0,Medium,1,Medium,1,8.70422,1991.56,0.0946991,0.1
2774,Baseline,7,Balanced,0,Medium,1,Medium,1,8.66289,1981.05,0.0942689,0.1
2775,Baseline,7,Balanced,0,Medium,1,Medium,1,8.7666,2005.03,0.0945158,0.1
2776,Baseline,7,Balanced,0,Medium,1,Medium,1,8.73268,1999.58,0.094184,0.1
2777,Baseline,7,Balanced,0,Medium,1,Medium,1,8.60185,1966.6,0.0937731,0.1
2778,Baseline,7,Balanced,0,Medium,1,Medium,1,8.60838,1970.12,0.0936998,0.1
2779,Baseline,7,Balanced,0,Medium,1,Medium,1,8.63117,1973,0.0941802,0.1
2780,Baseline,7,Balanced,0,Medium,1,Medium,1,8.65858,1980.83,0.0942901,0.1
2781,Baseline,7,Balanced,0,Medium,1,Medium,1,8.72106,1993.95,0.0943152,0.1
2782,Baseline,7,Balanced,0,Medium,1,Medium,1,8.67584,1984.14,0.0946103,0.1
2783,Baseline,7,Balanced,0,Medium,1,Medium,1,8.68884,1987.43,0.094539,0.1
2784,Baseline,7,Balanced,0,Medium,1,Medium,1,8.66327,1982.78,0.0943036,0.1
2785,Baseline,7,Balanced,0,Medium,1,Medium,1,8.66149,1983.78,0.0937674,0.1
2786,Baseline,7,Balanced,0,Medium,1,Medium,1,8.66205,1982.64,0.094267,0.1
2787,Baseline,7,Balanced,0,Medium,1,Medium,1,8.68639,1984.69,0.0948708,0.1
2788,Baseline,7,Balanced,0,Medium,1,Medium,1,8.67644,1985.45,0.0937847,0.1
2789,Baseline,7,Balanced,0,Medium,1,Medium,1,8.61111,1968.59,0.0946701,0.1
2790,Baseline,7,Balanced,0,Medium,1,Medium,1,8.78589,2011.45,0.0945602,0.1
2791,Baseline,7,Balanced,0,Medium,1,Medium,1,8.62739,1974.09,0.0935282,0.1
2792,Baseline,7,Balanced,0,Medium,1,Medium,1,8.65423,1979.74,0.0944232,0.1
2793,Baseline,7,Balanced,0,Medium,1,Medium,1,8.63807,1977.71,0.0935262,0.1
2794,Baseline,7,Balanced,0,Medium,1,Medium,1,8.65733,1980.45,0.0943827,0.1
2795,Baseline,7,Balanced,0,Medium,1,Medium,1,8.68784,1987.69,0.0939313,0.1
2796,Baseline,7,Balanced,0,Medium,1,Medium,1,8.67854,1986.84,0.09424,0.1
2797,Baseline,7,Balanced,0,Medium,1,Medium,1,8.66518,1980.72,0.094375,0.1
2798,Baseline,7,Balanced,0,Medium,1,Medium,1,8.67863,1983.57,0.0941917,0.1
2799,Baseline,7,Balanced,0,Medium,1,Medium,1,8.70975,1991.9,0.0944811,0.1
2800,Baseline,7,Balanced,0,Medium,1,Medium,1,8.67732,1985.44,0.0942496,0.1
2801,Baseline,7,Balanced,0,Medium,1,Medium,1,8.69772,1990.25,0.0942284,0.1
2802,Baseline,7,Balanced,0,Medium,1,Medium,1,8.58036,1963.61,0.0937384,0.1
2803,Baseline,7,Balanced,0,Medium,1,Medium,1,8.79147,2012.61,0.0941184,0.1
2804,Baseline,7,Balanced,0,Medium,1,Medium,1,8.65742,1981.19,0.0941242,0.1
2805,Baseline,7,Balanced,0,Medium,1,Medium,1,8.68616,1986.53,0.0947261,0.1
2806,Baseline,7,Balanced,0,Medium,1,Medium,1,8.62226,1972.36,0.0936073,0.1
2807,Baseline,7,Balanced,0,Medium,1,Medium,1,8.695,1988.77,0.0941049,0.1
2808,Baseline,7,Balanced,0,Medium,1,Medium,1,8.8105,2014.33,0.0949576,0.1
2809,Baseline,7,Balanced,0,Medium,1,Medium,1,8.66899,1982.32,0.0943152,0.1
2810,Baseline,7,Balanced,0,Medium,1,Medium,1,8.7063,1991.69,0.0944985,0.1
2811,Baseline,7,Balanced,0,Medium,1,Medium,1,8.67759,1984.64,0.0944464,0.1
2812,Baseline,7,Balanced,0,Medium,1,Medium,1,8.65586,1978.89,0.0943403,0.1
2813,Baseline,7,Balanced,0,Medium,1,Medium,1,8.76474,2005.42,0.094838,0.1
2814,Baseline,7,Balanced,0,Medium,1,Medium,1,8.72776,1996.27,0.0948476,0.1
2815,Baseline,7,Balanced,0,Medium,1,Medium,1,8.65242,1978.51,0.0939988,0.1
2816,Baseline,7,Balanced,0,Medium,1,Medium,1,8.71255,1992,0.0948476,0.1
2817,Baseline,7,Balanced,0,Medium,1,Medium,1,8.672,1981.85,0.0942631,0.1
2818,Baseline,7,Balanced,0,Medium,1,Medium,1,8.65198,1977.47,0.0945428,0.1
2819,Baseline,7,Balanced,0,Medium,1,Medium,1,8.617,1970.98,0.0937866,0.1
2820,Baseline,7,Balanced,0,Medium,1,Medium,1,8.71675,1995.63,0.0946451,0.1
2821,Baseline,7,Balanced,0,Medium,1,Medium,1,8.74484,1999.2,0.094784,0.1
2822,Baseline,7,Balanced,0,Medium,1,Medium,1,8.67117,1984.11,0.0935262,0.1
2823,Baseline,7,Balanced,0,Medium,1,Medium,1,8.72618,1996.88,0.0943441,0.1
2824,Baseline,7,Balanced,0,Medium,1,Medium,1,8.69448,1990.15,0.0939063,0.1
2825,Baseline,7,Balanced,0,Medium,1,Medium,1,8.70134,1991.87,0.094103,0.1
2826,Baseline,7,Balanced,0,Medium,1,Medium,1,8.74176,1998.11,0.0952951,0.1
2827,Baseline,7,Balanced,0,Medium,1,Medium,1,8.79288,2012.29,0.0942245,0.1
2828,Baseline,7,Balanced,0,Medium,1,Medium,1,8.68402,1986.64,0.0940413,0.1
2829,Baseline,7,Balanced,0,Medium,1,Medium,1,8.64749,1977.5,0.0944753,0.1
2830,Baseline,7,Balanced,0,Medium,1,Medium,1,8.6677,1981.13,0.094348,0.1
2831,Baseline,7,Balanced,0,Medium,1,Medium,1,8.69348,1987.19,0.0944907,0.1
2832,Baseline,7,Balanced,0,Medium,1,Medium,1,8.7505,2000.63,0.0946277,0.1
2833,Baseline,7,Balanced,0,Medium,1,Medium,1,8.60665,1967.9,0.0941435,0.1
2834,Baseline,7,Balanced,0,Medium,1,Medium,1,8.68204,1986.68,0.0943962,0.1
2835,Baseline,7,Balanced,0,Medium,1,Medium,1,8.68403,1986.16,0.0941995,0.1
2836,Baseline,7,Balanced,0,Medium,1,Medium,1,8.63088,1975.47,0.0937924,0.1
2837,Baseline,7,Balanced,0,Medium,1,Medium,1,8.72781,1995.63,0.0943094,0.1
2838,Baseline,7,Balanced,0,Medium,1,Medium,1,8.64129,1976.93,0.0941705,0.1
2839,Baseline,7,Balanced,0,Medium,1,Medium,1,8.69642,1989.92,0.0942265,0.1
2840,Baseline,7,Balanced,0,Medium,1,Medium,1,8.71576,1994.49,0.0939911,0.1
2841,Baseline,7,Balanced,0,Medium,1,Medium,1,8.62906,1974.32,0.0933912,0.1
2842,Baseline,7,Balanced,0,Medium,1,Medium,1,8.65178,1978.34,0.0940278,0.1
2843,Baseline,7,Balanced,0,Medium,1,Medium,1,8.76921,2005.32,0.094701,0.1
2844,Baseline,7,Balanced,0,Medium,1,Medium,1,8.70142,1991.47,0.0942824,0.1
2845,Baseline,7,Balanced,0,Medium,1,Medium,1,8.64762,1978.05,0.0940394,0.1
2846,Baseline,7,Balanced,0,Medium,1,Medium,1,8.67175,1983.63,0.094537,0.1
2847,Baseline,7,Balanced,0,Medium,1,Medium,1,8.75653,2002.36,0.0944174,0.1
2848,Baseline,7,Balanced,0,Medium,1,Medium,1,8.70536,1993.5,0.0938021,0.1
2849,Baseline,7,Balanced,0,Medium,1,Medium,1,8.66552,1981.95,0.0941319,0.1
2850,Baseline,7,Balanced,0,Medium,1,Medium,1,8.6691,1984.37,0.09424,0.1
2851,Baseline,7,Balanced,0,Medium,1,Medium,1,8.707,1992.45,0.0941725,0.1
2852,Baseline,7,Balanced,0,Medium,1,Medium,1,8.75501,2001.51,0.0951775,0.1
2853,Baseline,7,Balanced,0,Medium,1,Medium,1,8.72185,1994.04,0.094836,0.1
2854,Baseline,7,Balanced,0,Medium,1,Medium,1,8.66262,1981.36,0.0942593,0.1
2855,Baseline,7,Balanced,0,Medium,1,Medium,1,8.65281,1980.71,0.0944714,0.1
2856,Baseline,7,Balanced,0,Medium,1,Medium,1,8.61066,1970.84,0.0940413,0.1
2857,Baseline,7,Balanced,0,Medium,1,Medium,1,8.67971,1985.31,0.0944695,0.1
2858,Baseline,7,Balanced,0,Medium,1,Medium,1,8.71132,1992.38,0.0944888,0.1
2859,Baseline,7,Balanced,0,Medium,1,Medium,1,8.68299,1987.76,0.093777,0.1
2860,Baseline,7,Balanced,0,Medium,1,Medium,1,8.65621,1982.11,0.0938387,0.1
2861,Baseline,7,Balanced,0,Medium,1,Medium,1,8.70926,1992.44,0.0944811,0.1
2862,Baseline,7,Balanced,0,Medium,1,Medium,1,8.72807,1998.45,0.0939603,0.1
2863,Baseline,7,Balanced,0,Medium,1,Medium,1,8.70553,1989.55,0.0947319,0.1
2864,Baseline,7,Balanced,0,Medium,1,Medium,1,8.62912,1973.01,0.0942535,0.1
2865,Baseline,7,Balanced,0,Medium,1,Medium,1,8.62941,1973.68,0.0935687,0.1
2866,Baseline,7,Balanced,0,Medium,1,Medium,1,8.65467,1980.24,0.0943846,0.1
2867,Baseline,7,Balanced,0,Medium,1,Medium,1,8.75666,2005.77,0.0939853,0.1
2868,Baseline,7,Balanced,0,Medium,1,Medium,1,8.72046,1997.19,0.0942631,0.1
2869,Baseline,7,Balanced,0,Medium,1,Medium,1,8.60808,1967.77,0.0939275,0.1
2870,Baseline,7,Balanced,0,Medium,1,Medium,1,8.66233,1980.86,0.0942149,0.1
2871,Baseline,7,Balanced,0,Medium,1,Medium,1,8.66585,1983.91,0.0936458,0.1
2872,Baseline,7,Balanced,0,Medium,1,Medium,1,8.70292,1991.42,0.0943519,0.1
2873,Baseline,7,Balanced,0,Medium,1,Medium,1,8.70438,1991.42,0.0943383,0.1
2874,Baseline,7,Balanced,0,Medium,1,Medium,1,8.78342,2011.4,0.0943075,0.1
2875,Baseline,7,Balanced,0,Medium,1,Medium,1,8.64221,1977.34,0.0936979,0.1
2876,Baseline,7,Balanced,0,Medium,1,Medium,1,8.65765,1980.77,0.0942419,0.1
2877,Baseline,7,Balanced,0,Medium,1,Medium,1,8.69446,1989.28,0.0939988,0.1
2878,Baseline,7,Balanced,0,Medium,1,Medium,1,8.69285,1987.84,0.0945853,0.1
2879,Baseline,7,Balanced,0,Medium,1,Medium,1,8.62777,1972.73,0.0945197,0.1
2880,Baseline,7,Balanced,0,Medium,1,Medium,1,8.68015,1986.81,0.0938677,0.1
2881,Baseline,7,Balanced,0,Medium,1,Medium,1,8.77012,2006.18,0.0945139,0.1
2882,Baseline,7,Balanced,0,Medium,1,Medium,1,8.72497,1996.59,0.0943345,0.1
2883,Baseline,7,Balanced,0,Medium,1,Medium,1,8.69042,1988.01,0.0939892,0.1
2884,Baseline,7,Balanced,0,Medium,1,Medium,1,8.62612,1973.16,0.0940278,0.1
2885,Baseline,7,Balanced,0,Medium,1,Medium,1,8.64542,1977.92,0.0942033,0.1
2886,Baseline,7,Balanced,0,Medium,1,Medium,1,8.59063,1963.78,0.0940201,0.1
2887,Baseline,7,Balanced,0,Medium,1,Medium,1,8.73597,2000.96,0.0938927,0.1
2888,Baseline,7,Balanced,0,Medium,1,Medium,1,8.6758,1984.92,0.0943403,0.1
2889,Baseline,7,Balanced,0,Medium,1,Medium,1,8.69269,1990.36,0.0936555,0.1
2890,Baseline,7,Balanced,0,Medium,1,Medium,1,8.73459,2001.34,0.0939468,0.1
2891,Baseline,7,Balanced,0,Medium,1,Medium,1,8.62935,1974.85,0.0940027,0.1
2892,Baseline,7,Balanced,0,Medium,1,Medium,1,8.72509,1996.47,0.0950617,0.1
2893,Baseline,7,Balanced,0,Medium,1,Medium,1,8.69026,1986.83,0.0949672,0.1
2894,Baseline,7,Balanced,0,Medium,1,Medium,1,8.72063,1995.74,0.0944483,0.1
2895,Baseline,7,Balanced,0,Medium,1,Medium,1,8.69594,1989.98,0.0945505,0.1
2896,Baseline,7,Balanced,0,Medium,1,Medium,1,8.68204,1984.64,0.094973,0.1
2897,Baseline,7,Balanced,0,Medium,1,Medium,1,8.6906,1989.44,0.0946991,0.1
2898,Baseline,7,Balanced,0,Medium,1,Medium,1,8.72286,1994.04,0.0949691,0.1
2899,Baseline,7,Balanced,0,Medium,1,Medium,1,8.59234,1965.01,0.093914,0.1
2900,Baseline,7,Balanced,0,Medium,1,Medium,1,8.75466,2002.43,0.0948167,0.1
2901,Baseline,7,Balanced,0,Medium,1,Medium,1,8.66792,1984.15,0.0938638,0.1
2902,Baseline,7,Balanced,0,Medium,1,Medium,1,8.71022,1991.21,0.0945737,0.1
2903,Baseline,7,Balanced,0,Medium,1,Medium,1,8.64628,1977.7,0.0944252,0.1
2904,Baseline,7,Balanced,0,Medium,1,Medium,1,8.71211,1992.86,0.0946856,0.1
2905,Baseline,7,Balanced,0,Medium,1,Medium,1,8.63903,1976.15,0.0941127,0.1
2906,Baseline,7,Balanced,0,Medium,1,Medium,1,8.75864,2003.4,0.0946103,0.1
2907,Baseline,7,Balanced,0,Medium,1,Medium,1,8.69134,1988.42,0.0942843,0.1
2908,Baseline,7,Balanced,0,Medium,1,Medium,1,8.68519,1987.85,0.0939776,0.1
2909,Baseline,7,Balanced,0,Medium,1,Medium,1,8.70633,1991.3,0.0944097,0.1
2910,Baseline,7,Balanced,0,Medium,1,Medium,1,8.70384,1989.64,0.0945313,0.1
2911,Baseline,7,Balanced,0,Medium,1,Medium,1,8.74043,1998.07,0.0941705,0.1
2912,Baseline,7,Balanced,0,Medium,1,Medium,1,8.65272,1979.26,0.0937963,0.1
2913,Baseline,7,Balanced,0,Medium,1,Medium,1,8.76807,2005.93,0.0943885,0.1
2914,Baseline,7,Balanced,0,Medium,1,Medium,1,8.67174,1984.15,0.0944194,0.1
2915,Baseline,7,Balanced,0,Medium,1,Medium,1,8.70924,1992.58,0.0946084,0.1
2916,Baseline,7,Balanced,0,Medium,1,Medium,1,8.62366,1970.93,0.0940336,0.1
2917,Baseline,7,Balanced,0,Medium,1,Medium,1,8.67394,1984.52,0.0940625,0.1
2918,Baseline,7,Balanced,0,Medium,1,Medium,1,8.65316,1980.53,0.0939255,0.1
2919,Baseline,7,Balanced,0,Medium,1,Medium,1,8.62896,1974.63,0.0938889,0.1
2920,Baseline,7,Balanced,0,Medium,1,Medium,1,8.627,1974.22,0.0942708,0.1
2921,Baseline,7,Balanced,0,Medium,1,Medium,1,8.61946,1970.6,0.0940394,0.1
2922,Baseline,7,Balanced,0,Medium,1,Medium,1,8.66896,1982,0.0949441,0.1
2923,Baseline,7,Balanced,0,Medium,1,Medium,1,8.76135,2004.49,0.0948611,0.1
2924,Baseline,7,Balanced,0,Medium,1,Medium,1,8.67938,1987.25,0.0935378,0.1
2925,Baseline,7,Balanced,0,Medium,1,Medium,1,8.68218,1984.72,0.094483,0.1
2926,Baseline,7,Balanced,0,Medium,1,Medium,1,8.68923,1987.14,0.094512,0.1
2927,Baseline,7,Balanced,0,Medium,1,Medium,1,8.66677,1981.64,0.0946026,0.1
2928,Baseline,7,Balanced,0,Medium,1,Medium,1,8.73445,1999.08,0.094674,0.1
2929,Baseline,7,Balanced,0,Medium,1,Medium,1,8.67171,1985.74,0.0935995,0.1
2930,Baseline,7,Balanced,0,Medium,1,Medium,1,8.71937,1995.7,0.0946065,0.1
2931,Baseline,7,Balanced,0,Medium,1,Medium,1,8.65562,1981.17,0.0939699,0.1
2932,Baseline,7,Balanced,0,Medium,1,Medium,1,8.74274,1999.24,0.0944734,0.1
2933,Baseline,7,Balanced,0,Medium,1,Medium,1,8.70925,1991.97,0.0941879,0.1
2934,Baseline,7,Balanced,0,Medium,1,Medium,1,8.80663,2015.33,0.0946624,0.1
2935,Baseline,7,Balanced,0,Medium,1,Medium,1,8.68575,1985.53,0.0940008,0.1
2936,Baseline,7,Balanced,0,Medium,1,Medium,1,8.66029,1979.57,0.0945216,0.1
2937,Baseline,7,Balanced,0,Medium,1,Medium,1,8.71684,1995.95,0.0938947,0.1
2938,Baseline,7,Balanced,0,Medium,1,Medium,1,8.73655,1997.51,0.0949036,0.1
2939,Baseline,7,Balanced,0,Medium,1,Medium,1,8.7413,2000.38,0.0942708,0.1
2940,Baseline,7,Balanced,0,Medium,1,Medium,1,8.75336,2004.37,0.0939429,0.1
2941,Baseline,7,Balanced,0,Medium,1,Medium,1,8.60704,1968.46,0.0935436,0.1
2942,Baseline,7,Balanced,0,Medium,1,Medium,1,8.70597,1990.91,0.0949383,0.1
2943,Baseline,7,Balanced,0,Medium,1,Medium,1,8.66671,1981.02,0.0945428,0.1
2944,Baseline,7,Balanced,0,Medium,1,Medium,1,8.69972,1989.67,0.0942766,0.1
2945,Baseline,7,Balanced,0,Medium,1,Medium,1,8.7675,2003.73,0.0950405,0.1
2946,Baseline,7,Balanced,0,Medium,1,Medium,1,8.71287,1992.08,0.0940721,0.1
2947,Baseline,7,Balanced,0,Medium,1,Medium,1,8.63385,1975.84,0.0943789,0.1
2948,Baseline,7,Balanced,0,Medium,1,Medium,1,8.72904,1998.36,0.0945332,0.1
2949,Baseline,7,Balanced,0,Medium,1,Medium,1,8.80581,2014.9,0.0944174,0.1
2950,Baseline,7,Balanced,0,Medium,1,Medium,1,8.75359,2003.3,0.0944888,0.1
2951,Baseline,7,Balanced,0,Medium,1,Medium,1,8.73891,1999.14,0.094838,0.1
2952,Baseline,7,Balanced,0,Medium,1,Medium,1,8.78037,2010.72,0.0943422,0.1
2953,Baseline,7,Balanced,0,Medium,1,Medium,1,8.74712,2000.58,0.0947512,0.1
2954,Baseline,7,Balanced,0,Medium,1,Medium,1,8.71087,1991.24,0.0947319,0.1
2955,Baseline,7,Balanced,0,Medium,1,Medium,1,8.62905,1972.74,0.0940432,0.1
2956,Baseline,7,Balanced,0,Medium,1,Medium,1,8.72406,1995.95,0.0945988,0.1
2957,Baseline,7,Balanced,0,Medium,1,Medium,1,8.66362,1981.85,0.093914,0.1
2958,Baseline,7,Balanced,0,Medium,1,Medium,1,8.62176,1970.52,0.0946566,0.1
2959,Baseline,7,Balanced,0,Medium,1,Medium,1,8.74024,2001.14,0.0941107,0.1
2960,Baseline,7,Balanced,0,Medium,1,Medium,1,8.66876,1981.54,0.0947975,0.1
2961,Baseline,7,Balanced,0,Medium,1,Medium,1,8.65039,1978.32,0.0942419,0.1
2962,Baseline,7,Balanced,0,Medium,1,Medium,1,8.56362,1956.76,0.0939583,0.1
2963,Baseline,7,Balanced,0,Medium,1,Medium,1,8.75981,2004.46,0.0946914,0.1
2964,Baseline,7,Balanced,0,Medium,1,Medium,1,8.73902,2000.09,0.0942168,0.1
2965,Baseline,7,Balanced,0,Medium,1,Medium,1,8.65378,1978.64,0.0945042,0.1
2966,Baseline,7,Balanced,0,Medium,1,Medium,1,8.73849,1998.13,0.0951582,0.1
2967,Baseline,7,Balanced,0,Medium,1,Medium,1,8.70083,1992.4,0.0941589,0.1
2968,Baseline,7,Balanced,0,Medium,1,Medium,1,8.74361,1999.49,0.0951466,0.1
2969,Baseline,7,Balanced,0,Medium,1,Medium,1,8.67673,1986.12,0.094238,0.1
2970,Baseline,7,Balanced,0,Medium,1,Medium,1,8.60559,1968.39,0.0938812,0.1
2971,Baseline,7,Balanced,0,Medium,1,Medium,1,8.68268,1984.81,0.0940046,0.1
2972,Baseline,7,Balanced,0,Medium,1,Medium,1,8.57384,1958.8,0.0938889,0.1
2973,Baseline,7,Balanced,0,Medium,1,Medium,1,8.73236,1997.73,0.0941377,0.1
2974,Baseline,7,Balanced,0,Medium,1,Medium,1,8.74628,2002.04,0.0938214,0.1
2975,Baseline,7,Balanced,0,Medium,1,Medium,1,8.61482,1971.34,0.09386,0.1
2976,Baseline,7,Balanced,0,Medium,1,Medium,1,8.66613,1982.51,0.0937963,0.1
2977,Baseline,7,Balanced,0,Medium,1,Medium,1,8.6488,1977.63,0.0947203,0.1
2978,Baseline,7,Balanced,0,Medium,1,Medium,1,8.6757,1984.33,0.0944965,0.1
2979,Baseline,7,Balanced,0,Medium,1,Medium,1,8.69684,1988.65,0.0946566,0.1
2980,Baseline,7,Balanced,0,Medium,1,Medium,1,8.68971,1987.27,0.0943133,0.1
2981,Baseline,7,Balanced,0,Medium,1,Medium,1,8.71561,1993.56,0.0946219,0.1
2982,Baseline,7,Balanced,0,Medium,1,Medium,1,8.69982,1989.1,0.09451,0.1
2983,Baseline,7,Balanced,0,Medium,1,Medium,1,8.78072,2011.38,0.0943075,0.1
2984,Baseline,7,Balanced,0,Medium,1,Medium,1,8.76257,2003.7,0.0950521,0.1
2985,Baseline,7,Balanced,0,Medium,1,Medium,1,8.76641,2006.24,0.0946875,0.1
2986,Baseline,7,Balanced,0,Medium,1,Medium,1,8.60444,1968.88,0.0938368,0.1
2987,Baseline,7,Balanced,0,Medium,1,Medium,1,8.66292,1981.95,0.0943866,0.1
2988,Baseline,7,Balanced,0,Medium,1,Medium,1,8.73998,1999.57,0.0946605,0.1
2989,Baseline,7,Balanced,0,Medium,1,Medium,1,8.67205,1986.7,0.093613,0.1
2990,Baseline,7,Balanced,0,Medium,1,Medium,1,8.66999,1983.01,0.0940451,0.1
2991,Baseline,7,Balanced,0,Medium,1,Medium,1,8.72806,1997.64,0.0940201,0.1
2992,Baseline,7,Balanced,0,Medium,1,Medium,1,8.65015,1978.93,0.0944714,0.1
2993,Baseline,7,Balanced,0,Medium,1,Medium,1,8.63884,1976.24,0.093968,0.1
2994,Baseline,7,Balanced,0,Medium,1,Medium,1,8.75314,2002.8,0.0945949,0.1
2995,Baseline,7,Balanced,0,Medium,1,Medium,1,8.69543,1990.88,0.0944714,0.1
2996,Baseline,7,Balanced,0,Medium,1,Medium,1,8.64935,1978.38,0.0938426,0.1
2997,Baseline,7,Balanced,0,Medium,1,Medium,1,8.73982,2000.06,0.0947589,0.1
2998,Baseline,7,Balanced,0,Medium,1,Medium,1,8.65174,1978.75,0.0941937,0.1
2999,Baseline,7,Balanced,0,Medium,1,Medium,1,8.59976,1967,0.0938947,0.1
3000,Baseline,7,Balanced,0,Medium,1,Medium,1,8.73177,1996.23,0.0948341,0.1
3001,Baseline,7,Balanced,0,Medium,1,Medium,1,8.67178,1982.18,0.0944271,0.1
3002,Baseline,7,Balanced,0,Medium,1,Medium,1,8.6321,1972.35,0.094782,0.1
3003,Baseline,7,Balanced,0,Medium,1,Medium,1,8.71237,1994.05,0.0940895,0.1
3004,Baseline,7,Balanced,0,Medium,1,Medium,1,8.70952,1990.63,0.0950077,0.1
3005,Baseline,7,Balanced,0,Medium,1,Medium,1,8.69247,1989.72,0.0941532,0.1
3006,Baseline,7,Balanced,0,Medium,1,Medium,1,8.62616,1971.85,0.0942805,0.1
3007,Baseline,7,Balanced,0,Medium,1,Medium,1,8.66106,1980.32,0.0945313,0.1
3008,Baseline,7,Balanced,0,Medium,1,Medium,1,8.6935,1987.65,0.0948553,0.1
3009,Baseline,7,Balanced,0,Medium,1,Medium,1,8.60804,1968.31,0.0943036,0.1
3010,Baseline,7,Balanced,0,Medium,1,Medium,1,8.61422,1970.03,0.0941821,0.1
3011,Baseline,7,Balanced,0,Medium,1,Medium,1,8.80947,2015.07,0.0954032,0.1
3012,Baseline,7,Balanced,0,Medium,1,Medium,1,8.66823,1982.56,0.0946914,0.1
3013,Baseline,7,Balanced,0,Medium,1,Medium,1,8.58708,1962.82,0.0945158,0.1
3014,Baseline,7,Balanced,0,Medium,1,Medium,1,8.69539,1989.53,0.0941995,0.1
3015,Baseline,7,Balanced,0,Medium,1,Medium,1,8.70975,1992.8,0.0946701,0.1
3016,Baseline,7,Balanced,0,Medium,1,Medium,1,8.66873,1984.14,0.0942207,0.1
3017,Baseline,7,Balanced,0,Medium,1,Medium,1,8.64203,1976.56,0.0940856,0.1
3018,Baseline,7,Balanced,0,Medium,1,Medium,1,8.71354,1993,0.0946007,0.1
3019,Baseline,7,Balanced,0,Medium,1,Medium,1,8.67299,1984.99,0.0936516,0.1
3020,Baseline,7,Balanced,0,Medium,1,Medium,1,8.64291,1975.75,0.094429,0.1
3021,Baseline,7,Balanced,0,Medium,1,Medium,1,8.69937,1988.7,0.0946431,0.1
3022,Baseline,7,Balanced,0,Medium,1,Medium,1,8.68268,1984.59,0.0945313,0.1
3023,Baseline,7,Balanced,0,Medium,1,Medium,1,8.69198,1988.61,0.0939583,0.1
3024,Baseline,7,Balanced,0,Medium,1,Medium,1,8.71223,1995.18,0.094485,0.1
3025,Baseline,7,Balanced,0,Medium,1,Medium,1,8.6967,1990.14,0.0944367,0.1
3026,Baseline,7,Balanced,0,Medium,1,Medium,1,8.73077,1996.63,0.0945583,0.1
3027,Baseline,7,Balanced,0,Medium,1,Medium,1,8.7083,1991.14,0.0941454,0.1
3028,Baseline,7,Balanced,0,Medium,1,Medium,1,8.63278,1976.4,0.0937539,0.1
3029,Baseline,7,Balanced,0,Medium,1,Medium,1,8.67513,1982.39,0.0948013,0.1
3030,Baseline,7,Balanced,0,Medium,1,Medium,1,8.71828,1994.64,0.093885,0.1
3031,Baseline,7,Balanced,0,Medium,1,Medium,1,8.67197,1985.55,0.0937828,0.1
3032,Baseline,7,Balanced,0,Medium,1,Medium,1,8.67704,1981.89,0.095189,0.1
3033,Baseline,7,Balanced,0,Medium,1,Medium,1,8.58727,1963.52,0.0934124,0.1
3034,Baseline,7,Balanced,0,Medium,1,Medium,1,8.75313,2002.23,0.0948688,0.1
3035,Baseline,7,Balanced,0,Medium,1,Medium,1,8.63574,1976.05,0.0941397,0.1
3036,Baseline,7,Balanced,0,Medium,1,Medium,1,8.6967,1989.95,0.0942419,0.1
3037,Baseline,7,Balanced,0,Medium,1,Medium,1,8.63138,1973.32,0.0942323,0.1
3038,Baseline,7,Balanced,0,Medium,1,Medium,1,8.74891,2001.65,0.0946123,0.1
3039,Baseline,7,Balanced,0,Medium,1,Medium,1,8.74736,2001.36,0.094647,0.1
3040,Baseline,7,Balanced,0,Medium,1,Medium,1,8.75168,2002.26,0.0953897,0.1
3041,Baseline,7,Balanced,0,Medium,1,Medium,1,8.72889,1997.81,0.0942477,0.1
3042,Baseline,7,Balanced,0,Medium,1,Medium,1,8.64056,1975.65,0.0944464,0.1
3043,Baseline,7,Balanced,0,Medium,1,Medium,1,8.68035,1986.08,0.0940741,0.1
3044,Baseline,7,Balanced,0,Medium,1,Medium,1,8.72921,1996.26,0.0945968,0.1
3045,Baseline,7,Balanced,0,Medium,1,Medium,1,8.66621,1981.46,0.0943461,0.1
3046,Baseline,7,Balanced,0,Medium,1,Medium,1,8.68465,1987.35,0.0938889,0.1
3047,Baseline,7,Balanced,0,Medium,1,Medium,1,8.69589,1988.88,0.0943885,0.1
3048,Baseline,7,Balanced,0,Medium,1,Medium,1,8.65449,1979.12,0.0939718,0.1
3049,Baseline,7,Balanced,0,Medium,1,Medium,1,8.68154,1983.78,0.094782,0.1
3050,Baseline,7,Balanced,0,Medium,1,Medium,1,8.61571,1970.2,0.0940779,0.1
3051,Baseline,7,Balanced,0,Medium,1,Medium,1,8.66925,1983.11,0.0944348,0.1
3052,Baseline,7,Balanced,0,Medium,1,Medium,1,8.76411,2004.87,0.09462,0.1
3053,Baseline,7,Balanced,0,Medium,1,Medium,1,8.6717,1981.86,0.0944348,0.1
3054,Baseline,7,Balanced,0,Medium,1,Medium,1,8.74069,1999.18,0.0947589,0.1
3055,Baseline,7,Balanced,0,Medium,1,Medium,1,8.68325,1985.85,0.0943441,0.1
3056,Baseline,7,Balanced,0,Medium,1,Medium,1,8.70445,1990.96,0.0943056,0.1
3057,Baseline,7,Balanced,0,Medium,1,Medium,1,8.62379,1973.05,0.0939873,0.1
3058,Baseline,7,Balanced,0,Medium,1,Medium,1,8.6822,1983.94,0.094809,0.1
3059,Baseline,7,Balanced,0,Medium,1,Medium,1,8.66353,1981.68,0.0942188,0.1
3060,Baseline,7,Balanced,0,Medium,1,Medium,1,8.66221,1980.95,0.0942535,0.1
3061,Baseline,7,Balanced,0,Medium,1,Medium,1,8.70724,1991.17,0.0942978,0.1
3062,Baseline,7,Balanced,0,Medium,1,Medium,1,8.69952,1988.75,0.0954495,0.1
3063,Baseline,7,Balanced,0,Medium,1,Medium,1,8.66194,1979.17,0.0946026,0.1
3064,Baseline,7,Balanced,0,Medium,1,Medium,1,8.75547,2005.66,0.0940297,0.1
3065,Baseline,7,Balanced,0,Medium,1,Medium,1,8.64173,1975.75,0.0940509,0.1
3066,Baseline,7,Balanced,0,Medium,1,Medium,1,8.74188,1999.89,0.095054,0.1
3067,Baseline,7,Balanced,0,Medium,1,Medium,1,8.66928,1983.4,0.093858,0.1
3068,Baseline,7,Balanced,0,Medium,1,Medium,1,8.64003,1975.72,0.0940278,0.1
3069,Baseline,7,Balanced,0,Medium,1,Medium,1,8.63469,1972.98,0.0946142,0.1
3070,Baseline,7,Balanced,0,Medium,1,Medium,1,8.63869,1974.74,0.0940143,0.1
3071,Baseline,7,Balanced,0,Medium,1,Medium,1,8.72596,1996.62,0.094348,0.1
3072,Baseline,7,Balanced,0,Medium,1,Medium,1,8.73064,1998.15,0.0942091,0.1
3073,Baseline,7,Balanced,0,Medium,1,Medium,1,8.76906,2005.84,0.0948302,0.1
3074,Baseline,7,Balanced,0,Medium,1,Medium,1,8.6885,1988.73,0.09462,0.1
3075,Baseline,7,Balanced,0,Medium,1,Medium,1,8.64977,1979.53,0.0939988,0.1
3076,Baseline,7,Balanced,0,Medium,1,Medium,1,8.65443,1977.04,0.0948553,0.1
3077,Baseline,7,Balanced,0,Medium,1,Medium,1,8.74872,2002.06,0.0944637,0.1
3078,Baseline,7,Balanced,0,Medium,1,Medium,1,8.66101,1980.59,0.0943943,0.1
3079,Baseline,7,Balanced,0,Medium,1,Medium,1,8.68026,1984.05,0.094566,0.1
3080,Baseline,7,Balanced,0,Medium,1,Medium,1,8.75353,2000.09,0.0949363,0.1
3081,Baseline,7,Balanced,0,Medium,1,Medium,1,8.62084,1972.29,0.0937886,0.1
3082,Baseline,7,Balanced,0,Medium,1,Medium,1,8.61267,1968.5,0.0943904,0.1
3083,Baseline,7,Balanced,0,Medium,1,Medium,1,8.7422,1999.15,0.0950039,0.1
3084,Baseline,7,Balanced,0,Medium,1,Medium,1,8.60684,1967.82,0.0940046,0.1
3085,Baseline,7,Balanced,0,Medium,1,Medium,1,8.60216,1965.78,0.0939892,0.1
3086,Baseline,7,Balanced,0,Medium,1,Medium,1,8.64828,1977.83,0.0944039,0.1
3087,Baseline,7,Balanced,0,Medium,1,Medium,1,8.77393,2008.13,0.0946393,0.1
3088,Baseline,7,Balanced,0,Medium,1,Medium,1,8.6421,1974.61,0.0946316,0.1
3089,Baseline,7,Balanced,0,Medium,1,Medium,1,8.70415,1990.25,0.0945255,0.1
3090,Baseline,7,Balanced,0,Medium,1,Medium,1,8.75767,2002.43,0.0946605,0.1
3091,Baseline,7,Balanced,0,Medium,1,Medium,1,8.78024,2009.7,0.0947569,0.1
3092,Baseline,7,Balanced,0,Medium,1,Medium,1,8.69206,1989.9,0.0938792,0.1
3093,Baseline,7,Balanced,0,Medium,1,Medium,1,8.64302,1975.83,0.0941165,0.1
3094,Baseline,7,Balanced,0,Medium,1,Medium,1,8.62578,1972.29,0.0943962,0.1
3095,Baseline,7,Balanced,0,Medium,1,Medium,1,8.66533,1981.79,0.094267,0.1
3096,Baseline,7,Balanced,0,Medium,1,Medium,1,8.76096,2005.4,0.0944811,0.1
3097,Baseline,7,Balanced,0,Medium,1,Medium,1,8.81487,2017.8,0.0948688,0.1
3098,Baseline,7,Balanced,0,Medium,1,Medium,1,8.74516,2000.69,0.0948765,0.1
3099,Baseline,7,Balanced,0,Medium,1,Medium,1,8.76767,2006.14,0.0946914,0.1
3100,Baseline,7,Balanced,0,Medium,1,Medium,1,8.64219,1975.28,0.0949171,0.1
3101,Baseline,7,Balanced,0,Medium,1,Medium,1,8.71122,1992.52,0.094485,0.1
3102,Baseline,7,Balanced,0,Medium,1,Medium,1,8.6812,1986.35,0.0945081,0.1
3103,Baseline,7,Balanced,0,Medium,1,Medium,1,8.65989,1981.58,0.0940336,0.1
3104,Baseline,7,Balanced,0,Medium,1,Medium,1,8.75907,2005.46,0.0937114,0.1
3105,Baseline,7,Balanced,0,Medium,1,Medium,1,8.68932,1987.32,0.0943846,0.1
3106,Baseline,7,Balanced,0,Medium,1,Medium,1,8.65853,1978,0.0946624,0.1
3107,Baseline,7,Balanced,0,Medium,1,Medium,1,8.73417,1998,0.0950193,0.1
3108,Baseline,7,Balanced,0,Medium,1,Medium,1,8.67092,1983.2,0.0939468,0.1
3109,Baseline,7,Balanced,0,Medium,1,Medium,1,8.77438,2009.63,0.0941493,0.1
3110,Baseline,7,Balanced,0,Medium,1,Medium,1,8.65169,1977.72,0.0942978,0.1
3111,Baseline,7,Balanced,0,Medium,1,Medium,1,8.72335,1995.79,0.094782,0.1
3112,Baseline,7,Balanced,0,Medium,1,Medium,1,8.63011,1974.52,0.0938387,0.1
3113,Baseline,7,Balanced,0,Medium,1,Medium,1,8.69249,1987.24,0.0948071,0.1
3114,Baseline,7,Balanced,0,Medium,1,Medium,1,8.75556,2002.87,0.0946663,0.1
3115,Baseline,7,Balanced,0,Medium,1,Medium,1,8.75472,2001.56,0.0950926,0.1
3116,Baseline,7,Balanced,0,Medium,1,Medium,1,8.709,1991.26,0.0946431,0.1
3117,Baseline,7,Balanced,0,Medium,1,Medium,1,8.69893,1990.27,0.0943634,0.1
3118,Baseline,7,Balanced,0,Medium,1,Medium,1,8.71692,1993.93,0.0945158,0.1
3119,Baseline,7,Balanced,0,Medium,1,Medium,1,8.71107,1993,0.0936651,0.1
3120,Baseline,7,Balanced,0,Medium,1,Medium,1,8.70523,1990.63,0.0944116,0.1
3121,Baseline,7,Balanced,0,Medium,1,Medium,1,8.70929,1993.11,0.0943383,0.1
3122,Baseline,7,Balanced,0,Medium,1,Medium,1,8.70031,1989.69,0.0947917,0.1
3123,Baseline,7,Balanced,0,Medium,1,Medium,1,8.68643,1988.4,0.0941647,0.1
3124,Baseline,7,Balanced,0,Medium,1,Medium,1,8.70659,1991.43,0.0944695,0.1
3125,Baseline,7,Balanced,0,Medium,1,Medium,1,8.6482,1978.84,0.0942091,0.1
3126,Baseline,7,Balanced,0,Medium,1,Medium,1,8.67139,1984.88,0.0940316,0.1
3127,Baseline,7,Balanced,0,Medium,1,Medium,1,8.6453,1976.82,0.0942419,0.1
3128,Baseline,7,Balanced,0,Medium,1,Medium,1,8.6253,1971.8,0.0944406,0.1
3129,Baseline,7,Balanced,0,Medium,1,Medium,1,8.67475,1985.07,0.0942998,0.1
3130,Baseline,7,Balanced,0,Medium,1,Medium,1,8.65724,1980.33,0.0943943,0.1
3131,Baseline,7,Balanced,0,Medium,1,Medium,1,8.7537,1999.91,0.0949672,0.1
3132,Baseline,7,Balanced,0,Medium,1,Medium,1,8.66051,1981.82,0.0941898,0.1
3133,Baseline,7,Balanced,0,Medium,1,Medium,1,8.72572,1996.27,0.0944522,0.1
3134,Baseline,7,Balanced,0,Medium,1,Medium,1,8.66394,1981.53,0.0942072,0.1
3135,Baseline,7,Balanced,0,Medium,1,Medium,1,8.78325,2008.34,0.0947492,0.1
3136,Baseline,7,Balanced,0,Medium,1,Medium,1,8.64687,1977.59,0.093885,0.1
3137,Baseline,7,Balanced,0,Medium,1,Medium,1,8.63578,1973.32,0.0946682,0.1
3138,Baseline,7,Balanced,0,Medium,1,Medium,1,8.65619,1979.16,0.0941319,0.1
3139,Baseline,7,Balanced,0,Medium,1,Medium,1,8.64222,1975.17,0.0946007,0.1
3140,Baseline,7,Balanced,0,Medium,1,Medium,1,8.58593,1964.2,0.0940432,0.1
3141,Baseline,7,Balanced,0,Medium,1,Medium,1,8.7377,1997.79,0.0948592,0.1
3142,Baseline,7,Balanced,0,Medium,1,Medium,1,8.65111,1979.41,0.0943962,0.1
3143,Baseline,7,Balanced,0,Medium,1,Medium,1,8.64789,1978.47,0.0941146,0.1
3144,Baseline,7,Balanced,0,Medium,1,Medium,1,8.64686,1979.35,0.0937809,0.1
3145,Baseline,7,Balanced,0,Medium,1,Medium,1,8.65173,1980.04,0.0939275,0.1
3146,Baseline,7,Balanced,0,Medium,1,Medium,1,8.56908,1960.12,0.0934221,0.1
3147,Baseline,7,Balanced,0,Medium,1,Medium,1,8.69504,1989.51,0.0938522,0.1
3148,Baseline,7,Balanced,0,Medium,1,Medium,1,8.71629,1993.02,0.0945949,0.1
3149,Baseline,7,Balanced,0,Medium,1,Medium,1,8.64877,1976.38,0.0940471,0.1
3150,Baseline,7,Balanced,0,Medium,1,Medium,1,8.73388,1998.67,0.0945467,0.1
3151,Baseline,7,Balanced,0,Medium,1,Medium,1,8.65318,1978.24,0.0945274,0.1
3152,Baseline,7,Balanced,0,Medium,1,Medium,1,8.79381,2012.21,0.0946971,0.1
3153,Baseline,7,Balanced,0,Medium,1,Medium,1,8.63837,1977.8,0.0933912,0.1
3154,Baseline,7,Balanced,0,Medium,1,Medium,1,8.66031,1981.24,0.0937674,0.1
3155,Baseline,7,Balanced,0,Medium,1,Medium,1,8.69786,1991.59,0.0942168,0.1
3156,Baseline,7,Balanced,0,Medium,1,Medium,1,8.72163,1994.56,0.094402,0.1
3157,Baseline,7,Balanced,0,Medium,1,Medium,1,8.73304,1998.15,0.0944309,0.1
3158,Baseline,7,Balanced,0,Medium,1,Medium,1,8.64117,1975.95,0.0943673,0.1
3159,Baseline,7,Balanced,0,Medium,1,Medium,1,8.62645,1975.62,0.0934086,0.1
3160,Baseline,7,Balanced,0,Medium,1,Medium,1,8.60611,1968.49,0.0937866,0.1
3161,Baseline,7,Balanced,0,Medium,1,Medium,1,8.77066,2005.87,0.0947685,0.1
3162,Baseline,7,Balanced,0,Medium,1,Medium,1,8.60218,1967.04,0.0939738,0.1
3163,Baseline,7,Balanced,0,Medium,1,Medium,1,8.72567,1996.91,0.0942072,0.1
3164,Baseline,7,Balanced,0,Medium,1,Medium,1,8.68548,1986.54,0.0943152,0.1
3165,Baseline,7,Balanced,0,Medium,1,Medium,1,8.73711,1997.02,0.0948785,0.1
3166,Baseline,7,Balanced,0,Medium,1,Medium,1,8.69964,1989.29,0.0947203,0.1
3167,Baseline,7,Balanced,0,Medium,1,Medium,1,8.5526,1955.3,0.0936169,0.1
3168,Baseline,7,Balanced,0,Medium,1,Medium,1,8.59715,1964.65,0.0941647,0.1
3169,Baseline,7,Balanced,0,Medium,1,Medium,1,8.66803,1982.1,0.0942573,0.1
3170,Baseline,7,Balanced,0,Medium,1,Medium,1,8.67007,1981.67,0.094564,0.1
3171,Baseline,7,Balanced,0,Medium,1,Medium,1,8.68801,1987.22,0.0942882,0.1
3172,Baseline,7,Balanced,0,Medium,1,Medium,1,8.68777,1986.9,0.0942631,0.1
3173,Baseline,7,Balanced,0,Medium,1,Medium,1,8.63794,1976.72,0.0939275,0.1
3174,Baseline,7,Balanced,0,Medium,1,Medium,1,8.66769,1981.95,0.0942149,0.1
3175,Baseline,7,Balanced,0,Medium,1,Medium,1,8.73464,1998.39,0.0946181,0.1
3176,Baseline,7,Balanced,0,Medium,1,Medium,1,8.6904,1988.38,0.0940644,0.1
3177,Baseline,7,Balanced,0,Medium,1,Medium,1,8.74821,2001.04,0.095081,0.1
3178,Baseline,7,Balanced,0,Medium,1,Medium,1,8.76933,2007.32,0.0944579,0.1
3179,Baseline,7,Balanced,0,Medium,1,Medium,1,8.70737,1992.4,0.0944078,0.1
3180,Baseline,7,Balanced,0,Medium,1,Medium,1,8.66197,1982.07,0.0938677,0.1
3181,Baseline,7,Balanced,0,Medium,1,Medium,1,8.65183,1979.35,0.0944869,0.1
3182,Baseline,7,Balanced,0,Medium,1,Medium,1,8.69599,1989.33,0.0944116,0.1
3183,Baseline,7,Balanced,0,Medium,1,Medium,1,8.65465,1981.28,0.0937558,0.1
3184,Baseline,7,Balanced,0,Medium,1,Medium,1,8.73583,1997.82,0.0948708,0.1
3185,Baseline,7,Balanced,0,Medium,1,Medium,1,8.69825,1993.15,0.0936034,0.1
3186,Baseline,7,Balanced,0,Medium,1,Medium,1,8.62768,1974.85,0.0939583,0.1
3187,Baseline,7,Balanced,0,Medium,1,Medium,1,8.68435,1985.99,0.0939352,0.1
3188,Baseline,7,Balanced,0,Medium,1,Medium,1,8.70812,1992,0.0947647,0.1
3189,Baseline,7,Balanced,0,Medium,1,Medium,1,8.71577,1993.22,0.0944965,0.1
3190,Baseline,7,Balanced,0,Medium,1,Medium,1,8.67434,1982.5,0.0946682,0.1
3191,Baseline,7,Balanced,0,Medium,1,Medium,1,8.66613,1983.73,0.0940914,0.1
3192,Baseline,7,Balanced,0,Medium,1,Medium,1,8.70431,1990.86,0.0943364,0.1
3193,Baseline,7,Balanced,0,Medium,1,Medium,1,8.759,2004.55,0.0946238,0.1
3194,Baseline,7,Balanced,0,Medium,1,Medium,1,8.63622,1974.53,0.0940625,0.1
3195,Baseline,7,Balanced,0,Medium,1,Medium,1,8.71291,1994.94,0.0939873,0.1
3196,Baseline,7,Balanced,0,Medium,1,Medium,1,8.73159,1996.14,0.0948129,0.1
3197,Baseline,7,Balanced,0,Medium,1,Medium,1,8.73191,1997.38,0.0944502,0.1
3198,Baseline,7,Balanced,0,Medium,1,Medium,1,8.70537,1990.64,0.0946065,0.1
3199,Baseline,7,Balanced,0,Medium,1,Medium,1,8.72746,1996.67,0.0950154,0.1
3200,Baseline,7,Balanced,0,Medium,1,Medium,1,8.7564,2001.66,0.0943789,0.1
3201,Baseline,7,Balanced,0,Medium,1,Medium,1,8.73144,1997.07,0.0945081,0.1
3202,Baseline,7,Balanced,0,Medium,1,Medium,1,8.73421,1997.57,0.0944734,0.1
3203,Baseline,7,Balanced,0,Medium,1,Medium,1,8.72173,1994.75,0.0946914,0.1
3204,Baseline,7,Balanced,0,Medium,1,Medium,1,8.65786,1979.84,0.0943576,0.1
3205,Baseline,7,Balanced,0,Medium,1,Medium,1,8.71119,1993.51,0.0941589,0.1
3206,Baseline,7,Balanced,0,Medium,1,Medium,1,8.80731,2016.37,0.0941725,0.1
3207,Baseline,7,Balanced,0,Medium,1,Medium,1,8.72197,1996.33,0.0943924,0.1
3208,Baseline,7,Balanced,0,Medium,1,Medium,1,8.65473,1979.09,0.0943673,0.1
3209,Baseline,7,Balanced,0,Medium,1,Medium,1,8.67629,1986.12,0.0937191,0.1
3210,Baseline,7,Balanced,0,Medium,1,Medium,1,8.72194,1996.12,0.0941339,0.1
3211,Baseline,7,Balanced,0,Medium,1,Medium,1,8.65916,1979.69,0.0944387,0.1
3212,Baseline,7,Balanced,0,Medium,1,Medium,1,8.69047,1989.26,0.0938464,0.1
3213,Baseline,7,Balanced,0,Medium,1,Medium,1,8.64477,1977.88,0.0941995,0.1
3214,Baseline,7,Balanced,0,Medium,1,Medium,1,8.73146,1997.65,0.0948206,0.1
3215,Baseline,7,Balanced,0,Medium,1,Medium,1,8.70623,1993.41,0.0941647,0.1
3216,Baseline,7,Balanced,0,Medium,1,Medium,1,8.75897,2003.06,0.0947203,0.1
3217,Baseline,7,Balanced,0,Medium,1,Medium,1,8.63716,1973.77,0.0945448,0.1
3218,Baseline,7,Balanced,0,Medium,1,Medium,1,8.66989,1981.98,0.0944599,0.1
3219,Baseline,7,Balanced,0,Medium,1,Medium,1,8.75865,2002.85,0.0946007,0.1
3220,Baseline,7,Balanced,0,Medium,1,Medium,1,8.78294,2009.51,0.0946007,0.1
3221,Baseline,7,Balanced,0,Medium,1,Medium,1,8.76163,2003.02,0.0947859,0.1
3222,Baseline,7,Balanced,0,Medium,1,Medium,1,8.76267,2004.21,0.094973,0.1
3223,Baseline,7,Balanced,0,Medium,1,Medium,1,8.65091,1978.18,0.0940895,0.1
3224,Baseline,7,Balanced,0,Medium,1,Medium,1,8.62426,1972.24,0.0942747,0.1
3225,Baseline,7,Balanced,0,Medium,1,Medium,1,8.6987,1988.94,0.0948187,0.1
3226,Baseline,7,Balanced,0,Medium,1,Medium,1,8.65878,1982.08,0.0937847,0.1
3227,Baseline,7,Balanced,0,Medium,1,Medium,1,8.67807,1985.65,0.0942786,0.1
3228,Baseline,7,Balanced,0,Medium,1,Medium,1,8.82343,2018.84,0.0946836,0.1
3229,Baseline,7,Balanced,0,Medium,1,Medium,1,8.6979,1990.53,0.0940644,0.1
3230,Baseline,7,Balanced,0,Medium,1,Medium,1,8.67503,1983.37,0.0943326,0.1
3231,Baseline,7,Balanced,0,Medium,1,Medium,1,8.724,1996.15,0.0945486,0.1
3232,Baseline,7,Balanced,0,Medium,1,Medium,1,8.6406,1973.57,0.094755,0.1
3233,Baseline,7,Balanced,0,Medium,1,Medium,1,8.69151,1988.32,0.0948881,0.1
3234,Baseline,7,Balanced,0,Medium,1,Medium,1,8.65141,1978.63,0.0945081,0.1
3235,Baseline,7,Balanced,0,Medium,1,Medium,1,8.64239,1978.71,0.0935706,0.1
3236,Baseline,7,Balanced,0,Medium,1,Medium,1,8.69769,1991,0.0942438,0.1
3237,Baseline,7,Balanced,0,Medium,1,Medium,1,8.6778,1986.17,0.0939892,0.1
3238,Baseline,7,Balanced,0,Medium,1,Medium,1,8.58123,1961.3,0.094022,0.1
3239,Baseline,7,Balanced,0,Medium,1,Medium,1,8.66247,1983,0.0940471,0.1
3240,Baseline,7,Balanced,0,Medium,1,Medium,1,8.6061,1969.39,0.0938831,0.1
3241,Baseline,7,Balanced,0,Medium,1,Medium,1,8.67358,1985.08,0.0939236,0.1
3242,Baseline,7,Balanced,0,Medium,1,Medium,1,8.68159,1984.82,0.0945332,0.1
3243,Baseline,7,Balanced,0,Medium,1,Medium,1,8.6353,1973.79,0.0945235,0.1
3244,Baseline,7,Balanced,0,Medium,1,Medium,1,8.74335,1999.88,0.0945891,0.1
3245,Baseline,7,Balanced,0,Medium,1,Medium,1,8.65698,1979.88,0.0941917,0.1
3246,Baseline,7,Balanced,0,Medium,1,Medium,1,8.75608,2002.51,0.0950984,0.1
3247,Baseline,7,Balanced,0,Medium,1,Medium,1,8.69719,1990.02,0.0943499,0.1
3248,Baseline,7,Balanced,0,Medium,1,Medium,1,8.69064,1989.44,0.093397,0.1
3249,Baseline,7,Balanced,0,Medium,1,Medium,1,8.74165,1997.59,0.0946836,0.1
3250,Baseline,7,Balanced,0,Medium,1,Medium,1,8.6456,1977.04,0.0946798,0.1
3251,Baseline,7,Balanced,0,Medium,1,Medium,1,8.70973,1991.9,0.0944772,0.1
3252,Baseline,7,Balanced,0,Medium,1,Medium,1,8.61972,1972.4,0.0935436,0.1
3253,Baseline,7,Balanced,0,Medium,1,Medium,1,8.60704,1968.78,0.0939661,0.1
3254,Baseline,7,Balanced,0,Medium,1,Medium,1,8.59976,1966.49,0.0937018,0.1
3255,Baseline,7,Balanced,0,Medium,1,Medium,1,8.72048,1994.32,0.0950752,0.1
3256,Baseline,7,Balanced,0,Medium,1,Medium,1,8.7605,2006.5,0.094022,0.1
3257,Baseline,7,Balanced,0,Medium,1,Medium,1,8.71199,1992.26,0.0947261,0.1
3258,Baseline,7,Balanced,0,Medium,1,Medium,1,8.71666,1993.96,0.0945949,0.1
3259,Baseline,7,Balanced,0,Medium,1,Medium,1,8.66203,1979.99,0.0948804,0.1
3260,Baseline,7,Balanced,0,Medium,1,Medium,1,8.65228,1977.99,0.0944676,0.1
3261,Baseline,7,Balanced,0,Medium,1,Medium,1,8.67452,1985.36,0.0940162,0.1
3262,Baseline,7,Balanced,0,Medium,1,Medium,1,8.63359,1976.82,0.0938426,0.1
3263,Baseline,7,Balanced,0,Medium,1,Medium,1,8.72234,1993.61,0.0946161,0.1
3264,Baseline,7,Balanced,0,Medium,1,Medium,1,8.67844,1985.26,0.0944637,0.1
3265,Baseline,7,Balanced,0,Medium,1,Medium,1,8.75791,2005.25,0.0945968,0.1
3266,Baseline,7,Balanced,0,Medium,1,Medium,1,8.70364,1992.79,0.0938503,0.1
3267,Baseline,7,Balanced,0,Medium,1,Medium,1,8.74061,2001.38,0.0938831,0.1
3268,Baseline,7,Balanced,0,Medium,1,Medium,1,8.72708,1996.05,0.0946335,0.1
3269,Baseline,7,Balanced,0,Medium,1,Medium,1,8.63512,1973.56,0.0944329,0.1
3270,Baseline,7,Balanced,0,Medium,1,Medium,1,8.63119,1973.15,0.094348,0.1
3271,Baseline,7,Balanced,0,Medium,1,Medium,1,8.66781,1983.97,0.0941686,0.1
3272,Baseline,7,Balanced,0,Medium,1,Medium,1,8.64919,1977.57,0.0943538,0.1
3273,Baseline,7,Balanced,0,Medium,1,Medium,1,8.64122,1975.97,0.0939371,0.1
3274,Baseline,7,Balanced,0,Medium,1,Medium,1,8.77026,2006.31,0.0948052,0.1
3275,Baseline,7,Balanced,0,Medium,1,Medium,1,8.61909,1970.05,0.093995,0.1
3276,Baseline,7,Balanced,0,Medium,1,Medium,1,8.60447,1969.11,0.0937114,0.1
3277,Baseline,7,Balanced,0,Medium,1,Medium,1,8.68287,1987.99,0.0942072,0.1
3278,Baseline,7,Balanced,0,Medium,1,Medium,1,8.67909,1986.13,0.0939583,0.1
3279,Baseline,7,Balanced,0,Medium,1,Medium,1,8.73699,1997.37,0.0947222,0.1
3280,Baseline,7,Balanced,0,Medium,1,Medium,1,8.64697,1977.83,0.0938117,0.1
3281,Baseline,7,Balanced,0,Medium,1,Medium,1,8.63659,1974,0.0940027,0.1
3282,Baseline,7,Balanced,0,Medium,1,Medium,1,8.63926,1975.21,0.0943229,0.1
3283,Baseline,7,Balanced,0,Medium,1,Medium,1,8.7195,1994.44,0.0948592,0.1
3284,Baseline,7,Balanced,0,Medium,1,Medium,1,8.67597,1984.48,0.0940278,0.1
3285,Baseline,7,Balanced,0,Medium,1,Medium,1,8.74031,1999.81,0.0946779,0.1
3286,Baseline,7,Balanced,0,Medium,1,Medium,1,8.64725,1978.07,0.0938021,0.1
3287,Baseline,7,Balanced,0,Medium,1,Medium,1,8.73529,1999.05,0.094539,0.1
3288,Baseline,7,Balanced,0,Medium,1,Medium,1,8.69727,1988.71,0.0941165,0.1
3289,Baseline,7,Balanced,0,Medium,1,Medium,1,8.69675,1990,0.0941589,0.1
3290,Baseline,7,Balanced,0,Medium,1,Medium,1,8.72559,1993.65,0.0944232,0.1
3291,Baseline,7,Balanced,0,Medium,1,Medium,1,8.71718,1995.72,0.0939178,0.1
3292,Baseline,7,Balanced,0,Medium,1,Medium,1,8.69762,1989.71,0.094348,0.1
3293,Baseline,7,Balanced,0,Medium,1,Medium,1,8.62485,1973.31,0.0940181,0.1
3294,Baseline,7,Balanced,0,Medium,1,Medium,1,8.72745,1997.05,0.0944599,0.1
3295,Baseline,7,Balanced,0,Medium,1,Medium,1,8.77407,2006.56,0.0949036,0.1
3296,Baseline,7,Balanced,0,Medium,1,Medium,1,8.65025,1977.86,0.0944174,0.1
3297,Baseline,7,Balanced,0,Medium,1,Medium,1,8.69899,1991.58,0.0937384,0.1
3298,Baseline,7,Balanced,0,Medium,1,Medium,1,8.7151,1994.49,0.0940316,0.1
3299,Baseline,7,Balanced,0,Medium,1,Medium,1,8.65796,1980.33,0.0942496,0.1
3300,Baseline,7,Balanced,0,Medium,1,Medium,1,8.69472,1989.22,0.0943248,0.1
3301,Baseline,7,Balanced,0,Medium,1,Medium,1,8.62388,1973.98,0.0938426,0.1
3302,Baseline,7,Balanced,0,Medium,1,Medium,1,8.61147,1970.81,0.0934645,0.1
3303,Baseline,7,Balanced,0,Medium,1,Medium,1,8.62249,1971.11,0.0938059,0.1
3304,Baseline,7,Balanced,0,Medium,1,Medium,1,8.73348,1998.76,0.0939043,0.1
3305,Baseline,7,Balanced,0,Medium,1,Medium,1,8.67683,1984.68,0.0939699,0.1
3306,Baseline,7,Balanced,0,Medium,1,Medium,1,8.63808,1975.08,0.0939815,0.1
3307,Baseline,7,Balanced,0,Medium,1,Medium,1,8.71188,1993.51,0.0941184,0.1
3308,Baseline,7,Balanced,0,Medium,1,Medium,1,8.67704,1985.45,0.0939776,0.1
3309,Baseline,7,Balanced,0,Medium,1,Medium,1,8.75017,2003.11,0.094512,0.1
3310,Baseline,7,Balanced,0,Medium,1,Medium,1,8.61403,1969.62,0.0945255,0.1
3311,Baseline,7,Balanced,0,Medium,1,Medium,1,8.78035,2008.14,0.0945795,0.1
3312,Baseline,7,Balanced,0,Medium,1,Medium,1,8.63986,1977.47,0.0937982,0.1
3313,Baseline,7,Balanced,0,Medium,1,Medium,1,8.76999,2007.95,0.0943557,0.1
3314,Baseline,7,Balanced,0,Medium,1,Medium,1,8.74934,2002.53,0.0939873,0.1
3315,Baseline,7,Balanced,0,Medium,1,Medium,1,8.64929,1977.04,0.0942824,0.1
3316,Baseline,7,Balanced,0,Medium,1,Medium,1,8.71408,1994.36,0.0940123,0.1
3317,Baseline,7,Balanced,0,Medium,1,Medium,1,8.65608,1979.71,0.0939853,0.1
3318,Baseline,7,Balanced,0,Medium,1,Medium,1,8.73919,2000.64,0.094402,0.1
3319,Baseline,7,Balanced,0,Medium,1,Medium,1,8.58524,1964.2,0.0935224,0.1
3320,Baseline,7,Balanced,0,Medium,1,Medium,1,8.72157,1995.13,0.0945988,0.1
3321,Baseline,7,Balanced,0,Medium,1,Medium,1,8.68476,1987.51,0.094348,0.1
3322,Baseline,7,Balanced,0,Medium,1,Medium,1,8.69022,1988.3,0.0939969,0.1
3323,Baseline,7,Balanced,0,Medium,1,Medium,1,8.61189,1970.55,0.0939217,0.1
3324,Baseline,7,Balanced,0,Medium,1,Medium,1,8.69644,1989.88,0.0941319,0.1
3325,Baseline,7,Balanced,0,Medium,1,Medium,1,8.71748,1993.49,0.0943885,0.1
3326,Baseline,7,Balanced,0,Medium,1,Medium,1,8.75831,2005,0.0940818,0.1
3327,Baseline,7,Balanced,0,Medium,1,Medium,1,8.77797,2008.61,0.0950251,0.1
3328,Baseline,7,Balanced,0,Medium,1,Medium,1,8.64716,1978.45,0.0938329,0.1
3329,Baseline,7,Balanced,0,Medium,1,Medium,1,8.6882,1987.05,0.0944309,0.1
3330,Baseline,7,Balanced,0,Medium,1,Medium,1,8.69936,1988.68,0.0944271,0.1
3331,Baseline,7,Balanced,0,Medium,1,Medium,1,8.70333,1992.1,0.0942882,0.1
3332,Baseline,7,Balanced,0,Medium,1,Medium,1,8.65779,1978.89,0.094755,0.1
3333,Baseline,7,Balanced,0,Medium,1,Medium,1,8.6665,1983.26,0.0941937,0.1
3334,Baseline,7,Balanced,0,Medium,1,Medium,1,8.72677,1997.37,0.0943056,0.1
3335,Baseline,7,Balanced,0,Medium,1,Medium,1,8.68836,1987.78,0.0941127,0.1
3336,Baseline,7,Balanced,0,Medium,1,Medium,1,8.72729,1995.32,0.094429,0.1
3337,Baseline,7,Balanced,0,Medium,1,Medium,1,8.73306,1997.77,0.0941725,0.1
3338,Baseline,7,Balanced,0,Medium,1,Medium,1,8.66887,1982.41,0.0941512,0.1
3339,Baseline,7,Balanced,0,Medium,1,Medium,1,8.6557,1980.74,0.0938619,0.1
3340,Baseline,7,Balanced,0,Medium,1,Medium,1,8.71582,1994.67,0.0942805,0.1
3341,Baseline,7,Balanced,0,Medium,1,Medium,1,8.76393,2005,0.0943827,0.1
3342,Baseline,7,Balanced,0,Medium,1,Medium,1,8.65879,1981.74,0.0940529,0.1
3343,Baseline,7,Balanced,0,Medium,1,Medium,1,8.64171,1977.32,0.0937751,0.1
3344,Baseline,7,Balanced,0,Medium,1,Medium,1,8.68937,1987.94,0.0939275,0.1
3345,Baseline,7,Balanced,0,Medium,1,Medium,1,8.72285,1994.02,0.0946123,0.1
3346,Baseline,7,Balanced,0,Medium,1,Medium,1,8.66417,1982.08,0.0941319,0.1
3347,Baseline,7,Balanced,0,Medium,1,Medium,1,8.63349,1974.9,0.0940895,0.1
3348,Baseline,7,Balanced,0,Medium,1,Medium,1,8.73312,1996.72,0.095164,0.1
3349,Baseline,7,Balanced,0,Medium,1,Medium,1,8.61574,1971.3,0.0933989,0.1
3350,Baseline,7,Balanced,0,Medium,1,Medium,1,8.63014,1973.83,0.0941975,0.1
3351,Baseline,7,Balanced,0,Medium,1,Medium,1,8.70236,1991.84,0.0943171,0.1
3352,Baseline,7,Balanced,0,Medium,1,Medium,1,8.67198,1982,0.0945255,0.1
3353,Baseline,7,Balanced,0,Medium,1,Medium,1,8.71996,1995.99,0.094022,0.1
3354,Baseline,7,Balanced,0,Medium,1,Medium,1,8.68943,1988.31,0.09424,0.1
3355,Baseline,7,Balanced,0,Medium,1,Medium,1,8.73009,1996.27,0.0945833,0.1
3356,Baseline,7,Balanced,0,Medium,1,Medium,1,8.67762,1985.89,0.0941609,0.1
3357,Baseline,7,Balanced,0,Medium,1,Medium,1,8.76482,2004.66,0.0949016,0.1
3358,Baseline,7,Balanced,0,Medium,1,Medium,1,8.68677,1987.59,0.094456,0.1
3359,Baseline,7,Balanced,0,Medium,1,Medium,1,8.78023,2007.47,0.0947801,0.1
3360,Baseline,7,Balanced,0,Medium,1,Medium,1,8.62332,1972.95,0.094186,0.1
3361,Baseline,7,Balanced,0,Medium,1,Medium,1,8.72858,1999.02,0.0940509,0.1
3362,Baseline,7,Balanced,0,Medium,1,Medium,1,8.60909,1968.24,0.0940664,0.1
3363,Baseline,7,Balanced,0,Medium,1,Medium,1,8.75955,2004.51,0.0946644,0.1
3364,Baseline,7,Balanced,0,Medium,1,Medium,1,8.69358,1989.12,0.0944387,0.1
3365,Baseline,7,Balanced,0,Medium,1,Medium,1,8.68566,1985.69,0.094483,0.1
3366,Baseline,7,Balanced,0,Medium,1,Medium,1,8.62182,1973.06,0.0932504,0.1
3367,Baseline,7,Balanced,0,Medium,1,Medium,1,8.73624,1997.65,0.0943364,0.1
3368,Baseline,7,Balanced,0,Medium,1,Medium,1,8.69007,1988.88,0.0940471,0.1
3369,Baseline,7,Balanced,0,Medium,1,Medium,1,8.68314,1985.33,0.0941204,0.1
3370,Baseline,7,Balanced,0,Medium,1,Medium,1,8.63152,1975.45,0.0937519,0.1
3371,Baseline,7,Balanced,0,Medium,1,Medium,1,8.62521,1973.14,0.0935147,0.1
3372,Baseline,7,Balanced,0,Medium,1,Medium,1,8.66998,1983.68,0.0939757,0.1
3373,Baseline,7,Balanced,0,Medium,1,Medium,1,8.67591,1985.73,0.0941956,0.1
3374,Baseline,7,Balanced,0,Medium,1,Medium,1,8.65248,1978.43,0.0945004,0.1
3375,Baseline,7,Balanced,0,Medium,1,Medium,1,8.74304,2001.07,0.0943789,0.1
3376,Baseline,7,Balanced,0,Medium,1,Medium,1,8.71057,1993.05,0.0942882,0.1
3377,Baseline,7,Balanced,0,Medium,1,Medium,1,8.73077,1999.15,0.0941223,0.1
3378,Baseline,7,Balanced,0,Medium,1,Medium,1,8.61157,1970.74,0.0941493,0.1
3379,Baseline,7,Balanced,0,Medium,1,Medium,1,8.68648,1988.08,0.0939718,0.1
3380,Baseline,7,Balanced,0,Medium,1,Medium,1,8.65843,1980.83,0.094456,0.1
3381,Baseline,7,Balanced,0,Medium,1,Medium,1,8.65819,1981.33,0.0941088,0.1
3382,Baseline,7,Balanced,0,Medium,1,Medium,1,8.76455,2003.55,0.0946508,0.1
3383,Baseline,7,Balanced,0,Medium,1,Medium,1,8.73861,1998.38,0.0946412,0.1
3384,Baseline,7,Balanced,0,Medium,1,Medium,1,8.66857,1982.88,0.0938002,0.1
3385,Baseline,7,Balanced,0,Medium,1,Medium,1,8.64461,1977.96,0.0940953,0.1
3386,Baseline,7,Balanced,0,Medium,1,Medium,1,8.61277,1969.1,0.0941532,0.1
3387,Baseline,7,Balanced,0,Medium,1,Medium,1,8.67626,1984.46,0.0945062,0.1
3388,Baseline,7,Balanced,0,Medium,1,Medium,1,8.73667,1999.06,0.0942978,0.1
3389,Baseline,7,Balanced,0,Medium,1,Medium,1,8.70463,1990.98,0.0944116,0.1
3390,Baseline,7,Balanced,0,Medium,1,Medium,1,8.75245,2001.5,0.0950386,0.1
3391,Baseline,7,Balanced,0,Medium,1,Medium,1,8.62422,1971.4,0.0943171,0.1
3392,Baseline,7,Balanced,0,Medium,1,Medium,1,8.68508,1986.43,0.0943519,0.1
3393,Baseline,7,Balanced,0,Medium,1,Medium,1,8.75194,2003.5,0.0943461,0.1
3394,Baseline,7,Balanced,0,Medium,1,Medium,1,8.61923,1969.92,0.0938773,0.1
3395,Baseline,7,Balanced,0,Medium,1,Medium,1,8.65842,1979.77,0.0940799,0.1
3396,Baseline,7,Balanced,0,Medium,1,Medium,1,8.65956,1981.38,0.0946219,0.1
3397,Baseline,7,Balanced,0,Medium,1,Medium,1,8.7071,1993.4,0.0941744,0.1
3398,Baseline,7,Balanced,0,Medium,1,Medium,1,8.72925,1996.58,0.0943056,0.1
3399,Baseline,7,Balanced,0,Medium,1,Medium,1,8.59745,1967.24,0.0937172,0.1
3400,Baseline,7,Balanced,0,Medium,1,Medium,1,8.68153,1985.68,0.0943711,0.1
3401,Baseline,7,Balanced,0,Medium,1,Medium,1,8.58834,1964.15,0.0935475,0.1
3402,Baseline,7,Balanced,0,Medium,1,Medium,1,8.72745,1996.08,0.0947087,0.1
3403,Baseline,7,Balanced,0,Medium,1,Medium,1,8.64949,1978.56,0.0940606,0.1
3404,Baseline,7,Balanced,0,Medium,1,Medium,1,8.76974,2006.12,0.0945756,0.1
3405,Baseline,7,Balanced,0,Medium,1,Medium,1,8.72485,1995,0.0948418,0.1
3406,Baseline,7,Balanced,0,Medium,1,Medium,1,8.67516,1984.75,0.0943866,0.1
3407,Baseline,7,Balanced,0,Medium,1,Medium,1,8.67346,1982.91,0.0947377,0.1
3408,Baseline,7,Balanced,0,Medium,1,Medium,1,8.7198,1995.05,0.0942747,0.1
3409,Baseline,7,Balanced,0,Medium,1,Medium,1,8.67736,1982.96,0.094485,0.1
3410,Baseline,7,Balanced,0,Medium,1,Medium,1,8.66359,1981.97,0.094537,0.1
3411,Baseline,7,Balanced,0,Medium,1,Medium,1,8.72304,1996.25,0.0945081,0.1
3412,Baseline,7,Balanced,0,Medium,1,Medium,1,8.72888,1997.6,0.0944579,0.1
3413,Baseline,7,Balanced,0,Medium,1,Medium,1,8.69017,1987.3,0.0943962,0.1
3414,Baseline,7,Balanced,0,Medium,1,Medium,1,8.59518,1965.62,0.093887,0.1
3415,Baseline,7,Balanced,0,Medium,1,Medium,1,8.74499,2002.83,0.0942593,0.1
3416,Baseline,7,Balanced,0,Medium,1,Medium,1,8.63263,1973.17,0.0943981,0.1
3417,Baseline,7,Balanced,0,Medium,1,Medium,1,8.65163,1978.46,0.0945486,0.1
3418,Baseline,7,Balanced,0,Medium,1,Medium,1,8.71358,1993.95,0.0943673,0.1
3419,Baseline,7,Balanced,0,Medium,1,Medium,1,8.67404,1984.35,0.0952103,0.1
3420,Baseline,7,Balanced,0,Medium,1,Medium,1,8.71915,1996.6,0.0943557,0.1
3421,Baseline,7,Balanced,0,Medium,1,Medium,1,8.6892,1990.01,0.0935166,0.1
3422,Baseline,7,Balanced,0,Medium,1,Medium,1,8.67172,1984.95,0.0942921,0.1
3423,Baseline,7,Balanced,0,Medium,1,Medium,1,8.6442,1976.69,0.0944676,0.1
3424,Baseline,7,Balanced,0,Medium,1,Medium,1,8.65496,1979.68,0.0942265,0.1
3425,Baseline,7,Balanced,0,Medium,1,Medium,1,8.68192,1986.58,0.093723,0.1
3426,Baseline,7,Balanced,0,Medium,1,Medium,1,8.66712,1982.32,0.0944348,0.1
3427,Baseline,7,Balanced,0,Medium,1,Medium,1,8.74099,2001.25,0.0944213,0.1
3428,Baseline,7,Balanced,0,Medium,1,Medium,1,8.76981,2007.36,0.0940895,0.1
3429,Baseline,7,Balanced,0,Medium,1,Medium,1,8.67049,1981.55,0.0947724,0.1
3430,Baseline,7,Balanced,0,Medium,1,Medium,1,8.63908,1974.94,0.09413,0.1
3431,Baseline,7,Balanced,0,Medium,1,Medium,1,8.69389,1987.33,0.0951042,0.1
3432,Baseline,7,Balanced,0,Medium,1,Medium,1,8.70474,1993.17,0.0938947,0.1
3433,Baseline,7,Balanced,0,Medium,1,Medium,1,8.73121,1997.12,0.0946277,0.1
3434,Baseline,7,Balanced,0,Medium,1,Medium,1,8.6302,1972.23,0.094647,0.1
3435,Baseline,7,Balanced,0,Medium,1,Medium,1,8.71881,1993.4,0.0948302,0.1
3436,Baseline,7,Balanced,0,Medium,1,Medium,1,8.73015,1997.33,0.0947473,0.1
3437,Baseline,7,Balanced,0,Medium,1,Medium,1,8.66161,1981.35,0.0945255,0.1
3438,Baseline,7,Balanced,0,Medium,1,Medium,1,8.62821,1971.74,0.0942245,0.1
3439,Baseline,7,Balanced,0,Medium,1,Medium,1,8.74624,2003.09,0.0946277,0.1
3440,Baseline,7,Balanced,0,Medium,1,Medium,1,8.71774,1996.56,0.0940046,0.1
3441,Baseline,7,Balanced,0,Medium,1,Medium,1,8.66889,1982.94,0.0937269,0.1
3442,Baseline,7,Balanced,0,Medium,1,Medium,1,8.65933,1981.52,0.0939275,0.1
3443,Baseline,7,Balanced,0,Medium,1,Medium,1,8.66594,1982.33,0.0940451,0.1
3444,Baseline,7,Balanced,0,Medium,1,Medium,1,8.72377,1995.38,0.0943711,0.1
3445,Baseline,7,Balanced,0,Medium,1,Medium,1,8.65674,1982.37,0.0935725,0.1
3446,Baseline,7,Balanced,0,Medium,1,Medium,1,8.68048,1984.01,0.0944714,0.1
3447,Baseline,7,Balanced,0,Medium,1,Medium,1,8.72066,1993.75,0.0946875,0.1
3448,Baseline,7,Balanced,0,Medium,1,Medium,1,8.68833,1986.45,0.0945737,0.1
3449,Baseline,7,Balanced,0,Medium,1,Medium,1,8.70699,1993.73,0.0938291,0.1
3450,Baseline,7,Balanced,0,Medium,1,Medium,1,8.73883,1999.84,0.0945544,0.1
3451,Baseline,7,Balanced,0,Medium,1,Medium,1,8.7689,2006.31,0.094539,0.1
3452,Baseline,7,Balanced,0,Medium,1,Medium,1,8.65567,1979.06,0.0938908,0.1
3453,Baseline,7,Balanced,0,Medium,1,Medium,1,8.76806,2005.06,0.095,0.1
3454,Baseline,7,Balanced,0,Medium,1,Medium,1,8.6493,1978.51,0.0939545,0.1
3455,Baseline,7,Balanced,0,Medium,1,Medium,1,8.78067,2009.43,0.0947377,0.1
3456,Baseline,7,Balanced,0,Medium,1,Medium,1,8.6023,1967.41,0.0935552,0.1
3457,Baseline,7,Balanced,0,Medium,1,Medium,1,8.75613,2002.88,0.0945409,0.1
3458,Baseline,7,Balanced,0,Medium,1,Medium,1,8.70877,1993.75,0.0944116,0.1
3459,Baseline,7,Balanced,0,Medium,1,Medium,1,8.80634,2015.7,0.0947029,0.1
3460,Baseline,7,Balanced,0,Medium,1,Medium,1,8.70544,1992.01,0.0942496,0.1
3461,Baseline,7,Balanced,0,Medium,1,Medium,1,8.7642,2005.6,0.0949498,0.1
3462,Baseline,7,Balanced,0,Medium,1,Medium,1,8.66122,1981.47,0.0940606,0.1
3463,Baseline,7,Balanced,0,Medium,1,Medium,1,8.6424,1976.96,0.0938445,0.1
3464,Baseline,7,Balanced,0,Medium,1,Medium,1,8.7073,1989.99,0.0946663,0.1
3465,Baseline,7,Balanced,0,Medium,1,Medium,1,8.66457,1982.9,0.0940027,0.1
3466,Baseline,7,Balanced,0,Medium,1,Medium,1,8.63151,1974.43,0.0943499,0.1
3467,Baseline,7,Balanced,0,Medium,1,Medium,1,8.65117,1977.1,0.0941454,0.1
3468,Baseline,7,Balanced,0,Medium,1,Medium,1,8.75239,2003.14,0.0942361,0.1
3469,Baseline,7,Balanced,0,Medium,1,Medium,1,8.66232,1984.22,0.0939159,0.1
3470,Baseline,7,Balanced,0,Medium,1,Medium,1,8.76325,2005.26,0.0942882,0.1
3471,Baseline,7,Balanced,0,Medium,1,Medium,1,8.72059,1992.62,0.0949711,0.1
3472,Baseline,7,Balanced,0,Medium,1,Medium,1,8.74905,2004.44,0.0937442,0.1
3473,Baseline,7,Balanced,0,Medium,1,Medium,1,8.68338,1986.87,0.0933275,0.1
3474,Baseline,7,Balanced,0,Medium,1,Medium,1,8.59908,1967.27,0.0939873,0.1
3475,Baseline,7,Balanced,0,Medium,1,Medium,1,8.77027,2008.69,0.0940297,0.1
3476,Baseline,7,Balanced,0,Medium,1,Medium,1,8.73063,1997.24,0.0946065,0.1
3477,Baseline,7,Balanced,0,Medium,1,Medium,1,8.84146,2022.75,0.0951408,0.1
3478,Baseline,7,Balanced,0,Medium,1,Medium,1,8.659,1982.21,0.0941589,0.1
3479,Baseline,7,Balanced,0,Medium,1,Medium,1,8.69672,1991.19,0.0937326,0.1
3480,Baseline,7,Balanced,0,Medium,1,Medium,1,8.78962,2012.61,0.0948785,0.1
3481,Baseline,7,Balanced,0,Medium,1,Medium,1,8.65639,1980.87,0.0938484,0.1
3482,Baseline,7,Balanced,0,Medium,1,Medium,1,8.71527,1995.27,0.0940046,0.1
3483,Baseline,7,Balanced,0,Medium,1,Medium,1,8.64241,1976.46,0.0941184,0.1
3484,Baseline,7,Balanced,0,Medium,1,Medium,1,8.74151,2000.57,0.093912,0.1
3485,Baseline,7,Balanced,0,Medium,1,Medium,1,8.69357,1990.23,0.0938966,0.1
3486,Baseline,7,Balanced,0,Medium,1,Medium,1,8.75901,2004.63,0.0946914,0.1
3487,Baseline,7,Balanced,0,Medium,1,Medium,1,8.60182,1967.48,0.0937442,0.1
3488,Baseline,7,Balanced,0,Medium,1,Medium,1,8.67054,1984.39,0.0936246,0.1
3489,Baseline,7,Balanced,0,Medium,1,Medium,1,8.66782,1980.58,0.0946026,0.1
3490,Baseline,7,Balanced,0,Medium,1,Medium,1,8.68029,1986.13,0.0943364,0.1
3491,Baseline,7,Balanced,0,Medium,1,Medium,1,8.7777,2010.89,0.0941686,0.1
3492,Baseline,7,Balanced,0,Medium,1,Medium,1,8.63412,1976.3,0.093887,0.1
3493,Baseline,7,Balanced,0,Medium,1,Medium,1,8.71038,1994.3,0.0939969,0.1
3494,Baseline,7,Balanced,0,Medium,1,Medium,1,8.6986,1989.89,0.094512,0.1
3495,Baseline,7,Balanced,0,Medium,1,Medium,1,8.65392,1977.14,0.094919,0.1
3496,Baseline,7,Balanced,0,Medium,1,Medium,1,8.65783,1981.33,0.0941107,0.1
3497,Baseline,7,Balanced,0,Medium,1,Medium,1,8.64793,1977.66,0.0943133,0.1
3498,Baseline,7,Balanced,0,Medium,1,Medium,1,8.67434,1983.58,0.0938812,0.1
3499,Baseline,7,Balanced,0,Medium,1,Medium,1,8.71576,1994,0.0945448,0.1
3500,Baseline,7,Balanced,0,Medium,1,Medium,1,8.70036,1990.74,0.0944811,0.1
3501,Baseline,7,Balanced,0,Medium,1,Medium,1,8.64441,1976.71,0.0945949,0.1
3502,Baseline,7,Balanced,0,Medium,1,Medium,1,8.65012,1978.08,0.0941242,0.1
3503,Baseline,7,Balanced,0,Medium,1,Medium,1,8.68163,1986.96,0.0937423,0.1
3504,Baseline,7,Balanced,0,Medium,1,Medium,1,8.68755,1986.5,0.0943769,0.1
3505,Baseline,7,Balanced,0,Medium,1,Medium,1,8.77084,2007.57,0.0944367,0.1
3506,Baseline,7,Balanced,0,Medium,1,Medium,1,8.69108,1986.01,0.0946354,0.1
3507,Baseline,7,Balanced,0,Medium,1,Medium,1,8.69473,1989.69,0.0941821,0.1
3508,Baseline,7,Balanced,0,Medium,1,Medium,1,8.61374,1972.32,0.0936034,0.1
3509,Baseline,7,Balanced,0,Medium,1,Medium,1,8.65561,1981.45,0.0941146,0.1
3510,Baseline,7,Balanced,0,Medium,1,Medium,1,8.75916,2004.9,0.09451,0.1
3511,Baseline,7,Balanced,0,Medium,1,Medium,1,8.7478,2002.17,0.0943171,0.1
3512,Baseline,7,Balanced,0,Medium,1,Medium,1,8.69541,1989.58,0.0939506,0.1
3513,Baseline,7,Balanced,0,Medium,1,Medium,1,8.56669,1958.35,0.0940606,0.1
3514,Baseline,7,Balanced,0,Medium,1,Medium,1,8.65573,1978.22,0.0942265,0.1
3515,Baseline,7,Balanced,0,Medium,1,Medium,1,8.70712,1992.75,0.093777,0.1
3516,Baseline,7,Balanced,0,Medium,1,Medium,1,8.67533,1983.76,0.094294,0.1
3517,Baseline,7,Balanced,0,Medium,1,Medium,1,8.61933,1969.21,0.094838,0.1
3518,Baseline,7,Balanced,0,Medium,1,Medium,1,8.72205,1996.23,0.0942149,0.1
3519,Baseline,7,Balanced,0,Medium,1,Medium,1,8.70584,1991.95,0.0938561,0.1
3520,Baseline,7,Balanced,0,Medium,1,Medium,1,8.68117,1985.23,0.0940972,0.1
3521,Baseline,7,Balanced,0,Medium,1,Medium,1,8.71386,1994.6,0.0942689,0.1
3522,Baseline,7,Balanced,0,Medium,1,Medium,1,8.67856,1985.41,0.0941454,0.1
3523,Baseline,7,Balanced,0,Medium,1,Medium,1,8.56604,1959.08,0.093588,0.1
3524,Baseline,7,Balanced,0,Medium,1,Medium,1,8.68159,1988.18,0.0937384,0.1
3525,Baseline,7,Balanced,0,Medium,1,Medium,1,8.71777,1994.52,0.0951061,0.1
3526,Baseline,7,Balanced,0,Medium,1,Medium,1,8.70486,1990.14,0.0946971,0.1
3527,Baseline,7,Balanced,0,Medium,1,Medium,1,8.61073,1968.83,0.0940625,0.1
3528,Baseline,7,Balanced,0,Medium,1,Medium,1,8.68454,1985.23,0.0938252,0.1
3529,Baseline,7,Balanced,0,Medium,1,Medium,1,8.66069,1982.25,0.0942978,0.1
3530,Baseline,7,Balanced,0,Medium,1,Medium,1,8.76239,2003.83,0.0949383,0.1
3531,Baseline,7,Balanced,0,Medium,1,Medium,1,8.71097,1993.43,0.0944946,0.1
3532,Baseline,7,Balanced,0,Medium,1,Medium,1,8.61182,1970.83,0.0938715,0.1
3533,Baseline,7,Balanced,0,Medium,1,Medium,1,8.69556,1988.94,0.0941956,0.1
3534,Baseline,7,Balanced,0,Medium,1,Medium,1,8.61173,1969.92,0.0939969,0.1
3535,Baseline,7,Balanced,0,Medium,1,Medium,1,8.6387,1976.8,0.0942458,0.1
3536,Baseline,7,Balanced,0,Medium,1,Medium,1,8.69399,1990.05,0.0941127,0.1
3537,Baseline,7,Balanced,0,Medium,1,Medium,1,8.63315,1974.51,0.094321,0.1
3538,Baseline,7,Balanced,0,Medium,1,Medium,1,8.70083,1989.68,0.0944599,0.1
3539,Baseline,7,Balanced,0,Medium,1,Medium,1,8.67059,1983.23,0.0943827,0.1
3540,Baseline,7,Balanced,0,Medium,1,Medium,1,8.72022,1996.86,0.0943229,0.1
3541,Baseline,7,Balanced,0,Medium,1,Medium,1,8.71164,1991.42,0.0946046,0.1
3542,Baseline,7,Balanced,0,Medium,1,Medium,1,8.64754,1977.29,0.0945274,0.1
3543,Baseline,7,Balanced,0,Medium,1,Medium,1,8.74832,2001.79,0.0941917,0.1
3544,Baseline,7,Balanced,0,Medium,1,Medium,1,8.78016,2008.74,0.0946952,0.1
3545,Baseline,7,Balanced,0,Medium,1,Medium,1,8.76625,2005.89,0.0945235,0.1
3546,Baseline,7,Balanced,0,Medium,1,Medium,1,8.74325,2000.11,0.0947685,0.1
3547,Baseline,7,Balanced,0,Medium,1,Medium,1,8.62747,1972.3,0.0941744,0.1
3548,Baseline,7,Balanced,0,Medium,1,Medium,1,8.66874,1984.04,0.0937442,0.1
3549,Baseline,7,Balanced,0,Medium,1,Medium,1,8.74884,2001.68,0.0946489,0.1
3550,Baseline,7,Balanced,0,Medium,1,Medium,1,8.67398,1983.41,0.0947203,0.1
3551,Baseline,7,Balanced,0,Medium,1,Medium,1,8.75119,2001.15,0.0946836,0.1
3552,Baseline,7,Balanced,0,Medium,1,Medium,1,8.68302,1986.36,0.0941474,0.1
3553,Baseline,7,Balanced,0,Medium,1,Medium,1,8.59226,1966.78,0.0935494,0.1
3554,Baseline,7,Balanced,0,Medium,1,Medium,1,8.6813,1986.47,0.0940625,0.1
3555,Baseline,7,Balanced,0,Medium,1,Medium,1,8.6239,1970.15,0.0945872,0.1
3556,Baseline,7,Balanced,0,Medium,1,Medium,1,8.7111,1992.62,0.0950444,0.1
3557,Baseline,7,Balanced,0,Medium,1,Medium,1,8.69086,1988.91,0.0944753,0.1
3558,Baseline,7,Balanced,0,Medium,1,Medium,1,8.60829,1968.99,0.0939024,0.1
3559,Baseline,7,Balanced,0,Medium,1,Medium,1,8.63519,1974.94,0.0944252,0.1
3560,Baseline,7,Balanced,0,Medium,1,Medium,1,8.70191,1992.32,0.0943152,0.1
3561,Baseline,7,Balanced,0,Medium,1,Medium,1,8.69006,1988.93,0.0941551,0.1
3562,Baseline,7,Balanced,0,Medium,1,Medium,1,8.73831,1998.29,0.0943808,0.1
3563,Baseline,7,Balanced,0,Medium,1,Medium,1,8.71159,1994.46,0.0945081,0.1
3564,Baseline,7,Balanced,0,Medium,1,Medium,1,8.58477,1963.49,0.0937905,0.1
3565,Baseline,7,Balanced,0,Medium,1,Medium,1,8.58296,1961.6,0.093939,0.1
3566,Baseline,7,Balanced,0,Medium,1,Medium,1,8.68715,1987.9,0.0942612,0.1
3567,Baseline,7,Balanced,0,Medium,1,Medium,1,8.66678,1982.65,0.0941454,0.1
3568,Baseline,7,Balanced,0,Medium,1,Medium,1,8.67826,1986.39,0.0942708,0.1
3569,Baseline,7,Balanced,0,Medium,1,Medium,1,8.73584,1997.06,0.0947396,0.1
3570,Baseline,7,Balanced,0,Medium,1,Medium,1,8.74195,1999.28,0.094892,0.1
3571,Baseline,7,Balanced,0,Medium,1,Medium,1,8.73065,1996.62,0.0947299,0.1
3572,Baseline,7,Balanced,0,Medium,1,Medium,1,8.74487,2002.74,0.0940509,0.1
3573,Baseline,7,Balanced,0,Medium,1,Medium,1,8.69378,1988.1,0.0941937,0.1
3574,Baseline,7,Balanced,0,Medium,1,Medium,1,8.74435,2000.57,0.0943152,0.1
3575,Baseline,7,Balanced,0,Medium,1,Medium,1,8.62605,1971.65,0.0940548,0.1
3576,Baseline,7,Balanced,0,Medium,1,Medium,1,8.61099,1969.93,0.0936979,0.1
3577,Baseline,7,Balanced,0,Medium,1,Medium,1,8.65385,1977.5,0.0943673,0.1
3578,Baseline,7,Balanced,0,Medium,1,Medium,1,8.65875,1981.59,0.0939911,0.1
3579,Baseline,7,Balanced,0,Medium,1,Medium,1,8.69108,1988.5,0.0939738,0.1
3580,Baseline,7,Balanced,0,Medium,1,Medium,1,8.66962,1983.32,0.0940818,0.1
3581,Baseline,7,Balanced,0,Medium,1,Medium,1,8.71822,1994.38,0.0941088,0.1
3582,Baseline,7,Balanced,0,Medium,1,Medium,1,8.70674,1991.64,0.0946759,0.1
3583,Baseline,7,Balanced,0,Medium,1,Medium,1,8.71809,1994.03,0.0944329,0.1
3584,Baseline,7,Balanced,0,Medium,1,Medium,1,8.78325,2010.25,0.0946624,0.1
3585,Baseline,7,Balanced,0,Medium,1,Medium,1,8.74541,2000.76,0.0947473,0.1
3586,Baseline,7,Balanced,0,Medium,1,Medium,1,8.62744,1971.08,0.0944522,0.1
3587,Baseline,7,Balanced,0,Medium,1,Medium,1,8.6683,1982.22,0.0946489,0.1
3588,Baseline,7,Balanced,0,Medium,1,Medium,1,8.74146,1998.63,0.0947531,0.1
3589,Baseline,7,Balanced,0,Medium,1,Medium,1,8.73175,1998.09,0.0945448,0.1
3590,Baseline,7,Balanced,0,Medium,1,Medium,1,8.70532,1993.05,0.0940181,0.1
3591,Baseline,7,Balanced,0,Medium,1,Medium,1,8.6749,1984.55,0.093968,0.1
3592,Baseline,7,Balanced,0,Medium,1,Medium,1,8.75558,2002.71,0.0946971,0.1
3593,Baseline,7,Balanced,0,Medium,1,Medium,1,8.73778,1997.98,0.0949595,0.1
3594,Baseline,7,Balanced,0,Medium,1,Medium,1,8.76184,2004.62,0.0947569,0.1
3595,Baseline,7,Balanced,0,Medium,1,Medium,1,8.68187,1985.08,0.0945197,0.1
3596,Baseline,7,Balanced,0,Medium,1,Medium,1,8.64204,1975.41,0.0942438,0.1
3597,Baseline,7,Balanced,0,Medium,1,Medium,1,8.62267,1972.14,0.093914,0.1
3598,Baseline,7,Balanced,0,Medium,1,Medium,1,8.69853,1989.02,0.0945853,0.1
3599,Baseline,7,Balanced,0,Medium,1,Medium,1,8.6465,1978.57,0.0939005,0.1
3600,Baseline,7,Balanced,0,Medium,1,Medium,1,8.75903,2005.11,0.0944811,0.1
3601,Baseline,7,Balanced,0,Medium,1,Medium,1,8.67285,1984.98,0.0938117,0.1
3602,Baseline,7,Balanced,0,Medium,1,Medium,1,8.65339,1977.91,0.0943075,0.1
3603,Baseline,7,Balanced,0,Medium,1,Medium,1,8.65872,1981.27,0.0940239,0.1
3604,Baseline,7,Balanced,0,Medium,1,Medium,1,8.72754,1994.57,0.0950772,0.1
3605,Baseline,7,Balanced,0,Medium,1,Medium,1,8.64304,1977.44,0.0937577,0.1
3606,Baseline,7,Balanced,0,Medium,1,Medium,1,8.68947,1988.21,0.0943036,0.1
3607,Baseline,7,Balanced,0,Medium,1,Medium,1,8.60293,1967.63,0.0938522,0.1
3608,Baseline,7,Balanced,0,Medium,1,Medium,1,8.69057,1989.18,0.0938445,0.1
3609,Baseline,7,Balanced,0,Medium,1,Medium,1,8.65184,1977.24,0.0945428,0.1
3610,Baseline,7,Balanced,0,Medium,1,Medium,1,8.68299,1985.26,0.0944213,0.1
3611,Baseline,7,Balanced,0,Medium,1,Medium,1,8.70904,1992.68,0.0942689,0.1
3612,Baseline,7,Balanced,0,Medium,1,Medium,1,8.70391,1992.95,0.0935976,0.1
3613,Baseline,7,Balanced,0,Medium,1,Medium,1,8.76292,2005.42,0.0945621,0.1
3614,Baseline,7,Balanced,0,Medium,1,Medium,1,8.6591,1981.98,0.09375,0.1
3615,Baseline,7,Balanced,0,Medium,1,Medium,1,8.68563,1984.38,0.0950231,0.1
3616,Baseline,7,Balanced,0,Medium,1,Medium,1,8.72023,1993.97,0.094483,0.1
3617,Baseline,7,Balanced,0,Medium,1,Medium,1,8.75575,2004.83,0.0941763,0.1
3618,Baseline,7,Balanced,0,Medium,1,Medium,1,8.68474,1986.95,0.094348,0.1
3619,Baseline,7,Balanced,0,Medium,1,Medium,1,8.66598,1982.56,0.0941551,0.1
3620,Baseline,7,Balanced,0,Medium,1,Medium,1,8.73239,1999.68,0.0941725,0.1
3621,Baseline,7,Balanced,0,Medium,1,Medium,1,8.69211,1987.13,0.0944946,0.1
3622,Baseline,7,Balanced,0,Medium,1,Medium,1,8.70099,1989.2,0.0946759,0.1
3623,Baseline,7,Balanced,0,Medium,1,Medium,1,8.64885,1976.1,0.0946258,0.1
3624,Baseline,7,Balanced,0,Medium,1,Medium,1,8.69109,1988.89,0.0938619,0.1
3625,Baseline,7,Balanced,0,Medium,1,Medium,1,8.69126,1987.76,0.0942728,0.1
3626,Baseline,7,Balanced,0,Medium,1,Medium,1,8.74401,1999.57,0.0946238,0.1
3627,Baseline,7,Balanced,0,Medium,1,Medium,1,8.7251,1995.26,0.0944657,0.1
3628,Baseline,7,Balanced,0,Medium,1,Medium,1,8.76314,2004.57,0.0952662,0.1
3629,Baseline,7,Balanced,0,Medium,1,Medium,1,8.66036,1979.8,0.094375,0.1
3630,Baseline,7,Balanced,0,Medium,1,Medium,1,8.69363,1989.71,0.093669,0.1
3631,Baseline,7,Balanced,0,Medium,1,Medium,1,8.64063,1976.8,0.0939545,0.1
3632,Baseline,7,Balanced,0,Medium,1,Medium,1,8.71,1991.97,0.0946335,0.1
3633,Baseline,7,Balanced,0,Medium,1,Medium,1,8.64464,1978.11,0.0940162,0.1
3634,Baseline,7,Balanced,0,Medium,1,Medium,1,8.66535,1981.62,0.0942091,0.1
3635,Baseline,7,Balanced,0,Medium,1,Medium,1,8.71181,1993.06,0.0940702,0.1
3636,Baseline,7,Balanced,0,Medium,1,Medium,1,8.66568,1981.29,0.0944618,0.1
3637,Baseline,7,Balanced,0,Medium,1,Medium,1,8.64384,1977.13,0.0938715,0.1
3638,Baseline,7,Balanced,0,Medium,1,Medium,1,8.72616,1998.03,0.0943769,0.1
3639,Baseline,7,Balanced,0,Medium,1,Medium,1,8.68373,1988.67,0.0940181,0.1
3640,Baseline,7,Balanced,0,Medium,1,Medium,1,8.67805,1986.12,0.0937866,0.1
3641,Baseline,7,Balanced,0,Medium,1,Medium,1,8.5987,1965.63,0.0944174,0.1
3642,Baseline,7,Balanced,0,Medium,1,Medium,1,8.54899,1955.24,0.093588,0.1
3643,Baseline,7,Balanced,0,Medium,1,Medium,1,8.70944,1991.71,0.0945872,0.1
3644,Baseline,7,Balanced,0,Medium,1,Medium,1,8.80232,2014.62,0.0947241,0.1
3645,Baseline,7,Balanced,0,Medium,1,Medium,1,8.65187,1979.46,0.0938349,0.1
3646,Baseline,7,Balanced,0,Medium,1,Medium,1,8.75718,2004.47,0.0944888,0.1
3647,Baseline,7,Balanced,0,Medium,1,Medium,1,8.68073,1988.2,0.0941725,0.1
3648,Baseline,7,Balanced,0,Medium,1,Medium,1,8.6642,1982.11,0.0942303,0.1
3649,Baseline,7,Balanced,0,Medium,1,Medium,1,8.68291,1986.6,0.0942554,0.1
3650,Baseline,7,Balanced,0,Medium,1,Medium,1,8.69233,1988.29,0.0942168,0.1
3651,Baseline,7,Balanced,0,Medium,1,Medium,1,8.65861,1983.18,0.0938947,0.1
3652,Baseline,7,Balanced,0,Medium,1,Medium,1,8.73211,1997.52,0.0943924,0.1
3653,Baseline,7,Balanced,0,Medium,1,Medium,1,8.68306,1984.2,0.0944271,0.1
3654,Baseline,7,Balanced,0,Medium,1,Medium,1,8.6518,1976.34,0.0948881,0.1
3655,Baseline,7,Balanced,0,Medium,1,Medium,1,8.68736,1987.2,0.0943769,0.1
3656,Baseline,7,Balanced,0,Medium,1,Medium,1,8.69964,1992.37,0.0937326,0.1
3657,Baseline,7,Balanced,0,Medium,1,Medium,1,8.76158,2004.01,0.095081,0.1
3658,Baseline,7,Balanced,0,Medium,1,Medium,1,8.69896,1989.86,0.0945949,0.1
3659,Baseline,7,Balanced,0,Medium,1,Medium,1,8.80442,2013.92,0.094836,0.1
3660,Baseline,7,Balanced,0,Medium,1,Medium,1,8.69299,1989.04,0.0940008,0.1
3661,Baseline,7,Balanced,0,Medium,1,Medium,1,8.65189,1978.4,0.0941011,0.1
3662,Baseline,7,Balanced,0,Medium,1,Medium,1,8.71751,1995.14,0.0945023,0.1
3663,Baseline,7,Balanced,0,Medium,1,Medium,1,8.64613,1977.46,0.0944444,0.1
3664,Baseline,7,Balanced,0,Medium,1,Medium,1,8.62948,1974.55,0.0944772,0.1
3665,Baseline,7,Balanced,0,Medium,1,Medium,1,8.67401,1986.36,0.0941493,0.1
3666,Baseline,7,Balanced,0,Medium,1,Medium,1,8.66291,1981.63,0.093941,0.1
3667,Baseline,7,Balanced,0,Medium,1,Medium,1,8.60331,1966.93,0.0947377,0.1
3668,Baseline,7,Balanced,0,Medium,1,Medium,1,8.67868,1986.35,0.0941358,0.1
3669,Baseline,7,Balanced,0,Medium,1,Medium,1,8.75099,2002.36,0.0942766,0.1
3670,Baseline,7,Balanced,0,Medium,1,Medium,1,8.65801,1979.91,0.0945602,0.1
3671,Baseline,7,Balanced,0,Medium,1,Medium,1,8.65821,1981.24,0.0940162,0.1
3672,Baseline,7,Balanced,0,Medium,1,Medium,1,8.7636,2005.9,0.0948573,0.1
3673,Baseline,7,Balanced,0,Medium,1,Medium,1,8.64457,1979.18,0.0939063,0.1
3674,Baseline,7,Balanced,0,Medium,1,Medium,1,8.68285,1985.84,0.0942342,0.1
3675,Baseline,7,Balanced,0,Medium,1,Medium,1,8.71883,1995.07,0.0946046,0.1
3676,Baseline,7,Balanced,0,Medium,1,Medium,1,8.78539,2009.38,0.0945968,0.1
3677,Baseline,7,Balanced,0,Medium,1,Medium,1,8.68384,1986.35,0.0939564,0.1
3678,Baseline,7,Balanced,0,Medium,1,Medium,1,8.70905,1993.82,0.0940085,0.1
3679,Baseline,7,Balanced,0,Medium,1,Medium,1,8.67543,1986.62,0.0939333,0.1
3680,Baseline,7,Balanced,0,Medium,1,Medium,1,8.63392,1973.21,0.0944676,0.1
3681,Baseline,7,Balanced,0,Medium,1,Medium,1,8.73421,1996.84,0.0947743,0.1
3682,Baseline,7,Balanced,0,Medium,1,Medium,1,8.62611,1971.73,0.0946836,0.1
3683,Baseline,7,Balanced,0,Medium,1,Medium,1,8.70102,1990.42,0.0945621,0.1
3684,Baseline,7,Balanced,0,Medium,1,Medium,1,8.72554,1996.59,0.0941165,0.1
3685,Baseline,7,Balanced,0,Medium,1,Medium,1,8.66885,1982.31,0.0943248,0.1
3686,Baseline,7,Balanced,0,Medium,1,Medium,1,8.69409,1989.77,0.0940374,0.1
3687,Baseline,7,Balanced,0,Medium,1,Medium,1,8.74528,1999.79,0.094946,0.1
3688,Baseline,7,Balanced,0,Medium,1,Medium,1,8.69756,1988,0.0947145,0.1
3689,Baseline,7,Balanced,0,Medium,1,Medium,1,8.74016,2000.05,0.0943634,0.1
3690,Baseline,7,Balanced,0,Medium,1,Medium,1,8.72333,1995.45,0.0943056,0.1
3691,Baseline,7,Balanced,0,Medium,1,Medium,1,8.64495,1975.57,0.0944059,0.1
3692,Baseline,7,Balanced,0,Medium,1,Medium,1,8.60144,1967.01,0.0940143,0.1
3693,Baseline,7,Balanced,0,Medium,1,Medium,1,8.71686,1993.32,0.0945042,0.1
3694,Baseline,7,Balanced,0,Medium,1,Medium,1,8.60085,1968.22,0.0941011,0.1
3695,Baseline,7,Balanced,0,Medium,1,Medium,1,8.63652,1977.45,0.0933121,0.1
3696,Baseline,7,Balanced,0,Medium,1,Medium,1,8.56954,1958.13,0.0939468,0.1
3697,Baseline,7,Balanced,0,Medium,1,Medium,1,8.68144,1987.1,0.0936323,0.1
3698,Baseline,7,Balanced,0,Medium,1,Medium,1,8.73084,1993.92,0.0947415,0.1
3699,Baseline,7,Balanced,0,Medium,1,Medium,1,8.61917,1973.51,0.0935417,0.1
3700,Baseline,7,Balanced,0,Medium,1,Medium,1,8.65784,1980.8,0.0939873,0.1
3701,Baseline,7,Balanced,0,Medium,1,Medium,1,8.6676,1983.63,0.0938387,0.1
3702,Baseline,7,Balanced,0,Medium,1,Medium,1,8.645,1975.82,0.0944406,0.1
3703,Baseline,7,Balanced,0,Medium,1,Medium,1,8.7206,1993.22,0.0949576,0.1
3704,Baseline,7,Balanced,0,Medium,1,Medium,1,8.62415,1974.39,0.0934356,0.1
3705,Baseline,7,Balanced,0,Medium,1,Medium,1,8.72493,1996.81,0.0948804,0.1
3706,Baseline,7,Balanced,0,Medium,1,Medium,1,8.64946,1978.34,0.0945197,0.1
3707,Baseline,7,Balanced,0,Medium,1,Medium,1,8.64679,1978.54,0.0937809,0.1
3708,Baseline,7,Balanced,0,Medium,1,Medium,1,8.66601,1981.75,0.0944329,0.1
3709,Baseline,7,Balanced,0,Medium,1,Medium,1,8.71644,1993.15,0.0947184,0.1
3710,Baseline,7,Balanced,0,Medium,1,Medium,1,8.71063,1992.46,0.0943866,0.1
3711,Baseline,7,Balanced,0,Medium,1,Medium,1,8.6352,1975.2,0.0937134,0.1
3712,Baseline,7,Balanced,0,Medium,1,Medium,1,8.62423,1973,0.0937828,0.1
3713,Baseline,7,Balanced,0,Medium,1,Medium,1,8.62884,1974.65,0.0938059,0.1
3714,Baseline,7,Balanced,0,Medium,1,Medium,1,8.66059,1980.93,0.0947049,0.1
3715,Baseline,7,Balanced,0,Medium,1,Medium,1,8.77909,2007.19,0.0948823,0.1
3716,Baseline,7,Balanced,0,Medium,1,Medium,1,8.68705,1987.55,0.0942284,0.1
3717,Baseline,7,Balanced,0,Medium,1,Medium,1,8.66338,1981.92,0.0941069,0.1
3718,Baseline,7,Balanced,0,Medium,1,Medium,1,8.73236,1998.56,0.0941686,0.1
3719,Baseline,7,Balanced,0,Medium,1,Medium,1,8.75459,2003.63,0.0943692,0.1
3720,Baseline,7,Balanced,0,Medium,1,Medium,1,8.69494,1988.85,0.09413,0.1
3721,Baseline,7,Balanced,0,Medium,1,Medium,1,8.80043,2013.59,0.0947473,0.1
3722,Baseline,7,Balanced,0,Medium,1,Medium,1,8.64914,1978.14,0.0943519,0.1
3723,Baseline,7,Balanced,0,Medium,1,Medium,1,8.70773,1990.84,0.0944695,0.1
3724,Baseline,7,Balanced,0,Medium,1,Medium,1,8.64605,1977.88,0.0940721,0.1
3725,Baseline,7,Balanced,0,Medium,1,Medium,1,8.63198,1975.31,0.0937076,0.1
3726,Baseline,7,Balanced,0,Medium,1,Medium,1,8.67623,1982.01,0.0947261,0.1
3727,Baseline,7,Balanced,0,Medium,1,Medium,1,8.68393,1987.18,0.0940972,0.1
3728,Baseline,7,Balanced,0,Medium,1,Medium,1,8.71507,1995.69,0.0940374,0.1
3729,Baseline,7,Balanced,0,Medium,1,Medium,1,8.71544,1995.08,0.0941782,0.1
3730,Baseline,7,Balanced,0,Medium,1,Medium,1,8.67287,1983.96,0.0946373,0.1
3731,Baseline,7,Balanced,0,Medium,1,Medium,1,8.70244,1990.43,0.0945486,0.1
3732,Baseline,7,Balanced,0,Medium,1,Medium,1,8.72496,1998.27,0.0942728,0.1
3733,Baseline,7,Balanced,0,Medium,1,Medium,1,8.69302,1988.53,0.0942245,0.1
3734,Baseline,7,Balanced,0,Medium,1,Medium,1,8.72384,1997.29,0.0941589,0.1
3735,Baseline,7,Balanced,0,Medium,1,Medium,1,8.72922,1996.55,0.094485,0.1
3736,Baseline,7,Balanced,0,Medium,1,Medium,1,8.6399,1976.9,0.0938349,0.1
3737,Baseline,7,Balanced,0,Medium,1,Medium,1,8.61005,1969.88,0.0940259,0.1
3738,Baseline,7,Balanced,0,Medium,1,Medium,1,8.59224,1964.89,0.0938619,0.1
3739,Baseline,7,Balanced,0,Medium,1,Medium,1,8.68693,1987.1,0.0942245,0.1
3740,Baseline,7,Balanced,0,Medium,1,Medium,1,8.64793,1978.61,0.0947569,0.1
3741,Baseline,7,Balanced,0,Medium,1,Medium,1,8.64813,1979.52,0.093262,0.1
3742,Baseline,7,Balanced,0,Medium,1,Medium,1,8.64813,1975.8,0.0944792,0.1
3743,Baseline,7,Balanced,0,Medium,1,Medium,1,8.73106,1997.78,0.0945255,0.1
3744,Baseline,7,Balanced,0,Medium,1,Medium,1,8.67438,1985.51,0.0939853,0.1
3745,Baseline,7,Balanced,0,Medium,1,Medium,1,8.66403,1981.8,0.0943056,0.1
3746,Baseline,7,Balanced,0,Medium,1,Medium,1,8.77007,2005.17,0.0950829,0.1
3747,Baseline,7,Balanced,0,Medium,1,Medium,1,8.66444,1981.97,0.0942052,0.1
3748,Baseline,7,Balanced,0,Medium,1,Medium,1,8.67646,1985.22,0.0938445,0.1
3749,Baseline,7,Balanced,0,Medium,1,Medium,1,8.75937,2003.03,0.0948013,0.1
3750,Baseline,7,Balanced,0,Medium,1,Medium,1,8.70475,1990.69,0.0943094,0.1
3751,Baseline,7,Balanced,0,Medium,1,Medium,1,8.72163,1994.99,0.0948438,0.1
3752,Baseline,7,Balanced,0,Medium,1,Medium,1,8.70621,1991.25,0.0944194,0.1
3753,Baseline,7,Balanced,0,Medium,1,Medium,1,8.68459,1988.35,0.0940046,0.1
3754,Baseline,7,Balanced,0,Medium,1,Medium,1,8.65563,1980.72,0.0935204,0.1
3755,Baseline,7,Balanced,0,Medium,1,Medium,1,8.61494,1970.37,0.0940471,0.1
3756,Baseline,7,Balanced,0,Medium,1,Medium,1,8.78088,2011.22,0.0945505,0.1
3757,Baseline,7,Balanced,0,Medium,1,Medium,1,8.70794,1991.17,0.0944039,0.1
3758,Baseline,7,Balanced,0,Medium,1,Medium,1,8.63661,1974.36,0.0944213,0.1
3759,Baseline,7,Balanced,0,Medium,1,Medium,1,8.61651,1968.98,0.0943654,0.1
3760,Baseline,7,Balanced,0,Medium,1,Medium,1,8.72184,1996.22,0.0942284,0.1
3761,Baseline,7,Balanced,0,Medium,1,Medium,1,8.73818,1997.66,0.0948225,0.1
3762,Baseline,7,Balanced,0,Medium,1,Medium,1,8.79992,2014.28,0.0947666,0.1
3763,Baseline,7,Balanced,0,Medium,1,Medium,1,8.74121,2000.11,0.0943557,0.1
3764,Baseline,7,Balanced,0,Medium,1,Medium,1,8.67014,1982.41,0.0943557,0.1
3765,Baseline,7,Balanced,0,Medium,1,Medium,1,8.74677,2000.62,0.0947319,0.1
3766,Baseline,7,Balanced,0,Medium,1,Medium,1,8.61887,1971.97,0.0935976,0.1
3767,Baseline,7,Balanced,0,Medium,1,Medium,1,8.63376,1974.5,0.0947454,0.1
3768,Baseline,7,Balanced,0,Medium,1,Medium,1,8.64788,1978.9,0.0940355,0.1
3769,Baseline,7,Balanced,0,Medium,1,Medium,1,8.69812,1988.9,0.0947878,0.1
3770,Baseline,7,Balanced,0,Medium,1,Medium,1,8.77388,2007.53,0.0947647,0.1
3771,Baseline,7,Balanced,0,Medium,1,Medium,1,8.71147,1992.55,0.0946779,0.1
3772,Baseline,7,Balanced,0,Medium,1,Medium,1,8.61984,1973.45,0.0933623,0.1
3773,Baseline,7,Balanced,0,Medium,1,Medium,1,8.72573,1996.3,0.0940953,0.1
3774,Baseline,7,Balanced,0,Medium,1,Medium,1,8.69924,1990.45,0.094076,0.1
3775,Baseline,7,Balanced,0,Medium,1,Medium,1,8.68511,1987.52,0.0943673,0.1
3776,Baseline,7,Balanced,0,Medium,1,Medium,1,8.68481,1986.11,0.0945583,0.1
3777,Baseline,7,Balanced,0,Medium,1,Medium,1,8.76645,2006.17,0.0947357,0.1
3778,Baseline,7,Balanced,0,Medium,1,Medium,1,8.77014,2006.93,0.0946914,0.1
3779,Baseline,7,Balanced,0,Medium,1,Medium,1,8.67867,1983.62,0.0942496,0.1
3780,Baseline,7,Balanced,0,Medium,1,Medium,1,8.74583,2001.37,0.0945775,0.1
3781,Baseline,7,Balanced,0,Medium,1,Medium,1,8.60455,1968.48,0.0939333,0.1
3782,Baseline,7,Balanced,0,Medium,1,Medium,1,8.74472,2001.65,0.0941956,0.1
3783,Baseline,7,Balanced,0,Medium,1,Medium,1,8.62837,1972.1,0.0940471,0.1
3784,Baseline,7,Balanced,0,Medium,1,Medium,1,8.5973,1968.98,0.0930903,0.1
3785,Baseline,7,Balanced,0,Medium,1,Medium,1,8.69777,1990.42,0.0938484,0.1
3786,Baseline,7,Balanced,0,Medium,1,Medium,1,8.64826,1979.05,0.0938638,0.1
3787,Baseline,7,Balanced,0,Medium,1,Medium,1,8.69449,1988.1,0.0940239,0.1
3788,Baseline,7,Balanced,0,Medium,1,Medium,1,8.75365,2003.48,0.0948862,0.1
3789,Baseline,7,Balanced,0,Medium,1,Medium,1,8.72555,1996.29,0.0944753,0.1
3790,Baseline,7,Balanced,0,Medium,1,Medium,1,8.77495,2008,0.0947068,0.1
3791,Baseline,7,Balanced,0,Medium,1,Medium,1,8.70932,1991.79,0.0945448,0.1
3792,Baseline,7,Balanced,0,Medium,1,Medium,1,8.72005,1995.38,0.0942535,0.1
3793,Baseline,7,Balanced,0,Medium,1,Medium,1,8.7041,1991.36,0.0942978,0.1
3794,Baseline,7,Balanced,0,Medium,1,Medium,1,8.70495,1992.75,0.0947531,0.1
3795,Baseline,7,Balanced,0,Medium,1,Medium,1,8.76301,2005.6,0.0945525,0.1
3796,Baseline,7,Balanced,0,Medium,1,Medium,1,8.60657,1969.83,0.0938542,0.1
3797,Baseline,7,Balanced,0,Medium,1,Medium,1,8.76381,2005.96,0.0944599,0.1
3798,Baseline,7,Balanced,0,Medium,1,Medium,1,8.64609,1979.15,0.0931964,0.1
3799,Baseline,7,Balanced,0,Medium,1,Medium,1,8.67052,1985.95,0.0933372,0.1
3800,Baseline,7,Balanced,0,Medium,1,Medium,1,8.62203,1972.94,0.0941088,0.1
3801,Baseline,7,Balanced,0,Medium,1,Medium,1,8.67897,1985.12,0.0944136,0.1
3802,Baseline,7,Balanced,0,Medium,1,Medium,1,8.68999,1986.56,0.0948823,0.1
3803,Baseline,7,Balanced,0,Medium,1,Medium,1,8.67665,1983.86,0.0946721,0.1
3804,Baseline,7,Balanced,0,Medium,1,Medium,1,8.6871,1987.76,0.0946971,0.1
3805,Baseline,7,Balanced,0,Medium,1,Medium,1,8.7629,2006.29,0.09451,0.1
3806,Baseline,7,Balanced,0,Medium,1,Medium,1,8.65474,1980.22,0.0940181,0.1
3807,Baseline,7,Balanced,0,Medium,1,Medium,1,8.70495,1993.1,0.0941512,0.1
3808,Baseline,7,Balanced,0,Medium,1,Medium,1,8.68883,1985.69,0.0947415,0.1
3809,Baseline,7,Balanced,0,Medium,1,Medium,1,8.72847,1996.27,0.0943943,0.1
3810,Baseline,7,Balanced,0,Medium,1,Medium,1,8.7741,2007.32,0.0949865,0.1
3811,Baseline,7,Balanced,0,Medium,1,Medium,1,8.69013,1989.6,0.0940567,0.1
3812,Baseline,7,Balanced,0,Medium,1,Medium,1,8.65919,1981.44,0.0943962,0.1
3813,Baseline,7,Balanced,0,Medium,1,Medium,1,8.72232,1997.16,0.0945274,0.1
3814,Baseline,7,Balanced,0,Medium,1,Medium,1,8.6905,1988.04,0.0940644,0.1
3815,Baseline,7,Balanced,0,Medium,1,Medium,1,8.65218,1980.9,0.09375,0.1
3816,Baseline,7,Balanced,0,Medium,1,Medium,1,8.70746,1991.72,0.0949286,0.1
3817,Baseline,7,Balanced,0,Medium,1,Medium,1,8.72227,1993.98,0.0947184,0.1
3818,Baseline,7,Balanced,0,Medium,1,Medium,1,8.62705,1973.47,0.0939005,0.1
3819,Baseline,7,Balanced,0,Medium,1,Medium,1,8.74318,1999.11,0.0947647,0.1
3820,Baseline,7,Balanced,0,Medium,1,Medium,1,8.67383,1983.63,0.0943615,0.1
3821,Baseline,7,Balanced,0,Medium,1,Medium,1,8.6607,1981.08,0.0945525,0.1
3822,Baseline,7,Balanced,0,Medium,1,Medium,1,8.63292,1974.94,0.0935185,0.1
3823,Baseline,7,Balanced,0,Medium,1,Medium,1,8.67228,1980.69,0.094836,0.1
3824,Baseline,7,Balanced,0,Medium,1,Medium,1,8.5706,1959.83,0.0939718,0.1
3825,Baseline,7,Balanced,0,Medium,1,Medium,1,8.75908,2003.6,0.0946084,0.1
3826,Baseline,7,Balanced,0,Medium,1,Medium,1,8.72076,1996.33,0.0941589,0.1
3827,Baseline,7,Balanced,0,Medium,1,Medium,1,8.64757,1977.77,0.0938272,0.1
3828,Baseline,7,Balanced,0,Medium,1,Medium,1,8.60829,1969.32,0.0934587,0.1
3829,Baseline,7,Balanced,0,Medium,1,Medium,1,8.61375,1971.77,0.0940123,0.1
3830,Baseline,7,Balanced,0,Medium,1,Medium,1,8.73589,2000.11,0.0944907,0.1
3831,Baseline,7,Balanced,0,Medium,1,Medium,1,8.64893,1981.69,0.0934934,0.1
3832,Baseline,7,Balanced,0,Medium,1,Medium,1,8.78255,2010.9,0.0942361,0.1
3833,Baseline,7,Balanced,0,Medium,1,Medium,1,8.65916,1979.43,0.0943113,0.1
3834,Baseline,7,Balanced,0,Medium,1,Medium,1,8.74612,1998.63,0.095135,0.1
3835,Baseline,7,Balanced,0,Medium,1,Medium,1,8.73245,1997.12,0.0945486,0.1
3836,Baseline,7,Balanced,0,Medium,1,Medium,1,8.70055,1988.44,0.0951447,0.1
3837,Baseline,7,Balanced,0,Medium,1,Medium,1,8.7234,1994.23,0.0948785,0.1
3838,Baseline,7,Balanced,0,Medium,1,Medium,1,8.71713,1995.1,0.0944078,0.1
3839,Baseline,7,Balanced,0,Medium,1,Medium,1,8.66506,1982.01,0.0942226,0.1
3840,Baseline,7,Balanced,0,Medium,1,Medium,1,8.65618,1979.37,0.0941898,0.1
3841,Baseline,7,Balanced,0,Medium,1,Medium,1,8.66064,1981.31,0.0942689,0.1
3842,Baseline,7,Balanced,0,Medium,1,Medium,1,8.69019,1988.47,0.0941319,0.1
3843,Baseline,7,Balanced,0,Medium,1,Medium,1,8.72556,1997.49,0.0941609,0.1
3844,Baseline,7,Balanced,0,Medium,1,Medium,1,8.68161,1985.7,0.0946219,0.1
3845,Baseline,7,Balanced,0,Medium,1,Medium,1,8.70961,1991.73,0.0949595,0.1
3846,Baseline,7,Balanced,0,Medium,1,Medium,1,8.57051,1960.32,0.0938387,0.1
3847,Baseline,7,Balanced,0,Medium,1,Medium,1,8.73247,1997.82,0.0950039,0.1
3848,Baseline,7,Balanced,0,Medium,1,Medium,1,8.64659,1977.33,0.093885,0.1
3849,Baseline,7,Balanced,0,Medium,1,Medium,1,8.57926,1960.34,0.09424,0.1
3850,Baseline,7,Balanced,0,Medium,1,Medium,1,8.7433,2001.61,0.094375,0.1
3851,Baseline,7,Balanced,0,Medium,1,Medium,1,8.75914,2004.09,0.0946528,0.1
3852,Baseline,7,Balanced,0,Medium,1,Medium,1,8.65823,1980.27,0.0941589,0.1
3853,Baseline,7,Balanced,0,Medium,1,Medium,1,8.6729,1985.29,0.0936767,0.1
3854,Baseline,7,Balanced,0,Medium,1,Medium,1,8.69545,1988.51,0.0944194,0.1
3855,Baseline,7,Balanced,0,Medium,1,Medium,1,8.67332,1983.96,0.0942747,0.1
3856,Baseline,7,Balanced,0,Medium,1,Medium,1,8.69803,1989.13,0.0941763,0.1
3857,Baseline,7,Balanced,0,Medium,1,Medium,1,8.66433,1982.02,0.0942959,0.1
3858,Baseline,7,Balanced,0,Medium,1,Medium,1,8.81767,2019.24,0.0945833,0.1
3859,Baseline,7,Balanced,0,Medium,1,Medium,1,8.65733,1980.25,0.0941339,0.1
3860,Baseline,7,Balanced,0,Medium,1,Medium,1,8.61077,1968.04,0.0941686,0.1
3861,Baseline,7,Balanced,0,Medium,1,Medium,1,8.67254,1984.1,0.0940895,0.1
3862,Baseline,7,Balanced,0,Medium,1,Medium,1,8.63059,1972.73,0.0943846,0.1
3863,Baseline,7,Balanced,0,Medium,1,Medium,1,8.62092,1972.16,0.0942573,0.1
3864,Baseline,7,Balanced,0,Medium,1,Medium,1,8.67044,1984.49,0.0933584,0.1
3865,Baseline,7,Balanced,0,Medium,1,Medium,1,8.6576,1980.06,0.09424,0.1
3866,Baseline,7,Balanced,0,Medium,1,Medium,1,8.73955,1999.44,0.0944985,0.1
3867,Baseline,7,Balanced,0,Medium,1,Medium,1,8.72306,1996.37,0.0945004,0.1
3868,Baseline,7,Balanced,0,Medium,1,Medium,1,8.70294,1991.05,0.0944502,0.1
3869,Baseline,7,Balanced,0,Medium,1,Medium,1,8.68445,1986.16,0.0943191,0.1
3870,Baseline,7,Balanced,0,Medium,1,Medium,1,8.69244,1987.79,0.0941937,0.1
3871,Baseline,7,Balanced,0,Medium,1,Medium,1,8.71517,1994.11,0.0944309,0.1
3872,Baseline,7,Balanced,0,Medium,1,Medium,1,8.69362,1988.96,0.0942882,0.1
3873,Baseline,7,Balanced,0,Medium,1,Medium,1,8.65721,1982.09,0.0933584,0.1
3874,Baseline,7,Balanced,0,Medium,1,Medium,1,8.67758,1983.98,0.094429,0.1
3875,Baseline,7,Balanced,0,Medium,1,Medium,1,8.77507,2007.02,0.0950463,0.1
3876,Baseline,7,Balanced,0,Medium,1,Medium,1,8.67736,1985.83,0.0940721,0.1
3877,Baseline,7,Balanced,0,Medium,1,Medium,1,8.71174,1993.21,0.0945313,0.1
3878,Baseline,7,Balanced,0,Medium,1,Medium,1,8.67285,1983.45,0.0947145,0.1
3879,Baseline,7,Balanced,0,Medium,1,Medium,1,8.57888,1962.42,0.0938754,0.1
3880,Baseline,7,Balanced,0,Medium,1,Medium,1,8.5943,1965.28,0.0937847,0.1
3881,Baseline,7,Balanced,0,Medium,1,Medium,1,8.62631,1974.73,0.0936343,0.1
3882,Baseline,7,Balanced,0,Medium,1,Medium,1,8.69651,1990.73,0.0940837,0.1
3883,Baseline,7,Balanced,0,Medium,1,Medium,1,8.70512,1993.68,0.0937751,0.1
3884,Baseline,7,Balanced,0,Medium,1,Medium,1,8.65088,1979.53,0.0944888,0.1
3885,Baseline,7,Balanced,0,Medium,1,Medium,1,8.63346,1972.97,0.094539,0.1
3886,Baseline,7,Balanced,0,Medium,1,Medium,1,8.76573,2006.05,0.0946856,0.1
3887,Baseline,7,Balanced,0,Medium,1,Medium,1,8.65475,1981.53,0.0936921,0.1
3888,Baseline,7,Balanced,0,Medium,1,Medium,1,8.65286,1979.59,0.0943866,0.1
3889,Baseline,7,Balanced,0,Medium,1,Medium,1,8.72388,1998.38,0.0938426,0.1
3890,Baseline,7,Balanced,0,Medium,1,Medium,1,8.6971,1990.21,0.0941049,0.1
3891,Baseline,7,Balanced,0,Medium,1,Medium,1,8.5845,1963.46,0.0934336,0.1
3892,Baseline,7,Balanced,0,Medium,1,Medium,1,8.72287,1994.67,0.0944657,0.1
3893,Baseline,7,Balanced,0,Medium,1,Medium,1,8.69951,1989.65,0.0940239,0.1
3894,Baseline,7,Balanced,0,Medium,1,Medium,1,8.64365,1978.25,0.0938194,0.1
3895,Baseline,7,Balanced,0,Medium,1,Medium,1,8.74907,2001.7,0.0948322,0.1
3896,Baseline,7,Balanced,0,Medium,1,Medium,1,8.7035,1993.49,0.0936806,0.1
3897,Baseline,7,Balanced,0,Medium,1,Medium,1,8.7182,1993.47,0.0949981,0.1
3898,Baseline,7,Balanced,0,Medium,1,Medium,1,8.69256,1989.26,0.0943866,0.1
3899,Baseline,7,Balanced,0,Medium,1,Medium,1,8.74939,2002.61,0.0943499,0.1
3900,Baseline,7,Balanced,0,Medium,1,Medium,1,8.74425,2000.81,0.0948573,0.1
3901,Baseline,7,Balanced,0,Medium,1,Medium,1,8.79135,2010.19,0.0950617,0.1
3902,Baseline,7,Balanced,0,Medium,1,Medium,1,8.73503,1998.4,0.0942535,0.1
3903,Baseline,7,Balanced,0,Medium,1,Medium,1,8.71359,1991.6,0.0950289,0.1
3904,Baseline,7,Balanced,0,Medium,1,Medium,1,8.71956,1993.78,0.0940432,0.1
3905,Baseline,7,Balanced,0,Medium,1,Medium,1,8.7298,2000.04,0.0938831,0.1
3906,Baseline,7,Balanced,0,Medium,1,Medium,1,8.66263,1981.73,0.0942554,0.1
3907,Baseline,7,Balanced,0,Medium,1,Medium,1,8.72154,1994.34,0.0941898,0.1
3908,Baseline,7,Balanced,0,Medium,1,Medium,1,8.5652,1959.51,0.0929437,0.1
3909,Baseline,7,Balanced,0,Medium,1,Medium,1,8.63938,1976.97,0.0939448,0.1
3910,Baseline,7,Balanced,0,Medium,1,Medium,1,8.74486,2001.19,0.0937558,0.1
3911,Baseline,7,Balanced,0,Medium,1,Medium,1,8.60089,1969.21,0.0931019,0.1
3912,Baseline,7,Balanced,0,Medium,1,Medium,1,8.71995,1995.56,0.0940818,0.1
3913,Baseline,7,Balanced,0,Medium,1,Medium,1,8.67028,1984.5,0.0940509,0.1
3914,Baseline,7,Balanced,0,Medium,1,Medium,1,8.76571,2005.18,0.0947454,0.1
3915,Baseline,7,Balanced,0,Medium,1,Medium,1,8.61223,1969.72,0.0939294,0.1
3916,Baseline,7,Balanced,0,Medium,1,Medium,1,8.67839,1986.13,0.0939198,0.1
3917,Baseline,7,Balanced,0,Medium,1,Medium,1,8.70603,1992.43,0.0943692,0.1
3918,Baseline,7,Balanced,0,Medium,1,Medium,1,8.62883,1972.1,0.094184,0.1
3919,Baseline,7,Balanced,0,Medium,1,Medium,1,8.72584,1995.46,0.0945583,0.1
3920,Baseline,7,Balanced,0,Medium,1,Medium,1,8.70742,1993.77,0.0939236,0.1
3921,Baseline,7,Balanced,0,Medium,1,Medium,1,8.6434,1976.6,0.0941069,0.1
3922,Baseline,7,Balanced,0,Medium,1,Medium,1,8.59481,1965.86,0.0939024,0.1
3923,Baseline,7,Balanced,0,Medium,1,Medium,1,8.65285,1979.5,0.0939583,0.1
3924,Baseline,7,Balanced,0,Medium,1,Medium,1,8.74752,2000.67,0.0943383,0.1
3925,Baseline,7,Balanced,0,Medium,1,Medium,1,8.66611,1983.9,0.0936748,0.1
3926,Baseline,7,Balanced,0,Medium,1,Medium,1,8.72191,1994.94,0.0947184,0.1
3927,Baseline,7,Balanced,0,Medium,1,Medium,1,8.6922,1988.58,0.0939178,0.1
3928,Baseline,7,Balanced,0,Medium,1,Medium,1,8.74668,2002.12,0.094512,0.1
3929,Baseline,7,Balanced,0,Medium,1,Medium,1,8.70226,1988.96,0.0948225,0.1
3930,Baseline,7,Balanced,0,Medium,1,Medium,1,8.76194,2005.76,0.0944907,0.1
3931,Baseline,7,Balanced,0,Medium,1,Medium,1,8.68328,1987.83,0.0941262,0.1
3932,Baseline,7,Balanced,0,Medium,1,Medium,1,8.68028,1986.23,0.0937442,0.1
3933,Baseline,7,Balanced,0,Medium,1,Medium,1,8.70931,1990.73,0.0950791,0.1
3934,Baseline,7,Balanced,0,Medium,1,Medium,1,8.63415,1974.88,0.094049,0.1
3935,Baseline,7,Balanced,0,Medium,1,Medium,1,8.62225,1973.59,0.0937346,0.1
3936,Baseline,7,Balanced,0,Medium,1,Medium,1,8.66489,1982.94,0.094157,0.1
3937,Baseline,7,Balanced,0,Medium,1,Medium,1,8.63951,1976.68,0.0937114,0.1
3938,Baseline,7,Balanced,0,Medium,1,Medium,1,8.69728,1989.51,0.0940972,0.1
3939,Baseline,7,Balanced,0,Medium,1,Medium,1,8.65956,1979.39,0.0947415,0.1
3940,Baseline,7,Balanced,0,Medium,1,Medium,1,8.7124,1993.04,0.0945872,0.1
3941,Baseline,7,Balanced,0,Medium,1,Medium,1,8.69557,1989.84,0.0944367,0.1
3942,Baseline,7,Balanced,0,Medium,1,Medium,1,8.67906,1984.83,0.0946971,0.1
3943,Baseline,7,Balanced,0,Medium,1,Medium,1,8.68171,1985.64,0.0947396,0.1
3944,Baseline,7,Balanced,0,Medium,1,Medium,1,8.67345,1983.73,0.0943133,0.1
3945,Baseline,7,Balanced,0,Medium,1,Medium,1,8.66648,1983.46,0.0939757,0.1
3946,Baseline,7,Balanced,0,Medium,1,Medium,1,8.71463,1994.09,0.0947338,0.1
3947,Baseline,7,Balanced,0,Medium,1,Medium,1,8.74779,2002.28,0.094784,0.1
3948,Baseline,7,Balanced,0,Medium,1,Medium,1,8.6943,1990.55,0.0937596,0.1
3949,Baseline,7,Balanced,0,Medium,1,Medium,1,8.68765,1985.44,0.094539,0.1
3950,Baseline,7,Balanced,0,Medium,1,Medium,1,8.58365,1962.78,0.0932967,0.1
3951,Baseline,7,Balanced,0,Medium,1,Medium,1,8.69673,1990.2,0.0943827,0.1
3952,Baseline,7,Balanced,0,Medium,1,Medium,1,8.71376,1994.4,0.0944483,0.1
3953,Baseline,7,Balanced,0,Medium,1,Medium,1,8.73837,1999.85,0.0941956,0.1
3954,Baseline,7,Balanced,0,Medium,1,Medium,1,8.64931,1978.88,0.0939583,0.1
3955,Baseline,7,Balanced,0,Medium,1,Medium,1,8.75754,2002.91,0.0952296,0.1
3956,Baseline,7,Balanced,0,Medium,1,Medium,1,8.68265,1986.93,0.0944348,0.1
3957,Baseline,7,Balanced,0,Medium,1,Medium,1,8.74706,2001.27,0.0946875,0.1
3958,Baseline,7,Balanced,0,Medium,1,Medium,1,8.64086,1977.68,0.0938927,0.1
3959,Baseline,7,Balanced,0,Medium,1,Medium,1,8.64504,1978.56,0.0939236,0.1
3960,Baseline,7,Balanced,0,Medium,1,Medium,1,8.72141,1995,0.0950868,0.1
3961,Baseline,7,Balanced,0,Medium,1,Medium,1,8.65193,1979.15,0.0939525,0.1
3962,Baseline,7,Balanced,0,Medium,1,Medium,1,8.61198,1969.9,0.0935012,0.1
3963,Baseline,7,Balanced,0,Medium,1,Medium,1,8.73129,1996.1,0.0951061,0.1
3964,Baseline,7,Balanced,0,Medium,1,Medium,1,8.72718,1996.71,0.0944425,0.1
3965,Baseline,7,Balanced,0,Medium,1,Medium,1,8.72398,1995.31,0.0949633,0.1
3966,Baseline,7,Balanced,0,Medium,1,Medium,1,8.76084,2001.63,0.0951698,0.1
3967,Baseline,7,Balanced,0,Medium,1,Medium,1,8.7076,1993.1,0.0941127,0.1
3968,Baseline,7,Balanced,0,Medium,1,Medium,1,8.66787,1982.83,0.0937635,0.1
3969,Baseline,7,Balanced,0,Medium,1,Medium,1,8.65063,1978.12,0.0945235,0.1
3970,Baseline,7,Balanced,0,Medium,1,Medium,1,8.70047,1989.73,0.0943827,0.1
3971,Baseline,7,Balanced,0,Medium,1,Medium,1,8.6782,1982.12,0.0946026,0.1
3972,Baseline,7,Balanced,0,Medium,1,Medium,1,8.72263,1995.32,0.0946412,0.1
3973,Baseline,7,Balanced,0,Medium,1,Medium,1,8.71253,1993.03,0.0940509,0.1
3974,Baseline,7,Balanced,0,Medium,1,Medium,1,8.69644,1987.86,0.0948881,0.1
3975,Baseline,7,Balanced,0,Medium,1,Medium,1,8.72005,1992.63,0.0950309,0.1
3976,Baseline,7,Balanced,0,Medium,1,Medium,1,8.58889,1964.57,0.0944637,0.1
3977,Baseline,7,Balanced,0,Medium,1,Medium,1,8.67184,1983.31,0.0945872,0.1
3978,Baseline,7,Balanced,0,Medium,1,Medium,1,8.73815,1999.81,0.0942072,0.1
3979,Baseline,7,Balanced,0,Medium,1,Medium,1,8.66708,1981.92,0.0943422,0.1
3980,Baseline,7,Balanced,0,Medium,1,Medium,1,8.69097,1988.05,0.0944174,0.1
3981,Baseline,7,Balanced,0,Medium,1,Medium,1,8.62773,1974.97,0.0938561,0.1
3982,Baseline,7,Balanced,0,Medium,1,Medium,1,8.77838,2006.89,0.0950174,0.1
3983,Baseline,7,Balanced,0,Medium,1,Medium,1,8.75648,2004.85,0.0941262,0.1
3984,Baseline,7,Balanced,0,Medium,1,Medium,1,8.66376,1982.81,0.093939,0.1
3985,Baseline,7,Balanced,0,Medium,1,Medium,1,8.77012,2004.99,0.0951948,0.1
3986,Baseline,7,Balanced,0,Medium,1,Medium,1,8.74643,2001.93,0.0941474,0.1
3987,Baseline,7,Balanced,0,Medium,1,Medium,1,8.65484,1979.45,0.0940085,0.1
3988,Baseline,7,Balanced,0,Medium,1,Medium,1,8.68444,1988.85,0.0937828,0.1
3989,Baseline,7,Balanced,0,Medium,1,Medium,1,8.67505,1985.03,0.0944001,0.1
3990,Baseline,7,Balanced,0,Medium,1,Medium,1,8.68268,1986.32,0.0944753,0.1
3991,Baseline,7,Balanced,0,Medium,1,Medium,1,8.62174,1971.66,0.0936979,0.1
3992,Baseline,7,Balanced,0,Medium,1,Medium,1,8.72139,1997.26,0.0940046,0.1
3993,Baseline,7,Balanced,0,Medium,1,Medium,1,8.72228,1994.44,0.0949093,0.1
3994,Baseline,7,Balanced,0,Medium,1,Medium,1,8.80061,2014.34,0.0943846,0.1
3995,Baseline,7,Balanced,0,Medium,1,Medium,1,8.75488,2003.37,0.0944541,0.1
3996,Baseline,7,Balanced,0,Medium,1,Medium,1,8.72939,1996.49,0.0949286,0.1
3997,Baseline,7,Balanced,0,Medium,1,Medium,1,8.697,1989.09,0.094429,0.1
3998,Baseline,7,Balanced,0,Medium,1,Medium,1,8.74125,2000.41,0.0942978,0.1
3999,Baseline,7,Balanced,0,Medium,1,Medium,1,8.50947,1944.66,0.0931655,0.1
4000,Baseline,7,Balanced,0,Medium,1,Medium,1,8.75166,2002.13,0.09489,0.1
4001,Baseline,7,Balanced,0,Medium,1,Medium,1,8.6617,1981.36,0.0945313,0.1
4002,Baseline,7,Balanced,0,Medium,1,Medium,1,8.68771,1988.39,0.0945621,0.1
4003,Baseline,7,Balanced,0,Medium,1,Medium,1,8.65273,1978.97,0.0946952,0.1
4004,Baseline,7,Balanced,0,Medium,1,Medium,1,8.70042,1989.46,0.0944348,0.1
4005,Baseline,7,Balanced,0,Medium,1,Medium,1,8.7239,1996.04,0.0943056,0.1
4006,Baseline,7,Balanced,0,Medium,1,Medium,1,8.6114,1971.04,0.0938233,0.1
4007,Baseline,7,Balanced,0,Medium,1,Medium,1,8.72831,1997.54,0.0942226,0.1
4008,Baseline,7,Balanced,0,Medium,1,Medium,1,8.64691,1979.24,0.0937789,0.1
4009,Baseline,7,Balanced,0,Medium,1,Medium,1,8.68733,1988.94,0.0941358,0.1
4010,Baseline,7,Balanced,0,Medium,1,Medium,1,8.77182,2007.29,0.0945023,0.1
4011,Baseline,7,Balanced,0,Medium,1,Medium,1,8.60918,1970.56,0.0935108,0.1
4012,Baseline,7,Balanced,0,Medium,1,Medium,1,8.73598,1998.04,0.0945795,0.1
4013,Baseline,7,Balanced,0,Medium,1,Medium,1,8.66319,1983.59,0.0936092,0.1
4014,Baseline,7,Balanced,0,Medium,1,Medium,1,8.70216,1990.67,0.0945795,0.1
4015,Baseline,7,Balanced,0,Medium,1,Medium,1,8.67704,1985.4,0.0939255,0.1
4016,Baseline,7,Balanced,0,Medium,1,Medium,1,8.65754,1982.26,0.0936844,0.1
4017,Baseline,7,Balanced,0,Medium,1,Medium,1,8.61404,1969.4,0.0939757,0.1
4018,Baseline,7,Balanced,0,Medium,1,Medium,1,8.71762,1993.86,0.0946103,0.1
4019,Baseline,7,Balanced,0,Medium,1,Medium,1,8.69656,1990.32,0.0941204,0.1
4020,Baseline,7,Balanced,0,Medium,1,Medium,1,8.6329,1974.78,0.0942265,0.1
4021,Baseline,7,Balanced,0,Medium,1,Medium,1,8.63344,1975.09,0.0939506,0.1
4022,Baseline,7,Balanced,0,Medium,1,Medium,1,8.61949,1971.08,0.0940664,0.1
4023,Baseline,7,Balanced,0,Medium,1,Medium,1,8.73652,1998.36,0.0944714,0.1
4024,Baseline,7,Balanced,0,Medium,1,Medium,1,8.68498,1986.28,0.0947241,0.1
4025,Baseline,7,Balanced,0,Medium,1,Medium,1,8.68547,1986.83,0.0943133,0.1
4026,Baseline,7,Balanced,0,Medium,1,Medium,1,8.7634,2004.43,0.0949961,0.1
4027,Baseline,7,Balanced,0,Medium,1,Medium,1,8.73021,1996.26,0.0945177,0.1
4028,Baseline,7,Balanced,0,Medium,1,Medium,1,8.69627,1990.72,0.0942245,0.1
4029,Baseline,7,Balanced,0,Medium,1,Medium,1,8.71146,1993.58,0.0945737,0.1
4030,Baseline,7,Balanced,0,Medium,1,Medium,1,8.82217,2019.59,0.0949209,0.1
4031,Baseline,7,Balanced,0,Medium,1,Medium,1,8.67356,1984.66,0.0943673,0.1
4032,Baseline,7,Balanced,0,Medium,1,Medium,1,8.61939,1972.07,0.093615,0.1
4033,Baseline,7,Balanced,0,Medium,1,Medium,1,8.76681,2005.87,0.0944367,0.1
4034,Baseline,7,Balanced,0,Medium,1,Medium,1,8.67342,1984.34,0.0939101,0.1
4035,Baseline,7,Balanced,0,Medium,1,Medium,1,8.70717,1991.54,0.0951466,0.1
4036,Baseline,7,Balanced,0,Medium,1,Medium,1,8.68116,1987.75,0.0938214,0.1
4037,Baseline,7,Balanced,0,Medium,1,Medium,1,8.58886,1963.03,0.0942458,0.1
4038,Baseline,7,Balanced,0,Medium,1,Medium,1,8.59473,1964.16,0.0940991,0.1
4039,Baseline,7,Balanced,0,Medium,1,Medium,1,8.63063,1973.73,0.0938098,0.1
4040,Baseline,7,Balanced,0,Medium,1,Medium,1,8.60196,1967.1,0.0942303,0.1
4041,Baseline,7,Balanced,0,Medium,1,Medium,1,8.71096,1991.77,0.0946277,0.1
4042,Baseline,7,Balanced,0,Medium,1,Medium,1,8.71791,1994.84,0.0945833,0.1
4043,Baseline,7,Balanced,0,Medium,1,Medium,1,8.71159,1994.89,0.0934992,0.1
4044,Baseline,7,Balanced,0,Medium,1,Medium,1,8.6754,1985.46,0.0945602,0.1
4045,Baseline,7,Balanced,0,Medium,1,Medium,1,8.71905,1995.07,0.0943094,0.1
4046,Baseline,7,Balanced,0,Medium,1,Medium,1,8.5948,1966.81,0.0936844,0.1
4047,Baseline,7,Balanced,0,Medium,1,Medium,1,8.69059,1985.7,0.09451,0.1
4048,Baseline,7,Balanced,0,Medium,1,Medium,1,8.73056,1997.62,0.0943036,0.1
4049,Baseline,7,Balanced,0,Medium,1,Medium,1,8.73082,1999.03,0.0943364,0.1
4050,Baseline,7,Balanced,0,Medium,1,Medium,1,8.76003,2004.94,0.0945795,0.1
4051,Baseline,7,Balanced,0,Medium,1,Medium,1,8.70431,1992.48,0.0940644,0.1
4052,Baseline,7,Balanced,0,Medium,1,Medium,1,8.63909,1977.29,0.0940741,0.1
4053,Baseline,7,Balanced,0,Medium,1,Medium,1,8.62218,1973.35,0.093914,0.1
4054,Baseline,7,Balanced,0,Medium,1,Medium,1,8.72337,1996.36,0.0940509,0.1
4055,Baseline,7,Balanced,0,Medium,1,Medium,1,8.64385,1976.99,0.0941127,0.1
4056,Baseline,7,Balanced,0,Medium,1,Medium,1,8.78279,2010.62,0.0945351,0.1
4057,Baseline,7,Balanced,0,Medium,1,Medium,1,8.72944,1995.86,0.0948032,0.1
4058,Baseline,7,Balanced,0,Medium,1,Medium,1,8.67503,1985.52,0.0935282,0.1
4059,Baseline,7,Balanced,0,Medium,1,Medium,1,8.5883,1963.45,0.0942573,0.1
4060,Baseline,7,Balanced,0,Medium,1,Medium,1,8.66921,1982.74,0.0937519,0.1
4061,Baseline,7,Balanced,0,Medium,1,Medium,1,8.75104,2003.38,0.0943171,0.1
4062,Baseline,7,Balanced,0,Medium,1,Medium,1,8.66623,1980.36,0.0941898,0.1
4063,Baseline,7,Balanced,0,Medium,1,Medium,1,8.71242,1993.87,0.0940934,0.1
4064,Baseline,7,Balanced,0,Medium,1,Medium,1,8.6577,1980.14,0.0941589,0.1
4065,Baseline,7,Balanced,0,Medium,1,Medium,1,8.62806,1976.02,0.0934491,0.1
4066,Baseline,7,Balanced,0,Medium,1,Medium,1,8.67989,1986.01,0.0940702,0.1
4067,Baseline,7,Balanced,0,Medium,1,Medium,1,8.71035,1992,0.0942843,0.1
4068,Baseline,7,Balanced,0,Medium,1,Medium,1,8.61557,1969.86,0.0937616,0.1
4069,Baseline,7,Balanced,0,Medium,1,Medium,1,8.76654,2005.26,0.0950116,0.1
4070,Baseline,7,Balanced,0,Medium,1,Medium,1,8.69836,1988.55,0.0947203,0.1
4071,Baseline,7,Balanced,0,Medium,1,Medium,1,8.74229,1998.16,0.0948399,0.1
4072,Baseline,7,Balanced,0,Medium,1,Medium,1,8.67175,1983.21,0.0941956,0.1
4073,Baseline,7,Balanced,0,Medium,1,Medium,1,8.61808,1971.57,0.0937847,0.1
4074,Baseline,7,Balanced,0,Medium,1,Medium,1,8.73447,1999.33,0.0945583,0.1
4075,Baseline,7,Balanced,0,Medium,1,Medium,1,8.68824,1987.21,0.0940046,0.1
4076,Baseline,7,Balanced,0,Medium,1,Medium,1,8.72346,1995.64,0.094184,0.1
4077,Baseline,7,Balanced,0,Medium,1,Medium,1,8.69151,1988.22,0.0938021,0.1
4078,Baseline,7,Balanced,0,Medium,1,Medium,1,8.68894,1986.97,0.0943789,0.1
4079,Baseline,7,Balanced,0,Medium,1,Medium,1,8.79354,2013.32,0.0944155,0.1
4080,Baseline,7,Balanced,0,Medium,1,Medium,1,8.66251,1980.44,0.0943287,0.1
4081,Baseline,7,Balanced,0,Medium,1,Medium,1,8.68735,1987.2,0.0940336,0.1
4082,Baseline,7,Balanced,0,Medium,1,Medium,1,8.72851,1997.12,0.0944078,0.1
4083,Baseline,7,Balanced,0,Medium,1,Medium,1,8.67855,1986.29,0.0943731,0.1
4084,Baseline,7,Balanced,0,Medium,1,Medium,1,8.61842,1969.62,0.0940509,0.1
4085,Baseline,7,Balanced,0,Medium,1,Medium,1,8.65553,1981.1,0.0939371,0.1
4086,Baseline,7,Balanced,0,Medium,1,Medium,1,8.65653,1981.04,0.0939024,0.1
4087,Baseline,7,Balanced,0,Medium,1,Medium,1,8.73054,1997.63,0.0944753,0.1
4088,Baseline,7,Balanced,0,Medium,1,Medium,1,8.66114,1979.75,0.0947589,0.1
4089,Baseline,7,Balanced,0,Medium,1,Medium,1,8.76572,2004.94,0.0949151,0.1
4090,Baseline,7,Balanced,0,Medium,1,Medium,1,8.66487,1980.22,0.0942805,0.1
4091,Baseline,7,Balanced,0,Medium,1,Medium,1,8.74275,2001.65,0.0940683,0.1
4092,Baseline,7,Balanced,0,Medium,1,Medium,1,8.68581,1985.45,0.0947704,0.1
4093,Baseline,7,Balanced,0,Medium,1,Medium,1,8.71246,1992.8,0.0945042,0.1
4094,Baseline,7,Balanced,0,Medium,1,Medium,1,8.69254,1987.7,0.0944136,0.1
4095,Baseline,7,Balanced,0,Medium,1,Medium,1,8.62728,1974.69,0.0940953,0.1
4096,Baseline,7,Balanced,0,Medium,1,Medium,1,8.64203,1976.99,0.094157,0.1
