Iteration,State,Action,Reward,Variance Bucket,Variance Bucket Index,Next Variance Bucket Index,Next Variance Bucket Index,Mean Luminance,Luminance Variance,Bright Pixel Ratio,Epsilon
1,1,Balanced,1,Medium,1,Low,0,8.66059,1982.53,0.0942959,0.1
1,1,Light Heavy,1,Medium,1,Low,0,8.66059,1982.53,0.0942959,0.1
2,0,Light Heavy,0,Low,0,Low,0,3.95143,910.855,0.0475386,0.1
3,0,BSDF Heavy,-2,Low,0,High,2,3.97536,918.054,0.0472897,0.1
4,2,BSDF Heavy,0,High,2,High,2,14.8931,3410.9,0.109587,0.1
5,2,BSDF Heavy,0,High,2,High,2,14.9753,3429.69,0.110187,0.1
6,2,BSDF Heavy,0,High,2,High,2,15.0093,3439.45,0.11006,0.1
7,2,BSDF Heavy,0,High,2,High,2,14.9394,3417.66,0.110091,0.1
8,2,BSDF Heavy,0,High,2,High,2,14.9332,3415.94,0.110253,0.1
9,2,BSDF Heavy,0,High,2,High,2,14.8692,3399.89,0.110147,0.1
10,2,BSDF Heavy,0,High,2,High,2,14.8758,3407.28,0.110297,0.1
11,2,BSDF Heavy,0,High,2,High,2,14.8593,3401.24,0.109848,0.1
12,2,BSDF Heavy,0,High,2,High,2,14.8806,3405.04,0.11023,0.1
13,2,BSDF Heavy,0,High,2,High,2,14.865,3404.93,0.10972,0.1
14,2,BSDF Heavy,0,High,2,High,2,14.927,3416.94,0.110473,0.1
15,2,Balanced,1,High,2,Medium,1,14.7801,3383.43,0.109936,0.1
16,1,BSDF Heavy,-1,Medium,1,High,2,8.64173,1976.82,0.0934915,0.1
17,2,Light Heavy,2,High,2,Low,0,14.8633,3404.77,0.109701,0.1
18,0,BSDF Heavy,-2,Low,0,High,2,3.98758,920.29,0.0474769,0.1
19,2,Balanced,1,High,2,Medium,1,14.8882,3406.53,0.110278,0.1
20,1,BSDF Heavy,-1,Medium,1,High,2,8.64893,1978.64,0.0940027,0.1
21,2,Light Heavy,2,High,2,Low,0,14.8721,3405.36,0.10999,0.1
22,0,Balanced,-1,Low,0,Medium,1,3.8909,897.964,0.046821,0.1
23,1,Light Heavy,1,Medium,1,Low,0,8.69759,1990.74,0.094049,0.1
24,0,Light Heavy,0,Low,0,Low,0,3.91598,902.846,0.0470621,0.1
25,0,Light Heavy,0,Low,0,Low,0,3.97517,919.277,0.0473052,0.1
26,0,Light Heavy,0,Low,0,Low,0,3.93692,909.426,0.0469637,0.1
27,0,Light Heavy,0,Low,0,Low,0,3.86719,892.473,0.0464969,0.1
28,0,Light Heavy,0,Low,0,Low,0,3.98698,920.095,0.0476235,0.1
29,0,Light Heavy,0,Low,0,Low,0,3.90227,901.168,0.0466705,0.1
30,0,Light Heavy,0,Low,0,Low,0,3.91704,902.802,0.0474016,0.1
31,0,Light Heavy,0,Low,0,Low,0,3.97018,917.458,0.0472222,0.1
32,0,Balanced,-1,Low,0,Medium,1,3.91488,903.355,0.0470139,0.1
33,1,Light Heavy,1,Medium,1,Low,0,8.75232,2003.3,0.0944116,0.1
34,0,Light Heavy,0,Low,0,Low,0,3.97104,916.459,0.0474942,0.1
35,0,Balanced,-1,Low,0,Medium,1,3.92936,908.645,0.0469657,0.1
36,1,Balanced,0,Medium,1,Medium,1,8.71778,1993.48,0.0948515,0.1
37,1,Light Heavy,1,Medium,1,Low,0,8.78877,2011.19,0.0946914,0.1
38,0,Light Heavy,0,Low,0,Low,0,3.91893,903.526,0.047201,0.1
39,0,Light Heavy,0,Low,0,Low,0,3.88978,896.579,0.0470525,0.1
40,0,Light Heavy,0,Low,0,Low,0,3.92085,905.508,0.0467052,0.1
41,0,Light Heavy,0,Low,0,Low,0,3.92801,905.573,0.0472782,0.1
42,0,Light Heavy,0,Low,0,Low,0,3.88888,896.557,0.0470679,0.1
43,0,Light Heavy,0,Low,0,Low,0,3.91366,902.341,0.0473322,0.1
44,0,Light Heavy,0,Low,0,Low,0,3.92876,906.939,0.0470351,0.1
45,0,Light Heavy,0,Low,0,Low,0,3.94308,909.272,0.0475174,0.1
46,0,Light Heavy,0,Low,0,Low,0,3.88939,896.999,0.0466107,0.1
47,0,Light Heavy,0,Low,0,Low,0,3.90489,900.793,0.0469097,0.1
48,0,Light Heavy,0,Low,0,Low,0,3.97221,918.09,0.0469907,0.1
49,0,Light Heavy,0,Low,0,Low,0,3.94374,910.058,0.0471316,0.1
50,0,Light Heavy,0,Low,0,Low,0,3.94318,909.278,0.0473399,0.1
51,0,Light Heavy,0,Low,0,Low,0,4.04501,936.34,0.0472145,0.1
52,0,Light Heavy,0,Low,0,Low,0,3.94512,911.197,0.0472608,0.1
53,0,Light Heavy,0,Low,0,Low,0,3.9991,924.961,0.0469232,0.1
54,0,Light Heavy,0,Low,0,Low,0,3.94804,910.981,0.0471894,0.1
55,0,Light Heavy,0,Low,0,Low,0,3.93732,908.819,0.0474691,0.1
56,0,Balanced,-1,Low,0,Medium,1,3.95954,914.833,0.0472917,0.1
57,1,Light Heavy,1,Medium,1,Low,0,8.68753,1984.72,0.0948206,0.1
58,0,BSDF Heavy,-2,Low,0,High,2,3.94615,911.342,0.0469232,0.1
59,2,BSDF Heavy,0,High,2,High,2,14.9404,3420.07,0.110195,0.1
60,2,BSDF Heavy,0,High,2,High,2,14.8402,3396.98,0.109518,0.1
61,2,BSDF Heavy,0,High,2,High,2,14.9582,3424.19,0.109747,0.1
62,2,BSDF Heavy,0,High,2,High,2,14.9177,3414.33,0.110093,0.1
63,2,BSDF Heavy,0,High,2,High,2,14.8958,3409.82,0.110401,0.1
64,2,BSDF Heavy,0,High,2,High,2,14.8629,3401.57,0.109803,0.1
65,2,BSDF Heavy,0,High,2,High,2,14.8439,3398.19,0.109927,0.1
66,2,BSDF Heavy,0,High,2,High,2,14.9478,3424.04,0.110324,0.1
67,2,BSDF Heavy,0,High,2,High,2,14.9384,3420.48,0.109672,0.1
68,2,BSDF Heavy,0,High,2,High,2,14.9662,3429.03,0.109687,0.1
69,2,BSDF Heavy,0,High,2,High,2,14.887,3404.97,0.109969,0.1
70,2,BSDF Heavy,0,High,2,High,2,14.9167,3413.95,0.110195,0.1
71,2,BSDF Heavy,0,High,2,High,2,14.7563,3378.34,0.10935,0.1
72,2,BSDF Heavy,0,High,2,High,2,14.8737,3403.89,0.109867,0.1
73,2,BSDF Heavy,0,High,2,High,2,14.8536,3399.8,0.110264,0.1
74,2,BSDF Heavy,0,High,2,High,2,14.8871,3407.7,0.109973,0.1
75,2,BSDF Heavy,0,High,2,High,2,14.9742,3427.97,0.110131,0.1
76,2,BSDF Heavy,0,High,2,High,2,14.8593,3402.15,0.109859,0.1
77,2,BSDF Heavy,0,High,2,High,2,14.8146,3390.87,0.10973,0.1
78,2,BSDF Heavy,0,High,2,High,2,14.8636,3402.21,0.109556,0.1
79,2,BSDF Heavy,0,High,2,High,2,14.7429,3375.33,0.109848,0.1
80,2,BSDF Heavy,0,High,2,High,2,15.0957,3453.85,0.110556,0.1
81,2,BSDF Heavy,0,High,2,High,2,14.913,3414.53,0.109996,0.1
82,2,BSDF Heavy,0,High,2,High,2,14.856,3401.5,0.110174,0.1
83,2,BSDF Heavy,0,High,2,High,2,14.9891,3432.23,0.110185,0.1
84,2,BSDF Heavy,0,High,2,High,2,14.9249,3416.56,0.110312,0.1
85,2,BSDF Heavy,0,High,2,High,2,14.8548,3403.46,0.109718,0.1
86,2,BSDF Heavy,0,High,2,High,2,14.8081,3388.48,0.109718,0.1
87,2,BSDF Heavy,0,High,2,High,2,14.8252,3393.15,0.1099,0.1
88,2,BSDF Heavy,0,High,2,High,2,14.7955,3388.55,0.109593,0.1
89,2,BSDF Heavy,0,High,2,High,2,14.9617,3422.86,0.110664,0.1
90,2,BSDF Heavy,0,High,2,High,2,14.8106,3389.02,0.110019,0.1
91,2,BSDF Heavy,0,High,2,High,2,14.8913,3407.01,0.109799,0.1
92,2,BSDF Heavy,0,High,2,High,2,14.8937,3407.91,0.110338,0.1
93,2,BSDF Heavy,0,High,2,High,2,14.8202,3396.23,0.109383,0.1
94,2,BSDF Heavy,0,High,2,High,2,14.8549,3403.07,0.109502,0.1
95,2,BSDF Heavy,0,High,2,High,2,14.814,3392,0.110066,0.1
96,2,BSDF Heavy,0,High,2,High,2,14.8966,3410.13,0.110311,0.1
97,2,BSDF Heavy,0,High,2,High,2,14.8681,3404.97,0.109925,0.1
98,2,BSDF Heavy,0,High,2,High,2,14.8069,3389.14,0.109753,0.1
99,2,BSDF Heavy,0,High,2,High,2,14.859,3401.57,0.109828,0.1
100,2,Light Heavy,2,High,2,Low,0,14.836,3396.35,0.110075,0.1
101,0,BSDF Heavy,-2,Low,0,High,2,3.94412,910.467,0.0470718,0.1
102,2,Light Heavy,2,High,2,Low,0,14.9181,3415.64,0.109954,0.1
103,0,BSDF Heavy,-2,Low,0,High,2,3.9109,901.894,0.047012,0.1
104,2,Balanced,1,High,2,Medium,1,14.9043,3414.19,0.110272,0.1
105,1,BSDF Heavy,-1,Medium,1,High,2,8.73302,1999.31,0.0942573,0.1
106,2,Light Heavy,2,High,2,Low,0,14.8867,3406.93,0.110174,0.1
107,0,BSDF Heavy,-2,Low,0,High,2,3.88613,897.109,0.047037,0.1
108,2,BSDF Heavy,0,High,2,High,2,14.8429,3398.91,0.109687,0.1
109,2,BSDF Heavy,0,High,2,High,2,14.8094,3392.27,0.109659,0.1
110,2,BSDF Heavy,0,High,2,High,2,14.8,3388.82,0.109994,0.1
111,2,BSDF Heavy,0,High,2,High,2,14.8252,3390.79,0.109905,0.1
112,2,BSDF Heavy,0,High,2,High,2,14.8681,3405.76,0.109493,0.1
113,2,BSDF Heavy,0,High,2,High,2,14.9764,3429.94,0.109884,0.1
114,2,BSDF Heavy,0,High,2,High,2,14.852,3398.68,0.109898,0.1
115,2,BSDF Heavy,0,High,2,High,2,14.8807,3408,0.109973,0.1
116,2,BSDF Heavy,0,High,2,High,2,14.9506,3423.77,0.110154,0.1
117,2,BSDF Heavy,0,High,2,High,2,14.9302,3417.87,0.110118,0.1
118,2,BSDF Heavy,0,High,2,High,2,14.9774,3428.11,0.110785,0.1
119,2,BSDF Heavy,0,High,2,High,2,14.8368,3397.9,0.109574,0.1
120,2,BSDF Heavy,0,High,2,High,2,14.776,3385.75,0.109271,0.1
121,2,BSDF Heavy,0,High,2,High,2,14.8927,3410.14,0.110039,0.1
122,2,BSDF Heavy,0,High,2,High,2,14.8022,3389.57,0.109682,0.1
123,2,BSDF Heavy,0,High,2,High,2,14.9096,3412.88,0.110106,0.1
124,2,BSDF Heavy,0,High,2,High,2,14.8026,3390.22,0.109558,0.1
125,2,BSDF Heavy,0,High,2,High,2,14.7536,3378.88,0.10913,0.1
126,2,BSDF Heavy,0,High,2,High,2,14.8328,3398.85,0.109608,0.1
127,2,BSDF Heavy,0,High,2,High,2,14.9154,3412.7,0.109522,0.1
128,2,BSDF Heavy,0,High,2,High,2,15.0797,3450.07,0.110644,0.1
129,2,BSDF Heavy,0,High,2,High,2,14.8888,3407.41,0.110241,0.1
130,2,BSDF Heavy,0,High,2,High,2,14.7292,3373.23,0.109142,0.1
131,2,BSDF Heavy,0,High,2,High,2,14.9394,3417.31,0.110309,0.1
132,2,BSDF Heavy,0,High,2,High,2,14.9316,3417.71,0.10988,0.1
133,2,BSDF Heavy,0,High,2,High,2,14.7899,3384.31,0.110081,0.1
134,2,BSDF Heavy,0,High,2,High,2,14.8546,3400.14,0.109875,0.1
135,2,BSDF Heavy,0,High,2,High,2,14.881,3407.28,0.110193,0.1
136,2,BSDF Heavy,0,High,2,High,2,14.8829,3407.32,0.10977,0.1
137,2,BSDF Heavy,0,High,2,High,2,14.8445,3401.05,0.109323,0.1
138,2,BSDF Heavy,0,High,2,High,2,14.9535,3424.61,0.109568,0.1
139,2,BSDF Heavy,0,High,2,High,2,14.8894,3409.08,0.1094,0.1
140,2,BSDF Heavy,0,High,2,High,2,14.759,3379.71,0.109348,0.1
141,2,BSDF Heavy,0,High,2,High,2,14.7725,3384.68,0.108935,0.1
142,2,BSDF Heavy,0,High,2,High,2,14.8579,3402.79,0.109171,0.1
143,2,BSDF Heavy,0,High,2,High,2,15.0208,3437.96,0.110328,0.1
144,2,BSDF Heavy,0,High,2,High,2,14.976,3428.17,0.110264,0.1
145,2,BSDF Heavy,0,High,2,High,2,14.8089,3389.26,0.109896,0.1
146,2,BSDF Heavy,0,High,2,High,2,14.9449,3421.35,0.10972,0.1
147,2,Light Heavy,2,High,2,Low,0,14.8387,3399.38,0.109186,0.1
148,0,BSDF Heavy,-2,Low,0,High,2,3.9232,906.165,0.0470351,0.1
149,2,Balanced,1,High,2,Medium,1,14.8474,3401.46,0.109639,0.1
150,1,BSDF Heavy,-1,Medium,1,High,2,8.56763,1959.55,0.0937076,0.1
151,2,Light Heavy,2,High,2,Low,0,14.8092,3390.53,0.109992,0.1
152,0,BSDF Heavy,-2,Low,0,High,2,3.88545,895.629,0.0467361,0.1
153,2,Light Heavy,2,High,2,Low,0,14.9587,3424.71,0.110527,0.1
154,0,BSDF Heavy,-2,Low,0,High,2,3.94412,911.172,0.0469483,0.1
155,2,BSDF Heavy,0,High,2,High,2,14.9347,3415.99,0.110679,0.1
156,2,BSDF Heavy,0,High,2,High,2,14.849,3400.07,0.110085,0.1
157,2,BSDF Heavy,0,High,2,High,2,14.8395,3396.67,0.109554,0.1
158,2,BSDF Heavy,0,High,2,High,2,14.8833,3409.97,0.109927,0.1
159,2,BSDF Heavy,0,High,2,High,2,14.9241,3418.97,0.109832,0.1
160,2,BSDF Heavy,0,High,2,High,2,14.9047,3414.35,0.109672,0.1
161,2,BSDF Heavy,0,High,2,High,2,14.8214,3395.91,0.109226,0.1
162,2,BSDF Heavy,0,High,2,High,2,14.8289,3397.61,0.109612,0.1
163,2,BSDF Heavy,0,High,2,High,2,14.9651,3426.57,0.110492,0.1
164,2,BSDF Heavy,0,High,2,High,2,14.8936,3408.05,0.109919,0.1
165,2,BSDF Heavy,0,High,2,High,2,14.8415,3400.59,0.109597,0.1
166,2,BSDF Heavy,0,High,2,High,2,14.8448,3399.21,0.109284,0.1
167,2,BSDF Heavy,0,High,2,High,2,14.9503,3421.65,0.110326,0.1
168,2,BSDF Heavy,0,High,2,High,2,14.8493,3400.83,0.10979,0.1
169,2,BSDF Heavy,0,High,2,High,2,14.8522,3399.86,0.109784,0.1
170,2,BSDF Heavy,0,High,2,High,2,14.8751,3405.01,0.109859,0.1
171,2,Balanced,1,High,2,Medium,1,14.9055,3413.55,0.109782,0.1
172,1,BSDF Heavy,-1,Medium,1,High,2,8.64174,1976.49,0.0943403,0.1
173,2,Light Heavy,2,High,2,Low,0,14.8085,3391.25,0.109352,0.1
174,0,BSDF Heavy,-2,Low,0,High,2,3.92744,906.964,0.0466377,0.1
175,2,Light Heavy,2,High,2,Low,0,14.7746,3381.13,0.109408,0.1
176,0,BSDF Heavy,-2,Low,0,High,2,3.96333,915.992,0.0470679,0.1
177,2,Light Heavy,2,High,2,Low,0,14.8069,3388.08,0.109666,0.1
178,0,BSDF Heavy,-2,Low,0,High,2,3.97891,919.311,0.0470718,0.1
179,2,Balanced,1,High,2,Medium,1,14.8997,3412.04,0.109992,0.1
180,1,BSDF Heavy,-1,Medium,1,High,2,8.75257,2003.21,0.0947685,0.1
181,2,BSDF Heavy,0,High,2,High,2,14.9389,3420.45,0.10973,0.1
182,2,BSDF Heavy,0,High,2,High,2,14.8133,3390.2,0.110066,0.1
183,2,BSDF Heavy,0,High,2,High,2,14.8244,3397,0.109352,0.1
184,2,BSDF Heavy,0,High,2,High,2,14.8247,3394.22,0.110191,0.1
185,2,BSDF Heavy,0,High,2,High,2,14.8721,3404.49,0.110073,0.1
186,2,BSDF Heavy,0,High,2,High,2,14.7995,3388.06,0.109504,0.1
187,2,BSDF Heavy,0,High,2,High,2,14.777,3386.09,0.109082,0.1
188,2,BSDF Heavy,0,High,2,High,2,14.7729,3383.52,0.109309,0.1
189,2,BSDF Heavy,0,High,2,High,2,14.92,3414.07,0.110324,0.1
190,2,BSDF Heavy,0,High,2,High,2,14.924,3418.11,0.110023,0.1
191,2,BSDF Heavy,0,High,2,High,2,14.9743,3426.37,0.110556,0.1
192,2,BSDF Heavy,0,High,2,High,2,14.9084,3411.36,0.110201,0.1
193,2,BSDF Heavy,0,High,2,High,2,14.9252,3416.7,0.110496,0.1
194,2,BSDF Heavy,0,High,2,High,2,14.9219,3419.11,0.110071,0.1
195,2,BSDF Heavy,0,High,2,High,2,14.8731,3403.52,0.110185,0.1
196,2,BSDF Heavy,0,High,2,High,2,14.7826,3383.94,0.109799,0.1
197,2,BSDF Heavy,0,High,2,High,2,14.9768,3429.06,0.110106,0.1
198,2,BSDF Heavy,0,High,2,High,2,14.8744,3405.8,0.109973,0.1
199,2,BSDF Heavy,0,High,2,High,2,14.8635,3400.35,0.109913,0.1
200,2,BSDF Heavy,0,High,2,High,2,14.8238,3397.38,0.109441,0.1
201,2,BSDF Heavy,0,High,2,High,2,14.7972,3391.8,0.109115,0.1
202,2,Balanced,1,High,2,Medium,1,14.9391,3418.74,0.110644,0.1
203,1,BSDF Heavy,-1,Medium,1,High,2,8.68032,1987.31,0.0936613,0.1
204,2,Light Heavy,2,High,2,Low,0,14.96,3423.35,0.11032,0.1
205,0,Balanced,-1,Low,0,Medium,1,3.84849,887.965,0.0465856,0.1
206,1,Balanced,0,Medium,1,Medium,1,8.73562,1997.08,0.095407,0.1
207,1,BSDF Heavy,-1,Medium,1,High,2,8.73719,2001.21,0.0940991,0.1
208,2,BSDF Heavy,0,High,2,High,2,14.8653,3404.32,0.109659,0.1
209,2,BSDF Heavy,0,High,2,High,2,14.875,3406.13,0.10999,0.1
210,2,BSDF Heavy,0,High,2,High,2,14.9919,3429.4,0.110639,0.1
211,2,BSDF Heavy,0,High,2,High,2,14.8702,3406.88,0.109851,0.1
212,2,BSDF Heavy,0,High,2,High,2,15.0117,3434.83,0.110592,0.1
213,2,BSDF Heavy,0,High,2,High,2,14.9852,3429.58,0.11034,0.1
214,2,BSDF Heavy,0,High,2,High,2,14.8107,3390.32,0.109736,0.1
215,2,BSDF Heavy,0,High,2,High,2,14.9238,3416.58,0.10978,0.1
216,2,BSDF Heavy,0,High,2,High,2,14.8276,3393.47,0.109821,0.1
217,2,BSDF Heavy,0,High,2,High,2,14.8293,3396.78,0.10963,0.1
218,2,BSDF Heavy,0,High,2,High,2,14.9041,3409.72,0.110662,0.1
219,2,BSDF Heavy,0,High,2,High,2,14.8882,3406.3,0.110432,0.1
220,2,BSDF Heavy,0,High,2,High,2,14.8422,3398.59,0.109624,0.1
221,2,BSDF Heavy,0,High,2,High,2,14.8455,3401.51,0.109479,0.1
222,2,BSDF Heavy,0,High,2,High,2,14.876,3405.93,0.110023,0.1
223,2,BSDF Heavy,0,High,2,High,2,14.7959,3387.32,0.109807,0.1
224,2,BSDF Heavy,0,High,2,High,2,14.7749,3383.73,0.109122,0.1
225,2,BSDF Heavy,0,High,2,High,2,14.8802,3408.71,0.109905,0.1
226,2,BSDF Heavy,0,High,2,High,2,14.852,3401.67,0.109747,0.1
227,2,BSDF Heavy,0,High,2,High,2,14.9067,3410.03,0.110532,0.1
228,2,BSDF Heavy,0,High,2,High,2,14.8922,3410.28,0.109801,0.1
229,2,BSDF Heavy,0,High,2,High,2,14.9129,3415.06,0.11001,0.1
230,2,BSDF Heavy,0,High,2,High,2,14.8842,3407.9,0.10973,0.1
231,2,BSDF Heavy,0,High,2,High,2,15.0264,3439.64,0.110367,0.1
232,2,BSDF Heavy,0,High,2,High,2,14.8016,3390.17,0.110008,0.1
233,2,BSDF Heavy,0,High,2,High,2,14.8819,3407.85,0.110187,0.1
234,2,Light Heavy,2,High,2,Low,0,14.8363,3396.74,0.109813,0.1
235,0,BSDF Heavy,-2,Low,0,High,2,3.96486,916.761,0.0470621,0.1
236,2,BSDF Heavy,0,High,2,High,2,14.8208,3394.01,0.109599,0.1
237,2,BSDF Heavy,0,High,2,High,2,14.8903,3407.66,0.11006,0.1
238,2,BSDF Heavy,0,High,2,High,2,14.9734,3426.03,0.110204,0.1
239,2,BSDF Heavy,0,High,2,High,2,14.9582,3426.32,0.109873,0.1
240,2,BSDF Heavy,0,High,2,High,2,14.7695,3379.68,0.10963,0.1
241,2,BSDF Heavy,0,High,2,High,2,14.8179,3393.53,0.109859,0.1
242,2,BSDF Heavy,0,High,2,High,2,14.972,3428.21,0.110494,0.1
243,2,BSDF Heavy,0,High,2,High,2,14.9208,3415.09,0.110095,0.1
244,2,BSDF Heavy,0,High,2,High,2,14.8342,3395.89,0.10983,0.1
245,2,Light Heavy,2,High,2,Low,0,14.8412,3400.75,0.109192,0.1
246,0,BSDF Heavy,-2,Low,0,High,2,3.98272,919.871,0.0471065,0.1
247,2,Balanced,1,High,2,Medium,1,14.9298,3418.25,0.110309,0.1
248,1,BSDF Heavy,-1,Medium,1,High,2,8.66346,1982.2,0.0941802,0.1
249,2,Light Heavy,2,High,2,Low,0,14.7988,3389.12,0.109875,0.1
250,0,BSDF Heavy,-2,Low,0,High,2,3.95803,914.19,0.0468422,0.1
251,2,Light Heavy,2,High,2,Low,0,14.8098,3390.35,0.109479,0.1
252,0,BSDF Heavy,-2,Low,0,High,2,3.91075,901.891,0.0472666,0.1
253,2,BSDF Heavy,0,High,2,High,2,14.9037,3410.35,0.110177,0.1
254,2,BSDF Heavy,0,High,2,High,2,14.7797,3383.83,0.109394,0.1
255,2,BSDF Heavy,0,High,2,High,2,15.0212,3437.9,0.110174,0.1
256,2,BSDF Heavy,0,High,2,High,2,14.866,3404.29,0.109936,0.1
257,2,Light Heavy,2,High,2,Low,0,14.9806,3426.38,0.110625,0.1
258,0,BSDF Heavy,-2,Low,0,High,2,3.98836,922.411,0.0471759,0.1
259,2,Balanced,1,High,2,Medium,1,14.7821,3385.47,0.1093,0.1
260,1,BSDF Heavy,-1,Medium,1,High,2,8.73855,1998.78,0.0948881,0.1
261,2,BSDF Heavy,0,High,2,High,2,14.9598,3424.68,0.109794,0.1
262,2,BSDF Heavy,0,High,2,High,2,14.7588,3379.45,0.10951,0.1
263,2,BSDF Heavy,0,High,2,High,2,14.8783,3405.84,0.110374,0.1
264,2,BSDF Heavy,0,High,2,High,2,14.9367,3415.48,0.110596,0.1
265,2,BSDF Heavy,0,High,2,High,2,14.8678,3403.08,0.110305,0.1
266,2,BSDF Heavy,0,High,2,High,2,14.8931,3409.2,0.109896,0.1
267,2,BSDF Heavy,0,High,2,High,2,14.9172,3411.71,0.110349,0.1
268,2,BSDF Heavy,0,High,2,High,2,14.8742,3404.3,0.109948,0.1
269,2,BSDF Heavy,0,High,2,High,2,14.9207,3416.33,0.110382,0.1
270,2,BSDF Heavy,0,High,2,High,2,14.8049,3391.91,0.109342,0.1
271,2,BSDF Heavy,0,High,2,High,2,14.8018,3389.47,0.109566,0.1
272,2,BSDF Heavy,0,High,2,High,2,14.8185,3394.18,0.109533,0.1
273,2,BSDF Heavy,0,High,2,High,2,14.9299,3416.18,0.110318,0.1
274,2,BSDF Heavy,0,High,2,High,2,14.8655,3403.7,0.110179,0.1
275,2,BSDF Heavy,0,High,2,High,2,14.8967,3408.09,0.110332,0.1
276,2,BSDF Heavy,0,High,2,High,2,14.9073,3410.65,0.11001,0.1
277,2,Light Heavy,2,High,2,Low,0,14.7902,3389.04,0.109637,0.1
278,0,BSDF Heavy,-2,Low,0,High,2,3.92513,905.81,0.0472338,0.1
279,2,Light Heavy,2,High,2,Low,0,14.9908,3433.37,0.110237,0.1
280,0,BSDF Heavy,-2,Low,0,High,2,3.93232,907.424,0.0471103,0.1
281,2,BSDF Heavy,0,High,2,High,2,14.808,3392.03,0.109842,0.1
282,2,BSDF Heavy,0,High,2,High,2,14.9567,3425.35,0.110031,0.1
283,2,BSDF Heavy,0,High,2,High,2,14.8581,3402.56,0.109759,0.1
284,2,BSDF Heavy,0,High,2,High,2,14.7269,3372.81,0.109138,0.1
285,2,BSDF Heavy,0,High,2,High,2,14.8024,3387.9,0.110179,0.1
286,2,BSDF Heavy,0,High,2,High,2,15.0265,3441.06,0.110297,0.1
287,2,BSDF Heavy,0,High,2,High,2,14.9284,3416.17,0.11012,0.1
288,2,BSDF Heavy,0,High,2,High,2,14.948,3423.02,0.109877,0.1
289,2,BSDF Heavy,0,High,2,High,2,14.9608,3426.8,0.110552,0.1
290,2,BSDF Heavy,0,High,2,High,2,14.8483,3399.75,0.109508,0.1
291,2,BSDF Heavy,0,High,2,High,2,14.9195,3415.91,0.109799,0.1
292,2,BSDF Heavy,0,High,2,High,2,14.9231,3419.85,0.109909,0.1
293,2,BSDF Heavy,0,High,2,High,2,14.9003,3409.53,0.109705,0.1
294,2,BSDF Heavy,0,High,2,High,2,14.8548,3402.6,0.109664,0.1
295,2,BSDF Heavy,0,High,2,High,2,14.8781,3406.89,0.110199,0.1
296,2,BSDF Heavy,0,High,2,High,2,14.8158,3392.42,0.109865,0.1
297,2,BSDF Heavy,0,High,2,High,2,15.0106,3435.95,0.110367,0.1
298,2,BSDF Heavy,0,High,2,High,2,14.914,3410.22,0.110311,0.1
299,2,BSDF Heavy,0,High,2,High,2,14.9689,3427.38,0.110804,0.1
300,2,BSDF Heavy,0,High,2,High,2,14.9008,3409.63,0.110083,0.1
301,2,BSDF Heavy,0,High,2,High,2,14.9591,3424.39,0.110509,0.1
302,2,Light Heavy,2,High,2,Low,0,14.909,3413.59,0.110345,0.1
303,0,BSDF Heavy,-2,Low,0,High,2,3.94109,908.838,0.0477006,0.1
304,2,Balanced,1,High,2,Medium,1,14.8214,3395.3,0.109657,0.1
305,1,BSDF Heavy,-1,Medium,1,High,2,8.68596,1985.09,0.0946644,0.1
306,2,BSDF Heavy,0,High,2,High,2,14.8616,3406.78,0.109419,0.1
307,2,BSDF Heavy,0,High,2,High,2,14.9112,3411.72,0.109674,0.1
308,2,BSDF Heavy,0,High,2,High,2,14.9122,3414.32,0.110091,0.1
309,2,BSDF Heavy,0,High,2,High,2,14.8029,3388.89,0.11001,0.1
310,2,BSDF Heavy,0,High,2,High,2,14.941,3423.7,0.109938,0.1
311,2,BSDF Heavy,0,High,2,High,2,14.7702,3381.43,0.10928,0.1
312,2,BSDF Heavy,0,High,2,High,2,14.892,3408.88,0.110033,0.1
313,2,BSDF Heavy,0,High,2,High,2,14.8156,3391.49,0.109757,0.1
314,2,BSDF Heavy,0,High,2,High,2,14.9737,3425.74,0.110945,0.1
315,2,BSDF Heavy,0,High,2,High,2,14.9062,3412.19,0.109882,0.1
316,2,BSDF Heavy,0,High,2,High,2,14.8734,3404.38,0.109759,0.1
317,2,BSDF Heavy,0,High,2,High,2,14.9863,3428.72,0.110918,0.1
318,2,BSDF Heavy,0,High,2,High,2,14.8576,3400.03,0.110276,0.1
319,2,BSDF Heavy,0,High,2,High,2,14.8646,3400.33,0.110282,0.1
320,2,BSDF Heavy,0,High,2,High,2,14.9005,3408.53,0.109796,0.1
321,2,Light Heavy,2,High,2,Low,0,14.8576,3401.74,0.109448,0.1
322,0,Light Heavy,0,Low,0,Low,0,3.91171,903.241,0.046522,0.1
323,0,Light Heavy,0,Low,0,Low,0,3.88345,896.353,0.0466686,0.1
324,0,Light Heavy,0,Low,0,Low,0,3.94021,908.657,0.047608,0.1
325,0,Light Heavy,0,Low,0,Low,0,3.92723,906.308,0.0471509,0.1
326,0,Light Heavy,0,Low,0,Low,0,3.95824,913.246,0.0471296,0.1
327,0,Light Heavy,0,Low,0,Low,0,3.92574,906.399,0.0469985,0.1
328,0,Light Heavy,0,Low,0,Low,0,3.94581,911.102,0.0469116,0.1
329,0,Balanced,-1,Low,0,Medium,1,3.91347,903.448,0.0468634,0.1
330,1,Light Heavy,1,Medium,1,Low,0,8.66256,1982.19,0.094103,0.1
331,0,Light Heavy,0,Low,0,Low,0,3.96197,915.285,0.0472087,0.1
332,0,Light Heavy,0,Low,0,Low,0,3.94686,911.904,0.0470949,0.1
333,0,BSDF Heavy,-2,Low,0,High,2,3.89899,900.039,0.0465606,0.1
334,2,Light Heavy,2,High,2,Low,0,14.9317,3418.01,0.109788,0.1
335,0,BSDF Heavy,-2,Low,0,High,2,3.95323,913.162,0.0471489,0.1
336,2,BSDF Heavy,0,High,2,High,2,14.9686,3422.82,0.11076,0.1
337,2,BSDF Heavy,0,High,2,High,2,14.9793,3431.12,0.109936,0.1
338,2,BSDF Heavy,0,High,2,High,2,14.8688,3401.29,0.110137,0.1
339,2,BSDF Heavy,0,High,2,High,2,14.9184,3414.97,0.11044,0.1
340,2,BSDF Heavy,0,High,2,High,2,14.8167,3394.16,0.109662,0.1
341,2,BSDF Heavy,0,High,2,High,2,14.9138,3414.52,0.110226,0.1
342,2,BSDF Heavy,0,High,2,High,2,14.8059,3389.43,0.109742,0.1
343,2,BSDF Heavy,0,High,2,High,2,14.9306,3418.72,0.109882,0.1
344,2,BSDF Heavy,0,High,2,High,2,14.9255,3415.15,0.110019,0.1
345,2,BSDF Heavy,0,High,2,High,2,14.9404,3423.67,0.109334,0.1
346,2,BSDF Heavy,0,High,2,High,2,14.8666,3402.42,0.110077,0.1
347,2,BSDF Heavy,0,High,2,High,2,15.0311,3441.33,0.11061,0.1
348,2,BSDF Heavy,0,High,2,High,2,14.9019,3411.59,0.110166,0.1
349,2,BSDF Heavy,0,High,2,High,2,14.8733,3405.46,0.109782,0.1
350,2,BSDF Heavy,0,High,2,High,2,14.9334,3418.9,0.110042,0.1
351,2,Light Heavy,2,High,2,Low,0,14.7927,3389.72,0.109483,0.1
352,0,BSDF Heavy,-2,Low,0,High,2,3.9059,900.931,0.0471161,0.1
353,2,Balanced,1,High,2,Medium,1,14.7377,3375.91,0.109232,0.1
354,1,BSDF Heavy,-1,Medium,1,High,2,8.75025,2002.5,0.0943846,0.1
355,2,Light Heavy,2,High,2,Low,0,14.9804,3428.43,0.110291,0.1
356,0,BSDF Heavy,-2,Low,0,High,2,3.92635,905.884,0.0472106,0.1
357,2,Light Heavy,2,High,2,Low,0,14.9046,3414.22,0.109608,0.1
358,0,BSDF Heavy,-2,Low,0,High,2,3.93229,907.18,0.0472531,0.1
359,2,BSDF Heavy,0,High,2,High,2,14.944,3420.9,0.109878,0.1
360,2,BSDF Heavy,0,High,2,High,2,14.812,3389.85,0.110058,0.1
361,2,BSDF Heavy,0,High,2,High,2,14.8378,3398.84,0.109446,0.1
362,2,BSDF Heavy,0,High,2,High,2,14.8182,3395.37,0.109203,0.1
363,2,BSDF Heavy,0,High,2,High,2,14.8287,3395.34,0.109782,0.1
364,2,BSDF Heavy,0,High,2,High,2,14.9078,3411.74,0.110106,0.1
365,2,BSDF Heavy,0,High,2,High,2,14.8352,3394.53,0.109915,0.1
366,2,BSDF Heavy,0,High,2,High,2,14.8926,3409.47,0.110091,0.1
367,2,BSDF Heavy,0,High,2,High,2,14.7962,3387.8,0.109601,0.1
368,2,BSDF Heavy,0,High,2,High,2,14.9992,3434.11,0.110341,0.1
369,2,BSDF Heavy,0,High,2,High,2,14.8542,3402.2,0.109236,0.1
370,2,BSDF Heavy,0,High,2,High,2,14.9862,3432.06,0.110187,0.1
371,2,BSDF Heavy,0,High,2,High,2,14.8243,3393.31,0.109898,0.1
372,2,BSDF Heavy,0,High,2,High,2,14.8568,3403.52,0.109587,0.1
373,2,BSDF Heavy,0,High,2,High,2,14.894,3407.94,0.110102,0.1
374,2,Balanced,1,High,2,Medium,1,14.9731,3426.6,0.110222,0.1
375,1,BSDF Heavy,-1,Medium,1,High,2,8.664,1981.83,0.0940606,0.1
376,2,Light Heavy,2,High,2,Low,0,14.7685,3379.32,0.10974,0.1
377,0,Light Heavy,0,Low,0,Low,0,3.93764,908.314,0.0473283,0.1
378,0,Balanced,-1,Low,0,Medium,1,3.96374,915.562,0.047174,0.1
379,1,Balanced,0,Medium,1,Medium,1,8.72737,1996.21,0.0947492,0.1
380,1,Balanced,0,Medium,1,Medium,1,8.68923,1988.74,0.0942901,0.1
381,1,Balanced,0,Medium,1,Medium,1,8.74694,1999.7,0.0946759,0.1
382,1,Balanced,0,Medium,1,Medium,1,8.71229,1993.35,0.0944579,0.1
383,1,Balanced,0,Medium,1,Medium,1,8.6747,1984.35,0.0943383,0.1
384,1,Balanced,0,Medium,1,Medium,1,8.64679,1978.1,0.0937191,0.1
385,1,Balanced,0,Medium,1,Medium,1,8.65116,1980.38,0.0939776,0.1
386,1,Balanced,0,Medium,1,Medium,1,8.74313,2001.26,0.0940471,0.1
387,1,Balanced,0,Medium,1,Medium,1,8.5957,1964.13,0.0938407,0.1
388,1,Balanced,0,Medium,1,Medium,1,8.63086,1974.66,0.0937886,0.1
389,1,Balanced,0,Medium,1,Medium,1,8.69569,1988.54,0.0941898,0.1
390,1,Balanced,0,Medium,1,Medium,1,8.74136,2000.66,0.0946258,0.1
391,1,Balanced,0,Medium,1,Medium,1,8.56097,1956.99,0.0940374,0.1
392,1,Balanced,0,Medium,1,Medium,1,8.67496,1983.17,0.0947608,0.1
393,1,Balanced,0,Medium,1,Medium,1,8.59749,1967.05,0.0934741,0.1
394,1,Balanced,0,Medium,1,Medium,1,8.60886,1968.51,0.09386,0.1
395,1,Light Heavy,1,Medium,1,Low,0,8.61759,1970.44,0.0944579,0.1
396,0,Balanced,-1,Low,0,Medium,1,3.95658,913.091,0.0475096,0.1
397,1,Balanced,0,Medium,1,Medium,1,8.73171,1997.91,0.0946836,0.1
398,1,Balanced,0,Medium,1,Medium,1,8.62979,1975.02,0.094348,0.1
399,1,Balanced,0,Medium,1,Medium,1,8.68779,1986.48,0.0948785,0.1
400,1,Balanced,0,Medium,1,Medium,1,8.73444,1998.32,0.0949595,0.1
401,1,Balanced,0,Medium,1,Medium,1,8.65728,1978.24,0.0947222,0.1
402,1,Balanced,0,Medium,1,Medium,1,8.71243,1994.4,0.0944309,0.1
403,1,Balanced,0,Medium,1,Medium,1,8.58744,1964.24,0.09413,0.1
404,1,Balanced,0,Medium,1,Medium,1,8.7081,1992.9,0.0940721,0.1
405,1,Light Heavy,1,Medium,1,Low,0,8.60359,1967.95,0.0940876,0.1
406,0,Balanced,-1,Low,0,Medium,1,4.01228,927.487,0.0476833,0.1
407,1,BSDF Heavy,-1,Medium,1,High,2,8.73779,1998.77,0.0945332,0.1
408,2,Balanced,1,High,2,Medium,1,14.9917,3432.81,0.11021,0.1
409,1,BSDF Heavy,-1,Medium,1,High,2,8.76072,2004.51,0.0949171,0.1
410,2,Balanced,1,High,2,Medium,1,14.789,3384.61,0.109767,0.1
411,1,BSDF Heavy,-1,Medium,1,High,2,8.69246,1987.93,0.0944907,0.1
412,2,Light Heavy,2,High,2,Low,0,14.903,3412.46,0.110235,0.1
413,0,BSDF Heavy,-2,Low,0,High,2,3.92588,906.783,0.0470255,0.1
414,2,Light Heavy,2,High,2,Low,0,15.0078,3434.08,0.110139,0.1
415,0,Light Heavy,0,Low,0,Low,0,3.94733,910.998,0.0472627,0.1
416,0,BSDF Heavy,-2,Low,0,High,2,3.92182,904.906,0.0471856,0.1
417,2,BSDF Heavy,0,High,2,High,2,14.8793,3408.61,0.109356,0.1
418,2,BSDF Heavy,0,High,2,High,2,14.8628,3402.94,0.109863,0.1
419,2,BSDF Heavy,0,High,2,High,2,14.9386,3416.15,0.110833,0.1
420,2,BSDF Heavy,0,High,2,High,2,14.8655,3403.22,0.110255,0.1
421,2,BSDF Heavy,0,High,2,High,2,14.8953,3407.29,0.110044,0.1
422,2,BSDF Heavy,0,High,2,High,2,14.8465,3400.09,0.109703,0.1
423,2,BSDF Heavy,0,High,2,High,2,14.9171,3414.59,0.110156,0.1
424,2,BSDF Heavy,0,High,2,High,2,14.997,3433.35,0.110301,0.1
425,2,BSDF Heavy,0,High,2,High,2,14.7846,3386.53,0.109319,0.1
426,2,BSDF Heavy,0,High,2,High,2,14.8505,3400.09,0.109541,0.1
427,2,BSDF Heavy,0,High,2,High,2,14.8759,3405.4,0.109882,0.1
428,2,BSDF Heavy,0,High,2,High,2,14.9691,3429.42,0.110106,0.1
429,2,BSDF Heavy,0,High,2,High,2,14.9307,3417.99,0.110422,0.1
430,2,Balanced,1,High,2,Medium,1,14.8869,3408.04,0.110349,0.1
431,1,BSDF Heavy,-1,Medium,1,High,2,8.63932,1975.72,0.0944444,0.1
432,2,BSDF Heavy,0,High,2,High,2,14.9471,3423.59,0.109782,0.1
433,2,BSDF Heavy,0,High,2,High,2,14.9444,3420.73,0.110368,0.1
434,2,BSDF Heavy,0,High,2,High,2,14.894,3412.16,0.109892,0.1
435,2,BSDF Heavy,0,High,2,High,2,14.8625,3403.82,0.109541,0.1
436,2,BSDF Heavy,0,High,2,High,2,14.8796,3407.61,0.110152,0.1
437,2,BSDF Heavy,0,High,2,High,2,14.8807,3409.62,0.109348,0.1
438,2,BSDF Heavy,0,High,2,High,2,14.8807,3405.83,0.110081,0.1
439,2,BSDF Heavy,0,High,2,High,2,14.8457,3399.37,0.10946,0.1
440,2,BSDF Heavy,0,High,2,High,2,14.8005,3388.44,0.109971,0.1
441,2,BSDF Heavy,0,High,2,High,2,14.7563,3379.61,0.109321,0.1
442,2,BSDF Heavy,0,High,2,High,2,14.8132,3394.07,0.109217,0.1
443,2,BSDF Heavy,0,High,2,High,2,14.8847,3407.58,0.110287,0.1
444,2,BSDF Heavy,0,High,2,High,2,14.8426,3396.71,0.110139,0.1
445,2,BSDF Heavy,0,High,2,High,2,14.8886,3408.96,0.109942,0.1
446,2,Balanced,1,High,2,Medium,1,14.8092,3388.58,0.11006,0.1
447,1,BSDF Heavy,-1,Medium,1,High,2,8.6636,1981.3,0.0939352,0.1
448,2,Balanced,1,High,2,Medium,1,14.7797,3382.09,0.109448,0.1
449,1,BSDF Heavy,-1,Medium,1,High,2,8.69389,1988.48,0.0944001,0.1
450,2,Light Heavy,2,High,2,Low,0,14.8458,3400.16,0.109514,0.1
451,0,BSDF Heavy,-2,Low,0,High,2,3.93559,908.839,0.0469869,0.1
452,2,Balanced,1,High,2,Medium,1,14.9307,3414.97,0.110961,0.1
453,1,Light Heavy,1,Medium,1,Low,0,8.83334,2021.07,0.095135,0.1
454,0,BSDF Heavy,-2,Low,0,High,2,3.92843,906.457,0.0473148,0.1
455,2,Light Heavy,2,High,2,Low,0,14.8555,3401.26,0.110442,0.1
456,0,BSDF Heavy,-2,Low,0,High,2,3.94413,910.206,0.0469001,0.1
457,2,BSDF Heavy,0,High,2,High,2,14.8715,3406.92,0.110069,0.1
458,2,Balanced,1,High,2,Medium,1,14.867,3403.86,0.110397,0.1
459,1,BSDF Heavy,-1,Medium,1,High,2,8.7427,2001.23,0.0942554,0.1
460,2,BSDF Heavy,0,High,2,High,2,14.829,3395.99,0.109742,0.1
461,2,BSDF Heavy,0,High,2,High,2,15.0073,3435.02,0.110087,0.1
462,2,BSDF Heavy,0,High,2,High,2,15.0256,3438.64,0.110656,0.1
463,2,BSDF Heavy,0,High,2,High,2,14.954,3422.29,0.110679,0.1
464,2,BSDF Heavy,0,High,2,High,2,14.817,3393.38,0.109711,0.1
465,2,BSDF Heavy,0,High,2,High,2,14.8294,3395.14,0.109871,0.1
466,2,BSDF Heavy,0,High,2,High,2,14.8915,3407.86,0.109983,0.1
467,2,BSDF Heavy,0,High,2,High,2,14.9315,3415.97,0.111063,0.1
468,2,BSDF Heavy,0,High,2,High,2,14.8744,3406.21,0.10995,0.1
469,2,BSDF Heavy,0,High,2,High,2,14.9237,3413.33,0.110448,0.1
470,2,BSDF Heavy,0,High,2,High,2,14.9961,3434.27,0.110212,0.1
471,2,BSDF Heavy,0,High,2,High,2,14.8947,3410.52,0.109985,0.1
472,2,BSDF Heavy,0,High,2,High,2,14.9305,3419.4,0.110002,0.1
473,2,BSDF Heavy,0,High,2,High,2,14.7759,3383.57,0.10907,0.1
474,2,BSDF Heavy,0,High,2,High,2,14.8451,3400.98,0.109506,0.1
475,2,BSDF Heavy,0,High,2,High,2,14.7468,3374.84,0.109875,0.1
476,2,BSDF Heavy,0,High,2,High,2,14.9626,3425.72,0.110482,0.1
477,2,BSDF Heavy,0,High,2,High,2,14.9593,3425.39,0.110183,0.1
478,2,BSDF Heavy,0,High,2,High,2,14.8646,3404.1,0.109884,0.1
479,2,BSDF Heavy,0,High,2,High,2,15.0128,3437.22,0.110598,0.1
480,2,BSDF Heavy,0,High,2,High,2,14.7709,3383.62,0.109263,0.1
481,2,BSDF Heavy,0,High,2,High,2,14.8948,3412.12,0.110033,0.1
482,2,BSDF Heavy,0,High,2,High,2,14.7949,3385.68,0.110334,0.1
483,2,BSDF Heavy,0,High,2,High,2,14.8848,3407.35,0.110255,0.1
484,2,BSDF Heavy,0,High,2,High,2,14.9684,3425.43,0.110656,0.1
485,2,BSDF Heavy,0,High,2,High,2,14.8155,3392.64,0.109416,0.1
486,2,Balanced,1,High,2,Medium,1,14.771,3380.25,0.10989,0.1
487,1,BSDF Heavy,-1,Medium,1,High,2,8.67477,1984.81,0.0941667,0.1
488,2,BSDF Heavy,0,High,2,High,2,14.8404,3398.03,0.10947,0.1
489,2,BSDF Heavy,0,High,2,High,2,14.9013,3412.31,0.110122,0.1
490,2,BSDF Heavy,0,High,2,High,2,14.8789,3409.22,0.109616,0.1
491,2,BSDF Heavy,0,High,2,High,2,14.8143,3394.79,0.109593,0.1
492,2,BSDF Heavy,0,High,2,High,2,14.824,3394.86,0.109493,0.1
493,2,BSDF Heavy,0,High,2,High,2,14.8307,3397.62,0.109919,0.1
494,2,BSDF Heavy,0,High,2,High,2,14.9389,3419.01,0.110334,0.1
495,2,Light Heavy,2,High,2,Low,0,14.8526,3401.39,0.109842,0.1
496,0,BSDF Heavy,-2,Low,0,High,2,3.95792,913.145,0.0473708,0.1
497,2,Balanced,1,High,2,Medium,1,14.8011,3391.58,0.109531,0.1
498,1,BSDF Heavy,-1,Medium,1,High,2,8.70359,1990.65,0.0947145,0.1
499,2,Balanced,1,High,2,Medium,1,14.9418,3417.63,0.109927,0.1
500,1,BSDF Heavy,-1,Medium,1,High,2,8.65741,1979.66,0.0946219,0.1
501,2,BSDF Heavy,0,High,2,High,2,14.9097,3412.07,0.109869,0.1
502,2,BSDF Heavy,0,High,2,High,2,14.8669,3405.42,0.109425,0.1
503,2,BSDF Heavy,0,High,2,High,2,14.8045,3388.57,0.109572,0.1
504,2,BSDF Heavy,0,High,2,High,2,14.8607,3400.58,0.110594,0.1
505,2,BSDF Heavy,0,High,2,High,2,14.8786,3406.45,0.109942,0.1
506,2,BSDF Heavy,0,High,2,High,2,14.8043,3391.2,0.109562,0.1
507,2,BSDF Heavy,0,High,2,High,2,14.9674,3425.4,0.110164,0.1
508,2,BSDF Heavy,0,High,2,High,2,14.9315,3416.26,0.110611,0.1
509,2,BSDF Heavy,0,High,2,High,2,14.7932,3387.79,0.109693,0.1
510,2,BSDF Heavy,0,High,2,High,2,14.8556,3405.01,0.109697,0.1
511,2,BSDF Heavy,0,High,2,High,2,14.9113,3415.36,0.109896,0.1
512,2,BSDF Heavy,0,High,2,High,2,14.8565,3400.06,0.109936,0.1
513,2,BSDF Heavy,0,High,2,High,2,14.8878,3408.12,0.11006,0.1
514,2,BSDF Heavy,0,High,2,High,2,14.8482,3398.75,0.109554,0.1
515,2,BSDF Heavy,0,High,2,High,2,14.89,3411.31,0.109909,0.1
516,2,BSDF Heavy,0,High,2,High,2,14.822,3390.98,0.109944,0.1
517,2,BSDF Heavy,0,High,2,High,2,14.9388,3417.44,0.110671,0.1
518,2,Light Heavy,2,High,2,Low,0,14.9574,3423.23,0.110723,0.1
519,0,BSDF Heavy,-2,Low,0,High,2,3.97698,919.007,0.0472647,0.1
520,2,Light Heavy,2,High,2,Low,0,14.8449,3397.22,0.110058,0.1
521,0,BSDF Heavy,-2,Low,0,High,2,3.94923,912.528,0.0467188,0.1
522,2,BSDF Heavy,0,High,2,High,2,14.8424,3397.91,0.110008,0.1
523,2,BSDF Heavy,0,High,2,High,2,14.8799,3402.38,0.110031,0.1
524,2,BSDF Heavy,0,High,2,High,2,14.8326,3394.74,0.109755,0.1
525,2,BSDF Heavy,0,High,2,High,2,14.9671,3424.19,0.110463,0.1
526,2,BSDF Heavy,0,High,2,High,2,14.9131,3412.66,0.110316,0.1
527,2,BSDF Heavy,0,High,2,High,2,14.777,3381.7,0.1101,0.1
528,2,BSDF Heavy,0,High,2,High,2,14.9169,3414.66,0.110461,0.1
529,2,BSDF Heavy,0,High,2,High,2,14.8182,3391.95,0.109693,0.1
530,2,BSDF Heavy,0,High,2,High,2,14.8502,3400.28,0.109589,0.1
531,2,BSDF Heavy,0,High,2,High,2,14.9262,3416.94,0.11017,0.1
532,2,BSDF Heavy,0,High,2,High,2,14.9025,3411.63,0.110071,0.1
533,2,BSDF Heavy,0,High,2,High,2,14.8674,3406.1,0.10979,0.1
534,2,BSDF Heavy,0,High,2,High,2,14.9483,3423.5,0.110438,0.1
535,2,BSDF Heavy,0,High,2,High,2,14.8625,3402.84,0.10972,0.1
536,2,BSDF Heavy,0,High,2,High,2,14.9079,3410.89,0.110367,0.1
537,2,BSDF Heavy,0,High,2,High,2,14.9105,3411.22,0.110197,0.1
538,2,BSDF Heavy,0,High,2,High,2,14.9466,3422.16,0.110463,0.1
539,2,Light Heavy,2,High,2,Low,0,14.9273,3419.51,0.109659,0.1
540,0,BSDF Heavy,-2,Low,0,High,2,3.88978,897.511,0.0471798,0.1
541,2,Balanced,1,High,2,Medium,1,14.9605,3425.11,0.110639,0.1
542,1,BSDF Heavy,-1,Medium,1,High,2,8.6989,1989.05,0.0942535,0.1
543,2,Light Heavy,2,High,2,Low,0,14.8909,3409.38,0.110073,0.1
544,0,BSDF Heavy,-2,Low,0,High,2,3.91171,902.565,0.047064,0.1
545,2,BSDF Heavy,0,High,2,High,2,14.781,3384.77,0.109495,0.1
546,2,BSDF Heavy,0,High,2,High,2,14.8628,3398.58,0.110476,0.1
547,2,BSDF Heavy,0,High,2,High,2,14.8655,3403.28,0.110502,0.1
548,2,BSDF Heavy,0,High,2,High,2,14.8348,3396.29,0.109973,0.1
549,2,Light Heavy,2,High,2,Low,0,14.8808,3408.6,0.109907,0.1
550,0,BSDF Heavy,-2,Low,0,High,2,3.94872,912.26,0.047064,0.1
551,2,Light Heavy,2,High,2,Low,0,14.8474,3399.86,0.109581,0.1
552,0,BSDF Heavy,-2,Low,0,High,2,3.90389,901.204,0.0468422,0.1
553,2,Balanced,1,High,2,Medium,1,14.9018,3412.13,0.110235,0.1
554,1,BSDF Heavy,-1,Medium,1,High,2,8.65595,1980.99,0.0943036,0.1
555,2,Balanced,1,High,2,Medium,1,14.7885,3392.84,0.108505,0.1
556,1,Light Heavy,1,Medium,1,Low,0,8.7605,2004.12,0.0943229,0.1
557,0,Light Heavy,0,Low,0,Low,0,3.97328,917.596,0.0471721,0.1
558,0,BSDF Heavy,-2,Low,0,High,2,3.98864,921.605,0.0471894,0.1
559,2,BSDF Heavy,0,High,2,High,2,14.8676,3404.29,0.110228,0.1
560,2,BSDF Heavy,0,High,2,High,2,14.8434,3398.71,0.109913,0.1
561,2,BSDF Heavy,0,High,2,High,2,14.952,3422.11,0.110241,0.1
562,2,BSDF Heavy,0,High,2,High,2,14.8466,3397.91,0.109448,0.1
563,2,BSDF Heavy,0,High,2,High,2,14.8122,3390.22,0.109356,0.1
564,2,BSDF Heavy,0,High,2,High,2,14.8502,3398.72,0.11016,0.1
565,2,BSDF Heavy,0,High,2,High,2,14.7302,3374.11,0.109992,0.1
566,2,Light Heavy,2,High,2,Low,0,14.963,3424.95,0.110449,0.1
567,0,BSDF Heavy,-2,Low,0,High,2,3.94132,908.961,0.0475752,0.1
568,2,BSDF Heavy,0,High,2,High,2,14.7491,3377.75,0.109012,0.1
569,2,BSDF Heavy,0,High,2,High,2,14.8997,3410.21,0.109919,0.1
570,2,BSDF Heavy,0,High,2,High,2,14.8689,3402.94,0.10978,0.1
571,2,BSDF Heavy,0,High,2,High,2,14.9131,3413.49,0.110326,0.1
572,2,BSDF Heavy,0,High,2,High,2,14.7947,3389.52,0.108972,0.1
573,2,Balanced,1,High,2,Medium,1,14.8645,3402.31,0.109743,0.1
574,1,BSDF Heavy,-1,Medium,1,High,2,8.65553,1979.45,0.0945737,0.1
575,2,Light Heavy,2,High,2,Low,0,14.8601,3400.39,0.110542,0.1
576,0,BSDF Heavy,-2,Low,0,High,2,3.88426,896.043,0.0467612,0.1
577,2,Light Heavy,2,High,2,Low,0,14.8674,3402.21,0.110316,0.1
578,0,BSDF Heavy,-2,Low,0,High,2,3.92185,907.739,0.0465394,0.1
579,2,Balanced,1,High,2,Medium,1,14.8236,3396.47,0.109728,0.1
580,1,BSDF Heavy,-1,Medium,1,High,2,8.72776,1995.33,0.0946431,0.1
581,2,BSDF Heavy,0,High,2,High,2,14.8599,3401.19,0.11,0.1
582,2,BSDF Heavy,0,High,2,High,2,14.899,3411.15,0.109358,0.1
583,2,Light Heavy,2,High,2,Low,0,14.9019,3411.16,0.11016,0.1
584,0,BSDF Heavy,-2,Low,0,High,2,3.93356,908.871,0.0468673,0.1
585,2,Light Heavy,2,High,2,Low,0,14.737,3375,0.109558,0.1
586,0,BSDF Heavy,-2,Low,0,High,2,3.97807,919.318,0.0470312,0.1
587,2,Balanced,1,High,2,Medium,1,14.8879,3406.35,0.110154,0.1
588,1,Light Heavy,1,Medium,1,Low,0,8.67395,1981.9,0.0944136,0.1
589,0,Balanced,-1,Low,0,Medium,1,3.9395,910.207,0.0469599,0.1
590,1,BSDF Heavy,-1,Medium,1,High,2,8.66493,1981.6,0.094456,0.1
591,2,Balanced,1,High,2,Medium,1,14.8666,3402.19,0.109967,0.1
592,1,BSDF Heavy,-1,Medium,1,High,2,8.60017,1968.67,0.0935069,0.1
593,2,Balanced,1,High,2,Medium,1,14.9079,3416.48,0.109203,0.1
594,1,BSDF Heavy,-1,Medium,1,High,2,8.66632,1981.61,0.0937384,0.1
595,2,Light Heavy,2,High,2,Low,0,14.9833,3429,0.110513,0.1
596,0,BSDF Heavy,-2,Low,0,High,2,3.95831,915.02,0.047174,0.1
597,2,Light Heavy,2,High,2,Low,0,14.8093,3392.09,0.109205,0.1
598,0,BSDF Heavy,-2,Low,0,High,2,3.92126,903.846,0.0470795,0.1
599,2,BSDF Heavy,0,High,2,High,2,14.8641,3401.58,0.109657,0.1
600,2,BSDF Heavy,0,High,2,High,2,14.8694,3404.87,0.109826,0.1
601,2,Balanced,1,High,2,Medium,1,14.8834,3406.56,0.109977,0.1
602,1,BSDF Heavy,-1,Medium,1,High,2,8.72934,1996.11,0.0946219,0.1
603,2,Balanced,1,High,2,Medium,1,14.8815,3406.77,0.109361,0.1
604,1,BSDF Heavy,-1,Medium,1,High,2,8.68337,1985.39,0.094674,0.1
605,2,Light Heavy,2,High,2,Low,0,14.8216,3392.41,0.10946,0.1
606,0,BSDF Heavy,-2,Low,0,High,2,4.01021,927.049,0.0473708,0.1
607,2,Balanced,1,High,2,Medium,1,14.8099,3390.37,0.110056,0.1
608,1,BSDF Heavy,-1,Medium,1,High,2,8.61748,1971.3,0.0937095,0.1
609,2,Light Heavy,2,High,2,Low,0,14.8513,3400.67,0.109844,0.1
610,0,BSDF Heavy,-2,Low,0,High,2,3.97672,917.739,0.0475424,0.1
611,2,BSDF Heavy,0,High,2,High,2,14.9303,3419.33,0.110311,0.1
612,2,BSDF Heavy,0,High,2,High,2,14.9221,3417.27,0.109896,0.1
613,2,BSDF Heavy,0,High,2,High,2,14.8129,3392.59,0.109525,0.1
614,2,BSDF Heavy,0,High,2,High,2,14.7957,3386.82,0.109724,0.1
615,2,BSDF Heavy,0,High,2,High,2,14.9532,3423.8,0.110064,0.1
616,2,BSDF Heavy,0,High,2,High,2,14.8957,3412.01,0.10977,0.1
617,2,BSDF Heavy,0,High,2,High,2,14.8801,3405.61,0.110463,0.1
618,2,BSDF Heavy,0,High,2,High,2,14.8116,3390.63,0.109579,0.1
619,2,BSDF Heavy,0,High,2,High,2,14.8515,3402.43,0.109481,0.1
620,2,BSDF Heavy,0,High,2,High,2,14.8685,3404.17,0.109302,0.1
621,2,BSDF Heavy,0,High,2,High,2,14.8551,3401.93,0.109576,0.1
622,2,BSDF Heavy,0,High,2,High,2,14.8538,3399.89,0.109514,0.1
623,2,BSDF Heavy,0,High,2,High,2,14.8614,3402.81,0.109477,0.1
624,2,BSDF Heavy,0,High,2,High,2,14.9186,3416.56,0.109952,0.1
625,2,BSDF Heavy,0,High,2,High,2,15.0277,3440.89,0.110201,0.1
626,2,BSDF Heavy,0,High,2,High,2,14.9474,3421.29,0.110291,0.1
627,2,BSDF Heavy,0,High,2,High,2,14.8533,3401.36,0.109755,0.1
628,2,BSDF Heavy,0,High,2,High,2,14.9419,3419.95,0.110303,0.1
629,2,BSDF Heavy,0,High,2,High,2,14.9138,3413.31,0.110012,0.1
630,2,BSDF Heavy,0,High,2,High,2,15.0684,3446.89,0.110909,0.1
631,2,BSDF Heavy,0,High,2,High,2,14.9492,3424.18,0.109861,0.1
632,2,BSDF Heavy,0,High,2,High,2,14.8288,3396.09,0.10941,0.1
633,2,BSDF Heavy,0,High,2,High,2,14.8569,3401.34,0.110091,0.1
634,2,BSDF Heavy,0,High,2,High,2,14.9285,3417.69,0.110264,0.1
635,2,BSDF Heavy,0,High,2,High,2,14.8954,3410.68,0.109961,0.1
636,2,BSDF Heavy,0,High,2,High,2,14.9156,3413.14,0.110392,0.1
637,2,BSDF Heavy,0,High,2,High,2,14.821,3394.5,0.109198,0.1
638,2,BSDF Heavy,0,High,2,High,2,14.8696,3402.38,0.110019,0.1
639,2,BSDF Heavy,0,High,2,High,2,14.883,3409.57,0.109537,0.1
640,2,Balanced,1,High,2,Medium,1,14.8239,3391.98,0.109639,0.1
641,1,BSDF Heavy,-1,Medium,1,High,2,8.67594,1983.3,0.0942747,0.1
642,2,Balanced,1,High,2,Medium,1,14.8151,3395.21,0.109277,0.1
643,1,BSDF Heavy,-1,Medium,1,High,2,8.61816,1970.72,0.0939699,0.1
644,2,BSDF Heavy,0,High,2,High,2,14.8495,3401.11,0.109774,0.1
645,2,BSDF Heavy,0,High,2,High,2,14.8312,3397.34,0.109196,0.1
646,2,BSDF Heavy,0,High,2,High,2,15.0295,3437.13,0.110953,0.1
647,2,BSDF Heavy,0,High,2,High,2,14.8929,3409.96,0.109898,0.1
648,2,BSDF Heavy,0,High,2,High,2,14.8638,3403.34,0.109954,0.1
649,2,BSDF Heavy,0,High,2,High,2,14.9603,3427.89,0.110141,0.1
650,2,Light Heavy,2,High,2,Low,0,14.8111,3388.76,0.110019,0.1
651,0,BSDF Heavy,-2,Low,0,High,2,3.938,910.042,0.0471296,0.1
652,2,Light Heavy,2,High,2,Low,0,14.8823,3405.84,0.11027,0.1
653,0,Balanced,-1,Low,0,Medium,1,3.94399,910.633,0.047174,0.1
654,1,Balanced,0,Medium,1,Medium,1,8.61442,1970.76,0.0936825,0.1
655,1,Light Heavy,1,Medium,1,Low,0,8.6485,1978.43,0.0942786,0.1
656,0,Light Heavy,0,Low,0,Low,0,3.88944,896.191,0.0471933,0.1
657,0,BSDF Heavy,-2,Low,0,High,2,3.96638,915.078,0.0474826,0.1
658,2,BSDF Heavy,0,High,2,High,2,14.9345,3418.85,0.11017,0.1
659,2,BSDF Heavy,0,High,2,High,2,14.8621,3402.64,0.109938,0.1
660,2,BSDF Heavy,0,High,2,High,2,14.9238,3412.37,0.110868,0.1
661,2,BSDF Heavy,0,High,2,High,2,14.8083,3390.28,0.109832,0.1
662,2,BSDF Heavy,0,High,2,High,2,15.0462,3441.61,0.110777,0.1
663,2,BSDF Heavy,0,High,2,High,2,14.9197,3415.01,0.110226,0.1
664,2,BSDF Heavy,0,High,2,High,2,14.8781,3403.84,0.109878,0.1
665,2,Light Heavy,2,High,2,Low,0,14.8877,3410.19,0.110285,0.1
666,0,BSDF Heavy,-2,Low,0,High,2,3.98179,920.032,0.0472685,0.1
667,2,BSDF Heavy,0,High,2,High,2,14.9591,3424.75,0.110394,0.1
668,2,BSDF Heavy,0,High,2,High,2,14.9774,3428.3,0.110384,0.1
669,2,BSDF Heavy,0,High,2,High,2,14.914,3413.55,0.110206,0.1
670,2,BSDF Heavy,0,High,2,High,2,14.8751,3407.6,0.10974,0.1
671,2,BSDF Heavy,0,High,2,High,2,14.9282,3417.53,0.110046,0.1
672,2,BSDF Heavy,0,High,2,High,2,14.8738,3403.81,0.109608,0.1
673,2,Light Heavy,2,High,2,Low,0,14.8328,3396.55,0.109477,0.1
674,0,BSDF Heavy,-2,Low,0,High,2,3.95649,914.846,0.0467593,0.1
675,2,Balanced,1,High,2,Medium,1,14.8674,3405.01,0.109676,0.1
676,1,BSDF Heavy,-1,Medium,1,High,2,8.68033,1984.19,0.0942303,0.1
677,2,Light Heavy,2,High,2,Low,0,14.8443,3398.45,0.109311,0.1
678,0,BSDF Heavy,-2,Low,0,High,2,4.00428,925.118,0.0474711,0.1
679,2,Light Heavy,2,High,2,Low,0,14.9546,3423.2,0.110667,0.1
680,0,Balanced,-1,Low,0,Medium,1,3.90727,901.965,0.0468654,0.1
681,1,Balanced,0,Medium,1,Medium,1,8.59301,1967.85,0.093642,0.1
682,1,Light Heavy,1,Medium,1,Low,0,8.62525,1973,0.0943557,0.1
683,0,Light Heavy,0,Low,0,Low,0,3.96371,914.518,0.0473862,0.1
684,0,Balanced,-1,Low,0,Medium,1,3.90793,902.088,0.0472319,0.1
685,1,BSDF Heavy,-1,Medium,1,High,2,8.69008,1987.68,0.0945255,0.1
686,2,Light Heavy,2,High,2,Low,0,14.9398,3419.93,0.109931,0.1
687,0,BSDF Heavy,-2,Low,0,High,2,3.89514,899.381,0.0467245,0.1
688,2,Balanced,1,High,2,Medium,1,14.7902,3388.87,0.109539,0.1
689,1,BSDF Heavy,-1,Medium,1,High,2,8.7123,1993.21,0.0943113,0.1
690,2,Light Heavy,2,High,2,Low,0,14.8714,3403.62,0.10995,0.1
691,0,BSDF Heavy,-2,Low,0,High,2,3.91147,902.422,0.0471142,0.1
692,2,Light Heavy,2,High,2,Low,0,14.8359,3395.75,0.109633,0.1
693,0,BSDF Heavy,-2,Low,0,High,2,3.92718,906.585,0.0469406,0.1
694,2,Balanced,1,High,2,Medium,1,14.8212,3394.78,0.109587,0.1
695,1,BSDF Heavy,-1,Medium,1,High,2,8.80191,2014.11,0.0950328,0.1
696,2,BSDF Heavy,0,High,2,High,2,14.9433,3419.89,0.110448,0.1
697,2,BSDF Heavy,0,High,2,High,2,14.9185,3416.2,0.110243,0.1
698,2,BSDF Heavy,0,High,2,High,2,14.8854,3412.6,0.109217,0.1
699,2,BSDF Heavy,0,High,2,High,2,14.8121,3390.7,0.109616,0.1
700,2,BSDF Heavy,0,High,2,High,2,14.9298,3417.92,0.110332,0.1
701,2,BSDF Heavy,0,High,2,High,2,14.859,3403.39,0.109732,0.1
702,2,BSDF Heavy,0,High,2,High,2,14.8318,3395.56,0.109959,0.1
703,2,BSDF Heavy,0,High,2,High,2,14.9086,3413.25,0.110179,0.1
704,2,BSDF Heavy,0,High,2,High,2,14.9972,3433.48,0.110201,0.1
705,2,BSDF Heavy,0,High,2,High,2,14.7674,3383.08,0.109549,0.1
706,2,BSDF Heavy,0,High,2,High,2,14.7957,3388.07,0.109711,0.1
707,2,BSDF Heavy,0,High,2,High,2,15.0319,3440.51,0.110216,0.1
708,2,BSDF Heavy,0,High,2,High,2,14.8969,3412.34,0.10951,0.1
709,2,BSDF Heavy,0,High,2,High,2,14.6972,3369.74,0.109063,0.1
710,2,BSDF Heavy,0,High,2,High,2,14.8871,3406.61,0.110235,0.1
711,2,BSDF Heavy,0,High,2,High,2,14.8251,3393.61,0.109844,0.1
712,2,BSDF Heavy,0,High,2,High,2,14.949,3422.38,0.110355,0.1
713,2,BSDF Heavy,0,High,2,High,2,14.881,3405.52,0.110158,0.1
714,2,Light Heavy,2,High,2,Low,0,14.9789,3429.85,0.109992,0.1
715,0,Light Heavy,0,Low,0,Low,0,3.96182,916.815,0.0467863,0.1
716,0,BSDF Heavy,-2,Low,0,High,2,3.92667,906.108,0.0469136,0.1
717,2,Light Heavy,2,High,2,Low,0,14.9139,3415.91,0.109686,0.1
718,0,BSDF Heavy,-2,Low,0,High,2,3.97901,920.045,0.0471798,0.1
719,2,BSDF Heavy,0,High,2,High,2,14.8917,3409.81,0.109996,0.1
720,2,Light Heavy,2,High,2,Low,0,14.8059,3391.42,0.10935,0.1
721,0,BSDF Heavy,-2,Low,0,High,2,3.95473,913.523,0.0472492,0.1
722,2,Balanced,1,High,2,Medium,1,14.8683,3406.1,0.10979,0.1
723,1,BSDF Heavy,-1,Medium,1,High,2,8.68747,1990.14,0.0942284,0.1
724,2,Balanced,1,High,2,Medium,1,14.9087,3410.22,0.110295,0.1
725,1,BSDF Heavy,-1,Medium,1,High,2,8.78454,2011.06,0.0943634,0.1
726,2,BSDF Heavy,0,High,2,High,2,15.0753,3449.17,0.110689,0.1
727,2,BSDF Heavy,0,High,2,High,2,14.8698,3402.74,0.109859,0.1
728,2,BSDF Heavy,0,High,2,High,2,14.8759,3409.02,0.109172,0.1
729,2,BSDF Heavy,0,High,2,High,2,14.9049,3412.24,0.110058,0.1
730,2,BSDF Heavy,0,High,2,High,2,14.9219,3413.8,0.110534,0.1
731,2,BSDF Heavy,0,High,2,High,2,14.9093,3412.47,0.10994,0.1
732,2,BSDF Heavy,0,High,2,High,2,14.799,3388.84,0.109736,0.1
733,2,BSDF Heavy,0,High,2,High,2,14.8321,3398.9,0.109678,0.1
734,2,BSDF Heavy,0,High,2,High,2,14.9946,3431.43,0.110671,0.1
735,2,BSDF Heavy,0,High,2,High,2,14.8574,3401.97,0.109919,0.1
736,2,BSDF Heavy,0,High,2,High,2,14.8905,3406.92,0.110114,0.1
737,2,BSDF Heavy,0,High,2,High,2,14.9097,3414.04,0.110233,0.1
738,2,BSDF Heavy,0,High,2,High,2,14.8799,3405.95,0.109913,0.1
739,2,Light Heavy,2,High,2,Low,0,14.8781,3403.77,0.110243,0.1
740,0,BSDF Heavy,-2,Low,0,High,2,3.9361,907.24,0.0472782,0.1
741,2,BSDF Heavy,0,High,2,High,2,14.8711,3405.09,0.110386,0.1
742,2,BSDF Heavy,0,High,2,High,2,14.9041,3411.54,0.109898,0.1
743,2,BSDF Heavy,0,High,2,High,2,14.9215,3417.77,0.11015,0.1
744,2,BSDF Heavy,0,High,2,High,2,15.0049,3434.58,0.110538,0.1
745,2,BSDF Heavy,0,High,2,High,2,14.8126,3393.16,0.109257,0.1
746,2,BSDF Heavy,0,High,2,High,2,14.8004,3389.36,0.10947,0.1
747,2,Light Heavy,2,High,2,Low,0,14.8434,3399.04,0.10973,0.1
748,0,BSDF Heavy,-2,Low,0,High,2,3.91824,904.521,0.0468557,0.1
749,2,Balanced,1,High,2,Medium,1,14.8255,3395.26,0.109205,0.1
750,1,BSDF Heavy,-1,Medium,1,High,2,8.66404,1983.3,0.0936092,0.1
751,2,Light Heavy,2,High,2,Low,0,14.854,3402.88,0.109738,0.1
752,0,BSDF Heavy,-2,Low,0,High,2,3.94762,911.782,0.0471412,0.1
753,2,BSDF Heavy,0,High,2,High,2,14.8931,3408.48,0.110135,0.1
754,2,BSDF Heavy,0,High,2,High,2,14.7667,3380.78,0.10951,0.1
755,2,BSDF Heavy,0,High,2,High,2,14.8435,3398.43,0.109724,0.1
756,2,BSDF Heavy,0,High,2,High,2,14.8614,3404.13,0.109728,0.1
757,2,BSDF Heavy,0,High,2,High,2,14.8734,3404.66,0.109842,0.1
758,2,BSDF Heavy,0,High,2,High,2,14.866,3402.25,0.11022,0.1
759,2,BSDF Heavy,0,High,2,High,2,14.8164,3392.53,0.109508,0.1
760,2,BSDF Heavy,0,High,2,High,2,14.972,3427.17,0.110392,0.1
761,2,BSDF Heavy,0,High,2,High,2,14.9255,3417.62,0.109811,0.1
762,2,BSDF Heavy,0,High,2,High,2,14.7832,3385.39,0.109504,0.1
763,2,BSDF Heavy,0,High,2,High,2,14.8296,3396.23,0.109823,0.1
764,2,Light Heavy,2,High,2,Low,0,14.9137,3412.28,0.110361,0.1
765,0,BSDF Heavy,-2,Low,0,High,2,3.95943,914.781,0.0469155,0.1
766,2,Light Heavy,2,High,2,Low,0,14.8498,3400.2,0.109878,0.1
767,0,BSDF Heavy,-2,Low,0,High,2,3.9656,914.979,0.0473013,0.1
768,2,Balanced,1,High,2,Medium,1,14.7767,3384.18,0.109915,0.1
769,1,BSDF Heavy,-1,Medium,1,High,2,8.63368,1974.49,0.0938619,0.1
770,2,Balanced,1,High,2,Medium,1,14.9386,3418.52,0.11043,0.1
771,1,BSDF Heavy,-1,Medium,1,High,2,8.73491,1998.12,0.0944985,0.1
772,2,BSDF Heavy,0,High,2,High,2,14.9713,3425.14,0.110646,0.1
773,2,BSDF Heavy,0,High,2,High,2,14.9485,3422,0.110353,0.1
774,2,BSDF Heavy,0,High,2,High,2,14.9424,3420.91,0.110276,0.1
775,2,BSDF Heavy,0,High,2,High,2,14.9182,3417.62,0.109975,0.1
776,2,BSDF Heavy,0,High,2,High,2,14.9529,3422.88,0.110492,0.1
777,2,BSDF Heavy,0,High,2,High,2,14.9341,3420.86,0.110129,0.1
778,2,BSDF Heavy,0,High,2,High,2,14.9376,3420.55,0.11006,0.1
779,2,BSDF Heavy,0,High,2,High,2,14.9452,3420.11,0.110044,0.1
780,2,BSDF Heavy,0,High,2,High,2,14.9171,3415.53,0.109801,0.1
781,2,Light Heavy,2,High,2,Low,0,15.0471,3443.56,0.110648,0.1
782,0,BSDF Heavy,-2,Low,0,High,2,3.9025,901.114,0.0467959,0.1
783,2,BSDF Heavy,0,High,2,High,2,14.8838,3408.35,0.110289,0.1
784,2,BSDF Heavy,0,High,2,High,2,14.9662,3424.91,0.11032,0.1
785,2,BSDF Heavy,0,High,2,High,2,14.8577,3401.45,0.109589,0.1
786,2,BSDF Heavy,0,High,2,High,2,14.8745,3405.66,0.10967,0.1
787,2,Balanced,1,High,2,Medium,1,14.921,3415.44,0.110278,0.1
788,1,BSDF Heavy,-1,Medium,1,High,2,8.70009,1991.04,0.0941589,0.1
789,2,Light Heavy,2,High,2,Low,0,14.8399,3398.41,0.109653,0.1
790,0,BSDF Heavy,-2,Low,0,High,2,3.96606,915.214,0.0473611,0.1
791,2,Light Heavy,2,High,2,Low,0,14.9579,3422.32,0.110534,0.1
792,0,BSDF Heavy,-2,Low,0,High,2,3.9988,923.812,0.047635,0.1
793,2,Balanced,1,High,2,Medium,1,14.8386,3398.47,0.109678,0.1
794,1,BSDF Heavy,-1,Medium,1,High,2,8.64834,1977.08,0.0945563,0.1
795,2,Balanced,1,High,2,Medium,1,14.8391,3396.29,0.109763,0.1
796,1,BSDF Heavy,-1,Medium,1,High,2,8.64282,1976.53,0.0945756,0.1
797,2,BSDF Heavy,0,High,2,High,2,14.8638,3402.34,0.110301,0.1
798,2,BSDF Heavy,0,High,2,High,2,14.9146,3416.41,0.110181,0.1
799,2,BSDF Heavy,0,High,2,High,2,14.948,3422.84,0.109873,0.1
800,2,BSDF Heavy,0,High,2,High,2,14.8576,3399.75,0.109803,0.1
801,2,BSDF Heavy,0,High,2,High,2,14.8374,3393.61,0.110297,0.1
802,2,BSDF Heavy,0,High,2,High,2,14.8717,3402.66,0.110093,0.1
803,2,BSDF Heavy,0,High,2,High,2,14.7318,3373.07,0.109923,0.1
804,2,BSDF Heavy,0,High,2,High,2,14.9218,3416.22,0.109958,0.1
805,2,BSDF Heavy,0,High,2,High,2,14.9993,3435.79,0.110116,0.1
806,2,BSDF Heavy,0,High,2,High,2,14.9007,3410.12,0.109724,0.1
807,2,BSDF Heavy,0,High,2,High,2,14.8975,3411.72,0.109502,0.1
808,2,BSDF Heavy,0,High,2,High,2,14.825,3395.74,0.109666,0.1
809,2,BSDF Heavy,0,High,2,High,2,14.8504,3401.39,0.109385,0.1
810,2,BSDF Heavy,0,High,2,High,2,14.8735,3407.54,0.109525,0.1
811,2,BSDF Heavy,0,High,2,High,2,14.9321,3418.65,0.109863,0.1
812,2,Light Heavy,2,High,2,Low,0,14.8078,3391.12,0.109884,0.1
813,0,BSDF Heavy,-2,Low,0,High,2,3.94335,910.612,0.047093,0.1
814,2,BSDF Heavy,0,High,2,High,2,14.9875,3429.53,0.110583,0.1
815,2,BSDF Heavy,0,High,2,High,2,14.8992,3408.01,0.109958,0.1
816,2,BSDF Heavy,0,High,2,High,2,14.9028,3410.74,0.109765,0.1
817,2,BSDF Heavy,0,High,2,High,2,14.8823,3409.29,0.109622,0.1
818,2,BSDF Heavy,0,High,2,High,2,14.8087,3390.32,0.109809,0.1
819,2,BSDF Heavy,0,High,2,High,2,14.8823,3407.3,0.10972,0.1
820,2,Light Heavy,2,High,2,Low,0,14.8526,3402.36,0.109344,0.1
821,0,BSDF Heavy,-2,Low,0,High,2,3.91681,903.746,0.0473399,0.1
822,2,BSDF Heavy,0,High,2,High,2,14.7744,3382.13,0.10978,0.1
823,2,BSDF Heavy,0,High,2,High,2,14.8271,3393.77,0.109821,0.1
824,2,Light Heavy,2,High,2,Low,0,14.858,3401.01,0.10977,0.1
825,0,BSDF Heavy,-2,Low,0,High,2,3.9544,912.551,0.0473939,0.1
826,2,Light Heavy,2,High,2,Low,0,15,3431.36,0.111117,0.1
827,0,BSDF Heavy,-2,Low,0,High,2,3.94526,911.69,0.047039,0.1
828,2,Balanced,1,High,2,Medium,1,14.8437,3396.48,0.109689,0.1
829,1,BSDF Heavy,-1,Medium,1,High,2,8.70398,1989.67,0.0946451,0.1
830,2,Balanced,1,High,2,Medium,1,14.89,3406.79,0.109981,0.1
831,1,BSDF Heavy,-1,Medium,1,High,2,8.69498,1989.01,0.0943654,0.1
832,2,Light Heavy,2,High,2,Low,0,14.9026,3413.14,0.109907,0.1
833,0,BSDF Heavy,-2,Low,0,High,2,3.97932,918.178,0.0475019,0.1
834,2,Light Heavy,2,High,2,Low,0,14.8577,3400.68,0.109936,0.1
835,0,BSDF Heavy,-2,Low,0,High,2,3.93784,908.317,0.0471721,0.1
836,2,Balanced,1,High,2,Medium,1,14.9701,3425.06,0.110482,0.1
837,1,BSDF Heavy,-1,Medium,1,High,2,8.71059,1992.11,0.094782,0.1
838,2,BSDF Heavy,0,High,2,High,2,14.8431,3397.95,0.10939,0.1
839,2,BSDF Heavy,0,High,2,High,2,14.9265,3416.42,0.109653,0.1
840,2,BSDF Heavy,0,High,2,High,2,14.9133,3411.75,0.11053,0.1
841,2,BSDF Heavy,0,High,2,High,2,14.8472,3398.47,0.110025,0.1
842,2,BSDF Heavy,0,High,2,High,2,14.8293,3395.71,0.109437,0.1
843,2,BSDF Heavy,0,High,2,High,2,14.8818,3405.44,0.110264,0.1
844,2,BSDF Heavy,0,High,2,High,2,14.7866,3385.65,0.109622,0.1
845,2,BSDF Heavy,0,High,2,High,2,15.0499,3443.23,0.111142,0.1
846,2,BSDF Heavy,0,High,2,High,2,14.8584,3401.39,0.109942,0.1
847,2,BSDF Heavy,0,High,2,High,2,14.8992,3410.95,0.109647,0.1
848,2,BSDF Heavy,0,High,2,High,2,14.9493,3421.91,0.110349,0.1
849,2,BSDF Heavy,0,High,2,High,2,14.8987,3410.28,0.110257,0.1
850,2,BSDF Heavy,0,High,2,High,2,14.7595,3381.47,0.109223,0.1
851,2,BSDF Heavy,0,High,2,High,2,14.9586,3424.65,0.109763,0.1
852,2,BSDF Heavy,0,High,2,High,2,14.9796,3428.5,0.110482,0.1
853,2,BSDF Heavy,0,High,2,High,2,14.9192,3414.94,0.109554,0.1
854,2,BSDF Heavy,0,High,2,High,2,14.897,3413.8,0.110008,0.1
855,2,BSDF Heavy,0,High,2,High,2,14.9015,3410.27,0.11005,0.1
856,2,BSDF Heavy,0,High,2,High,2,14.9592,3424.98,0.110421,0.1
857,2,Light Heavy,2,High,2,Low,0,14.9264,3413.65,0.110571,0.1
858,0,BSDF Heavy,-2,Low,0,High,2,3.93924,909.788,0.046929,0.1
859,2,Light Heavy,2,High,2,Low,0,15.0252,3437.73,0.110708,0.1
860,0,BSDF Heavy,-2,Low,0,High,2,3.94249,910.795,0.0469174,0.1
861,2,Balanced,1,High,2,Medium,1,14.8968,3412.21,0.109782,0.1
862,1,BSDF Heavy,-1,Medium,1,High,2,8.66109,1980.62,0.0943711,0.1
863,2,Light Heavy,2,High,2,Low,0,14.9203,3417.11,0.10968,0.1
864,0,BSDF Heavy,-2,Low,0,High,2,3.96194,914.092,0.0472955,0.1
865,2,BSDF Heavy,0,High,2,High,2,14.8226,3396.77,0.109651,0.1
866,2,Light Heavy,2,High,2,Low,0,14.8741,3406.81,0.110193,0.1
867,0,BSDF Heavy,-2,Low,0,High,2,3.92325,904.856,0.0471836,0.1
868,2,Light Heavy,2,High,2,Low,0,14.8804,3406.61,0.109701,0.1
869,0,BSDF Heavy,-2,Low,0,High,2,3.97246,916.649,0.0474614,0.1
870,2,BSDF Heavy,0,High,2,High,2,15.0007,3432.41,0.110633,0.1
871,2,BSDF Heavy,0,High,2,High,2,14.8541,3403.34,0.109387,0.1
872,2,BSDF Heavy,0,High,2,High,2,15.0147,3436.1,0.109878,0.1
873,2,BSDF Heavy,0,High,2,High,2,14.8702,3403.09,0.11016,0.1
874,2,BSDF Heavy,0,High,2,High,2,14.9694,3425.68,0.110517,0.1
875,2,Balanced,1,High,2,Medium,1,14.8835,3407.45,0.109794,0.1
876,1,BSDF Heavy,-1,Medium,1,High,2,8.64641,1977.24,0.0939738,0.1
877,2,Balanced,1,High,2,Medium,1,14.9419,3420.03,0.110484,0.1
878,1,Balanced,0,Medium,1,Medium,1,8.60984,1968.38,0.0941821,0.1
879,1,BSDF Heavy,-1,Medium,1,High,2,8.70186,1990.63,0.0944078,0.1
880,2,BSDF Heavy,0,High,2,High,2,14.9503,3419.64,0.110409,0.1
881,2,BSDF Heavy,0,High,2,High,2,15.0068,3433.05,0.110449,0.1
882,2,BSDF Heavy,0,High,2,High,2,14.9178,3416.04,0.109784,0.1
883,2,BSDF Heavy,0,High,2,High,2,14.9175,3415.73,0.109527,0.1
884,2,BSDF Heavy,0,High,2,High,2,14.8369,3397.88,0.110083,0.1
885,2,BSDF Heavy,0,High,2,High,2,14.8777,3408.63,0.110096,0.1
886,2,BSDF Heavy,0,High,2,High,2,14.9058,3411.91,0.110359,0.1
887,2,Light Heavy,2,High,2,Low,0,14.9207,3414.55,0.110168,0.1
888,0,BSDF Heavy,-2,Low,0,High,2,3.92145,904.49,0.0471779,0.1
889,2,Balanced,1,High,2,Medium,1,14.839,3396.73,0.109965,0.1
890,1,BSDF Heavy,-1,Medium,1,High,2,8.62784,1974.12,0.0941416,0.1
891,2,Light Heavy,2,High,2,Low,0,14.8744,3404.68,0.10979,0.1
892,0,Light Heavy,0,Low,0,Low,0,3.95516,912.47,0.0474788,0.1
893,0,BSDF Heavy,-2,Low,0,High,2,3.93968,908.741,0.0469772,0.1
894,2,BSDF Heavy,0,High,2,High,2,14.8782,3406.89,0.109716,0.1
895,2,BSDF Heavy,0,High,2,High,2,14.851,3399.78,0.110216,0.1
896,2,BSDF Heavy,0,High,2,High,2,15.0809,3451.41,0.110963,0.1
897,2,BSDF Heavy,0,High,2,High,2,14.7867,3386.29,0.109153,0.1
898,2,BSDF Heavy,0,High,2,High,2,14.8597,3399.18,0.109817,0.1
899,2,BSDF Heavy,0,High,2,High,2,14.7772,3382.87,0.109691,0.1
900,2,BSDF Heavy,0,High,2,High,2,14.9289,3422.08,0.1099,0.1
901,2,BSDF Heavy,0,High,2,High,2,14.8655,3404.86,0.109622,0.1
902,2,BSDF Heavy,0,High,2,High,2,14.8162,3392.11,0.109651,0.1
903,2,Light Heavy,2,High,2,Low,0,14.9149,3414.28,0.110291,0.1
904,0,Balanced,-1,Low,0,Medium,1,3.94245,908.723,0.0475521,0.1
905,1,BSDF Heavy,-1,Medium,1,High,2,8.53656,1949.73,0.0945448,0.1
906,2,BSDF Heavy,0,High,2,High,2,14.9378,3419.97,0.109715,0.1
907,2,Balanced,1,High,2,Medium,1,14.856,3400.41,0.109838,0.1
908,1,BSDF Heavy,-1,Medium,1,High,2,8.64535,1976.99,0.0947492,0.1
909,2,Balanced,1,High,2,Medium,1,14.87,3401.76,0.110567,0.1
910,1,Balanced,0,Medium,1,Medium,1,8.741,2000.42,0.0947261,0.1
911,1,BSDF Heavy,-1,Medium,1,High,2,8.62359,1970.01,0.094647,0.1
912,2,BSDF Heavy,0,High,2,High,2,14.9142,3411.68,0.11087,0.1
913,2,Balanced,1,High,2,Medium,1,15.0279,3440.42,0.109614,0.1
914,1,Balanced,0,Medium,1,Medium,1,8.7417,2001.57,0.0942708,0.1
915,1,Light Heavy,1,Medium,1,Low,0,8.75494,2004.03,0.0942959,0.1
916,0,Light Heavy,0,Low,0,Low,0,3.8891,897.059,0.046956,0.1
917,0,BSDF Heavy,-2,Low,0,High,2,3.92628,905.324,0.0471103,0.1
918,2,BSDF Heavy,0,High,2,High,2,14.8894,3407.43,0.110293,0.1
919,2,Balanced,1,High,2,Medium,1,14.9103,3411.49,0.110594,0.1
920,1,Balanced,0,Medium,1,Medium,1,8.58062,1962.18,0.0936728,0.1
921,1,Light Heavy,1,Medium,1,Low,0,8.6763,1985.07,0.0943191,0.1
922,0,Light Heavy,0,Low,0,Low,0,3.94279,909.791,0.0472068,0.1
923,0,BSDF Heavy,-2,Low,0,High,2,3.92543,907.42,0.0468056,0.1
924,2,BSDF Heavy,0,High,2,High,2,14.8554,3400.55,0.110021,0.1
925,2,Balanced,1,High,2,Medium,1,14.9242,3412.99,0.110492,0.1
926,1,Balanced,0,Medium,1,Medium,1,8.7166,1996.12,0.093939,0.1
927,1,Light Heavy,1,Medium,1,Low,0,8.80194,2015.37,0.0949055,0.1
928,0,Light Heavy,0,Low,0,Low,0,3.98271,919.676,0.0474595,0.1
929,0,Light Heavy,0,Low,0,Low,0,3.95954,913.075,0.0472434,0.1
930,0,Light Heavy,0,Low,0,Low,0,3.97054,917.538,0.0470139,0.1
931,0,Light Heavy,0,Low,0,Low,0,3.9761,917.945,0.0472377,0.1
932,0,Light Heavy,0,Low,0,Low,0,3.92884,907.963,0.0467419,0.1
933,0,Light Heavy,0,Low,0,Low,0,3.96194,916.029,0.0471316,0.1
934,0,Light Heavy,0,Low,0,Low,0,3.96186,914.285,0.047446,0.1
935,0,Light Heavy,0,Low,0,Low,0,3.96477,915.743,0.0471701,0.1
936,0,Light Heavy,0,Low,0,Low,0,3.91423,901.675,0.0474981,0.1
937,0,Light Heavy,0,Low,0,Low,0,3.90232,900.55,0.0468287,0.1
938,0,Light Heavy,0,Low,0,Low,0,3.95848,914.528,0.0469676,0.1
939,0,Light Heavy,0,Low,0,Low,0,3.96617,915.492,0.0474286,0.1
940,0,Light Heavy,0,Low,0,Low,0,3.9635,914.883,0.0472357,0.1
941,0,Light Heavy,0,Low,0,Low,0,3.91677,902.593,0.0473052,0.1
942,0,Balanced,-1,Low,0,Medium,1,3.94965,912.61,0.046821,0.1
943,1,Light Heavy,1,Medium,1,Low,0,8.77378,2007.92,0.094647,0.1
944,0,Light Heavy,0,Low,0,Low,0,3.94482,911.052,0.0471103,0.1
945,0,Light Heavy,0,Low,0,Low,0,3.92062,904.047,0.0475984,0.1
946,0,Light Heavy,0,Low,0,Low,0,3.94093,909.587,0.0470949,0.1
947,0,Light Heavy,0,Low,0,Low,0,3.93096,907.762,0.0469657,0.1
948,0,Light Heavy,0,Low,0,Low,0,3.95441,913.432,0.0471528,0.1
949,0,Light Heavy,0,Low,0,Low,0,3.8998,900.685,0.0466995,0.1
950,0,Light Heavy,0,Low,0,Low,0,3.9362,908.658,0.0473302,0.1
951,0,Light Heavy,0,Low,0,Low,0,3.87871,894.159,0.0468943,0.1
952,0,Balanced,-1,Low,0,Medium,1,3.87943,894.537,0.0465876,0.1
953,1,Light Heavy,1,Medium,1,Low,0,8.69033,1988.52,0.0939699,0.1
954,0,BSDF Heavy,-2,Low,0,High,2,3.94182,910.148,0.0473418,0.1
955,2,Light Heavy,2,High,2,Low,0,14.7953,3389.61,0.109396,0.1
956,0,Balanced,-1,Low,0,Medium,1,3.96307,915.383,0.0469599,0.1
957,1,Light Heavy,1,Medium,1,Low,0,8.73348,1999.3,0.0948862,0.1
958,0,Light Heavy,0,Low,0,Low,0,3.8879,896.957,0.0467728,0.1
959,0,Light Heavy,0,Low,0,Low,0,3.97908,917.195,0.0478974,0.1
960,0,Light Heavy,0,Low,0,Low,0,3.87562,892.951,0.0469367,0.1
961,0,Light Heavy,0,Low,0,Low,0,3.97404,918.331,0.0467747,0.1
962,0,Light Heavy,0,Low,0,Low,0,3.87413,893.579,0.0468962,0.1
963,0,BSDF Heavy,-2,Low,0,High,2,3.934,907.823,0.0473611,0.1
964,2,Light Heavy,2,High,2,Low,0,14.8646,3404.54,0.109448,0.1
965,0,Balanced,-1,Low,0,Medium,1,4.01138,926.474,0.0475637,0.1
966,1,Light Heavy,1,Medium,1,Low,0,8.6671,1982.32,0.0942515,0.1
967,0,Light Heavy,0,Low,0,Low,0,3.95404,912.318,0.0475212,0.1
968,0,Light Heavy,0,Low,0,Low,0,3.89916,899.473,0.0470583,0.1
969,0,Light Heavy,0,Low,0,Low,0,3.93747,908.04,0.0473708,0.1
970,0,Light Heavy,0,Low,0,Low,0,3.95495,914.013,0.0467805,0.1
971,0,Light Heavy,0,Low,0,Low,0,3.98021,919.483,0.0475829,0.1
972,0,Light Heavy,0,Low,0,Low,0,3.94867,912.266,0.0471586,0.1
973,0,Light Heavy,0,Low,0,Low,0,3.88555,895.98,0.0471991,0.1
974,0,Light Heavy,0,Low,0,Low,0,3.93071,907.038,0.0471296,0.1
975,0,Light Heavy,0,Low,0,Low,0,3.9196,905.078,0.0467998,0.1
976,0,Light Heavy,0,Low,0,Low,0,3.92428,906.235,0.0471836,0.1
977,0,Light Heavy,0,Low,0,Low,0,3.93856,910.155,0.0466512,0.1
978,0,Light Heavy,0,Low,0,Low,0,3.94548,910.635,0.0470255,0.1
979,0,Light Heavy,0,Low,0,Low,0,3.94361,909.946,0.0472627,0.1
980,0,Light Heavy,0,Low,0,Low,0,3.94147,909.543,0.0470428,0.1
981,0,Light Heavy,0,Low,0,Low,0,3.90857,902.537,0.0468692,0.1
982,0,Light Heavy,0,Low,0,Low,0,3.99111,922.716,0.0471605,0.1
983,0,Light Heavy,0,Low,0,Low,0,3.94704,911.055,0.0472396,0.1
984,0,Light Heavy,0,Low,0,Low,0,3.99284,922.326,0.0477739,0.1
985,0,Light Heavy,0,Low,0,Low,0,3.90487,901.901,0.0467052,0.1
986,0,Light Heavy,0,Low,0,Low,0,3.9565,913.974,0.0469425,0.1
987,0,Light Heavy,0,Low,0,Low,0,3.92614,907.405,0.0467323,0.1
988,0,Light Heavy,0,Low,0,Low,0,3.94947,912.347,0.0470563,0.1
989,0,Light Heavy,0,Low,0,Low,0,3.95145,912.169,0.0475,0.1
990,0,Light Heavy,0,Low,0,Low,0,3.96631,915.516,0.0472704,0.1
991,0,Light Heavy,0,Low,0,Low,0,3.99152,922.687,0.0473341,0.1
992,0,Light Heavy,0,Low,0,Low,0,3.94054,908.046,0.0472859,0.1
993,0,Balanced,-1,Low,0,Medium,1,3.94259,909.708,0.0475772,0.1
994,1,Light Heavy,1,Medium,1,Low,0,8.66856,1981.79,0.0944271,0.1
995,0,Light Heavy,0,Low,0,Low,0,3.97237,917.18,0.0473515,0.1
996,0,Light Heavy,0,Low,0,Low,0,3.88512,896.478,0.0467728,0.1
997,0,Light Heavy,0,Low,0,Low,0,3.94025,909.755,0.047201,0.1
998,0,Light Heavy,0,Low,0,Low,0,3.90909,901.53,0.0474113,0.1
999,0,Light Heavy,0,Low,0,Low,0,3.96065,914.525,0.0472531,0.1
1000,0,Light Heavy,0,Low,0,Low,0,3.95051,912.071,0.0471644,0.1
1001,0,Light Heavy,0,Low,0,Low,0,3.97679,918.259,0.0472242,0.1
1002,0,Light Heavy,0,Low,0,Low,0,3.95221,912.884,0.0470544,0.1
1003,0,Light Heavy,0,Low,0,Low,0,3.96563,915.054,0.0472897,0.1
1004,0,Light Heavy,0,Low,0,Low,0,3.96925,916.363,0.0470621,0.1
1005,0,Light Heavy,0,Low,0,Low,0,3.88506,896.63,0.0470081,0.1
1006,0,Light Heavy,0,Low,0,Low,0,3.916,904.749,0.046983,0.1
1007,0,Balanced,-1,Low,0,Medium,1,3.92645,907.247,0.0467535,0.1
1008,1,Light Heavy,1,Medium,1,Low,0,8.5723,1961.77,0.0933623,0.1
1009,0,Light Heavy,0,Low,0,Low,0,3.94676,910.092,0.0472782,0.1
1010,0,Light Heavy,0,Low,0,Low,0,3.94057,910.317,0.0468924,0.1
1011,0,Light Heavy,0,Low,0,Low,0,3.90443,901.224,0.0466281,0.1
1012,0,Light Heavy,0,Low,0,Low,0,3.92938,908.465,0.0466763,0.1
1013,0,Light Heavy,0,Low,0,Low,0,3.88651,897.169,0.0468229,0.1
1014,0,Light Heavy,0,Low,0,Low,0,3.97238,916.863,0.0472396,0.1
1015,0,Light Heavy,0,Low,0,Low,0,3.95272,912.299,0.0472222,0.1
1016,0,Light Heavy,0,Low,0,Low,0,3.97688,917.579,0.0476794,0.1
1017,0,Light Heavy,0,Low,0,Low,0,3.96353,916.327,0.0468461,0.1
1018,0,Light Heavy,0,Low,0,Low,0,4.01233,927.66,0.0473129,0.1
1019,0,Light Heavy,0,Low,0,Low,0,3.9631,914.748,0.0473592,0.1
1020,0,Light Heavy,0,Low,0,Low,0,4.00446,925.776,0.0475849,0.1
1021,0,Light Heavy,0,Low,0,Low,0,3.9555,912.145,0.0469637,0.1
1022,0,Light Heavy,0,Low,0,Low,0,3.93058,907.318,0.0469116,0.1
1023,0,Light Heavy,0,Low,0,Low,0,3.89145,898.052,0.0467921,0.1
1024,0,Light Heavy,0,Low,0,Low,0,3.91325,903.338,0.0469502,0.1
1025,0,Light Heavy,0,Low,0,Low,0,3.95439,912.901,0.0471721,0.1
1026,0,Light Heavy,0,Low,0,Low,0,3.90926,902.605,0.0470872,0.1
1027,0,BSDF Heavy,-2,Low,0,High,2,3.86997,892.337,0.0470968,0.1
1028,2,Light Heavy,2,High,2,Low,0,14.8865,3408.44,0.110068,0.1
1029,0,Balanced,-1,Low,0,Medium,1,3.92051,905.646,0.0467978,0.1
1030,1,Light Heavy,1,Medium,1,Low,0,8.69059,1987.9,0.094429,0.1
1031,0,Light Heavy,0,Low,0,Low,0,3.95298,912.462,0.0474286,0.1
1032,0,Light Heavy,0,Low,0,Low,0,3.88344,895.984,0.0468576,0.1
1033,0,Light Heavy,0,Low,0,Low,0,3.929,905.652,0.0473032,0.1
1034,0,Light Heavy,0,Low,0,Low,0,3.97045,916.713,0.0475096,0.1
1035,0,Light Heavy,0,Low,0,Low,0,3.91631,903.607,0.0468036,0.1
1036,0,Light Heavy,0,Low,0,Low,0,3.92103,905.404,0.0470023,0.1
1037,0,Light Heavy,0,Low,0,Low,0,3.87659,894.253,0.0470505,0.1
1038,0,BSDF Heavy,-2,Low,0,High,2,3.92657,906.25,0.0470737,0.1
1039,2,Light Heavy,2,High,2,Low,0,14.911,3412.7,0.110604,0.1
1040,0,Balanced,-1,Low,0,Medium,1,3.95204,913.351,0.0472415,0.1
1041,1,Light Heavy,1,Medium,1,Low,0,8.74235,2001.6,0.0949209,0.1
1042,0,Light Heavy,0,Low,0,Low,0,3.94049,911.564,0.0468904,0.1
1043,0,Light Heavy,0,Low,0,Low,0,3.93657,907.758,0.0473476,0.1
1044,0,Light Heavy,0,Low,0,Low,0,3.94764,911.688,0.0471431,0.1
1045,0,Light Heavy,0,Low,0,Low,0,3.92595,905.443,0.0472955,0.1
1046,0,BSDF Heavy,-2,Low,0,High,2,3.92117,904.902,0.0473302,0.1
1047,2,Light Heavy,2,High,2,Low,0,14.9178,3414.27,0.110218,0.1
1048,0,Balanced,-1,Low,0,Medium,1,3.94648,910.851,0.0470853,0.1
1049,1,Light Heavy,1,Medium,1,Low,0,8.68486,1986.25,0.0943731,0.1
1050,0,Light Heavy,0,Low,0,Low,0,3.9601,914.033,0.0471933,0.1
1051,0,Light Heavy,0,Low,0,Low,0,3.93714,909.059,0.0471952,0.1
1052,0,Light Heavy,0,Low,0,Low,0,3.85104,887.55,0.0467091,0.1
1053,0,Light Heavy,0,Low,0,Low,0,3.95158,912.047,0.047282,0.1
1054,0,Light Heavy,0,Low,0,Low,0,3.91305,903.421,0.0472685,0.1
1055,0,Light Heavy,0,Low,0,Low,0,3.90591,901.642,0.0467921,0.1
1056,0,Light Heavy,0,Low,0,Low,0,3.9037,902.237,0.0466146,0.1
1057,0,Light Heavy,0,Low,0,Low,0,3.9448,910.094,0.0475039,0.1
1058,0,Light Heavy,0,Low,0,Low,0,3.95122,911.672,0.0472801,0.1
1059,0,Light Heavy,0,Low,0,Low,0,4.00904,926.349,0.0472743,0.1
1060,0,Light Heavy,0,Low,0,Low,0,3.9618,915.521,0.0471933,0.1
1061,0,Light Heavy,0,Low,0,Low,0,3.88956,897.403,0.0469001,0.1
1062,0,Light Heavy,0,Low,0,Low,0,3.89848,901.13,0.0462867,0.1
1063,0,Light Heavy,0,Low,0,Low,0,3.91032,901.649,0.0469734,0.1
1064,0,Light Heavy,0,Low,0,Low,0,3.90709,900.883,0.0470968,0.1
1065,0,Light Heavy,0,Low,0,Low,0,4.0069,925.5,0.0473553,0.1
1066,0,Light Heavy,0,Low,0,Low,0,3.9517,913.188,0.0472242,0.1
1067,0,Light Heavy,0,Low,0,Low,0,3.87974,895.487,0.0467168,0.1
1068,0,Light Heavy,0,Low,0,Low,0,3.95166,912.441,0.0474344,0.1
1069,0,Light Heavy,0,Low,0,Low,0,3.93601,909.673,0.0466454,0.1
1070,0,Light Heavy,0,Low,0,Low,0,3.93745,909.69,0.0471335,0.1
1071,0,Light Heavy,0,Low,0,Low,0,3.9306,907.117,0.0472242,0.1
1072,0,Light Heavy,0,Low,0,Low,0,3.91224,901.934,0.0470853,0.1
1073,0,Light Heavy,0,Low,0,Low,0,3.95121,911.496,0.0475347,0.1
1074,0,Balanced,-1,Low,0,Medium,1,3.95257,912.616,0.0470718,0.1
1075,1,BSDF Heavy,-1,Medium,1,High,2,8.66864,1983.33,0.0943036,0.1
1076,2,Light Heavy,2,High,2,Low,0,14.9268,3414.63,0.11044,0.1
1077,0,Balanced,-1,Low,0,Medium,1,3.90991,901.756,0.0472531,0.1
1078,1,Light Heavy,1,Medium,1,Low,0,8.64463,1976.27,0.0944406,0.1
1079,0,Light Heavy,0,Low,0,Low,0,3.91102,902.852,0.0464352,0.1
1080,0,Light Heavy,0,Low,0,Low,0,3.95047,911.086,0.0472164,0.1
1081,0,Light Heavy,0,Low,0,Low,0,3.87413,892.453,0.0467747,0.1
1082,0,Light Heavy,0,Low,0,Low,0,3.91776,904.314,0.0468499,0.1
1083,0,Light Heavy,0,Low,0,Low,0,3.98683,921.255,0.0474691,0.1
1084,0,Light Heavy,0,Low,0,Low,0,3.93992,910.128,0.0469329,0.1
1085,0,Light Heavy,0,Low,0,Low,0,3.95816,913.602,0.0472647,0.1
1086,0,Light Heavy,0,Low,0,Low,0,3.88633,896.474,0.0469927,0.1
1087,0,Light Heavy,0,Low,0,Low,0,3.94095,908.978,0.0473225,0.1
1088,0,Light Heavy,0,Low,0,Low,0,3.93405,908.365,0.0470139,0.1
1089,0,Light Heavy,0,Low,0,Low,0,3.96708,916.382,0.0471817,0.1
1090,0,Light Heavy,0,Low,0,Low,0,3.98049,920.217,0.0471277,0.1
1091,0,Light Heavy,0,Low,0,Low,0,3.95737,913.175,0.0471161,0.1
1092,0,Light Heavy,0,Low,0,Low,0,3.91932,905.513,0.0470795,0.1
1093,0,Light Heavy,0,Low,0,Low,0,3.90916,901.15,0.0470621,0.1
1094,0,Light Heavy,0,Low,0,Low,0,3.94357,910.402,0.0470004,0.1
1095,0,Light Heavy,0,Low,0,Low,0,3.96608,916.839,0.0471605,0.1
1096,0,Light Heavy,0,Low,0,Low,0,3.94437,910.525,0.047091,0.1
1097,0,Light Heavy,0,Low,0,Low,0,3.91065,902.894,0.0473843,0.1
1098,0,Light Heavy,0,Low,0,Low,0,3.92762,908.18,0.0465799,0.1
1099,0,Light Heavy,0,Low,0,Low,0,3.9286,907.289,0.0469888,0.1
1100,0,Light Heavy,0,Low,0,Low,0,3.91399,903.463,0.0468056,0.1
1101,0,Light Heavy,0,Low,0,Low,0,3.92925,906.489,0.0474633,0.1
1102,0,Light Heavy,0,Low,0,Low,0,3.93042,907.021,0.0471084,0.1
1103,0,Light Heavy,0,Low,0,Low,0,3.88562,895.551,0.0471412,0.1
1104,0,Light Heavy,0,Low,0,Low,0,3.88155,894.361,0.0468191,0.1
1105,0,Light Heavy,0,Low,0,Low,0,3.88825,898.146,0.0466069,0.1
1106,0,Light Heavy,0,Low,0,Low,0,3.90527,900.925,0.0468596,0.1
1107,0,Light Heavy,0,Low,0,Low,0,3.9395,909.768,0.0469965,0.1
1108,0,Light Heavy,0,Low,0,Low,0,3.956,914.353,0.0466975,0.1
1109,0,Light Heavy,0,Low,0,Low,0,3.98973,921.516,0.0477855,0.1
1110,0,Light Heavy,0,Low,0,Low,0,3.95341,911.794,0.0472647,0.1
1111,0,Light Heavy,0,Low,0,Low,0,3.91664,904.428,0.0468036,0.1
1112,0,Light Heavy,0,Low,0,Low,0,3.93544,907.311,0.0472897,0.1
1113,0,BSDF Heavy,-2,Low,0,High,2,3.95785,913.394,0.047473,0.1
1114,2,Light Heavy,2,High,2,Low,0,14.805,3386.06,0.110183,0.1
1115,0,Balanced,-1,Low,0,Medium,1,3.94037,909.928,0.0471547,0.1
1116,1,Light Heavy,1,Medium,1,Low,0,8.70604,1993.18,0.0941435,0.1
1117,0,Light Heavy,0,Low,0,Low,0,3.95125,911.572,0.0471759,0.1
1118,0,Light Heavy,0,Low,0,Low,0,3.96307,915.986,0.0470698,0.1
1119,0,Light Heavy,0,Low,0,Low,0,3.92103,905.785,0.0468075,0.1
1120,0,Light Heavy,0,Low,0,Low,0,3.93317,908.097,0.0472338,0.1
1121,0,Light Heavy,0,Low,0,Low,0,3.97328,917.612,0.0473495,0.1
1122,0,Light Heavy,0,Low,0,Low,0,3.95146,911.928,0.0473939,0.1
1123,0,Light Heavy,0,Low,0,Low,0,3.93566,908.271,0.0469271,0.1
1124,0,BSDF Heavy,-2,Low,0,High,2,3.88991,898.102,0.0466512,0.1
1125,2,Light Heavy,2,High,2,Low,0,14.793,3390.42,0.109149,0.1
1126,0,Balanced,-1,Low,0,Medium,1,3.92918,908.039,0.0466358,0.1
1127,1,Light Heavy,1,Medium,1,Low,0,8.63871,1975.58,0.0940721,0.1
1128,0,Light Heavy,0,Low,0,Low,0,3.89946,899.669,0.0472106,0.1
1129,0,Light Heavy,0,Low,0,Low,0,3.88008,895.347,0.0469541,0.1
1130,0,Light Heavy,0,Low,0,Low,0,3.95486,914.554,0.0469888,0.1
1131,0,Light Heavy,0,Low,0,Low,0,3.95369,912.759,0.0471509,0.1
1132,0,Light Heavy,0,Low,0,Low,0,3.9372,908.697,0.0472049,0.1
1133,0,BSDF Heavy,-2,Low,0,High,2,3.86398,891.03,0.0468191,0.1
1134,2,Light Heavy,2,High,2,Low,0,14.8422,3399.61,0.109715,0.1
1135,0,Balanced,-1,Low,0,Medium,1,3.93358,908.031,0.0467921,0.1
1136,1,Light Heavy,1,Medium,1,Low,0,8.71098,1991.7,0.0947434,0.1
1137,0,Light Heavy,0,Low,0,Low,0,3.94784,911.604,0.0471296,0.1
1138,0,Light Heavy,0,Low,0,Low,0,3.91457,904.556,0.0465586,0.1
1139,0,Light Heavy,0,Low,0,Low,0,3.93288,908.316,0.0471393,0.1
1140,0,Light Heavy,0,Low,0,Low,0,3.91648,903.152,0.0469136,0.1
1141,0,Light Heavy,0,Low,0,Low,0,3.86406,890.595,0.04712,0.1
1142,0,Light Heavy,0,Low,0,Low,0,3.9093,902.779,0.0468345,0.1
1143,0,Light Heavy,0,Low,0,Low,0,3.95757,912.7,0.0473843,0.1
1144,0,Light Heavy,0,Low,0,Low,0,3.90328,901.229,0.0468036,0.1
1145,0,Light Heavy,0,Low,0,Low,0,3.95744,913.191,0.0472608,0.1
1146,0,Light Heavy,0,Low,0,Low,0,3.88661,895.991,0.0470197,0.1
1147,0,Light Heavy,0,Low,0,Low,0,3.92814,906.153,0.0471952,0.1
1148,0,Light Heavy,0,Low,0,Low,0,3.96198,914.53,0.0471412,0.1
1149,0,Light Heavy,0,Low,0,Low,0,3.95631,914.976,0.0468981,0.1
1150,0,Light Heavy,0,Low,0,Low,0,3.93297,907.001,0.0472492,0.1
1151,0,Light Heavy,0,Low,0,Low,0,3.95052,911.296,0.0471412,0.1
1152,0,Light Heavy,0,Low,0,Low,0,3.95256,911.972,0.0474093,0.1
1153,0,Light Heavy,0,Low,0,Low,0,3.94782,910.344,0.0472724,0.1
1154,0,Light Heavy,0,Low,0,Low,0,3.9076,900.851,0.0468596,0.1
1155,0,Light Heavy,0,Low,0,Low,0,3.8842,896.823,0.0468576,0.1
1156,0,Light Heavy,0,Low,0,Low,0,4.00552,925.966,0.0474711,0.1
1157,0,Light Heavy,0,Low,0,Low,0,3.96956,917.064,0.0470775,0.1
1158,0,Light Heavy,0,Low,0,Low,0,3.91732,905.19,0.0464159,0.1
1159,0,Light Heavy,0,Low,0,Low,0,3.93296,906.982,0.0472589,0.1
1160,0,Light Heavy,0,Low,0,Low,0,3.97178,918.002,0.0471971,0.1
1161,0,Light Heavy,0,Low,0,Low,0,3.9312,906.103,0.0472242,0.1
1162,0,Light Heavy,0,Low,0,Low,0,3.92347,905.451,0.0470814,0.1
1163,0,Light Heavy,0,Low,0,Low,0,3.97805,919.4,0.0474093,0.1
1164,0,Light Heavy,0,Low,0,Low,0,4.01055,926.409,0.0477276,0.1
1165,0,Light Heavy,0,Low,0,Low,0,3.93383,906.961,0.0473206,0.1
1166,0,Light Heavy,0,Low,0,Low,0,3.96402,915.628,0.0472049,0.1
1167,0,Light Heavy,0,Low,0,Low,0,3.9265,906.233,0.0471489,0.1
1168,0,Light Heavy,0,Low,0,Low,0,3.95054,912.276,0.0471971,0.1
1169,0,Light Heavy,0,Low,0,Low,0,3.89739,898.839,0.0471933,0.1
1170,0,Light Heavy,0,Low,0,Low,0,3.96361,915.995,0.0470621,0.1
1171,0,Light Heavy,0,Low,0,Low,0,3.97298,917.315,0.0471489,0.1
1172,0,Light Heavy,0,Low,0,Low,0,3.95813,913.455,0.0471528,0.1
1173,0,Light Heavy,0,Low,0,Low,0,3.91359,903.768,0.0469753,0.1
1174,0,Light Heavy,0,Low,0,Low,0,3.97878,919.852,0.0470814,0.1
1175,0,Light Heavy,0,Low,0,Low,0,3.98383,919.24,0.047419,0.1
1176,0,Light Heavy,0,Low,0,Low,0,3.97044,918.095,0.0469039,0.1
1177,0,Light Heavy,0,Low,0,Low,0,3.9711,916.53,0.0473669,0.1
1178,0,Light Heavy,0,Low,0,Low,0,3.90969,900.984,0.0472087,0.1
1179,0,Light Heavy,0,Low,0,Low,0,3.97543,917.45,0.0475907,0.1
1180,0,Light Heavy,0,Low,0,Low,0,3.95594,913.936,0.0471914,0.1
1181,0,Light Heavy,0,Low,0,Low,0,3.97672,919.468,0.0468248,0.1
1182,0,Light Heavy,0,Low,0,Low,0,3.95267,913.095,0.0472184,0.1
1183,0,Light Heavy,0,Low,0,Low,0,3.93004,906.275,0.0472357,0.1
1184,0,Light Heavy,0,Low,0,Low,0,3.90075,899.447,0.0468673,0.1
1185,0,Light Heavy,0,Low,0,Low,0,3.93998,909.404,0.0471663,0.1
1186,0,Light Heavy,0,Low,0,Low,0,3.94165,910.44,0.0470062,0.1
1187,0,Light Heavy,0,Low,0,Low,0,3.93206,908.081,0.0467593,0.1
1188,0,Light Heavy,0,Low,0,Low,0,3.92387,905.762,0.0472975,0.1
1189,0,Light Heavy,0,Low,0,Low,0,3.93716,909.139,0.0468461,0.1
1190,0,Light Heavy,0,Low,0,Low,0,3.9079,900.824,0.0470718,0.1
1191,0,Light Heavy,0,Low,0,Low,0,3.95958,913.822,0.0474093,0.1
1192,0,Light Heavy,0,Low,0,Low,0,3.95335,913.136,0.0472049,0.1
1193,0,Light Heavy,0,Low,0,Low,0,3.92359,905.087,0.0469309,0.1
1194,0,Light Heavy,0,Low,0,Low,0,3.89474,899.403,0.0464063,0.1
1195,0,Light Heavy,0,Low,0,Low,0,3.91835,904.179,0.0471431,0.1
1196,0,Light Heavy,0,Low,0,Low,0,3.95742,914.508,0.0470139,0.1
1197,0,Balanced,-1,Low,0,Medium,1,3.9274,908.074,0.0468171,0.1
1198,1,Light Heavy,1,Medium,1,Low,0,8.62897,1974.6,0.0939699,0.1
1199,0,Light Heavy,0,Low,0,Low,0,3.88033,895.099,0.04712,0.1
1200,0,Light Heavy,0,Low,0,Low,0,3.95523,912.436,0.0473708,0.1
1201,0,BSDF Heavy,-2,Low,0,High,2,3.92714,904.764,0.0478414,0.1
1202,2,Light Heavy,2,High,2,Low,0,14.8909,3409.14,0.110282,0.1
1203,0,Balanced,-1,Low,0,Medium,1,3.87523,894.935,0.0465606,0.1
1204,1,Light Heavy,1,Medium,1,Low,0,8.71271,1994.21,0.0942824,0.1
1205,0,Light Heavy,0,Low,0,Low,0,3.95438,913.426,0.0470332,0.1
1206,0,Light Heavy,0,Low,0,Low,0,3.91194,901.796,0.0470409,0.1
1207,0,Light Heavy,0,Low,0,Low,0,3.93873,907.582,0.0476254,0.1
1208,0,Light Heavy,0,Low,0,Low,0,3.97088,915.258,0.0477103,0.1
1209,0,Light Heavy,0,Low,0,Low,0,3.93206,907.073,0.0474016,0.1
1210,0,Light Heavy,0,Low,0,Low,0,3.92243,904.88,0.046983,0.1
1211,0,Light Heavy,0,Low,0,Low,0,3.94893,909.829,0.0475,0.1
1212,0,Light Heavy,0,Low,0,Low,0,3.98266,919.723,0.0473515,0.1
1213,0,Light Heavy,0,Low,0,Low,0,3.90278,899.612,0.0472608,0.1
1214,0,BSDF Heavy,-2,Low,0,High,2,3.9509,911.663,0.0472454,0.1
1215,2,BSDF Heavy,0,High,2,High,2,14.7622,3380.01,0.109674,0.1
1216,2,Balanced,1,High,2,Medium,1,14.8237,3393.42,0.1099,0.1
1217,1,Balanced,0,Medium,1,Medium,1,8.69177,1989.21,0.0945235,0.1
1218,1,Light Heavy,1,Medium,1,Low,0,8.61775,1972.52,0.0939622,0.1
1219,0,Light Heavy,0,Low,0,Low,0,3.91501,904.049,0.0471528,0.1
1220,0,Light Heavy,0,Low,0,Low,0,3.91042,901.57,0.0470756,0.1
1221,0,BSDF Heavy,-2,Low,0,High,2,3.92889,906.871,0.0470332,0.1
1222,2,Light Heavy,2,High,2,Low,0,14.9688,3426.82,0.110559,0.1
1223,0,Balanced,-1,Low,0,Medium,1,3.964,914.814,0.0471991,0.1
1224,1,Light Heavy,1,Medium,1,Low,0,8.61476,1970.34,0.0938175,0.1
1225,0,Light Heavy,0,Low,0,Low,0,3.91269,902.744,0.0466995,0.1
1226,0,Light Heavy,0,Low,0,Low,0,3.94371,911.018,0.0468576,0.1
1227,0,Light Heavy,0,Low,0,Low,0,3.933,908.73,0.0470853,0.1
1228,0,Light Heavy,0,Low,0,Low,0,3.98852,921.198,0.0474595,0.1
1229,0,Balanced,-1,Low,0,Medium,1,3.95233,913.803,0.0468731,0.1
1230,1,Light Heavy,1,Medium,1,Low,0,8.73817,1999.57,0.0940625,0.1
1231,0,Light Heavy,0,Low,0,Low,0,3.91525,903.907,0.0473032,0.1
1232,0,Light Heavy,0,Low,0,Low,0,3.89717,899.11,0.0467593,0.1
1233,0,BSDF Heavy,-2,Low,0,High,2,3.99059,922.036,0.0475154,0.1
1234,2,Light Heavy,2,High,2,Low,0,14.8854,3409.31,0.109664,0.1
1235,0,Balanced,-1,Low,0,Medium,1,3.93923,909.465,0.0470139,0.1
1236,1,Light Heavy,1,Medium,1,Low,0,8.8116,2019.5,0.0941532,0.1
1237,0,Light Heavy,0,Low,0,Low,0,3.91204,903.231,0.0467477,0.1
1238,0,Light Heavy,0,Low,0,Low,0,3.96798,916.604,0.0473071,0.1
1239,0,Light Heavy,0,Low,0,Low,0,3.92002,905.552,0.0468808,0.1
1240,0,Light Heavy,0,Low,0,Low,0,3.94288,909.271,0.0475772,0.1
1241,0,Light Heavy,0,Low,0,Low,0,3.92823,906.934,0.0473225,0.1
1242,0,Light Heavy,0,Low,0,Low,0,3.91322,901.787,0.047309,0.1
1243,0,Light Heavy,0,Low,0,Low,0,3.90346,900.169,0.0468229,0.1
1244,0,Light Heavy,0,Low,0,Low,0,3.98397,920.003,0.0475965,0.1
1245,0,Light Heavy,0,Low,0,Low,0,3.93014,907.332,0.0469078,0.1
1246,0,Light Heavy,0,Low,0,Low,0,3.89939,898.116,0.0472647,0.1
1247,0,Light Heavy,0,Low,0,Low,0,3.91269,902.648,0.0468789,0.1
1248,0,Light Heavy,0,Low,0,Low,0,3.9336,907.639,0.0472434,0.1
1249,0,Light Heavy,0,Low,0,Low,0,3.97504,918.457,0.0474383,0.1
1250,0,Light Heavy,0,Low,0,Low,0,3.90578,901.182,0.04712,0.1
1251,0,Light Heavy,0,Low,0,Low,0,3.86963,891.248,0.0472724,0.1
1252,0,Light Heavy,0,Low,0,Low,0,3.95512,914.703,0.0465413,0.1
1253,0,Light Heavy,0,Low,0,Low,0,3.89398,900.195,0.0465123,0.1
1254,0,Light Heavy,0,Low,0,Low,0,3.96056,914.106,0.0472666,0.1
1255,0,Light Heavy,0,Low,0,Low,0,3.89359,898.072,0.0468229,0.1
1256,0,Light Heavy,0,Low,0,Low,0,3.93679,907.474,0.0471586,0.1
1257,0,BSDF Heavy,-2,Low,0,High,2,3.90349,900.803,0.0471431,0.1
1258,2,Light Heavy,2,High,2,Low,0,14.9027,3412.8,0.110108,0.1
1259,0,Balanced,-1,Low,0,Medium,1,3.97183,917.331,0.0474286,0.1
1260,1,Light Heavy,1,Medium,1,Low,0,8.73896,1998.55,0.0948611,0.1
1261,0,Light Heavy,0,Low,0,Low,0,3.92371,905.729,0.0468789,0.1
1262,0,Light Heavy,0,Low,0,Low,0,3.95372,912.952,0.0473071,0.1
1263,0,Light Heavy,0,Low,0,Low,0,3.96889,917.206,0.0471856,0.1
1264,0,Light Heavy,0,Low,0,Low,0,3.95502,914.549,0.0471296,0.1
1265,0,Light Heavy,0,Low,0,Low,0,3.93254,907.644,0.0471084,0.1
1266,0,Balanced,-1,Low,0,Medium,1,3.99185,922.536,0.0470949,0.1
1267,1,Light Heavy,1,Medium,1,Low,0,8.67679,1983.81,0.094566,0.1
1268,0,Light Heavy,0,Low,0,Low,0,3.95389,914.312,0.046576,0.1
1269,0,Light Heavy,0,Low,0,Low,0,3.91173,903.811,0.0465046,0.1
1270,0,Light Heavy,0,Low,0,Low,0,3.93805,908.642,0.0474344,0.1
1271,0,Light Heavy,0,Low,0,Low,0,3.96317,915.24,0.0471566,0.1
1272,0,Light Heavy,0,Low,0,Low,0,3.97694,918.684,0.0473187,0.1
1273,0,Light Heavy,0,Low,0,Low,0,3.93651,908.002,0.0470081,0.1
1274,0,Light Heavy,0,Low,0,Low,0,3.94139,910.339,0.0469483,0.1
1275,0,Light Heavy,0,Low,0,Low,0,3.93497,907.583,0.0474576,0.1
1276,0,Light Heavy,0,Low,0,Low,0,3.93634,909.768,0.0465799,0.1
1277,0,Light Heavy,0,Low,0,Low,0,3.94009,909.792,0.0471682,0.1
1278,0,Light Heavy,0,Low,0,Low,0,3.96707,916.197,0.0472724,0.1
1279,0,Light Heavy,0,Low,0,Low,0,3.90663,901.705,0.0470274,0.1
1280,0,Light Heavy,0,Low,0,Low,0,3.94446,910.494,0.0473322,0.1
1281,0,Light Heavy,0,Low,0,Low,0,3.90568,900.882,0.0470486,0.1
1282,0,Light Heavy,0,Low,0,Low,0,3.95825,914.32,0.0468943,0.1
1283,0,Light Heavy,0,Low,0,Low,0,3.94119,910.965,0.0465702,0.1
1284,0,Light Heavy,0,Low,0,Low,0,3.92131,905.822,0.0467747,0.1
1285,0,Light Heavy,0,Low,0,Low,0,3.9523,913.806,0.0469174,0.1
1286,0,Light Heavy,0,Low,0,Low,0,3.88494,895.882,0.0469078,0.1
1287,0,Light Heavy,0,Low,0,Low,0,3.9117,901.839,0.0473765,0.1
1288,0,Light Heavy,0,Low,0,Low,0,3.91332,902.579,0.0470293,0.1
1289,0,Light Heavy,0,Low,0,Low,0,3.95934,914.609,0.0475482,0.1
1290,0,Light Heavy,0,Low,0,Low,0,3.92315,906.075,0.046985,0.1
1291,0,Light Heavy,0,Low,0,Low,0,3.94241,910.718,0.04701,0.1
1292,0,Light Heavy,0,Low,0,Low,0,3.96165,915.311,0.0474865,0.1
1293,0,Light Heavy,0,Low,0,Low,0,3.89663,897.552,0.0471605,0.1
1294,0,Light Heavy,0,Low,0,Low,0,3.94064,910.359,0.0471335,0.1
1295,0,Light Heavy,0,Low,0,Low,0,3.9178,904.048,0.0469715,0.1
1296,0,Light Heavy,0,Low,0,Low,0,3.96626,914.821,0.0474556,0.1
1297,0,Light Heavy,0,Low,0,Low,0,3.98153,918.712,0.0476543,0.1
1298,0,Light Heavy,0,Low,0,Low,0,3.91153,902.791,0.0470718,0.1
1299,0,Light Heavy,0,Low,0,Low,0,3.91462,901.293,0.0474383,0.1
1300,0,Light Heavy,0,Low,0,Low,0,3.96457,915.888,0.0472377,0.1
1301,0,Light Heavy,0,Low,0,Low,0,3.95029,911.764,0.0473939,0.1
1302,0,Light Heavy,0,Low,0,Low,0,3.96589,915.569,0.0471779,0.1
1303,0,Light Heavy,0,Low,0,Low,0,3.91582,903.759,0.0470312,0.1
1304,0,Light Heavy,0,Low,0,Low,0,3.95583,912.878,0.0473264,0.1
1305,0,Light Heavy,0,Low,0,Low,0,3.91778,903.435,0.0471373,0.1
1306,0,Balanced,-1,Low,0,Medium,1,3.95099,911.953,0.0473978,0.1
1307,1,Light Heavy,1,Medium,1,Low,0,8.62724,1972.36,0.0941435,0.1
1308,0,Light Heavy,0,Low,0,Low,0,3.94516,910.767,0.0472184,0.1
1309,0,Light Heavy,0,Low,0,Low,0,3.84743,887.857,0.0466011,0.1
1310,0,Light Heavy,0,Low,0,Low,0,4.00085,923.747,0.0473264,0.1
1311,0,Light Heavy,0,Low,0,Low,0,3.93937,910.408,0.0471007,0.1
1312,0,Light Heavy,0,Low,0,Low,0,3.89157,898.1,0.0464371,0.1
1313,0,BSDF Heavy,-2,Low,0,High,2,3.9365,909,0.0470004,0.1
1314,2,BSDF Heavy,0,High,2,High,2,14.7811,3386.58,0.108997,0.1
1315,2,Balanced,1,High,2,Medium,1,14.8655,3402.09,0.109981,0.1
1316,1,Balanced,0,Medium,1,Medium,1,8.73611,1998.25,0.0946277,0.1
1317,1,Light Heavy,1,Medium,1,Low,0,8.60518,1967.58,0.0936844,0.1
1318,0,Light Heavy,0,Low,0,Low,0,3.96921,916.354,0.0472627,0.1
1319,0,Light Heavy,0,Low,0,Low,0,3.94205,910.283,0.0468692,0.1
1320,0,Light Heavy,0,Low,0,Low,0,3.91828,903.869,0.0471084,0.1
1321,0,Light Heavy,0,Low,0,Low,0,3.96442,915.97,0.0467747,0.1
1322,0,Light Heavy,0,Low,0,Low,0,3.92185,905.247,0.0469213,0.1
1323,0,Light Heavy,0,Low,0,Low,0,3.93173,907.401,0.047201,0.1
1324,0,Light Heavy,0,Low,0,Low,0,3.89737,898.944,0.047282,0.1
1325,0,Light Heavy,0,Low,0,Low,0,3.95921,916.362,0.0466165,0.1
1326,0,BSDF Heavy,-2,Low,0,High,2,3.90094,900.233,0.0467438,0.1
1327,2,Light Heavy,2,High,2,Low,0,14.9873,3427.91,0.111086,0.1
1328,0,Balanced,-1,Low,0,Medium,1,3.89299,896.964,0.0473283,0.1
1329,1,Light Heavy,1,Medium,1,Low,0,8.77875,2008.69,0.0947203,0.1
1330,0,Light Heavy,0,Low,0,Low,0,3.97919,917.973,0.0478202,0.1
1331,0,Light Heavy,0,Low,0,Low,0,3.90712,900.452,0.0471509,0.1
1332,0,Light Heavy,0,Low,0,Low,0,3.98189,918.506,0.047419,0.1
1333,0,Light Heavy,0,Low,0,Low,0,3.95526,914.013,0.0468287,0.1
1334,0,Light Heavy,0,Low,0,Low,0,3.97482,917.597,0.0474884,0.1
1335,0,Light Heavy,0,Low,0,Low,0,3.88813,897.258,0.0465316,0.1
1336,0,Light Heavy,0,Low,0,Low,0,3.98927,921.9,0.0470544,0.1
1337,0,Light Heavy,0,Low,0,Low,0,3.99364,922.325,0.0474151,0.1
1338,0,Light Heavy,0,Low,0,Low,0,3.98624,921.179,0.0472164,0.1
1339,0,Light Heavy,0,Low,0,Low,0,3.9583,914.77,0.0469734,0.1
1340,0,Light Heavy,0,Low,0,Low,0,3.9262,905.355,0.0474421,0.1
1341,0,Light Heavy,0,Low,0,Low,0,3.91354,903.054,0.0473437,0.1
1342,0,Light Heavy,0,Low,0,Low,0,3.95982,915.489,0.0470255,0.1
1343,0,Light Heavy,0,Low,0,Low,0,3.93213,907.553,0.0470853,0.1
1344,0,Light Heavy,0,Low,0,Low,0,3.92687,906.614,0.0468692,0.1
1345,0,Light Heavy,0,Low,0,Low,0,3.96243,915.371,0.0468113,0.1
1346,0,Light Heavy,0,Low,0,Low,0,3.9045,901.657,0.0468306,0.1
1347,0,Light Heavy,0,Low,0,Low,0,3.98019,918.728,0.0473032,0.1
1348,0,Light Heavy,0,Low,0,Low,0,3.94336,911.157,0.0468904,0.1
1349,0,Light Heavy,0,Low,0,Low,0,3.90899,900.944,0.0475231,0.1
1350,0,Light Heavy,0,Low,0,Low,0,4.00929,925.771,0.0474749,0.1
1351,0,Light Heavy,0,Low,0,Low,0,3.92696,906.446,0.0470274,0.1
1352,3,Light Heavy,0,Low,0,Low,0,3.92817,906.234,0.0472492,0.1
1353,3,BSDF Heavy,-2,Low,0,High,2,3.9282,907.52,0.0468441,0.1
1354,5,BSDF Heavy,0,High,2,High,2,14.8928,3407.7,0.11023,0.1
1355,5,BSDF Heavy,0,High,2,High,2,14.8342,3393.63,0.110677,0.1
1356,5,BSDF Heavy,0,High,2,High,2,14.8636,3400.29,0.110195,0.1
1357,5,BSDF Heavy,0,High,2,High,2,14.8202,3391.9,0.109784,0.1
1358,5,BSDF Heavy,0,High,2,High,2,14.8246,3395.68,0.10962,0.1
1359,5,BSDF Heavy,0,High,2,High,2,14.7928,3385.42,0.110013,0.1
1360,5,Balanced,1,High,2,Medium,1,14.8975,3408.16,0.110592,0.1
1361,4,BSDF Heavy,-1,Medium,1,High,2,8.72979,1995.81,0.0946528,0.1
1362,5,Balanced,1,High,2,Medium,1,14.8634,3400.38,0.110747,0.1
1363,4,BSDF Heavy,-1,Medium,1,High,2,8.68434,1990.71,0.0940008,0.1
1364,5,BSDF Heavy,0,High,2,High,2,14.9884,3427.99,0.110718,0.1
1365,5,BSDF Heavy,0,High,2,High,2,14.9594,3425.94,0.109844,0.1
1366,5,BSDF Heavy,0,High,2,High,2,14.8365,3399.37,0.109877,0.1
1367,5,BSDF Heavy,0,High,2,High,2,14.8293,3395.42,0.10939,0.1
1368,5,BSDF Heavy,0,High,2,High,2,14.8779,3404.15,0.109954,0.1
1369,5,BSDF Heavy,0,High,2,High,2,14.8254,3393.03,0.109738,0.1
1370,5,BSDF Heavy,0,High,2,High,2,14.9211,3415.77,0.110374,0.1
1371,5,BSDF Heavy,0,High,2,High,2,14.9031,3411.64,0.109931,0.1
1372,5,BSDF Heavy,0,High,2,High,2,14.9396,3417.95,0.110648,0.1
1373,5,BSDF Heavy,0,High,2,High,2,14.8627,3404.31,0.10934,0.1
1374,5,BSDF Heavy,0,High,2,High,2,14.9418,3419.72,0.110262,0.1
1375,5,BSDF Heavy,0,High,2,High,2,14.9739,3425.91,0.110559,0.1
1376,5,BSDF Heavy,0,High,2,High,2,14.8661,3405.66,0.110002,0.1
1377,5,BSDF Heavy,0,High,2,High,2,14.8423,3397.26,0.109817,0.1
1378,5,BSDF Heavy,0,High,2,High,2,14.9015,3408.72,0.109759,0.1
1379,5,BSDF Heavy,0,High,2,High,2,14.8777,3404.98,0.110015,0.1
1380,5,BSDF Heavy,0,High,2,High,2,14.9613,3425,0.109927,0.1
1381,5,BSDF Heavy,0,High,2,High,2,14.7234,3372.64,0.109257,0.1
1382,5,BSDF Heavy,0,High,2,High,2,14.859,3402.86,0.11012,0.1
1383,5,BSDF Heavy,0,High,2,High,2,14.9399,3419.27,0.110181,0.1
1384,5,BSDF Heavy,0,High,2,High,2,14.8523,3401.99,0.109485,0.1
1385,5,BSDF Heavy,0,High,2,High,2,14.8822,3405.49,0.110368,0.1
1386,5,BSDF Heavy,0,High,2,High,2,14.9247,3419.13,0.109954,0.1
1387,5,BSDF Heavy,0,High,2,High,2,14.7856,3384.39,0.110081,0.1
1388,5,BSDF Heavy,0,High,2,High,2,14.8523,3397.46,0.109971,0.1
1389,5,BSDF Heavy,0,High,2,High,2,14.8664,3403.23,0.109745,0.1
1390,5,BSDF Heavy,0,High,2,High,2,14.826,3392.91,0.10973,0.1
1391,5,BSDF Heavy,0,High,2,High,2,14.7801,3381.79,0.109932,0.1
1392,5,BSDF Heavy,0,High,2,High,2,14.9883,3431.22,0.110787,0.1
1393,5,BSDF Heavy,0,High,2,High,2,14.9134,3417.35,0.109622,0.1
1394,5,Light Heavy,2,High,2,Low,0,14.8554,3399.38,0.110247,0.1
1395,3,BSDF Heavy,-2,Low,0,High,2,3.92728,906.854,0.047066,0.1
1396,5,Balanced,1,High,2,Medium,1,14.8587,3401.42,0.109545,0.1
1397,4,BSDF Heavy,-1,Medium,1,High,2,8.6597,1981.32,0.0941339,0.1
1398,5,Light Heavy,2,High,2,Low,0,14.8781,3405.72,0.110208,0.1
1399,3,BSDF Heavy,-2,Low,0,High,2,3.97341,917.129,0.0470679,0.1
1400,5,BSDF Heavy,0,High,2,High,2,14.8149,3390.83,0.109975,0.1
1401,5,BSDF Heavy,0,High,2,High,2,14.9021,3413.64,0.109844,0.1
1402,5,BSDF Heavy,0,High,2,High,2,14.9168,3412.95,0.110116,0.1
1403,5,BSDF Heavy,0,High,2,High,2,14.8525,3401.24,0.109846,0.1
1404,5,BSDF Heavy,0,High,2,High,2,14.8511,3398.37,0.109948,0.1
1405,5,BSDF Heavy,0,High,2,High,2,14.9041,3411.01,0.110301,0.1
1406,5,BSDF Heavy,0,High,2,High,2,14.9594,3426.44,0.109917,0.1
1407,5,BSDF Heavy,0,High,2,High,2,14.9357,3415.57,0.110951,0.1
1408,5,BSDF Heavy,0,High,2,High,2,14.9445,3421.55,0.110098,0.1
1409,5,BSDF Heavy,0,High,2,High,2,14.8854,3410.59,0.110089,0.1
1410,5,BSDF Heavy,0,High,2,High,2,14.8874,3407.88,0.110066,0.1
1411,5,BSDF Heavy,0,High,2,High,2,14.7694,3381.37,0.109633,0.1
1412,5,BSDF Heavy,0,High,2,High,2,14.8352,3397.06,0.109726,0.1
1413,5,BSDF Heavy,0,High,2,High,2,15.0135,3432.43,0.110943,0.1
1414,5,BSDF Heavy,0,High,2,High,2,14.8425,3402.34,0.109236,0.1
1415,5,BSDF Heavy,0,High,2,High,2,14.8752,3405.66,0.109715,0.1
1416,5,BSDF Heavy,0,High,2,High,2,14.8396,3399.09,0.10968,0.1
1417,5,BSDF Heavy,0,High,2,High,2,14.9238,3415.58,0.11006,0.1
1418,5,BSDF Heavy,0,High,2,High,2,14.9246,3417.73,0.110044,0.1
1419,5,BSDF Heavy,0,High,2,High,2,14.9172,3413.41,0.110505,0.1
1420,5,BSDF Heavy,0,High,2,High,2,14.8852,3405.21,0.110376,0.1
1421,5,BSDF Heavy,0,High,2,High,2,14.8758,3407.06,0.109468,0.1
1422,5,BSDF Heavy,0,High,2,High,2,14.9202,3414.2,0.11059,0.1
1423,5,BSDF Heavy,0,High,2,High,2,14.9209,3414.33,0.109929,0.1
1424,5,BSDF Heavy,0,High,2,High,2,14.9259,3418.44,0.109639,0.1
1425,5,BSDF Heavy,0,High,2,High,2,14.7715,3382.42,0.109794,0.1
1426,5,BSDF Heavy,0,High,2,High,2,14.9078,3412.62,0.109742,0.1
1427,5,BSDF Heavy,0,High,2,High,2,14.8967,3410.75,0.109716,0.1
1428,5,BSDF Heavy,0,High,2,High,2,14.9807,3429.11,0.110183,0.1
1429,5,BSDF Heavy,0,High,2,High,2,14.7339,3375.87,0.109537,0.1
1430,5,Balanced,1,High,2,Medium,1,14.8573,3401.09,0.109915,0.1
1431,4,BSDF Heavy,-1,Medium,1,High,2,8.66388,1981.74,0.0944907,0.1
1432,5,Light Heavy,2,High,2,Low,0,14.8789,3407.78,0.109223,0.1
1433,3,BSDF Heavy,-2,Low,0,High,2,3.93386,908.726,0.047255,0.1
1434,5,Light Heavy,2,High,2,Low,0,14.8013,3389.55,0.109205,0.1
1435,3,BSDF Heavy,-2,Low,0,High,2,4.02976,932.398,0.0470988,0.1
1436,5,Light Heavy,2,High,2,Low,0,14.9421,3421.16,0.109871,0.1
1437,3,BSDF Heavy,-2,Low,0,High,2,3.95542,913.863,0.0470293,0.1
1438,5,Balanced,1,High,2,Medium,1,14.8711,3405.04,0.110268,0.1
1439,4,Light Heavy,1,Medium,1,Low,0,8.66875,1983.35,0.093912,0.1
1440,3,BSDF Heavy,-2,Low,0,High,2,3.92931,906.522,0.0469715,0.1
1441,5,Light Heavy,2,High,2,Low,0,14.9041,3411.82,0.109969,0.1
1442,3,BSDF Heavy,-2,Low,0,High,2,3.9857,920.351,0.0474228,0.1
1443,5,Balanced,1,High,2,Medium,1,14.8948,3410.18,0.109823,0.1
1444,4,BSDF Heavy,-1,Medium,1,High,2,8.67766,1984.5,0.0946894,0.1
1445,5,BSDF Heavy,0,High,2,High,2,14.7609,3378.52,0.109851,0.1
1446,5,BSDF Heavy,0,High,2,High,2,14.7454,3377.1,0.109678,0.1
1447,5,Light Heavy,2,High,2,Low,0,14.9571,3425.21,0.109491,0.1
1448,3,BSDF Heavy,-2,Low,0,High,2,3.9663,915.959,0.0469444,0.1
1449,5,BSDF Heavy,0,High,2,High,2,14.7698,3383.05,0.109666,0.1
1450,5,BSDF Heavy,0,High,2,High,2,14.9437,3420.89,0.110513,0.1
1451,5,BSDF Heavy,0,High,2,High,2,14.7471,3373.32,0.110133,0.1
1452,5,BSDF Heavy,0,High,2,High,2,14.8639,3402.69,0.109983,0.1
1453,5,BSDF Heavy,0,High,2,High,2,14.9135,3414.26,0.110264,0.1
1454,5,BSDF Heavy,0,High,2,High,2,14.8525,3400.11,0.109936,0.1
1455,5,BSDF Heavy,0,High,2,High,2,14.8658,3404.16,0.109483,0.1
1456,5,BSDF Heavy,0,High,2,High,2,14.9565,3424.51,0.109913,0.1
1457,5,BSDF Heavy,0,High,2,High,2,14.8585,3403.6,0.109678,0.1
1458,5,BSDF Heavy,0,High,2,High,2,14.8484,3399.04,0.109576,0.1
1459,5,BSDF Heavy,0,High,2,High,2,14.9632,3424.56,0.110561,0.1
1460,5,BSDF Heavy,0,High,2,High,2,14.8921,3410.62,0.109938,0.1
1461,5,BSDF Heavy,0,High,2,High,2,14.8728,3406.76,0.109936,0.1
1462,5,BSDF Heavy,0,High,2,High,2,14.9493,3423.27,0.110355,0.1
1463,5,BSDF Heavy,0,High,2,High,2,14.8269,3394.12,0.10989,0.1
1464,5,BSDF Heavy,0,High,2,High,2,14.8784,3407.82,0.10977,0.1
1465,5,BSDF Heavy,0,High,2,High,2,14.7933,3386.62,0.11017,0.1
1466,5,BSDF Heavy,0,High,2,High,2,14.8443,3397.79,0.109973,0.1
1467,5,BSDF Heavy,0,High,2,High,2,14.8608,3400.66,0.109724,0.1
1468,5,BSDF Heavy,0,High,2,High,2,14.9142,3412.21,0.1105,0.1
1469,5,BSDF Heavy,0,High,2,High,2,14.8795,3408.45,0.10974,0.1
1470,5,BSDF Heavy,0,High,2,High,2,14.8993,3412.29,0.109815,0.1
1471,5,BSDF Heavy,0,High,2,High,2,14.8697,3404.02,0.109888,0.1
1472,5,BSDF Heavy,0,High,2,High,2,14.6525,3358.91,0.108439,0.1
1473,5,BSDF Heavy,0,High,2,High,2,14.913,3413.85,0.110262,0.1
1474,5,BSDF Heavy,0,High,2,High,2,14.8859,3407.32,0.110588,0.1
1475,5,BSDF Heavy,0,High,2,High,2,14.9952,3432.94,0.110297,0.1
1476,5,BSDF Heavy,0,High,2,High,2,14.8734,3405.74,0.109549,0.1
1477,5,BSDF Heavy,0,High,2,High,2,14.7868,3386.86,0.109686,0.1
1478,5,BSDF Heavy,0,High,2,High,2,14.951,3421.84,0.110482,0.1
1479,5,BSDF Heavy,0,High,2,High,2,14.8372,3397.64,0.109865,0.1
1480,5,Balanced,1,High,2,Medium,1,14.826,3394.68,0.110125,0.1
1481,4,BSDF Heavy,-1,Medium,1,High,2,8.71451,1993.91,0.0949402,0.1
1482,5,BSDF Heavy,0,High,2,High,2,14.8945,3412.08,0.109743,0.1
1483,5,BSDF Heavy,0,High,2,High,2,14.863,3404.25,0.110127,0.1
1484,5,BSDF Heavy,0,High,2,High,2,14.8045,3390.42,0.109068,0.1
1485,5,BSDF Heavy,0,High,2,High,2,14.8568,3402.05,0.109869,0.1
1486,5,BSDF Heavy,0,High,2,High,2,14.799,3387.33,0.109959,0.1
1487,5,BSDF Heavy,0,High,2,High,2,14.9532,3424.19,0.109942,0.1
1488,5,BSDF Heavy,0,High,2,High,2,14.9403,3417.44,0.110552,0.1
1489,5,BSDF Heavy,0,High,2,High,2,14.8607,3403.41,0.110106,0.1
1490,5,BSDF Heavy,0,High,2,High,2,14.8407,3398.05,0.10972,0.1
1491,5,BSDF Heavy,0,High,2,High,2,14.8919,3410.51,0.1099,0.1
1492,5,BSDF Heavy,0,High,2,High,2,14.9224,3416.57,0.109923,0.1
1493,5,BSDF Heavy,0,High,2,High,2,14.8139,3390.25,0.110147,0.1
1494,5,BSDF Heavy,0,High,2,High,2,14.8956,3411.44,0.110106,0.1
1495,5,BSDF Heavy,0,High,2,High,2,14.8945,3408.94,0.110258,0.1
1496,5,BSDF Heavy,0,High,2,High,2,14.8953,3411.36,0.10983,0.1
1497,5,BSDF Heavy,0,High,2,High,2,14.8088,3391.13,0.109508,0.1
1498,5,BSDF Heavy,0,High,2,High,2,14.8983,3410.95,0.109946,0.1
1499,5,BSDF Heavy,0,High,2,High,2,14.8572,3401.68,0.109686,0.1
1500,5,BSDF Heavy,0,High,2,High,2,14.8859,3409.33,0.109882,0.1
1501,5,BSDF Heavy,0,High,2,High,2,14.9444,3419.88,0.110332,0.1
1502,5,BSDF Heavy,0,High,2,High,2,15.0129,3434.05,0.110498,0.1
1503,5,BSDF Heavy,0,High,2,High,2,14.8655,3402.64,0.109732,0.1
1504,5,BSDF Heavy,0,High,2,High,2,14.8126,3390.82,0.109938,0.1
1505,5,BSDF Heavy,0,High,2,High,2,14.8216,3393.84,0.109377,0.1
1506,5,BSDF Heavy,0,High,2,High,2,14.8714,3406.55,0.109666,0.1
1507,5,BSDF Heavy,0,High,2,High,2,14.8184,3395.88,0.109261,0.1
1508,5,BSDF Heavy,0,High,2,High,2,14.8919,3410.69,0.109626,0.1
1509,5,Balanced,1,High,2,Medium,1,14.9438,3422.44,0.110291,0.1
1510,4,BSDF Heavy,-1,Medium,1,High,2,8.78243,2009.15,0.0949074,0.1
1511,5,BSDF Heavy,0,High,2,High,2,14.8246,3393.02,0.109653,0.1
1512,5,BSDF Heavy,0,High,2,High,2,14.8781,3404.39,0.110272,0.1
1513,5,BSDF Heavy,0,High,2,High,2,14.7271,3373.32,0.109468,0.1
1514,5,BSDF Heavy,0,High,2,High,2,14.8642,3402.64,0.110336,0.1
1515,5,BSDF Heavy,0,High,2,High,2,14.949,3422.54,0.110351,0.1
1516,5,BSDF Heavy,0,High,2,High,2,14.8808,3407.11,0.109844,0.1
1517,5,BSDF Heavy,0,High,2,High,2,14.8592,3401.23,0.109431,0.1
1518,5,BSDF Heavy,0,High,2,High,2,14.9137,3411.64,0.110864,0.1
1519,5,BSDF Heavy,0,High,2,High,2,14.8213,3392.4,0.110322,0.1
1520,5,BSDF Heavy,0,High,2,High,2,14.8954,3411.58,0.109788,0.1
1521,5,BSDF Heavy,0,High,2,High,2,14.7968,3388.24,0.109317,0.1
1522,5,BSDF Heavy,0,High,2,High,2,14.7934,3386.45,0.109549,0.1
1523,5,BSDF Heavy,0,High,2,High,2,15.0028,3434.19,0.110372,0.1
1524,5,BSDF Heavy,0,High,2,High,2,14.8855,3403.66,0.110345,0.1
1525,5,BSDF Heavy,0,High,2,High,2,14.8643,3401.68,0.11027,0.1
1526,5,BSDF Heavy,0,High,2,High,2,14.8921,3410.72,0.110644,0.1
1527,5,BSDF Heavy,0,High,2,High,2,14.8461,3398.84,0.10995,0.1
1528,5,Light Heavy,2,High,2,Low,0,14.8245,3395.01,0.1094,0.1
1529,3,BSDF Heavy,-2,Low,0,High,2,3.90136,899.542,0.0474576,0.1
1530,5,Light Heavy,2,High,2,Low,0,14.9309,3417.28,0.110176,0.1
1531,3,BSDF Heavy,-2,Low,0,High,2,3.90539,901.165,0.0470718,0.1
1532,5,Balanced,1,High,2,Medium,1,14.7381,3374.38,0.109178,0.1
1533,4,BSDF Heavy,-1,Medium,1,High,2,8.60906,1968.74,0.0939757,0.1
1534,5,BSDF Heavy,0,High,2,High,2,14.8181,3392.14,0.110247,0.1
1535,5,BSDF Heavy,0,High,2,High,2,14.9092,3413.07,0.1101,0.1
1536,5,BSDF Heavy,0,High,2,High,2,14.8344,3394.23,0.110376,0.1
1537,5,BSDF Heavy,0,High,2,High,2,14.9946,3430.95,0.110293,0.1
1538,5,BSDF Heavy,0,High,2,High,2,14.8041,3389.98,0.109786,0.1
1539,5,BSDF Heavy,0,High,2,High,2,14.8762,3407.3,0.11044,0.1
1540,5,BSDF Heavy,0,High,2,High,2,14.8176,3394.29,0.109842,0.1
1541,5,BSDF Heavy,0,High,2,High,2,14.7747,3380.32,0.110068,0.1
1542,5,BSDF Heavy,0,High,2,High,2,14.8527,3398.9,0.110002,0.1
1543,5,BSDF Heavy,0,High,2,High,2,14.8376,3398.84,0.110083,0.1
1544,5,BSDF Heavy,0,High,2,High,2,14.9378,3421.44,0.110068,0.1
1545,5,BSDF Heavy,0,High,2,High,2,14.8972,3411.36,0.110195,0.1
1546,5,BSDF Heavy,0,High,2,High,2,14.9731,3427.27,0.110123,0.1
1547,5,BSDF Heavy,0,High,2,High,2,14.9177,3413.21,0.109921,0.1
1548,5,BSDF Heavy,0,High,2,High,2,14.8162,3391.27,0.109934,0.1
1549,5,BSDF Heavy,0,High,2,High,2,14.907,3414.31,0.109959,0.1
1550,5,BSDF Heavy,0,High,2,High,2,14.7764,3385.12,0.108769,0.1
1551,5,BSDF Heavy,0,High,2,High,2,14.8139,3391.61,0.109433,0.1
1552,5,BSDF Heavy,0,High,2,High,2,14.816,3389.87,0.109871,0.1
1553,5,BSDF Heavy,0,High,2,High,2,14.9163,3416.92,0.110363,0.1
1554,5,BSDF Heavy,0,High,2,High,2,14.8645,3404.82,0.109458,0.1
1555,5,BSDF Heavy,0,High,2,High,2,14.8211,3393.02,0.109363,0.1
1556,5,BSDF Heavy,0,High,2,High,2,14.7578,3380.56,0.109365,0.1
1557,5,BSDF Heavy,0,High,2,High,2,14.8796,3408.14,0.110133,0.1
1558,5,BSDF Heavy,0,High,2,High,2,14.77,3383.45,0.109007,0.1
1559,5,BSDF Heavy,0,High,2,High,2,15.0115,3434.05,0.110523,0.1
1560,5,BSDF Heavy,0,High,2,High,2,14.7768,3382.93,0.109878,0.1
1561,5,BSDF Heavy,0,High,2,High,2,14.9839,3430.41,0.110571,0.1
1562,5,BSDF Heavy,0,High,2,High,2,14.9267,3415.76,0.110687,0.1
1563,5,BSDF Heavy,0,High,2,High,2,15.0087,3430.27,0.111564,0.1
1564,5,BSDF Heavy,0,High,2,High,2,14.8856,3406.06,0.110345,0.1
1565,5,BSDF Heavy,0,High,2,High,2,14.8671,3402.64,0.110247,0.1
1566,5,BSDF Heavy,0,High,2,High,2,14.8705,3405.38,0.109805,0.1
1567,5,BSDF Heavy,0,High,2,High,2,15.068,3446.07,0.111113,0.1
1568,5,BSDF Heavy,0,High,2,High,2,14.9294,3416.85,0.110359,0.1
1569,5,BSDF Heavy,0,High,2,High,2,14.8508,3400.79,0.109794,0.1
1570,5,BSDF Heavy,0,High,2,High,2,15.0122,3435.81,0.110606,0.1
1571,5,BSDF Heavy,0,High,2,High,2,14.8409,3397.87,0.109614,0.1
1572,5,BSDF Heavy,0,High,2,High,2,14.95,3425.08,0.109888,0.1
1573,5,BSDF Heavy,0,High,2,High,2,14.8962,3406.38,0.110419,0.1
1574,5,BSDF Heavy,0,High,2,High,2,14.8263,3395.12,0.109853,0.1
1575,5,BSDF Heavy,0,High,2,High,2,14.8269,3395.66,0.109514,0.1
1576,5,BSDF Heavy,0,High,2,High,2,14.8754,3404.33,0.11033,0.1
1577,5,BSDF Heavy,0,High,2,High,2,14.8087,3392.29,0.109815,0.1
1578,5,BSDF Heavy,0,High,2,High,2,14.7859,3387.26,0.109302,0.1
1579,5,BSDF Heavy,0,High,2,High,2,14.8914,3409.36,0.109929,0.1
1580,5,BSDF Heavy,0,High,2,High,2,14.8366,3396.98,0.11011,0.1
1581,5,BSDF Heavy,0,High,2,High,2,14.8388,3396.89,0.109502,0.1
1582,5,BSDF Heavy,0,High,2,High,2,14.8748,3402.39,0.110206,0.1
1583,5,BSDF Heavy,0,High,2,High,2,15.0032,3433.64,0.110233,0.1
1584,5,Balanced,1,High,2,Medium,1,14.8825,3405.5,0.109905,0.1
1585,4,Balanced,0,Medium,1,Medium,1,8.65301,1979.22,0.0946065,0.1
1586,4,Balanced,0,Medium,1,Medium,1,8.73419,1998.65,0.0944059,0.1
1587,4,Balanced,0,Medium,1,Medium,1,8.64543,1977.98,0.0940934,0.1
1588,4,Balanced,0,Medium,1,Medium,1,8.76257,2003.7,0.0947434,0.1
1589,4,Balanced,0,Medium,1,Medium,1,8.66726,1983.89,0.0935532,0.1
1590,4,Balanced,0,Medium,1,Medium,1,8.67721,1984.49,0.0947434,0.1
1591,4,Balanced,0,Medium,1,Medium,1,8.64041,1975.45,0.0943422,0.1
1592,4,Balanced,0,Medium,1,Medium,1,8.68734,1988.17,0.0942284,0.1
1593,4,Balanced,0,Medium,1,Medium,1,8.64615,1978.41,0.0940972,0.1
1594,4,Balanced,0,Medium,1,Medium,1,8.74244,1998.49,0.0952122,0.1
1595,4,Balanced,0,Medium,1,Medium,1,8.75684,2003.92,0.0943654,0.1
1596,4,Balanced,0,Medium,1,Medium,1,8.71263,1991.13,0.0946412,0.1
1597,4,Balanced,0,Medium,1,Medium,1,8.64876,1976.6,0.0948225,0.1
1598,4,Balanced,0,Medium,1,Medium,1,8.68439,1986.08,0.0946508,0.1
1599,4,BSDF Heavy,-1,Medium,1,High,2,8.70767,1992.25,0.0944136,0.1
1600,5,Balanced,1,High,2,Medium,1,14.8243,3397.66,0.108893,0.1
1601,4,BSDF Heavy,-1,Medium,1,High,2,8.67442,1985.53,0.0942265,0.1
1602,5,Balanced,1,High,2,Medium,1,14.8352,3395.99,0.110025,0.1
1603,4,BSDF Heavy,-1,Medium,1,High,2,8.76364,2004.41,0.0952296,0.1
1604,5,BSDF Heavy,0,High,2,High,2,14.946,3420.02,0.110448,0.1
1605,5,BSDF Heavy,0,High,2,High,2,14.9106,3414.47,0.109581,0.1
1606,5,Light Heavy,2,High,2,Low,0,14.8267,3393.58,0.109986,0.1
1607,3,BSDF Heavy,-2,Low,0,High,2,3.96964,916.354,0.047309,0.1
1608,5,BSDF Heavy,0,High,2,High,2,15.0206,3437.99,0.110554,0.1
1609,5,BSDF Heavy,0,High,2,High,2,14.7935,3390.18,0.109024,0.1
1610,5,BSDF Heavy,0,High,2,High,2,14.8929,3409.31,0.110351,0.1
1611,5,BSDF Heavy,0,High,2,High,2,14.9381,3418.97,0.110552,0.1
1612,5,Balanced,1,High,2,Medium,1,14.9075,3411.27,0.109797,0.1
1613,4,BSDF Heavy,-1,Medium,1,High,2,8.71609,1993.83,0.0942303,0.1
1614,5,Light Heavy,2,High,2,Low,0,14.876,3407.14,0.109925,0.1
1615,3,BSDF Heavy,-2,Low,0,High,2,3.93505,908.175,0.0472782,0.1
1616,5,Balanced,1,High,2,Medium,1,14.9703,3426.44,0.110828,0.1
1617,4,BSDF Heavy,-1,Medium,1,High,2,8.6891,1988.02,0.0939487,0.1
1618,5,BSDF Heavy,0,High,2,High,2,14.8352,3396.5,0.109676,0.1
1619,5,BSDF Heavy,0,High,2,High,2,14.9613,3423.17,0.110559,0.1
1620,5,BSDF Heavy,0,High,2,High,2,14.9437,3419.88,0.110118,0.1
1621,5,BSDF Heavy,0,High,2,High,2,14.8894,3409.8,0.110079,0.1
1622,5,BSDF Heavy,0,High,2,High,2,14.7774,3382.92,0.109309,0.1
1623,5,BSDF Heavy,0,High,2,High,2,14.7943,3385.25,0.110039,0.1
1624,5,BSDF Heavy,0,High,2,High,2,14.9068,3411.1,0.110565,0.1
1625,5,BSDF Heavy,0,High,2,High,2,14.9294,3416.93,0.109801,0.1
1626,5,BSDF Heavy,0,High,2,High,2,14.8965,3408.95,0.110316,0.1
1627,5,BSDF Heavy,0,High,2,High,2,14.9475,3423.52,0.110071,0.1
1628,5,BSDF Heavy,0,High,2,High,2,14.9004,3408.04,0.110602,0.1
1629,5,BSDF Heavy,0,High,2,High,2,14.9195,3416.42,0.10995,0.1
1630,5,BSDF Heavy,0,High,2,High,2,14.8833,3408.74,0.109649,0.1
1631,5,BSDF Heavy,0,High,2,High,2,14.8604,3401.05,0.109975,0.1
1632,5,BSDF Heavy,0,High,2,High,2,14.8146,3392.6,0.110058,0.1
1633,5,BSDF Heavy,0,High,2,High,2,14.9462,3419.78,0.110503,0.1
1634,5,BSDF Heavy,0,High,2,High,2,14.8648,3403.43,0.110085,0.1
1635,5,BSDF Heavy,0,High,2,High,2,14.9416,3417.05,0.11021,0.1
1636,5,BSDF Heavy,0,High,2,High,2,14.9107,3413.22,0.110085,0.1
1637,5,BSDF Heavy,0,High,2,High,2,14.9994,3432.92,0.110608,0.1
1638,5,BSDF Heavy,0,High,2,High,2,14.8335,3398.53,0.109697,0.1
1639,5,BSDF Heavy,0,High,2,High,2,14.8499,3398.86,0.109915,0.1
1640,5,BSDF Heavy,0,High,2,High,2,14.9515,3424.65,0.11015,0.1
1641,5,BSDF Heavy,0,High,2,High,2,14.7966,3388.51,0.109649,0.1
1642,5,BSDF Heavy,0,High,2,High,2,14.8722,3404.17,0.109986,0.1
1643,5,BSDF Heavy,0,High,2,High,2,14.9129,3411.44,0.109936,0.1
1644,5,BSDF Heavy,0,High,2,High,2,14.8577,3399.44,0.110056,0.1
1645,5,BSDF Heavy,0,High,2,High,2,14.7936,3385.33,0.109742,0.1
1646,5,BSDF Heavy,0,High,2,High,2,14.8999,3409.86,0.109983,0.1
1647,5,BSDF Heavy,0,High,2,High,2,14.8973,3410.95,0.110355,0.1
1648,5,BSDF Heavy,0,High,2,High,2,14.8919,3407.78,0.110037,0.1
1649,5,BSDF Heavy,0,High,2,High,2,14.7345,3374.77,0.109315,0.1
1650,5,BSDF Heavy,0,High,2,High,2,14.7849,3385.88,0.109331,0.1
1651,5,BSDF Heavy,0,High,2,High,2,14.8994,3410.12,0.110492,0.1
1652,5,Light Heavy,2,High,2,Low,0,14.8115,3394.09,0.109365,0.1
1653,3,BSDF Heavy,-2,Low,0,High,2,3.93741,909.212,0.0472068,0.1
1654,5,Light Heavy,2,High,2,Low,0,14.8702,3405.34,0.109979,0.1
1655,3,BSDF Heavy,-2,Low,0,High,2,3.92315,905.42,0.0472512,0.1
1656,5,BSDF Heavy,0,High,2,High,2,14.8305,3396.41,0.109848,0.1
1657,5,BSDF Heavy,0,High,2,High,2,14.9399,3418.05,0.11027,0.1
1658,5,BSDF Heavy,0,High,2,High,2,14.8487,3403.07,0.109448,0.1
1659,5,BSDF Heavy,0,High,2,High,2,14.9089,3409.53,0.110409,0.1
1660,5,BSDF Heavy,0,High,2,High,2,14.8099,3389.44,0.109653,0.1
1661,5,BSDF Heavy,0,High,2,High,2,14.8591,3401.18,0.109695,0.1
1662,5,BSDF Heavy,0,High,2,High,2,14.9523,3422.28,0.110307,0.1
1663,5,BSDF Heavy,0,High,2,High,2,14.8995,3411.13,0.110422,0.1
1664,5,BSDF Heavy,0,High,2,High,2,14.9132,3411.96,0.109637,0.1
1665,5,BSDF Heavy,0,High,2,High,2,14.8777,3405.33,0.109884,0.1
1666,5,BSDF Heavy,0,High,2,High,2,14.8687,3406.65,0.109429,0.1
1667,5,BSDF Heavy,0,High,2,High,2,14.9656,3426.48,0.110133,0.1
1668,5,BSDF Heavy,0,High,2,High,2,14.858,3403.66,0.109412,0.1
1669,5,BSDF Heavy,0,High,2,High,2,14.8062,3391.56,0.109489,0.1
1670,5,BSDF Heavy,0,High,2,High,2,14.9348,3421.59,0.109724,0.1
1671,5,BSDF Heavy,0,High,2,High,2,14.7868,3385.74,0.109803,0.1
1672,5,BSDF Heavy,0,High,2,High,2,14.8804,3403.61,0.110492,0.1
1673,5,BSDF Heavy,0,High,2,High,2,14.9043,3413.59,0.110064,0.1
1674,5,BSDF Heavy,0,High,2,High,2,14.7634,3382.2,0.109334,0.1
1675,5,BSDF Heavy,0,High,2,High,2,14.8314,3397.24,0.109377,0.1
1676,5,BSDF Heavy,0,High,2,High,2,14.8353,3397.04,0.109892,0.1
1677,5,BSDF Heavy,0,High,2,High,2,14.8615,3400.37,0.109826,0.1
1678,5,BSDF Heavy,0,High,2,High,2,14.9157,3413.69,0.110052,0.1
1679,5,BSDF Heavy,0,High,2,High,2,14.9359,3420.06,0.109948,0.1
1680,5,BSDF Heavy,0,High,2,High,2,14.8723,3402.01,0.110299,0.1
1681,5,BSDF Heavy,0,High,2,High,2,14.8371,3399.96,0.109246,0.1
1682,5,BSDF Heavy,0,High,2,High,2,14.9331,3419.85,0.109597,0.1
1683,5,BSDF Heavy,0,High,2,High,2,14.9015,3409.97,0.110129,0.1
1684,5,BSDF Heavy,0,High,2,High,2,14.9349,3416.22,0.110459,0.1
1685,5,BSDF Heavy,0,High,2,High,2,14.8929,3409.3,0.110394,0.1
1686,5,BSDF Heavy,0,High,2,High,2,14.7396,3373.96,0.109742,0.1
1687,5,BSDF Heavy,0,High,2,High,2,14.9307,3417.45,0.110536,0.1
1688,5,BSDF Heavy,0,High,2,High,2,14.9526,3421.14,0.110426,0.1
1689,5,BSDF Heavy,0,High,2,High,2,14.8186,3394.2,0.109416,0.1
1690,5,Light Heavy,2,High,2,Low,0,14.7515,3379.09,0.10945,0.1
1691,3,BSDF Heavy,-2,Low,0,High,2,3.91684,903.192,0.0472762,0.1
1692,5,Balanced,1,High,2,Medium,1,14.9593,3423.35,0.110064,0.1
1693,4,BSDF Heavy,-1,Medium,1,High,2,8.6685,1981.08,0.0948495,0.1
1694,5,Light Heavy,2,High,2,Low,0,14.8555,3399.67,0.11015,0.1
1695,3,BSDF Heavy,-2,Low,0,High,2,3.92969,906.692,0.0471779,0.1
1696,5,Light Heavy,2,High,2,Low,0,14.892,3407.95,0.110883,0.1
1697,3,BSDF Heavy,-2,Low,0,High,2,3.95754,913.503,0.0470428,0.1
1698,5,BSDF Heavy,0,High,2,High,2,14.9248,3413.22,0.110509,0.1
1699,5,Balanced,1,High,2,Medium,1,14.8411,3401.11,0.109975,0.1
1700,4,BSDF Heavy,-1,Medium,1,High,2,8.70049,1989.39,0.0943904,0.1
1701,5,BSDF Heavy,0,High,2,High,2,14.8146,3390.58,0.109304,0.1
1702,5,BSDF Heavy,0,High,2,High,2,14.9302,3415.06,0.110509,0.1
1703,5,BSDF Heavy,0,High,2,High,2,14.9391,3421.76,0.109691,0.1
1704,5,BSDF Heavy,0,High,2,High,2,14.9159,3415.49,0.109761,0.1
1705,5,BSDF Heavy,0,High,2,High,2,15.066,3444.19,0.110845,0.1
1706,5,BSDF Heavy,0,High,2,High,2,14.9626,3426.1,0.110066,0.1
1707,5,BSDF Heavy,0,High,2,High,2,14.8259,3392.9,0.109911,0.1
1708,5,BSDF Heavy,0,High,2,High,2,15.0118,3437.76,0.110395,0.1
1709,5,BSDF Heavy,0,High,2,High,2,14.91,3416.41,0.109497,0.1
1710,5,BSDF Heavy,0,High,2,High,2,14.975,3427.56,0.109938,0.1
1711,5,BSDF Heavy,0,High,2,High,2,14.9101,3415.56,0.109986,0.1
1712,5,BSDF Heavy,0,High,2,High,2,14.9667,3430.33,0.10974,0.1
1713,5,BSDF Heavy,0,High,2,High,2,14.8766,3403.7,0.110426,0.1
1714,5,BSDF Heavy,0,High,2,High,2,14.8172,3395.35,0.108972,0.1
1715,5,BSDF Heavy,0,High,2,High,2,14.9099,3415.68,0.10957,0.1
1716,5,Balanced,1,High,2,Medium,1,14.8742,3403.77,0.109956,0.1
1717,4,BSDF Heavy,-1,Medium,1,High,2,8.70877,1992.65,0.094402,0.1
1718,5,BSDF Heavy,0,High,2,High,2,14.881,3404.91,0.110187,0.1
1719,5,BSDF Heavy,0,High,2,High,2,14.7979,3389.4,0.109493,0.1
1720,5,BSDF Heavy,0,High,2,High,2,14.8906,3406.65,0.110123,0.1
1721,5,BSDF Heavy,0,High,2,High,2,14.9269,3418.3,0.110118,0.1
1722,5,BSDF Heavy,0,High,2,High,2,14.7864,3383.19,0.110154,0.1
1723,5,BSDF Heavy,0,High,2,High,2,14.8376,3397.23,0.109392,0.1
1724,5,BSDF Heavy,0,High,2,High,2,14.7679,3379.42,0.109894,0.1
1725,5,BSDF Heavy,0,High,2,High,2,14.8338,3395.66,0.10952,0.1
1726,5,BSDF Heavy,0,High,2,High,2,14.8891,3409.86,0.109801,0.1
1727,5,BSDF Heavy,0,High,2,High,2,14.8503,3400.1,0.110243,0.1
1728,5,BSDF Heavy,0,High,2,High,2,14.7635,3382.18,0.109456,0.1
1729,5,BSDF Heavy,0,High,2,High,2,14.9591,3423.33,0.110685,0.1
1730,5,BSDF Heavy,0,High,2,High,2,14.8149,3392.41,0.11011,0.1
1731,5,BSDF Heavy,0,High,2,High,2,14.8112,3390.24,0.109799,0.1
1732,5,BSDF Heavy,0,High,2,High,2,14.7751,3385.52,0.109365,0.1
1733,5,BSDF Heavy,0,High,2,High,2,15.0006,3434.2,0.110525,0.1
1734,5,BSDF Heavy,0,High,2,High,2,14.8798,3406.45,0.109819,0.1
1735,5,BSDF Heavy,0,High,2,High,2,14.7846,3384.07,0.109948,0.1
1736,5,BSDF Heavy,0,High,2,High,2,14.8971,3408.75,0.110336,0.1
1737,5,BSDF Heavy,0,High,2,High,2,14.7913,3384.29,0.109848,0.1
1738,5,BSDF Heavy,0,High,2,High,2,14.9514,3421.61,0.110251,0.1
1739,5,BSDF Heavy,0,High,2,High,2,14.8727,3404.02,0.109691,0.1
1740,5,BSDF Heavy,0,High,2,High,2,14.9496,3422.26,0.110415,0.1
1741,5,BSDF Heavy,0,High,2,High,2,14.8893,3408.58,0.1101,0.1
1742,5,BSDF Heavy,0,High,2,High,2,14.9547,3422.68,0.110623,0.1
1743,5,BSDF Heavy,0,High,2,High,2,14.9567,3423.92,0.110735,0.1
1744,5,BSDF Heavy,0,High,2,High,2,14.8244,3396,0.109207,0.1
1745,5,Balanced,1,High,2,Medium,1,14.9016,3411.98,0.110291,0.1
1746,4,BSDF Heavy,-1,Medium,1,High,2,8.69366,1989.03,0.094157,0.1
1747,5,Light Heavy,2,High,2,Low,0,14.8523,3400.08,0.109809,0.1
1748,3,BSDF Heavy,-2,Low,0,High,2,3.93139,906.439,0.0473264,0.1
1749,5,Balanced,1,High,2,Medium,1,14.8278,3394.24,0.110172,0.1
1750,4,BSDF Heavy,-1,Medium,1,High,2,8.71118,1992.77,0.0944772,0.1
1751,5,Balanced,1,High,2,Medium,1,14.8551,3400.78,0.109603,0.1
1752,4,BSDF Heavy,-1,Medium,1,High,2,8.63908,1975.97,0.0937635,0.1
1753,5,BSDF Heavy,0,High,2,High,2,14.9487,3422.42,0.110421,0.1
1754,5,BSDF Heavy,0,High,2,High,2,14.8924,3409.35,0.110141,0.1
1755,5,BSDF Heavy,0,High,2,High,2,14.7834,3385.05,0.109294,0.1
1756,5,BSDF Heavy,0,High,2,High,2,14.8627,3404.46,0.109606,0.1
1757,5,BSDF Heavy,0,High,2,High,2,14.8826,3408.24,0.110239,0.1
1758,5,BSDF Heavy,0,High,2,High,2,14.8592,3400.92,0.110177,0.1
1759,5,BSDF Heavy,0,High,2,High,2,15.0064,3435.81,0.110394,0.1
1760,5,BSDF Heavy,0,High,2,High,2,14.8278,3395.27,0.109666,0.1
1761,5,BSDF Heavy,0,High,2,High,2,14.9118,3415.57,0.109832,0.1
1762,5,BSDF Heavy,0,High,2,High,2,14.8944,3409.53,0.110127,0.1
1763,5,BSDF Heavy,0,High,2,High,2,14.8739,3403.8,0.11005,0.1
1764,5,BSDF Heavy,0,High,2,High,2,14.9414,3420.44,0.110224,0.1
1765,5,BSDF Heavy,0,High,2,High,2,14.9856,3432.12,0.110397,0.1
1766,5,BSDF Heavy,0,High,2,High,2,14.8652,3404,0.110012,0.1
1767,5,BSDF Heavy,0,High,2,High,2,14.7814,3383.55,0.109738,0.1
1768,5,Light Heavy,2,High,2,Low,0,14.8277,3393.7,0.110222,0.1
1769,3,BSDF Heavy,-2,Low,0,High,2,3.94267,910.006,0.0474267,0.1
1770,5,Light Heavy,2,High,2,Low,0,14.9179,3414.48,0.110438,0.1
1771,3,BSDF Heavy,-2,Low,0,High,2,3.97378,917.12,0.0473708,0.1
1772,5,BSDF Heavy,0,High,2,High,2,14.906,3412.55,0.109747,0.1
1773,5,BSDF Heavy,0,High,2,High,2,14.8585,3400.89,0.110098,0.1
1774,5,BSDF Heavy,0,High,2,High,2,14.8642,3402.51,0.109878,0.1
1775,5,BSDF Heavy,0,High,2,High,2,14.867,3402.73,0.110008,0.1
1776,5,BSDF Heavy,0,High,2,High,2,14.9048,3413.45,0.109904,0.1
1777,5,BSDF Heavy,0,High,2,High,2,14.8403,3397.42,0.109842,0.1
1778,5,Light Heavy,2,High,2,Low,0,15.0136,3436.16,0.110382,0.1
1779,3,BSDF Heavy,-2,Low,0,High,2,3.88222,896.066,0.04674,0.1
1780,5,Light Heavy,2,High,2,Low,0,14.8761,3404.46,0.110529,0.1
1781,3,BSDF Heavy,-2,Low,0,High,2,3.97655,917.904,0.0473765,0.1
1782,5,Balanced,1,High,2,Medium,1,14.9163,3415.06,0.110025,0.1
1783,4,BSDF Heavy,-1,Medium,1,High,2,8.6736,1984.7,0.0946991,0.1
1784,5,Balanced,1,High,2,Medium,1,14.8155,3392.57,0.109823,0.1
1785,4,BSDF Heavy,-1,Medium,1,High,2,8.56636,1958.55,0.09375,0.1
1786,5,Balanced,1,High,2,Medium,1,14.734,3373.88,0.109093,0.1
1787,4,BSDF Heavy,-1,Medium,1,High,2,8.63491,1976.59,0.0937674,0.1
1788,5,Balanced,1,High,2,Medium,1,14.9745,3426.96,0.110122,0.1
1789,4,BSDF Heavy,-1,Medium,1,High,2,8.61122,1968.31,0.0944232,0.1
1790,5,Light Heavy,2,High,2,Low,0,14.8614,3402.71,0.109902,0.1
1791,3,BSDF Heavy,-2,Low,0,High,2,3.92629,906.29,0.046956,0.1
1792,5,BSDF Heavy,0,High,2,High,2,14.9002,3410.52,0.110203,0.1
1793,5,BSDF Heavy,0,High,2,High,2,14.9031,3410.64,0.11,0.1
1794,5,BSDF Heavy,0,High,2,High,2,14.9079,3413.78,0.109799,0.1
1795,5,BSDF Heavy,0,High,2,High,2,14.759,3378.2,0.109616,0.1
1796,5,BSDF Heavy,0,High,2,High,2,14.962,3423.25,0.110374,0.1
1797,5,BSDF Heavy,0,High,2,High,2,14.8832,3407.43,0.11021,0.1
1798,5,BSDF Heavy,0,High,2,High,2,14.7795,3386.92,0.109697,0.1
1799,5,BSDF Heavy,0,High,2,High,2,14.8471,3397.02,0.109902,0.1
1800,5,BSDF Heavy,0,High,2,High,2,14.8724,3406.32,0.110085,0.1
1801,5,BSDF Heavy,0,High,2,High,2,14.8854,3409.06,0.109514,0.1
1802,5,BSDF Heavy,0,High,2,High,2,14.8626,3400.52,0.109931,0.1
1803,5,BSDF Heavy,0,High,2,High,2,14.817,3393.79,0.1094,0.1
1804,5,BSDF Heavy,0,High,2,High,2,14.9242,3414.35,0.111194,0.1
1805,5,BSDF Heavy,0,High,2,High,2,14.8618,3402.46,0.109909,0.1
1806,5,BSDF Heavy,0,High,2,High,2,14.8474,3400.05,0.109705,0.1
1807,5,Balanced,1,High,2,Medium,1,14.8918,3408.22,0.11027,0.1
1808,4,BSDF Heavy,-1,Medium,1,High,2,8.68906,1986.19,0.094375,0.1
1809,5,BSDF Heavy,0,High,2,High,2,14.9064,3411.74,0.11011,0.1
1810,5,BSDF Heavy,0,High,2,High,2,14.888,3410.33,0.110046,0.1
1811,5,BSDF Heavy,0,High,2,High,2,14.8754,3406.31,0.109911,0.1
1812,5,BSDF Heavy,0,High,2,High,2,14.8502,3398.32,0.110237,0.1
1813,5,BSDF Heavy,0,High,2,High,2,14.9219,3417.76,0.109797,0.1
1814,5,BSDF Heavy,0,High,2,High,2,14.8924,3409.13,0.109813,0.1
1815,5,BSDF Heavy,0,High,2,High,2,15.0322,3440.67,0.110615,0.1
1816,5,BSDF Heavy,0,High,2,High,2,14.8034,3387.13,0.109857,0.1
1817,5,BSDF Heavy,0,High,2,High,2,14.9059,3412.19,0.110098,0.1
1818,5,BSDF Heavy,0,High,2,High,2,14.8818,3405.4,0.11012,0.1
1819,5,BSDF Heavy,0,High,2,High,2,14.8678,3399.97,0.11039,0.1
1820,5,BSDF Heavy,0,High,2,High,2,14.9926,3432.22,0.109836,0.1
1821,5,BSDF Heavy,0,High,2,High,2,14.8472,3400.88,0.109888,0.1
1822,5,BSDF Heavy,0,High,2,High,2,14.8298,3396.89,0.109419,0.1
1823,5,BSDF Heavy,0,High,2,High,2,14.9267,3415.81,0.110436,0.1
1824,5,BSDF Heavy,0,High,2,High,2,14.9364,3420.34,0.109581,0.1
1825,5,BSDF Heavy,0,High,2,High,2,14.9205,3414.27,0.109956,0.1
1826,5,BSDF Heavy,0,High,2,High,2,14.9036,3410.9,0.109902,0.1
1827,5,BSDF Heavy,0,High,2,High,2,14.8967,3409.92,0.11001,0.1
1828,5,BSDF Heavy,0,High,2,High,2,14.8799,3406.55,0.109824,0.1
1829,5,BSDF Heavy,0,High,2,High,2,14.8147,3390.35,0.109909,0.1
1830,5,BSDF Heavy,0,High,2,High,2,14.859,3401.9,0.110058,0.1
1831,5,BSDF Heavy,0,High,2,High,2,14.8466,3401.51,0.109383,0.1
1832,5,BSDF Heavy,0,High,2,High,2,14.9212,3415.57,0.110324,0.1
1833,5,BSDF Heavy,0,High,2,High,2,14.9841,3427.72,0.110708,0.1
1834,5,BSDF Heavy,0,High,2,High,2,14.8073,3393.18,0.109232,0.1
1835,5,BSDF Heavy,0,High,2,High,2,14.8845,3409.14,0.109558,0.1
1836,5,BSDF Heavy,0,High,2,High,2,14.9205,3418.25,0.109649,0.1
1837,5,BSDF Heavy,0,High,2,High,2,14.924,3416.58,0.109792,0.1
1838,5,BSDF Heavy,0,High,2,High,2,14.7861,3387.44,0.109354,0.1
1839,5,BSDF Heavy,0,High,2,High,2,14.8882,3407.95,0.109734,0.1
1840,5,BSDF Heavy,0,High,2,High,2,14.8354,3398.08,0.109578,0.1
1841,5,BSDF Heavy,0,High,2,High,2,14.8488,3398.76,0.109527,0.1
1842,5,BSDF Heavy,0,High,2,High,2,14.883,3407.52,0.10988,0.1
1843,5,BSDF Heavy,0,High,2,High,2,14.8599,3402.05,0.109443,0.1
1844,5,BSDF Heavy,0,High,2,High,2,14.9738,3428,0.109819,0.1
1845,5,BSDF Heavy,0,High,2,High,2,14.883,3407.26,0.110372,0.1
1846,5,BSDF Heavy,0,High,2,High,2,14.8002,3388.82,0.109508,0.1
1847,5,BSDF Heavy,0,High,2,High,2,14.8549,3401.99,0.109639,0.1
1848,5,BSDF Heavy,0,High,2,High,2,14.8506,3400.65,0.109502,0.1
1849,5,Balanced,1,High,2,Medium,1,14.8544,3402.06,0.109576,0.1
1850,4,BSDF Heavy,-1,Medium,1,High,2,8.69345,1989.46,0.0945042,0.1
1851,5,Balanced,1,High,2,Medium,1,14.8407,3399.19,0.109309,0.1
1852,4,BSDF Heavy,-1,Medium,1,High,2,8.72671,1997.53,0.0943615,0.1
1853,5,Light Heavy,2,High,2,Low,0,14.9237,3415.9,0.109468,0.1
1854,3,BSDF Heavy,-2,Low,0,High,2,3.92465,905.673,0.0471373,0.1
1855,5,Balanced,1,High,2,Medium,1,14.8732,3403.51,0.110054,0.1
1856,4,BSDF Heavy,-1,Medium,1,High,2,8.76236,2003.55,0.0950174,0.1
1857,5,BSDF Heavy,0,High,2,High,2,14.8985,3411.57,0.109701,0.1
1858,5,BSDF Heavy,0,High,2,High,2,14.913,3413.33,0.109797,0.1
1859,5,BSDF Heavy,0,High,2,High,2,14.9232,3413.33,0.110409,0.1
1860,5,BSDF Heavy,0,High,2,High,2,14.9108,3413.76,0.110006,0.1
1861,5,BSDF Heavy,0,High,2,High,2,14.8332,3397.74,0.109259,0.1
1862,5,BSDF Heavy,0,High,2,High,2,14.7275,3372.11,0.109641,0.1
1863,5,BSDF Heavy,0,High,2,High,2,14.8836,3408.89,0.109713,0.1
1864,5,BSDF Heavy,0,High,2,High,2,14.8701,3402.94,0.109811,0.1
1865,5,BSDF Heavy,0,High,2,High,2,14.9627,3424.97,0.110347,0.1
1866,5,BSDF Heavy,0,High,2,High,2,14.9683,3424.58,0.110542,0.1
1867,5,BSDF Heavy,0,High,2,High,2,14.8932,3410.25,0.109309,0.1
1868,5,BSDF Heavy,0,High,2,High,2,14.9068,3413.61,0.109734,0.1
1869,5,BSDF Heavy,0,High,2,High,2,14.831,3394.89,0.109606,0.1
1870,5,BSDF Heavy,0,High,2,High,2,14.9424,3421.4,0.110293,0.1
1871,5,BSDF Heavy,0,High,2,High,2,14.8118,3392.73,0.109431,0.1
1872,5,BSDF Heavy,0,High,2,High,2,14.7648,3382.63,0.109132,0.1
1873,5,BSDF Heavy,0,High,2,High,2,14.8441,3401.16,0.109824,0.1
1874,5,BSDF Heavy,0,High,2,High,2,14.8755,3406.65,0.110046,0.1
1875,5,BSDF Heavy,0,High,2,High,2,14.9107,3411.01,0.110314,0.1
1876,5,BSDF Heavy,0,High,2,High,2,14.9641,3426.64,0.110091,0.1
1877,5,BSDF Heavy,0,High,2,High,2,14.8818,3406.47,0.109907,0.1
1878,5,BSDF Heavy,0,High,2,High,2,14.7993,3390.18,0.109572,0.1
1879,5,BSDF Heavy,0,High,2,High,2,14.9046,3410.99,0.110073,0.1
1880,5,BSDF Heavy,0,High,2,High,2,14.9347,3420.53,0.110517,0.1
1881,5,BSDF Heavy,0,High,2,High,2,14.8916,3409.27,0.109498,0.1
1882,5,BSDF Heavy,0,High,2,High,2,14.9809,3428.64,0.110575,0.1
1883,5,BSDF Heavy,0,High,2,High,2,14.8638,3403.76,0.109624,0.1
1884,5,BSDF Heavy,0,High,2,High,2,14.8661,3405.87,0.109385,0.1
1885,5,Light Heavy,2,High,2,Low,0,14.8587,3401.81,0.109871,0.1
1886,3,BSDF Heavy,-2,Low,0,High,2,3.9628,916.198,0.0470583,0.1
1887,5,Light Heavy,2,High,2,Low,0,14.9085,3412.07,0.110421,0.1
1888,3,BSDF Heavy,-2,Low,0,High,2,3.9405,908.607,0.047392,0.1
1889,5,BSDF Heavy,0,High,2,High,2,14.825,3394.3,0.109637,0.1
1890,5,BSDF Heavy,0,High,2,High,2,14.936,3420.03,0.11,0.1
1891,5,BSDF Heavy,0,High,2,High,2,14.8989,3412,0.109973,0.1
1892,5,BSDF Heavy,0,High,2,High,2,14.8901,3409.25,0.11012,0.1
1893,5,BSDF Heavy,0,High,2,High,2,14.7554,3378.48,0.109157,0.1
1894,5,BSDF Heavy,0,High,2,High,2,14.7386,3377.66,0.109091,0.1
1895,5,BSDF Heavy,0,High,2,High,2,14.8572,3401.74,0.109344,0.1
1896,5,BSDF Heavy,0,High,2,High,2,14.7985,3387.74,0.109742,0.1
1897,5,BSDF Heavy,0,High,2,High,2,14.8344,3396.38,0.110098,0.1
1898,5,BSDF Heavy,0,High,2,High,2,14.7667,3382.37,0.109456,0.1
1899,5,BSDF Heavy,0,High,2,High,2,15.0097,3433.92,0.110475,0.1
1900,5,BSDF Heavy,0,High,2,High,2,14.9597,3422.47,0.110367,0.1
1901,5,BSDF Heavy,0,High,2,High,2,14.83,3393.93,0.109774,0.1
1902,5,BSDF Heavy,0,High,2,High,2,14.9066,3414.44,0.109917,0.1
1903,5,Balanced,1,High,2,Medium,1,14.8516,3399.25,0.109917,0.1
1904,4,Light Heavy,1,Medium,1,Low,0,8.6047,1966.85,0.0943461,0.1
1905,3,BSDF Heavy,-2,Low,0,High,2,3.98071,919.796,0.0472704,0.1
1906,5,Balanced,1,High,2,Medium,1,14.9972,3432.5,0.110471,0.1
1907,4,BSDF Heavy,-1,Medium,1,High,2,8.59089,1964.47,0.0943017,0.1
1908,5,BSDF Heavy,0,High,2,High,2,14.8169,3393.53,0.109529,0.1
1909,5,BSDF Heavy,0,High,2,High,2,14.8297,3398.47,0.109479,0.1
1910,5,Balanced,1,High,2,Medium,1,14.812,3389.99,0.110031,0.1
1911,4,BSDF Heavy,-1,Medium,1,High,2,8.68859,1988.28,0.0944753,0.1
1912,5,BSDF Heavy,0,High,2,High,2,14.8819,3406.3,0.109873,0.1
1913,5,BSDF Heavy,0,High,2,High,2,14.9973,3432.7,0.110542,0.1
1914,5,BSDF Heavy,0,High,2,High,2,14.8677,3403.73,0.110008,0.1
1915,5,BSDF Heavy,0,High,2,High,2,14.9,3408.87,0.11066,0.1
1916,5,BSDF Heavy,0,High,2,High,2,14.9104,3413.88,0.11012,0.1
1917,5,BSDF Heavy,0,High,2,High,2,14.8872,3407.59,0.109994,0.1
1918,5,BSDF Heavy,0,High,2,High,2,14.801,3388.66,0.109745,0.1
1919,5,BSDF Heavy,0,High,2,High,2,14.9764,3426.49,0.110793,0.1
1920,5,BSDF Heavy,0,High,2,High,2,14.8352,3399.41,0.10966,0.1
1921,5,BSDF Heavy,0,High,2,High,2,14.8855,3407.54,0.109863,0.1
1922,5,BSDF Heavy,0,High,2,High,2,14.834,3395.33,0.109863,0.1
1923,5,BSDF Heavy,0,High,2,High,2,14.8969,3411.39,0.109927,0.1
1924,5,BSDF Heavy,0,High,2,High,2,14.9257,3412.95,0.110347,0.1
1925,5,BSDF Heavy,0,High,2,High,2,14.9353,3418.4,0.11022,0.1
1926,5,BSDF Heavy,0,High,2,High,2,14.7772,3383.11,0.10967,0.1
1927,5,BSDF Heavy,0,High,2,High,2,14.9156,3413.83,0.110347,0.1
1928,5,BSDF Heavy,0,High,2,High,2,14.8232,3391.46,0.110436,0.1
1929,5,BSDF Heavy,0,High,2,High,2,14.8994,3413.4,0.110095,0.1
1930,5,Balanced,1,High,2,Medium,1,14.9161,3412.71,0.110297,0.1
1931,4,BSDF Heavy,-1,Medium,1,High,2,8.63184,1973.05,0.0943924,0.1
1932,5,Light Heavy,2,High,2,Low,0,14.8618,3404.03,0.109738,0.1
1933,3,BSDF Heavy,-2,Low,0,High,2,3.8796,894.715,0.0468846,0.1
1934,5,BSDF Heavy,0,High,2,High,2,14.9461,3420.63,0.110249,0.1
1935,5,BSDF Heavy,0,High,2,High,2,14.9344,3419.21,0.109859,0.1
1936,5,BSDF Heavy,0,High,2,High,2,14.9366,3420.67,0.1101,0.1
1937,5,BSDF Heavy,0,High,2,High,2,14.8576,3403.55,0.110017,0.1
1938,5,BSDF Heavy,0,High,2,High,2,14.9024,3410,0.110116,0.1
1939,5,BSDF Heavy,0,High,2,High,2,14.8451,3397.7,0.110581,0.1
1940,5,BSDF Heavy,0,High,2,High,2,14.8504,3399.2,0.109907,0.1
1941,5,BSDF Heavy,0,High,2,High,2,14.9174,3418.56,0.109371,0.1
1942,5,BSDF Heavy,0,High,2,High,2,14.8384,3396.8,0.1101,0.1
1943,5,BSDF Heavy,0,High,2,High,2,14.8451,3399.9,0.109803,0.1
1944,5,BSDF Heavy,0,High,2,High,2,14.879,3407.67,0.109896,0.1
1945,5,BSDF Heavy,0,High,2,High,2,14.7456,3376.56,0.109302,0.1
1946,5,BSDF Heavy,0,High,2,High,2,14.9576,3423.54,0.110654,0.1
1947,5,BSDF Heavy,0,High,2,High,2,14.8845,3409.56,0.109601,0.1
1948,5,BSDF Heavy,0,High,2,High,2,14.8975,3408.61,0.110421,0.1
1949,5,BSDF Heavy,0,High,2,High,2,14.7732,3384.23,0.109279,0.1
1950,5,BSDF Heavy,0,High,2,High,2,14.9055,3411.53,0.110428,0.1
1951,5,Balanced,1,High,2,Medium,1,14.9416,3416.61,0.110712,0.1
1952,4,BSDF Heavy,-1,Medium,1,High,2,8.69651,1990.59,0.0941705,0.1
1953,5,BSDF Heavy,0,High,2,High,2,14.8973,3406.99,0.110172,0.1
1954,5,BSDF Heavy,0,High,2,High,2,14.834,3393.8,0.110017,0.1
1955,5,BSDF Heavy,0,High,2,High,2,14.9076,3412.39,0.109902,0.1
1956,5,BSDF Heavy,0,High,2,High,2,14.8247,3394.34,0.109632,0.1
1957,5,BSDF Heavy,0,High,2,High,2,14.9105,3414.11,0.109776,0.1
1958,5,BSDF Heavy,0,High,2,High,2,14.7442,3375.39,0.109248,0.1
1959,5,BSDF Heavy,0,High,2,High,2,14.9079,3413.36,0.110233,0.1
1960,5,BSDF Heavy,0,High,2,High,2,14.8978,3410.4,0.110231,0.1
1961,5,BSDF Heavy,0,High,2,High,2,14.9221,3413.96,0.110287,0.1
1962,5,BSDF Heavy,0,High,2,High,2,14.9427,3423.14,0.10988,0.1
1963,5,BSDF Heavy,0,High,2,High,2,14.9776,3430.38,0.109578,0.1
1964,5,BSDF Heavy,0,High,2,High,2,14.9234,3415.26,0.110517,0.1
1965,5,BSDF Heavy,0,High,2,High,2,14.8689,3403.53,0.109738,0.1
1966,5,BSDF Heavy,0,High,2,High,2,14.8744,3405.36,0.110035,0.1
1967,5,BSDF Heavy,0,High,2,High,2,14.9197,3417.35,0.110365,0.1
1968,5,BSDF Heavy,0,High,2,High,2,14.8318,3396.2,0.109817,0.1
1969,5,BSDF Heavy,0,High,2,High,2,14.7946,3388.46,0.109192,0.1
1970,5,BSDF Heavy,0,High,2,High,2,14.8599,3401.21,0.110069,0.1
1971,5,BSDF Heavy,0,High,2,High,2,14.7833,3387.84,0.10973,0.1
1972,5,BSDF Heavy,0,High,2,High,2,14.867,3405.2,0.109784,0.1
1973,5,BSDF Heavy,0,High,2,High,2,14.9975,3433.15,0.11033,0.1
1974,5,Light Heavy,2,High,2,Low,0,14.9147,3414.44,0.109757,0.1
1975,3,BSDF Heavy,-2,Low,0,High,2,3.92931,906.991,0.04701,0.1
1976,5,Light Heavy,2,High,2,Low,0,14.9062,3412.43,0.109896,0.1
1977,3,BSDF Heavy,-2,Low,0,High,2,3.94674,911.589,0.047201,0.1
1978,5,Balanced,1,High,2,Medium,1,14.9313,3419.29,0.110465,0.1
1979,4,BSDF Heavy,-1,Medium,1,High,2,8.63365,1974.26,0.0943094,0.1
1980,5,Balanced,1,High,2,Medium,1,14.8959,3410.51,0.109992,0.1
1981,4,BSDF Heavy,-1,Medium,1,High,2,8.7356,1999.29,0.0946798,0.1
1982,5,Balanced,1,High,2,Medium,1,14.8197,3392.45,0.110314,0.1
1983,4,BSDF Heavy,-1,Medium,1,High,2,8.74313,1999.38,0.0944464,0.1
1984,5,Light Heavy,2,High,2,Low,0,14.9881,3430.99,0.110129,0.1
1985,3,BSDF Heavy,-2,Low,0,High,2,3.93457,908.806,0.0472203,0.1
1986,5,BSDF Heavy,0,High,2,High,2,14.9074,3410.89,0.109969,0.1
1987,5,BSDF Heavy,0,High,2,High,2,14.8024,3389.55,0.109809,0.1
1988,5,BSDF Heavy,0,High,2,High,2,14.8828,3406.03,0.11015,0.1
1989,5,BSDF Heavy,0,High,2,High,2,14.9377,3420.82,0.11048,0.1
1990,5,BSDF Heavy,0,High,2,High,2,14.9621,3424.7,0.110274,0.1
1991,5,BSDF Heavy,0,High,2,High,2,14.9096,3414.33,0.109707,0.1
1992,5,BSDF Heavy,0,High,2,High,2,14.8439,3397.43,0.109877,0.1
1993,5,BSDF Heavy,0,High,2,High,2,14.8725,3405.26,0.109956,0.1
1994,5,BSDF Heavy,0,High,2,High,2,14.8356,3396.75,0.109738,0.1
1995,5,BSDF Heavy,0,High,2,High,2,14.8744,3406.12,0.109649,0.1
1996,5,BSDF Heavy,0,High,2,High,2,14.8658,3404.77,0.109813,0.1
1997,5,BSDF Heavy,0,High,2,High,2,14.8563,3400.59,0.110033,0.1
1998,5,BSDF Heavy,0,High,2,High,2,14.8205,3392.31,0.110039,0.1
1999,5,BSDF Heavy,0,High,2,High,2,14.9406,3417.59,0.110631,0.1
2000,5,BSDF Heavy,0,High,2,High,2,14.8694,3404.85,0.109936,0.1
2001,5,BSDF Heavy,0,High,2,High,2,14.9045,3412.83,0.109944,0.1
2002,5,BSDF Heavy,0,High,2,High,2,14.9169,3416.14,0.110195,0.1
2003,5,Balanced,1,High,2,Medium,1,14.8263,3395.31,0.109853,0.1
2004,4,Light Heavy,1,Medium,1,Low,0,8.74172,2001.58,0.0941088,0.1
2005,3,BSDF Heavy,-2,Low,0,High,2,3.92624,904.982,0.0474691,0.1
2006,5,Light Heavy,2,High,2,Low,0,14.8629,3402.26,0.110312,0.1
2007,3,BSDF Heavy,-2,Low,0,High,2,3.9569,913.989,0.0471451,0.1
2008,5,BSDF Heavy,0,High,2,High,2,14.8611,3401.54,0.109815,0.1
2009,5,BSDF Heavy,0,High,2,High,2,14.846,3399.19,0.110064,0.1
2010,5,BSDF Heavy,0,High,2,High,2,14.975,3428.29,0.109998,0.1
2011,5,BSDF Heavy,0,High,2,High,2,14.8718,3404.04,0.109967,0.1
2012,5,BSDF Heavy,0,High,2,High,2,14.849,3399.71,0.109527,0.1
2013,5,BSDF Heavy,0,High,2,High,2,14.8045,3389.66,0.109414,0.1
2014,5,BSDF Heavy,0,High,2,High,2,14.8872,3409.93,0.109539,0.1
2015,5,BSDF Heavy,0,High,2,High,2,14.8768,3404.34,0.110066,0.1
2016,5,Balanced,1,High,2,Medium,1,14.973,3426.9,0.110968,0.1
2017,4,BSDF Heavy,-1,Medium,1,High,2,8.66945,1982.1,0.094456,0.1
2018,5,BSDF Heavy,0,High,2,High,2,14.9899,3432.79,0.110295,0.1
2019,5,BSDF Heavy,0,High,2,High,2,14.82,3393.92,0.109707,0.1
2020,5,BSDF Heavy,0,High,2,High,2,15.0085,3434.57,0.110876,0.1
2021,5,BSDF Heavy,0,High,2,High,2,14.8918,3409.29,0.110216,0.1
2022,5,BSDF Heavy,0,High,2,High,2,14.8431,3398.13,0.110276,0.1
2023,5,BSDF Heavy,0,High,2,High,2,14.8599,3399.86,0.110299,0.1
2024,5,BSDF Heavy,0,High,2,High,2,14.8366,3397.3,0.109662,0.1
2025,5,BSDF Heavy,0,High,2,High,2,14.888,3407.75,0.109857,0.1
2026,5,BSDF Heavy,0,High,2,High,2,14.9379,3418.96,0.110071,0.1
2027,5,BSDF Heavy,0,High,2,High,2,14.9433,3420.94,0.110237,0.1
2028,5,BSDF Heavy,0,High,2,High,2,14.8774,3407.27,0.110096,0.1
2029,5,BSDF Heavy,0,High,2,High,2,14.8454,3398.46,0.109564,0.1
2030,5,BSDF Heavy,0,High,2,High,2,14.8847,3410.78,0.109628,0.1
2031,5,BSDF Heavy,0,High,2,High,2,14.7637,3384.26,0.108715,0.1
2032,5,BSDF Heavy,0,High,2,High,2,14.6751,3363.82,0.1088,0.1
2033,5,BSDF Heavy,0,High,2,High,2,14.9956,3435.37,0.110255,0.1
2034,5,BSDF Heavy,0,High,2,High,2,14.8763,3404.44,0.110122,0.1
2035,5,Light Heavy,2,High,2,Low,0,14.9576,3426.03,0.110021,0.1
2036,3,BSDF Heavy,-2,Low,0,High,2,3.98483,922.568,0.0467091,0.1
2037,5,Balanced,1,High,2,Medium,1,14.9345,3416.89,0.110592,0.1
2038,4,BSDF Heavy,-1,Medium,1,High,2,8.73657,1998.34,0.0947049,0.1
2039,5,BSDF Heavy,0,High,2,High,2,14.8396,3395.78,0.11012,0.1
2040,5,BSDF Heavy,0,High,2,High,2,14.7199,3370.88,0.10925,0.1
2041,5,BSDF Heavy,0,High,2,High,2,14.7742,3384.14,0.109551,0.1
2042,5,BSDF Heavy,0,High,2,High,2,14.8091,3389.69,0.109564,0.1
2043,5,BSDF Heavy,0,High,2,High,2,14.8641,3403.69,0.10956,0.1
2044,5,BSDF Heavy,0,High,2,High,2,14.9613,3424.37,0.110143,0.1
2045,5,BSDF Heavy,0,High,2,High,2,14.8903,3411.4,0.109794,0.1
2046,5,BSDF Heavy,0,High,2,High,2,14.9074,3412.84,0.110091,0.1
2047,5,BSDF Heavy,0,High,2,High,2,14.7625,3379.57,0.108962,0.1
2048,5,BSDF Heavy,0,High,2,High,2,14.8882,3408.98,0.109958,0.1
2049,5,BSDF Heavy,0,High,2,High,2,14.8669,3404.49,0.110164,0.1
2050,5,BSDF Heavy,0,High,2,High,2,14.9045,3411.57,0.110228,0.1
2051,5,BSDF Heavy,0,High,2,High,2,14.7994,3387.46,0.110041,0.1
2052,5,BSDF Heavy,0,High,2,High,2,14.8513,3401.23,0.109948,0.1
2053,5,BSDF Heavy,0,High,2,High,2,14.9369,3417.84,0.1101,0.1
2054,5,BSDF Heavy,0,High,2,High,2,14.9118,3415.14,0.110179,0.1
2055,5,Light Heavy,2,High,2,Low,0,14.8309,3395.2,0.110004,0.1
2056,3,BSDF Heavy,-2,Low,0,High,2,3.93416,907.972,0.0471046,0.1
2057,5,Light Heavy,2,High,2,Low,0,14.9512,3423.72,0.109925,0.1
2058,3,BSDF Heavy,-2,Low,0,High,2,3.95128,912.364,0.0472473,0.1
2059,5,BSDF Heavy,0,High,2,High,2,14.8348,3395.87,0.109788,0.1
2060,5,BSDF Heavy,0,High,2,High,2,14.7448,3374.67,0.109319,0.1
2061,5,BSDF Heavy,0,High,2,High,2,14.9324,3417.96,0.1095,0.1
2062,5,BSDF Heavy,0,High,2,High,2,14.9735,3424.9,0.110766,0.1
2063,5,BSDF Heavy,0,High,2,High,2,14.8048,3389.01,0.109533,0.1
2064,5,BSDF Heavy,0,High,2,High,2,14.8843,3408.07,0.109853,0.1
2065,5,BSDF Heavy,0,High,2,High,2,14.8542,3401.35,0.109576,0.1
2066,5,BSDF Heavy,0,High,2,High,2,14.8101,3391.59,0.109587,0.1
2067,5,BSDF Heavy,0,High,2,High,2,14.9247,3416.31,0.109805,0.1
2068,5,BSDF Heavy,0,High,2,High,2,14.8142,3392.84,0.10946,0.1
2069,5,BSDF Heavy,0,High,2,High,2,14.907,3410.96,0.109919,0.1
2070,5,BSDF Heavy,0,High,2,High,2,14.8208,3391.47,0.109701,0.1
2071,5,BSDF Heavy,0,High,2,High,2,14.7722,3380.1,0.10973,0.1
2072,5,BSDF Heavy,0,High,2,High,2,14.9528,3425.49,0.109628,0.1
2073,5,BSDF Heavy,0,High,2,High,2,14.9213,3417.07,0.109905,0.1
2074,5,BSDF Heavy,0,High,2,High,2,14.9295,3417.37,0.110349,0.1
2075,5,BSDF Heavy,0,High,2,High,2,14.8357,3396.81,0.110266,0.1
2076,5,Balanced,1,High,2,Medium,1,14.8941,3410.16,0.10977,0.1
2077,4,BSDF Heavy,-1,Medium,1,High,2,8.69069,1989.41,0.0941686,0.1
2078,5,BSDF Heavy,0,High,2,High,2,14.9318,3417.27,0.110282,0.1
2079,5,BSDF Heavy,0,High,2,High,2,14.7748,3384.68,0.109288,0.1
2080,5,BSDF Heavy,0,High,2,High,2,14.8641,3402.18,0.110251,0.1
2081,5,BSDF Heavy,0,High,2,High,2,14.8433,3400,0.109485,0.1
2082,5,BSDF Heavy,0,High,2,High,2,14.8829,3406.93,0.109875,0.1
2083,5,BSDF Heavy,0,High,2,High,2,14.8649,3401.86,0.10985,0.1
2084,5,BSDF Heavy,0,High,2,High,2,15.0073,3434.94,0.110646,0.1
2085,5,BSDF Heavy,0,High,2,High,2,14.9354,3419,0.110743,0.1
2086,5,BSDF Heavy,0,High,2,High,2,14.9098,3412.25,0.110129,0.1
2087,5,BSDF Heavy,0,High,2,High,2,14.8084,3388.65,0.110129,0.1
2088,5,BSDF Heavy,0,High,2,High,2,14.9205,3415.33,0.110073,0.1
2089,5,BSDF Heavy,0,High,2,High,2,14.8826,3407,0.109905,0.1
2090,5,BSDF Heavy,0,High,2,High,2,14.8462,3397.2,0.110311,0.1
2091,5,BSDF Heavy,0,High,2,High,2,14.8569,3403.88,0.109907,0.1
2092,5,BSDF Heavy,0,High,2,High,2,14.9169,3415.89,0.110312,0.1
2093,5,BSDF Heavy,0,High,2,High,2,14.8257,3395.04,0.109182,0.1
2094,5,BSDF Heavy,0,High,2,High,2,14.8224,3396.17,0.109763,0.1
2095,5,BSDF Heavy,0,High,2,High,2,14.886,3408.41,0.109981,0.1
2096,5,BSDF Heavy,0,High,2,High,2,14.9464,3420.76,0.110421,0.1
2097,5,BSDF Heavy,0,High,2,High,2,14.956,3423.02,0.110507,0.1
2098,5,BSDF Heavy,0,High,2,High,2,14.8575,3400.57,0.110295,0.1
2099,5,BSDF Heavy,0,High,2,High,2,14.9131,3413.41,0.11039,0.1
2100,5,Balanced,1,High,2,Medium,1,14.9097,3411.6,0.110129,0.1
2101,4,BSDF Heavy,-1,Medium,1,High,2,8.67457,1984.63,0.0940972,0.1
2102,5,Balanced,1,High,2,Medium,1,14.901,3410.24,0.110085,0.1
2103,4,BSDF Heavy,-1,Medium,1,High,2,8.64428,1976.55,0.0939564,0.1
2104,5,Light Heavy,2,High,2,Low,0,14.8943,3409.74,0.110272,0.1
2105,3,BSDF Heavy,-2,Low,0,High,2,3.89363,899.517,0.0466821,0.1
2106,5,Balanced,1,High,2,Medium,1,14.7996,3390.29,0.109904,0.1
2107,4,BSDF Heavy,-1,Medium,1,High,2,8.68888,1986.01,0.0950752,0.1
2108,5,BSDF Heavy,0,High,2,High,2,14.9351,3419.53,0.110463,0.1
2109,5,BSDF Heavy,0,High,2,High,2,14.809,3389.98,0.10963,0.1
2110,5,BSDF Heavy,0,High,2,High,2,14.8711,3405.23,0.110197,0.1
2111,5,BSDF Heavy,0,High,2,High,2,14.8209,3395.21,0.109632,0.1
2112,5,BSDF Heavy,0,High,2,High,2,14.7877,3387.95,0.10968,0.1
2113,5,BSDF Heavy,0,High,2,High,2,14.9737,3425.9,0.109985,0.1
2114,5,BSDF Heavy,0,High,2,High,2,14.8124,3388.8,0.110085,0.1
2115,5,BSDF Heavy,0,High,2,High,2,14.7659,3378.69,0.109927,0.1
2116,5,BSDF Heavy,0,High,2,High,2,14.8384,3395.08,0.110353,0.1
2117,5,BSDF Heavy,0,High,2,High,2,14.8599,3402.04,0.109743,0.1
2118,5,BSDF Heavy,0,High,2,High,2,14.8629,3402.17,0.109468,0.1
2119,5,BSDF Heavy,0,High,2,High,2,14.8785,3405.04,0.109869,0.1
2120,5,BSDF Heavy,0,High,2,High,2,14.8679,3404.67,0.109815,0.1
2121,5,BSDF Heavy,0,High,2,High,2,14.9711,3428.97,0.109678,0.1
2122,5,BSDF Heavy,0,High,2,High,2,14.9631,3423.3,0.110465,0.1
2123,5,BSDF Heavy,0,High,2,High,2,14.8236,3393.75,0.109616,0.1
2124,5,BSDF Heavy,0,High,2,High,2,14.8037,3390.03,0.109599,0.1
2125,5,BSDF Heavy,0,High,2,High,2,14.885,3407.58,0.109961,0.1
2126,5,BSDF Heavy,0,High,2,High,2,14.9109,3414.32,0.110349,0.1
2127,5,BSDF Heavy,0,High,2,High,2,14.8801,3406.48,0.109647,0.1
2128,5,BSDF Heavy,0,High,2,High,2,14.9204,3416.24,0.110125,0.1
2129,5,BSDF Heavy,0,High,2,High,2,14.8793,3406.52,0.110041,0.1
2130,5,BSDF Heavy,0,High,2,High,2,14.889,3410.22,0.110127,0.1
2131,5,BSDF Heavy,0,High,2,High,2,14.8471,3398.8,0.109387,0.1
2132,5,BSDF Heavy,0,High,2,High,2,14.723,3373.48,0.109551,0.1
2133,5,BSDF Heavy,0,High,2,High,2,14.9524,3421.83,0.110503,0.1
2134,5,BSDF Heavy,0,High,2,High,2,14.9199,3413.9,0.110145,0.1
2135,5,Balanced,1,High,2,Medium,1,14.72,3370.69,0.109543,0.1
2136,4,BSDF Heavy,-1,Medium,1,High,2,8.67837,1984.27,0.0946451,0.1
2137,5,BSDF Heavy,0,High,2,High,2,14.8353,3396.59,0.110328,0.1
2138,5,BSDF Heavy,0,High,2,High,2,14.8654,3405.57,0.110216,0.1
2139,5,BSDF Heavy,0,High,2,High,2,14.9834,3429.74,0.110409,0.1
2140,5,BSDF Heavy,0,High,2,High,2,14.8659,3404.68,0.109772,0.1
2141,5,BSDF Heavy,0,High,2,High,2,14.8421,3400.09,0.109961,0.1
2142,5,BSDF Heavy,0,High,2,High,2,14.8573,3402.5,0.109909,0.1
2143,5,BSDF Heavy,0,High,2,High,2,14.7847,3384.32,0.110139,0.1
2144,5,BSDF Heavy,0,High,2,High,2,14.9599,3424.25,0.109782,0.1
2145,5,Balanced,1,High,2,Medium,1,14.9759,3427.16,0.110592,0.1
2146,4,BSDF Heavy,-1,Medium,1,High,2,8.74508,1999.52,0.0946933,0.1
2147,5,Balanced,1,High,2,Medium,1,15.0081,3434.97,0.110031,0.1
2148,4,BSDF Heavy,-1,Medium,1,High,2,8.65823,1979.56,0.094321,0.1
2149,5,Light Heavy,2,High,2,Low,0,14.8718,3401.64,0.11048,0.1
2150,3,BSDF Heavy,-2,Low,0,High,2,3.91349,904.416,0.0469155,0.1
2151,5,Light Heavy,2,High,2,Low,0,14.8945,3409.76,0.110394,0.1
2152,3,BSDF Heavy,-2,Low,0,High,2,3.94628,911.185,0.0472126,0.1
2153,5,BSDF Heavy,0,High,2,High,2,14.865,3404.78,0.110237,0.1
2154,5,BSDF Heavy,0,High,2,High,2,14.8429,3396.43,0.109961,0.1
2155,5,BSDF Heavy,0,High,2,High,2,14.9079,3412.16,0.110519,0.1
2156,5,BSDF Heavy,0,High,2,High,2,14.8975,3408.45,0.109932,0.1
2157,5,BSDF Heavy,0,High,2,High,2,14.9179,3415.21,0.10977,0.1
2158,5,BSDF Heavy,0,High,2,High,2,14.9265,3415.87,0.110297,0.1
2159,5,BSDF Heavy,0,High,2,High,2,14.9388,3417.08,0.110444,0.1
2160,5,BSDF Heavy,0,High,2,High,2,14.9198,3415.79,0.110247,0.1
2161,5,BSDF Heavy,0,High,2,High,2,14.9274,3418.29,0.109884,0.1
2162,5,BSDF Heavy,0,High,2,High,2,14.8031,3389.87,0.110208,0.1
2163,5,BSDF Heavy,0,High,2,High,2,14.898,3410.04,0.109803,0.1
2164,5,Balanced,1,High,2,Medium,1,14.9211,3415.57,0.110241,0.1
2165,4,BSDF Heavy,-1,Medium,1,High,2,8.67459,1985.44,0.0941281,0.1
2166,5,Light Heavy,2,High,2,Low,0,14.8352,3398.36,0.109516,0.1
2167,3,BSDF Heavy,-2,Low,0,High,2,3.98334,919.835,0.0473322,0.1
2168,5,Light Heavy,2,High,2,Low,0,14.9139,3414,0.109878,0.1
2169,3,BSDF Heavy,-2,Low,0,High,2,3.91176,903.348,0.0467978,0.1
2170,5,BSDF Heavy,0,High,2,High,2,14.861,3400.14,0.109909,0.1
2171,5,BSDF Heavy,0,High,2,High,2,14.808,3390.32,0.109807,0.1
2172,5,BSDF Heavy,0,High,2,High,2,14.8425,3398.81,0.110098,0.1
2173,5,BSDF Heavy,0,High,2,High,2,14.9101,3413.3,0.109986,0.1
2174,5,Light Heavy,2,High,2,Low,0,14.9147,3413.55,0.110312,0.1
2175,3,Balanced,-1,Low,0,Medium,1,3.96456,915.565,0.047309,0.1
2176,4,Balanced,0,Medium,1,Medium,1,8.65275,1978.87,0.0935012,0.1
2177,4,Balanced,0,Medium,1,Medium,1,8.58769,1964.72,0.0938985,0.1
2178,4,Balanced,0,Medium,1,Medium,1,8.65879,1980.77,0.0944232,0.1
2179,4,Balanced,0,Medium,1,Medium,1,8.65944,1981.03,0.0945486,0.1
2180,4,Balanced,0,Medium,1,Medium,1,8.69433,1986.5,0.0946605,0.1
2181,4,Balanced,0,Medium,1,Medium,1,8.76659,2007.07,0.094103,0.1
2182,4,Balanced,0,Medium,1,Medium,1,8.70326,1989.28,0.0949691,0.1
2183,4,Balanced,0,Medium,1,Medium,1,8.67875,1984.16,0.0942554,0.1
2184,4,Balanced,0,Medium,1,Medium,1,8.76844,2006.78,0.0942747,0.1
2185,4,Balanced,0,Medium,1,Medium,1,8.72878,1996.91,0.0942593,0.1
2186,4,Balanced,0,Medium,1,Medium,1,8.66042,1980.85,0.0943596,0.1
2187,4,Balanced,0,Medium,1,Medium,1,8.55199,1955.02,0.0939969,0.1
2188,4,Balanced,0,Medium,1,Medium,1,8.71674,1994.18,0.0943962,0.1
2189,4,Balanced,0,Medium,1,Medium,1,8.64464,1976.9,0.0940856,0.1
2190,4,Balanced,0,Medium,1,Medium,1,8.79565,2013.83,0.0944888,0.1
2191,4,Balanced,0,Medium,1,Medium,1,8.67858,1982.34,0.0951466,0.1
2192,4,Balanced,0,Medium,1,Medium,1,8.79368,2011.22,0.0948708,0.1
2193,4,Balanced,0,Medium,1,Medium,1,8.59341,1962.79,0.094483,0.1
2194,4,Balanced,0,Medium,1,Medium,1,8.71842,1995,0.0943576,0.1
2195,4,Balanced,0,Medium,1,Medium,1,8.68066,1988.44,0.0933989,0.1
2196,4,Balanced,0,Medium,1,Medium,1,8.70191,1991.75,0.0941782,0.1
2197,4,Balanced,0,Medium,1,Medium,1,8.86303,2027.31,0.0952488,0.1
2198,4,Balanced,0,Medium,1,Medium,1,8.78597,2011.46,0.0948515,0.1
2199,4,Balanced,0,Medium,1,Medium,1,8.67849,1986.04,0.0938889,0.1
2200,4,Balanced,0,Medium,1,Medium,1,8.67355,1983.21,0.0941204,0.1
2201,4,Balanced,0,Medium,1,Medium,1,8.72543,1996.29,0.0940394,0.1
2202,4,Balanced,0,Medium,1,Medium,1,8.72858,1999.02,0.0938542,0.1
2203,4,Balanced,0,Medium,1,Medium,1,8.71873,1995.56,0.0937693,0.1
2204,4,Balanced,0,Medium,1,Medium,1,8.66775,1984.33,0.0936497,0.1
2205,4,Balanced,0,Medium,1,Medium,1,8.70956,1992.83,0.0943345,0.1
2206,4,BSDF Heavy,-1,Medium,1,High,2,8.65418,1980.73,0.094157,0.1
2207,5,Balanced,1,High,2,Medium,1,14.7959,3387.18,0.110023,0.1
2208,4,BSDF Heavy,-1,Medium,1,High,2,8.73508,1999.37,0.0948746,0.1
2209,5,Balanced,1,High,2,Medium,1,14.7306,3373.09,0.109878,0.1
2210,4,BSDF Heavy,-1,Medium,1,High,2,8.68472,1988.08,0.0942284,0.1
2211,5,Balanced,1,High,2,Medium,1,14.8129,3390.6,0.110183,0.1
2212,4,BSDF Heavy,-1,Medium,1,High,2,8.71695,1993.2,0.0941763,0.1
2213,5,Balanced,1,High,2,Medium,1,14.958,3424.86,0.110064,0.1
2214,4,BSDF Heavy,-1,Medium,1,High,2,8.60271,1968.18,0.0939969,0.1
2215,5,Balanced,1,High,2,Medium,1,14.8762,3408.1,0.109983,0.1
2216,4,BSDF Heavy,-1,Medium,1,High,2,8.68129,1986.77,0.093995,0.1
2217,5,Balanced,1,High,2,Medium,1,14.9232,3417.77,0.110025,0.1
2218,4,BSDF Heavy,-1,Medium,1,High,2,8.72879,1997.12,0.0945409,0.1
2219,5,BSDF Heavy,0,High,2,High,2,14.9462,3419.91,0.110031,0.1
2220,5,BSDF Heavy,0,High,2,High,2,14.9124,3414.53,0.109952,0.1
2221,5,Light Heavy,2,High,2,Low,0,15.051,3444.63,0.110422,0.1
2222,3,BSDF Heavy,-2,Low,0,High,2,3.98285,919.587,0.0472878,0.1
2223,5,Balanced,1,High,2,Medium,1,14.7622,3380.46,0.109377,0.1
2224,4,BSDF Heavy,-1,Medium,1,High,2,8.61727,1972.12,0.0937558,0.1
2225,5,Balanced,1,High,2,Medium,1,14.9016,3410.01,0.109942,0.1
2226,4,Light Heavy,1,Medium,1,Low,0,8.66699,1981.2,0.0943846,0.1
2227,3,Balanced,-1,Low,0,Medium,1,3.96016,913.773,0.0474981,0.1
2228,4,Light Heavy,1,Medium,1,Low,0,8.68068,1986.46,0.093941,0.1
2229,3,Balanced,-1,Low,0,Medium,1,3.8998,899.24,0.047066,0.1
2230,4,Balanced,0,Medium,1,Medium,1,8.76339,2003.61,0.0950251,0.1
2231,4,Balanced,0,Medium,1,Medium,1,8.7208,1993.69,0.0950675,0.1
2232,4,BSDF Heavy,-1,Medium,1,High,2,8.60922,1968.62,0.0937211,0.1
2233,5,Balanced,1,High,2,Medium,1,14.8178,3391.72,0.109963,0.1
2234,4,BSDF Heavy,-1,Medium,1,High,2,8.61891,1972.36,0.0935339,0.1
2235,5,Balanced,1,High,2,Medium,1,14.8893,3407.77,0.110243,0.1
2236,4,BSDF Heavy,-1,Medium,1,High,2,8.66271,1980.83,0.094485,0.1
2237,5,Balanced,1,High,2,Medium,1,14.8847,3407.03,0.109738,0.1
2238,4,BSDF Heavy,-1,Medium,1,High,2,8.64237,1976.81,0.0942207,0.1
2239,5,Balanced,1,High,2,Medium,1,14.8969,3410.01,0.109967,0.1
2240,4,BSDF Heavy,-1,Medium,1,High,2,8.66797,1983.28,0.0942188,0.1
2241,5,Balanced,1,High,2,Medium,1,14.8822,3408.66,0.109961,0.1
2242,4,BSDF Heavy,-1,Medium,1,High,2,8.68665,1987.82,0.09375,0.1
2243,5,Balanced,1,High,2,Medium,1,14.8751,3406.64,0.110191,0.1
2244,4,BSDF Heavy,-1,Medium,1,High,2,8.75398,2003.42,0.094838,0.1
2245,5,Balanced,1,High,2,Medium,1,14.8177,3393.07,0.109734,0.1
2246,4,BSDF Heavy,-1,Medium,1,High,2,8.61,1971.17,0.0935475,0.1
2247,5,Balanced,1,High,2,Medium,1,14.9206,3414.51,0.110156,0.1
2248,4,BSDF Heavy,-1,Medium,1,High,2,8.76593,2005.41,0.0947762,0.1
2249,5,Balanced,1,High,2,Medium,1,14.8959,3408.55,0.110204,0.1
2250,4,BSDF Heavy,-1,Medium,1,High,2,8.63825,1975.08,0.0947087,0.1
2251,5,Balanced,1,High,2,Medium,1,14.9489,3420.72,0.11027,0.1
2252,4,BSDF Heavy,-1,Medium,1,High,2,8.6375,1975.57,0.0939911,0.1
2253,5,BSDF Heavy,0,High,2,High,2,14.8755,3405.6,0.10968,0.1
2254,5,BSDF Heavy,0,High,2,High,2,14.8416,3397.88,0.109857,0.1
2255,5,BSDF Heavy,0,High,2,High,2,14.9434,3422.21,0.110058,0.1
2256,5,BSDF Heavy,0,High,2,High,2,15.0047,3435.97,0.110326,0.1
2257,5,BSDF Heavy,0,High,2,High,2,14.8352,3397.77,0.109738,0.1
2258,5,BSDF Heavy,0,High,2,High,2,14.8132,3389.41,0.109925,0.1
2259,5,Balanced,1,High,2,Medium,1,14.9193,3415.42,0.110301,0.1
2260,4,BSDF Heavy,-1,Medium,1,High,2,8.67584,1982.49,0.094485,0.1
2261,5,Balanced,1,High,2,Medium,1,14.8022,3391.02,0.109703,0.1
2262,4,BSDF Heavy,-1,Medium,1,High,2,8.63904,1975.69,0.0936381,0.1
2263,5,BSDF Heavy,0,High,2,High,2,14.7773,3382.53,0.109878,0.1
2264,5,BSDF Heavy,0,High,2,High,2,14.8819,3406.57,0.109298,0.1
2265,5,Light Heavy,2,High,2,Low,0,14.8966,3409.08,0.109801,0.1
2266,3,BSDF Heavy,-2,Low,0,High,2,3.96756,915.69,0.0473476,0.1
2267,5,BSDF Heavy,0,High,2,High,2,14.8104,3390.83,0.109462,0.1
2268,5,BSDF Heavy,0,High,2,High,2,14.8961,3413.1,0.109855,0.1
2269,5,BSDF Heavy,0,High,2,High,2,14.8181,3392.43,0.109354,0.1
2270,5,BSDF Heavy,0,High,2,High,2,14.8855,3408.27,0.109753,0.1
2271,5,BSDF Heavy,0,High,2,High,2,14.8696,3405.25,0.109803,0.1
2272,5,BSDF Heavy,0,High,2,High,2,14.8252,3394.64,0.109585,0.1
2273,5,BSDF Heavy,0,High,2,High,2,14.9703,3424.33,0.110783,0.1
2274,5,BSDF Heavy,0,High,2,High,2,14.8614,3402.84,0.10966,0.1
2275,5,BSDF Heavy,0,High,2,High,2,14.7984,3387.21,0.109443,0.1
2276,5,BSDF Heavy,0,High,2,High,2,14.9051,3410.61,0.109562,0.1
2277,5,BSDF Heavy,0,High,2,High,2,14.7673,3382.49,0.109686,0.1
2278,5,BSDF Heavy,0,High,2,High,2,14.845,3401.14,0.109718,0.1
2279,5,BSDF Heavy,0,High,2,High,2,14.917,3417.23,0.109749,0.1
2280,5,BSDF Heavy,0,High,2,High,2,14.9027,3412.66,0.110054,0.1
2281,5,BSDF Heavy,0,High,2,High,2,15.0375,3441.27,0.110829,0.1
2282,5,BSDF Heavy,0,High,2,High,2,14.7388,3375.77,0.109379,0.1
2283,5,BSDF Heavy,0,High,2,High,2,14.7196,3369.3,0.109282,0.1
2284,5,BSDF Heavy,0,High,2,High,2,14.8481,3400.25,0.110087,0.1
2285,5,BSDF Heavy,0,High,2,High,2,14.927,3417.69,0.110639,0.1
2286,5,BSDF Heavy,0,High,2,High,2,14.8635,3404.59,0.109977,0.1
2287,5,BSDF Heavy,0,High,2,High,2,14.9081,3412.2,0.109878,0.1
2288,5,BSDF Heavy,0,High,2,High,2,14.748,3380.06,0.108995,0.1
2289,5,BSDF Heavy,0,High,2,High,2,14.9148,3413.25,0.110191,0.1
2290,5,BSDF Heavy,0,High,2,High,2,14.881,3406.94,0.109782,0.1
2291,5,BSDF Heavy,0,High,2,High,2,14.7962,3386,0.10957,0.1
2292,5,BSDF Heavy,0,High,2,High,2,14.9784,3426.94,0.11034,0.1
2293,5,BSDF Heavy,0,High,2,High,2,14.8775,3406.45,0.109927,0.1
2294,5,BSDF Heavy,0,High,2,High,2,14.9326,3416.91,0.110565,0.1
2295,5,BSDF Heavy,0,High,2,High,2,14.8335,3397.76,0.109468,0.1
2296,5,BSDF Heavy,0,High,2,High,2,14.8666,3400.92,0.110409,0.1
2297,5,BSDF Heavy,0,High,2,High,2,14.8577,3402.91,0.10961,0.1
2298,5,BSDF Heavy,0,High,2,High,2,14.8271,3395.78,0.109547,0.1
2299,5,BSDF Heavy,0,High,2,High,2,14.9203,3417.16,0.109805,0.1
2300,5,Balanced,1,High,2,Medium,1,14.8737,3406.74,0.10972,0.1
2301,4,BSDF Heavy,-1,Medium,1,High,2,8.67338,1985.48,0.0939796,0.1
2302,5,Balanced,1,High,2,Medium,1,14.8382,3395.99,0.110095,0.1
2303,4,BSDF Heavy,-1,Medium,1,High,2,8.72132,1995.66,0.0944116,0.1
2304,5,BSDF Heavy,0,High,2,High,2,14.7809,3383.15,0.109728,0.1
2305,5,BSDF Heavy,0,High,2,High,2,14.8642,3402.11,0.110444,0.1
2306,5,BSDF Heavy,0,High,2,High,2,14.9808,3430.19,0.1101,0.1
2307,5,BSDF Heavy,0,High,2,High,2,14.8826,3405.76,0.110069,0.1
2308,5,BSDF Heavy,0,High,2,High,2,14.9636,3424.41,0.110718,0.1
2309,5,BSDF Heavy,0,High,2,High,2,14.9273,3418.26,0.110006,0.1
2310,5,BSDF Heavy,0,High,2,High,2,14.85,3399.87,0.110299,0.1
2311,5,BSDF Heavy,0,High,2,High,2,14.8273,3393.95,0.109927,0.1
2312,5,Balanced,1,High,2,Medium,1,14.9264,3419.34,0.109715,0.1
2313,4,BSDF Heavy,-1,Medium,1,High,2,8.60868,1967.42,0.0937076,0.1
2314,5,BSDF Heavy,0,High,2,High,2,14.9351,3420.37,0.109742,0.1
2315,5,Balanced,1,High,2,Medium,1,14.9932,3433.71,0.110476,0.1
2316,4,BSDF Heavy,-1,Medium,1,High,2,8.62128,1969.74,0.0947782,0.1
2317,5,Balanced,1,High,2,Medium,1,14.8454,3394.59,0.110031,0.1
2318,4,BSDF Heavy,-1,Medium,1,High,2,8.64648,1977.41,0.094103,0.1
2319,5,Balanced,1,High,2,Medium,1,14.9335,3417.6,0.109776,0.1
2320,4,BSDF Heavy,-1,Medium,1,High,2,8.74102,1997.16,0.0950752,0.1
2321,5,Light Heavy,2,High,2,Low,0,14.957,3423.54,0.11034,0.1
2322,3,BSDF Heavy,-2,Low,0,High,2,3.97329,917.459,0.0473823,0.1
2323,5,Balanced,1,High,2,Medium,1,14.8565,3401.43,0.109988,0.1
2324,4,BSDF Heavy,-1,Medium,1,High,2,8.64574,1976.8,0.0941493,0.1
2325,5,Light Heavy,2,High,2,Low,0,14.8841,3408.12,0.109664,0.1
2326,3,BSDF Heavy,-2,Low,0,High,2,3.95324,912.69,0.0472415,0.1
2327,5,Light Heavy,2,High,2,Low,0,14.8108,3392.86,0.109643,0.1
2328,3,BSDF Heavy,-2,Low,0,High,2,3.91998,904.001,0.0471238,0.1
2329,5,BSDF Heavy,0,High,2,High,2,14.8722,3404.47,0.109707,0.1
2330,5,Balanced,1,High,2,Medium,1,14.8613,3401.51,0.109707,0.1
2331,4,BSDF Heavy,-1,Medium,1,High,2,8.71965,1993.9,0.0947762,0.1
2332,5,BSDF Heavy,0,High,2,High,2,14.9282,3414.86,0.110527,0.1
2333,5,BSDF Heavy,0,High,2,High,2,14.9374,3418.18,0.110434,0.1
2334,5,BSDF Heavy,0,High,2,High,2,14.8836,3406.7,0.110332,0.1
2335,5,BSDF Heavy,0,High,2,High,2,14.8102,3390.62,0.109591,0.1
2336,5,BSDF Heavy,0,High,2,High,2,14.9057,3412.12,0.110164,0.1
2337,5,Balanced,1,High,2,Medium,1,14.8356,3397.02,0.109402,0.1
2338,4,BSDF Heavy,-1,Medium,1,High,2,8.75124,2001.53,0.0948997,0.1
2339,5,Balanced,1,High,2,Medium,1,14.8764,3406.87,0.109252,0.1
2340,4,BSDF Heavy,-1,Medium,1,High,2,8.75424,2003.69,0.0943268,0.1
2341,5,BSDF Heavy,0,High,2,High,2,14.9398,3421.6,0.110305,0.1
2342,5,BSDF Heavy,0,High,2,High,2,14.795,3387.25,0.109462,0.1
2343,5,Balanced,1,High,2,Medium,1,14.7948,3386.75,0.109678,0.1
2344,4,BSDF Heavy,-1,Medium,1,High,2,8.74026,1998.39,0.0950926,0.1
2345,5,BSDF Heavy,0,High,2,High,2,14.9045,3414.28,0.109909,0.1
2346,5,BSDF Heavy,0,High,2,High,2,14.9789,3429.9,0.110378,0.1
2347,5,BSDF Heavy,0,High,2,High,2,14.9728,3430.21,0.110027,0.1
2348,5,BSDF Heavy,0,High,2,High,2,14.8867,3409.56,0.110073,0.1
2349,5,BSDF Heavy,0,High,2,High,2,14.853,3402.81,0.109171,0.1
2350,5,BSDF Heavy,0,High,2,High,2,14.7233,3371.48,0.109726,0.1
2351,5,BSDF Heavy,0,High,2,High,2,14.9047,3411.63,0.10989,0.1
2352,5,BSDF Heavy,0,High,2,High,2,14.7953,3386.51,0.109651,0.1
2353,5,BSDF Heavy,0,High,2,High,2,14.8691,3405.87,0.109732,0.1
2354,5,BSDF Heavy,0,High,2,High,2,14.9244,3418.34,0.109751,0.1
2355,5,BSDF Heavy,0,High,2,High,2,14.9237,3416.37,0.110324,0.1
2356,5,BSDF Heavy,0,High,2,High,2,14.7891,3385.87,0.109209,0.1
2357,5,BSDF Heavy,0,High,2,High,2,14.8863,3405.74,0.110536,0.1
2358,5,BSDF Heavy,0,High,2,High,2,14.8711,3407.08,0.1093,0.1
2359,5,BSDF Heavy,0,High,2,High,2,14.9239,3418.34,0.109838,0.1
2360,5,BSDF Heavy,0,High,2,High,2,14.8895,3407.86,0.110386,0.1
2361,5,BSDF Heavy,0,High,2,High,2,14.8431,3399.73,0.109473,0.1
2362,5,BSDF Heavy,0,High,2,High,2,14.8443,3399.23,0.109782,0.1
2363,5,BSDF Heavy,0,High,2,High,2,14.9144,3414.33,0.110278,0.1
2364,5,Light Heavy,2,High,2,Low,0,15.0011,3433.69,0.110179,0.1
2365,3,BSDF Heavy,-2,Low,0,High,2,3.97275,917.362,0.04739,0.1
2366,5,Light Heavy,2,High,2,Low,0,14.8569,3402.64,0.109682,0.1
2367,3,BSDF Heavy,-2,Low,0,High,2,3.94079,910.937,0.0469387,0.1
2368,5,Balanced,1,High,2,Medium,1,14.7949,3387.97,0.109753,0.1
2369,4,BSDF Heavy,-1,Medium,1,High,2,8.7414,2000.99,0.0944579,0.1
2370,5,Light Heavy,2,High,2,Low,0,14.8887,3409.61,0.109909,0.1
2371,3,BSDF Heavy,-2,Low,0,High,2,3.9154,903.954,0.0469194,0.1
2372,5,BSDF Heavy,0,High,2,High,2,14.9551,3424.38,0.110295,0.1
2373,5,Balanced,1,High,2,Medium,1,14.8509,3401.09,0.109691,0.1
2374,4,BSDF Heavy,-1,Medium,1,High,2,8.71048,1992,0.0942033,0.1
2375,5,BSDF Heavy,0,High,2,High,2,14.8322,3396.27,0.109358,0.1
2376,5,BSDF Heavy,0,High,2,High,2,14.9315,3416.71,0.11037,0.1
2377,5,BSDF Heavy,0,High,2,High,2,14.8671,3404.92,0.109637,0.1
2378,5,Balanced,1,High,2,Medium,1,14.8975,3408.03,0.110507,0.1
2379,4,Light Heavy,1,Medium,1,Low,0,8.65382,1978.86,0.0943634,0.1
2380,3,Light Heavy,0,Low,0,Low,0,3.91472,903.665,0.0467921,0.1
2381,3,Balanced,-1,Low,0,Medium,1,3.87876,894.481,0.0466551,0.1
2382,4,Balanced,0,Medium,1,Medium,1,8.67252,1983.74,0.094157,0.1
2383,4,Balanced,0,Medium,1,Medium,1,8.74453,1998.49,0.0953839,0.1
2384,4,Light Heavy,1,Medium,1,Low,0,8.73668,1999.8,0.0939661,0.1
2385,3,Light Heavy,0,Low,0,Low,0,3.89776,898.886,0.0468017,0.1
2386,3,Light Heavy,0,Low,0,Low,0,3.95529,912.87,0.0472647,0.1
2387,3,BSDF Heavy,-2,Low,0,High,2,3.93462,907.276,0.0472454,0.1
2388,5,Light Heavy,2,High,2,Low,0,14.9481,3422.65,0.110177,0.1
2389,3,BSDF Heavy,-2,Low,0,High,2,3.96271,915.154,0.0472589,0.1
2390,5,Light Heavy,2,High,2,Low,0,14.9329,3418.03,0.109796,0.1
2391,3,BSDF Heavy,-2,Low,0,High,2,3.91967,904.335,0.0472569,0.1
2392,5,BSDF Heavy,0,High,2,High,2,14.8184,3392.71,0.109477,0.1
2393,5,BSDF Heavy,0,High,2,High,2,14.8194,3391.21,0.109786,0.1
2394,5,BSDF Heavy,0,High,2,High,2,14.9529,3422.23,0.109986,0.1
2395,5,BSDF Heavy,0,High,2,High,2,14.9031,3411.98,0.110214,0.1
2396,5,BSDF Heavy,0,High,2,High,2,14.9029,3413.26,0.110029,0.1
2397,5,BSDF Heavy,0,High,2,High,2,14.8604,3400.29,0.110116,0.1
2398,5,BSDF Heavy,0,High,2,High,2,14.8225,3393.46,0.109738,0.1
2399,5,BSDF Heavy,0,High,2,High,2,14.8899,3405.83,0.110037,0.1
2400,5,BSDF Heavy,0,High,2,High,2,14.8506,3397.74,0.109769,0.1
2401,5,BSDF Heavy,0,High,2,High,2,14.9049,3412.16,0.110162,0.1
2402,5,BSDF Heavy,0,High,2,High,2,14.9315,3415.85,0.110478,0.1
2403,5,BSDF Heavy,0,High,2,High,2,15.0466,3443.94,0.11023,0.1
2404,5,BSDF Heavy,0,High,2,High,2,14.9243,3418.64,0.110519,0.1
2405,5,BSDF Heavy,0,High,2,High,2,14.782,3384.15,0.109826,0.1
2406,5,BSDF Heavy,0,High,2,High,2,14.8526,3400.1,0.10977,0.1
2407,5,BSDF Heavy,0,High,2,High,2,14.9905,3429.41,0.110606,0.1
2408,5,BSDF Heavy,0,High,2,High,2,14.8495,3398.01,0.109873,0.1
2409,5,BSDF Heavy,0,High,2,High,2,14.8687,3404.34,0.110251,0.1
2410,5,BSDF Heavy,0,High,2,High,2,14.8378,3397.45,0.10924,0.1
2411,5,BSDF Heavy,0,High,2,High,2,14.9782,3429.65,0.1099,0.1
2412,5,BSDF Heavy,0,High,2,High,2,14.8187,3393.28,0.109541,0.1
2413,5,BSDF Heavy,0,High,2,High,2,14.8723,3406.85,0.109637,0.1
2414,5,BSDF Heavy,0,High,2,High,2,14.8952,3410.31,0.109954,0.1
2415,5,BSDF Heavy,0,High,2,High,2,14.8681,3403.94,0.1101,0.1
2416,5,BSDF Heavy,0,High,2,High,2,15.0678,3447.56,0.111146,0.1
2417,5,BSDF Heavy,0,High,2,High,2,14.9662,3426.29,0.110386,0.1
2418,5,BSDF Heavy,0,High,2,High,2,14.8048,3389.35,0.109788,0.1
2419,5,Balanced,1,High,2,Medium,1,14.8709,3404.09,0.109938,0.1
2420,4,BSDF Heavy,-1,Medium,1,High,2,8.70305,1989.59,0.095353,0.1
2421,5,Light Heavy,2,High,2,Low,0,14.8761,3404.72,0.109788,0.1
2422,3,BSDF Heavy,-2,Low,0,High,2,3.96365,916.03,0.047091,0.1
2423,5,Balanced,1,High,2,Medium,1,14.7977,3387.03,0.109842,0.1
2424,4,BSDF Heavy,-1,Medium,1,High,2,8.70513,1991.72,0.094755,0.1
2425,5,Light Heavy,2,High,2,Low,0,14.8238,3395.99,0.109533,0.1
2426,3,BSDF Heavy,-2,Low,0,High,2,3.9543,913.407,0.0472338,0.1
2427,5,BSDF Heavy,0,High,2,High,2,14.7018,3365.7,0.109406,0.1
2428,5,BSDF Heavy,0,High,2,High,2,14.7847,3387.68,0.109801,0.1
2429,5,Balanced,1,High,2,Medium,1,14.8354,3396.57,0.109687,0.1
2430,4,BSDF Heavy,-1,Medium,1,High,2,8.64747,1979.19,0.0939448,0.1
2431,5,Light Heavy,2,High,2,Low,0,14.8733,3405.23,0.109529,0.1
2432,3,BSDF Heavy,-2,Low,0,High,2,3.99176,921.089,0.0474711,0.1
2433,5,Balanced,1,High,2,Medium,1,14.9367,3421.01,0.109911,0.1
2434,4,BSDF Heavy,-1,Medium,1,High,2,8.69513,1988.73,0.0942747,0.1
2435,5,Light Heavy,2,High,2,Low,0,14.9649,3424.02,0.110829,0.1
2436,3,BSDF Heavy,-2,Low,0,High,2,3.87624,893.749,0.0469078,0.1
2437,5,Light Heavy,2,High,2,Low,0,14.7544,3376.73,0.109441,0.1
2438,3,BSDF Heavy,-2,Low,0,High,2,3.94345,910.265,0.0469116,0.1
2439,5,BSDF Heavy,0,High,2,High,2,14.914,3414.12,0.110019,0.1
2440,5,BSDF Heavy,0,High,2,High,2,14.8879,3410.45,0.110083,0.1
2441,5,BSDF Heavy,0,High,2,High,2,14.971,3426.99,0.110442,0.1
2442,5,BSDF Heavy,0,High,2,High,2,14.8726,3403.78,0.110019,0.1
2443,5,BSDF Heavy,0,High,2,High,2,14.8233,3394.91,0.109462,0.1
2444,5,BSDF Heavy,0,High,2,High,2,14.841,3400.8,0.109599,0.1
2445,5,BSDF Heavy,0,High,2,High,2,14.7661,3381.55,0.109867,0.1
2446,5,BSDF Heavy,0,High,2,High,2,14.8624,3403.73,0.110075,0.1
2447,5,BSDF Heavy,0,High,2,High,2,14.8129,3392.14,0.108924,0.1
2448,5,BSDF Heavy,0,High,2,High,2,14.8837,3406.37,0.110268,0.1
2449,5,BSDF Heavy,0,High,2,High,2,14.8481,3400.1,0.109464,0.1
2450,5,BSDF Heavy,0,High,2,High,2,14.8799,3406.96,0.110125,0.1
2451,5,Light Heavy,2,High,2,Low,0,14.9352,3420.43,0.110218,0.1
2452,3,BSDF Heavy,-2,Low,0,High,2,3.98247,919.682,0.0471586,0.1
2453,5,Light Heavy,2,High,2,Low,0,14.8409,3396.22,0.109637,0.1
2454,3,BSDF Heavy,-2,Low,0,High,2,3.86673,892.299,0.0464506,0.1
2455,5,BSDF Heavy,0,High,2,High,2,14.7946,3390.76,0.109213,0.1
2456,5,BSDF Heavy,0,High,2,High,2,14.9284,3420.15,0.109927,0.1
2457,5,BSDF Heavy,0,High,2,High,2,14.9263,3416.1,0.110388,0.1
2458,5,BSDF Heavy,0,High,2,High,2,14.9225,3417.86,0.109803,0.1
2459,5,BSDF Heavy,0,High,2,High,2,14.8608,3404.63,0.109684,0.1
2460,5,BSDF Heavy,0,High,2,High,2,14.9032,3410.31,0.11028,0.1
2461,5,BSDF Heavy,0,High,2,High,2,14.8461,3397.8,0.10994,0.1
2462,5,Light Heavy,2,High,2,Low,0,14.8902,3410.41,0.10983,0.1
2463,3,BSDF Heavy,-2,Low,0,High,2,3.91076,902.32,0.0466242,0.1
2464,5,Balanced,1,High,2,Medium,1,14.9164,3414.86,0.109807,0.1
2465,4,BSDF Heavy,-1,Medium,1,High,2,8.72619,1995.44,0.0948688,0.1
2466,5,Light Heavy,2,High,2,Low,0,14.9152,3412.61,0.110284,0.1
2467,3,BSDF Heavy,-2,Low,0,High,2,3.92142,905.849,0.0470563,0.1
2468,5,BSDF Heavy,0,High,2,High,2,14.9391,3420.51,0.110224,0.1
2469,5,BSDF Heavy,0,High,2,High,2,14.779,3385.13,0.109687,0.1
2470,5,BSDF Heavy,0,High,2,High,2,14.878,3408.07,0.109809,0.1
2471,5,BSDF Heavy,0,High,2,High,2,15.0122,3436.99,0.110523,0.1
2472,5,BSDF Heavy,0,High,2,High,2,14.9548,3424.44,0.110081,0.1
2473,5,BSDF Heavy,0,High,2,High,2,14.9288,3417.09,0.11027,0.1
2474,5,BSDF Heavy,0,High,2,High,2,14.925,3415.56,0.109983,0.1
2475,5,BSDF Heavy,0,High,2,High,2,14.8327,3398.65,0.109558,0.1
2476,5,BSDF Heavy,0,High,2,High,2,15.0109,3433.48,0.110681,0.1
2477,5,BSDF Heavy,0,High,2,High,2,14.8399,3399.23,0.109543,0.1
2478,5,BSDF Heavy,0,High,2,High,2,14.8711,3408.42,0.109558,0.1
2479,5,BSDF Heavy,0,High,2,High,2,14.892,3408.49,0.109973,0.1
2480,5,BSDF Heavy,0,High,2,High,2,14.8593,3402.76,0.109431,0.1
2481,5,BSDF Heavy,0,High,2,High,2,14.8343,3396.82,0.110064,0.1
2482,5,BSDF Heavy,0,High,2,High,2,15.0478,3442.92,0.110737,0.1
2483,5,BSDF Heavy,0,High,2,High,2,14.8377,3393.29,0.110199,0.1
2484,5,BSDF Heavy,0,High,2,High,2,15.0007,3433.38,0.110316,0.1
2485,5,BSDF Heavy,0,High,2,High,2,14.7916,3388.88,0.109022,0.1
2486,5,Light Heavy,2,High,2,Low,0,14.8117,3392.15,0.109574,0.1
2487,3,BSDF Heavy,-2,Low,0,High,2,3.90595,902.003,0.0466782,0.1
2488,5,Balanced,1,High,2,Medium,1,14.878,3405.85,0.110295,0.1
2489,4,BSDF Heavy,-1,Medium,1,High,2,8.72159,1996.65,0.0939063,0.1
2490,5,Light Heavy,2,High,2,Low,0,14.9646,3424.36,0.109942,0.1
2491,3,Balanced,-1,Low,0,Medium,1,3.895,898.184,0.0469116,0.1
2492,4,Light Heavy,1,Medium,1,Low,0,8.62059,1972.29,0.0936941,0.1
2493,3,Light Heavy,0,Low,0,Low,0,3.89019,895.733,0.0476196,0.1
2494,3,Light Heavy,0,Low,0,Low,0,3.92932,905.961,0.0470177,0.1
2495,3,Light Heavy,0,Low,0,Low,0,3.93269,907.291,0.0472222,0.1
2496,3,Light Heavy,0,Low,0,Low,0,3.93438,909.146,0.0472685,0.1
2497,3,Light Heavy,0,Low,0,Low,0,3.93341,908.709,0.0469599,0.1
2498,3,Light Heavy,0,Low,0,Low,0,3.99046,921.225,0.0476678,0.1
2499,3,Light Heavy,0,Low,0,Low,0,3.88159,896.556,0.0468731,0.1
2500,3,Light Heavy,0,Low,0,Low,0,3.95168,911.98,0.0471335,0.1
2501,3,Light Heavy,0,Low,0,Low,0,3.93091,906.526,0.0475231,0.1
2502,3,Light Heavy,0,Low,0,Low,0,3.95303,912.587,0.0471161,0.1
2503,3,Light Heavy,0,Low,0,Low,0,3.94407,908.803,0.0480015,0.1
2504,3,Light Heavy,0,Low,0,Low,0,3.88463,896.83,0.0465721,0.1
2505,3,Light Heavy,0,Low,0,Low,0,3.90346,901.077,0.0468924,0.1
2506,3,Light Heavy,0,Low,0,Low,0,3.99238,921.168,0.047392,0.1
2507,3,BSDF Heavy,-2,Low,0,High,2,3.91323,903.969,0.0468171,0.1
2508,5,Light Heavy,2,High,2,Low,0,14.9309,3416.58,0.110953,0.1
2509,3,BSDF Heavy,-2,Low,0,High,2,3.93796,910.49,0.0466454,0.1
2510,5,Light Heavy,2,High,2,Low,0,14.9581,3424.73,0.110141,0.1
2511,3,BSDF Heavy,-2,Low,0,High,2,3.92405,905.614,0.0470332,0.1
2512,5,Light Heavy,2,High,2,Low,0,14.9084,3413.56,0.109524,0.1
2513,3,BSDF Heavy,-2,Low,0,High,2,3.95273,913.168,0.0469657,0.1
2514,5,Light Heavy,2,High,2,Low,0,14.9888,3431.33,0.110577,0.1
2515,3,BSDF Heavy,-2,Low,0,High,2,4.00613,926.687,0.0473688,0.1
2516,5,Light Heavy,2,High,2,Low,0,14.9835,3430.29,0.109848,0.1
2517,3,BSDF Heavy,-2,Low,0,High,2,3.93059,907.22,0.047091,0.1
2518,5,Light Heavy,2,High,2,Low,0,14.8831,3408.49,0.109979,0.1
2519,3,BSDF Heavy,-2,Low,0,High,2,3.8987,899.071,0.0468924,0.1
2520,5,Light Heavy,2,High,2,Low,0,14.8891,3407.04,0.110089,0.1
2521,3,BSDF Heavy,-2,Low,0,High,2,3.95092,911.951,0.0473592,0.1
2522,5,BSDF Heavy,0,High,2,High,2,14.8796,3404.45,0.110023,0.1
2523,5,BSDF Heavy,0,High,2,High,2,14.9231,3415.2,0.110276,0.1
2524,5,BSDF Heavy,0,High,2,High,2,14.7709,3380.33,0.110152,0.1
2525,5,BSDF Heavy,0,High,2,High,2,14.8677,3404.87,0.109979,0.1
2526,5,BSDF Heavy,0,High,2,High,2,14.9566,3422.05,0.11086,0.1
2527,5,Balanced,1,High,2,Medium,1,14.9396,3419.72,0.110706,0.1
2528,4,BSDF Heavy,-1,Medium,1,High,2,8.66802,1982.26,0.0945351,0.1
2529,5,Light Heavy,2,High,2,Low,0,14.9406,3418.37,0.110195,0.1
2530,3,BSDF Heavy,-2,Low,0,High,2,3.90269,900.356,0.0466995,0.1
2531,5,Light Heavy,2,High,2,Low,0,14.8134,3392.18,0.109497,0.1
2532,3,BSDF Heavy,-2,Low,0,High,2,3.95049,911.378,0.0476485,0.1
2533,5,BSDF Heavy,0,High,2,High,2,14.8698,3403.34,0.110214,0.1
2534,5,BSDF Heavy,0,High,2,High,2,14.8638,3403.34,0.110417,0.1
2535,5,BSDF Heavy,0,High,2,High,2,14.8018,3391.37,0.1094,0.1
2536,5,BSDF Heavy,0,High,2,High,2,14.9593,3426.16,0.110166,0.1
2537,5,BSDF Heavy,0,High,2,High,2,14.9259,3419.08,0.109767,0.1
2538,5,BSDF Heavy,0,High,2,High,2,14.8486,3399.73,0.109944,0.1
2539,5,BSDF Heavy,0,High,2,High,2,14.8993,3410.26,0.109904,0.1
2540,5,BSDF Heavy,0,High,2,High,2,14.9386,3418.11,0.110581,0.1
2541,5,BSDF Heavy,0,High,2,High,2,14.7867,3384.88,0.109628,0.1
2542,5,BSDF Heavy,0,High,2,High,2,14.8702,3406.29,0.109632,0.1
2543,5,BSDF Heavy,0,High,2,High,2,14.8571,3402.25,0.109815,0.1
2544,5,BSDF Heavy,0,High,2,High,2,14.7652,3381.98,0.109508,0.1
2545,5,BSDF Heavy,0,High,2,High,2,14.8555,3400.55,0.109934,0.1
2546,5,BSDF Heavy,0,High,2,High,2,14.908,3411.31,0.110345,0.1
2547,5,BSDF Heavy,0,High,2,High,2,14.748,3376.44,0.110075,0.1
2548,5,BSDF Heavy,0,High,2,High,2,14.9386,3418.27,0.110112,0.1
2549,5,Balanced,1,High,2,Medium,1,14.8075,3392.18,0.109614,0.1
2550,4,BSDF Heavy,-1,Medium,1,High,2,8.71546,1993.75,0.0946489,0.1
2551,5,Light Heavy,2,High,2,Low,0,14.9549,3423.41,0.110131,0.1
2552,3,BSDF Heavy,-2,Low,0,High,2,3.93917,908.848,0.047174,0.1
2553,5,BSDF Heavy,0,High,2,High,2,14.865,3402.6,0.110451,0.1
2554,5,BSDF Heavy,0,High,2,High,2,14.9156,3413.74,0.110482,0.1
2555,5,BSDF Heavy,0,High,2,High,2,14.8492,3399.01,0.110284,0.1
2556,5,BSDF Heavy,0,High,2,High,2,14.8177,3392.57,0.109686,0.1
2557,5,BSDF Heavy,0,High,2,High,2,14.885,3408.46,0.109632,0.1
2558,5,BSDF Heavy,0,High,2,High,2,14.9594,3428.17,0.109732,0.1
2559,5,BSDF Heavy,0,High,2,High,2,14.9399,3419.09,0.110534,0.1
2560,5,BSDF Heavy,0,High,2,High,2,14.9076,3412.06,0.109983,0.1
2561,5,BSDF Heavy,0,High,2,High,2,14.8355,3396.86,0.109448,0.1
2562,5,BSDF Heavy,0,High,2,High,2,14.8549,3402.2,0.109734,0.1
2563,5,BSDF Heavy,0,High,2,High,2,14.9546,3423.82,0.110341,0.1
2564,5,BSDF Heavy,0,High,2,High,2,14.9612,3425,0.109657,0.1
2565,5,BSDF Heavy,0,High,2,High,2,14.8991,3412.11,0.109923,0.1
2566,5,BSDF Heavy,0,High,2,High,2,14.8376,3395.61,0.109929,0.1
2567,5,BSDF Heavy,0,High,2,High,2,14.9744,3427.03,0.110617,0.1
2568,5,BSDF Heavy,0,High,2,High,2,14.9352,3421.76,0.1101,0.1
2569,5,BSDF Heavy,0,High,2,High,2,14.8845,3407.43,0.110068,0.1
2570,5,Balanced,1,High,2,Medium,1,14.839,3398.56,0.109614,0.1
2571,4,BSDF Heavy,-1,Medium,1,High,2,8.69894,1989.84,0.0947647,0.1
2572,5,Light Heavy,2,High,2,Low,0,14.8334,3396.52,0.109531,0.1
2573,3,BSDF Heavy,-2,Low,0,High,2,3.97737,918.39,0.0474209,0.1
2574,5,Light Heavy,2,High,2,Low,0,14.8296,3393.22,0.110075,0.1
2575,3,BSDF Heavy,-2,Low,0,High,2,3.94334,910.969,0.046738,0.1
2576,5,BSDF Heavy,0,High,2,High,2,14.9202,3413.88,0.110561,0.1
2577,5,BSDF Heavy,0,High,2,High,2,14.823,3395.7,0.109689,0.1
2578,5,BSDF Heavy,0,High,2,High,2,14.9859,3429.88,0.110069,0.1
2579,5,BSDF Heavy,0,High,2,High,2,14.9188,3415.13,0.110021,0.1
2580,5,BSDF Heavy,0,High,2,High,2,14.8772,3405.66,0.110013,0.1
2581,5,BSDF Heavy,0,High,2,High,2,14.9232,3415.31,0.109728,0.1
2582,5,BSDF Heavy,0,High,2,High,2,14.9467,3422.24,0.110573,0.1
2583,5,BSDF Heavy,0,High,2,High,2,14.8614,3402.5,0.109946,0.1
2584,5,BSDF Heavy,0,High,2,High,2,14.8469,3399.18,0.109497,0.1
2585,5,BSDF Heavy,0,High,2,High,2,14.8264,3394.46,0.109799,0.1
2586,5,BSDF Heavy,0,High,2,High,2,14.9965,3431.47,0.110841,0.1
2587,5,BSDF Heavy,0,High,2,High,2,15.0283,3442.19,0.109527,0.1
2588,5,Balanced,1,High,2,Medium,1,14.9176,3415.37,0.110089,0.1
2589,4,BSDF Heavy,-1,Medium,1,High,2,8.73329,2000.13,0.0941319,0.1
2590,5,Light Heavy,2,High,2,Low,0,14.8321,3398.07,0.109857,0.1
2591,3,BSDF Heavy,-2,Low,0,High,2,3.86207,891.338,0.0464603,0.1
2592,5,Light Heavy,2,High,2,Low,0,14.9127,3414.88,0.110604,0.1
2593,3,BSDF Heavy,-2,Low,0,High,2,3.94369,909.402,0.0470756,0.1
2594,5,Balanced,1,High,2,Medium,1,14.8566,3402.8,0.109977,0.1
2595,4,BSDF Heavy,-1,Medium,1,High,2,8.77358,2006.48,0.095135,0.1
2596,5,Balanced,1,High,2,Medium,1,14.9545,3420.78,0.110639,0.1
2597,4,BSDF Heavy,-1,Medium,1,High,2,8.67604,1983.17,0.0943364,0.1
2598,5,Light Heavy,2,High,2,Low,0,14.7876,3385.13,0.109498,0.1
2599,3,Balanced,-1,Low,0,Medium,1,3.95345,912.548,0.0473129,0.1
2600,4,BSDF Heavy,-1,Medium,1,High,2,8.68478,1985.89,0.0945853,0.1
2601,5,BSDF Heavy,0,High,2,High,2,14.8371,3397.48,0.109452,0.1
2602,5,BSDF Heavy,0,High,2,High,2,14.8199,3393.03,0.110075,0.1
2603,5,BSDF Heavy,0,High,2,High,2,15.0204,3436.62,0.110669,0.1
2604,5,BSDF Heavy,0,High,2,High,2,14.8859,3410.48,0.110156,0.1
2605,5,BSDF Heavy,0,High,2,High,2,14.9165,3414.68,0.109994,0.1
2606,5,BSDF Heavy,0,High,2,High,2,14.9832,3426.59,0.111202,0.1
2607,5,BSDF Heavy,0,High,2,High,2,14.9196,3417.72,0.110127,0.1
2608,5,BSDF Heavy,0,High,2,High,2,14.8071,3390.74,0.109591,0.1
2609,5,Balanced,1,High,2,Medium,1,14.9395,3418.32,0.110639,0.1
2610,4,BSDF Heavy,-1,Medium,1,High,2,8.66924,1982.49,0.0943943,0.1
2611,5,Balanced,1,High,2,Medium,1,14.8065,3390.22,0.109313,0.1
2612,4,BSDF Heavy,-1,Medium,1,High,2,8.76974,2007.39,0.0944714,0.1
2613,5,Light Heavy,2,High,2,Low,0,14.9335,3416.81,0.110002,0.1
2614,3,BSDF Heavy,-2,Low,0,High,2,3.98672,919.787,0.047909,0.1
2615,5,BSDF Heavy,0,High,2,High,2,14.9142,3411.6,0.110662,0.1
2616,5,BSDF Heavy,0,High,2,High,2,14.9172,3411,0.110476,0.1
2617,5,BSDF Heavy,0,High,2,High,2,14.9303,3420.35,0.109572,0.1
2618,5,BSDF Heavy,0,High,2,High,2,14.8717,3405.7,0.110027,0.1
2619,5,BSDF Heavy,0,High,2,High,2,14.8766,3409.39,0.109786,0.1
2620,5,BSDF Heavy,0,High,2,High,2,14.8708,3405.16,0.110044,0.1
2621,5,BSDF Heavy,0,High,2,High,2,14.9041,3411.53,0.109853,0.1
2622,5,BSDF Heavy,0,High,2,High,2,14.8611,3401.1,0.110091,0.1
2623,5,Balanced,1,High,2,Medium,1,14.923,3418.87,0.109537,0.1
2624,4,BSDF Heavy,-1,Medium,1,High,2,8.63559,1974.58,0.0941686,0.1
2625,5,BSDF Heavy,0,High,2,High,2,14.8615,3402.69,0.110106,0.1
2626,5,BSDF Heavy,0,High,2,High,2,14.9402,3417.86,0.109767,0.1
2627,5,BSDF Heavy,0,High,2,High,2,14.7948,3387.63,0.110048,0.1
2628,5,Light Heavy,2,High,2,Low,0,14.8066,3389.19,0.109514,0.1
2629,3,Balanced,-1,Low,0,Medium,1,3.97744,919.301,0.047282,0.1
2630,4,Balanced,0,Medium,1,Medium,1,8.62171,1971.91,0.0942303,0.1
2631,4,Balanced,0,Medium,1,Medium,1,8.68657,1986.81,0.0944522,0.1
2632,4,Balanced,0,Medium,1,Medium,1,8.69014,1988.37,0.0941725,0.1
2633,4,Balanced,0,Medium,1,Medium,1,8.6721,1983.68,0.0942612,0.1
2634,4,Balanced,0,Medium,1,Medium,1,8.66014,1982.46,0.0939352,0.1
2635,4,Balanced,0,Medium,1,Medium,1,8.62615,1971.58,0.0942072,0.1
2636,4,Balanced,0,Medium,1,Medium,1,8.67801,1986.51,0.0940355,0.1
2637,4,Balanced,0,Medium,1,Medium,1,8.71752,1995.35,0.0938137,0.1
2638,4,Balanced,0,Medium,1,Medium,1,8.76302,2004.31,0.0945775,0.1
2639,4,Balanced,0,Medium,1,Medium,1,8.6467,1978.42,0.0940664,0.1
2640,4,Balanced,0,Medium,1,Medium,1,8.61882,1971.38,0.0936497,0.1
2641,4,Balanced,0,Medium,1,Medium,1,8.70517,1992.72,0.0944579,0.1
2642,4,Balanced,0,Medium,1,Medium,1,8.74119,2002.03,0.0942033,0.1
2643,4,Balanced,0,Medium,1,Medium,1,8.69032,1991.23,0.0933893,0.1
2644,4,Balanced,0,Medium,1,Medium,1,8.64686,1978.58,0.0943673,0.1
2645,4,Balanced,0,Medium,1,Medium,1,8.63575,1973.75,0.0942226,0.1
2646,4,Balanced,0,Medium,1,Medium,1,8.7298,1998.8,0.0939487,0.1
2647,4,Balanced,0,Medium,1,Medium,1,8.61675,1971.35,0.0937635,0.1
2648,4,Balanced,0,Medium,1,Medium,1,8.6868,1988.56,0.0935455,0.1
2649,4,BSDF Heavy,-1,Medium,1,High,2,8.60991,1968.8,0.094186,0.1
2650,5,Balanced,1,High,2,Medium,1,14.8557,3401.85,0.109797,0.1
2651,4,Balanced,0,Medium,1,Medium,1,8.75877,2004.34,0.0947241,0.1
2652,4,Balanced,0,Medium,1,Medium,1,8.5756,1961.64,0.093669,0.1
2653,4,Balanced,0,Medium,1,Medium,1,8.68763,1988.44,0.0938619,0.1
2654,4,Balanced,0,Medium,1,Medium,1,8.65612,1979.49,0.0941725,0.1
2655,4,Balanced,0,Medium,1,Medium,1,8.63934,1975.83,0.0939448,0.1
2656,4,Balanced,0,Medium,1,Medium,1,8.69738,1990.37,0.0940991,0.1
2657,4,Balanced,0,Medium,1,Medium,1,8.59874,1964.36,0.0939333,0.1
2658,4,Balanced,0,Medium,1,Medium,1,8.71252,1993.3,0.0947917,0.1
2659,4,Balanced,0,Medium,1,Medium,1,8.64717,1977.53,0.0939853,0.1
2660,4,Balanced,0,Medium,1,Medium,1,8.65785,1978.58,0.0945235,0.1
2661,4,Light Heavy,1,Medium,1,Low,0,8.71881,1994.68,0.0941339,0.1
2662,3,Balanced,-1,Low,0,Medium,1,3.88873,897.47,0.0468345,0.1
2663,4,Light Heavy,1,Medium,1,Low,0,8.6966,1990.8,0.0941782,0.1
2664,3,Balanced,-1,Low,0,Medium,1,3.92688,906.859,0.0469213,0.1
2665,4,Light Heavy,1,Medium,1,Low,0,8.70698,1993.29,0.0941088,0.1
2666,3,Balanced,-1,Low,0,Medium,1,3.99877,923.215,0.0474228,0.1
2667,4,Light Heavy,1,Medium,1,Low,0,8.77302,2006.93,0.0953974,0.1
2668,3,Balanced,-1,Low,0,Medium,1,3.94481,910.782,0.0474171,0.1
2669,4,BSDF Heavy,-1,Medium,1,High,2,8.75241,2002.78,0.0943866,0.1
2670,5,Balanced,1,High,2,Medium,1,14.9762,3427.35,0.110426,0.1
2671,4,Balanced,0,Medium,1,Medium,1,8.6908,1986.75,0.0945621,0.1
2672,4,Balanced,0,Medium,1,Medium,1,8.71053,1992.1,0.0945313,0.1
2673,4,Balanced,0,Medium,1,Medium,1,8.70877,1992.45,0.0942728,0.1
2674,4,Balanced,0,Medium,1,Medium,1,8.58366,1962.72,0.0939487,0.1
2675,4,Balanced,0,Medium,1,Medium,1,8.68697,1987.32,0.0941821,0.1
2676,4,BSDF Heavy,-1,Medium,1,High,2,8.69894,1987.94,0.0952758,0.1
2677,5,Balanced,1,High,2,Medium,1,14.8087,3391.76,0.109518,0.1
2678,4,Balanced,0,Medium,1,Medium,1,8.68998,1987.39,0.0942631,0.1
2679,4,Balanced,0,Medium,1,Medium,1,8.66265,1980.8,0.0939969,0.1
2680,4,Light Heavy,1,Medium,1,Low,0,8.68431,1986.44,0.0943557,0.1
2681,3,Balanced,-1,Low,0,Medium,1,3.93427,907.053,0.0476775,0.1
2682,4,Light Heavy,1,Medium,1,Low,0,8.72963,1998.79,0.094483,0.1
2683,3,Balanced,-1,Low,0,Medium,1,3.90659,901.982,0.0468673,0.1
2684,4,Light Heavy,1,Medium,1,Low,0,8.69196,1987.08,0.0947627,0.1
2685,3,Balanced,-1,Low,0,Medium,1,3.96354,915.499,0.0471701,0.1
2686,4,Light Heavy,1,Medium,1,Low,0,8.75177,2003.11,0.0946624,0.1
2687,3,Balanced,-1,Low,0,Medium,1,3.99637,921.698,0.0479572,0.1
2688,4,Light Heavy,1,Medium,1,Low,0,8.71559,1993.12,0.0943615,0.1
2689,3,Balanced,-1,Low,0,Medium,1,3.94608,911.908,0.047336,0.1
2690,4,Light Heavy,1,Medium,1,Low,0,8.71081,1993.87,0.0943345,0.1
2691,3,Balanced,-1,Low,0,Medium,1,3.95585,913.881,0.0469676,0.1
2692,4,Light Heavy,1,Medium,1,Low,0,8.63395,1975.47,0.0943808,0.1
2693,3,Balanced,-1,Low,0,Medium,1,3.97904,917.435,0.0478414,0.1
2694,4,Light Heavy,1,Medium,1,Low,0,8.59263,1965.84,0.0937539,0.1
2695,3,Balanced,-1,Low,0,Medium,1,3.99724,923.258,0.0473225,0.1
2696,4,Light Heavy,1,Medium,1,Low,0,8.64757,1977.55,0.0941686,0.1
2697,3,Balanced,-1,Low,0,Medium,1,3.89627,899.195,0.0470062,0.1
2698,4,Light Heavy,1,Medium,1,Low,0,8.68474,1985.88,0.0946161,0.1
2699,3,Balanced,-1,Low,0,Medium,1,3.93942,909.523,0.0470833,0.1
2700,4,Light Heavy,1,Medium,1,Low,0,8.61481,1971.61,0.0935783,0.1
2701,3,Balanced,-1,Low,0,Medium,1,3.92897,907.037,0.0470274,0.1
2702,4,Light Heavy,1,Medium,1,Low,0,8.74454,2001.46,0.0943846,0.1
2703,3,Balanced,-1,Low,0,Medium,1,4.00786,926.052,0.047419,0.1
2704,7,Light Heavy,1,Medium,1,Low,0,8.73373,1998.61,0.0942284,0.1
2705,6,BSDF Heavy,-2,Low,0,High,2,3.94208,909.857,0.0472859,0.1
2706,8,BSDF Heavy,0,High,2,High,2,14.8331,3396.66,0.110247,0.1
2707,8,BSDF Heavy,0,High,2,High,2,14.9674,3428.12,0.110465,0.1
2708,8,BSDF Heavy,0,High,2,High,2,14.8787,3408.17,0.109715,0.1
2709,8,BSDF Heavy,0,High,2,High,2,14.8173,3392.11,0.109988,0.1
2710,8,BSDF Heavy,0,High,2,High,2,14.8451,3400.24,0.109655,0.1
2711,8,BSDF Heavy,0,High,2,High,2,14.8789,3405.96,0.110181,0.1
2712,8,BSDF Heavy,0,High,2,High,2,14.8235,3391.52,0.109807,0.1
2713,8,BSDF Heavy,0,High,2,High,2,14.8247,3392.82,0.109848,0.1
2714,8,BSDF Heavy,0,High,2,High,2,14.7815,3383.02,0.109444,0.1
2715,8,BSDF Heavy,0,High,2,High,2,14.9346,3419.4,0.110311,0.1
2716,8,BSDF Heavy,0,High,2,High,2,14.867,3401.87,0.109286,0.1
2717,8,BSDF Heavy,0,High,2,High,2,14.9237,3417.15,0.109855,0.1
2718,8,BSDF Heavy,0,High,2,High,2,15.029,3437.46,0.110808,0.1
2719,8,Light Heavy,2,High,2,Low,0,14.9233,3416.44,0.109981,0.1
2720,6,BSDF Heavy,-2,Low,0,High,2,3.97693,918.578,0.0473322,0.1
2721,8,Balanced,1,High,2,Medium,1,14.8964,3412.07,0.110154,0.1
2722,7,BSDF Heavy,-1,Medium,1,High,2,8.64346,1976.41,0.0941609,0.1
2723,8,BSDF Heavy,0,High,2,High,2,14.7859,3385.83,0.109678,0.1
2724,8,BSDF Heavy,0,High,2,High,2,14.814,3390.4,0.109498,0.1
2725,8,BSDF Heavy,0,High,2,High,2,14.8737,3405.32,0.109851,0.1
2726,8,BSDF Heavy,0,High,2,High,2,14.8193,3393.31,0.109911,0.1
2727,8,BSDF Heavy,0,High,2,High,2,14.8124,3391.69,0.109946,0.1
2728,8,BSDF Heavy,0,High,2,High,2,14.8357,3396.87,0.109518,0.1
2729,8,BSDF Heavy,0,High,2,High,2,14.9252,3414.65,0.11059,0.1
2730,8,BSDF Heavy,0,High,2,High,2,14.9269,3416.9,0.109915,0.1
2731,8,BSDF Heavy,0,High,2,High,2,14.827,3397.35,0.109541,0.1
2732,8,BSDF Heavy,0,High,2,High,2,14.8207,3394.96,0.109483,0.1
2733,8,BSDF Heavy,0,High,2,High,2,14.939,3419.33,0.110455,0.1
2734,8,BSDF Heavy,0,High,2,High,2,14.8426,3399.91,0.10985,0.1
2735,8,BSDF Heavy,0,High,2,High,2,14.8905,3409.18,0.110226,0.1
2736,8,BSDF Heavy,0,High,2,High,2,14.8279,3397.05,0.10939,0.1
2737,8,BSDF Heavy,0,High,2,High,2,14.9293,3419.42,0.11043,0.1
2738,8,BSDF Heavy,0,High,2,High,2,14.8211,3393.13,0.109165,0.1
2739,8,BSDF Heavy,0,High,2,High,2,14.8773,3407.05,0.109485,0.1
2740,8,BSDF Heavy,0,High,2,High,2,14.929,3415.49,0.110812,0.1
2741,8,BSDF Heavy,0,High,2,High,2,14.8751,3408.04,0.109884,0.1
2742,8,BSDF Heavy,0,High,2,High,2,14.7633,3380.35,0.109832,0.1
2743,8,BSDF Heavy,0,High,2,High,2,14.865,3404.79,0.109633,0.1
2744,8,BSDF Heavy,0,High,2,High,2,14.8858,3411.53,0.109628,0.1
2745,8,BSDF Heavy,0,High,2,High,2,14.8362,3398.41,0.109568,0.1
2746,8,BSDF Heavy,0,High,2,High,2,14.9282,3418.51,0.110272,0.1
2747,8,Balanced,1,High,2,Medium,1,14.9371,3416.42,0.110463,0.1
2748,7,BSDF Heavy,-1,Medium,1,High,2,8.68379,1986.51,0.0943846,0.1
2749,8,BSDF Heavy,0,High,2,High,2,14.8451,3396.55,0.110569,0.1
2750,8,BSDF Heavy,0,High,2,High,2,14.8884,3407.45,0.109882,0.1
2751,8,Light Heavy,2,High,2,Low,0,14.7994,3387.62,0.109632,0.1
2752,6,BSDF Heavy,-2,Low,0,High,2,3.98356,918.724,0.047608,0.1
2753,8,Light Heavy,2,High,2,Low,0,14.8413,3399.15,0.109356,0.1
2754,6,BSDF Heavy,-2,Low,0,High,2,3.86577,892.555,0.04663,0.1
2755,8,Light Heavy,2,High,2,Low,0,14.8063,3389.16,0.109491,0.1
2756,6,BSDF Heavy,-2,Low,0,High,2,3.94374,911.805,0.0464853,0.1
2757,8,Balanced,1,High,2,Medium,1,14.8591,3402.67,0.110168,0.1
2758,7,BSDF Heavy,-1,Medium,1,High,2,8.6399,1975.93,0.0937731,0.1
2759,8,Balanced,1,High,2,Medium,1,15.0066,3435.08,0.110228,0.1
2760,7,BSDF Heavy,-1,Medium,1,High,2,8.65434,1979.04,0.0943846,0.1
2761,8,Balanced,1,High,2,Medium,1,14.9275,3419.69,0.11028,0.1
2762,7,BSDF Heavy,-1,Medium,1,High,2,8.62212,1973.65,0.0935185,0.1
2763,8,Light Heavy,2,High,2,Low,0,14.7392,3377.16,0.109801,0.1
2764,6,BSDF Heavy,-2,Low,0,High,2,3.8966,899.328,0.0465953,0.1
2765,8,BSDF Heavy,0,High,2,High,2,14.8464,3398.87,0.109456,0.1
2766,8,BSDF Heavy,0,High,2,High,2,14.8674,3405.4,0.109651,0.1
2767,8,BSDF Heavy,0,High,2,High,2,14.9607,3424.72,0.110228,0.1
2768,8,BSDF Heavy,0,High,2,High,2,14.7383,3375.49,0.109745,0.1
2769,8,BSDF Heavy,0,High,2,High,2,14.8563,3399.97,0.110164,0.1
2770,8,BSDF Heavy,0,High,2,High,2,14.838,3394.6,0.110255,0.1
2771,8,BSDF Heavy,0,High,2,High,2,14.957,3423.34,0.110509,0.1
2772,8,BSDF Heavy,0,High,2,High,2,14.9328,3415.98,0.11027,0.1
2773,8,BSDF Heavy,0,High,2,High,2,14.873,3406.55,0.109878,0.1
2774,8,BSDF Heavy,0,High,2,High,2,14.7768,3382.65,0.110027,0.1
2775,8,BSDF Heavy,0,High,2,High,2,14.8842,3404.55,0.110214,0.1
2776,8,BSDF Heavy,0,High,2,High,2,14.8474,3399.2,0.109718,0.1
2777,8,BSDF Heavy,0,High,2,High,2,14.8372,3396.01,0.109377,0.1
2778,8,BSDF Heavy,0,High,2,High,2,14.7579,3381.88,0.109192,0.1
2779,8,BSDF Heavy,0,High,2,High,2,14.8301,3395.7,0.110019,0.1
2780,8,BSDF Heavy,0,High,2,High,2,14.9158,3414.49,0.109805,0.1
2781,8,BSDF Heavy,0,High,2,High,2,14.9157,3413.12,0.110565,0.1
2782,8,BSDF Heavy,0,High,2,High,2,14.8072,3388.7,0.109859,0.1
2783,8,BSDF Heavy,0,High,2,High,2,14.8881,3407.6,0.11022,0.1
2784,8,BSDF Heavy,0,High,2,High,2,14.9372,3420.89,0.110592,0.1
2785,8,BSDF Heavy,0,High,2,High,2,14.9104,3414.57,0.109871,0.1
2786,8,BSDF Heavy,0,High,2,High,2,14.7936,3387.99,0.109549,0.1
2787,8,BSDF Heavy,0,High,2,High,2,14.9131,3411.1,0.110309,0.1
2788,8,BSDF Heavy,0,High,2,High,2,14.8578,3400.96,0.109753,0.1
2789,8,BSDF Heavy,0,High,2,High,2,14.7881,3386.58,0.109875,0.1
2790,8,BSDF Heavy,0,High,2,High,2,14.929,3419.98,0.11011,0.1
2791,8,BSDF Heavy,0,High,2,High,2,14.7796,3383.35,0.109255,0.1
2792,8,BSDF Heavy,0,High,2,High,2,14.8842,3407.22,0.110162,0.1
2793,8,BSDF Heavy,0,High,2,High,2,14.7917,3388.21,0.109144,0.1
2794,8,BSDF Heavy,0,High,2,High,2,14.8443,3398.68,0.110158,0.1
2795,8,BSDF Heavy,0,High,2,High,2,14.9155,3414.38,0.110183,0.1
2796,8,BSDF Heavy,0,High,2,High,2,14.9061,3412.76,0.110042,0.1
2797,8,BSDF Heavy,0,High,2,High,2,14.8648,3403.22,0.109973,0.1
2798,8,BSDF Heavy,0,High,2,High,2,14.8632,3401.59,0.10962,0.1
2799,8,BSDF Heavy,0,High,2,High,2,14.8875,3408.92,0.109942,0.1
2800,8,BSDF Heavy,0,High,2,High,2,14.853,3402.05,0.109832,0.1
2801,8,Light Heavy,2,High,2,Low,0,14.9455,3421.16,0.110004,0.1
2802,6,BSDF Heavy,-2,Low,0,High,2,3.89049,898.785,0.0464545,0.1
2803,8,Balanced,1,High,2,Medium,1,15.0769,3448.93,0.110436,0.1
2804,7,BSDF Heavy,-1,Medium,1,High,2,8.65742,1981.19,0.0941242,0.1
2805,8,Light Heavy,2,High,2,Low,0,14.8223,3395.8,0.109894,0.1
2806,6,Light Heavy,0,Low,0,Low,0,3.94916,913.408,0.0465991,0.1
2807,6,Light Heavy,0,Low,0,Low,0,3.96022,913.776,0.0473611,0.1
2808,6,Light Heavy,0,Low,0,Low,0,3.96064,914.645,0.0472357,0.1
2809,6,Light Heavy,0,Low,0,Low,0,3.95446,912.917,0.0473476,0.1
2810,6,Light Heavy,0,Low,0,Low,0,3.9848,921.073,0.0470833,0.1
2811,6,BSDF Heavy,-2,Low,0,High,2,3.91538,902.268,0.0470062,0.1
2812,8,Light Heavy,2,High,2,Low,0,14.7707,3380.64,0.109647,0.1
2813,6,BSDF Heavy,-2,Low,0,High,2,3.9754,917.948,0.0474595,0.1
2814,8,BSDF Heavy,0,High,2,High,2,14.8878,3407,0.110002,0.1
2815,8,BSDF Heavy,0,High,2,High,2,14.8367,3395.6,0.109531,0.1
2816,8,BSDF Heavy,0,High,2,High,2,14.8902,3409.62,0.110021,0.1
2817,8,BSDF Heavy,0,High,2,High,2,14.8093,3389.88,0.109915,0.1
2818,8,BSDF Heavy,0,High,2,High,2,14.8745,3403.07,0.110397,0.1
2819,8,BSDF Heavy,0,High,2,High,2,14.8337,3395.75,0.109961,0.1
2820,8,BSDF Heavy,0,High,2,High,2,14.8913,3410.45,0.110077,0.1
2821,8,BSDF Heavy,0,High,2,High,2,14.9231,3418.2,0.109942,0.1
2822,8,BSDF Heavy,0,High,2,High,2,14.8684,3402.86,0.109454,0.1
2823,8,BSDF Heavy,0,High,2,High,2,14.9709,3427.32,0.11039,0.1
2824,8,BSDF Heavy,0,High,2,High,2,14.8596,3403.51,0.109757,0.1
2825,8,BSDF Heavy,0,High,2,High,2,14.8527,3401.49,0.109385,0.1
2826,8,BSDF Heavy,0,High,2,High,2,14.9335,3417.66,0.110484,0.1
2827,8,BSDF Heavy,0,High,2,High,2,14.9351,3418.18,0.110282,0.1
2828,8,BSDF Heavy,0,High,2,High,2,14.8957,3408.01,0.110023,0.1
2829,8,BSDF Heavy,0,High,2,High,2,14.8166,3395.7,0.109408,0.1
2830,8,BSDF Heavy,0,High,2,High,2,14.9086,3410.81,0.109811,0.1
2831,8,BSDF Heavy,0,High,2,High,2,14.9257,3416.41,0.109996,0.1
2832,8,BSDF Heavy,0,High,2,High,2,14.9194,3415.03,0.110189,0.1
2833,8,BSDF Heavy,0,High,2,High,2,14.7811,3383.1,0.109601,0.1
2834,8,BSDF Heavy,0,High,2,High,2,14.877,3406.02,0.11016,0.1
2835,8,BSDF Heavy,0,High,2,High,2,14.9265,3418.9,0.109969,0.1
2836,8,BSDF Heavy,0,High,2,High,2,14.8391,3397.49,0.1095,0.1
2837,8,BSDF Heavy,0,High,2,High,2,14.9197,3415.42,0.109772,0.1
2838,8,BSDF Heavy,0,High,2,High,2,14.824,3395.08,0.109707,0.1
2839,8,BSDF Heavy,0,High,2,High,2,14.8649,3402.13,0.109676,0.1
2840,8,BSDF Heavy,0,High,2,High,2,14.9417,3420.09,0.110162,0.1
2841,8,BSDF Heavy,0,High,2,High,2,14.7935,3388.22,0.10929,0.1
2842,8,Balanced,1,High,2,Medium,1,14.8497,3398.86,0.109709,0.1
2843,7,BSDF Heavy,-1,Medium,1,High,2,8.76921,2005.32,0.094701,0.1
2844,8,Light Heavy,2,High,2,Low,0,14.8396,3398.68,0.110008,0.1
2845,6,BSDF Heavy,-2,Low,0,High,2,3.9325,906.995,0.0471933,0.1
2846,8,Light Heavy,2,High,2,Low,0,14.8399,3397.4,0.10994,0.1
2847,6,BSDF Heavy,-2,Low,0,High,2,3.95087,910.629,0.0475752,0.1
2848,8,BSDF Heavy,0,High,2,High,2,14.9042,3412.27,0.109792,0.1
2849,8,BSDF Heavy,0,High,2,High,2,14.8284,3395.75,0.109645,0.1
2850,8,BSDF Heavy,0,High,2,High,2,14.8322,3397.1,0.109587,0.1
2851,8,BSDF Heavy,0,High,2,High,2,14.7879,3384.63,0.109618,0.1
2852,8,BSDF Heavy,0,High,2,High,2,14.9474,3419.05,0.11037,0.1
2853,8,BSDF Heavy,0,High,2,High,2,14.9235,3416.07,0.110463,0.1
2854,8,BSDF Heavy,0,High,2,High,2,14.799,3387.08,0.109851,0.1
2855,8,BSDF Heavy,0,High,2,High,2,14.9119,3414,0.110054,0.1
2856,8,BSDF Heavy,0,High,2,High,2,14.8104,3392,0.109275,0.1
2857,8,BSDF Heavy,0,High,2,High,2,14.8935,3407.73,0.110268,0.1
2858,8,BSDF Heavy,0,High,2,High,2,14.8398,3397.38,0.110023,0.1
2859,8,BSDF Heavy,0,High,2,High,2,14.8032,3390.09,0.109236,0.1
2860,8,BSDF Heavy,0,High,2,High,2,14.8086,3393.11,0.109437,0.1
2861,8,BSDF Heavy,0,High,2,High,2,14.9107,3414.06,0.110253,0.1
2862,8,Light Heavy,2,High,2,Low,0,15.0088,3433.08,0.110617,0.1
2863,6,BSDF Heavy,-2,Low,0,High,2,3.9131,901.363,0.0472415,0.1
2864,8,Balanced,1,High,2,Medium,1,14.8647,3403.4,0.109769,0.1
2865,7,BSDF Heavy,-1,Medium,1,High,2,8.62941,1973.68,0.0935687,0.1
2866,8,Balanced,1,High,2,Medium,1,14.8618,3402.86,0.110035,0.1
2867,7,BSDF Heavy,-1,Medium,1,High,2,8.75666,2005.77,0.0939853,0.1
2868,8,BSDF Heavy,0,High,2,High,2,14.7493,3379.42,0.109205,0.1
2869,8,BSDF Heavy,0,High,2,High,2,14.8186,3393.42,0.109782,0.1
2870,8,Light Heavy,2,High,2,Low,0,14.9521,3422.19,0.109917,0.1
2871,6,BSDF Heavy,-2,Low,0,High,2,3.90466,901.797,0.0464815,0.1
2872,8,BSDF Heavy,0,High,2,High,2,14.9428,3419.2,0.110145,0.1
2873,8,BSDF Heavy,0,High,2,High,2,14.918,3415.37,0.110673,0.1
2874,8,Balanced,1,High,2,Medium,1,15.0117,3435.72,0.110671,0.1
2875,7,BSDF Heavy,-1,Medium,1,High,2,8.64221,1977.34,0.0936979,0.1
2876,8,BSDF Heavy,0,High,2,High,2,14.9064,3412,0.11039,0.1
2877,8,BSDF Heavy,0,High,2,High,2,14.9538,3422.93,0.110534,0.1
2878,8,BSDF Heavy,0,High,2,High,2,14.934,3417.89,0.110255,0.1
2879,8,BSDF Heavy,0,High,2,High,2,14.929,3415.65,0.110639,0.1
2880,8,Light Heavy,2,High,2,Low,0,14.8615,3405.19,0.109504,0.1
2881,6,BSDF Heavy,-2,Low,0,High,2,3.96596,915.362,0.0472068,0.1
2882,8,Light Heavy,2,High,2,Low,0,14.8912,3408.49,0.110054,0.1
2883,6,BSDF Heavy,-2,Low,0,High,2,3.91447,904.347,0.0467901,0.1
2884,8,Balanced,1,High,2,Medium,1,14.8947,3411.23,0.110176,0.1
2885,7,BSDF Heavy,-1,Medium,1,High,2,8.64542,1977.92,0.0942033,0.1
2886,8,Balanced,1,High,2,Medium,1,14.7799,3384.45,0.109338,0.1
2887,7,BSDF Heavy,-1,Medium,1,High,2,8.73597,2000.96,0.0938927,0.1
2888,8,Balanced,1,High,2,Medium,1,14.9336,3418.57,0.109952,0.1
2889,7,BSDF Heavy,-1,Medium,1,High,2,8.69269,1990.36,0.0936555,0.1
2890,8,Balanced,1,High,2,Medium,1,14.8925,3409.97,0.109799,0.1
2891,7,BSDF Heavy,-1,Medium,1,High,2,8.62935,1974.85,0.0940027,0.1
2892,8,Balanced,1,High,2,Medium,1,14.9303,3418.51,0.110123,0.1
2893,7,BSDF Heavy,-1,Medium,1,High,2,8.69026,1986.83,0.0949672,0.1
2894,8,Balanced,1,High,2,Medium,1,14.9707,3428.31,0.110087,0.1
2895,7,BSDF Heavy,-1,Medium,1,High,2,8.69594,1989.98,0.0945505,0.1
2896,8,BSDF Heavy,0,High,2,High,2,14.9411,3419.88,0.110602,0.1
2897,8,BSDF Heavy,0,High,2,High,2,14.9361,3419.96,0.109726,0.1
2898,8,BSDF Heavy,0,High,2,High,2,14.8515,3400.43,0.110006,0.1
2899,8,BSDF Heavy,0,High,2,High,2,14.927,3416.22,0.110399,0.1
2900,8,BSDF Heavy,0,High,2,High,2,14.9448,3423.11,0.110486,0.1
2901,8,BSDF Heavy,0,High,2,High,2,14.8758,3406.63,0.110519,0.1
2902,8,BSDF Heavy,0,High,2,High,2,14.9502,3420.03,0.110309,0.1
2903,8,BSDF Heavy,0,High,2,High,2,14.7959,3390.6,0.109531,0.1
2904,8,BSDF Heavy,0,High,2,High,2,14.857,3400.95,0.110332,0.1
2905,8,BSDF Heavy,0,High,2,High,2,14.8371,3398.23,0.109192,0.1
2906,8,BSDF Heavy,0,High,2,High,2,14.9389,3420.61,0.109846,0.1
2907,8,BSDF Heavy,0,High,2,High,2,14.9498,3422.39,0.110349,0.1
2908,8,BSDF Heavy,0,High,2,High,2,14.8496,3399.29,0.10962,0.1
2909,8,BSDF Heavy,0,High,2,High,2,14.82,3393.99,0.109477,0.1
2910,8,BSDF Heavy,0,High,2,High,2,14.916,3414.06,0.110039,0.1
2911,8,BSDF Heavy,0,High,2,High,2,14.8545,3400.2,0.109805,0.1
2912,8,BSDF Heavy,0,High,2,High,2,14.7881,3387.78,0.109207,0.1
2913,8,Balanced,1,High,2,Medium,1,14.9257,3416.36,0.109578,0.1
2914,7,BSDF Heavy,-1,Medium,1,High,2,8.67174,1984.15,0.0944194,0.1
2915,8,Balanced,1,High,2,Medium,1,14.968,3428.03,0.110409,0.1
2916,7,BSDF Heavy,-1,Medium,1,High,2,8.62366,1970.93,0.0940336,0.1
2917,8,BSDF Heavy,0,High,2,High,2,14.8824,3407.55,0.109757,0.1
2918,8,BSDF Heavy,0,High,2,High,2,14.8836,3406.43,0.109736,0.1
2919,8,Light Heavy,2,High,2,Low,0,14.8572,3402.82,0.10985,0.1
2920,6,BSDF Heavy,-2,Low,0,High,2,3.90517,900.546,0.0472878,0.1
2921,8,Light Heavy,2,High,2,Low,0,14.8921,3406.1,0.110079,0.1
2922,6,BSDF Heavy,-2,Low,0,High,2,3.93396,908.122,0.047392,0.1
2923,8,BSDF Heavy,0,High,2,High,2,14.9934,3429.34,0.110849,0.1
2924,8,BSDF Heavy,0,High,2,High,2,14.8451,3398.62,0.109927,0.1
2925,8,BSDF Heavy,0,High,2,High,2,14.8833,3408.97,0.109649,0.1
2926,8,BSDF Heavy,0,High,2,High,2,14.8417,3399.3,0.109562,0.1
2927,8,BSDF Heavy,0,High,2,High,2,14.9642,3424.41,0.110527,0.1
2928,8,BSDF Heavy,0,High,2,High,2,14.8395,3398.01,0.110253,0.1
2929,8,BSDF Heavy,0,High,2,High,2,14.8429,3399.19,0.109506,0.1
2930,8,BSDF Heavy,0,High,2,High,2,14.8805,3407.7,0.110191,0.1
2931,8,BSDF Heavy,0,High,2,High,2,14.8443,3398.94,0.109531,0.1
2932,8,BSDF Heavy,0,High,2,High,2,14.9509,3422.69,0.109751,0.1
2933,8,BSDF Heavy,0,High,2,High,2,14.8146,3394.36,0.109498,0.1
2934,8,BSDF Heavy,0,High,2,High,2,14.9683,3426.78,0.109898,0.1
2935,8,BSDF Heavy,0,High,2,High,2,14.8533,3399.64,0.109477,0.1
2936,8,BSDF Heavy,0,High,2,High,2,14.8423,3397.02,0.109832,0.1
2937,8,BSDF Heavy,0,High,2,High,2,14.9319,3416.19,0.110154,0.1
2938,8,BSDF Heavy,0,High,2,High,2,15.0267,3437.83,0.11088,0.1
2939,8,BSDF Heavy,0,High,2,High,2,14.9477,3422.47,0.109873,0.1
2940,8,BSDF Heavy,0,High,2,High,2,14.9284,3418.74,0.110199,0.1
2941,8,BSDF Heavy,0,High,2,High,2,14.8942,3410.44,0.109261,0.1
2942,8,BSDF Heavy,0,High,2,High,2,14.8849,3407.54,0.110542,0.1
2943,8,BSDF Heavy,0,High,2,High,2,14.8707,3404.72,0.110289,0.1
2944,8,Balanced,1,High,2,Medium,1,14.9244,3417.42,0.109892,0.1
2945,7,BSDF Heavy,-1,Medium,1,High,2,8.7675,2003.73,0.0950405,0.1
2946,8,Light Heavy,2,High,2,Low,0,14.9478,3419.91,0.110301,0.1
2947,6,BSDF Heavy,-2,Low,0,High,2,3.90781,901.582,0.0473978,0.1
2948,8,Balanced,1,High,2,Medium,1,14.8405,3399.68,0.109923,0.1
2949,7,BSDF Heavy,-1,Medium,1,High,2,8.80581,2014.9,0.0944174,0.1
2950,8,Balanced,1,High,2,Medium,1,14.8649,3401.26,0.110407,0.1
2951,7,BSDF Heavy,-1,Medium,1,High,2,8.73891,1999.14,0.094838,0.1
2952,8,BSDF Heavy,0,High,2,High,2,14.9188,3414.6,0.109967,0.1
2953,8,BSDF Heavy,0,High,2,High,2,14.9836,3429.74,0.110353,0.1
2954,8,BSDF Heavy,0,High,2,High,2,14.9345,3416.89,0.110505,0.1
2955,8,BSDF Heavy,0,High,2,High,2,14.8453,3396.64,0.109981,0.1
2956,8,BSDF Heavy,0,High,2,High,2,14.9109,3417.2,0.109703,0.1
2957,8,BSDF Heavy,0,High,2,High,2,14.8383,3398.36,0.109705,0.1
2958,8,BSDF Heavy,0,High,2,High,2,14.7803,3381.6,0.11026,0.1
2959,8,BSDF Heavy,0,High,2,High,2,14.9665,3427.55,0.110264,0.1
2960,8,BSDF Heavy,0,High,2,High,2,14.9061,3411.96,0.11017,0.1
2961,8,BSDF Heavy,0,High,2,High,2,14.915,3411.22,0.110592,0.1
2962,8,BSDF Heavy,0,High,2,High,2,14.7864,3382.56,0.109983,0.1
2963,8,BSDF Heavy,0,High,2,High,2,14.9372,3418.89,0.110231,0.1
2964,8,BSDF Heavy,0,High,2,High,2,14.9349,3419.84,0.109599,0.1
2965,8,BSDF Heavy,0,High,2,High,2,14.8531,3402.66,0.110012,0.1
2966,8,BSDF Heavy,0,High,2,High,2,14.9244,3415.06,0.110569,0.1
2967,8,BSDF Heavy,0,High,2,High,2,14.9063,3414.56,0.10995,0.1
2968,8,BSDF Heavy,0,High,2,High,2,14.9324,3418.11,0.110463,0.1
2969,8,BSDF Heavy,0,High,2,High,2,14.8653,3404.19,0.109958,0.1
2970,8,BSDF Heavy,0,High,2,High,2,14.8305,3395.03,0.10956,0.1
2971,8,BSDF Heavy,0,High,2,High,2,14.8892,3407.64,0.110216,0.1
2972,8,BSDF Heavy,0,High,2,High,2,14.811,3390.04,0.109354,0.1
2973,8,BSDF Heavy,0,High,2,High,2,14.8128,3389.34,0.10972,0.1
2974,8,Balanced,1,High,2,Medium,1,14.9383,3420.62,0.109952,0.1
2975,7,BSDF Heavy,-1,Medium,1,High,2,8.61482,1971.34,0.09386,0.1
2976,8,Light Heavy,2,High,2,Low,0,14.7946,3387.75,0.109481,0.1
2977,6,BSDF Heavy,-2,Low,0,High,2,3.90411,900.466,0.0471701,0.1
2978,8,BSDF Heavy,0,High,2,High,2,14.9294,3417.32,0.109769,0.1
2979,8,BSDF Heavy,0,High,2,High,2,14.9123,3414.19,0.110341,0.1
2980,8,BSDF Heavy,0,High,2,High,2,14.914,3414.35,0.109884,0.1
2981,8,BSDF Heavy,0,High,2,High,2,14.8952,3409.59,0.10999,0.1
2982,8,BSDF Heavy,0,High,2,High,2,14.8546,3400.79,0.109832,0.1
2983,8,BSDF Heavy,0,High,2,High,2,14.9461,3419.27,0.11065,0.1
2984,8,BSDF Heavy,0,High,2,High,2,14.8014,3387.69,0.109859,0.1
2985,8,BSDF Heavy,0,High,2,High,2,14.8921,3409.1,0.110285,0.1
2986,8,BSDF Heavy,0,High,2,High,2,14.8191,3394.4,0.109676,0.1
2987,8,Light Heavy,2,High,2,Low,0,14.9923,3430.03,0.110841,0.1
2988,6,BSDF Heavy,-2,Low,0,High,2,3.95335,911.999,0.0472396,0.1
2989,8,Light Heavy,2,High,2,Low,0,14.8505,3401.35,0.109929,0.1
2990,6,BSDF Heavy,-2,Low,0,High,2,3.96005,914.187,0.0469252,0.1
2991,8,Balanced,1,High,2,Medium,1,14.8983,3411.04,0.109653,0.1
2992,7,BSDF Heavy,-1,Medium,1,High,2,8.65015,1978.93,0.0944714,0.1
2993,8,Balanced,1,High,2,Medium,1,14.897,3412.16,0.10972,0.1
2994,7,BSDF Heavy,-1,Medium,1,High,2,8.75314,2002.8,0.0945949,0.1
2995,8,BSDF Heavy,0,High,2,High,2,14.8071,3394.28,0.109562,0.1
2996,8,BSDF Heavy,0,High,2,High,2,14.9142,3413.16,0.110214,0.1
2997,8,BSDF Heavy,0,High,2,High,2,14.9125,3416.03,0.109936,0.1
2998,8,BSDF Heavy,0,High,2,High,2,14.8583,3400.95,0.109938,0.1
2999,8,BSDF Heavy,0,High,2,High,2,14.7949,3388.7,0.109313,0.1
3000,8,BSDF Heavy,0,High,2,High,2,14.9256,3416.58,0.110596,0.1
3001,8,BSDF Heavy,0,High,2,High,2,14.8465,3397.3,0.110257,0.1
3002,8,BSDF Heavy,0,High,2,High,2,14.8665,3401.72,0.110147,0.1
3003,8,BSDF Heavy,0,High,2,High,2,14.8465,3401.76,0.109626,0.1
3004,8,BSDF Heavy,0,High,2,High,2,14.9653,3423.61,0.110517,0.1
3005,8,BSDF Heavy,0,High,2,High,2,14.8773,3405.92,0.109755,0.1
3006,8,BSDF Heavy,0,High,2,High,2,14.8474,3398.85,0.109836,0.1
3007,8,BSDF Heavy,0,High,2,High,2,14.8926,3409.09,0.109967,0.1
3008,8,BSDF Heavy,0,High,2,High,2,14.9117,3412.98,0.110096,0.1
3009,8,BSDF Heavy,0,High,2,High,2,14.7718,3382.36,0.109252,0.1
3010,8,BSDF Heavy,0,High,2,High,2,14.7995,3389.37,0.109514,0.1
3011,8,BSDF Heavy,0,High,2,High,2,15.0621,3444.4,0.111397,0.1
3012,8,BSDF Heavy,0,High,2,High,2,14.8819,3404.66,0.110502,0.1
3013,8,BSDF Heavy,0,High,2,High,2,14.8122,3390.38,0.109828,0.1
3014,8,BSDF Heavy,0,High,2,High,2,14.8703,3405.11,0.109485,0.1
3015,8,BSDF Heavy,0,High,2,High,2,14.8099,3392.62,0.109603,0.1
3016,8,BSDF Heavy,0,High,2,High,2,14.8434,3399.64,0.110091,0.1
3017,8,BSDF Heavy,0,High,2,High,2,14.8045,3389.57,0.110156,0.1
3018,8,BSDF Heavy,0,High,2,High,2,14.901,3412.79,0.110096,0.1
3019,8,BSDF Heavy,0,High,2,High,2,14.8416,3399.9,0.10925,0.1
3020,8,BSDF Heavy,0,High,2,High,2,14.8751,3406.71,0.109873,0.1
3021,8,BSDF Heavy,0,High,2,High,2,14.9328,3416.32,0.110656,0.1
3022,8,BSDF Heavy,0,High,2,High,2,14.8123,3389.45,0.110141,0.1
3023,8,BSDF Heavy,0,High,2,High,2,14.9078,3414.23,0.109522,0.1
3024,8,BSDF Heavy,0,High,2,High,2,14.9297,3418.64,0.110301,0.1
3025,8,BSDF Heavy,0,High,2,High,2,14.8375,3394.79,0.110611,0.1
3026,8,BSDF Heavy,0,High,2,High,2,14.9619,3423.61,0.110135,0.1
3027,8,BSDF Heavy,0,High,2,High,2,14.9183,3414.67,0.110019,0.1
3028,8,BSDF Heavy,0,High,2,High,2,14.812,3393.68,0.109286,0.1
3029,8,BSDF Heavy,0,High,2,High,2,14.791,3386.73,0.109579,0.1
3030,8,BSDF Heavy,0,High,2,High,2,14.8331,3396.7,0.109142,0.1
3031,8,BSDF Heavy,0,High,2,High,2,14.7889,3388.9,0.109491,0.1
3032,8,BSDF Heavy,0,High,2,High,2,14.8897,3407.94,0.110351,0.1
3033,8,BSDF Heavy,0,High,2,High,2,14.7951,3387.9,0.109277,0.1
3034,8,BSDF Heavy,0,High,2,High,2,14.9049,3410.12,0.110311,0.1
3035,8,BSDF Heavy,0,High,2,High,2,14.8497,3400.38,0.10983,0.1
3036,8,BSDF Heavy,0,High,2,High,2,14.8586,3403.14,0.109824,0.1
3037,8,BSDF Heavy,0,High,2,High,2,14.8529,3398.94,0.109657,0.1
3038,8,BSDF Heavy,0,High,2,High,2,14.8575,3403.74,0.109379,0.1
3039,8,BSDF Heavy,0,High,2,High,2,14.9177,3416.35,0.110041,0.1
3040,8,BSDF Heavy,0,High,2,High,2,14.877,3406.51,0.110756,0.1
3041,8,BSDF Heavy,0,High,2,High,2,14.8747,3406.32,0.109462,0.1
3042,8,BSDF Heavy,0,High,2,High,2,14.8372,3396.22,0.110168,0.1
3043,8,BSDF Heavy,0,High,2,High,2,14.9232,3417.3,0.109815,0.1
3044,8,BSDF Heavy,0,High,2,High,2,14.9254,3415.08,0.110282,0.1
3045,8,BSDF Heavy,0,High,2,High,2,14.8905,3408.36,0.109842,0.1
3046,8,BSDF Heavy,0,High,2,High,2,14.8569,3398.94,0.110199,0.1
3047,8,BSDF Heavy,0,High,2,High,2,14.9148,3416.46,0.109711,0.1
3048,8,Light Heavy,2,High,2,Low,0,14.8634,3403.25,0.109975,0.1
3049,6,BSDF Heavy,-2,Low,0,High,2,3.90881,900.58,0.0474788,0.1
3050,8,BSDF Heavy,0,High,2,High,2,14.8704,3404.58,0.109956,0.1
3051,8,BSDF Heavy,0,High,2,High,2,14.8597,3402.1,0.109842,0.1
3052,8,BSDF Heavy,0,High,2,High,2,14.9882,3430.49,0.110314,0.1
3053,8,BSDF Heavy,0,High,2,High,2,14.8907,3406.26,0.110326,0.1
3054,8,BSDF Heavy,0,High,2,High,2,14.9482,3422.21,0.110465,0.1
3055,8,BSDF Heavy,0,High,2,High,2,14.899,3409.55,0.110243,0.1
3056,8,Light Heavy,2,High,2,Low,0,14.9008,3407.87,0.110164,0.1
3057,6,BSDF Heavy,-2,Low,0,High,2,3.88722,897.445,0.0468441,0.1
3058,8,Light Heavy,2,High,2,Low,0,14.8307,3395.34,0.110133,0.1
3059,6,BSDF Heavy,-2,Low,0,High,2,3.93073,907.534,0.0470737,0.1
3060,8,Balanced,1,High,2,Medium,1,14.8512,3400.03,0.109637,0.1
3061,7,BSDF Heavy,-1,Medium,1,High,2,8.70724,1991.17,0.0942978,0.1
3062,8,Balanced,1,High,2,Medium,1,14.8972,3411.91,0.110538,0.1
3063,7,BSDF Heavy,-1,Medium,1,High,2,8.66194,1979.17,0.0946026,0.1
3064,8,BSDF Heavy,0,High,2,High,2,14.9186,3415.57,0.110019,0.1
3065,8,Balanced,1,High,2,Medium,1,14.8365,3395.97,0.109873,0.1
3066,7,Light Heavy,1,Medium,1,Low,0,8.74188,1999.89,0.095054,0.1
3067,6,Light Heavy,0,Low,0,Low,0,3.96053,915.164,0.0471412,0.1
3068,6,Balanced,-1,Low,0,Medium,1,3.94109,909.417,0.0471663,0.1
3069,7,Balanced,0,Medium,1,Medium,1,8.63469,1972.98,0.0946142,0.1
3070,7,Light Heavy,1,Medium,1,Low,0,8.63869,1974.74,0.0940143,0.1
3071,6,Light Heavy,0,Low,0,Low,0,3.96783,915.712,0.0472724,0.1
3072,6,Light Heavy,0,Low,0,Low,0,3.98735,921.828,0.0472589,0.1
3073,6,Light Heavy,0,Low,0,Low,0,3.94713,911.214,0.0472897,0.1
3074,6,Light Heavy,0,Low,0,Low,0,3.96288,916.147,0.0471894,0.1
3075,6,Light Heavy,0,Low,0,Low,0,3.95291,912.79,0.0472377,0.1
3076,6,Light Heavy,0,Low,0,Low,0,3.93626,907.598,0.0474035,0.1
3077,6,Balanced,-1,Low,0,Medium,1,3.94233,910.901,0.0468673,0.1
3078,7,Light Heavy,1,Medium,1,Low,0,8.66101,1980.59,0.0943943,0.1
3079,6,Light Heavy,0,Low,0,Low,0,3.88746,896.759,0.0471238,0.1
3080,6,Light Heavy,0,Low,0,Low,0,3.92851,905.661,0.0473399,0.1
3081,6,Light Heavy,0,Low,0,Low,0,3.95788,914.325,0.047147,0.1
3082,6,Light Heavy,0,Low,0,Low,0,3.89504,899.016,0.0469946,0.1
3083,6,Light Heavy,0,Low,0,Low,0,3.94253,909.781,0.0470428,0.1
3084,6,Light Heavy,0,Low,0,Low,0,3.94213,910.443,0.0470467,0.1
3085,6,Light Heavy,0,Low,0,Low,0,3.90043,899.574,0.0465876,0.1
3086,6,Light Heavy,0,Low,0,Low,0,3.85841,890.214,0.0466262,0.1
3087,6,Light Heavy,0,Low,0,Low,0,3.985,918.945,0.0475463,0.1
3088,6,Light Heavy,0,Low,0,Low,0,3.93156,907.254,0.0473283,0.1
3089,6,Light Heavy,0,Low,0,Low,0,3.96874,916.89,0.047037,0.1
3090,6,Light Heavy,0,Low,0,Low,0,3.97688,918.976,0.0471547,0.1
3091,6,Light Heavy,0,Low,0,Low,0,4.01831,929.345,0.0473843,0.1
3092,6,Light Heavy,0,Low,0,Low,0,3.95813,914.799,0.0471489,0.1
3093,6,Light Heavy,0,Low,0,Low,0,3.93198,907.917,0.046956,0.1
3094,6,Light Heavy,0,Low,0,Low,0,3.83324,883.27,0.046495,0.1
3095,6,Light Heavy,0,Low,0,Low,0,3.91581,903.652,0.0468557,0.1
3096,6,Light Heavy,0,Low,0,Low,0,3.9224,906.285,0.0467689,0.1
3097,6,Light Heavy,0,Low,0,Low,0,3.9968,923.357,0.0473167,0.1
3098,6,Light Heavy,0,Low,0,Low,0,3.9745,918.359,0.0472627,0.1
3099,6,BSDF Heavy,-2,Low,0,High,2,4.01208,928.416,0.0471586,0.1
3100,8,Light Heavy,2,High,2,Low,0,14.8233,3393.03,0.110233,0.1
3101,6,BSDF Heavy,-2,Low,0,High,2,3.95289,912.443,0.0471701,0.1
3102,8,Light Heavy,2,High,2,Low,0,14.8342,3394.9,0.10956,0.1
3103,6,BSDF Heavy,-2,Low,0,High,2,3.88238,895.193,0.0468885,0.1
3104,8,BSDF Heavy,0,High,2,High,2,14.9568,3425.94,0.109088,0.1
3105,8,BSDF Heavy,0,High,2,High,2,14.9454,3417.94,0.110584,0.1
3106,8,BSDF Heavy,0,High,2,High,2,14.8301,3393.2,0.109591,0.1
3107,8,BSDF Heavy,0,High,2,High,2,14.9129,3414.77,0.110108,0.1
3108,8,BSDF Heavy,0,High,2,High,2,14.8907,3410.58,0.109601,0.1
3109,8,BSDF Heavy,0,High,2,High,2,14.9351,3419.75,0.110249,0.1
3110,8,BSDF Heavy,0,High,2,High,2,14.872,3402.87,0.109892,0.1
3111,8,BSDF Heavy,0,High,2,High,2,14.9249,3417.03,0.110193,0.1
3112,8,Balanced,1,High,2,Medium,1,14.8171,3393.82,0.110089,0.1
3113,7,BSDF Heavy,-1,Medium,1,High,2,8.69249,1987.24,0.0948071,0.1
3114,8,Light Heavy,2,High,2,Low,0,14.9484,3420.92,0.110247,0.1
3115,6,BSDF Heavy,-2,Low,0,High,2,3.96436,916.424,0.0468673,0.1
3116,8,Light Heavy,2,High,2,Low,0,14.8971,3409.22,0.110613,0.1
3117,6,BSDF Heavy,-2,Low,0,High,2,3.9535,912.724,0.0475289,0.1
3118,8,Balanced,1,High,2,Medium,1,15.0046,3435.31,0.110507,0.1
3119,7,BSDF Heavy,-1,Medium,1,High,2,8.71107,1993,0.0936651,0.1
3120,8,BSDF Heavy,0,High,2,High,2,14.8374,3396.42,0.10999,0.1
3121,8,BSDF Heavy,0,High,2,High,2,14.9228,3413.78,0.109767,0.1
3122,8,BSDF Heavy,0,High,2,High,2,14.8994,3411.38,0.109994,0.1
3123,8,BSDF Heavy,0,High,2,High,2,14.8186,3393.05,0.109655,0.1
3124,8,BSDF Heavy,0,High,2,High,2,14.8431,3397.98,0.109585,0.1
3125,8,Light Heavy,2,High,2,Low,0,14.827,3395.91,0.109921,0.1
3126,6,BSDF Heavy,-2,Low,0,High,2,3.92839,906.575,0.047093,0.1
3127,8,Balanced,1,High,2,Medium,1,14.8474,3399.44,0.109464,0.1
3128,7,BSDF Heavy,-1,Medium,1,High,2,8.6253,1971.8,0.0944406,0.1
3129,8,Light Heavy,2,High,2,Low,0,14.837,3396.34,0.110446,0.1
3130,6,BSDF Heavy,-2,Low,0,High,2,3.93899,909.092,0.0471528,0.1
3131,8,Balanced,1,High,2,Medium,1,14.8804,3403.27,0.11005,0.1
3132,7,BSDF Heavy,-1,Medium,1,High,2,8.66051,1981.82,0.0941898,0.1
3133,8,Light Heavy,2,High,2,Low,0,14.9477,3421.29,0.110285,0.1
3134,6,BSDF Heavy,-2,Low,0,High,2,3.95467,913.512,0.0471451,0.1
3135,8,BSDF Heavy,0,High,2,High,2,14.9099,3413.7,0.110004,0.1
3136,8,BSDF Heavy,0,High,2,High,2,14.867,3402.68,0.110002,0.1
3137,8,BSDF Heavy,0,High,2,High,2,14.8263,3393.34,0.109875,0.1
3138,8,BSDF Heavy,0,High,2,High,2,14.95,3423.4,0.109985,0.1
3139,8,BSDF Heavy,0,High,2,High,2,14.7041,3369.38,0.109151,0.1
3140,8,BSDF Heavy,0,High,2,High,2,14.8573,3401.24,0.109751,0.1
3141,8,BSDF Heavy,0,High,2,High,2,14.917,3415.41,0.109988,0.1
3142,8,BSDF Heavy,0,High,2,High,2,14.9046,3412.79,0.110091,0.1
3143,8,BSDF Heavy,0,High,2,High,2,14.8843,3407.06,0.110073,0.1
3144,8,BSDF Heavy,0,High,2,High,2,14.8268,3396.19,0.109225,0.1
3145,8,BSDF Heavy,0,High,2,High,2,14.8241,3394.21,0.10951,0.1
3146,8,BSDF Heavy,0,High,2,High,2,14.6981,3365.1,0.10874,0.1
3147,8,BSDF Heavy,0,High,2,High,2,14.924,3415.22,0.110118,0.1
3148,8,BSDF Heavy,0,High,2,High,2,14.9144,3413.53,0.109875,0.1
3149,8,BSDF Heavy,0,High,2,High,2,14.8422,3395.36,0.109626,0.1
3150,8,BSDF Heavy,0,High,2,High,2,14.8632,3403.02,0.110305,0.1
3151,8,BSDF Heavy,0,High,2,High,2,14.8677,3400.23,0.110338,0.1
3152,8,BSDF Heavy,0,High,2,High,2,14.9597,3424.16,0.110519,0.1
3153,8,BSDF Heavy,0,High,2,High,2,14.861,3402.06,0.109518,0.1
3154,8,BSDF Heavy,0,High,2,High,2,14.8883,3409.07,0.109541,0.1
3155,8,BSDF Heavy,0,High,2,High,2,14.9168,3416.42,0.109952,0.1
3156,8,BSDF Heavy,0,High,2,High,2,14.946,3418.15,0.110583,0.1
3157,8,BSDF Heavy,0,High,2,High,2,14.9302,3416.93,0.110774,0.1
3158,8,BSDF Heavy,0,High,2,High,2,14.8561,3400.29,0.109932,0.1
3159,8,Balanced,1,High,2,Medium,1,14.8773,3406.23,0.109794,0.1
3160,7,BSDF Heavy,-1,Medium,1,High,2,8.60611,1968.49,0.0937866,0.1
3161,8,Light Heavy,2,High,2,Low,0,14.9304,3417.31,0.110264,0.1
3162,6,BSDF Heavy,-2,Low,0,High,2,3.89329,898.286,0.0466647,0.1
3163,8,Light Heavy,2,High,2,Low,0,14.9318,3418.22,0.110311,0.1
3164,6,BSDF Heavy,-2,Low,0,High,2,3.99016,921.387,0.0474344,0.1
3165,8,BSDF Heavy,0,High,2,High,2,14.902,3411.42,0.110166,0.1
3166,8,BSDF Heavy,0,High,2,High,2,14.9136,3414.18,0.110064,0.1
3167,8,Balanced,1,High,2,Medium,1,14.765,3381.34,0.109344,0.1
3168,7,BSDF Heavy,-1,Medium,1,High,2,8.59715,1964.65,0.0941647,0.1
3169,8,Light Heavy,2,High,2,Low,0,14.8249,3394.15,0.10941,0.1
3170,6,BSDF Heavy,-2,Low,0,High,2,3.91936,903.767,0.0469406,0.1
3171,8,Light Heavy,2,High,2,Low,0,14.9364,3418.44,0.110571,0.1
3172,6,BSDF Heavy,-2,Low,0,High,2,3.94193,909.435,0.0470853,0.1
3173,8,BSDF Heavy,0,High,2,High,2,14.8368,3398.57,0.109363,0.1
3174,8,BSDF Heavy,0,High,2,High,2,14.8722,3403.82,0.109869,0.1
3175,8,BSDF Heavy,0,High,2,High,2,14.9684,3425.14,0.110156,0.1
3176,8,BSDF Heavy,0,High,2,High,2,14.8253,3395.28,0.109715,0.1
3177,8,BSDF Heavy,0,High,2,High,2,14.8989,3409.2,0.110336,0.1
3178,8,BSDF Heavy,0,High,2,High,2,14.8952,3410.88,0.109524,0.1
3179,8,BSDF Heavy,0,High,2,High,2,14.8326,3397.68,0.10919,0.1
3180,8,BSDF Heavy,0,High,2,High,2,14.8943,3407.88,0.109888,0.1
3181,8,BSDF Heavy,0,High,2,High,2,14.8574,3401.21,0.10956,0.1
3182,8,BSDF Heavy,0,High,2,High,2,14.8063,3390.61,0.10947,0.1
3183,8,BSDF Heavy,0,High,2,High,2,14.922,3416.92,0.109736,0.1
3184,8,BSDF Heavy,0,High,2,High,2,14.9439,3421.7,0.110278,0.1
3185,8,BSDF Heavy,0,High,2,High,2,14.8987,3410.37,0.110255,0.1
3186,8,BSDF Heavy,0,High,2,High,2,14.8194,3394.28,0.109863,0.1
3187,8,BSDF Heavy,0,High,2,High,2,14.8162,3390.38,0.110019,0.1
3188,8,BSDF Heavy,0,High,2,High,2,14.9186,3415.8,0.110122,0.1
3189,8,Balanced,1,High,2,Medium,1,14.9387,3418.91,0.1101,0.1
3190,7,BSDF Heavy,-1,Medium,1,High,2,8.67434,1982.5,0.0946682,0.1
3191,8,Light Heavy,2,High,2,Low,0,14.8801,3406.79,0.110172,0.1
3192,6,BSDF Heavy,-2,Low,0,High,2,3.9109,900.856,0.0472454,0.1
3193,8,Balanced,1,High,2,Medium,1,14.8893,3405.06,0.110231,0.1
3194,7,BSDF Heavy,-1,Medium,1,High,2,8.63622,1974.53,0.0940625,0.1
3195,8,Light Heavy,2,High,2,Low,0,14.9253,3417.74,0.110108,0.1
3196,6,BSDF Heavy,-2,Low,0,High,2,3.94436,909.922,0.0472184,0.1
3197,8,Light Heavy,2,High,2,Low,0,14.8059,3390.52,0.109886,0.1
3198,6,BSDF Heavy,-2,Low,0,High,2,3.90991,902.887,0.046659,0.1
3199,8,BSDF Heavy,0,High,2,High,2,15.001,3432.58,0.11081,0.1
3200,8,BSDF Heavy,0,High,2,High,2,14.917,3413.08,0.109975,0.1
3201,8,BSDF Heavy,0,High,2,High,2,14.8513,3397.91,0.109925,0.1
3202,8,BSDF Heavy,0,High,2,High,2,14.9274,3418.34,0.110013,0.1
3203,8,BSDF Heavy,0,High,2,High,2,14.8662,3403.16,0.110228,0.1
3204,8,BSDF Heavy,0,High,2,High,2,14.9224,3415.8,0.110147,0.1
3205,8,BSDF Heavy,0,High,2,High,2,14.9491,3421.35,0.109919,0.1
3206,8,BSDF Heavy,0,High,2,High,2,15.0517,3444.14,0.110642,0.1
3207,8,BSDF Heavy,0,High,2,High,2,14.9184,3414.4,0.110706,0.1
3208,8,BSDF Heavy,0,High,2,High,2,14.8412,3398.08,0.109794,0.1
3209,8,BSDF Heavy,0,High,2,High,2,14.8291,3394.47,0.110106,0.1
3210,8,BSDF Heavy,0,High,2,High,2,14.8959,3411.54,0.109898,0.1
3211,8,BSDF Heavy,0,High,2,High,2,14.8272,3393.97,0.110285,0.1
3212,8,BSDF Heavy,0,High,2,High,2,14.876,3406.2,0.109504,0.1
3213,8,BSDF Heavy,0,High,2,High,2,14.7779,3385.69,0.109363,0.1
3214,8,BSDF Heavy,0,High,2,High,2,14.8423,3399.13,0.110083,0.1
3215,8,Balanced,1,High,2,Medium,1,14.8383,3398.48,0.110326,0.1
3216,7,BSDF Heavy,-1,Medium,1,High,2,8.75897,2003.06,0.0947203,0.1
3217,8,Light Heavy,2,High,2,Low,0,14.8551,3402.14,0.109524,0.1
3218,6,Balanced,-1,Low,0,Medium,1,3.94024,909.143,0.0472261,0.1
3219,7,Light Heavy,1,Medium,1,Low,0,8.75865,2002.85,0.0946007,0.1
3220,6,Light Heavy,0,Low,0,Low,0,4.00083,925.409,0.047039,0.1
3221,6,Balanced,-1,Low,0,Medium,1,3.98695,921.507,0.0473881,0.1
3222,7,Balanced,0,Medium,1,Medium,1,8.76267,2004.21,0.094973,0.1
3223,7,Balanced,0,Medium,1,Medium,1,8.65091,1978.18,0.0940895,0.1
3224,7,Light Heavy,1,Medium,1,Low,0,8.62426,1972.24,0.0942747,0.1
3225,6,Light Heavy,0,Low,0,Low,0,4.00061,925.423,0.0471779,0.1
3226,6,BSDF Heavy,-2,Low,0,High,2,3.95291,912.453,0.0470795,0.1
3227,8,BSDF Heavy,0,High,2,High,2,14.8236,3392.98,0.109767,0.1
3228,8,Balanced,1,High,2,Medium,1,14.9933,3432.89,0.110114,0.1
3229,7,BSDF Heavy,-1,Medium,1,High,2,8.6979,1990.53,0.0940644,0.1
3230,8,Light Heavy,2,High,2,Low,0,14.8448,3397.65,0.109697,0.1
3231,6,BSDF Heavy,-2,Low,0,High,2,3.91677,903.866,0.0472743,0.1
3232,8,Balanced,1,High,2,Medium,1,14.8272,3392.15,0.109875,0.1
3233,7,BSDF Heavy,-1,Medium,1,High,2,8.69151,1988.32,0.0948881,0.1
3234,8,Light Heavy,2,High,2,Low,0,14.9066,3412.84,0.110608,0.1
3235,6,BSDF Heavy,-2,Low,0,High,2,3.88706,897.358,0.0465355,0.1
3236,8,Light Heavy,2,High,2,Low,0,14.8616,3403.04,0.109985,0.1
3237,6,BSDF Heavy,-2,Low,0,High,2,3.92426,907.012,0.0467573,0.1
3238,8,BSDF Heavy,0,High,2,High,2,14.7446,3376.83,0.109309,0.1
3239,8,BSDF Heavy,0,High,2,High,2,14.8019,3389.86,0.109591,0.1
3240,8,BSDF Heavy,0,High,2,High,2,14.7746,3382.73,0.109848,0.1
3241,8,BSDF Heavy,0,High,2,High,2,14.9415,3421.42,0.109942,0.1
3242,8,BSDF Heavy,0,High,2,High,2,14.8801,3404.77,0.109973,0.1
3243,8,BSDF Heavy,0,High,2,High,2,14.8265,3394.69,0.110106,0.1
3244,8,BSDF Heavy,0,High,2,High,2,14.9201,3416.59,0.109805,0.1
3245,8,BSDF Heavy,0,High,2,High,2,14.8343,3396.76,0.109774,0.1
3246,8,BSDF Heavy,0,High,2,High,2,14.9475,3421,0.110584,0.1
3247,8,BSDF Heavy,0,High,2,High,2,14.8467,3400.99,0.109444,0.1
3248,8,BSDF Heavy,0,High,2,High,2,14.9996,3434.02,0.110311,0.1
3249,8,BSDF Heavy,0,High,2,High,2,14.8777,3403.59,0.110172,0.1
3250,8,BSDF Heavy,0,High,2,High,2,14.8355,3395.08,0.110139,0.1
3251,8,BSDF Heavy,0,High,2,High,2,14.9625,3422.06,0.11077,0.1
3252,8,BSDF Heavy,0,High,2,High,2,14.7934,3389.02,0.109668,0.1
3253,8,BSDF Heavy,0,High,2,High,2,14.8194,3393.17,0.109942,0.1
3254,8,BSDF Heavy,0,High,2,High,2,14.8085,3391.92,0.109493,0.1
3255,8,BSDF Heavy,0,High,2,High,2,14.9484,3422.17,0.11059,0.1
3256,8,BSDF Heavy,0,High,2,High,2,14.9419,3422.18,0.109919,0.1
3257,8,BSDF Heavy,0,High,2,High,2,14.8054,3389.35,0.109572,0.1
3258,8,BSDF Heavy,0,High,2,High,2,14.8973,3408.58,0.109986,0.1
3259,8,BSDF Heavy,0,High,2,High,2,14.8266,3393.29,0.110114,0.1
3260,8,BSDF Heavy,0,High,2,High,2,14.8754,3406.14,0.109859,0.1
3261,8,BSDF Heavy,0,High,2,High,2,14.8813,3408.88,0.109653,0.1
3262,8,BSDF Heavy,0,High,2,High,2,14.8491,3400.89,0.10956,0.1
3263,8,BSDF Heavy,0,High,2,High,2,14.9169,3414.06,0.110143,0.1
3264,8,BSDF Heavy,0,High,2,High,2,14.9022,3413.27,0.110069,0.1
3265,8,BSDF Heavy,0,High,2,High,2,14.9241,3418.09,0.110154,0.1
3266,8,BSDF Heavy,0,High,2,High,2,14.8516,3401.21,0.109504,0.1
3267,8,BSDF Heavy,0,High,2,High,2,14.8994,3411.35,0.109504,0.1
3268,8,BSDF Heavy,0,High,2,High,2,14.9144,3412.03,0.1105,0.1
3269,8,BSDF Heavy,0,High,2,High,2,14.8739,3405.6,0.110083,0.1
3270,8,BSDF Heavy,0,High,2,High,2,14.7949,3388.3,0.109643,0.1
3271,8,BSDF Heavy,0,High,2,High,2,14.9004,3412.57,0.110044,0.1
3272,8,BSDF Heavy,0,High,2,High,2,14.7771,3383.28,0.10977,0.1
3273,8,BSDF Heavy,0,High,2,High,2,14.8334,3397.3,0.109855,0.1
3274,8,BSDF Heavy,0,High,2,High,2,14.977,3426.62,0.110716,0.1
3275,8,BSDF Heavy,0,High,2,High,2,14.8608,3401.25,0.109437,0.1
3276,8,BSDF Heavy,0,High,2,High,2,14.8245,3395.25,0.10897,0.1
3277,8,BSDF Heavy,0,High,2,High,2,14.9438,3422.12,0.110901,0.1
3278,8,BSDF Heavy,0,High,2,High,2,14.865,3403.71,0.10972,0.1
3279,8,Balanced,1,High,2,Medium,1,14.9397,3418.68,0.110511,0.1
3280,7,BSDF Heavy,-1,Medium,1,High,2,8.64697,1977.83,0.0938117,0.1
3281,8,Light Heavy,2,High,2,Low,0,14.7595,3376.95,0.109715,0.1
3282,6,BSDF Heavy,-2,Low,0,High,2,3.95867,912.904,0.0475714,0.1
3283,8,Balanced,1,High,2,Medium,1,14.918,3415.02,0.110336,0.1
3284,7,Light Heavy,1,Medium,1,Low,0,8.67597,1984.48,0.0940278,0.1
3285,6,Light Heavy,0,Low,0,Low,0,3.9478,911.352,0.0468673,0.1
3286,6,Light Heavy,0,Low,0,Low,0,3.92435,907.017,0.0465953,0.1
3287,6,Light Heavy,0,Low,0,Low,0,3.92249,905.18,0.0471914,0.1
3288,6,Light Heavy,0,Low,0,Low,0,3.92424,904.366,0.0472434,0.1
3289,6,Light Heavy,0,Low,0,Low,0,3.96852,916.588,0.047608,0.1
3290,6,Light Heavy,0,Low,0,Low,0,3.95372,912.445,0.0469406,0.1
3291,6,Light Heavy,0,Low,0,Low,0,3.89614,898.575,0.0471431,0.1
3292,6,Light Heavy,0,Low,0,Low,0,3.93624,908.574,0.0470351,0.1
3293,6,Light Heavy,0,Low,0,Low,0,3.90154,900.133,0.0466917,0.1
3294,6,Light Heavy,0,Low,0,Low,0,3.93312,908.731,0.0468769,0.1
3295,6,Light Heavy,0,Low,0,Low,0,3.97149,916.558,0.0472338,0.1
3296,6,Light Heavy,0,Low,0,Low,0,3.91465,902.165,0.0472087,0.1
3297,6,Light Heavy,0,Low,0,Low,0,3.95191,912.685,0.0471238,0.1
3298,6,Light Heavy,0,Low,0,Low,0,3.97901,918.506,0.0473167,0.1
3299,6,Light Heavy,0,Low,0,Low,0,3.94037,909.94,0.0470621,0.1
3300,6,Light Heavy,0,Low,0,Low,0,3.91761,904.179,0.0469502,0.1
3301,6,Light Heavy,0,Low,0,Low,0,3.91773,906.568,0.0467052,0.1
3302,6,Light Heavy,0,Low,0,Low,0,3.9039,902.27,0.0467458,0.1
3303,6,Light Heavy,0,Low,0,Low,0,3.91605,904.138,0.046821,0.1
3304,6,Light Heavy,0,Low,0,Low,0,3.95104,912.11,0.0472743,0.1
3305,6,BSDF Heavy,-2,Low,0,High,2,3.89175,897.56,0.0466204,0.1
3306,8,Light Heavy,2,High,2,Low,0,14.8289,3395.48,0.10896,0.1
3307,6,BSDF Heavy,-2,Low,0,High,2,3.94919,912.578,0.0468904,0.1
3308,8,Light Heavy,2,High,2,Low,0,14.8941,3410.44,0.109963,0.1
3309,6,BSDF Heavy,-2,Low,0,High,2,3.94955,913.088,0.046875,0.1
3310,8,Light Heavy,2,High,2,Low,0,14.8223,3394.02,0.109633,0.1
3311,6,BSDF Heavy,-2,Low,0,High,2,3.95146,912.997,0.0470775,0.1
3312,8,Light Heavy,2,High,2,Low,0,14.888,3410.11,0.109796,0.1
3313,6,BSDF Heavy,-2,Low,0,High,2,3.97785,918.789,0.0474441,0.1
3314,8,BSDF Heavy,0,High,2,High,2,14.9233,3417.16,0.109803,0.1
3315,8,BSDF Heavy,0,High,2,High,2,14.8189,3394.96,0.109782,0.1
3316,8,BSDF Heavy,0,High,2,High,2,14.7976,3389.15,0.109581,0.1
3317,8,BSDF Heavy,0,High,2,High,2,14.7656,3382.83,0.109518,0.1
3318,8,BSDF Heavy,0,High,2,High,2,14.9597,3424.69,0.110654,0.1
3319,8,BSDF Heavy,0,High,2,High,2,14.8929,3407.79,0.110253,0.1
3320,8,Balanced,1,High,2,Medium,1,14.9812,3429.42,0.110008,0.1
3321,7,BSDF Heavy,-1,Medium,1,High,2,8.68476,1987.51,0.094348,0.1
3322,8,Light Heavy,2,High,2,Low,0,14.8178,3392.92,0.109593,0.1
3323,6,BSDF Heavy,-2,Low,0,High,2,3.87784,894.734,0.0466551,0.1
3324,8,BSDF Heavy,0,High,2,High,2,14.8515,3398.16,0.109576,0.1
3325,8,BSDF Heavy,0,High,2,High,2,14.8676,3404.07,0.109846,0.1
3326,8,BSDF Heavy,0,High,2,High,2,14.9705,3426.93,0.110212,0.1
3327,8,Balanced,1,High,2,Medium,1,15.007,3436.71,0.110517,0.1
3328,7,BSDF Heavy,-1,Medium,1,High,2,8.64716,1978.45,0.0938329,0.1
3329,8,Light Heavy,2,High,2,Low,0,14.9332,3417.49,0.109792,0.1
3330,6,BSDF Heavy,-2,Low,0,High,2,3.8976,900.193,0.0465972,0.1
3331,8,Light Heavy,2,High,2,Low,0,14.9105,3413.17,0.110295,0.1
3332,6,BSDF Heavy,-2,Low,0,High,2,3.92229,904.884,0.0471721,0.1
3333,8,Balanced,1,High,2,Medium,1,14.8091,3391.76,0.109444,0.1
3334,7,BSDF Heavy,-1,Medium,1,High,2,8.72677,1997.37,0.0943056,0.1
3335,8,Light Heavy,2,High,2,Low,0,14.8731,3404.79,0.109612,0.1
3336,6,BSDF Heavy,-2,Low,0,High,2,3.98143,919.142,0.0472492,0.1
3337,8,BSDF Heavy,0,High,2,High,2,14.9503,3423.61,0.10979,0.1
3338,8,Light Heavy,2,High,2,Low,0,14.9478,3420.77,0.109985,0.1
3339,6,BSDF Heavy,-2,Low,0,High,2,3.89846,899.597,0.0470698,0.1
3340,8,Light Heavy,2,High,2,Low,0,14.8999,3412.77,0.109886,0.1
3341,6,BSDF Heavy,-2,Low,0,High,2,3.94903,911.302,0.0471894,0.1
3342,8,Light Heavy,2,High,2,Low,0,14.8331,3395.43,0.110066,0.1
3343,6,BSDF Heavy,-2,Low,0,High,2,3.94059,910.025,0.0468596,0.1
3344,8,Balanced,1,High,2,Medium,1,14.8816,3406.97,0.109848,0.1
3345,7,BSDF Heavy,-1,Medium,1,High,2,8.72285,1994.02,0.0946123,0.1
3346,8,Light Heavy,2,High,2,Low,0,14.8701,3404.39,0.109836,0.1
3347,6,BSDF Heavy,-2,Low,0,High,2,3.92,904.954,0.0468615,0.1
3348,8,BSDF Heavy,0,High,2,High,2,14.8763,3405.32,0.110066,0.1
3349,8,BSDF Heavy,0,High,2,High,2,14.9065,3410.96,0.110006,0.1
3350,8,BSDF Heavy,0,High,2,High,2,14.7924,3384.99,0.110195,0.1
3351,8,BSDF Heavy,0,High,2,High,2,14.9017,3411.2,0.11034,0.1
3352,8,BSDF Heavy,0,High,2,High,2,14.8016,3387.48,0.109686,0.1
3353,8,BSDF Heavy,0,High,2,High,2,14.8508,3398.34,0.109564,0.1
3354,8,BSDF Heavy,0,High,2,High,2,14.949,3423.74,0.110262,0.1
3355,8,BSDF Heavy,0,High,2,High,2,14.8853,3407.07,0.109767,0.1
3356,8,Balanced,1,High,2,Medium,1,14.9171,3415.41,0.110235,0.1
3357,7,BSDF Heavy,-1,Medium,1,High,2,8.76482,2004.66,0.0949016,0.1
3358,8,Balanced,1,High,2,Medium,1,14.8352,3399.15,0.109498,0.1
3359,7,BSDF Heavy,-1,Medium,1,High,2,8.78023,2007.47,0.0947801,0.1
3360,8,Light Heavy,2,High,2,Low,0,14.842,3397.5,0.110434,0.1
3361,6,BSDF Heavy,-2,Low,0,High,2,3.94661,912.692,0.0469406,0.1
3362,8,Balanced,1,High,2,Medium,1,14.8332,3392.94,0.109695,0.1
3363,7,BSDF Heavy,-1,Medium,1,High,2,8.75955,2004.51,0.0946644,0.1
3364,8,Light Heavy,2,High,2,Low,0,14.9998,3433.65,0.110583,0.1
3365,6,BSDF Heavy,-2,Low,0,High,2,3.91312,902.187,0.0473052,0.1
3366,8,BSDF Heavy,0,High,2,High,2,14.8136,3394.4,0.109433,0.1
3367,8,BSDF Heavy,0,High,2,High,2,14.8692,3404.41,0.10967,0.1
3368,8,BSDF Heavy,0,High,2,High,2,14.8314,3397.5,0.109552,0.1
3369,8,BSDF Heavy,0,High,2,High,2,14.8926,3410.87,0.109907,0.1
3370,8,BSDF Heavy,0,High,2,High,2,14.8358,3398.3,0.109724,0.1
3371,8,BSDF Heavy,0,High,2,High,2,14.8304,3394.47,0.109907,0.1
3372,8,BSDF Heavy,0,High,2,High,2,14.8745,3406.61,0.109452,0.1
3373,8,BSDF Heavy,0,High,2,High,2,14.7771,3382.44,0.109568,0.1
3374,8,BSDF Heavy,0,High,2,High,2,14.767,3381.73,0.109498,0.1
3375,8,BSDF Heavy,0,High,2,High,2,14.9752,3426.06,0.11082,0.1
3376,8,BSDF Heavy,0,High,2,High,2,14.8892,3408.25,0.109799,0.1
3377,8,BSDF Heavy,0,High,2,High,2,14.9706,3429.76,0.109385,0.1
3378,8,BSDF Heavy,0,High,2,High,2,14.8213,3394.46,0.109784,0.1
3379,8,BSDF Heavy,0,High,2,High,2,14.9093,3413.81,0.109948,0.1
3380,8,BSDF Heavy,0,High,2,High,2,14.8454,3398.05,0.109689,0.1
3381,8,BSDF Heavy,0,High,2,High,2,14.8862,3408.49,0.109809,0.1
3382,8,BSDF Heavy,0,High,2,High,2,14.8696,3404,0.109971,0.1
3383,8,BSDF Heavy,0,High,2,High,2,14.9438,3421.07,0.109958,0.1
3384,8,BSDF Heavy,0,High,2,High,2,14.8962,3410.45,0.109626,0.1
3385,8,BSDF Heavy,0,High,2,High,2,14.8158,3393.47,0.109549,0.1
3386,8,BSDF Heavy,0,High,2,High,2,14.7969,3386.41,0.110104,0.1
3387,8,BSDF Heavy,0,High,2,High,2,14.8799,3405.58,0.110185,0.1
3388,8,BSDF Heavy,0,High,2,High,2,14.8879,3409.32,0.109934,0.1
3389,8,BSDF Heavy,0,High,2,High,2,14.8592,3399.93,0.110436,0.1
3390,8,BSDF Heavy,0,High,2,High,2,14.9904,3430.1,0.110565,0.1
3391,8,BSDF Heavy,0,High,2,High,2,14.7871,3385.33,0.109248,0.1
3392,8,BSDF Heavy,0,High,2,High,2,14.9558,3423.52,0.110376,0.1
3393,8,BSDF Heavy,0,High,2,High,2,14.9309,3419.61,0.109936,0.1
3394,8,BSDF Heavy,0,High,2,High,2,14.8974,3407.48,0.109796,0.1
3395,8,BSDF Heavy,0,High,2,High,2,14.9383,3418.74,0.110399,0.1
3396,8,BSDF Heavy,0,High,2,High,2,14.8903,3408.14,0.109998,0.1
3397,8,BSDF Heavy,0,High,2,High,2,14.8249,3395.16,0.109485,0.1
3398,8,BSDF Heavy,0,High,2,High,2,14.9817,3428.59,0.110777,0.1
3399,8,BSDF Heavy,0,High,2,High,2,14.865,3403.54,0.109844,0.1
3400,8,BSDF Heavy,0,High,2,High,2,14.9342,3417.44,0.109998,0.1
3401,8,BSDF Heavy,0,High,2,High,2,14.7097,3368.98,0.108764,0.1
3402,8,BSDF Heavy,0,High,2,High,2,14.884,3405.98,0.110058,0.1
3403,8,BSDF Heavy,0,High,2,High,2,14.8445,3398.41,0.110303,0.1
3404,8,BSDF Heavy,0,High,2,High,2,14.8698,3403.13,0.110066,0.1
3405,8,Balanced,1,High,2,Medium,1,14.9262,3415.25,0.110413,0.1
3406,7,Light Heavy,1,Medium,1,Low,0,8.67516,1984.75,0.0943866,0.1
3407,6,Light Heavy,0,Low,0,Low,0,3.922,905.91,0.0471991,0.1
3408,6,Light Heavy,0,Low,0,Low,0,3.94902,912.165,0.0469772,0.1
3409,6,Light Heavy,0,Low,0,Low,0,3.93684,908.767,0.047066,0.1
3410,6,Light Heavy,0,Low,0,Low,0,3.94069,909.703,0.04712,0.1
3411,6,Light Heavy,0,Low,0,Low,0,3.97337,917.614,0.0472242,0.1
3412,6,Light Heavy,0,Low,0,Low,0,3.95637,915.225,0.04674,0.1
3413,6,Light Heavy,0,Low,0,Low,0,3.97641,918.911,0.0472126,0.1
3414,6,Light Heavy,0,Low,0,Low,0,3.88364,895.644,0.0470467,0.1
3415,6,Light Heavy,0,Low,0,Low,0,3.9386,908.734,0.0472975,0.1
3416,6,Light Heavy,0,Low,0,Low,0,3.90864,900.934,0.047392,0.1
3417,6,Light Heavy,0,Low,0,Low,0,3.93461,908.117,0.0472049,0.1
3418,6,Light Heavy,0,Low,0,Low,0,3.90751,901.704,0.0467901,0.1
3419,6,Light Heavy,0,Low,0,Low,0,3.8923,897.478,0.0474672,0.1
3420,6,Light Heavy,0,Low,0,Low,0,3.99412,924.093,0.0470795,0.1
3421,6,Light Heavy,0,Low,0,Low,0,3.94376,912.34,0.04663,0.1
3422,6,Light Heavy,0,Low,0,Low,0,3.94059,910.185,0.0471316,0.1
3423,6,Light Heavy,0,Low,0,Low,0,3.88163,895.701,0.0469483,0.1
3424,6,Light Heavy,0,Low,0,Low,0,3.90035,899.211,0.0468692,0.1
3425,6,Light Heavy,0,Low,0,Low,0,3.89821,899.567,0.0467612,0.1
3426,6,Light Heavy,0,Low,0,Low,0,3.98161,921.08,0.0471528,0.1
3427,6,Light Heavy,0,Low,0,Low,0,3.98264,920.955,0.0470583,0.1
3428,6,Light Heavy,0,Low,0,Low,0,3.96954,917.247,0.0469715,0.1
3429,6,Light Heavy,0,Low,0,Low,0,3.89457,898.197,0.0470756,0.1
3430,6,Light Heavy,0,Low,0,Low,0,3.91992,903.892,0.0469965,0.1
3431,6,Light Heavy,0,Low,0,Low,0,3.93373,907.384,0.047581,0.1
3432,6,Light Heavy,0,Low,0,Low,0,3.94565,910.892,0.0471991,0.1
3433,6,Light Heavy,0,Low,0,Low,0,3.9367,907.432,0.0474132,0.1
3434,6,Light Heavy,0,Low,0,Low,0,3.96412,915.201,0.0471933,0.1
3435,6,Light Heavy,0,Low,0,Low,0,3.99808,923.658,0.0475405,0.1
3436,6,BSDF Heavy,-2,Low,0,High,2,3.92883,905.326,0.0474248,0.1
3437,8,Light Heavy,2,High,2,Low,0,14.8329,3399.19,0.109456,0.1
3438,6,BSDF Heavy,-2,Low,0,High,2,3.94653,910.473,0.0473206,0.1
3439,8,Light Heavy,2,High,2,Low,0,14.9866,3432.26,0.110102,0.1
3440,6,BSDF Heavy,-2,Low,0,High,2,3.94378,911.197,0.0469869,0.1
3441,8,Light Heavy,2,High,2,Low,0,14.9397,3419.55,0.11022,0.1
3442,6,BSDF Heavy,-2,Low,0,High,2,3.89448,899.035,0.0467863,0.1
3443,8,Light Heavy,2,High,2,Low,0,14.8571,3401.48,0.109693,0.1
3444,6,BSDF Heavy,-2,Low,0,High,2,3.93288,908.524,0.0468596,0.1
3445,8,Light Heavy,2,High,2,Low,0,14.8569,3402.69,0.109655,0.1
3446,6,BSDF Heavy,-2,Low,0,High,2,3.8789,894.707,0.0469136,0.1
3447,8,BSDF Heavy,0,High,2,High,2,14.9112,3412.98,0.11032,0.1
3448,8,BSDF Heavy,0,High,2,High,2,14.892,3409.01,0.109904,0.1
3449,8,BSDF Heavy,0,High,2,High,2,14.9215,3416.17,0.109786,0.1
3450,8,BSDF Heavy,0,High,2,High,2,14.9041,3411.87,0.109956,0.1
3451,8,BSDF Heavy,0,High,2,High,2,14.9638,3426.93,0.109923,0.1
3452,8,BSDF Heavy,0,High,2,High,2,14.8951,3408.62,0.109967,0.1
3453,8,BSDF Heavy,0,High,2,High,2,14.9385,3418.12,0.110592,0.1
3454,8,BSDF Heavy,0,High,2,High,2,14.9213,3416.26,0.110343,0.1
3455,8,Light Heavy,2,High,2,Low,0,14.8834,3410.27,0.109433,0.1
3456,6,BSDF Heavy,-2,Low,0,High,2,3.84334,886.719,0.0464082,0.1
3457,8,Light Heavy,2,High,2,Low,0,14.8758,3403.89,0.110083,0.1
3458,6,BSDF Heavy,-2,Low,0,High,2,3.93683,908.206,0.0471605,0.1
3459,8,BSDF Heavy,0,High,2,High,2,15.0094,3436.91,0.11028,0.1
3460,8,BSDF Heavy,0,High,2,High,2,14.8964,3411.99,0.109564,0.1
3461,8,BSDF Heavy,0,High,2,High,2,14.944,3420.45,0.110448,0.1
3462,8,BSDF Heavy,0,High,2,High,2,14.8655,3403.9,0.109265,0.1
3463,8,BSDF Heavy,0,High,2,High,2,14.8163,3391.11,0.109877,0.1
3464,8,BSDF Heavy,0,High,2,High,2,14.9175,3415.3,0.110176,0.1
3465,8,BSDF Heavy,0,High,2,High,2,14.8324,3397.98,0.109248,0.1
3466,8,BSDF Heavy,0,High,2,High,2,14.8369,3399.79,0.109579,0.1
3467,8,BSDF Heavy,0,High,2,High,2,14.8023,3388.26,0.109745,0.1
3468,8,BSDF Heavy,0,High,2,High,2,14.8965,3411.52,0.110147,0.1
3469,8,BSDF Heavy,0,High,2,High,2,14.8716,3405.62,0.110166,0.1
3470,8,BSDF Heavy,0,High,2,High,2,14.9812,3429.98,0.110123,0.1
3471,8,BSDF Heavy,0,High,2,High,2,14.8765,3405.44,0.110556,0.1
3472,8,BSDF Heavy,0,High,2,High,2,14.7961,3388.41,0.109578,0.1
3473,8,Balanced,1,High,2,Medium,1,14.8277,3392.91,0.109589,0.1
3474,7,BSDF Heavy,-1,Medium,1,High,2,8.59908,1967.27,0.0939873,0.1
3475,8,Light Heavy,2,High,2,Low,0,15.0012,3433.23,0.110017,0.1
3476,6,BSDF Heavy,-2,Low,0,High,2,3.9842,920.851,0.0470891,0.1
3477,8,Light Heavy,2,High,2,Low,0,14.9305,3417.76,0.110698,0.1
3478,6,BSDF Heavy,-2,Low,0,High,2,3.92144,905.253,0.0469965,0.1
3479,8,Balanced,1,High,2,Medium,1,14.8613,3402.35,0.109657,0.1
3480,7,BSDF Heavy,-1,Medium,1,High,2,8.78962,2012.61,0.0948785,0.1
3481,8,Light Heavy,2,High,2,Low,0,14.8091,3391.1,0.109458,0.1
3482,6,BSDF Heavy,-2,Low,0,High,2,3.9294,907.987,0.0469271,0.1
3483,8,BSDF Heavy,0,High,2,High,2,14.8859,3407.11,0.110247,0.1
3484,8,Light Heavy,2,High,2,Low,0,14.9307,3418.35,0.109996,0.1
3485,6,BSDF Heavy,-2,Low,0,High,2,3.93533,908.514,0.0471065,0.1
3486,8,Light Heavy,2,High,2,Low,0,14.9215,3414.99,0.110127,0.1
3487,6,BSDF Heavy,-2,Low,0,High,2,3.90974,901.795,0.0471065,0.1
3488,8,Light Heavy,2,High,2,Low,0,14.8978,3411.08,0.109535,0.1
3489,6,BSDF Heavy,-2,Low,0,High,2,3.95596,912.659,0.0475502,0.1
3490,8,Balanced,1,High,2,Medium,1,14.8634,3402.31,0.10979,0.1
3491,7,BSDF Heavy,-1,Medium,1,High,2,8.7777,2010.89,0.0941686,0.1
3492,8,Balanced,1,High,2,Medium,1,14.8145,3393.5,0.10941,0.1
3493,7,BSDF Heavy,-1,Medium,1,High,2,8.71038,1994.3,0.0939969,0.1
3494,8,BSDF Heavy,0,High,2,High,2,14.8993,3409.47,0.110573,0.1
3495,8,BSDF Heavy,0,High,2,High,2,14.8312,3394.5,0.110075,0.1
3496,8,BSDF Heavy,0,High,2,High,2,14.8078,3390.21,0.109796,0.1
3497,8,BSDF Heavy,0,High,2,High,2,14.8957,3409.84,0.109861,0.1
3498,8,BSDF Heavy,0,High,2,High,2,14.9404,3420.88,0.109743,0.1
3499,8,BSDF Heavy,0,High,2,High,2,14.9436,3419.32,0.110968,0.1
3500,8,BSDF Heavy,0,High,2,High,2,14.9109,3411.6,0.110187,0.1
3501,8,BSDF Heavy,0,High,2,High,2,14.7852,3385.93,0.109985,0.1
3502,8,BSDF Heavy,0,High,2,High,2,14.8796,3405.22,0.109815,0.1
3503,8,BSDF Heavy,0,High,2,High,2,14.8651,3403.46,0.109412,0.1
3504,8,BSDF Heavy,0,High,2,High,2,14.9177,3412.53,0.110284,0.1
3505,8,BSDF Heavy,0,High,2,High,2,14.9256,3417.44,0.11005,0.1
3506,8,Light Heavy,2,High,2,Low,0,14.8714,3404.06,0.109913,0.1
3507,6,BSDF Heavy,-2,Low,0,High,2,3.95869,916.166,0.0468326,0.1
3508,8,BSDF Heavy,0,High,2,High,2,14.8847,3408.01,0.109848,0.1
3509,8,BSDF Heavy,0,High,2,High,2,14.8439,3401.35,0.109558,0.1
3510,8,BSDF Heavy,0,High,2,High,2,14.9009,3412.89,0.110214,0.1
3511,8,BSDF Heavy,0,High,2,High,2,14.9111,3414.56,0.109923,0.1
3512,8,Light Heavy,2,High,2,Low,0,14.9087,3413.5,0.109811,0.1
3513,6,BSDF Heavy,-2,Low,0,High,2,3.85809,889.834,0.0467361,0.1
3514,8,Balanced,1,High,2,Medium,1,14.9113,3412.21,0.111036,0.1
3515,7,BSDF Heavy,-1,Medium,1,High,2,8.70712,1992.75,0.093777,0.1
3516,8,Balanced,1,High,2,Medium,1,14.8049,3390.76,0.109606,0.1
3517,7,BSDF Heavy,-1,Medium,1,High,2,8.61933,1969.21,0.094838,0.1
3518,8,Balanced,1,High,2,Medium,1,14.8346,3398.24,0.109502,0.1
3519,7,BSDF Heavy,-1,Medium,1,High,2,8.70584,1991.95,0.0938561,0.1
3520,8,BSDF Heavy,0,High,2,High,2,14.9432,3419.5,0.110334,0.1
3521,8,BSDF Heavy,0,High,2,High,2,14.8964,3411.15,0.110056,0.1
3522,8,BSDF Heavy,0,High,2,High,2,14.961,3425.17,0.109992,0.1
3523,8,BSDF Heavy,0,High,2,High,2,14.6663,3359.73,0.108841,0.1
3524,8,BSDF Heavy,0,High,2,High,2,14.8271,3396.89,0.109597,0.1
3525,8,BSDF Heavy,0,High,2,High,2,14.9578,3424.14,0.110129,0.1
3526,8,BSDF Heavy,0,High,2,High,2,14.8448,3399.18,0.109713,0.1
3527,8,BSDF Heavy,0,High,2,High,2,14.761,3379.05,0.109905,0.1
3528,8,BSDF Heavy,0,High,2,High,2,14.894,3404.33,0.110025,0.1
3529,8,BSDF Heavy,0,High,2,High,2,14.8784,3405.19,0.109603,0.1
3530,8,BSDF Heavy,0,High,2,High,2,14.9092,3412.65,0.110125,0.1
3531,8,BSDF Heavy,0,High,2,High,2,14.9261,3418.46,0.109709,0.1
3532,8,BSDF Heavy,0,High,2,High,2,14.7863,3385.4,0.109745,0.1
3533,8,Balanced,1,High,2,Medium,1,14.8617,3400.86,0.109892,0.1
3534,7,BSDF Heavy,-1,Medium,1,High,2,8.61173,1969.92,0.0939969,0.1
3535,8,Light Heavy,2,High,2,Low,0,14.8308,3397.64,0.10961,0.1
3536,6,BSDF Heavy,-2,Low,0,High,2,3.88165,895.446,0.0467631,0.1
3537,8,Light Heavy,2,High,2,Low,0,14.9076,3411.79,0.110837,0.1
3538,6,BSDF Heavy,-2,Low,0,High,2,3.98304,919.94,0.0472724,0.1
3539,8,BSDF Heavy,0,High,2,High,2,14.8205,3396.32,0.109751,0.1
3540,8,BSDF Heavy,0,High,2,High,2,14.909,3412.8,0.110513,0.1
3541,8,BSDF Heavy,0,High,2,High,2,14.9283,3415.66,0.110484,0.1
3542,8,BSDF Heavy,0,High,2,High,2,14.8593,3400.62,0.11034,0.1
3543,8,BSDF Heavy,0,High,2,High,2,14.9616,3425.54,0.109734,0.1
3544,8,BSDF Heavy,0,High,2,High,2,14.9444,3419.31,0.110268,0.1
3545,8,BSDF Heavy,0,High,2,High,2,14.9231,3415.47,0.110179,0.1
3546,8,Balanced,1,High,2,Medium,1,14.8875,3407.11,0.110565,0.1
3547,7,BSDF Heavy,-1,Medium,1,High,2,8.62747,1972.3,0.0941744,0.1
3548,8,Light Heavy,2,High,2,Low,0,14.7622,3379.64,0.109581,0.1
3549,6,BSDF Heavy,-2,Low,0,High,2,3.94465,910.81,0.0470621,0.1
3550,8,Balanced,1,High,2,Medium,1,14.8886,3407.83,0.11023,0.1
3551,7,BSDF Heavy,-1,Medium,1,High,2,8.75119,2001.15,0.0946836,0.1
3552,8,BSDF Heavy,0,High,2,High,2,14.8308,3396,0.109662,0.1
3553,8,BSDF Heavy,0,High,2,High,2,14.7252,3373.65,0.109456,0.1
3554,8,BSDF Heavy,0,High,2,High,2,14.9258,3415.72,0.109846,0.1
3555,8,BSDF Heavy,0,High,2,High,2,14.7847,3385.73,0.109605,0.1
3556,8,BSDF Heavy,0,High,2,High,2,14.7606,3376.37,0.110077,0.1
3557,8,BSDF Heavy,0,High,2,High,2,14.8673,3402.1,0.110206,0.1
3558,8,BSDF Heavy,0,High,2,High,2,14.7379,3373.02,0.109707,0.1
3559,8,BSDF Heavy,0,High,2,High,2,14.7806,3383.28,0.109927,0.1
3560,8,BSDF Heavy,0,High,2,High,2,14.8771,3407.81,0.109927,0.1
3561,8,BSDF Heavy,0,High,2,High,2,14.7707,3383.29,0.108929,0.1
3562,8,BSDF Heavy,0,High,2,High,2,14.9274,3416.32,0.109819,0.1
3563,8,BSDF Heavy,0,High,2,High,2,14.8099,3391.61,0.109886,0.1
3564,8,BSDF Heavy,0,High,2,High,2,14.8686,3403,0.109651,0.1
3565,8,BSDF Heavy,0,High,2,High,2,14.8337,3394.99,0.109614,0.1
3566,8,BSDF Heavy,0,High,2,High,2,14.906,3411.21,0.109699,0.1
3567,8,BSDF Heavy,0,High,2,High,2,14.822,3395.15,0.109313,0.1
3568,8,BSDF Heavy,0,High,2,High,2,14.8125,3393.3,0.1094,0.1
3569,8,BSDF Heavy,0,High,2,High,2,14.916,3412.28,0.110284,0.1
3570,8,BSDF Heavy,0,High,2,High,2,14.9385,3419.47,0.110091,0.1
3571,8,BSDF Heavy,0,High,2,High,2,14.9737,3426.41,0.110862,0.1
3572,8,Balanced,1,High,2,Medium,1,14.9329,3417.72,0.109929,0.1
3573,7,BSDF Heavy,-1,Medium,1,High,2,8.69378,1988.1,0.0941937,0.1
3574,8,Balanced,1,High,2,Medium,1,14.8573,3402.92,0.109558,0.1
3575,7,BSDF Heavy,-1,Medium,1,High,2,8.62605,1971.65,0.0940548,0.1
3576,8,BSDF Heavy,0,High,2,High,2,14.795,3387.93,0.109435,0.1
3577,8,BSDF Heavy,0,High,2,High,2,14.8872,3408.17,0.109427,0.1
3578,8,BSDF Heavy,0,High,2,High,2,14.8634,3404.21,0.109788,0.1
3579,8,BSDF Heavy,0,High,2,High,2,14.8848,3407.45,0.10984,0.1
3580,8,BSDF Heavy,0,High,2,High,2,14.8813,3406.29,0.109886,0.1
3581,8,BSDF Heavy,0,High,2,High,2,14.9635,3423.71,0.1101,0.1
3582,8,Light Heavy,2,High,2,Low,0,14.876,3405.27,0.109896,0.1
3583,6,BSDF Heavy,-2,Low,0,High,2,3.912,903.033,0.0469329,0.1
3584,8,BSDF Heavy,0,High,2,High,2,14.9294,3418.78,0.110079,0.1
3585,8,BSDF Heavy,0,High,2,High,2,14.962,3426.26,0.109886,0.1
3586,8,BSDF Heavy,0,High,2,High,2,14.8703,3405.77,0.109612,0.1
3587,8,BSDF Heavy,0,High,2,High,2,14.8661,3403.82,0.109797,0.1
3588,8,BSDF Heavy,0,High,2,High,2,14.9496,3420.06,0.110631,0.1
3589,8,BSDF Heavy,0,High,2,High,2,14.9141,3414.12,0.110345,0.1
3590,8,BSDF Heavy,0,High,2,High,2,14.9554,3422.86,0.110156,0.1
3591,8,Light Heavy,2,High,2,Low,0,14.8864,3406.97,0.110135,0.1
3592,6,BSDF Heavy,-2,Low,0,High,2,4.04042,932.788,0.0478472,0.1
3593,8,Light Heavy,2,High,2,Low,0,14.8838,3406.03,0.110204,0.1
3594,6,BSDF Heavy,-2,Low,0,High,2,3.94935,912.042,0.047284,0.1
3595,8,Light Heavy,2,High,2,Low,0,14.7932,3387.08,0.10967,0.1
3596,6,BSDF Heavy,-2,Low,0,High,2,3.94442,909.231,0.0474653,0.1
3597,8,Balanced,1,High,2,Medium,1,14.8428,3396.17,0.110168,0.1
3598,7,BSDF Heavy,-1,Medium,1,High,2,8.69853,1989.02,0.0945853,0.1
3599,8,Light Heavy,2,High,2,Low,0,14.9044,3408.61,0.110108,0.1
3600,6,BSDF Heavy,-2,Low,0,High,2,3.97723,919.95,0.046985,0.1
3601,8,BSDF Heavy,0,High,2,High,2,14.8368,3395.9,0.109709,0.1
3602,8,BSDF Heavy,0,High,2,High,2,14.8614,3401.01,0.109971,0.1
3603,8,BSDF Heavy,0,High,2,High,2,14.7388,3375.67,0.109053,0.1
3604,8,BSDF Heavy,0,High,2,High,2,14.9425,3417.61,0.109996,0.1
3605,8,BSDF Heavy,0,High,2,High,2,14.7813,3385.04,0.109184,0.1
3606,8,BSDF Heavy,0,High,2,High,2,14.9689,3427.71,0.110264,0.1
3607,8,BSDF Heavy,0,High,2,High,2,14.8235,3395.03,0.109221,0.1
3608,8,BSDF Heavy,0,High,2,High,2,14.8616,3406.63,0.108981,0.1
3609,8,BSDF Heavy,0,High,2,High,2,14.8373,3393.91,0.110114,0.1
3610,8,BSDF Heavy,0,High,2,High,2,14.9164,3413.2,0.110662,0.1
3611,8,BSDF Heavy,0,High,2,High,2,14.7716,3380.38,0.109716,0.1
3612,8,Light Heavy,2,High,2,Low,0,14.8475,3399.86,0.109711,0.1
3613,6,BSDF Heavy,-2,Low,0,High,2,3.99514,922.09,0.0475347,0.1
3614,8,Balanced,1,High,2,Medium,1,14.8713,3405.78,0.109892,0.1
3615,7,BSDF Heavy,-1,Medium,1,High,2,8.68563,1984.38,0.0950231,0.1
3616,8,Balanced,1,High,2,Medium,1,14.9018,3409.58,0.109952,0.1
3617,7,BSDF Heavy,-1,Medium,1,High,2,8.75575,2004.83,0.0941763,0.1
3618,8,BSDF Heavy,0,High,2,High,2,14.8393,3397.23,0.109853,0.1
3619,8,BSDF Heavy,0,High,2,High,2,14.8084,3391.74,0.109446,0.1
3620,8,Balanced,1,High,2,Medium,1,14.9026,3410.71,0.110027,0.1
3621,7,BSDF Heavy,-1,Medium,1,High,2,8.69211,1987.13,0.0944946,0.1
3622,8,Light Heavy,2,High,2,Low,0,14.8718,3406.07,0.109851,0.1
3623,6,BSDF Heavy,-2,Low,0,High,2,3.9446,910.063,0.0473302,0.1
3624,8,BSDF Heavy,0,High,2,High,2,14.8623,3403.57,0.109545,0.1
3625,8,BSDF Heavy,0,High,2,High,2,14.871,3403.83,0.109419,0.1
3626,8,BSDF Heavy,0,High,2,High,2,14.9678,3425.79,0.110289,0.1
3627,8,BSDF Heavy,0,High,2,High,2,14.9694,3426.29,0.11065,0.1
3628,8,BSDF Heavy,0,High,2,High,2,15.0054,3432.34,0.110984,0.1
3629,8,BSDF Heavy,0,High,2,High,2,14.879,3405.33,0.110314,0.1
3630,8,BSDF Heavy,0,High,2,High,2,14.8534,3402.5,0.110025,0.1
3631,8,BSDF Heavy,0,High,2,High,2,14.8925,3409.26,0.109971,0.1
3632,8,BSDF Heavy,0,High,2,High,2,14.938,3419.06,0.11017,0.1
3633,8,Light Heavy,2,High,2,Low,0,14.8428,3398.15,0.109701,0.1
3634,6,BSDF Heavy,-2,Low,0,High,2,3.92557,906.156,0.0467052,0.1
3635,8,Balanced,1,High,2,Medium,1,14.9132,3414.47,0.109983,0.1
3636,7,BSDF Heavy,-1,Medium,1,High,2,8.66568,1981.29,0.0944618,0.1
3637,8,Balanced,1,High,2,Medium,1,14.9696,3424.8,0.110241,0.1
3638,7,BSDF Heavy,-1,Medium,1,High,2,8.72616,1998.03,0.0943769,0.1
3639,8,BSDF Heavy,0,High,2,High,2,14.8542,3400.41,0.10995,0.1
3640,8,BSDF Heavy,0,High,2,High,2,14.8575,3401.84,0.11,0.1
3641,8,BSDF Heavy,0,High,2,High,2,14.744,3376.05,0.109653,0.1
3642,8,BSDF Heavy,0,High,2,High,2,14.9037,3413.18,0.110289,0.1
3643,8,BSDF Heavy,0,High,2,High,2,14.9147,3414.25,0.1105,0.1
3644,8,BSDF Heavy,0,High,2,High,2,14.9025,3411.13,0.110411,0.1
3645,8,BSDF Heavy,0,High,2,High,2,14.8408,3397.6,0.109832,0.1
3646,8,BSDF Heavy,0,High,2,High,2,14.9906,3433.54,0.110218,0.1
3647,8,BSDF Heavy,0,High,2,High,2,14.8773,3409.5,0.109198,0.1
3648,8,BSDF Heavy,0,High,2,High,2,14.8642,3401.45,0.109923,0.1
3649,8,BSDF Heavy,0,High,2,High,2,14.93,3417.22,0.110557,0.1
3650,8,BSDF Heavy,0,High,2,High,2,14.9001,3410.33,0.109784,0.1
3651,8,BSDF Heavy,0,High,2,High,2,14.6986,3366.3,0.109389,0.1
3652,8,BSDF Heavy,0,High,2,High,2,14.8488,3398.87,0.109873,0.1
3653,8,BSDF Heavy,0,High,2,High,2,14.8839,3407.01,0.110195,0.1
3654,8,BSDF Heavy,0,High,2,High,2,14.8806,3407.38,0.110064,0.1
3655,8,BSDF Heavy,0,High,2,High,2,14.9495,3422.39,0.110301,0.1
3656,8,Light Heavy,2,High,2,Low,0,14.8566,3403.58,0.109761,0.1
3657,6,Balanced,-1,Low,0,Medium,1,4.01088,927.672,0.0474286,0.1
3658,7,Light Heavy,1,Medium,1,Low,0,8.69896,1989.86,0.0945949,0.1
3659,6,Light Heavy,0,Low,0,Low,0,4.0119,926.968,0.0472917,0.1
3660,6,Light Heavy,0,Low,0,Low,0,3.9312,908.252,0.0466744,0.1
3661,6,Light Heavy,0,Low,0,Low,0,3.94056,909.072,0.0470312,0.1
3662,6,Light Heavy,0,Low,0,Low,0,3.93476,909.688,0.0467708,0.1
3663,6,Light Heavy,0,Low,0,Low,0,3.9095,901.796,0.0470428,0.1
3664,6,Light Heavy,0,Low,0,Low,0,3.91966,905.098,0.0470833,0.1
3665,6,Light Heavy,0,Low,0,Low,0,3.91934,903.754,0.0472897,0.1
3666,6,Light Heavy,0,Low,0,Low,0,3.8833,895.918,0.0467323,0.1
3667,6,Light Heavy,0,Low,0,Low,0,3.93535,909.139,0.0471489,0.1
3668,6,Light Heavy,0,Low,0,Low,0,3.93487,908.74,0.0469444,0.1
3669,6,Light Heavy,0,Low,0,Low,0,4.02455,930.088,0.0473688,0.1
3670,6,Light Heavy,0,Low,0,Low,0,3.89997,899.542,0.0468615,0.1
3671,6,Light Heavy,0,Low,0,Low,0,3.88282,894.257,0.0471065,0.1
3672,6,Light Heavy,0,Low,0,Low,0,3.93504,907.903,0.0473958,0.1
3673,6,Light Heavy,0,Low,0,Low,0,3.95874,914.117,0.0471219,0.1
3674,6,Light Heavy,0,Low,0,Low,0,3.89495,898.302,0.0469078,0.1
3675,6,Light Heavy,0,Low,0,Low,0,3.92683,906.498,0.0470312,0.1
3676,6,Light Heavy,0,Low,0,Low,0,3.94807,913.25,0.0465972,0.1
3677,6,Balanced,-1,Low,0,Medium,1,3.9289,906.172,0.0468576,0.1
3678,7,Light Heavy,1,Medium,1,Low,0,8.70905,1993.82,0.0940085,0.1
3679,6,Light Heavy,0,Low,0,Low,0,3.91226,903.896,0.0467207,0.1
3680,6,Light Heavy,0,Low,0,Low,0,3.91366,902.391,0.0473187,0.1
3681,6,Light Heavy,0,Low,0,Low,0,3.90865,901.15,0.046956,0.1
3682,6,Light Heavy,0,Low,0,Low,0,3.96729,916.041,0.0474576,0.1
3683,6,BSDF Heavy,-2,Low,0,High,2,3.91235,902.468,0.0472704,0.1
3684,8,Light Heavy,2,High,2,Low,0,14.8032,3390.82,0.109441,0.1
3685,6,BSDF Heavy,-2,Low,0,High,2,3.96156,914.585,0.0472357,0.1
3686,8,Light Heavy,2,High,2,Low,0,14.9413,3421.63,0.109497,0.1
3687,6,BSDF Heavy,-2,Low,0,High,2,3.945,910.045,0.0474479,0.1
3688,8,Light Heavy,2,High,2,Low,0,14.8414,3397.87,0.109633,0.1
3689,6,BSDF Heavy,-2,Low,0,High,2,3.97367,919.324,0.0470312,0.1
3690,8,Light Heavy,2,High,2,Low,0,14.8714,3405.03,0.109823,0.1
3691,6,BSDF Heavy,-2,Low,0,High,2,3.93394,906.556,0.0476871,0.1
3692,8,Light Heavy,2,High,2,Low,0,14.8226,3394.47,0.109782,0.1
3693,6,BSDF Heavy,-2,Low,0,High,2,3.92406,906.63,0.0466898,0.1
3694,8,Light Heavy,2,High,2,Low,0,14.8184,3393.66,0.109961,0.1
3695,6,BSDF Heavy,-2,Low,0,High,2,3.91011,903.416,0.0467303,0.1
3696,8,BSDF Heavy,0,High,2,High,2,14.8307,3394.79,0.109655,0.1
3697,8,BSDF Heavy,0,High,2,High,2,14.821,3392.33,0.109464,0.1
3698,8,BSDF Heavy,0,High,2,High,2,14.8714,3405.05,0.109911,0.1
3699,8,BSDF Heavy,0,High,2,High,2,14.8231,3394.33,0.109495,0.1
3700,8,BSDF Heavy,0,High,2,High,2,14.8814,3408.06,0.109315,0.1
3701,8,BSDF Heavy,0,High,2,High,2,14.8334,3395.08,0.109458,0.1
3702,8,BSDF Heavy,0,High,2,High,2,14.8574,3400.53,0.110058,0.1
3703,8,BSDF Heavy,0,High,2,High,2,14.8329,3394.5,0.109805,0.1
3704,8,BSDF Heavy,0,High,2,High,2,14.8461,3400.04,0.109462,0.1
3705,8,BSDF Heavy,0,High,2,High,2,14.9177,3417.22,0.110023,0.1
3706,8,BSDF Heavy,0,High,2,High,2,14.8828,3406.69,0.110135,0.1
3707,8,BSDF Heavy,0,High,2,High,2,14.8566,3401.05,0.10979,0.1
3708,8,BSDF Heavy,0,High,2,High,2,14.8754,3405.1,0.1099,0.1
3709,8,BSDF Heavy,0,High,2,High,2,14.8517,3402.11,0.109969,0.1
3710,8,BSDF Heavy,0,High,2,High,2,14.9518,3421.71,0.110397,0.1
3711,8,BSDF Heavy,0,High,2,High,2,14.8438,3399.83,0.10934,0.1
3712,8,BSDF Heavy,0,High,2,High,2,14.8803,3407.29,0.109394,0.1
3713,8,BSDF Heavy,0,High,2,High,2,14.8805,3405.77,0.110064,0.1
3714,8,BSDF Heavy,0,High,2,High,2,14.8513,3400.85,0.109701,0.1
3715,8,BSDF Heavy,0,High,2,High,2,14.8891,3409.51,0.109838,0.1
3716,8,BSDF Heavy,0,High,2,High,2,14.8324,3396.8,0.109988,0.1
3717,8,BSDF Heavy,0,High,2,High,2,14.9235,3415.44,0.110287,0.1
3718,8,Balanced,1,High,2,Medium,1,14.8447,3400,0.10957,0.1
3719,7,Balanced,0,Medium,1,Medium,1,8.75459,2003.63,0.0943692,0.1
3720,7,Light Heavy,1,Medium,1,Low,0,8.69494,1988.85,0.09413,0.1
3721,6,Light Heavy,0,Low,0,Low,0,3.96205,914.917,0.0469599,0.1
3722,6,Light Heavy,0,Low,0,Low,0,3.95945,914.192,0.0475154,0.1
3723,6,Light Heavy,0,Low,0,Low,0,3.95687,912.735,0.0473881,0.1
3724,6,Light Heavy,0,Low,0,Low,0,3.90356,899.54,0.0476505,0.1
3725,6,Light Heavy,0,Low,0,Low,0,3.93777,910.447,0.0466146,0.1
3726,6,Light Heavy,0,Low,0,Low,0,3.95541,913.24,0.0470544,0.1
3727,6,Light Heavy,0,Low,0,Low,0,3.94209,910.025,0.0469194,0.1
3728,6,Light Heavy,0,Low,0,Low,0,3.92095,905.425,0.0470448,0.1
3729,6,Light Heavy,0,Low,0,Low,0,3.95676,912.861,0.0471258,0.1
3730,6,Balanced,-1,Low,0,Medium,1,3.90101,901.329,0.0466223,0.1
3731,7,Light Heavy,1,Medium,1,Low,0,8.70244,1990.43,0.0945486,0.1
3732,6,Light Heavy,0,Low,0,Low,0,3.94006,909.979,0.0471798,0.1
3733,6,Light Heavy,0,Low,0,Low,0,3.92186,905.407,0.046794,0.1
3734,6,Light Heavy,0,Low,0,Low,0,3.96576,915.535,0.0472897,0.1
3735,6,Balanced,-1,Low,0,Medium,1,3.89487,897.981,0.0471624,0.1
3736,7,Light Heavy,1,Medium,1,Low,0,8.6399,1976.9,0.0938349,0.1
3737,6,Light Heavy,0,Low,0,Low,0,3.86467,892.065,0.0468248,0.1
3738,6,Light Heavy,0,Low,0,Low,0,3.87485,893.185,0.0468557,0.1
3739,6,Balanced,-1,Low,0,Medium,1,3.9842,919.6,0.0475598,0.1
3740,7,Light Heavy,1,Medium,1,Low,0,8.64793,1978.61,0.0947569,0.1
3741,6,Light Heavy,0,Low,0,Low,0,3.88384,895.99,0.0465625,0.1
3742,6,Light Heavy,0,Low,0,Low,0,3.93038,907.154,0.0470872,0.1
3743,6,Light Heavy,0,Low,0,Low,0,3.93636,908.206,0.0471258,0.1
3744,6,Light Heavy,0,Low,0,Low,0,3.87557,894.52,0.0464738,0.1
3745,6,Light Heavy,0,Low,0,Low,0,3.92796,906.508,0.047174,0.1
3746,6,Light Heavy,0,Low,0,Low,0,3.97736,918.02,0.0474576,0.1
3747,6,Light Heavy,0,Low,0,Low,0,3.9339,908.394,0.047093,0.1
3748,6,Light Heavy,0,Low,0,Low,0,3.91785,904.442,0.0468769,0.1
3749,6,Light Heavy,0,Low,0,Low,0,3.94927,912.049,0.0471991,0.1
3750,6,Light Heavy,0,Low,0,Low,0,3.97262,917.635,0.0470968,0.1
3751,6,Light Heavy,0,Low,0,Low,0,3.96655,916.228,0.0474171,0.1
3752,6,Light Heavy,0,Low,0,Low,0,3.96047,914.309,0.0472164,0.1
3753,6,Light Heavy,0,Low,0,Low,0,3.95845,914.737,0.0471509,0.1
3754,6,Light Heavy,0,Low,0,Low,0,3.93496,909.705,0.0463754,0.1
3755,6,Light Heavy,0,Low,0,Low,0,3.90221,900.512,0.046738,0.1
3756,6,Light Heavy,0,Low,0,Low,0,3.97783,920.035,0.0469946,0.1
3757,6,Light Heavy,0,Low,0,Low,0,3.95641,912.938,0.0472608,0.1
3758,6,Light Heavy,0,Low,0,Low,0,3.90709,902.24,0.0466995,0.1
3759,6,Balanced,-1,Low,0,Medium,1,3.93067,906.51,0.047338,0.1
3760,7,Light Heavy,1,Medium,1,Low,0,8.72184,1996.22,0.0942284,0.1
3761,6,BSDF Heavy,-2,Low,0,High,2,3.9485,911.679,0.0470756,0.1
3762,8,Light Heavy,2,High,2,Low,0,15.0042,3434.3,0.110899,0.1
3763,6,Balanced,-1,Low,0,Medium,1,3.94834,911.651,0.0471007,0.1
3764,7,Light Heavy,1,Medium,1,Low,0,8.67014,1982.41,0.0943557,0.1
3765,6,Light Heavy,0,Low,0,Low,0,3.94523,911.594,0.0470814,0.1
3766,6,Light Heavy,0,Low,0,Low,0,3.94632,912.271,0.0466802,0.1
3767,6,Light Heavy,0,Low,0,Low,0,3.88653,896.856,0.0468731,0.1
3768,6,Light Heavy,0,Low,0,Low,0,3.89243,897.326,0.0469329,0.1
3769,6,Light Heavy,0,Low,0,Low,0,3.94647,911.229,0.0474363,0.1
3770,6,Light Heavy,0,Low,0,Low,0,3.96408,915.828,0.0473167,0.1
3771,6,Light Heavy,0,Low,0,Low,0,3.95844,914.064,0.0471644,0.1
3772,6,Light Heavy,0,Low,0,Low,0,3.88638,895.378,0.0468924,0.1
3773,6,BSDF Heavy,-2,Low,0,High,2,3.95369,913.157,0.0470139,0.1
3774,8,Light Heavy,2,High,2,Low,0,14.9692,3427.8,0.110222,0.1
3775,6,BSDF Heavy,-2,Low,0,High,2,4.02229,929.212,0.0478144,0.1
3776,8,Light Heavy,2,High,2,Low,0,14.8169,3392.44,0.109911,0.1
3777,6,Balanced,-1,Low,0,Medium,1,3.94871,911.03,0.047147,0.1
3778,7,BSDF Heavy,-1,Medium,1,High,2,8.77014,2006.93,0.0946914,0.1
3779,8,Light Heavy,2,High,2,Low,0,14.9614,3422.24,0.110469,0.1
3780,6,Balanced,-1,Low,0,Medium,1,3.93588,909.298,0.0469965,0.1
3781,7,Light Heavy,1,Medium,1,Low,0,8.60455,1968.48,0.0939333,0.1
3782,6,Light Heavy,0,Low,0,Low,0,3.89686,899.122,0.047093,0.1
3783,6,Light Heavy,0,Low,0,Low,0,3.92808,906.627,0.047064,0.1
3784,6,Light Heavy,0,Low,0,Low,0,3.88908,897.848,0.0463407,0.1
3785,6,Light Heavy,0,Low,0,Low,0,3.91469,904.958,0.0468133,0.1
3786,6,Light Heavy,0,Low,0,Low,0,3.929,907.798,0.0468866,0.1
3787,6,Light Heavy,0,Low,0,Low,0,3.98439,920.04,0.0469329,0.1
3788,6,Light Heavy,0,Low,0,Low,0,3.96543,917.039,0.0471605,0.1
3789,6,Light Heavy,0,Low,0,Low,0,3.98326,920.675,0.0473148,0.1
3790,6,Light Heavy,0,Low,0,Low,0,3.93847,909.12,0.0472087,0.1
3791,6,Light Heavy,0,Low,0,Low,0,3.93926,908.871,0.0474826,0.1
3792,6,Light Heavy,0,Low,0,Low,0,3.92782,907.723,0.0468789,0.1
3793,6,Light Heavy,0,Low,0,Low,0,3.95179,912.301,0.0472859,0.1
3794,6,Light Heavy,0,Low,0,Low,0,3.915,904.37,0.0471026,0.1
3795,6,Light Heavy,0,Low,0,Low,0,3.94819,911.993,0.0471026,0.1
3796,6,Light Heavy,0,Low,0,Low,0,3.89159,898.307,0.0468615,0.1
3797,6,Light Heavy,0,Low,0,Low,0,3.96346,915.562,0.0472319,0.1
3798,6,Light Heavy,0,Low,0,Low,0,3.92624,907.421,0.0465374,0.1
3799,6,Light Heavy,0,Low,0,Low,0,3.93699,908.897,0.0469155,0.1
3800,6,Light Heavy,0,Low,0,Low,0,3.88725,897.123,0.0466165,0.1
3801,6,Light Heavy,0,Low,0,Low,0,3.87346,894.268,0.0466223,0.1
3802,6,Light Heavy,0,Low,0,Low,0,3.93834,908.321,0.0474016,0.1
3803,6,Light Heavy,0,Low,0,Low,0,3.88432,895.896,0.0470235,0.1
3804,6,Light Heavy,0,Low,0,Low,0,3.98122,919.785,0.0474865,0.1
3805,6,Light Heavy,0,Low,0,Low,0,3.91785,903.557,0.0472261,0.1
3806,6,Light Heavy,0,Low,0,Low,0,3.91735,904.324,0.0470872,0.1
3807,6,Light Heavy,0,Low,0,Low,0,3.95871,913.999,0.0472724,0.1
3808,6,Light Heavy,0,Low,0,Low,0,3.93253,907.088,0.047091,0.1
3809,6,Light Heavy,0,Low,0,Low,0,3.92696,906.628,0.0471142,0.1
3810,6,Light Heavy,0,Low,0,Low,0,3.94864,911.742,0.0472917,0.1
3811,6,Light Heavy,0,Low,0,Low,0,3.94009,910.008,0.0469772,0.1
3812,6,BSDF Heavy,-2,Low,0,High,2,3.91672,904.308,0.0469657,0.1
3813,8,Light Heavy,2,High,2,Low,0,14.8297,3395.19,0.110029,0.1
3814,6,Balanced,-1,Low,0,Medium,1,3.94795,911.496,0.0470274,0.1
3815,7,Light Heavy,1,Medium,1,Low,0,8.65218,1980.9,0.09375,0.1
3816,6,Light Heavy,0,Low,0,Low,0,3.97032,917.712,0.0472049,0.1
3817,6,Light Heavy,0,Low,0,Low,0,3.94754,911.71,0.0471759,0.1
3818,6,Balanced,-1,Low,0,Medium,1,3.8896,897.409,0.0468981,0.1
3819,7,Light Heavy,1,Medium,1,Low,0,8.74318,1999.11,0.0947647,0.1
3820,6,Light Heavy,0,Low,0,Low,0,3.91275,903.374,0.0471489,0.1
3821,6,Light Heavy,0,Low,0,Low,0,3.99864,924.148,0.0474595,0.1
3822,6,Light Heavy,0,Low,0,Low,0,3.93379,908.284,0.0467245,0.1
3823,6,Light Heavy,0,Low,0,Low,0,3.93975,907.898,0.047419,0.1
3824,6,Light Heavy,0,Low,0,Low,0,3.86723,890.944,0.0469522,0.1
3825,6,BSDF Heavy,-2,Low,0,High,2,3.96482,915.385,0.0469715,0.1
3826,8,Light Heavy,2,High,2,Low,0,14.8771,3405.37,0.110218,0.1
3827,6,Balanced,-1,Low,0,Medium,1,3.90482,901.137,0.0467554,0.1
3828,7,Light Heavy,1,Medium,1,Low,0,8.60829,1969.32,0.0934587,0.1
3829,6,Light Heavy,0,Low,0,Low,0,3.8388,885.485,0.0464718,0.1
3830,6,Light Heavy,0,Low,0,Low,0,3.95435,912.883,0.047311,0.1
3831,6,Light Heavy,0,Low,0,Low,0,3.96161,915.992,0.0468017,0.1
3832,6,Balanced,-1,Low,0,Medium,1,3.92179,905.148,0.0472106,0.1
3833,7,Light Heavy,1,Medium,1,Low,0,8.65916,1979.43,0.0943113,0.1
3834,6,Light Heavy,0,Low,0,Low,0,3.97504,919.16,0.0468981,0.1
3835,6,Light Heavy,0,Low,0,Low,0,3.96054,913.716,0.0471798,0.1
3836,6,Light Heavy,0,Low,0,Low,0,3.92836,905.174,0.0476196,0.1
3837,6,BSDF Heavy,-2,Low,0,High,2,3.96689,916.928,0.0472242,0.1
3838,8,Light Heavy,2,High,2,Low,0,14.918,3412.86,0.110509,0.1
3839,6,Balanced,-1,Low,0,Medium,1,3.92915,906.246,0.0473013,0.1
3840,7,Light Heavy,1,Medium,1,Low,0,8.65618,1979.37,0.0941898,0.1
3841,6,Light Heavy,0,Low,0,Low,0,3.91227,901.955,0.0472319,0.1
3842,6,Light Heavy,0,Low,0,Low,0,3.94592,912.973,0.0466628,0.1
3843,6,Light Heavy,0,Low,0,Low,0,3.94119,909.825,0.0472492,0.1
3844,6,Light Heavy,0,Low,0,Low,0,3.94378,911.253,0.0469116,0.1
3845,6,Light Heavy,0,Low,0,Low,0,3.93037,907.148,0.0475675,0.1
3846,6,Light Heavy,0,Low,0,Low,0,3.84748,887.28,0.0467091,0.1
3847,6,Light Heavy,0,Low,0,Low,0,4.00354,924.487,0.047662,0.1
3848,6,Light Heavy,0,Low,0,Low,0,3.86326,890.676,0.0466532,0.1
3849,6,Light Heavy,0,Low,0,Low,0,3.9071,900.681,0.0471586,0.1
3850,6,Light Heavy,0,Low,0,Low,0,3.96463,917.294,0.0466184,0.1
3851,6,Light Heavy,0,Low,0,Low,0,3.96544,915.796,0.0471296,0.1
3852,6,Light Heavy,0,Low,0,Low,0,3.91196,903.351,0.0470949,0.1
3853,6,Light Heavy,0,Low,0,Low,0,3.90268,900.625,0.0469811,0.1
3854,6,Light Heavy,0,Low,0,Low,0,3.95715,914.191,0.0469194,0.1
3855,6,Light Heavy,0,Low,0,Low,0,3.93628,908.537,0.0470698,0.1
3856,6,Light Heavy,0,Low,0,Low,0,3.92637,906.54,0.0470718,0.1
3857,6,Light Heavy,0,Low,0,Low,0,3.97498,919.14,0.0469715,0.1
3858,6,Light Heavy,0,Low,0,Low,0,4.01069,927.016,0.0473939,0.1
3859,6,Light Heavy,0,Low,0,Low,0,3.95466,913.186,0.0472396,0.1
3860,6,Light Heavy,0,Low,0,Low,0,3.91266,902.864,0.0471296,0.1
3861,6,Light Heavy,0,Low,0,Low,0,3.92432,905.782,0.0473032,0.1
3862,6,Light Heavy,0,Low,0,Low,0,3.92396,906.269,0.0468519,0.1
3863,6,Light Heavy,0,Low,0,Low,0,3.8957,898.797,0.0470062,0.1
3864,6,Light Heavy,0,Low,0,Low,0,3.90432,901.266,0.046603,0.1
3865,6,Light Heavy,0,Low,0,Low,0,3.97622,919.417,0.0472222,0.1
3866,6,Light Heavy,0,Low,0,Low,0,3.92924,907.222,0.0471489,0.1
3867,6,Light Heavy,0,Low,0,Low,0,3.91084,901.93,0.0471682,0.1
3868,6,Light Heavy,0,Low,0,Low,0,3.92756,906.33,0.0469309,0.1
3869,6,Light Heavy,0,Low,0,Low,0,3.93223,908.071,0.0470525,0.1
3870,6,Light Heavy,0,Low,0,Low,0,3.95338,913.204,0.0467573,0.1
3871,6,Light Heavy,0,Low,0,Low,0,3.9641,915.948,0.0473013,0.1
3872,6,Light Heavy,0,Low,0,Low,0,3.8971,899.896,0.0468904,0.1
3873,6,Light Heavy,0,Low,0,Low,0,3.94327,910.929,0.0467573,0.1
3874,6,Light Heavy,0,Low,0,Low,0,3.90357,899.696,0.0469059,0.1
3875,6,Light Heavy,0,Low,0,Low,0,4.00034,923.54,0.0473013,0.1
3876,6,Light Heavy,0,Low,0,Low,0,3.95345,912.226,0.0472415,0.1
3877,6,Light Heavy,0,Low,0,Low,0,3.97361,918.979,0.0468248,0.1
3878,6,Light Heavy,0,Low,0,Low,0,3.8748,894.228,0.0464834,0.1
3879,6,BSDF Heavy,-2,Low,0,High,2,3.92967,908.64,0.0466319,0.1
3880,8,Light Heavy,2,High,2,Low,0,14.8434,3399.94,0.109441,0.1
3881,6,Balanced,-1,Low,0,Medium,1,3.91149,903.385,0.0466358,0.1
3882,7,Light Heavy,1,Medium,1,Low,0,8.69651,1990.73,0.0940837,0.1
3883,6,Light Heavy,0,Low,0,Low,0,3.92536,906.721,0.0469792,0.1
3884,6,Light Heavy,0,Low,0,Low,0,3.89342,899.036,0.047066,0.1
3885,6,Light Heavy,0,Low,0,Low,0,3.88086,895.034,0.0469348,0.1
3886,6,Light Heavy,0,Low,0,Low,0,3.97899,920.147,0.047174,0.1
3887,6,Light Heavy,0,Low,0,Low,0,3.91055,903.841,0.0466609,0.1
3888,6,Light Heavy,0,Low,0,Low,0,3.92805,907.592,0.0468364,0.1
3889,6,Light Heavy,0,Low,0,Low,0,3.99232,922.204,0.0473958,0.1
3890,6,Light Heavy,0,Low,0,Low,0,3.93258,907.835,0.0468557,0.1
3891,6,BSDF Heavy,-2,Low,0,High,2,3.8534,888.481,0.0464198,0.1
3892,8,Light Heavy,2,High,2,Low,0,14.8683,3404.69,0.109813,0.1
3893,6,Balanced,-1,Low,0,Medium,1,3.9208,905.407,0.0465181,0.1
3894,7,Light Heavy,1,Medium,1,Low,0,8.64365,1978.25,0.0938194,0.1
3895,6,Light Heavy,0,Low,0,Low,0,3.94866,911.981,0.0468731,0.1
3896,6,Light Heavy,0,Low,0,Low,0,3.91058,902.871,0.0469444,0.1
3897,6,Light Heavy,0,Low,0,Low,0,3.99819,923.118,0.0477315,0.1
3898,6,Balanced,-1,Low,0,Medium,1,3.93707,909.391,0.047147,0.1
3899,7,Light Heavy,1,Medium,1,Low,0,8.74939,2002.61,0.0943499,0.1
3900,6,Balanced,-1,Low,0,Medium,1,3.94281,909.97,0.0475174,0.1
3901,7,Light Heavy,1,Medium,1,Low,0,8.79135,2010.19,0.0950617,0.1
3902,6,Light Heavy,0,Low,0,Low,0,4.00254,924.268,0.0473322,0.1
3903,6,Light Heavy,0,Low,0,Low,0,3.94514,910.634,0.0473958,0.1
3904,6,Light Heavy,0,Low,0,Low,0,3.98138,918.478,0.0471605,0.1
3905,6,Light Heavy,0,Low,0,Low,0,3.97804,921.278,0.0465548,0.1
3906,6,Light Heavy,0,Low,0,Low,0,3.96961,917.085,0.0473206,0.1
3907,6,Light Heavy,0,Low,0,Low,0,3.92898,905.211,0.0474055,0.1
3908,6,Light Heavy,0,Low,0,Low,0,3.89681,899.742,0.0466146,0.1
3909,6,Light Heavy,0,Low,0,Low,0,3.94986,912.36,0.0470756,0.1
3910,6,Light Heavy,0,Low,0,Low,0,3.92812,906.001,0.047064,0.1
3911,6,Light Heavy,0,Low,0,Low,0,3.91457,904.041,0.0468422,0.1
3912,6,Light Heavy,0,Low,0,Low,0,3.94231,910.237,0.0469213,0.1
3913,6,Light Heavy,0,Low,0,Low,0,3.93936,909.242,0.047091,0.1
3914,6,Light Heavy,0,Low,0,Low,0,3.93367,907.831,0.0470351,0.1
3915,6,Light Heavy,0,Low,0,Low,0,3.91864,904.453,0.0470428,0.1
3916,6,Light Heavy,0,Low,0,Low,0,3.96819,916.121,0.0471412,0.1
3917,6,Light Heavy,0,Low,0,Low,0,3.97599,918.27,0.0474518,0.1
3918,6,Light Heavy,0,Low,0,Low,0,3.90584,900.523,0.0466686,0.1
3919,6,Light Heavy,0,Low,0,Low,0,3.97459,917.983,0.047039,0.1
3920,6,Light Heavy,0,Low,0,Low,0,3.96487,915.871,0.0471277,0.1
3921,6,Light Heavy,0,Low,0,Low,0,3.88344,895.576,0.0466416,0.1
3922,6,Balanced,-1,Low,0,Medium,1,3.94783,910.457,0.047012,0.1
3923,7,Light Heavy,1,Medium,1,Low,0,8.65285,1979.5,0.0939583,0.1
3924,6,Light Heavy,0,Low,0,Low,0,3.93449,908.677,0.0468171,0.1
3925,6,Light Heavy,0,Low,0,Low,0,3.91526,903.574,0.0467708,0.1
3926,6,Light Heavy,0,Low,0,Low,0,3.93047,907.338,0.0470467,0.1
3927,6,Light Heavy,0,Low,0,Low,0,3.94506,910.351,0.0470197,0.1
3928,6,Light Heavy,0,Low,0,Low,0,3.93443,907.77,0.0472164,0.1
3929,6,Light Heavy,0,Low,0,Low,0,3.99192,921.702,0.0473611,0.1
3930,6,Light Heavy,0,Low,0,Low,0,3.9581,913.759,0.0474556,0.1
3931,6,Light Heavy,0,Low,0,Low,0,3.97122,918.436,0.0467631,0.1
3932,6,Light Heavy,0,Low,0,Low,0,3.94522,911.824,0.0469579,0.1
3933,6,Light Heavy,0,Low,0,Low,0,3.92817,906.462,0.0472261,0.1
3934,6,Balanced,-1,Low,0,Medium,1,3.88073,894.195,0.0469734,0.1
3935,7,Light Heavy,1,Medium,1,Low,0,8.62225,1973.59,0.0937346,0.1
3936,6,Light Heavy,0,Low,0,Low,0,3.93438,908.609,0.0469078,0.1
3937,6,Light Heavy,0,Low,0,Low,0,3.90798,901.758,0.0467303,0.1
3938,6,Light Heavy,0,Low,0,Low,0,3.9313,907.445,0.046711,0.1
3939,6,Light Heavy,0,Low,0,Low,0,3.90676,900.927,0.0470525,0.1
3940,6,Light Heavy,0,Low,0,Low,0,3.92875,906.946,0.0468499,0.1
3941,6,Light Heavy,0,Low,0,Low,0,3.90818,901.505,0.0469676,0.1
3942,6,Light Heavy,0,Low,0,Low,0,3.9508,911.625,0.0473553,0.1
3943,6,Light Heavy,0,Low,0,Low,0,3.92889,907.574,0.0469869,0.1
3944,6,Light Heavy,0,Low,0,Low,0,3.91695,904.563,0.0466937,0.1
3945,6,Light Heavy,0,Low,0,Low,0,3.95245,912.945,0.0469271,0.1
3946,6,Light Heavy,0,Low,0,Low,0,3.94373,910.647,0.0471971,0.1
3947,6,Light Heavy,0,Low,0,Low,0,3.96682,917.222,0.0470563,0.1
3948,6,Light Heavy,0,Low,0,Low,0,3.93826,910.804,0.046684,0.1
3949,6,Light Heavy,0,Low,0,Low,0,3.92363,905.54,0.0469676,0.1
3950,6,Light Heavy,0,Low,0,Low,0,3.88502,895.922,0.0465721,0.1
3951,6,Light Heavy,0,Low,0,Low,0,4.00023,924.96,0.0474653,0.1
3952,6,Light Heavy,0,Low,0,Low,0,3.99637,923.271,0.0475849,0.1
3953,6,Light Heavy,0,Low,0,Low,0,3.961,914.46,0.0471412,0.1
3954,6,BSDF Heavy,-2,Low,0,High,2,3.91557,903.854,0.0467535,0.1
3955,8,Light Heavy,2,High,2,Low,0,14.8637,3404.56,0.109786,0.1
3956,6,Balanced,-1,Low,0,Medium,1,3.93435,909.134,0.0470775,0.1
3957,7,BSDF Heavy,-1,Medium,1,High,2,8.74706,2001.27,0.0946875,0.1
3958,8,Light Heavy,2,High,2,Low,0,14.8536,3400.33,0.110012,0.1
3959,6,Balanced,-1,Low,0,Medium,1,3.94891,911.607,0.046902,0.1
3960,7,Light Heavy,1,Medium,1,Low,0,8.72141,1995,0.0950868,0.1
3961,6,Light Heavy,0,Low,0,Low,0,3.89426,899.023,0.0465876,0.1
3962,6,Light Heavy,0,Low,0,Low,0,3.89637,900.067,0.0466049,0.1
3963,6,Light Heavy,0,Low,0,Low,0,3.94147,908.36,0.0476003,0.1
3964,6,Light Heavy,0,Low,0,Low,0,3.95121,912.853,0.0468345,0.1
3965,6,Light Heavy,0,Low,0,Low,0,3.94533,910.196,0.0472569,0.1
3966,6,Light Heavy,0,Low,0,Low,0,3.9571,912.826,0.04739,0.1
3967,6,BSDF Heavy,-2,Low,0,High,2,3.8964,899.496,0.0466956,0.1
3968,8,Light Heavy,2,High,2,Low,0,14.9011,3409.88,0.110351,0.1
3969,6,Balanced,-1,Low,0,Medium,1,3.91648,904.357,0.047039,0.1
3970,7,Light Heavy,1,Medium,1,Low,0,8.70047,1989.73,0.0943827,0.1
3971,6,Light Heavy,0,Low,0,Low,0,3.96859,916.117,0.0472782,0.1
3972,6,Light Heavy,0,Low,0,Low,0,3.94913,911.573,0.0473206,0.1
3973,6,Light Heavy,0,Low,0,Low,0,3.94936,912.548,0.0468808,0.1
3974,6,Light Heavy,0,Low,0,Low,0,3.93785,909.349,0.0471335,0.1
3975,6,Light Heavy,0,Low,0,Low,0,3.95318,911.153,0.0475829,0.1
3976,6,Light Heavy,0,Low,0,Low,0,3.94272,910.15,0.0473187,0.1
3977,6,Light Heavy,0,Low,0,Low,0,3.91985,903.444,0.0473129,0.1
3978,6,Light Heavy,0,Low,0,Low,0,3.8984,900.56,0.0466609,0.1
3979,6,Light Heavy,0,Low,0,Low,0,3.93194,907.959,0.0470004,0.1
3980,6,Light Heavy,0,Low,0,Low,0,3.95077,912.785,0.0471528,0.1
3981,6,Light Heavy,0,Low,0,Low,0,3.94381,909.952,0.0474884,0.1
3982,6,Light Heavy,0,Low,0,Low,0,3.99607,922.061,0.0476833,0.1
3983,6,Light Heavy,0,Low,0,Low,0,3.96714,917.129,0.0468827,0.1
3984,6,Light Heavy,0,Low,0,Low,0,3.94826,911.904,0.0468924,0.1
3985,6,Light Heavy,0,Low,0,Low,0,3.96583,914.698,0.0475482,0.1
3986,6,Light Heavy,0,Low,0,Low,0,3.92915,908.236,0.0465625,0.1
3987,6,Light Heavy,0,Low,0,Low,0,3.83002,882.958,0.0464699,0.1
3988,6,Light Heavy,0,Low,0,Low,0,3.92092,904.971,0.0471605,0.1
3989,6,Light Heavy,0,Low,0,Low,0,3.93558,908.414,0.0470081,0.1
3990,6,Light Heavy,0,Low,0,Low,0,3.94392,910.866,0.0470177,0.1
3991,6,Light Heavy,0,Low,0,Low,0,3.89474,899.576,0.0465779,0.1
3992,6,Light Heavy,0,Low,0,Low,0,3.92685,906.832,0.0472531,0.1
3993,6,Light Heavy,0,Low,0,Low,0,3.93419,907.032,0.0472627,0.1
3994,6,Balanced,-1,Low,0,Medium,1,3.97595,918.723,0.0471431,0.1
3995,7,Light Heavy,1,Medium,1,Low,0,8.75488,2003.37,0.0944541,0.1
3996,6,Light Heavy,0,Low,0,Low,0,3.96425,915.726,0.047419,0.1
3997,6,Light Heavy,0,Low,0,Low,0,3.93618,908.438,0.0469522,0.1
3998,6,Light Heavy,0,Low,0,Low,0,3.98644,921.422,0.0471566,0.1
3999,6,Balanced,-1,Low,0,Medium,1,3.87239,893.216,0.0466146,0.1
4000,7,Light Heavy,1,Medium,1,Low,0,8.75166,2002.13,0.09489,0.1
4001,6,Light Heavy,0,Low,0,Low,0,3.92739,907.524,0.04712,0.1
4002,6,Light Heavy,0,Low,0,Low,0,3.94707,911.168,0.0472338,0.1
4003,6,Light Heavy,0,Low,0,Low,0,3.94347,909.673,0.0474691,0.1
4004,6,Light Heavy,0,Low,0,Low,0,3.94034,909.168,0.0471779,0.1
4005,6,Light Heavy,0,Low,0,Low,0,4.05296,938.37,0.0475579,0.1
4006,6,Light Heavy,0,Low,0,Low,0,3.88723,896.92,0.0467978,0.1
4007,6,Light Heavy,0,Low,0,Low,0,3.96671,915.986,0.0472801,0.1
4008,6,Light Heavy,0,Low,0,Low,0,3.96518,916.544,0.046713,0.1
4009,6,Light Heavy,0,Low,0,Low,0,3.90345,901.092,0.0470409,0.1
4010,6,Light Heavy,0,Low,0,Low,0,4.00049,923.707,0.0475598,0.1
4011,6,Balanced,-1,Low,0,Medium,1,3.86607,893.755,0.0461478,0.1
4012,7,Light Heavy,1,Medium,1,Low,0,8.73598,1998.04,0.0945795,0.1
4013,6,Light Heavy,0,Low,0,Low,0,3.95506,912.976,0.047066,0.1
4014,6,Light Heavy,0,Low,0,Low,0,3.88234,895.969,0.0463889,0.1
4015,6,Light Heavy,0,Low,0,Low,0,3.9547,912.977,0.0472068,0.1
4016,6,Light Heavy,0,Low,0,Low,0,3.92176,904.81,0.0471451,0.1
4017,6,Light Heavy,0,Low,0,Low,0,3.91372,903.193,0.0470602,0.1
4018,6,Light Heavy,0,Low,0,Low,0,3.96917,916.699,0.0471258,0.1
4019,6,Light Heavy,0,Low,0,Low,0,3.93114,906.522,0.0471065,0.1
4020,6,Balanced,-1,Low,0,Medium,1,3.91752,904.21,0.046956,0.1
4021,7,Light Heavy,1,Medium,1,Low,0,8.63344,1975.09,0.0939506,0.1
4022,6,Light Heavy,0,Low,0,Low,0,3.92614,905.402,0.0472184,0.1
4023,6,Light Heavy,0,Low,0,Low,0,3.96504,914.719,0.0473727,0.1
4024,6,Light Heavy,0,Low,0,Low,0,3.90868,902.676,0.0469097,0.1
4025,6,Light Heavy,0,Low,0,Low,0,3.93725,909.518,0.0469116,0.1
4026,6,Light Heavy,0,Low,0,Low,0,3.93756,907.687,0.0473611,0.1
4027,6,Light Heavy,0,Low,0,Low,0,3.92947,905.941,0.0471856,0.1
4028,6,Light Heavy,0,Low,0,Low,0,3.94104,910.738,0.0468885,0.1
4029,6,Light Heavy,0,Low,0,Low,0,3.94331,911.415,0.0473534,0.1
4030,6,Light Heavy,0,Low,0,Low,0,3.96353,916.188,0.0468461,0.1
4031,6,Light Heavy,0,Low,0,Low,0,3.93383,907.451,0.0473187,0.1
4032,6,Light Heavy,0,Low,0,Low,0,3.88839,898.232,0.0462886,0.1
4033,6,Light Heavy,0,Low,0,Low,0,3.9094,901.189,0.0469502,0.1
4034,6,Light Heavy,0,Low,0,Low,0,3.91227,902.037,0.0472608,0.1
4035,6,Light Heavy,0,Low,0,Low,0,3.94185,910.464,0.047338,0.1
4036,6,Light Heavy,0,Low,0,Low,0,3.90762,901.435,0.0472145,0.1
4037,6,Light Heavy,0,Low,0,Low,0,3.96196,914.932,0.047336,0.1
4038,6,Light Heavy,0,Low,0,Low,0,3.90369,899.87,0.0470023,0.1
4039,6,Light Heavy,0,Low,0,Low,0,3.96463,914.398,0.0474518,0.1
4040,6,Light Heavy,0,Low,0,Low,0,3.89185,898.587,0.0468962,0.1
4041,6,Light Heavy,0,Low,0,Low,0,3.92565,904.852,0.0473457,0.1
4042,6,Light Heavy,0,Low,0,Low,0,3.93208,908.545,0.0468731,0.1
4043,6,Light Heavy,0,Low,0,Low,0,3.91326,903.443,0.0466262,0.1
4044,6,Light Heavy,0,Low,0,Low,0,3.93033,906.748,0.0471509,0.1
4045,6,Light Heavy,0,Low,0,Low,0,3.90112,899.575,0.0471894,0.1
4046,6,Light Heavy,0,Low,0,Low,0,3.87784,895.437,0.0464178,0.1
4047,6,Light Heavy,0,Low,0,Low,0,3.91732,903.803,0.0470004,0.1
4048,6,Light Heavy,0,Low,0,Low,0,3.96208,914.696,0.0472801,0.1
4049,6,Light Heavy,0,Low,0,Low,0,3.96391,915.853,0.0469907,0.1
4050,6,Light Heavy,0,Low,0,Low,0,3.98833,921.555,0.0470679,0.1
4051,6,Light Heavy,0,Low,0,Low,0,3.9423,908.821,0.0472338,0.1
4052,6,Light Heavy,0,Low,0,Low,0,3.86713,891.574,0.0467361,0.1
4053,6,Light Heavy,0,Low,0,Low,0,3.89551,897.822,0.0472203,0.1
4054,6,Light Heavy,0,Low,0,Low,0,3.95446,914.035,0.0468981,0.1
4055,6,Light Heavy,0,Low,0,Low,0,3.94116,909.462,0.0469637,0.1
4056,6,Light Heavy,0,Low,0,Low,0,4.02702,931.66,0.0471894,0.1
4057,6,Light Heavy,0,Low,0,Low,0,3.91023,901.993,0.047066,0.1
4058,6,Light Heavy,0,Low,0,Low,0,3.92036,904.927,0.0466705,0.1
4059,6,Light Heavy,0,Low,0,Low,0,3.8925,897.96,0.0469387,0.1
4060,6,Light Heavy,0,Low,0,Low,0,3.89161,898.57,0.0464352,0.1
4061,6,Light Heavy,0,Low,0,Low,0,3.96471,916.913,0.0468711,0.1
4062,6,Light Heavy,0,Low,0,Low,0,3.93252,906.866,0.0473669,0.1
4063,6,Light Heavy,0,Low,0,Low,0,3.93538,908.948,0.0470235,0.1
4064,6,Light Heavy,0,Low,0,Low,0,3.94779,910.84,0.0474923,0.1
4065,6,Light Heavy,0,Low,0,Low,0,3.92672,907.325,0.0470332,0.1
4066,6,Light Heavy,0,Low,0,Low,0,3.93469,908.733,0.0470602,0.1
4067,6,Light Heavy,0,Low,0,Low,0,3.92122,904.69,0.0471489,0.1
4068,6,Light Heavy,0,Low,0,Low,0,3.94972,912.977,0.0468866,0.1
4069,6,Light Heavy,0,Low,0,Low,0,3.92827,905.368,0.0471952,0.1
4070,6,Light Heavy,0,Low,0,Low,0,3.94138,908.768,0.047527,0.1
4071,6,Light Heavy,0,Low,0,Low,0,4.0121,926.689,0.0475791,0.1
4072,6,Light Heavy,0,Low,0,Low,0,3.92536,906.448,0.0467033,0.1
4073,6,Light Heavy,0,Low,0,Low,0,3.93199,907.531,0.0469907,0.1
4074,6,Light Heavy,0,Low,0,Low,0,3.94583,910.44,0.0470853,0.1
4075,6,BSDF Heavy,-2,Low,0,High,2,3.8935,898.472,0.0467226,0.1
4076,8,Light Heavy,2,High,2,Low,0,14.8478,3397.91,0.109556,0.1
4077,6,Balanced,-1,Low,0,Medium,1,3.97297,917.705,0.0470293,0.1
4078,7,Light Heavy,1,Medium,1,Low,0,8.68894,1986.97,0.0943789,0.1
4079,6,Light Heavy,0,Low,0,Low,0,4.01165,927.463,0.0475309,0.1
4080,6,Light Heavy,0,Low,0,Low,0,3.93666,909.771,0.047064,0.1
4081,6,BSDF Heavy,-2,Low,0,High,2,3.94009,909.927,0.0469252,0.1
4082,8,Light Heavy,2,High,2,Low,0,14.8665,3405.28,0.109454,0.1
4083,6,Balanced,-1,Low,0,Medium,1,3.98863,922.047,0.0475039,0.1
4084,7,Light Heavy,1,Medium,1,Low,0,8.61842,1969.62,0.0940509,0.1
4085,6,Light Heavy,0,Low,0,Low,0,3.88395,896.961,0.0466879,0.1
4086,6,Light Heavy,0,Low,0,Low,0,3.91626,904.341,0.0471836,0.1
4087,6,Light Heavy,0,Low,0,Low,0,3.96146,915.465,0.0470949,0.1
4088,6,Light Heavy,0,Low,0,Low,0,3.90717,901.325,0.0470505,0.1
4089,6,Light Heavy,0,Low,0,Low,0,4.01178,925.691,0.0479745,0.1
4090,6,Light Heavy,0,Low,0,Low,0,3.90976,902.784,0.0467593,0.1
4091,6,Light Heavy,0,Low,0,Low,0,3.94689,912.397,0.0469059,0.1
4092,6,Light Heavy,0,Low,0,Low,0,3.95463,912.966,0.047363,0.1
4093,6,Light Heavy,0,Low,0,Low,0,3.97047,916.831,0.047174,0.1
4094,6,Light Heavy,0,Low,0,Low,0,3.94043,909.208,0.0473553,0.1
4095,6,Light Heavy,0,Low,0,Low,0,3.93014,907.47,0.0472492,0.1
4096,6,Light Heavy,0,Low,0,Low,0,3.92315,905.214,0.0468789,0.1
