Iteration,Using RL?,State,Action,Reward,Variance Bucket,Variance Bucket Index,Next Variance Bucket Index,Next Variance Bucket Index,Luminance Bucket,Luminance Bucket Index,Bright Pixel Ratio Bucket,Bright Pixel Ratio Bucket Index,Mean Luminance,Luminance Variance,Log Luminance Variance,Bright Pixel Ratio,Epsilon
1,Baseline,77,Balanced,0,Low,0,High,2,Low,0,Low,0,3.25957,721.745,6.58306,0.0627142,0.1
2,Baseline,75,Balanced,0,Low,0,Low,0,Low,0,Low,0,3.24261,718.196,6.57813,0.0627718,0.1
3,Baseline,76,Balanced,0,Low,0,Medium,1,Low,0,Low,0,3.24153,719.642,6.58014,0.0628003,0.1
4,Baseline,77,Balanced,0,Low,0,High,2,Low,0,Low,0,3.26149,723.562,6.58557,0.0625328,0.1
5,Baseline,77,Balanced,0,Low,0,High,2,Low,0,Low,0,3.26993,724.198,6.58645,0.0628664,0.1
6,Baseline,77,Balanced,0,Low,0,High,2,Low,0,Low,0,3.25685,721.444,6.58264,0.0624207,0.1
7,Baseline,60,Balanced,0,Low,0,Low,0,Low,0,Low,0,3.22907,715.757,6.57474,0.0627665,0.1
8,Baseline,77,Balanced,0,Low,0,High,2,Low,0,Low,0,3.27831,727.939,6.59159,0.0626573,0.1
9,Baseline,75,Balanced,0,Low,0,Low,0,Low,0,Low,0,3.24031,718.186,6.57812,0.0628018,0.1
10,Baseline,77,Balanced,0,Low,0,High,2,Low,0,Low,0,3.26458,723.934,6.58608,0.0627749,0.1
11,Baseline,77,Balanced,0,Low,0,High,2,Low,0,Low,0,3.27776,726.143,6.58912,0.0630623,0.1
12,Baseline,76,Balanced,0,Low,0,Medium,1,Low,0,Low,0,3.24706,719.286,6.57965,0.0631761,0.1
13,Baseline,77,Balanced,0,Low,0,High,2,Low,0,Low,0,3.2636,723.402,6.58535,0.0626089,0.1
14,Baseline,77,Balanced,0,Low,0,High,2,Low,0,Low,0,3.25384,721.781,6.58311,0.0627165,0.1
15,Baseline,77,Balanced,0,Low,0,High,2,Low,0,Low,0,3.25799,723.392,6.58533,0.0624721,0.1
16,Baseline,77,Balanced,0,Low,0,High,2,Low,0,Low,0,3.24972,721.908,6.58328,0.0622908,0.1
17,Baseline,60,Balanced,0,Low,0,Low,0,Low,0,Low,0,3.23311,716.876,6.5763,0.0626804,0.1
18,Baseline,77,Balanced,0,Low,0,High,2,Low,0,Low,0,3.24539,720.359,6.58114,0.0626397,0.1
19,Baseline,60,Balanced,0,Low,0,Low,0,Low,0,Low,0,3.23611,717.715,6.57746,0.0627296,0.1
20,Baseline,77,Balanced,0,Low,0,High,2,Low,0,Low,0,3.26523,724.494,6.58685,0.0625559,0.1
21,Baseline,76,Balanced,0,Low,0,Medium,1,Low,0,Low,0,3.246,719.679,6.58019,0.0628817,0.1
22,Baseline,76,Balanced,0,Low,0,Medium,1,Low,0,Low,0,3.24645,719.703,6.58023,0.0626012,0.1
23,Baseline,60,Balanced,0,Low,0,Low,0,Low,0,Low,0,3.23781,718.081,6.57797,0.0624353,0.1
24,Baseline,76,Balanced,0,Low,0,Medium,1,Low,0,Low,0,3.24387,719.417,6.57983,0.0626474,0.1
25,Baseline,77,Balanced,0,Low,0,High,2,Low,0,Low,0,3.24665,719.938,6.58055,0.0627088,0.1
26,Baseline,60,Balanced,0,Low,0,Low,0,Low,0,Low,0,3.21687,713.453,6.57152,0.0623315,0.1
27,Baseline,60,Balanced,0,Low,0,Low,0,Low,0,Low,0,3.23979,717.849,6.57765,0.0627257,0.1
28,Baseline,77,Balanced,0,Low,0,High,2,Low,0,Low,0,3.26986,724.895,6.5874,0.0630984,0.1
29,Baseline,75,Balanced,0,Low,0,Low,0,Low,0,Low,0,3.24793,718.747,6.5789,0.0629255,0.1
30,Baseline,75,Balanced,0,Low,0,Low,0,Low,0,Low,0,3.24487,719.112,6.57941,0.0625098,0.1
31,Baseline,76,Balanced,0,Low,0,Medium,1,Low,0,Low,0,3.24942,719.669,6.58018,0.0626812,0.1
32,Baseline,60,Balanced,0,Low,0,Low,0,Low,0,Low,0,3.23387,715.668,6.57461,0.0627611,0.1
33,Baseline,75,Balanced,0,Low,0,Low,0,Low,0,Low,0,3.24034,718.866,6.57906,0.0627841,0.1
34,Baseline,76,Balanced,0,Low,0,Medium,1,Low,0,Low,0,3.24774,719.301,6.57967,0.0626858,0.1
35,Baseline,60,Balanced,0,Low,0,Low,0,Low,0,Low,0,3.20669,710.838,6.56785,0.0626681,0.1
36,Baseline,60,Balanced,0,Low,0,Low,0,Low,0,Low,0,3.23717,717.435,6.57708,0.0622762,0.1
37,Baseline,77,Balanced,0,Low,0,High,2,Low,0,Low,0,3.29347,729.649,6.59393,0.0630162,0.1
38,Baseline,76,Balanced,0,Low,0,Medium,1,Low,0,Low,0,3.24718,719.389,6.57979,0.0626965,0.1
39,Baseline,77,Balanced,0,Low,0,High,2,Low,0,Low,0,3.27779,727.235,6.59062,0.0630977,0.1
40,Baseline,77,Balanced,0,Low,0,High,2,Low,0,Low,0,3.25446,720.645,6.58153,0.0623561,0.1
41,Baseline,77,Balanced,0,Low,0,High,2,Low,0,Low,0,3.26883,724.939,6.58747,0.0628356,0.1
42,Baseline,60,Balanced,0,Low,0,Low,0,Low,0,Low,0,3.23748,718.137,6.57805,0.0623915,0.1
43,Baseline,77,Balanced,0,Low,0,High,2,Low,0,Low,0,3.26017,723.541,6.58554,0.0629071,0.1
44,Baseline,60,Balanced,0,Low,0,Low,0,Low,0,Low,0,3.22988,715.752,6.57473,0.0627434,0.1
45,Baseline,77,Balanced,0,Low,0,High,2,Low,0,Low,0,3.29343,730.105,6.59456,0.0628302,0.1
46,Baseline,60,Balanced,0,Low,0,Low,0,Low,0,Low,0,3.22984,715.336,6.57415,0.063017,0.1
47,Baseline,77,Balanced,0,Low,0,High,2,Low,0,Low,0,3.26962,724.68,6.58711,0.0629832,0.1
48,Baseline,77,Balanced,0,Low,0,High,2,Low,0,Low,0,3.26857,725.675,6.58848,0.062778,0.1
49,Baseline,60,Balanced,0,Low,0,Low,0,Low,0,Low,0,3.2387,717.734,6.57749,0.0625936,0.1
50,Baseline,60,Balanced,0,Low,0,Low,0,Low,0,Low,0,3.23359,717.137,6.57666,0.0625936,0.1
51,Baseline,75,Balanced,0,Low,0,Low,0,Low,0,Low,0,3.2433,718.458,6.5785,0.0627196,0.1
52,Baseline,60,Balanced,0,Low,0,Low,0,Low,0,Low,0,3.22486,714.2,6.57256,0.0627058,0.1
53,Baseline,77,Balanced,0,Low,0,High,2,Low,0,Low,0,3.27136,725.54,6.58829,0.0630869,0.1
54,Baseline,77,Balanced,0,Low,0,High,2,Low,0,Low,0,3.25418,721.796,6.58313,0.0628133,0.1
55,Baseline,77,Balanced,0,Low,0,High,2,Low,0,Low,0,3.27389,726.819,6.59005,0.0630277,0.1
56,Baseline,76,Balanced,0,Low,0,Medium,1,Low,0,Low,0,3.24367,719.266,6.57962,0.0625275,0.1
57,Baseline,60,Balanced,0,Low,0,Low,0,Low,0,Low,0,3.21587,712.522,6.57021,0.0626504,0.1
58,Baseline,60,Balanced,0,Low,0,Low,0,Low,0,Low,0,3.23027,715.711,6.57467,0.0627265,0.1
59,Baseline,75,Balanced,0,Low,0,Low,0,Low,0,Low,0,3.24512,718.815,6.57899,0.0627757,0.1
60,Baseline,60,Balanced,0,Low,0,Low,0,Low,0,Low,0,3.23404,717.295,6.57688,0.0625459,0.1
61,Baseline,77,Balanced,0,Low,0,High,2,Low,0,Low,0,3.24795,720.683,6.58159,0.0627611,0.1
62,Baseline,77,Balanced,0,Low,0,High,2,Low,0,Low,0,3.26955,723.934,6.58608,0.062904,0.1
63,Baseline,60,Balanced,0,Low,0,Low,0,Low,0,Low,0,3.22791,715.168,6.57391,0.0627449,0.1
64,Baseline,60,Balanced,0,Low,0,Low,0,Low,0,Low,0,3.23908,717.724,6.57748,0.0625521,0.1
65,Baseline,77,Balanced,0,Low,0,High,2,Low,0,Low,0,3.25313,721.078,6.58213,0.0626896,0.1
66,Baseline,60,Balanced,0,Low,0,Low,0,Low,0,Low,0,3.23956,717.688,6.57743,0.0627011,0.1
67,Baseline,77,Balanced,0,Low,0,High,2,Low,0,Low,0,3.27434,725.339,6.58802,0.0625528,0.1
68,Baseline,60,Balanced,0,Low,0,Low,0,Low,0,Low,0,3.22547,715.52,6.57441,0.0624137,0.1
69,Baseline,77,Balanced,0,Low,0,High,2,Low,0,Low,0,3.25302,721.546,6.58278,0.0629993,0.1
70,Baseline,60,Balanced,0,Low,0,Low,0,Low,0,Low,0,3.23203,716.069,6.57517,0.0628095,0.1
71,Baseline,60,Balanced,0,Low,0,Low,0,Low,0,Low,0,3.23649,717.489,6.57715,0.0626696,0.1
72,Baseline,60,Balanced,0,Low,0,Low,0,Low,0,Low,0,3.22909,715.393,6.57423,0.0625459,0.1
73,Baseline,77,Balanced,0,Low,0,High,2,Low,0,Low,0,3.26283,723.405,6.58535,0.0630308,0.1
74,Baseline,76,Balanced,0,Low,0,Medium,1,Low,0,Low,0,3.24515,719.491,6.57993,0.0626727,0.1
75,Baseline,77,Balanced,0,Low,0,High,2,Low,0,Low,0,3.25803,723.562,6.58557,0.0624061,0.1
76,Baseline,77,Balanced,0,Low,0,High,2,Low,0,Low,0,3.26105,723.777,6.58586,0.0625997,0.1
77,Baseline,77,Balanced,0,Low,0,High,2,Low,0,Low,0,3.26021,722.955,6.58473,0.0625375,0.1
78,Baseline,60,Balanced,0,Low,0,Low,0,Low,0,Low,0,3.23826,717.558,6.57725,0.0626274,0.1
79,Baseline,60,Balanced,0,Low,0,Low,0,Low,0,Low,0,3.23605,718.122,6.57803,0.0620764,0.1
80,Baseline,60,Balanced,0,Low,0,Low,0,Low,0,Low,0,3.23629,716.708,6.57606,0.0628133,0.1
81,Baseline,60,Balanced,0,Low,0,Low,0,Low,0,Low,0,3.22991,716.071,6.57518,0.0627595,0.1
82,Baseline,77,Balanced,0,Low,0,High,2,Low,0,Low,0,3.25616,721.879,6.58324,0.0627811,0.1
83,Baseline,77,Balanced,0,Low,0,High,2,Low,0,Low,0,3.27143,725.047,6.58762,0.0630154,0.1
84,Baseline,75,Balanced,0,Low,0,Low,0,Low,0,Low,0,3.24053,717.644,6.57737,0.0625167,0.1
85,Baseline,75,Balanced,0,Low,0,Low,0,Low,0,Low,0,3.2429,718.878,6.57908,0.0626573,0.1
86,Baseline,77,Balanced,0,Low,0,High,2,Low,0,Low,0,3.24692,720.267,6.58101,0.062662,0.1
87,Baseline,60,Balanced,0,Low,0,Low,0,Low,0,Low,0,3.21325,711.598,6.56892,0.0623315,0.1
88,Baseline,60,Balanced,0,Low,0,Low,0,Low,0,Low,0,3.22949,716.45,6.5757,0.0625244,0.1
89,Baseline,77,Balanced,0,Low,0,High,2,Low,0,Low,0,3.25472,721.146,6.58223,0.0629209,0.1
90,Baseline,77,Balanced,0,Low,0,High,2,Low,0,Low,0,3.27615,726.295,6.58933,0.0628817,0.1
91,Baseline,75,Balanced,0,Low,0,Low,0,Low,0,Low,0,3.24132,718.512,6.57857,0.0625344,0.1
92,Baseline,60,Balanced,0,Low,0,Low,0,Low,0,Low,0,3.21203,712.13,6.56966,0.0626343,0.1
93,Baseline,75,Balanced,0,Low,0,Low,0,Low,0,Low,0,3.2449,719.034,6.5793,0.0629386,0.1
94,Baseline,60,Balanced,0,Low,0,Low,0,Low,0,Low,0,3.22874,715.889,6.57492,0.0623861,0.1
95,Baseline,77,Balanced,0,Low,0,High,2,Low,0,Low,0,3.27085,724.953,6.58749,0.0626689,0.1
96,Baseline,60,Balanced,0,Low,0,Low,0,Low,0,Low,0,3.23123,716.437,6.57569,0.0623984,0.1
97,Baseline,60,Balanced,0,Low,0,Low,0,Low,0,Low,0,3.23933,717.185,6.57673,0.062768,0.1
98,Baseline,77,Balanced,0,Low,0,High,2,Low,0,Low,0,3.25526,720.625,6.58151,0.0626335,0.1
99,Baseline,60,Balanced,0,Low,0,Low,0,Low,0,Low,0,3.23282,716.298,6.57549,0.0623338,0.1
100,Baseline,60,Balanced,0,Low,0,Low,0,Low,0,Low,0,3.22883,715.109,6.57383,0.0623945,0.1
101,Baseline,77,Balanced,0,Low,0,High,2,Low,0,Low,0,3.25234,720.76,6.58169,0.0627157,0.1
102,Baseline,60,Balanced,0,Low,0,Low,0,Low,0,Low,0,3.2336,717.807,6.57759,0.0628141,0.1
103,Baseline,60,Balanced,0,Low,0,Low,0,Low,0,Low,0,3.23149,716.376,6.5756,0.0622531,0.1
104,Baseline,76,Balanced,0,Low,0,Medium,1,Low,0,Low,0,3.24562,719.54,6.58,0.0625498,0.1
105,Baseline,75,Balanced,0,Low,0,Low,0,Low,0,Low,0,3.24234,718.652,6.57877,0.0624921,0.1
106,Baseline,60,Balanced,0,Low,0,Low,0,Low,0,Low,0,3.23441,716.565,6.57586,0.0628618,0.1
107,Baseline,77,Balanced,0,Low,0,High,2,Low,0,Low,0,3.25829,722.723,6.58441,0.0626112,0.1
108,Baseline,77,Balanced,0,Low,0,High,2,Low,0,Low,0,3.27861,726.411,6.58949,0.0628318,0.1
109,Baseline,77,Balanced,0,Low,0,High,2,Low,0,Low,0,3.25051,720.546,6.5814,0.062602,0.1
110,Baseline,75,Balanced,0,Low,0,Low,0,Low,0,Low,0,3.24431,717.847,6.57765,0.06303,0.1
111,Baseline,60,Balanced,0,Low,0,Low,0,Low,0,Low,0,3.22141,713.719,6.57189,0.0627857,0.1
112,Baseline,77,Balanced,0,Low,0,High,2,Low,0,Low,0,3.25036,720.37,6.58115,0.0625221,0.1
113,Baseline,77,Balanced,0,Low,0,High,2,Low,0,Low,0,3.2633,724.007,6.58618,0.0627234,0.1
114,Baseline,77,Balanced,0,Low,0,High,2,Low,0,Low,0,3.24874,721.166,6.58226,0.0626612,0.1
115,Baseline,60,Balanced,0,Low,0,Low,0,Low,0,Low,0,3.23868,717.49,6.57715,0.0628057,0.1
116,Baseline,77,Balanced,0,Low,0,High,2,Low,0,Low,0,3.26227,723.868,6.58599,0.062645,0.1
117,Baseline,60,Balanced,0,Low,0,Low,0,Low,0,Low,0,3.2368,717.075,6.57657,0.0627872,0.1
118,Baseline,77,Balanced,0,Low,0,High,2,Low,0,Low,0,3.25786,722.001,6.58341,0.0626089,0.1
119,Baseline,60,Balanced,0,Low,0,Low,0,Low,0,Low,0,3.21671,712.892,6.57073,0.0625536,0.1
120,Baseline,77,Balanced,0,Low,0,High,2,Low,0,Low,0,3.25558,722.659,6.58432,0.0627227,0.1
121,Baseline,77,Balanced,0,Low,0,High,2,Low,0,Low,0,3.27563,725.571,6.58834,0.0631161,0.1
122,Baseline,60,Balanced,0,Low,0,Low,0,Low,0,Low,0,3.23742,718.544,6.57862,0.062267,0.1
123,Baseline,77,Balanced,0,Low,0,High,2,Low,0,Low,0,3.26661,724.56,6.58694,0.062967,0.1
124,Baseline,60,Balanced,0,Low,0,Low,0,Low,0,Low,0,3.23883,718.424,6.57845,0.0628118,0.1
125,Baseline,60,Balanced,0,Low,0,Low,0,Low,0,Low,0,3.23367,716.428,6.57567,0.0628226,0.1
126,Baseline,75,Balanced,0,Low,0,Low,0,Low,0,Low,0,3.24111,718.333,6.57832,0.0625413,0.1
127,Baseline,77,Balanced,0,Low,0,High,2,Low,0,Low,0,3.24939,720.322,6.58109,0.0627434,0.1
128,Baseline,60,Balanced,0,Low,0,Low,0,Low,0,Low,0,3.23944,719.02,6.57928,0.0626158,0.1
129,Baseline,75,Balanced,0,Low,0,Low,0,Low,0,Low,0,3.24094,718.602,6.5787,0.0624207,0.1
130,Baseline,77,Balanced,0,Low,0,High,2,Low,0,Low,0,3.24991,721.9,6.58327,0.0623131,0.1
131,Baseline,77,Balanced,0,Low,0,High,2,Low,0,Low,0,3.26292,724.243,6.58651,0.0627403,0.1
132,Baseline,77,Balanced,0,Low,0,High,2,Low,0,Low,0,3.26142,723.28,6.58518,0.0629893,0.1
133,Baseline,77,Balanced,0,Low,0,High,2,Low,0,Low,0,3.25602,722.102,6.58355,0.0627142,0.1
134,Baseline,77,Balanced,0,Low,0,High,2,Low,0,Low,0,3.25765,722.081,6.58352,0.0628817,0.1
135,Baseline,76,Balanced,0,Low,0,Medium,1,Low,0,Low,0,3.24544,719.86,6.58045,0.0626819,0.1
136,Baseline,77,Balanced,0,Low,0,High,2,Low,0,Low,0,3.24772,720.195,6.58091,0.0626858,0.1
137,Baseline,60,Balanced,0,Low,0,Low,0,Low,0,Low,0,3.23706,717.243,6.57681,0.0628226,0.1
138,Baseline,76,Balanced,0,Low,0,Medium,1,Low,0,Low,0,3.2477,719.57,6.58004,0.0630308,0.1
139,Baseline,76,Balanced,0,Low,0,Medium,1,Low,0,Low,0,3.24378,719.485,6.57992,0.0624583,0.1
140,Baseline,60,Balanced,0,Low,0,Low,0,Low,0,Low,0,3.23369,716.307,6.5755,0.0626758,0.1
141,Baseline,60,Balanced,0,Low,0,Low,0,Low,0,Low,0,3.22488,715.324,6.57413,0.0626896,0.1
142,Baseline,77,Balanced,0,Low,0,High,2,Low,0,Low,0,3.25181,720.518,6.58136,0.0629209,0.1
143,Baseline,60,Balanced,0,Low,0,Low,0,Low,0,Low,0,3.23613,716.469,6.57573,0.0625344,0.1
144,Baseline,77,Balanced,0,Low,0,High,2,Low,0,Low,0,3.24918,720.036,6.58069,0.0628425,0.1
145,Baseline,77,Balanced,0,Low,0,High,2,Low,0,Low,0,3.26185,722.357,6.5839,0.0630485,0.1
146,Baseline,77,Balanced,0,Low,0,High,2,Low,0,Low,0,3.24764,720.288,6.58104,0.0626965,0.1
147,Baseline,60,Balanced,0,Low,0,Low,0,Low,0,Low,0,3.23472,717.291,6.57687,0.0625943,0.1
148,Baseline,77,Balanced,0,Low,0,High,2,Low,0,Low,0,3.25596,721.871,6.58323,0.0628725,0.1
149,Baseline,77,Balanced,0,Low,0,High,2,Low,0,Low,0,3.25296,720.984,6.582,0.0626896,0.1
150,Baseline,77,Balanced,0,Low,0,High,2,Low,0,Low,0,3.25878,722.349,6.58389,0.0627065,0.1
151,Baseline,77,Balanced,0,Low,0,High,2,Low,0,Low,0,3.26918,723.791,6.58588,0.0631876,0.1
152,Baseline,77,Balanced,0,Low,0,High,2,Low,0,Low,0,3.27378,725.908,6.5888,0.0627403,0.1
153,Baseline,60,Balanced,0,Low,0,Low,0,Low,0,Low,0,3.2335,716.642,6.57597,0.0624837,0.1
154,Baseline,77,Balanced,0,Low,0,High,2,Low,0,Low,0,3.25666,722.28,6.5838,0.0624176,0.1
155,Baseline,77,Balanced,0,Low,0,High,2,Low,0,Low,0,3.26501,723.405,6.58535,0.0630454,0.1
156,Baseline,77,Balanced,0,Low,0,High,2,Low,0,Low,0,3.27855,726.977,6.59027,0.0625482,0.1
157,Baseline,60,Balanced,0,Low,0,Low,0,Low,0,Low,0,3.23841,717.615,6.57733,0.0626965,0.1
158,Baseline,77,Balanced,0,Low,0,High,2,Low,0,Low,0,3.27379,726.17,6.58916,0.0627588,0.1
159,Baseline,77,Balanced,0,Low,0,High,2,Low,0,Low,0,3.26046,722.861,6.5846,0.062602,0.1
160,Baseline,76,Balanced,0,Low,0,Medium,1,Low,0,Low,0,3.24719,719.705,6.58023,0.0623361,0.1
161,Baseline,60,Balanced,0,Low,0,Low,0,Low,0,Low,0,3.22703,715.423,6.57427,0.0625882,0.1
162,Baseline,60,Balanced,0,Low,0,Low,0,Low,0,Low,0,3.23208,717.489,6.57715,0.0622224,0.1
163,Baseline,76,Balanced,0,Low,0,Medium,1,Low,0,Low,0,3.2474,719.585,6.58006,0.0627549,0.1
164,Baseline,77,Balanced,0,Low,0,High,2,Low,0,Low,0,3.25518,721.666,6.58295,0.0629862,0.1
165,Baseline,60,Balanced,0,Low,0,Low,0,Low,0,Low,0,3.23781,718.364,6.57837,0.062496,0.1
166,Baseline,77,Balanced,0,Low,0,High,2,Low,0,Low,0,3.2666,724.704,6.58714,0.0628449,0.1
167,Baseline,60,Balanced,0,Low,0,Low,0,Low,0,Low,0,3.22367,715.799,6.5748,0.0621932,0.1
168,Baseline,77,Balanced,0,Low,0,High,2,Low,0,Low,0,3.27843,727.125,6.59047,0.062818,0.1
169,Baseline,77,Balanced,0,Low,0,High,2,Low,0,Low,0,3.25644,721.915,6.58329,0.0626796,0.1
170,Baseline,76,Balanced,0,Low,0,Medium,1,Low,0,Low,0,3.24472,719.474,6.57991,0.0625859,0.1
171,Baseline,75,Balanced,0,Low,0,Low,0,Low,0,Low,0,3.24119,719.129,6.57943,0.0626158,0.1
172,Baseline,77,Balanced,0,Low,0,High,2,Low,0,Low,0,3.27507,725.242,6.58788,0.0628295,0.1
173,Baseline,77,Balanced,0,Low,0,High,2,Low,0,Low,0,3.25076,721.197,6.5823,0.0625751,0.1
174,Baseline,77,Balanced,0,Low,0,High,2,Low,0,Low,0,3.26481,724.216,6.58647,0.0625152,0.1
175,Baseline,77,Balanced,0,Low,0,High,2,Low,0,Low,0,3.26313,723.728,6.5858,0.0626059,0.1
176,Baseline,60,Balanced,0,Low,0,Low,0,Low,0,Low,0,3.22774,716.03,6.57512,0.0625621,0.1
177,Baseline,77,Balanced,0,Low,0,High,2,Low,0,Low,0,3.25358,721.498,6.58271,0.0624168,0.1
178,Baseline,60,Balanced,0,Low,0,Low,0,Low,0,Low,0,3.23668,717.143,6.57667,0.0625874,0.1
179,Baseline,60,Balanced,0,Low,0,Low,0,Low,0,Low,0,3.23436,716.36,6.57558,0.0628802,0.1
180,Baseline,77,Balanced,0,Low,0,High,2,Low,0,Low,0,3.24975,720.557,6.58141,0.062964,0.1
181,Baseline,76,Balanced,0,Low,0,Medium,1,Low,0,Low,0,3.24631,719.587,6.58007,0.0627303,0.1
182,Baseline,75,Balanced,0,Low,0,Low,0,Low,0,Low,0,3.24264,718.646,6.57876,0.0628156,0.1
183,Baseline,77,Balanced,0,Low,0,High,2,Low,0,Low,0,3.27181,725.864,6.58874,0.062748,0.1
184,Baseline,77,Balanced,0,Low,0,High,2,Low,0,Low,0,3.27555,725.96,6.58887,0.0626066,0.1
185,Baseline,77,Balanced,0,Low,0,High,2,Low,0,Low,0,3.24964,720.351,6.58113,0.0623269,0.1
186,Baseline,77,Balanced,0,Low,0,High,2,Low,0,Low,0,3.2507,722.34,6.58388,0.0627319,0.1
187,Baseline,60,Balanced,0,Low,0,Low,0,Low,0,Low,0,3.21991,714.351,6.57277,0.0627442,0.1
188,Baseline,60,Balanced,0,Low,0,Low,0,Low,0,Low,0,3.23462,717.653,6.57738,0.0623507,0.1
189,Baseline,75,Balanced,0,Low,0,Low,0,Low,0,Low,0,3.24496,718.879,6.57908,0.062466,0.1
190,Baseline,76,Balanced,0,Low,0,Medium,1,Low,0,Low,0,3.24663,719.39,6.57979,0.0629417,0.1
191,Baseline,60,Balanced,0,Low,0,Low,0,Low,0,Low,0,3.23506,716.786,6.57617,0.0629601,0.1
192,Baseline,75,Balanced,0,Low,0,Low,0,Low,0,Low,0,3.24729,718.847,6.57904,0.0627611,0.1
193,Baseline,75,Balanced,0,Low,0,Low,0,Low,0,Low,0,3.24052,717.888,6.5777,0.0628095,0.1
194,Baseline,77,Balanced,0,Low,0,High,2,Low,0,Low,0,3.25251,720.885,6.58187,0.0627296,0.1
195,Baseline,77,Balanced,0,Low,0,High,2,Low,0,Low,0,3.26653,725.761,6.5886,0.0626328,0.1
196,Baseline,77,Balanced,0,Low,0,High,2,Low,0,Low,0,3.2659,723.346,6.58527,0.0628126,0.1
197,Baseline,60,Balanced,0,Low,0,Low,0,Low,0,Low,0,3.23424,717.797,6.57758,0.0623769,0.1
198,Baseline,77,Balanced,0,Low,0,High,2,Low,0,Low,0,3.26814,724.096,6.5863,0.0623423,0.1
199,Baseline,77,Balanced,0,Low,0,High,2,Low,0,Low,0,3.2701,724.614,6.58702,0.0628641,0.1
200,Baseline,77,Balanced,0,Low,0,High,2,Low,0,Low,0,3.26305,724.11,6.58632,0.0623077,0.1
201,Baseline,77,Balanced,0,Low,0,High,2,Low,0,Low,0,3.25511,721.403,6.58258,0.062914,0.1
202,Baseline,76,Balanced,0,Low,0,Medium,1,Low,0,Low,0,3.2458,719.681,6.5802,0.062645,0.1
203,Baseline,75,Balanced,0,Low,0,Low,0,Low,0,Low,0,3.24321,717.888,6.57771,0.0630462,0.1
204,Baseline,77,Balanced,0,Low,0,High,2,Low,0,Low,0,3.24945,720.534,6.58138,0.0629724,0.1
205,Baseline,60,Balanced,0,Low,0,Low,0,Low,0,Low,0,3.23304,716.518,6.5758,0.0623922,0.1
206,Baseline,77,Balanced,0,Low,0,High,2,Low,0,Low,0,3.26505,724.036,6.58622,0.0628641,0.1
207,Baseline,77,Balanced,0,Low,0,High,2,Low,0,Low,0,3.25062,720.936,6.58194,0.0627035,0.1
208,Baseline,75,Balanced,0,Low,0,Low,0,Low,0,Low,0,3.24192,718.685,6.57881,0.062456,0.1
209,Baseline,77,Balanced,0,Low,0,High,2,Low,0,Low,0,3.26493,723.546,6.58555,0.0627257,0.1
210,Baseline,60,Balanced,0,Low,0,Low,0,Low,0,Low,0,3.23048,715.633,6.57456,0.0623584,0.1
211,Baseline,75,Balanced,0,Low,0,Low,0,Low,0,Low,0,3.24231,718.615,6.57872,0.0624099,0.1
212,Baseline,77,Balanced,0,Low,0,High,2,Low,0,Low,0,3.25624,721.069,6.58212,0.0625305,0.1
213,Baseline,60,Balanced,0,Low,0,Low,0,Low,0,Low,0,3.23409,717.958,6.5778,0.0622647,0.1
214,Baseline,60,Balanced,0,Low,0,Low,0,Low,0,Low,0,3.21265,712.282,6.56988,0.0623331,0.1
215,Baseline,76,Balanced,0,Low,0,Medium,1,Low,0,Low,0,3.24695,719.621,6.58011,0.0625682,0.1
216,Baseline,60,Balanced,0,Low,0,Low,0,Low,0,Low,0,3.21919,714.125,6.57246,0.0624383,0.1
217,Baseline,77,Balanced,0,Low,0,High,2,Low,0,Low,0,3.28799,729.461,6.59368,0.0626112,0.1
218,Baseline,77,Balanced,0,Low,0,High,2,Low,0,Low,0,3.24851,720.323,6.58109,0.0628195,0.1
219,Baseline,60,Balanced,0,Low,0,Low,0,Low,0,Low,0,3.23899,717.658,6.57739,0.0625405,0.1
220,Baseline,77,Balanced,0,Low,0,High,2,Low,0,Low,0,3.25349,721.927,6.58331,0.0628887,0.1
221,Baseline,77,Balanced,0,Low,0,High,2,Low,0,Low,0,3.25169,721.568,6.58281,0.062456,0.1
222,Baseline,77,Balanced,0,Low,0,High,2,Low,0,Low,0,3.25771,721.331,6.58248,0.0628218,0.1
223,Baseline,60,Balanced,0,Low,0,Low,0,Low,0,Low,0,3.23189,715.705,6.57466,0.0630008,0.1
224,Baseline,77,Balanced,0,Low,0,High,2,Low,0,Low,0,3.25735,722.204,6.58369,0.0624821,0.1
225,Baseline,77,Balanced,0,Low,0,High,2,Low,0,Low,0,3.27563,726.816,6.59005,0.0628902,0.1
226,Baseline,60,Balanced,0,Low,0,Low,0,Low,0,Low,0,3.23044,716.646,6.57598,0.0624768,0.1
227,Baseline,77,Balanced,0,Low,0,High,2,Low,0,Low,0,3.25479,721.991,6.5834,0.0626758,0.1
228,Baseline,60,Balanced,0,Low,0,Low,0,Low,0,Low,0,3.23456,716.314,6.57551,0.0626996,0.1
229,Baseline,60,Balanced,0,Low,0,Low,0,Low,0,Low,0,3.2232,715.382,6.57421,0.0628256,0.1
230,Baseline,77,Balanced,0,Low,0,High,2,Low,0,Low,0,3.26969,726.42,6.5895,0.0624675,0.1
231,Baseline,60,Balanced,0,Low,0,Low,0,Low,0,Low,0,3.23056,716.368,6.57559,0.0630032,0.1
232,Baseline,60,Balanced,0,Low,0,Low,0,Low,0,Low,0,3.23644,717.649,6.57737,0.0626973,0.1
233,Baseline,77,Balanced,0,Low,0,High,2,Low,0,Low,0,3.26485,724.42,6.58675,0.0628072,0.1
234,Baseline,77,Balanced,0,Low,0,High,2,Low,0,Low,0,3.2559,722.981,6.58477,0.0626351,0.1
235,Baseline,76,Balanced,0,Low,0,Medium,1,Low,0,Low,0,3.24673,719.619,6.58011,0.0628172,0.1
236,Baseline,77,Balanced,0,Low,0,High,2,Low,0,Low,0,3.24767,720.325,6.58109,0.0624137,0.1
237,Baseline,60,Balanced,0,Low,0,Low,0,Low,0,Low,0,3.23963,719.021,6.57928,0.0623922,0.1
238,Baseline,60,Balanced,0,Low,0,Low,0,Low,0,Low,0,3.21157,712.375,6.57001,0.0625697,0.1
239,Baseline,60,Balanced,0,Low,0,Low,0,Low,0,Low,0,3.23132,716.597,6.57591,0.0623953,0.1
240,Baseline,77,Balanced,0,Low,0,High,2,Low,0,Low,0,3.25616,721.671,6.58295,0.0627949,0.1
241,Baseline,77,Balanced,0,Low,0,High,2,Low,0,Low,0,3.26205,722.999,6.58479,0.0627718,0.1
242,Baseline,77,Balanced,0,Low,0,High,2,Low,0,Low,0,3.27134,724.765,6.58723,0.0629079,0.1
243,Baseline,75,Balanced,0,Low,0,Low,0,Low,0,Low,0,3.24021,718.302,6.57828,0.0628249,0.1
244,Baseline,60,Balanced,0,Low,0,Low,0,Low,0,Low,0,3.22456,714.893,6.57353,0.0627872,0.1
245,Baseline,77,Balanced,0,Low,0,High,2,Low,0,Low,0,3.25984,722.503,6.58411,0.0629371,0.1
246,Baseline,77,Balanced,0,Low,0,High,2,Low,0,Low,0,3.25295,720.148,6.58084,0.0624391,0.1
247,Baseline,76,Balanced,0,Low,0,Medium,1,Low,0,Low,0,3.24348,719.733,6.58027,0.0624998,0.1
248,Baseline,77,Balanced,0,Low,0,High,2,Low,0,Low,0,3.2708,725.471,6.5882,0.0627818,0.1
249,Baseline,60,Balanced,0,Low,0,Low,0,Low,0,Low,0,3.23292,717.195,6.57674,0.0628787,0.1
250,Baseline,60,Balanced,0,Low,0,Low,0,Low,0,Low,0,3.22416,713.924,6.57218,0.0629893,0.1
251,Baseline,75,Balanced,0,Low,0,Low,0,Low,0,Low,0,3.24918,719.152,6.57946,0.0627027,0.1
252,Baseline,77,Balanced,0,Low,0,High,2,Low,0,Low,0,3.26456,724.311,6.5866,0.0625536,0.1
253,Baseline,60,Balanced,0,Low,0,Low,0,Low,0,Low,0,3.2349,716.325,6.57553,0.0625574,0.1
254,Baseline,60,Balanced,0,Low,0,Low,0,Low,0,Low,0,3.23475,717.163,6.5767,0.0622332,0.1
255,Baseline,75,Balanced,0,Low,0,Low,0,Low,0,Low,0,3.24901,719.001,6.57925,0.0628341,0.1
256,Baseline,77,Balanced,0,Low,0,High,2,Low,0,Low,0,3.25955,723.591,6.58561,0.0626343,0.1
257,Baseline,76,Balanced,0,Low,0,Medium,1,Low,0,Low,0,3.25038,719.594,6.58008,0.0629555,0.1
258,Baseline,77,Balanced,0,Low,0,High,2,Low,0,Low,0,3.27101,725.292,6.58795,0.0629632,0.1
259,Baseline,77,Balanced,0,Low,0,High,2,Low,0,Low,0,3.25349,721.134,6.58221,0.0626742,0.1
260,Baseline,75,Balanced,0,Low,0,Low,0,Low,0,Low,0,3.24229,718.381,6.57839,0.0628502,0.1
261,Baseline,61,Balanced,0,Low,0,Medium,1,Low,0,Low,0,3.23976,719.48,6.57992,0.0626151,0.1
262,Baseline,60,Balanced,0,Low,0,Low,0,Low,0,Low,0,3.23949,718.297,6.57827,0.0627011,0.1
263,Baseline,77,Balanced,0,Low,0,High,2,Low,0,Low,0,3.25043,720.977,6.58199,0.0624814,0.1
264,Baseline,60,Balanced,0,Low,0,Low,0,Low,0,Low,0,3.23612,717.514,6.57718,0.0624837,0.1
265,Baseline,77,Balanced,0,Low,0,High,2,Low,0,Low,0,3.25456,721.827,6.58317,0.0622631,0.1
266,Baseline,75,Balanced,0,Low,0,Low,0,Low,0,Low,0,3.24098,718.465,6.57851,0.0624967,0.1
267,Baseline,75,Balanced,0,Low,0,Low,0,Low,0,Low,0,3.24213,718.704,6.57884,0.0625467,0.1
268,Baseline,75,Balanced,0,Low,0,Low,0,Low,0,Low,0,3.24099,718.7,6.57884,0.0625751,0.1
269,Baseline,60,Balanced,0,Low,0,Low,0,Low,0,Low,0,3.2365,717.338,6.57694,0.0626704,0.1
270,Baseline,76,Balanced,0,Low,0,Medium,1,Low,0,Low,0,3.24288,719.596,6.58008,0.0626696,0.1
271,Baseline,75,Balanced,0,Low,0,Low,0,Low,0,Low,0,3.24364,719.151,6.57946,0.0624114,0.1
272,Baseline,77,Balanced,0,Low,0,High,2,Low,0,Low,0,3.25827,722.577,6.58421,0.0630608,0.1
273,Baseline,77,Balanced,0,Low,0,High,2,Low,0,Low,0,3.25184,720.301,6.58106,0.0628541,0.1
274,Baseline,77,Balanced,0,Low,0,High,2,Low,0,Low,0,3.2512,720.111,6.58079,0.0628372,0.1
275,Baseline,77,Balanced,0,Low,0,High,2,Low,0,Low,0,3.25063,720.454,6.58127,0.0625113,0.1
276,Baseline,60,Balanced,0,Low,0,Low,0,Low,0,Low,0,3.2241,715.357,6.57418,0.0624353,0.1
277,Baseline,77,Balanced,0,Low,0,High,2,Low,0,Low,0,3.26285,723.612,6.58564,0.0625682,0.1
278,Baseline,77,Balanced,0,Low,0,High,2,Low,0,Low,0,3.24993,720.545,6.5814,0.0627257,0.1
279,Baseline,75,Balanced,0,Low,0,Low,0,Low,0,Low,0,3.24479,718.856,6.57905,0.0625006,0.1
280,Baseline,76,Balanced,0,Low,0,Medium,1,Low,0,Low,0,3.24435,719.826,6.5804,0.0625052,0.1
281,Baseline,77,Balanced,0,Low,0,High,2,Low,0,Low,0,3.25835,722.718,6.5844,0.0628241,0.1
282,Baseline,75,Balanced,0,Low,0,Low,0,Low,0,Low,0,3.24167,719.08,6.57936,0.0626289,0.1
283,Baseline,60,Balanced,0,Low,0,Low,0,Low,0,Low,0,3.22559,716.054,6.57515,0.0628602,0.1
284,Baseline,77,Balanced,0,Low,0,High,2,Low,0,Low,0,3.25455,721.47,6.58268,0.0625828,0.1
285,Baseline,60,Balanced,0,Low,0,Low,0,Low,0,Low,0,3.206,711.242,6.56842,0.06226,0.1
286,Baseline,77,Balanced,0,Low,0,High,2,Low,0,Low,0,3.2528,720.93,6.58193,0.0628049,0.1
287,Baseline,60,Balanced,0,Low,0,Low,0,Low,0,Low,0,3.2379,717.218,6.57677,0.0626681,0.1
288,Baseline,77,Balanced,0,Low,0,High,2,Low,0,Low,0,3.25544,721.777,6.5831,0.0627088,0.1
289,Baseline,77,Balanced,0,Low,0,High,2,Low,0,Low,0,3.27489,726.289,6.58932,0.0625513,0.1
290,Baseline,76,Balanced,0,Low,0,Medium,1,Low,0,Low,0,3.24205,719.189,6.57951,0.0625874,0.1
291,Baseline,60,Balanced,0,Low,0,Low,0,Low,0,Low,0,3.22626,715.351,6.57417,0.0625236,0.1
292,Baseline,60,Balanced,0,Low,0,Low,0,Low,0,Low,0,3.23191,717.135,6.57666,0.0627911,0.1
293,Baseline,77,Balanced,0,Low,0,High,2,Low,0,Low,0,3.27605,726.908,6.59018,0.0628464,0.1
294,Baseline,60,Balanced,0,Low,0,Low,0,Low,0,Low,0,3.22834,714.806,6.57341,0.062894,0.1
295,Baseline,76,Balanced,0,Low,0,Medium,1,Low,0,Low,0,3.24493,719.206,6.57954,0.0628825,0.1
296,Baseline,77,Balanced,0,Low,0,High,2,Low,0,Low,0,3.25132,721.816,6.58315,0.0624806,0.1
297,Baseline,77,Balanced,0,Low,0,High,2,Low,0,Low,0,3.25252,721.779,6.5831,0.0624506,0.1
298,Baseline,77,Balanced,0,Low,0,High,2,Low,0,Low,0,3.24529,720.104,6.58078,0.0623822,0.1
299,Baseline,75,Balanced,0,Low,0,Low,0,Low,0,Low,0,3.24582,718.844,6.57903,0.0627857,0.1
300,Baseline,77,Balanced,0,Low,0,High,2,Low,0,Low,0,3.26478,723.667,6.58571,0.0626912,0.1
301,Baseline,60,Balanced,0,Low,0,Low,0,Low,0,Low,0,3.22177,714.474,6.57295,0.0626658,0.1
302,Baseline,75,Balanced,0,Low,0,Low,0,Low,0,Low,0,3.24528,718.793,6.57896,0.0625067,0.1
303,Baseline,60,Balanced,0,Low,0,Low,0,Low,0,Low,0,3.23654,717.756,6.57752,0.0627449,0.1
304,Baseline,75,Balanced,0,Low,0,Low,0,Low,0,Low,0,3.2438,718.692,6.57882,0.0629056,0.1
305,Baseline,77,Balanced,0,Low,0,High,2,Low,0,Low,0,3.25293,721.461,6.58266,0.0625836,0.1
306,Baseline,77,Balanced,0,Low,0,High,2,Low,0,Low,0,3.26457,722.746,6.58444,0.0631438,0.1
307,Baseline,77,Balanced,0,Low,0,High,2,Low,0,Low,0,3.25449,721.343,6.5825,0.0628203,0.1
308,Baseline,77,Balanced,0,Low,0,High,2,Low,0,Low,0,3.24847,720.496,6.58133,0.0629563,0.1
309,Baseline,77,Balanced,0,Low,0,High,2,Low,0,Low,0,3.25852,723.141,6.58499,0.0626481,0.1
310,Baseline,77,Balanced,0,Low,0,High,2,Low,0,Low,0,3.27482,726.436,6.58953,0.0628072,0.1
311,Baseline,60,Balanced,0,Low,0,Low,0,Low,0,Low,0,3.2113,712.644,6.57038,0.0625305,0.1
312,Baseline,60,Balanced,0,Low,0,Low,0,Low,0,Low,0,3.23364,717.353,6.57696,0.0624929,0.1
313,Baseline,77,Balanced,0,Low,0,High,2,Low,0,Low,0,3.24853,720.377,6.58116,0.0623477,0.1
314,Baseline,75,Balanced,0,Low,0,Low,0,Low,0,Low,0,3.24124,717.947,6.57779,0.0628195,0.1
315,Baseline,75,Balanced,0,Low,0,Low,0,Low,0,Low,0,3.24262,718.33,6.57832,0.0628034,0.1
316,Baseline,77,Balanced,0,Low,0,High,2,Low,0,Low,0,3.25108,720.909,6.5819,0.0627042,0.1
317,Baseline,77,Balanced,0,Low,0,High,2,Low,0,Low,0,3.24795,721.355,6.58252,0.0627626,0.1
318,Baseline,60,Balanced,0,Low,0,Low,0,Low,0,Low,0,3.23269,715.579,6.57449,0.0626412,0.1
319,Baseline,77,Balanced,0,Low,0,High,2,Low,0,Low,0,3.25789,722.896,6.58465,0.0626835,0.1
320,Baseline,60,Balanced,0,Low,0,Low,0,Low,0,Low,0,3.23608,717.501,6.57717,0.0627035,0.1
321,Baseline,75,Balanced,0,Low,0,Low,0,Low,0,Low,0,3.24536,719.115,6.57941,0.0624622,0.1
322,Baseline,76,Balanced,0,Low,0,Medium,1,Low,0,Low,0,3.24764,719.48,6.57992,0.0626904,0.1
323,Baseline,60,Balanced,0,Low,0,Low,0,Low,0,Low,0,3.23872,718.3,6.57828,0.0624975,0.1
324,Baseline,60,Balanced,0,Low,0,Low,0,Low,0,Low,0,3.23188,716.118,6.57524,0.0624222,0.1
325,Baseline,77,Balanced,0,Low,0,High,2,Low,0,Low,0,3.25765,722.378,6.58393,0.0624821,0.1
326,Baseline,77,Balanced,0,Low,0,High,2,Low,0,Low,0,3.24783,720.483,6.58131,0.0627042,0.1
327,Baseline,60,Balanced,0,Low,0,Low,0,Low,0,Low,0,3.22027,714.118,6.57245,0.0624452,0.1
328,Baseline,75,Balanced,0,Low,0,Low,0,Low,0,Low,0,3.24196,718.921,6.57914,0.0623799,0.1
329,Baseline,77,Balanced,0,Low,0,High,2,Low,0,Low,0,3.24683,720.032,6.58068,0.0625498,0.1
330,Baseline,60,Balanced,0,Low,0,Low,0,Low,0,Low,0,3.23815,717.611,6.57732,0.0627473,0.1
331,Baseline,76,Balanced,0,Low,0,Medium,1,Low,0,Low,0,3.24804,719.209,6.57954,0.0624737,0.1
332,Baseline,60,Balanced,0,Low,0,Low,0,Low,0,Low,0,3.22098,713.767,6.57196,0.0627903,0.1
333,Baseline,60,Balanced,0,Low,0,Low,0,Low,0,Low,0,3.23477,717.489,6.57715,0.062589,0.1
334,Baseline,77,Balanced,0,Low,0,High,2,Low,0,Low,0,3.25323,720.888,6.58187,0.0625843,0.1
335,Baseline,75,Balanced,0,Low,0,Low,0,Low,0,Low,0,3.24497,718.65,6.57877,0.0626143,0.1
336,Baseline,77,Balanced,0,Low,0,High,2,Low,0,Low,0,3.25918,721.873,6.58323,0.0628356,0.1
337,Baseline,77,Balanced,0,Low,0,High,2,Low,0,Low,0,3.28068,728.525,6.59239,0.0625405,0.1
338,Baseline,60,Balanced,0,Low,0,Low,0,Low,0,Low,0,3.21953,713.884,6.57212,0.062655,0.1
339,Baseline,77,Balanced,0,Low,0,High,2,Low,0,Low,0,3.2518,720.005,6.58065,0.0627534,0.1
340,Baseline,60,Balanced,0,Low,0,Low,0,Low,0,Low,0,3.2238,714.367,6.5728,0.0626174,0.1
341,Baseline,60,Balanced,0,Low,0,Low,0,Low,0,Low,0,3.23287,716.415,6.57565,0.0627826,0.1
342,Baseline,77,Balanced,0,Low,0,High,2,Low,0,Low,0,3.2494,721.281,6.58241,0.0623031,0.1
343,Baseline,77,Balanced,0,Low,0,High,2,Low,0,Low,0,3.25329,720.932,6.58193,0.0630001,0.1
344,Baseline,77,Balanced,0,Low,0,High,2,Low,0,Low,0,3.24667,720.86,6.58183,0.0624721,0.1
345,Baseline,60,Balanced,0,Low,0,Low,0,Low,0,Low,0,3.23555,716.711,6.57607,0.062851,0.1
346,Baseline,60,Balanced,0,Low,0,Low,0,Low,0,Low,0,3.23285,715.837,6.57485,0.062947,0.1
347,Baseline,77,Balanced,0,Low,0,High,2,Low,0,Low,0,3.25658,722.425,6.584,0.0627849,0.1
348,Baseline,75,Balanced,0,Low,0,Low,0,Low,0,Low,0,3.24156,719.138,6.57944,0.0622247,0.1
349,Baseline,60,Balanced,0,Low,0,Low,0,Low,0,Low,0,3.23217,716.706,6.57606,0.0625913,0.1
350,Baseline,77,Balanced,0,Low,0,High,2,Low,0,Low,0,3.27608,726.484,6.58959,0.0630208,0.1
351,Baseline,75,Balanced,0,Low,0,Low,0,Low,0,Low,0,3.24193,718.12,6.57803,0.0628495,0.1
352,Baseline,60,Balanced,0,Low,0,Low,0,Low,0,Low,0,3.2323,717.096,6.5766,0.0627403,0.1
353,Baseline,77,Balanced,0,Low,0,High,2,Low,0,Low,0,3.26851,724.943,6.58747,0.0628979,0.1
354,Baseline,76,Balanced,0,Low,0,Medium,1,Low,0,Low,0,3.25038,719.218,6.57955,0.0629401,0.1
355,Baseline,60,Balanced,0,Low,0,Low,0,Low,0,Low,0,3.23107,715.621,6.57455,0.062685,0.1
356,Baseline,77,Balanced,0,Low,0,High,2,Low,0,Low,0,3.25784,723.447,6.58541,0.0629094,0.1
357,Baseline,77,Balanced,0,Low,0,High,2,Low,0,Low,0,3.26647,723.93,6.58607,0.0628272,0.1
358,Baseline,77,Balanced,0,Low,0,High,2,Low,0,Low,0,3.28735,729.349,6.59352,0.0626566,0.1
359,Baseline,77,Balanced,0,Low,0,High,2,Low,0,Low,0,3.2548,721.649,6.58292,0.0625444,0.1
360,Baseline,77,Balanced,0,Low,0,High,2,Low,0,Low,0,3.25762,721.131,6.58221,0.0624437,0.1
361,Baseline,77,Balanced,0,Low,0,High,2,Low,0,Low,0,3.25485,722.354,6.5839,0.062944,0.1
362,Baseline,77,Balanced,0,Low,0,High,2,Low,0,Low,0,3.26353,724.844,6.58734,0.0626481,0.1
363,Baseline,76,Balanced,0,Low,0,Medium,1,Low,0,Low,0,3.24472,719.216,6.57955,0.062725,0.1
364,Baseline,60,Balanced,0,Low,0,Low,0,Low,0,Low,0,3.23689,716.393,6.57562,0.0627926,0.1
365,Baseline,76,Balanced,0,Low,0,Medium,1,Low,0,Low,0,3.24468,719.623,6.58012,0.0625298,0.1
366,Baseline,75,Balanced,0,Low,0,Low,0,Low,0,Low,0,3.24414,718.772,6.57893,0.0629002,0.1
367,Baseline,77,Balanced,0,Low,0,High,2,Low,0,Low,0,3.26728,724.422,6.58675,0.0627273,0.1
368,Baseline,60,Balanced,0,Low,0,Low,0,Low,0,Low,0,3.23673,717.926,6.57776,0.0627549,0.1
369,Baseline,77,Balanced,0,Low,0,High,2,Low,0,Low,0,3.25569,721.736,6.58304,0.0628356,0.1
370,Baseline,77,Balanced,0,Low,0,High,2,Low,0,Low,0,3.24782,720.688,6.58159,0.0627818,0.1
371,Baseline,77,Balanced,0,Low,0,High,2,Low,0,Low,0,3.2501,721.294,6.58243,0.0626005,0.1
372,Baseline,77,Balanced,0,Low,0,High,2,Low,0,Low,0,3.25222,721.601,6.58286,0.0626719,0.1
373,Baseline,60,Balanced,0,Low,0,Low,0,Low,0,Low,0,3.23061,716.242,6.57541,0.0627534,0.1
374,Baseline,60,Balanced,0,Low,0,Low,0,Low,0,Low,0,3.2181,713.072,6.57098,0.0623553,0.1
375,Baseline,76,Balanced,0,Low,0,Medium,1,Low,0,Low,0,3.24215,719.211,6.57955,0.062456,0.1
376,Baseline,77,Balanced,0,Low,0,High,2,Low,0,Low,0,3.24775,720.542,6.58139,0.0624283,0.1
377,Baseline,60,Balanced,0,Low,0,Low,0,Low,0,Low,0,3.22066,713.234,6.57121,0.0621532,0.1
378,Baseline,77,Balanced,0,Low,0,High,2,Low,0,Low,0,3.25171,721.074,6.58213,0.0626166,0.1
379,Baseline,77,Balanced,0,Low,0,High,2,Low,0,Low,0,3.25205,721.07,6.58212,0.0624829,0.1
380,Baseline,77,Balanced,0,Low,0,High,2,Low,0,Low,0,3.26167,723.813,6.58591,0.0627811,0.1
381,Baseline,77,Balanced,0,Low,0,High,2,Low,0,Low,0,3.26399,723.718,6.58578,0.0626704,0.1
382,Baseline,77,Balanced,0,Low,0,High,2,Low,0,Low,0,3.25746,722.211,6.5837,0.0628725,0.1
383,Baseline,60,Balanced,0,Low,0,Low,0,Low,0,Low,0,3.2374,717.386,6.57701,0.0625075,0.1
384,Baseline,77,Balanced,0,Low,0,High,2,Low,0,Low,0,3.25905,723.223,6.5851,0.0627572,0.1
385,Baseline,77,Balanced,0,Low,0,High,2,Low,0,Low,0,3.25369,721.909,6.58328,0.0627588,0.1
386,Baseline,77,Balanced,0,Low,0,High,2,Low,0,Low,0,3.25439,721.204,6.58231,0.062904,0.1
387,Baseline,60,Balanced,0,Low,0,Low,0,Low,0,Low,0,3.22687,715.51,6.57439,0.0624322,0.1
388,Baseline,77,Balanced,0,Low,0,High,2,Low,0,Low,0,3.2679,724.448,6.58679,0.0626043,0.1
389,Baseline,75,Balanced,0,Low,0,Low,0,Low,0,Low,0,3.2474,718.685,6.57881,0.0627273,0.1
390,Baseline,77,Balanced,0,Low,0,High,2,Low,0,Low,0,3.27534,725.913,6.58881,0.0627442,0.1
391,Baseline,76,Balanced,0,Low,0,Medium,1,Low,0,Low,0,3.24753,719.823,6.58039,0.0623277,0.1
392,Baseline,77,Balanced,0,Low,0,High,2,Low,0,Low,0,3.25259,721.672,6.58296,0.0622985,0.1
393,Baseline,60,Balanced,0,Low,0,Low,0,Low,0,Low,0,3.23846,719.029,6.57929,0.0625305,0.1
394,Baseline,77,Balanced,0,Low,0,High,2,Low,0,Low,0,3.258,721.695,6.58299,0.0630108,0.1
395,Baseline,77,Balanced,0,Low,0,High,2,Low,0,Low,0,3.25813,723.187,6.58505,0.0625421,0.1
396,Baseline,77,Balanced,0,Low,0,High,2,Low,0,Low,0,3.24931,721.065,6.58212,0.0626443,0.1
397,Baseline,75,Balanced,0,Low,0,Low,0,Low,0,Low,0,3.24063,718.242,6.5782,0.062831,0.1
398,Baseline,60,Balanced,0,Low,0,Low,0,Low,0,Low,0,3.21416,713.149,6.57109,0.0625559,0.1
399,Baseline,60,Balanced,0,Low,0,Low,0,Low,0,Low,0,3.2371,717.254,6.57682,0.0628418,0.1
400,Baseline,75,Balanced,0,Low,0,Low,0,Low,0,Low,0,3.24423,718.868,6.57907,0.0626965,0.1
401,Baseline,60,Balanced,0,Low,0,Low,0,Low,0,Low,0,3.23123,716.511,6.57579,0.0628856,0.1
402,Baseline,77,Balanced,0,Low,0,High,2,Low,0,Low,0,3.25829,721.97,6.58337,0.0627964,0.1
403,Baseline,77,Balanced,0,Low,0,High,2,Low,0,Low,0,3.25151,721.045,6.58209,0.0626043,0.1
404,Baseline,60,Balanced,0,Low,0,Low,0,Low,0,Low,0,3.23224,716.62,6.57594,0.0620848,0.1
405,Baseline,75,Balanced,0,Low,0,Low,0,Low,0,Low,0,3.2406,718.387,6.5784,0.0623761,0.1
406,Baseline,77,Balanced,0,Low,0,High,2,Low,0,Low,0,3.25447,721.808,6.58314,0.0623892,0.1
407,Baseline,77,Balanced,0,Low,0,High,2,Low,0,Low,0,3.25458,721.326,6.58248,0.0627811,0.1
408,Baseline,77,Balanced,0,Low,0,High,2,Low,0,Low,0,3.2557,722.096,6.58354,0.0627019,0.1
409,Baseline,60,Balanced,0,Low,0,Low,0,Low,0,Low,0,3.23467,717.062,6.57656,0.0626412,0.1
410,Baseline,76,Balanced,0,Low,0,Medium,1,Low,0,Low,0,3.24129,719.408,6.57982,0.062383,0.1
411,Baseline,77,Balanced,0,Low,0,High,2,Low,0,Low,0,3.25045,721.047,6.58209,0.0625674,0.1
412,Baseline,60,Balanced,0,Low,0,Low,0,Low,0,Low,0,3.23103,716.47,6.57573,0.0624191,0.1
413,Baseline,76,Balanced,0,Low,0,Medium,1,Low,0,Low,0,3.24362,719.409,6.57982,0.06231,0.1
414,Baseline,60,Balanced,0,Low,0,Low,0,Low,0,Low,0,3.22809,715.657,6.5746,0.0626059,0.1
415,Baseline,77,Balanced,0,Low,0,High,2,Low,0,Low,0,3.2556,721.693,6.58298,0.0625029,0.1
416,Baseline,77,Balanced,0,Low,0,High,2,Low,0,Low,0,3.25075,720.98,6.582,0.0627765,0.1
417,Baseline,60,Balanced,0,Low,0,Low,0,Low,0,Low,0,3.23787,718.051,6.57793,0.062499,0.1
418,Baseline,76,Balanced,0,Low,0,Medium,1,Low,0,Low,0,3.24592,719.825,6.5804,0.0626965,0.1
419,Baseline,60,Balanced,0,Low,0,Low,0,Low,0,Low,0,3.23332,716.137,6.57527,0.0628187,0.1
420,Baseline,77,Balanced,0,Low,0,High,2,Low,0,Low,0,3.27357,727.07,6.5904,0.0626212,0.1
421,Baseline,77,Balanced,0,Low,0,High,2,Low,0,Low,0,3.2526,720.877,6.58185,0.0628902,0.1
422,Baseline,60,Balanced,0,Low,0,Low,0,Low,0,Low,0,3.2095,711.936,6.56939,0.0623784,0.1
423,Baseline,77,Balanced,0,Low,0,High,2,Low,0,Low,0,3.27306,725.96,6.58887,0.0625521,0.1
424,Baseline,77,Balanced,0,Low,0,High,2,Low,0,Low,0,3.25128,720.938,6.58194,0.0626988,0.1
425,Baseline,77,Balanced,0,Low,0,High,2,Low,0,Low,0,3.25561,722.442,6.58402,0.0630362,0.1
426,Baseline,76,Balanced,0,Low,0,Medium,1,Low,0,Low,0,3.24891,719.78,6.58033,0.0628971,0.1
427,Baseline,75,Balanced,0,Low,0,Low,0,Low,0,Low,0,3.24063,718.943,6.57917,0.0624814,0.1
428,Baseline,77,Balanced,0,Low,0,High,2,Low,0,Low,0,3.24967,720.195,6.58091,0.0628095,0.1
429,Baseline,77,Balanced,0,Low,0,High,2,Low,0,Low,0,3.25015,720.495,6.58133,0.0626082,0.1
430,Baseline,77,Balanced,0,Low,0,High,2,Low,0,Low,0,3.27383,725.478,6.58821,0.0628441,0.1
431,Baseline,77,Balanced,0,Low,0,High,2,Low,0,Low,0,3.27316,725.96,6.58887,0.0629217,0.1
432,Baseline,75,Balanced,0,Low,0,Low,0,Low,0,Low,0,3.24188,718.401,6.57842,0.0626351,0.1
433,Baseline,77,Balanced,0,Low,0,High,2,Low,0,Low,0,3.28544,728.25,6.59202,0.062446,0.1
434,Baseline,75,Balanced,0,Low,0,Low,0,Low,0,Low,0,3.24395,717.886,6.5777,0.0625083,0.1
435,Baseline,76,Balanced,0,Low,0,Medium,1,Low,0,Low,0,3.24697,719.448,6.57987,0.0625936,0.1
436,Baseline,75,Balanced,0,Low,0,Low,0,Low,0,Low,0,3.24121,718.815,6.57899,0.0627165,0.1
437,Baseline,77,Balanced,0,Low,0,High,2,Low,0,Low,0,3.25978,721.878,6.58324,0.0627403,0.1
438,Baseline,60,Balanced,0,Low,0,Low,0,Low,0,Low,0,3.22525,716.01,6.57509,0.0624107,0.1
439,Baseline,76,Balanced,0,Low,0,Medium,1,Low,0,Low,0,3.24687,719.503,6.57995,0.0628295,0.1
440,Baseline,77,Balanced,0,Low,0,High,2,Low,0,Low,0,3.26593,724.588,6.58698,0.0625021,0.1
441,Baseline,77,Balanced,0,Low,0,High,2,Low,0,Low,0,3.25359,720.875,6.58185,0.0627342,0.1
442,Baseline,77,Balanced,0,Low,0,High,2,Low,0,Low,0,3.26504,723.353,6.58528,0.0626182,0.1
443,Baseline,60,Balanced,0,Low,0,Low,0,Low,0,Low,0,3.23319,715.369,6.57419,0.0625505,0.1
444,Baseline,77,Balanced,0,Low,0,High,2,Low,0,Low,0,3.25499,721.678,6.58296,0.0628502,0.1
445,Baseline,76,Balanced,0,Low,0,Medium,1,Low,0,Low,0,3.24892,719.516,6.57997,0.0627626,0.1
446,Baseline,77,Balanced,0,Low,0,High,2,Low,0,Low,0,3.24684,719.914,6.58052,0.062572,0.1
447,Baseline,77,Balanced,0,Low,0,High,2,Low,0,Low,0,3.257,723.018,6.58482,0.0627872,0.1
448,Baseline,60,Balanced,0,Low,0,Low,0,Low,0,Low,0,3.23204,716.871,6.57629,0.0628548,0.1
449,Baseline,76,Balanced,0,Low,0,Medium,1,Low,0,Low,0,3.24642,719.603,6.58009,0.0627396,0.1
450,Baseline,77,Balanced,0,Low,0,High,2,Low,0,Low,0,3.249,719.96,6.58058,0.0627442,0.1
451,Baseline,60,Balanced,0,Low,0,Low,0,Low,0,Low,0,3.2026,709.763,6.56634,0.0623254,0.1
452,Baseline,60,Balanced,0,Low,0,Low,0,Low,0,Low,0,3.23194,716.666,6.576,0.0623515,0.1
453,Baseline,77,Balanced,0,Low,0,High,2,Low,0,Low,0,3.25234,719.99,6.58063,0.0627642,0.1
454,Baseline,60,Balanced,0,Low,0,Low,0,Low,0,Low,0,3.22736,715.05,6.57375,0.0626973,0.1
455,Baseline,60,Balanced,0,Low,0,Low,0,Low,0,Low,0,3.23333,716.898,6.57633,0.0628103,0.1
456,Baseline,77,Balanced,0,Low,0,High,2,Low,0,Low,0,3.27699,726.676,6.58986,0.0624437,0.1
457,Baseline,60,Balanced,0,Low,0,Low,0,Low,0,Low,0,3.23185,716.985,6.57645,0.0622508,0.1
458,Baseline,77,Balanced,0,Low,0,High,2,Low,0,Low,0,3.25731,722.611,6.58425,0.0626474,0.1
459,Baseline,76,Balanced,0,Low,0,Medium,1,Low,0,Low,0,3.24246,719.189,6.57951,0.0626128,0.1
460,Baseline,76,Balanced,0,Low,0,Medium,1,Low,0,Low,0,3.24428,719.516,6.57997,0.0624883,0.1
461,Baseline,60,Balanced,0,Low,0,Low,0,Low,0,Low,0,3.23346,716.566,6.57586,0.0623446,0.1
462,Baseline,60,Balanced,0,Low,0,Low,0,Low,0,Low,0,3.23664,716.979,6.57644,0.0628372,0.1
463,Baseline,75,Balanced,0,Low,0,Low,0,Low,0,Low,0,3.24673,718.949,6.57918,0.0628264,0.1
464,Baseline,60,Balanced,0,Low,0,Low,0,Low,0,Low,0,3.236,717.437,6.57708,0.0628264,0.1
465,Baseline,77,Balanced,0,Low,0,High,2,Low,0,Low,0,3.26413,724.497,6.58686,0.0627926,0.1
466,Baseline,77,Balanced,0,Low,0,High,2,Low,0,Low,0,3.25685,722.081,6.58352,0.0629401,0.1
467,Baseline,77,Balanced,0,Low,0,High,2,Low,0,Low,0,3.24996,720.28,6.58103,0.0626235,0.1
468,Baseline,77,Balanced,0,Low,0,High,2,Low,0,Low,0,3.27615,726.688,6.58987,0.0627526,0.1
469,Baseline,75,Balanced,0,Low,0,Low,0,Low,0,Low,0,3.24024,718.346,6.57834,0.0625674,0.1
470,Baseline,77,Balanced,0,Low,0,High,2,Low,0,Low,0,3.26273,723.415,6.58536,0.0625644,0.1
471,Baseline,75,Balanced,0,Low,0,Low,0,Low,0,Low,0,3.24182,719.065,6.57934,0.0625989,0.1
472,Baseline,60,Balanced,0,Low,0,Low,0,Low,0,Low,0,3.23073,715.591,6.57451,0.0629862,0.1
473,Baseline,77,Balanced,0,Low,0,High,2,Low,0,Low,0,3.24833,720.075,6.58074,0.0625144,0.1
474,Baseline,77,Balanced,0,Low,0,High,2,Low,0,Low,0,3.26934,724.545,6.58692,0.0626965,0.1
475,Baseline,75,Balanced,0,Low,0,Low,0,Low,0,Low,0,3.24182,717.839,6.57764,0.0629032,0.1
476,Baseline,77,Balanced,0,Low,0,High,2,Low,0,Low,0,3.2653,723.894,6.58603,0.0625498,0.1
477,Baseline,75,Balanced,0,Low,0,Low,0,Low,0,Low,0,3.24123,717.451,6.5771,0.0628694,0.1
478,Baseline,60,Balanced,0,Low,0,Low,0,Low,0,Low,0,3.21897,713.613,6.57174,0.0625713,0.1
479,Baseline,77,Balanced,0,Low,0,High,2,Low,0,Low,0,3.26856,724.679,6.58711,0.0627634,0.1
480,Baseline,77,Balanced,0,Low,0,High,2,Low,0,Low,0,3.26946,725.503,6.58824,0.0627296,0.1
481,Baseline,75,Balanced,0,Low,0,Low,0,Low,0,Low,0,3.24136,718.644,6.57876,0.0628164,0.1
482,Baseline,77,Balanced,0,Low,0,High,2,Low,0,Low,0,3.2586,722.112,6.58356,0.0629148,0.1
483,Baseline,60,Balanced,0,Low,0,Low,0,Low,0,Low,0,3.21439,713.158,6.57111,0.0624468,0.1
484,Baseline,77,Balanced,0,Low,0,High,2,Low,0,Low,0,3.26004,723.084,6.58491,0.0628118,0.1
485,Baseline,77,Balanced,0,Low,0,High,2,Low,0,Low,0,3.24606,720.101,6.58078,0.0625882,0.1
486,Baseline,77,Balanced,0,Low,0,High,2,Low,0,Low,0,3.27569,725.173,6.58779,0.0629079,0.1
487,Baseline,75,Balanced,0,Low,0,Low,0,Low,0,Low,0,3.24475,718.749,6.5789,0.0626958,0.1
488,Baseline,77,Balanced,0,Low,0,High,2,Low,0,Low,0,3.2639,723.63,6.58566,0.0627234,0.1
489,Baseline,60,Balanced,0,Low,0,Low,0,Low,0,Low,0,3.2265,715.614,6.57454,0.0627403,0.1
490,Baseline,77,Balanced,0,Low,0,High,2,Low,0,Low,0,3.26375,723.453,6.58542,0.0625974,0.1
491,Baseline,77,Balanced,0,Low,0,High,2,Low,0,Low,0,3.25522,720.596,6.58146,0.0629801,0.1
492,Baseline,60,Balanced,0,Low,0,Low,0,Low,0,Low,0,3.23819,717.61,6.57732,0.0626781,0.1
493,Baseline,77,Balanced,0,Low,0,High,2,Low,0,Low,0,3.25062,720.49,6.58132,0.0627004,0.1
494,Baseline,77,Balanced,0,Low,0,High,2,Low,0,Low,0,3.26002,722.916,6.58468,0.0625797,0.1
495,Baseline,77,Balanced,0,Low,0,High,2,Low,0,Low,0,3.26251,723.799,6.58589,0.0628779,0.1
496,Baseline,77,Balanced,0,Low,0,High,2,Low,0,Low,0,3.25691,721.081,6.58214,0.0628164,0.1
497,Baseline,77,Balanced,0,Low,0,High,2,Low,0,Low,0,3.27705,726.676,6.58986,0.0629109,0.1
498,Baseline,77,Balanced,0,Low,0,High,2,Low,0,Low,0,3.26622,723.342,6.58526,0.0627227,0.1
499,Baseline,76,Balanced,0,Low,0,Medium,1,Low,0,Low,0,3.24457,719.257,6.57961,0.0629271,0.1
500,Baseline,77,Balanced,0,Low,0,High,2,Low,0,Low,0,3.24501,719.967,6.58059,0.0627265,0.1
501,Baseline,60,Balanced,0,Low,0,Low,0,Low,0,Low,0,3.23879,718.269,6.57824,0.062622,0.1
502,Baseline,60,Balanced,0,Low,0,Low,0,Low,0,Low,0,3.23865,718.201,6.57814,0.0626981,0.1
503,Baseline,60,Balanced,0,Low,0,Low,0,Low,0,Low,0,3.23408,716.854,6.57627,0.062801,0.1
504,Baseline,77,Balanced,0,Low,0,High,2,Low,0,Low,0,3.24803,720.006,6.58065,0.0628026,0.1
505,Baseline,60,Balanced,0,Low,0,Low,0,Low,0,Low,0,3.23591,717.589,6.57729,0.0629809,0.1
506,Baseline,60,Balanced,0,Low,0,Low,0,Low,0,Low,0,3.2398,718.668,6.57879,0.0624207,0.1
507,Baseline,75,Balanced,0,Low,0,Low,0,Low,0,Low,0,3.24353,718.753,6.57891,0.0628295,0.1
508,Baseline,60,Balanced,0,Low,0,Low,0,Low,0,Low,0,3.23687,718.007,6.57787,0.0623576,0.1
509,Baseline,77,Balanced,0,Low,0,High,2,Low,0,Low,0,3.27136,725.647,6.58844,0.062695,0.1
510,Baseline,60,Balanced,0,Low,0,Low,0,Low,0,Low,0,3.23021,715.695,6.57465,0.0628341,0.1
511,Baseline,77,Balanced,0,Low,0,High,2,Low,0,Low,0,3.27784,727.424,6.59088,0.0628464,0.1
512,Baseline,77,Balanced,0,Low,0,High,2,Low,0,Low,0,3.2503,721.346,6.5825,0.0625405,0.1
513,Baseline,76,Balanced,0,Low,0,Medium,1,Low,0,Low,0,3.24405,719.273,6.57963,0.0625797,0.1
514,Baseline,77,Balanced,0,Low,0,High,2,Low,0,Low,0,3.25219,720.748,6.58168,0.0629071,0.1
515,Baseline,77,Balanced,0,Low,0,High,2,Low,0,Low,0,3.28229,727.901,6.59154,0.0626988,0.1
516,Baseline,60,Balanced,0,Low,0,Low,0,Low,0,Low,0,3.22938,716.421,6.57566,0.0624053,0.1
517,Baseline,60,Balanced,0,Low,0,Low,0,Low,0,Low,0,3.22816,715.969,6.57503,0.0622908,0.1
518,Baseline,77,Balanced,0,Low,0,High,2,Low,0,Low,0,3.25272,720.415,6.58121,0.0625874,0.1
519,Baseline,75,Balanced,0,Low,0,Low,0,Low,0,Low,0,3.24442,717.933,6.57777,0.0628041,0.1
520,Baseline,77,Balanced,0,Low,0,High,2,Low,0,Low,0,3.25641,722.546,6.58416,0.0629739,0.1
521,Baseline,75,Balanced,0,Low,0,Low,0,Low,0,Low,0,3.24178,718.149,6.57807,0.0625405,0.1
522,Baseline,77,Balanced,0,Low,0,High,2,Low,0,Low,0,3.26145,723.463,6.58543,0.0626773,0.1
523,Baseline,75,Balanced,0,Low,0,Low,0,Low,0,Low,0,3.24334,718.44,6.57847,0.0628487,0.1
524,Baseline,77,Balanced,0,Low,0,High,2,Low,0,Low,0,3.26902,724.999,6.58755,0.0627995,0.1
525,Baseline,75,Balanced,0,Low,0,Low,0,Low,0,Low,0,3.24004,718.001,6.57786,0.0627619,0.1
526,Baseline,60,Balanced,0,Low,0,Low,0,Low,0,Low,0,3.2266,714.2,6.57256,0.0626704,0.1
527,Baseline,60,Balanced,0,Low,0,Low,0,Low,0,Low,0,3.21642,712.885,6.57072,0.0624683,0.1
528,Baseline,77,Balanced,0,Low,0,High,2,Low,0,Low,0,3.26278,723.8,6.5859,0.0630247,0.1
529,Baseline,75,Balanced,0,Low,0,Low,0,Low,0,Low,0,3.24644,718.854,6.57905,0.0627426,0.1
530,Baseline,60,Balanced,0,Low,0,Low,0,Low,0,Low,0,3.22991,715.702,6.57466,0.062738,0.1
531,Baseline,77,Balanced,0,Low,0,High,2,Low,0,Low,0,3.26462,723.4,6.58534,0.0627334,0.1
532,Baseline,75,Balanced,0,Low,0,Low,0,Low,0,Low,0,3.24219,717.997,6.57786,0.062695,0.1
533,Baseline,77,Balanced,0,Low,0,High,2,Low,0,Low,0,3.2547,721.187,6.58228,0.0622547,0.1
534,Baseline,77,Balanced,0,Low,0,High,2,Low,0,Low,0,3.24659,719.948,6.58057,0.0626965,0.1
535,Baseline,60,Balanced,0,Low,0,Low,0,Low,0,Low,0,3.23294,717.231,6.57679,0.0625751,0.1
536,Baseline,76,Balanced,0,Low,0,Medium,1,Low,0,Low,0,3.25035,719.458,6.57989,0.0627288,0.1
537,Baseline,60,Balanced,0,Low,0,Low,0,Low,0,Low,0,3.22079,714.069,6.57238,0.0625052,0.1
538,Baseline,60,Balanced,0,Low,0,Low,0,Low,0,Low,0,3.23774,717.773,6.57755,0.0626397,0.1
539,Baseline,75,Balanced,0,Low,0,Low,0,Low,0,Low,0,3.24164,718.966,6.5792,0.0627027,0.1
540,Baseline,60,Balanced,0,Low,0,Low,0,Low,0,Low,0,3.20447,710.263,6.56704,0.0621724,0.1
541,Baseline,77,Balanced,0,Low,0,High,2,Low,0,Low,0,3.2483,720.765,6.5817,0.0626658,0.1
542,Baseline,75,Balanced,0,Low,0,Low,0,Low,0,Low,0,3.2411,719.062,6.57934,0.0626397,0.1
543,Baseline,77,Balanced,0,Low,0,High,2,Low,0,Low,0,3.25941,722.641,6.5843,0.0627357,0.1
544,Baseline,77,Balanced,0,Low,0,High,2,Low,0,Low,0,3.25564,722.464,6.58405,0.0627004,0.1
545,Baseline,77,Balanced,0,Low,0,High,2,Low,0,Low,0,3.25426,721.153,6.58224,0.0625528,0.1
546,Baseline,60,Balanced,0,Low,0,Low,0,Low,0,Low,0,3.22712,715.662,6.5746,0.062426,0.1
547,Baseline,77,Balanced,0,Low,0,High,2,Low,0,Low,0,3.2513,720.312,6.58107,0.0627903,0.1
548,Baseline,60,Balanced,0,Low,0,Low,0,Low,0,Low,0,3.23575,717.779,6.57755,0.0628233,0.1
549,Baseline,77,Balanced,0,Low,0,High,2,Low,0,Low,0,3.25017,720.228,6.58096,0.0625121,0.1
550,Baseline,77,Balanced,0,Low,0,High,2,Low,0,Low,0,3.26074,723.476,6.58545,0.0629509,0.1
551,Baseline,77,Balanced,0,Low,0,High,2,Low,0,Low,0,3.25625,722.016,6.58343,0.0627257,0.1
552,Baseline,60,Balanced,0,Low,0,Low,0,Low,0,Low,0,3.23407,716.389,6.57562,0.0622931,0.1
553,Baseline,77,Balanced,0,Low,0,High,2,Low,0,Low,0,3.25123,720.071,6.58074,0.0626212,0.1
554,Baseline,76,Balanced,0,Low,0,Medium,1,Low,0,Low,0,3.24938,719.231,6.57957,0.0626804,0.1
555,Baseline,77,Balanced,0,Low,0,High,2,Low,0,Low,0,3.24688,719.974,6.5806,0.0628333,0.1
556,Baseline,77,Balanced,0,Low,0,High,2,Low,0,Low,0,3.24833,720.561,6.58142,0.0629271,0.1
557,Baseline,77,Balanced,0,Low,0,High,2,Low,0,Low,0,3.25304,720.989,6.58201,0.0627104,0.1
558,Baseline,77,Balanced,0,Low,0,High,2,Low,0,Low,0,3.25188,720.027,6.58068,0.0632921,0.1
559,Baseline,77,Balanced,0,Low,0,High,2,Low,0,Low,0,3.25789,722.857,6.58459,0.0626304,0.1
560,Baseline,60,Balanced,0,Low,0,Low,0,Low,0,Low,0,3.22794,715.059,6.57376,0.0628295,0.1
561,Baseline,77,Balanced,0,Low,0,High,2,Low,0,Low,0,3.24883,720.405,6.5812,0.0626827,0.1
562,Baseline,77,Balanced,0,Low,0,High,2,Low,0,Low,0,3.25741,721.182,6.58228,0.0625106,0.1
563,Baseline,60,Balanced,0,Low,0,Low,0,Low,0,Low,0,3.23078,716.139,6.57527,0.0624952,0.1
564,Baseline,77,Balanced,0,Low,0,High,2,Low,0,Low,0,3.2487,720.635,6.58152,0.0627519,0.1
565,Baseline,77,Balanced,0,Low,0,High,2,Low,0,Low,0,3.26898,724.91,6.58743,0.0629186,0.1
566,Baseline,77,Balanced,0,Low,0,High,2,Low,0,Low,0,3.27997,727.346,6.59078,0.0629739,0.1
567,Baseline,60,Balanced,0,Low,0,Low,0,Low,0,Low,0,3.23417,717.505,6.57717,0.0623315,0.1
568,Baseline,77,Balanced,0,Low,0,High,2,Low,0,Low,0,3.24986,720.82,6.58178,0.0625521,0.1
569,Baseline,60,Balanced,0,Low,0,Low,0,Low,0,Low,0,3.23275,715.631,6.57456,0.0630646,0.1
570,Baseline,60,Balanced,0,Low,0,Low,0,Low,0,Low,0,3.22449,714.369,6.5728,0.062788,0.1
571,Baseline,77,Balanced,0,Low,0,High,2,Low,0,Low,0,3.26309,723.65,6.58569,0.0625843,0.1
572,Baseline,77,Balanced,0,Low,0,High,2,Low,0,Low,0,3.27365,725.802,6.58865,0.062695,0.1
573,Baseline,75,Balanced,0,Low,0,Low,0,Low,0,Low,0,3.24149,718.289,6.57826,0.0628887,0.1
574,Baseline,75,Balanced,0,Low,0,Low,0,Low,0,Low,0,3.24095,718.167,6.57809,0.0626328,0.1
575,Baseline,77,Balanced,0,Low,0,High,2,Low,0,Low,0,3.2853,728.415,6.59224,0.062798,0.1
576,Baseline,77,Balanced,0,Low,0,High,2,Low,0,Low,0,3.25623,721.411,6.58259,0.0629125,0.1
577,Baseline,75,Balanced,0,Low,0,Low,0,Low,0,Low,0,3.24329,719.134,6.57944,0.0626673,0.1
578,Baseline,77,Balanced,0,Low,0,High,2,Low,0,Low,0,3.25922,721.956,6.58335,0.0627572,0.1
579,Baseline,77,Balanced,0,Low,0,High,2,Low,0,Low,0,3.25363,722.037,6.58346,0.0623692,0.1
580,Baseline,77,Balanced,0,Low,0,High,2,Low,0,Low,0,3.25386,721.835,6.58318,0.0624099,0.1
581,Baseline,60,Balanced,0,Low,0,Low,0,Low,0,Low,0,3.23656,717.641,6.57736,0.062111,0.1
582,Baseline,77,Balanced,0,Low,0,High,2,Low,0,Low,0,3.25073,720.985,6.582,0.0628264,0.1
583,Baseline,60,Balanced,0,Low,0,Low,0,Low,0,Low,0,3.22294,714.352,6.57278,0.062496,0.1
584,Baseline,77,Balanced,0,Low,0,High,2,Low,0,Low,0,3.2612,723.046,6.58486,0.062821,0.1
585,Baseline,60,Balanced,0,Low,0,Low,0,Low,0,Low,0,3.22807,715.043,6.57374,0.0628356,0.1
586,Baseline,77,Balanced,0,Low,0,High,2,Low,0,Low,0,3.26949,724.74,6.58719,0.063047,0.1
587,Baseline,77,Balanced,0,Low,0,High,2,Low,0,Low,0,3.28348,727.715,6.59128,0.0629862,0.1
588,Baseline,60,Balanced,0,Low,0,Low,0,Low,0,Low,0,3.23869,718.709,6.57885,0.062821,0.1
589,Baseline,60,Balanced,0,Low,0,Low,0,Low,0,Low,0,3.23015,715.174,6.57392,0.0627073,0.1
590,Baseline,60,Balanced,0,Low,0,Low,0,Low,0,Low,0,3.23468,716.27,6.57545,0.0624706,0.1
591,Baseline,75,Balanced,0,Low,0,Low,0,Low,0,Low,0,3.24248,718.245,6.5782,0.0629916,0.1
592,Baseline,77,Balanced,0,Low,0,High,2,Low,0,Low,0,3.24745,719.933,6.58055,0.0629655,0.1
593,Baseline,60,Balanced,0,Low,0,Low,0,Low,0,Low,0,3.23792,717.382,6.577,0.0627111,0.1
594,Baseline,77,Balanced,0,Low,0,High,2,Low,0,Low,0,3.25125,721.633,6.5829,0.0624237,0.1
595,Baseline,75,Balanced,0,Low,0,Low,0,Low,0,Low,0,3.24064,718.58,6.57867,0.0626919,0.1
596,Baseline,77,Balanced,0,Low,0,High,2,Low,0,Low,0,3.25461,721.009,6.58204,0.0631922,0.1
597,Baseline,77,Balanced,0,Low,0,High,2,Low,0,Low,0,3.24576,720.001,6.58064,0.0629455,0.1
598,Baseline,60,Balanced,0,Low,0,Low,0,Low,0,Low,0,3.23705,716.667,6.57601,0.0625505,0.1
599,Baseline,60,Balanced,0,Low,0,Low,0,Low,0,Low,0,3.22892,715.419,6.57427,0.0625767,0.1
600,Baseline,60,Balanced,0,Low,0,Low,0,Low,0,Low,0,3.2377,717.797,6.57758,0.0624268,0.1
601,Baseline,77,Balanced,0,Low,0,High,2,Low,0,Low,0,3.25365,721.402,6.58258,0.0625006,0.1
602,Baseline,77,Balanced,0,Low,0,High,2,Low,0,Low,0,3.25554,722.448,6.58403,0.062267,0.1
603,Baseline,60,Balanced,0,Low,0,Low,0,Low,0,Low,0,3.23898,718.217,6.57816,0.0623392,0.1
604,Baseline,60,Balanced,0,Low,0,Low,0,Low,0,Low,0,3.23362,717.214,6.57677,0.0623246,0.1
605,Baseline,77,Balanced,0,Low,0,High,2,Low,0,Low,0,3.24809,720.002,6.58064,0.062675,0.1
606,Baseline,60,Balanced,0,Low,0,Low,0,Low,0,Low,0,3.22916,716.019,6.5751,0.0625836,0.1
607,Baseline,60,Balanced,0,Low,0,Low,0,Low,0,Low,0,3.22569,715.284,6.57408,0.0623246,0.1
608,Baseline,76,Balanced,0,Low,0,Medium,1,Low,0,Low,0,3.24567,719.825,6.5804,0.062914,0.1
609,Baseline,77,Balanced,0,Low,0,High,2,Low,0,Low,0,3.27176,725.278,6.58793,0.0631146,0.1
610,Baseline,60,Balanced,0,Low,0,Low,0,Low,0,Low,0,3.23528,717.681,6.57742,0.0626888,0.1
611,Baseline,77,Balanced,0,Low,0,High,2,Low,0,Low,0,3.28243,728.2,6.59195,0.0627303,0.1
612,Baseline,60,Balanced,0,Low,0,Low,0,Low,0,Low,0,3.22123,714.084,6.5724,0.0624967,0.1
613,Baseline,60,Balanced,0,Low,0,Low,0,Low,0,Low,0,3.2352,716.867,6.57628,0.0628894,0.1
614,Baseline,77,Balanced,0,Low,0,High,2,Low,0,Low,0,3.27943,727.048,6.59037,0.0627987,0.1
615,Baseline,60,Balanced,0,Low,0,Low,0,Low,0,Low,0,3.23329,717.721,6.57747,0.0622508,0.1
616,Baseline,60,Balanced,0,Low,0,Low,0,Low,0,Low,0,3.23822,717.778,6.57755,0.062874,0.1
617,Baseline,77,Balanced,0,Low,0,High,2,Low,0,Low,0,3.27187,723.868,6.58599,0.0629824,0.1
618,Baseline,77,Balanced,0,Low,0,High,2,Low,0,Low,0,3.24753,720.427,6.58123,0.0625521,0.1
619,Baseline,77,Balanced,0,Low,0,High,2,Low,0,Low,0,3.25598,722.245,6.58375,0.0627396,0.1
620,Baseline,77,Balanced,0,Low,0,High,2,Low,0,Low,0,3.25286,721.771,6.58309,0.0629693,0.1
621,Baseline,75,Balanced,0,Low,0,Low,0,Low,0,Low,0,3.24228,718.763,6.57892,0.0624299,0.1
622,Baseline,60,Balanced,0,Low,0,Low,0,Low,0,Low,0,3.23994,717.465,6.57712,0.0627534,0.1
623,Baseline,60,Balanced,0,Low,0,Low,0,Low,0,Low,0,3.23758,716.745,6.57612,0.0627319,0.1
624,Baseline,77,Balanced,0,Low,0,High,2,Low,0,Low,0,3.25883,722.208,6.5837,0.0627772,0.1
625,Baseline,77,Balanced,0,Low,0,High,2,Low,0,Low,0,3.26449,723.758,6.58584,0.062622,0.1
626,Baseline,60,Balanced,0,Low,0,Low,0,Low,0,Low,0,3.23195,716.59,6.5759,0.0628571,0.1
627,Baseline,75,Balanced,0,Low,0,Low,0,Low,0,Low,0,3.24186,718.231,6.57818,0.0629232,0.1
628,Baseline,77,Balanced,0,Low,0,High,2,Low,0,Low,0,3.28274,727.873,6.5915,0.0628894,0.1
629,Baseline,75,Balanced,0,Low,0,Low,0,Low,0,Low,0,3.24417,718.701,6.57884,0.0624875,0.1
630,Baseline,77,Balanced,0,Low,0,High,2,Low,0,Low,0,3.26047,723.382,6.58532,0.062436,0.1
631,Baseline,60,Balanced,0,Low,0,Low,0,Low,0,Low,0,3.23769,717.907,6.57773,0.0627519,0.1
632,Baseline,77,Balanced,0,Low,0,High,2,Low,0,Low,0,3.26521,723.148,6.585,0.0628879,0.1
633,Baseline,76,Balanced,0,Low,0,Medium,1,Low,0,Low,0,3.24636,719.836,6.58041,0.062642,0.1
634,Baseline,77,Balanced,0,Low,0,High,2,Low,0,Low,0,3.26359,723.757,6.58584,0.0627788,0.1
635,Baseline,77,Balanced,0,Low,0,High,2,Low,0,Low,0,3.25298,721.223,6.58233,0.0625659,0.1
636,Baseline,60,Balanced,0,Low,0,Low,0,Low,0,Low,0,3.23905,717.768,6.57754,0.0627911,0.1
637,Baseline,60,Balanced,0,Low,0,Low,0,Low,0,Low,0,3.2315,716.43,6.57568,0.0628648,0.1
638,Baseline,60,Balanced,0,Low,0,Low,0,Low,0,Low,0,3.22999,716.35,6.57556,0.0627027,0.1
639,Baseline,60,Balanced,0,Low,0,Low,0,Low,0,Low,0,3.2383,717.44,6.57708,0.062881,0.1
640,Baseline,77,Balanced,0,Low,0,High,2,Low,0,Low,0,3.27098,725.43,6.58814,0.0627849,0.1
641,Baseline,75,Balanced,0,Low,0,Low,0,Low,0,Low,0,3.24352,718.452,6.57849,0.0626335,0.1
642,Baseline,77,Balanced,0,Low,0,High,2,Low,0,Low,0,3.25166,720.678,6.58158,0.0626789,0.1
643,Baseline,60,Balanced,0,Low,0,Low,0,Low,0,Low,0,3.23942,718.651,6.57877,0.0627173,0.1
644,Baseline,76,Balanced,0,Low,0,Medium,1,Low,0,Low,0,3.24603,719.643,6.58014,0.0625513,0.1
645,Baseline,60,Balanced,0,Low,0,Low,0,Low,0,Low,0,3.21152,711.027,6.56812,0.0626258,0.1
646,Baseline,77,Balanced,0,Low,0,High,2,Low,0,Low,0,3.26644,724.639,6.58705,0.0626858,0.1
647,Baseline,77,Balanced,0,Low,0,High,2,Low,0,Low,0,3.25277,721.165,6.58225,0.0626673,0.1
648,Baseline,77,Balanced,0,Low,0,High,2,Low,0,Low,0,3.26232,723.807,6.58591,0.0624952,0.1
649,Baseline,77,Balanced,0,Low,0,High,2,Low,0,Low,0,3.254,720.782,6.58172,0.062788,0.1
650,Baseline,60,Balanced,0,Low,0,Low,0,Low,0,Low,0,3.23547,717.428,6.57706,0.0625943,0.1
651,Baseline,76,Balanced,0,Low,0,Medium,1,Low,0,Low,0,3.24832,719.831,6.58041,0.0628272,0.1
652,Baseline,77,Balanced,0,Low,0,High,2,Low,0,Low,0,3.24938,720.488,6.58132,0.0626151,0.1
653,Baseline,60,Balanced,0,Low,0,Low,0,Low,0,Low,0,3.23489,717.553,6.57724,0.062662,0.1
654,Baseline,76,Balanced,0,Low,0,Medium,1,Low,0,Low,0,3.24351,719.412,6.57982,0.0622447,0.1
655,Baseline,76,Balanced,0,Low,0,Medium,1,Low,0,Low,0,3.24199,719.436,6.57986,0.0628057,0.1
656,Baseline,77,Balanced,0,Low,0,High,2,Low,0,Low,0,3.26247,723.459,6.58543,0.0626589,0.1
657,Baseline,75,Balanced,0,Low,0,Low,0,Low,0,Low,0,3.2421,718.668,6.57879,0.0627941,0.1
658,Baseline,77,Balanced,0,Low,0,High,2,Low,0,Low,0,3.26155,723.729,6.5858,0.0626781,0.1
659,Baseline,77,Balanced,0,Low,0,High,2,Low,0,Low,0,3.24988,721.515,6.58274,0.0624952,0.1
660,Baseline,77,Balanced,0,Low,0,High,2,Low,0,Low,0,3.24924,720.671,6.58157,0.06232,0.1
661,Baseline,77,Balanced,0,Low,0,High,2,Low,0,Low,0,3.2694,724.323,6.58662,0.0628049,0.1
662,Baseline,77,Balanced,0,Low,0,High,2,Low,0,Low,0,3.26487,724.044,6.58623,0.0626781,0.1
663,Baseline,76,Balanced,0,Low,0,Medium,1,Low,0,Low,0,3.24618,719.403,6.57981,0.0626059,0.1
664,Baseline,77,Balanced,0,Low,0,High,2,Low,0,Low,0,3.26154,723.628,6.58566,0.0627327,0.1
665,Baseline,77,Balanced,0,Low,0,High,2,Low,0,Low,0,3.26585,723.812,6.58591,0.0625782,0.1
666,Baseline,77,Balanced,0,Low,0,High,2,Low,0,Low,0,3.24679,721.279,6.58241,0.0626835,0.1
667,Baseline,75,Balanced,0,Low,0,Low,0,Low,0,Low,0,3.24172,718.465,6.57851,0.0623161,0.1
668,Baseline,60,Balanced,0,Low,0,Low,0,Low,0,Low,0,3.21005,712.004,6.56949,0.062433,0.1
669,Baseline,76,Balanced,0,Low,0,Medium,1,Low,0,Low,0,3.24345,719.287,6.57965,0.0627342,0.1
670,Baseline,60,Balanced,0,Low,0,Low,0,Low,0,Low,0,3.22345,714.937,6.57359,0.0626497,0.1
671,Baseline,77,Balanced,0,Low,0,High,2,Low,0,Low,0,3.26234,723.124,6.58496,0.0624798,0.1
672,Baseline,77,Balanced,0,Low,0,High,2,Low,0,Low,0,3.25462,721.973,6.58337,0.0625167,0.1
673,Baseline,60,Balanced,0,Low,0,Low,0,Low,0,Low,0,3.22627,714.322,6.57273,0.0627496,0.1
674,Baseline,77,Balanced,0,Low,0,High,2,Low,0,Low,0,3.2784,726.688,6.58987,0.06305,0.1
675,Baseline,77,Balanced,0,Low,0,High,2,Low,0,Low,0,3.25139,720.659,6.58155,0.0628325,0.1
676,Baseline,77,Balanced,0,Low,0,High,2,Low,0,Low,0,3.25816,721.994,6.5834,0.062735,0.1
677,Baseline,60,Balanced,0,Low,0,Low,0,Low,0,Low,0,3.20072,709.5,6.56597,0.062277,0.1
678,Baseline,76,Balanced,0,Low,0,Medium,1,Low,0,Low,0,3.24417,719.394,6.5798,0.0627649,0.1
679,Baseline,60,Balanced,0,Low,0,Low,0,Low,0,Low,0,3.22862,715.436,6.57429,0.0628064,0.1
680,Baseline,60,Balanced,0,Low,0,Low,0,Low,0,Low,0,3.23859,718.033,6.57791,0.062728,0.1
681,Baseline,60,Balanced,0,Low,0,Low,0,Low,0,Low,0,3.22223,714.784,6.57338,0.0624852,0.1
682,Baseline,60,Balanced,0,Low,0,Low,0,Low,0,Low,0,3.23433,718.513,6.57857,0.0623815,0.1
683,Baseline,77,Balanced,0,Low,0,High,2,Low,0,Low,0,3.27502,726.304,6.58934,0.0630216,0.1
684,Baseline,77,Balanced,0,Low,0,High,2,Low,0,Low,0,3.26986,725.083,6.58766,0.0629617,0.1
685,Baseline,60,Balanced,0,Low,0,Low,0,Low,0,Low,0,3.23415,716.183,6.57533,0.062884,0.1
686,Baseline,77,Balanced,0,Low,0,High,2,Low,0,Low,0,3.25048,720.754,6.58168,0.0626896,0.1
687,Baseline,77,Balanced,0,Low,0,High,2,Low,0,Low,0,3.24917,720.044,6.5807,0.0626812,0.1
688,Baseline,77,Balanced,0,Low,0,High,2,Low,0,Low,0,3.24922,720.534,6.58138,0.0629594,0.1
689,Baseline,77,Balanced,0,Low,0,High,2,Low,0,Low,0,3.25445,721.232,6.58235,0.0630639,0.1
690,Baseline,60,Balanced,0,Low,0,Low,0,Low,0,Low,0,3.23101,716.278,6.57546,0.0624291,0.1
691,Baseline,77,Balanced,0,Low,0,High,2,Low,0,Low,0,3.25981,721.983,6.58339,0.0627742,0.1
692,Baseline,77,Balanced,0,Low,0,High,2,Low,0,Low,0,3.25461,720.505,6.58134,0.0625267,0.1
693,Baseline,77,Balanced,0,Low,0,High,2,Low,0,Low,0,3.28098,726.837,6.59008,0.0630124,0.1
694,Baseline,75,Balanced,0,Low,0,Low,0,Low,0,Low,0,3.24731,718.899,6.57911,0.0626735,0.1
695,Baseline,77,Balanced,0,Low,0,High,2,Low,0,Low,0,3.26617,724.455,6.5868,0.0626374,0.1
696,Baseline,77,Balanced,0,Low,0,High,2,Low,0,Low,0,3.24923,721.445,6.58264,0.062486,0.1
697,Baseline,60,Balanced,0,Low,0,Low,0,Low,0,Low,0,3.2337,716.933,6.57638,0.0622793,0.1
698,Baseline,77,Balanced,0,Low,0,High,2,Low,0,Low,0,3.2547,720.599,6.58147,0.062778,0.1
699,Baseline,60,Balanced,0,Low,0,Low,0,Low,0,Low,0,3.2229,714.526,6.57302,0.0626766,0.1
700,Baseline,60,Balanced,0,Low,0,Low,0,Low,0,Low,0,3.20941,711.425,6.56867,0.0623031,0.1
701,Baseline,60,Balanced,0,Low,0,Low,0,Low,0,Low,0,3.2295,715.356,6.57418,0.0627765,0.1
702,Baseline,77,Balanced,0,Low,0,High,2,Low,0,Low,0,3.25714,722.378,6.58393,0.0626243,0.1
703,Baseline,76,Balanced,0,Low,0,Medium,1,Low,0,Low,0,3.247,719.673,6.58019,0.0626043,0.1
704,Baseline,60,Balanced,0,Low,0,Low,0,Low,0,Low,0,3.2328,716.332,6.57554,0.062778,0.1
705,Baseline,60,Balanced,0,Low,0,Low,0,Low,0,Low,0,3.22667,714.653,6.5732,0.0622939,0.1
706,Baseline,77,Balanced,0,Low,0,High,2,Low,0,Low,0,3.2524,721.482,6.58269,0.0624314,0.1
707,Baseline,60,Balanced,0,Low,0,Low,0,Low,0,Low,0,3.22565,714.837,6.57345,0.062423,0.1
708,Baseline,77,Balanced,0,Low,0,High,2,Low,0,Low,0,3.25672,721.018,6.58205,0.0627811,0.1
709,Baseline,77,Balanced,0,Low,0,High,2,Low,0,Low,0,3.25282,722.126,6.58358,0.0628272,0.1
710,Baseline,75,Balanced,0,Low,0,Low,0,Low,0,Low,0,3.24074,717.695,6.57744,0.0626043,0.1
711,Baseline,60,Balanced,0,Low,0,Low,0,Low,0,Low,0,3.23359,716.577,6.57588,0.0624383,0.1
712,Baseline,60,Balanced,0,Low,0,Low,0,Low,0,Low,0,3.23823,716.988,6.57645,0.0629056,0.1
713,Baseline,77,Balanced,0,Low,0,High,2,Low,0,Low,0,3.25529,721.653,6.58293,0.0629916,0.1
714,Baseline,60,Balanced,0,Low,0,Low,0,Low,0,Low,0,3.22376,714.428,6.57288,0.0626604,0.1
715,Baseline,77,Balanced,0,Low,0,High,2,Low,0,Low,0,3.26164,723.803,6.5859,0.0624937,0.1
716,Baseline,60,Balanced,0,Low,0,Low,0,Low,0,Low,0,3.23746,717.879,6.57769,0.0627058,0.1
717,Baseline,60,Balanced,0,Low,0,Low,0,Low,0,Low,0,3.23609,716.381,6.57561,0.0630055,0.1
718,Baseline,60,Balanced,0,Low,0,Low,0,Low,0,Low,0,3.22776,714.984,6.57366,0.0625574,0.1
719,Baseline,77,Balanced,0,Low,0,High,2,Low,0,Low,0,3.25946,722.384,6.58394,0.0628241,0.1
720,Baseline,77,Balanced,0,Low,0,High,2,Low,0,Low,0,3.26197,724.548,6.58693,0.0625905,0.1
721,Baseline,77,Balanced,0,Low,0,High,2,Low,0,Low,0,3.26703,724.458,6.5868,0.0626366,0.1
722,Baseline,60,Balanced,0,Low,0,Low,0,Low,0,Low,0,3.23591,718.192,6.57813,0.0625121,0.1
723,Baseline,77,Balanced,0,Low,0,High,2,Low,0,Low,0,3.25843,721.814,6.58315,0.062904,0.1
724,Baseline,60,Balanced,0,Low,0,Low,0,Low,0,Low,0,3.21585,712.088,6.5696,0.0626904,0.1
725,Baseline,60,Balanced,0,Low,0,Low,0,Low,0,Low,0,3.22567,715.094,6.57381,0.0625482,0.1
726,Baseline,77,Balanced,0,Low,0,High,2,Low,0,Low,0,3.26238,722.695,6.58437,0.0631207,0.1
727,Baseline,77,Balanced,0,Low,0,High,2,Low,0,Low,0,3.25549,720.865,6.58184,0.0630208,0.1
728,Baseline,76,Balanced,0,Low,0,Medium,1,Low,0,Low,0,3.24935,719.404,6.57981,0.0626527,0.1
729,Baseline,60,Balanced,0,Low,0,Low,0,Low,0,Low,0,3.23893,717.422,6.57706,0.0627303,0.1
730,Baseline,60,Balanced,0,Low,0,Low,0,Low,0,Low,0,3.22969,717.306,6.5769,0.062237,0.1
731,Baseline,60,Balanced,0,Low,0,Low,0,Low,0,Low,0,3.23008,715.954,6.57501,0.0630569,0.1
732,Baseline,60,Balanced,0,Low,0,Low,0,Low,0,Low,0,3.22973,716.545,6.57584,0.0625467,0.1
733,Baseline,77,Balanced,0,Low,0,High,2,Low,0,Low,0,3.26213,724.284,6.58656,0.0623676,0.1
734,Baseline,77,Balanced,0,Low,0,High,2,Low,0,Low,0,3.26195,724.065,6.58626,0.0629063,0.1
735,Baseline,77,Balanced,0,Low,0,High,2,Low,0,Low,0,3.27076,725.598,6.58837,0.0627426,0.1
736,Baseline,77,Balanced,0,Low,0,High,2,Low,0,Low,0,3.2638,722.362,6.58391,0.0630762,0.1
737,Baseline,77,Balanced,0,Low,0,High,2,Low,0,Low,0,3.26604,724.621,6.58703,0.0628933,0.1
738,Baseline,60,Balanced,0,Low,0,Low,0,Low,0,Low,0,3.23078,716.614,6.57593,0.0625621,0.1
739,Baseline,60,Balanced,0,Low,0,Low,0,Low,0,Low,0,3.23846,717.555,6.57724,0.0627035,0.1
740,Baseline,77,Balanced,0,Low,0,High,2,Low,0,Low,0,3.28006,727.964,6.59162,0.062655,0.1
741,Baseline,60,Balanced,0,Low,0,Low,0,Low,0,Low,0,3.23529,717.364,6.57698,0.0627473,0.1
742,Baseline,60,Balanced,0,Low,0,Low,0,Low,0,Low,0,3.23295,716.836,6.57624,0.0626904,0.1
743,Baseline,77,Balanced,0,Low,0,High,2,Low,0,Low,0,3.24868,720.536,6.58138,0.0630877,0.1
744,Baseline,60,Balanced,0,Low,0,Low,0,Low,0,Low,0,3.23584,717.928,6.57776,0.062174,0.1
745,Baseline,60,Balanced,0,Low,0,Low,0,Low,0,Low,0,3.23822,716.769,6.57615,0.0627357,0.1
746,Baseline,77,Balanced,0,Low,0,High,2,Low,0,Low,0,3.24973,720.763,6.5817,0.0624744,0.1
747,Baseline,76,Balanced,0,Low,0,Medium,1,Low,0,Low,0,3.24803,719.785,6.58034,0.0625375,0.1
748,Baseline,60,Balanced,0,Low,0,Low,0,Low,0,Low,0,3.22878,715.254,6.57403,0.0625982,0.1
749,Baseline,60,Balanced,0,Low,0,Low,0,Low,0,Low,0,3.23314,716.726,6.57609,0.062718,0.1
750,Baseline,60,Balanced,0,Low,0,Low,0,Low,0,Low,0,3.2365,717.339,6.57694,0.0628787,0.1
751,Baseline,77,Balanced,0,Low,0,High,2,Low,0,Low,0,3.25691,722.33,6.58387,0.0625559,0.1
752,Baseline,60,Balanced,0,Low,0,Low,0,Low,0,Low,0,3.22249,715.336,6.57415,0.0624791,0.1
753,Baseline,76,Balanced,0,Low,0,Medium,1,Low,0,Low,0,3.24491,719.394,6.5798,0.0629755,0.1
754,Baseline,77,Balanced,0,Low,0,High,2,Low,0,Low,0,3.24967,720.192,6.5809,0.0625997,0.1
755,Baseline,60,Balanced,0,Low,0,Low,0,Low,0,Low,0,3.22801,715.899,6.57493,0.0627111,0.1
756,Baseline,77,Balanced,0,Low,0,High,2,Low,0,Low,0,3.27911,726.593,6.58974,0.0628049,0.1
757,Baseline,77,Balanced,0,Low,0,High,2,Low,0,Low,0,3.25943,723.104,6.58493,0.0626235,0.1
758,Baseline,77,Balanced,0,Low,0,High,2,Low,0,Low,0,3.25313,720.881,6.58186,0.0626558,0.1
759,Baseline,77,Balanced,0,Low,0,High,2,Low,0,Low,0,3.24853,720.358,6.58114,0.0626658,0.1
760,Baseline,77,Balanced,0,Low,0,High,2,Low,0,Low,0,3.25113,720.712,6.58163,0.0630585,0.1
761,Baseline,77,Balanced,0,Low,0,High,2,Low,0,Low,0,3.26901,724.812,6.58729,0.0629778,0.1
762,Baseline,75,Balanced,0,Low,0,Low,0,Low,0,Low,0,3.2417,717.94,6.57778,0.062738,0.1
763,Baseline,77,Balanced,0,Low,0,High,2,Low,0,Low,0,3.28294,727.622,6.59116,0.0630731,0.1
764,Baseline,60,Balanced,0,Low,0,Low,0,Low,0,Low,0,3.22295,715.202,6.57396,0.0624422,0.1
765,Baseline,60,Balanced,0,Low,0,Low,0,Low,0,Low,0,3.23305,717.027,6.57651,0.0624299,0.1
766,Baseline,77,Balanced,0,Low,0,High,2,Low,0,Low,0,3.27843,726.404,6.58948,0.0627403,0.1
767,Baseline,77,Balanced,0,Low,0,High,2,Low,0,Low,0,3.26911,724.019,6.5862,0.0628794,0.1
768,Baseline,77,Balanced,0,Low,0,High,2,Low,0,Low,0,3.26339,724.28,6.58656,0.062652,0.1
769,Baseline,60,Balanced,0,Low,0,Low,0,Low,0,Low,0,3.23826,717.589,6.57729,0.0630331,0.1
770,Baseline,77,Balanced,0,Low,0,High,2,Low,0,Low,0,3.25763,722.175,6.58365,0.0628994,0.1
771,Baseline,77,Balanced,0,Low,0,High,2,Low,0,Low,0,3.24788,719.942,6.58056,0.0627572,0.1
772,Baseline,77,Balanced,0,Low,0,High,2,Low,0,Low,0,3.26923,724.806,6.58728,0.0628902,0.1
773,Baseline,77,Balanced,0,Low,0,High,2,Low,0,Low,0,3.25644,721.877,6.58324,0.0628372,0.1
774,Baseline,77,Balanced,0,Low,0,High,2,Low,0,Low,0,3.24967,721.292,6.58243,0.0623192,0.1
775,Baseline,60,Balanced,0,Low,0,Low,0,Low,0,Low,0,3.23264,717.276,6.57685,0.0623991,0.1
776,Baseline,60,Balanced,0,Low,0,Low,0,Low,0,Low,0,3.22182,713.896,6.57214,0.0625452,0.1
777,Baseline,60,Balanced,0,Low,0,Low,0,Low,0,Low,0,3.23652,718.063,6.57795,0.0626896,0.1
778,Baseline,77,Balanced,0,Low,0,High,2,Low,0,Low,0,3.2786,726.043,6.58899,0.0630639,0.1
779,Baseline,60,Balanced,0,Low,0,Low,0,Low,0,Low,0,3.23875,718.122,6.57803,0.0626335,0.1
780,Baseline,77,Balanced,0,Low,0,High,2,Low,0,Low,0,3.25932,723.074,6.58489,0.0625659,0.1
781,Baseline,77,Balanced,0,Low,0,High,2,Low,0,Low,0,3.24817,720.916,6.58191,0.0625936,0.1
782,Baseline,60,Balanced,0,Low,0,Low,0,Low,0,Low,0,3.21601,712.687,6.57044,0.062509,0.1
783,Baseline,60,Balanced,0,Low,0,Low,0,Low,0,Low,0,3.23033,716.317,6.57552,0.0623807,0.1
784,Baseline,77,Balanced,0,Low,0,High,2,Low,0,Low,0,3.26029,722.485,6.58408,0.0630185,0.1
785,Baseline,60,Balanced,0,Low,0,Low,0,Low,0,Low,0,3.23371,717.672,6.5774,0.0626243,0.1
786,Baseline,75,Balanced,0,Low,0,Low,0,Low,0,Low,0,3.24467,718.241,6.5782,0.062373,0.1
787,Baseline,77,Balanced,0,Low,0,High,2,Low,0,Low,0,3.25694,721.047,6.58209,0.0627542,0.1
788,Baseline,77,Balanced,0,Low,0,High,2,Low,0,Low,0,3.26103,722.391,6.58395,0.0629317,0.1
789,Baseline,77,Balanced,0,Low,0,High,2,Low,0,Low,0,3.24753,720.06,6.58072,0.0627534,0.1
790,Baseline,77,Balanced,0,Low,0,High,2,Low,0,Low,0,3.2824,727.968,6.59163,0.0627035,0.1
791,Baseline,60,Balanced,0,Low,0,Low,0,Low,0,Low,0,3.23328,715.589,6.5745,0.0627449,0.1
792,Baseline,77,Balanced,0,Low,0,High,2,Low,0,Low,0,3.25021,720.382,6.58117,0.0623261,0.1
793,Baseline,60,Balanced,0,Low,0,Low,0,Low,0,Low,0,3.22013,713.911,6.57216,0.0624721,0.1
794,Baseline,77,Balanced,0,Low,0,High,2,Low,0,Low,0,3.25982,721.898,6.58327,0.0626804,0.1
795,Baseline,77,Balanced,0,Low,0,High,2,Low,0,Low,0,3.24806,720.363,6.58114,0.0624222,0.1
796,Baseline,60,Balanced,0,Low,0,Low,0,Low,0,Low,0,3.23678,716.702,6.57606,0.0631676,0.1
797,Baseline,77,Balanced,0,Low,0,High,2,Low,0,Low,0,3.24619,720.188,6.5809,0.0625682,0.1
798,Baseline,60,Balanced,0,Low,0,Low,0,Low,0,Low,0,3.2335,716.306,6.5755,0.0629432,0.1
799,Baseline,60,Balanced,0,Low,0,Low,0,Low,0,Low,0,3.235,717.369,6.57698,0.0623876,0.1
800,Baseline,76,Balanced,0,Low,0,Medium,1,Low,0,Low,0,3.24323,719.831,6.5804,0.0624076,0.1
801,Baseline,77,Balanced,0,Low,0,High,2,Low,0,Low,0,3.26657,723.988,6.58616,0.0628195,0.1
802,Baseline,77,Balanced,0,Low,0,High,2,Low,0,Low,0,3.25463,722.253,6.58376,0.0628149,0.1
803,Baseline,77,Balanced,0,Low,0,High,2,Low,0,Low,0,3.28229,728.53,6.5924,0.0628187,0.1
804,Baseline,77,Balanced,0,Low,0,High,2,Low,0,Low,0,3.25611,722.45,6.58403,0.0628779,0.1
805,Baseline,60,Balanced,0,Low,0,Low,0,Low,0,Low,0,3.23384,716.702,6.57605,0.0623392,0.1
806,Baseline,60,Balanced,0,Low,0,Low,0,Low,0,Low,0,3.2151,712.109,6.56963,0.062778,0.1
807,Baseline,77,Balanced,0,Low,0,High,2,Low,0,Low,0,3.25787,722.313,6.58384,0.0628725,0.1
808,Baseline,77,Balanced,0,Low,0,High,2,Low,0,Low,0,3.25817,721.954,6.58335,0.0623776,0.1
809,Baseline,60,Balanced,0,Low,0,Low,0,Low,0,Low,0,3.218,713.366,6.57139,0.0626128,0.1
810,Baseline,77,Balanced,0,Low,0,High,2,Low,0,Low,0,3.24961,721.14,6.58222,0.0623307,0.1
811,Baseline,60,Balanced,0,Low,0,Low,0,Low,0,Low,0,3.22429,715.028,6.57372,0.0628064,0.1
812,Baseline,77,Balanced,0,Low,0,High,2,Low,0,Low,0,3.2464,719.933,6.58055,0.0628571,0.1
813,Baseline,77,Balanced,0,Low,0,High,2,Low,0,Low,0,3.27153,725.03,6.58759,0.0630669,0.1
814,Baseline,77,Balanced,0,Low,0,High,2,Low,0,Low,0,3.2648,723.614,6.58564,0.0629609,0.1
815,Baseline,60,Balanced,0,Low,0,Low,0,Low,0,Low,0,3.23001,716.172,6.57532,0.0624199,0.1
816,Baseline,60,Balanced,0,Low,0,Low,0,Low,0,Low,0,3.23485,716.875,6.57629,0.0627465,0.1
817,Baseline,60,Balanced,0,Low,0,Low,0,Low,0,Low,0,3.23607,716.777,6.57616,0.0626819,0.1
818,Baseline,77,Balanced,0,Low,0,High,2,Low,0,Low,0,3.27101,724.813,6.58729,0.0629755,0.1
819,Baseline,77,Balanced,0,Low,0,High,2,Low,0,Low,0,3.25303,721.426,6.58261,0.0624829,0.1
820,Baseline,77,Balanced,0,Low,0,High,2,Low,0,Low,0,3.25583,721.352,6.58251,0.0630354,0.1
821,Baseline,77,Balanced,0,Low,0,High,2,Low,0,Low,0,3.25685,721.225,6.58234,0.0627127,0.1
822,Baseline,60,Balanced,0,Low,0,Low,0,Low,0,Low,0,3.23771,717.752,6.57752,0.0627219,0.1
823,Baseline,77,Balanced,0,Low,0,High,2,Low,0,Low,0,3.26791,724.25,6.58652,0.0626573,0.1
824,Baseline,75,Balanced,0,Low,0,Low,0,Low,0,Low,0,3.24358,718.083,6.57798,0.062821,0.1
825,Baseline,75,Balanced,0,Low,0,Low,0,Low,0,Low,0,3.24943,718.819,6.579,0.0627511,0.1
826,Baseline,60,Balanced,0,Low,0,Low,0,Low,0,Low,0,3.21958,712.645,6.57039,0.0624906,0.1
827,Baseline,60,Balanced,0,Low,0,Low,0,Low,0,Low,0,3.22908,715.619,6.57454,0.0624552,0.1
828,Baseline,60,Balanced,0,Low,0,Low,0,Low,0,Low,0,3.23284,716.725,6.57609,0.0629363,0.1
829,Baseline,60,Balanced,0,Low,0,Low,0,Low,0,Low,0,3.21235,710.424,6.56727,0.0627365,0.1
830,Baseline,60,Balanced,0,Low,0,Low,0,Low,0,Low,0,3.22686,715.749,6.57473,0.0625475,0.1
831,Baseline,77,Balanced,0,Low,0,High,2,Low,0,Low,0,3.27468,725.281,6.58794,0.0627649,0.1
832,Baseline,77,Balanced,0,Low,0,High,2,Low,0,Low,0,3.26107,722.564,6.58419,0.0628456,0.1
833,Baseline,77,Balanced,0,Low,0,High,2,Low,0,Low,0,3.25236,721.059,6.58211,0.0627058,0.1
834,Baseline,75,Balanced,0,Low,0,Low,0,Low,0,Low,0,3.24313,718.003,6.57787,0.0626658,0.1
835,Baseline,76,Balanced,0,Low,0,Medium,1,Low,0,Low,0,3.24508,719.674,6.58019,0.0626658,0.1
836,Baseline,60,Balanced,0,Low,0,Low,0,Low,0,Low,0,3.23308,716.033,6.57512,0.0629094,0.1
837,Baseline,60,Balanced,0,Low,0,Low,0,Low,0,Low,0,3.21913,713.553,6.57166,0.0622731,0.1
838,Baseline,77,Balanced,0,Low,0,High,2,Low,0,Low,0,3.26681,724.402,6.58673,0.0628887,0.1
839,Baseline,75,Balanced,0,Low,0,Low,0,Low,0,Low,0,3.24235,718.953,6.57919,0.062496,0.1
840,Baseline,77,Balanced,0,Low,0,High,2,Low,0,Low,0,3.26636,723.769,6.58585,0.0628579,0.1
841,Baseline,77,Balanced,0,Low,0,High,2,Low,0,Low,0,3.29813,731.555,6.59654,0.0626635,0.1
842,Baseline,60,Balanced,0,Low,0,Low,0,Low,0,Low,0,3.23089,717.214,6.57677,0.0626166,0.1
843,Baseline,77,Balanced,0,Low,0,High,2,Low,0,Low,0,3.24853,720.086,6.58076,0.0623576,0.1
844,Baseline,77,Balanced,0,Low,0,High,2,Low,0,Low,0,3.26638,724.972,6.58751,0.0626643,0.1
845,Baseline,75,Balanced,0,Low,0,Low,0,Low,0,Low,0,3.245,718.913,6.57913,0.0628187,0.1
846,Baseline,77,Balanced,0,Low,0,High,2,Low,0,Low,0,3.24633,720.056,6.58072,0.0626604,0.1
847,Baseline,77,Balanced,0,Low,0,High,2,Low,0,Low,0,3.24852,721.234,6.58235,0.0624844,0.1
848,Baseline,77,Balanced,0,Low,0,High,2,Low,0,Low,0,3.24889,720.302,6.58106,0.062579,0.1
849,Baseline,76,Balanced,0,Low,0,Medium,1,Low,0,Low,0,3.24625,719.315,6.57969,0.0625997,0.1
850,Baseline,60,Balanced,0,Low,0,Low,0,Low,0,Low,0,3.23481,717.674,6.57741,0.062592,0.1
851,Baseline,77,Balanced,0,Low,0,High,2,Low,0,Low,0,3.28264,726.727,6.58993,0.0629109,0.1
852,Baseline,77,Balanced,0,Low,0,High,2,Low,0,Low,0,3.27585,725.431,6.58814,0.0628502,0.1
853,Baseline,77,Balanced,0,Low,0,High,2,Low,0,Low,0,3.24977,720.327,6.58109,0.0628571,0.1
854,Baseline,77,Balanced,0,Low,0,High,2,Low,0,Low,0,3.26061,723.255,6.58514,0.0628064,0.1
855,Baseline,76,Balanced,0,Low,0,Medium,1,Low,0,Low,0,3.24442,719.275,6.57963,0.0625759,0.1
856,Baseline,60,Balanced,0,Low,0,Low,0,Low,0,Low,0,3.23939,718.452,6.57849,0.0625813,0.1
857,Baseline,77,Balanced,0,Low,0,High,2,Low,0,Low,0,3.2546,720.604,6.58148,0.0629409,0.1
858,Baseline,77,Balanced,0,Low,0,High,2,Low,0,Low,0,3.26541,723.364,6.58529,0.0628203,0.1
859,Baseline,75,Balanced,0,Low,0,Low,0,Low,0,Low,0,3.24261,718.305,6.57829,0.0625367,0.1
860,Baseline,60,Balanced,0,Low,0,Low,0,Low,0,Low,0,3.22984,715.954,6.57501,0.0627273,0.1
861,Baseline,60,Balanced,0,Low,0,Low,0,Low,0,Low,0,3.2321,716.654,6.57599,0.0625175,0.1
862,Baseline,76,Balanced,0,Low,0,Medium,1,Low,0,Low,0,3.24305,719.728,6.58026,0.062529,0.1
863,Baseline,60,Balanced,0,Low,0,Low,0,Low,0,Low,0,3.23519,717.968,6.57782,0.0625613,0.1
864,Baseline,60,Balanced,0,Low,0,Low,0,Low,0,Low,0,3.21947,712.782,6.57058,0.062685,0.1
865,Baseline,77,Balanced,0,Low,0,High,2,Low,0,Low,0,3.25562,721.577,6.58282,0.0624714,0.1
866,Baseline,60,Balanced,0,Low,0,Low,0,Low,0,Low,0,3.23186,716.386,6.57561,0.0628956,0.1
867,Baseline,60,Balanced,0,Low,0,Low,0,Low,0,Low,0,3.23534,715.983,6.57505,0.0630177,0.1
868,Baseline,77,Balanced,0,Low,0,High,2,Low,0,Low,0,3.25146,720.649,6.58154,0.0627104,0.1
869,Baseline,60,Balanced,0,Low,0,Low,0,Low,0,Low,0,3.23493,716.95,6.5764,0.0626366,0.1
870,Baseline,60,Balanced,0,Low,0,Low,0,Low,0,Low,0,3.22962,715.756,6.57474,0.0622577,0.1
871,Baseline,60,Balanced,0,Low,0,Low,0,Low,0,Low,0,3.21588,712.37,6.57,0.0622877,0.1
872,Baseline,77,Balanced,0,Low,0,High,2,Low,0,Low,0,3.25416,722.146,6.58361,0.062529,0.1
873,Baseline,60,Balanced,0,Low,0,Low,0,Low,0,Low,0,3.23715,717.326,6.57692,0.062758,0.1
874,Baseline,77,Balanced,0,Low,0,High,2,Low,0,Low,0,3.26159,722.827,6.58455,0.0629132,0.1
875,Baseline,60,Balanced,0,Low,0,Low,0,Low,0,Low,0,3.23556,717.371,6.57699,0.0626158,0.1
876,Baseline,77,Balanced,0,Low,0,High,2,Low,0,Low,0,3.2631,723.287,6.58519,0.0630915,0.1
877,Baseline,76,Balanced,0,Low,0,Medium,1,Low,0,Low,0,3.24438,719.33,6.57971,0.06229,0.1
878,Baseline,77,Balanced,0,Low,0,High,2,Low,0,Low,0,3.24844,721.135,6.58221,0.0623576,0.1
879,Baseline,75,Balanced,0,Low,0,Low,0,Low,0,Low,0,3.24448,718.719,6.57886,0.0627834,0.1
880,Baseline,77,Balanced,0,Low,0,High,2,Low,0,Low,0,3.27769,727.689,6.59125,0.0622754,0.1
881,Baseline,75,Balanced,0,Low,0,Low,0,Low,0,Low,0,3.24332,719.175,6.57949,0.0627457,0.1
882,Baseline,60,Balanced,0,Low,0,Low,0,Low,0,Low,0,3.2303,716.086,6.5752,0.0625305,0.1
883,Baseline,60,Balanced,0,Low,0,Low,0,Low,0,Low,0,3.23176,717.498,6.57716,0.0625705,0.1
884,Baseline,77,Balanced,0,Low,0,High,2,Low,0,Low,0,3.24947,720.631,6.58151,0.0625582,0.1
885,Baseline,77,Balanced,0,Low,0,High,2,Low,0,Low,0,3.26187,722.834,6.58456,0.0628794,0.1
886,Baseline,60,Balanced,0,Low,0,Low,0,Low,0,Low,0,3.23311,716.104,6.57522,0.0628164,0.1
887,Baseline,60,Balanced,0,Low,0,Low,0,Low,0,Low,0,3.21752,713.169,6.57112,0.0624929,0.1
888,Baseline,75,Balanced,0,Low,0,Low,0,Low,0,Low,0,3.24141,718.497,6.57855,0.0626082,0.1
889,Baseline,77,Balanced,0,Low,0,High,2,Low,0,Low,0,3.24729,720.331,6.5811,0.0629086,0.1
890,Baseline,60,Balanced,0,Low,0,Low,0,Low,0,Low,0,3.23197,716.883,6.57631,0.0624522,0.1
891,Baseline,77,Balanced,0,Low,0,High,2,Low,0,Low,0,3.25646,721.823,6.58316,0.0626028,0.1
892,Baseline,60,Balanced,0,Low,0,Low,0,Low,0,Low,0,3.21259,711.365,6.56859,0.062748,0.1
893,Baseline,60,Balanced,0,Low,0,Low,0,Low,0,Low,0,3.2345,717.357,6.57697,0.0625621,0.1
894,Baseline,77,Balanced,0,Low,0,High,2,Low,0,Low,0,3.26665,724.942,6.58747,0.0627695,0.1
895,Baseline,77,Balanced,0,Low,0,High,2,Low,0,Low,0,3.26701,724.436,6.58677,0.0625113,0.1
896,Baseline,77,Balanced,0,Low,0,High,2,Low,0,Low,0,3.26189,721.978,6.58338,0.0629171,0.1
897,Baseline,77,Balanced,0,Low,0,High,2,Low,0,Low,0,3.25738,722.949,6.58472,0.0627127,0.1
898,Baseline,77,Balanced,0,Low,0,High,2,Low,0,Low,0,3.24905,720.058,6.58072,0.0627388,0.1
899,Baseline,60,Balanced,0,Low,0,Low,0,Low,0,Low,0,3.23847,718.742,6.57889,0.0623238,0.1
900,Baseline,60,Balanced,0,Low,0,Low,0,Low,0,Low,0,3.23579,717.024,6.5765,0.0624837,0.1
901,Baseline,60,Balanced,0,Low,0,Low,0,Low,0,Low,0,3.22325,714.511,6.573,0.0625452,0.1
902,Baseline,60,Balanced,0,Low,0,Low,0,Low,0,Low,0,3.22553,715.884,6.57491,0.0626397,0.1
903,Baseline,60,Balanced,0,Low,0,Low,0,Low,0,Low,0,3.22225,714.841,6.57346,0.0625913,0.1
904,Baseline,77,Balanced,0,Low,0,High,2,Low,0,Low,0,3.25001,719.971,6.5806,0.0630723,0.1
905,Baseline,77,Balanced,0,Low,0,High,2,Low,0,Low,0,3.24856,720.418,6.58122,0.0624944,0.1
906,Baseline,60,Balanced,0,Low,0,Low,0,Low,0,Low,0,3.22077,713.1,6.57102,0.0624814,0.1
907,Baseline,77,Balanced,0,Low,0,High,2,Low,0,Low,0,3.2549,721.334,6.58249,0.0627488,0.1
908,Baseline,60,Balanced,0,Low,0,Low,0,Low,0,Low,0,3.22468,715.315,6.57412,0.0626796,0.1
909,Baseline,77,Balanced,0,Low,0,High,2,Low,0,Low,0,3.24923,720.579,6.58144,0.0630024,0.1
910,Baseline,75,Balanced,0,Low,0,Low,0,Low,0,Low,0,3.24094,717.86,6.57767,0.0629117,0.1
911,Baseline,60,Balanced,0,Low,0,Low,0,Low,0,Low,0,3.23998,718.854,6.57905,0.0625751,0.1
912,Baseline,75,Balanced,0,Low,0,Low,0,Low,0,Low,0,3.24061,718.486,6.57854,0.0627718,0.1
913,Baseline,77,Balanced,0,Low,0,High,2,Low,0,Low,0,3.24794,720.058,6.58072,0.0629978,0.1
914,Baseline,77,Balanced,0,Low,0,High,2,Low,0,Low,0,3.28514,728.655,6.59257,0.0625267,0.1
915,Baseline,77,Balanced,0,Low,0,High,2,Low,0,Low,0,3.25162,720.906,6.58189,0.0627795,0.1
916,Baseline,60,Balanced,0,Low,0,Low,0,Low,0,Low,0,3.23911,717.314,6.57691,0.0628963,0.1
917,Baseline,60,Balanced,0,Low,0,Low,0,Low,0,Low,0,3.23713,716.677,6.57602,0.062645,0.1
918,Baseline,75,Balanced,0,Low,0,Low,0,Low,0,Low,0,3.24073,718.606,6.5787,0.0623231,0.1
919,Baseline,77,Balanced,0,Low,0,High,2,Low,0,Low,0,3.25104,722.306,6.58383,0.062572,0.1
920,Baseline,75,Balanced,0,Low,0,Low,0,Low,0,Low,0,3.24184,718.815,6.57899,0.0626504,0.1
921,Baseline,60,Balanced,0,Low,0,Low,0,Low,0,Low,0,3.2129,710.689,6.56764,0.0626228,0.1
922,Baseline,60,Balanced,0,Low,0,Low,0,Low,0,Low,0,3.23584,717.847,6.57765,0.0626873,0.1
923,Baseline,60,Balanced,0,Low,0,Low,0,Low,0,Low,0,3.23993,718.943,6.57917,0.0624998,0.1
924,Baseline,75,Balanced,0,Low,0,Low,0,Low,0,Low,0,3.24322,718.61,6.57871,0.0628356,0.1
925,Baseline,60,Balanced,0,Low,0,Low,0,Low,0,Low,0,3.23344,716.855,6.57627,0.0628287,0.1
926,Baseline,60,Balanced,0,Low,0,Low,0,Low,0,Low,0,3.2282,715.483,6.57435,0.0625559,0.1
927,Baseline,60,Balanced,0,Low,0,Low,0,Low,0,Low,0,3.23893,717.534,6.57721,0.0626112,0.1
928,Baseline,76,Balanced,0,Low,0,Medium,1,Low,0,Low,0,3.24561,719.774,6.58033,0.062592,0.1
929,Baseline,77,Balanced,0,Low,0,High,2,Low,0,Low,0,3.25269,720.329,6.58109,0.0628256,0.1
930,Baseline,60,Balanced,0,Low,0,Low,0,Low,0,Low,0,3.23593,717.742,6.5775,0.0629378,0.1
931,Baseline,75,Balanced,0,Low,0,Low,0,Low,0,Low,0,3.24224,719.106,6.5794,0.0628564,0.1
932,Baseline,60,Balanced,0,Low,0,Low,0,Low,0,Low,0,3.21553,711.521,6.56881,0.0628756,0.1
933,Baseline,77,Balanced,0,Low,0,High,2,Low,0,Low,0,3.26735,723.965,6.58612,0.0626297,0.1
934,Baseline,77,Balanced,0,Low,0,High,2,Low,0,Low,0,3.25305,721.395,6.58257,0.0626842,0.1
935,Baseline,60,Balanced,0,Low,0,Low,0,Low,0,Low,0,3.23576,716.902,6.57633,0.0623669,0.1
936,Baseline,77,Balanced,0,Low,0,High,2,Low,0,Low,0,3.27232,725.776,6.58862,0.0628141,0.1
937,Baseline,77,Balanced,0,Low,0,High,2,Low,0,Low,0,3.26966,724.794,6.58727,0.0627903,0.1
938,Baseline,77,Balanced,0,Low,0,High,2,Low,0,Low,0,3.2604,724.49,6.58685,0.062695,0.1
939,Baseline,77,Balanced,0,Low,0,High,2,Low,0,Low,0,3.24998,720.007,6.58065,0.062529,0.1
940,Baseline,76,Balanced,0,Low,0,Medium,1,Low,0,Low,0,3.242,719.371,6.57977,0.0624998,0.1
941,Baseline,60,Balanced,0,Low,0,Low,0,Low,0,Low,0,3.23006,714.602,6.57312,0.062602,0.1
942,Baseline,60,Balanced,0,Low,0,Low,0,Low,0,Low,0,3.21768,713.262,6.57125,0.0626143,0.1
943,Baseline,76,Balanced,0,Low,0,Medium,1,Low,0,Low,0,3.24562,719.323,6.5797,0.0628518,0.1
944,Baseline,75,Balanced,0,Low,0,Low,0,Low,0,Low,0,3.24208,718.133,6.57805,0.0627488,0.1
945,Baseline,60,Balanced,0,Low,0,Low,0,Low,0,Low,0,3.2369,717.564,6.57726,0.062735,0.1
946,Baseline,77,Balanced,0,Low,0,High,2,Low,0,Low,0,3.25487,722.087,6.58353,0.0627004,0.1
947,Baseline,60,Balanced,0,Low,0,Low,0,Low,0,Low,0,3.23919,716.96,6.57641,0.0626766,0.1
948,Baseline,77,Balanced,0,Low,0,High,2,Low,0,Low,0,3.26792,724.827,6.58731,0.0627987,0.1
949,Baseline,77,Balanced,0,Low,0,High,2,Low,0,Low,0,3.24792,720.291,6.58104,0.0623054,0.1
950,Baseline,60,Balanced,0,Low,0,Low,0,Low,0,Low,0,3.23127,716.721,6.57608,0.0626258,0.1
951,Baseline,77,Balanced,0,Low,0,High,2,Low,0,Low,0,3.25355,720.712,6.58163,0.062841,0.1
952,Baseline,77,Balanced,0,Low,0,High,2,Low,0,Low,0,3.28559,728.264,6.59204,0.0630385,0.1
953,Baseline,77,Balanced,0,Low,0,High,2,Low,0,Low,0,3.26833,723.135,6.58498,0.0630016,0.1
954,Baseline,77,Balanced,0,Low,0,High,2,Low,0,Low,0,3.2621,722.838,6.58457,0.062602,0.1
955,Baseline,60,Balanced,0,Low,0,Low,0,Low,0,Low,0,3.22793,716.54,6.57583,0.0627649,0.1
956,Baseline,77,Balanced,0,Low,0,High,2,Low,0,Low,0,3.27512,726.286,6.58932,0.0628318,0.1
957,Baseline,77,Balanced,0,Low,0,High,2,Low,0,Low,0,3.25023,720.313,6.58107,0.0625382,0.1
958,Baseline,77,Balanced,0,Low,0,High,2,Low,0,Low,0,3.26221,724.268,6.58654,0.0627811,0.1
959,Baseline,77,Balanced,0,Low,0,High,2,Low,0,Low,0,3.24985,720.325,6.58109,0.0624445,0.1
960,Baseline,60,Balanced,0,Low,0,Low,0,Low,0,Low,0,3.2394,717.969,6.57782,0.0626235,0.1
961,Baseline,76,Balanced,0,Low,0,Medium,1,Low,0,Low,0,3.24719,719.537,6.58,0.0628971,0.1
962,Baseline,76,Balanced,0,Low,0,Medium,1,Low,0,Low,0,3.24143,719.381,6.57978,0.0623423,0.1
963,Baseline,77,Balanced,0,Low,0,High,2,Low,0,Low,0,3.25808,721.299,6.58244,0.0627211,0.1
964,Baseline,75,Balanced,0,Low,0,Low,0,Low,0,Low,0,3.24694,718.995,6.57924,0.0630969,0.1
965,Baseline,76,Balanced,0,Low,0,Medium,1,Low,0,Low,0,3.24311,719.4,6.57981,0.0626066,0.1
966,Baseline,60,Balanced,0,Low,0,Low,0,Low,0,Low,0,3.23036,715.979,6.57505,0.0627004,0.1
967,Baseline,77,Balanced,0,Low,0,High,2,Low,0,Low,0,3.26214,723.531,6.58552,0.0626512,0.1
968,Baseline,77,Balanced,0,Low,0,High,2,Low,0,Low,0,3.24189,720.196,6.58091,0.0621094,0.1
969,Baseline,60,Balanced,0,Low,0,Low,0,Low,0,Low,0,3.22808,714.298,6.5727,0.0627872,0.1
970,Baseline,77,Balanced,0,Low,0,High,2,Low,0,Low,0,3.24242,720.018,6.58066,0.0621217,0.1
971,Baseline,60,Balanced,0,Low,0,Low,0,Low,0,Low,0,3.23073,715.617,6.57454,0.0626543,0.1
972,Baseline,60,Balanced,0,Low,0,Low,0,Low,0,Low,0,3.23811,716.884,6.57631,0.0630032,0.1
973,Baseline,77,Balanced,0,Low,0,High,2,Low,0,Low,0,3.25976,723.415,6.58536,0.0629478,0.1
974,Baseline,77,Balanced,0,Low,0,High,2,Low,0,Low,0,3.26525,724.64,6.58705,0.0628948,0.1
975,Baseline,77,Balanced,0,Low,0,High,2,Low,0,Low,0,3.26453,723.634,6.58567,0.0630016,0.1
976,Baseline,76,Balanced,0,Low,0,Medium,1,Low,0,Low,0,3.24501,719.318,6.57969,0.0627949,0.1
977,Baseline,76,Balanced,0,Low,0,Medium,1,Low,0,Low,0,3.24236,719.619,6.58011,0.0624437,0.1
978,Baseline,75,Balanced,0,Low,0,Low,0,Low,0,Low,0,3.24156,718.804,6.57898,0.0624053,0.1
979,Baseline,77,Balanced,0,Low,0,High,2,Low,0,Low,0,3.27147,726.035,6.58897,0.0628894,0.1
980,Baseline,77,Balanced,0,Low,0,High,2,Low,0,Low,0,3.27669,726.625,6.58979,0.0627795,0.1
981,Baseline,75,Balanced,0,Low,0,Low,0,Low,0,Low,0,3.24262,718.543,6.57862,0.0628164,0.1
982,Baseline,77,Balanced,0,Low,0,High,2,Low,0,Low,0,3.2591,722.673,6.58434,0.0626973,0.1
983,Baseline,77,Balanced,0,Low,0,High,2,Low,0,Low,0,3.26872,725.55,6.58831,0.062416,0.1
984,Baseline,77,Balanced,0,Low,0,High,2,Low,0,Low,0,3.24827,720.08,6.58075,0.0627526,0.1
985,Baseline,77,Balanced,0,Low,0,High,2,Low,0,Low,0,3.26784,724.369,6.58668,0.0629686,0.1
986,Baseline,60,Balanced,0,Low,0,Low,0,Low,0,Low,0,3.21303,711.352,6.56857,0.0625659,0.1
987,Baseline,77,Balanced,0,Low,0,High,2,Low,0,Low,0,3.25462,722.356,6.5839,0.0628771,0.1
988,Baseline,77,Balanced,0,Low,0,High,2,Low,0,Low,0,3.25072,720.864,6.58184,0.0626389,0.1
989,Baseline,77,Balanced,0,Low,0,High,2,Low,0,Low,0,3.25604,721.212,6.58232,0.0627795,0.1
990,Baseline,77,Balanced,0,Low,0,High,2,Low,0,Low,0,3.26997,725.74,6.58857,0.0625851,0.1
991,Baseline,76,Balanced,0,Low,0,Medium,1,Low,0,Low,0,3.24076,719.369,6.57976,0.062662,0.1
992,Baseline,77,Balanced,0,Low,0,High,2,Low,0,Low,0,3.26929,724.006,6.58618,0.0627572,0.1
993,Baseline,60,Balanced,0,Low,0,Low,0,Low,0,Low,0,3.23258,716.276,6.57546,0.0625828,0.1
994,Baseline,60,Balanced,0,Low,0,Low,0,Low,0,Low,0,3.23521,717.063,6.57656,0.0625628,0.1
995,Baseline,76,Balanced,0,Low,0,Medium,1,Low,0,Low,0,3.24273,719.36,6.57975,0.0626988,0.1
996,Baseline,76,Balanced,0,Low,0,Medium,1,Low,0,Low,0,3.2489,719.85,6.58043,0.0626912,0.1
997,Baseline,77,Balanced,0,Low,0,High,2,Low,0,Low,0,3.24916,721.218,6.58233,0.0627918,0.1
998,Baseline,60,Balanced,0,Low,0,Low,0,Low,0,Low,0,3.23216,715.88,6.57491,0.0627657,0.1
999,Baseline,77,Balanced,0,Low,0,High,2,Low,0,Low,0,3.2651,723.591,6.58561,0.0631054,0.1
1000,Baseline,75,Balanced,0,Low,0,Low,0,Low,0,Low,0,3.2419,718.55,6.57863,0.0626927,0.1
1001,Baseline,60,Balanced,0,Low,0,Low,0,Low,0,Low,0,3.23114,716.805,6.5762,0.0626689,0.1
1002,Baseline,60,Balanced,0,Low,0,Low,0,Low,0,Low,0,3.21355,711.887,6.56932,0.0624529,0.1
1003,Baseline,77,Balanced,0,Low,0,High,2,Low,0,Low,0,3.26151,723.947,6.5861,0.062373,0.1
1004,Baseline,77,Balanced,0,Low,0,High,2,Low,0,Low,0,3.25032,721.572,6.58282,0.062343,0.1
1005,Baseline,77,Balanced,0,Low,0,High,2,Low,0,Low,0,3.26046,722.594,6.58423,0.0627542,0.1
1006,Baseline,77,Balanced,0,Low,0,High,2,Low,0,Low,0,3.26334,724.097,6.58631,0.0626304,0.1
1007,Baseline,77,Balanced,0,Low,0,High,2,Low,0,Low,0,3.24791,720.704,6.58161,0.0624214,0.1
1008,Baseline,75,Balanced,0,Low,0,Low,0,Low,0,Low,0,3.24114,718.575,6.57866,0.0629885,0.1
1009,Baseline,77,Balanced,0,Low,0,High,2,Low,0,Low,0,3.25611,721.652,6.58293,0.0629217,0.1
1010,Baseline,77,Balanced,0,Low,0,High,2,Low,0,Low,0,3.26648,723.985,6.58615,0.0628625,0.1
1011,Baseline,77,Balanced,0,Low,0,High,2,Low,0,Low,0,3.2528,720.62,6.5815,0.0627442,0.1
1012,Baseline,75,Balanced,0,Low,0,Low,0,Low,0,Low,0,3.24094,717.819,6.57761,0.062725,0.1
1013,Baseline,60,Balanced,0,Low,0,Low,0,Low,0,Low,0,3.22353,713.875,6.57211,0.0625705,0.1
1014,Baseline,77,Balanced,0,Low,0,High,2,Low,0,Low,0,3.26216,723.807,6.58591,0.0632375,0.1
1015,Baseline,75,Balanced,0,Low,0,Low,0,Low,0,Low,0,3.24318,718.512,6.57857,0.0627088,0.1
1016,Baseline,60,Balanced,0,Low,0,Low,0,Low,0,Low,0,3.23329,716.063,6.57516,0.062685,0.1
1017,Baseline,77,Balanced,0,Low,0,High,2,Low,0,Low,0,3.27057,725.753,6.58859,0.0628018,0.1
1018,Baseline,77,Balanced,0,Low,0,High,2,Low,0,Low,0,3.25828,722.034,6.58346,0.0626066,0.1
1019,Baseline,77,Balanced,0,Low,0,High,2,Low,0,Low,0,3.25434,721.936,6.58332,0.0623945,0.1
1020,Baseline,76,Balanced,0,Low,0,Medium,1,Low,0,Low,0,3.25276,719.816,6.58038,0.062788,0.1
1021,Baseline,60,Balanced,0,Low,0,Low,0,Low,0,Low,0,3.23742,717.73,6.57749,0.0624683,0.1
1022,Baseline,60,Balanced,0,Low,0,Low,0,Low,0,Low,0,3.23112,716.705,6.57606,0.0628325,0.1
1023,Baseline,77,Balanced,0,Low,0,High,2,Low,0,Low,0,3.26112,723.666,6.58571,0.0625951,0.1
1024,Baseline,60,Balanced,0,Low,0,Low,0,Low,0,Low,0,3.23484,717.166,6.5767,0.0626504,0.1
1025,Baseline,77,Balanced,0,Low,0,High,2,Low,0,Low,0,3.26929,725.383,6.58808,0.0627396,0.1
1026,Baseline,77,Balanced,0,Low,0,High,2,Low,0,Low,0,3.27262,725.863,6.58874,0.0626397,0.1
1027,Baseline,76,Balanced,0,Low,0,Medium,1,Low,0,Low,0,3.24518,719.363,6.57975,0.0627496,0.1
1028,Baseline,75,Balanced,0,Low,0,Low,0,Low,0,Low,0,3.24018,717.273,6.57685,0.0628003,0.1
1029,Baseline,60,Balanced,0,Low,0,Low,0,Low,0,Low,0,3.23849,717.744,6.5775,0.0626012,0.1
1030,Baseline,76,Balanced,0,Low,0,Medium,1,Low,0,Low,0,3.2462,719.708,6.58023,0.0625574,0.1
1031,Baseline,77,Balanced,0,Low,0,High,2,Low,0,Low,0,3.25232,721.147,6.58223,0.0627104,0.1
1032,Baseline,77,Balanced,0,Low,0,High,2,Low,0,Low,0,3.25542,721.854,6.58321,0.062768,0.1
1033,Baseline,77,Balanced,0,Low,0,High,2,Low,0,Low,0,3.2577,721.578,6.58283,0.0629132,0.1
1034,Baseline,77,Balanced,0,Low,0,High,2,Low,0,Low,0,3.25333,721.167,6.58226,0.0628518,0.1
1035,Baseline,60,Balanced,0,Low,0,Low,0,Low,0,Low,0,3.23792,718.343,6.57834,0.0625044,0.1
1036,Baseline,77,Balanced,0,Low,0,High,2,Low,0,Low,0,3.24111,719.998,6.58064,0.062343,0.1
1037,Baseline,77,Balanced,0,Low,0,High,2,Low,0,Low,0,3.27531,726.065,6.58902,0.0627465,0.1
1038,Baseline,77,Balanced,0,Low,0,High,2,Low,0,Low,0,3.25423,721.267,6.58239,0.0631023,0.1
1039,Baseline,77,Balanced,0,Low,0,High,2,Low,0,Low,0,3.25315,721.275,6.58241,0.0625943,0.1
1040,Baseline,77,Balanced,0,Low,0,High,2,Low,0,Low,0,3.26228,724.055,6.58625,0.0628149,0.1
1041,Baseline,77,Balanced,0,Low,0,High,2,Low,0,Low,0,3.25967,722.202,6.58369,0.0629278,0.1
1042,Baseline,77,Balanced,0,Low,0,High,2,Low,0,Low,0,3.25633,722.611,6.58425,0.0626873,0.1
1043,Baseline,60,Balanced,0,Low,0,Low,0,Low,0,Low,0,3.23585,717.916,6.57774,0.0626766,0.1
1044,Baseline,60,Balanced,0,Low,0,Low,0,Low,0,Low,0,3.22065,714.058,6.57236,0.0624906,0.1
1045,Baseline,60,Balanced,0,Low,0,Low,0,Low,0,Low,0,3.22875,714.966,6.57363,0.0626443,0.1
1046,Baseline,76,Balanced,0,Low,0,Medium,1,Low,0,Low,0,3.24277,719.43,6.57985,0.0628602,0.1
1047,Baseline,60,Balanced,0,Low,0,Low,0,Low,0,Low,0,3.23585,717.522,6.5772,0.0624998,0.1
1048,Baseline,60,Balanced,0,Low,0,Low,0,Low,0,Low,0,3.22438,714.244,6.57262,0.0626789,0.1
1049,Baseline,77,Balanced,0,Low,0,High,2,Low,0,Low,0,3.25305,721.019,6.58205,0.0627411,0.1
1050,Baseline,75,Balanced,0,Low,0,Low,0,Low,0,Low,0,3.24379,718.681,6.57881,0.0626035,0.1
1051,Baseline,75,Balanced,0,Low,0,Low,0,Low,0,Low,0,3.24548,719.104,6.5794,0.0629179,0.1
1052,Baseline,60,Balanced,0,Low,0,Low,0,Low,0,Low,0,3.23983,718.691,6.57882,0.062549,0.1
1053,Baseline,60,Balanced,0,Low,0,Low,0,Low,0,Low,0,3.22586,714.767,6.57335,0.0626312,0.1
1054,Baseline,76,Balanced,0,Low,0,Medium,1,Low,0,Low,0,3.2471,719.763,6.58031,0.0622232,0.1
1055,Baseline,60,Balanced,0,Low,0,Low,0,Low,0,Low,0,3.23488,717.339,6.57694,0.0623991,0.1
1056,Baseline,77,Balanced,0,Low,0,High,2,Low,0,Low,0,3.24752,720.372,6.58115,0.0628641,0.1
1057,Baseline,75,Balanced,0,Low,0,Low,0,Low,0,Low,0,3.24076,718.568,6.57865,0.0629455,0.1
1058,Baseline,77,Balanced,0,Low,0,High,2,Low,0,Low,0,3.2528,722.355,6.5839,0.0623415,0.1
1059,Baseline,60,Balanced,0,Low,0,Low,0,Low,0,Low,0,3.2281,714.857,6.57348,0.0627734,0.1
1060,Baseline,76,Balanced,0,Low,0,Medium,1,Low,0,Low,0,3.24593,719.328,6.57971,0.0626404,0.1
1061,Baseline,77,Balanced,0,Low,0,High,2,Low,0,Low,0,3.24882,720.476,6.5813,0.0627365,0.1
1062,Baseline,60,Balanced,0,Low,0,Low,0,Low,0,Low,0,3.22923,714.365,6.57279,0.0625044,0.1
1063,Baseline,60,Balanced,0,Low,0,Low,0,Low,0,Low,0,3.23754,716.69,6.57604,0.0627788,0.1
1064,Baseline,77,Balanced,0,Low,0,High,2,Low,0,Low,0,3.25125,721.046,6.58209,0.0623915,0.1
1065,Baseline,77,Balanced,0,Low,0,High,2,Low,0,Low,0,3.26883,724.75,6.5872,0.0631899,0.1
1066,Baseline,60,Balanced,0,Low,0,Low,0,Low,0,Low,0,3.2178,712.979,6.57085,0.0623085,0.1
1067,Baseline,77,Balanced,0,Low,0,High,2,Low,0,Low,0,3.26844,724.839,6.58733,0.0629578,0.1
1068,Baseline,60,Balanced,0,Low,0,Low,0,Low,0,Low,0,3.23227,715.81,6.57481,0.0626112,0.1
1069,Baseline,75,Balanced,0,Low,0,Low,0,Low,0,Low,0,3.24161,718.366,6.57837,0.0625674,0.1
1070,Baseline,77,Balanced,0,Low,0,High,2,Low,0,Low,0,3.27666,727.605,6.59113,0.0623907,0.1
1071,Baseline,75,Balanced,0,Low,0,Low,0,Low,0,Low,0,3.24398,719.162,6.57948,0.0627926,0.1
1072,Baseline,77,Balanced,0,Low,0,High,2,Low,0,Low,0,3.26138,722.914,6.58467,0.062841,0.1
1073,Baseline,77,Balanced,0,Low,0,High,2,Low,0,Low,0,3.25765,721.568,6.58281,0.0629939,0.1
1074,Baseline,60,Balanced,0,Low,0,Low,0,Low,0,Low,0,3.23208,716.817,6.57622,0.0625029,0.1
1075,Baseline,77,Balanced,0,Low,0,High,2,Low,0,Low,0,3.25798,722.596,6.58423,0.0625144,0.1
1076,Baseline,77,Balanced,0,Low,0,High,2,Low,0,Low,0,3.26321,722.588,6.58422,0.0627688,0.1
1077,Baseline,77,Balanced,0,Low,0,High,2,Low,0,Low,0,3.25587,722.869,6.58461,0.0623307,0.1
1078,Baseline,77,Balanced,0,Low,0,High,2,Low,0,Low,0,3.26202,723.05,6.58486,0.0631123,0.1
1079,Baseline,60,Balanced,0,Low,0,Low,0,Low,0,Low,0,3.23043,716.575,6.57588,0.0624306,0.1
1080,Baseline,76,Balanced,0,Low,0,Medium,1,Low,0,Low,0,3.24365,719.894,6.58049,0.0625152,0.1
1081,Baseline,75,Balanced,0,Low,0,Low,0,Low,0,Low,0,3.24131,717.519,6.57719,0.0630354,0.1
1082,Baseline,60,Balanced,0,Low,0,Low,0,Low,0,Low,0,3.23623,717.399,6.57702,0.0626112,0.1
1083,Baseline,75,Balanced,0,Low,0,Low,0,Low,0,Low,0,3.24345,719.024,6.57929,0.0624429,0.1
1084,Baseline,77,Balanced,0,Low,0,High,2,Low,0,Low,0,3.24716,719.966,6.58059,0.0628064,0.1
1085,Baseline,77,Balanced,0,Low,0,High,2,Low,0,Low,0,3.25949,722.756,6.58445,0.0628556,0.1
1086,Baseline,60,Balanced,0,Low,0,Low,0,Low,0,Low,0,3.22107,714.259,6.57264,0.0626681,0.1
1087,Baseline,77,Balanced,0,Low,0,High,2,Low,0,Low,0,3.25806,722.29,6.58381,0.0627011,0.1
1088,Baseline,76,Balanced,0,Low,0,Medium,1,Low,0,Low,0,3.24621,719.69,6.58021,0.0627688,0.1
1089,Baseline,77,Balanced,0,Low,0,High,2,Low,0,Low,0,3.27081,726.004,6.58893,0.0628164,0.1
1090,Baseline,77,Balanced,0,Low,0,High,2,Low,0,Low,0,3.26043,722.405,6.58397,0.0628395,0.1
1091,Baseline,77,Balanced,0,Low,0,High,2,Low,0,Low,0,3.24739,720.732,6.58165,0.0624575,0.1
1092,Baseline,60,Balanced,0,Low,0,Low,0,Low,0,Low,0,3.21716,712.151,6.56969,0.0630262,0.1
1093,Baseline,77,Balanced,0,Low,0,High,2,Low,0,Low,0,3.28577,727.861,6.59148,0.0625905,0.1
1094,Baseline,77,Balanced,0,Low,0,High,2,Low,0,Low,0,3.25612,721.551,6.58279,0.0626635,0.1
1095,Baseline,77,Balanced,0,Low,0,High,2,Low,0,Low,0,3.25886,722.752,6.58445,0.0626366,0.1
1096,Baseline,60,Balanced,0,Low,0,Low,0,Low,0,Low,0,3.23927,716.907,6.57634,0.0630162,0.1
1097,Baseline,77,Balanced,0,Low,0,High,2,Low,0,Low,0,3.25073,720.718,6.58163,0.0625659,0.1
1098,Baseline,77,Balanced,0,Low,0,High,2,Low,0,Low,0,3.25829,723.283,6.58518,0.0621363,0.1
1099,Baseline,60,Balanced,0,Low,0,Low,0,Low,0,Low,0,3.2287,715.975,6.57504,0.062715,0.1
1100,Baseline,77,Balanced,0,Low,0,High,2,Low,0,Low,0,3.27212,725.904,6.5888,0.0625959,0.1
1101,Baseline,77,Balanced,0,Low,0,High,2,Low,0,Low,0,3.25079,720.991,6.58201,0.0626881,0.1
1102,Baseline,60,Balanced,0,Low,0,Low,0,Low,0,Low,0,3.23802,717.448,6.57709,0.0626166,0.1
1103,Baseline,77,Balanced,0,Low,0,High,2,Low,0,Low,0,3.26343,722.846,6.58458,0.0629455,0.1
1104,Baseline,60,Balanced,0,Low,0,Low,0,Low,0,Low,0,3.23302,715.236,6.57401,0.0625797,0.1
1105,Baseline,60,Balanced,0,Low,0,Low,0,Low,0,Low,0,3.23689,717.911,6.57774,0.0626366,0.1
1106,Baseline,77,Balanced,0,Low,0,High,2,Low,0,Low,0,3.25545,721.933,6.58332,0.0626466,0.1
1107,Baseline,60,Balanced,0,Low,0,Low,0,Low,0,Low,0,3.22491,714.48,6.57295,0.0625144,0.1
1108,Baseline,77,Balanced,0,Low,0,High,2,Low,0,Low,0,3.2509,721.403,6.58258,0.0625044,0.1
1109,Baseline,77,Balanced,0,Low,0,High,2,Low,0,Low,0,3.2718,725.582,6.58835,0.0624053,0.1
1110,Baseline,77,Balanced,0,Low,0,High,2,Low,0,Low,0,3.2665,724.304,6.58659,0.0627542,0.1
1111,Baseline,77,Balanced,0,Low,0,High,2,Low,0,Low,0,3.26017,723.789,6.58588,0.0627188,0.1
1112,Baseline,76,Balanced,0,Low,0,Medium,1,Low,0,Low,0,3.24583,719.642,6.58014,0.0627619,0.1
1113,Baseline,77,Balanced,0,Low,0,High,2,Low,0,Low,0,3.24339,719.958,6.58058,0.0621186,0.1
1114,Baseline,77,Balanced,0,Low,0,High,2,Low,0,Low,0,3.25063,720.31,6.58107,0.0629763,0.1
1115,Baseline,76,Balanced,0,Low,0,Medium,1,Low,0,Low,0,3.24587,719.586,6.58006,0.0629624,0.1
1116,Baseline,77,Balanced,0,Low,0,High,2,Low,0,Low,0,3.25689,721.864,6.58322,0.062808,0.1
1117,Baseline,60,Balanced,0,Low,0,Low,0,Low,0,Low,0,3.22771,715.765,6.57475,0.0626258,0.1
1118,Baseline,77,Balanced,0,Low,0,High,2,Low,0,Low,0,3.24973,721.484,6.5827,0.062194,0.1
1119,Baseline,60,Balanced,0,Low,0,Low,0,Low,0,Low,0,3.23274,716.473,6.57574,0.0627019,0.1
1120,Baseline,77,Balanced,0,Low,0,High,2,Low,0,Low,0,3.26948,724.892,6.5874,0.0627119,0.1
1121,Baseline,75,Balanced,0,Low,0,Low,0,Low,0,Low,0,3.24062,717.948,6.57779,0.0624468,0.1
1122,Baseline,77,Balanced,0,Low,0,High,2,Low,0,Low,0,3.25895,722.273,6.58379,0.0630592,0.1
1123,Baseline,77,Balanced,0,Low,0,High,2,Low,0,Low,0,3.26257,723.534,6.58553,0.0626143,0.1
1124,Baseline,60,Balanced,0,Low,0,Low,0,Low,0,Low,0,3.23114,716.434,6.57568,0.0625582,0.1
1125,Baseline,60,Balanced,0,Low,0,Low,0,Low,0,Low,0,3.22966,716.501,6.57577,0.0624345,0.1
1126,Baseline,60,Balanced,0,Low,0,Low,0,Low,0,Low,0,3.23601,717.418,6.57705,0.062695,0.1
1127,Baseline,77,Balanced,0,Low,0,High,2,Low,0,Low,0,3.26831,724.855,6.58735,0.062934,0.1
1128,Baseline,60,Balanced,0,Low,0,Low,0,Low,0,Low,0,3.23933,717.888,6.57771,0.0626996,0.1
1129,Baseline,75,Balanced,0,Low,0,Low,0,Low,0,Low,0,3.24376,717.16,6.57669,0.0628479,0.1
1130,Baseline,60,Balanced,0,Low,0,Low,0,Low,0,Low,0,3.23184,716.279,6.57546,0.0627426,0.1
1131,Baseline,76,Balanced,0,Low,0,Medium,1,Low,0,Low,0,3.24283,719.393,6.5798,0.0626942,0.1
1132,Baseline,60,Balanced,0,Low,0,Low,0,Low,0,Low,0,3.22971,716.16,6.5753,0.0625836,0.1
1133,Baseline,77,Balanced,0,Low,0,High,2,Low,0,Low,0,3.25051,720.011,6.58065,0.0627826,0.1
1134,Baseline,60,Balanced,0,Low,0,Low,0,Low,0,Low,0,3.22847,715.71,6.57467,0.0625544,0.1
1135,Baseline,77,Balanced,0,Low,0,High,2,Low,0,Low,0,3.26694,724.882,6.58739,0.0624499,0.1
1136,Baseline,75,Balanced,0,Low,0,Low,0,Low,0,Low,0,3.24358,718.985,6.57923,0.0629394,0.1
1137,Baseline,60,Balanced,0,Low,0,Low,0,Low,0,Low,0,3.23728,717.195,6.57674,0.0626074,0.1
1138,Baseline,77,Balanced,0,Low,0,High,2,Low,0,Low,0,3.25837,722.997,6.58479,0.0624183,0.1
1139,Baseline,60,Balanced,0,Low,0,Low,0,Low,0,Low,0,3.22143,712.721,6.57049,0.0624629,0.1
1140,Baseline,77,Balanced,0,Low,0,High,2,Low,0,Low,0,3.26793,724.797,6.58727,0.0628679,0.1
1141,Baseline,60,Balanced,0,Low,0,Low,0,Low,0,Low,0,3.21829,713.612,6.57174,0.0624429,0.1
1142,Baseline,77,Balanced,0,Low,0,High,2,Low,0,Low,0,3.26108,723.79,6.58588,0.0625275,0.1
1143,Baseline,76,Balanced,0,Low,0,Medium,1,Low,0,Low,0,3.2522,719.81,6.58037,0.0627127,0.1
1144,Baseline,60,Balanced,0,Low,0,Low,0,Low,0,Low,0,3.2364,716.205,6.57536,0.0627695,0.1
1145,Baseline,76,Balanced,0,Low,0,Medium,1,Low,0,Low,0,3.24455,719.508,6.57996,0.0627803,0.1
1146,Baseline,60,Balanced,0,Low,0,Low,0,Low,0,Low,0,3.2248,714.413,6.57286,0.0627811,0.1
1147,Baseline,60,Balanced,0,Low,0,Low,0,Low,0,Low,0,3.23875,718.102,6.578,0.0625767,0.1
1148,Baseline,77,Balanced,0,Low,0,High,2,Low,0,Low,0,3.26117,722.268,6.58378,0.062715,0.1
1149,Baseline,77,Balanced,0,Low,0,High,2,Low,0,Low,0,3.25518,721.806,6.58314,0.0626189,0.1
1150,Baseline,77,Balanced,0,Low,0,High,2,Low,0,Low,0,3.26709,722.837,6.58457,0.0626143,0.1
1151,Baseline,60,Balanced,0,Low,0,Low,0,Low,0,Low,0,3.22651,714.22,6.57259,0.0625951,0.1
1152,Baseline,60,Balanced,0,Low,0,Low,0,Low,0,Low,0,3.22653,715.438,6.57429,0.0624814,0.1
1153,Baseline,77,Balanced,0,Low,0,High,2,Low,0,Low,0,3.25156,721.072,6.58212,0.0630439,0.1
1154,Baseline,77,Balanced,0,Low,0,High,2,Low,0,Low,0,3.27527,726.506,6.58962,0.0628379,0.1
1155,Baseline,60,Balanced,0,Low,0,Low,0,Low,0,Low,0,3.23111,716.789,6.57618,0.0627388,0.1
1156,Baseline,76,Balanced,0,Low,0,Medium,1,Low,0,Low,0,3.24221,719.286,6.57965,0.0626151,0.1
1157,Baseline,77,Balanced,0,Low,0,High,2,Low,0,Low,0,3.2709,724.501,6.58686,0.0631691,0.1
1158,Baseline,77,Balanced,0,Low,0,High,2,Low,0,Low,0,3.27135,724.824,6.58731,0.0626351,0.1
1159,Baseline,60,Balanced,0,Low,0,Low,0,Low,0,Low,0,3.23993,717.666,6.5774,0.062748,0.1
1160,Baseline,77,Balanced,0,Low,0,High,2,Low,0,Low,0,3.26937,724.708,6.58715,0.0627742,0.1
1161,Baseline,60,Balanced,0,Low,0,Low,0,Low,0,Low,0,3.22427,714.754,6.57334,0.0623446,0.1
1162,Baseline,60,Balanced,0,Low,0,Low,0,Low,0,Low,0,3.23955,718.069,6.57796,0.062715,0.1
1163,Baseline,77,Balanced,0,Low,0,High,2,Low,0,Low,0,3.26088,723.236,6.58512,0.062622,0.1
1164,Baseline,60,Balanced,0,Low,0,Low,0,Low,0,Low,0,3.20992,712.027,6.56952,0.0623023,0.1
1165,Baseline,60,Balanced,0,Low,0,Low,0,Low,0,Low,0,3.22828,715.553,6.57445,0.0627841,0.1
1166,Baseline,60,Balanced,0,Low,0,Low,0,Low,0,Low,0,3.2053,710.716,6.56768,0.0623269,0.1
1167,Baseline,76,Balanced,0,Low,0,Medium,1,Low,0,Low,0,3.249,719.87,6.58046,0.0627534,0.1
1168,Baseline,60,Balanced,0,Low,0,Low,0,Low,0,Low,0,3.23183,715.503,6.57438,0.062891,0.1
1169,Baseline,76,Balanced,0,Low,0,Medium,1,Low,0,Low,0,3.24751,719.273,6.57963,0.0629747,0.1
1170,Baseline,60,Balanced,0,Low,0,Low,0,Low,0,Low,0,3.2321,717.12,6.57664,0.0627665,0.1
1171,Baseline,75,Balanced,0,Low,0,Low,0,Low,0,Low,0,3.24615,718.796,6.57897,0.0626658,0.1
1172,Baseline,77,Balanced,0,Low,0,High,2,Low,0,Low,0,3.2736,726.281,6.58931,0.0626335,0.1
1173,Baseline,77,Balanced,0,Low,0,High,2,Low,0,Low,0,3.25358,721.496,6.58271,0.0625482,0.1
1174,Baseline,75,Balanced,0,Low,0,Low,0,Low,0,Low,0,3.24454,718.645,6.57876,0.0624975,0.1
1175,Baseline,60,Balanced,0,Low,0,Low,0,Low,0,Low,0,3.22913,716.127,6.57525,0.0621379,0.1
1176,Baseline,60,Balanced,0,Low,0,Low,0,Low,0,Low,0,3.23535,717.529,6.57721,0.062423,0.1
1177,Baseline,77,Balanced,0,Low,0,High,2,Low,0,Low,0,3.27719,726.971,6.59026,0.0629086,0.1
1178,Baseline,75,Balanced,0,Low,0,Low,0,Low,0,Low,0,3.24213,717.863,6.57767,0.0631276,0.1
1179,Baseline,60,Balanced,0,Low,0,Low,0,Low,0,Low,0,3.23024,715.49,6.57436,0.0625229,0.1
1180,Baseline,60,Balanced,0,Low,0,Low,0,Low,0,Low,0,3.2373,717.47,6.57712,0.0625044,0.1
1181,Baseline,77,Balanced,0,Low,0,High,2,Low,0,Low,0,3.26606,722.758,6.58446,0.0627941,0.1
1182,Baseline,60,Balanced,0,Low,0,Low,0,Low,0,Low,0,3.22988,715.589,6.5745,0.062509,0.1
1183,Baseline,60,Balanced,0,Low,0,Low,0,Low,0,Low,0,3.22477,714.289,6.57269,0.062818,0.1
1184,Baseline,77,Balanced,0,Low,0,High,2,Low,0,Low,0,3.25062,720.64,6.58153,0.0628325,0.1
1185,Baseline,60,Balanced,0,Low,0,Low,0,Low,0,Low,0,3.23212,716.639,6.57597,0.062506,0.1
1186,Baseline,77,Balanced,0,Low,0,High,2,Low,0,Low,0,3.26725,723.435,6.58539,0.0631061,0.1
1187,Baseline,77,Balanced,0,Low,0,High,2,Low,0,Low,0,3.25215,720.989,6.58201,0.0624222,0.1
1188,Baseline,77,Balanced,0,Low,0,High,2,Low,0,Low,0,3.25741,722.278,6.58379,0.0625582,0.1
1189,Baseline,60,Balanced,0,Low,0,Low,0,Low,0,Low,0,3.21538,712.121,6.56965,0.0625106,0.1
1190,Baseline,77,Balanced,0,Low,0,High,2,Low,0,Low,0,3.24188,720.358,6.58114,0.0626504,0.1
1191,Baseline,77,Balanced,0,Low,0,High,2,Low,0,Low,0,3.2759,726.435,6.58953,0.0628863,0.1
1192,Baseline,76,Balanced,0,Low,0,Medium,1,Low,0,Low,0,3.2481,719.409,6.57982,0.062798,0.1
1193,Baseline,60,Balanced,0,Low,0,Low,0,Low,0,Low,0,3.23739,716.768,6.57615,0.062884,0.1
1194,Baseline,77,Balanced,0,Low,0,High,2,Low,0,Low,0,3.25805,721.159,6.58225,0.0629432,0.1
1195,Baseline,77,Balanced,0,Low,0,High,2,Low,0,Low,0,3.25487,721.651,6.58293,0.0627642,0.1
1196,Baseline,60,Balanced,0,Low,0,Low,0,Low,0,Low,0,3.22964,715.734,6.57471,0.0626643,0.1
1197,Baseline,77,Balanced,0,Low,0,High,2,Low,0,Low,0,3.25554,721.321,6.58247,0.0629793,0.1
1198,Baseline,60,Balanced,0,Low,0,Low,0,Low,0,Low,0,3.22427,715.617,6.57454,0.0623576,0.1
1199,Baseline,77,Balanced,0,Low,0,High,2,Low,0,Low,0,3.26078,723.383,6.58532,0.0623438,0.1
1200,Baseline,77,Balanced,0,Low,0,High,2,Low,0,Low,0,3.24699,721.105,6.58217,0.0624898,0.1
1201,Baseline,77,Balanced,0,Low,0,High,2,Low,0,Low,0,3.27849,726.027,6.58896,0.0630008,0.1
1202,Baseline,60,Balanced,0,Low,0,Low,0,Low,0,Low,0,3.22178,714.248,6.57263,0.062446,0.1
1203,Baseline,77,Balanced,0,Low,0,High,2,Low,0,Low,0,3.26837,725.325,6.588,0.0628141,0.1
1204,Baseline,77,Balanced,0,Low,0,High,2,Low,0,Low,0,3.25385,722.018,6.58343,0.0626758,0.1
1205,Baseline,77,Balanced,0,Low,0,High,2,Low,0,Low,0,3.24732,720.203,6.58092,0.0623799,0.1
1206,Baseline,77,Balanced,0,Low,0,High,2,Low,0,Low,0,3.25047,720.614,6.58149,0.0626735,0.1
1207,Baseline,60,Balanced,0,Low,0,Low,0,Low,0,Low,0,3.23925,717.593,6.5773,0.0627957,0.1
1208,Baseline,75,Balanced,0,Low,0,Low,0,Low,0,Low,0,3.24065,718.31,6.57829,0.0624299,0.1
1209,Baseline,60,Balanced,0,Low,0,Low,0,Low,0,Low,0,3.23753,716.792,6.57618,0.0625413,0.1
1210,Baseline,77,Balanced,0,Low,0,High,2,Low,0,Low,0,3.25286,721.063,6.58211,0.0626143,0.1
1211,Baseline,77,Balanced,0,Low,0,High,2,Low,0,Low,0,3.25199,722.292,6.58381,0.0623876,0.1
1212,Baseline,60,Balanced,0,Low,0,Low,0,Low,0,Low,0,3.23652,717.219,6.57677,0.0623092,0.1
1213,Baseline,60,Balanced,0,Low,0,Low,0,Low,0,Low,0,3.23454,717.468,6.57712,0.0626612,0.1
1214,Baseline,77,Balanced,0,Low,0,High,2,Low,0,Low,0,3.25754,722.641,6.58429,0.0626742,0.1
1215,Baseline,77,Balanced,0,Low,0,High,2,Low,0,Low,0,3.25036,721.137,6.58221,0.0625198,0.1
1216,Baseline,77,Balanced,0,Low,0,High,2,Low,0,Low,0,3.24693,719.991,6.58063,0.0627119,0.1
1217,Baseline,60,Balanced,0,Low,0,Low,0,Low,0,Low,0,3.23113,716.067,6.57517,0.0623361,0.1
1218,Baseline,60,Balanced,0,Low,0,Low,0,Low,0,Low,0,3.23726,718.042,6.57792,0.0626335,0.1
1219,Baseline,60,Balanced,0,Low,0,Low,0,Low,0,Low,0,3.23325,716.654,6.57599,0.0626742,0.1
1220,Baseline,60,Balanced,0,Low,0,Low,0,Low,0,Low,0,3.22358,713.75,6.57193,0.062715,0.1
1221,Baseline,60,Balanced,0,Low,0,Low,0,Low,0,Low,0,3.23598,717.041,6.57653,0.062685,0.1
1222,Baseline,77,Balanced,0,Low,0,High,2,Low,0,Low,0,3.25106,720.396,6.58119,0.0627296,0.1
1223,Baseline,77,Balanced,0,Low,0,High,2,Low,0,Low,0,3.25723,722.869,6.58461,0.0630062,0.1
1224,Baseline,60,Balanced,0,Low,0,Low,0,Low,0,Low,0,3.22711,714.577,6.57309,0.0621525,0.1
1225,Baseline,77,Balanced,0,Low,0,High,2,Low,0,Low,0,3.26845,723.878,6.586,0.0627603,0.1
1226,Baseline,77,Balanced,0,Low,0,High,2,Low,0,Low,0,3.25206,721.06,6.58211,0.0625905,0.1
1227,Baseline,77,Balanced,0,Low,0,High,2,Low,0,Low,0,3.25082,720.927,6.58192,0.0625175,0.1
1228,Baseline,76,Balanced,0,Low,0,Medium,1,Low,0,Low,0,3.24128,719.294,6.57966,0.0625244,0.1
1229,Baseline,77,Balanced,0,Low,0,High,2,Low,0,Low,0,3.26227,723.852,6.58597,0.0629901,0.1
1230,Baseline,60,Balanced,0,Low,0,Low,0,Low,0,Low,0,3.23931,717.347,6.57695,0.0625259,0.1
1231,Baseline,77,Balanced,0,Low,0,High,2,Low,0,Low,0,3.25881,721.323,6.58247,0.0627065,0.1
1232,Baseline,75,Balanced,0,Low,0,Low,0,Low,0,Low,0,3.248,718.888,6.5791,0.0630662,0.1
1233,Baseline,60,Balanced,0,Low,0,Low,0,Low,0,Low,0,3.22854,715.427,6.57428,0.0627327,0.1
1234,Baseline,77,Balanced,0,Low,0,High,2,Low,0,Low,0,3.26156,722.471,6.58406,0.0629547,0.1
1235,Baseline,77,Balanced,0,Low,0,High,2,Low,0,Low,0,3.27527,726.4,6.58948,0.0629086,0.1
1236,Baseline,77,Balanced,0,Low,0,High,2,Low,0,Low,0,3.26116,722.465,6.58405,0.0627557,0.1
1237,Baseline,60,Balanced,0,Low,0,Low,0,Low,0,Low,0,3.22899,715.494,6.57437,0.0628118,0.1
1238,Baseline,60,Balanced,0,Low,0,Low,0,Low,0,Low,0,3.21745,712.906,6.57075,0.0626197,0.1
1239,Baseline,60,Balanced,0,Low,0,Low,0,Low,0,Low,0,3.20981,711.72,6.56909,0.0622931,0.1
1240,Baseline,77,Balanced,0,Low,0,High,2,Low,0,Low,0,3.24639,720.267,6.58101,0.0626205,0.1
1241,Baseline,75,Balanced,0,Low,0,Low,0,Low,0,Low,0,3.24084,718.613,6.57871,0.0626059,0.1
1242,Baseline,75,Balanced,0,Low,0,Low,0,Low,0,Low,0,3.24187,718.934,6.57916,0.0622985,0.1
1243,Baseline,77,Balanced,0,Low,0,High,2,Low,0,Low,0,3.26873,724.187,6.58643,0.0627849,0.1
1244,Baseline,77,Balanced,0,Low,0,High,2,Low,0,Low,0,3.27478,725.578,6.58835,0.0627119,0.1
1245,Baseline,60,Balanced,0,Low,0,Low,0,Low,0,Low,0,3.22613,714.653,6.57319,0.0626458,0.1
1246,Baseline,60,Balanced,0,Low,0,Low,0,Low,0,Low,0,3.23211,716.3,6.57549,0.062768,0.1
1247,Baseline,60,Balanced,0,Low,0,Low,0,Low,0,Low,0,3.23107,716.402,6.57564,0.0627058,0.1
1248,Baseline,77,Balanced,0,Low,0,High,2,Low,0,Low,0,3.26553,723.55,6.58555,0.062894,0.1
1249,Baseline,77,Balanced,0,Low,0,High,2,Low,0,Low,0,3.25799,722.434,6.58401,0.0628902,0.1
1250,Baseline,75,Balanced,0,Low,0,Low,0,Low,0,Low,0,3.24592,717.974,6.57782,0.0624614,0.1
1251,Baseline,60,Balanced,0,Low,0,Low,0,Low,0,Low,0,3.21324,712.221,6.56979,0.0625498,0.1
1252,Baseline,60,Balanced,0,Low,0,Low,0,Low,0,Low,0,3.22085,713.436,6.57149,0.0628349,0.1
1253,Baseline,60,Balanced,0,Low,0,Low,0,Low,0,Low,0,3.22353,714.451,6.57291,0.0629286,0.1
1254,Baseline,77,Balanced,0,Low,0,High,2,Low,0,Low,0,3.26287,723.985,6.58615,0.0626158,0.1
1255,Baseline,77,Balanced,0,Low,0,High,2,Low,0,Low,0,3.25398,721.432,6.58262,0.0626112,0.1
1256,Baseline,60,Balanced,0,Low,0,Low,0,Low,0,Low,0,3.21696,712.814,6.57062,0.0626773,0.1
1257,Baseline,77,Balanced,0,Low,0,High,2,Low,0,Low,0,3.26442,723.105,6.58494,0.0630008,0.1
1258,Baseline,77,Balanced,0,Low,0,High,2,Low,0,Low,0,3.26704,723.914,6.58605,0.0626827,0.1
1259,Baseline,77,Balanced,0,Low,0,High,2,Low,0,Low,0,3.2565,721.385,6.58256,0.0630731,0.1
1260,Baseline,77,Balanced,0,Low,0,High,2,Low,0,Low,0,3.25958,723.001,6.58479,0.0626896,0.1
1261,Baseline,77,Balanced,0,Low,0,High,2,Low,0,Low,0,3.27124,726.216,6.58922,0.0626904,0.1
1262,Baseline,77,Balanced,0,Low,0,High,2,Low,0,Low,0,3.2543,721.009,6.58204,0.0628587,0.1
1263,Baseline,60,Balanced,0,Low,0,Low,0,Low,0,Low,0,3.22774,715.232,6.574,0.0626328,0.1
1264,Baseline,77,Balanced,0,Low,0,High,2,Low,0,Low,0,3.26003,722.501,6.5841,0.0627196,0.1
1265,Baseline,60,Balanced,0,Low,0,Low,0,Low,0,Low,0,3.22237,714.064,6.57237,0.0627265,0.1
1266,Baseline,60,Balanced,0,Low,0,Low,0,Low,0,Low,0,3.23079,716.419,6.57566,0.062655,0.1
1267,Baseline,60,Balanced,0,Low,0,Low,0,Low,0,Low,0,3.23137,716.128,6.57525,0.0623469,0.1
1268,Baseline,60,Balanced,0,Low,0,Low,0,Low,0,Low,0,3.23635,716.898,6.57633,0.0623684,0.1
1269,Baseline,77,Balanced,0,Low,0,High,2,Low,0,Low,0,3.24912,720.694,6.5816,0.0630454,0.1
1270,Baseline,77,Balanced,0,Low,0,High,2,Low,0,Low,0,3.25574,722.231,6.58373,0.0628863,0.1
1271,Baseline,77,Balanced,0,Low,0,High,2,Low,0,Low,0,3.2514,721.107,6.58217,0.0627672,0.1
1272,Baseline,77,Balanced,0,Low,0,High,2,Low,0,Low,0,3.28018,726.519,6.58964,0.0627411,0.1
1273,Baseline,77,Balanced,0,Low,0,High,2,Low,0,Low,0,3.25003,720.589,6.58146,0.0628979,0.1
1274,Baseline,77,Balanced,0,Low,0,High,2,Low,0,Low,0,3.25098,721.882,6.58325,0.0630047,0.1
1275,Baseline,76,Balanced,0,Low,0,Medium,1,Low,0,Low,0,3.24546,719.773,6.58032,0.0627818,0.1
1276,Baseline,77,Balanced,0,Low,0,High,2,Low,0,Low,0,3.25424,721.466,6.58267,0.0625974,0.1
1277,Baseline,77,Balanced,0,Low,0,High,2,Low,0,Low,0,3.25495,721.583,6.58283,0.0626289,0.1
1278,Baseline,77,Balanced,0,Low,0,High,2,Low,0,Low,0,3.2531,721.601,6.58286,0.0625352,0.1
1279,Baseline,75,Balanced,0,Low,0,Low,0,Low,0,Low,0,3.24304,718.918,6.57914,0.0628333,0.1
1280,Baseline,76,Balanced,0,Low,0,Medium,1,Low,0,Low,0,3.24908,719.469,6.5799,0.0629432,0.1
1281,Baseline,60,Balanced,0,Low,0,Low,0,Low,0,Low,0,3.22934,716.388,6.57562,0.0623031,0.1
1282,Baseline,77,Balanced,0,Low,0,High,2,Low,0,Low,0,3.2599,723.561,6.58557,0.0628057,0.1
1283,Baseline,75,Balanced,0,Low,0,Low,0,Low,0,Low,0,3.24253,718.982,6.57923,0.0626189,0.1
1284,Baseline,77,Balanced,0,Low,0,High,2,Low,0,Low,0,3.25016,720.432,6.58124,0.0628295,0.1
1285,Baseline,77,Balanced,0,Low,0,High,2,Low,0,Low,0,3.26061,723.029,6.58483,0.0625052,0.1
1286,Baseline,60,Balanced,0,Low,0,Low,0,Low,0,Low,0,3.22164,714.356,6.57278,0.0627595,0.1
1287,Baseline,60,Balanced,0,Low,0,Low,0,Low,0,Low,0,3.20112,709.765,6.56634,0.0624614,0.1
1288,Baseline,77,Balanced,0,Low,0,High,2,Low,0,Low,0,3.25943,722.719,6.5844,0.062655,0.1
1289,Baseline,76,Balanced,0,Low,0,Medium,1,Low,0,Low,0,3.24742,719.663,6.58017,0.0626235,0.1
1290,Baseline,60,Balanced,0,Low,0,Low,0,Low,0,Low,0,3.23884,717.038,6.57652,0.0627511,0.1
1291,Baseline,75,Balanced,0,Low,0,Low,0,Low,0,Low,0,3.24008,718.438,6.57847,0.0626166,0.1
1292,Baseline,60,Balanced,0,Low,0,Low,0,Low,0,Low,0,3.22805,716.028,6.57512,0.0623507,0.1
1293,Baseline,75,Balanced,0,Low,0,Low,0,Low,0,Low,0,3.24114,718.831,6.57902,0.0626035,0.1
1294,Baseline,77,Balanced,0,Low,0,High,2,Low,0,Low,0,3.24883,721.307,6.58245,0.0627795,0.1
1295,Baseline,77,Balanced,0,Low,0,High,2,Low,0,Low,0,3.27159,725.988,6.58891,0.0627734,0.1
1296,Baseline,77,Balanced,0,Low,0,High,2,Low,0,Low,0,3.26895,726.261,6.58929,0.0628026,0.1
1297,Baseline,77,Balanced,0,Low,0,High,2,Low,0,Low,0,3.25691,722.455,6.58404,0.062589,0.1
1298,Baseline,60,Balanced,0,Low,0,Low,0,Low,0,Low,0,3.23008,716.548,6.57584,0.0626051,0.1
1299,Baseline,60,Balanced,0,Low,0,Low,0,Low,0,Low,0,3.23216,716.592,6.5759,0.0626051,0.1
1300,Baseline,77,Balanced,0,Low,0,High,2,Low,0,Low,0,3.25403,721.032,6.58207,0.0628379,0.1
1301,Baseline,77,Balanced,0,Low,0,High,2,Low,0,Low,0,3.25353,720.864,6.58184,0.0628287,0.1
1302,Baseline,76,Balanced,0,Low,0,Medium,1,Low,0,Low,0,3.24585,719.331,6.57971,0.0627327,0.1
1303,Baseline,77,Balanced,0,Low,0,High,2,Low,0,Low,0,3.25108,721.8,6.58313,0.0624076,0.1
1304,Baseline,77,Balanced,0,Low,0,High,2,Low,0,Low,0,3.2527,721.005,6.58203,0.0630731,0.1
1305,Baseline,60,Balanced,0,Low,0,Low,0,Low,0,Low,0,3.23569,718.19,6.57813,0.0626427,0.1
1306,Baseline,75,Balanced,0,Low,0,Low,0,Low,0,Low,0,3.24512,718.383,6.57839,0.0624844,0.1
1307,Baseline,77,Balanced,0,Low,0,High,2,Low,0,Low,0,3.27058,725.092,6.58768,0.0627173,0.1
1308,Baseline,77,Balanced,0,Low,0,High,2,Low,0,Low,0,3.2514,721.633,6.5829,0.0628149,0.1
1309,Baseline,77,Balanced,0,Low,0,High,2,Low,0,Low,0,3.26078,723.08,6.5849,0.0629179,0.1
1310,Baseline,60,Balanced,0,Low,0,Low,0,Low,0,Low,0,3.23024,715.366,6.57419,0.0623684,0.1
1311,Baseline,77,Balanced,0,Low,0,High,2,Low,0,Low,0,3.25502,721.538,6.58277,0.0626604,0.1
1312,Baseline,75,Balanced,0,Low,0,Low,0,Low,0,Low,0,3.24194,718.509,6.57857,0.0630347,0.1
1313,Baseline,60,Balanced,0,Low,0,Low,0,Low,0,Low,0,3.23981,718.475,6.57852,0.0628057,0.1
1314,Baseline,76,Balanced,0,Low,0,Medium,1,Low,0,Low,0,3.24412,719.358,6.57975,0.0627757,0.1
1315,Baseline,60,Balanced,0,Low,0,Low,0,Low,0,Low,0,3.23059,716.999,6.57647,0.0624099,0.1
1316,Baseline,77,Balanced,0,Low,0,High,2,Low,0,Low,0,3.27046,725.519,6.58826,0.0629309,0.1
1317,Baseline,60,Balanced,0,Low,0,Low,0,Low,0,Low,0,3.23928,718.843,6.57903,0.0626151,0.1
1318,Baseline,77,Balanced,0,Low,0,High,2,Low,0,Low,0,3.25067,720.486,6.58131,0.062665,0.1
1319,Baseline,77,Balanced,0,Low,0,High,2,Low,0,Low,0,3.26644,723.613,6.58564,0.0627127,0.1
1320,Baseline,60,Balanced,0,Low,0,Low,0,Low,0,Low,0,3.23519,717.424,6.57706,0.0628072,0.1
1321,Baseline,75,Balanced,0,Low,0,Low,0,Low,0,Low,0,3.24111,718.063,6.57795,0.0625989,0.1
1322,Baseline,77,Balanced,0,Low,0,High,2,Low,0,Low,0,3.2543,722.085,6.58353,0.062675,0.1
1323,Baseline,75,Balanced,0,Low,0,Low,0,Low,0,Low,0,3.24507,718.815,6.57899,0.0628879,0.1
1324,Baseline,77,Balanced,0,Low,0,High,2,Low,0,Low,0,3.26407,725.083,6.58766,0.0629962,0.1
1325,Baseline,75,Balanced,0,Low,0,Low,0,Low,0,Low,0,3.24587,718.718,6.57886,0.0627219,0.1
1326,Baseline,60,Balanced,0,Low,0,Low,0,Low,0,Low,0,3.23228,716.975,6.57644,0.0625551,0.1
1327,Baseline,60,Balanced,0,Low,0,Low,0,Low,0,Low,0,3.23181,715.62,6.57455,0.0624614,0.1
1328,Baseline,60,Balanced,0,Low,0,Low,0,Low,0,Low,0,3.23213,715.756,6.57474,0.0627073,0.1
1329,Baseline,60,Balanced,0,Low,0,Low,0,Low,0,Low,0,3.23404,716.435,6.57568,0.0627273,0.1
1330,Baseline,60,Balanced,0,Low,0,Low,0,Low,0,Low,0,3.233,715.88,6.57491,0.0624337,0.1
1331,Baseline,77,Balanced,0,Low,0,High,2,Low,0,Low,0,3.25076,720.862,6.58183,0.0626935,0.1
1332,Baseline,76,Balanced,0,Low,0,Medium,1,Low,0,Low,0,3.24852,719.586,6.58006,0.0628195,0.1
1333,Baseline,77,Balanced,0,Low,0,High,2,Low,0,Low,0,3.26462,724.1,6.58631,0.0629824,0.1
1334,Baseline,77,Balanced,0,Low,0,High,2,Low,0,Low,0,3.25705,722.232,6.58373,0.0627288,0.1
1335,Baseline,77,Balanced,0,Low,0,High,2,Low,0,Low,0,3.2463,720.106,6.58079,0.062426,0.1
1336,Baseline,77,Balanced,0,Low,0,High,2,Low,0,Low,0,3.26043,721.49,6.5827,0.0626758,0.1
1337,Baseline,77,Balanced,0,Low,0,High,2,Low,0,Low,0,3.24826,720.14,6.58083,0.0624952,0.1
1338,Baseline,77,Balanced,0,Low,0,High,2,Low,0,Low,0,3.26074,722.909,6.58467,0.0626766,0.1
1339,Baseline,77,Balanced,0,Low,0,High,2,Low,0,Low,0,3.24843,720.219,6.58094,0.0626289,0.1
1340,Baseline,75,Balanced,0,Low,0,Low,0,Low,0,Low,0,3.24682,718.768,6.57893,0.0627834,0.1
1341,Baseline,60,Balanced,0,Low,0,Low,0,Low,0,Low,0,3.22968,716.898,6.57633,0.0624491,0.1
1342,Baseline,77,Balanced,0,Low,0,High,2,Low,0,Low,0,3.25701,721.626,6.58289,0.0627872,0.1
1343,Baseline,77,Balanced,0,Low,0,High,2,Low,0,Low,0,3.28679,728.864,6.59286,0.0632337,0.1
1344,Baseline,76,Balanced,0,Low,0,Medium,1,Low,0,Low,0,3.24757,719.57,6.58004,0.0626489,0.1
1345,Baseline,60,Balanced,0,Low,0,Low,0,Low,0,Low,0,3.23489,716.636,6.57596,0.0630277,0.1
1346,Baseline,60,Balanced,0,Low,0,Low,0,Low,0,Low,0,3.23596,716.889,6.57632,0.0627104,0.1
1347,Baseline,77,Balanced,0,Low,0,High,2,Low,0,Low,0,3.25724,722.106,6.58356,0.0627211,0.1
1348,Baseline,77,Balanced,0,Low,0,High,2,Low,0,Low,0,3.24981,720.277,6.58102,0.0626358,0.1
1349,Baseline,77,Balanced,0,Low,0,High,2,Low,0,Low,0,3.26545,723.731,6.5858,0.0629417,0.1
1350,Baseline,60,Balanced,0,Low,0,Low,0,Low,0,Low,0,3.23727,717.356,6.57696,0.0622654,0.1
1351,Baseline,77,Balanced,0,Low,0,High,2,Low,0,Low,0,3.24649,720.233,6.58096,0.0627127,0.1
1352,Baseline,82,Balanced,0,Low,0,High,2,Low,0,Low,0,3.24703,720.722,6.58164,0.062174,0.1
1353,Baseline,65,Balanced,0,Low,0,Low,0,Low,0,Low,0,3.23882,717.412,6.57704,0.062433,0.1
1354,Baseline,65,Balanced,0,Low,0,Low,0,Low,0,Low,0,3.21863,713.309,6.57132,0.0624744,0.1
1355,Baseline,82,Balanced,0,Low,0,High,2,Low,0,Low,0,3.27364,727.259,6.59066,0.0627926,0.1
1356,Baseline,82,Balanced,0,Low,0,High,2,Low,0,Low,0,3.26526,724.2,6.58645,0.062622,0.1
1357,Baseline,65,Balanced,0,Low,0,Low,0,Low,0,Low,0,3.23719,718.063,6.57795,0.0625705,0.1
1358,Baseline,65,Balanced,0,Low,0,Low,0,Low,0,Low,0,3.23975,718.206,6.57815,0.0628679,0.1
1359,Baseline,81,Balanced,0,Low,0,Medium,1,Low,0,Low,0,3.24056,719.665,6.58017,0.0622946,0.1
1360,Baseline,81,Balanced,0,Low,0,Medium,1,Low,0,Low,0,3.25337,719.741,6.58028,0.0631499,0.1
1361,Baseline,65,Balanced,0,Low,0,Low,0,Low,0,Low,0,3.23956,718.615,6.57872,0.0629071,0.1
1362,Baseline,82,Balanced,0,Low,0,High,2,Low,0,Low,0,3.25214,721.131,6.58221,0.0628487,0.1
1363,Baseline,82,Balanced,0,Low,0,High,2,Low,0,Low,0,3.25316,721.927,6.58331,0.0625198,0.1
1364,Baseline,82,Balanced,0,Low,0,High,2,Low,0,Low,0,3.26043,722.828,6.58455,0.0629002,0.1
1365,Baseline,65,Balanced,0,Low,0,Low,0,Low,0,Low,0,3.23842,717.436,6.57708,0.0627911,0.1
1366,Baseline,82,Balanced,0,Low,0,High,2,Low,0,Low,0,3.27161,725.329,6.588,0.0631207,0.1
1367,Baseline,65,Balanced,0,Low,0,Low,0,Low,0,Low,0,3.23543,716.047,6.57514,0.062695,0.1
1368,Baseline,80,Balanced,0,Low,0,Low,0,Low,0,Low,0,3.24317,718.772,6.57894,0.0626466,0.1
1369,Baseline,65,Balanced,0,Low,0,Low,0,Low,0,Low,0,3.22582,714.674,6.57323,0.0624867,0.1
1370,Baseline,82,Balanced,0,Low,0,High,2,Low,0,Low,0,3.26069,723.334,6.58525,0.0625544,0.1
1371,Baseline,65,Balanced,0,Low,0,Low,0,Low,0,Low,0,3.22459,715.252,6.57403,0.0625321,0.1
1372,Baseline,82,Balanced,0,Low,0,High,2,Low,0,Low,0,3.27049,724.887,6.5874,0.0628848,0.1
1373,Baseline,65,Balanced,0,Low,0,Low,0,Low,0,Low,0,3.2199,713.792,6.57199,0.062831,0.1
1374,Baseline,82,Balanced,0,Low,0,High,2,Low,0,Low,0,3.25064,721.423,6.58261,0.0625259,0.1
1375,Baseline,82,Balanced,0,Low,0,High,2,Low,0,Low,0,3.2561,722.368,6.58392,0.0627011,0.1
1376,Baseline,82,Balanced,0,Low,0,High,2,Low,0,Low,0,3.25886,721.941,6.58333,0.0628279,0.1
1377,Baseline,82,Balanced,0,Low,0,High,2,Low,0,Low,0,3.26269,723.212,6.58508,0.063216,0.1
1378,Baseline,82,Balanced,0,Low,0,High,2,Low,0,Low,0,3.27149,725.831,6.58869,0.0628656,0.1
1379,Baseline,82,Balanced,0,Low,0,High,2,Low,0,Low,0,3.27302,725.596,6.58837,0.0630715,0.1
1380,Baseline,82,Balanced,0,Low,0,High,2,Low,0,Low,0,3.25918,723.213,6.58509,0.062818,0.1
1381,Baseline,82,Balanced,0,Low,0,High,2,Low,0,Low,0,3.27132,725.55,6.58831,0.0624399,0.1
1382,Baseline,82,Balanced,0,Low,0,High,2,Low,0,Low,0,3.25741,722.216,6.58371,0.0624268,0.1
1383,Baseline,65,Balanced,0,Low,0,Low,0,Low,0,Low,0,3.23693,716.829,6.57623,0.0625313,0.1
1384,Baseline,82,Balanced,0,Low,0,High,2,Low,0,Low,0,3.2562,722.055,6.58348,0.062778,0.1
1385,Baseline,65,Balanced,0,Low,0,Low,0,Low,0,Low,0,3.23823,718.768,6.57893,0.0625644,0.1
1386,Baseline,82,Balanced,0,Low,0,High,2,Low,0,Low,0,3.25889,723.189,6.58505,0.062718,0.1
1387,Baseline,65,Balanced,0,Low,0,Low,0,Low,0,Low,0,3.2297,716.199,6.57535,0.0627811,0.1
1388,Baseline,65,Balanced,0,Low,0,Low,0,Low,0,Low,0,3.22358,714.971,6.57364,0.0624683,0.1
1389,Baseline,65,Balanced,0,Low,0,Low,0,Low,0,Low,0,3.2383,717.974,6.57783,0.0627726,0.1
1390,Baseline,82,Balanced,0,Low,0,High,2,Low,0,Low,0,3.25466,721.4,6.58258,0.0628064,0.1
1391,Baseline,82,Balanced,0,Low,0,High,2,Low,0,Low,0,3.25595,722.158,6.58363,0.063007,0.1
1392,Baseline,82,Balanced,0,Low,0,High,2,Low,0,Low,0,3.26321,723.287,6.58519,0.0629494,0.1
1393,Baseline,82,Balanced,0,Low,0,High,2,Low,0,Low,0,3.25119,720.354,6.58113,0.0626235,0.1
1394,Baseline,81,Balanced,0,Low,0,Medium,1,Low,0,Low,0,3.24778,719.638,6.58014,0.0625367,0.1
1395,Baseline,82,Balanced,0,Low,0,High,2,Low,0,Low,0,3.24923,721.157,6.58224,0.0624445,0.1
1396,Baseline,65,Balanced,0,Low,0,Low,0,Low,0,Low,0,3.23755,717.4,6.57703,0.0625375,0.1
1397,Baseline,65,Balanced,0,Low,0,Low,0,Low,0,Low,0,3.22626,714.69,6.57325,0.0629524,0.1
1398,Baseline,82,Balanced,0,Low,0,High,2,Low,0,Low,0,3.27644,727.371,6.59081,0.0625682,0.1
1399,Baseline,81,Balanced,0,Low,0,Medium,1,Low,0,Low,0,3.24907,719.287,6.57965,0.0625544,0.1
1400,Baseline,82,Balanced,0,Low,0,High,2,Low,0,Low,0,3.26453,722.661,6.58432,0.0629932,0.1
1401,Baseline,80,Balanced,0,Low,0,Low,0,Low,0,Low,0,3.24033,717.622,6.57733,0.0623246,0.1
1402,Baseline,81,Balanced,0,Low,0,Medium,1,Low,0,Low,0,3.24919,719.836,6.58041,0.0626773,0.1
1403,Baseline,82,Balanced,0,Low,0,High,2,Low,0,Low,0,3.26966,725.343,6.58802,0.0629232,0.1
1404,Baseline,82,Balanced,0,Low,0,High,2,Low,0,Low,0,3.25633,721.033,6.58207,0.0627257,0.1
1405,Baseline,65,Balanced,0,Low,0,Low,0,Low,0,Low,0,3.23986,719.125,6.57942,0.0623108,0.1
1406,Baseline,65,Balanced,0,Low,0,Low,0,Low,0,Low,0,3.21887,712.885,6.57072,0.0624614,0.1
1407,Baseline,81,Balanced,0,Low,0,Medium,1,Low,0,Low,0,3.24806,719.827,6.5804,0.0624122,0.1
1408,Baseline,65,Balanced,0,Low,0,Low,0,Low,0,Low,0,3.23412,716.395,6.57563,0.0625859,0.1
1409,Baseline,65,Balanced,0,Low,0,Low,0,Low,0,Low,0,3.23967,717.7,6.57744,0.0628064,0.1
1410,Baseline,82,Balanced,0,Low,0,High,2,Low,0,Low,0,3.26297,722.802,6.58452,0.0628687,0.1
1411,Baseline,81,Balanced,0,Low,0,Medium,1,Low,0,Low,0,3.24738,719.49,6.57993,0.0625129,0.1
1412,Baseline,82,Balanced,0,Low,0,High,2,Low,0,Low,0,3.25733,721.687,6.58298,0.062476,0.1
1413,Baseline,65,Balanced,0,Low,0,Low,0,Low,0,Low,0,3.2363,717.96,6.57781,0.0624791,0.1
1414,Baseline,82,Balanced,0,Low,0,High,2,Low,0,Low,0,3.25629,721.631,6.5829,0.0628233,0.1
1415,Baseline,82,Balanced,0,Low,0,High,2,Low,0,Low,0,3.25429,721.97,6.58337,0.0625574,0.1
1416,Baseline,82,Balanced,0,Low,0,High,2,Low,0,Low,0,3.28058,727.111,6.59045,0.0626796,0.1
1417,Baseline,81,Balanced,0,Low,0,Medium,1,Low,0,Low,0,3.24435,719.216,6.57955,0.0626827,0.1
1418,Baseline,82,Balanced,0,Low,0,High,2,Low,0,Low,0,3.24701,720.371,6.58115,0.0626781,0.1
1419,Baseline,65,Balanced,0,Low,0,Low,0,Low,0,Low,0,3.23293,716.655,6.57599,0.0623892,0.1
1420,Baseline,82,Balanced,0,Low,0,High,2,Low,0,Low,0,3.2609,723.502,6.58548,0.062506,0.1
1421,Baseline,82,Balanced,0,Low,0,High,2,Low,0,Low,0,3.25208,721.91,6.58328,0.062642,0.1
1422,Baseline,82,Balanced,0,Low,0,High,2,Low,0,Low,0,3.26096,722.249,6.58375,0.0630416,0.1
1423,Baseline,65,Balanced,0,Low,0,Low,0,Low,0,Low,0,3.22994,715.637,6.57457,0.0626312,0.1
1424,Baseline,80,Balanced,0,Low,0,Low,0,Low,0,Low,0,3.24152,718.73,6.57888,0.0626566,0.1
1425,Baseline,82,Balanced,0,Low,0,High,2,Low,0,Low,0,3.26664,723.886,6.58601,0.0628226,0.1
1426,Baseline,82,Balanced,0,Low,0,High,2,Low,0,Low,0,3.27169,726.119,6.58909,0.0627227,0.1
1427,Baseline,82,Balanced,0,Low,0,High,2,Low,0,Low,0,3.27252,726.457,6.58955,0.062509,0.1
1428,Baseline,81,Balanced,0,Low,0,Medium,1,Low,0,Low,0,3.24558,719.874,6.58046,0.0624929,0.1
1429,Baseline,81,Balanced,0,Low,0,Medium,1,Low,0,Low,0,3.24504,719.531,6.57999,0.062735,0.1
1430,Baseline,82,Balanced,0,Low,0,High,2,Low,0,Low,0,3.25144,720.964,6.58198,0.0628449,0.1
1431,Baseline,65,Balanced,0,Low,0,Low,0,Low,0,Low,0,3.23302,716.874,6.57629,0.0627296,0.1
1432,Baseline,82,Balanced,0,Low,0,High,2,Low,0,Low,0,3.2823,728.075,6.59178,0.0629032,0.1
1433,Baseline,65,Balanced,0,Low,0,Low,0,Low,0,Low,0,3.23299,716.407,6.57564,0.0626512,0.1
1434,Baseline,50,Balanced,0,Low,0,Low,0,Low,0,Low,0,3.19928,709.176,6.56551,0.062204,0.1
1435,Baseline,82,Balanced,0,Low,0,High,2,Low,0,Low,0,3.249,720.337,6.58111,0.0627127,0.1
1436,Baseline,82,Balanced,0,Low,0,High,2,Low,0,Low,0,3.25123,720.391,6.58118,0.0624821,0.1
1437,Baseline,65,Balanced,0,Low,0,Low,0,Low,0,Low,0,3.23167,716.842,6.57625,0.0625951,0.1
1438,Baseline,82,Balanced,0,Low,0,High,2,Low,0,Low,0,3.27813,726.676,6.58986,0.0629716,0.1
1439,Baseline,82,Balanced,0,Low,0,High,2,Low,0,Low,0,3.26193,723.842,6.58595,0.062758,0.1
1440,Baseline,80,Balanced,0,Low,0,Low,0,Low,0,Low,0,3.24577,718.925,6.57915,0.0627557,0.1
1441,Baseline,65,Balanced,0,Low,0,Low,0,Low,0,Low,0,3.23743,718.787,6.57896,0.0624783,0.1
1442,Baseline,82,Balanced,0,Low,0,High,2,Low,0,Low,0,3.25435,720.722,6.58164,0.0633797,0.1
1443,Baseline,65,Balanced,0,Low,0,Low,0,Low,0,Low,0,3.23027,715.587,6.5745,0.0623307,0.1
1444,Baseline,65,Balanced,0,Low,0,Low,0,Low,0,Low,0,3.21801,712.977,6.57085,0.0623423,0.1
1445,Baseline,82,Balanced,0,Low,0,High,2,Low,0,Low,0,3.2621,724.884,6.58739,0.0625167,0.1
1446,Baseline,82,Balanced,0,Low,0,High,2,Low,0,Low,0,3.26278,722.986,6.58477,0.0627426,0.1
1447,Baseline,65,Balanced,0,Low,0,Low,0,Low,0,Low,0,3.22267,714.264,6.57265,0.0624091,0.1
1448,Baseline,82,Balanced,0,Low,0,High,2,Low,0,Low,0,3.24971,720.755,6.58169,0.0629401,0.1
1449,Baseline,82,Balanced,0,Low,0,High,2,Low,0,Low,0,3.2601,723.089,6.58491,0.0628764,0.1
1450,Baseline,82,Balanced,0,Low,0,High,2,Low,0,Low,0,3.25087,721.125,6.5822,0.062509,0.1
1451,Baseline,82,Balanced,0,Low,0,High,2,Low,0,Low,0,3.24941,720.712,6.58163,0.0625859,0.1
1452,Baseline,82,Balanced,0,Low,0,High,2,Low,0,Low,0,3.25395,720.787,6.58173,0.063027,0.1
1453,Baseline,81,Balanced,0,Low,0,Medium,1,Low,0,Low,0,3.24624,719.479,6.57992,0.0626028,0.1
1454,Baseline,82,Balanced,0,Low,0,High,2,Low,0,Low,0,3.26314,724.824,6.58731,0.0627111,0.1
1455,Baseline,65,Balanced,0,Low,0,Low,0,Low,0,Low,0,3.23007,715.682,6.57463,0.0624921,0.1
1456,Baseline,82,Balanced,0,Low,0,High,2,Low,0,Low,0,3.25423,721.275,6.58241,0.0628794,0.1
1457,Baseline,82,Balanced,0,Low,0,High,2,Low,0,Low,0,3.26546,723.436,6.58539,0.0628449,0.1
1458,Baseline,80,Balanced,0,Low,0,Low,0,Low,0,Low,0,3.24242,718.63,6.57874,0.0624145,0.1
1459,Baseline,82,Balanced,0,Low,0,High,2,Low,0,Low,0,3.26934,724.879,6.58738,0.062768,0.1
1460,Baseline,82,Balanced,0,Low,0,High,2,Low,0,Low,0,3.25682,721.718,6.58302,0.0628625,0.1
1461,Baseline,82,Balanced,0,Low,0,High,2,Low,0,Low,0,3.26558,722.979,6.58476,0.0632736,0.1
1462,Baseline,80,Balanced,0,Low,0,Low,0,Low,0,Low,0,3.24231,718.799,6.57897,0.0623292,0.1
1463,Baseline,82,Balanced,0,Low,0,High,2,Low,0,Low,0,3.25049,720.438,6.58125,0.0625705,0.1
1464,Baseline,65,Balanced,0,Low,0,Low,0,Low,0,Low,0,3.23874,717.362,6.57697,0.0629325,0.1
1465,Baseline,82,Balanced,0,Low,0,High,2,Low,0,Low,0,3.26252,723.595,6.58561,0.0629202,0.1
1466,Baseline,65,Balanced,0,Low,0,Low,0,Low,0,Low,0,3.23736,717.114,6.57663,0.0627035,0.1
1467,Baseline,80,Balanced,0,Low,0,Low,0,Low,0,Low,0,3.24182,719.166,6.57948,0.062728,0.1
1468,Baseline,82,Balanced,0,Low,0,High,2,Low,0,Low,0,3.26745,723.613,6.58564,0.0629171,0.1
1469,Baseline,82,Balanced,0,Low,0,High,2,Low,0,Low,0,3.25838,722.729,6.58442,0.0625167,0.1
1470,Baseline,82,Balanced,0,Low,0,High,2,Low,0,Low,0,3.2468,720.074,6.58074,0.0627957,0.1
1471,Baseline,65,Balanced,0,Low,0,Low,0,Low,0,Low,0,3.23731,718.029,6.5779,0.0624983,0.1
1472,Baseline,80,Balanced,0,Low,0,Low,0,Low,0,Low,0,3.24184,718.674,6.5788,0.0628325,0.1
1473,Baseline,65,Balanced,0,Low,0,Low,0,Low,0,Low,0,3.22543,714.319,6.57273,0.0623446,0.1
1474,Baseline,65,Balanced,0,Low,0,Low,0,Low,0,Low,0,3.22841,715.754,6.57473,0.062735,0.1
1475,Baseline,82,Balanced,0,Low,0,High,2,Low,0,Low,0,3.26571,724.468,6.58682,0.0627273,0.1
1476,Baseline,65,Balanced,0,Low,0,Low,0,Low,0,Low,0,3.21747,712.978,6.57085,0.0626758,0.1
1477,Baseline,80,Balanced,0,Low,0,Low,0,Low,0,Low,0,3.24115,718.042,6.57792,0.0625305,0.1
1478,Baseline,82,Balanced,0,Low,0,High,2,Low,0,Low,0,3.24924,721.429,6.58262,0.0624406,0.1
1479,Baseline,82,Balanced,0,Low,0,High,2,Low,0,Low,0,3.2635,723.604,6.58563,0.0627019,0.1
1480,Baseline,82,Balanced,0,Low,0,High,2,Low,0,Low,0,3.25334,721.156,6.58224,0.0623845,0.1
1481,Baseline,82,Balanced,0,Low,0,High,2,Low,0,Low,0,3.24987,720.744,6.58167,0.0626712,0.1
1482,Baseline,82,Balanced,0,Low,0,High,2,Low,0,Low,0,3.26277,723.877,6.586,0.0627788,0.1
1483,Baseline,65,Balanced,0,Low,0,Low,0,Low,0,Low,0,3.23716,717.86,6.57767,0.0627142,0.1
1484,Baseline,65,Balanced,0,Low,0,Low,0,Low,0,Low,0,3.22399,713.904,6.57215,0.0623453,0.1
1485,Baseline,82,Balanced,0,Low,0,High,2,Low,0,Low,0,3.25637,721.56,6.5828,0.0631484,0.1
1486,Baseline,65,Balanced,0,Low,0,Low,0,Low,0,Low,0,3.23115,716.456,6.57571,0.0626673,0.1
1487,Baseline,82,Balanced,0,Low,0,High,2,Low,0,Low,0,3.24993,720.379,6.58116,0.0623845,0.1
1488,Baseline,65,Balanced,0,Low,0,Low,0,Low,0,Low,0,3.23093,714.774,6.57336,0.0626673,0.1
1489,Baseline,81,Balanced,0,Low,0,Medium,1,Low,0,Low,0,3.24532,719.554,6.58002,0.0628333,0.1
1490,Baseline,82,Balanced,0,Low,0,High,2,Low,0,Low,0,3.26212,724.122,6.58634,0.0628633,0.1
1491,Baseline,82,Balanced,0,Low,0,High,2,Low,0,Low,0,3.2483,720.08,6.58075,0.0625229,0.1
1492,Baseline,82,Balanced,0,Low,0,High,2,Low,0,Low,0,3.26292,723.547,6.58555,0.062539,0.1
1493,Baseline,65,Balanced,0,Low,0,Low,0,Low,0,Low,0,3.23291,716.662,6.576,0.0627672,0.1
1494,Baseline,82,Balanced,0,Low,0,High,2,Low,0,Low,0,3.24817,721.225,6.58234,0.0626589,0.1
1495,Baseline,81,Balanced,0,Low,0,Medium,1,Low,0,Low,0,3.24455,719.406,6.57981,0.062778,0.1
1496,Baseline,81,Balanced,0,Low,0,Medium,1,Low,0,Low,0,3.24172,719.18,6.5795,0.0625144,0.1
1497,Baseline,82,Balanced,0,Low,0,High,2,Low,0,Low,0,3.30046,732.667,6.59805,0.062947,0.1
1498,Baseline,65,Balanced,0,Low,0,Low,0,Low,0,Low,0,3.22547,714.578,6.57309,0.0629286,0.1
1499,Baseline,81,Balanced,0,Low,0,Medium,1,Low,0,Low,0,3.24231,719.495,6.57994,0.0628887,0.1
1500,Baseline,82,Balanced,0,Low,0,High,2,Low,0,Low,0,3.26498,723.62,6.58565,0.0626558,0.1
1501,Baseline,81,Balanced,0,Low,0,Medium,1,Low,0,Low,0,3.24988,719.806,6.58037,0.0629509,0.1
1502,Baseline,82,Balanced,0,Low,0,High,2,Low,0,Low,0,3.25808,721.816,6.58316,0.062735,0.1
1503,Baseline,65,Balanced,0,Low,0,Low,0,Low,0,Low,0,3.2133,711.643,6.56898,0.0625597,0.1
1504,Baseline,65,Balanced,0,Low,0,Low,0,Low,0,Low,0,3.22638,715.161,6.5739,0.0625567,0.1
1505,Baseline,82,Balanced,0,Low,0,High,2,Low,0,Low,0,3.27979,727.774,6.59136,0.0629517,0.1
1506,Baseline,82,Balanced,0,Low,0,High,2,Low,0,Low,0,3.26079,723.222,6.5851,0.0631607,0.1
1507,Baseline,65,Balanced,0,Low,0,Low,0,Low,0,Low,0,3.23492,717.51,6.57718,0.0625605,0.1
1508,Baseline,82,Balanced,0,Low,0,High,2,Low,0,Low,0,3.25891,722.099,6.58355,0.0627396,0.1
1509,Baseline,82,Balanced,0,Low,0,High,2,Low,0,Low,0,3.25022,720.99,6.58201,0.0624929,0.1
1510,Baseline,82,Balanced,0,Low,0,High,2,Low,0,Low,0,3.26347,723.301,6.58521,0.0627127,0.1
1511,Baseline,65,Balanced,0,Low,0,Low,0,Low,0,Low,0,3.23193,716.094,6.57521,0.062592,0.1
1512,Baseline,82,Balanced,0,Low,0,High,2,Low,0,Low,0,3.25539,721.006,6.58203,0.0629763,0.1
1513,Baseline,65,Balanced,0,Low,0,Low,0,Low,0,Low,0,3.23318,717.455,6.5771,0.0621893,0.1
1514,Baseline,65,Balanced,0,Low,0,Low,0,Low,0,Low,0,3.22795,714.248,6.57263,0.0625475,0.1
1515,Baseline,82,Balanced,0,Low,0,High,2,Low,0,Low,0,3.26887,724.559,6.58694,0.0626627,0.1
1516,Baseline,65,Balanced,0,Low,0,Low,0,Low,0,Low,0,3.23975,717.203,6.57675,0.063007,0.1
1517,Baseline,82,Balanced,0,Low,0,High,2,Low,0,Low,0,3.26176,724.104,6.58631,0.0627411,0.1
1518,Baseline,65,Balanced,0,Low,0,Low,0,Low,0,Low,0,3.22068,713.996,6.57228,0.0626673,0.1
1519,Baseline,65,Balanced,0,Low,0,Low,0,Low,0,Low,0,3.23864,717.372,6.57699,0.0630062,0.1
1520,Baseline,65,Balanced,0,Low,0,Low,0,Low,0,Low,0,3.23865,718.119,6.57803,0.062662,0.1
1521,Baseline,65,Balanced,0,Low,0,Low,0,Low,0,Low,0,3.23426,715.869,6.57489,0.0627403,0.1
1522,Baseline,82,Balanced,0,Low,0,High,2,Low,0,Low,0,3.26162,722.411,6.58398,0.0626742,0.1
1523,Baseline,80,Balanced,0,Low,0,Low,0,Low,0,Low,0,3.24321,718.961,6.5792,0.0626427,0.1
1524,Baseline,65,Balanced,0,Low,0,Low,0,Low,0,Low,0,3.22359,716.034,6.57512,0.0623792,0.1
1525,Baseline,82,Balanced,0,Low,0,High,2,Low,0,Low,0,3.26641,724.37,6.58668,0.0625982,0.1
1526,Baseline,82,Balanced,0,Low,0,High,2,Low,0,Low,0,3.25627,722.11,6.58356,0.0626543,0.1
1527,Baseline,65,Balanced,0,Low,0,Low,0,Low,0,Low,0,3.23374,717.207,6.57676,0.0622116,0.1
1528,Baseline,82,Balanced,0,Low,0,High,2,Low,0,Low,0,3.25204,720.336,6.5811,0.0624791,0.1
1529,Baseline,82,Balanced,0,Low,0,High,2,Low,0,Low,0,3.25395,720.608,6.58148,0.0629778,0.1
1530,Baseline,80,Balanced,0,Low,0,Low,0,Low,0,Low,0,3.24655,719.068,6.57934,0.06306,0.1
1531,Baseline,81,Balanced,0,Low,0,Medium,1,Low,0,Low,0,3.25077,719.881,6.58047,0.0628725,0.1
1532,Baseline,80,Balanced,0,Low,0,Low,0,Low,0,Low,0,3.24244,718.182,6.57811,0.0625021,0.1
1533,Baseline,65,Balanced,0,Low,0,Low,0,Low,0,Low,0,3.22558,714.254,6.57264,0.0626988,0.1
1534,Baseline,82,Balanced,0,Low,0,High,2,Low,0,Low,0,3.25275,720.992,6.58201,0.0625582,0.1
1535,Baseline,82,Balanced,0,Low,0,High,2,Low,0,Low,0,3.2662,724.07,6.58627,0.0626489,0.1
1536,Baseline,82,Balanced,0,Low,0,High,2,Low,0,Low,0,3.25149,720.608,6.58148,0.0628041,0.1
1537,Baseline,65,Balanced,0,Low,0,Low,0,Low,0,Low,0,3.2302,714.523,6.57301,0.0626351,0.1
1538,Baseline,82,Balanced,0,Low,0,High,2,Low,0,Low,0,3.25716,722.597,6.58423,0.0621163,0.1
1539,Baseline,65,Balanced,0,Low,0,Low,0,Low,0,Low,0,3.22771,716.056,6.57515,0.0624168,0.1
1540,Baseline,65,Balanced,0,Low,0,Low,0,Low,0,Low,0,3.2373,717.704,6.57745,0.0627373,0.1
1541,Baseline,81,Balanced,0,Low,0,Medium,1,Low,0,Low,0,3.24284,719.28,6.57964,0.062393,0.1
1542,Baseline,65,Balanced,0,Low,0,Low,0,Low,0,Low,0,3.22764,714.762,6.57335,0.0627288,0.1
1543,Baseline,80,Balanced,0,Low,0,Low,0,Low,0,Low,0,3.24165,718.448,6.57848,0.0629862,0.1
1544,Baseline,82,Balanced,0,Low,0,High,2,Low,0,Low,0,3.24954,721.925,6.5833,0.0625159,0.1
1545,Baseline,82,Balanced,0,Low,0,High,2,Low,0,Low,0,3.25846,723.149,6.585,0.062675,0.1
1546,Baseline,65,Balanced,0,Low,0,Low,0,Low,0,Low,0,3.22755,715.956,6.57502,0.0623269,0.1
1547,Baseline,82,Balanced,0,Low,0,High,2,Low,0,Low,0,3.25122,720.324,6.58109,0.0629678,0.1
1548,Baseline,65,Balanced,0,Low,0,Low,0,Low,0,Low,0,3.21987,714.444,6.5729,0.0628087,0.1
1549,Baseline,81,Balanced,0,Low,0,Medium,1,Low,0,Low,0,3.24901,719.653,6.58016,0.0628364,0.1
1550,Baseline,80,Balanced,0,Low,0,Low,0,Low,0,Low,0,3.24279,718.329,6.57832,0.0627342,0.1
1551,Baseline,65,Balanced,0,Low,0,Low,0,Low,0,Low,0,3.22711,714.862,6.57349,0.0627035,0.1
1552,Baseline,65,Balanced,0,Low,0,Low,0,Low,0,Low,0,3.23024,715.871,6.5749,0.062738,0.1
1553,Baseline,82,Balanced,0,Low,0,High,2,Low,0,Low,0,3.25427,721.579,6.58283,0.0629378,0.1
1554,Baseline,65,Balanced,0,Low,0,Low,0,Low,0,Low,0,3.23523,717.654,6.57738,0.0623769,0.1
1555,Baseline,65,Balanced,0,Low,0,Low,0,Low,0,Low,0,3.232,715.764,6.57475,0.0623815,0.1
1556,Baseline,65,Balanced,0,Low,0,Low,0,Low,0,Low,0,3.22857,715.586,6.5745,0.0626958,0.1
1557,Baseline,80,Balanced,0,Low,0,Low,0,Low,0,Low,0,3.24405,717.994,6.57785,0.0629486,0.1
1558,Baseline,82,Balanced,0,Low,0,High,2,Low,0,Low,0,3.24871,720.657,6.58155,0.0627665,0.1
1559,Baseline,80,Balanced,0,Low,0,Low,0,Low,0,Low,0,3.24382,718.364,6.57837,0.0626274,0.1
1560,Baseline,80,Balanced,0,Low,0,Low,0,Low,0,Low,0,3.24338,718.565,6.57865,0.0625613,0.1
1561,Baseline,82,Balanced,0,Low,0,High,2,Low,0,Low,0,3.25228,721.523,6.58275,0.062506,0.1
1562,Baseline,65,Balanced,0,Low,0,Low,0,Low,0,Low,0,3.21388,711.82,6.56923,0.0624283,0.1
1563,Baseline,81,Balanced,0,Low,0,Medium,1,Low,0,Low,0,3.2448,719.631,6.58013,0.0626205,0.1
1564,Baseline,65,Balanced,0,Low,0,Low,0,Low,0,Low,0,3.23667,717.57,6.57726,0.0627327,0.1
1565,Baseline,82,Balanced,0,Low,0,High,2,Low,0,Low,0,3.2667,723.448,6.58541,0.0629271,0.1
1566,Baseline,65,Balanced,0,Low,0,Low,0,Low,0,Low,0,3.23264,717.026,6.57651,0.0625321,0.1
1567,Baseline,82,Balanced,0,Low,0,High,2,Low,0,Low,0,3.28554,728.119,6.59184,0.062655,0.1
1568,Baseline,82,Balanced,0,Low,0,High,2,Low,0,Low,0,3.24863,721.46,6.58266,0.062559,0.1
1569,Baseline,82,Balanced,0,Low,0,High,2,Low,0,Low,0,3.26767,723.917,6.58606,0.0628633,0.1
1570,Baseline,65,Balanced,0,Low,0,Low,0,Low,0,Low,0,3.23652,717.724,6.57748,0.0628472,0.1
1571,Baseline,82,Balanced,0,Low,0,High,2,Low,0,Low,0,3.25493,722.049,6.58348,0.0628664,0.1
1572,Baseline,65,Balanced,0,Low,0,Low,0,Low,0,Low,0,3.2165,712.553,6.57026,0.0625106,0.1
1573,Baseline,65,Balanced,0,Low,0,Low,0,Low,0,Low,0,3.21522,712.367,6.57,0.0626389,0.1
1574,Baseline,65,Balanced,0,Low,0,Low,0,Low,0,Low,0,3.23931,717.923,6.57775,0.0626758,0.1
1575,Baseline,65,Balanced,0,Low,0,Low,0,Low,0,Low,0,3.22907,715.917,6.57496,0.0625682,0.1
1576,Baseline,82,Balanced,0,Low,0,High,2,Low,0,Low,0,3.26169,723.411,6.58536,0.0625574,0.1
1577,Baseline,65,Balanced,0,Low,0,Low,0,Low,0,Low,0,3.22965,715.235,6.57401,0.0621601,0.1
1578,Baseline,65,Balanced,0,Low,0,Low,0,Low,0,Low,0,3.23515,716.894,6.57632,0.062569,0.1
1579,Baseline,81,Balanced,0,Low,0,Medium,1,Low,0,Low,0,3.24609,719.257,6.57961,0.0629163,0.1
1580,Baseline,65,Balanced,0,Low,0,Low,0,Low,0,Low,0,3.2034,708.681,6.56482,0.0625444,0.1
1581,Baseline,82,Balanced,0,Low,0,High,2,Low,0,Low,0,3.25199,721.429,6.58262,0.0626143,0.1
1582,Baseline,82,Balanced,0,Low,0,High,2,Low,0,Low,0,3.27102,725.364,6.58805,0.0629939,0.1
1583,Baseline,82,Balanced,0,Low,0,High,2,Low,0,Low,0,3.26456,723.639,6.58567,0.0626965,0.1
1584,Baseline,65,Balanced,0,Low,0,Low,0,Low,0,Low,0,3.22848,714.813,6.57342,0.0624414,0.1
1585,Baseline,82,Balanced,0,Low,0,High,2,Low,0,Low,0,3.249,720.553,6.58141,0.0624306,0.1
1586,Baseline,65,Balanced,0,Low,0,Low,0,Low,0,Low,0,3.21561,711.446,6.5687,0.0626235,0.1
1587,Baseline,82,Balanced,0,Low,0,High,2,Low,0,Low,0,3.26483,723.508,6.58549,0.0627035,0.1
1588,Baseline,82,Balanced,0,Low,0,High,2,Low,0,Low,0,3.25341,721.216,6.58232,0.0625705,0.1
1589,Baseline,80,Balanced,0,Low,0,Low,0,Low,0,Low,0,3.24145,717.972,6.57782,0.062718,0.1
1590,Baseline,82,Balanced,0,Low,0,High,2,Low,0,Low,0,3.25748,722.035,6.58346,0.0629494,0.1
1591,Baseline,81,Balanced,0,Low,0,Medium,1,Low,0,Low,0,3.24506,719.342,6.57973,0.0626182,0.1
1592,Baseline,82,Balanced,0,Low,0,High,2,Low,0,Low,0,3.26059,722.05,6.58348,0.0629932,0.1
1593,Baseline,81,Balanced,0,Low,0,Medium,1,Low,0,Low,0,3.25009,719.821,6.58039,0.0627019,0.1
1594,Baseline,82,Balanced,0,Low,0,High,2,Low,0,Low,0,3.2611,722.407,6.58397,0.0629739,0.1
1595,Baseline,82,Balanced,0,Low,0,High,2,Low,0,Low,0,3.2664,723.896,6.58603,0.0626481,0.1
1596,Baseline,65,Balanced,0,Low,0,Low,0,Low,0,Low,0,3.22743,715.259,6.57404,0.0625567,0.1
1597,Baseline,82,Balanced,0,Low,0,High,2,Low,0,Low,0,3.27168,725.179,6.5878,0.0626719,0.1
1598,Baseline,80,Balanced,0,Low,0,Low,0,Low,0,Low,0,3.24679,719.064,6.57934,0.0625936,0.1
1599,Baseline,65,Balanced,0,Low,0,Low,0,Low,0,Low,0,3.23348,715.422,6.57427,0.06303,0.1
1600,Baseline,82,Balanced,0,Low,0,High,2,Low,0,Low,0,3.2486,720.175,6.58088,0.0626358,0.1
1601,Baseline,65,Balanced,0,Low,0,Low,0,Low,0,Low,0,3.23304,717.088,6.57659,0.0625697,0.1
1602,Baseline,82,Balanced,0,Low,0,High,2,Low,0,Low,0,3.2498,721.147,6.58223,0.0625467,0.1
1603,Baseline,80,Balanced,0,Low,0,Low,0,Low,0,Low,0,3.24187,718.414,6.57844,0.0628817,0.1
1604,Baseline,82,Balanced,0,Low,0,High,2,Low,0,Low,0,3.25925,722.568,6.5842,0.0629125,0.1
1605,Baseline,82,Balanced,0,Low,0,High,2,Low,0,Low,0,3.27063,723.957,6.58611,0.0628149,0.1
1606,Baseline,65,Balanced,0,Low,0,Low,0,Low,0,Low,0,3.22615,715.38,6.57421,0.0625682,0.1
1607,Baseline,65,Balanced,0,Low,0,Low,0,Low,0,Low,0,3.23304,715.896,6.57493,0.062652,0.1
1608,Baseline,65,Balanced,0,Low,0,Low,0,Low,0,Low,0,3.23686,717.385,6.57701,0.0629225,0.1
1609,Baseline,65,Balanced,0,Low,0,Low,0,Low,0,Low,0,3.23454,716.749,6.57612,0.0626228,0.1
1610,Baseline,82,Balanced,0,Low,0,High,2,Low,0,Low,0,3.24978,720.633,6.58152,0.0626773,0.1
1611,Baseline,65,Balanced,0,Low,0,Low,0,Low,0,Low,0,3.21961,714.051,6.57235,0.0624168,0.1
1612,Baseline,82,Balanced,0,Low,0,High,2,Low,0,Low,0,3.24753,721.39,6.58256,0.0626035,0.1
1613,Baseline,82,Balanced,0,Low,0,High,2,Low,0,Low,0,3.26705,722.936,6.5847,0.0626228,0.1
1614,Baseline,65,Balanced,0,Low,0,Low,0,Low,0,Low,0,3.22217,713.976,6.57225,0.0628863,0.1
1615,Baseline,65,Balanced,0,Low,0,Low,0,Low,0,Low,0,3.21446,713.776,6.57197,0.0623853,0.1
1616,Baseline,81,Balanced,0,Low,0,Medium,1,Low,0,Low,0,3.2485,719.632,6.58013,0.0626174,0.1
1617,Baseline,80,Balanced,0,Low,0,Low,0,Low,0,Low,0,3.24202,718.893,6.5791,0.0624068,0.1
1618,Baseline,82,Balanced,0,Low,0,High,2,Low,0,Low,0,3.25458,721.633,6.5829,0.0629255,0.1
1619,Baseline,65,Balanced,0,Low,0,Low,0,Low,0,Low,0,3.22792,715.922,6.57497,0.0627081,0.1
1620,Baseline,65,Balanced,0,Low,0,Low,0,Low,0,Low,0,3.2216,714.25,6.57263,0.0626266,0.1
1621,Baseline,65,Balanced,0,Low,0,Low,0,Low,0,Low,0,3.23023,715.492,6.57437,0.0625559,0.1
1622,Baseline,80,Balanced,0,Low,0,Low,0,Low,0,Low,0,3.24028,718.663,6.57878,0.0628518,0.1
1623,Baseline,50,Balanced,0,Low,0,Low,0,Low,0,Low,0,3.19869,708.578,6.56467,0.0622201,0.1
1624,Baseline,65,Balanced,0,Low,0,Low,0,Low,0,Low,0,3.22456,715.89,6.57492,0.0625882,0.1
1625,Baseline,65,Balanced,0,Low,0,Low,0,Low,0,Low,0,3.22693,715.517,6.5744,0.0625989,0.1
1626,Baseline,82,Balanced,0,Low,0,High,2,Low,0,Low,0,3.26654,724.36,6.58667,0.0630347,0.1
1627,Baseline,65,Balanced,0,Low,0,Low,0,Low,0,Low,0,3.22689,715.363,6.57419,0.0626658,0.1
1628,Baseline,82,Balanced,0,Low,0,High,2,Low,0,Low,0,3.24511,720.146,6.58084,0.0627926,0.1
1629,Baseline,82,Balanced,0,Low,0,High,2,Low,0,Low,0,3.24988,720.531,6.58138,0.0626566,0.1
1630,Baseline,65,Balanced,0,Low,0,Low,0,Low,0,Low,0,3.23251,716.054,6.57515,0.0627465,0.1
1631,Baseline,82,Balanced,0,Low,0,High,2,Low,0,Low,0,3.25983,721.698,6.58299,0.0628203,0.1
1632,Baseline,80,Balanced,0,Low,0,Low,0,Low,0,Low,0,3.24002,718.753,6.57891,0.0625751,0.1
1633,Baseline,82,Balanced,0,Low,0,High,2,Low,0,Low,0,3.25059,720.637,6.58152,0.0626942,0.1
1634,Baseline,81,Balanced,0,Low,0,Medium,1,Low,0,Low,0,3.24573,719.433,6.57985,0.0626558,0.1
1635,Baseline,65,Balanced,0,Low,0,Low,0,Low,0,Low,0,3.23468,716.154,6.57529,0.0627857,0.1
1636,Baseline,82,Balanced,0,Low,0,High,2,Low,0,Low,0,3.26139,723.596,6.58561,0.0625751,0.1
1637,Baseline,81,Balanced,0,Low,0,Medium,1,Low,0,Low,0,3.24669,719.241,6.57959,0.0628149,0.1
1638,Baseline,82,Balanced,0,Low,0,High,2,Low,0,Low,0,3.25116,720.898,6.58188,0.0626643,0.1
1639,Baseline,82,Balanced,0,Low,0,High,2,Low,0,Low,0,3.24881,720.72,6.58164,0.0627703,0.1
1640,Baseline,82,Balanced,0,Low,0,High,2,Low,0,Low,0,3.25699,722.711,6.58439,0.0626158,0.1
1641,Baseline,81,Balanced,0,Low,0,Medium,1,Low,0,Low,0,3.24846,719.788,6.58035,0.0627465,0.1
1642,Baseline,82,Balanced,0,Low,0,High,2,Low,0,Low,0,3.28279,729.236,6.59337,0.0629517,0.1
1643,Baseline,82,Balanced,0,Low,0,High,2,Low,0,Low,0,3.25839,722.499,6.5841,0.0626051,0.1
1644,Baseline,65,Balanced,0,Low,0,Low,0,Low,0,Low,0,3.23757,718.68,6.57881,0.0623054,0.1
1645,Baseline,82,Balanced,0,Low,0,High,2,Low,0,Low,0,3.28968,728.965,6.593,0.0627534,0.1
1646,Baseline,65,Balanced,0,Low,0,Low,0,Low,0,Low,0,3.23787,717.979,6.57783,0.0625321,0.1
1647,Baseline,80,Balanced,0,Low,0,Low,0,Low,0,Low,0,3.24714,719.11,6.5794,0.0629663,0.1
1648,Baseline,82,Balanced,0,Low,0,High,2,Low,0,Low,0,3.26406,723.591,6.58561,0.0628441,0.1
1649,Baseline,65,Balanced,0,Low,0,Low,0,Low,0,Low,0,3.235,717.07,6.57657,0.0627941,0.1
1650,Baseline,82,Balanced,0,Low,0,High,2,Low,0,Low,0,3.26015,723.107,6.58494,0.062506,0.1
1651,Baseline,82,Balanced,0,Low,0,High,2,Low,0,Low,0,3.24803,720.509,6.58134,0.0626489,0.1
1652,Baseline,65,Balanced,0,Low,0,Low,0,Low,0,Low,0,3.23785,717.534,6.57721,0.0625582,0.1
1653,Baseline,82,Balanced,0,Low,0,High,2,Low,0,Low,0,3.25211,721.428,6.58262,0.0628034,0.1
1654,Baseline,82,Balanced,0,Low,0,High,2,Low,0,Low,0,3.26204,723.204,6.58507,0.0628587,0.1
1655,Baseline,82,Balanced,0,Low,0,High,2,Low,0,Low,0,3.25514,721.819,6.58316,0.0628318,0.1
1656,Baseline,82,Balanced,0,Low,0,High,2,Low,0,Low,0,3.2653,723.706,6.58577,0.0627511,0.1
1657,Baseline,82,Balanced,0,Low,0,High,2,Low,0,Low,0,3.26676,724.106,6.58632,0.0626182,0.1
1658,Baseline,65,Balanced,0,Low,0,Low,0,Low,0,Low,0,3.23687,717.813,6.5776,0.0624399,0.1
1659,Baseline,82,Balanced,0,Low,0,High,2,Low,0,Low,0,3.24629,720.025,6.58067,0.0628133,0.1
1660,Baseline,81,Balanced,0,Low,0,Medium,1,Low,0,Low,0,3.24656,719.747,6.58029,0.0629663,0.1
1661,Baseline,65,Balanced,0,Low,0,Low,0,Low,0,Low,0,3.2395,717.56,6.57725,0.0625336,0.1
1662,Baseline,82,Balanced,0,Low,0,High,2,Low,0,Low,0,3.26036,722.016,6.58343,0.062589,0.1
1663,Baseline,82,Balanced,0,Low,0,High,2,Low,0,Low,0,3.26427,723.104,6.58493,0.0630946,0.1
1664,Baseline,80,Balanced,0,Low,0,Low,0,Low,0,Low,0,3.24285,719.058,6.57933,0.0625551,0.1
1665,Baseline,82,Balanced,0,Low,0,High,2,Low,0,Low,0,3.2495,720.563,6.58142,0.0626035,0.1
1666,Baseline,80,Balanced,0,Low,0,Low,0,Low,0,Low,0,3.24469,717.069,6.57657,0.0628372,0.1
1667,Baseline,65,Balanced,0,Low,0,Low,0,Low,0,Low,0,3.22403,714.445,6.5729,0.062718,0.1
1668,Baseline,82,Balanced,0,Low,0,High,2,Low,0,Low,0,3.24552,719.909,6.58051,0.0628149,0.1
1669,Baseline,80,Balanced,0,Low,0,Low,0,Low,0,Low,0,3.24038,718.37,6.57838,0.062904,0.1
1670,Baseline,82,Balanced,0,Low,0,High,2,Low,0,Low,0,3.25901,722.394,6.58395,0.062589,0.1
1671,Baseline,65,Balanced,0,Low,0,Low,0,Low,0,Low,0,3.23741,717.722,6.57747,0.0626366,0.1
1672,Baseline,80,Balanced,0,Low,0,Low,0,Low,0,Low,0,3.2429,719.157,6.57947,0.0623161,0.1
1673,Baseline,80,Balanced,0,Low,0,Low,0,Low,0,Low,0,3.24247,719.053,6.57932,0.062506,0.1
1674,Baseline,65,Balanced,0,Low,0,Low,0,Low,0,Low,0,3.20829,711.162,6.56831,0.0624476,0.1
1675,Baseline,82,Balanced,0,Low,0,High,2,Low,0,Low,0,3.2673,724.309,6.5866,0.0629271,0.1
1676,Baseline,82,Balanced,0,Low,0,High,2,Low,0,Low,0,3.28231,728.431,6.59227,0.0627895,0.1
1677,Baseline,82,Balanced,0,Low,0,High,2,Low,0,Low,0,3.26134,723.413,6.58536,0.062851,0.1
1678,Baseline,65,Balanced,0,Low,0,Low,0,Low,0,Low,0,3.23395,717.127,6.57665,0.0627634,0.1
1679,Baseline,80,Balanced,0,Low,0,Low,0,Low,0,Low,0,3.24239,718.322,6.57831,0.0624898,0.1
1680,Baseline,80,Balanced,0,Low,0,Low,0,Low,0,Low,0,3.24092,718.282,6.57825,0.0628533,0.1
1681,Baseline,82,Balanced,0,Low,0,High,2,Low,0,Low,0,3.26437,723.56,6.58556,0.0629002,0.1
1682,Baseline,65,Balanced,0,Low,0,Low,0,Low,0,Low,0,3.23333,718.044,6.57792,0.0625428,0.1
1683,Baseline,82,Balanced,0,Low,0,High,2,Low,0,Low,0,3.28045,727.511,6.591,0.0627242,0.1
1684,Baseline,80,Balanced,0,Low,0,Low,0,Low,0,Low,0,3.24515,718.911,6.57913,0.0624783,0.1
1685,Baseline,81,Balanced,0,Low,0,Medium,1,Low,0,Low,0,3.24376,719.68,6.58019,0.0626942,0.1
1686,Baseline,82,Balanced,0,Low,0,High,2,Low,0,Low,0,3.26828,724.228,6.58649,0.0627665,0.1
1687,Baseline,81,Balanced,0,Low,0,Medium,1,Low,0,Low,0,3.24546,719.896,6.5805,0.0626827,0.1
1688,Baseline,82,Balanced,0,Low,0,High,2,Low,0,Low,0,3.26852,726.117,6.58909,0.0626128,0.1
1689,Baseline,82,Balanced,0,Low,0,High,2,Low,0,Low,0,3.25363,722.134,6.58359,0.0626059,0.1
1690,Baseline,82,Balanced,0,Low,0,High,2,Low,0,Low,0,3.26321,723.447,6.58541,0.0629824,0.1
1691,Baseline,65,Balanced,0,Low,0,Low,0,Low,0,Low,0,3.21641,712.798,6.5706,0.0627157,0.1
1692,Baseline,82,Balanced,0,Low,0,High,2,Low,0,Low,0,3.24557,719.945,6.58056,0.0626143,0.1
1693,Baseline,82,Balanced,0,Low,0,High,2,Low,0,Low,0,3.25613,721.539,6.58277,0.062957,0.1
1694,Baseline,65,Balanced,0,Low,0,Low,0,Low,0,Low,0,3.22288,713.3,6.5713,0.062652,0.1
1695,Baseline,65,Balanced,0,Low,0,Low,0,Low,0,Low,0,3.22077,713.589,6.57171,0.0624883,0.1
1696,Baseline,82,Balanced,0,Low,0,High,2,Low,0,Low,0,3.2685,725.693,6.5885,0.0628948,0.1
1697,Baseline,82,Balanced,0,Low,0,High,2,Low,0,Low,0,3.25521,722.057,6.58349,0.0629355,0.1
1698,Baseline,65,Balanced,0,Low,0,Low,0,Low,0,Low,0,3.22184,714.218,6.57259,0.0628295,0.1
1699,Baseline,80,Balanced,0,Low,0,Low,0,Low,0,Low,0,3.2413,718.906,6.57912,0.0632214,0.1
1700,Baseline,80,Balanced,0,Low,0,Low,0,Low,0,Low,0,3.24368,718.852,6.57905,0.0626773,0.1
1701,Baseline,65,Balanced,0,Low,0,Low,0,Low,0,Low,0,3.2377,718.85,6.57904,0.0624476,0.1
1702,Baseline,65,Balanced,0,Low,0,Low,0,Low,0,Low,0,3.23238,716.614,6.57593,0.0625713,0.1
1703,Baseline,82,Balanced,0,Low,0,High,2,Low,0,Low,0,3.2672,724.273,6.58655,0.0626105,0.1
1704,Baseline,65,Balanced,0,Low,0,Low,0,Low,0,Low,0,3.23203,717.275,6.57685,0.0626635,0.1
1705,Baseline,82,Balanced,0,Low,0,High,2,Low,0,Low,0,3.2608,722.87,6.58461,0.0628694,0.1
1706,Baseline,65,Balanced,0,Low,0,Low,0,Low,0,Low,0,3.23774,717.513,6.57718,0.0624107,0.1
1707,Baseline,65,Balanced,0,Low,0,Low,0,Low,0,Low,0,3.22741,716.365,6.57558,0.062393,0.1
1708,Baseline,65,Balanced,0,Low,0,Low,0,Low,0,Low,0,3.23463,717.498,6.57716,0.062622,0.1
1709,Baseline,82,Balanced,0,Low,0,High,2,Low,0,Low,0,3.25344,722.165,6.58364,0.062718,0.1
1710,Baseline,82,Balanced,0,Low,0,High,2,Low,0,Low,0,3.26156,722.323,6.58386,0.0628172,0.1
1711,Baseline,65,Balanced,0,Low,0,Low,0,Low,0,Low,0,3.22471,714.66,6.57321,0.0621855,0.1
1712,Baseline,82,Balanced,0,Low,0,High,2,Low,0,Low,0,3.25033,720.859,6.58183,0.0627227,0.1
1713,Baseline,82,Balanced,0,Low,0,High,2,Low,0,Low,0,3.24291,720.847,6.58181,0.0625759,0.1
1714,Baseline,65,Balanced,0,Low,0,Low,0,Low,0,Low,0,3.23827,717.622,6.57734,0.0628633,0.1
1715,Baseline,81,Balanced,0,Low,0,Medium,1,Low,0,Low,0,3.24826,719.65,6.58015,0.0624675,0.1
1716,Baseline,82,Balanced,0,Low,0,High,2,Low,0,Low,0,3.27774,726.336,6.58939,0.0629709,0.1
1717,Baseline,82,Balanced,0,Low,0,High,2,Low,0,Low,0,3.26841,724.335,6.58663,0.0626842,0.1
1718,Baseline,65,Balanced,0,Low,0,Low,0,Low,0,Low,0,3.22964,716.354,6.57557,0.0626212,0.1
1719,Baseline,82,Balanced,0,Low,0,High,2,Low,0,Low,0,3.24948,721.226,6.58234,0.0626051,0.1
1720,Baseline,82,Balanced,0,Low,0,High,2,Low,0,Low,0,3.2558,722.463,6.58405,0.0625159,0.1
1721,Baseline,65,Balanced,0,Low,0,Low,0,Low,0,Low,0,3.22829,714.787,6.57338,0.0623607,0.1
1722,Baseline,82,Balanced,0,Low,0,High,2,Low,0,Low,0,3.27277,724.447,6.58679,0.0628341,0.1
1723,Baseline,65,Balanced,0,Low,0,Low,0,Low,0,Low,0,3.22112,713.332,6.57135,0.0628472,0.1
1724,Baseline,65,Balanced,0,Low,0,Low,0,Low,0,Low,0,3.23788,718.757,6.57891,0.0625259,0.1
1725,Baseline,82,Balanced,0,Low,0,High,2,Low,0,Low,0,3.25212,721.377,6.58255,0.062768,0.1
1726,Baseline,81,Balanced,0,Low,0,Medium,1,Low,0,Low,0,3.24775,719.576,6.58005,0.0625951,0.1
1727,Baseline,82,Balanced,0,Low,0,High,2,Low,0,Low,0,3.25455,721.304,6.58245,0.0626051,0.1
1728,Baseline,65,Balanced,0,Low,0,Low,0,Low,0,Low,0,3.22719,713.771,6.57196,0.0627242,0.1
1729,Baseline,82,Balanced,0,Low,0,High,2,Low,0,Low,0,3.24918,720.102,6.58078,0.0630654,0.1
1730,Baseline,82,Balanced,0,Low,0,High,2,Low,0,Low,0,3.26199,723.427,6.58538,0.0624952,0.1
1731,Baseline,65,Balanced,0,Low,0,Low,0,Low,0,Low,0,3.23501,717.747,6.57751,0.0623331,0.1
1732,Baseline,82,Balanced,0,Low,0,High,2,Low,0,Low,0,3.24899,720.863,6.58184,0.0628057,0.1
1733,Baseline,65,Balanced,0,Low,0,Low,0,Low,0,Low,0,3.23927,718.529,6.5786,0.06235,0.1
1734,Baseline,82,Balanced,0,Low,0,High,2,Low,0,Low,0,3.25259,720.939,6.58194,0.0626366,0.1
1735,Baseline,82,Balanced,0,Low,0,High,2,Low,0,Low,0,3.2536,721.523,6.58275,0.0627134,0.1
1736,Baseline,81,Balanced,0,Low,0,Medium,1,Low,0,Low,0,3.24522,719.876,6.58047,0.0626381,0.1
1737,Baseline,82,Balanced,0,Low,0,High,2,Low,0,Low,0,3.25102,721.25,6.58237,0.062486,0.1
1738,Baseline,65,Balanced,0,Low,0,Low,0,Low,0,Low,0,3.23636,717.58,6.57728,0.0624529,0.1
1739,Baseline,65,Balanced,0,Low,0,Low,0,Low,0,Low,0,3.23444,715.714,6.57468,0.0624037,0.1
1740,Baseline,80,Balanced,0,Low,0,Low,0,Low,0,Low,0,3.24716,719.122,6.57942,0.0626735,0.1
1741,Baseline,82,Balanced,0,Low,0,High,2,Low,0,Low,0,3.27001,724.23,6.58649,0.0629378,0.1
1742,Baseline,82,Balanced,0,Low,0,High,2,Low,0,Low,0,3.2697,724.881,6.58739,0.0626082,0.1
1743,Baseline,82,Balanced,0,Low,0,High,2,Low,0,Low,0,3.24635,720.752,6.58168,0.0623769,0.1
1744,Baseline,82,Balanced,0,Low,0,High,2,Low,0,Low,0,3.25768,721.825,6.58317,0.0630108,0.1
1745,Baseline,82,Balanced,0,Low,0,High,2,Low,0,Low,0,3.25416,721.089,6.58215,0.0627219,0.1
1746,Baseline,82,Balanced,0,Low,0,High,2,Low,0,Low,0,3.26035,722.109,6.58356,0.0626051,0.1
1747,Baseline,65,Balanced,0,Low,0,Low,0,Low,0,Low,0,3.23041,715.027,6.57372,0.0625997,0.1
1748,Baseline,80,Balanced,0,Low,0,Low,0,Low,0,Low,0,3.2418,718.475,6.57852,0.0625336,0.1
1749,Baseline,82,Balanced,0,Low,0,High,2,Low,0,Low,0,3.25648,721.492,6.58271,0.0627765,0.1
1750,Baseline,82,Balanced,0,Low,0,High,2,Low,0,Low,0,3.27589,727.088,6.59042,0.0623046,0.1
1751,Baseline,65,Balanced,0,Low,0,Low,0,Low,0,Low,0,3.21988,712.841,6.57066,0.062353,0.1
1752,Baseline,82,Balanced,0,Low,0,High,2,Low,0,Low,0,3.2603,721.604,6.58286,0.0625398,0.1
1753,Baseline,65,Balanced,0,Low,0,Low,0,Low,0,Low,0,3.2341,716.735,6.5761,0.0628064,0.1
1754,Baseline,65,Balanced,0,Low,0,Low,0,Low,0,Low,0,3.23131,716.454,6.57571,0.0623815,0.1
1755,Baseline,82,Balanced,0,Low,0,High,2,Low,0,Low,0,3.24967,720.679,6.58158,0.062519,0.1
1756,Baseline,82,Balanced,0,Low,0,High,2,Low,0,Low,0,3.25078,720.5,6.58133,0.0628064,0.1
1757,Baseline,82,Balanced,0,Low,0,High,2,Low,0,Low,0,3.2535,721.489,6.5827,0.0626604,0.1
1758,Baseline,65,Balanced,0,Low,0,Low,0,Low,0,Low,0,3.23335,715.122,6.57385,0.0628594,0.1
1759,Baseline,80,Balanced,0,Low,0,Low,0,Low,0,Low,0,3.24079,718.365,6.57837,0.0626673,0.1
1760,Baseline,82,Balanced,0,Low,0,High,2,Low,0,Low,0,3.25616,722.484,6.58408,0.0625513,0.1
1761,Baseline,82,Balanced,0,Low,0,High,2,Low,0,Low,0,3.26495,723.244,6.58513,0.0628149,0.1
1762,Baseline,82,Balanced,0,Low,0,High,2,Low,0,Low,0,3.25396,721.894,6.58326,0.062728,0.1
1763,Baseline,81,Balanced,0,Low,0,Medium,1,Low,0,Low,0,3.24534,719.387,6.57979,0.0622047,0.1
1764,Baseline,65,Balanced,0,Low,0,Low,0,Low,0,Low,0,3.2213,713.553,6.57166,0.0625052,0.1
1765,Baseline,82,Balanced,0,Low,0,High,2,Low,0,Low,0,3.25529,720.427,6.58123,0.0627941,0.1
1766,Baseline,82,Balanced,0,Low,0,High,2,Low,0,Low,0,3.27316,725.726,6.58855,0.0628979,0.1
1767,Baseline,65,Balanced,0,Low,0,Low,0,Low,0,Low,0,3.23011,716.013,6.57509,0.0625805,0.1
1768,Baseline,65,Balanced,0,Low,0,Low,0,Low,0,Low,0,3.23149,717.323,6.57692,0.0624721,0.1
1769,Baseline,65,Balanced,0,Low,0,Low,0,Low,0,Low,0,3.23334,717.039,6.57652,0.0624744,0.1
1770,Baseline,65,Balanced,0,Low,0,Low,0,Low,0,Low,0,3.22152,714.32,6.57273,0.0624637,0.1
1771,Baseline,82,Balanced,0,Low,0,High,2,Low,0,Low,0,3.2481,720.416,6.58122,0.0620334,0.1
1772,Baseline,80,Balanced,0,Low,0,Low,0,Low,0,Low,0,3.24056,718.376,6.57838,0.063153,0.1
1773,Baseline,82,Balanced,0,Low,0,High,2,Low,0,Low,0,3.26403,723.11,6.58494,0.0629186,0.1
1774,Baseline,82,Balanced,0,Low,0,High,2,Low,0,Low,0,3.26047,723.045,6.58485,0.0626842,0.1
1775,Baseline,65,Balanced,0,Low,0,Low,0,Low,0,Low,0,3.23022,715.986,6.57506,0.0628034,0.1
1776,Baseline,82,Balanced,0,Low,0,High,2,Low,0,Low,0,3.25307,721.439,6.58263,0.0626543,0.1
1777,Baseline,82,Balanced,0,Low,0,High,2,Low,0,Low,0,3.25929,722.443,6.58402,0.0625551,0.1
1778,Baseline,82,Balanced,0,Low,0,High,2,Low,0,Low,0,3.25383,720.438,6.58125,0.0627019,0.1
1779,Baseline,65,Balanced,0,Low,0,Low,0,Low,0,Low,0,3.23766,717.867,6.57768,0.0624268,0.1
1780,Baseline,82,Balanced,0,Low,0,High,2,Low,0,Low,0,3.24685,720.368,6.58115,0.0625882,0.1
1781,Baseline,82,Balanced,0,Low,0,High,2,Low,0,Low,0,3.2771,727.991,6.59166,0.0628279,0.1
1782,Baseline,65,Balanced,0,Low,0,Low,0,Low,0,Low,0,3.23906,718.135,6.57805,0.0626066,0.1
1783,Baseline,65,Balanced,0,Low,0,Low,0,Low,0,Low,0,3.22683,716.038,6.57513,0.0624122,0.1
1784,Baseline,82,Balanced,0,Low,0,High,2,Low,0,Low,0,3.26155,722.759,6.58446,0.0626258,0.1
1785,Baseline,80,Balanced,0,Low,0,Low,0,Low,0,Low,0,3.24215,717.516,6.57719,0.0628979,0.1
1786,Baseline,65,Balanced,0,Low,0,Low,0,Low,0,Low,0,3.2064,709.893,6.56652,0.0625282,0.1
1787,Baseline,80,Balanced,0,Low,0,Low,0,Low,0,Low,0,3.24134,718.645,6.57876,0.062884,0.1
1788,Baseline,65,Balanced,0,Low,0,Low,0,Low,0,Low,0,3.2319,717.224,6.57678,0.0622554,0.1
1789,Baseline,82,Balanced,0,Low,0,High,2,Low,0,Low,0,3.25562,721.549,6.58279,0.0625866,0.1
1790,Baseline,65,Balanced,0,Low,0,Low,0,Low,0,Low,0,3.23367,716.722,6.57608,0.0626497,0.1
1791,Baseline,65,Balanced,0,Low,0,Low,0,Low,0,Low,0,3.23414,718.134,6.57805,0.062499,0.1
1792,Baseline,82,Balanced,0,Low,0,High,2,Low,0,Low,0,3.25695,722.023,6.58344,0.0627957,0.1
1793,Baseline,82,Balanced,0,Low,0,High,2,Low,0,Low,0,3.25067,720.449,6.58126,0.0629832,0.1
1794,Baseline,65,Balanced,0,Low,0,Low,0,Low,0,Low,0,3.22724,714.971,6.57364,0.0628656,0.1
1795,Baseline,65,Balanced,0,Low,0,Low,0,Low,0,Low,0,3.23016,716.835,6.57624,0.062164,0.1
1796,Baseline,65,Balanced,0,Low,0,Low,0,Low,0,Low,0,3.21429,713.832,6.57205,0.0624337,0.1
1797,Baseline,80,Balanced,0,Low,0,Low,0,Low,0,Low,0,3.24003,718.691,6.57882,0.0626858,0.1
1798,Baseline,65,Balanced,0,Low,0,Low,0,Low,0,Low,0,3.21784,714.411,6.57286,0.0624214,0.1
1799,Baseline,82,Balanced,0,Low,0,High,2,Low,0,Low,0,3.27401,726.752,6.58996,0.0628133,0.1
1800,Baseline,82,Balanced,0,Low,0,High,2,Low,0,Low,0,3.25729,721.165,6.58225,0.0627065,0.1
1801,Baseline,82,Balanced,0,Low,0,High,2,Low,0,Low,0,3.26259,723.941,6.58609,0.0626789,0.1
1802,Baseline,82,Balanced,0,Low,0,High,2,Low,0,Low,0,3.2651,723.987,6.58615,0.062665,0.1
1803,Baseline,65,Balanced,0,Low,0,Low,0,Low,0,Low,0,3.23586,717.773,6.57755,0.0624837,0.1
1804,Baseline,81,Balanced,0,Low,0,Medium,1,Low,0,Low,0,3.24462,719.842,6.58042,0.062738,0.1
1805,Baseline,82,Balanced,0,Low,0,High,2,Low,0,Low,0,3.25384,720.579,6.58144,0.0628887,0.1
1806,Baseline,65,Balanced,0,Low,0,Low,0,Low,0,Low,0,3.23166,716.907,6.57634,0.0626243,0.1
1807,Baseline,82,Balanced,0,Low,0,High,2,Low,0,Low,0,3.25575,722.618,6.58426,0.0624429,0.1
1808,Baseline,80,Balanced,0,Low,0,Low,0,Low,0,Low,0,3.24493,718.883,6.57909,0.062801,0.1
1809,Baseline,65,Balanced,0,Low,0,Low,0,Low,0,Low,0,3.23834,717.813,6.5776,0.0624153,0.1
1810,Baseline,65,Balanced,0,Low,0,Low,0,Low,0,Low,0,3.227,714.86,6.57348,0.0627319,0.1
1811,Baseline,65,Balanced,0,Low,0,Low,0,Low,0,Low,0,3.2304,716.785,6.57617,0.0628164,0.1
1812,Baseline,82,Balanced,0,Low,0,High,2,Low,0,Low,0,3.27431,725.685,6.58849,0.0626719,0.1
1813,Baseline,82,Balanced,0,Low,0,High,2,Low,0,Low,0,3.25029,720.197,6.58091,0.062904,0.1
1814,Baseline,82,Balanced,0,Low,0,High,2,Low,0,Low,0,3.27835,727.826,6.59143,0.0628771,0.1
1815,Baseline,82,Balanced,0,Low,0,High,2,Low,0,Low,0,3.25427,720.815,6.58177,0.0628034,0.1
1816,Baseline,82,Balanced,0,Low,0,High,2,Low,0,Low,0,3.24996,721.393,6.58257,0.0629417,0.1
1817,Baseline,82,Balanced,0,Low,0,High,2,Low,0,Low,0,3.25439,722.578,6.58421,0.0624706,0.1
1818,Baseline,65,Balanced,0,Low,0,Low,0,Low,0,Low,0,3.23543,717.863,6.57767,0.0624168,0.1
1819,Baseline,65,Balanced,0,Low,0,Low,0,Low,0,Low,0,3.22039,713.593,6.57171,0.0625882,0.1
1820,Baseline,82,Balanced,0,Low,0,High,2,Low,0,Low,0,3.25885,722.333,6.58387,0.062728,0.1
1821,Baseline,82,Balanced,0,Low,0,High,2,Low,0,Low,0,3.24962,720.731,6.58165,0.0623553,0.1
1822,Baseline,65,Balanced,0,Low,0,Low,0,Low,0,Low,0,3.2268,715.684,6.57464,0.0624683,0.1
1823,Baseline,82,Balanced,0,Low,0,High,2,Low,0,Low,0,3.26441,723.093,6.58492,0.0628218,0.1
1824,Baseline,65,Balanced,0,Low,0,Low,0,Low,0,Low,0,3.23511,716.866,6.57628,0.0630016,0.1
1825,Baseline,65,Balanced,0,Low,0,Low,0,Low,0,Low,0,3.23618,717.686,6.57743,0.0627081,0.1
1826,Baseline,65,Balanced,0,Low,0,Low,0,Low,0,Low,0,3.23142,717.048,6.57654,0.0624652,0.1
1827,Baseline,82,Balanced,0,Low,0,High,2,Low,0,Low,0,3.26798,724.002,6.58617,0.0627765,0.1
1828,Baseline,82,Balanced,0,Low,0,High,2,Low,0,Low,0,3.24889,720.22,6.58095,0.0626289,0.1
1829,Baseline,65,Balanced,0,Low,0,Low,0,Low,0,Low,0,3.23036,715.314,6.57412,0.0630177,0.1
1830,Baseline,65,Balanced,0,Low,0,Low,0,Low,0,Low,0,3.22939,714.947,6.57361,0.0623715,0.1
1831,Baseline,65,Balanced,0,Low,0,Low,0,Low,0,Low,0,3.20297,709.668,6.56621,0.0624091,0.1
1832,Baseline,65,Balanced,0,Low,0,Low,0,Low,0,Low,0,3.23614,718.051,6.57793,0.0623922,0.1
1833,Baseline,82,Balanced,0,Low,0,High,2,Low,0,Low,0,3.25417,720.709,6.58162,0.0626535,0.1
1834,Baseline,65,Balanced,0,Low,0,Low,0,Low,0,Low,0,3.23062,715.316,6.57412,0.0629009,0.1
1835,Baseline,82,Balanced,0,Low,0,High,2,Low,0,Low,0,3.27233,725.496,6.58823,0.0629786,0.1
1836,Baseline,65,Balanced,0,Low,0,Low,0,Low,0,Low,0,3.22349,714.433,6.57289,0.062436,0.1
1837,Baseline,65,Balanced,0,Low,0,Low,0,Low,0,Low,0,3.22502,714.032,6.57233,0.0626635,0.1
1838,Baseline,65,Balanced,0,Low,0,Low,0,Low,0,Low,0,3.23084,715.352,6.57417,0.0626673,0.1
1839,Baseline,82,Balanced,0,Low,0,High,2,Low,0,Low,0,3.24643,720.354,6.58113,0.062509,0.1
1840,Baseline,82,Balanced,0,Low,0,High,2,Low,0,Low,0,3.26012,723.129,6.58497,0.062589,0.1
1841,Baseline,65,Balanced,0,Low,0,Low,0,Low,0,Low,0,3.23235,716.418,6.57566,0.0626781,0.1
1842,Baseline,80,Balanced,0,Low,0,Low,0,Low,0,Low,0,3.24157,718.365,6.57837,0.0625544,0.1
1843,Baseline,81,Balanced,0,Low,0,Medium,1,Low,0,Low,0,3.24505,719.673,6.58019,0.0627088,0.1
1844,Baseline,82,Balanced,0,Low,0,High,2,Low,0,Low,0,3.25698,722.631,6.58428,0.0624445,0.1
1845,Baseline,81,Balanced,0,Low,0,Medium,1,Low,0,Low,0,3.24338,719.466,6.5799,0.0626996,0.1
1846,Baseline,82,Balanced,0,Low,0,High,2,Low,0,Low,0,3.26565,724.272,6.58655,0.0624952,0.1
1847,Baseline,82,Balanced,0,Low,0,High,2,Low,0,Low,0,3.25672,722.581,6.58421,0.0626712,0.1
1848,Baseline,82,Balanced,0,Low,0,High,2,Low,0,Low,0,3.27932,726.675,6.58985,0.063196,0.1
1849,Baseline,82,Balanced,0,Low,0,High,2,Low,0,Low,0,3.27194,725.796,6.58865,0.0628602,0.1
1850,Baseline,65,Balanced,0,Low,0,Low,0,Low,0,Low,0,3.23941,718.719,6.57886,0.0626274,0.1
1851,Baseline,82,Balanced,0,Low,0,High,2,Low,0,Low,0,3.24992,720.117,6.5808,0.0624944,0.1
1852,Baseline,65,Balanced,0,Low,0,Low,0,Low,0,Low,0,3.227,716.002,6.57508,0.062582,0.1
1853,Baseline,82,Balanced,0,Low,0,High,2,Low,0,Low,0,3.26833,725.386,6.58808,0.0624829,0.1
1854,Baseline,82,Balanced,0,Low,0,High,2,Low,0,Low,0,3.2667,724.124,6.58634,0.062715,0.1
1855,Baseline,82,Balanced,0,Low,0,High,2,Low,0,Low,0,3.26059,720.779,6.58172,0.0630562,0.1
1856,Baseline,65,Balanced,0,Low,0,Low,0,Low,0,Low,0,3.23196,716.51,6.57579,0.0626497,0.1
1857,Baseline,82,Balanced,0,Low,0,High,2,Low,0,Low,0,3.25284,720.831,6.58179,0.0630339,0.1
1858,Baseline,82,Balanced,0,Low,0,High,2,Low,0,Low,0,3.25556,721.692,6.58298,0.0623592,0.1
1859,Baseline,82,Balanced,0,Low,0,High,2,Low,0,Low,0,3.26442,724.075,6.58628,0.0627526,0.1
1860,Baseline,82,Balanced,0,Low,0,High,2,Low,0,Low,0,3.24976,721.275,6.58241,0.0625605,0.1
1861,Baseline,82,Balanced,0,Low,0,High,2,Low,0,Low,0,3.26473,723.348,6.58527,0.0624714,0.1
1862,Baseline,65,Balanced,0,Low,0,Low,0,Low,0,Low,0,3.23779,718.005,6.57787,0.0623799,0.1
1863,Baseline,65,Balanced,0,Low,0,Low,0,Low,0,Low,0,3.23371,717.291,6.57687,0.0623269,0.1
1864,Baseline,66,Balanced,0,Low,0,Medium,1,Low,0,Low,0,3.23977,719.48,6.57992,0.0628472,0.1
1865,Baseline,82,Balanced,0,Low,0,High,2,Low,0,Low,0,3.26883,724.812,6.58729,0.0629278,0.1
1866,Baseline,81,Balanced,0,Low,0,Medium,1,Low,0,Low,0,3.24506,719.74,6.58028,0.0625621,0.1
1867,Baseline,82,Balanced,0,Low,0,High,2,Low,0,Low,0,3.24419,719.924,6.58053,0.0626912,0.1
1868,Baseline,82,Balanced,0,Low,0,High,2,Low,0,Low,0,3.24902,720.223,6.58095,0.0630154,0.1
1869,Baseline,82,Balanced,0,Low,0,High,2,Low,0,Low,0,3.25926,721.882,6.58325,0.0627127,0.1
1870,Baseline,82,Balanced,0,Low,0,High,2,Low,0,Low,0,3.25827,721.081,6.58214,0.0627165,0.1
1871,Baseline,81,Balanced,0,Low,0,Medium,1,Low,0,Low,0,3.24472,719.582,6.58006,0.0626258,0.1
1872,Baseline,65,Balanced,0,Low,0,Low,0,Low,0,Low,0,3.2375,717.746,6.57751,0.0629217,0.1
1873,Baseline,82,Balanced,0,Low,0,High,2,Low,0,Low,0,3.2822,728.134,6.59186,0.0625328,0.1
1874,Baseline,82,Balanced,0,Low,0,High,2,Low,0,Low,0,3.25018,720.455,6.58127,0.0626873,0.1
1875,Baseline,80,Balanced,0,Low,0,Low,0,Low,0,Low,0,3.24355,718.546,6.57862,0.0631169,0.1
1876,Baseline,82,Balanced,0,Low,0,High,2,Low,0,Low,0,3.27236,725.66,6.58846,0.0629578,0.1
1877,Baseline,82,Balanced,0,Low,0,High,2,Low,0,Low,0,3.2633,724.414,6.58674,0.0627457,0.1
1878,Baseline,82,Balanced,0,Low,0,High,2,Low,0,Low,0,3.25205,720.743,6.58167,0.062728,0.1
1879,Baseline,82,Balanced,0,Low,0,High,2,Low,0,Low,0,3.25248,720.363,6.58114,0.062705,0.1
1880,Baseline,65,Balanced,0,Low,0,Low,0,Low,0,Low,0,3.21471,712.829,6.57064,0.0626965,0.1
1881,Baseline,82,Balanced,0,Low,0,High,2,Low,0,Low,0,3.25523,721.802,6.58313,0.0624752,0.1
1882,Baseline,81,Balanced,0,Low,0,Medium,1,Low,0,Low,0,3.24599,719.603,6.58009,0.062257,0.1
1883,Baseline,82,Balanced,0,Low,0,High,2,Low,0,Low,0,3.25238,720.802,6.58175,0.0624952,0.1
1884,Baseline,65,Balanced,0,Low,0,Low,0,Low,0,Low,0,3.23892,717.664,6.57739,0.0626512,0.1
1885,Baseline,82,Balanced,0,Low,0,High,2,Low,0,Low,0,3.25926,722.645,6.5843,0.0627611,0.1
1886,Baseline,82,Balanced,0,Low,0,High,2,Low,0,Low,0,3.24822,720.657,6.58155,0.0623991,0.1
1887,Baseline,65,Balanced,0,Low,0,Low,0,Low,0,Low,0,3.21038,711.813,6.56922,0.0625367,0.1
1888,Baseline,65,Balanced,0,Low,0,Low,0,Low,0,Low,0,3.23006,716.446,6.5757,0.0622255,0.1
1889,Baseline,80,Balanced,0,Low,0,Low,0,Low,0,Low,0,3.24348,718.984,6.57923,0.0626712,0.1
1890,Baseline,65,Balanced,0,Low,0,Low,0,Low,0,Low,0,3.21317,712.698,6.57046,0.0623646,0.1
1891,Baseline,65,Balanced,0,Low,0,Low,0,Low,0,Low,0,3.22481,714.896,6.57353,0.0624606,0.1
1892,Baseline,65,Balanced,0,Low,0,Low,0,Low,0,Low,0,3.22544,714.735,6.57331,0.0626235,0.1
1893,Baseline,65,Balanced,0,Low,0,Low,0,Low,0,Low,0,3.21961,714.573,6.57308,0.0626235,0.1
1894,Baseline,80,Balanced,0,Low,0,Low,0,Low,0,Low,0,3.24212,717.889,6.57771,0.0629248,0.1
1895,Baseline,81,Balanced,0,Low,0,Medium,1,Low,0,Low,0,3.24263,719.305,6.57967,0.062559,0.1
1896,Baseline,82,Balanced,0,Low,0,High,2,Low,0,Low,0,3.27982,728.1,6.59181,0.0628902,0.1
1897,Baseline,65,Balanced,0,Low,0,Low,0,Low,0,Low,0,3.22958,714.617,6.57315,0.0630477,0.1
1898,Baseline,82,Balanced,0,Low,0,High,2,Low,0,Low,0,3.25309,721.564,6.58281,0.0627342,0.1
1899,Baseline,82,Balanced,0,Low,0,High,2,Low,0,Low,0,3.25969,722.205,6.58369,0.0629063,0.1
1900,Baseline,65,Balanced,0,Low,0,Low,0,Low,0,Low,0,3.22922,715.988,6.57506,0.0627396,0.1
1901,Baseline,82,Balanced,0,Low,0,High,2,Low,0,Low,0,3.2561,721.205,6.58231,0.0631084,0.1
1902,Baseline,82,Balanced,0,Low,0,High,2,Low,0,Low,0,3.25154,720.393,6.58118,0.0627695,0.1
1903,Baseline,82,Balanced,0,Low,0,High,2,Low,0,Low,0,3.25204,720.576,6.58144,0.0629079,0.1
1904,Baseline,65,Balanced,0,Low,0,Low,0,Low,0,Low,0,3.23582,717.302,6.57689,0.0622908,0.1
1905,Baseline,82,Balanced,0,Low,0,High,2,Low,0,Low,0,3.26275,723.313,6.58522,0.0626888,0.1
1906,Baseline,65,Balanced,0,Low,0,Low,0,Low,0,Low,0,3.20815,710.648,6.56758,0.0625644,0.1
1907,Baseline,82,Balanced,0,Low,0,High,2,Low,0,Low,0,3.27886,726.074,6.58903,0.0633121,0.1
1908,Baseline,82,Balanced,0,Low,0,High,2,Low,0,Low,0,3.25516,722.459,6.58404,0.0625436,0.1
1909,Baseline,80,Balanced,0,Low,0,Low,0,Low,0,Low,0,3.24046,717.899,6.57772,0.0628356,0.1
1910,Baseline,82,Balanced,0,Low,0,High,2,Low,0,Low,0,3.26054,722.346,6.58389,0.0628856,0.1
1911,Baseline,80,Balanced,0,Low,0,Low,0,Low,0,Low,0,3.24174,719.13,6.57943,0.0624937,0.1
1912,Baseline,82,Balanced,0,Low,0,High,2,Low,0,Low,0,3.26826,724.205,6.58645,0.0628325,0.1
1913,Baseline,80,Balanced,0,Low,0,Low,0,Low,0,Low,0,3.24013,718.122,6.57803,0.0625305,0.1
1914,Baseline,65,Balanced,0,Low,0,Low,0,Low,0,Low,0,3.23236,715.766,6.57475,0.0627565,0.1
1915,Baseline,65,Balanced,0,Low,0,Low,0,Low,0,Low,0,3.21518,712.419,6.57007,0.0627488,0.1
1916,Baseline,82,Balanced,0,Low,0,High,2,Low,0,Low,0,3.29324,731.208,6.59606,0.0626919,0.1
1917,Baseline,82,Balanced,0,Low,0,High,2,Low,0,Low,0,3.26908,725.128,6.58773,0.0628717,0.1
1918,Baseline,65,Balanced,0,Low,0,Low,0,Low,0,Low,0,3.22385,714.783,6.57338,0.0625259,0.1
1919,Baseline,82,Balanced,0,Low,0,High,2,Low,0,Low,0,3.25899,721.581,6.58283,0.0630131,0.1
1920,Baseline,82,Balanced,0,Low,0,High,2,Low,0,Low,0,3.25081,720.872,6.58185,0.0631369,0.1
1921,Baseline,65,Balanced,0,Low,0,Low,0,Low,0,Low,0,3.22001,713.722,6.57189,0.0625206,0.1
1922,Baseline,65,Balanced,0,Low,0,Low,0,Low,0,Low,0,3.23467,717.842,6.57764,0.0626297,0.1
1923,Baseline,82,Balanced,0,Low,0,High,2,Low,0,Low,0,3.25579,722.012,6.58343,0.062612,0.1
1924,Baseline,82,Balanced,0,Low,0,High,2,Low,0,Low,0,3.25987,722.699,6.58438,0.0626727,0.1
1925,Baseline,82,Balanced,0,Low,0,High,2,Low,0,Low,0,3.2456,720.253,6.58099,0.062632,0.1
1926,Baseline,82,Balanced,0,Low,0,High,2,Low,0,Low,0,3.26478,723.37,6.5853,0.0631837,0.1
1927,Baseline,65,Balanced,0,Low,0,Low,0,Low,0,Low,0,3.22045,714.233,6.57261,0.0624299,0.1
1928,Baseline,82,Balanced,0,Low,0,High,2,Low,0,Low,0,3.25304,720.858,6.58183,0.0628625,0.1
1929,Baseline,82,Balanced,0,Low,0,High,2,Low,0,Low,0,3.25159,720.883,6.58186,0.0627765,0.1
1930,Baseline,82,Balanced,0,Low,0,High,2,Low,0,Low,0,3.25845,722.516,6.58412,0.0629693,0.1
1931,Baseline,65,Balanced,0,Low,0,Low,0,Low,0,Low,0,3.23586,717.376,6.57699,0.062187,0.1
1932,Baseline,81,Balanced,0,Low,0,Medium,1,Low,0,Low,0,3.24896,719.228,6.57957,0.0631269,0.1
1933,Baseline,82,Balanced,0,Low,0,High,2,Low,0,Low,0,3.25659,722.086,6.58353,0.0630316,0.1
1934,Baseline,82,Balanced,0,Low,0,High,2,Low,0,Low,0,3.25178,721.401,6.58258,0.0626458,0.1
1935,Baseline,65,Balanced,0,Low,0,Low,0,Low,0,Low,0,3.23072,716.167,6.57531,0.0625982,0.1
1936,Baseline,82,Balanced,0,Low,0,High,2,Low,0,Low,0,3.26218,723.688,6.58574,0.0626919,0.1
1937,Baseline,82,Balanced,0,Low,0,High,2,Low,0,Low,0,3.25871,721.834,6.58318,0.062818,0.1
1938,Baseline,82,Balanced,0,Low,0,High,2,Low,0,Low,0,3.24136,720.356,6.58113,0.0625267,0.1
1939,Baseline,82,Balanced,0,Low,0,High,2,Low,0,Low,0,3.2627,723.339,6.58526,0.0626343,0.1
1940,Baseline,82,Balanced,0,Low,0,High,2,Low,0,Low,0,3.26328,722.961,6.58474,0.0627473,0.1
1941,Baseline,82,Balanced,0,Low,0,High,2,Low,0,Low,0,3.2526,721.507,6.58273,0.0627987,0.1
1942,Baseline,65,Balanced,0,Low,0,Low,0,Low,0,Low,0,3.23472,717.301,6.57689,0.0627165,0.1
1943,Baseline,82,Balanced,0,Low,0,High,2,Low,0,Low,0,3.27102,725.21,6.58784,0.0628364,0.1
1944,Baseline,50,Balanced,0,Low,0,Low,0,Low,0,Low,0,3.18895,705.045,6.55968,0.0626796,0.1
1945,Baseline,82,Balanced,0,Low,0,High,2,Low,0,Low,0,3.25646,722.566,6.58419,0.0628702,0.1
1946,Baseline,82,Balanced,0,Low,0,High,2,Low,0,Low,0,3.25942,722.817,6.58454,0.0625713,0.1
1947,Baseline,65,Balanced,0,Low,0,Low,0,Low,0,Low,0,3.23297,717.067,6.57656,0.0623307,0.1
1948,Baseline,80,Balanced,0,Low,0,Low,0,Low,0,Low,0,3.24323,718.919,6.57914,0.0626366,0.1
1949,Baseline,80,Balanced,0,Low,0,Low,0,Low,0,Low,0,3.2422,718.197,6.57814,0.0628295,0.1
1950,Baseline,65,Balanced,0,Low,0,Low,0,Low,0,Low,0,3.23313,716.328,6.57553,0.0631069,0.1
1951,Baseline,65,Balanced,0,Low,0,Low,0,Low,0,Low,0,3.2348,717.698,6.57744,0.0625974,0.1
1952,Baseline,82,Balanced,0,Low,0,High,2,Low,0,Low,0,3.25397,721.137,6.58221,0.0627373,0.1
1953,Baseline,65,Balanced,0,Low,0,Low,0,Low,0,Low,0,3.22796,715.257,6.57404,0.0624898,0.1
1954,Baseline,65,Balanced,0,Low,0,Low,0,Low,0,Low,0,3.2265,715.878,6.57491,0.0626028,0.1
1955,Baseline,80,Balanced,0,Low,0,Low,0,Low,0,Low,0,3.24377,717.746,6.57751,0.0627795,0.1
1956,Baseline,82,Balanced,0,Low,0,High,2,Low,0,Low,0,3.25969,721.831,6.58318,0.062486,0.1
1957,Baseline,82,Balanced,0,Low,0,High,2,Low,0,Low,0,3.25332,722.797,6.58451,0.0626597,0.1
1958,Baseline,65,Balanced,0,Low,0,Low,0,Low,0,Low,0,3.21782,713.084,6.571,0.0624468,0.1
1959,Baseline,65,Balanced,0,Low,0,Low,0,Low,0,Low,0,3.23116,717.007,6.57648,0.0624476,0.1
1960,Baseline,82,Balanced,0,Low,0,High,2,Low,0,Low,0,3.25222,720.776,6.58171,0.062665,0.1
1961,Baseline,80,Balanced,0,Low,0,Low,0,Low,0,Low,0,3.24059,717.528,6.5772,0.0625951,0.1
1962,Baseline,80,Balanced,0,Low,0,Low,0,Low,0,Low,0,3.24623,718.466,6.57851,0.062735,0.1
1963,Baseline,65,Balanced,0,Low,0,Low,0,Low,0,Low,0,3.22451,715.032,6.57373,0.0622723,0.1
1964,Baseline,82,Balanced,0,Low,0,High,2,Low,0,Low,0,3.26525,723.903,6.58604,0.0627496,0.1
1965,Baseline,82,Balanced,0,Low,0,High,2,Low,0,Low,0,3.25459,722.732,6.58442,0.0627549,0.1
1966,Baseline,82,Balanced,0,Low,0,High,2,Low,0,Low,0,3.25098,720.666,6.58156,0.0624798,0.1
1967,Baseline,82,Balanced,0,Low,0,High,2,Low,0,Low,0,3.26098,723.812,6.58591,0.0627672,0.1
1968,Baseline,82,Balanced,0,Low,0,High,2,Low,0,Low,0,3.25104,721.576,6.58282,0.0627788,0.1
1969,Baseline,65,Balanced,0,Low,0,Low,0,Low,0,Low,0,3.23885,717.905,6.57773,0.0623177,0.1
1970,Baseline,65,Balanced,0,Low,0,Low,0,Low,0,Low,0,3.23965,716.844,6.57625,0.0627734,0.1
1971,Baseline,82,Balanced,0,Low,0,High,2,Low,0,Low,0,3.26087,720.862,6.58183,0.0634734,0.1
1972,Baseline,82,Balanced,0,Low,0,High,2,Low,0,Low,0,3.27182,725.43,6.58814,0.062821,0.1
1973,Baseline,81,Balanced,0,Low,0,Medium,1,Low,0,Low,0,3.24577,719.689,6.58021,0.0626404,0.1
1974,Baseline,65,Balanced,0,Low,0,Low,0,Low,0,Low,0,3.23796,718.184,6.57812,0.0624552,0.1
1975,Baseline,65,Balanced,0,Low,0,Low,0,Low,0,Low,0,3.23541,716.956,6.57641,0.0624437,0.1
1976,Baseline,65,Balanced,0,Low,0,Low,0,Low,0,Low,0,3.23682,717.569,6.57726,0.0628226,0.1
1977,Baseline,82,Balanced,0,Low,0,High,2,Low,0,Low,0,3.26039,723.25,6.58514,0.062798,0.1
1978,Baseline,65,Balanced,0,Low,0,Low,0,Low,0,Low,0,3.23322,716.773,6.57615,0.0624844,0.1
1979,Baseline,65,Balanced,0,Low,0,Low,0,Low,0,Low,0,3.22466,714.041,6.57234,0.0623599,0.1
1980,Baseline,81,Balanced,0,Low,0,Medium,1,Low,0,Low,0,3.24689,719.609,6.5801,0.0623131,0.1
1981,Baseline,80,Balanced,0,Low,0,Low,0,Low,0,Low,0,3.24715,719.023,6.57928,0.0627703,0.1
1982,Baseline,65,Balanced,0,Low,0,Low,0,Low,0,Low,0,3.23879,717.843,6.57764,0.0625444,0.1
1983,Baseline,65,Balanced,0,Low,0,Low,0,Low,0,Low,0,3.21844,713.986,6.57226,0.06232,0.1
1984,Baseline,65,Balanced,0,Low,0,Low,0,Low,0,Low,0,3.2277,714.886,6.57352,0.0626105,0.1
1985,Baseline,82,Balanced,0,Low,0,High,2,Low,0,Low,0,3.25226,721.458,6.58266,0.0629909,0.1
1986,Baseline,65,Balanced,0,Low,0,Low,0,Low,0,Low,0,3.23425,716.65,6.57598,0.0627511,0.1
1987,Baseline,82,Balanced,0,Low,0,High,2,Low,0,Low,0,3.25799,723.314,6.58523,0.0625989,0.1
1988,Baseline,82,Balanced,0,Low,0,High,2,Low,0,Low,0,3.26027,722.25,6.58375,0.062818,0.1
1989,Baseline,81,Balanced,0,Low,0,Medium,1,Low,0,Low,0,3.24566,719.509,6.57996,0.0628556,0.1
1990,Baseline,82,Balanced,0,Low,0,High,2,Low,0,Low,0,3.26362,723.653,6.58569,0.0630408,0.1
1991,Baseline,81,Balanced,0,Low,0,Medium,1,Low,0,Low,0,3.24629,719.199,6.57953,0.0629209,0.1
1992,Baseline,65,Balanced,0,Low,0,Low,0,Low,0,Low,0,3.22879,715.469,6.57433,0.0625121,0.1
1993,Baseline,65,Balanced,0,Low,0,Low,0,Low,0,Low,0,3.23884,718.413,6.57844,0.0627695,0.1
1994,Baseline,81,Balanced,0,Low,0,Medium,1,Low,0,Low,0,3.25326,719.58,6.58006,0.0626566,0.1
1995,Baseline,82,Balanced,0,Low,0,High,2,Low,0,Low,0,3.25545,720.802,6.58175,0.0629209,0.1
1996,Baseline,80,Balanced,0,Low,0,Low,0,Low,0,Low,0,3.24342,718.492,6.57854,0.0627196,0.1
1997,Baseline,81,Balanced,0,Low,0,Medium,1,Low,0,Low,0,3.24753,719.343,6.57973,0.0627918,0.1
1998,Baseline,80,Balanced,0,Low,0,Low,0,Low,0,Low,0,3.24088,717.425,6.57706,0.0628733,0.1
1999,Baseline,82,Balanced,0,Low,0,High,2,Low,0,Low,0,3.27111,726.053,6.589,0.0627211,0.1
2000,Baseline,80,Balanced,0,Low,0,Low,0,Low,0,Low,0,3.2437,718.678,6.5788,0.0626942,0.1
2001,Baseline,80,Balanced,0,Low,0,Low,0,Low,0,Low,0,3.24006,719.016,6.57927,0.0624291,0.1
2002,Baseline,82,Balanced,0,Low,0,High,2,Low,0,Low,0,3.26182,723.589,6.58561,0.0628894,0.1
2003,Baseline,82,Balanced,0,Low,0,High,2,Low,0,Low,0,3.25139,721.452,6.58265,0.06235,0.1
2004,Baseline,65,Balanced,0,Low,0,Low,0,Low,0,Low,0,3.22709,714.387,6.57282,0.062579,0.1
2005,Baseline,82,Balanced,0,Low,0,High,2,Low,0,Low,0,3.24575,720.092,6.58077,0.0623469,0.1
2006,Baseline,80,Balanced,0,Low,0,Low,0,Low,0,Low,0,3.2434,719.105,6.5794,0.062705,0.1
2007,Baseline,65,Balanced,0,Low,0,Low,0,Low,0,Low,0,3.23548,716.921,6.57636,0.0627941,0.1
2008,Baseline,82,Balanced,0,Low,0,High,2,Low,0,Low,0,3.24806,720.515,6.58135,0.0628825,0.1
2009,Baseline,82,Balanced,0,Low,0,High,2,Low,0,Low,0,3.25727,721.326,6.58248,0.0627742,0.1
2010,Baseline,82,Balanced,0,Low,0,High,2,Low,0,Low,0,3.25671,721.425,6.58261,0.062665,0.1
2011,Baseline,82,Balanced,0,Low,0,High,2,Low,0,Low,0,3.26799,725.119,6.58771,0.0626051,0.1
2012,Baseline,82,Balanced,0,Low,0,High,2,Low,0,Low,0,3.27394,726.224,6.58923,0.062914,0.1
2013,Baseline,82,Balanced,0,Low,0,High,2,Low,0,Low,0,3.27571,726.2,6.5892,0.0626266,0.1
2014,Baseline,80,Balanced,0,Low,0,Low,0,Low,0,Low,0,3.2439,719.151,6.57946,0.0624537,0.1
2015,Baseline,82,Balanced,0,Low,0,High,2,Low,0,Low,0,3.25857,723.036,6.58484,0.0625767,0.1
2016,Baseline,82,Balanced,0,Low,0,High,2,Low,0,Low,0,3.25685,722.377,6.58393,0.0625613,0.1
2017,Baseline,65,Balanced,0,Low,0,Low,0,Low,0,Low,0,3.22124,714.337,6.57275,0.062821,0.1
2018,Baseline,82,Balanced,0,Low,0,High,2,Low,0,Low,0,3.28688,728.837,6.59282,0.0629909,0.1
2019,Baseline,65,Balanced,0,Low,0,Low,0,Low,0,Low,0,3.22753,714.98,6.57365,0.0628548,0.1
2020,Baseline,65,Balanced,0,Low,0,Low,0,Low,0,Low,0,3.22352,713.648,6.57179,0.062436,0.1
2021,Baseline,65,Balanced,0,Low,0,Low,0,Low,0,Low,0,3.22091,713.276,6.57127,0.0624952,0.1
2022,Baseline,80,Balanced,0,Low,0,Low,0,Low,0,Low,0,3.24097,718.048,6.57793,0.0627027,0.1
2023,Baseline,82,Balanced,0,Low,0,High,2,Low,0,Low,0,3.26543,723.865,6.58599,0.0627995,0.1
2024,Baseline,82,Balanced,0,Low,0,High,2,Low,0,Low,0,3.26507,723.608,6.58563,0.0625544,0.1
2025,Baseline,82,Balanced,0,Low,0,High,2,Low,0,Low,0,3.26171,721.616,6.58288,0.0626243,0.1
2026,Baseline,82,Balanced,0,Low,0,High,2,Low,0,Low,0,3.26776,724.516,6.58688,0.0629686,0.1
2027,Baseline,82,Balanced,0,Low,0,High,2,Low,0,Low,0,3.27044,724.635,6.58705,0.0626881,0.1
2028,Baseline,65,Balanced,0,Low,0,Low,0,Low,0,Low,0,3.23867,718.44,6.57847,0.0625183,0.1
2029,Baseline,82,Balanced,0,Low,0,High,2,Low,0,Low,0,3.25317,720.918,6.58191,0.0628034,0.1
2030,Baseline,82,Balanced,0,Low,0,High,2,Low,0,Low,0,3.26315,723.385,6.58532,0.0623607,0.1
2031,Baseline,82,Balanced,0,Low,0,High,2,Low,0,Low,0,3.27208,726.075,6.58903,0.0626128,0.1
2032,Baseline,82,Balanced,0,Low,0,High,2,Low,0,Low,0,3.25805,722.052,6.58348,0.0624898,0.1
2033,Baseline,65,Balanced,0,Low,0,Low,0,Low,0,Low,0,3.22444,714.436,6.57289,0.062735,0.1
2034,Baseline,81,Balanced,0,Low,0,Medium,1,Low,0,Low,0,3.24416,719.492,6.57993,0.0626842,0.1
2035,Baseline,82,Balanced,0,Low,0,High,2,Low,0,Low,0,3.28404,727.774,6.59136,0.0628502,0.1
2036,Baseline,82,Balanced,0,Low,0,High,2,Low,0,Low,0,3.28231,728.594,6.59249,0.0630201,0.1
2037,Baseline,82,Balanced,0,Low,0,High,2,Low,0,Low,0,3.25599,722.267,6.58378,0.0627373,0.1
2038,Baseline,65,Balanced,0,Low,0,Low,0,Low,0,Low,0,3.23717,717.866,6.57767,0.0626504,0.1
2039,Baseline,81,Balanced,0,Low,0,Medium,1,Low,0,Low,0,3.24668,719.811,6.58038,0.0624937,0.1
2040,Baseline,82,Balanced,0,Low,0,High,2,Low,0,Low,0,3.25338,720.246,6.58098,0.0629586,0.1
2041,Baseline,82,Balanced,0,Low,0,High,2,Low,0,Low,0,3.25151,720.494,6.58132,0.0630047,0.1
2042,Baseline,82,Balanced,0,Low,0,High,2,Low,0,Low,0,3.2546,722.759,6.58446,0.0623108,0.1
2043,Baseline,82,Balanced,0,Low,0,High,2,Low,0,Low,0,3.26258,723.132,6.58497,0.0628472,0.1
2044,Baseline,82,Balanced,0,Low,0,High,2,Low,0,Low,0,3.28464,727.997,6.59167,0.0629386,0.1
2045,Baseline,82,Balanced,0,Low,0,High,2,Low,0,Low,0,3.27677,726.773,6.58999,0.0626366,0.1
2046,Baseline,82,Balanced,0,Low,0,High,2,Low,0,Low,0,3.26566,724.342,6.58664,0.0626958,0.1
2047,Baseline,65,Balanced,0,Low,0,Low,0,Low,0,Low,0,3.23017,715.96,6.57502,0.0624529,0.1
2048,Baseline,82,Balanced,0,Low,0,High,2,Low,0,Low,0,3.25928,721.585,6.58284,0.0630393,0.1
2049,Baseline,82,Balanced,0,Low,0,High,2,Low,0,Low,0,3.2473,719.987,6.58062,0.062529,0.1
2050,Baseline,65,Balanced,0,Low,0,Low,0,Low,0,Low,0,3.22757,715.383,6.57421,0.0627834,0.1
2051,Baseline,81,Balanced,0,Low,0,Medium,1,Low,0,Low,0,3.24723,719.644,6.58015,0.0626066,0.1
2052,Baseline,65,Balanced,0,Low,0,Low,0,Low,0,Low,0,3.2383,718.136,6.57805,0.0626258,0.1
2053,Baseline,65,Balanced,0,Low,0,Low,0,Low,0,Low,0,3.22226,713.723,6.57189,0.0627511,0.1
2054,Baseline,82,Balanced,0,Low,0,High,2,Low,0,Low,0,3.25839,724.144,6.58637,0.0625897,0.1
2055,Baseline,82,Balanced,0,Low,0,High,2,Low,0,Low,0,3.24881,720.677,6.58158,0.0625252,0.1
2056,Baseline,81,Balanced,0,Low,0,Medium,1,Low,0,Low,0,3.25008,719.571,6.58004,0.0630946,0.1
2057,Baseline,66,Balanced,0,Low,0,Medium,1,Low,0,Low,0,3.23932,719.235,6.57958,0.0624476,0.1
2058,Baseline,65,Balanced,0,Low,0,Low,0,Low,0,Low,0,3.2283,715.578,6.57449,0.0623661,0.1
2059,Baseline,82,Balanced,0,Low,0,High,2,Low,0,Low,0,3.2469,719.996,6.58063,0.0626673,0.1
2060,Baseline,82,Balanced,0,Low,0,High,2,Low,0,Low,0,3.26334,724.363,6.58667,0.0626066,0.1
2061,Baseline,82,Balanced,0,Low,0,High,2,Low,0,Low,0,3.24702,720.353,6.58113,0.0625813,0.1
2062,Baseline,65,Balanced,0,Low,0,Low,0,Low,0,Low,0,3.23607,717.645,6.57737,0.0628487,0.1
2063,Baseline,80,Balanced,0,Low,0,Low,0,Low,0,Low,0,3.24046,718.59,6.57868,0.0626435,0.1
2064,Baseline,82,Balanced,0,Low,0,High,2,Low,0,Low,0,3.27326,725.911,6.5888,0.0629555,0.1
2065,Baseline,80,Balanced,0,Low,0,Low,0,Low,0,Low,0,3.24202,719.007,6.57926,0.0627934,0.1
2066,Baseline,65,Balanced,0,Low,0,Low,0,Low,0,Low,0,3.2208,714.498,6.57298,0.0622954,0.1
2067,Baseline,65,Balanced,0,Low,0,Low,0,Low,0,Low,0,3.23357,716.666,6.576,0.0623968,0.1
2068,Baseline,82,Balanced,0,Low,0,High,2,Low,0,Low,0,3.26449,723.258,6.58515,0.0626881,0.1
2069,Baseline,65,Balanced,0,Low,0,Low,0,Low,0,Low,0,3.23843,717.384,6.577,0.0628356,0.1
2070,Baseline,82,Balanced,0,Low,0,High,2,Low,0,Low,0,3.25995,722.784,6.58449,0.0630039,0.1
2071,Baseline,81,Balanced,0,Low,0,Medium,1,Low,0,Low,0,3.24623,719.675,6.58019,0.0626397,0.1
2072,Baseline,82,Balanced,0,Low,0,High,2,Low,0,Low,0,3.25964,722.833,6.58456,0.0629847,0.1
2073,Baseline,80,Balanced,0,Low,0,Low,0,Low,0,Low,0,3.24517,718.847,6.57904,0.0628172,0.1
2074,Baseline,65,Balanced,0,Low,0,Low,0,Low,0,Low,0,3.22421,714.938,6.57359,0.0628172,0.1
2075,Baseline,80,Balanced,0,Low,0,Low,0,Low,0,Low,0,3.24114,718.515,6.57858,0.0627734,0.1
2076,Baseline,82,Balanced,0,Low,0,High,2,Low,0,Low,0,3.25045,720.499,6.58133,0.0630147,0.1
2077,Baseline,81,Balanced,0,Low,0,Medium,1,Low,0,Low,0,3.24708,719.549,6.58001,0.0625959,0.1
2078,Baseline,65,Balanced,0,Low,0,Low,0,Low,0,Low,0,3.22705,715.752,6.57473,0.0623054,0.1
2079,Baseline,81,Balanced,0,Low,0,Medium,1,Low,0,Low,0,3.24407,719.221,6.57956,0.0624153,0.1
2080,Baseline,82,Balanced,0,Low,0,High,2,Low,0,Low,0,3.25635,721.196,6.5823,0.0629286,0.1
2081,Baseline,80,Balanced,0,Low,0,Low,0,Low,0,Low,0,3.24473,718.923,6.57914,0.0626781,0.1
2082,Baseline,82,Balanced,0,Low,0,High,2,Low,0,Low,0,3.25631,721.869,6.58323,0.0621932,0.1
2083,Baseline,82,Balanced,0,Low,0,High,2,Low,0,Low,0,3.2485,720.193,6.58091,0.0627081,0.1
2084,Baseline,80,Balanced,0,Low,0,Low,0,Low,0,Low,0,3.24414,718.719,6.57886,0.0628349,0.1
2085,Baseline,82,Balanced,0,Low,0,High,2,Low,0,Low,0,3.25225,720.709,6.58162,0.062861,0.1
2086,Baseline,82,Balanced,0,Low,0,High,2,Low,0,Low,0,3.25812,722.404,6.58397,0.0629909,0.1
2087,Baseline,65,Balanced,0,Low,0,Low,0,Low,0,Low,0,3.23761,717.913,6.57774,0.0627303,0.1
2088,Baseline,80,Balanced,0,Low,0,Low,0,Low,0,Low,0,3.24464,718.563,6.57864,0.0626281,0.1
2089,Baseline,65,Balanced,0,Low,0,Low,0,Low,0,Low,0,3.22895,715.928,6.57498,0.0626858,0.1
2090,Baseline,82,Balanced,0,Low,0,High,2,Low,0,Low,0,3.27355,726.339,6.58939,0.0626374,0.1
2091,Baseline,82,Balanced,0,Low,0,High,2,Low,0,Low,0,3.25279,721.839,6.58319,0.0624291,0.1
2092,Baseline,82,Balanced,0,Low,0,High,2,Low,0,Low,0,3.26813,724.894,6.5874,0.0628287,0.1
2093,Baseline,82,Balanced,0,Low,0,High,2,Low,0,Low,0,3.25194,720.751,6.58168,0.0625159,0.1
2094,Baseline,82,Balanced,0,Low,0,High,2,Low,0,Low,0,3.25493,721.551,6.58279,0.062665,0.1
2095,Baseline,82,Balanced,0,Low,0,High,2,Low,0,Low,0,3.25693,721.541,6.58277,0.0626796,0.1
2096,Baseline,82,Balanced,0,Low,0,High,2,Low,0,Low,0,3.25401,720.822,6.58178,0.0626481,0.1
2097,Baseline,82,Balanced,0,Low,0,High,2,Low,0,Low,0,3.29113,729.757,6.59408,0.062874,0.1
2098,Baseline,82,Balanced,0,Low,0,High,2,Low,0,Low,0,3.25411,721.129,6.5822,0.0629617,0.1
2099,Baseline,81,Balanced,0,Low,0,Medium,1,Low,0,Low,0,3.25017,719.886,6.58048,0.0628018,0.1
2100,Baseline,80,Balanced,0,Low,0,Low,0,Low,0,Low,0,3.24204,717.791,6.57757,0.0629094,0.1
2101,Baseline,82,Balanced,0,Low,0,High,2,Low,0,Low,0,3.26004,722.538,6.58415,0.0628187,0.1
2102,Baseline,82,Balanced,0,Low,0,High,2,Low,0,Low,0,3.25421,722.601,6.58424,0.0625098,0.1
2103,Baseline,65,Balanced,0,Low,0,Low,0,Low,0,Low,0,3.22919,716.271,6.57545,0.0625083,0.1
2104,Baseline,65,Balanced,0,Low,0,Low,0,Low,0,Low,0,3.22529,715.875,6.5749,0.0621448,0.1
2105,Baseline,82,Balanced,0,Low,0,High,2,Low,0,Low,0,3.25125,720.65,6.58154,0.0625936,0.1
2106,Baseline,65,Balanced,0,Low,0,Low,0,Low,0,Low,0,3.23859,717.993,6.57785,0.0623692,0.1
2107,Baseline,65,Balanced,0,Low,0,Low,0,Low,0,Low,0,3.22699,714.475,6.57295,0.062861,0.1
2108,Baseline,65,Balanced,0,Low,0,Low,0,Low,0,Low,0,3.23745,717.305,6.57689,0.0627188,0.1
2109,Baseline,82,Balanced,0,Low,0,High,2,Low,0,Low,0,3.25673,721.889,6.58326,0.0628825,0.1
2110,Baseline,65,Balanced,0,Low,0,Low,0,Low,0,Low,0,3.23835,718.893,6.5791,0.0623692,0.1
2111,Baseline,80,Balanced,0,Low,0,Low,0,Low,0,Low,0,3.24743,718.947,6.57918,0.0627526,0.1
2112,Baseline,65,Balanced,0,Low,0,Low,0,Low,0,Low,0,3.23743,718.043,6.57792,0.0623792,0.1
2113,Baseline,65,Balanced,0,Low,0,Low,0,Low,0,Low,0,3.22651,714.286,6.57268,0.0626735,0.1
2114,Baseline,82,Balanced,0,Low,0,High,2,Low,0,Low,0,3.27901,726.964,6.59025,0.062861,0.1
2115,Baseline,82,Balanced,0,Low,0,High,2,Low,0,Low,0,3.24896,721.22,6.58233,0.0626312,0.1
2116,Baseline,65,Balanced,0,Low,0,Low,0,Low,0,Low,0,3.23856,718.579,6.57867,0.0626258,0.1
2117,Baseline,82,Balanced,0,Low,0,High,2,Low,0,Low,0,3.26383,723.044,6.58485,0.0628733,0.1
2118,Baseline,80,Balanced,0,Low,0,Low,0,Low,0,Low,0,3.24251,719.158,6.57947,0.0627288,0.1
2119,Baseline,65,Balanced,0,Low,0,Low,0,Low,0,Low,0,3.2278,714.674,6.57322,0.0627757,0.1
2120,Baseline,82,Balanced,0,Low,0,High,2,Low,0,Low,0,3.27146,725.172,6.58779,0.062705,0.1
2121,Baseline,65,Balanced,0,Low,0,Low,0,Low,0,Low,0,3.21582,712.93,6.57078,0.0626112,0.1
2122,Baseline,82,Balanced,0,Low,0,High,2,Low,0,Low,0,3.25006,720.071,6.58074,0.0626589,0.1
2123,Baseline,65,Balanced,0,Low,0,Low,0,Low,0,Low,0,3.22757,715.164,6.57391,0.0624768,0.1
2124,Baseline,82,Balanced,0,Low,0,High,2,Low,0,Low,0,3.24951,720.386,6.58117,0.0625974,0.1
2125,Baseline,82,Balanced,0,Low,0,High,2,Low,0,Low,0,3.27378,725.84,6.58871,0.0630147,0.1
2126,Baseline,65,Balanced,0,Low,0,Low,0,Low,0,Low,0,3.23437,716.856,6.57627,0.0625129,0.1
2127,Baseline,82,Balanced,0,Low,0,High,2,Low,0,Low,0,3.27416,726.054,6.589,0.0630308,0.1
2128,Baseline,65,Balanced,0,Low,0,Low,0,Low,0,Low,0,3.22299,715.02,6.57371,0.0625382,0.1
2129,Baseline,82,Balanced,0,Low,0,High,2,Low,0,Low,0,3.26227,723.477,6.58545,0.0627718,0.1
2130,Baseline,82,Balanced,0,Low,0,High,2,Low,0,Low,0,3.26426,723.14,6.58498,0.0627219,0.1
2131,Baseline,82,Balanced,0,Low,0,High,2,Low,0,Low,0,3.27484,724.934,6.58746,0.0629901,0.1
2132,Baseline,80,Balanced,0,Low,0,Low,0,Low,0,Low,0,3.24161,718.204,6.57814,0.0626927,0.1
2133,Baseline,82,Balanced,0,Low,0,High,2,Low,0,Low,0,3.24671,720.066,6.58073,0.0623692,0.1
2134,Baseline,82,Balanced,0,Low,0,High,2,Low,0,Low,0,3.25592,722.502,6.5841,0.0625021,0.1
2135,Baseline,82,Balanced,0,Low,0,High,2,Low,0,Low,0,3.25025,721.93,6.58331,0.0626366,0.1
2136,Baseline,82,Balanced,0,Low,0,High,2,Low,0,Low,0,3.26024,722.801,6.58452,0.0632045,0.1
2137,Baseline,82,Balanced,0,Low,0,High,2,Low,0,Low,0,3.25252,720.942,6.58194,0.0622416,0.1
2138,Baseline,82,Balanced,0,Low,0,High,2,Low,0,Low,0,3.27837,726.839,6.59008,0.0627204,0.1
2139,Baseline,82,Balanced,0,Low,0,High,2,Low,0,Low,0,3.26734,724.762,6.58722,0.0627419,0.1
2140,Baseline,82,Balanced,0,Low,0,High,2,Low,0,Low,0,3.26436,723.417,6.58537,0.062735,0.1
2141,Baseline,65,Balanced,0,Low,0,Low,0,Low,0,Low,0,3.23638,717.093,6.5766,0.0624598,0.1
2142,Baseline,82,Balanced,0,Low,0,High,2,Low,0,Low,0,3.26305,723.828,6.58593,0.0625767,0.1
2143,Baseline,82,Balanced,0,Low,0,High,2,Low,0,Low,0,3.25487,721.309,6.58245,0.062748,0.1
2144,Baseline,82,Balanced,0,Low,0,High,2,Low,0,Low,0,3.26139,723.234,6.58511,0.062811,0.1
2145,Baseline,65,Balanced,0,Low,0,Low,0,Low,0,Low,0,3.21843,712.696,6.57046,0.0627542,0.1
2146,Baseline,66,Balanced,0,Low,0,Medium,1,Low,0,Low,0,3.23966,719.497,6.57994,0.0625029,0.1
2147,Baseline,65,Balanced,0,Low,0,Low,0,Low,0,Low,0,3.23423,716.737,6.5761,0.0627611,0.1
2148,Baseline,82,Balanced,0,Low,0,High,2,Low,0,Low,0,3.2575,722.442,6.58402,0.0627303,0.1
2149,Baseline,82,Balanced,0,Low,0,High,2,Low,0,Low,0,3.25507,721.285,6.58242,0.0626719,0.1
2150,Baseline,81,Balanced,0,Low,0,Medium,1,Low,0,Low,0,3.24373,719.358,6.57975,0.0628495,0.1
2151,Baseline,82,Balanced,0,Low,0,High,2,Low,0,Low,0,3.26518,723.944,6.58609,0.0628625,0.1
2152,Baseline,65,Balanced,0,Low,0,Low,0,Low,0,Low,0,3.22513,715.484,6.57436,0.0625282,0.1
2153,Baseline,81,Balanced,0,Low,0,Medium,1,Low,0,Low,0,3.2444,719.492,6.57994,0.0626827,0.1
2154,Baseline,65,Balanced,0,Low,0,Low,0,Low,0,Low,0,3.21803,712.014,6.5695,0.0626404,0.1
2155,Baseline,82,Balanced,0,Low,0,High,2,Low,0,Low,0,3.25471,721.922,6.5833,0.0629071,0.1
2156,Baseline,82,Balanced,0,Low,0,High,2,Low,0,Low,0,3.25768,722.97,6.58475,0.062489,0.1
2157,Baseline,82,Balanced,0,Low,0,High,2,Low,0,Low,0,3.25817,722.671,6.58434,0.0627557,0.1
2158,Baseline,82,Balanced,0,Low,0,High,2,Low,0,Low,0,3.25821,722.748,6.58444,0.0626089,0.1
2159,Baseline,80,Balanced,0,Low,0,Low,0,Low,0,Low,0,3.24107,718.341,6.57834,0.0624368,0.1
2160,Baseline,82,Balanced,0,Low,0,High,2,Low,0,Low,0,3.24608,720.757,6.58169,0.0628233,0.1
2161,Baseline,80,Balanced,0,Low,0,Low,0,Low,0,Low,0,3.24542,719.017,6.57928,0.0628003,0.1
2162,Baseline,65,Balanced,0,Low,0,Low,0,Low,0,Low,0,3.22959,715.771,6.57476,0.062705,0.1
2163,Baseline,82,Balanced,0,Low,0,High,2,Low,0,Low,0,3.27248,724.994,6.58754,0.0626281,0.1
2164,Baseline,65,Balanced,0,Low,0,Low,0,Low,0,Low,0,3.23362,716.126,6.57525,0.0626888,0.1
2165,Baseline,82,Balanced,0,Low,0,High,2,Low,0,Low,0,3.25221,721.142,6.58222,0.062446,0.1
2166,Baseline,82,Balanced,0,Low,0,High,2,Low,0,Low,0,3.25986,723.594,6.58561,0.0624368,0.1
2167,Baseline,65,Balanced,0,Low,0,Low,0,Low,0,Low,0,3.21485,712.131,6.56967,0.0625413,0.1
2168,Baseline,80,Balanced,0,Low,0,Low,0,Low,0,Low,0,3.24414,718.708,6.57885,0.0625813,0.1
2169,Baseline,82,Balanced,0,Low,0,High,2,Low,0,Low,0,3.26128,722.71,6.58439,0.062728,0.1
2170,Baseline,82,Balanced,0,Low,0,High,2,Low,0,Low,0,3.26131,721.972,6.58337,0.0626712,0.1
2171,Baseline,81,Balanced,0,Low,0,Medium,1,Low,0,Low,0,3.24669,719.235,6.57958,0.0626573,0.1
2172,Baseline,81,Balanced,0,Low,0,Medium,1,Low,0,Low,0,3.24676,719.602,6.58009,0.0627657,0.1
2173,Baseline,65,Balanced,0,Low,0,Low,0,Low,0,Low,0,3.23949,718.302,6.57828,0.0624798,0.1
2174,Baseline,65,Balanced,0,Low,0,Low,0,Low,0,Low,0,3.22619,715.716,6.57468,0.0627895,0.1
2175,Baseline,80,Balanced,0,Low,0,Low,0,Low,0,Low,0,3.24095,718.632,6.57874,0.0623169,0.1
2176,Baseline,82,Balanced,0,Low,0,High,2,Low,0,Low,0,3.26488,724.029,6.58621,0.0627726,0.1
2177,Baseline,82,Balanced,0,Low,0,High,2,Low,0,Low,0,3.25587,721.301,6.58244,0.0627134,0.1
2178,Baseline,80,Balanced,0,Low,0,Low,0,Low,0,Low,0,3.24129,718.072,6.57796,0.0624929,0.1
2179,Baseline,82,Balanced,0,Low,0,High,2,Low,0,Low,0,3.25072,720.651,6.58154,0.0625997,0.1
2180,Baseline,82,Balanced,0,Low,0,High,2,Low,0,Low,0,3.25486,721.197,6.5823,0.0626474,0.1
2181,Baseline,80,Balanced,0,Low,0,Low,0,Low,0,Low,0,3.24053,718.511,6.57857,0.0625521,0.1
2182,Baseline,80,Balanced,0,Low,0,Low,0,Low,0,Low,0,3.24033,718.368,6.57837,0.0625521,0.1
2183,Baseline,82,Balanced,0,Low,0,High,2,Low,0,Low,0,3.26361,722.833,6.58456,0.0627311,0.1
2184,Baseline,82,Balanced,0,Low,0,High,2,Low,0,Low,0,3.24798,721.789,6.58312,0.0624522,0.1
2185,Baseline,65,Balanced,0,Low,0,Low,0,Low,0,Low,0,3.23409,716.982,6.57644,0.062695,0.1
2186,Baseline,65,Balanced,0,Low,0,Low,0,Low,0,Low,0,3.22315,714.608,6.57313,0.0622916,0.1
2187,Baseline,65,Balanced,0,Low,0,Low,0,Low,0,Low,0,3.23667,717.305,6.57689,0.0627572,0.1
2188,Baseline,65,Balanced,0,Low,0,Low,0,Low,0,Low,0,3.23451,716.307,6.5755,0.0631822,0.1
2189,Baseline,65,Balanced,0,Low,0,Low,0,Low,0,Low,0,3.23985,718.653,6.57877,0.0625751,0.1
2190,Baseline,82,Balanced,0,Low,0,High,2,Low,0,Low,0,3.25169,720.695,6.5816,0.0624214,0.1
2191,Baseline,82,Balanced,0,Low,0,High,2,Low,0,Low,0,3.24621,720.383,6.58117,0.0624583,0.1
2192,Baseline,65,Balanced,0,Low,0,Low,0,Low,0,Low,0,3.23302,717.375,6.57699,0.0624353,0.1
2193,Baseline,81,Balanced,0,Low,0,Medium,1,Low,0,Low,0,3.24772,719.746,6.58029,0.0624491,0.1
2194,Baseline,82,Balanced,0,Low,0,High,2,Low,0,Low,0,3.24257,719.997,6.58064,0.0624837,0.1
2195,Baseline,82,Balanced,0,Low,0,High,2,Low,0,Low,0,3.25028,720.447,6.58126,0.0625375,0.1
2196,Baseline,65,Balanced,0,Low,0,Low,0,Low,0,Low,0,3.2263,715.073,6.57378,0.0624529,0.1
2197,Baseline,81,Balanced,0,Low,0,Medium,1,Low,0,Low,0,3.25001,719.606,6.58009,0.0627611,0.1
2198,Baseline,80,Balanced,0,Low,0,Low,0,Low,0,Low,0,3.247,718.833,6.57902,0.0624898,0.1
2199,Baseline,82,Balanced,0,Low,0,High,2,Low,0,Low,0,3.26575,723.478,6.58545,0.062861,0.1
2200,Baseline,82,Balanced,0,Low,0,High,2,Low,0,Low,0,3.24743,721.124,6.5822,0.0624952,0.1
2201,Baseline,82,Balanced,0,Low,0,High,2,Low,0,Low,0,3.25747,721.778,6.5831,0.0627826,0.1
2202,Baseline,65,Balanced,0,Low,0,Low,0,Low,0,Low,0,3.23584,718.001,6.57786,0.0628871,0.1
2203,Baseline,80,Balanced,0,Low,0,Low,0,Low,0,Low,0,3.24491,718.29,6.57826,0.0630654,0.1
2204,Baseline,81,Balanced,0,Low,0,Medium,1,Low,0,Low,0,3.24389,719.376,6.57977,0.0627457,0.1
2205,Baseline,81,Balanced,0,Low,0,Medium,1,Low,0,Low,0,3.24907,719.788,6.58035,0.0627549,0.1
2206,Baseline,65,Balanced,0,Low,0,Low,0,Low,0,Low,0,3.22763,714.359,6.57278,0.062748,0.1
2207,Baseline,82,Balanced,0,Low,0,High,2,Low,0,Low,0,3.25214,721.777,6.5831,0.0626105,0.1
2208,Baseline,65,Balanced,0,Low,0,Low,0,Low,0,Low,0,3.2375,717.896,6.57772,0.0622723,0.1
2209,Baseline,65,Balanced,0,Low,0,Low,0,Low,0,Low,0,3.23933,717.37,6.57698,0.062486,0.1
2210,Baseline,82,Balanced,0,Low,0,High,2,Low,0,Low,0,3.26965,724.473,6.58682,0.0626781,0.1
2211,Baseline,82,Balanced,0,Low,0,High,2,Low,0,Low,0,3.26565,724.754,6.58721,0.0625513,0.1
2212,Baseline,82,Balanced,0,Low,0,High,2,Low,0,Low,0,3.25966,723.321,6.58523,0.0626935,0.1
2213,Baseline,82,Balanced,0,Low,0,High,2,Low,0,Low,0,3.25548,722.233,6.58373,0.0626335,0.1
2214,Baseline,65,Balanced,0,Low,0,Low,0,Low,0,Low,0,3.21227,711.976,6.56945,0.0623715,0.1
2215,Baseline,80,Balanced,0,Low,0,Low,0,Low,0,Low,0,3.243,718.968,6.57921,0.062798,0.1
2216,Baseline,65,Balanced,0,Low,0,Low,0,Low,0,Low,0,3.23288,715.908,6.57495,0.0627772,0.1
2217,Baseline,80,Balanced,0,Low,0,Low,0,Low,0,Low,0,3.24212,718.108,6.57801,0.062718,0.1
2218,Baseline,82,Balanced,0,Low,0,High,2,Low,0,Low,0,3.2669,724.85,6.58734,0.0625943,0.1
2219,Baseline,65,Balanced,0,Low,0,Low,0,Low,0,Low,0,3.22178,714.285,6.57268,0.062426,0.1
2220,Baseline,82,Balanced,0,Low,0,High,2,Low,0,Low,0,3.26207,722.904,6.58466,0.0628195,0.1
2221,Baseline,81,Balanced,0,Low,0,Medium,1,Low,0,Low,0,3.24485,719.199,6.57953,0.0625106,0.1
2222,Baseline,65,Balanced,0,Low,0,Low,0,Low,0,Low,0,3.22864,714.971,6.57364,0.062758,0.1
2223,Baseline,82,Balanced,0,Low,0,High,2,Low,0,Low,0,3.26277,723.391,6.58533,0.0627595,0.1
2224,Baseline,82,Balanced,0,Low,0,High,2,Low,0,Low,0,3.2458,720.199,6.58092,0.0625597,0.1
2225,Baseline,82,Balanced,0,Low,0,High,2,Low,0,Low,0,3.25186,721.44,6.58263,0.0624737,0.1
2226,Baseline,82,Balanced,0,Low,0,High,2,Low,0,Low,0,3.26809,724.959,6.58749,0.0625305,0.1
2227,Baseline,65,Balanced,0,Low,0,Low,0,Low,0,Low,0,3.2323,715.768,6.57475,0.06307,0.1
2228,Baseline,65,Balanced,0,Low,0,Low,0,Low,0,Low,0,3.22835,715.748,6.57472,0.0626881,0.1
2229,Baseline,82,Balanced,0,Low,0,High,2,Low,0,Low,0,3.25475,722.263,6.58377,0.0626942,0.1
2230,Baseline,65,Balanced,0,Low,0,Low,0,Low,0,Low,0,3.21447,712.063,6.56957,0.0622639,0.1
2231,Baseline,80,Balanced,0,Low,0,Low,0,Low,0,Low,0,3.24434,718.943,6.57917,0.0625536,0.1
2232,Baseline,82,Balanced,0,Low,0,High,2,Low,0,Low,0,3.25404,721.303,6.58244,0.062718,0.1
2233,Baseline,82,Balanced,0,Low,0,High,2,Low,0,Low,0,3.24952,721.371,6.58254,0.0626896,0.1
2234,Baseline,65,Balanced,0,Low,0,Low,0,Low,0,Low,0,3.23848,717.191,6.57674,0.0629962,0.1
2235,Baseline,65,Balanced,0,Low,0,Low,0,Low,0,Low,0,3.22395,715.497,6.57437,0.0623108,0.1
2236,Baseline,82,Balanced,0,Low,0,High,2,Low,0,Low,0,3.25722,721.731,6.58304,0.062861,0.1
2237,Baseline,80,Balanced,0,Low,0,Low,0,Low,0,Low,0,3.24471,719.121,6.57942,0.0625152,0.1
2238,Baseline,82,Balanced,0,Low,0,High,2,Low,0,Low,0,3.25145,721.15,6.58223,0.0628218,0.1
2239,Baseline,82,Balanced,0,Low,0,High,2,Low,0,Low,0,3.24578,720.431,6.58124,0.062509,0.1
2240,Baseline,65,Balanced,0,Low,0,Low,0,Low,0,Low,0,3.23293,717.124,6.57664,0.0628571,0.1
2241,Baseline,82,Balanced,0,Low,0,High,2,Low,0,Low,0,3.25785,722.856,6.58459,0.0624744,0.1
2242,Baseline,82,Balanced,0,Low,0,High,2,Low,0,Low,0,3.2629,722.126,6.58358,0.0625313,0.1
2243,Baseline,82,Balanced,0,Low,0,High,2,Low,0,Low,0,3.26862,724.628,6.58704,0.062748,0.1
2244,Baseline,65,Balanced,0,Low,0,Low,0,Low,0,Low,0,3.22823,714.769,6.57336,0.0628802,0.1
2245,Baseline,82,Balanced,0,Low,0,High,2,Low,0,Low,0,3.27599,726.314,6.58936,0.0628264,0.1
2246,Baseline,82,Balanced,0,Low,0,High,2,Low,0,Low,0,3.24588,720.308,6.58107,0.0624814,0.1
2247,Baseline,65,Balanced,0,Low,0,Low,0,Low,0,Low,0,3.22429,714.638,6.57317,0.0625444,0.1
2248,Baseline,82,Balanced,0,Low,0,High,2,Low,0,Low,0,3.25175,720.957,6.58197,0.0624814,0.1
2249,Baseline,82,Balanced,0,Low,0,High,2,Low,0,Low,0,3.25374,720.883,6.58186,0.0627557,0.1
2250,Baseline,82,Balanced,0,Low,0,High,2,Low,0,Low,0,3.26545,723.751,6.58583,0.0627872,0.1
2251,Baseline,65,Balanced,0,Low,0,Low,0,Low,0,Low,0,3.23915,718.372,6.57838,0.0627096,0.1
2252,Baseline,82,Balanced,0,Low,0,High,2,Low,0,Low,0,3.25483,721.751,6.58307,0.0623008,0.1
2253,Baseline,65,Balanced,0,Low,0,Low,0,Low,0,Low,0,3.23036,715.673,6.57462,0.0624791,0.1
2254,Baseline,82,Balanced,0,Low,0,High,2,Low,0,Low,0,3.26984,724.826,6.58731,0.0627803,0.1
2255,Baseline,81,Balanced,0,Low,0,Medium,1,Low,0,Low,0,3.24124,719.649,6.58015,0.0626842,0.1
2256,Baseline,65,Balanced,0,Low,0,Low,0,Low,0,Low,0,3.22838,714.603,6.57313,0.0627119,0.1
2257,Baseline,82,Balanced,0,Low,0,High,2,Low,0,Low,0,3.26502,724.262,6.58653,0.062735,0.1
2258,Baseline,82,Balanced,0,Low,0,High,2,Low,0,Low,0,3.2519,720.329,6.5811,0.0631023,0.1
2259,Baseline,82,Balanced,0,Low,0,High,2,Low,0,Low,0,3.27298,725.096,6.58768,0.0628118,0.1
2260,Baseline,81,Balanced,0,Low,0,Medium,1,Low,0,Low,0,3.24876,719.229,6.57957,0.0628087,0.1
2261,Baseline,82,Balanced,0,Low,0,High,2,Low,0,Low,0,3.24694,720.311,6.58107,0.0624306,0.1
2262,Baseline,82,Balanced,0,Low,0,High,2,Low,0,Low,0,3.25644,722.534,6.58415,0.062539,0.1
2263,Baseline,82,Balanced,0,Low,0,High,2,Low,0,Low,0,3.27134,725.601,6.58838,0.0623953,0.1
2264,Baseline,82,Balanced,0,Low,0,High,2,Low,0,Low,0,3.25902,721.876,6.58324,0.062768,0.1
2265,Baseline,65,Balanced,0,Low,0,Low,0,Low,0,Low,0,3.23743,717.584,6.57728,0.0627803,0.1
2266,Baseline,65,Balanced,0,Low,0,Low,0,Low,0,Low,0,3.2333,717.621,6.57733,0.0625121,0.1
2267,Baseline,81,Balanced,0,Low,0,Medium,1,Low,0,Low,0,3.24604,719.891,6.58049,0.0625774,0.1
2268,Baseline,65,Balanced,0,Low,0,Low,0,Low,0,Low,0,3.22644,715.474,6.57434,0.0624998,0.1
2269,Baseline,65,Balanced,0,Low,0,Low,0,Low,0,Low,0,3.23666,717.193,6.57674,0.0627449,0.1
2270,Baseline,82,Balanced,0,Low,0,High,2,Low,0,Low,0,3.2495,720.758,6.58169,0.0626381,0.1
2271,Baseline,80,Balanced,0,Low,0,Low,0,Low,0,Low,0,3.24149,717.703,6.57745,0.0628594,0.1
2272,Baseline,81,Balanced,0,Low,0,Medium,1,Low,0,Low,0,3.25075,719.896,6.58049,0.0626274,0.1
2273,Baseline,82,Balanced,0,Low,0,High,2,Low,0,Low,0,3.26879,723.712,6.58577,0.0627711,0.1
2274,Baseline,82,Balanced,0,Low,0,High,2,Low,0,Low,0,3.24905,720.412,6.58121,0.0626581,0.1
2275,Baseline,65,Balanced,0,Low,0,Low,0,Low,0,Low,0,3.23546,716.829,6.57623,0.0627027,0.1
2276,Baseline,65,Balanced,0,Low,0,Low,0,Low,0,Low,0,3.22369,713.38,6.57142,0.0625605,0.1
2277,Baseline,82,Balanced,0,Low,0,High,2,Low,0,Low,0,3.24991,720.868,6.58184,0.0624537,0.1
2278,Baseline,65,Balanced,0,Low,0,Low,0,Low,0,Low,0,3.22694,714.891,6.57353,0.0625605,0.1
2279,Baseline,82,Balanced,0,Low,0,High,2,Low,0,Low,0,3.27195,725.577,6.58834,0.062446,0.1
2280,Baseline,80,Balanced,0,Low,0,Low,0,Low,0,Low,0,3.2412,717.302,6.57689,0.0627119,0.1
2281,Baseline,65,Balanced,0,Low,0,Low,0,Low,0,Low,0,3.22807,716.562,6.57586,0.0628203,0.1
2282,Baseline,82,Balanced,0,Low,0,High,2,Low,0,Low,0,3.25553,722.377,6.58393,0.0625252,0.1
2283,Baseline,65,Balanced,0,Low,0,Low,0,Low,0,Low,0,3.23651,718.233,6.57819,0.0624714,0.1
2284,Baseline,65,Balanced,0,Low,0,Low,0,Low,0,Low,0,3.21055,711.235,6.56841,0.0625413,0.1
2285,Baseline,65,Balanced,0,Low,0,Low,0,Low,0,Low,0,3.23185,718.294,6.57827,0.0626865,0.1
2286,Baseline,82,Balanced,0,Low,0,High,2,Low,0,Low,0,3.253,721.269,6.5824,0.0629809,0.1
2287,Baseline,81,Balanced,0,Low,0,Medium,1,Low,0,Low,0,3.24396,719.337,6.57972,0.0629355,0.1
2288,Baseline,65,Balanced,0,Low,0,Low,0,Low,0,Low,0,3.23885,718.212,6.57816,0.0627511,0.1
2289,Baseline,81,Balanced,0,Low,0,Medium,1,Low,0,Low,0,3.24669,719.519,6.57997,0.0627373,0.1
2290,Baseline,82,Balanced,0,Low,0,High,2,Low,0,Low,0,3.26023,722.836,6.58456,0.0626212,0.1
2291,Baseline,82,Balanced,0,Low,0,High,2,Low,0,Low,0,3.26974,724.64,6.58705,0.0626742,0.1
2292,Baseline,65,Balanced,0,Low,0,Low,0,Low,0,Low,0,3.23452,717.097,6.5766,0.0623261,0.1
2293,Baseline,82,Balanced,0,Low,0,High,2,Low,0,Low,0,3.26723,724.945,6.58747,0.0625421,0.1
2294,Baseline,82,Balanced,0,Low,0,High,2,Low,0,Low,0,3.2655,722.646,6.5843,0.0628502,0.1
2295,Baseline,65,Balanced,0,Low,0,Low,0,Low,0,Low,0,3.22982,715.982,6.57505,0.0623722,0.1
2296,Baseline,82,Balanced,0,Low,0,High,2,Low,0,Low,0,3.2554,722.421,6.58399,0.0625913,0.1
2297,Baseline,81,Balanced,0,Low,0,Medium,1,Low,0,Low,0,3.24901,719.381,6.57978,0.0630746,0.1
2298,Baseline,82,Balanced,0,Low,0,High,2,Low,0,Low,0,3.25234,720.446,6.58126,0.0626312,0.1
2299,Baseline,82,Balanced,0,Low,0,High,2,Low,0,Low,0,3.26119,724.064,6.58626,0.0624898,0.1
2300,Baseline,65,Balanced,0,Low,0,Low,0,Low,0,Low,0,3.2267,716.222,6.57539,0.0627603,0.1
2301,Baseline,65,Balanced,0,Low,0,Low,0,Low,0,Low,0,3.22843,714.778,6.57337,0.0624337,0.1
2302,Baseline,81,Balanced,0,Low,0,Medium,1,Low,0,Low,0,3.24413,719.877,6.58047,0.0626297,0.1
2303,Baseline,82,Balanced,0,Low,0,High,2,Low,0,Low,0,3.25355,721.367,6.58253,0.0624798,0.1
2304,Baseline,82,Balanced,0,Low,0,High,2,Low,0,Low,0,3.24824,720.851,6.58182,0.0624137,0.1
2305,Baseline,81,Balanced,0,Low,0,Medium,1,Low,0,Low,0,3.25091,719.881,6.58047,0.0629501,0.1
2306,Baseline,82,Balanced,0,Low,0,High,2,Low,0,Low,0,3.24996,721.005,6.58203,0.0627926,0.1
2307,Baseline,65,Balanced,0,Low,0,Low,0,Low,0,Low,0,3.21011,710.437,6.56729,0.0625298,0.1
2308,Baseline,82,Balanced,0,Low,0,High,2,Low,0,Low,0,3.26523,724.141,6.58637,0.0627157,0.1
2309,Baseline,82,Balanced,0,Low,0,High,2,Low,0,Low,0,3.26415,723.929,6.58607,0.0626927,0.1
2310,Baseline,82,Balanced,0,Low,0,High,2,Low,0,Low,0,3.27539,725.651,6.58845,0.0632975,0.1
2311,Baseline,82,Balanced,0,Low,0,High,2,Low,0,Low,0,3.24794,719.962,6.58059,0.0626397,0.1
2312,Baseline,82,Balanced,0,Low,0,High,2,Low,0,Low,0,3.25966,723.23,6.58511,0.0627165,0.1
2313,Baseline,81,Balanced,0,Low,0,Medium,1,Low,0,Low,0,3.24295,719.81,6.58038,0.0627273,0.1
2314,Baseline,80,Balanced,0,Low,0,Low,0,Low,0,Low,0,3.24124,718.855,6.57905,0.0625252,0.1
2315,Baseline,82,Balanced,0,Low,0,High,2,Low,0,Low,0,3.25185,720.822,6.58178,0.0630231,0.1
2316,Baseline,82,Balanced,0,Low,0,High,2,Low,0,Low,0,3.26191,722.889,6.58464,0.0627434,0.1
2317,Baseline,65,Balanced,0,Low,0,Low,0,Low,0,Low,0,3.23569,717.313,6.57691,0.0626758,0.1
2318,Baseline,82,Balanced,0,Low,0,High,2,Low,0,Low,0,3.26556,724.858,6.58735,0.0623915,0.1
2319,Baseline,65,Balanced,0,Low,0,Low,0,Low,0,Low,0,3.2317,715.945,6.575,0.0626397,0.1
2320,Baseline,65,Balanced,0,Low,0,Low,0,Low,0,Low,0,3.22907,715.961,6.57502,0.0627619,0.1
2321,Baseline,82,Balanced,0,Low,0,High,2,Low,0,Low,0,3.24073,720.109,6.58079,0.0625513,0.1
2322,Baseline,82,Balanced,0,Low,0,High,2,Low,0,Low,0,3.24794,720.249,6.58098,0.0623546,0.1
2323,Baseline,65,Balanced,0,Low,0,Low,0,Low,0,Low,0,3.23481,716.593,6.5759,0.0626266,0.1
2324,Baseline,82,Balanced,0,Low,0,High,2,Low,0,Low,0,3.24887,720.19,6.5809,0.0625859,0.1
2325,Baseline,82,Balanced,0,Low,0,High,2,Low,0,Low,0,3.26141,723.048,6.58486,0.0625252,0.1
2326,Baseline,82,Balanced,0,Low,0,High,2,Low,0,Low,0,3.25193,721.691,6.58298,0.062436,0.1
2327,Baseline,82,Balanced,0,Low,0,High,2,Low,0,Low,0,3.25379,720.538,6.58138,0.0623592,0.1
2328,Baseline,65,Balanced,0,Low,0,Low,0,Low,0,Low,0,3.22127,714.046,6.57235,0.0625498,0.1
2329,Baseline,65,Balanced,0,Low,0,Low,0,Low,0,Low,0,3.22442,714.471,6.57294,0.0626281,0.1
2330,Baseline,82,Balanced,0,Low,0,High,2,Low,0,Low,0,3.26048,722.908,6.58466,0.0630193,0.1
2331,Baseline,65,Balanced,0,Low,0,Low,0,Low,0,Low,0,3.22411,715.192,6.57395,0.0626804,0.1
2332,Baseline,82,Balanced,0,Low,0,High,2,Low,0,Low,0,3.25497,721.855,6.58321,0.0626566,0.1
2333,Baseline,82,Balanced,0,Low,0,High,2,Low,0,Low,0,3.26257,724.085,6.58629,0.0624153,0.1
2334,Baseline,82,Balanced,0,Low,0,High,2,Low,0,Low,0,3.26262,722.135,6.5836,0.0629724,0.1
2335,Baseline,65,Balanced,0,Low,0,Low,0,Low,0,Low,0,3.22983,716.76,6.57614,0.0623246,0.1
2336,Baseline,82,Balanced,0,Low,0,High,2,Low,0,Low,0,3.25913,722.454,6.58404,0.0625459,0.1
2337,Baseline,82,Balanced,0,Low,0,High,2,Low,0,Low,0,3.25148,720.858,6.58183,0.0626158,0.1
2338,Baseline,82,Balanced,0,Low,0,High,2,Low,0,Low,0,3.24334,720.305,6.58106,0.0624406,0.1
2339,Baseline,82,Balanced,0,Low,0,High,2,Low,0,Low,0,3.25962,721.953,6.58334,0.0626742,0.1
2340,Baseline,65,Balanced,0,Low,0,Low,0,Low,0,Low,0,3.23688,717.617,6.57733,0.0626758,0.1
2341,Baseline,65,Balanced,0,Low,0,Low,0,Low,0,Low,0,3.23257,716.627,6.57595,0.0626151,0.1
2342,Baseline,65,Balanced,0,Low,0,Low,0,Low,0,Low,0,3.2309,716.782,6.57617,0.0625574,0.1
2343,Baseline,82,Balanced,0,Low,0,High,2,Low,0,Low,0,3.26275,723.142,6.58499,0.06303,0.1
2344,Baseline,80,Balanced,0,Low,0,Low,0,Low,0,Low,0,3.24143,718.619,6.57872,0.0626051,0.1
2345,Baseline,82,Balanced,0,Low,0,High,2,Low,0,Low,0,3.24965,720.922,6.58192,0.062705,0.1
2346,Baseline,82,Balanced,0,Low,0,High,2,Low,0,Low,0,3.27233,726.157,6.58914,0.0629663,0.1
2347,Baseline,80,Balanced,0,Low,0,Low,0,Low,0,Low,0,3.24729,718.971,6.57921,0.062652,0.1
2348,Baseline,65,Balanced,0,Low,0,Low,0,Low,0,Low,0,3.22704,715.639,6.57457,0.0627818,0.1
2349,Baseline,82,Balanced,0,Low,0,High,2,Low,0,Low,0,3.2638,725.017,6.58757,0.0624376,0.1
2350,Baseline,65,Balanced,0,Low,0,Low,0,Low,0,Low,0,3.21332,712.902,6.57074,0.0623938,0.1
2351,Baseline,82,Balanced,0,Low,0,High,2,Low,0,Low,0,3.26756,724.305,6.58659,0.062821,0.1
2352,Baseline,82,Balanced,0,Low,0,High,2,Low,0,Low,0,3.25783,722.021,6.58344,0.0626097,0.1
2353,Baseline,65,Balanced,0,Low,0,Low,0,Low,0,Low,0,3.21819,713.133,6.57107,0.0626404,0.1
2354,Baseline,65,Balanced,0,Low,0,Low,0,Low,0,Low,0,3.23857,718.036,6.57791,0.0626005,0.1
2355,Baseline,80,Balanced,0,Low,0,Low,0,Low,0,Low,0,3.24361,718.636,6.57874,0.0628495,0.1
2356,Baseline,82,Balanced,0,Low,0,High,2,Low,0,Low,0,3.26451,723.346,6.58527,0.0630662,0.1
2357,Baseline,80,Balanced,0,Low,0,Low,0,Low,0,Low,0,3.24024,718.97,6.57921,0.0622293,0.1
2358,Baseline,65,Balanced,0,Low,0,Low,0,Low,0,Low,0,3.22476,715.505,6.57438,0.0625759,0.1
2359,Baseline,82,Balanced,0,Low,0,High,2,Low,0,Low,0,3.25059,720.255,6.58099,0.0627257,0.1
2360,Baseline,65,Balanced,0,Low,0,Low,0,Low,0,Low,0,3.23169,717.377,6.57699,0.0626819,0.1
2361,Baseline,82,Balanced,0,Low,0,High,2,Low,0,Low,0,3.24934,720.469,6.58129,0.0624506,0.1
2362,Baseline,82,Balanced,0,Low,0,High,2,Low,0,Low,0,3.25586,721.577,6.58282,0.06311,0.1
2363,Baseline,82,Balanced,0,Low,0,High,2,Low,0,Low,0,3.25757,723.543,6.58554,0.0627803,0.1
2364,Baseline,82,Balanced,0,Low,0,High,2,Low,0,Low,0,3.25755,722.479,6.58407,0.0624698,0.1
2365,Baseline,82,Balanced,0,Low,0,High,2,Low,0,Low,0,3.25379,722.469,6.58406,0.0629094,0.1
2366,Baseline,82,Balanced,0,Low,0,High,2,Low,0,Low,0,3.2511,720.539,6.58139,0.0627749,0.1
2367,Baseline,82,Balanced,0,Low,0,High,2,Low,0,Low,0,3.24996,720.345,6.58112,0.0630254,0.1
2368,Baseline,82,Balanced,0,Low,0,High,2,Low,0,Low,0,3.2538,721.529,6.58276,0.062665,0.1
2369,Baseline,82,Balanced,0,Low,0,High,2,Low,0,Low,0,3.26218,723.388,6.58533,0.0629832,0.1
2370,Baseline,80,Balanced,0,Low,0,Low,0,Low,0,Low,0,3.24347,718.339,6.57833,0.0626589,0.1
2371,Baseline,82,Balanced,0,Low,0,High,2,Low,0,Low,0,3.25817,722.208,6.5837,0.0628679,0.1
2372,Baseline,82,Balanced,0,Low,0,High,2,Low,0,Low,0,3.28659,728.645,6.59256,0.0629993,0.1
2373,Baseline,65,Balanced,0,Low,0,Low,0,Low,0,Low,0,3.23131,716.214,6.57537,0.0625767,0.1
2374,Baseline,82,Balanced,0,Low,0,High,2,Low,0,Low,0,3.25643,721.101,6.58217,0.0625943,0.1
2375,Baseline,82,Balanced,0,Low,0,High,2,Low,0,Low,0,3.26079,722.786,6.5845,0.0626666,0.1
2376,Baseline,82,Balanced,0,Low,0,High,2,Low,0,Low,0,3.25254,721.459,6.58266,0.0627949,0.1
2377,Baseline,65,Balanced,0,Low,0,Low,0,Low,0,Low,0,3.2217,714.456,6.57292,0.0625183,0.1
2378,Baseline,65,Balanced,0,Low,0,Low,0,Low,0,Low,0,3.23071,715.23,6.574,0.0626404,0.1
2379,Baseline,82,Balanced,0,Low,0,High,2,Low,0,Low,0,3.26465,724.569,6.58696,0.0626158,0.1
2380,Baseline,65,Balanced,0,Low,0,Low,0,Low,0,Low,0,3.2306,714.747,6.57333,0.0625582,0.1
2381,Baseline,65,Balanced,0,Low,0,Low,0,Low,0,Low,0,3.22823,714.795,6.57339,0.062768,0.1
2382,Baseline,65,Balanced,0,Low,0,Low,0,Low,0,Low,0,3.23549,716.907,6.57634,0.0622577,0.1
2383,Baseline,65,Balanced,0,Low,0,Low,0,Low,0,Low,0,3.22563,714.651,6.57319,0.0625075,0.1
2384,Baseline,65,Balanced,0,Low,0,Low,0,Low,0,Low,0,3.22999,715.408,6.57425,0.0624598,0.1
2385,Baseline,65,Balanced,0,Low,0,Low,0,Low,0,Low,0,3.23218,716.23,6.5754,0.0625913,0.1
2386,Baseline,65,Balanced,0,Low,0,Low,0,Low,0,Low,0,3.2386,718.461,6.5785,0.0624814,0.1
2387,Baseline,80,Balanced,0,Low,0,Low,0,Low,0,Low,0,3.24253,718.367,6.57837,0.0628579,0.1
2388,Baseline,65,Balanced,0,Low,0,Low,0,Low,0,Low,0,3.22273,714.241,6.57262,0.0627449,0.1
2389,Baseline,82,Balanced,0,Low,0,High,2,Low,0,Low,0,3.24811,719.988,6.58062,0.0627058,0.1
2390,Baseline,82,Balanced,0,Low,0,High,2,Low,0,Low,0,3.24348,720.451,6.58126,0.0625813,0.1
2391,Baseline,82,Balanced,0,Low,0,High,2,Low,0,Low,0,3.29782,731.748,6.5968,0.0631845,0.1
2392,Baseline,82,Balanced,0,Low,0,High,2,Low,0,Low,0,3.26259,723.908,6.58604,0.0626881,0.1
2393,Baseline,82,Balanced,0,Low,0,High,2,Low,0,Low,0,3.2612,723.281,6.58518,0.062655,0.1
2394,Baseline,82,Balanced,0,Low,0,High,2,Low,0,Low,0,3.26555,724.256,6.58652,0.0625336,0.1
2395,Baseline,80,Balanced,0,Low,0,Low,0,Low,0,Low,0,3.2404,718.413,6.57843,0.0626243,0.1
2396,Baseline,82,Balanced,0,Low,0,High,2,Low,0,Low,0,3.24648,720.027,6.58068,0.0627519,0.1
2397,Baseline,82,Balanced,0,Low,0,High,2,Low,0,Low,0,3.25531,722.248,6.58375,0.0627857,0.1
2398,Baseline,65,Balanced,0,Low,0,Low,0,Low,0,Low,0,3.22237,714.389,6.57283,0.0625805,0.1
2399,Baseline,82,Balanced,0,Low,0,High,2,Low,0,Low,0,3.25812,722.776,6.58448,0.0627788,0.1
2400,Baseline,82,Balanced,0,Low,0,High,2,Low,0,Low,0,3.26763,724.438,6.58678,0.062798,0.1
2401,Baseline,65,Balanced,0,Low,0,Low,0,Low,0,Low,0,3.23046,716.022,6.57511,0.0626012,0.1
2402,Baseline,82,Balanced,0,Low,0,High,2,Low,0,Low,0,3.24902,719.926,6.58054,0.0629624,0.1
2403,Baseline,81,Balanced,0,Low,0,Medium,1,Low,0,Low,0,3.24784,719.893,6.58049,0.0626796,0.1
2404,Baseline,82,Balanced,0,Low,0,High,2,Low,0,Low,0,3.25319,720.568,6.58143,0.0628456,0.1
2405,Baseline,82,Balanced,0,Low,0,High,2,Low,0,Low,0,3.27261,726.046,6.58899,0.0627342,0.1
2406,Baseline,82,Balanced,0,Low,0,High,2,Low,0,Low,0,3.26279,723.088,6.58491,0.0624998,0.1
2407,Baseline,65,Balanced,0,Low,0,Low,0,Low,0,Low,0,3.23482,717.431,6.57707,0.0627088,0.1
2408,Baseline,65,Balanced,0,Low,0,Low,0,Low,0,Low,0,3.20885,710.519,6.5674,0.0625936,0.1
2409,Baseline,82,Balanced,0,Low,0,High,2,Low,0,Low,0,3.27042,725.631,6.58842,0.062718,0.1
2410,Baseline,65,Balanced,0,Low,0,Low,0,Low,0,Low,0,3.23777,717.493,6.57716,0.0626558,0.1
2411,Baseline,82,Balanced,0,Low,0,High,2,Low,0,Low,0,3.27752,726.318,6.58936,0.0630785,0.1
2412,Baseline,82,Balanced,0,Low,0,High,2,Low,0,Low,0,3.26589,723.881,6.58601,0.0626681,0.1
2413,Baseline,65,Balanced,0,Low,0,Low,0,Low,0,Low,0,3.21735,714.482,6.57296,0.0625213,0.1
2414,Baseline,80,Balanced,0,Low,0,Low,0,Low,0,Low,0,3.24519,719.157,6.57947,0.0626266,0.1
2415,Baseline,82,Balanced,0,Low,0,High,2,Low,0,Low,0,3.26032,722.886,6.58463,0.0627757,0.1
2416,Baseline,65,Balanced,0,Low,0,Low,0,Low,0,Low,0,3.21847,713.634,6.57177,0.0626443,0.1
2417,Baseline,80,Balanced,0,Low,0,Low,0,Low,0,Low,0,3.243,718.65,6.57877,0.0629071,0.1
2418,Baseline,82,Balanced,0,Low,0,High,2,Low,0,Low,0,3.27001,724.663,6.58709,0.0628395,0.1
2419,Baseline,81,Balanced,0,Low,0,Medium,1,Low,0,Low,0,3.24798,719.662,6.58017,0.0624514,0.1
2420,Baseline,82,Balanced,0,Low,0,High,2,Low,0,Low,0,3.2499,721.578,6.58283,0.0626958,0.1
2421,Baseline,82,Balanced,0,Low,0,High,2,Low,0,Low,0,3.27466,726.712,6.58991,0.0624168,0.1
2422,Baseline,82,Balanced,0,Low,0,High,2,Low,0,Low,0,3.26357,723.821,6.58592,0.0627887,0.1
2423,Baseline,65,Balanced,0,Low,0,Low,0,Low,0,Low,0,3.22563,715.645,6.57458,0.0621755,0.1
2424,Baseline,65,Balanced,0,Low,0,Low,0,Low,0,Low,0,3.23074,716.194,6.57535,0.0624191,0.1
2425,Baseline,82,Balanced,0,Low,0,High,2,Low,0,Low,0,3.27542,726.302,6.58934,0.0625344,0.1
2426,Baseline,82,Balanced,0,Low,0,High,2,Low,0,Low,0,3.26204,723.268,6.58516,0.0626827,0.1
2427,Baseline,81,Balanced,0,Low,0,Medium,1,Low,0,Low,0,3.24252,719.448,6.57987,0.0630016,0.1
2428,Baseline,65,Balanced,0,Low,0,Low,0,Low,0,Low,0,3.22254,714.167,6.57252,0.0627327,0.1
2429,Baseline,65,Balanced,0,Low,0,Low,0,Low,0,Low,0,3.2252,715.088,6.5738,0.0623899,0.1
2430,Baseline,82,Balanced,0,Low,0,High,2,Low,0,Low,0,3.26262,723.465,6.58543,0.062881,0.1
2431,Baseline,82,Balanced,0,Low,0,High,2,Low,0,Low,0,3.25281,720.93,6.58193,0.0627803,0.1
2432,Baseline,65,Balanced,0,Low,0,Low,0,Low,0,Low,0,3.23955,717.92,6.57775,0.0628687,0.1
2433,Baseline,65,Balanced,0,Low,0,Low,0,Low,0,Low,0,3.22778,714.926,6.57358,0.0625382,0.1
2434,Baseline,80,Balanced,0,Low,0,Low,0,Low,0,Low,0,3.24495,719.129,6.57943,0.0630523,0.1
2435,Baseline,82,Balanced,0,Low,0,High,2,Low,0,Low,0,3.2521,721.125,6.5822,0.0626497,0.1
2436,Baseline,82,Balanced,0,Low,0,High,2,Low,0,Low,0,3.25745,720.891,6.58187,0.0631369,0.1
2437,Baseline,80,Balanced,0,Low,0,Low,0,Low,0,Low,0,3.24479,718.692,6.57882,0.0624821,0.1
2438,Baseline,82,Balanced,0,Low,0,High,2,Low,0,Low,0,3.25835,721.689,6.58298,0.0631699,0.1
2439,Baseline,65,Balanced,0,Low,0,Low,0,Low,0,Low,0,3.23334,716.822,6.57622,0.0627011,0.1
2440,Baseline,65,Balanced,0,Low,0,Low,0,Low,0,Low,0,3.23081,716.552,6.57585,0.0622554,0.1
2441,Baseline,81,Balanced,0,Low,0,Medium,1,Low,0,Low,0,3.24408,719.681,6.5802,0.0625106,0.1
2442,Baseline,65,Balanced,0,Low,0,Low,0,Low,0,Low,0,3.22286,713.963,6.57223,0.062499,0.1
2443,Baseline,65,Balanced,0,Low,0,Low,0,Low,0,Low,0,3.2292,715.651,6.57459,0.0631822,0.1
2444,Baseline,65,Balanced,0,Low,0,Low,0,Low,0,Low,0,3.23346,717.061,6.57655,0.0622186,0.1
2445,Baseline,81,Balanced,0,Low,0,Medium,1,Low,0,Low,0,3.24449,719.241,6.57959,0.0630116,0.1
2446,Baseline,82,Balanced,0,Low,0,High,2,Low,0,Low,0,3.25927,723.438,6.5854,0.0624944,0.1
2447,Baseline,82,Balanced,0,Low,0,High,2,Low,0,Low,0,3.25517,721.515,6.58274,0.0625444,0.1
2448,Baseline,65,Balanced,0,Low,0,Low,0,Low,0,Low,0,3.2393,718.462,6.5785,0.0627373,0.1
2449,Baseline,82,Balanced,0,Low,0,High,2,Low,0,Low,0,3.25045,720.344,6.58112,0.0627242,0.1
2450,Baseline,82,Balanced,0,Low,0,High,2,Low,0,Low,0,3.26121,723.441,6.5854,0.0625075,0.1
2451,Baseline,82,Balanced,0,Low,0,High,2,Low,0,Low,0,3.2472,720.826,6.58178,0.0623507,0.1
2452,Baseline,82,Balanced,0,Low,0,High,2,Low,0,Low,0,3.26895,725.554,6.58831,0.0629002,0.1
2453,Baseline,80,Balanced,0,Low,0,Low,0,Low,0,Low,0,3.2426,718.806,6.57898,0.0625974,0.1
2454,Baseline,82,Balanced,0,Low,0,High,2,Low,0,Low,0,3.24719,719.978,6.58061,0.0624929,0.1
2455,Baseline,80,Balanced,0,Low,0,Low,0,Low,0,Low,0,3.2445,719.145,6.57945,0.0627496,0.1
2456,Baseline,82,Balanced,0,Low,0,High,2,Low,0,Low,0,3.27578,726.926,6.5902,0.062655,0.1
2457,Baseline,82,Balanced,0,Low,0,High,2,Low,0,Low,0,3.25643,721.393,6.58257,0.0627803,0.1
2458,Baseline,65,Balanced,0,Low,0,Low,0,Low,0,Low,0,3.23989,717.711,6.57746,0.0627111,0.1
2459,Baseline,80,Balanced,0,Low,0,Low,0,Low,0,Low,0,3.24178,717.917,6.57775,0.0624091,0.1
2460,Baseline,82,Balanced,0,Low,0,High,2,Low,0,Low,0,3.26831,724.026,6.58621,0.062778,0.1
2461,Baseline,82,Balanced,0,Low,0,High,2,Low,0,Low,0,3.27384,725.97,6.58888,0.0627872,0.1
2462,Baseline,65,Balanced,0,Low,0,Low,0,Low,0,Low,0,3.23426,717.009,6.57648,0.062572,0.1
2463,Baseline,65,Balanced,0,Low,0,Low,0,Low,0,Low,0,3.22527,715.833,6.57484,0.0623884,0.1
2464,Baseline,82,Balanced,0,Low,0,High,2,Low,0,Low,0,3.26578,723.547,6.58555,0.0625951,0.1
2465,Baseline,82,Balanced,0,Low,0,High,2,Low,0,Low,0,3.25871,722.275,6.58379,0.0628103,0.1
2466,Baseline,82,Balanced,0,Low,0,High,2,Low,0,Low,0,3.24772,719.958,6.58058,0.0625213,0.1
2467,Baseline,82,Balanced,0,Low,0,High,2,Low,0,Low,0,3.25096,721.324,6.58247,0.0627396,0.1
2468,Baseline,82,Balanced,0,Low,0,High,2,Low,0,Low,0,3.27277,725.978,6.5889,0.0627649,0.1
2469,Baseline,65,Balanced,0,Low,0,Low,0,Low,0,Low,0,3.23579,718.052,6.57793,0.0625667,0.1
2470,Baseline,82,Balanced,0,Low,0,High,2,Low,0,Low,0,3.25522,721.539,6.58277,0.0624306,0.1
2471,Baseline,65,Balanced,0,Low,0,Low,0,Low,0,Low,0,3.22544,714.722,6.57329,0.0626912,0.1
2472,Baseline,80,Balanced,0,Low,0,Low,0,Low,0,Low,0,3.24166,718.337,6.57833,0.0625813,0.1
2473,Baseline,82,Balanced,0,Low,0,High,2,Low,0,Low,0,3.2516,721.14,6.58222,0.062944,0.1
2474,Baseline,65,Balanced,0,Low,0,Low,0,Low,0,Low,0,3.23445,716.375,6.5756,0.0628541,0.1
2475,Baseline,82,Balanced,0,Low,0,High,2,Low,0,Low,0,3.25608,722.252,6.58376,0.0625513,0.1
2476,Baseline,65,Balanced,0,Low,0,Low,0,Low,0,Low,0,3.23634,717.393,6.57702,0.062725,0.1
2477,Baseline,80,Balanced,0,Low,0,Low,0,Low,0,Low,0,3.24014,718.743,6.57889,0.0628302,0.1
2478,Baseline,82,Balanced,0,Low,0,High,2,Low,0,Low,0,3.25137,720.579,6.58144,0.0623684,0.1
2479,Baseline,65,Balanced,0,Low,0,Low,0,Low,0,Low,0,3.23995,718.514,6.57858,0.0624253,0.1
2480,Baseline,65,Balanced,0,Low,0,Low,0,Low,0,Low,0,3.23237,716.465,6.57572,0.0628986,0.1
2481,Baseline,82,Balanced,0,Low,0,High,2,Low,0,Low,0,3.2561,721.69,6.58298,0.0628149,0.1
2482,Baseline,82,Balanced,0,Low,0,High,2,Low,0,Low,0,3.26,722.775,6.58448,0.0627119,0.1
2483,Baseline,82,Balanced,0,Low,0,High,2,Low,0,Low,0,3.25684,722.47,6.58406,0.0626066,0.1
2484,Baseline,82,Balanced,0,Low,0,High,2,Low,0,Low,0,3.25451,721.885,6.58325,0.0628871,0.1
2485,Baseline,65,Balanced,0,Low,0,Low,0,Low,0,Low,0,3.22109,714.218,6.57259,0.0626051,0.1
2486,Baseline,82,Balanced,0,Low,0,High,2,Low,0,Low,0,3.26984,725.385,6.58808,0.0626681,0.1
2487,Baseline,82,Balanced,0,Low,0,High,2,Low,0,Low,0,3.25744,721.886,6.58325,0.0627419,0.1
2488,Baseline,80,Balanced,0,Low,0,Low,0,Low,0,Low,0,3.24312,718.398,6.57842,0.0626543,0.1
2489,Baseline,82,Balanced,0,Low,0,High,2,Low,0,Low,0,3.27005,725.41,6.58811,0.0622716,0.1
2490,Baseline,82,Balanced,0,Low,0,High,2,Low,0,Low,0,3.25696,722.78,6.58449,0.062662,0.1
2491,Baseline,65,Balanced,0,Low,0,Low,0,Low,0,Low,0,3.23035,716.273,6.57546,0.0626412,0.1
2492,Baseline,82,Balanced,0,Low,0,High,2,Low,0,Low,0,3.26498,724.043,6.58623,0.0629563,0.1
2493,Baseline,65,Balanced,0,Low,0,Low,0,Low,0,Low,0,3.22282,715.288,6.57408,0.0623915,0.1
2494,Baseline,82,Balanced,0,Low,0,High,2,Low,0,Low,0,3.27891,726.422,6.58951,0.0625843,0.1
2495,Baseline,65,Balanced,0,Low,0,Low,0,Low,0,Low,0,3.23489,717.772,6.57754,0.0626481,0.1
2496,Baseline,65,Balanced,0,Low,0,Low,0,Low,0,Low,0,3.21569,713.234,6.57121,0.0626973,0.1
2497,Baseline,65,Balanced,0,Low,0,Low,0,Low,0,Low,0,3.23715,716.853,6.57627,0.0626988,0.1
2498,Baseline,82,Balanced,0,Low,0,High,2,Low,0,Low,0,3.27095,725.603,6.58838,0.0625582,0.1
2499,Baseline,82,Balanced,0,Low,0,High,2,Low,0,Low,0,3.26266,723.194,6.58506,0.0626689,0.1
2500,Baseline,65,Balanced,0,Low,0,Low,0,Low,0,Low,0,3.23877,717.237,6.5768,0.0628433,0.1
2501,Baseline,82,Balanced,0,Low,0,High,2,Low,0,Low,0,3.25834,721.975,6.58337,0.062589,0.1
2502,Baseline,65,Balanced,0,Low,0,Low,0,Low,0,Low,0,3.22449,714.318,6.57273,0.0624844,0.1
2503,Baseline,82,Balanced,0,Low,0,High,2,Low,0,Low,0,3.25219,721.275,6.58241,0.0626535,0.1
2504,Baseline,65,Balanced,0,Low,0,Low,0,Low,0,Low,0,3.23926,717.836,6.57763,0.0625636,0.1
2505,Baseline,82,Balanced,0,Low,0,High,2,Low,0,Low,0,3.25113,721.563,6.5828,0.0624698,0.1
2506,Baseline,82,Balanced,0,Low,0,High,2,Low,0,Low,0,3.25405,720.329,6.58109,0.0623922,0.1
2507,Baseline,65,Balanced,0,Low,0,Low,0,Low,0,Low,0,3.20983,711.312,6.56852,0.0624921,0.1
2508,Baseline,82,Balanced,0,Low,0,High,2,Low,0,Low,0,3.25837,722.275,6.58379,0.062818,0.1
2509,Baseline,65,Balanced,0,Low,0,Low,0,Low,0,Low,0,3.2348,716.564,6.57586,0.0626343,0.1
2510,Baseline,82,Balanced,0,Low,0,High,2,Low,0,Low,0,3.28415,728.771,6.59273,0.0627311,0.1
2511,Baseline,82,Balanced,0,Low,0,High,2,Low,0,Low,0,3.25594,722.341,6.58388,0.062738,0.1
2512,Baseline,82,Balanced,0,Low,0,High,2,Low,0,Low,0,3.267,724.551,6.58693,0.062675,0.1
2513,Baseline,82,Balanced,0,Low,0,High,2,Low,0,Low,0,3.27538,725.88,6.58876,0.0630961,0.1
2514,Baseline,82,Balanced,0,Low,0,High,2,Low,0,Low,0,3.25388,720.804,6.58175,0.0630039,0.1
2515,Baseline,82,Balanced,0,Low,0,High,2,Low,0,Low,0,3.25644,721.37,6.58254,0.0626835,0.1
2516,Baseline,82,Balanced,0,Low,0,High,2,Low,0,Low,0,3.24693,720.099,6.58078,0.0624844,0.1
2517,Baseline,65,Balanced,0,Low,0,Low,0,Low,0,Low,0,3.23665,716.797,6.57619,0.062818,0.1
2518,Baseline,82,Balanced,0,Low,0,High,2,Low,0,Low,0,3.24722,721.293,6.58243,0.062237,0.1
2519,Baseline,65,Balanced,0,Low,0,Low,0,Low,0,Low,0,3.2301,716.207,6.57537,0.062612,0.1
2520,Baseline,65,Balanced,0,Low,0,Low,0,Low,0,Low,0,3.23785,718.032,6.57791,0.0623384,0.1
2521,Baseline,82,Balanced,0,Low,0,High,2,Low,0,Low,0,3.26262,723.693,6.58575,0.0626796,0.1
2522,Baseline,81,Balanced,0,Low,0,Medium,1,Low,0,Low,0,3.24696,719.61,6.5801,0.0625467,0.1
2523,Baseline,82,Balanced,0,Low,0,High,2,Low,0,Low,0,3.24652,720.246,6.58098,0.0624537,0.1
2524,Baseline,82,Balanced,0,Low,0,High,2,Low,0,Low,0,3.24832,719.992,6.58063,0.0625382,0.1
2525,Baseline,82,Balanced,0,Low,0,High,2,Low,0,Low,0,3.27015,725.586,6.58836,0.0630493,0.1
2526,Baseline,82,Balanced,0,Low,0,High,2,Low,0,Low,0,3.26475,724.846,6.58734,0.0628049,0.1
2527,Baseline,65,Balanced,0,Low,0,Low,0,Low,0,Low,0,3.23694,717.372,6.57699,0.0625913,0.1
2528,Baseline,81,Balanced,0,Low,0,Medium,1,Low,0,Low,0,3.24559,719.252,6.5796,0.0624983,0.1
2529,Baseline,82,Balanced,0,Low,0,High,2,Low,0,Low,0,3.25062,720.313,6.58107,0.0627334,0.1
2530,Baseline,82,Balanced,0,Low,0,High,2,Low,0,Low,0,3.27197,726.283,6.58932,0.0626435,0.1
2531,Baseline,82,Balanced,0,Low,0,High,2,Low,0,Low,0,3.24849,720.074,6.58074,0.0628287,0.1
2532,Baseline,82,Balanced,0,Low,0,High,2,Low,0,Low,0,3.2639,722.851,6.58459,0.0629878,0.1
2533,Baseline,81,Balanced,0,Low,0,Medium,1,Low,0,Low,0,3.25133,719.883,6.58048,0.0629309,0.1
2534,Baseline,81,Balanced,0,Low,0,Medium,1,Low,0,Low,0,3.24512,719.333,6.57971,0.0628279,0.1
2535,Baseline,82,Balanced,0,Low,0,High,2,Low,0,Low,0,3.26434,723.903,6.58604,0.0628249,0.1
2536,Baseline,82,Balanced,0,Low,0,High,2,Low,0,Low,0,3.28927,728.958,6.59299,0.0625067,0.1
2537,Baseline,80,Balanced,0,Low,0,Low,0,Low,0,Low,0,3.24186,718.538,6.57861,0.0625743,0.1
2538,Baseline,81,Balanced,0,Low,0,Medium,1,Low,0,Low,0,3.24418,719.584,6.58006,0.0624645,0.1
2539,Baseline,82,Balanced,0,Low,0,High,2,Low,0,Low,0,3.25599,721.537,6.58277,0.0627818,0.1
2540,Baseline,82,Balanced,0,Low,0,High,2,Low,0,Low,0,3.25775,720.849,6.58182,0.0627841,0.1
2541,Baseline,65,Balanced,0,Low,0,Low,0,Low,0,Low,0,3.22077,714.198,6.57256,0.0623069,0.1
2542,Baseline,82,Balanced,0,Low,0,High,2,Low,0,Low,0,3.25839,721.367,6.58253,0.0625644,0.1
2543,Baseline,80,Balanced,0,Low,0,Low,0,Low,0,Low,0,3.24248,719.119,6.57942,0.0626205,0.1
2544,Baseline,82,Balanced,0,Low,0,High,2,Low,0,Low,0,3.25359,720.879,6.58186,0.0627742,0.1
2545,Baseline,65,Balanced,0,Low,0,Low,0,Low,0,Low,0,3.22853,715.48,6.57435,0.062592,0.1
2546,Baseline,82,Balanced,0,Low,0,High,2,Low,0,Low,0,3.26318,724.156,6.58639,0.0624591,0.1
2547,Baseline,65,Balanced,0,Low,0,Low,0,Low,0,Low,0,3.23645,717.932,6.57777,0.0623938,0.1
2548,Baseline,82,Balanced,0,Low,0,High,2,Low,0,Low,0,3.26311,723.051,6.58486,0.0625782,0.1
2549,Baseline,65,Balanced,0,Low,0,Low,0,Low,0,Low,0,3.23699,717.934,6.57777,0.0626812,0.1
2550,Baseline,65,Balanced,0,Low,0,Low,0,Low,0,Low,0,3.23215,716.002,6.57508,0.0627088,0.1
2551,Baseline,82,Balanced,0,Low,0,High,2,Low,0,Low,0,3.27238,724.603,6.587,0.0628748,0.1
2552,Baseline,82,Balanced,0,Low,0,High,2,Low,0,Low,0,3.26881,724.89,6.5874,0.0624053,0.1
2553,Baseline,82,Balanced,0,Low,0,High,2,Low,0,Low,0,3.25444,721.791,6.58312,0.0626135,0.1
2554,Baseline,65,Balanced,0,Low,0,Low,0,Low,0,Low,0,3.22923,716.646,6.57598,0.0627319,0.1
2555,Baseline,81,Balanced,0,Low,0,Medium,1,Low,0,Low,0,3.24444,719.781,6.58034,0.0628118,0.1
2556,Baseline,81,Balanced,0,Low,0,Medium,1,Low,0,Low,0,3.24024,719.201,6.57953,0.0628057,0.1
2557,Baseline,80,Balanced,0,Low,0,Low,0,Low,0,Low,0,3.24371,718.484,6.57853,0.0627926,0.1
2558,Baseline,65,Balanced,0,Low,0,Low,0,Low,0,Low,0,3.22901,715.926,6.57497,0.0621847,0.1
2559,Baseline,82,Balanced,0,Low,0,High,2,Low,0,Low,0,3.27666,726.917,6.59019,0.0630139,0.1
2560,Baseline,80,Balanced,0,Low,0,Low,0,Low,0,Low,0,3.24996,718.568,6.57865,0.0624983,0.1
2561,Baseline,82,Balanced,0,Low,0,High,2,Low,0,Low,0,3.26006,722.373,6.58393,0.0626573,0.1
2562,Baseline,82,Balanced,0,Low,0,High,2,Low,0,Low,0,3.25495,722.069,6.5835,0.062509,0.1
2563,Baseline,82,Balanced,0,Low,0,High,2,Low,0,Low,0,3.27445,725.952,6.58886,0.0627803,0.1
2564,Baseline,81,Balanced,0,Low,0,Medium,1,Low,0,Low,0,3.24226,719.478,6.57991,0.0627811,0.1
2565,Baseline,80,Balanced,0,Low,0,Low,0,Low,0,Low,0,3.24574,719.079,6.57936,0.0625159,0.1
2566,Baseline,65,Balanced,0,Low,0,Low,0,Low,0,Low,0,3.2325,716.279,6.57546,0.0624545,0.1
2567,Baseline,82,Balanced,0,Low,0,High,2,Low,0,Low,0,3.27702,726.942,6.59022,0.0629885,0.1
2568,Baseline,82,Balanced,0,Low,0,High,2,Low,0,Low,0,3.25229,720.043,6.5807,0.0630815,0.1
2569,Baseline,82,Balanced,0,Low,0,High,2,Low,0,Low,0,3.25202,721.316,6.58246,0.0627949,0.1
2570,Baseline,82,Balanced,0,Low,0,High,2,Low,0,Low,0,3.27045,725.572,6.58834,0.0628879,0.1
2571,Baseline,65,Balanced,0,Low,0,Low,0,Low,0,Low,0,3.22655,713.344,6.57136,0.0625897,0.1
2572,Baseline,65,Balanced,0,Low,0,Low,0,Low,0,Low,0,3.23704,716.857,6.57627,0.062904,0.1
2573,Baseline,65,Balanced,0,Low,0,Low,0,Low,0,Low,0,3.23454,715.941,6.57499,0.0628287,0.1
2574,Baseline,82,Balanced,0,Low,0,High,2,Low,0,Low,0,3.2846,728.03,6.59171,0.0629862,0.1
2575,Baseline,82,Balanced,0,Low,0,High,2,Low,0,Low,0,3.26277,724.469,6.58682,0.0626312,0.1
2576,Baseline,81,Balanced,0,Low,0,Medium,1,Low,0,Low,0,3.2464,719.501,6.57995,0.0624099,0.1
2577,Baseline,82,Balanced,0,Low,0,High,2,Low,0,Low,0,3.28392,728.537,6.59241,0.0630554,0.1
2578,Baseline,65,Balanced,0,Low,0,Low,0,Low,0,Low,0,3.22472,714.977,6.57365,0.062685,0.1
2579,Baseline,81,Balanced,0,Low,0,Medium,1,Low,0,Low,0,3.24572,719.679,6.58019,0.0625259,0.1
2580,Baseline,82,Balanced,0,Low,0,High,2,Low,0,Low,0,3.25441,720.958,6.58197,0.0628195,0.1
2581,Baseline,65,Balanced,0,Low,0,Low,0,Low,0,Low,0,3.23509,717.438,6.57708,0.0625743,0.1
2582,Baseline,82,Balanced,0,Low,0,High,2,Low,0,Low,0,3.26652,724.413,6.58674,0.0629617,0.1
2583,Baseline,80,Balanced,0,Low,0,Low,0,Low,0,Low,0,3.24514,718.865,6.57906,0.0628525,0.1
2584,Baseline,65,Balanced,0,Low,0,Low,0,Low,0,Low,0,3.22943,716.063,6.57516,0.0625797,0.1
2585,Baseline,80,Balanced,0,Low,0,Low,0,Low,0,Low,0,3.24348,719.051,6.57932,0.0627511,0.1
2586,Baseline,65,Balanced,0,Low,0,Low,0,Low,0,Low,0,3.23495,716.966,6.57642,0.0629517,0.1
2587,Baseline,65,Balanced,0,Low,0,Low,0,Low,0,Low,0,3.23176,716.85,6.57626,0.0626166,0.1
2588,Baseline,82,Balanced,0,Low,0,High,2,Low,0,Low,0,3.26063,723.095,6.58492,0.0625882,0.1
2589,Baseline,80,Balanced,0,Low,0,Low,0,Low,0,Low,0,3.24211,717.973,6.57782,0.0623315,0.1
2590,Baseline,65,Balanced,0,Low,0,Low,0,Low,0,Low,0,3.23541,716.608,6.57592,0.0625713,0.1
2591,Baseline,82,Balanced,0,Low,0,High,2,Low,0,Low,0,3.25923,723.363,6.58529,0.062881,0.1
2592,Baseline,80,Balanced,0,Low,0,Low,0,Low,0,Low,0,3.24073,718.526,6.57859,0.0628633,0.1
2593,Baseline,82,Balanced,0,Low,0,High,2,Low,0,Low,0,3.26434,722.427,6.584,0.0627134,0.1
2594,Baseline,82,Balanced,0,Low,0,High,2,Low,0,Low,0,3.26431,723.485,6.58546,0.0628103,0.1
2595,Baseline,65,Balanced,0,Low,0,Low,0,Low,0,Low,0,3.22645,714.994,6.57367,0.0626497,0.1
2596,Baseline,82,Balanced,0,Low,0,High,2,Low,0,Low,0,3.25829,721.301,6.58244,0.062735,0.1
2597,Baseline,82,Balanced,0,Low,0,High,2,Low,0,Low,0,3.2732,725.333,6.58801,0.0629363,0.1
2598,Baseline,82,Balanced,0,Low,0,High,2,Low,0,Low,0,3.27443,726.44,6.58953,0.0626873,0.1
2599,Baseline,82,Balanced,0,Low,0,High,2,Low,0,Low,0,3.25702,721.586,6.58284,0.0628502,0.1
2600,Baseline,82,Balanced,0,Low,0,High,2,Low,0,Low,0,3.27584,725.775,6.58862,0.0625951,0.1
2601,Baseline,82,Balanced,0,Low,0,High,2,Low,0,Low,0,3.24844,720.901,6.58189,0.0626212,0.1
2602,Baseline,80,Balanced,0,Low,0,Low,0,Low,0,Low,0,3.24158,719.027,6.57929,0.0627119,0.1
2603,Baseline,82,Balanced,0,Low,0,High,2,Low,0,Low,0,3.26319,724.438,6.58678,0.0627035,0.1
2604,Baseline,82,Balanced,0,Low,0,High,2,Low,0,Low,0,3.25277,720.019,6.58067,0.0628994,0.1
2605,Baseline,80,Balanced,0,Low,0,Low,0,Low,0,Low,0,3.24385,719.018,6.57928,0.0627488,0.1
2606,Baseline,82,Balanced,0,Low,0,High,2,Low,0,Low,0,3.24658,720.158,6.58086,0.0626927,0.1
2607,Baseline,82,Balanced,0,Low,0,High,2,Low,0,Low,0,3.26024,723.438,6.5854,0.0626366,0.1
2608,Baseline,82,Balanced,0,Low,0,High,2,Low,0,Low,0,3.25746,721.439,6.58263,0.0628502,0.1
2609,Baseline,81,Balanced,0,Low,0,Medium,1,Low,0,Low,0,3.24457,719.235,6.57958,0.062506,0.1
2610,Baseline,82,Balanced,0,Low,0,High,2,Low,0,Low,0,3.26373,723.271,6.58517,0.0627934,0.1
2611,Baseline,82,Balanced,0,Low,0,High,2,Low,0,Low,0,3.25696,722.951,6.58472,0.0625167,0.1
2612,Baseline,82,Balanced,0,Low,0,High,2,Low,0,Low,0,3.27987,726.872,6.59013,0.0626981,0.1
2613,Baseline,65,Balanced,0,Low,0,Low,0,Low,0,Low,0,3.23833,717.003,6.57647,0.0629109,0.1
2614,Baseline,81,Balanced,0,Low,0,Medium,1,Low,0,Low,0,3.24975,719.247,6.57959,0.0625636,0.1
2615,Baseline,82,Balanced,0,Low,0,High,2,Low,0,Low,0,3.26408,722.609,6.58425,0.0629094,0.1
2616,Baseline,82,Balanced,0,Low,0,High,2,Low,0,Low,0,3.26954,726.188,6.58919,0.0628279,0.1
2617,Baseline,65,Balanced,0,Low,0,Low,0,Low,0,Low,0,3.22723,715.638,6.57457,0.0626051,0.1
2618,Baseline,82,Balanced,0,Low,0,High,2,Low,0,Low,0,3.25798,722.244,6.58375,0.0627096,0.1
2619,Baseline,82,Balanced,0,Low,0,High,2,Low,0,Low,0,3.25021,721.334,6.58249,0.0624691,0.1
2620,Baseline,65,Balanced,0,Low,0,Low,0,Low,0,Low,0,3.21926,712.419,6.57007,0.0624268,0.1
2621,Baseline,82,Balanced,0,Low,0,High,2,Low,0,Low,0,3.25767,722.138,6.5836,0.0626189,0.1
2622,Baseline,65,Balanced,0,Low,0,Low,0,Low,0,Low,0,3.22748,714.749,6.57333,0.0625313,0.1
2623,Baseline,82,Balanced,0,Low,0,High,2,Low,0,Low,0,3.24784,720.808,6.58176,0.0626865,0.1
2624,Baseline,81,Balanced,0,Low,0,Medium,1,Low,0,Low,0,3.25041,719.854,6.58044,0.062582,0.1
2625,Baseline,65,Balanced,0,Low,0,Low,0,Low,0,Low,0,3.22498,715.258,6.57404,0.0623415,0.1
2626,Baseline,80,Balanced,0,Low,0,Low,0,Low,0,Low,0,3.24489,718.957,6.57919,0.062569,0.1
2627,Baseline,82,Balanced,0,Low,0,High,2,Low,0,Low,0,3.25767,722.419,6.58399,0.0627665,0.1
2628,Baseline,82,Balanced,0,Low,0,High,2,Low,0,Low,0,3.25046,721.277,6.58241,0.0626189,0.1
2629,Baseline,81,Balanced,0,Low,0,Medium,1,Low,0,Low,0,3.24651,719.42,6.57983,0.0625743,0.1
2630,Baseline,82,Balanced,0,Low,0,High,2,Low,0,Low,0,3.2556,722.457,6.58404,0.0627104,0.1
2631,Baseline,82,Balanced,0,Low,0,High,2,Low,0,Low,0,3.24773,720.849,6.58182,0.062592,0.1
2632,Baseline,65,Balanced,0,Low,0,Low,0,Low,0,Low,0,3.23266,716.705,6.57606,0.0625183,0.1
2633,Baseline,65,Balanced,0,Low,0,Low,0,Low,0,Low,0,3.2189,713.398,6.57144,0.0626051,0.1
2634,Baseline,81,Balanced,0,Low,0,Medium,1,Low,0,Low,0,3.24847,719.184,6.57951,0.062997,0.1
2635,Baseline,65,Balanced,0,Low,0,Low,0,Low,0,Low,0,3.23225,716.462,6.57572,0.062758,0.1
2636,Baseline,65,Balanced,0,Low,0,Low,0,Low,0,Low,0,3.23426,716.33,6.57554,0.0629363,0.1
2637,Baseline,82,Balanced,0,Low,0,High,2,Low,0,Low,0,3.26112,723.618,6.58564,0.0625305,0.1
2638,Baseline,65,Balanced,0,Low,0,Low,0,Low,0,Low,0,3.21256,711.27,6.56846,0.0624575,0.1
2639,Baseline,82,Balanced,0,Low,0,High,2,Low,0,Low,0,3.25885,723.451,6.58541,0.0627772,0.1
2640,Baseline,82,Balanced,0,Low,0,High,2,Low,0,Low,0,3.27056,724.701,6.58714,0.0631983,0.1
2641,Baseline,82,Balanced,0,Low,0,High,2,Low,0,Low,0,3.25425,720.981,6.582,0.0625375,0.1
2642,Baseline,65,Balanced,0,Low,0,Low,0,Low,0,Low,0,3.23396,716.255,6.57543,0.0623845,0.1
2643,Baseline,82,Balanced,0,Low,0,High,2,Low,0,Low,0,3.25287,720.739,6.58166,0.0628272,0.1
2644,Baseline,82,Balanced,0,Low,0,High,2,Low,0,Low,0,3.26347,723.082,6.5849,0.0625897,0.1
2645,Baseline,81,Balanced,0,Low,0,Medium,1,Low,0,Low,0,3.2431,719.421,6.57984,0.0628195,0.1
2646,Baseline,82,Balanced,0,Low,0,High,2,Low,0,Low,0,3.26948,723.503,6.58549,0.0630931,0.1
2647,Baseline,65,Balanced,0,Low,0,Low,0,Low,0,Low,0,3.23343,715.977,6.57504,0.0627588,0.1
2648,Baseline,65,Balanced,0,Low,0,Low,0,Low,0,Low,0,3.23777,717.627,6.57734,0.0626696,0.1
2649,Baseline,80,Balanced,0,Low,0,Low,0,Low,0,Low,0,3.24628,718.601,6.5787,0.0626335,0.1
2650,Baseline,82,Balanced,0,Low,0,High,2,Low,0,Low,0,3.25353,720.981,6.582,0.0627887,0.1
2651,Baseline,65,Balanced,0,Low,0,Low,0,Low,0,Low,0,3.23873,717.702,6.57745,0.0626973,0.1
2652,Baseline,65,Balanced,0,Low,0,Low,0,Low,0,Low,0,3.23382,717.813,6.5776,0.0621256,0.1
2653,Baseline,65,Balanced,0,Low,0,Low,0,Low,0,Low,0,3.23382,716.546,6.57584,0.0629501,0.1
2654,Baseline,65,Balanced,0,Low,0,Low,0,Low,0,Low,0,3.20748,710.677,6.56762,0.0627388,0.1
2655,Baseline,80,Balanced,0,Low,0,Low,0,Low,0,Low,0,3.24781,718.609,6.57871,0.0629117,0.1
2656,Baseline,82,Balanced,0,Low,0,High,2,Low,0,Low,0,3.26842,725.259,6.58791,0.0629862,0.1
2657,Baseline,82,Balanced,0,Low,0,High,2,Low,0,Low,0,3.24868,720.399,6.58119,0.0624107,0.1
2658,Baseline,80,Balanced,0,Low,0,Low,0,Low,0,Low,0,3.24303,718.88,6.57908,0.0625782,0.1
2659,Baseline,82,Balanced,0,Low,0,High,2,Low,0,Low,0,3.25055,720.66,6.58155,0.0626404,0.1
2660,Baseline,82,Balanced,0,Low,0,High,2,Low,0,Low,0,3.26405,724.022,6.5862,0.0627157,0.1
2661,Baseline,65,Balanced,0,Low,0,Low,0,Low,0,Low,0,3.23715,717.828,6.57762,0.0625006,0.1
2662,Baseline,80,Balanced,0,Low,0,Low,0,Low,0,Low,0,3.24165,718.112,6.57802,0.0625359,0.1
2663,Baseline,81,Balanced,0,Low,0,Medium,1,Low,0,Low,0,3.24447,719.504,6.57995,0.0625774,0.1
2664,Baseline,82,Balanced,0,Low,0,High,2,Low,0,Low,0,3.26904,724.403,6.58673,0.0627549,0.1
2665,Baseline,65,Balanced,0,Low,0,Low,0,Low,0,Low,0,3.23249,715.723,6.57469,0.0624445,0.1
2666,Baseline,65,Balanced,0,Low,0,Low,0,Low,0,Low,0,3.21161,711.365,6.56859,0.0625375,0.1
2667,Baseline,65,Balanced,0,Low,0,Low,0,Low,0,Low,0,3.22584,715.532,6.57442,0.0624506,0.1
2668,Baseline,65,Balanced,0,Low,0,Low,0,Low,0,Low,0,3.22436,715.005,6.57369,0.0623807,0.1
2669,Baseline,82,Balanced,0,Low,0,High,2,Low,0,Low,0,3.25606,721.411,6.58259,0.0631346,0.1
2670,Baseline,65,Balanced,0,Low,0,Low,0,Low,0,Low,0,3.22104,714.204,6.57257,0.0624737,0.1
2671,Baseline,82,Balanced,0,Low,0,High,2,Low,0,Low,0,3.26666,724.929,6.58745,0.0630032,0.1
2672,Baseline,65,Balanced,0,Low,0,Low,0,Low,0,Low,0,3.2394,717.291,6.57687,0.0627127,0.1
2673,Baseline,82,Balanced,0,Low,0,High,2,Low,0,Low,0,3.25552,721.453,6.58265,0.0626212,0.1
2674,Baseline,82,Balanced,0,Low,0,High,2,Low,0,Low,0,3.25321,720.243,6.58098,0.0625728,0.1
2675,Baseline,82,Balanced,0,Low,0,High,2,Low,0,Low,0,3.24695,720.355,6.58113,0.0627634,0.1
2676,Baseline,82,Balanced,0,Low,0,High,2,Low,0,Low,0,3.24898,720.437,6.58125,0.0628133,0.1
2677,Baseline,65,Balanced,0,Low,0,Low,0,Low,0,Low,0,3.20473,709.638,6.56616,0.0623892,0.1
2678,Baseline,82,Balanced,0,Low,0,High,2,Low,0,Low,0,3.26256,722.835,6.58456,0.0627511,0.1
2679,Baseline,65,Balanced,0,Low,0,Low,0,Low,0,Low,0,3.23758,717.7,6.57744,0.0626819,0.1
2680,Baseline,65,Balanced,0,Low,0,Low,0,Low,0,Low,0,3.23379,716.367,6.57559,0.0626105,0.1
2681,Baseline,80,Balanced,0,Low,0,Low,0,Low,0,Low,0,3.24467,719.122,6.57942,0.0625344,0.1
2682,Baseline,65,Balanced,0,Low,0,Low,0,Low,0,Low,0,3.23402,717.161,6.57669,0.0626212,0.1
2683,Baseline,82,Balanced,0,Low,0,High,2,Low,0,Low,0,3.24892,720.543,6.58139,0.0627357,0.1
2684,Baseline,82,Balanced,0,Low,0,High,2,Low,0,Low,0,3.25342,721.14,6.58222,0.0628364,0.1
2685,Baseline,65,Balanced,0,Low,0,Low,0,Low,0,Low,0,3.23366,716.18,6.57533,0.0624545,0.1
2686,Baseline,82,Balanced,0,Low,0,High,2,Low,0,Low,0,3.25393,721.232,6.58235,0.0627872,0.1
2687,Baseline,65,Balanced,0,Low,0,Low,0,Low,0,Low,0,3.23734,717.912,6.57774,0.0624921,0.1
2688,Baseline,82,Balanced,0,Low,0,High,2,Low,0,Low,0,3.24975,720.632,6.58152,0.0627665,0.1
2689,Baseline,65,Balanced,0,Low,0,Low,0,Low,0,Low,0,3.23652,716.798,6.57619,0.0626381,0.1
2690,Baseline,65,Balanced,0,Low,0,Low,0,Low,0,Low,0,3.23489,716.98,6.57644,0.0626474,0.1
2691,Baseline,82,Balanced,0,Low,0,High,2,Low,0,Low,0,3.26538,724.59,6.58698,0.0627396,0.1
2692,Baseline,82,Balanced,0,Low,0,High,2,Low,0,Low,0,3.2594,722.39,6.58395,0.0625743,0.1
2693,Baseline,82,Balanced,0,Low,0,High,2,Low,0,Low,0,3.25522,721.351,6.58251,0.0629386,0.1
2694,Baseline,65,Balanced,0,Low,0,Low,0,Low,0,Low,0,3.23643,717.637,6.57736,0.0624967,0.1
2695,Baseline,82,Balanced,0,Low,0,High,2,Low,0,Low,0,3.26569,724.037,6.58622,0.0628794,0.1
2696,Baseline,65,Balanced,0,Low,0,Low,0,Low,0,Low,0,3.2394,717.127,6.57665,0.0625913,0.1
2697,Baseline,65,Balanced,0,Low,0,Low,0,Low,0,Low,0,3.23231,716.518,6.5758,0.0623799,0.1
2698,Baseline,82,Balanced,0,Low,0,High,2,Low,0,Low,0,3.25209,721.438,6.58263,0.0625467,0.1
2699,Baseline,80,Balanced,0,Low,0,Low,0,Low,0,Low,0,3.24117,717.997,6.57786,0.0625528,0.1
2700,Baseline,82,Balanced,0,Low,0,High,2,Low,0,Low,0,3.25412,722.075,6.58351,0.0628556,0.1
2701,Baseline,82,Balanced,0,Low,0,High,2,Low,0,Low,0,3.26447,722.994,6.58478,0.0628887,0.1
2702,Baseline,82,Balanced,0,Low,0,High,2,Low,0,Low,0,3.26619,723.158,6.58501,0.0625936,0.1
2703,Baseline,65,Balanced,0,Low,0,Low,0,Low,0,Low,0,3.22091,713.926,6.57218,0.0627396,0.1
2704,Baseline,86,Balanced,0,Low,0,Medium,1,Low,0,Low,0,3.24533,719.535,6.57999,0.0629463,0.1
2705,Baseline,87,Balanced,0,Low,0,High,2,Low,0,Low,0,3.26444,724.154,6.58638,0.0626643,0.1
2706,Baseline,87,Balanced,0,Low,0,High,2,Low,0,Low,0,3.24648,719.926,6.58054,0.0626666,0.1
2707,Baseline,86,Balanced,0,Low,0,Medium,1,Low,0,Low,0,3.24698,719.353,6.57974,0.0628272,0.1
2708,Baseline,87,Balanced,0,Low,0,High,2,Low,0,Low,0,3.27985,726.655,6.58983,0.0628456,0.1
2709,Baseline,70,Balanced,0,Low,0,Low,0,Low,0,Low,0,3.23945,718.531,6.5786,0.0624675,0.1
2710,Baseline,87,Balanced,0,Low,0,High,2,Low,0,Low,0,3.25702,722.037,6.58346,0.0624145,0.1
2711,Baseline,87,Balanced,0,Low,0,High,2,Low,0,Low,0,3.25821,722.57,6.5842,0.0623576,0.1
2712,Baseline,86,Balanced,0,Low,0,Medium,1,Low,0,Low,0,3.24812,719.395,6.5798,0.0628441,0.1
2713,Baseline,87,Balanced,0,Low,0,High,2,Low,0,Low,0,3.25368,720.965,6.58198,0.0627711,0.1
2714,Baseline,87,Balanced,0,Low,0,High,2,Low,0,Low,0,3.24937,720.17,6.58087,0.0627503,0.1
2715,Baseline,85,Balanced,0,Low,0,Low,0,Low,0,Low,0,3.24254,718.23,6.57818,0.0625905,0.1
2716,Baseline,86,Balanced,0,Low,0,Medium,1,Low,0,Low,0,3.24506,719.738,6.58028,0.0622278,0.1
2717,Baseline,86,Balanced,0,Low,0,Medium,1,Low,0,Low,0,3.24331,719.256,6.57961,0.062818,0.1
2718,Baseline,87,Balanced,0,Low,0,High,2,Low,0,Low,0,3.25422,720.991,6.58201,0.062589,0.1
2719,Baseline,70,Balanced,0,Low,0,Low,0,Low,0,Low,0,3.23158,715.689,6.57464,0.0627357,0.1
2720,Baseline,70,Balanced,0,Low,0,Low,0,Low,0,Low,0,3.23134,715.82,6.57482,0.0627672,0.1
2721,Baseline,70,Balanced,0,Low,0,Low,0,Low,0,Low,0,3.23639,716.471,6.57573,0.0625667,0.1
2722,Baseline,87,Balanced,0,Low,0,High,2,Low,0,Low,0,3.2524,720.909,6.5819,0.0628149,0.1
2723,Baseline,87,Balanced,0,Low,0,High,2,Low,0,Low,0,3.24756,720.39,6.58118,0.0625367,0.1
2724,Baseline,86,Balanced,0,Low,0,Medium,1,Low,0,Low,0,3.24674,719.486,6.57993,0.0625236,0.1
2725,Baseline,85,Balanced,0,Low,0,Low,0,Low,0,Low,0,3.24039,717.601,6.57731,0.0629086,0.1
2726,Baseline,70,Balanced,0,Low,0,Low,0,Low,0,Low,0,3.23753,717.52,6.57719,0.0625229,0.1
2727,Baseline,87,Balanced,0,Low,0,High,2,Low,0,Low,0,3.29264,729.214,6.59334,0.0631776,0.1
2728,Baseline,87,Balanced,0,Low,0,High,2,Low,0,Low,0,3.27358,726.274,6.5893,0.0626919,0.1
2729,Baseline,70,Balanced,0,Low,0,Low,0,Low,0,Low,0,3.22882,716.116,6.57524,0.0626658,0.1
2730,Baseline,87,Balanced,0,Low,0,High,2,Low,0,Low,0,3.25751,722.871,6.58461,0.0625436,0.1
2731,Baseline,86,Balanced,0,Low,0,Medium,1,Low,0,Low,0,3.24334,719.422,6.57984,0.0628602,0.1
2732,Baseline,87,Balanced,0,Low,0,High,2,Low,0,Low,0,3.26444,723.315,6.58523,0.0627749,0.1
2733,Baseline,87,Balanced,0,Low,0,High,2,Low,0,Low,0,3.26285,723.497,6.58548,0.0628648,0.1
2734,Baseline,87,Balanced,0,Low,0,High,2,Low,0,Low,0,3.25154,720.777,6.58172,0.0628541,0.1
2735,Baseline,87,Balanced,0,Low,0,High,2,Low,0,Low,0,3.25685,721.834,6.58318,0.0629209,0.1
2736,Baseline,87,Balanced,0,Low,0,High,2,Low,0,Low,0,3.25185,721.091,6.58215,0.0625605,0.1
2737,Baseline,70,Balanced,0,Low,0,Low,0,Low,0,Low,0,3.23933,717.95,6.57779,0.0626681,0.1
2738,Baseline,70,Balanced,0,Low,0,Low,0,Low,0,Low,0,3.22975,716.435,6.57568,0.0625651,0.1
2739,Baseline,70,Balanced,0,Low,0,Low,0,Low,0,Low,0,3.22052,715.478,6.57435,0.0622839,0.1
2740,Baseline,70,Balanced,0,Low,0,Low,0,Low,0,Low,0,3.2367,717.477,6.57713,0.0627695,0.1
2741,Baseline,70,Balanced,0,Low,0,Low,0,Low,0,Low,0,3.2377,719.099,6.57939,0.0623853,0.1
2742,Baseline,87,Balanced,0,Low,0,High,2,Low,0,Low,0,3.24662,720.307,6.58107,0.0623892,0.1
2743,Baseline,87,Balanced,0,Low,0,High,2,Low,0,Low,0,3.24397,720.217,6.58094,0.0626089,0.1
2744,Baseline,87,Balanced,0,Low,0,High,2,Low,0,Low,0,3.25706,722.422,6.58399,0.0626412,0.1
2745,Baseline,70,Balanced,0,Low,0,Low,0,Low,0,Low,0,3.2353,717.289,6.57687,0.0627011,0.1
2746,Baseline,87,Balanced,0,Low,0,High,2,Low,0,Low,0,3.2491,720.523,6.58136,0.0626312,0.1
2747,Baseline,85,Balanced,0,Low,0,Low,0,Low,0,Low,0,3.24139,717.486,6.57715,0.0626105,0.1
2748,Baseline,87,Balanced,0,Low,0,High,2,Low,0,Low,0,3.2489,720.725,6.58164,0.0623054,0.1
2749,Baseline,87,Balanced,0,Low,0,High,2,Low,0,Low,0,3.25481,721.266,6.58239,0.0623938,0.1
2750,Baseline,87,Balanced,0,Low,0,High,2,Low,0,Low,0,3.27003,724.613,6.58702,0.0627081,0.1
2751,Baseline,85,Balanced,0,Low,0,Low,0,Low,0,Low,0,3.24055,718.971,6.57921,0.0624491,0.1
2752,Baseline,87,Balanced,0,Low,0,High,2,Low,0,Low,0,3.2615,723.759,6.58584,0.0628418,0.1
2753,Baseline,87,Balanced,0,Low,0,High,2,Low,0,Low,0,3.24781,720.127,6.58082,0.0625159,0.1
2754,Baseline,87,Balanced,0,Low,0,High,2,Low,0,Low,0,3.24982,720.335,6.5811,0.0627188,0.1
2755,Baseline,87,Balanced,0,Low,0,High,2,Low,0,Low,0,3.25381,721.847,6.5832,0.0626028,0.1
2756,Baseline,86,Balanced,0,Low,0,Medium,1,Low,0,Low,0,3.24353,719.659,6.58017,0.062662,0.1
2757,Baseline,87,Balanced,0,Low,0,High,2,Low,0,Low,0,3.25247,721.401,6.58258,0.0627949,0.1
2758,Baseline,70,Balanced,0,Low,0,Low,0,Low,0,Low,0,3.22786,715.997,6.57507,0.0625267,0.1
2759,Baseline,85,Balanced,0,Low,0,Low,0,Low,0,Low,0,3.24232,718.388,6.5784,0.0626043,0.1
2760,Baseline,87,Balanced,0,Low,0,High,2,Low,0,Low,0,3.26086,722.694,6.58437,0.0626566,0.1
2761,Baseline,70,Balanced,0,Low,0,Low,0,Low,0,Low,0,3.23808,717.893,6.57771,0.0628518,0.1
2762,Baseline,86,Balanced,0,Low,0,Medium,1,Low,0,Low,0,3.24384,719.488,6.57993,0.0625705,0.1
2763,Baseline,70,Balanced,0,Low,0,Low,0,Low,0,Low,0,3.23804,717.571,6.57726,0.0624429,0.1
2764,Baseline,70,Balanced,0,Low,0,Low,0,Low,0,Low,0,3.23614,718.262,6.57823,0.0626228,0.1
2765,Baseline,70,Balanced,0,Low,0,Low,0,Low,0,Low,0,3.21092,711.229,6.5684,0.0624929,0.1
2766,Baseline,87,Balanced,0,Low,0,High,2,Low,0,Low,0,3.26371,723.893,6.58602,0.0628863,0.1
2767,Baseline,87,Balanced,0,Low,0,High,2,Low,0,Low,0,3.24751,720.38,6.58117,0.062582,0.1
2768,Baseline,87,Balanced,0,Low,0,High,2,Low,0,Low,0,3.25714,722.601,6.58424,0.0629071,0.1
2769,Baseline,70,Balanced,0,Low,0,Low,0,Low,0,Low,0,3.23403,716.308,6.57551,0.062987,0.1
2770,Baseline,87,Balanced,0,Low,0,High,2,Low,0,Low,0,3.28251,729.365,6.59354,0.0629171,0.1
2771,Baseline,87,Balanced,0,Low,0,High,2,Low,0,Low,0,3.25246,720.716,6.58163,0.0626896,0.1
2772,Baseline,87,Balanced,0,Low,0,High,2,Low,0,Low,0,3.2672,724.462,6.58681,0.062695,0.1
2773,Baseline,85,Balanced,0,Low,0,Low,0,Low,0,Low,0,3.24558,718.888,6.5791,0.0626343,0.1
2774,Baseline,86,Balanced,0,Low,0,Medium,1,Low,0,Low,0,3.24513,719.435,6.57986,0.0627388,0.1
2775,Baseline,70,Balanced,0,Low,0,Low,0,Low,0,Low,0,3.23173,717.411,6.57704,0.0625628,0.1
2776,Baseline,70,Balanced,0,Low,0,Low,0,Low,0,Low,0,3.21605,713.702,6.57187,0.0621186,0.1
2777,Baseline,87,Balanced,0,Low,0,High,2,Low,0,Low,0,3.25195,720.984,6.582,0.0628041,0.1
2778,Baseline,70,Balanced,0,Low,0,Low,0,Low,0,Low,0,3.2374,718.121,6.57803,0.062612,0.1
2779,Baseline,87,Balanced,0,Low,0,High,2,Low,0,Low,0,3.2543,721.62,6.58288,0.0627595,0.1
2780,Baseline,87,Balanced,0,Low,0,High,2,Low,0,Low,0,3.24999,720.508,6.58134,0.0624698,0.1
2781,Baseline,86,Balanced,0,Low,0,Medium,1,Low,0,Low,0,3.24994,719.783,6.58034,0.0628541,0.1
2782,Baseline,87,Balanced,0,Low,0,High,2,Low,0,Low,0,3.26832,724.405,6.58673,0.0626051,0.1
2783,Baseline,85,Balanced,0,Low,0,Low,0,Low,0,Low,0,3.24349,718.686,6.57882,0.0623991,0.1
2784,Baseline,87,Balanced,0,Low,0,High,2,Low,0,Low,0,3.25644,722.416,6.58398,0.0628402,0.1
2785,Baseline,87,Balanced,0,Low,0,High,2,Low,0,Low,0,3.26195,723.606,6.58563,0.0626381,0.1
2786,Baseline,85,Balanced,0,Low,0,Low,0,Low,0,Low,0,3.24085,717.362,6.57697,0.0626996,0.1
2787,Baseline,86,Balanced,0,Low,0,Medium,1,Low,0,Low,0,3.24579,719.787,6.58034,0.0627526,0.1
2788,Baseline,86,Balanced,0,Low,0,Medium,1,Low,0,Low,0,3.24728,719.566,6.58004,0.0626043,0.1
2789,Baseline,70,Balanced,0,Low,0,Low,0,Low,0,Low,0,3.23225,716.919,6.57636,0.0625129,0.1
2790,Baseline,87,Balanced,0,Low,0,High,2,Low,0,Low,0,3.25189,720.593,6.58146,0.0626205,0.1
2791,Baseline,70,Balanced,0,Low,0,Low,0,Low,0,Low,0,3.22179,713.36,6.57139,0.0625567,0.1
2792,Baseline,70,Balanced,0,Low,0,Low,0,Low,0,Low,0,3.23967,718.469,6.57851,0.0626012,0.1
2793,Baseline,86,Balanced,0,Low,0,Medium,1,Low,0,Low,0,3.24815,719.595,6.58008,0.0627073,0.1
2794,Baseline,70,Balanced,0,Low,0,Low,0,Low,0,Low,0,3.23092,716.825,6.57623,0.0624506,0.1
2795,Baseline,86,Balanced,0,Low,0,Medium,1,Low,0,Low,0,3.24604,719.819,6.58039,0.0626643,0.1
2796,Baseline,70,Balanced,0,Low,0,Low,0,Low,0,Low,0,3.20711,710.304,6.5671,0.0625459,0.1
2797,Baseline,70,Balanced,0,Low,0,Low,0,Low,0,Low,0,3.22796,716.352,6.57557,0.0626028,0.1
2798,Baseline,87,Balanced,0,Low,0,High,2,Low,0,Low,0,3.27911,727.517,6.59101,0.0629486,0.1
2799,Baseline,70,Balanced,0,Low,0,Low,0,Low,0,Low,0,3.23753,718.581,6.57867,0.0627511,0.1
2800,Baseline,85,Balanced,0,Low,0,Low,0,Low,0,Low,0,3.24606,719.14,6.57945,0.062748,0.1
2801,Baseline,86,Balanced,0,Low,0,Medium,1,Low,0,Low,0,3.24311,719.186,6.57951,0.0627619,0.1
2802,Baseline,70,Balanced,0,Low,0,Low,0,Low,0,Low,0,3.22833,715.811,6.57481,0.062559,0.1
2803,Baseline,70,Balanced,0,Low,0,Low,0,Low,0,Low,0,3.22887,715.581,6.57449,0.0624537,0.1
2804,Baseline,86,Balanced,0,Low,0,Medium,1,Low,0,Low,0,3.24389,719.665,6.58017,0.062811,0.1
2805,Baseline,87,Balanced,0,Low,0,High,2,Low,0,Low,0,3.24403,720.695,6.5816,0.062821,0.1
2806,Baseline,87,Balanced,0,Low,0,High,2,Low,0,Low,0,3.25899,722.753,6.58445,0.0628379,0.1
2807,Baseline,87,Balanced,0,Low,0,High,2,Low,0,Low,0,3.28246,727.825,6.59143,0.0626089,0.1
2808,Baseline,87,Balanced,0,Low,0,High,2,Low,0,Low,0,3.26809,724.342,6.58664,0.0625075,0.1
2809,Baseline,86,Balanced,0,Low,0,Medium,1,Low,0,Low,0,3.24319,719.574,6.58005,0.0627357,0.1
2810,Baseline,85,Balanced,0,Low,0,Low,0,Low,0,Low,0,3.24088,718.368,6.57837,0.0626097,0.1
2811,Baseline,86,Balanced,0,Low,0,Medium,1,Low,0,Low,0,3.24612,719.576,6.58005,0.0629486,0.1
2812,Baseline,70,Balanced,0,Low,0,Low,0,Low,0,Low,0,3.23076,716.552,6.57584,0.0624568,0.1
2813,Baseline,86,Balanced,0,Low,0,Medium,1,Low,0,Low,0,3.24357,719.365,6.57976,0.0624299,0.1
2814,Baseline,70,Balanced,0,Low,0,Low,0,Low,0,Low,0,3.22438,713.43,6.57149,0.0631661,0.1
2815,Baseline,87,Balanced,0,Low,0,High,2,Low,0,Low,0,3.25487,721.259,6.58238,0.0626742,0.1
2816,Baseline,87,Balanced,0,Low,0,High,2,Low,0,Low,0,3.25145,721.787,6.58312,0.0623853,0.1
2817,Baseline,85,Balanced,0,Low,0,Low,0,Low,0,Low,0,3.24026,718.414,6.57844,0.0624683,0.1
2818,Baseline,70,Balanced,0,Low,0,Low,0,Low,0,Low,0,3.22528,714.979,6.57365,0.0627111,0.1
2819,Baseline,70,Balanced,0,Low,0,Low,0,Low,0,Low,0,3.22308,714.251,6.57263,0.0624314,0.1
2820,Baseline,87,Balanced,0,Low,0,High,2,Low,0,Low,0,3.24727,719.998,6.58064,0.0628979,0.1
2821,Baseline,87,Balanced,0,Low,0,High,2,Low,0,Low,0,3.25213,720.87,6.58185,0.0625236,0.1
2822,Baseline,87,Balanced,0,Low,0,High,2,Low,0,Low,0,3.25047,721.319,6.58247,0.0626074,0.1
2823,Baseline,70,Balanced,0,Low,0,Low,0,Low,0,Low,0,3.22433,713.598,6.57172,0.0625959,0.1
2824,Baseline,87,Balanced,0,Low,0,High,2,Low,0,Low,0,3.26719,723.75,6.58583,0.0629294,0.1
2825,Baseline,70,Balanced,0,Low,0,Low,0,Low,0,Low,0,3.21849,713.319,6.57133,0.0624383,0.1
2826,Baseline,87,Balanced,0,Low,0,High,2,Low,0,Low,0,3.25925,722.484,6.58408,0.0628418,0.1
2827,Baseline,87,Balanced,0,Low,0,High,2,Low,0,Low,0,3.2697,724.021,6.5862,0.0630846,0.1
2828,Baseline,70,Balanced,0,Low,0,Low,0,Low,0,Low,0,3.21646,712.891,6.57073,0.0623169,0.1
2829,Baseline,70,Balanced,0,Low,0,Low,0,Low,0,Low,0,3.2329,716.069,6.57517,0.0627695,0.1
2830,Baseline,70,Balanced,0,Low,0,Low,0,Low,0,Low,0,3.21736,712.768,6.57056,0.0624506,0.1
2831,Baseline,70,Balanced,0,Low,0,Low,0,Low,0,Low,0,3.2141,712.439,6.5701,0.0625644,0.1
2832,Baseline,87,Balanced,0,Low,0,High,2,Low,0,Low,0,3.24968,720.495,6.58133,0.0625413,0.1
2833,Baseline,86,Balanced,0,Low,0,Medium,1,Low,0,Low,0,3.2459,719.475,6.57991,0.0627273,0.1
2834,Baseline,70,Balanced,0,Low,0,Low,0,Low,0,Low,0,3.23725,717.483,6.57714,0.0627257,0.1
2835,Baseline,70,Balanced,0,Low,0,Low,0,Low,0,Low,0,3.23947,717.07,6.57657,0.0626535,0.1
2836,Baseline,87,Balanced,0,Low,0,High,2,Low,0,Low,0,3.27215,725.668,6.58847,0.0631192,0.1
2837,Baseline,87,Balanced,0,Low,0,High,2,Low,0,Low,0,3.26012,721.819,6.58316,0.062735,0.1
2838,Baseline,87,Balanced,0,Low,0,High,2,Low,0,Low,0,3.2519,721.479,6.58269,0.0626466,0.1
2839,Baseline,86,Balanced,0,Low,0,Medium,1,Low,0,Low,0,3.24595,719.596,6.58008,0.0626681,0.1
2840,Baseline,87,Balanced,0,Low,0,High,2,Low,0,Low,0,3.24907,720.612,6.58149,0.062539,0.1
2841,Baseline,85,Balanced,0,Low,0,Low,0,Low,0,Low,0,3.24257,718.432,6.57846,0.0627035,0.1
2842,Baseline,87,Balanced,0,Low,0,High,2,Low,0,Low,0,3.25173,720.867,6.58184,0.0629916,0.1
2843,Baseline,70,Balanced,0,Low,0,Low,0,Low,0,Low,0,3.23886,718.423,6.57845,0.0627211,0.1
2844,Baseline,87,Balanced,0,Low,0,High,2,Low,0,Low,0,3.26902,725.45,6.58817,0.0628325,0.1
2845,Baseline,70,Balanced,0,Low,0,Low,0,Low,0,Low,0,3.23069,715.841,6.57485,0.0627665,0.1
2846,Baseline,87,Balanced,0,Low,0,High,2,Low,0,Low,0,3.25033,720.608,6.58148,0.0626996,0.1
2847,Baseline,87,Balanced,0,Low,0,High,2,Low,0,Low,0,3.25625,721.979,6.58338,0.0627411,0.1
2848,Baseline,85,Balanced,0,Low,0,Low,0,Low,0,Low,0,3.24543,718.379,6.57839,0.0624429,0.1
2849,Baseline,86,Balanced,0,Low,0,Medium,1,Low,0,Low,0,3.24142,719.363,6.57976,0.0624744,0.1
2850,Baseline,87,Balanced,0,Low,0,High,2,Low,0,Low,0,3.25699,721.976,6.58338,0.0626912,0.1
2851,Baseline,87,Balanced,0,Low,0,High,2,Low,0,Low,0,3.26411,722.938,6.58471,0.0627165,0.1
2852,Baseline,87,Balanced,0,Low,0,High,2,Low,0,Low,0,3.2697,724.614,6.58702,0.0629424,0.1
2853,Baseline,85,Balanced,0,Low,0,Low,0,Low,0,Low,0,3.24206,718.747,6.5789,0.0628533,0.1
2854,Baseline,87,Balanced,0,Low,0,High,2,Low,0,Low,0,3.25539,722.029,6.58345,0.0624768,0.1
2855,Baseline,87,Balanced,0,Low,0,High,2,Low,0,Low,0,3.2776,727.227,6.59061,0.062841,0.1
2856,Baseline,70,Balanced,0,Low,0,Low,0,Low,0,Low,0,3.21868,711.873,6.5693,0.062944,0.1
2857,Baseline,70,Balanced,0,Low,0,Low,0,Low,0,Low,0,3.235,717.155,6.57669,0.062589,0.1
2858,Baseline,70,Balanced,0,Low,0,Low,0,Low,0,Low,0,3.22789,715.739,6.57471,0.0626304,0.1
2859,Baseline,87,Balanced,0,Low,0,High,2,Low,0,Low,0,3.25471,722.615,6.58426,0.062383,0.1
2860,Baseline,85,Balanced,0,Low,0,Low,0,Low,0,Low,0,3.24148,718.171,6.5781,0.062582,0.1
2861,Baseline,70,Balanced,0,Low,0,Low,0,Low,0,Low,0,3.23932,717.574,6.57727,0.0628664,0.1
2862,Baseline,70,Balanced,0,Low,0,Low,0,Low,0,Low,0,3.23895,717.603,6.57731,0.0624998,0.1
2863,Baseline,70,Balanced,0,Low,0,Low,0,Low,0,Low,0,3.23967,718.206,6.57815,0.0626189,0.1
2864,Baseline,87,Balanced,0,Low,0,High,2,Low,0,Low,0,3.2548,721.544,6.58278,0.0629739,0.1
2865,Baseline,87,Balanced,0,Low,0,High,2,Low,0,Low,0,3.26406,723.744,6.58582,0.062831,0.1
2866,Baseline,87,Balanced,0,Low,0,High,2,Low,0,Low,0,3.2581,721.598,6.58285,0.0631814,0.1
2867,Baseline,70,Balanced,0,Low,0,Low,0,Low,0,Low,0,3.23486,717.187,6.57673,0.0624645,0.1
2868,Baseline,87,Balanced,0,Low,0,High,2,Low,0,Low,0,3.26752,724.9,6.58741,0.062705,0.1
2869,Baseline,87,Balanced,0,Low,0,High,2,Low,0,Low,0,3.24756,720.319,6.58108,0.0627035,0.1
2870,Baseline,70,Balanced,0,Low,0,Low,0,Low,0,Low,0,3.23916,718.921,6.57914,0.0628449,0.1
2871,Baseline,87,Balanced,0,Low,0,High,2,Low,0,Low,0,3.24711,720.503,6.58134,0.0625482,0.1
2872,Baseline,70,Balanced,0,Low,0,Low,0,Low,0,Low,0,3.23993,718.176,6.57811,0.0625851,0.1
2873,Baseline,85,Balanced,0,Low,0,Low,0,Low,0,Low,0,3.24016,717.625,6.57734,0.0625282,0.1
2874,Baseline,87,Balanced,0,Low,0,High,2,Low,0,Low,0,3.2618,723.243,6.58513,0.0625421,0.1
2875,Baseline,70,Balanced,0,Low,0,Low,0,Low,0,Low,0,3.22758,715.069,6.57378,0.0626658,0.1
2876,Baseline,70,Balanced,0,Low,0,Low,0,Low,0,Low,0,3.23172,717.141,6.57667,0.0626742,0.1
2877,Baseline,87,Balanced,0,Low,0,High,2,Low,0,Low,0,3.25432,722.635,6.58429,0.0622385,0.1
2878,Baseline,85,Balanced,0,Low,0,Low,0,Low,0,Low,0,3.24183,718.519,6.57858,0.062894,0.1
2879,Baseline,87,Balanced,0,Low,0,High,2,Low,0,Low,0,3.27354,725.447,6.58817,0.0630201,0.1
2880,Baseline,86,Balanced,0,Low,0,Medium,1,Low,0,Low,0,3.24017,719.433,6.57985,0.062569,0.1
2881,Baseline,87,Balanced,0,Low,0,High,2,Low,0,Low,0,3.27253,725.46,6.58818,0.0628279,0.1
2882,Baseline,87,Balanced,0,Low,0,High,2,Low,0,Low,0,3.25683,721.403,6.58258,0.0626942,0.1
2883,Baseline,87,Balanced,0,Low,0,High,2,Low,0,Low,0,3.24936,720.461,6.58128,0.0630554,0.1
2884,Baseline,87,Balanced,0,Low,0,High,2,Low,0,Low,0,3.25102,720.274,6.58102,0.0625367,0.1
2885,Baseline,70,Balanced,0,Low,0,Low,0,Low,0,Low,0,3.23568,716.778,6.57616,0.062798,0.1
2886,Baseline,70,Balanced,0,Low,0,Low,0,Low,0,Low,0,3.22691,715.257,6.57404,0.0628279,0.1
2887,Baseline,70,Balanced,0,Low,0,Low,0,Low,0,Low,0,3.23592,717.046,6.57653,0.0623492,0.1
2888,Baseline,70,Balanced,0,Low,0,Low,0,Low,0,Low,0,3.23836,718.213,6.57816,0.0626919,0.1
2889,Baseline,87,Balanced,0,Low,0,High,2,Low,0,Low,0,3.25642,721.687,6.58298,0.0628057,0.1
2890,Baseline,87,Balanced,0,Low,0,High,2,Low,0,Low,0,3.27593,726.741,6.58995,0.0628472,0.1
2891,Baseline,87,Balanced,0,Low,0,High,2,Low,0,Low,0,3.25523,722.142,6.58361,0.0628018,0.1
2892,Baseline,70,Balanced,0,Low,0,Low,0,Low,0,Low,0,3.23552,717.471,6.57713,0.0624137,0.1
2893,Baseline,70,Balanced,0,Low,0,Low,0,Low,0,Low,0,3.22487,715.083,6.5738,0.0626789,0.1
2894,Baseline,70,Balanced,0,Low,0,Low,0,Low,0,Low,0,3.22722,715.609,6.57453,0.0626274,0.1
2895,Baseline,87,Balanced,0,Low,0,High,2,Low,0,Low,0,3.25425,720.832,6.58179,0.0627887,0.1
2896,Baseline,87,Balanced,0,Low,0,High,2,Low,0,Low,0,3.25417,720.504,6.58134,0.062821,0.1
2897,Baseline,87,Balanced,0,Low,0,High,2,Low,0,Low,0,3.26957,725.541,6.58829,0.062642,0.1
2898,Baseline,86,Balanced,0,Low,0,Medium,1,Low,0,Low,0,3.2438,719.25,6.5796,0.0628633,0.1
2899,Baseline,87,Balanced,0,Low,0,High,2,Low,0,Low,0,3.24711,720.396,6.58119,0.0628802,0.1
2900,Baseline,86,Balanced,0,Low,0,Medium,1,Low,0,Low,0,3.24289,719.824,6.5804,0.0622739,0.1
2901,Baseline,87,Balanced,0,Low,0,High,2,Low,0,Low,0,3.26128,721.866,6.58322,0.0630869,0.1
2902,Baseline,85,Balanced,0,Low,0,Low,0,Low,0,Low,0,3.24043,717.875,6.57769,0.0628618,0.1
2903,Baseline,87,Balanced,0,Low,0,High,2,Low,0,Low,0,3.26221,722.387,6.58394,0.0627749,0.1
2904,Baseline,85,Balanced,0,Low,0,Low,0,Low,0,Low,0,3.2412,718.559,6.57864,0.0625743,0.1
2905,Baseline,87,Balanced,0,Low,0,High,2,Low,0,Low,0,3.25145,720.711,6.58162,0.0626681,0.1
2906,Baseline,87,Balanced,0,Low,0,High,2,Low,0,Low,0,3.27094,725.074,6.58765,0.0626881,0.1
2907,Baseline,87,Balanced,0,Low,0,High,2,Low,0,Low,0,3.25283,720.533,6.58138,0.0628295,0.1
2908,Baseline,87,Balanced,0,Low,0,High,2,Low,0,Low,0,3.25672,722.156,6.58362,0.0623638,0.1
2909,Baseline,70,Balanced,0,Low,0,Low,0,Low,0,Low,0,3.21842,714.509,6.57299,0.0625152,0.1
2910,Baseline,70,Balanced,0,Low,0,Low,0,Low,0,Low,0,3.23718,718.324,6.57831,0.0624007,0.1
2911,Baseline,70,Balanced,0,Low,0,Low,0,Low,0,Low,0,3.23569,716.084,6.57519,0.0625459,0.1
2912,Baseline,87,Balanced,0,Low,0,High,2,Low,0,Low,0,3.27561,725.326,6.588,0.0627096,0.1
2913,Baseline,70,Balanced,0,Low,0,Low,0,Low,0,Low,0,3.21939,713.946,6.57221,0.0623615,0.1
2914,Baseline,70,Balanced,0,Low,0,Low,0,Low,0,Low,0,3.21485,712.324,6.56994,0.0622124,0.1
2915,Baseline,70,Balanced,0,Low,0,Low,0,Low,0,Low,0,3.23295,717.842,6.57764,0.0625252,0.1
2916,Baseline,86,Balanced,0,Low,0,Medium,1,Low,0,Low,0,3.24744,719.296,6.57966,0.0626197,0.1
2917,Baseline,87,Balanced,0,Low,0,High,2,Low,0,Low,0,3.25088,720.982,6.582,0.0627058,0.1
2918,Baseline,70,Balanced,0,Low,0,Low,0,Low,0,Low,0,3.23975,718.037,6.57791,0.0628141,0.1
2919,Baseline,86,Balanced,0,Low,0,Medium,1,Low,0,Low,0,3.24699,719.657,6.58016,0.0625375,0.1
2920,Baseline,87,Balanced,0,Low,0,High,2,Low,0,Low,0,3.25589,722.588,6.58422,0.0627019,0.1
2921,Baseline,87,Balanced,0,Low,0,High,2,Low,0,Low,0,3.25092,720.855,6.58182,0.0625936,0.1
2922,Baseline,85,Balanced,0,Low,0,Low,0,Low,0,Low,0,3.24028,718.206,6.57815,0.0629217,0.1
2923,Baseline,70,Balanced,0,Low,0,Low,0,Low,0,Low,0,3.21,711.777,6.56917,0.0626212,0.1
2924,Baseline,70,Balanced,0,Low,0,Low,0,Low,0,Low,0,3.23625,718.369,6.57837,0.0622547,0.1
2925,Baseline,70,Balanced,0,Low,0,Low,0,Low,0,Low,0,3.23216,716.364,6.57558,0.0629225,0.1
2926,Baseline,87,Balanced,0,Low,0,High,2,Low,0,Low,0,3.25776,721.568,6.58281,0.0626919,0.1
2927,Baseline,70,Balanced,0,Low,0,Low,0,Low,0,Low,0,3.23417,717.397,6.57702,0.0628502,0.1
2928,Baseline,70,Balanced,0,Low,0,Low,0,Low,0,Low,0,3.23892,719.105,6.5794,0.0625352,0.1
2929,Baseline,85,Balanced,0,Low,0,Low,0,Low,0,Low,0,3.24744,719.151,6.57946,0.0625213,0.1
2930,Baseline,70,Balanced,0,Low,0,Low,0,Low,0,Low,0,3.23717,717.819,6.57761,0.0628302,0.1
2931,Baseline,87,Balanced,0,Low,0,High,2,Low,0,Low,0,3.26373,723.063,6.58488,0.062821,0.1
2932,Baseline,87,Balanced,0,Low,0,High,2,Low,0,Low,0,3.27497,726.542,6.58967,0.0627296,0.1
2933,Baseline,87,Balanced,0,Low,0,High,2,Low,0,Low,0,3.25086,721.617,6.58288,0.0628402,0.1
2934,Baseline,70,Balanced,0,Low,0,Low,0,Low,0,Low,0,3.22639,713.913,6.57216,0.0628733,0.1
2935,Baseline,86,Balanced,0,Low,0,Medium,1,Low,0,Low,0,3.24451,719.226,6.57956,0.0625167,0.1
2936,Baseline,85,Balanced,0,Low,0,Low,0,Low,0,Low,0,3.24214,719.029,6.57929,0.0624814,0.1
2937,Baseline,70,Balanced,0,Low,0,Low,0,Low,0,Low,0,3.21945,713.478,6.57155,0.0629148,0.1
2938,Baseline,87,Balanced,0,Low,0,High,2,Low,0,Low,0,3.25124,720.549,6.5814,0.0627119,0.1
2939,Baseline,87,Balanced,0,Low,0,High,2,Low,0,Low,0,3.29449,729.382,6.59357,0.0631622,0.1
2940,Baseline,87,Balanced,0,Low,0,High,2,Low,0,Low,0,3.26531,724.006,6.58618,0.0627165,0.1
2941,Baseline,87,Balanced,0,Low,0,High,2,Low,0,Low,0,3.25131,721.057,6.5821,0.062811,0.1
2942,Baseline,85,Balanced,0,Low,0,Low,0,Low,0,Low,0,3.24281,718.917,6.57914,0.0625436,0.1
2943,Baseline,70,Balanced,0,Low,0,Low,0,Low,0,Low,0,3.23842,717.156,6.57669,0.0624806,0.1
2944,Baseline,85,Balanced,0,Low,0,Low,0,Low,0,Low,0,3.24416,718.635,6.57874,0.0625866,0.1
2945,Baseline,87,Balanced,0,Low,0,High,2,Low,0,Low,0,3.25257,720.986,6.58201,0.0629455,0.1
2946,Baseline,87,Balanced,0,Low,0,High,2,Low,0,Low,0,3.2518,721.29,6.58243,0.0626097,0.1
2947,Baseline,87,Balanced,0,Low,0,High,2,Low,0,Low,0,3.25162,720.729,6.58165,0.0627142,0.1
2948,Baseline,85,Balanced,0,Low,0,Low,0,Low,0,Low,0,3.24639,718.545,6.57862,0.0626597,0.1
2949,Baseline,87,Balanced,0,Low,0,High,2,Low,0,Low,0,3.25866,723.802,6.5859,0.0626312,0.1
2950,Baseline,87,Balanced,0,Low,0,High,2,Low,0,Low,0,3.26212,724.221,6.58648,0.0625582,0.1
2951,Baseline,85,Balanced,0,Low,0,Low,0,Low,0,Low,0,3.24357,718.695,6.57883,0.0624452,0.1
2952,Baseline,87,Balanced,0,Low,0,High,2,Low,0,Low,0,3.25194,720.486,6.58131,0.0626397,0.1
2953,Baseline,87,Balanced,0,Low,0,High,2,Low,0,Low,0,3.26937,725.051,6.58762,0.0627104,0.1
2954,Baseline,87,Balanced,0,Low,0,High,2,Low,0,Low,0,3.2857,727.184,6.59055,0.0632882,0.1
2955,Baseline,87,Balanced,0,Low,0,High,2,Low,0,Low,0,3.2599,723.119,6.58496,0.0626604,0.1
2956,Baseline,70,Balanced,0,Low,0,Low,0,Low,0,Low,0,3.23627,718.453,6.57849,0.0624122,0.1
2957,Baseline,70,Balanced,0,Low,0,Low,0,Low,0,Low,0,3.24,718.306,6.57829,0.0623223,0.1
2958,Baseline,87,Balanced,0,Low,0,High,2,Low,0,Low,0,3.25533,722.185,6.58367,0.0625782,0.1
2959,Baseline,87,Balanced,0,Low,0,High,2,Low,0,Low,0,3.2531,720.992,6.58201,0.0628095,0.1
2960,Baseline,85,Balanced,0,Low,0,Low,0,Low,0,Low,0,3.24279,718.952,6.57918,0.0628425,0.1
2961,Baseline,70,Balanced,0,Low,0,Low,0,Low,0,Low,0,3.23133,716.595,6.5759,0.0626389,0.1
2962,Baseline,86,Balanced,0,Low,0,Medium,1,Low,0,Low,0,3.24785,719.794,6.58035,0.0624222,0.1
2963,Baseline,87,Balanced,0,Low,0,High,2,Low,0,Low,0,3.2513,721.621,6.58288,0.0623246,0.1
2964,Baseline,87,Balanced,0,Low,0,High,2,Low,0,Low,0,3.25373,720.827,6.58178,0.0629225,0.1
2965,Baseline,87,Balanced,0,Low,0,High,2,Low,0,Low,0,3.24822,720.001,6.58064,0.0625029,0.1
2966,Baseline,85,Balanced,0,Low,0,Low,0,Low,0,Low,0,3.2443,719.075,6.57936,0.0630247,0.1
2967,Baseline,87,Balanced,0,Low,0,High,2,Low,0,Low,0,3.25281,720.406,6.5812,0.0625628,0.1
2968,Baseline,86,Balanced,0,Low,0,Medium,1,Low,0,Low,0,3.24091,719.392,6.5798,0.0624337,0.1
2969,Baseline,87,Balanced,0,Low,0,High,2,Low,0,Low,0,3.2855,727.439,6.5909,0.0629209,0.1
2970,Baseline,87,Balanced,0,Low,0,High,2,Low,0,Low,0,3.27277,725.522,6.58827,0.0628571,0.1
2971,Baseline,70,Balanced,0,Low,0,Low,0,Low,0,Low,0,3.23289,716.564,6.57586,0.0622693,0.1
2972,Baseline,87,Balanced,0,Low,0,High,2,Low,0,Low,0,3.248,720.022,6.58067,0.0624821,0.1
2973,Baseline,87,Balanced,0,Low,0,High,2,Low,0,Low,0,3.25052,720.791,6.58174,0.0627864,0.1
2974,Baseline,87,Balanced,0,Low,0,High,2,Low,0,Low,0,3.26737,724.772,6.58724,0.0627296,0.1
2975,Baseline,87,Balanced,0,Low,0,High,2,Low,0,Low,0,3.25534,722.01,6.58342,0.0629194,0.1
2976,Baseline,87,Balanced,0,Low,0,High,2,Low,0,Low,0,3.25906,722.585,6.58422,0.062718,0.1
2977,Baseline,70,Balanced,0,Low,0,Low,0,Low,0,Low,0,3.22221,714.286,6.57268,0.0625275,0.1
2978,Baseline,87,Balanced,0,Low,0,High,2,Low,0,Low,0,3.24807,720.476,6.5813,0.0627065,0.1
2979,Baseline,70,Balanced,0,Low,0,Low,0,Low,0,Low,0,3.2375,718.503,6.57856,0.0626404,0.1
2980,Baseline,70,Balanced,0,Low,0,Low,0,Low,0,Low,0,3.23711,717.661,6.57739,0.0624706,0.1
2981,Baseline,70,Balanced,0,Low,0,Low,0,Low,0,Low,0,3.23569,717.816,6.57761,0.0624091,0.1
2982,Baseline,87,Balanced,0,Low,0,High,2,Low,0,Low,0,3.25534,721.742,6.58305,0.0625221,0.1
2983,Baseline,87,Balanced,0,Low,0,High,2,Low,0,Low,0,3.25515,721.565,6.58281,0.062705,0.1
2984,Baseline,86,Balanced,0,Low,0,Medium,1,Low,0,Low,0,3.24436,719.367,6.57976,0.0624921,0.1
2985,Baseline,70,Balanced,0,Low,0,Low,0,Low,0,Low,0,3.23812,716.901,6.57633,0.0630247,0.1
2986,Baseline,70,Balanced,0,Low,0,Low,0,Low,0,Low,0,3.22943,715.757,6.57474,0.0626427,0.1
2987,Baseline,87,Balanced,0,Low,0,High,2,Low,0,Low,0,3.27409,725.072,6.58765,0.062871,0.1
2988,Baseline,85,Balanced,0,Low,0,Low,0,Low,0,Low,0,3.24163,717.96,6.57781,0.062602,0.1
2989,Baseline,87,Balanced,0,Low,0,High,2,Low,0,Low,0,3.28248,727.694,6.59125,0.062947,0.1
2990,Baseline,70,Balanced,0,Low,0,Low,0,Low,0,Low,0,3.23546,717.233,6.57679,0.0625713,0.1
2991,Baseline,85,Balanced,0,Low,0,Low,0,Low,0,Low,0,3.24539,718.313,6.5783,0.0627949,0.1
2992,Baseline,87,Balanced,0,Low,0,High,2,Low,0,Low,0,3.25513,720.998,6.58202,0.0625121,0.1
2993,Baseline,87,Balanced,0,Low,0,High,2,Low,0,Low,0,3.25772,722.035,6.58346,0.0627111,0.1
2994,Baseline,87,Balanced,0,Low,0,High,2,Low,0,Low,0,3.27493,725.875,6.58875,0.0631484,0.1
2995,Baseline,70,Balanced,0,Low,0,Low,0,Low,0,Low,0,3.23507,717.804,6.57759,0.062725,0.1
2996,Baseline,87,Balanced,0,Low,0,High,2,Low,0,Low,0,3.25594,721.361,6.58252,0.0627634,0.1
2997,Baseline,87,Balanced,0,Low,0,High,2,Low,0,Low,0,3.26773,724.075,6.58628,0.0631207,0.1
2998,Baseline,87,Balanced,0,Low,0,High,2,Low,0,Low,0,3.24913,720.498,6.58133,0.0624422,0.1
2999,Baseline,70,Balanced,0,Low,0,Low,0,Low,0,Low,0,3.21816,714.101,6.57242,0.0624637,0.1
3000,Baseline,70,Balanced,0,Low,0,Low,0,Low,0,Low,0,3.22487,714.957,6.57362,0.0625159,0.1
3001,Baseline,85,Balanced,0,Low,0,Low,0,Low,0,Low,0,3.24096,719.012,6.57927,0.06235,0.1
3002,Baseline,87,Balanced,0,Low,0,High,2,Low,0,Low,0,3.25463,722.293,6.58382,0.0623154,0.1
3003,Baseline,87,Balanced,0,Low,0,High,2,Low,0,Low,0,3.27005,725.323,6.58799,0.0630154,0.1
3004,Baseline,87,Balanced,0,Low,0,High,2,Low,0,Low,0,3.25427,722.37,6.58392,0.0626804,0.1
3005,Baseline,87,Balanced,0,Low,0,High,2,Low,0,Low,0,3.25576,722.195,6.58368,0.0624821,0.1
3006,Baseline,70,Balanced,0,Low,0,Low,0,Low,0,Low,0,3.23857,718.554,6.57863,0.0627872,0.1
3007,Baseline,87,Balanced,0,Low,0,High,2,Low,0,Low,0,3.25902,723.492,6.58547,0.0625075,0.1
3008,Baseline,87,Balanced,0,Low,0,High,2,Low,0,Low,0,3.2533,720.717,6.58163,0.0625913,0.1
3009,Baseline,87,Balanced,0,Low,0,High,2,Low,0,Low,0,3.25953,721.983,6.58339,0.0627219,0.1
3010,Baseline,87,Balanced,0,Low,0,High,2,Low,0,Low,0,3.25229,721.796,6.58313,0.0624522,0.1
3011,Baseline,70,Balanced,0,Low,0,Low,0,Low,0,Low,0,3.21747,712.977,6.57085,0.0624437,0.1
3012,Baseline,86,Balanced,0,Low,0,Medium,1,Low,0,Low,0,3.24516,719.595,6.58008,0.0626435,0.1
3013,Baseline,86,Balanced,0,Low,0,Medium,1,Low,0,Low,0,3.25089,719.834,6.58041,0.062818,0.1
3014,Baseline,87,Balanced,0,Low,0,High,2,Low,0,Low,0,3.26254,723.058,6.58487,0.0625644,0.1
3015,Baseline,87,Balanced,0,Low,0,High,2,Low,0,Low,0,3.25767,721.811,6.58315,0.0627657,0.1
3016,Baseline,70,Balanced,0,Low,0,Low,0,Low,0,Low,0,3.22282,714.206,6.57257,0.0628833,0.1
3017,Baseline,70,Balanced,0,Low,0,Low,0,Low,0,Low,0,3.23417,716.682,6.57603,0.063007,0.1
3018,Baseline,87,Balanced,0,Low,0,High,2,Low,0,Low,0,3.25616,721.744,6.58306,0.0627672,0.1
3019,Baseline,87,Balanced,0,Low,0,High,2,Low,0,Low,0,3.25929,722.526,6.58414,0.0629317,0.1
3020,Baseline,86,Balanced,0,Low,0,Medium,1,Low,0,Low,0,3.24576,719.682,6.5802,0.0626481,0.1
3021,Baseline,70,Balanced,0,Low,0,Low,0,Low,0,Low,0,3.23837,717.746,6.57751,0.0624721,0.1
3022,Baseline,70,Balanced,0,Low,0,Low,0,Low,0,Low,0,3.23135,716.871,6.57629,0.0625459,0.1
3023,Baseline,85,Balanced,0,Low,0,Low,0,Low,0,Low,0,3.24296,718.426,6.57845,0.0623991,0.1
3024,Baseline,87,Balanced,0,Low,0,High,2,Low,0,Low,0,3.25622,721.558,6.5828,0.0628341,0.1
3025,Baseline,70,Balanced,0,Low,0,Low,0,Low,0,Low,0,3.23201,716.042,6.57514,0.0626981,0.1
3026,Baseline,87,Balanced,0,Low,0,High,2,Low,0,Low,0,3.26832,723.63,6.58566,0.0627895,0.1
3027,Baseline,70,Balanced,0,Low,0,Low,0,Low,0,Low,0,3.22504,714.009,6.57229,0.0621824,0.1
3028,Baseline,87,Balanced,0,Low,0,High,2,Low,0,Low,0,3.26079,724.096,6.5863,0.0626312,0.1
3029,Baseline,85,Balanced,0,Low,0,Low,0,Low,0,Low,0,3.24013,717.72,6.57747,0.0626742,0.1
3030,Baseline,70,Balanced,0,Low,0,Low,0,Low,0,Low,0,3.23859,717.802,6.57759,0.0627757,0.1
3031,Baseline,87,Balanced,0,Low,0,High,2,Low,0,Low,0,3.25344,721.773,6.5831,0.0626266,0.1
3032,Baseline,70,Balanced,0,Low,0,Low,0,Low,0,Low,0,3.23356,716.761,6.57614,0.0625475,0.1
3033,Baseline,70,Balanced,0,Low,0,Low,0,Low,0,Low,0,3.22234,714.409,6.57285,0.0625398,0.1
3034,Baseline,87,Balanced,0,Low,0,High,2,Low,0,Low,0,3.26538,723.956,6.58611,0.0628041,0.1
3035,Baseline,86,Balanced,0,Low,0,Medium,1,Low,0,Low,0,3.24876,719.366,6.57976,0.0626281,0.1
3036,Baseline,87,Balanced,0,Low,0,High,2,Low,0,Low,0,3.27503,726.18,6.58917,0.0627895,0.1
3037,Baseline,87,Balanced,0,Low,0,High,2,Low,0,Low,0,3.25862,722.346,6.58389,0.0628018,0.1
3038,Baseline,87,Balanced,0,Low,0,High,2,Low,0,Low,0,3.24943,721.293,6.58243,0.0629463,0.1
3039,Baseline,70,Balanced,0,Low,0,Low,0,Low,0,Low,0,3.23006,715.785,6.57478,0.0626904,0.1
3040,Baseline,87,Balanced,0,Low,0,High,2,Low,0,Low,0,3.2515,721.155,6.58224,0.0626235,0.1
3041,Baseline,70,Balanced,0,Low,0,Low,0,Low,0,Low,0,3.23286,716.476,6.57574,0.0625843,0.1
3042,Baseline,86,Balanced,0,Low,0,Medium,1,Low,0,Low,0,3.24693,719.61,6.5801,0.0627426,0.1
3043,Baseline,87,Balanced,0,Low,0,High,2,Low,0,Low,0,3.26305,724.129,6.58635,0.0628948,0.1
3044,Baseline,87,Balanced,0,Low,0,High,2,Low,0,Low,0,3.27445,726.328,6.58938,0.0629893,0.1
3045,Baseline,70,Balanced,0,Low,0,Low,0,Low,0,Low,0,3.23413,716.994,6.57646,0.0624568,0.1
3046,Baseline,87,Balanced,0,Low,0,High,2,Low,0,Low,0,3.25811,722.883,6.58463,0.0626635,0.1
3047,Baseline,70,Balanced,0,Low,0,Low,0,Low,0,Low,0,3.22593,716.686,6.57603,0.0618735,0.1
3048,Baseline,70,Balanced,0,Low,0,Low,0,Low,0,Low,0,3.20214,709.405,6.56583,0.0628802,0.1
3049,Baseline,70,Balanced,0,Low,0,Low,0,Low,0,Low,0,3.22806,715.25,6.57403,0.0628149,0.1
3050,Baseline,70,Balanced,0,Low,0,Low,0,Low,0,Low,0,3.22875,715.614,6.57454,0.0624622,0.1
3051,Baseline,70,Balanced,0,Low,0,Low,0,Low,0,Low,0,3.21473,712.315,6.56992,0.062821,0.1
3052,Baseline,70,Balanced,0,Low,0,Low,0,Low,0,Low,0,3.21478,711.968,6.56944,0.062622,0.1
3053,Baseline,70,Balanced,0,Low,0,Low,0,Low,0,Low,0,3.2243,715.455,6.57432,0.0627288,0.1
3054,Baseline,70,Balanced,0,Low,0,Low,0,Low,0,Low,0,3.23728,717.926,6.57776,0.0625813,0.1
3055,Baseline,85,Balanced,0,Low,0,Low,0,Low,0,Low,0,3.24249,719.023,6.57928,0.0624191,0.1
3056,Baseline,70,Balanced,0,Low,0,Low,0,Low,0,Low,0,3.23747,717.02,6.5765,0.0627726,0.1
3057,Baseline,87,Balanced,0,Low,0,High,2,Low,0,Low,0,3.25417,721.628,6.58289,0.0627373,0.1
3058,Baseline,87,Balanced,0,Low,0,High,2,Low,0,Low,0,3.27057,725.131,6.58773,0.0628894,0.1
3059,Baseline,87,Balanced,0,Low,0,High,2,Low,0,Low,0,3.26526,724.025,6.58621,0.0627788,0.1
3060,Baseline,70,Balanced,0,Low,0,Low,0,Low,0,Low,0,3.23088,715.886,6.57492,0.0628041,0.1
3061,Baseline,87,Balanced,0,Low,0,High,2,Low,0,Low,0,3.25873,722.724,6.58441,0.0629355,0.1
3062,Baseline,85,Balanced,0,Low,0,Low,0,Low,0,Low,0,3.24151,718.357,6.57836,0.062662,0.1
3063,Baseline,86,Balanced,0,Low,0,Medium,1,Low,0,Low,0,3.24331,719.677,6.58019,0.0628733,0.1
3064,Baseline,70,Balanced,0,Low,0,Low,0,Low,0,Low,0,3.22804,714.527,6.57302,0.0627426,0.1
3065,Baseline,70,Balanced,0,Low,0,Low,0,Low,0,Low,0,3.2356,717.16,6.57669,0.062446,0.1
3066,Baseline,87,Balanced,0,Low,0,High,2,Low,0,Low,0,3.26128,723.233,6.58511,0.0625436,0.1
3067,Baseline,70,Balanced,0,Low,0,Low,0,Low,0,Low,0,3.22606,714.699,6.57326,0.0625989,0.1
3068,Baseline,70,Balanced,0,Low,0,Low,0,Low,0,Low,0,3.23783,717.632,6.57735,0.0627426,0.1
3069,Baseline,87,Balanced,0,Low,0,High,2,Low,0,Low,0,3.25272,721.566,6.58281,0.062851,0.1
3070,Baseline,87,Balanced,0,Low,0,High,2,Low,0,Low,0,3.26092,722.198,6.58368,0.0628087,0.1
3071,Baseline,87,Balanced,0,Low,0,High,2,Low,0,Low,0,3.24726,720.37,6.58115,0.062841,0.1
3072,Baseline,87,Balanced,0,Low,0,High,2,Low,0,Low,0,3.2568,722.193,6.58368,0.0626912,0.1
3073,Baseline,70,Balanced,0,Low,0,Low,0,Low,0,Low,0,3.2286,716.321,6.57552,0.0623669,0.1
3074,Baseline,87,Balanced,0,Low,0,High,2,Low,0,Low,0,3.24997,720.037,6.58069,0.0627096,0.1
3075,Baseline,87,Balanced,0,Low,0,High,2,Low,0,Low,0,3.27599,726.002,6.58893,0.0629086,0.1
3076,Baseline,87,Balanced,0,Low,0,High,2,Low,0,Low,0,3.25066,720.786,6.58173,0.0626719,0.1
3077,Baseline,87,Balanced,0,Low,0,High,2,Low,0,Low,0,3.2518,721.067,6.58212,0.0627964,0.1
3078,Baseline,70,Balanced,0,Low,0,Low,0,Low,0,Low,0,3.22843,715.022,6.57371,0.062559,0.1
3079,Baseline,85,Balanced,0,Low,0,Low,0,Low,0,Low,0,3.24207,719.146,6.57945,0.0626059,0.1
3080,Baseline,70,Balanced,0,Low,0,Low,0,Low,0,Low,0,3.23208,717.489,6.57715,0.062582,0.1
3081,Baseline,70,Balanced,0,Low,0,Low,0,Low,0,Low,0,3.23899,716.743,6.57611,0.0626796,0.1
3082,Baseline,70,Balanced,0,Low,0,Low,0,Low,0,Low,0,3.23431,715.525,6.57441,0.0626489,0.1
3083,Baseline,70,Balanced,0,Low,0,Low,0,Low,0,Low,0,3.23387,716.985,6.57645,0.0627595,0.1
3084,Baseline,87,Balanced,0,Low,0,High,2,Low,0,Low,0,3.2515,720.847,6.58181,0.062519,0.1
3085,Baseline,70,Balanced,0,Low,0,Low,0,Low,0,Low,0,3.23356,716.911,6.57635,0.0626981,0.1
3086,Baseline,70,Balanced,0,Low,0,Low,0,Low,0,Low,0,3.23218,715.794,6.57479,0.0627941,0.1
3087,Baseline,87,Balanced,0,Low,0,High,2,Low,0,Low,0,3.25698,722.279,6.5838,0.0627972,0.1
3088,Baseline,70,Balanced,0,Low,0,Low,0,Low,0,Low,0,3.23127,716.56,6.57586,0.0624514,0.1
3089,Baseline,87,Balanced,0,Low,0,High,2,Low,0,Low,0,3.2648,723.897,6.58603,0.0627211,0.1
3090,Baseline,87,Balanced,0,Low,0,High,2,Low,0,Low,0,3.27125,724.985,6.58753,0.0627926,0.1
3091,Baseline,70,Balanced,0,Low,0,Low,0,Low,0,Low,0,3.23527,717.705,6.57745,0.0625037,0.1
3092,Baseline,85,Balanced,0,Low,0,Low,0,Low,0,Low,0,3.2425,718.385,6.5784,0.0625421,0.1
3093,Baseline,87,Balanced,0,Low,0,High,2,Low,0,Low,0,3.27168,725.456,6.58818,0.0626727,0.1
3094,Baseline,87,Balanced,0,Low,0,High,2,Low,0,Low,0,3.2635,723.502,6.58548,0.0627803,0.1
3095,Baseline,87,Balanced,0,Low,0,High,2,Low,0,Low,0,3.27317,725.806,6.58866,0.062947,0.1
3096,Baseline,87,Balanced,0,Low,0,High,2,Low,0,Low,0,3.2665,724.813,6.58729,0.0628256,0.1
3097,Baseline,87,Balanced,0,Low,0,High,2,Low,0,Low,0,3.24776,720.014,6.58066,0.0630177,0.1
3098,Baseline,87,Balanced,0,Low,0,High,2,Low,0,Low,0,3.25299,721.11,6.58218,0.0626366,0.1
3099,Baseline,70,Balanced,0,Low,0,Low,0,Low,0,Low,0,3.23706,717.844,6.57764,0.062685,0.1
3100,Baseline,86,Balanced,0,Low,0,Medium,1,Low,0,Low,0,3.25002,719.7,6.58022,0.0628787,0.1
3101,Baseline,70,Balanced,0,Low,0,Low,0,Low,0,Low,0,3.23144,715.732,6.5747,0.0624514,0.1
3102,Baseline,87,Balanced,0,Low,0,High,2,Low,0,Low,0,3.25791,722.755,6.58445,0.0627019,0.1
3103,Baseline,87,Balanced,0,Low,0,High,2,Low,0,Low,0,3.26827,724.767,6.58723,0.06234,0.1
3104,Baseline,70,Balanced,0,Low,0,Low,0,Low,0,Low,0,3.23817,717.694,6.57744,0.0627718,0.1
3105,Baseline,87,Balanced,0,Low,0,High,2,Low,0,Low,0,3.25665,722.091,6.58354,0.0624706,0.1
3106,Baseline,87,Balanced,0,Low,0,High,2,Low,0,Low,0,3.25857,722.591,6.58423,0.0623185,0.1
3107,Baseline,85,Balanced,0,Low,0,Low,0,Low,0,Low,0,3.24378,718.081,6.57797,0.0628556,0.1
3108,Baseline,86,Balanced,0,Low,0,Medium,1,Low,0,Low,0,3.24296,719.364,6.57976,0.0627473,0.1
3109,Baseline,70,Balanced,0,Low,0,Low,0,Low,0,Low,0,3.23301,716.538,6.57583,0.0627204,0.1
3110,Baseline,87,Balanced,0,Low,0,High,2,Low,0,Low,0,3.25716,722.347,6.58389,0.062874,0.1
3111,Baseline,87,Balanced,0,Low,0,High,2,Low,0,Low,0,3.2688,725.28,6.58794,0.0627319,0.1
3112,Baseline,70,Balanced,0,Low,0,Low,0,Low,0,Low,0,3.23159,716.396,6.57563,0.06232,0.1
3113,Baseline,70,Balanced,0,Low,0,Low,0,Low,0,Low,0,3.21408,711.547,6.56885,0.0623277,0.1
3114,Baseline,70,Balanced,0,Low,0,Low,0,Low,0,Low,0,3.20985,711.322,6.56853,0.0624061,0.1
3115,Baseline,87,Balanced,0,Low,0,High,2,Low,0,Low,0,3.26286,723.482,6.58546,0.06303,0.1
3116,Baseline,87,Balanced,0,Low,0,High,2,Low,0,Low,0,3.26037,722.981,6.58476,0.0627549,0.1
3117,Baseline,87,Balanced,0,Low,0,High,2,Low,0,Low,0,3.259,722.751,6.58445,0.0628187,0.1
3118,Baseline,86,Balanced,0,Low,0,Medium,1,Low,0,Low,0,3.24693,719.838,6.58041,0.0625605,0.1
3119,Baseline,85,Balanced,0,Low,0,Low,0,Low,0,Low,0,3.24279,718.525,6.57859,0.0627895,0.1
3120,Baseline,86,Balanced,0,Low,0,Medium,1,Low,0,Low,0,3.24914,719.83,6.5804,0.0631814,0.1
3121,Baseline,87,Balanced,0,Low,0,High,2,Low,0,Low,0,3.25467,722.193,6.58368,0.0631061,0.1
3122,Baseline,87,Balanced,0,Low,0,High,2,Low,0,Low,0,3.2562,722.77,6.58447,0.062675,0.1
3123,Baseline,87,Balanced,0,Low,0,High,2,Low,0,Low,0,3.25447,722.726,6.58441,0.062718,0.1
3124,Baseline,70,Balanced,0,Low,0,Low,0,Low,0,Low,0,3.22268,713.534,6.57163,0.0625636,0.1
3125,Baseline,87,Balanced,0,Low,0,High,2,Low,0,Low,0,3.26319,723.391,6.58533,0.0623868,0.1
3126,Baseline,70,Balanced,0,Low,0,Low,0,Low,0,Low,0,3.23896,717.565,6.57726,0.0626527,0.1
3127,Baseline,86,Balanced,0,Low,0,Medium,1,Low,0,Low,0,3.2427,719.48,6.57992,0.062821,0.1
3128,Baseline,70,Balanced,0,Low,0,Low,0,Low,0,Low,0,3.2356,717.619,6.57733,0.0627465,0.1
3129,Baseline,70,Balanced,0,Low,0,Low,0,Low,0,Low,0,3.21799,713.582,6.5717,0.0627088,0.1
3130,Baseline,87,Balanced,0,Low,0,High,2,Low,0,Low,0,3.25569,720.891,6.58187,0.0627257,0.1
3131,Baseline,70,Balanced,0,Low,0,Low,0,Low,0,Low,0,3.22499,714.731,6.5733,0.0626051,0.1
3132,Baseline,87,Balanced,0,Low,0,High,2,Low,0,Low,0,3.24719,720.198,6.58091,0.062592,0.1
3133,Baseline,87,Balanced,0,Low,0,High,2,Low,0,Low,0,3.27629,726.544,6.58967,0.0629655,0.1
3134,Baseline,87,Balanced,0,Low,0,High,2,Low,0,Low,0,3.25379,722.271,6.58378,0.0627887,0.1
3135,Baseline,87,Balanced,0,Low,0,High,2,Low,0,Low,0,3.24888,721.48,6.58269,0.0628333,0.1
3136,Baseline,70,Balanced,0,Low,0,Low,0,Low,0,Low,0,3.2338,717.637,6.57736,0.0625743,0.1
3137,Baseline,87,Balanced,0,Low,0,High,2,Low,0,Low,0,3.25093,720.879,6.58186,0.0624768,0.1
3138,Baseline,87,Balanced,0,Low,0,High,2,Low,0,Low,0,3.25296,721.829,6.58317,0.0627242,0.1
3139,Baseline,87,Balanced,0,Low,0,High,2,Low,0,Low,0,3.2632,723.599,6.58562,0.0626835,0.1
3140,Baseline,87,Balanced,0,Low,0,High,2,Low,0,Low,0,3.24446,719.901,6.5805,0.062612,0.1
3141,Baseline,85,Balanced,0,Low,0,Low,0,Low,0,Low,0,3.25019,718.844,6.57903,0.0628848,0.1
3142,Baseline,87,Balanced,0,Low,0,High,2,Low,0,Low,0,3.25866,722.288,6.58381,0.0629394,0.1
3143,Baseline,87,Balanced,0,Low,0,High,2,Low,0,Low,0,3.25506,720.876,6.58185,0.0628287,0.1
3144,Baseline,85,Balanced,0,Low,0,Low,0,Low,0,Low,0,3.24022,718.184,6.57812,0.0627396,0.1
3145,Baseline,85,Balanced,0,Low,0,Low,0,Low,0,Low,0,3.24031,717.554,6.57724,0.0629186,0.1
3146,Baseline,85,Balanced,0,Low,0,Low,0,Low,0,Low,0,3.24954,718.716,6.57886,0.0628925,0.1
3147,Baseline,87,Balanced,0,Low,0,High,2,Low,0,Low,0,3.25479,721.158,6.58224,0.0626965,0.1
3148,Baseline,70,Balanced,0,Low,0,Low,0,Low,0,Low,0,3.22615,715.439,6.57429,0.0626988,0.1
3149,Baseline,85,Balanced,0,Low,0,Low,0,Low,0,Low,0,3.24519,717.974,6.57783,0.0624522,0.1
3150,Baseline,87,Balanced,0,Low,0,High,2,Low,0,Low,0,3.27433,726.424,6.58951,0.0625236,0.1
3151,Baseline,70,Balanced,0,Low,0,Low,0,Low,0,Low,0,3.23012,715.633,6.57456,0.0625513,0.1
3152,Baseline,70,Balanced,0,Low,0,Low,0,Low,0,Low,0,3.22948,715.52,6.57441,0.0623277,0.1
3153,Baseline,87,Balanced,0,Low,0,High,2,Low,0,Low,0,3.24985,720.331,6.5811,0.0627142,0.1
3154,Baseline,70,Balanced,0,Low,0,Low,0,Low,0,Low,0,3.23972,717.57,6.57726,0.0627849,0.1
3155,Baseline,85,Balanced,0,Low,0,Low,0,Low,0,Low,0,3.24115,718.647,6.57876,0.0626028,0.1
3156,Baseline,70,Balanced,0,Low,0,Low,0,Low,0,Low,0,3.22385,714.976,6.57365,0.0625813,0.1
3157,Baseline,70,Balanced,0,Low,0,Low,0,Low,0,Low,0,3.22892,715.382,6.57421,0.0626312,0.1
3158,Baseline,70,Balanced,0,Low,0,Low,0,Low,0,Low,0,3.23414,716.536,6.57582,0.0627426,0.1
3159,Baseline,85,Balanced,0,Low,0,Low,0,Low,0,Low,0,3.2452,718.861,6.57906,0.0626919,0.1
3160,Baseline,87,Balanced,0,Low,0,High,2,Low,0,Low,0,3.25919,723.475,6.58545,0.0625989,0.1
3161,Baseline,87,Balanced,0,Low,0,High,2,Low,0,Low,0,3.26496,723.591,6.58561,0.062884,0.1
3162,Baseline,85,Balanced,0,Low,0,Low,0,Low,0,Low,0,3.24181,717.768,6.57754,0.062718,0.1
3163,Baseline,87,Balanced,0,Low,0,High,2,Low,0,Low,0,3.25118,719.923,6.58053,0.0627265,0.1
3164,Baseline,70,Balanced,0,Low,0,Low,0,Low,0,Low,0,3.22887,716.329,6.57553,0.0626812,0.1
3165,Baseline,70,Balanced,0,Low,0,Low,0,Low,0,Low,0,3.22723,716.431,6.57568,0.0626351,0.1
3166,Baseline,87,Balanced,0,Low,0,High,2,Low,0,Low,0,3.2626,723.109,6.58494,0.0629378,0.1
3167,Baseline,70,Balanced,0,Low,0,Low,0,Low,0,Low,0,3.22137,713.669,6.57182,0.0625367,0.1
3168,Baseline,87,Balanced,0,Low,0,High,2,Low,0,Low,0,3.25385,722.277,6.58379,0.0626435,0.1
3169,Baseline,87,Balanced,0,Low,0,High,2,Low,0,Low,0,3.24942,721.155,6.58224,0.062924,0.1
3170,Baseline,87,Balanced,0,Low,0,High,2,Low,0,Low,0,3.25665,720.874,6.58185,0.0632667,0.1
3171,Baseline,87,Balanced,0,Low,0,High,2,Low,0,Low,0,3.25846,722.745,6.58444,0.0627649,0.1
3172,Baseline,70,Balanced,0,Low,0,Low,0,Low,0,Low,0,3.23612,717.591,6.57729,0.0626089,0.1
3173,Baseline,70,Balanced,0,Low,0,Low,0,Low,0,Low,0,3.22841,715.454,6.57431,0.0629394,0.1
3174,Baseline,85,Balanced,0,Low,0,Low,0,Low,0,Low,0,3.24318,718.56,6.57864,0.0623576,0.1
3175,Baseline,70,Balanced,0,Low,0,Low,0,Low,0,Low,0,3.23067,715.959,6.57502,0.0627411,0.1
3176,Baseline,87,Balanced,0,Low,0,High,2,Low,0,Low,0,3.2626,724.227,6.58648,0.0629578,0.1
3177,Baseline,70,Balanced,0,Low,0,Low,0,Low,0,Low,0,3.2349,717.278,6.57686,0.0627542,0.1
3178,Baseline,70,Balanced,0,Low,0,Low,0,Low,0,Low,0,3.23031,717.735,6.57749,0.06235,0.1
3179,Baseline,87,Balanced,0,Low,0,High,2,Low,0,Low,0,3.25832,723.222,6.5851,0.0625013,0.1
3180,Baseline,70,Balanced,0,Low,0,Low,0,Low,0,Low,0,3.21558,712.236,6.56981,0.0626712,0.1
3181,Baseline,87,Balanced,0,Low,0,High,2,Low,0,Low,0,3.25913,721.867,6.58323,0.0630961,0.1
3182,Baseline,87,Balanced,0,Low,0,High,2,Low,0,Low,0,3.25117,720.665,6.58156,0.0627811,0.1
3183,Baseline,85,Balanced,0,Low,0,Low,0,Low,0,Low,0,3.24123,718.989,6.57924,0.0624522,0.1
3184,Baseline,85,Balanced,0,Low,0,Low,0,Low,0,Low,0,3.24539,719.054,6.57933,0.0625167,0.1
3185,Baseline,87,Balanced,0,Low,0,High,2,Low,0,Low,0,3.25754,722.644,6.5843,0.0626904,0.1
3186,Baseline,70,Balanced,0,Low,0,Low,0,Low,0,Low,0,3.23536,716.738,6.5761,0.0627765,0.1
3187,Baseline,85,Balanced,0,Low,0,Low,0,Low,0,Low,0,3.24362,718.621,6.57872,0.0625628,0.1
3188,Baseline,87,Balanced,0,Low,0,High,2,Low,0,Low,0,3.26704,723.813,6.58591,0.0630669,0.1
3189,Baseline,87,Balanced,0,Low,0,High,2,Low,0,Low,0,3.26378,724.4,6.58672,0.0627742,0.1
3190,Baseline,70,Balanced,0,Low,0,Low,0,Low,0,Low,0,3.23563,717.798,6.57758,0.0624022,0.1
3191,Baseline,86,Balanced,0,Low,0,Medium,1,Low,0,Low,0,3.25001,719.435,6.57985,0.062821,0.1
3192,Baseline,87,Balanced,0,Low,0,High,2,Low,0,Low,0,3.25783,722.889,6.58464,0.062579,0.1
3193,Baseline,87,Balanced,0,Low,0,High,2,Low,0,Low,0,3.272,725.367,6.58806,0.0626151,0.1
3194,Baseline,87,Balanced,0,Low,0,High,2,Low,0,Low,0,3.26889,724.247,6.58651,0.0627204,0.1
3195,Baseline,87,Balanced,0,Low,0,High,2,Low,0,Low,0,3.26047,722.164,6.58364,0.0625997,0.1
3196,Baseline,87,Balanced,0,Low,0,High,2,Low,0,Low,0,3.25098,720.708,6.58162,0.0626304,0.1
3197,Baseline,85,Balanced,0,Low,0,Low,0,Low,0,Low,0,3.24222,717.21,6.57676,0.0627157,0.1
3198,Baseline,86,Balanced,0,Low,0,Medium,1,Low,0,Low,0,3.24682,719.511,6.57996,0.0627004,0.1
3199,Baseline,70,Balanced,0,Low,0,Low,0,Low,0,Low,0,3.21928,711.685,6.56904,0.0626281,0.1
3200,Baseline,70,Balanced,0,Low,0,Low,0,Low,0,Low,0,3.21285,711.584,6.5689,0.0620602,0.1
3201,Baseline,70,Balanced,0,Low,0,Low,0,Low,0,Low,0,3.23575,716.322,6.57553,0.0626474,0.1
3202,Baseline,87,Balanced,0,Low,0,High,2,Low,0,Low,0,3.26846,724.419,6.58675,0.0628971,0.1
3203,Baseline,85,Balanced,0,Low,0,Low,0,Low,0,Low,0,3.24324,718.79,6.57896,0.0628441,0.1
3204,Baseline,87,Balanced,0,Low,0,High,2,Low,0,Low,0,3.25164,721.268,6.5824,0.0627572,0.1
3205,Baseline,85,Balanced,0,Low,0,Low,0,Low,0,Low,0,3.24389,718.272,6.57824,0.0628863,0.1
3206,Baseline,87,Balanced,0,Low,0,High,2,Low,0,Low,0,3.27752,726.25,6.58927,0.0629655,0.1
3207,Baseline,87,Balanced,0,Low,0,High,2,Low,0,Low,0,3.25823,723.793,6.58589,0.0623745,0.1
3208,Baseline,87,Balanced,0,Low,0,High,2,Low,0,Low,0,3.24983,720.359,6.58114,0.0628418,0.1
3209,Baseline,70,Balanced,0,Low,0,Low,0,Low,0,Low,0,3.23854,716.459,6.57572,0.0627042,0.1
3210,Baseline,87,Balanced,0,Low,0,High,2,Low,0,Low,0,3.26891,724.565,6.58695,0.0627173,0.1
3211,Baseline,87,Balanced,0,Low,0,High,2,Low,0,Low,0,3.25955,722.573,6.5842,0.0627634,0.1
3212,Baseline,87,Balanced,0,Low,0,High,2,Low,0,Low,0,3.25264,720.981,6.582,0.062798,0.1
3213,Baseline,70,Balanced,0,Low,0,Low,0,Low,0,Low,0,3.21351,712.192,6.56975,0.062831,0.1
3214,Baseline,70,Balanced,0,Low,0,Low,0,Low,0,Low,0,3.227,715.183,6.57394,0.0625098,0.1
3215,Baseline,70,Balanced,0,Low,0,Low,0,Low,0,Low,0,3.22116,713.911,6.57216,0.0625336,0.1
3216,Baseline,87,Balanced,0,Low,0,High,2,Low,0,Low,0,3.26352,723.19,6.58505,0.0627911,0.1
3217,Baseline,87,Balanced,0,Low,0,High,2,Low,0,Low,0,3.2945,730.416,6.59498,0.0628971,0.1
3218,Baseline,87,Balanced,0,Low,0,High,2,Low,0,Low,0,3.2685,724.946,6.58748,0.0627311,0.1
3219,Baseline,87,Balanced,0,Low,0,High,2,Low,0,Low,0,3.24952,721.134,6.58221,0.0626458,0.1
3220,Baseline,70,Balanced,0,Low,0,Low,0,Low,0,Low,0,3.23852,716.446,6.5757,0.0624768,0.1
3221,Baseline,70,Balanced,0,Low,0,Low,0,Low,0,Low,0,3.22039,713.583,6.5717,0.0626942,0.1
3222,Baseline,70,Balanced,0,Low,0,Low,0,Low,0,Low,0,3.23589,716.541,6.57583,0.0626881,0.1
3223,Baseline,70,Balanced,0,Low,0,Low,0,Low,0,Low,0,3.22561,714.962,6.57363,0.0624399,0.1
3224,Baseline,70,Balanced,0,Low,0,Low,0,Low,0,Low,0,3.22862,715.057,6.57376,0.0628679,0.1
3225,Baseline,87,Balanced,0,Low,0,High,2,Low,0,Low,0,3.24982,720.609,6.58148,0.0628341,0.1
3226,Baseline,87,Balanced,0,Low,0,High,2,Low,0,Low,0,3.25471,722.161,6.58363,0.0625866,0.1
3227,Baseline,70,Balanced,0,Low,0,Low,0,Low,0,Low,0,3.22856,715.1,6.57382,0.0625129,0.1
3228,Baseline,70,Balanced,0,Low,0,Low,0,Low,0,Low,0,3.23512,716.962,6.57642,0.0629125,0.1
3229,Baseline,85,Balanced,0,Low,0,Low,0,Low,0,Low,0,3.24012,718.897,6.57911,0.0624906,0.1
3230,Baseline,87,Balanced,0,Low,0,High,2,Low,0,Low,0,3.27411,725.658,6.58846,0.0629547,0.1
3231,Baseline,70,Balanced,0,Low,0,Low,0,Low,0,Low,0,3.23775,718.037,6.57791,0.0624545,0.1
3232,Baseline,70,Balanced,0,Low,0,Low,0,Low,0,Low,0,3.23585,717.085,6.57659,0.062788,0.1
3233,Baseline,85,Balanced,0,Low,0,Low,0,Low,0,Low,0,3.24309,718.036,6.57791,0.0625067,0.1
3234,Baseline,87,Balanced,0,Low,0,High,2,Low,0,Low,0,3.25016,720.482,6.58131,0.0626789,0.1
3235,Baseline,70,Balanced,0,Low,0,Low,0,Low,0,Low,0,3.22668,715.528,6.57442,0.0625621,0.1
3236,Baseline,87,Balanced,0,Low,0,High,2,Low,0,Low,0,3.24966,720.409,6.58121,0.0627134,0.1
3237,Baseline,70,Balanced,0,Low,0,Low,0,Low,0,Low,0,3.23893,717.801,6.57759,0.0622608,0.1
3238,Baseline,87,Balanced,0,Low,0,High,2,Low,0,Low,0,3.25522,720.332,6.5811,0.062705,0.1
3239,Baseline,55,Balanced,0,Low,0,Low,0,Low,0,Low,0,3.19895,709.98,6.56664,0.0621917,0.1
3240,Baseline,87,Balanced,0,Low,0,High,2,Low,0,Low,0,3.26305,721.642,6.58291,0.062748,0.1
3241,Baseline,70,Balanced,0,Low,0,Low,0,Low,0,Low,0,3.21923,713.335,6.57135,0.0626258,0.1
3242,Baseline,85,Balanced,0,Low,0,Low,0,Low,0,Low,0,3.24034,717.659,6.57739,0.062894,0.1
3243,Baseline,70,Balanced,0,Low,0,Low,0,Low,0,Low,0,3.23347,716.005,6.57508,0.0628748,0.1
3244,Baseline,87,Balanced,0,Low,0,High,2,Low,0,Low,0,3.26657,723.577,6.58559,0.0629555,0.1
3245,Baseline,87,Balanced,0,Low,0,High,2,Low,0,Low,0,3.25606,721.492,6.58271,0.0629317,0.1
3246,Baseline,87,Balanced,0,Low,0,High,2,Low,0,Low,0,3.26532,723.491,6.58547,0.0627734,0.1
3247,Baseline,70,Balanced,0,Low,0,Low,0,Low,0,Low,0,3.23227,716.122,6.57525,0.0631407,0.1
3248,Baseline,87,Balanced,0,Low,0,High,2,Low,0,Low,0,3.25663,721.58,6.58283,0.0627957,0.1
3249,Baseline,87,Balanced,0,Low,0,High,2,Low,0,Low,0,3.2542,721.587,6.58284,0.062728,0.1
3250,Baseline,87,Balanced,0,Low,0,High,2,Low,0,Low,0,3.25774,723.582,6.5856,0.0625882,0.1
3251,Baseline,85,Balanced,0,Low,0,Low,0,Low,0,Low,0,3.24054,718.394,6.57841,0.0627104,0.1
3252,Baseline,87,Balanced,0,Low,0,High,2,Low,0,Low,0,3.25899,722.948,6.58472,0.0629017,0.1
3253,Baseline,87,Balanced,0,Low,0,High,2,Low,0,Low,0,3.26087,724.142,6.58637,0.0627795,0.1
3254,Baseline,87,Balanced,0,Low,0,High,2,Low,0,Low,0,3.26859,725.187,6.58781,0.0625605,0.1
3255,Baseline,85,Balanced,0,Low,0,Low,0,Low,0,Low,0,3.24306,718.936,6.57916,0.06232,0.1
3256,Baseline,85,Balanced,0,Low,0,Low,0,Low,0,Low,0,3.2433,718.078,6.57797,0.0624645,0.1
3257,Baseline,87,Balanced,0,Low,0,High,2,Low,0,Low,0,3.25714,721.233,6.58235,0.0631215,0.1
3258,Baseline,70,Balanced,0,Low,0,Low,0,Low,0,Low,0,3.20301,709.779,6.56636,0.0624668,0.1
3259,Baseline,86,Balanced,0,Low,0,Medium,1,Low,0,Low,0,3.24469,719.265,6.57962,0.0627296,0.1
3260,Baseline,87,Balanced,0,Low,0,High,2,Low,0,Low,0,3.24883,720.386,6.58117,0.0625828,0.1
3261,Baseline,87,Balanced,0,Low,0,High,2,Low,0,Low,0,3.2617,722.219,6.58371,0.0629932,0.1
3262,Baseline,85,Balanced,0,Low,0,Low,0,Low,0,Low,0,3.24077,718.583,6.57867,0.062353,0.1
3263,Baseline,87,Balanced,0,Low,0,High,2,Low,0,Low,0,3.2534,722.089,6.58353,0.0626988,0.1
3264,Baseline,87,Balanced,0,Low,0,High,2,Low,0,Low,0,3.24897,720.419,6.58122,0.0627311,0.1
3265,Baseline,70,Balanced,0,Low,0,Low,0,Low,0,Low,0,3.22903,717.326,6.57692,0.0622977,0.1
3266,Baseline,87,Balanced,0,Low,0,High,2,Low,0,Low,0,3.26676,724.452,6.58679,0.0628656,0.1
3267,Baseline,70,Balanced,0,Low,0,Low,0,Low,0,Low,0,3.23762,718.064,6.57795,0.0625774,0.1
3268,Baseline,70,Balanced,0,Low,0,Low,0,Low,0,Low,0,3.23735,717.958,6.5778,0.0628226,0.1
3269,Baseline,86,Balanced,0,Low,0,Medium,1,Low,0,Low,0,3.24403,719.451,6.57988,0.0625282,0.1
3270,Baseline,87,Balanced,0,Low,0,High,2,Low,0,Low,0,3.25422,720.678,6.58158,0.0627941,0.1
3271,Baseline,70,Balanced,0,Low,0,Low,0,Low,0,Low,0,3.22995,716.618,6.57594,0.0625328,0.1
3272,Baseline,87,Balanced,0,Low,0,High,2,Low,0,Low,0,3.26038,723.493,6.58547,0.0626174,0.1
3273,Baseline,85,Balanced,0,Low,0,Low,0,Low,0,Low,0,3.24083,718.284,6.57826,0.0630247,0.1
3274,Baseline,87,Balanced,0,Low,0,High,2,Low,0,Low,0,3.25846,723.016,6.58481,0.0624737,0.1
3275,Baseline,70,Balanced,0,Low,0,Low,0,Low,0,Low,0,3.23454,716.919,6.57636,0.0622708,0.1
3276,Baseline,70,Balanced,0,Low,0,Low,0,Low,0,Low,0,3.22122,713.717,6.57189,0.0626958,0.1
3277,Baseline,87,Balanced,0,Low,0,High,2,Low,0,Low,0,3.25009,720.768,6.5817,0.0627173,0.1
3278,Baseline,87,Balanced,0,Low,0,High,2,Low,0,Low,0,3.25319,720.683,6.58159,0.0627081,0.1
3279,Baseline,70,Balanced,0,Low,0,Low,0,Low,0,Low,0,3.21856,713.592,6.57171,0.0626896,0.1
3280,Baseline,87,Balanced,0,Low,0,High,2,Low,0,Low,0,3.26905,725.247,6.58789,0.0628825,0.1
3281,Baseline,85,Balanced,0,Low,0,Low,0,Low,0,Low,0,3.2421,718.413,6.57844,0.0626358,0.1
3282,Baseline,70,Balanced,0,Low,0,Low,0,Low,0,Low,0,3.22966,716.728,6.57609,0.0626589,0.1
3283,Baseline,87,Balanced,0,Low,0,High,2,Low,0,Low,0,3.255,722.508,6.58411,0.0628241,0.1
3284,Baseline,86,Balanced,0,Low,0,Medium,1,Low,0,Low,0,3.24228,719.574,6.58005,0.0626466,0.1
3285,Baseline,70,Balanced,0,Low,0,Low,0,Low,0,Low,0,3.23829,717.254,6.57682,0.0625037,0.1
3286,Baseline,87,Balanced,0,Low,0,High,2,Low,0,Low,0,3.25601,721.298,6.58244,0.0628618,0.1
3287,Baseline,87,Balanced,0,Low,0,High,2,Low,0,Low,0,3.2513,720.63,6.58151,0.0628702,0.1
3288,Baseline,70,Balanced,0,Low,0,Low,0,Low,0,Low,0,3.23861,717.991,6.57785,0.0625305,0.1
3289,Baseline,86,Balanced,0,Low,0,Medium,1,Low,0,Low,0,3.24669,719.309,6.57968,0.0629501,0.1
3290,Baseline,87,Balanced,0,Low,0,High,2,Low,0,Low,0,3.26908,724.956,6.58749,0.0625044,0.1
3291,Baseline,70,Balanced,0,Low,0,Low,0,Low,0,Low,0,3.23176,715.425,6.57427,0.0626881,0.1
3292,Baseline,87,Balanced,0,Low,0,High,2,Low,0,Low,0,3.26711,724.253,6.58652,0.0627088,0.1
3293,Baseline,86,Balanced,0,Low,0,Medium,1,Low,0,Low,0,3.24757,719.31,6.57968,0.0625943,0.1
3294,Baseline,87,Balanced,0,Low,0,High,2,Low,0,Low,0,3.27442,726.722,6.58992,0.0628218,0.1
3295,Baseline,85,Balanced,0,Low,0,Low,0,Low,0,Low,0,3.24082,718.538,6.57861,0.0622754,0.1
3296,Baseline,70,Balanced,0,Low,0,Low,0,Low,0,Low,0,3.2386,717.715,6.57746,0.0628764,0.1
3297,Baseline,86,Balanced,0,Low,0,Medium,1,Low,0,Low,0,3.24676,719.671,6.58018,0.062612,0.1
3298,Baseline,86,Balanced,0,Low,0,Medium,1,Low,0,Low,0,3.2477,719.265,6.57962,0.0628233,0.1
3299,Baseline,70,Balanced,0,Low,0,Low,0,Low,0,Low,0,3.22139,713.87,6.5721,0.0625013,0.1
3300,Baseline,70,Balanced,0,Low,0,Low,0,Low,0,Low,0,3.21446,712.557,6.57026,0.0627257,0.1
3301,Baseline,87,Balanced,0,Low,0,High,2,Low,0,Low,0,3.25553,722.19,6.58367,0.0625774,0.1
3302,Baseline,87,Balanced,0,Low,0,High,2,Low,0,Low,0,3.27003,726.601,6.58975,0.0624383,0.1
3303,Baseline,87,Balanced,0,Low,0,High,2,Low,0,Low,0,3.2647,724.226,6.58648,0.062818,0.1
3304,Baseline,87,Balanced,0,Low,0,High,2,Low,0,Low,0,3.25458,720.932,6.58193,0.0627711,0.1
3305,Baseline,70,Balanced,0,Low,0,Low,0,Low,0,Low,0,3.2398,718.009,6.57787,0.0625267,0.1
3306,Baseline,70,Balanced,0,Low,0,Low,0,Low,0,Low,0,3.23756,716.767,6.57614,0.0624744,0.1
3307,Baseline,85,Balanced,0,Low,0,Low,0,Low,0,Low,0,3.24039,717.005,6.57648,0.0626612,0.1
3308,Baseline,87,Balanced,0,Low,0,High,2,Low,0,Low,0,3.25319,721.623,6.58289,0.0625805,0.1
3309,Baseline,87,Balanced,0,Low,0,High,2,Low,0,Low,0,3.24574,720.477,6.5813,0.0626681,0.1
3310,Baseline,85,Balanced,0,Low,0,Low,0,Low,0,Low,0,3.24241,718.504,6.57856,0.0627127,0.1
3311,Baseline,70,Balanced,0,Low,0,Low,0,Low,0,Low,0,3.23075,715.123,6.57385,0.0627273,0.1
3312,Baseline,70,Balanced,0,Low,0,Low,0,Low,0,Low,0,3.22977,716.216,6.57538,0.0624967,0.1
3313,Baseline,70,Balanced,0,Low,0,Low,0,Low,0,Low,0,3.22523,715.737,6.57471,0.0623699,0.1
3314,Baseline,70,Balanced,0,Low,0,Low,0,Low,0,Low,0,3.23433,717.225,6.57678,0.0625559,0.1
3315,Baseline,70,Balanced,0,Low,0,Low,0,Low,0,Low,0,3.23603,717.983,6.57784,0.0626335,0.1
3316,Baseline,70,Balanced,0,Low,0,Low,0,Low,0,Low,0,3.23193,716.415,6.57565,0.0626612,0.1
3317,Baseline,86,Balanced,0,Low,0,Medium,1,Low,0,Low,0,3.24523,719.64,6.58014,0.062675,0.1
3318,Baseline,87,Balanced,0,Low,0,High,2,Low,0,Low,0,3.26154,722.785,6.58449,0.0627972,0.1
3319,Baseline,87,Balanced,0,Low,0,High,2,Low,0,Low,0,3.26025,722.205,6.58369,0.0627388,0.1
3320,Baseline,87,Balanced,0,Low,0,High,2,Low,0,Low,0,3.25775,721.557,6.5828,0.0628648,0.1
3321,Baseline,87,Balanced,0,Low,0,High,2,Low,0,Low,0,3.28036,727.109,6.59045,0.0627742,0.1
3322,Baseline,87,Balanced,0,Low,0,High,2,Low,0,Low,0,3.27512,725.87,6.58875,0.0627803,0.1
3323,Baseline,86,Balanced,0,Low,0,Medium,1,Low,0,Low,0,3.24227,719.516,6.57997,0.0627642,0.1
3324,Baseline,70,Balanced,0,Low,0,Low,0,Low,0,Low,0,3.23902,718.362,6.57836,0.0628456,0.1
3325,Baseline,87,Balanced,0,Low,0,High,2,Low,0,Low,0,3.2766,725.831,6.58869,0.0626643,0.1
3326,Baseline,86,Balanced,0,Low,0,Medium,1,Low,0,Low,0,3.24739,719.354,6.57974,0.0628103,0.1
3327,Baseline,87,Balanced,0,Low,0,High,2,Low,0,Low,0,3.29085,730.295,6.59482,0.0631814,0.1
3328,Baseline,87,Balanced,0,Low,0,High,2,Low,0,Low,0,3.27615,727.311,6.59073,0.0630462,0.1
3329,Baseline,70,Balanced,0,Low,0,Low,0,Low,0,Low,0,3.23249,716.655,6.57599,0.0626865,0.1
3330,Baseline,87,Balanced,0,Low,0,High,2,Low,0,Low,0,3.27766,727.311,6.59073,0.0624752,0.1
3331,Baseline,87,Balanced,0,Low,0,High,2,Low,0,Low,0,3.24264,720.432,6.58124,0.0625444,0.1
3332,Baseline,70,Balanced,0,Low,0,Low,0,Low,0,Low,0,3.23154,715.547,6.57444,0.0630147,0.1
3333,Baseline,87,Balanced,0,Low,0,High,2,Low,0,Low,0,3.24993,720.143,6.58084,0.062904,0.1
3334,Baseline,87,Balanced,0,Low,0,High,2,Low,0,Low,0,3.26007,723.31,6.58522,0.0626358,0.1
3335,Baseline,70,Balanced,0,Low,0,Low,0,Low,0,Low,0,3.23031,715.299,6.5741,0.0624906,0.1
3336,Baseline,87,Balanced,0,Low,0,High,2,Low,0,Low,0,3.27051,725.038,6.5876,0.0627841,0.1
3337,Baseline,87,Balanced,0,Low,0,High,2,Low,0,Low,0,3.27591,726.187,6.58918,0.062831,0.1
3338,Baseline,87,Balanced,0,Low,0,High,2,Low,0,Low,0,3.26495,723.809,6.58591,0.062715,0.1
3339,Baseline,87,Balanced,0,Low,0,High,2,Low,0,Low,0,3.28328,727.133,6.59048,0.0630085,0.1
3340,Baseline,70,Balanced,0,Low,0,Low,0,Low,0,Low,0,3.23103,715.5,6.57438,0.062768,0.1
3341,Baseline,86,Balanced,0,Low,0,Medium,1,Low,0,Low,0,3.24385,719.567,6.58004,0.0624952,0.1
3342,Baseline,85,Balanced,0,Low,0,Low,0,Low,0,Low,0,3.24277,718.547,6.57862,0.0628441,0.1
3343,Baseline,70,Balanced,0,Low,0,Low,0,Low,0,Low,0,3.22611,715.506,6.57439,0.0625006,0.1
3344,Baseline,87,Balanced,0,Low,0,High,2,Low,0,Low,0,3.24697,720.21,6.58093,0.0625398,0.1
3345,Baseline,70,Balanced,0,Low,0,Low,0,Low,0,Low,0,3.23403,715.373,6.5742,0.062934,0.1
3346,Baseline,87,Balanced,0,Low,0,High,2,Low,0,Low,0,3.26411,723.476,6.58545,0.0629186,0.1
3347,Baseline,87,Balanced,0,Low,0,High,2,Low,0,Low,0,3.25378,721.521,6.58275,0.0624145,0.1
3348,Baseline,70,Balanced,0,Low,0,Low,0,Low,0,Low,0,3.22822,716.219,6.57538,0.0627826,0.1
3349,Baseline,87,Balanced,0,Low,0,High,2,Low,0,Low,0,3.25711,722.933,6.5847,0.0624921,0.1
3350,Baseline,85,Balanced,0,Low,0,Low,0,Low,0,Low,0,3.24033,718.677,6.5788,0.0624245,0.1
3351,Baseline,70,Balanced,0,Low,0,Low,0,Low,0,Low,0,3.22111,714.496,6.57298,0.0626543,0.1
3352,Baseline,85,Balanced,0,Low,0,Low,0,Low,0,Low,0,3.24706,719.076,6.57936,0.0626888,0.1
3353,Baseline,70,Balanced,0,Low,0,Low,0,Low,0,Low,0,3.22781,714.947,6.57361,0.0627603,0.1
3354,Baseline,87,Balanced,0,Low,0,High,2,Low,0,Low,0,3.25475,720.571,6.58143,0.0626881,0.1
3355,Baseline,70,Balanced,0,Low,0,Low,0,Low,0,Low,0,3.23474,717.723,6.57748,0.0624099,0.1
3356,Baseline,86,Balanced,0,Low,0,Medium,1,Low,0,Low,0,3.24587,719.504,6.57995,0.0627557,0.1
3357,Baseline,85,Balanced,0,Low,0,Low,0,Low,0,Low,0,3.24791,718.757,6.57891,0.0627104,0.1
3358,Baseline,87,Balanced,0,Low,0,High,2,Low,0,Low,0,3.26998,724.38,6.5867,0.0628333,0.1
3359,Baseline,87,Balanced,0,Low,0,High,2,Low,0,Low,0,3.25509,721.884,6.58325,0.0628349,0.1
3360,Baseline,70,Balanced,0,Low,0,Low,0,Low,0,Low,0,3.21677,713.774,6.57197,0.0624775,0.1
3361,Baseline,71,Balanced,0,Low,0,Medium,1,Low,0,Low,0,3.23719,719.299,6.57967,0.062509,0.1
3362,Baseline,87,Balanced,0,Low,0,High,2,Low,0,Low,0,3.26188,723.78,6.58587,0.0627841,0.1
3363,Baseline,70,Balanced,0,Low,0,Low,0,Low,0,Low,0,3.22717,714.978,6.57365,0.0626804,0.1
3364,Baseline,87,Balanced,0,Low,0,High,2,Low,0,Low,0,3.24824,720.179,6.58089,0.0628771,0.1
3365,Baseline,85,Balanced,0,Low,0,Low,0,Low,0,Low,0,3.24109,717.469,6.57712,0.0628172,0.1
3366,Baseline,87,Balanced,0,Low,0,High,2,Low,0,Low,0,3.2528,721.131,6.58221,0.0627227,0.1
3367,Baseline,87,Balanced,0,Low,0,High,2,Low,0,Low,0,3.24895,720.968,6.58198,0.0627434,0.1
3368,Baseline,87,Balanced,0,Low,0,High,2,Low,0,Low,0,3.2519,720.687,6.58159,0.0628625,0.1
3369,Baseline,70,Balanced,0,Low,0,Low,0,Low,0,Low,0,3.23463,716.023,6.57511,0.0628863,0.1
3370,Baseline,87,Balanced,0,Low,0,High,2,Low,0,Low,0,3.24608,720.384,6.58117,0.0624099,0.1
3371,Baseline,86,Balanced,0,Low,0,Medium,1,Low,0,Low,0,3.24697,719.74,6.58028,0.0627795,0.1
3372,Baseline,87,Balanced,0,Low,0,High,2,Low,0,Low,0,3.27115,725.393,6.58809,0.0627742,0.1
3373,Baseline,87,Balanced,0,Low,0,High,2,Low,0,Low,0,3.26027,722.623,6.58427,0.0629048,0.1
3374,Baseline,70,Balanced,0,Low,0,Low,0,Low,0,Low,0,3.2365,717.528,6.5772,0.062652,0.1
3375,Baseline,70,Balanced,0,Low,0,Low,0,Low,0,Low,0,3.23433,716.607,6.57592,0.0627503,0.1
3376,Baseline,87,Balanced,0,Low,0,High,2,Low,0,Low,0,3.25376,721.135,6.58221,0.0626581,0.1
3377,Baseline,70,Balanced,0,Low,0,Low,0,Low,0,Low,0,3.21014,711.419,6.56867,0.0624153,0.1
3378,Baseline,70,Balanced,0,Low,0,Low,0,Low,0,Low,0,3.23491,717.809,6.5776,0.0624499,0.1
3379,Baseline,85,Balanced,0,Low,0,Low,0,Low,0,Low,0,3.24331,718.732,6.57888,0.0628472,0.1
3380,Baseline,70,Balanced,0,Low,0,Low,0,Low,0,Low,0,3.23516,717.543,6.57723,0.062489,0.1
3381,Baseline,85,Balanced,0,Low,0,Low,0,Low,0,Low,0,3.24115,718.675,6.5788,0.0624806,0.1
3382,Baseline,70,Balanced,0,Low,0,Low,0,Low,0,Low,0,3.2199,713.723,6.5719,0.0627134,0.1
3383,Baseline,87,Balanced,0,Low,0,High,2,Low,0,Low,0,3.25443,721.864,6.58322,0.0627542,0.1
3384,Baseline,85,Balanced,0,Low,0,Low,0,Low,0,Low,0,3.24113,717.981,6.57784,0.0625866,0.1
3385,Baseline,85,Balanced,0,Low,0,Low,0,Low,0,Low,0,3.24284,718.892,6.5791,0.0627442,0.1
3386,Baseline,86,Balanced,0,Low,0,Medium,1,Low,0,Low,0,3.24263,719.277,6.57964,0.062662,0.1
3387,Baseline,87,Balanced,0,Low,0,High,2,Low,0,Low,0,3.24935,720.137,6.58083,0.0624506,0.1
3388,Baseline,87,Balanced,0,Low,0,High,2,Low,0,Low,0,3.28077,728.285,6.59206,0.0628717,0.1
3389,Baseline,70,Balanced,0,Low,0,Low,0,Low,0,Low,0,3.23268,716.751,6.57612,0.0628272,0.1
3390,Baseline,87,Balanced,0,Low,0,High,2,Low,0,Low,0,3.26543,723.315,6.58523,0.0627411,0.1
3391,Baseline,87,Balanced,0,Low,0,High,2,Low,0,Low,0,3.26101,722.876,6.58462,0.0628279,0.1
3392,Baseline,70,Balanced,0,Low,0,Low,0,Low,0,Low,0,3.22684,715.9,6.57494,0.0626043,0.1
3393,Baseline,70,Balanced,0,Low,0,Low,0,Low,0,Low,0,3.23411,716.607,6.57592,0.0626512,0.1
3394,Baseline,86,Balanced,0,Low,0,Medium,1,Low,0,Low,0,3.24676,719.883,6.58048,0.0624944,0.1
3395,Baseline,87,Balanced,0,Low,0,High,2,Low,0,Low,0,3.26005,723.043,6.58485,0.0627104,0.1
3396,Baseline,87,Balanced,0,Low,0,High,2,Low,0,Low,0,3.26124,723.264,6.58516,0.0627542,0.1
3397,Baseline,87,Balanced,0,Low,0,High,2,Low,0,Low,0,3.25506,720.621,6.5815,0.062881,0.1
3398,Baseline,87,Balanced,0,Low,0,High,2,Low,0,Low,0,3.25328,721.323,6.58247,0.0626573,0.1
3399,Baseline,70,Balanced,0,Low,0,Low,0,Low,0,Low,0,3.23803,716.901,6.57633,0.0626328,0.1
3400,Baseline,70,Balanced,0,Low,0,Low,0,Low,0,Low,0,3.22704,714.639,6.57318,0.0626028,0.1
3401,Baseline,87,Balanced,0,Low,0,High,2,Low,0,Low,0,3.25737,722.073,6.58351,0.0626266,0.1
3402,Baseline,70,Balanced,0,Low,0,Low,0,Low,0,Low,0,3.22185,713.58,6.5717,0.062728,0.1
3403,Baseline,87,Balanced,0,Low,0,High,2,Low,0,Low,0,3.24677,720.649,6.58154,0.0623684,0.1
3404,Baseline,87,Balanced,0,Low,0,High,2,Low,0,Low,0,3.26524,724.652,6.58707,0.0624606,0.1
3405,Baseline,87,Balanced,0,Low,0,High,2,Low,0,Low,0,3.2609,722.897,6.58465,0.0625321,0.1
3406,Baseline,87,Balanced,0,Low,0,High,2,Low,0,Low,0,3.25668,722.073,6.58351,0.0627058,0.1
3407,Baseline,85,Balanced,0,Low,0,Low,0,Low,0,Low,0,3.24346,718.664,6.57878,0.0625951,0.1
3408,Baseline,87,Balanced,0,Low,0,High,2,Low,0,Low,0,3.27609,727.104,6.59044,0.0629862,0.1
3409,Baseline,70,Balanced,0,Low,0,Low,0,Low,0,Low,0,3.22857,715.188,6.57394,0.0626558,0.1
3410,Baseline,70,Balanced,0,Low,0,Low,0,Low,0,Low,0,3.22028,712.846,6.57067,0.0626858,0.1
3411,Baseline,86,Balanced,0,Low,0,Medium,1,Low,0,Low,0,3.25053,719.773,6.58032,0.0626466,0.1
3412,Baseline,70,Balanced,0,Low,0,Low,0,Low,0,Low,0,3.23348,715.886,6.57492,0.0628833,0.1
3413,Baseline,70,Balanced,0,Low,0,Low,0,Low,0,Low,0,3.23269,716.842,6.57625,0.0625682,0.1
3414,Baseline,87,Balanced,0,Low,0,High,2,Low,0,Low,0,3.25288,721.035,6.58207,0.0628349,0.1
3415,Baseline,85,Balanced,0,Low,0,Low,0,Low,0,Low,0,3.24173,718.619,6.57872,0.0628764,0.1
3416,Baseline,87,Balanced,0,Low,0,High,2,Low,0,Low,0,3.26669,724.197,6.58644,0.0629363,0.1
3417,Baseline,87,Balanced,0,Low,0,High,2,Low,0,Low,0,3.26108,722.832,6.58456,0.0625044,0.1
3418,Baseline,87,Balanced,0,Low,0,High,2,Low,0,Low,0,3.26172,721.878,6.58324,0.0627219,0.1
3419,Baseline,85,Balanced,0,Low,0,Low,0,Low,0,Low,0,3.24568,718.817,6.579,0.062977,0.1
3420,Baseline,70,Balanced,0,Low,0,Low,0,Low,0,Low,0,3.2193,712.497,6.57018,0.0628349,0.1
3421,Baseline,70,Balanced,0,Low,0,Low,0,Low,0,Low,0,3.23922,717.804,6.57759,0.0624368,0.1
3422,Baseline,70,Balanced,0,Low,0,Low,0,Low,0,Low,0,3.23791,718.007,6.57787,0.0625136,0.1
3423,Baseline,87,Balanced,0,Low,0,High,2,Low,0,Low,0,3.25418,721.072,6.58212,0.0629332,0.1
3424,Baseline,87,Balanced,0,Low,0,High,2,Low,0,Low,0,3.269,725.391,6.58809,0.0626035,0.1
3425,Baseline,87,Balanced,0,Low,0,High,2,Low,0,Low,0,3.25529,722.378,6.58393,0.0626689,0.1
3426,Baseline,87,Balanced,0,Low,0,High,2,Low,0,Low,0,3.25796,722.549,6.58417,0.0629301,0.1
3427,Baseline,70,Balanced,0,Low,0,Low,0,Low,0,Low,0,3.22468,715.068,6.57378,0.0624522,0.1
3428,Baseline,87,Balanced,0,Low,0,High,2,Low,0,Low,0,3.25029,720.564,6.58142,0.0629248,0.1
3429,Baseline,87,Balanced,0,Low,0,High,2,Low,0,Low,0,3.29713,731.207,6.59606,0.0626243,0.1
3430,Baseline,70,Balanced,0,Low,0,Low,0,Low,0,Low,0,3.22633,715.438,6.57429,0.0625129,0.1
3431,Baseline,87,Balanced,0,Low,0,High,2,Low,0,Low,0,3.24874,720.502,6.58134,0.0625774,0.1
3432,Baseline,87,Balanced,0,Low,0,High,2,Low,0,Low,0,3.24998,721.347,6.58251,0.0627496,0.1
3433,Baseline,87,Balanced,0,Low,0,High,2,Low,0,Low,0,3.273,725.717,6.58854,0.0626358,0.1
3434,Baseline,87,Balanced,0,Low,0,High,2,Low,0,Low,0,3.26082,722.753,6.58445,0.0626012,0.1
3435,Baseline,87,Balanced,0,Low,0,High,2,Low,0,Low,0,3.27954,727.155,6.59051,0.0628871,0.1
3436,Baseline,70,Balanced,0,Low,0,Low,0,Low,0,Low,0,3.23712,717.794,6.57757,0.062423,0.1
3437,Baseline,70,Balanced,0,Low,0,Low,0,Low,0,Low,0,3.22558,714.484,6.57296,0.0626497,0.1
3438,Baseline,87,Balanced,0,Low,0,High,2,Low,0,Low,0,3.26278,723.244,6.58513,0.0628725,0.1
3439,Baseline,70,Balanced,0,Low,0,Low,0,Low,0,Low,0,3.22731,716.72,6.57608,0.0623615,0.1
3440,Baseline,85,Balanced,0,Low,0,Low,0,Low,0,Low,0,3.24041,718.316,6.5783,0.0627273,0.1
3441,Baseline,87,Balanced,0,Low,0,High,2,Low,0,Low,0,3.24702,721.49,6.5827,0.0625521,0.1
3442,Baseline,87,Balanced,0,Low,0,High,2,Low,0,Low,0,3.28444,727.44,6.59091,0.0627742,0.1
3443,Baseline,70,Balanced,0,Low,0,Low,0,Low,0,Low,0,3.23947,718.721,6.57886,0.0624468,0.1
3444,Baseline,87,Balanced,0,Low,0,High,2,Low,0,Low,0,3.25501,722.507,6.58411,0.0625544,0.1
3445,Baseline,70,Balanced,0,Low,0,Low,0,Low,0,Low,0,3.23646,716.94,6.57639,0.0627442,0.1
3446,Baseline,70,Balanced,0,Low,0,Low,0,Low,0,Low,0,3.23101,715.102,6.57382,0.062801,0.1
3447,Baseline,70,Balanced,0,Low,0,Low,0,Low,0,Low,0,3.21323,712.225,6.5698,0.0624522,0.1
3448,Baseline,85,Balanced,0,Low,0,Low,0,Low,0,Low,0,3.24422,719.127,6.57943,0.0627342,0.1
3449,Baseline,70,Balanced,0,Low,0,Low,0,Low,0,Low,0,3.2365,717.843,6.57764,0.0626666,0.1
3450,Baseline,85,Balanced,0,Low,0,Low,0,Low,0,Low,0,3.24016,718.548,6.57862,0.0625183,0.1
3451,Baseline,87,Balanced,0,Low,0,High,2,Low,0,Low,0,3.25054,721.618,6.58288,0.062808,0.1
3452,Baseline,87,Balanced,0,Low,0,High,2,Low,0,Low,0,3.25828,723.048,6.58486,0.0626258,0.1
3453,Baseline,70,Balanced,0,Low,0,Low,0,Low,0,Low,0,3.23089,714.712,6.57328,0.0629732,0.1
3454,Baseline,87,Balanced,0,Low,0,High,2,Low,0,Low,0,3.24449,719.907,6.58051,0.0625098,0.1
3455,Baseline,87,Balanced,0,Low,0,High,2,Low,0,Low,0,3.25845,722.328,6.58386,0.0627718,0.1
3456,Baseline,70,Balanced,0,Low,0,Low,0,Low,0,Low,0,3.2241,714.123,6.57245,0.0625029,0.1
3457,Baseline,87,Balanced,0,Low,0,High,2,Low,0,Low,0,3.24688,720.166,6.58087,0.0630562,0.1
3458,Baseline,87,Balanced,0,Low,0,High,2,Low,0,Low,0,3.26376,723.794,6.58589,0.0626704,0.1
3459,Baseline,70,Balanced,0,Low,0,Low,0,Low,0,Low,0,3.23627,717.532,6.57721,0.0627788,0.1
3460,Baseline,87,Balanced,0,Low,0,High,2,Low,0,Low,0,3.25325,720.792,6.58174,0.0625797,0.1
3461,Baseline,70,Balanced,0,Low,0,Low,0,Low,0,Low,0,3.21728,712.95,6.57081,0.0625183,0.1
3462,Baseline,70,Balanced,0,Low,0,Low,0,Low,0,Low,0,3.23186,717.21,6.57676,0.062423,0.1
3463,Baseline,87,Balanced,0,Low,0,High,2,Low,0,Low,0,3.28047,726.08,6.58904,0.0631392,0.1
3464,Baseline,70,Balanced,0,Low,0,Low,0,Low,0,Low,0,3.236,716.984,6.57645,0.0627626,0.1
3465,Baseline,70,Balanced,0,Low,0,Low,0,Low,0,Low,0,3.23598,716.687,6.57603,0.0626497,0.1
3466,Baseline,70,Balanced,0,Low,0,Low,0,Low,0,Low,0,3.23562,716.669,6.57601,0.0627204,0.1
3467,Baseline,87,Balanced,0,Low,0,High,2,Low,0,Low,0,3.25466,720.68,6.58158,0.0629816,0.1
3468,Baseline,70,Balanced,0,Low,0,Low,0,Low,0,Low,0,3.22623,715.158,6.5739,0.0625636,0.1
3469,Baseline,70,Balanced,0,Low,0,Low,0,Low,0,Low,0,3.23604,717.563,6.57725,0.0630354,0.1
3470,Baseline,87,Balanced,0,Low,0,High,2,Low,0,Low,0,3.24634,720.136,6.58083,0.0628387,0.1
3471,Baseline,86,Balanced,0,Low,0,Medium,1,Low,0,Low,0,3.24426,719.329,6.57971,0.0624852,0.1
3472,Baseline,86,Balanced,0,Low,0,Medium,1,Low,0,Low,0,3.24514,719.616,6.58011,0.062602,0.1
3473,Baseline,70,Balanced,0,Low,0,Low,0,Low,0,Low,0,3.2375,717.555,6.57724,0.0625767,0.1
3474,Baseline,87,Balanced,0,Low,0,High,2,Low,0,Low,0,3.25666,722.157,6.58363,0.0628856,0.1
3475,Baseline,87,Balanced,0,Low,0,High,2,Low,0,Low,0,3.25166,720.695,6.5816,0.0626573,0.1
3476,Baseline,85,Balanced,0,Low,0,Low,0,Low,0,Low,0,3.24169,718.266,6.57823,0.0625344,0.1
3477,Baseline,85,Balanced,0,Low,0,Low,0,Low,0,Low,0,3.24203,718.024,6.5779,0.0626689,0.1
3478,Baseline,87,Balanced,0,Low,0,High,2,Low,0,Low,0,3.2496,720.603,6.58148,0.0627096,0.1
3479,Baseline,85,Balanced,0,Low,0,Low,0,Low,0,Low,0,3.24287,718.679,6.5788,0.0628149,0.1
3480,Baseline,87,Balanced,0,Low,0,High,2,Low,0,Low,0,3.25544,721.615,6.58288,0.0628633,0.1
3481,Baseline,87,Balanced,0,Low,0,High,2,Low,0,Low,0,3.25737,722.354,6.5839,0.062881,0.1
3482,Baseline,87,Balanced,0,Low,0,High,2,Low,0,Low,0,3.25983,722.397,6.58396,0.0629332,0.1
3483,Baseline,70,Balanced,0,Low,0,Low,0,Low,0,Low,0,3.22578,714.855,6.57348,0.0625982,0.1
3484,Baseline,70,Balanced,0,Low,0,Low,0,Low,0,Low,0,3.22863,714.876,6.57351,0.0627718,0.1
3485,Baseline,70,Balanced,0,Low,0,Low,0,Low,0,Low,0,3.23388,716.739,6.57611,0.0627826,0.1
3486,Baseline,70,Balanced,0,Low,0,Low,0,Low,0,Low,0,3.23401,716.311,6.57551,0.0627288,0.1
3487,Baseline,87,Balanced,0,Low,0,High,2,Low,0,Low,0,3.27005,724.88,6.58739,0.0626904,0.1
3488,Baseline,85,Balanced,0,Low,0,Low,0,Low,0,Low,0,3.24173,718.032,6.57791,0.0625313,0.1
3489,Baseline,87,Balanced,0,Low,0,High,2,Low,0,Low,0,3.2583,721.473,6.58268,0.062592,0.1
3490,Baseline,70,Balanced,0,Low,0,Low,0,Low,0,Low,0,3.23384,717.182,6.57672,0.0622324,0.1
3491,Baseline,70,Balanced,0,Low,0,Low,0,Low,0,Low,0,3.23705,716.595,6.57591,0.0628172,0.1
3492,Baseline,86,Balanced,0,Low,0,Medium,1,Low,0,Low,0,3.24291,719.251,6.5796,0.0623945,0.1
3493,Baseline,87,Balanced,0,Low,0,High,2,Low,0,Low,0,3.27716,726.658,6.58983,0.0627503,0.1
3494,Baseline,87,Balanced,0,Low,0,High,2,Low,0,Low,0,3.26767,724.934,6.58746,0.062891,0.1
3495,Baseline,87,Balanced,0,Low,0,High,2,Low,0,Low,0,3.26091,722.804,6.58452,0.0626581,0.1
3496,Baseline,70,Balanced,0,Low,0,Low,0,Low,0,Low,0,3.23725,717.469,6.57712,0.0625544,0.1
3497,Baseline,87,Balanced,0,Low,0,High,2,Low,0,Low,0,3.25584,722.481,6.58407,0.0627204,0.1
3498,Baseline,70,Balanced,0,Low,0,Low,0,Low,0,Low,0,3.22722,716.022,6.57511,0.0623845,0.1
3499,Baseline,87,Balanced,0,Low,0,High,2,Low,0,Low,0,3.26005,723.935,6.58608,0.0624714,0.1
3500,Baseline,87,Balanced,0,Low,0,High,2,Low,0,Low,0,3.27838,727.328,6.59075,0.0626766,0.1
3501,Baseline,87,Balanced,0,Low,0,High,2,Low,0,Low,0,3.25907,722.885,6.58463,0.0630562,0.1
3502,Baseline,70,Balanced,0,Low,0,Low,0,Low,0,Low,0,3.232,716.171,6.57531,0.0625129,0.1
3503,Baseline,85,Balanced,0,Low,0,Low,0,Low,0,Low,0,3.24265,718.756,6.57891,0.0627204,0.1
3504,Baseline,86,Balanced,0,Low,0,Medium,1,Low,0,Low,0,3.24909,719.251,6.5796,0.0628356,0.1
3505,Baseline,87,Balanced,0,Low,0,High,2,Low,0,Low,0,3.25265,720.583,6.58145,0.062579,0.1
3506,Baseline,70,Balanced,0,Low,0,Low,0,Low,0,Low,0,3.21291,712.017,6.5695,0.0625774,0.1
3507,Baseline,70,Balanced,0,Low,0,Low,0,Low,0,Low,0,3.23729,717.176,6.57671,0.062695,0.1
3508,Baseline,87,Balanced,0,Low,0,High,2,Low,0,Low,0,3.2889,729.261,6.5934,0.0629009,0.1
3509,Baseline,87,Balanced,0,Low,0,High,2,Low,0,Low,0,3.25478,721.644,6.58292,0.0626089,0.1
3510,Baseline,70,Balanced,0,Low,0,Low,0,Low,0,Low,0,3.22947,715.079,6.57379,0.0625874,0.1
3511,Baseline,87,Balanced,0,Low,0,High,2,Low,0,Low,0,3.25456,721.348,6.58251,0.0629955,0.1
3512,Baseline,87,Balanced,0,Low,0,High,2,Low,0,Low,0,3.2857,728.28,6.59206,0.0626243,0.1
3513,Baseline,70,Balanced,0,Low,0,Low,0,Low,0,Low,0,3.23637,716.628,6.57595,0.0627411,0.1
3514,Baseline,87,Balanced,0,Low,0,High,2,Low,0,Low,0,3.24746,720.578,6.58144,0.0626689,0.1
3515,Baseline,87,Balanced,0,Low,0,High,2,Low,0,Low,0,3.26372,724.712,6.58715,0.0625705,0.1
3516,Baseline,87,Balanced,0,Low,0,High,2,Low,0,Low,0,3.26978,724.934,6.58746,0.0625897,0.1
3517,Baseline,87,Balanced,0,Low,0,High,2,Low,0,Low,0,3.26135,722.842,6.58457,0.0630954,0.1
3518,Baseline,87,Balanced,0,Low,0,High,2,Low,0,Low,0,3.25396,721.355,6.58252,0.0626612,0.1
3519,Baseline,87,Balanced,0,Low,0,High,2,Low,0,Low,0,3.26239,723.849,6.58596,0.0625797,0.1
3520,Baseline,87,Balanced,0,Low,0,High,2,Low,0,Low,0,3.25348,720.927,6.58192,0.0627496,0.1
3521,Baseline,87,Balanced,0,Low,0,High,2,Low,0,Low,0,3.28049,726.922,6.59019,0.0626174,0.1
3522,Baseline,87,Balanced,0,Low,0,High,2,Low,0,Low,0,3.25352,721.639,6.58291,0.0625882,0.1
3523,Baseline,70,Balanced,0,Low,0,Low,0,Low,0,Low,0,3.23498,716.202,6.57536,0.0627465,0.1
3524,Baseline,70,Balanced,0,Low,0,Low,0,Low,0,Low,0,3.23751,717.803,6.57759,0.0628802,0.1
3525,Baseline,87,Balanced,0,Low,0,High,2,Low,0,Low,0,3.25503,723.346,6.58527,0.0621724,0.1
3526,Baseline,86,Balanced,0,Low,0,Medium,1,Low,0,Low,0,3.24216,719.464,6.5799,0.0622754,0.1
3527,Baseline,86,Balanced,0,Low,0,Medium,1,Low,0,Low,0,3.24287,719.649,6.58015,0.0627004,0.1
3528,Baseline,70,Balanced,0,Low,0,Low,0,Low,0,Low,0,3.22854,715.559,6.57446,0.0625106,0.1
3529,Baseline,70,Balanced,0,Low,0,Low,0,Low,0,Low,0,3.23757,717.922,6.57775,0.0625682,0.1
3530,Baseline,87,Balanced,0,Low,0,High,2,Low,0,Low,0,3.25541,721.902,6.58327,0.062718,0.1
3531,Baseline,87,Balanced,0,Low,0,High,2,Low,0,Low,0,3.2484,720.027,6.58068,0.0628902,0.1
3532,Baseline,87,Balanced,0,Low,0,High,2,Low,0,Low,0,3.26621,723.207,6.58508,0.0628387,0.1
3533,Baseline,87,Balanced,0,Low,0,High,2,Low,0,Low,0,3.26364,721.543,6.58278,0.0632029,0.1
3534,Baseline,87,Balanced,0,Low,0,High,2,Low,0,Low,0,3.28755,728.319,6.59211,0.0628525,0.1
3535,Baseline,87,Balanced,0,Low,0,High,2,Low,0,Low,0,3.2573,721.945,6.58333,0.0630008,0.1
3536,Baseline,70,Balanced,0,Low,0,Low,0,Low,0,Low,0,3.23578,717.685,6.57742,0.0626474,0.1
3537,Baseline,87,Balanced,0,Low,0,High,2,Low,0,Low,0,3.26179,723.776,6.58586,0.062486,0.1
3538,Baseline,70,Balanced,0,Low,0,Low,0,Low,0,Low,0,3.23319,716.716,6.57607,0.0625751,0.1
3539,Baseline,87,Balanced,0,Low,0,High,2,Low,0,Low,0,3.24908,720.703,6.58161,0.0625782,0.1
3540,Baseline,70,Balanced,0,Low,0,Low,0,Low,0,Low,0,3.23855,717.499,6.57716,0.0626558,0.1
3541,Baseline,87,Balanced,0,Low,0,High,2,Low,0,Low,0,3.25275,721.569,6.58281,0.0628664,0.1
3542,Baseline,70,Balanced,0,Low,0,Low,0,Low,0,Low,0,3.23934,717.82,6.57761,0.0628571,0.1
3543,Baseline,87,Balanced,0,Low,0,High,2,Low,0,Low,0,3.2552,721.454,6.58265,0.0629532,0.1
3544,Baseline,87,Balanced,0,Low,0,High,2,Low,0,Low,0,3.2454,720.173,6.58088,0.0627165,0.1
3545,Baseline,70,Balanced,0,Low,0,Low,0,Low,0,Low,0,3.236,718.005,6.57787,0.0629163,0.1
3546,Baseline,87,Balanced,0,Low,0,High,2,Low,0,Low,0,3.26054,722.663,6.58433,0.0627941,0.1
3547,Baseline,86,Balanced,0,Low,0,Medium,1,Low,0,Low,0,3.24483,719.73,6.58027,0.0622508,0.1
3548,Baseline,87,Balanced,0,Low,0,High,2,Low,0,Low,0,3.25457,721.595,6.58285,0.062821,0.1
3549,Baseline,87,Balanced,0,Low,0,High,2,Low,0,Low,0,3.25618,721.522,6.58275,0.0625674,0.1
3550,Baseline,70,Balanced,0,Low,0,Low,0,Low,0,Low,0,3.23357,717.064,6.57656,0.062539,0.1
3551,Baseline,87,Balanced,0,Low,0,High,2,Low,0,Low,0,3.25759,722.291,6.58381,0.0627411,0.1
3552,Baseline,70,Balanced,0,Low,0,Low,0,Low,0,Low,0,3.21961,712.979,6.57085,0.062519,0.1
3553,Baseline,87,Balanced,0,Low,0,High,2,Low,0,Low,0,3.27235,726.481,6.58959,0.0627841,0.1
3554,Baseline,85,Balanced,0,Low,0,Low,0,Low,0,Low,0,3.24367,718.978,6.57922,0.0627196,0.1
3555,Baseline,70,Balanced,0,Low,0,Low,0,Low,0,Low,0,3.21356,712.484,6.57016,0.0621402,0.1
3556,Baseline,87,Balanced,0,Low,0,High,2,Low,0,Low,0,3.24894,720.225,6.58095,0.0622777,0.1
3557,Baseline,70,Balanced,0,Low,0,Low,0,Low,0,Low,0,3.23406,716.633,6.57596,0.0625098,0.1
3558,Baseline,87,Balanced,0,Low,0,High,2,Low,0,Low,0,3.27254,724.698,6.58713,0.0626627,0.1
3559,Baseline,87,Balanced,0,Low,0,High,2,Low,0,Low,0,3.26752,724.574,6.58696,0.0628425,0.1
3560,Baseline,87,Balanced,0,Low,0,High,2,Low,0,Low,0,3.24546,720.012,6.58066,0.0626504,0.1
3561,Baseline,87,Balanced,0,Low,0,High,2,Low,0,Low,0,3.25509,722.078,6.58352,0.0627511,0.1
3562,Baseline,70,Balanced,0,Low,0,Low,0,Low,0,Low,0,3.23323,716.812,6.57621,0.0623092,0.1
3563,Baseline,87,Balanced,0,Low,0,High,2,Low,0,Low,0,3.26768,724.021,6.5862,0.0627357,0.1
3564,Baseline,87,Balanced,0,Low,0,High,2,Low,0,Low,0,3.24986,720.728,6.58165,0.0627188,0.1
3565,Baseline,87,Balanced,0,Low,0,High,2,Low,0,Low,0,3.2536,720.941,6.58194,0.0627496,0.1
3566,Baseline,87,Balanced,0,Low,0,High,2,Low,0,Low,0,3.25726,720.906,6.58189,0.0627772,0.1
3567,Baseline,70,Balanced,0,Low,0,Low,0,Low,0,Low,0,3.2379,718.087,6.57798,0.0625644,0.1
3568,Baseline,87,Balanced,0,Low,0,High,2,Low,0,Low,0,3.24914,720.168,6.58087,0.0628133,0.1
3569,Baseline,85,Balanced,0,Low,0,Low,0,Low,0,Low,0,3.24034,718.818,6.579,0.062416,0.1
3570,Baseline,87,Balanced,0,Low,0,High,2,Low,0,Low,0,3.2567,720.719,6.58164,0.0630923,0.1
3571,Baseline,86,Balanced,0,Low,0,Medium,1,Low,0,Low,0,3.24458,719.861,6.58045,0.0625797,0.1
3572,Baseline,86,Balanced,0,Low,0,Medium,1,Low,0,Low,0,3.24906,719.786,6.58034,0.0628095,0.1
3573,Baseline,85,Balanced,0,Low,0,Low,0,Low,0,Low,0,3.24319,718.3,6.57828,0.0623938,0.1
3574,Baseline,70,Balanced,0,Low,0,Low,0,Low,0,Low,0,3.22148,713.54,6.57164,0.0624476,0.1
3575,Baseline,87,Balanced,0,Low,0,High,2,Low,0,Low,0,3.25731,722.488,6.58408,0.0624437,0.1
3576,Baseline,86,Balanced,0,Low,0,Medium,1,Low,0,Low,0,3.24447,719.233,6.57957,0.0626643,0.1
3577,Baseline,87,Balanced,0,Low,0,High,2,Low,0,Low,0,3.26323,723.375,6.58531,0.0624168,0.1
3578,Baseline,70,Balanced,0,Low,0,Low,0,Low,0,Low,0,3.23375,716.845,6.57625,0.062559,0.1
3579,Baseline,70,Balanced,0,Low,0,Low,0,Low,0,Low,0,3.22933,715.708,6.57467,0.0623538,0.1
3580,Baseline,87,Balanced,0,Low,0,High,2,Low,0,Low,0,3.25538,722.73,6.58442,0.0627403,0.1
3581,Baseline,70,Balanced,0,Low,0,Low,0,Low,0,Low,0,3.21944,713.312,6.57132,0.0627204,0.1
3582,Baseline,87,Balanced,0,Low,0,High,2,Low,0,Low,0,3.24707,719.915,6.58052,0.0624445,0.1
3583,Baseline,87,Balanced,0,Low,0,High,2,Low,0,Low,0,3.25655,721.379,6.58255,0.0626643,0.1
3584,Baseline,87,Balanced,0,Low,0,High,2,Low,0,Low,0,3.26732,725.221,6.58785,0.0627188,0.1
3585,Baseline,87,Balanced,0,Low,0,High,2,Low,0,Low,0,3.25246,720.504,6.58134,0.0628487,0.1
3586,Baseline,70,Balanced,0,Low,0,Low,0,Low,0,Low,0,3.22305,714.033,6.57233,0.0625213,0.1
3587,Baseline,87,Balanced,0,Low,0,High,2,Low,0,Low,0,3.25382,721.018,6.58205,0.0628902,0.1
3588,Baseline,70,Balanced,0,Low,0,Low,0,Low,0,Low,0,3.23042,716.065,6.57517,0.0624283,0.1
3589,Baseline,70,Balanced,0,Low,0,Low,0,Low,0,Low,0,3.22992,715.449,6.57431,0.0624714,0.1
3590,Baseline,87,Balanced,0,Low,0,High,2,Low,0,Low,0,3.28162,727.501,6.59099,0.0624053,0.1
3591,Baseline,70,Balanced,0,Low,0,Low,0,Low,0,Low,0,3.23136,715.369,6.5742,0.0622631,0.1
3592,Baseline,70,Balanced,0,Low,0,Low,0,Low,0,Low,0,3.23232,717.178,6.57672,0.062675,0.1
3593,Baseline,70,Balanced,0,Low,0,Low,0,Low,0,Low,0,3.21811,713.903,6.57215,0.062416,0.1
3594,Baseline,87,Balanced,0,Low,0,High,2,Low,0,Low,0,3.26028,722.641,6.58429,0.0626712,0.1
3595,Baseline,87,Balanced,0,Low,0,High,2,Low,0,Low,0,3.25977,723.049,6.58486,0.0627918,0.1
3596,Baseline,87,Balanced,0,Low,0,High,2,Low,0,Low,0,3.2657,724.118,6.58633,0.0627941,0.1
3597,Baseline,85,Balanced,0,Low,0,Low,0,Low,0,Low,0,3.24579,718.549,6.57862,0.0626735,0.1
3598,Baseline,70,Balanced,0,Low,0,Low,0,Low,0,Low,0,3.23491,716.687,6.57603,0.062861,0.1
3599,Baseline,87,Balanced,0,Low,0,High,2,Low,0,Low,0,3.26393,724.513,6.58688,0.0626059,0.1
3600,Baseline,70,Balanced,0,Low,0,Low,0,Low,0,Low,0,3.23888,718.248,6.57821,0.0625167,0.1
3601,Baseline,70,Balanced,0,Low,0,Low,0,Low,0,Low,0,3.23986,718.64,6.57875,0.0625705,0.1
3602,Baseline,70,Balanced,0,Low,0,Low,0,Low,0,Low,0,3.23858,718.029,6.5779,0.0626158,0.1
3603,Baseline,87,Balanced,0,Low,0,High,2,Low,0,Low,0,3.2559,722.657,6.58432,0.0626051,0.1
3604,Baseline,87,Balanced,0,Low,0,High,2,Low,0,Low,0,3.25946,721.633,6.5829,0.0630055,0.1
3605,Baseline,87,Balanced,0,Low,0,High,2,Low,0,Low,0,3.26003,723.736,6.58581,0.0626481,0.1
3606,Baseline,87,Balanced,0,Low,0,High,2,Low,0,Low,0,3.26308,724.386,6.5867,0.0627519,0.1
3607,Baseline,85,Balanced,0,Low,0,Low,0,Low,0,Low,0,3.24106,718.781,6.57895,0.0628141,0.1
3608,Baseline,87,Balanced,0,Low,0,High,2,Low,0,Low,0,3.25341,721.726,6.58303,0.0627987,0.1
3609,Baseline,87,Balanced,0,Low,0,High,2,Low,0,Low,0,3.25926,722.711,6.58439,0.0624237,0.1
3610,Baseline,87,Balanced,0,Low,0,High,2,Low,0,Low,0,3.26044,722.751,6.58445,0.062645,0.1
3611,Baseline,70,Balanced,0,Low,0,Low,0,Low,0,Low,0,3.22813,715.725,6.57469,0.0624883,0.1
3612,Baseline,87,Balanced,0,Low,0,High,2,Low,0,Low,0,3.26132,723.414,6.58536,0.0626474,0.1
3613,Baseline,87,Balanced,0,Low,0,High,2,Low,0,Low,0,3.24309,720.087,6.58076,0.0622562,0.1
3614,Baseline,87,Balanced,0,Low,0,High,2,Low,0,Low,0,3.26386,723.948,6.5861,0.0628679,0.1
3615,Baseline,70,Balanced,0,Low,0,Low,0,Low,0,Low,0,3.21157,711.795,6.56919,0.0626112,0.1
3616,Baseline,87,Balanced,0,Low,0,High,2,Low,0,Low,0,3.25342,721.476,6.58268,0.0627788,0.1
3617,Baseline,70,Balanced,0,Low,0,Low,0,Low,0,Low,0,3.23459,715.251,6.57403,0.0627188,0.1
3618,Baseline,87,Balanced,0,Low,0,High,2,Low,0,Low,0,3.25458,720.726,6.58165,0.0629317,0.1
3619,Baseline,87,Balanced,0,Low,0,High,2,Low,0,Low,0,3.26387,724.204,6.58645,0.0626481,0.1
3620,Baseline,70,Balanced,0,Low,0,Low,0,Low,0,Low,0,3.22596,715.217,6.57398,0.0626712,0.1
3621,Baseline,87,Balanced,0,Low,0,High,2,Low,0,Low,0,3.25603,722.808,6.58453,0.0625236,0.1
3622,Baseline,87,Balanced,0,Low,0,High,2,Low,0,Low,0,3.25232,721.506,6.58273,0.0626112,0.1
3623,Baseline,70,Balanced,0,Low,0,Low,0,Low,0,Low,0,3.23911,717.958,6.5778,0.0624452,0.1
3624,Baseline,70,Balanced,0,Low,0,Low,0,Low,0,Low,0,3.23474,716.65,6.57598,0.062881,0.1
3625,Baseline,87,Balanced,0,Low,0,High,2,Low,0,Low,0,3.25404,722.311,6.58384,0.0628387,0.1
3626,Baseline,86,Balanced,0,Low,0,Medium,1,Low,0,Low,0,3.24548,719.663,6.58017,0.0623599,0.1
3627,Baseline,70,Balanced,0,Low,0,Low,0,Low,0,Low,0,3.21763,712.486,6.57016,0.062572,0.1
3628,Baseline,87,Balanced,0,Low,0,High,2,Low,0,Low,0,3.25311,720.661,6.58156,0.0627595,0.1
3629,Baseline,87,Balanced,0,Low,0,High,2,Low,0,Low,0,3.27576,726.123,6.5891,0.0627619,0.1
3630,Baseline,85,Balanced,0,Low,0,Low,0,Low,0,Low,0,3.24072,717.593,6.57729,0.0628341,0.1
3631,Baseline,87,Balanced,0,Low,0,High,2,Low,0,Low,0,3.26715,723.523,6.58551,0.062748,0.1
3632,Baseline,87,Balanced,0,Low,0,High,2,Low,0,Low,0,3.2616,723.889,6.58602,0.0622647,0.1
3633,Baseline,87,Balanced,0,Low,0,High,2,Low,0,Low,0,3.25185,720.152,6.58085,0.062652,0.1
3634,Baseline,85,Balanced,0,Low,0,Low,0,Low,0,Low,0,3.24047,717.802,6.57759,0.0625436,0.1
3635,Baseline,87,Balanced,0,Low,0,High,2,Low,0,Low,0,3.24686,720.067,6.58073,0.0627011,0.1
3636,Baseline,87,Balanced,0,Low,0,High,2,Low,0,Low,0,3.26232,723.382,6.58532,0.0628264,0.1
3637,Baseline,70,Balanced,0,Low,0,Low,0,Low,0,Low,0,3.20853,711.906,6.56935,0.0626827,0.1
3638,Baseline,87,Balanced,0,Low,0,High,2,Low,0,Low,0,3.24468,720.116,6.5808,0.062559,0.1
3639,Baseline,70,Balanced,0,Low,0,Low,0,Low,0,Low,0,3.22732,715.4,6.57424,0.0629409,0.1
3640,Baseline,87,Balanced,0,Low,0,High,2,Low,0,Low,0,3.2609,722.095,6.58354,0.0628541,0.1
3641,Baseline,87,Balanced,0,Low,0,High,2,Low,0,Low,0,3.264,724.5,6.58686,0.0627941,0.1
3642,Baseline,87,Balanced,0,Low,0,High,2,Low,0,Low,0,3.26931,725.54,6.58829,0.0629855,0.1
3643,Baseline,87,Balanced,0,Low,0,High,2,Low,0,Low,0,3.26349,723.998,6.58617,0.0627565,0.1
3644,Baseline,70,Balanced,0,Low,0,Low,0,Low,0,Low,0,3.22783,716.178,6.57532,0.0624076,0.1
3645,Baseline,86,Balanced,0,Low,0,Medium,1,Low,0,Low,0,3.2433,719.205,6.57954,0.0626589,0.1
3646,Baseline,85,Balanced,0,Low,0,Low,0,Low,0,Low,0,3.24045,718.09,6.57799,0.0625743,0.1
3647,Baseline,70,Balanced,0,Low,0,Low,0,Low,0,Low,0,3.23444,716.768,6.57615,0.062486,0.1
3648,Baseline,70,Balanced,0,Low,0,Low,0,Low,0,Low,0,3.23989,718.301,6.57828,0.062506,0.1
3649,Baseline,87,Balanced,0,Low,0,High,2,Low,0,Low,0,3.24757,720.443,6.58125,0.0628018,0.1
3650,Baseline,70,Balanced,0,Low,0,Low,0,Low,0,Low,0,3.22728,716.388,6.57562,0.0624199,0.1
3651,Baseline,70,Balanced,0,Low,0,Low,0,Low,0,Low,0,3.23265,716.453,6.57571,0.0624368,0.1
3652,Baseline,86,Balanced,0,Low,0,Medium,1,Low,0,Low,0,3.24794,719.862,6.58045,0.0627219,0.1
3653,Baseline,86,Balanced,0,Low,0,Medium,1,Low,0,Low,0,3.24801,719.783,6.58034,0.0628994,0.1
3654,Baseline,70,Balanced,0,Low,0,Low,0,Low,0,Low,0,3.23135,717.067,6.57656,0.0629009,0.1
3655,Baseline,70,Balanced,0,Low,0,Low,0,Low,0,Low,0,3.23003,716.012,6.57509,0.0625928,0.1
3656,Baseline,87,Balanced,0,Low,0,High,2,Low,0,Low,0,3.25536,722.055,6.58349,0.0628187,0.1
3657,Baseline,87,Balanced,0,Low,0,High,2,Low,0,Low,0,3.24883,720.145,6.58084,0.0624399,0.1
3658,Baseline,70,Balanced,0,Low,0,Low,0,Low,0,Low,0,3.22308,713.288,6.57129,0.0626981,0.1
3659,Baseline,87,Balanced,0,Low,0,High,2,Low,0,Low,0,3.25399,722.458,6.58404,0.0628656,0.1
3660,Baseline,70,Balanced,0,Low,0,Low,0,Low,0,Low,0,3.23757,717.518,6.57719,0.0624452,0.1
3661,Baseline,86,Balanced,0,Low,0,Medium,1,Low,0,Low,0,3.24635,719.441,6.57986,0.0629071,0.1
3662,Baseline,87,Balanced,0,Low,0,High,2,Low,0,Low,0,3.25918,722.196,6.58368,0.0628963,0.1
3663,Baseline,87,Balanced,0,Low,0,High,2,Low,0,Low,0,3.25912,723.235,6.58512,0.0627941,0.1
3664,Baseline,70,Balanced,0,Low,0,Low,0,Low,0,Low,0,3.23565,717.254,6.57682,0.062569,0.1
3665,Baseline,87,Balanced,0,Low,0,High,2,Low,0,Low,0,3.25313,721.2,6.5823,0.0625528,0.1
3666,Baseline,70,Balanced,0,Low,0,Low,0,Low,0,Low,0,3.22991,715.409,6.57425,0.0629301,0.1
3667,Baseline,87,Balanced,0,Low,0,High,2,Low,0,Low,0,3.24865,720.008,6.58065,0.0626681,0.1
3668,Baseline,86,Balanced,0,Low,0,Medium,1,Low,0,Low,0,3.24596,719.446,6.57987,0.0626189,0.1
3669,Baseline,87,Balanced,0,Low,0,High,2,Low,0,Low,0,3.25581,721.327,6.58248,0.0628203,0.1
3670,Baseline,87,Balanced,0,Low,0,High,2,Low,0,Low,0,3.26019,721.615,6.58288,0.0630277,0.1
3671,Baseline,87,Balanced,0,Low,0,High,2,Low,0,Low,0,3.24897,720.727,6.58165,0.062499,0.1
3672,Baseline,87,Balanced,0,Low,0,High,2,Low,0,Low,0,3.25233,720.692,6.5816,0.0627157,0.1
3673,Baseline,87,Balanced,0,Low,0,High,2,Low,0,Low,0,3.25585,721.706,6.583,0.0631538,0.1
3674,Baseline,87,Balanced,0,Low,0,High,2,Low,0,Low,0,3.2553,721.798,6.58313,0.0627511,0.1
3675,Baseline,87,Balanced,0,Low,0,High,2,Low,0,Low,0,3.27813,726.706,6.5899,0.0628956,0.1
3676,Baseline,70,Balanced,0,Low,0,Low,0,Low,0,Low,0,3.22673,715.096,6.57381,0.062642,0.1
3677,Baseline,87,Balanced,0,Low,0,High,2,Low,0,Low,0,3.25302,721.714,6.58301,0.0627811,0.1
3678,Baseline,87,Balanced,0,Low,0,High,2,Low,0,Low,0,3.25489,722.139,6.5836,0.0628656,0.1
3679,Baseline,87,Balanced,0,Low,0,High,2,Low,0,Low,0,3.26211,724.219,6.58647,0.0624721,0.1
3680,Baseline,70,Balanced,0,Low,0,Low,0,Low,0,Low,0,3.23824,717.964,6.57781,0.0623592,0.1
3681,Baseline,70,Balanced,0,Low,0,Low,0,Low,0,Low,0,3.23655,717.702,6.57745,0.0625736,0.1
3682,Baseline,70,Balanced,0,Low,0,Low,0,Low,0,Low,0,3.2223,712.964,6.57083,0.0628625,0.1
3683,Baseline,87,Balanced,0,Low,0,High,2,Low,0,Low,0,3.24772,720.514,6.58135,0.0627011,0.1
3684,Baseline,87,Balanced,0,Low,0,High,2,Low,0,Low,0,3.25287,721.869,6.58323,0.0628694,0.1
3685,Baseline,70,Balanced,0,Low,0,Low,0,Low,0,Low,0,3.22547,715.857,6.57488,0.0624598,0.1
3686,Baseline,85,Balanced,0,Low,0,Low,0,Low,0,Low,0,3.2405,718.217,6.57816,0.0624783,0.1
3687,Baseline,70,Balanced,0,Low,0,Low,0,Low,0,Low,0,3.22849,716.293,6.57548,0.0624268,0.1
3688,Baseline,87,Balanced,0,Low,0,High,2,Low,0,Low,0,3.25375,721.795,6.58313,0.0628979,0.1
3689,Baseline,70,Balanced,0,Low,0,Low,0,Low,0,Low,0,3.23567,717.344,6.57695,0.0626673,0.1
3690,Baseline,87,Balanced,0,Low,0,High,2,Low,0,Low,0,3.2681,724.629,6.58704,0.0629678,0.1
3691,Baseline,70,Balanced,0,Low,0,Low,0,Low,0,Low,0,3.22805,715.333,6.57414,0.0625759,0.1
3692,Baseline,87,Balanced,0,Low,0,High,2,Low,0,Low,0,3.27139,724.412,6.58674,0.0629517,0.1
3693,Baseline,87,Balanced,0,Low,0,High,2,Low,0,Low,0,3.24991,719.983,6.58062,0.0626842,0.1
3694,Baseline,85,Balanced,0,Low,0,Low,0,Low,0,Low,0,3.24016,718.421,6.57845,0.0625452,0.1
3695,Baseline,87,Balanced,0,Low,0,High,2,Low,0,Low,0,3.24581,720.483,6.58131,0.0624975,0.1
3696,Baseline,87,Balanced,0,Low,0,High,2,Low,0,Low,0,3.25364,723.169,6.58502,0.0625344,0.1
3697,Baseline,87,Balanced,0,Low,0,High,2,Low,0,Low,0,3.25555,721.117,6.58219,0.0628187,0.1
3698,Baseline,87,Balanced,0,Low,0,High,2,Low,0,Low,0,3.25357,721.281,6.58241,0.0627934,0.1
3699,Baseline,70,Balanced,0,Low,0,Low,0,Low,0,Low,0,3.22772,715.046,6.57374,0.0628256,0.1
3700,Baseline,70,Balanced,0,Low,0,Low,0,Low,0,Low,0,3.21579,712.832,6.57065,0.0628648,0.1
3701,Baseline,70,Balanced,0,Low,0,Low,0,Low,0,Low,0,3.2373,717.807,6.57759,0.0628756,0.1
3702,Baseline,70,Balanced,0,Low,0,Low,0,Low,0,Low,0,3.22773,715.677,6.57463,0.0624898,0.1
3703,Baseline,87,Balanced,0,Low,0,High,2,Low,0,Low,0,3.25344,720.305,6.58106,0.0627219,0.1
3704,Baseline,70,Balanced,0,Low,0,Low,0,Low,0,Low,0,3.22246,714.279,6.57267,0.0627565,0.1
3705,Baseline,85,Balanced,0,Low,0,Low,0,Low,0,Low,0,3.24114,717.245,6.57681,0.0628571,0.1
3706,Baseline,87,Balanced,0,Low,0,High,2,Low,0,Low,0,3.24462,720.689,6.58159,0.0627088,0.1
3707,Baseline,86,Balanced,0,Low,0,Medium,1,Low,0,Low,0,3.24469,719.452,6.57988,0.0626742,0.1
3708,Baseline,70,Balanced,0,Low,0,Low,0,Low,0,Low,0,3.22265,715.514,6.5744,0.0626266,0.1
3709,Baseline,70,Balanced,0,Low,0,Low,0,Low,0,Low,0,3.23109,715.298,6.5741,0.0625697,0.1
3710,Baseline,70,Balanced,0,Low,0,Low,0,Low,0,Low,0,3.23153,716.409,6.57565,0.06233,0.1
3711,Baseline,70,Balanced,0,Low,0,Low,0,Low,0,Low,0,3.23916,717.998,6.57786,0.0628441,0.1
3712,Baseline,70,Balanced,0,Low,0,Low,0,Low,0,Low,0,3.23681,718.232,6.57818,0.0622923,0.1
3713,Baseline,70,Balanced,0,Low,0,Low,0,Low,0,Low,0,3.22213,713.209,6.57118,0.0623238,0.1
3714,Baseline,85,Balanced,0,Low,0,Low,0,Low,0,Low,0,3.24088,718.035,6.57791,0.0627665,0.1
3715,Baseline,70,Balanced,0,Low,0,Low,0,Low,0,Low,0,3.23191,716.22,6.57538,0.0625013,0.1
3716,Baseline,87,Balanced,0,Low,0,High,2,Low,0,Low,0,3.25015,720.029,6.58068,0.0628556,0.1
3717,Baseline,87,Balanced,0,Low,0,High,2,Low,0,Low,0,3.25278,721.169,6.58226,0.0627157,0.1
3718,Baseline,70,Balanced,0,Low,0,Low,0,Low,0,Low,0,3.23422,717.143,6.57667,0.0626981,0.1
3719,Baseline,87,Balanced,0,Low,0,High,2,Low,0,Low,0,3.26145,723.175,6.58503,0.0626766,0.1
3720,Baseline,87,Balanced,0,Low,0,High,2,Low,0,Low,0,3.26417,724.209,6.58646,0.062413,0.1
3721,Baseline,87,Balanced,0,Low,0,High,2,Low,0,Low,0,3.2624,723.308,6.58522,0.0627411,0.1
3722,Baseline,87,Balanced,0,Low,0,High,2,Low,0,Low,0,3.25059,720.532,6.58138,0.0627396,0.1
3723,Baseline,87,Balanced,0,Low,0,High,2,Low,0,Low,0,3.2545,723.246,6.58513,0.0627542,0.1
3724,Baseline,87,Balanced,0,Low,0,High,2,Low,0,Low,0,3.27053,725.969,6.58888,0.0630416,0.1
3725,Baseline,87,Balanced,0,Low,0,High,2,Low,0,Low,0,3.25537,722.371,6.58392,0.0627434,0.1
3726,Baseline,87,Balanced,0,Low,0,High,2,Low,0,Low,0,3.2746,725.633,6.58842,0.0626389,0.1
3727,Baseline,87,Balanced,0,Low,0,High,2,Low,0,Low,0,3.24716,720.396,6.58119,0.0624214,0.1
3728,Baseline,87,Balanced,0,Low,0,High,2,Low,0,Low,0,3.27191,725.991,6.58891,0.0628241,0.1
3729,Baseline,87,Balanced,0,Low,0,High,2,Low,0,Low,0,3.25852,722.679,6.58435,0.0627957,0.1
3730,Baseline,70,Balanced,0,Low,0,Low,0,Low,0,Low,0,3.23662,718.108,6.57801,0.0627449,0.1
3731,Baseline,87,Balanced,0,Low,0,High,2,Low,0,Low,0,3.24825,720.87,6.58185,0.0627411,0.1
3732,Baseline,70,Balanced,0,Low,0,Low,0,Low,0,Low,0,3.23972,718.048,6.57793,0.0627035,0.1
3733,Baseline,87,Balanced,0,Low,0,High,2,Low,0,Low,0,3.26735,724.838,6.58733,0.0629786,0.1
3734,Baseline,87,Balanced,0,Low,0,High,2,Low,0,Low,0,3.25596,721.103,6.58217,0.0625805,0.1
3735,Baseline,87,Balanced,0,Low,0,High,2,Low,0,Low,0,3.25886,723.589,6.5856,0.0621563,0.1
3736,Baseline,87,Balanced,0,Low,0,High,2,Low,0,Low,0,3.27796,727.022,6.59033,0.0630446,0.1
3737,Baseline,87,Balanced,0,Low,0,High,2,Low,0,Low,0,3.27833,727.57,6.59108,0.0629278,0.1
3738,Baseline,87,Balanced,0,Low,0,High,2,Low,0,Low,0,3.25942,723.087,6.58491,0.0627035,0.1
3739,Baseline,86,Balanced,0,Low,0,Medium,1,Low,0,Low,0,3.24268,719.835,6.58041,0.0627542,0.1
3740,Baseline,87,Balanced,0,Low,0,High,2,Low,0,Low,0,3.26091,722.069,6.58351,0.0627803,0.1
3741,Baseline,87,Balanced,0,Low,0,High,2,Low,0,Low,0,3.25749,724.402,6.58673,0.0623984,0.1
3742,Baseline,70,Balanced,0,Low,0,Low,0,Low,0,Low,0,3.21865,712.794,6.57059,0.0625436,0.1
3743,Baseline,87,Balanced,0,Low,0,High,2,Low,0,Low,0,3.25474,721.546,6.58278,0.0625759,0.1
3744,Baseline,86,Balanced,0,Low,0,Medium,1,Low,0,Low,0,3.24577,719.798,6.58036,0.0626335,0.1
3745,Baseline,87,Balanced,0,Low,0,High,2,Low,0,Low,0,3.25704,720.649,6.58154,0.0629632,0.1
3746,Baseline,87,Balanced,0,Low,0,High,2,Low,0,Low,0,3.2628,724.324,6.58662,0.062798,0.1
3747,Baseline,70,Balanced,0,Low,0,Low,0,Low,0,Low,0,3.23542,717.488,6.57715,0.0623346,0.1
3748,Baseline,70,Balanced,0,Low,0,Low,0,Low,0,Low,0,3.20793,712.164,6.56971,0.0623146,0.1
3749,Baseline,85,Balanced,0,Low,0,Low,0,Low,0,Low,0,3.24217,718.808,6.57898,0.0627734,0.1
3750,Baseline,87,Balanced,0,Low,0,High,2,Low,0,Low,0,3.24516,719.943,6.58056,0.0625551,0.1
3751,Baseline,70,Balanced,0,Low,0,Low,0,Low,0,Low,0,3.22978,716.4,6.57563,0.0625375,0.1
3752,Baseline,87,Balanced,0,Low,0,High,2,Low,0,Low,0,3.25299,720.061,6.58072,0.0625743,0.1
3753,Baseline,87,Balanced,0,Low,0,High,2,Low,0,Low,0,3.25919,722.611,6.58425,0.0629348,0.1
3754,Baseline,86,Balanced,0,Low,0,Medium,1,Low,0,Low,0,3.24211,719.389,6.57979,0.0622746,0.1
3755,Baseline,87,Balanced,0,Low,0,High,2,Low,0,Low,0,3.2589,723.137,6.58498,0.0626435,0.1
3756,Baseline,70,Balanced,0,Low,0,Low,0,Low,0,Low,0,3.21511,712.883,6.57072,0.062748,0.1
3757,Baseline,70,Balanced,0,Low,0,Low,0,Low,0,Low,0,3.22622,715.873,6.5749,0.0626796,0.1
3758,Baseline,87,Balanced,0,Low,0,High,2,Low,0,Low,0,3.25211,720.468,6.58129,0.0629394,0.1
3759,Baseline,85,Balanced,0,Low,0,Low,0,Low,0,Low,0,3.24194,717.739,6.5775,0.0624452,0.1
3760,Baseline,87,Balanced,0,Low,0,High,2,Low,0,Low,0,3.25295,722.388,6.58395,0.0624022,0.1
3761,Baseline,70,Balanced,0,Low,0,Low,0,Low,0,Low,0,3.23273,716.316,6.57552,0.0628825,0.1
3762,Baseline,87,Balanced,0,Low,0,High,2,Low,0,Low,0,3.25665,721.721,6.58302,0.0625813,0.1
3763,Baseline,87,Balanced,0,Low,0,High,2,Low,0,Low,0,3.24841,720.114,6.5808,0.0626112,0.1
3764,Baseline,86,Balanced,0,Low,0,Medium,1,Low,0,Low,0,3.24364,719.52,6.57997,0.0625106,0.1
3765,Baseline,87,Balanced,0,Low,0,High,2,Low,0,Low,0,3.27773,726.878,6.59013,0.062821,0.1
3766,Baseline,87,Balanced,0,Low,0,High,2,Low,0,Low,0,3.27275,725.267,6.58792,0.0627104,0.1
3767,Baseline,85,Balanced,0,Low,0,Low,0,Low,0,Low,0,3.24977,718.724,6.57887,0.0629594,0.1
3768,Baseline,70,Balanced,0,Low,0,Low,0,Low,0,Low,0,3.21132,711.474,6.56874,0.0624091,0.1
3769,Baseline,70,Balanced,0,Low,0,Low,0,Low,0,Low,0,3.23578,717.708,6.57745,0.062353,0.1
3770,Baseline,87,Balanced,0,Low,0,High,2,Low,0,Low,0,3.25518,721.358,6.58252,0.0628402,0.1
3771,Baseline,87,Balanced,0,Low,0,High,2,Low,0,Low,0,3.2488,720.202,6.58092,0.062589,0.1
3772,Baseline,86,Balanced,0,Low,0,Medium,1,Low,0,Low,0,3.24031,719.49,6.57993,0.062416,0.1
3773,Baseline,85,Balanced,0,Low,0,Low,0,Low,0,Low,0,3.24018,718.111,6.57802,0.0627311,0.1
3774,Baseline,85,Balanced,0,Low,0,Low,0,Low,0,Low,0,3.24441,718.761,6.57892,0.0623915,0.1
3775,Baseline,87,Balanced,0,Low,0,High,2,Low,0,Low,0,3.26277,724.744,6.5872,0.0628095,0.1
3776,Baseline,87,Balanced,0,Low,0,High,2,Low,0,Low,0,3.24926,720.599,6.58147,0.0624214,0.1
3777,Baseline,70,Balanced,0,Low,0,Low,0,Low,0,Low,0,3.23698,716.875,6.57629,0.0627565,0.1
3778,Baseline,70,Balanced,0,Low,0,Low,0,Low,0,Low,0,3.22654,715.559,6.57446,0.0626366,0.1
3779,Baseline,87,Balanced,0,Low,0,High,2,Low,0,Low,0,3.25461,721.185,6.58228,0.0628956,0.1
3780,Baseline,87,Balanced,0,Low,0,High,2,Low,0,Low,0,3.26534,724.462,6.58681,0.062645,0.1
3781,Baseline,70,Balanced,0,Low,0,Low,0,Low,0,Low,0,3.2282,716.072,6.57518,0.0620234,0.1
3782,Baseline,70,Balanced,0,Low,0,Low,0,Low,0,Low,0,3.23914,717.372,6.57699,0.0626412,0.1
3783,Baseline,70,Balanced,0,Low,0,Low,0,Low,0,Low,0,3.21702,713.279,6.57127,0.0625313,0.1
3784,Baseline,87,Balanced,0,Low,0,High,2,Low,0,Low,0,3.26022,722.758,6.58446,0.0625743,0.1
3785,Baseline,87,Balanced,0,Low,0,High,2,Low,0,Low,0,3.2593,722.079,6.58352,0.0631461,0.1
3786,Baseline,87,Balanced,0,Low,0,High,2,Low,0,Low,0,3.25059,720.847,6.58181,0.0626089,0.1
3787,Baseline,86,Balanced,0,Low,0,Medium,1,Low,0,Low,0,3.2481,719.225,6.57956,0.0626566,0.1
3788,Baseline,70,Balanced,0,Low,0,Low,0,Low,0,Low,0,3.23688,717.87,6.57768,0.0626904,0.1
3789,Baseline,87,Balanced,0,Low,0,High,2,Low,0,Low,0,3.27539,726.771,6.58999,0.0629186,0.1
3790,Baseline,87,Balanced,0,Low,0,High,2,Low,0,Low,0,3.26454,723.906,6.58604,0.0625797,0.1
3791,Baseline,87,Balanced,0,Low,0,High,2,Low,0,Low,0,3.25435,721.916,6.58329,0.0626189,0.1
3792,Baseline,87,Balanced,0,Low,0,High,2,Low,0,Low,0,3.25176,720.289,6.58104,0.0627995,0.1
3793,Baseline,87,Balanced,0,Low,0,High,2,Low,0,Low,0,3.26672,723.9,6.58603,0.0626643,0.1
3794,Baseline,87,Balanced,0,Low,0,High,2,Low,0,Low,0,3.24977,720.569,6.58143,0.0627934,0.1
3795,Baseline,70,Balanced,0,Low,0,Low,0,Low,0,Low,0,3.239,717.667,6.5774,0.0625582,0.1
3796,Baseline,87,Balanced,0,Low,0,High,2,Low,0,Low,0,3.269,724.713,6.58715,0.0626174,0.1
3797,Baseline,87,Balanced,0,Low,0,High,2,Low,0,Low,0,3.27006,724.913,6.58743,0.0628956,0.1
3798,Baseline,87,Balanced,0,Low,0,High,2,Low,0,Low,0,3.26662,723.372,6.58531,0.0627903,0.1
3799,Baseline,87,Balanced,0,Low,0,High,2,Low,0,Low,0,3.26189,723.765,6.58585,0.0624007,0.1
3800,Baseline,87,Balanced,0,Low,0,High,2,Low,0,Low,0,3.24917,720.086,6.58076,0.0627964,0.1
3801,Baseline,70,Balanced,0,Low,0,Low,0,Low,0,Low,0,3.22705,715.922,6.57497,0.0621886,0.1
3802,Baseline,87,Balanced,0,Low,0,High,2,Low,0,Low,0,3.25094,721.69,6.58298,0.0626474,0.1
3803,Baseline,87,Balanced,0,Low,0,High,2,Low,0,Low,0,3.2493,720.111,6.58079,0.0626612,0.1
3804,Baseline,70,Balanced,0,Low,0,Low,0,Low,0,Low,0,3.23145,716.763,6.57614,0.0623661,0.1
3805,Baseline,70,Balanced,0,Low,0,Low,0,Low,0,Low,0,3.22085,713.831,6.57205,0.0627411,0.1
3806,Baseline,86,Balanced,0,Low,0,Medium,1,Low,0,Low,0,3.24823,719.789,6.58035,0.0625997,0.1
3807,Baseline,87,Balanced,0,Low,0,High,2,Low,0,Low,0,3.26878,723.71,6.58577,0.0631069,0.1
3808,Baseline,87,Balanced,0,Low,0,High,2,Low,0,Low,0,3.25162,720.294,6.58105,0.0630608,0.1
3809,Baseline,85,Balanced,0,Low,0,Low,0,Low,0,Low,0,3.24224,717.86,6.57767,0.0626597,0.1
3810,Baseline,70,Balanced,0,Low,0,Low,0,Low,0,Low,0,3.23871,718.008,6.57787,0.0626896,0.1
3811,Baseline,70,Balanced,0,Low,0,Low,0,Low,0,Low,0,3.21996,714.063,6.57237,0.0628249,0.1
3812,Baseline,86,Balanced,0,Low,0,Medium,1,Low,0,Low,0,3.24036,719.731,6.58027,0.0626996,0.1
3813,Baseline,87,Balanced,0,Low,0,High,2,Low,0,Low,0,3.26517,724.192,6.58644,0.0628133,0.1
3814,Baseline,85,Balanced,0,Low,0,Low,0,Low,0,Low,0,3.24133,718.139,6.57805,0.0625751,0.1
3815,Baseline,86,Balanced,0,Low,0,Medium,1,Low,0,Low,0,3.24596,719.453,6.57988,0.062662,0.1
3816,Baseline,70,Balanced,0,Low,0,Low,0,Low,0,Low,0,3.2364,717.391,6.57701,0.0625905,0.1
3817,Baseline,87,Balanced,0,Low,0,High,2,Low,0,Low,0,3.26183,722.894,6.58465,0.062811,0.1
3818,Baseline,85,Balanced,0,Low,0,Low,0,Low,0,Low,0,3.24669,719.082,6.57937,0.0625313,0.1
3819,Baseline,85,Balanced,0,Low,0,Low,0,Low,0,Low,0,3.24489,718.826,6.57901,0.0626497,0.1
3820,Baseline,85,Balanced,0,Low,0,Low,0,Low,0,Low,0,3.24047,718.251,6.57821,0.0625244,0.1
3821,Baseline,85,Balanced,0,Low,0,Low,0,Low,0,Low,0,3.24488,719.148,6.57946,0.0625736,0.1
3822,Baseline,70,Balanced,0,Low,0,Low,0,Low,0,Low,0,3.23799,717.2,6.57675,0.0628141,0.1
3823,Baseline,85,Balanced,0,Low,0,Low,0,Low,0,Low,0,3.24035,717.121,6.57664,0.0625498,0.1
3824,Baseline,87,Balanced,0,Low,0,High,2,Low,0,Low,0,3.25344,720.547,6.5814,0.0625067,0.1
3825,Baseline,87,Balanced,0,Low,0,High,2,Low,0,Low,0,3.26099,722.729,6.58442,0.0628272,0.1
3826,Baseline,70,Balanced,0,Low,0,Low,0,Low,0,Low,0,3.22614,714.607,6.57313,0.0626881,0.1
3827,Baseline,70,Balanced,0,Low,0,Low,0,Low,0,Low,0,3.23291,717.228,6.57679,0.0625682,0.1
3828,Baseline,70,Balanced,0,Low,0,Low,0,Low,0,Low,0,3.22336,714.953,6.57361,0.062582,0.1
3829,Baseline,87,Balanced,0,Low,0,High,2,Low,0,Low,0,3.24725,719.978,6.58061,0.0626504,0.1
3830,Baseline,87,Balanced,0,Low,0,High,2,Low,0,Low,0,3.25543,722.478,6.58407,0.0627995,0.1
3831,Baseline,87,Balanced,0,Low,0,High,2,Low,0,Low,0,3.25876,722.362,6.58391,0.0627887,0.1
3832,Baseline,87,Balanced,0,Low,0,High,2,Low,0,Low,0,3.25939,722.911,6.58467,0.0627941,0.1
3833,Baseline,87,Balanced,0,Low,0,High,2,Low,0,Low,0,3.2419,720.005,6.58065,0.0625866,0.1
3834,Baseline,87,Balanced,0,Low,0,High,2,Low,0,Low,0,3.24844,720.184,6.58089,0.0628733,0.1
3835,Baseline,70,Balanced,0,Low,0,Low,0,Low,0,Low,0,3.23102,716.292,6.57548,0.062486,0.1
3836,Baseline,85,Balanced,0,Low,0,Low,0,Low,0,Low,0,3.24396,719.132,6.57943,0.0627119,0.1
3837,Baseline,87,Balanced,0,Low,0,High,2,Low,0,Low,0,3.26139,722.682,6.58435,0.0627396,0.1
3838,Baseline,70,Balanced,0,Low,0,Low,0,Low,0,Low,0,3.22865,715.471,6.57434,0.0626082,0.1
3839,Baseline,87,Balanced,0,Low,0,High,2,Low,0,Low,0,3.25686,722.383,6.58394,0.062894,0.1
3840,Baseline,87,Balanced,0,Low,0,High,2,Low,0,Low,0,3.2476,720.087,6.58076,0.0625905,0.1
3841,Baseline,87,Balanced,0,Low,0,High,2,Low,0,Low,0,3.26476,723.771,6.58586,0.0628341,0.1
3842,Baseline,87,Balanced,0,Low,0,High,2,Low,0,Low,0,3.26518,724.482,6.58684,0.0626573,0.1
3843,Baseline,70,Balanced,0,Low,0,Low,0,Low,0,Low,0,3.23621,717.248,6.57681,0.0627111,0.1
3844,Baseline,87,Balanced,0,Low,0,High,2,Low,0,Low,0,3.25935,722.391,6.58395,0.0624768,0.1
3845,Baseline,70,Balanced,0,Low,0,Low,0,Low,0,Low,0,3.23144,716.35,6.57556,0.0628794,0.1
3846,Baseline,87,Balanced,0,Low,0,High,2,Low,0,Low,0,3.24967,720.685,6.58159,0.0627204,0.1
3847,Baseline,86,Balanced,0,Low,0,Medium,1,Low,0,Low,0,3.24483,719.872,6.58046,0.0623484,0.1
3848,Baseline,70,Balanced,0,Low,0,Low,0,Low,0,Low,0,3.22071,714.185,6.57254,0.0627926,0.1
3849,Baseline,70,Balanced,0,Low,0,Low,0,Low,0,Low,0,3.22845,715.134,6.57387,0.0626481,0.1
3850,Baseline,87,Balanced,0,Low,0,High,2,Low,0,Low,0,3.25087,722.367,6.58392,0.0628003,0.1
3851,Baseline,87,Balanced,0,Low,0,High,2,Low,0,Low,0,3.25548,721.002,6.58203,0.0628602,0.1
3852,Baseline,87,Balanced,0,Low,0,High,2,Low,0,Low,0,3.25678,722.144,6.58361,0.0628618,0.1
3853,Baseline,86,Balanced,0,Low,0,Medium,1,Low,0,Low,0,3.24699,719.338,6.57972,0.0624998,0.1
3854,Baseline,70,Balanced,0,Low,0,Low,0,Low,0,Low,0,3.23245,716.478,6.57574,0.0630055,0.1
3855,Baseline,87,Balanced,0,Low,0,High,2,Low,0,Low,0,3.25093,720.75,6.58168,0.0628618,0.1
3856,Baseline,87,Balanced,0,Low,0,High,2,Low,0,Low,0,3.25199,720.265,6.58101,0.0631153,0.1
3857,Baseline,87,Balanced,0,Low,0,High,2,Low,0,Low,0,3.27458,725.848,6.58872,0.0628402,0.1
3858,Baseline,85,Balanced,0,Low,0,Low,0,Low,0,Low,0,3.24354,718.542,6.57861,0.062685,0.1
3859,Baseline,87,Balanced,0,Low,0,High,2,Low,0,Low,0,3.25014,720.463,6.58128,0.0624583,0.1
3860,Baseline,70,Balanced,0,Low,0,Low,0,Low,0,Low,0,3.23125,715.846,6.57486,0.0629624,0.1
3861,Baseline,87,Balanced,0,Low,0,High,2,Low,0,Low,0,3.27533,725.368,6.58806,0.0631276,0.1
3862,Baseline,70,Balanced,0,Low,0,Low,0,Low,0,Low,0,3.23541,716.502,6.57578,0.0626627,0.1
3863,Baseline,85,Balanced,0,Low,0,Low,0,Low,0,Low,0,3.24482,717.874,6.57769,0.0628679,0.1
3864,Baseline,87,Balanced,0,Low,0,High,2,Low,0,Low,0,3.2521,720.424,6.58123,0.0628095,0.1
3865,Baseline,70,Balanced,0,Low,0,Low,0,Low,0,Low,0,3.23203,717.819,6.57761,0.0624483,0.1
3866,Baseline,85,Balanced,0,Low,0,Low,0,Low,0,Low,0,3.24404,718.75,6.5789,0.0630708,0.1
3867,Baseline,87,Balanced,0,Low,0,High,2,Low,0,Low,0,3.2797,727.794,6.59139,0.0627803,0.1
3868,Baseline,87,Balanced,0,Low,0,High,2,Low,0,Low,0,3.24675,720.224,6.58095,0.0626151,0.1
3869,Baseline,70,Balanced,0,Low,0,Low,0,Low,0,Low,0,3.23673,716.195,6.57535,0.062977,0.1
3870,Baseline,85,Balanced,0,Low,0,Low,0,Low,0,Low,0,3.24048,718.748,6.5789,0.0626535,0.1
3871,Baseline,87,Balanced,0,Low,0,High,2,Low,0,Low,0,3.25102,720.424,6.58123,0.0628057,0.1
3872,Baseline,87,Balanced,0,Low,0,High,2,Low,0,Low,0,3.26041,722.6,6.58424,0.0630654,0.1
3873,Baseline,87,Balanced,0,Low,0,High,2,Low,0,Low,0,3.28163,727.267,6.59067,0.0628733,0.1
3874,Baseline,87,Balanced,0,Low,0,High,2,Low,0,Low,0,3.25485,720.471,6.58129,0.0626258,0.1
3875,Baseline,87,Balanced,0,Low,0,High,2,Low,0,Low,0,3.26318,722.91,6.58467,0.0628602,0.1
3876,Baseline,87,Balanced,0,Low,0,High,2,Low,0,Low,0,3.25632,720.965,6.58198,0.0627765,0.1
3877,Baseline,70,Balanced,0,Low,0,Low,0,Low,0,Low,0,3.23375,715.525,6.57441,0.0628349,0.1
3878,Baseline,86,Balanced,0,Low,0,Medium,1,Low,0,Low,0,3.24927,719.707,6.58023,0.0628802,0.1
3879,Baseline,87,Balanced,0,Low,0,High,2,Low,0,Low,0,3.25181,721.327,6.58248,0.0626335,0.1
3880,Baseline,87,Balanced,0,Low,0,High,2,Low,0,Low,0,3.26242,723.475,6.58545,0.0629248,0.1
3881,Baseline,87,Balanced,0,Low,0,High,2,Low,0,Low,0,3.25579,720.418,6.58122,0.0626835,0.1
3882,Baseline,70,Balanced,0,Low,0,Low,0,Low,0,Low,0,3.23728,717.361,6.57697,0.0626819,0.1
3883,Baseline,70,Balanced,0,Low,0,Low,0,Low,0,Low,0,3.23348,717.416,6.57705,0.0627557,0.1
3884,Baseline,87,Balanced,0,Low,0,High,2,Low,0,Low,0,3.25322,720.329,6.5811,0.0628341,0.1
3885,Baseline,85,Balanced,0,Low,0,Low,0,Low,0,Low,0,3.24501,718.561,6.57864,0.0625705,0.1
3886,Baseline,87,Balanced,0,Low,0,High,2,Low,0,Low,0,3.26784,723.753,6.58583,0.0628487,0.1
3887,Baseline,87,Balanced,0,Low,0,High,2,Low,0,Low,0,3.26586,724.217,6.58647,0.0629071,0.1
3888,Baseline,87,Balanced,0,Low,0,High,2,Low,0,Low,0,3.27433,726.51,6.58963,0.0625851,0.1
3889,Baseline,86,Balanced,0,Low,0,Medium,1,Low,0,Low,0,3.24198,719.441,6.57986,0.0624714,0.1
3890,Baseline,70,Balanced,0,Low,0,Low,0,Low,0,Low,0,3.23655,717.613,6.57732,0.0623123,0.1
3891,Baseline,70,Balanced,0,Low,0,Low,0,Low,0,Low,0,3.23976,717.636,6.57735,0.0626205,0.1
3892,Baseline,87,Balanced,0,Low,0,High,2,Low,0,Low,0,3.24814,720.265,6.58101,0.062622,0.1
3893,Baseline,85,Balanced,0,Low,0,Low,0,Low,0,Low,0,3.24583,718.867,6.57907,0.0628318,0.1
3894,Baseline,87,Balanced,0,Low,0,High,2,Low,0,Low,0,3.25137,720.162,6.58086,0.0629294,0.1
3895,Baseline,87,Balanced,0,Low,0,High,2,Low,0,Low,0,3.26263,723.622,6.58565,0.0628633,0.1
3896,Baseline,87,Balanced,0,Low,0,High,2,Low,0,Low,0,3.25825,722.1,6.58355,0.0628748,0.1
3897,Baseline,70,Balanced,0,Low,0,Low,0,Low,0,Low,0,3.22357,714.165,6.57251,0.0626212,0.1
3898,Baseline,87,Balanced,0,Low,0,High,2,Low,0,Low,0,3.25736,722.612,6.58426,0.0624622,0.1
3899,Baseline,70,Balanced,0,Low,0,Low,0,Low,0,Low,0,3.23919,717.609,6.57732,0.0628064,0.1
3900,Baseline,87,Balanced,0,Low,0,High,2,Low,0,Low,0,3.25522,721.593,6.58285,0.0625144,0.1
3901,Baseline,87,Balanced,0,Low,0,High,2,Low,0,Low,0,3.25485,721.198,6.5823,0.0627442,0.1
3902,Baseline,70,Balanced,0,Low,0,Low,0,Low,0,Low,0,3.23769,717.15,6.57668,0.0625582,0.1
3903,Baseline,87,Balanced,0,Low,0,High,2,Low,0,Low,0,3.25585,721.579,6.58283,0.0626781,0.1
3904,Baseline,87,Balanced,0,Low,0,High,2,Low,0,Low,0,3.27619,726.267,6.58929,0.0629901,0.1
3905,Baseline,70,Balanced,0,Low,0,Low,0,Low,0,Low,0,3.22617,714.77,6.57336,0.0628325,0.1
3906,Baseline,86,Balanced,0,Low,0,Medium,1,Low,0,Low,0,3.24152,719.321,6.5797,0.0627157,0.1
3907,Baseline,70,Balanced,0,Low,0,Low,0,Low,0,Low,0,3.22124,713.705,6.57187,0.0624429,0.1
3908,Baseline,87,Balanced,0,Low,0,High,2,Low,0,Low,0,3.2673,724.844,6.58733,0.0627365,0.1
3909,Baseline,87,Balanced,0,Low,0,High,2,Low,0,Low,0,3.25953,722.135,6.5836,0.0627657,0.1
3910,Baseline,87,Balanced,0,Low,0,High,2,Low,0,Low,0,3.2476,720.959,6.58197,0.0629401,0.1
3911,Baseline,87,Balanced,0,Low,0,High,2,Low,0,Low,0,3.26212,722.594,6.58423,0.0627895,0.1
3912,Baseline,70,Balanced,0,Low,0,Low,0,Low,0,Low,0,3.23133,716.247,6.57542,0.0624322,0.1
3913,Baseline,87,Balanced,0,Low,0,High,2,Low,0,Low,0,3.28333,727.763,6.59135,0.0629401,0.1
3914,Baseline,85,Balanced,0,Low,0,Low,0,Low,0,Low,0,3.24213,718.678,6.5788,0.0627864,0.1
3915,Baseline,87,Balanced,0,Low,0,High,2,Low,0,Low,0,3.26362,724.116,6.58633,0.062705,0.1
3916,Baseline,86,Balanced,0,Low,0,Medium,1,Low,0,Low,0,3.24658,719.294,6.57966,0.0626604,0.1
3917,Baseline,70,Balanced,0,Low,0,Low,0,Low,0,Low,0,3.23122,715.689,6.57464,0.0624045,0.1
3918,Baseline,87,Balanced,0,Low,0,High,2,Low,0,Low,0,3.25081,721.465,6.58267,0.0625613,0.1
3919,Baseline,87,Balanced,0,Low,0,High,2,Low,0,Low,0,3.26228,723.352,6.58528,0.0627042,0.1
3920,Baseline,87,Balanced,0,Low,0,High,2,Low,0,Low,0,3.25401,721.29,6.58243,0.0627534,0.1
3921,Baseline,87,Balanced,0,Low,0,High,2,Low,0,Low,0,3.27359,725.628,6.58841,0.0628195,0.1
3922,Baseline,70,Balanced,0,Low,0,Low,0,Low,0,Low,0,3.23846,717.565,6.57726,0.0625282,0.1
3923,Baseline,70,Balanced,0,Low,0,Low,0,Low,0,Low,0,3.23429,717.133,6.57665,0.0624045,0.1
3924,Baseline,87,Balanced,0,Low,0,High,2,Low,0,Low,0,3.24832,720.394,6.58119,0.0626443,0.1
3925,Baseline,70,Balanced,0,Low,0,Low,0,Low,0,Low,0,3.2131,712.535,6.57023,0.0619073,0.1
3926,Baseline,85,Balanced,0,Low,0,Low,0,Low,0,Low,0,3.24153,719.121,6.57942,0.0624499,0.1
3927,Baseline,70,Balanced,0,Low,0,Low,0,Low,0,Low,0,3.23975,718.562,6.57864,0.0627588,0.1
3928,Baseline,87,Balanced,0,Low,0,High,2,Low,0,Low,0,3.25012,720.424,6.58123,0.0626028,0.1
3929,Baseline,87,Balanced,0,Low,0,High,2,Low,0,Low,0,3.25879,722.818,6.58454,0.0625859,0.1
3930,Baseline,87,Balanced,0,Low,0,High,2,Low,0,Low,0,3.24775,720.372,6.58116,0.0626427,0.1
3931,Baseline,87,Balanced,0,Low,0,High,2,Low,0,Low,0,3.26788,724.715,6.58716,0.0629724,0.1
3932,Baseline,87,Balanced,0,Low,0,High,2,Low,0,Low,0,3.24928,720.952,6.58196,0.0626166,0.1
3933,Baseline,70,Balanced,0,Low,0,Low,0,Low,0,Low,0,3.22217,715.037,6.57373,0.0626727,0.1
3934,Baseline,87,Balanced,0,Low,0,High,2,Low,0,Low,0,3.2482,719.966,6.58059,0.0625452,0.1
3935,Baseline,70,Balanced,0,Low,0,Low,0,Low,0,Low,0,3.23371,716.392,6.57562,0.0628349,0.1
3936,Baseline,87,Balanced,0,Low,0,High,2,Low,0,Low,0,3.26555,724.407,6.58673,0.0625282,0.1
3937,Baseline,87,Balanced,0,Low,0,High,2,Low,0,Low,0,3.2538,721.465,6.58267,0.062748,0.1
3938,Baseline,86,Balanced,0,Low,0,Medium,1,Low,0,Low,0,3.24535,719.317,6.57969,0.0625328,0.1
3939,Baseline,70,Balanced,0,Low,0,Low,0,Low,0,Low,0,3.22759,715.105,6.57383,0.0625843,0.1
3940,Baseline,87,Balanced,0,Low,0,High,2,Low,0,Low,0,3.25951,722.652,6.58431,0.0628387,0.1
3941,Baseline,70,Balanced,0,Low,0,Low,0,Low,0,Low,0,3.2282,715.293,6.57409,0.0625167,0.1
3942,Baseline,85,Balanced,0,Low,0,Low,0,Low,0,Low,0,3.24044,717.886,6.5777,0.0628449,0.1
3943,Baseline,86,Balanced,0,Low,0,Medium,1,Low,0,Low,0,3.24779,719.248,6.5796,0.0626927,0.1
3944,Baseline,87,Balanced,0,Low,0,High,2,Low,0,Low,0,3.25278,721.429,6.58262,0.0623884,0.1
3945,Baseline,70,Balanced,0,Low,0,Low,0,Low,0,Low,0,3.22795,716.01,6.57509,0.0624091,0.1
3946,Baseline,87,Balanced,0,Low,0,High,2,Low,0,Low,0,3.25247,722,6.58341,0.0630285,0.1
3947,Baseline,87,Balanced,0,Low,0,High,2,Low,0,Low,0,3.25473,721.091,6.58215,0.0628664,0.1
3948,Baseline,70,Balanced,0,Low,0,Low,0,Low,0,Low,0,3.22538,715.221,6.57399,0.0624322,0.1
3949,Baseline,87,Balanced,0,Low,0,High,2,Low,0,Low,0,3.31101,733.952,6.59981,0.0630846,0.1
3950,Baseline,87,Balanced,0,Low,0,High,2,Low,0,Low,0,3.2748,726.828,6.59006,0.0629386,0.1
3951,Baseline,70,Balanced,0,Low,0,Low,0,Low,0,Low,0,3.2281,716.034,6.57512,0.0625805,0.1
3952,Baseline,70,Balanced,0,Low,0,Low,0,Low,0,Low,0,3.23237,716.341,6.57555,0.0627388,0.1
3953,Baseline,85,Balanced,0,Low,0,Low,0,Low,0,Low,0,3.24462,718.993,6.57924,0.0626527,0.1
3954,Baseline,87,Balanced,0,Low,0,High,2,Low,0,Low,0,3.25133,720.239,6.58097,0.0628564,0.1
3955,Baseline,70,Balanced,0,Low,0,Low,0,Low,0,Low,0,3.23308,717.333,6.57693,0.0624821,0.1
3956,Baseline,87,Balanced,0,Low,0,High,2,Low,0,Low,0,3.25012,720.017,6.58066,0.0624875,0.1
3957,Baseline,87,Balanced,0,Low,0,High,2,Low,0,Low,0,3.25518,721.038,6.58208,0.0629916,0.1
3958,Baseline,86,Balanced,0,Low,0,Medium,1,Low,0,Low,0,3.2489,719.42,6.57983,0.062589,0.1
3959,Baseline,70,Balanced,0,Low,0,Low,0,Low,0,Low,0,3.22588,715.568,6.57447,0.0624022,0.1
3960,Baseline,87,Balanced,0,Low,0,High,2,Low,0,Low,0,3.2574,722.283,6.5838,0.0626089,0.1
3961,Baseline,87,Balanced,0,Low,0,High,2,Low,0,Low,0,3.26274,723.848,6.58596,0.0626612,0.1
3962,Baseline,70,Balanced,0,Low,0,Low,0,Low,0,Low,0,3.22473,714.984,6.57366,0.0621955,0.1
3963,Baseline,87,Balanced,0,Low,0,High,2,Low,0,Low,0,3.2656,724.587,6.58698,0.0627426,0.1
3964,Baseline,86,Balanced,0,Low,0,Medium,1,Low,0,Low,0,3.24339,719.627,6.58012,0.0626527,0.1
3965,Baseline,70,Balanced,0,Low,0,Low,0,Low,0,Low,0,3.22704,715.066,6.57377,0.0625897,0.1
3966,Baseline,87,Balanced,0,Low,0,High,2,Low,0,Low,0,3.2614,723.858,6.58598,0.0631192,0.1
3967,Baseline,87,Balanced,0,Low,0,High,2,Low,0,Low,0,3.24814,719.954,6.58058,0.0630539,0.1
3968,Baseline,87,Balanced,0,Low,0,High,2,Low,0,Low,0,3.25494,721.034,6.58207,0.0627742,0.1
3969,Baseline,85,Balanced,0,Low,0,Low,0,Low,0,Low,0,3.24606,719.125,6.57943,0.0629317,0.1
3970,Baseline,86,Balanced,0,Low,0,Medium,1,Low,0,Low,0,3.24653,719.689,6.58021,0.0626842,0.1
3971,Baseline,70,Balanced,0,Low,0,Low,0,Low,0,Low,0,3.21994,712.858,6.57068,0.0624437,0.1
3972,Baseline,87,Balanced,0,Low,0,High,2,Low,0,Low,0,3.24539,720.229,6.58096,0.062446,0.1
3973,Baseline,87,Balanced,0,Low,0,High,2,Low,0,Low,0,3.25515,721.221,6.58233,0.0630062,0.1
3974,Baseline,86,Balanced,0,Low,0,Medium,1,Low,0,Low,0,3.24695,719.511,6.57996,0.0627887,0.1
3975,Baseline,87,Balanced,0,Low,0,High,2,Low,0,Low,0,3.24652,720.022,6.58067,0.0628057,0.1
3976,Baseline,87,Balanced,0,Low,0,High,2,Low,0,Low,0,3.24828,720.131,6.58082,0.062685,0.1
3977,Baseline,70,Balanced,0,Low,0,Low,0,Low,0,Low,0,3.22491,714.885,6.57352,0.0626304,0.1
3978,Baseline,70,Balanced,0,Low,0,Low,0,Low,0,Low,0,3.23769,718.222,6.57817,0.0624483,0.1
3979,Baseline,70,Balanced,0,Low,0,Low,0,Low,0,Low,0,3.2317,715.375,6.5742,0.0628887,0.1
3980,Baseline,86,Balanced,0,Low,0,Medium,1,Low,0,Low,0,3.24581,719.807,6.58037,0.0627296,0.1
3981,Baseline,87,Balanced,0,Low,0,High,2,Low,0,Low,0,3.25292,721.532,6.58276,0.0628925,0.1
3982,Baseline,87,Balanced,0,Low,0,High,2,Low,0,Low,0,3.25086,721.526,6.58275,0.0624061,0.1
3983,Baseline,86,Balanced,0,Low,0,Medium,1,Low,0,Low,0,3.24162,719.244,6.57959,0.0625743,0.1
3984,Baseline,70,Balanced,0,Low,0,Low,0,Low,0,Low,0,3.23224,715.979,6.57505,0.0627872,0.1
3985,Baseline,87,Balanced,0,Low,0,High,2,Low,0,Low,0,3.2488,720.633,6.58152,0.062808,0.1
3986,Baseline,86,Balanced,0,Low,0,Medium,1,Low,0,Low,0,3.24878,719.835,6.58041,0.0628587,0.1
3987,Baseline,87,Balanced,0,Low,0,High,2,Low,0,Low,0,3.25841,723.403,6.58535,0.0627503,0.1
3988,Baseline,70,Balanced,0,Low,0,Low,0,Low,0,Low,0,3.217,714.01,6.5723,0.0627496,0.1
3989,Baseline,87,Balanced,0,Low,0,High,2,Low,0,Low,0,3.27908,727.779,6.59137,0.0631177,0.1
3990,Baseline,70,Balanced,0,Low,0,Low,0,Low,0,Low,0,3.23948,717.506,6.57717,0.0625267,0.1
3991,Baseline,70,Balanced,0,Low,0,Low,0,Low,0,Low,0,3.23765,717.802,6.57759,0.0627104,0.1
3992,Baseline,70,Balanced,0,Low,0,Low,0,Low,0,Low,0,3.22673,715.247,6.57403,0.0629194,0.1
3993,Baseline,86,Balanced,0,Low,0,Medium,1,Low,0,Low,0,3.24581,719.472,6.57991,0.0626781,0.1
3994,Baseline,70,Balanced,0,Low,0,Low,0,Low,0,Low,0,3.23708,717.037,6.57652,0.0624844,0.1
3995,Baseline,87,Balanced,0,Low,0,High,2,Low,0,Low,0,3.26588,725.842,6.58871,0.0627688,0.1
3996,Baseline,87,Balanced,0,Low,0,High,2,Low,0,Low,0,3.2595,722.27,6.58378,0.0629278,0.1
3997,Baseline,86,Balanced,0,Low,0,Medium,1,Low,0,Low,0,3.24776,719.544,6.58001,0.0627672,0.1
3998,Baseline,70,Balanced,0,Low,0,Low,0,Low,0,Low,0,3.23493,717.309,6.5769,0.0625321,0.1
3999,Baseline,70,Balanced,0,Low,0,Low,0,Low,0,Low,0,3.23169,715.684,6.57464,0.0628479,0.1
4000,Baseline,87,Balanced,0,Low,0,High,2,Low,0,Low,0,3.25735,721.645,6.58292,0.0623561,0.1
4001,Baseline,87,Balanced,0,Low,0,High,2,Low,0,Low,0,3.24559,720.684,6.58159,0.0624483,0.1
4002,Baseline,87,Balanced,0,Low,0,High,2,Low,0,Low,0,3.27373,725.335,6.58801,0.0627449,0.1
4003,Baseline,70,Balanced,0,Low,0,Low,0,Low,0,Low,0,3.23946,717.936,6.57777,0.062506,0.1
4004,Baseline,87,Balanced,0,Low,0,High,2,Low,0,Low,0,3.25833,721.632,6.5829,0.0628379,0.1
4005,Baseline,70,Balanced,0,Low,0,Low,0,Low,0,Low,0,3.21779,713.775,6.57197,0.0622862,0.1
4006,Baseline,70,Balanced,0,Low,0,Low,0,Low,0,Low,0,3.22851,715.274,6.57406,0.0627449,0.1
4007,Baseline,87,Balanced,0,Low,0,High,2,Low,0,Low,0,3.25529,722.341,6.58388,0.0626827,0.1
4008,Baseline,87,Balanced,0,Low,0,High,2,Low,0,Low,0,3.25224,720.771,6.58171,0.0626789,0.1
4009,Baseline,70,Balanced,0,Low,0,Low,0,Low,0,Low,0,3.2338,715.972,6.57504,0.0627595,0.1
4010,Baseline,87,Balanced,0,Low,0,High,2,Low,0,Low,0,3.25591,722.241,6.58374,0.0626904,0.1
4011,Baseline,87,Balanced,0,Low,0,High,2,Low,0,Low,0,3.27094,725.457,6.58818,0.062801,0.1
4012,Baseline,87,Balanced,0,Low,0,High,2,Low,0,Low,0,3.25188,721.252,6.58237,0.0625536,0.1
4013,Baseline,70,Balanced,0,Low,0,Low,0,Low,0,Low,0,3.23647,717.177,6.57672,0.0627496,0.1
4014,Baseline,86,Balanced,0,Low,0,Medium,1,Low,0,Low,0,3.24279,719.221,6.57956,0.0626804,0.1
4015,Baseline,86,Balanced,0,Low,0,Medium,1,Low,0,Low,0,3.24966,719.391,6.57979,0.0626005,0.1
4016,Baseline,70,Balanced,0,Low,0,Low,0,Low,0,Low,0,3.23731,716.678,6.57602,0.0627073,0.1
4017,Baseline,85,Balanced,0,Low,0,Low,0,Low,0,Low,0,3.24039,717.625,6.57734,0.0626082,0.1
4018,Baseline,86,Balanced,0,Low,0,Medium,1,Low,0,Low,0,3.24514,719.587,6.58007,0.0626182,0.1
4019,Baseline,86,Balanced,0,Low,0,Medium,1,Low,0,Low,0,3.24899,719.663,6.58017,0.0628072,0.1
4020,Baseline,70,Balanced,0,Low,0,Low,0,Low,0,Low,0,3.23167,717.028,6.57651,0.0626789,0.1
4021,Baseline,87,Balanced,0,Low,0,High,2,Low,0,Low,0,3.2709,724.754,6.58721,0.06305,0.1
4022,Baseline,87,Balanced,0,Low,0,High,2,Low,0,Low,0,3.27686,727.01,6.59031,0.0626412,0.1
4023,Baseline,70,Balanced,0,Low,0,Low,0,Low,0,Low,0,3.23695,717.379,6.577,0.0625597,0.1
4024,Baseline,70,Balanced,0,Low,0,Low,0,Low,0,Low,0,3.21924,712.445,6.57011,0.0626289,0.1
4025,Baseline,87,Balanced,0,Low,0,High,2,Low,0,Low,0,3.25458,721.29,6.58243,0.0626182,0.1
4026,Baseline,70,Balanced,0,Low,0,Low,0,Low,0,Low,0,3.23937,718.074,6.57796,0.0626128,0.1
4027,Baseline,70,Balanced,0,Low,0,Low,0,Low,0,Low,0,3.22561,714.928,6.57358,0.0625797,0.1
4028,Baseline,70,Balanced,0,Low,0,Low,0,Low,0,Low,0,3.22271,714.101,6.57242,0.0626604,0.1
4029,Baseline,70,Balanced,0,Low,0,Low,0,Low,0,Low,0,3.22529,714.147,6.57249,0.0626012,0.1
4030,Baseline,85,Balanced,0,Low,0,Low,0,Low,0,Low,0,3.24111,717.805,6.57759,0.0627803,0.1
4031,Baseline,87,Balanced,0,Low,0,High,2,Low,0,Low,0,3.28007,727.522,6.59102,0.0626197,0.1
4032,Baseline,87,Balanced,0,Low,0,High,2,Low,0,Low,0,3.27232,726.264,6.58929,0.0626796,0.1
4033,Baseline,87,Balanced,0,Low,0,High,2,Low,0,Low,0,3.25349,720.918,6.58191,0.0627388,0.1
4034,Baseline,70,Balanced,0,Low,0,Low,0,Low,0,Low,0,3.21597,712.645,6.57039,0.0626558,0.1
4035,Baseline,87,Balanced,0,Low,0,High,2,Low,0,Low,0,3.27618,726.476,6.58958,0.0629478,0.1
4036,Baseline,86,Balanced,0,Low,0,Medium,1,Low,0,Low,0,3.2491,719.41,6.57982,0.0627795,0.1
4037,Baseline,70,Balanced,0,Low,0,Low,0,Low,0,Low,0,3.22785,715.517,6.5744,0.0624468,0.1
4038,Baseline,87,Balanced,0,Low,0,High,2,Low,0,Low,0,3.26781,725.091,6.58768,0.0627534,0.1
4039,Baseline,85,Balanced,0,Low,0,Low,0,Low,0,Low,0,3.2448,718.861,6.57906,0.0624291,0.1
4040,Baseline,87,Balanced,0,Low,0,High,2,Low,0,Low,0,3.25905,722.608,6.58425,0.0627319,0.1
4041,Baseline,85,Balanced,0,Low,0,Low,0,Low,0,Low,0,3.24552,718.092,6.57799,0.0628103,0.1
4042,Baseline,87,Balanced,0,Low,0,High,2,Low,0,Low,0,3.26799,724.817,6.5873,0.0629348,0.1
4043,Baseline,87,Balanced,0,Low,0,High,2,Low,0,Low,0,3.26057,724.198,6.58644,0.0626812,0.1
4044,Baseline,87,Balanced,0,Low,0,High,2,Low,0,Low,0,3.27027,726.081,6.58904,0.0628641,0.1
4045,Baseline,87,Balanced,0,Low,0,High,2,Low,0,Low,0,3.25668,721.692,6.58298,0.0626397,0.1
4046,Baseline,87,Balanced,0,Low,0,High,2,Low,0,Low,0,3.26361,723.075,6.5849,0.0629009,0.1
4047,Baseline,87,Balanced,0,Low,0,High,2,Low,0,Low,0,3.25048,720.226,6.58095,0.0628571,0.1
4048,Baseline,87,Balanced,0,Low,0,High,2,Low,0,Low,0,3.25054,720.823,6.58178,0.0629301,0.1
4049,Baseline,70,Balanced,0,Low,0,Low,0,Low,0,Low,0,3.23013,716.99,6.57646,0.062559,0.1
4050,Baseline,87,Balanced,0,Low,0,High,2,Low,0,Low,0,3.27616,725.734,6.58856,0.0628802,0.1
4051,Baseline,70,Balanced,0,Low,0,Low,0,Low,0,Low,0,3.23312,716.39,6.57562,0.0626827,0.1
4052,Baseline,70,Balanced,0,Low,0,Low,0,Low,0,Low,0,3.23985,717.925,6.57776,0.0626988,0.1
4053,Baseline,70,Balanced,0,Low,0,Low,0,Low,0,Low,0,3.21516,712.337,6.56995,0.0623676,0.1
4054,Baseline,70,Balanced,0,Low,0,Low,0,Low,0,Low,0,3.23748,717.921,6.57775,0.0627465,0.1
4055,Baseline,87,Balanced,0,Low,0,High,2,Low,0,Low,0,3.27543,726.58,6.58972,0.0629478,0.1
4056,Baseline,85,Balanced,0,Low,0,Low,0,Low,0,Low,0,3.24739,718.944,6.57917,0.062612,0.1
4057,Baseline,87,Balanced,0,Low,0,High,2,Low,0,Low,0,3.24934,720.725,6.58165,0.0624406,0.1
4058,Baseline,87,Balanced,0,Low,0,High,2,Low,0,Low,0,3.26363,723.194,6.58506,0.0628279,0.1
4059,Baseline,87,Balanced,0,Low,0,High,2,Low,0,Low,0,3.2628,724.153,6.58638,0.0624214,0.1
4060,Baseline,87,Balanced,0,Low,0,High,2,Low,0,Low,0,3.24881,721.006,6.58203,0.0625605,0.1
4061,Baseline,87,Balanced,0,Low,0,High,2,Low,0,Low,0,3.25543,721.512,6.58273,0.0627534,0.1
4062,Baseline,87,Balanced,0,Low,0,High,2,Low,0,Low,0,3.25315,721.12,6.58219,0.0628203,0.1
4063,Baseline,87,Balanced,0,Low,0,High,2,Low,0,Low,0,3.25069,720.655,6.58155,0.062841,0.1
4064,Baseline,70,Balanced,0,Low,0,Low,0,Low,0,Low,0,3.23456,717.094,6.5766,0.0625129,0.1
4065,Baseline,87,Balanced,0,Low,0,High,2,Low,0,Low,0,3.26825,724.481,6.58683,0.0625475,0.1
4066,Baseline,70,Balanced,0,Low,0,Low,0,Low,0,Low,0,3.23913,717.73,6.57749,0.062758,0.1
4067,Baseline,70,Balanced,0,Low,0,Low,0,Low,0,Low,0,3.22897,715.68,6.57463,0.0627964,0.1
4068,Baseline,87,Balanced,0,Low,0,High,2,Low,0,Low,0,3.25518,720.718,6.58163,0.0628594,0.1
4069,Baseline,87,Balanced,0,Low,0,High,2,Low,0,Low,0,3.259,722.674,6.58434,0.0624798,0.1
4070,Baseline,87,Balanced,0,Low,0,High,2,Low,0,Low,0,3.27743,725.741,6.58857,0.0630823,0.1
4071,Baseline,86,Balanced,0,Low,0,Medium,1,Low,0,Low,0,3.24974,719.298,6.57966,0.0629125,0.1
4072,Baseline,87,Balanced,0,Low,0,High,2,Low,0,Low,0,3.25959,722.623,6.58427,0.0626912,0.1
4073,Baseline,87,Balanced,0,Low,0,High,2,Low,0,Low,0,3.26774,724.865,6.58736,0.0623238,0.1
4074,Baseline,87,Balanced,0,Low,0,High,2,Low,0,Low,0,3.25191,720.983,6.582,0.0626973,0.1
4075,Baseline,87,Balanced,0,Low,0,High,2,Low,0,Low,0,3.26541,724.211,6.58646,0.062735,0.1
4076,Baseline,86,Balanced,0,Low,0,Medium,1,Low,0,Low,0,3.24368,719.518,6.57997,0.0626297,0.1
4077,Baseline,87,Balanced,0,Low,0,High,2,Low,0,Low,0,3.25833,722.677,6.58434,0.0627419,0.1
4078,Baseline,87,Balanced,0,Low,0,High,2,Low,0,Low,0,3.25808,721.558,6.5828,0.0628925,0.1
4079,Baseline,86,Balanced,0,Low,0,Medium,1,Low,0,Low,0,3.24939,719.869,6.58046,0.0626112,0.1
4080,Baseline,87,Balanced,0,Low,0,High,2,Low,0,Low,0,3.25162,722.156,6.58362,0.0624637,0.1
4081,Baseline,85,Balanced,0,Low,0,Low,0,Low,0,Low,0,3.24669,719.08,6.57936,0.0627957,0.1
4082,Baseline,70,Balanced,0,Low,0,Low,0,Low,0,Low,0,3.23862,717.117,6.57663,0.062728,0.1
4083,Baseline,85,Balanced,0,Low,0,Low,0,Low,0,Low,0,3.24057,718.586,6.57868,0.0627188,0.1
4084,Baseline,87,Balanced,0,Low,0,High,2,Low,0,Low,0,3.24931,721.519,6.58274,0.0624368,0.1
4085,Baseline,70,Balanced,0,Low,0,Low,0,Low,0,Low,0,3.22664,715.301,6.5741,0.062881,0.1
4086,Baseline,70,Balanced,0,Low,0,Low,0,Low,0,Low,0,3.23691,718.188,6.57812,0.0627373,0.1
4087,Baseline,70,Balanced,0,Low,0,Low,0,Low,0,Low,0,3.23681,717.974,6.57783,0.0626996,0.1
4088,Baseline,87,Balanced,0,Low,0,High,2,Low,0,Low,0,3.25416,721.287,6.58242,0.0623354,0.1
4089,Baseline,87,Balanced,0,Low,0,High,2,Low,0,Low,0,3.25319,720.862,6.58183,0.0628087,0.1
4090,Baseline,70,Balanced,0,Low,0,Low,0,Low,0,Low,0,3.21062,712.141,6.56968,0.0629632,0.1
4091,Baseline,86,Balanced,0,Low,0,Medium,1,Low,0,Low,0,3.24603,719.371,6.57977,0.0624637,0.1
4092,Baseline,87,Balanced,0,Low,0,High,2,Low,0,Low,0,3.26438,723.595,6.58561,0.0629163,0.1
4093,Baseline,87,Balanced,0,Low,0,High,2,Low,0,Low,0,3.26256,724.448,6.58679,0.0627872,0.1
4094,Baseline,87,Balanced,0,Low,0,High,2,Low,0,Low,0,3.27375,726.088,6.58905,0.0626097,0.1
4095,Baseline,87,Balanced,0,Low,0,High,2,Low,0,Low,0,3.25375,720.068,6.58073,0.0626005,0.1
4096,Baseline,86,Balanced,0,Low,0,Medium,1,Low,0,Low,0,3.24648,719.851,6.58043,0.0623676,0.1
