Iteration,Using RL?,State,Action,Reward,Variance Bucket,Variance Bucket Index,Next Variance Bucket Index,Next Variance Bucket Index,Mean Luminance,Luminance Variance,Log Luminance Variance,Bright Pixel Ratio,Epsilon
1,Baseline,0,Balanced,0,Low,0,Low,0,21.0256,3552.14,8.17559,0.582303,0.1
2,Baseline,0,Balanced,0,Low,0,Low,0,21.0632,3559.77,8.17773,0.581437,0.1
3,Baseline,0,Balanced,0,Low,0,Low,0,21.0147,3552.82,8.17578,0.581748,0.1
4,Baseline,0,Balanced,0,Low,0,Low,0,21.0157,3553.26,8.1759,0.581941,0.1
5,Baseline,0,Balanced,0,Low,0,Low,0,21.0316,3553.5,8.17597,0.582176,0.1
6,Baseline,0,Balanced,0,Low,0,Low,0,21.0898,3566.38,8.17959,0.582157,0.1
7,Baseline,0,Balanced,0,Low,0,Low,0,20.9827,3545.58,8.17374,0.581475,0.1
8,Baseline,0,Balanced,0,Low,0,Low,0,21.0882,3565.89,8.17945,0.581736,0.1
9,Baseline,0,Balanced,0,Low,0,Low,0,21.0681,3562.45,8.17849,0.582084,0.1
10,Baseline,0,Balanced,0,Low,0,Low,0,21.0396,3557.26,8.17703,0.581718,0.1
11,Baseline,0,Balanced,0,Low,0,Low,0,21.04,3554.88,8.17636,0.581548,0.1
12,Baseline,0,Balanced,0,Low,0,Low,0,21.0011,3549.83,8.17494,0.581238,0.1
13,Baseline,0,Balanced,0,Low,0,Low,0,20.9841,3547,8.17414,0.581681,0.1
14,Baseline,0,Balanced,0,Low,0,Low,0,20.9977,3546.82,8.17409,0.581816,0.1
15,Baseline,0,Balanced,0,Low,0,Low,0,21.0174,3552.29,8.17563,0.581707,0.1
16,Baseline,0,Balanced,0,Low,0,Low,0,21.0355,3554.43,8.17623,0.581662,0.1
17,Baseline,0,Balanced,0,Low,0,Low,0,20.9947,3546.25,8.17393,0.581513,0.1
18,Baseline,0,Balanced,0,Low,0,Low,0,20.9832,3546.18,8.17391,0.581805,0.1
19,Baseline,0,Balanced,0,Low,0,Low,0,21.0292,3554.57,8.17627,0.581644,0.1
20,Baseline,0,Balanced,0,Low,0,Low,0,21.0996,3568.23,8.18011,0.581793,0.1
21,Baseline,0,Balanced,0,Low,0,Low,0,21.0232,3550.36,8.17509,0.582181,0.1
22,Baseline,0,Balanced,0,Low,0,Low,0,21.0292,3552.89,8.1758,0.581742,0.1
23,Baseline,0,Balanced,0,Low,0,Low,0,20.9953,3549.33,8.1748,0.582011,0.1
24,Baseline,0,Balanced,0,Low,0,Low,0,20.9968,3545.46,8.17371,0.582162,0.1
25,Baseline,0,Balanced,0,Low,0,Low,0,21.0076,3550.92,8.17524,0.581673,0.1
26,Baseline,0,Balanced,0,Low,0,Low,0,21.059,3563.91,8.17889,0.581204,0.1
27,Baseline,0,Balanced,0,Low,0,Low,0,21.0647,3561.57,8.17824,0.582197,0.1
28,Baseline,0,Balanced,0,Low,0,Low,0,21.0206,3551.1,8.17529,0.581887,0.1
29,Baseline,0,Balanced,0,Low,0,Low,0,21.0242,3555.13,8.17643,0.581295,0.1
30,Baseline,0,Balanced,0,Low,0,Low,0,21.023,3555.3,8.17648,0.581301,0.1
31,Baseline,0,Balanced,0,Low,0,Low,0,20.9904,3545.22,8.17364,0.582043,0.1
32,Baseline,0,Balanced,0,Low,0,Low,0,21.0419,3557.07,8.17697,0.5824,0.1
33,Baseline,0,Balanced,0,Low,0,Low,0,21.0358,3553.94,8.1761,0.582261,0.1
34,Baseline,0,Balanced,0,Low,0,Low,0,21.061,3562.06,8.17838,0.581561,0.1
35,Baseline,0,Balanced,0,Low,0,Low,0,21.0712,3563.3,8.17872,0.581481,0.1
36,Baseline,0,Balanced,0,Low,0,Low,0,21.0092,3550.11,8.17502,0.581991,0.1
37,Baseline,0,Balanced,0,Low,0,Low,0,21.0562,3558,8.17723,0.581587,0.1
38,Baseline,0,Balanced,0,Low,0,Low,0,20.9484,3538.16,8.17164,0.581723,0.1
39,Baseline,0,Balanced,0,Low,0,Low,0,20.9885,3547.79,8.17436,0.581523,0.1
40,Baseline,0,Balanced,0,Low,0,Low,0,21.0613,3558.75,8.17744,0.582234,0.1
41,Baseline,0,Balanced,0,Low,0,Low,0,21.0364,3555.31,8.17648,0.581483,0.1
42,Baseline,0,Balanced,0,Low,0,Low,0,21.1003,3568.83,8.18027,0.581455,0.1
43,Baseline,0,Balanced,0,Low,0,Low,0,20.9842,3547.32,8.17423,0.58181,0.1
44,Baseline,0,Balanced,0,Low,0,Low,0,21.0248,3554.31,8.1762,0.582079,0.1
45,Baseline,0,Balanced,0,Low,0,Low,0,21.016,3550.92,8.17524,0.581527,0.1
46,Baseline,0,Balanced,0,Low,0,Low,0,21.059,3560.9,8.17805,0.582353,0.1
47,Baseline,0,Balanced,0,Low,0,Low,0,21.0494,3559.37,8.17762,0.582049,0.1
48,Baseline,0,Balanced,0,Low,0,Low,0,21.056,3558.32,8.17732,0.582139,0.1
49,Baseline,0,Balanced,0,Low,0,Low,0,21.0952,3569.29,8.1804,0.581175,0.1
50,Baseline,0,Balanced,0,Low,0,Low,0,21.0606,3559.25,8.17758,0.581899,0.1
51,Baseline,0,Balanced,0,Low,0,Low,0,21.085,3567.31,8.17985,0.582045,0.1
52,Baseline,0,Balanced,0,Low,0,Low,0,21.0156,3552.06,8.17557,0.581805,0.1
53,Baseline,0,Balanced,0,Low,0,Low,0,21.0064,3551.8,8.17549,0.581709,0.1
54,Baseline,0,Balanced,0,Low,0,Low,0,21.0489,3557.44,8.17708,0.581837,0.1
55,Baseline,0,Balanced,0,Low,0,Low,0,21.0076,3548.96,8.17469,0.581762,0.1
56,Baseline,0,Balanced,0,Low,0,Low,0,21.0526,3558.18,8.17728,0.581904,0.1
57,Baseline,0,Balanced,0,Low,0,Low,0,21.0025,3548.06,8.17444,0.581955,0.1
58,Baseline,0,Balanced,0,Low,0,Low,0,20.9681,3540.82,8.1724,0.581776,0.1
59,Baseline,0,Balanced,0,Low,0,Low,0,21.0426,3557.47,8.17709,0.582109,0.1
60,Baseline,0,Balanced,0,Low,0,Low,0,21.036,3556.65,8.17686,0.581942,0.1
61,Baseline,0,Balanced,0,Low,0,Low,0,21.0702,3562.6,8.17853,0.581981,0.1
62,Baseline,0,Balanced,0,Low,0,Low,0,21.015,3550.25,8.17506,0.582124,0.1
63,Baseline,0,Balanced,0,Low,0,Low,0,21.0137,3551.76,8.17548,0.582113,0.1
64,Baseline,0,Balanced,0,Low,0,Low,0,21.0274,3555.38,8.1765,0.581691,0.1
65,Baseline,0,Balanced,0,Low,0,Low,0,20.9848,3547.28,8.17422,0.58114,0.1
66,Baseline,0,Balanced,0,Low,0,Low,0,21.0434,3559.52,8.17766,0.581588,0.1
67,Baseline,0,Balanced,0,Low,0,Low,0,21.0173,3554.68,8.1763,0.581642,0.1
68,Baseline,0,Balanced,0,Low,0,Low,0,21.0367,3558,8.17724,0.58174,0.1
69,Baseline,0,Balanced,0,Low,0,Low,0,21.0591,3561.28,8.17816,0.581241,0.1
70,Baseline,0,Balanced,0,Low,0,Low,0,21.0856,3564.87,8.17916,0.581955,0.1
71,Baseline,0,Balanced,0,Low,0,Low,0,21.0703,3564,8.17892,0.581834,0.1
72,Baseline,0,Balanced,0,Low,0,Low,0,21.0114,3548.48,8.17456,0.58198,0.1
73,Baseline,0,Balanced,0,Low,0,Low,0,21.062,3558.42,8.17735,0.582033,0.1
74,Baseline,0,Balanced,0,Low,0,Low,0,21.041,3556.92,8.17693,0.581909,0.1
75,Baseline,0,Balanced,0,Low,0,Low,0,21.0825,3564.61,8.17909,0.58199,0.1
76,Baseline,0,Balanced,0,Low,0,Low,0,21.0102,3551.24,8.17533,0.581344,0.1
77,Baseline,0,Balanced,0,Low,0,Low,0,21.0141,3547.14,8.17418,0.581858,0.1
78,Baseline,0,Balanced,0,Low,0,Low,0,21.0207,3550.27,8.17506,0.58172,0.1
79,Baseline,0,Balanced,0,Low,0,Low,0,21.0539,3560.19,8.17785,0.581584,0.1
80,Baseline,0,Balanced,0,Low,0,Low,0,21.0597,3561.89,8.17833,0.581608,0.1
81,Baseline,0,Balanced,0,Low,0,Low,0,21.0719,3563.07,8.17866,0.581625,0.1
82,Baseline,0,Balanced,0,Low,0,Low,0,20.9601,3542.15,8.17277,0.581296,0.1
83,Baseline,0,Balanced,0,Low,0,Low,0,21.0624,3560.25,8.17787,0.582054,0.1
84,Baseline,0,Balanced,0,Low,0,Low,0,21.0666,3562.01,8.17836,0.58208,0.1
85,Baseline,0,Balanced,0,Low,0,Low,0,21.0092,3548.44,8.17454,0.581446,0.1
86,Baseline,0,Balanced,0,Low,0,Low,0,21.024,3553.74,8.17604,0.581923,0.1
87,Baseline,0,Balanced,0,Low,0,Low,0,20.9979,3547.59,8.1743,0.581238,0.1
88,Baseline,0,Balanced,0,Low,0,Low,0,20.983,3545.16,8.17362,0.58111,0.1
89,Baseline,0,Balanced,0,Low,0,Low,0,21.0339,3555.61,8.17656,0.58237,0.1
90,Baseline,0,Balanced,0,Low,0,Low,0,21.0026,3550.43,8.17511,0.581361,0.1
91,Baseline,0,Balanced,0,Low,0,Low,0,21.0382,3557.26,8.17703,0.582282,0.1
92,Baseline,0,Balanced,0,Low,0,Low,0,20.9624,3538.85,8.17184,0.581308,0.1
93,Baseline,0,Balanced,0,Low,0,Low,0,21.0084,3549.48,8.17484,0.581546,0.1
94,Baseline,0,Balanced,0,Low,0,Low,0,21.007,3549.1,8.17473,0.581704,0.1
95,Baseline,0,Balanced,0,Low,0,Low,0,21.0378,3555.98,8.17667,0.581732,0.1
96,Baseline,0,Balanced,0,Low,0,Low,0,21.0578,3558.91,8.17749,0.58237,0.1
97,Baseline,0,Balanced,0,Low,0,Low,0,21.0857,3564.44,8.17904,0.582052,0.1
98,Baseline,0,Balanced,0,Low,0,Low,0,21.0535,3557.4,8.17707,0.582253,0.1
99,Baseline,0,Balanced,0,Low,0,Low,0,21.0436,3557.28,8.17703,0.581966,0.1
100,Baseline,0,Balanced,0,Low,0,Low,0,21.0148,3551.63,8.17544,0.581754,0.1
101,Baseline,0,Balanced,0,Low,0,Low,0,21.0211,3552.76,8.17576,0.581351,0.1
102,Baseline,0,Balanced,0,Low,0,Low,0,21.0759,3562.84,8.17859,0.581691,0.1
103,Baseline,0,Balanced,0,Low,0,Low,0,21.0317,3556.26,8.17675,0.581766,0.1
104,Baseline,0,Balanced,0,Low,0,Low,0,20.9964,3549.53,8.17485,0.581299,0.1
105,Baseline,0,Balanced,0,Low,0,Low,0,21.1003,3570.63,8.18078,0.581899,0.1
106,Baseline,0,Balanced,0,Low,0,Low,0,21.0553,3560.67,8.17799,0.581944,0.1
107,Baseline,0,Balanced,0,Low,0,Low,0,21.0781,3561.1,8.17811,0.581406,0.1
108,Baseline,0,Balanced,0,Low,0,Low,0,21.0101,3551.26,8.17534,0.581834,0.1
109,Baseline,0,Balanced,0,Low,0,Low,0,21.0389,3556.42,8.17679,0.581999,0.1
110,Baseline,0,Balanced,0,Low,0,Low,0,21.0131,3551.17,8.17531,0.582037,0.1
111,Baseline,0,Balanced,0,Low,0,Low,0,21.0111,3549.37,8.17481,0.581404,0.1
112,Baseline,0,Balanced,0,Low,0,Low,0,21.0042,3549.79,8.17492,0.581315,0.1
113,Baseline,0,Balanced,0,Low,0,Low,0,21.057,3559.75,8.17773,0.581468,0.1
114,Baseline,0,Balanced,0,Low,0,Low,0,21.0181,3554.45,8.17624,0.581677,0.1
115,Baseline,0,Balanced,0,Low,0,Low,0,20.9847,3543.36,8.17311,0.581984,0.1
116,Baseline,0,Balanced,0,Low,0,Low,0,21.0763,3562.08,8.17838,0.582252,0.1
117,Baseline,0,Balanced,0,Low,0,Low,0,21.0009,3551.34,8.17536,0.581635,0.1
118,Baseline,0,Balanced,0,Low,0,Low,0,21.002,3546.78,8.17408,0.581265,0.1
119,Baseline,0,Balanced,0,Low,0,Low,0,21.0075,3549.81,8.17493,0.581636,0.1
120,Baseline,0,Balanced,0,Low,0,Low,0,21.0423,3555.84,8.17663,0.581622,0.1
121,Baseline,0,Balanced,0,Low,0,Low,0,21.0577,3560.11,8.17783,0.581617,0.1
122,Baseline,0,Balanced,0,Low,0,Low,0,20.9741,3544.35,8.17339,0.581234,0.1
123,Baseline,0,Balanced,0,Low,0,Low,0,21.0623,3562.43,8.17848,0.581586,0.1
124,Baseline,0,Balanced,0,Low,0,Low,0,21.0614,3562.62,8.17853,0.581285,0.1
125,Baseline,0,Balanced,0,Low,0,Low,0,21.0345,3554.78,8.17633,0.58215,0.1
126,Baseline,0,Balanced,0,Low,0,Low,0,21.0354,3558.05,8.17725,0.58159,0.1
127,Baseline,0,Balanced,0,Low,0,Low,0,21.0198,3550.41,8.1751,0.581492,0.1
128,Baseline,0,Balanced,0,Low,0,Low,0,21.0408,3558.34,8.17733,0.581668,0.1
129,Baseline,0,Balanced,0,Low,0,Low,0,21.0284,3553.4,8.17594,0.581591,0.1
130,Baseline,0,Balanced,0,Low,0,Low,0,21.0445,3557.12,8.17699,0.581568,0.1
131,Baseline,0,Balanced,0,Low,0,Low,0,21.0307,3554.63,8.17629,0.581399,0.1
132,Baseline,0,Balanced,0,Low,0,Low,0,21.0564,3559.26,8.17759,0.582192,0.1
133,Baseline,0,Balanced,0,Low,0,Low,0,21.0107,3549.9,8.17496,0.581747,0.1
134,Baseline,0,Balanced,0,Low,0,Low,0,21.0394,3553.38,8.17594,0.582249,0.1
135,Baseline,0,Balanced,0,Low,0,Low,0,20.9878,3544.57,8.17346,0.582233,0.1
136,Baseline,0,Balanced,0,Low,0,Low,0,21.0664,3564.15,8.17896,0.581642,0.1
137,Baseline,0,Balanced,0,Low,0,Low,0,21.0581,3563.8,8.17886,0.581723,0.1
138,Baseline,0,Balanced,0,Low,0,Low,0,21.0446,3557.26,8.17703,0.581318,0.1
139,Baseline,0,Balanced,0,Low,0,Low,0,21.0279,3558.32,8.17732,0.58163,0.1
140,Baseline,0,Balanced,0,Low,0,Low,0,21.0038,3548.53,8.17457,0.581532,0.1
141,Baseline,0,Balanced,0,Low,0,Low,0,21.0355,3555.89,8.17664,0.582047,0.1
142,Baseline,0,Balanced,0,Low,0,Low,0,21.0453,3556.71,8.17687,0.581803,0.1
143,Baseline,0,Balanced,0,Low,0,Low,0,21.0378,3556.25,8.17674,0.58182,0.1
144,Baseline,0,Balanced,0,Low,0,Low,0,21.1147,3569.2,8.18038,0.58208,0.1
145,Baseline,0,Balanced,0,Low,0,Low,0,21.0814,3564.95,8.17918,0.581534,0.1
146,Baseline,0,Balanced,0,Low,0,Low,0,21.0319,3556.22,8.17673,0.581666,0.1
147,Baseline,0,Balanced,0,Low,0,Low,0,21.0505,3562.27,8.17843,0.581593,0.1
148,Baseline,0,Balanced,0,Low,0,Low,0,21.0706,3562.43,8.17848,0.581726,0.1
149,Baseline,0,Balanced,0,Low,0,Low,0,21.0061,3549.17,8.17475,0.582267,0.1
150,Baseline,0,Balanced,0,Low,0,Low,0,21.0801,3566.47,8.17961,0.581448,0.1
151,Baseline,0,Balanced,0,Low,0,Low,0,20.9992,3548.43,8.17454,0.581146,0.1
152,Baseline,0,Balanced,0,Low,0,Low,0,20.9927,3546.06,8.17387,0.581595,0.1
153,Baseline,0,Balanced,0,Low,0,Low,0,21.0394,3556.08,8.1767,0.582135,0.1
154,Baseline,0,Balanced,0,Low,0,Low,0,20.9609,3540.14,8.1722,0.58159,0.1
155,Baseline,0,Balanced,0,Low,0,Low,0,21.0235,3553.96,8.1761,0.58201,0.1
156,Baseline,0,Balanced,0,Low,0,Low,0,21.1037,3567.8,8.17999,0.582037,0.1
157,Baseline,0,Balanced,0,Low,0,Low,0,21.0183,3550.41,8.1751,0.58202,0.1
158,Baseline,0,Balanced,0,Low,0,Low,0,20.9807,3543.33,8.1731,0.581392,0.1
159,Baseline,0,Balanced,0,Low,0,Low,0,21.0414,3557.55,8.17711,0.581858,0.1
160,Baseline,0,Balanced,0,Low,0,Low,0,21.0847,3567.22,8.17982,0.582119,0.1
161,Baseline,0,Balanced,0,Low,0,Low,0,20.9921,3548.07,8.17444,0.581751,0.1
162,Baseline,0,Balanced,0,Low,0,Low,0,21.0739,3563.83,8.17887,0.58169,0.1
163,Baseline,0,Balanced,0,Low,0,Low,0,21.0338,3558.51,8.17738,0.581909,0.1
164,Baseline,0,Balanced,0,Low,0,Low,0,21.053,3558.2,8.17729,0.582258,0.1
165,Baseline,0,Balanced,0,Low,0,Low,0,21.0423,3558.53,8.17738,0.581891,0.1
166,Baseline,0,Balanced,0,Low,0,Low,0,21.0124,3553.6,8.176,0.581576,0.1
167,Baseline,0,Balanced,0,Low,0,Low,0,20.9999,3548.83,8.17465,0.581113,0.1
168,Baseline,0,Balanced,0,Low,0,Low,0,21.0136,3549.84,8.17494,0.581862,0.1
169,Baseline,0,Balanced,0,Low,0,Low,0,20.9713,3545.47,8.17371,0.581659,0.1
170,Baseline,0,Balanced,0,Low,0,Low,0,21.0585,3562.22,8.17842,0.58288,0.1
171,Baseline,0,Balanced,0,Low,0,Low,0,21.0428,3555.1,8.17642,0.58154,0.1
172,Baseline,0,Balanced,0,Low,0,Low,0,21.0235,3553.89,8.17608,0.581248,0.1
173,Baseline,0,Balanced,0,Low,0,Low,0,20.9412,3534.99,8.17075,0.581675,0.1
174,Baseline,0,Balanced,0,Low,0,Low,0,21.0418,3558.31,8.17732,0.581916,0.1
175,Baseline,0,Balanced,0,Low,0,Low,0,20.9968,3548.76,8.17463,0.58151,0.1
176,Baseline,0,Balanced,0,Low,0,Low,0,21.0219,3553.29,8.17591,0.581439,0.1
177,Baseline,0,Balanced,0,Low,0,Low,0,21.048,3558.71,8.17743,0.582156,0.1
178,Baseline,0,Balanced,0,Low,0,Low,0,20.9932,3546.56,8.17402,0.581331,0.1
179,Baseline,0,Balanced,0,Low,0,Low,0,21.0117,3550.63,8.17516,0.581725,0.1
180,Baseline,0,Balanced,0,Low,0,Low,0,21.0462,3558.22,8.1773,0.582388,0.1
181,Baseline,0,Balanced,0,Low,0,Low,0,20.9915,3547.15,8.17418,0.582267,0.1
182,Baseline,0,Balanced,0,Low,0,Low,0,21.0643,3561.82,8.17831,0.581995,0.1
183,Baseline,0,Balanced,0,Low,0,Low,0,21.0103,3551.67,8.17546,0.581614,0.1
184,Baseline,0,Balanced,0,Low,0,Low,0,20.9946,3546.71,8.17406,0.581814,0.1
185,Baseline,0,Balanced,0,Low,0,Low,0,20.9653,3544.21,8.17335,0.581377,0.1
186,Baseline,0,Balanced,0,Low,0,Low,0,21.0752,3564.39,8.17903,0.58235,0.1
187,Baseline,0,Balanced,0,Low,0,Low,0,21.0052,3549.16,8.17475,0.581444,0.1
188,Baseline,0,Balanced,0,Low,0,Low,0,20.9975,3547.89,8.17439,0.580835,0.1
189,Baseline,0,Balanced,0,Low,0,Low,0,21.0512,3560.12,8.17783,0.581633,0.1
190,Baseline,0,Balanced,0,Low,0,Low,0,21.03,3553.69,8.17602,0.582153,0.1
191,Baseline,0,Balanced,0,Low,0,Low,0,21.0548,3562.05,8.17837,0.58183,0.1
192,Baseline,0,Balanced,0,Low,0,Low,0,21.0115,3551.01,8.17527,0.581678,0.1
193,Baseline,0,Balanced,0,Low,0,Low,0,21.0364,3552.85,8.17579,0.582285,0.1
194,Baseline,0,Balanced,0,Low,0,Low,0,20.9606,3543.16,8.17305,0.581126,0.1
195,Baseline,0,Balanced,0,Low,0,Low,0,21.0012,3546.82,8.17409,0.582211,0.1
196,Baseline,0,Balanced,0,Low,0,Low,0,20.9874,3546.84,8.17409,0.581609,0.1
197,Baseline,0,Balanced,0,Low,0,Low,0,21.0309,3554.37,8.17622,0.581514,0.1
198,Baseline,0,Balanced,0,Low,0,Low,0,21.0774,3561.56,8.17823,0.581878,0.1
199,Baseline,0,Balanced,0,Low,0,Low,0,21.0203,3554.64,8.17629,0.581841,0.1
200,Baseline,0,Balanced,0,Low,0,Low,0,21.0384,3556.2,8.17673,0.581583,0.1
201,Baseline,0,Balanced,0,Low,0,Low,0,21.0282,3552.62,8.17572,0.581506,0.1
202,Baseline,0,Balanced,0,Low,0,Low,0,21.0603,3561.93,8.17834,0.58172,0.1
203,Baseline,0,Balanced,0,Low,0,Low,0,21.011,3552.98,8.17582,0.582093,0.1
204,Baseline,0,Balanced,0,Low,0,Low,0,21.0123,3550.9,8.17524,0.581805,0.1
205,Baseline,0,Balanced,0,Low,0,Low,0,21.0327,3553.84,8.17607,0.581933,0.1
206,Baseline,0,Balanced,0,Low,0,Low,0,20.9732,3542.98,8.17301,0.581814,0.1
207,Baseline,0,Balanced,0,Low,0,Low,0,20.9843,3547.61,8.17431,0.581564,0.1
208,Baseline,0,Balanced,0,Low,0,Low,0,21.0399,3559.61,8.17769,0.581333,0.1
209,Baseline,0,Balanced,0,Low,0,Low,0,21.1159,3573.38,8.18155,0.581702,0.1
210,Baseline,0,Balanced,0,Low,0,Low,0,21.0036,3549.04,8.17472,0.58193,0.1
211,Baseline,0,Balanced,0,Low,0,Low,0,21.0265,3553.79,8.17605,0.581642,0.1
212,Baseline,0,Balanced,0,Low,0,Low,0,20.9964,3550.14,8.17502,0.582169,0.1
213,Baseline,0,Balanced,0,Low,0,Low,0,21.0962,3568.59,8.18021,0.581923,0.1
214,Baseline,0,Balanced,0,Low,0,Low,0,20.9722,3542.9,8.17298,0.581418,0.1
215,Baseline,0,Balanced,0,Low,0,Low,0,21.1113,3573.54,8.18159,0.581182,0.1
216,Baseline,0,Balanced,0,Low,0,Low,0,20.9975,3545.15,8.17362,0.582111,0.1
217,Baseline,0,Balanced,0,Low,0,Low,0,21.0146,3549.05,8.17472,0.581558,0.1
218,Baseline,0,Balanced,0,Low,0,Low,0,21.0551,3560.85,8.17803,0.581621,0.1
219,Baseline,0,Balanced,0,Low,0,Low,0,21.0566,3557.92,8.17721,0.581435,0.1
220,Baseline,0,Balanced,0,Low,0,Low,0,21.0222,3552.56,8.17571,0.58189,0.1
221,Baseline,0,Balanced,0,Low,0,Low,0,21.0238,3554.14,8.17615,0.582118,0.1
222,Baseline,0,Balanced,0,Low,0,Low,0,21.0005,3546.76,8.17407,0.581546,0.1
223,Baseline,0,Balanced,0,Low,0,Low,0,21.0431,3554.65,8.17629,0.582144,0.1
224,Baseline,0,Balanced,0,Low,0,Low,0,20.9785,3546.48,8.17399,0.5814,0.1
225,Baseline,0,Balanced,0,Low,0,Low,0,21.0108,3552.95,8.17582,0.581463,0.1
226,Baseline,0,Balanced,0,Low,0,Low,0,21.0966,3567.73,8.17997,0.581628,0.1
227,Baseline,0,Balanced,0,Low,0,Low,0,21.0081,3548.29,8.1745,0.582063,0.1
228,Baseline,0,Balanced,0,Low,0,Low,0,21.0118,3552.15,8.17559,0.581713,0.1
229,Baseline,0,Balanced,0,Low,0,Low,0,21.0446,3559.9,8.17777,0.581654,0.1
230,Baseline,0,Balanced,0,Low,0,Low,0,21.0067,3551.45,8.17539,0.58193,0.1
231,Baseline,0,Balanced,0,Low,0,Low,0,21.0171,3549.18,8.17476,0.582132,0.1
232,Baseline,0,Balanced,0,Low,0,Low,0,21.0274,3550.99,8.17526,0.581956,0.1
233,Baseline,0,Balanced,0,Low,0,Low,0,21.04,3557.69,8.17715,0.581542,0.1
234,Baseline,0,Balanced,0,Low,0,Low,0,20.9644,3541.02,8.17245,0.581925,0.1
235,Baseline,0,Balanced,0,Low,0,Low,0,21.1197,3573.12,8.18147,0.581771,0.1
236,Baseline,0,Balanced,0,Low,0,Low,0,20.9946,3548.24,8.17449,0.581344,0.1
237,Baseline,0,Balanced,0,Low,0,Low,0,21.0167,3553.34,8.17592,0.581378,0.1
238,Baseline,0,Balanced,0,Low,0,Low,0,21.0192,3553.86,8.17607,0.581815,0.1
239,Baseline,0,Balanced,0,Low,0,Low,0,21.0824,3566.93,8.17974,0.581546,0.1
240,Baseline,0,Balanced,0,Low,0,Low,0,20.9621,3542.28,8.17281,0.581554,0.1
241,Baseline,0,Balanced,0,Low,0,Low,0,21.0469,3556.66,8.17686,0.581512,0.1
242,Baseline,0,Balanced,0,Low,0,Low,0,21.0159,3553.74,8.17604,0.581649,0.1
243,Baseline,0,Balanced,0,Low,0,Low,0,21.0667,3561.07,8.1781,0.582201,0.1
244,Baseline,0,Balanced,0,Low,0,Low,0,20.9346,3535.24,8.17082,0.581538,0.1
245,Baseline,0,Balanced,0,Low,0,Low,0,21.0579,3560.45,8.17792,0.581864,0.1
246,Baseline,0,Balanced,0,Low,0,Low,0,21.0423,3558.64,8.17742,0.581805,0.1
247,Baseline,0,Balanced,0,Low,0,Low,0,21.0492,3559.53,8.17766,0.581243,0.1
248,Baseline,0,Balanced,0,Low,0,Low,0,21.0583,3561.13,8.17811,0.581924,0.1
249,Baseline,0,Balanced,0,Low,0,Low,0,21.066,3560.92,8.17805,0.581962,0.1
250,Baseline,0,Balanced,0,Low,0,Low,0,21.0507,3557.92,8.17721,0.58185,0.1
251,Baseline,0,Balanced,0,Low,0,Low,0,21.0565,3560.19,8.17785,0.582034,0.1
252,Baseline,0,Balanced,0,Low,0,Low,0,21.1263,3573.86,8.18168,0.582003,0.1
253,Baseline,0,Balanced,0,Low,0,Low,0,20.9769,3544.8,8.17352,0.581964,0.1
254,Baseline,0,Balanced,0,Low,0,Low,0,21.0409,3556.86,8.17691,0.581525,0.1
255,Baseline,0,Balanced,0,Low,0,Low,0,21.1127,3574.21,8.18178,0.581995,0.1
256,Baseline,0,Balanced,0,Low,0,Low,0,21.0401,3557.07,8.17697,0.581299,0.1
257,Baseline,0,Balanced,0,Low,0,Low,0,21.0395,3556.88,8.17692,0.582169,0.1
258,Baseline,0,Balanced,0,Low,0,Low,0,21.0418,3554.13,8.17615,0.581644,0.1
259,Baseline,0,Balanced,0,Low,0,Low,0,21.0077,3550.83,8.17522,0.581642,0.1
260,Baseline,0,Balanced,0,Low,0,Low,0,21.0243,3555.02,8.1764,0.581874,0.1
261,Baseline,0,Balanced,0,Low,0,Low,0,21.0412,3559.47,8.17765,0.581494,0.1
262,Baseline,0,Balanced,0,Low,0,Low,0,21.0154,3552.79,8.17577,0.581686,0.1
263,Baseline,0,Balanced,0,Low,0,Low,0,21.0053,3548.2,8.17448,0.582081,0.1
264,Baseline,0,Balanced,0,Low,0,Low,0,21.018,3549.94,8.17497,0.581802,0.1
265,Baseline,0,Balanced,0,Low,0,Low,0,20.9874,3546.13,8.17389,0.581321,0.1
266,Baseline,0,Balanced,0,Low,0,Low,0,21.0301,3552.56,8.1757,0.581519,0.1
267,Baseline,0,Balanced,0,Low,0,Low,0,21.0109,3550.77,8.1752,0.581377,0.1
268,Baseline,0,Balanced,0,Low,0,Low,0,21.0297,3553.88,8.17608,0.581691,0.1
269,Baseline,0,Balanced,0,Low,0,Low,0,20.9994,3550.6,8.17515,0.58197,0.1
270,Baseline,0,Balanced,0,Low,0,Low,0,21.0191,3550.07,8.175,0.581622,0.1
271,Baseline,0,Balanced,0,Low,0,Low,0,21.0065,3550.11,8.17501,0.581821,0.1
272,Baseline,0,Balanced,0,Low,0,Low,0,20.927,3532.33,8.17,0.581777,0.1
273,Baseline,0,Balanced,0,Low,0,Low,0,21.0882,3565.95,8.17946,0.581668,0.1
274,Baseline,0,Balanced,0,Low,0,Low,0,21.0104,3548.94,8.17469,0.581803,0.1
275,Baseline,0,Balanced,0,Low,0,Low,0,21.0394,3557.65,8.17714,0.58206,0.1
276,Baseline,0,Balanced,0,Low,0,Low,0,21.0573,3559.97,8.17779,0.582152,0.1
277,Baseline,0,Balanced,0,Low,0,Low,0,20.9424,3537.15,8.17136,0.581498,0.1
278,Baseline,0,Balanced,0,Low,0,Low,0,21.11,3570.18,8.18065,0.58187,0.1
279,Baseline,0,Balanced,0,Low,0,Low,0,21.0522,3556.66,8.17686,0.58204,0.1
280,Baseline,0,Balanced,0,Low,0,Low,0,21.0489,3558.89,8.17749,0.581653,0.1
281,Baseline,0,Balanced,0,Low,0,Low,0,20.9557,3544.59,8.17346,0.581422,0.1
282,Baseline,0,Balanced,0,Low,0,Low,0,21.0416,3558.15,8.17728,0.582044,0.1
283,Baseline,0,Balanced,0,Low,0,Low,0,21.0606,3558.63,8.17741,0.582206,0.1
284,Baseline,0,Balanced,0,Low,0,Low,0,21.0129,3549.6,8.17487,0.581641,0.1
285,Baseline,0,Balanced,0,Low,0,Low,0,21.0613,3562.76,8.17857,0.581711,0.1
286,Baseline,0,Balanced,0,Low,0,Low,0,21.0786,3567.48,8.17989,0.581968,0.1
287,Baseline,0,Balanced,0,Low,0,Low,0,21.031,3555.49,8.17653,0.581871,0.1
288,Baseline,0,Balanced,0,Low,0,Low,0,20.9931,3545.1,8.1736,0.581766,0.1
289,Baseline,0,Balanced,0,Low,0,Low,0,21.0149,3553.45,8.17595,0.581694,0.1
290,Baseline,0,Balanced,0,Low,0,Low,0,21.0109,3552.72,8.17575,0.581513,0.1
291,Baseline,0,Balanced,0,Low,0,Low,0,21.0337,3556.05,8.17669,0.581829,0.1
292,Baseline,0,Balanced,0,Low,0,Low,0,21.0188,3553.24,8.1759,0.582187,0.1
293,Baseline,0,Balanced,0,Low,0,Low,0,21.0266,3550.73,8.17519,0.582677,0.1
294,Baseline,0,Balanced,0,Low,0,Low,0,21.0746,3561.79,8.1783,0.581537,0.1
295,Baseline,0,Balanced,0,Low,0,Low,0,21.0513,3559.52,8.17766,0.581823,0.1
296,Baseline,0,Balanced,0,Low,0,Low,0,21.0622,3561.76,8.17829,0.582436,0.1
297,Baseline,0,Balanced,0,Low,0,Low,0,21.0843,3564.37,8.17902,0.581704,0.1
298,Baseline,0,Balanced,0,Low,0,Low,0,21.0205,3551.66,8.17545,0.581718,0.1
299,Baseline,0,Balanced,0,Low,0,Low,0,21.0381,3554.65,8.17629,0.581905,0.1
300,Baseline,0,Balanced,0,Low,0,Low,0,20.9995,3548.42,8.17454,0.581458,0.1
301,Baseline,0,Balanced,0,Low,0,Low,0,21.023,3555.47,8.17652,0.581643,0.1
302,Baseline,0,Balanced,0,Low,0,Low,0,21.0065,3553.38,8.17594,0.581533,0.1
303,Baseline,0,Balanced,0,Low,0,Low,0,21.0621,3563.64,8.17882,0.581682,0.1
304,Baseline,0,Balanced,0,Low,0,Low,0,20.9734,3544.7,8.17349,0.582161,0.1
305,Baseline,0,Balanced,0,Low,0,Low,0,21.0032,3548.29,8.1745,0.581797,0.1
306,Baseline,0,Balanced,0,Low,0,Low,0,20.9999,3548.86,8.17466,0.581632,0.1
307,Baseline,0,Balanced,0,Low,0,Low,0,21.0061,3550.59,8.17515,0.581834,0.1
308,Baseline,0,Balanced,0,Low,0,Low,0,21.0923,3566.82,8.17971,0.58232,0.1
309,Baseline,0,Balanced,0,Low,0,Low,0,21.0241,3551.61,8.17544,0.581739,0.1
310,Baseline,0,Balanced,0,Low,0,Low,0,20.9959,3549.12,8.17474,0.581762,0.1
311,Baseline,0,Balanced,0,Low,0,Low,0,20.9971,3549.94,8.17497,0.582284,0.1
312,Baseline,0,Balanced,0,Low,0,Low,0,20.9493,3539.87,8.17213,0.581345,0.1
313,Baseline,0,Balanced,0,Low,0,Low,0,20.981,3546.29,8.17394,0.581729,0.1
314,Baseline,0,Balanced,0,Low,0,Low,0,21.1169,3570.88,8.18085,0.582013,0.1
315,Baseline,0,Balanced,0,Low,0,Low,0,20.9869,3545.77,8.17379,0.582123,0.1
316,Baseline,0,Balanced,0,Low,0,Low,0,21.0087,3551.94,8.17553,0.581621,0.1
317,Baseline,0,Balanced,0,Low,0,Low,0,21.0369,3553.29,8.17591,0.581996,0.1
318,Baseline,0,Balanced,0,Low,0,Low,0,21.0657,3561.64,8.17826,0.582368,0.1
319,Baseline,0,Balanced,0,Low,0,Low,0,21.0102,3549.33,8.1748,0.58196,0.1
320,Baseline,0,Balanced,0,Low,0,Low,0,21.0126,3552.86,8.17579,0.581595,0.1
321,Baseline,0,Balanced,0,Low,0,Low,0,21.0281,3552.45,8.17567,0.581739,0.1
322,Baseline,0,Balanced,0,Low,0,Low,0,21.0114,3552.05,8.17556,0.581657,0.1
323,Baseline,0,Balanced,0,Low,0,Low,0,21.0796,3566.1,8.17951,0.581291,0.1
324,Baseline,0,Balanced,0,Low,0,Low,0,21.002,3549.37,8.17481,0.581911,0.1
325,Baseline,0,Balanced,0,Low,0,Low,0,21.011,3551.92,8.17553,0.581231,0.1
326,Baseline,0,Balanced,0,Low,0,Low,0,20.9563,3538.23,8.17167,0.581539,0.1
327,Baseline,0,Balanced,0,Low,0,Low,0,20.9787,3543.89,8.17326,0.581974,0.1
328,Baseline,0,Balanced,0,Low,0,Low,0,20.9827,3548.11,8.17445,0.581986,0.1
329,Baseline,0,Balanced,0,Low,0,Low,0,21.0687,3562.06,8.17837,0.581549,0.1
330,Baseline,0,Balanced,0,Low,0,Low,0,21.0286,3557.53,8.1771,0.581962,0.1
331,Baseline,0,Balanced,0,Low,0,Low,0,21.0599,3558.93,8.1775,0.582155,0.1
332,Baseline,0,Balanced,0,Low,0,Low,0,21.0354,3557.49,8.17709,0.581488,0.1
333,Baseline,0,Balanced,0,Low,0,Low,0,21.0319,3554.96,8.17638,0.581639,0.1
334,Baseline,0,Balanced,0,Low,0,Low,0,21.0488,3558.96,8.1775,0.582364,0.1
335,Baseline,0,Balanced,0,Low,0,Low,0,21.0264,3553.96,8.1761,0.581288,0.1
336,Baseline,0,Balanced,0,Low,0,Low,0,20.9811,3546.13,8.17389,0.581772,0.1
337,Baseline,0,Balanced,0,Low,0,Low,0,20.9887,3549.05,8.17472,0.581155,0.1
338,Baseline,0,Balanced,0,Low,0,Low,0,21.016,3552.37,8.17565,0.581813,0.1
339,Baseline,0,Balanced,0,Low,0,Low,0,21.0171,3549.76,8.17492,0.582636,0.1
340,Baseline,0,Balanced,0,Low,0,Low,0,21.0766,3562.22,8.17842,0.582026,0.1
341,Baseline,0,Balanced,0,Low,0,Low,0,21.0429,3558.57,8.17739,0.581925,0.1
342,Baseline,0,Balanced,0,Low,0,Low,0,21.0198,3554.95,8.17638,0.581346,0.1
343,Baseline,0,Balanced,0,Low,0,Low,0,21.0723,3564.16,8.17896,0.58189,0.1
344,Baseline,0,Balanced,0,Low,0,Low,0,21.0263,3554.04,8.17612,0.581994,0.1
345,Baseline,0,Balanced,0,Low,0,Low,0,21.0182,3553.55,8.17598,0.582343,0.1
346,Baseline,0,Balanced,0,Low,0,Low,0,20.9617,3539.22,8.17194,0.58172,0.1
347,Baseline,0,Balanced,0,Low,0,Low,0,21.0648,3561.56,8.17823,0.581798,0.1
348,Baseline,0,Balanced,0,Low,0,Low,0,21.0334,3552.44,8.17567,0.582463,0.1
349,Baseline,0,Balanced,0,Low,0,Low,0,21.0683,3558.59,8.1774,0.581946,0.1
350,Baseline,0,Balanced,0,Low,0,Low,0,21.0596,3561.06,8.17809,0.582122,0.1
351,Baseline,0,Balanced,0,Low,0,Low,0,21.0664,3563.72,8.17884,0.582143,0.1
352,Baseline,0,Balanced,0,Low,0,Low,0,21.0386,3555.44,8.17652,0.58241,0.1
353,Baseline,0,Balanced,0,Low,0,Low,0,21.0029,3549.55,8.17486,0.581898,0.1
354,Baseline,0,Balanced,0,Low,0,Low,0,21.0219,3551.78,8.17548,0.581554,0.1
355,Baseline,0,Balanced,0,Low,0,Low,0,21.0521,3558.42,8.17735,0.581732,0.1
356,Baseline,0,Balanced,0,Low,0,Low,0,20.9948,3549.09,8.17473,0.581644,0.1
357,Baseline,0,Balanced,0,Low,0,Low,0,21.0497,3559.9,8.17777,0.581706,0.1
358,Baseline,0,Balanced,0,Low,0,Low,0,20.9935,3547.03,8.17415,0.581861,0.1
359,Baseline,0,Balanced,0,Low,0,Low,0,21.0393,3557.11,8.17699,0.582356,0.1
360,Baseline,0,Balanced,0,Low,0,Low,0,21.0126,3550.5,8.17513,0.581567,0.1
361,Baseline,0,Balanced,0,Low,0,Low,0,21.0673,3560.73,8.178,0.582153,0.1
362,Baseline,0,Balanced,0,Low,0,Low,0,21.0281,3553.48,8.17596,0.581498,0.1
363,Baseline,0,Balanced,0,Low,0,Low,0,20.9583,3539.62,8.17206,0.581663,0.1
364,Baseline,0,Balanced,0,Low,0,Low,0,21.0252,3553.6,8.176,0.581341,0.1
365,Baseline,0,Balanced,0,Low,0,Low,0,21.0562,3556.91,8.17693,0.581881,0.1
366,Baseline,0,Balanced,0,Low,0,Low,0,21.0209,3553.39,8.17594,0.581505,0.1
367,Baseline,0,Balanced,0,Low,0,Low,0,20.9608,3539.45,8.17201,0.58198,0.1
368,Baseline,0,Balanced,0,Low,0,Low,0,21.0728,3567.78,8.17998,0.58175,0.1
369,Baseline,0,Balanced,0,Low,0,Low,0,20.9521,3538.94,8.17187,0.581946,0.1
370,Baseline,0,Balanced,0,Low,0,Low,0,21.01,3550.37,8.17509,0.581322,0.1
371,Baseline,0,Balanced,0,Low,0,Low,0,21.0396,3555.36,8.17649,0.582049,0.1
372,Baseline,0,Balanced,0,Low,0,Low,0,21.0438,3555.59,8.17656,0.581348,0.1
373,Baseline,0,Balanced,0,Low,0,Low,0,21.0619,3560,8.1778,0.58229,0.1
374,Baseline,0,Balanced,0,Low,0,Low,0,21.0507,3560.55,8.17795,0.581749,0.1
375,Baseline,0,Balanced,0,Low,0,Low,0,20.9977,3546.53,8.17401,0.581856,0.1
376,Baseline,0,Balanced,0,Low,0,Low,0,20.961,3537.95,8.17159,0.58162,0.1
377,Baseline,0,Balanced,0,Low,0,Low,0,21.015,3550.96,8.17525,0.58216,0.1
378,Baseline,0,Balanced,0,Low,0,Low,0,21.05,3558.24,8.1773,0.581797,0.1
379,Baseline,0,Balanced,0,Low,0,Low,0,21.0321,3555.92,8.17665,0.581827,0.1
380,Baseline,0,Balanced,0,Low,0,Low,0,21.0109,3545.14,8.17361,0.582005,0.1
381,Baseline,0,Balanced,0,Low,0,Low,0,21.0446,3558.1,8.17726,0.581958,0.1
382,Baseline,0,Balanced,0,Low,0,Low,0,21.0047,3549.32,8.17479,0.581485,0.1
383,Baseline,0,Balanced,0,Low,0,Low,0,21.0528,3557.8,8.17718,0.581909,0.1
384,Baseline,0,Balanced,0,Low,0,Low,0,21.0331,3558.5,8.17737,0.581003,0.1
385,Baseline,0,Balanced,0,Low,0,Low,0,21.0843,3566.14,8.17952,0.582039,0.1
386,Baseline,0,Balanced,0,Low,0,Low,0,21.0915,3567.02,8.17977,0.582038,0.1
387,Baseline,0,Balanced,0,Low,0,Low,0,21.0375,3556.81,8.1769,0.581444,0.1
388,Baseline,0,Balanced,0,Low,0,Low,0,20.9694,3543.4,8.17312,0.581503,0.1
389,Baseline,0,Balanced,0,Low,0,Low,0,21.0128,3552.5,8.17569,0.58126,0.1
390,Baseline,0,Balanced,0,Low,0,Low,0,20.949,3538.23,8.17166,0.581768,0.1
391,Baseline,0,Balanced,0,Low,0,Low,0,20.9601,3539.36,8.17198,0.581448,0.1
392,Baseline,0,Balanced,0,Low,0,Low,0,21.0072,3549.83,8.17494,0.581523,0.1
393,Baseline,0,Balanced,0,Low,0,Low,0,21.0242,3551.16,8.17531,0.581967,0.1
394,Baseline,0,Balanced,0,Low,0,Low,0,21.0398,3557.96,8.17722,0.581964,0.1
395,Baseline,0,Balanced,0,Low,0,Low,0,21.0633,3561.79,8.1783,0.581789,0.1
396,Baseline,0,Balanced,0,Low,0,Low,0,21.038,3556.86,8.17692,0.581714,0.1
397,Baseline,0,Balanced,0,Low,0,Low,0,20.9743,3543.24,8.17308,0.582317,0.1
398,Baseline,0,Balanced,0,Low,0,Low,0,21.0291,3555.4,8.1765,0.582072,0.1
399,Baseline,0,Balanced,0,Low,0,Low,0,21.0305,3556.27,8.17675,0.58182,0.1
400,Baseline,0,Balanced,0,Low,0,Low,0,21.0542,3559.05,8.17753,0.582137,0.1
401,Baseline,0,Balanced,0,Low,0,Low,0,21.0514,3558.34,8.17733,0.581526,0.1
402,Baseline,0,Balanced,0,Low,0,Low,0,20.9986,3548.42,8.17454,0.581533,0.1
403,Baseline,0,Balanced,0,Low,0,Low,0,20.9713,3541.69,8.17264,0.581593,0.1
404,Baseline,0,Balanced,0,Low,0,Low,0,21.0764,3562.95,8.17863,0.581998,0.1
405,Baseline,0,Balanced,0,Low,0,Low,0,20.9946,3545.85,8.17381,0.581889,0.1
406,Baseline,0,Balanced,0,Low,0,Low,0,21.0508,3560.1,8.17782,0.581358,0.1
407,Baseline,0,Balanced,0,Low,0,Low,0,21.0218,3552.97,8.17582,0.581501,0.1
408,Baseline,0,Balanced,0,Low,0,Low,0,21.0623,3561.41,8.17819,0.581807,0.1
409,Baseline,0,Balanced,0,Low,0,Low,0,21.081,3566.14,8.17952,0.581685,0.1
410,Baseline,0,Balanced,0,Low,0,Low,0,20.9756,3544,8.17329,0.581688,0.1
411,Baseline,0,Balanced,0,Low,0,Low,0,21.0832,3563.23,8.1787,0.582104,0.1
412,Baseline,0,Balanced,0,Low,0,Low,0,20.991,3548.93,8.17468,0.581775,0.1
413,Baseline,0,Balanced,0,Low,0,Low,0,20.9653,3542.67,8.17292,0.581852,0.1
414,Baseline,0,Balanced,0,Low,0,Low,0,21.0107,3549.06,8.17472,0.581851,0.1
415,Baseline,0,Balanced,0,Low,0,Low,0,21.0292,3556.86,8.17691,0.581366,0.1
416,Baseline,0,Balanced,0,Low,0,Low,0,21.0139,3549.14,8.17474,0.582065,0.1
417,Baseline,0,Balanced,0,Low,0,Low,0,21.0281,3554.74,8.17632,0.58126,0.1
418,Baseline,0,Balanced,0,Low,0,Low,0,21.0276,3552.17,8.17559,0.581793,0.1
419,Baseline,0,Balanced,0,Low,0,Low,0,21.0956,3569.06,8.18034,0.581916,0.1
420,Baseline,0,Balanced,0,Low,0,Low,0,21.0283,3553.89,8.17608,0.581933,0.1
421,Baseline,0,Balanced,0,Low,0,Low,0,21.0174,3551.8,8.17549,0.581855,0.1
422,Baseline,0,Balanced,0,Low,0,Low,0,20.9956,3548.6,8.17459,0.581807,0.1
423,Baseline,0,Balanced,0,Low,0,Low,0,21.0503,3558.43,8.17736,0.581816,0.1
424,Baseline,0,Balanced,0,Low,0,Low,0,21.0532,3559.77,8.17773,0.581451,0.1
425,Baseline,0,Balanced,0,Low,0,Low,0,21.0394,3554.7,8.17631,0.581689,0.1
426,Baseline,0,Balanced,0,Low,0,Low,0,21.0775,3565.27,8.17928,0.582237,0.1
427,Baseline,0,Balanced,0,Low,0,Low,0,21.0609,3558.32,8.17733,0.58217,0.1
428,Baseline,0,Balanced,0,Low,0,Low,0,21.0589,3560.98,8.17807,0.582196,0.1
429,Baseline,0,Balanced,0,Low,0,Low,0,21.0597,3560.84,8.17803,0.582036,0.1
430,Baseline,0,Balanced,0,Low,0,Low,0,21.1125,3571.25,8.18095,0.581857,0.1
431,Baseline,0,Balanced,0,Low,0,Low,0,21.0447,3557.13,8.17699,0.581698,0.1
432,Baseline,0,Balanced,0,Low,0,Low,0,21.0598,3560.43,8.17792,0.581617,0.1
433,Baseline,0,Balanced,0,Low,0,Low,0,21.0299,3553.47,8.17596,0.581822,0.1
434,Baseline,0,Balanced,0,Low,0,Low,0,21.0776,3567.54,8.17991,0.581592,0.1
435,Baseline,0,Balanced,0,Low,0,Low,0,21.0777,3562.69,8.17855,0.582267,0.1
436,Baseline,0,Balanced,0,Low,0,Low,0,21.0265,3556.5,8.17681,0.58163,0.1
437,Baseline,0,Balanced,0,Low,0,Low,0,21.0462,3555.55,8.17655,0.581507,0.1
438,Baseline,0,Balanced,0,Low,0,Low,0,21.0261,3552.6,8.17572,0.581856,0.1
439,Baseline,0,Balanced,0,Low,0,Low,0,21.0226,3555.48,8.17653,0.581497,0.1
440,Baseline,0,Balanced,0,Low,0,Low,0,21.0182,3553.89,8.17608,0.5817,0.1
441,Baseline,0,Balanced,0,Low,0,Low,0,20.9678,3540.09,8.17219,0.581504,0.1
442,Baseline,0,Balanced,0,Low,0,Low,0,21.0205,3552.62,8.17572,0.581673,0.1
443,Baseline,0,Balanced,0,Low,0,Low,0,20.961,3542.22,8.17279,0.581128,0.1
444,Baseline,0,Balanced,0,Low,0,Low,0,20.9865,3548.46,8.17455,0.581375,0.1
445,Baseline,0,Balanced,0,Low,0,Low,0,21.067,3560,8.1778,0.582352,0.1
446,Baseline,0,Balanced,0,Low,0,Low,0,20.9794,3542.49,8.17287,0.581444,0.1
447,Baseline,0,Balanced,0,Low,0,Low,0,20.9924,3546.99,8.17414,0.581913,0.1
448,Baseline,0,Balanced,0,Low,0,Low,0,21.0495,3560.61,8.17797,0.581695,0.1
449,Baseline,0,Balanced,0,Low,0,Low,0,20.9987,3549.24,8.17477,0.581221,0.1
450,Baseline,0,Balanced,0,Low,0,Low,0,20.9322,3535.33,8.17085,0.581054,0.1
451,Baseline,0,Balanced,0,Low,0,Low,0,21.0166,3551.51,8.17541,0.581465,0.1
452,Baseline,0,Balanced,0,Low,0,Low,0,21.0181,3552.23,8.17561,0.58159,0.1
453,Baseline,0,Balanced,0,Low,0,Low,0,21.0487,3556.92,8.17693,0.581754,0.1
454,Baseline,0,Balanced,0,Low,0,Low,0,20.9935,3548.46,8.17455,0.581814,0.1
455,Baseline,0,Balanced,0,Low,0,Low,0,21.0874,3567.23,8.17983,0.58192,0.1
456,Baseline,0,Balanced,0,Low,0,Low,0,21.0187,3549.74,8.17491,0.581837,0.1
457,Baseline,0,Balanced,0,Low,0,Low,0,21.0651,3560.86,8.17804,0.581672,0.1
458,Baseline,0,Balanced,0,Low,0,Low,0,20.9996,3547.48,8.17428,0.582352,0.1
459,Baseline,0,Balanced,0,Low,0,Low,0,20.9863,3546.45,8.17398,0.581302,0.1
460,Baseline,0,Balanced,0,Low,0,Low,0,20.9715,3545.2,8.17363,0.581376,0.1
461,Baseline,0,Balanced,0,Low,0,Low,0,21.0507,3558.35,8.17733,0.58216,0.1
462,Baseline,0,Balanced,0,Low,0,Low,0,21.0179,3551.85,8.17551,0.582031,0.1
463,Baseline,0,Balanced,0,Low,0,Low,0,21.0377,3556.37,8.17678,0.581855,0.1
464,Baseline,0,Balanced,0,Low,0,Low,0,21.0689,3562.31,8.17844,0.581765,0.1
465,Baseline,0,Balanced,0,Low,0,Low,0,21.0299,3555.47,8.17653,0.581869,0.1
466,Baseline,0,Balanced,0,Low,0,Low,0,21.0561,3559.55,8.17767,0.582119,0.1
467,Baseline,0,Balanced,0,Low,0,Low,0,21.03,3554.8,8.17633,0.581489,0.1
468,Baseline,0,Balanced,0,Low,0,Low,0,21.0327,3553.44,8.17595,0.581522,0.1
469,Baseline,0,Balanced,0,Low,0,Low,0,21.0699,3562.5,8.1785,0.582089,0.1
470,Baseline,0,Balanced,0,Low,0,Low,0,21.0743,3562.26,8.17843,0.582396,0.1
471,Baseline,0,Balanced,0,Low,0,Low,0,21.0055,3549.77,8.17492,0.582054,0.1
472,Baseline,0,Balanced,0,Low,0,Low,0,21.0617,3558.83,8.17747,0.58215,0.1
473,Baseline,0,Balanced,0,Low,0,Low,0,21.0066,3550.71,8.17519,0.581776,0.1
474,Baseline,0,Balanced,0,Low,0,Low,0,21.0498,3556.21,8.17673,0.581618,0.1
475,Baseline,0,Balanced,0,Low,0,Low,0,21.0253,3553.39,8.17594,0.581328,0.1
476,Baseline,0,Balanced,0,Low,0,Low,0,21.0152,3547.04,8.17415,0.582145,0.1
477,Baseline,0,Balanced,0,Low,0,Low,0,21.0714,3564.15,8.17896,0.582151,0.1
478,Baseline,0,Balanced,0,Low,0,Low,0,21.0159,3552.74,8.17575,0.581604,0.1
479,Baseline,0,Balanced,0,Low,0,Low,0,21.0599,3562.72,8.17856,0.581292,0.1
480,Baseline,0,Balanced,0,Low,0,Low,0,21.039,3556.77,8.17689,0.581224,0.1
481,Baseline,0,Balanced,0,Low,0,Low,0,21.0266,3555.02,8.1764,0.5817,0.1
482,Baseline,0,Balanced,0,Low,0,Low,0,21.0174,3551.98,8.17554,0.58191,0.1
483,Baseline,0,Balanced,0,Low,0,Low,0,21.0362,3554.39,8.17622,0.581881,0.1
484,Baseline,0,Balanced,0,Low,0,Low,0,21.0637,3564.1,8.17895,0.582096,0.1
485,Baseline,0,Balanced,0,Low,0,Low,0,20.99,3547.63,8.17432,0.58126,0.1
486,Baseline,0,Balanced,0,Low,0,Low,0,21.0054,3551.56,8.17542,0.581671,0.1
487,Baseline,0,Balanced,0,Low,0,Low,0,21.0285,3553.86,8.17607,0.581928,0.1
488,Baseline,0,Balanced,0,Low,0,Low,0,21.039,3556.12,8.17671,0.58177,0.1
489,Baseline,0,Balanced,0,Low,0,Low,0,21.0472,3556.87,8.17692,0.582321,0.1
490,Baseline,0,Balanced,0,Low,0,Low,0,21.0713,3561.41,8.17819,0.58183,0.1
491,Baseline,0,Balanced,0,Low,0,Low,0,21.0527,3559.04,8.17753,0.581759,0.1
492,Baseline,0,Balanced,0,Low,0,Low,0,21.0334,3555.94,8.17666,0.582104,0.1
493,Baseline,0,Balanced,0,Low,0,Low,0,21.0334,3554.97,8.17638,0.581461,0.1
494,Baseline,0,Balanced,0,Low,0,Low,0,21.0678,3562.17,8.1784,0.581608,0.1
495,Baseline,0,Balanced,0,Low,0,Low,0,21.0301,3554.13,8.17615,0.581603,0.1
496,Baseline,0,Balanced,0,Low,0,Low,0,20.9794,3544.95,8.17356,0.58185,0.1
497,Baseline,0,Balanced,0,Low,0,Low,0,21.0278,3552.07,8.17557,0.58204,0.1
498,Baseline,0,Balanced,0,Low,0,Low,0,21.0845,3562.46,8.17849,0.582023,0.1
499,Baseline,0,Balanced,0,Low,0,Low,0,21.0743,3562.07,8.17838,0.581733,0.1
500,Baseline,0,Balanced,0,Low,0,Low,0,21.0364,3554.6,8.17628,0.582076,0.1
501,Baseline,0,Balanced,0,Low,0,Low,0,21.0653,3560.79,8.17802,0.581328,0.1
502,Baseline,0,Balanced,0,Low,0,Low,0,20.9872,3547.07,8.17416,0.581729,0.1
503,Baseline,0,Balanced,0,Low,0,Low,0,21.036,3555.34,8.17649,0.582304,0.1
504,Baseline,0,Balanced,0,Low,0,Low,0,21.0259,3554.34,8.17621,0.581378,0.1
505,Baseline,0,Balanced,0,Low,0,Low,0,21.0339,3553.95,8.1761,0.582006,0.1
506,Baseline,0,Balanced,0,Low,0,Low,0,21.0059,3548.39,8.17453,0.58177,0.1
507,Baseline,0,Balanced,0,Low,0,Low,0,21.0925,3568.06,8.18006,0.58224,0.1
508,Baseline,0,Balanced,0,Low,0,Low,0,21.0676,3562.41,8.17847,0.58158,0.1
509,Baseline,0,Balanced,0,Low,0,Low,0,20.9836,3545.53,8.17373,0.581753,0.1
510,Baseline,0,Balanced,0,Low,0,Low,0,20.991,3549.39,8.17481,0.58111,0.1
511,Baseline,0,Balanced,0,Low,0,Low,0,21.0265,3554.81,8.17634,0.581784,0.1
512,Baseline,0,Balanced,0,Low,0,Low,0,20.9699,3542.41,8.17284,0.581062,0.1
513,Baseline,0,Balanced,0,Low,0,Low,0,21.0484,3560.39,8.17791,0.581516,0.1
514,Baseline,0,Balanced,0,Low,0,Low,0,21.032,3554.16,8.17616,0.581924,0.1
515,Baseline,0,Balanced,0,Low,0,Low,0,21.0352,3555.32,8.17648,0.581556,0.1
516,Baseline,0,Balanced,0,Low,0,Low,0,21.0079,3550.42,8.1751,0.581897,0.1
517,Baseline,0,Balanced,0,Low,0,Low,0,20.986,3549.42,8.17482,0.581811,0.1
518,Baseline,0,Balanced,0,Low,0,Low,0,21.0557,3558.58,8.1774,0.581961,0.1
519,Baseline,0,Balanced,0,Low,0,Low,0,21.0334,3557.3,8.17704,0.582025,0.1
520,Baseline,0,Balanced,0,Low,0,Low,0,21.0485,3557.78,8.17717,0.581962,0.1
521,Baseline,0,Balanced,0,Low,0,Low,0,20.9779,3547.49,8.17428,0.581432,0.1
522,Baseline,0,Balanced,0,Low,0,Low,0,20.9899,3550.16,8.17503,0.580897,0.1
523,Baseline,0,Balanced,0,Low,0,Low,0,21.0249,3554.77,8.17633,0.581463,0.1
524,Baseline,0,Balanced,0,Low,0,Low,0,21.0307,3554.01,8.17611,0.581582,0.1
525,Baseline,0,Balanced,0,Low,0,Low,0,21.0084,3547.3,8.17422,0.581519,0.1
526,Baseline,0,Balanced,0,Low,0,Low,0,21.0196,3552.43,8.17567,0.58141,0.1
527,Baseline,0,Balanced,0,Low,0,Low,0,20.9892,3547.64,8.17432,0.581412,0.1
528,Baseline,0,Balanced,0,Low,0,Low,0,20.9744,3547.54,8.17429,0.581573,0.1
529,Baseline,0,Balanced,0,Low,0,Low,0,20.9744,3543.12,8.17305,0.58194,0.1
530,Baseline,0,Balanced,0,Low,0,Low,0,21.012,3553.91,8.17608,0.581286,0.1
531,Baseline,0,Balanced,0,Low,0,Low,0,21.0373,3556.27,8.17675,0.582027,0.1
532,Baseline,0,Balanced,0,Low,0,Low,0,21.0524,3558.52,8.17738,0.58242,0.1
533,Baseline,0,Balanced,0,Low,0,Low,0,21.0161,3552.89,8.1758,0.581843,0.1
534,Baseline,0,Balanced,0,Low,0,Low,0,21.0204,3551.02,8.17527,0.581646,0.1
535,Baseline,0,Balanced,0,Low,0,Low,0,21.0609,3557.92,8.17721,0.582042,0.1
536,Baseline,0,Balanced,0,Low,0,Low,0,20.9923,3546.78,8.17408,0.581716,0.1
537,Baseline,0,Balanced,0,Low,0,Low,0,21.0398,3557.88,8.1772,0.581624,0.1
538,Baseline,0,Balanced,0,Low,0,Low,0,21.0484,3558.01,8.17724,0.58121,0.1
539,Baseline,0,Balanced,0,Low,0,Low,0,21.0577,3561.52,8.17822,0.581359,0.1
540,Baseline,0,Balanced,0,Low,0,Low,0,21.0053,3547.27,8.17422,0.581749,0.1
541,Baseline,0,Balanced,0,Low,0,Low,0,20.9799,3545.69,8.17377,0.581622,0.1
542,Baseline,0,Balanced,0,Low,0,Low,0,21.0377,3558.86,8.17748,0.581749,0.1
543,Baseline,0,Balanced,0,Low,0,Low,0,21.0159,3551.48,8.1754,0.58146,0.1
544,Baseline,0,Balanced,0,Low,0,Low,0,20.9977,3549.15,8.17475,0.581406,0.1
545,Baseline,0,Balanced,0,Low,0,Low,0,20.9748,3544.69,8.17349,0.581459,0.1
546,Baseline,0,Balanced,0,Low,0,Low,0,21.0408,3555.94,8.17665,0.581052,0.1
547,Baseline,0,Balanced,0,Low,0,Low,0,21.0478,3557.81,8.17718,0.581765,0.1
548,Baseline,0,Balanced,0,Low,0,Low,0,21.0009,3552.63,8.17572,0.581739,0.1
549,Baseline,0,Balanced,0,Low,0,Low,0,20.9956,3550.02,8.17499,0.581435,0.1
550,Baseline,0,Balanced,0,Low,0,Low,0,21.0217,3554.77,8.17633,0.582213,0.1
551,Baseline,0,Balanced,0,Low,0,Low,0,21.0292,3555.5,8.17653,0.581753,0.1
552,Baseline,0,Balanced,0,Low,0,Low,0,21.0046,3549.82,8.17493,0.582213,0.1
553,Baseline,0,Balanced,0,Low,0,Low,0,20.976,3545.06,8.17359,0.581834,0.1
554,Baseline,0,Balanced,0,Low,0,Low,0,21.078,3562.62,8.17853,0.58229,0.1
555,Baseline,0,Balanced,0,Low,0,Low,0,21.0276,3555.9,8.17664,0.581506,0.1
556,Baseline,0,Balanced,0,Low,0,Low,0,21.0602,3563.51,8.17878,0.581394,0.1
557,Baseline,0,Balanced,0,Low,0,Low,0,21.0309,3556.66,8.17686,0.581779,0.1
558,Baseline,0,Balanced,0,Low,0,Low,0,21.0219,3552.61,8.17572,0.581885,0.1
559,Baseline,0,Balanced,0,Low,0,Low,0,20.9614,3543.73,8.17322,0.581544,0.1
560,Baseline,0,Balanced,0,Low,0,Low,0,20.9767,3542.15,8.17277,0.581599,0.1
561,Baseline,0,Balanced,0,Low,0,Low,0,21.0646,3560.16,8.17784,0.581855,0.1
562,Baseline,0,Balanced,0,Low,0,Low,0,21.0376,3557.86,8.1772,0.581716,0.1
563,Baseline,0,Balanced,0,Low,0,Low,0,21.0523,3558.57,8.1774,0.581944,0.1
564,Baseline,0,Balanced,0,Low,0,Low,0,20.9757,3544.34,8.17339,0.581737,0.1
565,Baseline,0,Balanced,0,Low,0,Low,0,21.0344,3554.03,8.17612,0.582003,0.1
566,Baseline,0,Balanced,0,Low,0,Low,0,21.0658,3562.61,8.17853,0.582211,0.1
567,Baseline,0,Balanced,0,Low,0,Low,0,21.0737,3564.99,8.1792,0.582133,0.1
568,Baseline,0,Balanced,0,Low,0,Low,0,20.9911,3544.86,8.17354,0.581776,0.1
569,Baseline,0,Balanced,0,Low,0,Low,0,21.019,3552.66,8.17573,0.581775,0.1
570,Baseline,0,Balanced,0,Low,0,Low,0,20.9926,3546.76,8.17407,0.581554,0.1
571,Baseline,0,Balanced,0,Low,0,Low,0,21.0794,3566.03,8.17949,0.581986,0.1
572,Baseline,0,Balanced,0,Low,0,Low,0,21.0162,3552.57,8.17571,0.581952,0.1
573,Baseline,0,Balanced,0,Low,0,Low,0,21.0838,3565.87,8.17944,0.581054,0.1
574,Baseline,0,Balanced,0,Low,0,Low,0,21.02,3553.33,8.17592,0.581728,0.1
575,Baseline,0,Balanced,0,Low,0,Low,0,20.9673,3541.84,8.17268,0.581962,0.1
576,Baseline,0,Balanced,0,Low,0,Low,0,21.0693,3559.53,8.17766,0.582084,0.1
577,Baseline,0,Balanced,0,Low,0,Low,0,21.0493,3555.63,8.17657,0.581807,0.1
578,Baseline,0,Balanced,0,Low,0,Low,0,21.0156,3553.36,8.17593,0.581698,0.1
579,Baseline,0,Balanced,0,Low,0,Low,0,21.0403,3557.45,8.17708,0.581653,0.1
580,Baseline,0,Balanced,0,Low,0,Low,0,21.0198,3550.38,8.17509,0.58193,0.1
581,Baseline,0,Balanced,0,Low,0,Low,0,21.0116,3550.04,8.175,0.581546,0.1
582,Baseline,0,Balanced,0,Low,0,Low,0,21.037,3558.27,8.17731,0.58175,0.1
583,Baseline,0,Balanced,0,Low,0,Low,0,20.9821,3543.45,8.17314,0.581521,0.1
584,Baseline,0,Balanced,0,Low,0,Low,0,21.0205,3551.33,8.17536,0.582264,0.1
585,Baseline,0,Balanced,0,Low,0,Low,0,21.0104,3551.54,8.17542,0.581666,0.1
586,Baseline,0,Balanced,0,Low,0,Low,0,20.9506,3535.63,8.17093,0.58167,0.1
587,Baseline,0,Balanced,0,Low,0,Low,0,21.0428,3559.61,8.17769,0.582099,0.1
588,Baseline,0,Balanced,0,Low,0,Low,0,21.0728,3559.05,8.17753,0.581996,0.1
589,Baseline,0,Balanced,0,Low,0,Low,0,21.0344,3556.52,8.17682,0.58142,0.1
590,Baseline,0,Balanced,0,Low,0,Low,0,21.1059,3568.63,8.18022,0.582296,0.1
591,Baseline,0,Balanced,0,Low,0,Low,0,20.9947,3548.01,8.17443,0.581842,0.1
592,Baseline,0,Balanced,0,Low,0,Low,0,21.0517,3557.1,8.17698,0.582069,0.1
593,Baseline,0,Balanced,0,Low,0,Low,0,21.0496,3560.61,8.17797,0.581707,0.1
594,Baseline,0,Balanced,0,Low,0,Low,0,20.9804,3544.24,8.17336,0.581418,0.1
595,Baseline,0,Balanced,0,Low,0,Low,0,21.0654,3559.84,8.17775,0.582099,0.1
596,Baseline,0,Balanced,0,Low,0,Low,0,20.9426,3536.29,8.17111,0.581994,0.1
597,Baseline,0,Balanced,0,Low,0,Low,0,21.0646,3561.02,8.17808,0.581485,0.1
598,Baseline,0,Balanced,0,Low,0,Low,0,21.0549,3560.65,8.17798,0.581833,0.1
599,Baseline,0,Balanced,0,Low,0,Low,0,20.9916,3546.58,8.17402,0.581491,0.1
600,Baseline,0,Balanced,0,Low,0,Low,0,21.0634,3562.61,8.17853,0.582091,0.1
601,Baseline,0,Balanced,0,Low,0,Low,0,20.9788,3545.76,8.17379,0.581548,0.1
602,Baseline,0,Balanced,0,Low,0,Low,0,21.0253,3555.29,8.17647,0.581654,0.1
603,Baseline,0,Balanced,0,Low,0,Low,0,21.0449,3557.4,8.17707,0.581673,0.1
604,Baseline,0,Balanced,0,Low,0,Low,0,21.0821,3562.14,8.1784,0.582112,0.1
605,Baseline,0,Balanced,0,Low,0,Low,0,21.0077,3552.27,8.17562,0.581134,0.1
606,Baseline,0,Balanced,0,Low,0,Low,0,21.0253,3554.45,8.17624,0.58146,0.1
607,Baseline,0,Balanced,0,Low,0,Low,0,21.0697,3561.02,8.17808,0.581389,0.1
608,Baseline,0,Balanced,0,Low,0,Low,0,21.03,3555.8,8.17662,0.581551,0.1
609,Baseline,0,Balanced,0,Low,0,Low,0,21.064,3564.92,8.17918,0.581394,0.1
610,Baseline,0,Balanced,0,Low,0,Low,0,20.9799,3547.22,8.1742,0.581584,0.1
611,Baseline,0,Balanced,0,Low,0,Low,0,21.0348,3556.74,8.17688,0.582005,0.1
612,Baseline,0,Balanced,0,Low,0,Low,0,21.0249,3553.89,8.17608,0.582166,0.1
613,Baseline,0,Balanced,0,Low,0,Low,0,21.0259,3552.75,8.17576,0.582035,0.1
614,Baseline,0,Balanced,0,Low,0,Low,0,21.051,3557.79,8.17718,0.581422,0.1
615,Baseline,0,Balanced,0,Low,0,Low,0,21.0552,3560.92,8.17806,0.581649,0.1
616,Baseline,0,Balanced,0,Low,0,Low,0,21.006,3551.28,8.17535,0.581522,0.1
617,Baseline,0,Balanced,0,Low,0,Low,0,21.1022,3569.93,8.18058,0.581932,0.1
618,Baseline,0,Balanced,0,Low,0,Low,0,21.0286,3554.83,8.17634,0.581578,0.1
619,Baseline,0,Balanced,0,Low,0,Low,0,20.9648,3543.47,8.17315,0.580889,0.1
620,Baseline,0,Balanced,0,Low,0,Low,0,20.9927,3546.66,8.17404,0.581287,0.1
621,Baseline,0,Balanced,0,Low,0,Low,0,20.9558,3540.63,8.17234,0.581626,0.1
622,Baseline,0,Balanced,0,Low,0,Low,0,21.0526,3558.87,8.17748,0.581959,0.1
623,Baseline,0,Balanced,0,Low,0,Low,0,21.0539,3560.8,8.17802,0.581718,0.1
624,Baseline,0,Balanced,0,Low,0,Low,0,21.0288,3554.46,8.17624,0.581753,0.1
625,Baseline,0,Balanced,0,Low,0,Low,0,21.0589,3560.59,8.17796,0.581904,0.1
626,Baseline,0,Balanced,0,Low,0,Low,0,21.0082,3549.02,8.17471,0.581837,0.1
627,Baseline,0,Balanced,0,Low,0,Low,0,21.0012,3548.15,8.17446,0.581784,0.1
628,Baseline,0,Balanced,0,Low,0,Low,0,21.0337,3554.6,8.17628,0.582156,0.1
629,Baseline,0,Balanced,0,Low,0,Low,0,21.0255,3552.21,8.17561,0.58249,0.1
630,Baseline,0,Balanced,0,Low,0,Low,0,21.0233,3553.57,8.17599,0.581437,0.1
631,Baseline,0,Balanced,0,Low,0,Low,0,21.0637,3559.27,8.17759,0.582313,0.1
632,Baseline,0,Balanced,0,Low,0,Low,0,21.0452,3554.7,8.17631,0.581923,0.1
633,Baseline,0,Balanced,0,Low,0,Low,0,20.9914,3546.42,8.17398,0.581168,0.1
634,Baseline,0,Balanced,0,Low,0,Low,0,21.0811,3565.07,8.17922,0.581669,0.1
635,Baseline,0,Balanced,0,Low,0,Low,0,21.036,3552.59,8.17571,0.582514,0.1
636,Baseline,0,Balanced,0,Low,0,Low,0,20.983,3546.86,8.1741,0.582224,0.1
637,Baseline,0,Balanced,0,Low,0,Low,0,21.037,3555.07,8.17641,0.581771,0.1
638,Baseline,0,Balanced,0,Low,0,Low,0,21.0697,3563.26,8.17871,0.581694,0.1
639,Baseline,0,Balanced,0,Low,0,Low,0,21.0223,3554.86,8.17635,0.581699,0.1
640,Baseline,0,Balanced,0,Low,0,Low,0,21.0295,3552.15,8.17559,0.582003,0.1
641,Baseline,0,Balanced,0,Low,0,Low,0,20.9854,3547.32,8.17423,0.5814,0.1
642,Baseline,0,Balanced,0,Low,0,Low,0,21.0421,3558.49,8.17737,0.581752,0.1
643,Baseline,0,Balanced,0,Low,0,Low,0,21.0933,3569.16,8.18037,0.581613,0.1
644,Baseline,0,Balanced,0,Low,0,Low,0,21.0394,3559.32,8.17761,0.581245,0.1
645,Baseline,0,Balanced,0,Low,0,Low,0,21.0248,3555.25,8.17646,0.581412,0.1
646,Baseline,0,Balanced,0,Low,0,Low,0,21.0485,3558.73,8.17744,0.581643,0.1
647,Baseline,0,Balanced,0,Low,0,Low,0,21.0016,3547.54,8.17429,0.581353,0.1
648,Baseline,0,Balanced,0,Low,0,Low,0,21.0781,3565.07,8.17922,0.581732,0.1
649,Baseline,0,Balanced,0,Low,0,Low,0,21.032,3553.6,8.176,0.582127,0.1
650,Baseline,0,Balanced,0,Low,0,Low,0,21.0713,3564.38,8.17903,0.581904,0.1
651,Baseline,0,Balanced,0,Low,0,Low,0,20.995,3547.66,8.17432,0.581756,0.1
652,Baseline,0,Balanced,0,Low,0,Low,0,21.0356,3556.52,8.17682,0.58099,0.1
653,Baseline,0,Balanced,0,Low,0,Low,0,21.0402,3554.92,8.17637,0.581756,0.1
654,Baseline,0,Balanced,0,Low,0,Low,0,21.0091,3551.06,8.17528,0.581716,0.1
655,Baseline,0,Balanced,0,Low,0,Low,0,21.0179,3552.74,8.17575,0.581319,0.1
656,Baseline,0,Balanced,0,Low,0,Low,0,21.0125,3554.03,8.17612,0.581438,0.1
657,Baseline,0,Balanced,0,Low,0,Low,0,21.0452,3559.23,8.17758,0.581532,0.1
658,Baseline,0,Balanced,0,Low,0,Low,0,20.983,3546.75,8.17407,0.581626,0.1
659,Baseline,0,Balanced,0,Low,0,Low,0,21.0068,3551.41,8.17538,0.581778,0.1
660,Baseline,0,Balanced,0,Low,0,Low,0,21.0869,3565.77,8.17941,0.58209,0.1
661,Baseline,0,Balanced,0,Low,0,Low,0,21.0208,3553.19,8.17588,0.581318,0.1
662,Baseline,0,Balanced,0,Low,0,Low,0,21.0461,3555.93,8.17665,0.582085,0.1
663,Baseline,0,Balanced,0,Low,0,Low,0,21.0295,3555.87,8.17664,0.58193,0.1
664,Baseline,0,Balanced,0,Low,0,Low,0,20.9833,3546.7,8.17406,0.581525,0.1
665,Baseline,0,Balanced,0,Low,0,Low,0,21.1142,3569.41,8.18044,0.581957,0.1
666,Baseline,0,Balanced,0,Low,0,Low,0,21.0255,3556.68,8.17686,0.581878,0.1
667,Baseline,0,Balanced,0,Low,0,Low,0,21.0741,3562.31,8.17845,0.582044,0.1
668,Baseline,0,Balanced,0,Low,0,Low,0,21.0769,3565.94,8.17946,0.581702,0.1
669,Baseline,0,Balanced,0,Low,0,Low,0,20.9974,3550.13,8.17502,0.581839,0.1
670,Baseline,0,Balanced,0,Low,0,Low,0,21.0661,3561.1,8.1781,0.581701,0.1
671,Baseline,0,Balanced,0,Low,0,Low,0,21.1192,3574.11,8.18175,0.581951,0.1
672,Baseline,0,Balanced,0,Low,0,Low,0,21.0397,3559.02,8.17752,0.581883,0.1
673,Baseline,0,Balanced,0,Low,0,Low,0,21.0426,3556.26,8.17675,0.581797,0.1
674,Baseline,0,Balanced,0,Low,0,Low,0,21.0411,3558.04,8.17725,0.582299,0.1
675,Baseline,0,Balanced,0,Low,0,Low,0,21.0511,3557.61,8.17712,0.581942,0.1
676,Baseline,0,Balanced,0,Low,0,Low,0,21.0099,3551.05,8.17528,0.581385,0.1
677,Baseline,0,Balanced,0,Low,0,Low,0,21.0399,3557.75,8.17717,0.581824,0.1
678,Baseline,0,Balanced,0,Low,0,Low,0,21.002,3551.54,8.17542,0.581729,0.1
679,Baseline,0,Balanced,0,Low,0,Low,0,21.0127,3552.3,8.17563,0.582295,0.1
680,Baseline,0,Balanced,0,Low,0,Low,0,21.0417,3555.96,8.17666,0.581662,0.1
681,Baseline,0,Balanced,0,Low,0,Low,0,20.9944,3548.33,8.17451,0.581166,0.1
682,Baseline,0,Balanced,0,Low,0,Low,0,21.0363,3554.76,8.17632,0.581744,0.1
683,Baseline,0,Balanced,0,Low,0,Low,0,21.0235,3552.52,8.17569,0.581891,0.1
684,Baseline,0,Balanced,0,Low,0,Low,0,21.0047,3547.89,8.17439,0.582137,0.1
685,Baseline,0,Balanced,0,Low,0,Low,0,21.0412,3555.74,8.1766,0.58195,0.1
686,Baseline,0,Balanced,0,Low,0,Low,0,21.0454,3556.79,8.1769,0.581848,0.1
687,Baseline,0,Balanced,0,Low,0,Low,0,20.9727,3540.37,8.17227,0.581871,0.1
688,Baseline,0,Balanced,0,Low,0,Low,0,21.0175,3550.51,8.17513,0.582157,0.1
689,Baseline,0,Balanced,0,Low,0,Low,0,21.0601,3561.2,8.17813,0.582074,0.1
690,Baseline,0,Balanced,0,Low,0,Low,0,21.0536,3557.11,8.17699,0.581402,0.1
691,Baseline,0,Balanced,0,Low,0,Low,0,21.0547,3561.51,8.17822,0.581491,0.1
692,Baseline,0,Balanced,0,Low,0,Low,0,20.9781,3544.85,8.17353,0.582008,0.1
693,Baseline,0,Balanced,0,Low,0,Low,0,21.1158,3571.22,8.18094,0.581908,0.1
694,Baseline,0,Balanced,0,Low,0,Low,0,21.042,3558.64,8.17742,0.581794,0.1
695,Baseline,0,Balanced,0,Low,0,Low,0,21.0449,3558.37,8.17734,0.581883,0.1
696,Baseline,0,Balanced,0,Low,0,Low,0,21.0981,3568.23,8.18011,0.58164,0.1
697,Baseline,0,Balanced,0,Low,0,Low,0,20.9417,3540.24,8.17223,0.581532,0.1
698,Baseline,0,Balanced,0,Low,0,Low,0,21.0776,3562.9,8.17861,0.581822,0.1
699,Baseline,0,Balanced,0,Low,0,Low,0,21.1072,3568.45,8.18017,0.582185,0.1
700,Baseline,0,Balanced,0,Low,0,Low,0,21.0449,3558.22,8.1773,0.581891,0.1
701,Baseline,0,Balanced,0,Low,0,Low,0,21.0912,3568.45,8.18017,0.581825,0.1
702,Baseline,0,Balanced,0,Low,0,Low,0,20.9534,3539.69,8.17208,0.581651,0.1
703,Baseline,0,Balanced,0,Low,0,Low,0,21.0733,3563.86,8.17888,0.581635,0.1
704,Baseline,0,Balanced,0,Low,0,Low,0,21.0207,3555.91,8.17665,0.581989,0.1
705,Baseline,0,Balanced,0,Low,0,Low,0,21.0037,3547.62,8.17431,0.581754,0.1
706,Baseline,0,Balanced,0,Low,0,Low,0,21.0425,3555.44,8.17651,0.58252,0.1
707,Baseline,0,Balanced,0,Low,0,Low,0,21.0313,3556.44,8.1768,0.581814,0.1
708,Baseline,0,Balanced,0,Low,0,Low,0,21.0263,3551.87,8.17551,0.582344,0.1
709,Baseline,0,Balanced,0,Low,0,Low,0,21.0196,3552.58,8.17571,0.582075,0.1
710,Baseline,0,Balanced,0,Low,0,Low,0,20.9808,3544.21,8.17335,0.58217,0.1
711,Baseline,0,Balanced,0,Low,0,Low,0,21.0186,3553.7,8.17603,0.581247,0.1
712,Baseline,0,Balanced,0,Low,0,Low,0,21.06,3562.67,8.17855,0.581458,0.1
713,Baseline,0,Balanced,0,Low,0,Low,0,21.0254,3553.18,8.17588,0.58189,0.1
714,Baseline,0,Balanced,0,Low,0,Low,0,21.0326,3557.85,8.17719,0.581659,0.1
715,Baseline,0,Balanced,0,Low,0,Low,0,20.971,3540.66,8.17235,0.58173,0.1
716,Baseline,0,Balanced,0,Low,0,Low,0,21.083,3564.54,8.17907,0.581646,0.1
717,Baseline,0,Balanced,0,Low,0,Low,0,20.9906,3545.87,8.17382,0.581518,0.1
718,Baseline,0,Balanced,0,Low,0,Low,0,20.9986,3547.56,8.1743,0.582031,0.1
719,Baseline,0,Balanced,0,Low,0,Low,0,21.0302,3552.94,8.17581,0.581709,0.1
720,Baseline,0,Balanced,0,Low,0,Low,0,21.0644,3562.42,8.17848,0.581285,0.1
721,Baseline,0,Balanced,0,Low,0,Low,0,21.0054,3547.19,8.17419,0.581412,0.1
722,Baseline,0,Balanced,0,Low,0,Low,0,20.9667,3541.68,8.17264,0.581288,0.1
723,Baseline,0,Balanced,0,Low,0,Low,0,21.0369,3556.32,8.17676,0.581545,0.1
724,Baseline,0,Balanced,0,Low,0,Low,0,20.9946,3548.39,8.17453,0.581541,0.1
725,Baseline,0,Balanced,0,Low,0,Low,0,20.9938,3546.52,8.174,0.581739,0.1
726,Baseline,0,Balanced,0,Low,0,Low,0,21.0343,3555.63,8.17657,0.581897,0.1
727,Baseline,0,Balanced,0,Low,0,Low,0,21.0723,3565.41,8.17931,0.581842,0.1
728,Baseline,0,Balanced,0,Low,0,Low,0,21.0448,3556.44,8.1768,0.581943,0.1
729,Baseline,0,Balanced,0,Low,0,Low,0,21.054,3558.62,8.17741,0.581716,0.1
730,Baseline,0,Balanced,0,Low,0,Low,0,21.0004,3549.11,8.17474,0.581603,0.1
731,Baseline,0,Balanced,0,Low,0,Low,0,20.9834,3546.13,8.17389,0.581924,0.1
732,Baseline,0,Balanced,0,Low,0,Low,0,21.0218,3551.87,8.17551,0.582096,0.1
733,Baseline,0,Balanced,0,Low,0,Low,0,21.0423,3556.6,8.17684,0.581875,0.1
734,Baseline,0,Balanced,0,Low,0,Low,0,20.9536,3543.08,8.17303,0.581181,0.1
735,Baseline,0,Balanced,0,Low,0,Low,0,20.9966,3548.43,8.17454,0.581343,0.1
736,Baseline,0,Balanced,0,Low,0,Low,0,21.028,3551.57,8.17543,0.581821,0.1
737,Baseline,0,Balanced,0,Low,0,Low,0,21.0737,3561.34,8.17817,0.581908,0.1
738,Baseline,0,Balanced,0,Low,0,Low,0,21.0465,3554.9,8.17636,0.582057,0.1
739,Baseline,0,Balanced,0,Low,0,Low,0,21.0768,3565.8,8.17942,0.581665,0.1
740,Baseline,0,Balanced,0,Low,0,Low,0,21.0164,3550.24,8.17505,0.581881,0.1
741,Baseline,0,Balanced,0,Low,0,Low,0,21.0329,3558.38,8.17734,0.581963,0.1
742,Baseline,0,Balanced,0,Low,0,Low,0,20.9949,3547.04,8.17415,0.582184,0.1
743,Baseline,0,Balanced,0,Low,0,Low,0,21.0663,3564.86,8.17916,0.58179,0.1
744,Baseline,0,Balanced,0,Low,0,Low,0,21.0319,3557.03,8.17696,0.581871,0.1
745,Baseline,0,Balanced,0,Low,0,Low,0,20.9407,3536.63,8.17121,0.580998,0.1
746,Baseline,0,Balanced,0,Low,0,Low,0,21.0187,3551.39,8.17537,0.581649,0.1
747,Baseline,0,Balanced,0,Low,0,Low,0,20.985,3547.5,8.17428,0.581512,0.1
748,Baseline,0,Balanced,0,Low,0,Low,0,20.9363,3536.37,8.17114,0.581976,0.1
749,Baseline,0,Balanced,0,Low,0,Low,0,21.0032,3547.42,8.17426,0.581897,0.1
750,Baseline,0,Balanced,0,Low,0,Low,0,21.0342,3556.88,8.17692,0.581823,0.1
751,Baseline,0,Balanced,0,Low,0,Low,0,21.0101,3552.59,8.17571,0.58165,0.1
752,Baseline,0,Balanced,0,Low,0,Low,0,20.9961,3546.93,8.17412,0.581708,0.1
753,Baseline,0,Balanced,0,Low,0,Low,0,21.038,3554.37,8.17622,0.581944,0.1
754,Baseline,0,Balanced,0,Low,0,Low,0,21.0308,3554.49,8.17625,0.581682,0.1
755,Baseline,0,Balanced,0,Low,0,Low,0,21.0119,3552.57,8.17571,0.581858,0.1
756,Baseline,0,Balanced,0,Low,0,Low,0,21.0461,3561.32,8.17817,0.58186,0.1
757,Baseline,0,Balanced,0,Low,0,Low,0,20.955,3538.55,8.17175,0.581771,0.1
758,Baseline,0,Balanced,0,Low,0,Low,0,21.0255,3553.18,8.17588,0.581756,0.1
759,Baseline,0,Balanced,0,Low,0,Low,0,20.9906,3548.4,8.17453,0.581958,0.1
760,Baseline,0,Balanced,0,Low,0,Low,0,21.0556,3561.52,8.17822,0.581662,0.1
761,Baseline,0,Balanced,0,Low,0,Low,0,20.9872,3547.23,8.1742,0.581983,0.1
762,Baseline,0,Balanced,0,Low,0,Low,0,20.9782,3545.89,8.17383,0.582108,0.1
763,Baseline,0,Balanced,0,Low,0,Low,0,21.005,3547.14,8.17418,0.581767,0.1
764,Baseline,0,Balanced,0,Low,0,Low,0,21.043,3558.05,8.17725,0.581515,0.1
765,Baseline,0,Balanced,0,Low,0,Low,0,21.0933,3569.35,8.18042,0.581807,0.1
766,Baseline,0,Balanced,0,Low,0,Low,0,21.0668,3564.06,8.17894,0.581693,0.1
767,Baseline,0,Balanced,0,Low,0,Low,0,21.0027,3550.84,8.17522,0.581214,0.1
768,Baseline,0,Balanced,0,Low,0,Low,0,21.0367,3555.67,8.17658,0.581787,0.1
769,Baseline,0,Balanced,0,Low,0,Low,0,21.0219,3553.66,8.17602,0.581585,0.1
770,Baseline,0,Balanced,0,Low,0,Low,0,21.0392,3554.79,8.17633,0.581798,0.1
771,Baseline,0,Balanced,0,Low,0,Low,0,21.079,3564.82,8.17915,0.581426,0.1
772,Baseline,0,Balanced,0,Low,0,Low,0,21.0604,3560.65,8.17798,0.581782,0.1
773,Baseline,0,Balanced,0,Low,0,Low,0,20.9541,3540.39,8.17228,0.581623,0.1
774,Baseline,0,Balanced,0,Low,0,Low,0,21.0275,3554.69,8.17631,0.581851,0.1
775,Baseline,0,Balanced,0,Low,0,Low,0,21.0372,3557.84,8.17719,0.581965,0.1
776,Baseline,0,Balanced,0,Low,0,Low,0,21.0731,3563.76,8.17885,0.581804,0.1
777,Baseline,0,Balanced,0,Low,0,Low,0,21.0153,3548.75,8.17463,0.582021,0.1
778,Baseline,0,Balanced,0,Low,0,Low,0,21.0496,3559.21,8.17757,0.581718,0.1
779,Baseline,0,Balanced,0,Low,0,Low,0,21.0746,3563.63,8.17881,0.581383,0.1
780,Baseline,0,Balanced,0,Low,0,Low,0,20.99,3545.91,8.17383,0.581567,0.1
781,Baseline,0,Balanced,0,Low,0,Low,0,21.0497,3561.9,8.17833,0.581422,0.1
782,Baseline,0,Balanced,0,Low,0,Low,0,21.0645,3559.95,8.17778,0.582389,0.1
783,Baseline,0,Balanced,0,Low,0,Low,0,21.0283,3555.1,8.17642,0.581608,0.1
784,Baseline,0,Balanced,0,Low,0,Low,0,20.9914,3546.29,8.17394,0.58157,0.1
785,Baseline,0,Balanced,0,Low,0,Low,0,21.0263,3555.43,8.17651,0.582019,0.1
786,Baseline,0,Balanced,0,Low,0,Low,0,21.0179,3549.79,8.17492,0.581883,0.1
787,Baseline,0,Balanced,0,Low,0,Low,0,21.0429,3557.5,8.17709,0.58192,0.1
788,Baseline,0,Balanced,0,Low,0,Low,0,21.0136,3551.28,8.17534,0.581429,0.1
789,Baseline,0,Balanced,0,Low,0,Low,0,21.0439,3560.09,8.17782,0.581217,0.1
790,Baseline,0,Balanced,0,Low,0,Low,0,21.0187,3552.19,8.1756,0.581571,0.1
791,Baseline,0,Balanced,0,Low,0,Low,0,20.9893,3545.72,8.17378,0.581963,0.1
792,Baseline,0,Balanced,0,Low,0,Low,0,21.0839,3565.76,8.17941,0.581828,0.1
793,Baseline,0,Balanced,0,Low,0,Low,0,21.0584,3560.99,8.17807,0.581712,0.1
794,Baseline,0,Balanced,0,Low,0,Low,0,21.0004,3548.7,8.17462,0.581848,0.1
795,Baseline,0,Balanced,0,Low,0,Low,0,21.039,3554.11,8.17614,0.581931,0.1
796,Baseline,0,Balanced,0,Low,0,Low,0,21.0169,3551.64,8.17545,0.581659,0.1
797,Baseline,0,Balanced,0,Low,0,Low,0,21.031,3555.28,8.17647,0.582217,0.1
798,Baseline,0,Balanced,0,Low,0,Low,0,21.0417,3562.25,8.17843,0.581378,0.1
799,Baseline,0,Balanced,0,Low,0,Low,0,21.0519,3558.18,8.17729,0.582079,0.1
800,Baseline,0,Balanced,0,Low,0,Low,0,21.0295,3554.3,8.17619,0.581518,0.1
801,Baseline,0,Balanced,0,Low,0,Low,0,21.1125,3571.91,8.18114,0.582175,0.1
802,Baseline,0,Balanced,0,Low,0,Low,0,20.9796,3543.27,8.17309,0.58161,0.1
803,Baseline,0,Balanced,0,Low,0,Low,0,20.993,3545.64,8.17376,0.582033,0.1
804,Baseline,0,Balanced,0,Low,0,Low,0,21.0943,3567.61,8.17993,0.582148,0.1
805,Baseline,0,Balanced,0,Low,0,Low,0,21.1057,3569.91,8.18058,0.581647,0.1
806,Baseline,0,Balanced,0,Low,0,Low,0,21.0352,3558.11,8.17727,0.581841,0.1
807,Baseline,0,Balanced,0,Low,0,Low,0,21.0101,3549.94,8.17497,0.581457,0.1
808,Baseline,0,Balanced,0,Low,0,Low,0,21.0006,3546.15,8.1739,0.581926,0.1
809,Baseline,0,Balanced,0,Low,0,Low,0,21.0379,3554.05,8.17612,0.58179,0.1
810,Baseline,0,Balanced,0,Low,0,Low,0,21.0431,3559.22,8.17758,0.581748,0.1
811,Baseline,0,Balanced,0,Low,0,Low,0,20.9944,3548.15,8.17446,0.581554,0.1
812,Baseline,0,Balanced,0,Low,0,Low,0,21.0141,3554.71,8.17631,0.58151,0.1
813,Baseline,0,Balanced,0,Low,0,Low,0,21.0305,3557.24,8.17702,0.581904,0.1
814,Baseline,0,Balanced,0,Low,0,Low,0,21.0406,3554.72,8.17631,0.581875,0.1
815,Baseline,0,Balanced,0,Low,0,Low,0,21.0199,3553.65,8.17601,0.581913,0.1
816,Baseline,0,Balanced,0,Low,0,Low,0,21.0133,3549.18,8.17475,0.582229,0.1
817,Baseline,0,Balanced,0,Low,0,Low,0,20.9936,3548.15,8.17446,0.581281,0.1
818,Baseline,0,Balanced,0,Low,0,Low,0,21.0299,3552.23,8.17561,0.581838,0.1
819,Baseline,0,Balanced,0,Low,0,Low,0,21.063,3562.13,8.1784,0.581895,0.1
820,Baseline,0,Balanced,0,Low,0,Low,0,21.0066,3551.63,8.17544,0.581422,0.1
821,Baseline,0,Balanced,0,Low,0,Low,0,21.0125,3552.4,8.17566,0.581509,0.1
822,Baseline,0,Balanced,0,Low,0,Low,0,20.9862,3547.46,8.17427,0.581782,0.1
823,Baseline,0,Balanced,0,Low,0,Low,0,21.0273,3554.28,8.17619,0.581342,0.1
824,Baseline,0,Balanced,0,Low,0,Low,0,21.0447,3554.92,8.17637,0.581977,0.1
825,Baseline,0,Balanced,0,Low,0,Low,0,20.9634,3541.26,8.17252,0.581778,0.1
826,Baseline,0,Balanced,0,Low,0,Low,0,21.0477,3558.32,8.17733,0.581347,0.1
827,Baseline,0,Balanced,0,Low,0,Low,0,21.042,3555.01,8.1764,0.581457,0.1
828,Baseline,0,Balanced,0,Low,0,Low,0,21.0465,3558.73,8.17744,0.581997,0.1
829,Baseline,0,Balanced,0,Low,0,Low,0,21.0543,3562.68,8.17855,0.581454,0.1
830,Baseline,0,Balanced,0,Low,0,Low,0,21.0256,3553.74,8.17604,0.581774,0.1
831,Baseline,0,Balanced,0,Low,0,Low,0,21.0668,3561.99,8.17836,0.582166,0.1
832,Baseline,0,Balanced,0,Low,0,Low,0,20.9942,3547.72,8.17434,0.581741,0.1
833,Baseline,0,Balanced,0,Low,0,Low,0,20.9796,3546.23,8.17392,0.581682,0.1
834,Baseline,0,Balanced,0,Low,0,Low,0,21.028,3555.86,8.17663,0.581788,0.1
835,Baseline,0,Balanced,0,Low,0,Low,0,21.0872,3563.96,8.17891,0.582295,0.1
836,Baseline,0,Balanced,0,Low,0,Low,0,21.041,3555.43,8.17651,0.582079,0.1
837,Baseline,0,Balanced,0,Low,0,Low,0,21.0445,3555.74,8.1766,0.582272,0.1
838,Baseline,0,Balanced,0,Low,0,Low,0,21.0765,3563.06,8.17866,0.581518,0.1
839,Baseline,0,Balanced,0,Low,0,Low,0,20.9723,3543.64,8.17319,0.58176,0.1
840,Baseline,0,Balanced,0,Low,0,Low,0,21.0175,3551.36,8.17537,0.58202,0.1
841,Baseline,0,Balanced,0,Low,0,Low,0,21.036,3557.78,8.17717,0.582016,0.1
842,Baseline,0,Balanced,0,Low,0,Low,0,21.0259,3554.83,8.17634,0.581712,0.1
843,Baseline,0,Balanced,0,Low,0,Low,0,21.0331,3556.31,8.17676,0.581923,0.1
844,Baseline,0,Balanced,0,Low,0,Low,0,21.0182,3551.42,8.17539,0.582344,0.1
845,Baseline,0,Balanced,0,Low,0,Low,0,21.0444,3556.44,8.1768,0.581846,0.1
846,Baseline,0,Balanced,0,Low,0,Low,0,21.0061,3549.99,8.17498,0.581568,0.1
847,Baseline,0,Balanced,0,Low,0,Low,0,21.1034,3566.52,8.17962,0.582192,0.1
848,Baseline,0,Balanced,0,Low,0,Low,0,21.0373,3555.81,8.17662,0.581572,0.1
849,Baseline,0,Balanced,0,Low,0,Low,0,21.0379,3558.03,8.17724,0.581075,0.1
850,Baseline,0,Balanced,0,Low,0,Low,0,21.0525,3558.83,8.17747,0.581993,0.1
851,Baseline,0,Balanced,0,Low,0,Low,0,21.041,3560.26,8.17787,0.581557,0.1
852,Baseline,0,Balanced,0,Low,0,Low,0,21.0205,3552.66,8.17573,0.58136,0.1
853,Baseline,0,Balanced,0,Low,0,Low,0,21.0277,3553.74,8.17604,0.581802,0.1
854,Baseline,0,Balanced,0,Low,0,Low,0,20.999,3551.58,8.17543,0.581906,0.1
855,Baseline,0,Balanced,0,Low,0,Low,0,21.0035,3550.82,8.17521,0.581962,0.1
856,Baseline,0,Balanced,0,Low,0,Low,0,21.0158,3553.44,8.17595,0.581587,0.1
857,Baseline,0,Balanced,0,Low,0,Low,0,21.0342,3554.5,8.17625,0.581779,0.1
858,Baseline,0,Balanced,0,Low,0,Low,0,21.0287,3554.07,8.17613,0.581631,0.1
859,Baseline,0,Balanced,0,Low,0,Low,0,21.0721,3563.68,8.17883,0.582187,0.1
860,Baseline,0,Balanced,0,Low,0,Low,0,21.0656,3562.89,8.17861,0.581971,0.1
861,Baseline,0,Balanced,0,Low,0,Low,0,21.0507,3559.53,8.17766,0.582674,0.1
862,Baseline,0,Balanced,0,Low,0,Low,0,21.0723,3563.91,8.17889,0.581933,0.1
863,Baseline,0,Balanced,0,Low,0,Low,0,21.0428,3557.85,8.17719,0.581931,0.1
864,Baseline,0,Balanced,0,Low,0,Low,0,21.0166,3552.69,8.17574,0.58201,0.1
865,Baseline,0,Balanced,0,Low,0,Low,0,20.9941,3547.6,8.17431,0.581667,0.1
866,Baseline,0,Balanced,0,Low,0,Low,0,20.961,3539.57,8.17204,0.581552,0.1
867,Baseline,0,Balanced,0,Low,0,Low,0,21.038,3558.76,8.17745,0.58174,0.1
868,Baseline,0,Balanced,0,Low,0,Low,0,21.0208,3558.99,8.17751,0.581529,0.1
869,Baseline,0,Balanced,0,Low,0,Low,0,21.035,3554.85,8.17635,0.581859,0.1
870,Baseline,0,Balanced,0,Low,0,Low,0,21.0586,3560.82,8.17803,0.581934,0.1
871,Baseline,0,Balanced,0,Low,0,Low,0,21.0875,3563.74,8.17885,0.581835,0.1
872,Baseline,0,Balanced,0,Low,0,Low,0,21.0033,3550.06,8.175,0.581684,0.1
873,Baseline,0,Balanced,0,Low,0,Low,0,21.0614,3559.88,8.17776,0.581669,0.1
874,Baseline,0,Balanced,0,Low,0,Low,0,21.0853,3568.41,8.18016,0.581451,0.1
875,Baseline,0,Balanced,0,Low,0,Low,0,21.0468,3558.38,8.17734,0.581984,0.1
876,Baseline,0,Balanced,0,Low,0,Low,0,21.0728,3561.87,8.17832,0.582015,0.1
877,Baseline,0,Balanced,0,Low,0,Low,0,21.0619,3560.43,8.17792,0.581736,0.1
878,Baseline,0,Balanced,0,Low,0,Low,0,20.9972,3548.42,8.17454,0.581797,0.1
879,Baseline,0,Balanced,0,Low,0,Low,0,20.9961,3549.31,8.17479,0.581597,0.1
880,Baseline,0,Balanced,0,Low,0,Low,0,21.0072,3551.59,8.17543,0.581852,0.1
881,Baseline,0,Balanced,0,Low,0,Low,0,20.9921,3547.86,8.17438,0.581549,0.1
882,Baseline,0,Balanced,0,Low,0,Low,0,20.983,3546.45,8.17398,0.581658,0.1
883,Baseline,0,Balanced,0,Low,0,Low,0,21.0703,3563.33,8.17873,0.581893,0.1
884,Baseline,0,Balanced,0,Low,0,Low,0,21.0831,3567.09,8.17979,0.581952,0.1
885,Baseline,0,Balanced,0,Low,0,Low,0,20.9899,3546.87,8.1741,0.581847,0.1
886,Baseline,0,Balanced,0,Low,0,Low,0,21.0428,3558.03,8.17724,0.581686,0.1
887,Baseline,0,Balanced,0,Low,0,Low,0,20.977,3545.42,8.17369,0.581688,0.1
888,Baseline,0,Balanced,0,Low,0,Low,0,21.0155,3553.51,8.17597,0.581951,0.1
889,Baseline,0,Balanced,0,Low,0,Low,0,21.0302,3554.6,8.17628,0.581787,0.1
890,Baseline,0,Balanced,0,Low,0,Low,0,21.0169,3551.88,8.17551,0.581521,0.1
891,Baseline,0,Balanced,0,Low,0,Low,0,20.9687,3544.53,8.17344,0.58125,0.1
892,Baseline,0,Balanced,0,Low,0,Low,0,21.0403,3556.32,8.17676,0.581616,0.1
893,Baseline,0,Balanced,0,Low,0,Low,0,21.0277,3553.75,8.17604,0.582131,0.1
894,Baseline,0,Balanced,0,Low,0,Low,0,21.0031,3548.72,8.17463,0.581569,0.1
895,Baseline,0,Balanced,0,Low,0,Low,0,21.0456,3557.51,8.1771,0.582118,0.1
896,Baseline,0,Balanced,0,Low,0,Low,0,21.1087,3570.75,8.18081,0.582236,0.1
897,Baseline,0,Balanced,0,Low,0,Low,0,21.0234,3554.16,8.17615,0.581893,0.1
898,Baseline,0,Balanced,0,Low,0,Low,0,21.049,3556.11,8.1767,0.581846,0.1
899,Baseline,0,Balanced,0,Low,0,Low,0,20.9738,3544.82,8.17352,0.581739,0.1
900,Baseline,0,Balanced,0,Low,0,Low,0,21.0138,3553.31,8.17591,0.581572,0.1
901,Baseline,0,Balanced,0,Low,0,Low,0,21.0371,3554.83,8.17634,0.581852,0.1
902,Baseline,0,Balanced,0,Low,0,Low,0,21.0151,3553.74,8.17604,0.581756,0.1
903,Baseline,0,Balanced,0,Low,0,Low,0,20.9951,3548.1,8.17445,0.581305,0.1
904,Baseline,0,Balanced,0,Low,0,Low,0,21.02,3549.04,8.17472,0.582789,0.1
905,Baseline,0,Balanced,0,Low,0,Low,0,21.0057,3550.53,8.17513,0.581453,0.1
906,Baseline,0,Balanced,0,Low,0,Low,0,21.0261,3553.16,8.17587,0.581842,0.1
907,Baseline,0,Balanced,0,Low,0,Low,0,21.0924,3568.65,8.18022,0.582253,0.1
908,Baseline,0,Balanced,0,Low,0,Low,0,21.0338,3556.63,8.17685,0.581697,0.1
909,Baseline,0,Balanced,0,Low,0,Low,0,21.0241,3553.81,8.17606,0.581585,0.1
910,Baseline,0,Balanced,0,Low,0,Low,0,21.1048,3569.66,8.18051,0.581858,0.1
911,Baseline,0,Balanced,0,Low,0,Low,0,21.0338,3553.59,8.176,0.581687,0.1
912,Baseline,0,Balanced,0,Low,0,Low,0,21.0419,3555.87,8.17664,0.581897,0.1
913,Baseline,0,Balanced,0,Low,0,Low,0,21.003,3548.31,8.17451,0.581648,0.1
914,Baseline,0,Balanced,0,Low,0,Low,0,21.0298,3555.54,8.17654,0.581915,0.1
915,Baseline,0,Balanced,0,Low,0,Low,0,20.9834,3546.86,8.1741,0.581736,0.1
916,Baseline,0,Balanced,0,Low,0,Low,0,21.0238,3552.61,8.17572,0.581895,0.1
917,Baseline,0,Balanced,0,Low,0,Low,0,21.0182,3552.63,8.17573,0.581831,0.1
918,Baseline,0,Balanced,0,Low,0,Low,0,20.9901,3548.2,8.17448,0.581549,0.1
919,Baseline,0,Balanced,0,Low,0,Low,0,21.0727,3562.77,8.17857,0.582357,0.1
920,Baseline,0,Balanced,0,Low,0,Low,0,21.0041,3550.93,8.17525,0.581369,0.1
921,Baseline,0,Balanced,0,Low,0,Low,0,20.995,3548.34,8.17452,0.581725,0.1
922,Baseline,0,Balanced,0,Low,0,Low,0,20.9585,3541.98,8.17272,0.581452,0.1
923,Baseline,0,Balanced,0,Low,0,Low,0,21.0571,3559.09,8.17754,0.581678,0.1
924,Baseline,0,Balanced,0,Low,0,Low,0,20.9901,3547.7,8.17434,0.58151,0.1
925,Baseline,0,Balanced,0,Low,0,Low,0,21.0812,3565.55,8.17935,0.58184,0.1
926,Baseline,0,Balanced,0,Low,0,Low,0,21.0602,3560.43,8.17792,0.58228,0.1
927,Baseline,0,Balanced,0,Low,0,Low,0,21.048,3561.93,8.17834,0.5813,0.1
928,Baseline,0,Balanced,0,Low,0,Low,0,21.0509,3556.9,8.17693,0.581769,0.1
929,Baseline,0,Balanced,0,Low,0,Low,0,21.0152,3550.23,8.17505,0.581468,0.1
930,Baseline,0,Balanced,0,Low,0,Low,0,21.0451,3558.46,8.17736,0.581795,0.1
931,Baseline,0,Balanced,0,Low,0,Low,0,21.0481,3557.21,8.17701,0.582365,0.1
932,Baseline,0,Balanced,0,Low,0,Low,0,21.0735,3562.47,8.17849,0.582489,0.1
933,Baseline,0,Balanced,0,Low,0,Low,0,21.0094,3551.81,8.17549,0.5818,0.1
934,Baseline,0,Balanced,0,Low,0,Low,0,21.01,3549.62,8.17488,0.581561,0.1
935,Baseline,0,Balanced,0,Low,0,Low,0,21.0381,3553.51,8.17597,0.581922,0.1
936,Baseline,0,Balanced,0,Low,0,Low,0,20.9771,3546.57,8.17402,0.581678,0.1
937,Baseline,0,Balanced,0,Low,0,Low,0,20.9644,3542.43,8.17285,0.581196,0.1
938,Baseline,0,Balanced,0,Low,0,Low,0,21.0571,3559.88,8.17776,0.582231,0.1
939,Baseline,0,Balanced,0,Low,0,Low,0,21.048,3558.93,8.1775,0.582161,0.1
940,Baseline,0,Balanced,0,Low,0,Low,0,21.0137,3550.77,8.1752,0.581907,0.1
941,Baseline,0,Balanced,0,Low,0,Low,0,21.0824,3564.32,8.17901,0.581779,0.1
942,Baseline,0,Balanced,0,Low,0,Low,0,21.056,3562.05,8.17837,0.581356,0.1
943,Baseline,0,Balanced,0,Low,0,Low,0,21.0628,3561.89,8.17833,0.582212,0.1
944,Baseline,0,Balanced,0,Low,0,Low,0,20.9978,3547.86,8.17438,0.581905,0.1
945,Baseline,0,Balanced,0,Low,0,Low,0,21.0363,3555.32,8.17648,0.58163,0.1
946,Baseline,0,Balanced,0,Low,0,Low,0,21.0313,3555.2,8.17645,0.581588,0.1
947,Baseline,0,Balanced,0,Low,0,Low,0,21.0399,3557.88,8.1772,0.581785,0.1
948,Baseline,0,Balanced,0,Low,0,Low,0,21.0131,3554.2,8.17617,0.581276,0.1
949,Baseline,0,Balanced,0,Low,0,Low,0,21.0061,3549.35,8.1748,0.581318,0.1
950,Baseline,0,Balanced,0,Low,0,Low,0,20.9883,3547.37,8.17424,0.582023,0.1
951,Baseline,0,Balanced,0,Low,0,Low,0,20.9986,3547.43,8.17426,0.581984,0.1
952,Baseline,0,Balanced,0,Low,0,Low,0,21.0094,3548.93,8.17468,0.581598,0.1
953,Baseline,0,Balanced,0,Low,0,Low,0,21.0843,3566.52,8.17963,0.581575,0.1
954,Baseline,0,Balanced,0,Low,0,Low,0,20.9952,3547.8,8.17437,0.581828,0.1
955,Baseline,0,Balanced,0,Low,0,Low,0,21.0495,3557.36,8.17706,0.581722,0.1
956,Baseline,0,Balanced,0,Low,0,Low,0,21.0224,3552.86,8.17579,0.582236,0.1
957,Baseline,0,Balanced,0,Low,0,Low,0,20.9954,3548.33,8.17452,0.581454,0.1
958,Baseline,0,Balanced,0,Low,0,Low,0,21.0613,3560.7,8.17799,0.581745,0.1
959,Baseline,0,Balanced,0,Low,0,Low,0,21.0519,3556.35,8.17677,0.581882,0.1
960,Baseline,0,Balanced,0,Low,0,Low,0,21.0321,3554.68,8.1763,0.581895,0.1
961,Baseline,0,Balanced,0,Low,0,Low,0,20.9817,3543.69,8.1732,0.581611,0.1
962,Baseline,0,Balanced,0,Low,0,Low,0,21.0358,3555.72,8.17659,0.581715,0.1
963,Baseline,0,Balanced,0,Low,0,Low,0,21.0258,3554.09,8.17613,0.581665,0.1
964,Baseline,0,Balanced,0,Low,0,Low,0,21.0263,3551.11,8.1753,0.581973,0.1
965,Baseline,0,Balanced,0,Low,0,Low,0,21.0252,3551.23,8.17533,0.582374,0.1
966,Baseline,0,Balanced,0,Low,0,Low,0,21.0114,3549.13,8.17474,0.581467,0.1
967,Baseline,0,Balanced,0,Low,0,Low,0,21.0175,3552.82,8.17578,0.581607,0.1
968,Baseline,0,Balanced,0,Low,0,Low,0,21.0368,3556.9,8.17693,0.582279,0.1
969,Baseline,0,Balanced,0,Low,0,Low,0,20.9496,3538.97,8.17187,0.581349,0.1
970,Baseline,0,Balanced,0,Low,0,Low,0,21.0241,3554.07,8.17613,0.581644,0.1
971,Baseline,0,Balanced,0,Low,0,Low,0,21.0297,3554.87,8.17636,0.581481,0.1
972,Baseline,0,Balanced,0,Low,0,Low,0,21.0345,3555.5,8.17653,0.581804,0.1
973,Baseline,0,Balanced,0,Low,0,Low,0,20.9415,3534.68,8.17066,0.581161,0.1
974,Baseline,0,Balanced,0,Low,0,Low,0,21.0125,3549.66,8.17489,0.582604,0.1
975,Baseline,0,Balanced,0,Low,0,Low,0,20.9714,3544.4,8.17341,0.581847,0.1
976,Baseline,0,Balanced,0,Low,0,Low,0,21.0912,3565,8.1792,0.581926,0.1
977,Baseline,0,Balanced,0,Low,0,Low,0,21.0105,3549.62,8.17488,0.581289,0.1
978,Baseline,0,Balanced,0,Low,0,Low,0,21.0795,3563.76,8.17885,0.582419,0.1
979,Baseline,0,Balanced,0,Low,0,Low,0,21.0695,3562.61,8.17853,0.581898,0.1
980,Baseline,0,Balanced,0,Low,0,Low,0,21.0382,3554.07,8.17613,0.581725,0.1
981,Baseline,0,Balanced,0,Low,0,Low,0,20.9827,3541.86,8.17269,0.581834,0.1
982,Baseline,0,Balanced,0,Low,0,Low,0,20.9772,3545.74,8.17378,0.581809,0.1
983,Baseline,0,Balanced,0,Low,0,Low,0,21.0906,3565.77,8.17942,0.581813,0.1
984,Baseline,0,Balanced,0,Low,0,Low,0,21.0031,3549.46,8.17483,0.58163,0.1
985,Baseline,0,Balanced,0,Low,0,Low,0,21.0608,3558.89,8.17749,0.581642,0.1
986,Baseline,0,Balanced,0,Low,0,Low,0,21.1012,3569.57,8.18048,0.581956,0.1
987,Baseline,0,Balanced,0,Low,0,Low,0,20.9875,3549.21,8.17476,0.58172,0.1
988,Baseline,0,Balanced,0,Low,0,Low,0,21.1181,3571.56,8.18104,0.58186,0.1
989,Baseline,0,Balanced,0,Low,0,Low,0,21.0355,3555.65,8.17657,0.582206,0.1
990,Baseline,0,Balanced,0,Low,0,Low,0,21.0209,3553.51,8.17597,0.581869,0.1
991,Baseline,0,Balanced,0,Low,0,Low,0,21.0294,3555,8.17639,0.581843,0.1
992,Baseline,0,Balanced,0,Low,0,Low,0,20.9721,3542.3,8.17281,0.581602,0.1
993,Baseline,0,Balanced,0,Low,0,Low,0,21.0621,3559.4,8.17763,0.582166,0.1
994,Baseline,0,Balanced,0,Low,0,Low,0,20.9659,3543.24,8.17308,0.581271,0.1
995,Baseline,0,Balanced,0,Low,0,Low,0,21.0167,3551.97,8.17554,0.582187,0.1
996,Baseline,0,Balanced,0,Low,0,Low,0,20.9857,3546.76,8.17407,0.581756,0.1
997,Baseline,0,Balanced,0,Low,0,Low,0,20.9807,3544.4,8.1734,0.58204,0.1
998,Baseline,0,Balanced,0,Low,0,Low,0,21.0109,3551.49,8.1754,0.581899,0.1
999,Baseline,0,Balanced,0,Low,0,Low,0,21.0511,3560.4,8.17791,0.582011,0.1
1000,Baseline,0,Balanced,0,Low,0,Low,0,20.9965,3546,8.17386,0.581507,0.1
1001,Baseline,0,Balanced,0,Low,0,Low,0,20.9817,3545.63,8.17375,0.581843,0.1
1002,Baseline,0,Balanced,0,Low,0,Low,0,21.0556,3558.25,8.17731,0.581658,0.1
1003,Baseline,0,Balanced,0,Low,0,Low,0,21.0224,3551.76,8.17548,0.581556,0.1
1004,Baseline,0,Balanced,0,Low,0,Low,0,21.0093,3548.59,8.17459,0.581655,0.1
1005,Baseline,0,Balanced,0,Low,0,Low,0,21.0023,3547.07,8.17416,0.581742,0.1
1006,Baseline,0,Balanced,0,Low,0,Low,0,20.9899,3549.03,8.17471,0.581086,0.1
1007,Baseline,0,Balanced,0,Low,0,Low,0,21.0501,3556.68,8.17686,0.582075,0.1
1008,Baseline,0,Balanced,0,Low,0,Low,0,21.0275,3552.69,8.17574,0.581497,0.1
1009,Baseline,0,Balanced,0,Low,0,Low,0,21.011,3550.57,8.17515,0.581681,0.1
1010,Baseline,0,Balanced,0,Low,0,Low,0,21.0019,3548.88,8.17467,0.58184,0.1
1011,Baseline,0,Balanced,0,Low,0,Low,0,20.9927,3546.49,8.174,0.581561,0.1
1012,Baseline,0,Balanced,0,Low,0,Low,0,21.0295,3554.45,8.17624,0.581194,0.1
1013,Baseline,0,Balanced,0,Low,0,Low,0,20.9399,3536.3,8.17112,0.581404,0.1
1014,Baseline,0,Balanced,0,Low,0,Low,0,21.0608,3560.38,8.17791,0.581789,0.1
1015,Baseline,0,Balanced,0,Low,0,Low,0,21.0491,3559.76,8.17773,0.582132,0.1
1016,Baseline,0,Balanced,0,Low,0,Low,0,20.9883,3545.82,8.17381,0.581808,0.1
1017,Baseline,0,Balanced,0,Low,0,Low,0,21.0265,3554.91,8.17636,0.581496,0.1
1018,Baseline,0,Balanced,0,Low,0,Low,0,21.0488,3556.62,8.17685,0.581652,0.1
1019,Baseline,0,Balanced,0,Low,0,Low,0,20.9805,3544.99,8.17357,0.581819,0.1
1020,Baseline,0,Balanced,0,Low,0,Low,0,21.0041,3551.58,8.17543,0.581939,0.1
1021,Baseline,0,Balanced,0,Low,0,Low,0,20.9806,3541.83,8.17268,0.582004,0.1
1022,Baseline,0,Balanced,0,Low,0,Low,0,21.0591,3560.25,8.17787,0.581749,0.1
1023,Baseline,0,Balanced,0,Low,0,Low,0,20.9626,3541.84,8.17268,0.58167,0.1
1024,Baseline,0,Balanced,0,Low,0,Low,0,21.0149,3553.67,8.17602,0.581295,0.1
1025,Baseline,0,Balanced,0,Low,0,Low,0,21.0279,3550.99,8.17526,0.581901,0.1
1026,Baseline,0,Balanced,0,Low,0,Low,0,20.9926,3547.76,8.17435,0.581293,0.1
1027,Baseline,0,Balanced,0,Low,0,Low,0,21.008,3551.33,8.17536,0.582293,0.1
1028,Baseline,0,Balanced,0,Low,0,Low,0,21.0422,3555.51,8.17653,0.582303,0.1
1029,Baseline,0,Balanced,0,Low,0,Low,0,21.0181,3554.02,8.17612,0.581518,0.1
1030,Baseline,0,Balanced,0,Low,0,Low,0,21.0217,3551.97,8.17554,0.582023,0.1
1031,Baseline,0,Balanced,0,Low,0,Low,0,21.0573,3560.13,8.17783,0.582143,0.1
1032,Baseline,0,Balanced,0,Low,0,Low,0,21.0616,3560.73,8.178,0.582006,0.1
1033,Baseline,0,Balanced,0,Low,0,Low,0,21.0321,3556.78,8.17689,0.581775,0.1
1034,Baseline,0,Balanced,0,Low,0,Low,0,21.0719,3565.53,8.17935,0.582057,0.1
1035,Baseline,0,Balanced,0,Low,0,Low,0,21.0775,3561.27,8.17815,0.581966,0.1
1036,Baseline,0,Balanced,0,Low,0,Low,0,21.0588,3557.89,8.1772,0.582117,0.1
1037,Baseline,0,Balanced,0,Low,0,Low,0,20.9874,3548.89,8.17467,0.581391,0.1
1038,Baseline,0,Balanced,0,Low,0,Low,0,20.9977,3548.06,8.17444,0.581614,0.1
1039,Baseline,0,Balanced,0,Low,0,Low,0,21.0645,3564.55,8.17907,0.581445,0.1
1040,Baseline,0,Balanced,0,Low,0,Low,0,20.9814,3544.81,8.17352,0.581941,0.1
1041,Baseline,0,Balanced,0,Low,0,Low,0,20.9836,3545.48,8.17371,0.581928,0.1
1042,Baseline,0,Balanced,0,Low,0,Low,0,21.0387,3557.19,8.17701,0.581779,0.1
1043,Baseline,0,Balanced,0,Low,0,Low,0,21.0279,3554.65,8.17629,0.581625,0.1
1044,Baseline,0,Balanced,0,Low,0,Low,0,20.9805,3544.05,8.17331,0.581685,0.1
1045,Baseline,0,Balanced,0,Low,0,Low,0,21.0291,3556,8.17667,0.582314,0.1
1046,Baseline,0,Balanced,0,Low,0,Low,0,20.9376,3534.81,8.1707,0.581762,0.1
1047,Baseline,0,Balanced,0,Low,0,Low,0,21.0616,3562.36,8.17846,0.581928,0.1
1048,Baseline,0,Balanced,0,Low,0,Low,0,21.074,3564.2,8.17898,0.581721,0.1
1049,Baseline,0,Balanced,0,Low,0,Low,0,21.0481,3560.2,8.17785,0.581045,0.1
1050,Baseline,0,Balanced,0,Low,0,Low,0,20.9849,3548.52,8.17457,0.581073,0.1
1051,Baseline,0,Balanced,0,Low,0,Low,0,21.0419,3557.82,8.17719,0.581381,0.1
1052,Baseline,0,Balanced,0,Low,0,Low,0,21.0446,3558.44,8.17736,0.582254,0.1
1053,Baseline,0,Balanced,0,Low,0,Low,0,21.0232,3553.86,8.17607,0.581561,0.1
1054,Baseline,0,Balanced,0,Low,0,Low,0,21.0516,3558.91,8.17749,0.581392,0.1
1055,Baseline,0,Balanced,0,Low,0,Low,0,20.9778,3543.86,8.17325,0.581495,0.1
1056,Baseline,0,Balanced,0,Low,0,Low,0,20.9968,3546.51,8.174,0.581998,0.1
1057,Baseline,0,Balanced,0,Low,0,Low,0,21.0314,3554.3,8.1762,0.581699,0.1
1058,Baseline,0,Balanced,0,Low,0,Low,0,21.0358,3558.94,8.1775,0.581577,0.1
1059,Baseline,0,Balanced,0,Low,0,Low,0,21.0193,3551.92,8.17552,0.582042,0.1
1060,Baseline,0,Balanced,0,Low,0,Low,0,21.0242,3552.9,8.1758,0.582339,0.1
1061,Baseline,0,Balanced,0,Low,0,Low,0,21.0006,3549.52,8.17485,0.581059,0.1
1062,Baseline,0,Balanced,0,Low,0,Low,0,20.9804,3546.82,8.17409,0.581692,0.1
1063,Baseline,0,Balanced,0,Low,0,Low,0,21.015,3552.44,8.17567,0.581328,0.1
1064,Baseline,0,Balanced,0,Low,0,Low,0,20.9596,3542.27,8.17281,0.581609,0.1
1065,Baseline,0,Balanced,0,Low,0,Low,0,21.0069,3550.86,8.17523,0.581527,0.1
1066,Baseline,0,Balanced,0,Low,0,Low,0,20.975,3544.05,8.17331,0.581497,0.1
1067,Baseline,0,Balanced,0,Low,0,Low,0,21.0101,3547.36,8.17424,0.581905,0.1
1068,Baseline,0,Balanced,0,Low,0,Low,0,20.9908,3544.91,8.17355,0.581955,0.1
1069,Baseline,0,Balanced,0,Low,0,Low,0,21.1017,3571.31,8.18097,0.581936,0.1
1070,Baseline,0,Balanced,0,Low,0,Low,0,21.0586,3557.83,8.17719,0.581903,0.1
1071,Baseline,0,Balanced,0,Low,0,Low,0,21.0055,3551.02,8.17527,0.581712,0.1
1072,Baseline,0,Balanced,0,Low,0,Low,0,21.0537,3557.89,8.1772,0.581818,0.1
1073,Baseline,0,Balanced,0,Low,0,Low,0,21.0103,3547.64,8.17432,0.582115,0.1
1074,Baseline,0,Balanced,0,Low,0,Low,0,21.0553,3559,8.17752,0.582089,0.1
1075,Baseline,0,Balanced,0,Low,0,Low,0,21.0054,3550.46,8.17511,0.581772,0.1
1076,Baseline,0,Balanced,0,Low,0,Low,0,21.0194,3550.26,8.17506,0.581696,0.1
1077,Baseline,0,Balanced,0,Low,0,Low,0,20.9717,3543.62,8.17319,0.581436,0.1
1078,Baseline,0,Balanced,0,Low,0,Low,0,21.0286,3555.22,8.17645,0.581457,0.1
1079,Baseline,0,Balanced,0,Low,0,Low,0,21.0125,3555.1,8.17642,0.580919,0.1
1080,Baseline,0,Balanced,0,Low,0,Low,0,20.968,3541.18,8.1725,0.581699,0.1
1081,Baseline,0,Balanced,0,Low,0,Low,0,21.0692,3560.83,8.17803,0.582257,0.1
1082,Baseline,0,Balanced,0,Low,0,Low,0,20.944,3539.63,8.17206,0.581598,0.1
1083,Baseline,0,Balanced,0,Low,0,Low,0,21.0521,3559.97,8.17779,0.581228,0.1
1084,Baseline,0,Balanced,0,Low,0,Low,0,20.9871,3548.64,8.1746,0.58161,0.1
1085,Baseline,0,Balanced,0,Low,0,Low,0,21.0898,3567.04,8.17977,0.58229,0.1
1086,Baseline,0,Balanced,0,Low,0,Low,0,21.0012,3545.91,8.17383,0.582133,0.1
1087,Baseline,0,Balanced,0,Low,0,Low,0,20.9996,3549.12,8.17474,0.581472,0.1
1088,Baseline,0,Balanced,0,Low,0,Low,0,21.0196,3553.03,8.17584,0.581872,0.1
1089,Baseline,0,Balanced,0,Low,0,Low,0,21.073,3563.34,8.17873,0.581651,0.1
1090,Baseline,0,Balanced,0,Low,0,Low,0,21.0185,3550.98,8.17526,0.581726,0.1
1091,Baseline,0,Balanced,0,Low,0,Low,0,21.0299,3555.43,8.17651,0.581507,0.1
1092,Baseline,0,Balanced,0,Low,0,Low,0,21.0695,3560.75,8.17801,0.581812,0.1
1093,Baseline,0,Balanced,0,Low,0,Low,0,21.0168,3553.09,8.17585,0.581294,0.1
1094,Baseline,0,Balanced,0,Low,0,Low,0,21.0335,3552.85,8.17579,0.581859,0.1
1095,Baseline,0,Balanced,0,Low,0,Low,0,21.0121,3553.81,8.17606,0.581356,0.1
1096,Baseline,0,Balanced,0,Low,0,Low,0,21.012,3552.98,8.17582,0.581203,0.1
1097,Baseline,0,Balanced,0,Low,0,Low,0,21.0103,3551.19,8.17532,0.581866,0.1
1098,Baseline,0,Balanced,0,Low,0,Low,0,20.9927,3550.58,8.17515,0.581361,0.1
1099,Baseline,0,Balanced,0,Low,0,Low,0,21.0594,3558.77,8.17745,0.581264,0.1
1100,Baseline,0,Balanced,0,Low,0,Low,0,20.9828,3544.09,8.17332,0.58179,0.1
1101,Baseline,0,Balanced,0,Low,0,Low,0,21.0154,3549.47,8.17484,0.582495,0.1
1102,Baseline,0,Balanced,0,Low,0,Low,0,21.0207,3553.33,8.17592,0.581807,0.1
1103,Baseline,0,Balanced,0,Low,0,Low,0,21.0086,3551.14,8.17531,0.581454,0.1
1104,Baseline,0,Balanced,0,Low,0,Low,0,20.9025,3530.11,8.16937,0.581399,0.1
1105,Baseline,0,Balanced,0,Low,0,Low,0,21.0484,3558.16,8.17728,0.581648,0.1
1106,Baseline,0,Balanced,0,Low,0,Low,0,20.9346,3535.82,8.17098,0.5817,0.1
1107,Baseline,0,Balanced,0,Low,0,Low,0,21.0085,3547.53,8.17429,0.58158,0.1
1108,Baseline,0,Balanced,0,Low,0,Low,0,21.0406,3556.87,8.17692,0.581242,0.1
1109,Baseline,0,Balanced,0,Low,0,Low,0,20.9993,3549.22,8.17476,0.581822,0.1
1110,Baseline,0,Balanced,0,Low,0,Low,0,20.9931,3547.35,8.17424,0.581772,0.1
1111,Baseline,0,Balanced,0,Low,0,Low,0,20.9917,3546.1,8.17389,0.581691,0.1
1112,Baseline,0,Balanced,0,Low,0,Low,0,21.0088,3549.91,8.17496,0.582092,0.1
1113,Baseline,0,Balanced,0,Low,0,Low,0,20.9711,3542.78,8.17295,0.581664,0.1
1114,Baseline,0,Balanced,0,Low,0,Low,0,21.0224,3552.47,8.17568,0.581508,0.1
1115,Baseline,0,Balanced,0,Low,0,Low,0,20.9921,3545.63,8.17375,0.58176,0.1
1116,Baseline,0,Balanced,0,Low,0,Low,0,21.0045,3549.19,8.17476,0.58236,0.1
1117,Baseline,0,Balanced,0,Low,0,Low,0,20.9617,3540.49,8.1723,0.58199,0.1
1118,Baseline,0,Balanced,0,Low,0,Low,0,21.0027,3547.69,8.17433,0.58148,0.1
1119,Baseline,0,Balanced,0,Low,0,Low,0,21.0007,3551.07,8.17529,0.581489,0.1
1120,Baseline,0,Balanced,0,Low,0,Low,0,21.0623,3562.67,8.17855,0.581541,0.1
1121,Baseline,0,Balanced,0,Low,0,Low,0,21.0893,3567.46,8.17989,0.581399,0.1
1122,Baseline,0,Balanced,0,Low,0,Low,0,21.0534,3556.56,8.17683,0.582363,0.1
1123,Baseline,0,Balanced,0,Low,0,Low,0,21.0687,3561.7,8.17828,0.58167,0.1
1124,Baseline,0,Balanced,0,Low,0,Low,0,21.0188,3548.39,8.17453,0.581797,0.1
1125,Baseline,0,Balanced,0,Low,0,Low,0,21.022,3552.66,8.17573,0.581154,0.1
1126,Baseline,0,Balanced,0,Low,0,Low,0,21.0428,3557.73,8.17716,0.581782,0.1
1127,Baseline,0,Balanced,0,Low,0,Low,0,21.0537,3560.24,8.17787,0.582387,0.1
1128,Baseline,0,Balanced,0,Low,0,Low,0,21.0194,3554.55,8.17627,0.581529,0.1
1129,Baseline,0,Balanced,0,Low,0,Low,0,21.0408,3558.42,8.17735,0.581599,0.1
1130,Baseline,0,Balanced,0,Low,0,Low,0,21.0707,3564.84,8.17916,0.581536,0.1
1131,Baseline,0,Balanced,0,Low,0,Low,0,20.9876,3544.95,8.17356,0.581925,0.1
1132,Baseline,0,Balanced,0,Low,0,Low,0,21.0304,3554.31,8.1762,0.581579,0.1
1133,Baseline,0,Balanced,0,Low,0,Low,0,20.9881,3546.75,8.17407,0.581298,0.1
1134,Baseline,0,Balanced,0,Low,0,Low,0,21.0365,3555.81,8.17662,0.581657,0.1
1135,Baseline,0,Balanced,0,Low,0,Low,0,20.9268,3538.27,8.17168,0.581168,0.1
1136,Baseline,0,Balanced,0,Low,0,Low,0,21.0105,3549.63,8.17488,0.582067,0.1
1137,Baseline,0,Balanced,0,Low,0,Low,0,20.9987,3550.38,8.17509,0.581614,0.1
1138,Baseline,0,Balanced,0,Low,0,Low,0,21.0407,3557.03,8.17696,0.582082,0.1
1139,Baseline,0,Balanced,0,Low,0,Low,0,20.9889,3548.91,8.17468,0.581678,0.1
1140,Baseline,0,Balanced,0,Low,0,Low,0,20.9622,3540.57,8.17233,0.581976,0.1
1141,Baseline,0,Balanced,0,Low,0,Low,0,21.0163,3550.71,8.17519,0.581789,0.1
1142,Baseline,0,Balanced,0,Low,0,Low,0,20.9755,3544.36,8.17339,0.581679,0.1
1143,Baseline,0,Balanced,0,Low,0,Low,0,21.0772,3563.28,8.17872,0.582108,0.1
1144,Baseline,0,Balanced,0,Low,0,Low,0,21.0689,3564.44,8.17904,0.581465,0.1
1145,Baseline,0,Balanced,0,Low,0,Low,0,21.0541,3559.96,8.17779,0.582087,0.1
1146,Baseline,0,Balanced,0,Low,0,Low,0,20.9957,3548.84,8.17466,0.581366,0.1
1147,Baseline,0,Balanced,0,Low,0,Low,0,21.0216,3553.95,8.1761,0.58182,0.1
1148,Baseline,0,Balanced,0,Low,0,Low,0,21.0357,3554.6,8.17628,0.581811,0.1
1149,Baseline,0,Balanced,0,Low,0,Low,0,20.9974,3549.72,8.1749,0.582196,0.1
1150,Baseline,0,Balanced,0,Low,0,Low,0,21.0005,3549.15,8.17475,0.581479,0.1
1151,Baseline,0,Balanced,0,Low,0,Low,0,20.9793,3544.19,8.17335,0.581072,0.1
1152,Baseline,0,Balanced,0,Low,0,Low,0,21.0284,3553.02,8.17583,0.581689,0.1
1153,Baseline,0,Balanced,0,Low,0,Low,0,21.0587,3559.23,8.17758,0.581769,0.1
1154,Baseline,0,Balanced,0,Low,0,Low,0,20.9304,3536.09,8.17106,0.581543,0.1
1155,Baseline,0,Balanced,0,Low,0,Low,0,21.0058,3551,8.17527,0.581616,0.1
1156,Baseline,0,Balanced,0,Low,0,Low,0,21.0449,3558.24,8.1773,0.581638,0.1
1157,Baseline,0,Balanced,0,Low,0,Low,0,21.0835,3564.42,8.17904,0.582121,0.1
1158,Baseline,0,Balanced,0,Low,0,Low,0,21.0611,3560.56,8.17795,0.581914,0.1
1159,Baseline,0,Balanced,0,Low,0,Low,0,21.0367,3557.5,8.17709,0.581539,0.1
1160,Baseline,0,Balanced,0,Low,0,Low,0,21.0403,3557.31,8.17704,0.582102,0.1
1161,Baseline,0,Balanced,0,Low,0,Low,0,20.9809,3541.43,8.17257,0.581729,0.1
1162,Baseline,0,Balanced,0,Low,0,Low,0,21.0276,3556.55,8.17683,0.581526,0.1
1163,Baseline,0,Balanced,0,Low,0,Low,0,21.0097,3553.11,8.17586,0.581809,0.1
1164,Baseline,0,Balanced,0,Low,0,Low,0,21.0257,3555.96,8.17666,0.581878,0.1
1165,Baseline,0,Balanced,0,Low,0,Low,0,20.9732,3540.69,8.17236,0.581691,0.1
1166,Baseline,0,Balanced,0,Low,0,Low,0,21.0519,3558.07,8.17725,0.581545,0.1
1167,Baseline,0,Balanced,0,Low,0,Low,0,20.9796,3544.81,8.17352,0.581747,0.1
1168,Baseline,0,Balanced,0,Low,0,Low,0,21.0211,3552.53,8.1757,0.581564,0.1
1169,Baseline,0,Balanced,0,Low,0,Low,0,21.0582,3559.83,8.17775,0.582095,0.1
1170,Baseline,0,Balanced,0,Low,0,Low,0,20.9945,3547.72,8.17434,0.58162,0.1
1171,Baseline,0,Balanced,0,Low,0,Low,0,21.0359,3552.99,8.17583,0.582068,0.1
1172,Baseline,0,Balanced,0,Low,0,Low,0,21.0286,3553.29,8.17591,0.581962,0.1
1173,Baseline,0,Balanced,0,Low,0,Low,0,20.9892,3545.54,8.17373,0.581901,0.1
1174,Baseline,0,Balanced,0,Low,0,Low,0,20.9851,3544.65,8.17348,0.581845,0.1
1175,Baseline,0,Balanced,0,Low,0,Low,0,21.0764,3563.99,8.17892,0.581975,0.1
1176,Baseline,0,Balanced,0,Low,0,Low,0,21.0194,3552.38,8.17565,0.582004,0.1
1177,Baseline,0,Balanced,0,Low,0,Low,0,21.0271,3555.13,8.17643,0.58179,0.1
1178,Baseline,0,Balanced,0,Low,0,Low,0,21.0394,3555.07,8.17641,0.581986,0.1
1179,Baseline,0,Balanced,0,Low,0,Low,0,21.0217,3552.1,8.17558,0.58115,0.1
1180,Baseline,0,Balanced,0,Low,0,Low,0,21.0034,3547.88,8.17439,0.581848,0.1
1181,Baseline,0,Balanced,0,Low,0,Low,0,21.0422,3554.03,8.17612,0.581649,0.1
1182,Baseline,0,Balanced,0,Low,0,Low,0,21.1036,3570.83,8.18083,0.581438,0.1
1183,Baseline,0,Balanced,0,Low,0,Low,0,21.0046,3550.44,8.17511,0.581413,0.1
1184,Baseline,0,Balanced,0,Low,0,Low,0,21.0233,3553.1,8.17586,0.581452,0.1
1185,Baseline,0,Balanced,0,Low,0,Low,0,20.9802,3544.07,8.17331,0.581462,0.1
1186,Baseline,0,Balanced,0,Low,0,Low,0,21.0298,3555.55,8.17655,0.581758,0.1
1187,Baseline,0,Balanced,0,Low,0,Low,0,20.9943,3546.25,8.17393,0.581615,0.1
1188,Baseline,0,Balanced,0,Low,0,Low,0,21.05,3556.29,8.17675,0.58159,0.1
1189,Baseline,0,Balanced,0,Low,0,Low,0,20.974,3543.49,8.17315,0.581572,0.1
1190,Baseline,0,Balanced,0,Low,0,Low,0,21.0171,3551.31,8.17535,0.581908,0.1
1191,Baseline,0,Balanced,0,Low,0,Low,0,21.0487,3560.42,8.17791,0.581857,0.1
1192,Baseline,0,Balanced,0,Low,0,Low,0,21.0342,3553.03,8.17584,0.581969,0.1
1193,Baseline,0,Balanced,0,Low,0,Low,0,21.0309,3555.65,8.17657,0.582069,0.1
1194,Baseline,0,Balanced,0,Low,0,Low,0,21.0353,3552.69,8.17574,0.581817,0.1
1195,Baseline,0,Balanced,0,Low,0,Low,0,21.0563,3560.17,8.17785,0.582015,0.1
1196,Baseline,0,Balanced,0,Low,0,Low,0,21.0973,3567.78,8.17998,0.582618,0.1
1197,Baseline,0,Balanced,0,Low,0,Low,0,21.0009,3549.73,8.17491,0.58154,0.1
1198,Baseline,0,Balanced,0,Low,0,Low,0,21.002,3550.59,8.17515,0.58198,0.1
1199,Baseline,0,Balanced,0,Low,0,Low,0,21.0174,3551.84,8.1755,0.582131,0.1
1200,Baseline,0,Balanced,0,Low,0,Low,0,20.9738,3543.5,8.17315,0.581805,0.1
1201,Baseline,0,Balanced,0,Low,0,Low,0,21.0474,3557.39,8.17706,0.581853,0.1
1202,Baseline,0,Balanced,0,Low,0,Low,0,21.0262,3553.4,8.17594,0.58119,0.1
1203,Baseline,0,Balanced,0,Low,0,Low,0,20.9852,3546.17,8.17391,0.581206,0.1
1204,Baseline,0,Balanced,0,Low,0,Low,0,21.0488,3559.28,8.1776,0.581786,0.1
1205,Baseline,0,Balanced,0,Low,0,Low,0,21.0271,3555.15,8.17643,0.582103,0.1
1206,Baseline,0,Balanced,0,Low,0,Low,0,21.089,3565.85,8.17944,0.58205,0.1
1207,Baseline,0,Balanced,0,Low,0,Low,0,21.0654,3559.87,8.17776,0.581857,0.1
1208,Baseline,0,Balanced,0,Low,0,Low,0,21.092,3566.25,8.17955,0.582546,0.1
1209,Baseline,0,Balanced,0,Low,0,Low,0,21.0105,3551.9,8.17552,0.581452,0.1
1210,Baseline,0,Balanced,0,Low,0,Low,0,21.0863,3564.39,8.17903,0.58142,0.1
1211,Baseline,0,Balanced,0,Low,0,Low,0,21.0784,3566.35,8.17958,0.581902,0.1
1212,Baseline,0,Balanced,0,Low,0,Low,0,20.988,3545.83,8.17381,0.581402,0.1
1213,Baseline,0,Balanced,0,Low,0,Low,0,21.0498,3558.84,8.17747,0.58156,0.1
1214,Baseline,0,Balanced,0,Low,0,Low,0,21.0167,3553.33,8.17592,0.581619,0.1
1215,Baseline,0,Balanced,0,Low,0,Low,0,21.0322,3555.05,8.1764,0.581675,0.1
1216,Baseline,0,Balanced,0,Low,0,Low,0,21.0721,3563.59,8.17881,0.581456,0.1
1217,Baseline,0,Balanced,0,Low,0,Low,0,20.9843,3545.9,8.17383,0.581669,0.1
1218,Baseline,0,Balanced,0,Low,0,Low,0,21.0783,3564.44,8.17904,0.582016,0.1
1219,Baseline,0,Balanced,0,Low,0,Low,0,21.0002,3548.07,8.17444,0.581926,0.1
1220,Baseline,0,Balanced,0,Low,0,Low,0,21.0059,3548.49,8.17456,0.581951,0.1
1221,Baseline,0,Balanced,0,Low,0,Low,0,21.0978,3569.25,8.18039,0.582096,0.1
1222,Baseline,0,Balanced,0,Low,0,Low,0,21.0439,3557.24,8.17702,0.581989,0.1
1223,Baseline,0,Balanced,0,Low,0,Low,0,21.0393,3556.58,8.17683,0.581725,0.1
1224,Baseline,0,Balanced,0,Low,0,Low,0,21.0999,3570.45,8.18073,0.582016,0.1
1225,Baseline,0,Balanced,0,Low,0,Low,0,20.9895,3544.23,8.17336,0.581521,0.1
1226,Baseline,0,Balanced,0,Low,0,Low,0,20.9863,3544.59,8.17346,0.581664,0.1
1227,Baseline,0,Balanced,0,Low,0,Low,0,21.0131,3549.7,8.1749,0.582112,0.1
1228,Baseline,0,Balanced,0,Low,0,Low,0,21.0216,3557.37,8.17706,0.5814,0.1
1229,Baseline,0,Balanced,0,Low,0,Low,0,21.019,3551.52,8.17541,0.581807,0.1
1230,Baseline,0,Balanced,0,Low,0,Low,0,20.9862,3546.07,8.17388,0.580965,0.1
1231,Baseline,0,Balanced,0,Low,0,Low,0,20.9943,3547.05,8.17415,0.581648,0.1
1232,Baseline,0,Balanced,0,Low,0,Low,0,21.0535,3560.68,8.17799,0.58192,0.1
1233,Baseline,0,Balanced,0,Low,0,Low,0,20.9771,3544.37,8.1734,0.581398,0.1
1234,Baseline,0,Balanced,0,Low,0,Low,0,21.0238,3554.89,8.17636,0.581721,0.1
1235,Baseline,0,Balanced,0,Low,0,Low,0,21.0892,3568.11,8.18007,0.581575,0.1
1236,Baseline,0,Balanced,0,Low,0,Low,0,21.0929,3568.57,8.1802,0.581719,0.1
1237,Baseline,0,Balanced,0,Low,0,Low,0,21.0333,3554.77,8.17633,0.581951,0.1
1238,Baseline,0,Balanced,0,Low,0,Low,0,20.9926,3546.7,8.17405,0.58183,0.1
1239,Baseline,0,Balanced,0,Low,0,Low,0,21.0234,3554.88,8.17636,0.581603,0.1
1240,Baseline,0,Balanced,0,Low,0,Low,0,21.0213,3552.14,8.17559,0.581756,0.1
1241,Baseline,0,Balanced,0,Low,0,Low,0,21.0177,3553.98,8.1761,0.582172,0.1
1242,Baseline,0,Balanced,0,Low,0,Low,0,21.0211,3554.84,8.17635,0.581368,0.1
1243,Baseline,0,Balanced,0,Low,0,Low,0,21.0487,3556.48,8.17681,0.582203,0.1
1244,Baseline,0,Balanced,0,Low,0,Low,0,21.0244,3550.04,8.175,0.582073,0.1
1245,Baseline,0,Balanced,0,Low,0,Low,0,20.9933,3547.26,8.17421,0.581431,0.1
1246,Baseline,0,Balanced,0,Low,0,Low,0,21.0274,3551.32,8.17536,0.582269,0.1
1247,Baseline,0,Balanced,0,Low,0,Low,0,21.0322,3554.95,8.17638,0.581817,0.1
1248,Baseline,0,Balanced,0,Low,0,Low,0,21.0996,3568.17,8.18009,0.581945,0.1
1249,Baseline,0,Balanced,0,Low,0,Low,0,21.0156,3552.38,8.17566,0.581953,0.1
1250,Baseline,0,Balanced,0,Low,0,Low,0,20.9971,3548.54,8.17457,0.581793,0.1
1251,Baseline,0,Balanced,0,Low,0,Low,0,21.0684,3563.36,8.17874,0.581822,0.1
1252,Baseline,0,Balanced,0,Low,0,Low,0,20.9969,3547.4,8.17425,0.581896,0.1
1253,Baseline,0,Balanced,0,Low,0,Low,0,21.0347,3554.76,8.17632,0.581492,0.1
1254,Baseline,0,Balanced,0,Low,0,Low,0,21.0084,3549.96,8.17497,0.581456,0.1
1255,Baseline,0,Balanced,0,Low,0,Low,0,21.0209,3555.99,8.17667,0.581727,0.1
1256,Baseline,0,Balanced,0,Low,0,Low,0,21.0213,3554.22,8.17617,0.581889,0.1
1257,Baseline,0,Balanced,0,Low,0,Low,0,20.9982,3551.78,8.17548,0.581171,0.1
1258,Baseline,0,Balanced,0,Low,0,Low,0,20.9937,3550.28,8.17506,0.581343,0.1
1259,Baseline,0,Balanced,0,Low,0,Low,0,20.993,3548,8.17442,0.581634,0.1
1260,Baseline,0,Balanced,0,Low,0,Low,0,21.0329,3552.14,8.17559,0.582004,0.1
1261,Baseline,0,Balanced,0,Low,0,Low,0,21.0225,3553.46,8.17596,0.581908,0.1
1262,Baseline,0,Balanced,0,Low,0,Low,0,20.9885,3547.36,8.17424,0.582218,0.1
1263,Baseline,0,Balanced,0,Low,0,Low,0,21.0467,3558.6,8.1774,0.581647,0.1
1264,Baseline,0,Balanced,0,Low,0,Low,0,20.9976,3550.01,8.17499,0.581956,0.1
1265,Baseline,0,Balanced,0,Low,0,Low,0,21.0468,3558.68,8.17743,0.581797,0.1
1266,Baseline,0,Balanced,0,Low,0,Low,0,21.0886,3564.47,8.17905,0.582559,0.1
1267,Baseline,0,Balanced,0,Low,0,Low,0,20.9819,3542.26,8.1728,0.582472,0.1
1268,Baseline,0,Balanced,0,Low,0,Low,0,21.0592,3559.22,8.17758,0.581369,0.1
1269,Baseline,0,Balanced,0,Low,0,Low,0,21.0494,3558.92,8.17749,0.581987,0.1
1270,Baseline,0,Balanced,0,Low,0,Low,0,21.011,3550.15,8.17503,0.581297,0.1
1271,Baseline,0,Balanced,0,Low,0,Low,0,21.0371,3558.46,8.17736,0.581803,0.1
1272,Baseline,0,Balanced,0,Low,0,Low,0,21.0777,3560.83,8.17803,0.582537,0.1
1273,Baseline,0,Balanced,0,Low,0,Low,0,21.0129,3551.2,8.17532,0.58099,0.1
1274,Baseline,0,Balanced,0,Low,0,Low,0,21.0445,3558.4,8.17735,0.581871,0.1
1275,Baseline,0,Balanced,0,Low,0,Low,0,21.0045,3548.38,8.17453,0.581778,0.1
1276,Baseline,0,Balanced,0,Low,0,Low,0,21.0824,3564.65,8.1791,0.582337,0.1
1277,Baseline,0,Balanced,0,Low,0,Low,0,21.0045,3546.04,8.17387,0.581793,0.1
1278,Baseline,0,Balanced,0,Low,0,Low,0,21.0148,3553.08,8.17585,0.581688,0.1
1279,Baseline,0,Balanced,0,Low,0,Low,0,21.0106,3548.81,8.17465,0.582072,0.1
1280,Baseline,0,Balanced,0,Low,0,Low,0,21.0223,3554.93,8.17637,0.581766,0.1
1281,Baseline,0,Balanced,0,Low,0,Low,0,20.999,3548.88,8.17467,0.581856,0.1
1282,Baseline,0,Balanced,0,Low,0,Low,0,21.0549,3558.24,8.1773,0.581955,0.1
1283,Baseline,0,Balanced,0,Low,0,Low,0,21.0079,3551.57,8.17543,0.581694,0.1
1284,Baseline,0,Balanced,0,Low,0,Low,0,21.0756,3562.88,8.1786,0.581778,0.1
1285,Baseline,0,Balanced,0,Low,0,Low,0,21.0759,3564.83,8.17915,0.581536,0.1
1286,Baseline,0,Balanced,0,Low,0,Low,0,20.9952,3545.95,8.17384,0.582013,0.1
1287,Baseline,0,Balanced,0,Low,0,Low,0,21.0014,3548.11,8.17445,0.581617,0.1
1288,Baseline,0,Balanced,0,Low,0,Low,0,21.021,3552.61,8.17572,0.582028,0.1
1289,Baseline,0,Balanced,0,Low,0,Low,0,21.0474,3560.78,8.17802,0.581881,0.1
1290,Baseline,0,Balanced,0,Low,0,Low,0,21.0071,3549.25,8.17477,0.58161,0.1
1291,Baseline,0,Balanced,0,Low,0,Low,0,21.0234,3555.52,8.17654,0.581898,0.1
1292,Baseline,0,Balanced,0,Low,0,Low,0,20.9929,3546.96,8.17413,0.581742,0.1
1293,Baseline,0,Balanced,0,Low,0,Low,0,21.0026,3546.65,8.17404,0.581741,0.1
1294,Baseline,0,Balanced,0,Low,0,Low,0,21.0029,3549.62,8.17488,0.581623,0.1
1295,Baseline,0,Balanced,0,Low,0,Low,0,21.0362,3554.32,8.1762,0.581994,0.1
1296,Baseline,0,Balanced,0,Low,0,Low,0,20.9421,3535.51,8.17089,0.581587,0.1
1297,Baseline,0,Balanced,0,Low,0,Low,0,21.0786,3564.52,8.17906,0.581679,0.1
1298,Baseline,0,Balanced,0,Low,0,Low,0,21.0305,3554.43,8.17623,0.581703,0.1
1299,Baseline,0,Balanced,0,Low,0,Low,0,20.9961,3550.3,8.17507,0.581806,0.1
1300,Baseline,0,Balanced,0,Low,0,Low,0,20.9914,3549.23,8.17477,0.581499,0.1
1301,Baseline,0,Balanced,0,Low,0,Low,0,21.0129,3550.46,8.17511,0.581703,0.1
1302,Baseline,0,Balanced,0,Low,0,Low,0,21.0889,3565.79,8.17942,0.581595,0.1
1303,Baseline,0,Balanced,0,Low,0,Low,0,21.0125,3553.02,8.17583,0.581496,0.1
1304,Baseline,0,Balanced,0,Low,0,Low,0,21.0661,3560.22,8.17786,0.581665,0.1
1305,Baseline,0,Balanced,0,Low,0,Low,0,21.0055,3549.86,8.17495,0.58172,0.1
1306,Baseline,0,Balanced,0,Low,0,Low,0,20.986,3546.06,8.17387,0.581819,0.1
1307,Baseline,0,Balanced,0,Low,0,Low,0,21.0126,3552.13,8.17558,0.581955,0.1
1308,Baseline,0,Balanced,0,Low,0,Low,0,21.0242,3548.27,8.1745,0.581241,0.1
1309,Baseline,0,Balanced,0,Low,0,Low,0,21.0713,3560.81,8.17802,0.582016,0.1
1310,Baseline,0,Balanced,0,Low,0,Low,0,20.9949,3549.03,8.17471,0.581755,0.1
1311,Baseline,0,Balanced,0,Low,0,Low,0,21.0124,3553.14,8.17587,0.58162,0.1
1312,Baseline,0,Balanced,0,Low,0,Low,0,21.0781,3563.73,8.17884,0.582014,0.1
1313,Baseline,0,Balanced,0,Low,0,Low,0,21.0338,3553.17,8.17588,0.581858,0.1
1314,Baseline,0,Balanced,0,Low,0,Low,0,21.092,3570.35,8.1807,0.581549,0.1
1315,Baseline,0,Balanced,0,Low,0,Low,0,21.0509,3555.01,8.17639,0.582224,0.1
1316,Baseline,0,Balanced,0,Low,0,Low,0,21.0548,3561.31,8.17817,0.58187,0.1
1317,Baseline,0,Balanced,0,Low,0,Low,0,20.9612,3539.5,8.17202,0.581558,0.1
1318,Baseline,0,Balanced,0,Low,0,Low,0,21.0082,3548.67,8.17461,0.581782,0.1
1319,Baseline,0,Balanced,0,Low,0,Low,0,21.0761,3563.26,8.17871,0.581892,0.1
1320,Baseline,0,Balanced,0,Low,0,Low,0,21.0955,3565.78,8.17942,0.582615,0.1
1321,Baseline,0,Balanced,0,Low,0,Low,0,21.0355,3556.24,8.17674,0.582062,0.1
1322,Baseline,0,Balanced,0,Low,0,Low,0,21.0399,3557.01,8.17696,0.581715,0.1
1323,Baseline,0,Balanced,0,Low,0,Low,0,21.0715,3561.58,8.17824,0.581492,0.1
1324,Baseline,0,Balanced,0,Low,0,Low,0,21.0514,3560.16,8.17784,0.582468,0.1
1325,Baseline,0,Balanced,0,Low,0,Low,0,20.9863,3545.17,8.17362,0.58164,0.1
1326,Baseline,0,Balanced,0,Low,0,Low,0,21.0255,3552.43,8.17567,0.581703,0.1
1327,Baseline,0,Balanced,0,Low,0,Low,0,21.0537,3559.31,8.1776,0.581664,0.1
1328,Baseline,0,Balanced,0,Low,0,Low,0,21.0326,3556.29,8.17675,0.581846,0.1
1329,Baseline,0,Balanced,0,Low,0,Low,0,21.0661,3564.39,8.17903,0.582071,0.1
1330,Baseline,0,Balanced,0,Low,0,Low,0,20.9777,3545.23,8.17364,0.581868,0.1
1331,Baseline,0,Balanced,0,Low,0,Low,0,21.0192,3553.25,8.1759,0.581944,0.1
1332,Baseline,0,Balanced,0,Low,0,Low,0,21.0093,3549.38,8.17481,0.581736,0.1
1333,Baseline,0,Balanced,0,Low,0,Low,0,21.0172,3554.88,8.17636,0.58116,0.1
1334,Baseline,0,Balanced,0,Low,0,Low,0,21.001,3552.77,8.17577,0.581912,0.1
1335,Baseline,0,Balanced,0,Low,0,Low,0,20.991,3544.92,8.17355,0.581682,0.1
1336,Baseline,0,Balanced,0,Low,0,Low,0,21.0384,3554.32,8.1762,0.58219,0.1
1337,Baseline,0,Balanced,0,Low,0,Low,0,21.0732,3563.64,8.17882,0.581976,0.1
1338,Baseline,0,Balanced,0,Low,0,Low,0,21.0121,3553.52,8.17598,0.581306,0.1
1339,Baseline,0,Balanced,0,Low,0,Low,0,21.0584,3560.49,8.17793,0.581888,0.1
1340,Baseline,0,Balanced,0,Low,0,Low,0,20.9968,3547.59,8.17431,0.581949,0.1
1341,Baseline,0,Balanced,0,Low,0,Low,0,21.0633,3560.2,8.17785,0.58239,0.1
1342,Baseline,0,Balanced,0,Low,0,Low,0,21.0236,3552.02,8.17555,0.58192,0.1
1343,Baseline,0,Balanced,0,Low,0,Low,0,21.0447,3557.68,8.17714,0.582085,0.1
1344,Baseline,0,Balanced,0,Low,0,Low,0,21.0183,3550.92,8.17524,0.582154,0.1
1345,Baseline,0,Balanced,0,Low,0,Low,0,21.0274,3554.54,8.17626,0.581745,0.1
1346,Baseline,0,Balanced,0,Low,0,Low,0,21.0137,3552.23,8.17561,0.581357,0.1
1347,Baseline,0,Balanced,0,Low,0,Low,0,20.981,3545.18,8.17363,0.581691,0.1
1348,Baseline,0,Balanced,0,Low,0,Low,0,21.0216,3553.27,8.17591,0.5815,0.1
1349,Baseline,0,Balanced,0,Low,0,Low,0,21.0232,3553,8.17583,0.581709,0.1
1350,Baseline,0,Balanced,0,Low,0,Low,0,21.0489,3556.67,8.17686,0.581659,0.1
1351,Baseline,0,Balanced,0,Low,0,Low,0,21.009,3550,8.17498,0.581996,0.1
1352,Baseline,3,Balanced,0,Low,0,Low,0,21.0084,3551.57,8.17543,0.581397,0.1
1353,Baseline,3,Balanced,0,Low,0,Low,0,21.0454,3557.29,8.17704,0.581933,0.1
1354,Baseline,3,Balanced,0,Low,0,Low,0,21.046,3559.1,8.17755,0.581915,0.1
1355,Baseline,3,Balanced,0,Low,0,Low,0,20.9872,3547,8.17414,0.581596,0.1
1356,Baseline,3,Balanced,0,Low,0,Low,0,20.9605,3538.62,8.17178,0.581957,0.1
1357,Baseline,3,Balanced,0,Low,0,Low,0,20.999,3550,8.17498,0.581137,0.1
1358,Baseline,3,Balanced,0,Low,0,Low,0,21.0532,3559.4,8.17763,0.582228,0.1
1359,Baseline,3,Balanced,0,Low,0,Low,0,21.0493,3558.27,8.17731,0.581745,0.1
1360,Baseline,3,Balanced,0,Low,0,Low,0,21.0511,3559.3,8.1776,0.581591,0.1
1361,Baseline,3,Balanced,0,Low,0,Low,0,20.9926,3549.42,8.17482,0.581494,0.1
1362,Baseline,3,Balanced,0,Low,0,Low,0,21.0445,3555.98,8.17667,0.58181,0.1
1363,Baseline,3,Balanced,0,Low,0,Low,0,21.0148,3553.38,8.17594,0.58184,0.1
1364,Baseline,3,Balanced,0,Low,0,Low,0,21.0583,3563.55,8.17879,0.581768,0.1
1365,Baseline,3,Balanced,0,Low,0,Low,0,21.0598,3562.8,8.17858,0.581669,0.1
1366,Baseline,3,Balanced,0,Low,0,Low,0,21.0087,3550.53,8.17513,0.581865,0.1
1367,Baseline,3,Balanced,0,Low,0,Low,0,20.9628,3543.86,8.17325,0.58151,0.1
1368,Baseline,3,Balanced,0,Low,0,Low,0,21.0708,3566.11,8.17951,0.581739,0.1
1369,Baseline,3,Balanced,0,Low,0,Low,0,20.9775,3540.78,8.17238,0.582144,0.1
1370,Baseline,3,Balanced,0,Low,0,Low,0,20.9834,3545.67,8.17377,0.581509,0.1
1371,Baseline,3,Balanced,0,Low,0,Low,0,21.0011,3551.79,8.17549,0.581367,0.1
1372,Baseline,3,Balanced,0,Low,0,Low,0,21.0963,3565.32,8.17929,0.581965,0.1
1373,Baseline,3,Balanced,0,Low,0,Low,0,21.0853,3568.49,8.18018,0.581483,0.1
1374,Baseline,3,Balanced,0,Low,0,Low,0,21.0755,3563.26,8.17871,0.581869,0.1
1375,Baseline,3,Balanced,0,Low,0,Low,0,21.0941,3567.86,8.18,0.581972,0.1
1376,Baseline,3,Balanced,0,Low,0,Low,0,21.0416,3558.53,8.17739,0.582101,0.1
1377,Baseline,3,Balanced,0,Low,0,Low,0,21.0108,3550.49,8.17512,0.581743,0.1
1378,Baseline,3,Balanced,0,Low,0,Low,0,21.0569,3560.66,8.17798,0.581679,0.1
1379,Baseline,3,Balanced,0,Low,0,Low,0,21.0347,3555.82,8.17662,0.581907,0.1
1380,Baseline,3,Balanced,0,Low,0,Low,0,21.0594,3560.08,8.17782,0.581732,0.1
1381,Baseline,3,Balanced,0,Low,0,Low,0,21.0191,3552.06,8.17556,0.581653,0.1
1382,Baseline,3,Balanced,0,Low,0,Low,0,21.0412,3558.96,8.1775,0.581807,0.1
1383,Baseline,3,Balanced,0,Low,0,Low,0,21.0071,3549.05,8.17472,0.581744,0.1
1384,Baseline,3,Balanced,0,Low,0,Low,0,20.9981,3549.54,8.17485,0.581793,0.1
1385,Baseline,3,Balanced,0,Low,0,Low,0,21.0492,3559.65,8.1777,0.581862,0.1
1386,Baseline,3,Balanced,0,Low,0,Low,0,21.0659,3563.41,8.17875,0.58146,0.1
1387,Baseline,3,Balanced,0,Low,0,Low,0,21.0075,3549.53,8.17485,0.581909,0.1
1388,Baseline,3,Balanced,0,Low,0,Low,0,21.0932,3564.49,8.17906,0.582175,0.1
1389,Baseline,3,Balanced,0,Low,0,Low,0,21.0838,3566.61,8.17965,0.581476,0.1
1390,Baseline,3,Balanced,0,Low,0,Low,0,21.0729,3560.9,8.17805,0.581922,0.1
1391,Baseline,3,Balanced,0,Low,0,Low,0,21.0804,3565.36,8.1793,0.581717,0.1
1392,Baseline,3,Balanced,0,Low,0,Low,0,20.977,3543.54,8.17316,0.581345,0.1
1393,Baseline,3,Balanced,0,Low,0,Low,0,21.0754,3563.38,8.17875,0.581675,0.1
1394,Baseline,3,Balanced,0,Low,0,Low,0,21.0251,3552.26,8.17562,0.581504,0.1
1395,Baseline,3,Balanced,0,Low,0,Low,0,21.0252,3552.39,8.17566,0.581813,0.1
1396,Baseline,3,Balanced,0,Low,0,Low,0,21.0352,3555.14,8.17643,0.582057,0.1
1397,Baseline,3,Balanced,0,Low,0,Low,0,21.0521,3560.51,8.17794,0.581185,0.1
1398,Baseline,3,Balanced,0,Low,0,Low,0,20.9947,3547.75,8.17435,0.581179,0.1
1399,Baseline,3,Balanced,0,Low,0,Low,0,21.0698,3560.47,8.17793,0.582119,0.1
1400,Baseline,3,Balanced,0,Low,0,Low,0,21.0261,3555.66,8.17658,0.581861,0.1
1401,Baseline,3,Balanced,0,Low,0,Low,0,21.0464,3557.64,8.17713,0.581901,0.1
1402,Baseline,3,Balanced,0,Low,0,Low,0,21.0455,3558.2,8.17729,0.582014,0.1
1403,Baseline,3,Balanced,0,Low,0,Low,0,21.032,3554.61,8.17628,0.582349,0.1
1404,Baseline,3,Balanced,0,Low,0,Low,0,21.0586,3558.67,8.17742,0.582091,0.1
1405,Baseline,3,Balanced,0,Low,0,Low,0,21.027,3553.57,8.17599,0.582013,0.1
1406,Baseline,3,Balanced,0,Low,0,Low,0,21.0458,3556.73,8.17688,0.582139,0.1
1407,Baseline,3,Balanced,0,Low,0,Low,0,21.0364,3555.39,8.1765,0.582088,0.1
1408,Baseline,3,Balanced,0,Low,0,Low,0,21.0314,3554.39,8.17622,0.581424,0.1
1409,Baseline,3,Balanced,0,Low,0,Low,0,21.0282,3552.57,8.17571,0.581713,0.1
1410,Baseline,3,Balanced,0,Low,0,Low,0,21.013,3549.77,8.17492,0.581625,0.1
1411,Baseline,3,Balanced,0,Low,0,Low,0,21.0139,3550.03,8.17499,0.581038,0.1
1412,Baseline,3,Balanced,0,Low,0,Low,0,21.0465,3558.91,8.17749,0.581784,0.1
1413,Baseline,3,Balanced,0,Low,0,Low,0,21.0433,3557.16,8.177,0.581925,0.1
1414,Baseline,3,Balanced,0,Low,0,Low,0,21.067,3561.87,8.17832,0.581338,0.1
1415,Baseline,3,Balanced,0,Low,0,Low,0,21.0424,3557.47,8.17708,0.581251,0.1
1416,Baseline,3,Balanced,0,Low,0,Low,0,21.0274,3552.38,8.17565,0.581916,0.1
1417,Baseline,3,Balanced,0,Low,0,Low,0,21.0534,3558.65,8.17742,0.582037,0.1
1418,Baseline,3,Balanced,0,Low,0,Low,0,21.045,3558.53,8.17738,0.581762,0.1
1419,Baseline,3,Balanced,0,Low,0,Low,0,20.9996,3549.82,8.17493,0.581909,0.1
1420,Baseline,3,Balanced,0,Low,0,Low,0,21.0792,3565.45,8.17933,0.58228,0.1
1421,Baseline,3,Balanced,0,Low,0,Low,0,21.0404,3555.16,8.17644,0.581519,0.1
1422,Baseline,3,Balanced,0,Low,0,Low,0,21.0122,3549.19,8.17476,0.581513,0.1
1423,Baseline,3,Balanced,0,Low,0,Low,0,21.0436,3558.3,8.17732,0.58216,0.1
1424,Baseline,3,Balanced,0,Low,0,Low,0,21.089,3566.55,8.17963,0.581742,0.1
1425,Baseline,3,Balanced,0,Low,0,Low,0,20.988,3543.43,8.17313,0.5817,0.1
1426,Baseline,3,Balanced,0,Low,0,Low,0,20.9591,3539.99,8.17216,0.581998,0.1
1427,Baseline,3,Balanced,0,Low,0,Low,0,20.9843,3544.06,8.17331,0.581382,0.1
1428,Baseline,3,Balanced,0,Low,0,Low,0,21.1231,3574.5,8.18186,0.582162,0.1
1429,Baseline,3,Balanced,0,Low,0,Low,0,21.0202,3552.15,8.17559,0.581833,0.1
1430,Baseline,3,Balanced,0,Low,0,Low,0,20.9333,3537.89,8.17157,0.581127,0.1
1431,Baseline,3,Balanced,0,Low,0,Low,0,20.9968,3549.27,8.17478,0.581719,0.1
1432,Baseline,3,Balanced,0,Low,0,Low,0,21.0219,3550.92,8.17524,0.58207,0.1
1433,Baseline,3,Balanced,0,Low,0,Low,0,20.9889,3542.34,8.17282,0.582017,0.1
1434,Baseline,3,Balanced,0,Low,0,Low,0,20.9913,3547.19,8.17419,0.581364,0.1
1435,Baseline,3,Balanced,0,Low,0,Low,0,21.0059,3551.44,8.17539,0.581498,0.1
1436,Baseline,3,Balanced,0,Low,0,Low,0,21.0557,3559.88,8.17776,0.581788,0.1
1437,Baseline,3,Balanced,0,Low,0,Low,0,21.0586,3559.79,8.17774,0.582077,0.1
1438,Baseline,3,Balanced,0,Low,0,Low,0,21.0441,3557.81,8.17718,0.581591,0.1
1439,Baseline,3,Balanced,0,Low,0,Low,0,21.0629,3562.32,8.17845,0.582047,0.1
1440,Baseline,3,Balanced,0,Low,0,Low,0,21.0534,3560.2,8.17785,0.581063,0.1
1441,Baseline,3,Balanced,0,Low,0,Low,0,20.9727,3539.58,8.17205,0.581309,0.1
1442,Baseline,3,Balanced,0,Low,0,Low,0,21.0735,3562.51,8.1785,0.582056,0.1
1443,Baseline,3,Balanced,0,Low,0,Low,0,21.0488,3557.24,8.17702,0.582055,0.1
1444,Baseline,3,Balanced,0,Low,0,Low,0,20.9929,3548.01,8.17442,0.581526,0.1
1445,Baseline,3,Balanced,0,Low,0,Low,0,21.0147,3552.21,8.17561,0.581753,0.1
1446,Baseline,3,Balanced,0,Low,0,Low,0,21.0508,3559.24,8.17758,0.58181,0.1
1447,Baseline,3,Balanced,0,Low,0,Low,0,21.0764,3562.23,8.17842,0.581662,0.1
1448,Baseline,3,Balanced,0,Low,0,Low,0,21,3552.26,8.17562,0.581619,0.1
1449,Baseline,3,Balanced,0,Low,0,Low,0,20.9745,3543.27,8.17309,0.581758,0.1
1450,Baseline,3,Balanced,0,Low,0,Low,0,21.0221,3553.64,8.17601,0.581811,0.1
1451,Baseline,3,Balanced,0,Low,0,Low,0,21.0209,3550.83,8.17522,0.581878,0.1
1452,Baseline,3,Balanced,0,Low,0,Low,0,21.0053,3549.61,8.17488,0.582057,0.1
1453,Baseline,3,Balanced,0,Low,0,Low,0,21.0562,3560.39,8.17791,0.581882,0.1
1454,Baseline,3,Balanced,0,Low,0,Low,0,21.0144,3551.81,8.17549,0.581858,0.1
1455,Baseline,3,Balanced,0,Low,0,Low,0,20.9893,3544.23,8.17336,0.581852,0.1
1456,Baseline,3,Balanced,0,Low,0,Low,0,21.0259,3553.21,8.17589,0.581721,0.1
1457,Baseline,3,Balanced,0,Low,0,Low,0,21.0286,3554.51,8.17626,0.58223,0.1
1458,Baseline,3,Balanced,0,Low,0,Low,0,21.0516,3558.82,8.17747,0.581734,0.1
1459,Baseline,3,Balanced,0,Low,0,Low,0,21.0336,3557.56,8.17711,0.581399,0.1
1460,Baseline,3,Balanced,0,Low,0,Low,0,21.1156,3570.8,8.18082,0.581773,0.1
1461,Baseline,3,Balanced,0,Low,0,Low,0,21.0242,3552.78,8.17577,0.581847,0.1
1462,Baseline,3,Balanced,0,Low,0,Low,0,21.0221,3553.97,8.1761,0.581708,0.1
1463,Baseline,3,Balanced,0,Low,0,Low,0,20.9489,3536.94,8.1713,0.581973,0.1
1464,Baseline,3,Balanced,0,Low,0,Low,0,21.0424,3558.31,8.17732,0.581718,0.1
1465,Baseline,3,Balanced,0,Low,0,Low,0,21.018,3551.94,8.17553,0.581819,0.1
1466,Baseline,3,Balanced,0,Low,0,Low,0,20.9782,3542.9,8.17298,0.581769,0.1
1467,Baseline,3,Balanced,0,Low,0,Low,0,21.0659,3560.67,8.17799,0.581514,0.1
1468,Baseline,3,Balanced,0,Low,0,Low,0,20.9984,3549.99,8.17498,0.581974,0.1
1469,Baseline,3,Balanced,0,Low,0,Low,0,21.0265,3556.35,8.17677,0.581384,0.1
1470,Baseline,3,Balanced,0,Low,0,Low,0,21.0629,3564.12,8.17895,0.581778,0.1
1471,Baseline,3,Balanced,0,Low,0,Low,0,21.0401,3556.17,8.17672,0.581936,0.1
1472,Baseline,3,Balanced,0,Low,0,Low,0,20.9759,3544.22,8.17336,0.581173,0.1
1473,Baseline,3,Balanced,0,Low,0,Low,0,20.9957,3549.17,8.17475,0.581328,0.1
1474,Baseline,3,Balanced,0,Low,0,Low,0,20.9793,3542.47,8.17286,0.581826,0.1
1475,Baseline,3,Balanced,0,Low,0,Low,0,21.063,3560.57,8.17796,0.582101,0.1
1476,Baseline,3,Balanced,0,Low,0,Low,0,21.0448,3556.43,8.17679,0.581806,0.1
1477,Baseline,3,Balanced,0,Low,0,Low,0,21.062,3562.44,8.17848,0.581873,0.1
1478,Baseline,3,Balanced,0,Low,0,Low,0,20.9913,3548.98,8.1747,0.581701,0.1
1479,Baseline,3,Balanced,0,Low,0,Low,0,21.07,3564.91,8.17917,0.581655,0.1
1480,Baseline,3,Balanced,0,Low,0,Low,0,21.0602,3561.14,8.17812,0.581891,0.1
1481,Baseline,3,Balanced,0,Low,0,Low,0,21.0158,3552.21,8.17561,0.581468,0.1
1482,Baseline,3,Balanced,0,Low,0,Low,0,21.0373,3554.85,8.17635,0.58199,0.1
1483,Baseline,3,Balanced,0,Low,0,Low,0,21.0022,3547.58,8.1743,0.581976,0.1
1484,Baseline,3,Balanced,0,Low,0,Low,0,21.0155,3551.93,8.17553,0.58171,0.1
1485,Baseline,3,Balanced,0,Low,0,Low,0,21.0983,3566.27,8.17955,0.58178,0.1
1486,Baseline,3,Balanced,0,Low,0,Low,0,21.0147,3548.43,8.17454,0.582076,0.1
1487,Baseline,3,Balanced,0,Low,0,Low,0,20.992,3550.16,8.17503,0.581598,0.1
1488,Baseline,3,Balanced,0,Low,0,Low,0,21.0381,3560.39,8.17791,0.581387,0.1
1489,Baseline,3,Balanced,0,Low,0,Low,0,20.9965,3548.46,8.17455,0.581526,0.1
1490,Baseline,3,Balanced,0,Low,0,Low,0,20.9965,3548.97,8.17469,0.58123,0.1
1491,Baseline,3,Balanced,0,Low,0,Low,0,21.0595,3561.69,8.17827,0.581589,0.1
1492,Baseline,3,Balanced,0,Low,0,Low,0,21.0399,3556.83,8.17691,0.581893,0.1
1493,Baseline,3,Balanced,0,Low,0,Low,0,21.0172,3551.55,8.17542,0.582341,0.1
1494,Baseline,3,Balanced,0,Low,0,Low,0,21.0789,3565.78,8.17942,0.582053,0.1
1495,Baseline,3,Balanced,0,Low,0,Low,0,21.0157,3550.72,8.17519,0.581553,0.1
1496,Baseline,3,Balanced,0,Low,0,Low,0,21.0861,3566.07,8.1795,0.581878,0.1
1497,Baseline,3,Balanced,0,Low,0,Low,0,21.0855,3566.76,8.17969,0.581775,0.1
1498,Baseline,3,Balanced,0,Low,0,Low,0,21.0236,3555.44,8.17652,0.581638,0.1
1499,Baseline,3,Balanced,0,Low,0,Low,0,20.9894,3545.84,8.17381,0.581411,0.1
1500,Baseline,3,Balanced,0,Low,0,Low,0,20.9992,3546.79,8.17408,0.581388,0.1
1501,Baseline,3,Balanced,0,Low,0,Low,0,21.0094,3551.61,8.17544,0.581255,0.1
1502,Baseline,3,Balanced,0,Low,0,Low,0,21.0485,3559.72,8.17772,0.581571,0.1
1503,Baseline,3,Balanced,0,Low,0,Low,0,20.9424,3539.86,8.17212,0.581759,0.1
1504,Baseline,3,Balanced,0,Low,0,Low,0,21.0517,3559.09,8.17754,0.581899,0.1
1505,Baseline,3,Balanced,0,Low,0,Low,0,21.0415,3558.06,8.17725,0.581783,0.1
1506,Baseline,3,Balanced,0,Low,0,Low,0,21.0219,3551.37,8.17537,0.581353,0.1
1507,Baseline,3,Balanced,0,Low,0,Low,0,20.9811,3543.47,8.17314,0.58163,0.1
1508,Baseline,3,Balanced,0,Low,0,Low,0,21.0293,3555.91,8.17665,0.581594,0.1
1509,Baseline,3,Balanced,0,Low,0,Low,0,21.0559,3559.16,8.17756,0.582051,0.1
1510,Baseline,3,Balanced,0,Low,0,Low,0,21.0538,3558.86,8.17748,0.582044,0.1
1511,Baseline,3,Balanced,0,Low,0,Low,0,21.0092,3549.66,8.17489,0.581378,0.1
1512,Baseline,3,Balanced,0,Low,0,Low,0,21.0218,3551.17,8.17531,0.581583,0.1
1513,Baseline,3,Balanced,0,Low,0,Low,0,20.9705,3543.27,8.17309,0.581213,0.1
1514,Baseline,3,Balanced,0,Low,0,Low,0,21.0408,3557.7,8.17715,0.58178,0.1
1515,Baseline,3,Balanced,0,Low,0,Low,0,21.0655,3563.32,8.17873,0.582254,0.1
1516,Baseline,3,Balanced,0,Low,0,Low,0,21.0363,3558.03,8.17724,0.582038,0.1
1517,Baseline,3,Balanced,0,Low,0,Low,0,21.0592,3560.88,8.17805,0.581499,0.1
1518,Baseline,3,Balanced,0,Low,0,Low,0,21.0084,3552.36,8.17565,0.581675,0.1
1519,Baseline,3,Balanced,0,Low,0,Low,0,21.0148,3552.22,8.17561,0.581497,0.1
1520,Baseline,3,Balanced,0,Low,0,Low,0,21.0033,3548.3,8.17451,0.582245,0.1
1521,Baseline,3,Balanced,0,Low,0,Low,0,21.028,3552.47,8.17568,0.582218,0.1
1522,Baseline,3,Balanced,0,Low,0,Low,0,21.0553,3559.73,8.17772,0.581826,0.1
1523,Baseline,3,Balanced,0,Low,0,Low,0,21.026,3555.03,8.1764,0.582013,0.1
1524,Baseline,3,Balanced,0,Low,0,Low,0,21.0479,3560,8.1778,0.58162,0.1
1525,Baseline,3,Balanced,0,Low,0,Low,0,21.0396,3555.84,8.17663,0.581383,0.1
1526,Baseline,3,Balanced,0,Low,0,Low,0,20.9849,3544.67,8.17348,0.581518,0.1
1527,Baseline,3,Balanced,0,Low,0,Low,0,21.0162,3550.76,8.1752,0.581942,0.1
1528,Baseline,3,Balanced,0,Low,0,Low,0,20.9732,3544.73,8.1735,0.581549,0.1
1529,Baseline,3,Balanced,0,Low,0,Low,0,21.0468,3558.65,8.17742,0.581966,0.1
1530,Baseline,3,Balanced,0,Low,0,Low,0,21.1022,3572.16,8.1812,0.581782,0.1
1531,Baseline,3,Balanced,0,Low,0,Low,0,20.9407,3534.25,8.17054,0.581915,0.1
1532,Baseline,3,Balanced,0,Low,0,Low,0,21.0266,3551.96,8.17554,0.581625,0.1
1533,Baseline,3,Balanced,0,Low,0,Low,0,21.0654,3562.21,8.17842,0.581451,0.1
1534,Baseline,3,Balanced,0,Low,0,Low,0,20.995,3547.95,8.17441,0.581235,0.1
1535,Baseline,3,Balanced,0,Low,0,Low,0,21.0157,3551.96,8.17554,0.581947,0.1
1536,Baseline,3,Balanced,0,Low,0,Low,0,21.0394,3557.11,8.17699,0.581884,0.1
1537,Baseline,3,Balanced,0,Low,0,Low,0,21.0642,3562.29,8.17844,0.582309,0.1
1538,Baseline,3,Balanced,0,Low,0,Low,0,21.0709,3562.98,8.17863,0.58169,0.1
1539,Baseline,3,Balanced,0,Low,0,Low,0,21.005,3550.31,8.17507,0.581975,0.1
1540,Baseline,3,Balanced,0,Low,0,Low,0,21.0198,3550.91,8.17524,0.581783,0.1
1541,Baseline,3,Balanced,0,Low,0,Low,0,20.9954,3546.28,8.17394,0.582049,0.1
1542,Baseline,3,Balanced,0,Low,0,Low,0,21.0183,3551.38,8.17537,0.581787,0.1
1543,Baseline,3,Balanced,0,Low,0,Low,0,21.0275,3555.95,8.17666,0.581668,0.1
1544,Baseline,3,Balanced,0,Low,0,Low,0,21.0445,3556.49,8.17681,0.581994,0.1
1545,Baseline,3,Balanced,0,Low,0,Low,0,21.0585,3560.93,8.17806,0.581912,0.1
1546,Baseline,3,Balanced,0,Low,0,Low,0,21.0287,3558.26,8.17731,0.581222,0.1
1547,Baseline,3,Balanced,0,Low,0,Low,0,21.0369,3555.74,8.1766,0.582205,0.1
1548,Baseline,3,Balanced,0,Low,0,Low,0,21.0294,3556.29,8.17676,0.5818,0.1
1549,Baseline,3,Balanced,0,Low,0,Low,0,21.0239,3554.34,8.17621,0.582156,0.1
1550,Baseline,3,Balanced,0,Low,0,Low,0,21.0201,3554.91,8.17637,0.581031,0.1
1551,Baseline,3,Balanced,0,Low,0,Low,0,21.0346,3556.44,8.1768,0.581686,0.1
1552,Baseline,3,Balanced,0,Low,0,Low,0,21.033,3553.9,8.17608,0.581757,0.1
1553,Baseline,3,Balanced,0,Low,0,Low,0,21.0231,3551.32,8.17536,0.581807,0.1
1554,Baseline,3,Balanced,0,Low,0,Low,0,21.0047,3550.11,8.17502,0.581837,0.1
1555,Baseline,3,Balanced,0,Low,0,Low,0,21.053,3556.25,8.17674,0.582174,0.1
1556,Baseline,3,Balanced,0,Low,0,Low,0,21.0487,3558.09,8.17726,0.581952,0.1
1557,Baseline,3,Balanced,0,Low,0,Low,0,21.021,3551.88,8.17551,0.581915,0.1
1558,Baseline,3,Balanced,0,Low,0,Low,0,21.0192,3552.04,8.17556,0.581582,0.1
1559,Baseline,3,Balanced,0,Low,0,Low,0,21.0288,3556.53,8.17682,0.581766,0.1
1560,Baseline,3,Balanced,0,Low,0,Low,0,21.0348,3553.38,8.17594,0.582472,0.1
1561,Baseline,3,Balanced,0,Low,0,Low,0,20.9907,3550.09,8.17501,0.581542,0.1
1562,Baseline,3,Balanced,0,Low,0,Low,0,21.0395,3558.14,8.17727,0.581787,0.1
1563,Baseline,3,Balanced,0,Low,0,Low,0,21.0755,3565.88,8.17945,0.58202,0.1
1564,Baseline,3,Balanced,0,Low,0,Low,0,21.0216,3550.66,8.17517,0.581508,0.1
1565,Baseline,3,Balanced,0,Low,0,Low,0,21.0283,3553.37,8.17593,0.582074,0.1
1566,Baseline,3,Balanced,0,Low,0,Low,0,21.0801,3561.4,8.17819,0.582062,0.1
1567,Baseline,3,Balanced,0,Low,0,Low,0,21.0476,3557.41,8.17707,0.582041,0.1
1568,Baseline,3,Balanced,0,Low,0,Low,0,21.016,3552.94,8.17581,0.581956,0.1
1569,Baseline,3,Balanced,0,Low,0,Low,0,21.046,3561.01,8.17808,0.582295,0.1
1570,Baseline,3,Balanced,0,Low,0,Low,0,20.9681,3542.89,8.17298,0.581471,0.1
1571,Baseline,3,Balanced,0,Low,0,Low,0,21.0363,3555.84,8.17663,0.58175,0.1
1572,Baseline,3,Balanced,0,Low,0,Low,0,21.0837,3567.12,8.17979,0.581536,0.1
1573,Baseline,3,Balanced,0,Low,0,Low,0,20.9965,3547.98,8.17441,0.582073,0.1
1574,Baseline,3,Balanced,0,Low,0,Low,0,21.0444,3559.27,8.17759,0.581553,0.1
1575,Baseline,3,Balanced,0,Low,0,Low,0,20.9839,3545.45,8.1737,0.581641,0.1
1576,Baseline,3,Balanced,0,Low,0,Low,0,21.0077,3548.06,8.17444,0.582137,0.1
1577,Baseline,3,Balanced,0,Low,0,Low,0,20.9719,3542.65,8.17291,0.582147,0.1
1578,Baseline,3,Balanced,0,Low,0,Low,0,21.0306,3555.37,8.17649,0.581929,0.1
1579,Baseline,3,Balanced,0,Low,0,Low,0,20.9996,3549.17,8.17475,0.582098,0.1
1580,Baseline,3,Balanced,0,Low,0,Low,0,21.0242,3555.49,8.17653,0.581561,0.1
1581,Baseline,3,Balanced,0,Low,0,Low,0,21.0019,3547.79,8.17436,0.581701,0.1
1582,Baseline,3,Balanced,0,Low,0,Low,0,20.9893,3544.61,8.17346,0.581631,0.1
1583,Baseline,3,Balanced,0,Low,0,Low,0,21.0731,3565.18,8.17925,0.581864,0.1
1584,Baseline,3,Balanced,0,Low,0,Low,0,21.0471,3562.81,8.17859,0.581332,0.1
1585,Baseline,3,Balanced,0,Low,0,Low,0,21.105,3570.47,8.18073,0.581901,0.1
1586,Baseline,3,Balanced,0,Low,0,Low,0,20.9829,3545.31,8.17366,0.581933,0.1
1587,Baseline,3,Balanced,0,Low,0,Low,0,21.0404,3555.57,8.17655,0.581857,0.1
1588,Baseline,3,Balanced,0,Low,0,Low,0,21.0265,3553.86,8.17607,0.581971,0.1
1589,Baseline,3,Balanced,0,Low,0,Low,0,21.0776,3562.92,8.17862,0.582124,0.1
1590,Baseline,3,Balanced,0,Low,0,Low,0,21.0683,3563.28,8.17872,0.581955,0.1
1591,Baseline,3,Balanced,0,Low,0,Low,0,21.0073,3547.15,8.17418,0.581404,0.1
1592,Baseline,3,Balanced,0,Low,0,Low,0,20.9913,3548.57,8.17458,0.581824,0.1
1593,Baseline,3,Balanced,0,Low,0,Low,0,21.0195,3552.83,8.17578,0.581839,0.1
1594,Baseline,3,Balanced,0,Low,0,Low,0,21.1024,3569.17,8.18037,0.58183,0.1
1595,Baseline,3,Balanced,0,Low,0,Low,0,21.032,3553.41,8.17594,0.58173,0.1
1596,Baseline,3,Balanced,0,Low,0,Low,0,21.0188,3551.48,8.1754,0.582173,0.1
1597,Baseline,3,Balanced,0,Low,0,Low,0,21.0425,3556.6,8.17684,0.582197,0.1
1598,Baseline,3,Balanced,0,Low,0,Low,0,21.0338,3552.37,8.17565,0.581575,0.1
1599,Baseline,3,Balanced,0,Low,0,Low,0,20.9826,3542.49,8.17287,0.58163,0.1
1600,Baseline,3,Balanced,0,Low,0,Low,0,21.057,3559.98,8.17779,0.581812,0.1
1601,Baseline,3,Balanced,0,Low,0,Low,0,21.0375,3558.34,8.17733,0.581834,0.1
1602,Baseline,3,Balanced,0,Low,0,Low,0,21.0677,3561.97,8.17835,0.581873,0.1
1603,Baseline,3,Balanced,0,Low,0,Low,0,21.0341,3556.15,8.17671,0.582375,0.1
1604,Baseline,3,Balanced,0,Low,0,Low,0,21.0034,3549.73,8.17491,0.581123,0.1
1605,Baseline,3,Balanced,0,Low,0,Low,0,20.9698,3542.95,8.173,0.581372,0.1
1606,Baseline,3,Balanced,0,Low,0,Low,0,21.0225,3553.19,8.17588,0.582158,0.1
1607,Baseline,3,Balanced,0,Low,0,Low,0,21.061,3560.53,8.17795,0.58149,0.1
1608,Baseline,3,Balanced,0,Low,0,Low,0,21.0322,3555.49,8.17653,0.581491,0.1
1609,Baseline,3,Balanced,0,Low,0,Low,0,21.0168,3549.93,8.17496,0.581754,0.1
1610,Baseline,3,Balanced,0,Low,0,Low,0,21.0365,3554.57,8.17627,0.581525,0.1
1611,Baseline,3,Balanced,0,Low,0,Low,0,21.0646,3560.94,8.17806,0.581849,0.1
1612,Baseline,3,Balanced,0,Low,0,Low,0,21.0404,3556.29,8.17675,0.581757,0.1
1613,Baseline,3,Balanced,0,Low,0,Low,0,21.0463,3557.47,8.17709,0.581559,0.1
1614,Baseline,3,Balanced,0,Low,0,Low,0,20.9965,3547.51,8.17428,0.581624,0.1
1615,Baseline,3,Balanced,0,Low,0,Low,0,21.0204,3553.63,8.17601,0.581502,0.1
1616,Baseline,3,Balanced,0,Low,0,Low,0,20.9878,3547.09,8.17416,0.581481,0.1
1617,Baseline,3,Balanced,0,Low,0,Low,0,21.0258,3554.59,8.17628,0.581872,0.1
1618,Baseline,3,Balanced,0,Low,0,Low,0,21.0404,3554.09,8.17614,0.581668,0.1
1619,Baseline,3,Balanced,0,Low,0,Low,0,20.9819,3545.8,8.1738,0.580924,0.1
1620,Baseline,3,Balanced,0,Low,0,Low,0,20.989,3549.5,8.17484,0.581527,0.1
1621,Baseline,3,Balanced,0,Low,0,Low,0,21.0817,3568.51,8.18019,0.58238,0.1
1622,Baseline,3,Balanced,0,Low,0,Low,0,21.0468,3558.49,8.17737,0.582404,0.1
1623,Baseline,3,Balanced,0,Low,0,Low,0,21.0423,3557.36,8.17706,0.581422,0.1
1624,Baseline,3,Balanced,0,Low,0,Low,0,21.0015,3547.29,8.17422,0.581747,0.1
1625,Baseline,3,Balanced,0,Low,0,Low,0,21.0242,3553.34,8.17592,0.58089,0.1
1626,Baseline,3,Balanced,0,Low,0,Low,0,21.0112,3548.21,8.17448,0.582372,0.1
1627,Baseline,3,Balanced,0,Low,0,Low,0,21.0356,3557.35,8.17705,0.581563,0.1
1628,Baseline,3,Balanced,0,Low,0,Low,0,21.0328,3553.83,8.17606,0.581874,0.1
1629,Baseline,3,Balanced,0,Low,0,Low,0,21.0313,3555.29,8.17647,0.581852,0.1
1630,Baseline,3,Balanced,0,Low,0,Low,0,20.9977,3550.46,8.17511,0.581352,0.1
1631,Baseline,3,Balanced,0,Low,0,Low,0,20.985,3544.95,8.17356,0.581607,0.1
1632,Baseline,3,Balanced,0,Low,0,Low,0,21.0125,3551.34,8.17536,0.582004,0.1
1633,Baseline,3,Balanced,0,Low,0,Low,0,20.9936,3547.3,8.17422,0.581632,0.1
1634,Baseline,3,Balanced,0,Low,0,Low,0,21.0068,3547.4,8.17425,0.581905,0.1
1635,Baseline,3,Balanced,0,Low,0,Low,0,21.0327,3554.24,8.17618,0.581997,0.1
1636,Baseline,3,Balanced,0,Low,0,Low,0,21.0159,3552.3,8.17563,0.581867,0.1
1637,Baseline,3,Balanced,0,Low,0,Low,0,20.9838,3546.43,8.17398,0.581634,0.1
1638,Baseline,3,Balanced,0,Low,0,Low,0,21.0972,3571.83,8.18111,0.58158,0.1
1639,Baseline,3,Balanced,0,Low,0,Low,0,20.9795,3546.27,8.17393,0.581468,0.1
1640,Baseline,3,Balanced,0,Low,0,Low,0,20.9803,3546.11,8.17389,0.58167,0.1
1641,Baseline,3,Balanced,0,Low,0,Low,0,20.9993,3545.9,8.17383,0.582235,0.1
1642,Baseline,3,Balanced,0,Low,0,Low,0,21.0935,3566.43,8.1796,0.581769,0.1
1643,Baseline,3,Balanced,0,Low,0,Low,0,21.0321,3559.01,8.17752,0.581883,0.1
1644,Baseline,3,Balanced,0,Low,0,Low,0,21.0427,3555.9,8.17665,0.581468,0.1
1645,Baseline,3,Balanced,0,Low,0,Low,0,21.0464,3557.67,8.17714,0.581886,0.1
1646,Baseline,3,Balanced,0,Low,0,Low,0,21.0984,3565.48,8.17933,0.581425,0.1
1647,Baseline,3,Balanced,0,Low,0,Low,0,21.0452,3559.97,8.17779,0.581263,0.1
1648,Baseline,3,Balanced,0,Low,0,Low,0,21.0624,3558.29,8.17732,0.581857,0.1
1649,Baseline,3,Balanced,0,Low,0,Low,0,20.9401,3536.94,8.1713,0.581808,0.1
1650,Baseline,3,Balanced,0,Low,0,Low,0,21.0525,3559.85,8.17776,0.581776,0.1
1651,Baseline,3,Balanced,0,Low,0,Low,0,21.0408,3558.58,8.1774,0.582187,0.1
1652,Baseline,3,Balanced,0,Low,0,Low,0,20.9945,3544.24,8.17336,0.581622,0.1
1653,Baseline,3,Balanced,0,Low,0,Low,0,20.9865,3546.96,8.17413,0.581845,0.1
1654,Baseline,3,Balanced,0,Low,0,Low,0,21.0647,3559.86,8.17776,0.582008,0.1
1655,Baseline,3,Balanced,0,Low,0,Low,0,21.0724,3563.81,8.17887,0.582075,0.1
1656,Baseline,3,Balanced,0,Low,0,Low,0,21.0603,3561.72,8.17828,0.581836,0.1
1657,Baseline,3,Balanced,0,Low,0,Low,0,21.0537,3560.14,8.17784,0.58169,0.1
1658,Baseline,3,Balanced,0,Low,0,Low,0,21.0915,3564.55,8.17907,0.582474,0.1
1659,Baseline,3,Balanced,0,Low,0,Low,0,20.9799,3544.64,8.17347,0.581498,0.1
1660,Baseline,3,Balanced,0,Low,0,Low,0,20.9729,3545.15,8.17362,0.581911,0.1
1661,Baseline,3,Balanced,0,Low,0,Low,0,21.0035,3547.23,8.1742,0.581842,0.1
1662,Baseline,3,Balanced,0,Low,0,Low,0,21.0154,3553.68,8.17602,0.581676,0.1
1663,Baseline,3,Balanced,0,Low,0,Low,0,21.0364,3556.37,8.17678,0.581909,0.1
1664,Baseline,3,Balanced,0,Low,0,Low,0,21.0634,3561.57,8.17824,0.581954,0.1
1665,Baseline,3,Balanced,0,Low,0,Low,0,20.9913,3546.05,8.17387,0.582014,0.1
1666,Baseline,3,Balanced,0,Low,0,Low,0,21.053,3559.63,8.17769,0.582045,0.1
1667,Baseline,3,Balanced,0,Low,0,Low,0,21.0169,3552.34,8.17564,0.581447,0.1
1668,Baseline,3,Balanced,0,Low,0,Low,0,20.995,3547.53,8.17429,0.581781,0.1
1669,Baseline,3,Balanced,0,Low,0,Low,0,21.0026,3549.46,8.17483,0.581755,0.1
1670,Baseline,3,Balanced,0,Low,0,Low,0,21.1005,3570.22,8.18066,0.582486,0.1
1671,Baseline,3,Balanced,0,Low,0,Low,0,21.04,3554.62,8.17629,0.582018,0.1
1672,Baseline,3,Balanced,0,Low,0,Low,0,21.0411,3557.09,8.17698,0.582248,0.1
1673,Baseline,3,Balanced,0,Low,0,Low,0,21.0798,3563.86,8.17888,0.581609,0.1
1674,Baseline,3,Balanced,0,Low,0,Low,0,21.0108,3551.35,8.17537,0.582232,0.1
1675,Baseline,3,Balanced,0,Low,0,Low,0,20.979,3546.73,8.17406,0.581559,0.1
1676,Baseline,3,Balanced,0,Low,0,Low,0,21.0503,3557.54,8.1771,0.582431,0.1
1677,Baseline,3,Balanced,0,Low,0,Low,0,21.0041,3549.71,8.1749,0.581404,0.1
1678,Baseline,3,Balanced,0,Low,0,Low,0,20.9944,3546.85,8.1741,0.581856,0.1
1679,Baseline,3,Balanced,0,Low,0,Low,0,21.054,3560.83,8.17803,0.581477,0.1
1680,Baseline,3,Balanced,0,Low,0,Low,0,21.0542,3556.53,8.17682,0.581478,0.1
1681,Baseline,3,Balanced,0,Low,0,Low,0,20.9572,3539.83,8.17212,0.58126,0.1
1682,Baseline,3,Balanced,0,Low,0,Low,0,20.9922,3547.39,8.17425,0.581484,0.1
1683,Baseline,3,Balanced,0,Low,0,Low,0,21.0654,3559.78,8.17773,0.582234,0.1
1684,Baseline,3,Balanced,0,Low,0,Low,0,20.9934,3549.25,8.17477,0.581525,0.1
1685,Baseline,3,Balanced,0,Low,0,Low,0,21.007,3547.99,8.17442,0.581938,0.1
1686,Baseline,3,Balanced,0,Low,0,Low,0,21.0669,3561.66,8.17826,0.581933,0.1
1687,Baseline,3,Balanced,0,Low,0,Low,0,21.0589,3561.03,8.17809,0.5818,0.1
1688,Baseline,3,Balanced,0,Low,0,Low,0,21.0487,3557.68,8.17714,0.582517,0.1
1689,Baseline,3,Balanced,0,Low,0,Low,0,21.0578,3560.09,8.17782,0.581504,0.1
1690,Baseline,3,Balanced,0,Low,0,Low,0,21.0262,3556.71,8.17687,0.581674,0.1
1691,Baseline,3,Balanced,0,Low,0,Low,0,21.0382,3555.58,8.17656,0.582005,0.1
1692,Baseline,3,Balanced,0,Low,0,Low,0,21.0396,3557.56,8.17711,0.581372,0.1
1693,Baseline,3,Balanced,0,Low,0,Low,0,21.0078,3547.56,8.1743,0.58195,0.1
1694,Baseline,3,Balanced,0,Low,0,Low,0,21.0544,3561.75,8.17829,0.581665,0.1
1695,Baseline,3,Balanced,0,Low,0,Low,0,21.091,3568.04,8.18005,0.582026,0.1
1696,Baseline,3,Balanced,0,Low,0,Low,0,21.0285,3553.62,8.176,0.581757,0.1
1697,Baseline,3,Balanced,0,Low,0,Low,0,21.0278,3554.18,8.17616,0.581828,0.1
1698,Baseline,3,Balanced,0,Low,0,Low,0,21.0415,3555.14,8.17643,0.581873,0.1
1699,Baseline,3,Balanced,0,Low,0,Low,0,20.9884,3546.29,8.17394,0.58122,0.1
1700,Baseline,3,Balanced,0,Low,0,Low,0,21.0353,3555.87,8.17664,0.581689,0.1
1701,Baseline,3,Balanced,0,Low,0,Low,0,21.0884,3562.21,8.17842,0.582375,0.1
1702,Baseline,3,Balanced,0,Low,0,Low,0,21.0007,3548.61,8.17459,0.582139,0.1
1703,Baseline,3,Balanced,0,Low,0,Low,0,21.025,3554.94,8.17638,0.581706,0.1
1704,Baseline,3,Balanced,0,Low,0,Low,0,21.0059,3546.37,8.17396,0.582065,0.1
1705,Baseline,3,Balanced,0,Low,0,Low,0,21.0963,3567.19,8.17981,0.582236,0.1
1706,Baseline,3,Balanced,0,Low,0,Low,0,20.993,3545.76,8.17379,0.581814,0.1
1707,Baseline,3,Balanced,0,Low,0,Low,0,21.0087,3548.98,8.1747,0.581868,0.1
1708,Baseline,3,Balanced,0,Low,0,Low,0,21.026,3553.88,8.17608,0.58182,0.1
1709,Baseline,3,Balanced,0,Low,0,Low,0,21.077,3567.26,8.17983,0.581936,0.1
1710,Baseline,3,Balanced,0,Low,0,Low,0,21.0757,3563.29,8.17872,0.582054,0.1
1711,Baseline,3,Balanced,0,Low,0,Low,0,21.1253,3574.5,8.18186,0.581784,0.1
1712,Baseline,3,Balanced,0,Low,0,Low,0,21.0287,3558.25,8.17731,0.5812,0.1
1713,Baseline,3,Balanced,0,Low,0,Low,0,21.0558,3561,8.17808,0.581559,0.1
1714,Baseline,3,Balanced,0,Low,0,Low,0,20.9858,3546.58,8.17402,0.58172,0.1
1715,Baseline,3,Balanced,0,Low,0,Low,0,21.0774,3564.82,8.17915,0.581652,0.1
1716,Baseline,3,Balanced,0,Low,0,Low,0,21.0599,3557.3,8.17704,0.581688,0.1
1717,Baseline,3,Balanced,0,Low,0,Low,0,21.003,3546.19,8.17391,0.581345,0.1
1718,Baseline,3,Balanced,0,Low,0,Low,0,21.0523,3557.98,8.17723,0.582258,0.1
1719,Baseline,3,Balanced,0,Low,0,Low,0,21.0171,3552.17,8.17559,0.581793,0.1
1720,Baseline,3,Balanced,0,Low,0,Low,0,20.9944,3545.56,8.17373,0.581932,0.1
1721,Baseline,3,Balanced,0,Low,0,Low,0,21.0784,3564.16,8.17896,0.582121,0.1
1722,Baseline,3,Balanced,0,Low,0,Low,0,20.9936,3549.43,8.17482,0.581844,0.1
1723,Baseline,3,Balanced,0,Low,0,Low,0,20.9592,3541.54,8.1726,0.581799,0.1
1724,Baseline,3,Balanced,0,Low,0,Low,0,21.0511,3559.27,8.17759,0.581538,0.1
1725,Baseline,3,Balanced,0,Low,0,Low,0,20.969,3539.52,8.17203,0.582349,0.1
1726,Baseline,3,Balanced,0,Low,0,Low,0,20.9642,3540.31,8.17225,0.58222,0.1
1727,Baseline,3,Balanced,0,Low,0,Low,0,21.0424,3557.84,8.17719,0.581857,0.1
1728,Baseline,3,Balanced,0,Low,0,Low,0,21.0121,3551.74,8.17548,0.581649,0.1
1729,Baseline,3,Balanced,0,Low,0,Low,0,21.041,3556.63,8.17685,0.581725,0.1
1730,Baseline,3,Balanced,0,Low,0,Low,0,21.009,3551.13,8.1753,0.582017,0.1
1731,Baseline,3,Balanced,0,Low,0,Low,0,21.0504,3558.13,8.17727,0.58183,0.1
1732,Baseline,3,Balanced,0,Low,0,Low,0,20.982,3543.16,8.17306,0.581425,0.1
1733,Baseline,3,Balanced,0,Low,0,Low,0,21.0517,3558.26,8.17731,0.581753,0.1
1734,Baseline,3,Balanced,0,Low,0,Low,0,21.0291,3553.49,8.17597,0.582014,0.1
1735,Baseline,3,Balanced,0,Low,0,Low,0,21.0899,3566.39,8.17959,0.581979,0.1
1736,Baseline,3,Balanced,0,Low,0,Low,0,21.0473,3556.58,8.17684,0.581815,0.1
1737,Baseline,3,Balanced,0,Low,0,Low,0,21.0523,3559.76,8.17773,0.58147,0.1
1738,Baseline,3,Balanced,0,Low,0,Low,0,21.0401,3554,8.17611,0.581992,0.1
1739,Baseline,3,Balanced,0,Low,0,Low,0,20.9981,3547.62,8.17431,0.581718,0.1
1740,Baseline,3,Balanced,0,Low,0,Low,0,21.0859,3567.41,8.17988,0.581914,0.1
1741,Baseline,3,Balanced,0,Low,0,Low,0,21.0869,3567.73,8.17996,0.581712,0.1
1742,Baseline,3,Balanced,0,Low,0,Low,0,21.0438,3557.02,8.17696,0.582006,0.1
1743,Baseline,3,Balanced,0,Low,0,Low,0,21.0348,3555.89,8.17664,0.58216,0.1
1744,Baseline,3,Balanced,0,Low,0,Low,0,21.0268,3555.73,8.1766,0.581877,0.1
1745,Baseline,3,Balanced,0,Low,0,Low,0,21.0336,3554.16,8.17616,0.581727,0.1
1746,Baseline,3,Balanced,0,Low,0,Low,0,20.9713,3546.41,8.17397,0.581696,0.1
1747,Baseline,3,Balanced,0,Low,0,Low,0,21.0244,3551.4,8.17538,0.581838,0.1
1748,Baseline,3,Balanced,0,Low,0,Low,0,21.0661,3562.63,8.17854,0.581714,0.1
1749,Baseline,3,Balanced,0,Low,0,Low,0,20.9165,3532.47,8.17004,0.581158,0.1
1750,Baseline,3,Balanced,0,Low,0,Low,0,21.055,3558.48,8.17737,0.581846,0.1
1751,Baseline,3,Balanced,0,Low,0,Low,0,21.1025,3568.33,8.18013,0.581825,0.1
1752,Baseline,3,Balanced,0,Low,0,Low,0,21.0518,3559.5,8.17766,0.581266,0.1
1753,Baseline,3,Balanced,0,Low,0,Low,0,21.07,3563.58,8.1788,0.581455,0.1
1754,Baseline,3,Balanced,0,Low,0,Low,0,21.0388,3553.93,8.17609,0.581752,0.1
1755,Baseline,3,Balanced,0,Low,0,Low,0,21.0294,3551.41,8.17538,0.581563,0.1
1756,Baseline,3,Balanced,0,Low,0,Low,0,21.0422,3558.64,8.17741,0.581675,0.1
1757,Baseline,3,Balanced,0,Low,0,Low,0,21.0551,3562.58,8.17852,0.581868,0.1
1758,Baseline,3,Balanced,0,Low,0,Low,0,21.039,3553.85,8.17607,0.582216,0.1
1759,Baseline,3,Balanced,0,Low,0,Low,0,21.0769,3566.57,8.17964,0.582082,0.1
1760,Baseline,3,Balanced,0,Low,0,Low,0,21.0259,3553.09,8.17586,0.581735,0.1
1761,Baseline,3,Balanced,0,Low,0,Low,0,21.0414,3558.86,8.17748,0.58166,0.1
1762,Baseline,3,Balanced,0,Low,0,Low,0,20.9945,3544.45,8.17342,0.581463,0.1
1763,Baseline,3,Balanced,0,Low,0,Low,0,20.9706,3542.36,8.17283,0.581717,0.1
1764,Baseline,3,Balanced,0,Low,0,Low,0,20.9982,3549.01,8.1747,0.581875,0.1
1765,Baseline,3,Balanced,0,Low,0,Low,0,21.0287,3557.48,8.17709,0.581885,0.1
1766,Baseline,3,Balanced,0,Low,0,Low,0,21.0084,3548.02,8.17443,0.581944,0.1
1767,Baseline,3,Balanced,0,Low,0,Low,0,21.0777,3561.18,8.17813,0.581868,0.1
1768,Baseline,3,Balanced,0,Low,0,Low,0,21.056,3558.99,8.17751,0.581892,0.1
1769,Baseline,3,Balanced,0,Low,0,Low,0,21.052,3558.09,8.17726,0.582007,0.1
1770,Baseline,3,Balanced,0,Low,0,Low,0,20.9987,3546.52,8.17401,0.581185,0.1
1771,Baseline,3,Balanced,0,Low,0,Low,0,21.0192,3554.41,8.17622,0.581784,0.1
1772,Baseline,3,Balanced,0,Low,0,Low,0,21.063,3557.79,8.17718,0.582063,0.1
1773,Baseline,3,Balanced,0,Low,0,Low,0,21.0942,3565.46,8.17933,0.582053,0.1
1774,Baseline,3,Balanced,0,Low,0,Low,0,20.9821,3547.32,8.17423,0.581021,0.1
1775,Baseline,3,Balanced,0,Low,0,Low,0,21.0433,3558.19,8.17729,0.581757,0.1
1776,Baseline,3,Balanced,0,Low,0,Low,0,21.0266,3554.98,8.17639,0.581502,0.1
1777,Baseline,3,Balanced,0,Low,0,Low,0,21.1031,3569.11,8.18035,0.582116,0.1
1778,Baseline,3,Balanced,0,Low,0,Low,0,21.0759,3563.75,8.17885,0.582539,0.1
1779,Baseline,3,Balanced,0,Low,0,Low,0,21.066,3563.93,8.1789,0.581571,0.1
1780,Baseline,3,Balanced,0,Low,0,Low,0,21.0528,3560,8.1778,0.58203,0.1
1781,Baseline,3,Balanced,0,Low,0,Low,0,21.0296,3554.46,8.17624,0.581792,0.1
1782,Baseline,3,Balanced,0,Low,0,Low,0,21.0431,3560.03,8.1778,0.581238,0.1
1783,Baseline,3,Balanced,0,Low,0,Low,0,21.0127,3551.45,8.17539,0.58186,0.1
1784,Baseline,3,Balanced,0,Low,0,Low,0,20.9782,3543.42,8.17313,0.581918,0.1
1785,Baseline,3,Balanced,0,Low,0,Low,0,20.9743,3541.38,8.17255,0.581991,0.1
1786,Baseline,3,Balanced,0,Low,0,Low,0,20.9212,3532.61,8.17008,0.581802,0.1
1787,Baseline,3,Balanced,0,Low,0,Low,0,20.9934,3545.4,8.17369,0.581871,0.1
1788,Baseline,3,Balanced,0,Low,0,Low,0,21.0891,3566.68,8.17967,0.581711,0.1
1789,Baseline,3,Balanced,0,Low,0,Low,0,20.9133,3529.34,8.16915,0.582155,0.1
1790,Baseline,3,Balanced,0,Low,0,Low,0,21.0315,3555.43,8.17651,0.581869,0.1
1791,Baseline,3,Balanced,0,Low,0,Low,0,21.0114,3551.3,8.17535,0.581462,0.1
1792,Baseline,3,Balanced,0,Low,0,Low,0,21.0125,3550.85,8.17522,0.5816,0.1
1793,Baseline,3,Balanced,0,Low,0,Low,0,20.9356,3535.77,8.17097,0.581164,0.1
1794,Baseline,3,Balanced,0,Low,0,Low,0,20.982,3545.75,8.17379,0.581562,0.1
1795,Baseline,3,Balanced,0,Low,0,Low,0,20.981,3544.73,8.1735,0.581358,0.1
1796,Baseline,3,Balanced,0,Low,0,Low,0,21.0217,3554.84,8.17635,0.581855,0.1
1797,Baseline,3,Balanced,0,Low,0,Low,0,20.9879,3544.59,8.17346,0.581682,0.1
1798,Baseline,3,Balanced,0,Low,0,Low,0,21.1116,3570.07,8.18062,0.581961,0.1
1799,Baseline,3,Balanced,0,Low,0,Low,0,21.0836,3563.46,8.17877,0.582307,0.1
1800,Baseline,3,Balanced,0,Low,0,Low,0,21.058,3560.28,8.17788,0.581961,0.1
1801,Baseline,3,Balanced,0,Low,0,Low,0,21.0827,3562.52,8.1785,0.582047,0.1
1802,Baseline,3,Balanced,0,Low,0,Low,0,21.0455,3560.18,8.17785,0.581739,0.1
1803,Baseline,3,Balanced,0,Low,0,Low,0,21.043,3556.76,8.17689,0.58196,0.1
1804,Baseline,3,Balanced,0,Low,0,Low,0,20.985,3546.1,8.17389,0.581688,0.1
1805,Baseline,3,Balanced,0,Low,0,Low,0,21.0649,3562.06,8.17837,0.581883,0.1
1806,Baseline,3,Balanced,0,Low,0,Low,0,21.0472,3559.26,8.17759,0.581534,0.1
1807,Baseline,3,Balanced,0,Low,0,Low,0,21.0577,3559.91,8.17777,0.581895,0.1
1808,Baseline,3,Balanced,0,Low,0,Low,0,20.9861,3544.93,8.17356,0.581613,0.1
1809,Baseline,3,Balanced,0,Low,0,Low,0,20.9926,3548.84,8.17466,0.581742,0.1
1810,Baseline,3,Balanced,0,Low,0,Low,0,20.9999,3547.45,8.17427,0.581971,0.1
1811,Baseline,3,Balanced,0,Low,0,Low,0,21.0448,3557.16,8.177,0.581554,0.1
1812,Baseline,3,Balanced,0,Low,0,Low,0,21.0639,3560.57,8.17796,0.582086,0.1
1813,Baseline,3,Balanced,0,Low,0,Low,0,21.0698,3561.4,8.17819,0.581624,0.1
1814,Baseline,3,Balanced,0,Low,0,Low,0,21.0241,3555.13,8.17643,0.581772,0.1
1815,Baseline,3,Balanced,0,Low,0,Low,0,20.9878,3548.05,8.17443,0.581436,0.1
1816,Baseline,3,Balanced,0,Low,0,Low,0,21.0389,3556.64,8.17685,0.581509,0.1
1817,Baseline,3,Balanced,0,Low,0,Low,0,21.0568,3562.68,8.17855,0.581324,0.1
1818,Baseline,3,Balanced,0,Low,0,Low,0,21.0159,3551.4,8.17538,0.582304,0.1
1819,Baseline,3,Balanced,0,Low,0,Low,0,21.0497,3561.48,8.17821,0.581393,0.1
1820,Baseline,3,Balanced,0,Low,0,Low,0,21.0242,3555.15,8.17643,0.58186,0.1
1821,Baseline,3,Balanced,0,Low,0,Low,0,20.9722,3545.51,8.17372,0.581197,0.1
1822,Baseline,3,Balanced,0,Low,0,Low,0,21.0231,3555.16,8.17644,0.581893,0.1
1823,Baseline,3,Balanced,0,Low,0,Low,0,21.1266,3572.94,8.18143,0.582064,0.1
1824,Baseline,3,Balanced,0,Low,0,Low,0,21.0337,3557.47,8.17709,0.581655,0.1
1825,Baseline,3,Balanced,0,Low,0,Low,0,21.0778,3563.51,8.17878,0.58202,0.1
1826,Baseline,3,Balanced,0,Low,0,Low,0,20.9982,3547.71,8.17434,0.581272,0.1
1827,Baseline,3,Balanced,0,Low,0,Low,0,20.9587,3540.62,8.17234,0.581801,0.1
1828,Baseline,3,Balanced,0,Low,0,Low,0,20.9781,3543.24,8.17308,0.581096,0.1
1829,Baseline,3,Balanced,0,Low,0,Low,0,21.0209,3553.2,8.17589,0.581681,0.1
1830,Baseline,3,Balanced,0,Low,0,Low,0,21.0063,3549.81,8.17493,0.581862,0.1
1831,Baseline,3,Balanced,0,Low,0,Low,0,20.9849,3545.43,8.1737,0.58176,0.1
1832,Baseline,3,Balanced,0,Low,0,Low,0,21.0216,3555.25,8.17646,0.581938,0.1
1833,Baseline,3,Balanced,0,Low,0,Low,0,21.0137,3551.22,8.17533,0.581965,0.1
1834,Baseline,3,Balanced,0,Low,0,Low,0,21.0546,3556.73,8.17688,0.581638,0.1
1835,Baseline,3,Balanced,0,Low,0,Low,0,21.0096,3553.35,8.17593,0.581552,0.1
1836,Baseline,3,Balanced,0,Low,0,Low,0,21.0018,3550.29,8.17507,0.581766,0.1
1837,Baseline,3,Balanced,0,Low,0,Low,0,21.0082,3551.81,8.17549,0.580925,0.1
1838,Baseline,3,Balanced,0,Low,0,Low,0,21.0515,3559.48,8.17765,0.581743,0.1
1839,Baseline,3,Balanced,0,Low,0,Low,0,21.0306,3557.21,8.17701,0.581914,0.1
1840,Baseline,3,Balanced,0,Low,0,Low,0,21.0107,3550.74,8.17519,0.581317,0.1
1841,Baseline,3,Balanced,0,Low,0,Low,0,20.998,3548.29,8.1745,0.581481,0.1
1842,Baseline,3,Balanced,0,Low,0,Low,0,21.0577,3561.07,8.1781,0.581812,0.1
1843,Baseline,3,Balanced,0,Low,0,Low,0,21.0817,3566.75,8.17969,0.581491,0.1
1844,Baseline,3,Balanced,0,Low,0,Low,0,20.9993,3552.12,8.17558,0.581057,0.1
1845,Baseline,3,Balanced,0,Low,0,Low,0,21.0438,3554.52,8.17626,0.58193,0.1
1846,Baseline,3,Balanced,0,Low,0,Low,0,20.9285,3533.69,8.17038,0.58082,0.1
1847,Baseline,3,Balanced,0,Low,0,Low,0,21.063,3562.44,8.17848,0.581763,0.1
1848,Baseline,3,Balanced,0,Low,0,Low,0,21.0279,3555.29,8.17647,0.581418,0.1
1849,Baseline,3,Balanced,0,Low,0,Low,0,21.0169,3551.84,8.1755,0.581695,0.1
1850,Baseline,3,Balanced,0,Low,0,Low,0,21.0183,3553.92,8.17609,0.581709,0.1
1851,Baseline,3,Balanced,0,Low,0,Low,0,20.9467,3538.65,8.17178,0.581515,0.1
1852,Baseline,3,Balanced,0,Low,0,Low,0,21.0263,3555.94,8.17665,0.581621,0.1
1853,Baseline,3,Balanced,0,Low,0,Low,0,21.0458,3558.74,8.17744,0.581547,0.1
1854,Baseline,3,Balanced,0,Low,0,Low,0,21.0278,3554.53,8.17626,0.581815,0.1
1855,Baseline,3,Balanced,0,Low,0,Low,0,21.1111,3567.8,8.17999,0.582408,0.1
1856,Baseline,3,Balanced,0,Low,0,Low,0,21.0426,3559.12,8.17755,0.581599,0.1
1857,Baseline,3,Balanced,0,Low,0,Low,0,20.9783,3542.76,8.17294,0.582244,0.1
1858,Baseline,3,Balanced,0,Low,0,Low,0,21.0513,3557.86,8.17719,0.582104,0.1
1859,Baseline,3,Balanced,0,Low,0,Low,0,21.0037,3550.37,8.17509,0.581165,0.1
1860,Baseline,3,Balanced,0,Low,0,Low,0,21.0254,3555.01,8.17639,0.581729,0.1
1861,Baseline,3,Balanced,0,Low,0,Low,0,21.0735,3564.86,8.17916,0.581787,0.1
1862,Baseline,3,Balanced,0,Low,0,Low,0,21.0088,3547.75,8.17435,0.582167,0.1
1863,Baseline,3,Balanced,0,Low,0,Low,0,21.0259,3553.71,8.17603,0.581214,0.1
1864,Baseline,3,Balanced,0,Low,0,Low,0,21.032,3554.4,8.17622,0.581473,0.1
1865,Baseline,3,Balanced,0,Low,0,Low,0,20.9981,3546.55,8.17401,0.581709,0.1
1866,Baseline,3,Balanced,0,Low,0,Low,0,21.0956,3570.77,8.18082,0.58175,0.1
1867,Baseline,3,Balanced,0,Low,0,Low,0,20.9798,3548.18,8.17447,0.581838,0.1
1868,Baseline,3,Balanced,0,Low,0,Low,0,21.0451,3556.41,8.17679,0.582078,0.1
1869,Baseline,3,Balanced,0,Low,0,Low,0,21.0347,3554.39,8.17622,0.582008,0.1
1870,Baseline,3,Balanced,0,Low,0,Low,0,21.0077,3550.12,8.17502,0.581499,0.1
1871,Baseline,3,Balanced,0,Low,0,Low,0,21.0132,3550.03,8.17499,0.581543,0.1
1872,Baseline,3,Balanced,0,Low,0,Low,0,21.0317,3553.91,8.17609,0.581626,0.1
1873,Baseline,3,Balanced,0,Low,0,Low,0,21.0467,3555.7,8.17659,0.582268,0.1
1874,Baseline,3,Balanced,0,Low,0,Low,0,21.0037,3548.3,8.1745,0.58148,0.1
1875,Baseline,3,Balanced,0,Low,0,Low,0,21.0472,3558.16,8.17728,0.581985,0.1
1876,Baseline,3,Balanced,0,Low,0,Low,0,20.9985,3548.94,8.17469,0.581647,0.1
1877,Baseline,3,Balanced,0,Low,0,Low,0,21.0281,3555.16,8.17644,0.581756,0.1
1878,Baseline,3,Balanced,0,Low,0,Low,0,21.019,3555.29,8.17647,0.582116,0.1
1879,Baseline,3,Balanced,0,Low,0,Low,0,21.0272,3553.78,8.17605,0.581795,0.1
1880,Baseline,3,Balanced,0,Low,0,Low,0,21.0642,3558.42,8.17735,0.582321,0.1
1881,Baseline,3,Balanced,0,Low,0,Low,0,21.0361,3554.7,8.17631,0.581928,0.1
1882,Baseline,3,Balanced,0,Low,0,Low,0,20.9964,3546.8,8.17408,0.582065,0.1
1883,Baseline,3,Balanced,0,Low,0,Low,0,21.0485,3558.15,8.17728,0.581717,0.1
1884,Baseline,3,Balanced,0,Low,0,Low,0,21.043,3555.03,8.1764,0.581685,0.1
1885,Baseline,3,Balanced,0,Low,0,Low,0,20.9832,3549.21,8.17476,0.581208,0.1
1886,Baseline,3,Balanced,0,Low,0,Low,0,20.9374,3537.84,8.17155,0.581259,0.1
1887,Baseline,3,Balanced,0,Low,0,Low,0,21.0747,3562.52,8.1785,0.581993,0.1
1888,Baseline,3,Balanced,0,Low,0,Low,0,21.0351,3556.44,8.1768,0.581935,0.1
1889,Baseline,3,Balanced,0,Low,0,Low,0,20.9989,3547.7,8.17434,0.581912,0.1
1890,Baseline,3,Balanced,0,Low,0,Low,0,21.0683,3563.84,8.17888,0.581915,0.1
1891,Baseline,3,Balanced,0,Low,0,Low,0,21.0712,3559.33,8.17761,0.582515,0.1
1892,Baseline,3,Balanced,0,Low,0,Low,0,21.0185,3555,8.17639,0.581555,0.1
1893,Baseline,3,Balanced,0,Low,0,Low,0,20.9725,3544.98,8.17357,0.581662,0.1
1894,Baseline,3,Balanced,0,Low,0,Low,0,21.0091,3553.8,8.17605,0.58178,0.1
1895,Baseline,3,Balanced,0,Low,0,Low,0,21.0028,3548.53,8.17457,0.581942,0.1
1896,Baseline,3,Balanced,0,Low,0,Low,0,20.9943,3547.24,8.17421,0.581684,0.1
1897,Baseline,3,Balanced,0,Low,0,Low,0,21.0147,3552.37,8.17565,0.581599,0.1
1898,Baseline,3,Balanced,0,Low,0,Low,0,20.9907,3544.06,8.17331,0.581653,0.1
1899,Baseline,3,Balanced,0,Low,0,Low,0,21.0577,3560.67,8.17799,0.581522,0.1
1900,Baseline,3,Balanced,0,Low,0,Low,0,21.0262,3554.42,8.17623,0.581749,0.1
1901,Baseline,3,Balanced,0,Low,0,Low,0,21.0748,3560.28,8.17787,0.582028,0.1
1902,Baseline,3,Balanced,0,Low,0,Low,0,21.0073,3551.79,8.17549,0.581355,0.1
1903,Baseline,3,Balanced,0,Low,0,Low,0,20.9993,3549.4,8.17481,0.581923,0.1
1904,Baseline,3,Balanced,0,Low,0,Low,0,20.9291,3531.66,8.16981,0.581414,0.1
1905,Baseline,3,Balanced,0,Low,0,Low,0,21.0301,3557.78,8.17717,0.581448,0.1
1906,Baseline,3,Balanced,0,Low,0,Low,0,20.9817,3542.75,8.17294,0.581738,0.1
1907,Baseline,3,Balanced,0,Low,0,Low,0,20.955,3540.8,8.17239,0.581845,0.1
1908,Baseline,3,Balanced,0,Low,0,Low,0,21.1094,3572.99,8.18144,0.582439,0.1
1909,Baseline,3,Balanced,0,Low,0,Low,0,21.0593,3565.35,8.1793,0.581434,0.1
1910,Baseline,3,Balanced,0,Low,0,Low,0,21.0114,3547.77,8.17436,0.582072,0.1
1911,Baseline,3,Balanced,0,Low,0,Low,0,20.98,3545.97,8.17385,0.581577,0.1
1912,Baseline,3,Balanced,0,Low,0,Low,0,20.9843,3545.57,8.17374,0.581434,0.1
1913,Baseline,3,Balanced,0,Low,0,Low,0,21.1386,3573.21,8.1815,0.582393,0.1
1914,Baseline,3,Balanced,0,Low,0,Low,0,21.0583,3562.54,8.17851,0.581827,0.1
1915,Baseline,3,Balanced,0,Low,0,Low,0,21.0624,3559.23,8.17758,0.582004,0.1
1916,Baseline,3,Balanced,0,Low,0,Low,0,21.0498,3555.84,8.17663,0.582422,0.1
1917,Baseline,3,Balanced,0,Low,0,Low,0,21.0877,3565.33,8.17929,0.581532,0.1
1918,Baseline,3,Balanced,0,Low,0,Low,0,21.0764,3561.15,8.17812,0.582138,0.1
1919,Baseline,3,Balanced,0,Low,0,Low,0,21.0713,3561.46,8.17821,0.582309,0.1
1920,Baseline,3,Balanced,0,Low,0,Low,0,21.0366,3555.81,8.17662,0.581243,0.1
1921,Baseline,3,Balanced,0,Low,0,Low,0,21.0894,3566.18,8.17953,0.582102,0.1
1922,Baseline,3,Balanced,0,Low,0,Low,0,21.0411,3554.31,8.1762,0.581939,0.1
1923,Baseline,3,Balanced,0,Low,0,Low,0,21.0349,3555.04,8.1764,0.581617,0.1
1924,Baseline,3,Balanced,0,Low,0,Low,0,21.0285,3553.69,8.17602,0.581503,0.1
1925,Baseline,3,Balanced,0,Low,0,Low,0,21.0913,3567.17,8.17981,0.582001,0.1
1926,Baseline,3,Balanced,0,Low,0,Low,0,21.0829,3566.41,8.1796,0.582357,0.1
1927,Baseline,3,Balanced,0,Low,0,Low,0,20.9962,3548.11,8.17445,0.581433,0.1
1928,Baseline,3,Balanced,0,Low,0,Low,0,21.0218,3552.28,8.17562,0.581908,0.1
1929,Baseline,3,Balanced,0,Low,0,Low,0,20.992,3549.64,8.17488,0.581407,0.1
1930,Baseline,3,Balanced,0,Low,0,Low,0,20.9886,3546.37,8.17396,0.582194,0.1
1931,Baseline,3,Balanced,0,Low,0,Low,0,21.0093,3551.63,8.17544,0.581723,0.1
1932,Baseline,3,Balanced,0,Low,0,Low,0,21.028,3556.91,8.17693,0.581515,0.1
1933,Baseline,3,Balanced,0,Low,0,Low,0,20.9924,3543.53,8.17316,0.582255,0.1
1934,Baseline,3,Balanced,0,Low,0,Low,0,21.0681,3561.78,8.1783,0.582047,0.1
1935,Baseline,3,Balanced,0,Low,0,Low,0,21.0941,3569.39,8.18043,0.58221,0.1
1936,Baseline,3,Balanced,0,Low,0,Low,0,21.0418,3558.06,8.17725,0.582203,0.1
1937,Baseline,3,Balanced,0,Low,0,Low,0,21.0755,3562.5,8.1785,0.581869,0.1
1938,Baseline,3,Balanced,0,Low,0,Low,0,21.0053,3551.5,8.17541,0.582049,0.1
1939,Baseline,3,Balanced,0,Low,0,Low,0,21.0253,3555.88,8.17664,0.582085,0.1
1940,Baseline,3,Balanced,0,Low,0,Low,0,21.0631,3564.5,8.17906,0.582271,0.1
1941,Baseline,3,Balanced,0,Low,0,Low,0,21.05,3558.19,8.17729,0.582174,0.1
1942,Baseline,3,Balanced,0,Low,0,Low,0,21.0432,3556.89,8.17692,0.582319,0.1
1943,Baseline,3,Balanced,0,Low,0,Low,0,21.0764,3565.22,8.17926,0.582142,0.1
1944,Baseline,3,Balanced,0,Low,0,Low,0,21.0561,3562.08,8.17838,0.58143,0.1
1945,Baseline,3,Balanced,0,Low,0,Low,0,20.9915,3546.63,8.17403,0.581586,0.1
1946,Baseline,3,Balanced,0,Low,0,Low,0,21.0328,3557.72,8.17716,0.581592,0.1
1947,Baseline,3,Balanced,0,Low,0,Low,0,21.0243,3555.66,8.17658,0.582058,0.1
1948,Baseline,3,Balanced,0,Low,0,Low,0,21.0631,3559.71,8.17772,0.582158,0.1
1949,Baseline,3,Balanced,0,Low,0,Low,0,21.0084,3550.3,8.17507,0.581638,0.1
1950,Baseline,3,Balanced,0,Low,0,Low,0,20.983,3544.79,8.17352,0.582234,0.1
1951,Baseline,3,Balanced,0,Low,0,Low,0,21.0379,3553.35,8.17593,0.58201,0.1
1952,Baseline,3,Balanced,0,Low,0,Low,0,20.9857,3546.11,8.17389,0.581496,0.1
1953,Baseline,3,Balanced,0,Low,0,Low,0,21.0443,3556.69,8.17687,0.581903,0.1
1954,Baseline,3,Balanced,0,Low,0,Low,0,21.0042,3548.89,8.17467,0.581906,0.1
1955,Baseline,3,Balanced,0,Low,0,Low,0,21.0698,3563.59,8.17881,0.581882,0.1
1956,Baseline,3,Balanced,0,Low,0,Low,0,21.0248,3554.58,8.17627,0.581671,0.1
1957,Baseline,3,Balanced,0,Low,0,Low,0,20.9933,3547.85,8.17438,0.581758,0.1
1958,Baseline,3,Balanced,0,Low,0,Low,0,21.0242,3554.57,8.17627,0.581788,0.1
1959,Baseline,3,Balanced,0,Low,0,Low,0,21.0426,3558.99,8.17751,0.581743,0.1
1960,Baseline,3,Balanced,0,Low,0,Low,0,20.9924,3548.46,8.17455,0.581119,0.1
1961,Baseline,3,Balanced,0,Low,0,Low,0,20.9907,3549.01,8.1747,0.582026,0.1
1962,Baseline,3,Balanced,0,Low,0,Low,0,21.0373,3555.88,8.17664,0.581889,0.1
1963,Baseline,3,Balanced,0,Low,0,Low,0,21.0032,3545.43,8.1737,0.581577,0.1
1964,Baseline,3,Balanced,0,Low,0,Low,0,21.0854,3564.06,8.17894,0.582411,0.1
1965,Baseline,3,Balanced,0,Low,0,Low,0,21.0862,3563.88,8.17889,0.581897,0.1
1966,Baseline,3,Balanced,0,Low,0,Low,0,21.058,3558.87,8.17748,0.582307,0.1
1967,Baseline,3,Balanced,0,Low,0,Low,0,21.0012,3552.82,8.17578,0.58122,0.1
1968,Baseline,3,Balanced,0,Low,0,Low,0,20.9534,3536.33,8.17113,0.582544,0.1
1969,Baseline,3,Balanced,0,Low,0,Low,0,21.0493,3558.16,8.17728,0.581868,0.1
1970,Baseline,3,Balanced,0,Low,0,Low,0,20.997,3546.3,8.17394,0.581722,0.1
1971,Baseline,3,Balanced,0,Low,0,Low,0,21.0103,3552.7,8.17574,0.581402,0.1
1972,Baseline,3,Balanced,0,Low,0,Low,0,21.0496,3561.76,8.17829,0.581761,0.1
1973,Baseline,3,Balanced,0,Low,0,Low,0,21.0298,3554.69,8.1763,0.58174,0.1
1974,Baseline,3,Balanced,0,Low,0,Low,0,21.0415,3555.42,8.17651,0.582114,0.1
1975,Baseline,3,Balanced,0,Low,0,Low,0,21.016,3550.3,8.17507,0.581413,0.1
1976,Baseline,3,Balanced,0,Low,0,Low,0,21.0249,3551.48,8.1754,0.581994,0.1
1977,Baseline,3,Balanced,0,Low,0,Low,0,20.9846,3548.8,8.17465,0.581183,0.1
1978,Baseline,3,Balanced,0,Low,0,Low,0,21.0526,3559.15,8.17756,0.581888,0.1
1979,Baseline,3,Balanced,0,Low,0,Low,0,21.0132,3550.71,8.17519,0.582133,0.1
1980,Baseline,3,Balanced,0,Low,0,Low,0,20.9177,3529.78,8.16927,0.581617,0.1
1981,Baseline,3,Balanced,0,Low,0,Low,0,21.0365,3555.94,8.17665,0.581998,0.1
1982,Baseline,3,Balanced,0,Low,0,Low,0,20.9891,3545.36,8.17368,0.581534,0.1
1983,Baseline,3,Balanced,0,Low,0,Low,0,21.047,3558.61,8.17741,0.581479,0.1
1984,Baseline,3,Balanced,0,Low,0,Low,0,20.9985,3551.41,8.17538,0.581879,0.1
1985,Baseline,3,Balanced,0,Low,0,Low,0,21.0365,3555.74,8.1766,0.581703,0.1
1986,Baseline,3,Balanced,0,Low,0,Low,0,20.9837,3547.13,8.17418,0.580987,0.1
1987,Baseline,3,Balanced,0,Low,0,Low,0,20.9788,3543.88,8.17326,0.581574,0.1
1988,Baseline,3,Balanced,0,Low,0,Low,0,21.0442,3560.41,8.17791,0.581187,0.1
1989,Baseline,3,Balanced,0,Low,0,Low,0,21.0781,3565.56,8.17936,0.582027,0.1
1990,Baseline,3,Balanced,0,Low,0,Low,0,21.003,3549.85,8.17494,0.581214,0.1
1991,Baseline,3,Balanced,0,Low,0,Low,0,21.0413,3557.99,8.17723,0.581832,0.1
1992,Baseline,3,Balanced,0,Low,0,Low,0,21.0181,3554.71,8.17631,0.581802,0.1
1993,Baseline,3,Balanced,0,Low,0,Low,0,21.0179,3552.09,8.17557,0.581879,0.1
1994,Baseline,3,Balanced,0,Low,0,Low,0,21.0216,3552.73,8.17575,0.581794,0.1
1995,Baseline,3,Balanced,0,Low,0,Low,0,21.0694,3561.2,8.17813,0.581715,0.1
1996,Baseline,3,Balanced,0,Low,0,Low,0,21.0021,3552.78,8.17577,0.581477,0.1
1997,Baseline,3,Balanced,0,Low,0,Low,0,21.0524,3558.36,8.17734,0.581468,0.1
1998,Baseline,3,Balanced,0,Low,0,Low,0,21.0604,3562.84,8.17859,0.581858,0.1
1999,Baseline,3,Balanced,0,Low,0,Low,0,21.0095,3549.17,8.17475,0.582116,0.1
2000,Baseline,3,Balanced,0,Low,0,Low,0,21.0361,3552.38,8.17565,0.582195,0.1
2001,Baseline,3,Balanced,0,Low,0,Low,0,21.0743,3564.8,8.17914,0.581543,0.1
2002,Baseline,3,Balanced,0,Low,0,Low,0,21.0125,3550.46,8.17511,0.581489,0.1
2003,Baseline,3,Balanced,0,Low,0,Low,0,21.0275,3553.65,8.17601,0.581398,0.1
2004,Baseline,3,Balanced,0,Low,0,Low,0,21.064,3560.49,8.17793,0.581998,0.1
2005,Baseline,3,Balanced,0,Low,0,Low,0,21.0636,3561.05,8.17809,0.581433,0.1
2006,Baseline,3,Balanced,0,Low,0,Low,0,21.0384,3555.9,8.17665,0.582173,0.1
2007,Baseline,3,Balanced,0,Low,0,Low,0,21.0537,3558.59,8.1774,0.581754,0.1
2008,Baseline,3,Balanced,0,Low,0,Low,0,21.0854,3565.13,8.17924,0.581688,0.1
2009,Baseline,3,Balanced,0,Low,0,Low,0,21.0681,3563.01,8.17864,0.581776,0.1
2010,Baseline,3,Balanced,0,Low,0,Low,0,21.0329,3554.45,8.17624,0.581563,0.1
2011,Baseline,3,Balanced,0,Low,0,Low,0,21.0536,3562.01,8.17836,0.581286,0.1
2012,Baseline,3,Balanced,0,Low,0,Low,0,21.0257,3556.43,8.17679,0.581966,0.1
2013,Baseline,3,Balanced,0,Low,0,Low,0,21.0356,3558.67,8.17742,0.581755,0.1
2014,Baseline,3,Balanced,0,Low,0,Low,0,21.027,3554.79,8.17633,0.582232,0.1
2015,Baseline,3,Balanced,0,Low,0,Low,0,21.0078,3550.74,8.17519,0.58148,0.1
2016,Baseline,3,Balanced,0,Low,0,Low,0,21.0018,3550.41,8.1751,0.581681,0.1
2017,Baseline,3,Balanced,0,Low,0,Low,0,21.0162,3549.59,8.17487,0.581616,0.1
2018,Baseline,3,Balanced,0,Low,0,Low,0,20.9983,3548.22,8.17448,0.581954,0.1
2019,Baseline,3,Balanced,0,Low,0,Low,0,21.0722,3559.86,8.17776,0.581741,0.1
2020,Baseline,3,Balanced,0,Low,0,Low,0,21.0533,3559.85,8.17775,0.58167,0.1
2021,Baseline,3,Balanced,0,Low,0,Low,0,20.9853,3543.73,8.17322,0.58189,0.1
2022,Baseline,3,Balanced,0,Low,0,Low,0,20.9829,3549.19,8.17476,0.581598,0.1
2023,Baseline,3,Balanced,0,Low,0,Low,0,21.0373,3555.7,8.17659,0.58226,0.1
2024,Baseline,3,Balanced,0,Low,0,Low,0,21.0153,3551.32,8.17536,0.581796,0.1
2025,Baseline,3,Balanced,0,Low,0,Low,0,21.0907,3565.65,8.17938,0.58182,0.1
2026,Baseline,3,Balanced,0,Low,0,Low,0,21.0227,3556.27,8.17675,0.581607,0.1
2027,Baseline,3,Balanced,0,Low,0,Low,0,21.048,3558.66,8.17742,0.581568,0.1
2028,Baseline,3,Balanced,0,Low,0,Low,0,20.9716,3540.09,8.17219,0.581632,0.1
2029,Baseline,3,Balanced,0,Low,0,Low,0,21.0392,3558.44,8.17736,0.581647,0.1
2030,Baseline,3,Balanced,0,Low,0,Low,0,21.0442,3562.66,8.17854,0.581555,0.1
2031,Baseline,3,Balanced,0,Low,0,Low,0,20.9927,3549.1,8.17473,0.581755,0.1
2032,Baseline,3,Balanced,0,Low,0,Low,0,20.9447,3536.62,8.17121,0.581875,0.1
2033,Baseline,3,Balanced,0,Low,0,Low,0,21.0291,3555.33,8.17648,0.581556,0.1
2034,Baseline,3,Balanced,0,Low,0,Low,0,21.0105,3550.54,8.17514,0.581774,0.1
2035,Baseline,3,Balanced,0,Low,0,Low,0,20.9923,3545.69,8.17377,0.581612,0.1
2036,Baseline,3,Balanced,0,Low,0,Low,0,21.0489,3558.54,8.17739,0.581743,0.1
2037,Baseline,3,Balanced,0,Low,0,Low,0,21.0355,3557.04,8.17697,0.581367,0.1
2038,Baseline,3,Balanced,0,Low,0,Low,0,21.0281,3554.81,8.17634,0.582431,0.1
2039,Baseline,3,Balanced,0,Low,0,Low,0,21.0539,3560.84,8.17803,0.58143,0.1
2040,Baseline,3,Balanced,0,Low,0,Low,0,21.032,3555.72,8.17659,0.582192,0.1
2041,Baseline,3,Balanced,0,Low,0,Low,0,20.9693,3541.26,8.17252,0.582362,0.1
2042,Baseline,3,Balanced,0,Low,0,Low,0,21.0461,3558.69,8.17743,0.58172,0.1
2043,Baseline,3,Balanced,0,Low,0,Low,0,21.0279,3553.26,8.1759,0.582027,0.1
2044,Baseline,3,Balanced,0,Low,0,Low,0,21.0557,3556.45,8.1768,0.582309,0.1
2045,Baseline,3,Balanced,0,Low,0,Low,0,21.0627,3565.03,8.17921,0.581563,0.1
2046,Baseline,3,Balanced,0,Low,0,Low,0,21.0686,3561.55,8.17823,0.581536,0.1
2047,Baseline,3,Balanced,0,Low,0,Low,0,21.0151,3551.42,8.17539,0.58165,0.1
2048,Baseline,3,Balanced,0,Low,0,Low,0,21.0256,3553.22,8.17589,0.581543,0.1
2049,Baseline,3,Balanced,0,Low,0,Low,0,21.1009,3566.35,8.17958,0.581555,0.1
2050,Baseline,3,Balanced,0,Low,0,Low,0,21.0657,3563.08,8.17866,0.582031,0.1
2051,Baseline,3,Balanced,0,Low,0,Low,0,21.0366,3554.91,8.17637,0.581842,0.1
2052,Baseline,3,Balanced,0,Low,0,Low,0,21.0293,3553.59,8.176,0.581641,0.1
2053,Baseline,3,Balanced,0,Low,0,Low,0,21.0525,3562.44,8.17848,0.581342,0.1
2054,Baseline,3,Balanced,0,Low,0,Low,0,20.982,3544.89,8.17355,0.581276,0.1
2055,Baseline,3,Balanced,0,Low,0,Low,0,21.0282,3553.3,8.17591,0.581974,0.1
2056,Baseline,3,Balanced,0,Low,0,Low,0,21.0619,3560,8.1778,0.581613,0.1
2057,Baseline,3,Balanced,0,Low,0,Low,0,21.056,3558.86,8.17748,0.582176,0.1
2058,Baseline,3,Balanced,0,Low,0,Low,0,21.077,3566.39,8.17959,0.581905,0.1
2059,Baseline,3,Balanced,0,Low,0,Low,0,20.9883,3547.01,8.17414,0.581679,0.1
2060,Baseline,3,Balanced,0,Low,0,Low,0,20.9388,3537.6,8.17149,0.581317,0.1
2061,Baseline,3,Balanced,0,Low,0,Low,0,20.9751,3544.55,8.17345,0.581697,0.1
2062,Baseline,3,Balanced,0,Low,0,Low,0,21.0201,3552.84,8.17578,0.581498,0.1
2063,Baseline,3,Balanced,0,Low,0,Low,0,20.999,3550.43,8.17511,0.581763,0.1
2064,Baseline,3,Balanced,0,Low,0,Low,0,20.9854,3547.29,8.17422,0.581272,0.1
2065,Baseline,3,Balanced,0,Low,0,Low,0,21.0542,3557.18,8.17701,0.582156,0.1
2066,Baseline,3,Balanced,0,Low,0,Low,0,20.9792,3545.25,8.17365,0.58146,0.1
2067,Baseline,3,Balanced,0,Low,0,Low,0,21.0038,3548.79,8.17464,0.581523,0.1
2068,Baseline,3,Balanced,0,Low,0,Low,0,21.0395,3555.09,8.17642,0.582014,0.1
2069,Baseline,3,Balanced,0,Low,0,Low,0,21.0347,3553.72,8.17603,0.581775,0.1
2070,Baseline,3,Balanced,0,Low,0,Low,0,21.0447,3554.39,8.17622,0.581855,0.1
2071,Baseline,3,Balanced,0,Low,0,Low,0,21.0272,3552.51,8.17569,0.581778,0.1
2072,Baseline,3,Balanced,0,Low,0,Low,0,21.0304,3556.71,8.17687,0.581647,0.1
2073,Baseline,3,Balanced,0,Low,0,Low,0,21.0406,3558.04,8.17725,0.581838,0.1
2074,Baseline,3,Balanced,0,Low,0,Low,0,21.0474,3559.43,8.17764,0.581587,0.1
2075,Baseline,3,Balanced,0,Low,0,Low,0,21.0616,3560.26,8.17787,0.582006,0.1
2076,Baseline,3,Balanced,0,Low,0,Low,0,20.9922,3550.84,8.17522,0.581354,0.1
2077,Baseline,3,Balanced,0,Low,0,Low,0,21.0543,3560.28,8.17788,0.581477,0.1
2078,Baseline,3,Balanced,0,Low,0,Low,0,21.0802,3565.18,8.17925,0.581652,0.1
2079,Baseline,3,Balanced,0,Low,0,Low,0,21.0664,3559.5,8.17766,0.581946,0.1
2080,Baseline,3,Balanced,0,Low,0,Low,0,21.0416,3554.58,8.17627,0.581461,0.1
2081,Baseline,3,Balanced,0,Low,0,Low,0,21.0364,3557.51,8.1771,0.581679,0.1
2082,Baseline,3,Balanced,0,Low,0,Low,0,21.0616,3559.17,8.17756,0.581498,0.1
2083,Baseline,3,Balanced,0,Low,0,Low,0,21.0749,3564.16,8.17897,0.582055,0.1
2084,Baseline,3,Balanced,0,Low,0,Low,0,21.0593,3562.41,8.17847,0.581861,0.1
2085,Baseline,3,Balanced,0,Low,0,Low,0,21.0383,3557.76,8.17717,0.581839,0.1
2086,Baseline,3,Balanced,0,Low,0,Low,0,21.0273,3555.81,8.17662,0.58184,0.1
2087,Baseline,3,Balanced,0,Low,0,Low,0,21.0035,3547.71,8.17434,0.581749,0.1
2088,Baseline,3,Balanced,0,Low,0,Low,0,21.0242,3553.89,8.17608,0.581592,0.1
2089,Baseline,3,Balanced,0,Low,0,Low,0,21.0243,3554.39,8.17622,0.581802,0.1
2090,Baseline,3,Balanced,0,Low,0,Low,0,20.9942,3545.96,8.17385,0.581851,0.1
2091,Baseline,3,Balanced,0,Low,0,Low,0,21.055,3561.27,8.17815,0.581971,0.1
2092,Baseline,3,Balanced,0,Low,0,Low,0,21.036,3559.07,8.17754,0.581406,0.1
2093,Baseline,3,Balanced,0,Low,0,Low,0,20.9851,3545.93,8.17384,0.581493,0.1
2094,Baseline,3,Balanced,0,Low,0,Low,0,21.0482,3558.91,8.17749,0.581737,0.1
2095,Baseline,3,Balanced,0,Low,0,Low,0,21.0464,3562.72,8.17856,0.581895,0.1
2096,Baseline,3,Balanced,0,Low,0,Low,0,20.979,3545.08,8.1736,0.581423,0.1
2097,Baseline,3,Balanced,0,Low,0,Low,0,21.0328,3554.68,8.1763,0.581606,0.1
2098,Baseline,3,Balanced,0,Low,0,Low,0,21.0248,3554.7,8.17631,0.581822,0.1
2099,Baseline,3,Balanced,0,Low,0,Low,0,20.9886,3546.08,8.17388,0.581723,0.1
2100,Baseline,3,Balanced,0,Low,0,Low,0,20.9783,3543,8.17301,0.581941,0.1
2101,Baseline,3,Balanced,0,Low,0,Low,0,20.9972,3546.94,8.17412,0.581897,0.1
2102,Baseline,3,Balanced,0,Low,0,Low,0,21.081,3566.35,8.17958,0.581721,0.1
2103,Baseline,3,Balanced,0,Low,0,Low,0,20.9741,3543.22,8.17307,0.581736,0.1
2104,Baseline,3,Balanced,0,Low,0,Low,0,21.0734,3562.54,8.17851,0.581861,0.1
2105,Baseline,3,Balanced,0,Low,0,Low,0,21.0593,3560.01,8.1778,0.581974,0.1
2106,Baseline,3,Balanced,0,Low,0,Low,0,21.0272,3553.53,8.17598,0.581564,0.1
2107,Baseline,3,Balanced,0,Low,0,Low,0,21.0137,3551.39,8.17538,0.582218,0.1
2108,Baseline,3,Balanced,0,Low,0,Low,0,21.03,3554.67,8.1763,0.581917,0.1
2109,Baseline,3,Balanced,0,Low,0,Low,0,21.0395,3559.86,8.17776,0.581236,0.1
2110,Baseline,3,Balanced,0,Low,0,Low,0,20.9921,3548.23,8.17449,0.581904,0.1
2111,Baseline,3,Balanced,0,Low,0,Low,0,21.0435,3555.86,8.17663,0.581389,0.1
2112,Baseline,3,Balanced,0,Low,0,Low,0,21.0476,3560.13,8.17783,0.581429,0.1
2113,Baseline,3,Balanced,0,Low,0,Low,0,21.0007,3550.28,8.17506,0.581685,0.1
2114,Baseline,3,Balanced,0,Low,0,Low,0,21.0144,3553.15,8.17587,0.581494,0.1
2115,Baseline,3,Balanced,0,Low,0,Low,0,20.99,3545.9,8.17383,0.582407,0.1
2116,Baseline,3,Balanced,0,Low,0,Low,0,21.0819,3566.44,8.1796,0.58195,0.1
2117,Baseline,3,Balanced,0,Low,0,Low,0,20.9979,3548.01,8.17442,0.582052,0.1
2118,Baseline,3,Balanced,0,Low,0,Low,0,21.0445,3559.4,8.17763,0.58155,0.1
2119,Baseline,3,Balanced,0,Low,0,Low,0,21.0417,3559.11,8.17755,0.581565,0.1
2120,Baseline,3,Balanced,0,Low,0,Low,0,21.0442,3559.81,8.17774,0.58148,0.1
2121,Baseline,3,Balanced,0,Low,0,Low,0,21.0575,3559.94,8.17778,0.582244,0.1
2122,Baseline,3,Balanced,0,Low,0,Low,0,20.9956,3546.81,8.17409,0.581449,0.1
2123,Baseline,3,Balanced,0,Low,0,Low,0,20.9807,3547.36,8.17424,0.582016,0.1
2124,Baseline,3,Balanced,0,Low,0,Low,0,21.0177,3551.59,8.17543,0.581551,0.1
2125,Baseline,3,Balanced,0,Low,0,Low,0,21.0035,3549.95,8.17497,0.581636,0.1
2126,Baseline,3,Balanced,0,Low,0,Low,0,20.9635,3541.93,8.17271,0.581663,0.1
2127,Baseline,3,Balanced,0,Low,0,Low,0,21.062,3562.25,8.17843,0.581985,0.1
2128,Baseline,3,Balanced,0,Low,0,Low,0,21.0513,3558.03,8.17724,0.581619,0.1
2129,Baseline,3,Balanced,0,Low,0,Low,0,21.0465,3556.01,8.17668,0.581802,0.1
2130,Baseline,3,Balanced,0,Low,0,Low,0,21.0919,3566.87,8.17972,0.581793,0.1
2131,Baseline,3,Balanced,0,Low,0,Low,0,20.9903,3545.29,8.17366,0.581844,0.1
2132,Baseline,3,Balanced,0,Low,0,Low,0,21.0314,3554.17,8.17616,0.581284,0.1
2133,Baseline,3,Balanced,0,Low,0,Low,0,21.0612,3562.46,8.17849,0.581933,0.1
2134,Baseline,3,Balanced,0,Low,0,Low,0,20.9962,3549.78,8.17492,0.581715,0.1
2135,Baseline,3,Balanced,0,Low,0,Low,0,21.0807,3562.85,8.1786,0.582405,0.1
2136,Baseline,3,Balanced,0,Low,0,Low,0,21.0797,3563.02,8.17864,0.582045,0.1
2137,Baseline,3,Balanced,0,Low,0,Low,0,21.0443,3560.68,8.17799,0.58175,0.1
2138,Baseline,3,Balanced,0,Low,0,Low,0,21.0391,3556.71,8.17687,0.581834,0.1
2139,Baseline,3,Balanced,0,Low,0,Low,0,21.0493,3558.03,8.17724,0.581987,0.1
2140,Baseline,3,Balanced,0,Low,0,Low,0,21.0655,3560.56,8.17795,0.581534,0.1
2141,Baseline,3,Balanced,0,Low,0,Low,0,20.9811,3547.23,8.1742,0.581919,0.1
2142,Baseline,3,Balanced,0,Low,0,Low,0,21.0057,3550.54,8.17514,0.581831,0.1
2143,Baseline,3,Balanced,0,Low,0,Low,0,21.0354,3557.5,8.17709,0.581815,0.1
2144,Baseline,3,Balanced,0,Low,0,Low,0,21.0212,3554.54,8.17626,0.581756,0.1
2145,Baseline,3,Balanced,0,Low,0,Low,0,21.023,3555.25,8.17646,0.581943,0.1
2146,Baseline,3,Balanced,0,Low,0,Low,0,21.0563,3556.82,8.1769,0.582044,0.1
2147,Baseline,3,Balanced,0,Low,0,Low,0,20.9951,3549.58,8.17487,0.581884,0.1
2148,Baseline,3,Balanced,0,Low,0,Low,0,21.0112,3551.87,8.17551,0.582303,0.1
2149,Baseline,3,Balanced,0,Low,0,Low,0,21.0458,3558.27,8.17731,0.582156,0.1
2150,Baseline,3,Balanced,0,Low,0,Low,0,21.0121,3549.22,8.17476,0.581472,0.1
2151,Baseline,3,Balanced,0,Low,0,Low,0,21.0128,3552.8,8.17577,0.581158,0.1
2152,Baseline,3,Balanced,0,Low,0,Low,0,21.0735,3567,8.17976,0.581497,0.1
2153,Baseline,3,Balanced,0,Low,0,Low,0,21.0562,3560.89,8.17805,0.58171,0.1
2154,Baseline,3,Balanced,0,Low,0,Low,0,21.0771,3562.98,8.17863,0.581335,0.1
2155,Baseline,3,Balanced,0,Low,0,Low,0,21.0812,3563.56,8.1788,0.582211,0.1
2156,Baseline,3,Balanced,0,Low,0,Low,0,21.1332,3571.51,8.18102,0.5825,0.1
2157,Baseline,3,Balanced,0,Low,0,Low,0,21.057,3560.98,8.17807,0.581697,0.1
2158,Baseline,3,Balanced,0,Low,0,Low,0,20.9865,3547.32,8.17423,0.581365,0.1
2159,Baseline,3,Balanced,0,Low,0,Low,0,21.1051,3569.4,8.18043,0.581963,0.1
2160,Baseline,3,Balanced,0,Low,0,Low,0,20.9775,3547.95,8.17441,0.581343,0.1
2161,Baseline,3,Balanced,0,Low,0,Low,0,21.0579,3560.22,8.17786,0.581666,0.1
2162,Baseline,3,Balanced,0,Low,0,Low,0,21.0051,3549.15,8.17475,0.581963,0.1
2163,Baseline,3,Balanced,0,Low,0,Low,0,21.0429,3558.11,8.17727,0.581563,0.1
2164,Baseline,3,Balanced,0,Low,0,Low,0,21.0685,3564.83,8.17915,0.581605,0.1
2165,Baseline,3,Balanced,0,Low,0,Low,0,20.9568,3541.3,8.17253,0.581754,0.1
2166,Baseline,3,Balanced,0,Low,0,Low,0,21.0315,3555.74,8.1766,0.581244,0.1
2167,Baseline,3,Balanced,0,Low,0,Low,0,21.026,3551.22,8.17533,0.582122,0.1
2168,Baseline,3,Balanced,0,Low,0,Low,0,20.9995,3549.39,8.17481,0.581635,0.1
2169,Baseline,3,Balanced,0,Low,0,Low,0,21.0197,3551.67,8.17546,0.582072,0.1
2170,Baseline,3,Balanced,0,Low,0,Low,0,20.9833,3543.63,8.17319,0.580862,0.1
2171,Baseline,3,Balanced,0,Low,0,Low,0,20.9386,3539.18,8.17193,0.58149,0.1
2172,Baseline,3,Balanced,0,Low,0,Low,0,20.9353,3533.16,8.17023,0.581367,0.1
2173,Baseline,3,Balanced,0,Low,0,Low,0,21.0737,3563.78,8.17886,0.582314,0.1
2174,Baseline,3,Balanced,0,Low,0,Low,0,21.059,3558.56,8.17739,0.582197,0.1
2175,Baseline,3,Balanced,0,Low,0,Low,0,21.0228,3553.32,8.17592,0.581606,0.1
2176,Baseline,3,Balanced,0,Low,0,Low,0,21.016,3552.46,8.17568,0.581686,0.1
2177,Baseline,3,Balanced,0,Low,0,Low,0,21.0173,3551.83,8.1755,0.582193,0.1
2178,Baseline,3,Balanced,0,Low,0,Low,0,20.9789,3545.23,8.17364,0.581611,0.1
2179,Baseline,3,Balanced,0,Low,0,Low,0,21.0368,3552.16,8.17559,0.582015,0.1
2180,Baseline,3,Balanced,0,Low,0,Low,0,21.0379,3556.12,8.17671,0.582362,0.1
2181,Baseline,3,Balanced,0,Low,0,Low,0,21.0542,3559.26,8.17759,0.581579,0.1
2182,Baseline,3,Balanced,0,Low,0,Low,0,21.0743,3565.46,8.17933,0.58138,0.1
2183,Baseline,3,Balanced,0,Low,0,Low,0,21.0644,3561.11,8.17811,0.581657,0.1
2184,Baseline,3,Balanced,0,Low,0,Low,0,20.9631,3543.49,8.17315,0.581539,0.1
2185,Baseline,3,Balanced,0,Low,0,Low,0,21.0038,3550.39,8.17509,0.581449,0.1
2186,Baseline,3,Balanced,0,Low,0,Low,0,21.0525,3560.09,8.17782,0.581432,0.1
2187,Baseline,3,Balanced,0,Low,0,Low,0,20.943,3537.53,8.17147,0.581286,0.1
2188,Baseline,3,Balanced,0,Low,0,Low,0,21.0705,3563.65,8.17882,0.581994,0.1
2189,Baseline,3,Balanced,0,Low,0,Low,0,21.0127,3549.42,8.17482,0.581841,0.1
2190,Baseline,3,Balanced,0,Low,0,Low,0,20.9386,3536.05,8.17105,0.582033,0.1
2191,Baseline,3,Balanced,0,Low,0,Low,0,21.0069,3548.5,8.17456,0.582297,0.1
2192,Baseline,3,Balanced,0,Low,0,Low,0,21.0009,3551.37,8.17537,0.581489,0.1
2193,Baseline,3,Balanced,0,Low,0,Low,0,21.0239,3553.63,8.17601,0.581663,0.1
2194,Baseline,3,Balanced,0,Low,0,Low,0,21.0747,3565.47,8.17933,0.581659,0.1
2195,Baseline,3,Balanced,0,Low,0,Low,0,21.0429,3558.59,8.1774,0.581198,0.1
2196,Baseline,3,Balanced,0,Low,0,Low,0,21.0725,3564.57,8.17908,0.581559,0.1
2197,Baseline,3,Balanced,0,Low,0,Low,0,21.0313,3556.65,8.17686,0.581702,0.1
2198,Baseline,3,Balanced,0,Low,0,Low,0,21.0289,3552.11,8.17558,0.58187,0.1
2199,Baseline,3,Balanced,0,Low,0,Low,0,21.0211,3551.94,8.17553,0.581632,0.1
2200,Baseline,3,Balanced,0,Low,0,Low,0,21.046,3554.87,8.17636,0.581984,0.1
2201,Baseline,3,Balanced,0,Low,0,Low,0,21.0371,3554.86,8.17635,0.581234,0.1
2202,Baseline,3,Balanced,0,Low,0,Low,0,21.0547,3560.91,8.17805,0.581737,0.1
2203,Baseline,3,Balanced,0,Low,0,Low,0,21.006,3549.25,8.17477,0.581639,0.1
2204,Baseline,3,Balanced,0,Low,0,Low,0,21.0179,3551.12,8.1753,0.582269,0.1
2205,Baseline,3,Balanced,0,Low,0,Low,0,21.0614,3558.71,8.17743,0.581795,0.1
2206,Baseline,3,Balanced,0,Low,0,Low,0,21.0856,3564.95,8.17919,0.5825,0.1
2207,Baseline,3,Balanced,0,Low,0,Low,0,20.9696,3541.79,8.17267,0.581901,0.1
2208,Baseline,3,Balanced,0,Low,0,Low,0,21.041,3552.97,8.17582,0.581695,0.1
2209,Baseline,3,Balanced,0,Low,0,Low,0,20.9516,3537.67,8.17151,0.581832,0.1
2210,Baseline,3,Balanced,0,Low,0,Low,0,21.0177,3554.31,8.1762,0.581746,0.1
2211,Baseline,3,Balanced,0,Low,0,Low,0,21.0287,3556.14,8.17671,0.581431,0.1
2212,Baseline,3,Balanced,0,Low,0,Low,0,21.0614,3561.38,8.17818,0.581774,0.1
2213,Baseline,3,Balanced,0,Low,0,Low,0,21.0238,3554.69,8.1763,0.581925,0.1
2214,Baseline,3,Balanced,0,Low,0,Low,0,20.9983,3548.39,8.17453,0.581513,0.1
2215,Baseline,3,Balanced,0,Low,0,Low,0,21.0157,3551.02,8.17527,0.581929,0.1
2216,Baseline,3,Balanced,0,Low,0,Low,0,21.0254,3552.09,8.17557,0.581712,0.1
2217,Baseline,3,Balanced,0,Low,0,Low,0,20.984,3544.95,8.17356,0.581957,0.1
2218,Baseline,3,Balanced,0,Low,0,Low,0,21.0323,3553.85,8.17607,0.581791,0.1
2219,Baseline,3,Balanced,0,Low,0,Low,0,21.0084,3546.99,8.17414,0.581313,0.1
2220,Baseline,3,Balanced,0,Low,0,Low,0,21.0579,3556.88,8.17692,0.581861,0.1
2221,Baseline,3,Balanced,0,Low,0,Low,0,21.0202,3552.57,8.17571,0.581123,0.1
2222,Baseline,3,Balanced,0,Low,0,Low,0,21.0595,3560.76,8.17801,0.581394,0.1
2223,Baseline,3,Balanced,0,Low,0,Low,0,20.9646,3543.69,8.17321,0.581336,0.1
2224,Baseline,3,Balanced,0,Low,0,Low,0,21.0425,3560.05,8.17781,0.582005,0.1
2225,Baseline,3,Balanced,0,Low,0,Low,0,21.0081,3550.69,8.17518,0.581571,0.1
2226,Baseline,3,Balanced,0,Low,0,Low,0,21.0313,3554.65,8.17629,0.581583,0.1
2227,Baseline,3,Balanced,0,Low,0,Low,0,21.0604,3561.69,8.17827,0.581861,0.1
2228,Baseline,3,Balanced,0,Low,0,Low,0,21.0256,3553.3,8.17591,0.581768,0.1
2229,Baseline,3,Balanced,0,Low,0,Low,0,21.0903,3566.71,8.17968,0.58159,0.1
2230,Baseline,3,Balanced,0,Low,0,Low,0,21.0099,3551,8.17527,0.582384,0.1
2231,Baseline,3,Balanced,0,Low,0,Low,0,21.0072,3549.68,8.1749,0.581864,0.1
2232,Baseline,3,Balanced,0,Low,0,Low,0,20.9824,3544.93,8.17356,0.58199,0.1
2233,Baseline,3,Balanced,0,Low,0,Low,0,21.015,3551.52,8.17541,0.582323,0.1
2234,Baseline,3,Balanced,0,Low,0,Low,0,21.0416,3557.94,8.17722,0.5824,0.1
2235,Baseline,3,Balanced,0,Low,0,Low,0,21.1169,3573.76,8.18165,0.5818,0.1
2236,Baseline,3,Balanced,0,Low,0,Low,0,20.9742,3541.44,8.17257,0.582112,0.1
2237,Baseline,3,Balanced,0,Low,0,Low,0,20.9964,3549.87,8.17495,0.581791,0.1
2238,Baseline,3,Balanced,0,Low,0,Low,0,21.0508,3558.4,8.17735,0.582109,0.1
2239,Baseline,3,Balanced,0,Low,0,Low,0,21.0788,3564.14,8.17896,0.582133,0.1
2240,Baseline,3,Balanced,0,Low,0,Low,0,21.0206,3556.32,8.17676,0.581538,0.1
2241,Baseline,3,Balanced,0,Low,0,Low,0,21.0405,3558.64,8.17742,0.581361,0.1
2242,Baseline,3,Balanced,0,Low,0,Low,0,21.0718,3566.73,8.17969,0.581451,0.1
2243,Baseline,3,Balanced,0,Low,0,Low,0,21.0278,3554.42,8.17623,0.582152,0.1
2244,Baseline,3,Balanced,0,Low,0,Low,0,21.0884,3566.66,8.17967,0.582122,0.1
2245,Baseline,3,Balanced,0,Low,0,Low,0,21.0456,3558.12,8.17727,0.581236,0.1
2246,Baseline,3,Balanced,0,Low,0,Low,0,21.0388,3556.03,8.17668,0.581604,0.1
2247,Baseline,3,Balanced,0,Low,0,Low,0,21.065,3560.28,8.17788,0.582083,0.1
2248,Baseline,3,Balanced,0,Low,0,Low,0,21.0371,3557.11,8.17698,0.582269,0.1
2249,Baseline,3,Balanced,0,Low,0,Low,0,20.9907,3543.4,8.17312,0.582217,0.1
2250,Baseline,3,Balanced,0,Low,0,Low,0,21.0307,3555.87,8.17664,0.58158,0.1
2251,Baseline,3,Balanced,0,Low,0,Low,0,21.0214,3551.42,8.17538,0.581803,0.1
2252,Baseline,3,Balanced,0,Low,0,Low,0,21.0285,3554.97,8.17638,0.581626,0.1
2253,Baseline,3,Balanced,0,Low,0,Low,0,21.0275,3555.46,8.17652,0.582038,0.1
2254,Baseline,3,Balanced,0,Low,0,Low,0,20.998,3548.14,8.17446,0.581655,0.1
2255,Baseline,3,Balanced,0,Low,0,Low,0,21.0355,3554.75,8.17632,0.581584,0.1
2256,Baseline,3,Balanced,0,Low,0,Low,0,21.1069,3568.76,8.18025,0.582849,0.1
2257,Baseline,3,Balanced,0,Low,0,Low,0,21.0242,3555.22,8.17645,0.582509,0.1
2258,Baseline,3,Balanced,0,Low,0,Low,0,20.9976,3549.18,8.17475,0.581659,0.1
2259,Baseline,3,Balanced,0,Low,0,Low,0,21.006,3550.05,8.175,0.581521,0.1
2260,Baseline,3,Balanced,0,Low,0,Low,0,21.0253,3552.75,8.17576,0.581946,0.1
2261,Baseline,3,Balanced,0,Low,0,Low,0,21.0488,3561.13,8.17811,0.582112,0.1
2262,Baseline,3,Balanced,0,Low,0,Low,0,21.0375,3556.43,8.17679,0.581692,0.1
2263,Baseline,3,Balanced,0,Low,0,Low,0,21.0487,3560.89,8.17805,0.581424,0.1
2264,Baseline,3,Balanced,0,Low,0,Low,0,21.0386,3558.17,8.17728,0.581525,0.1
2265,Baseline,3,Balanced,0,Low,0,Low,0,21.0032,3548.69,8.17461,0.581976,0.1
2266,Baseline,3,Balanced,0,Low,0,Low,0,21.045,3557.34,8.17705,0.581693,0.1
2267,Baseline,3,Balanced,0,Low,0,Low,0,21.0161,3550.29,8.17507,0.581832,0.1
2268,Baseline,3,Balanced,0,Low,0,Low,0,21.0423,3557.29,8.17704,0.582343,0.1
2269,Baseline,3,Balanced,0,Low,0,Low,0,21.1004,3569.79,8.18054,0.581602,0.1
2270,Baseline,3,Balanced,0,Low,0,Low,0,21.0382,3555.91,8.17665,0.581823,0.1
2271,Baseline,3,Balanced,0,Low,0,Low,0,21.0771,3564.39,8.17903,0.581668,0.1
2272,Baseline,3,Balanced,0,Low,0,Low,0,20.9999,3548.93,8.17468,0.582212,0.1
2273,Baseline,3,Balanced,0,Low,0,Low,0,21.0387,3555.18,8.17644,0.581835,0.1
2274,Baseline,3,Balanced,0,Low,0,Low,0,21.0061,3546.05,8.17387,0.582037,0.1
2275,Baseline,3,Balanced,0,Low,0,Low,0,21.0437,3556.16,8.17672,0.582553,0.1
2276,Baseline,3,Balanced,0,Low,0,Low,0,21.0789,3565.65,8.17938,0.58144,0.1
2277,Baseline,3,Balanced,0,Low,0,Low,0,21.0464,3560.33,8.17789,0.581645,0.1
2278,Baseline,3,Balanced,0,Low,0,Low,0,21.0063,3552.16,8.17559,0.581588,0.1
2279,Baseline,3,Balanced,0,Low,0,Low,0,21.0229,3550.57,8.17515,0.582281,0.1
2280,Baseline,3,Balanced,0,Low,0,Low,0,21.0028,3549.8,8.17493,0.581555,0.1
2281,Baseline,3,Balanced,0,Low,0,Low,0,21.0412,3556.63,8.17685,0.581549,0.1
2282,Baseline,3,Balanced,0,Low,0,Low,0,20.989,3544.37,8.1734,0.582249,0.1
2283,Baseline,3,Balanced,0,Low,0,Low,0,21.0577,3560.41,8.17791,0.581288,0.1
2284,Baseline,3,Balanced,0,Low,0,Low,0,21.0505,3557.11,8.17699,0.581617,0.1
2285,Baseline,3,Balanced,0,Low,0,Low,0,21.022,3554.96,8.17638,0.581865,0.1
2286,Baseline,3,Balanced,0,Low,0,Low,0,20.9898,3546.23,8.17392,0.581968,0.1
2287,Baseline,3,Balanced,0,Low,0,Low,0,21.0131,3549.8,8.17493,0.582057,0.1
2288,Baseline,3,Balanced,0,Low,0,Low,0,20.9695,3543.94,8.17328,0.581366,0.1
2289,Baseline,3,Balanced,0,Low,0,Low,0,21.0625,3560.12,8.17783,0.581888,0.1
2290,Baseline,3,Balanced,0,Low,0,Low,0,20.9992,3546.58,8.17402,0.581129,0.1
2291,Baseline,3,Balanced,0,Low,0,Low,0,20.9852,3546.55,8.17401,0.581289,0.1
2292,Baseline,3,Balanced,0,Low,0,Low,0,20.9972,3545.93,8.17384,0.582239,0.1
2293,Baseline,3,Balanced,0,Low,0,Low,0,21.0702,3560.83,8.17803,0.581736,0.1
2294,Baseline,3,Balanced,0,Low,0,Low,0,21.0172,3551.9,8.17552,0.581659,0.1
2295,Baseline,3,Balanced,0,Low,0,Low,0,21.0414,3559.38,8.17762,0.582127,0.1
2296,Baseline,3,Balanced,0,Low,0,Low,0,21.0257,3551.37,8.17537,0.58233,0.1
2297,Baseline,3,Balanced,0,Low,0,Low,0,21.0615,3562.75,8.17857,0.581612,0.1
2298,Baseline,3,Balanced,0,Low,0,Low,0,20.97,3542.75,8.17294,0.581502,0.1
2299,Baseline,3,Balanced,0,Low,0,Low,0,20.9968,3546.41,8.17397,0.581901,0.1
2300,Baseline,3,Balanced,0,Low,0,Low,0,21.0045,3549.61,8.17488,0.581361,0.1
2301,Baseline,3,Balanced,0,Low,0,Low,0,21.0421,3556.5,8.17681,0.582075,0.1
2302,Baseline,3,Balanced,0,Low,0,Low,0,20.9636,3542.04,8.17274,0.581474,0.1
2303,Baseline,3,Balanced,0,Low,0,Low,0,21.0146,3552.42,8.17567,0.581756,0.1
2304,Baseline,3,Balanced,0,Low,0,Low,0,20.967,3541.24,8.17251,0.582078,0.1
2305,Baseline,3,Balanced,0,Low,0,Low,0,21.0485,3557.45,8.17708,0.581371,0.1
2306,Baseline,3,Balanced,0,Low,0,Low,0,21.012,3552.07,8.17557,0.581676,0.1
2307,Baseline,3,Balanced,0,Low,0,Low,0,21.087,3567.26,8.17983,0.581794,0.1
2308,Baseline,3,Balanced,0,Low,0,Low,0,21.0129,3548.36,8.17452,0.581747,0.1
2309,Baseline,3,Balanced,0,Low,0,Low,0,21.0053,3548,8.17442,0.582278,0.1
2310,Baseline,3,Balanced,0,Low,0,Low,0,21.0341,3555.01,8.17639,0.581893,0.1
2311,Baseline,3,Balanced,0,Low,0,Low,0,21.0125,3551.58,8.17543,0.582152,0.1
2312,Baseline,3,Balanced,0,Low,0,Low,0,21.0414,3554.61,8.17628,0.582076,0.1
2313,Baseline,3,Balanced,0,Low,0,Low,0,21.0569,3560.11,8.17783,0.581962,0.1
2314,Baseline,3,Balanced,0,Low,0,Low,0,20.9707,3543.64,8.17319,0.581645,0.1
2315,Baseline,3,Balanced,0,Low,0,Low,0,21.0348,3555.88,8.17664,0.581866,0.1
2316,Baseline,3,Balanced,0,Low,0,Low,0,21.0087,3550.98,8.17526,0.581544,0.1
2317,Baseline,3,Balanced,0,Low,0,Low,0,21.0456,3556.74,8.17688,0.581784,0.1
2318,Baseline,3,Balanced,0,Low,0,Low,0,21.0479,3560.71,8.178,0.581523,0.1
2319,Baseline,3,Balanced,0,Low,0,Low,0,21.0328,3558.49,8.17737,0.581352,0.1
2320,Baseline,3,Balanced,0,Low,0,Low,0,21.1037,3572.15,8.1812,0.581578,0.1
2321,Baseline,3,Balanced,0,Low,0,Low,0,21.0722,3563.73,8.17884,0.581859,0.1
2322,Baseline,3,Balanced,0,Low,0,Low,0,21.037,3555.05,8.1764,0.58148,0.1
2323,Baseline,3,Balanced,0,Low,0,Low,0,21.0314,3555.69,8.17659,0.581841,0.1
2324,Baseline,3,Balanced,0,Low,0,Low,0,21.0457,3557.35,8.17705,0.581787,0.1
2325,Baseline,3,Balanced,0,Low,0,Low,0,21.1043,3571.7,8.18108,0.581917,0.1
2326,Baseline,3,Balanced,0,Low,0,Low,0,20.9804,3546.19,8.17391,0.581844,0.1
2327,Baseline,3,Balanced,0,Low,0,Low,0,21.0952,3567.24,8.17983,0.581964,0.1
2328,Baseline,3,Balanced,0,Low,0,Low,0,21.0599,3559.17,8.17756,0.582021,0.1
2329,Baseline,3,Balanced,0,Low,0,Low,0,20.985,3547.77,8.17436,0.581885,0.1
2330,Baseline,3,Balanced,0,Low,0,Low,0,20.9896,3543.62,8.17319,0.581708,0.1
2331,Baseline,3,Balanced,0,Low,0,Low,0,20.9995,3549.36,8.1748,0.582131,0.1
2332,Baseline,3,Balanced,0,Low,0,Low,0,21.0145,3550.8,8.17521,0.581711,0.1
2333,Baseline,3,Balanced,0,Low,0,Low,0,21.0095,3551.76,8.17548,0.581717,0.1
2334,Baseline,3,Balanced,0,Low,0,Low,0,21.0482,3554.96,8.17638,0.582347,0.1
2335,Baseline,3,Balanced,0,Low,0,Low,0,21.0223,3552.12,8.17558,0.581929,0.1
2336,Baseline,3,Balanced,0,Low,0,Low,0,21.0152,3554.37,8.17622,0.581218,0.1
2337,Baseline,3,Balanced,0,Low,0,Low,0,21.0091,3552.61,8.17572,0.581674,0.1
2338,Baseline,3,Balanced,0,Low,0,Low,0,21.0593,3559.22,8.17758,0.582402,0.1
2339,Baseline,3,Balanced,0,Low,0,Low,0,21.0357,3554.45,8.17624,0.581301,0.1
2340,Baseline,3,Balanced,0,Low,0,Low,0,21.0385,3554.43,8.17623,0.581669,0.1
2341,Baseline,3,Balanced,0,Low,0,Low,0,21.0768,3564.06,8.17894,0.582469,0.1
2342,Baseline,3,Balanced,0,Low,0,Low,0,21.0528,3559.92,8.17777,0.581632,0.1
2343,Baseline,3,Balanced,0,Low,0,Low,0,21.0529,3557.98,8.17723,0.58206,0.1
2344,Baseline,3,Balanced,0,Low,0,Low,0,21.0185,3554.1,8.17614,0.581874,0.1
2345,Baseline,3,Balanced,0,Low,0,Low,0,21.0391,3556.4,8.17678,0.581752,0.1
2346,Baseline,3,Balanced,0,Low,0,Low,0,21.0008,3548.07,8.17444,0.581995,0.1
2347,Baseline,3,Balanced,0,Low,0,Low,0,21.0648,3561.81,8.17831,0.582147,0.1
2348,Baseline,3,Balanced,0,Low,0,Low,0,20.9805,3547.91,8.1744,0.581081,0.1
2349,Baseline,3,Balanced,0,Low,0,Low,0,21.045,3555.86,8.17663,0.581971,0.1
2350,Baseline,3,Balanced,0,Low,0,Low,0,21.0305,3550.17,8.17503,0.581998,0.1
2351,Baseline,3,Balanced,0,Low,0,Low,0,21.0004,3547.06,8.17416,0.581862,0.1
2352,Baseline,3,Balanced,0,Low,0,Low,0,21.021,3552.09,8.17557,0.581778,0.1
2353,Baseline,3,Balanced,0,Low,0,Low,0,21.0244,3554.5,8.17625,0.581869,0.1
2354,Baseline,3,Balanced,0,Low,0,Low,0,21.0804,3563.94,8.1789,0.581973,0.1
2355,Baseline,3,Balanced,0,Low,0,Low,0,21.0115,3553.85,8.17607,0.581353,0.1
2356,Baseline,3,Balanced,0,Low,0,Low,0,21.0344,3555.36,8.17649,0.581683,0.1
2357,Baseline,3,Balanced,0,Low,0,Low,0,21.0435,3555.05,8.1764,0.582054,0.1
2358,Baseline,3,Balanced,0,Low,0,Low,0,21.0901,3566.02,8.17949,0.582294,0.1
2359,Baseline,3,Balanced,0,Low,0,Low,0,21.0213,3552.77,8.17577,0.581585,0.1
2360,Baseline,3,Balanced,0,Low,0,Low,0,21.0763,3563.32,8.17873,0.581486,0.1
2361,Baseline,3,Balanced,0,Low,0,Low,0,21.0216,3554.89,8.17636,0.581483,0.1
2362,Baseline,3,Balanced,0,Low,0,Low,0,21.0117,3549.96,8.17497,0.581859,0.1
2363,Baseline,3,Balanced,0,Low,0,Low,0,21.0355,3555.57,8.17655,0.582002,0.1
2364,Baseline,3,Balanced,0,Low,0,Low,0,21.0279,3554.98,8.17638,0.581739,0.1
2365,Baseline,3,Balanced,0,Low,0,Low,0,21.0765,3563.73,8.17884,0.58176,0.1
2366,Baseline,3,Balanced,0,Low,0,Low,0,21.0344,3555.87,8.17664,0.582023,0.1
2367,Baseline,3,Balanced,0,Low,0,Low,0,21.043,3557.17,8.177,0.581387,0.1
2368,Baseline,3,Balanced,0,Low,0,Low,0,21.0236,3552.56,8.1757,0.582217,0.1
2369,Baseline,3,Balanced,0,Low,0,Low,0,21.0749,3561.9,8.17833,0.582254,0.1
2370,Baseline,3,Balanced,0,Low,0,Low,0,21.0169,3551.32,8.17536,0.581437,0.1
2371,Baseline,3,Balanced,0,Low,0,Low,0,21.0244,3552.87,8.17579,0.58155,0.1
2372,Baseline,3,Balanced,0,Low,0,Low,0,21.0596,3562.23,8.17842,0.581699,0.1
2373,Baseline,3,Balanced,0,Low,0,Low,0,21.0656,3560.69,8.17799,0.582125,0.1
2374,Baseline,3,Balanced,0,Low,0,Low,0,20.9692,3543.67,8.1732,0.581489,0.1
2375,Baseline,3,Balanced,0,Low,0,Low,0,21.0575,3558.93,8.1775,0.581957,0.1
2376,Baseline,3,Balanced,0,Low,0,Low,0,21.0163,3552.89,8.1758,0.581602,0.1
2377,Baseline,3,Balanced,0,Low,0,Low,0,21.02,3552.88,8.1758,0.582263,0.1
2378,Baseline,3,Balanced,0,Low,0,Low,0,21.104,3570.03,8.18061,0.581985,0.1
2379,Baseline,3,Balanced,0,Low,0,Low,0,21.0415,3557.5,8.17709,0.581714,0.1
2380,Baseline,3,Balanced,0,Low,0,Low,0,21.0289,3556.82,8.1769,0.581442,0.1
2381,Baseline,3,Balanced,0,Low,0,Low,0,21.0525,3557.56,8.17711,0.582121,0.1
2382,Baseline,3,Balanced,0,Low,0,Low,0,21.0333,3558.04,8.17725,0.581779,0.1
2383,Baseline,3,Balanced,0,Low,0,Low,0,21.0522,3559.16,8.17756,0.581917,0.1
2384,Baseline,3,Balanced,0,Low,0,Low,0,21.0303,3557.36,8.17706,0.581676,0.1
2385,Baseline,3,Balanced,0,Low,0,Low,0,21.0661,3559.75,8.17773,0.582101,0.1
2386,Baseline,3,Balanced,0,Low,0,Low,0,21.0516,3560.01,8.1778,0.581599,0.1
2387,Baseline,3,Balanced,0,Low,0,Low,0,21.0757,3564.08,8.17894,0.581873,0.1
2388,Baseline,3,Balanced,0,Low,0,Low,0,21.0163,3552.78,8.17577,0.582144,0.1
2389,Baseline,3,Balanced,0,Low,0,Low,0,20.9682,3540.82,8.1724,0.581544,0.1
2390,Baseline,3,Balanced,0,Low,0,Low,0,21.0711,3562.06,8.17837,0.58215,0.1
2391,Baseline,3,Balanced,0,Low,0,Low,0,21.0588,3560.19,8.17785,0.582018,0.1
2392,Baseline,3,Balanced,0,Low,0,Low,0,21.0311,3554.98,8.17639,0.581646,0.1
2393,Baseline,3,Balanced,0,Low,0,Low,0,21.0373,3554.57,8.17627,0.582146,0.1
2394,Baseline,3,Balanced,0,Low,0,Low,0,21.0625,3559.98,8.17779,0.581981,0.1
2395,Baseline,3,Balanced,0,Low,0,Low,0,21.0424,3554.95,8.17638,0.581698,0.1
2396,Baseline,3,Balanced,0,Low,0,Low,0,21.0423,3558.12,8.17727,0.582062,0.1
2397,Baseline,3,Balanced,0,Low,0,Low,0,21.0457,3556.36,8.17677,0.582169,0.1
2398,Baseline,3,Balanced,0,Low,0,Low,0,21.0018,3548.38,8.17453,0.581772,0.1
2399,Baseline,3,Balanced,0,Low,0,Low,0,21.0633,3563.86,8.17888,0.581561,0.1
2400,Baseline,3,Balanced,0,Low,0,Low,0,21.0316,3556.79,8.17689,0.581833,0.1
2401,Baseline,3,Balanced,0,Low,0,Low,0,21.0093,3549.26,8.17478,0.581694,0.1
2402,Baseline,3,Balanced,0,Low,0,Low,0,21.0281,3553.48,8.17596,0.581792,0.1
2403,Baseline,3,Balanced,0,Low,0,Low,0,21.062,3560.72,8.178,0.581511,0.1
2404,Baseline,3,Balanced,0,Low,0,Low,0,21.0729,3562.23,8.17842,0.582214,0.1
2405,Baseline,3,Balanced,0,Low,0,Low,0,21.0953,3567.71,8.17996,0.582236,0.1
2406,Baseline,3,Balanced,0,Low,0,Low,0,21.011,3550.99,8.17526,0.581906,0.1
2407,Baseline,3,Balanced,0,Low,0,Low,0,21.0831,3563.95,8.17891,0.581943,0.1
2408,Baseline,3,Balanced,0,Low,0,Low,0,21.0247,3556.42,8.17679,0.581417,0.1
2409,Baseline,3,Balanced,0,Low,0,Low,0,21.013,3550.85,8.17522,0.581813,0.1
2410,Baseline,3,Balanced,0,Low,0,Low,0,21.0169,3551.81,8.17549,0.581666,0.1
2411,Baseline,3,Balanced,0,Low,0,Low,0,20.9946,3550.85,8.17522,0.581372,0.1
2412,Baseline,3,Balanced,0,Low,0,Low,0,20.9797,3543.82,8.17324,0.581727,0.1
2413,Baseline,3,Balanced,0,Low,0,Low,0,21.0292,3555.87,8.17664,0.581448,0.1
2414,Baseline,3,Balanced,0,Low,0,Low,0,21.0301,3556.44,8.1768,0.581161,0.1
2415,Baseline,3,Balanced,0,Low,0,Low,0,21.0349,3555.18,8.17644,0.581804,0.1
2416,Baseline,3,Balanced,0,Low,0,Low,0,21.0558,3561.79,8.1783,0.581834,0.1
2417,Baseline,3,Balanced,0,Low,0,Low,0,21.0977,3567.99,8.18004,0.581937,0.1
2418,Baseline,3,Balanced,0,Low,0,Low,0,21.0411,3558.72,8.17744,0.581539,0.1
2419,Baseline,3,Balanced,0,Low,0,Low,0,20.9893,3547.74,8.17435,0.581166,0.1
2420,Baseline,3,Balanced,0,Low,0,Low,0,21.071,3561.22,8.17814,0.582056,0.1
2421,Baseline,3,Balanced,0,Low,0,Low,0,21.0283,3554.81,8.17634,0.581561,0.1
2422,Baseline,3,Balanced,0,Low,0,Low,0,21.0717,3562.32,8.17845,0.581163,0.1
2423,Baseline,3,Balanced,0,Low,0,Low,0,21.0756,3561.73,8.17828,0.582133,0.1
2424,Baseline,3,Balanced,0,Low,0,Low,0,21.0587,3558.61,8.17741,0.582565,0.1
2425,Baseline,3,Balanced,0,Low,0,Low,0,21.0216,3554.08,8.17613,0.582078,0.1
2426,Baseline,3,Balanced,0,Low,0,Low,0,21.0624,3561.05,8.17809,0.581484,0.1
2427,Baseline,3,Balanced,0,Low,0,Low,0,21.0541,3561.07,8.1781,0.581935,0.1
2428,Baseline,3,Balanced,0,Low,0,Low,0,21.0424,3558.75,8.17744,0.581602,0.1
2429,Baseline,3,Balanced,0,Low,0,Low,0,20.9618,3541.32,8.17254,0.582424,0.1
2430,Baseline,3,Balanced,0,Low,0,Low,0,21.0647,3562.35,8.17846,0.581874,0.1
2431,Baseline,3,Balanced,0,Low,0,Low,0,21.0155,3551.94,8.17553,0.581933,0.1
2432,Baseline,3,Balanced,0,Low,0,Low,0,20.9757,3544.85,8.17353,0.581327,0.1
2433,Baseline,3,Balanced,0,Low,0,Low,0,21.0693,3562.35,8.17846,0.581906,0.1
2434,Baseline,3,Balanced,0,Low,0,Low,0,20.9609,3543.02,8.17302,0.581731,0.1
2435,Baseline,3,Balanced,0,Low,0,Low,0,21.0295,3552.7,8.17575,0.581975,0.1
2436,Baseline,3,Balanced,0,Low,0,Low,0,20.9658,3541.4,8.17256,0.581702,0.1
2437,Baseline,3,Balanced,0,Low,0,Low,0,21.0214,3552.87,8.17579,0.581634,0.1
2438,Baseline,3,Balanced,0,Low,0,Low,0,21.0887,3566.06,8.1795,0.58216,0.1
2439,Baseline,3,Balanced,0,Low,0,Low,0,20.9904,3546.89,8.17411,0.581874,0.1
2440,Baseline,3,Balanced,0,Low,0,Low,0,21.0257,3555.54,8.17654,0.581866,0.1
2441,Baseline,3,Balanced,0,Low,0,Low,0,21.07,3562.73,8.17856,0.581915,0.1
2442,Baseline,3,Balanced,0,Low,0,Low,0,21.0245,3553.84,8.17606,0.581758,0.1
2443,Baseline,3,Balanced,0,Low,0,Low,0,20.9693,3539.78,8.1721,0.581715,0.1
2444,Baseline,3,Balanced,0,Low,0,Low,0,20.9793,3544.56,8.17345,0.581577,0.1
2445,Baseline,3,Balanced,0,Low,0,Low,0,20.9815,3545.36,8.17368,0.581423,0.1
2446,Baseline,3,Balanced,0,Low,0,Low,0,21.0081,3551.61,8.17544,0.581597,0.1
2447,Baseline,3,Balanced,0,Low,0,Low,0,21.0486,3557.62,8.17713,0.581749,0.1
2448,Baseline,3,Balanced,0,Low,0,Low,0,21.0196,3553.84,8.17606,0.581971,0.1
2449,Baseline,3,Balanced,0,Low,0,Low,0,21.0634,3560.79,8.17802,0.581922,0.1
2450,Baseline,3,Balanced,0,Low,0,Low,0,21.0001,3548.25,8.17449,0.582042,0.1
2451,Baseline,3,Balanced,0,Low,0,Low,0,21.0696,3561.3,8.17816,0.582334,0.1
2452,Baseline,3,Balanced,0,Low,0,Low,0,21.0657,3561.06,8.17809,0.581895,0.1
2453,Baseline,3,Balanced,0,Low,0,Low,0,21.0407,3554.28,8.17619,0.581847,0.1
2454,Baseline,3,Balanced,0,Low,0,Low,0,21.0525,3560.45,8.17792,0.581467,0.1
2455,Baseline,3,Balanced,0,Low,0,Low,0,21.0364,3556.27,8.17675,0.581606,0.1
2456,Baseline,3,Balanced,0,Low,0,Low,0,21.0012,3550.3,8.17507,0.581837,0.1
2457,Baseline,3,Balanced,0,Low,0,Low,0,21.0142,3555.04,8.1764,0.581304,0.1
2458,Baseline,3,Balanced,0,Low,0,Low,0,21.0226,3551.27,8.17534,0.581648,0.1
2459,Baseline,3,Balanced,0,Low,0,Low,0,21.0354,3557.27,8.17703,0.581671,0.1
2460,Baseline,3,Balanced,0,Low,0,Low,0,21.0369,3552.26,8.17562,0.582077,0.1
2461,Baseline,3,Balanced,0,Low,0,Low,0,21.0266,3555.5,8.17653,0.581471,0.1
2462,Baseline,3,Balanced,0,Low,0,Low,0,20.9875,3546.9,8.17411,0.581466,0.1
2463,Baseline,3,Balanced,0,Low,0,Low,0,21.0275,3553.86,8.17607,0.581949,0.1
2464,Baseline,3,Balanced,0,Low,0,Low,0,21.0493,3558.1,8.17726,0.581474,0.1
2465,Baseline,3,Balanced,0,Low,0,Low,0,21.0289,3554.48,8.17625,0.582319,0.1
2466,Baseline,3,Balanced,0,Low,0,Low,0,20.9795,3544.06,8.17331,0.581994,0.1
2467,Baseline,3,Balanced,0,Low,0,Low,0,21.0516,3558.19,8.17729,0.581696,0.1
2468,Baseline,3,Balanced,0,Low,0,Low,0,21.0105,3551.41,8.17538,0.581905,0.1
2469,Baseline,3,Balanced,0,Low,0,Low,0,21.0052,3548.31,8.17451,0.582002,0.1
2470,Baseline,3,Balanced,0,Low,0,Low,0,21.0142,3551.25,8.17534,0.581667,0.1
2471,Baseline,3,Balanced,0,Low,0,Low,0,21.0353,3553.77,8.17605,0.581963,0.1
2472,Baseline,3,Balanced,0,Low,0,Low,0,21.0633,3562.43,8.17848,0.582015,0.1
2473,Baseline,3,Balanced,0,Low,0,Low,0,21.0367,3557.36,8.17706,0.581272,0.1
2474,Baseline,3,Balanced,0,Low,0,Low,0,21.0881,3565.48,8.17933,0.581721,0.1
2475,Baseline,3,Balanced,0,Low,0,Low,0,20.9659,3542.12,8.17276,0.581284,0.1
2476,Baseline,3,Balanced,0,Low,0,Low,0,21.0922,3567.23,8.17982,0.582037,0.1
2477,Baseline,3,Balanced,0,Low,0,Low,0,21.0773,3563.58,8.1788,0.581959,0.1
2478,Baseline,3,Balanced,0,Low,0,Low,0,21.0927,3566.48,8.17962,0.582116,0.1
2479,Baseline,3,Balanced,0,Low,0,Low,0,21.0136,3551.94,8.17553,0.581584,0.1
2480,Baseline,3,Balanced,0,Low,0,Low,0,21.0043,3547.14,8.17418,0.58149,0.1
2481,Baseline,3,Balanced,0,Low,0,Low,0,21.0564,3561.25,8.17815,0.582128,0.1
2482,Baseline,3,Balanced,0,Low,0,Low,0,21.0046,3550.96,8.17525,0.58183,0.1
2483,Baseline,3,Balanced,0,Low,0,Low,0,20.945,3535.55,8.17091,0.581285,0.1
2484,Baseline,3,Balanced,0,Low,0,Low,0,21.0128,3550.38,8.17509,0.581862,0.1
2485,Baseline,3,Balanced,0,Low,0,Low,0,21.0111,3548.38,8.17453,0.58193,0.1
2486,Baseline,3,Balanced,0,Low,0,Low,0,21.0599,3560.21,8.17786,0.582317,0.1
2487,Baseline,3,Balanced,0,Low,0,Low,0,20.9511,3539.67,8.17207,0.581309,0.1
2488,Baseline,3,Balanced,0,Low,0,Low,0,21.0351,3554.28,8.17619,0.582187,0.1
2489,Baseline,3,Balanced,0,Low,0,Low,0,21.0028,3549.55,8.17486,0.581454,0.1
2490,Baseline,3,Balanced,0,Low,0,Low,0,21.031,3554.11,8.17614,0.581455,0.1
2491,Baseline,3,Balanced,0,Low,0,Low,0,21.035,3553.01,8.17583,0.581787,0.1
2492,Baseline,3,Balanced,0,Low,0,Low,0,21.0897,3568.37,8.18014,0.581532,0.1
2493,Baseline,3,Balanced,0,Low,0,Low,0,21.0346,3554.4,8.17622,0.581726,0.1
2494,Baseline,3,Balanced,0,Low,0,Low,0,21.0267,3552.02,8.17555,0.581334,0.1
2495,Baseline,3,Balanced,0,Low,0,Low,0,21.042,3558.02,8.17724,0.581939,0.1
2496,Baseline,3,Balanced,0,Low,0,Low,0,20.9833,3544.63,8.17347,0.581751,0.1
2497,Baseline,3,Balanced,0,Low,0,Low,0,21.0262,3556.74,8.17688,0.581606,0.1
2498,Baseline,3,Balanced,0,Low,0,Low,0,21.0217,3551.9,8.17552,0.581671,0.1
2499,Baseline,3,Balanced,0,Low,0,Low,0,21.0142,3554.62,8.17628,0.581806,0.1
2500,Baseline,3,Balanced,0,Low,0,Low,0,21.0288,3553.69,8.17602,0.58175,0.1
2501,Baseline,3,Balanced,0,Low,0,Low,0,21.0371,3558.49,8.17737,0.581718,0.1
2502,Baseline,3,Balanced,0,Low,0,Low,0,21.0256,3556.34,8.17677,0.58193,0.1
2503,Baseline,3,Balanced,0,Low,0,Low,0,20.9887,3546.12,8.17389,0.581477,0.1
2504,Baseline,3,Balanced,0,Low,0,Low,0,20.9436,3540.1,8.17219,0.581772,0.1
2505,Baseline,3,Balanced,0,Low,0,Low,0,20.9611,3542.99,8.17301,0.581576,0.1
2506,Baseline,3,Balanced,0,Low,0,Low,0,21.0663,3563.06,8.17866,0.581746,0.1
2507,Baseline,3,Balanced,0,Low,0,Low,0,21.025,3556.08,8.17669,0.581881,0.1
2508,Baseline,3,Balanced,0,Low,0,Low,0,20.9871,3544.56,8.17345,0.581856,0.1
2509,Baseline,3,Balanced,0,Low,0,Low,0,21.038,3556.34,8.17677,0.581412,0.1
2510,Baseline,3,Balanced,0,Low,0,Low,0,21.0372,3555.52,8.17654,0.58217,0.1
2511,Baseline,3,Balanced,0,Low,0,Low,0,21.0399,3555.82,8.17662,0.581727,0.1
2512,Baseline,3,Balanced,0,Low,0,Low,0,21.0939,3568.93,8.1803,0.581717,0.1
2513,Baseline,3,Balanced,0,Low,0,Low,0,20.9993,3547.52,8.17429,0.58149,0.1
2514,Baseline,3,Balanced,0,Low,0,Low,0,21.0194,3554.35,8.17621,0.58146,0.1
2515,Baseline,3,Balanced,0,Low,0,Low,0,21.0395,3555.88,8.17664,0.58198,0.1
2516,Baseline,3,Balanced,0,Low,0,Low,0,21.0788,3564.63,8.1791,0.581348,0.1
2517,Baseline,3,Balanced,0,Low,0,Low,0,21.0885,3564.86,8.17916,0.581885,0.1
2518,Baseline,3,Balanced,0,Low,0,Low,0,21.0428,3558.89,8.17749,0.581501,0.1
2519,Baseline,3,Balanced,0,Low,0,Low,0,21.0203,3552.07,8.17557,0.582131,0.1
2520,Baseline,3,Balanced,0,Low,0,Low,0,20.987,3544.82,8.17352,0.58188,0.1
2521,Baseline,3,Balanced,0,Low,0,Low,0,21.0052,3549.53,8.17485,0.581751,0.1
2522,Baseline,3,Balanced,0,Low,0,Low,0,21.0269,3555.53,8.17654,0.581814,0.1
2523,Baseline,3,Balanced,0,Low,0,Low,0,20.9669,3544.9,8.17355,0.58113,0.1
2524,Baseline,3,Balanced,0,Low,0,Low,0,20.9876,3547.57,8.1743,0.581614,0.1
2525,Baseline,3,Balanced,0,Low,0,Low,0,20.9974,3547.24,8.17421,0.58193,0.1
2526,Baseline,3,Balanced,0,Low,0,Low,0,21.0471,3558.77,8.17745,0.581518,0.1
2527,Baseline,3,Balanced,0,Low,0,Low,0,21.0002,3548.77,8.17464,0.581322,0.1
2528,Baseline,3,Balanced,0,Low,0,Low,0,21.0453,3557.41,8.17707,0.581839,0.1
2529,Baseline,3,Balanced,0,Low,0,Low,0,21.0551,3559.01,8.17752,0.581569,0.1
2530,Baseline,3,Balanced,0,Low,0,Low,0,21.0568,3560.06,8.17781,0.581331,0.1
2531,Baseline,3,Balanced,0,Low,0,Low,0,21.0641,3562.35,8.17846,0.581485,0.1
2532,Baseline,3,Balanced,0,Low,0,Low,0,21.034,3556.2,8.17673,0.581317,0.1
2533,Baseline,3,Balanced,0,Low,0,Low,0,21.0455,3559.82,8.17775,0.582046,0.1
2534,Baseline,3,Balanced,0,Low,0,Low,0,21.0474,3557.03,8.17696,0.581844,0.1
2535,Baseline,3,Balanced,0,Low,0,Low,0,21.0042,3547.79,8.17436,0.581414,0.1
2536,Baseline,3,Balanced,0,Low,0,Low,0,20.9883,3545.68,8.17377,0.581873,0.1
2537,Baseline,3,Balanced,0,Low,0,Low,0,21.0114,3550.38,8.17509,0.581774,0.1
2538,Baseline,3,Balanced,0,Low,0,Low,0,21.0353,3555.22,8.17645,0.581971,0.1
2539,Baseline,3,Balanced,0,Low,0,Low,0,21.097,3567.81,8.17999,0.581892,0.1
2540,Baseline,3,Balanced,0,Low,0,Low,0,21.0306,3556.63,8.17685,0.581382,0.1
2541,Baseline,3,Balanced,0,Low,0,Low,0,21.0219,3551.18,8.17532,0.581814,0.1
2542,Baseline,3,Balanced,0,Low,0,Low,0,20.9822,3547.46,8.17427,0.581472,0.1
2543,Baseline,3,Balanced,0,Low,0,Low,0,21.0697,3559.85,8.17776,0.582296,0.1
2544,Baseline,3,Balanced,0,Low,0,Low,0,21.0382,3556.27,8.17675,0.581862,0.1
2545,Baseline,3,Balanced,0,Low,0,Low,0,20.9802,3543.7,8.17321,0.581782,0.1
2546,Baseline,3,Balanced,0,Low,0,Low,0,21.0276,3554.97,8.17638,0.581406,0.1
2547,Baseline,3,Balanced,0,Low,0,Low,0,21.0374,3558.33,8.17733,0.581531,0.1
2548,Baseline,3,Balanced,0,Low,0,Low,0,21.0042,3550.67,8.17517,0.581125,0.1
2549,Baseline,3,Balanced,0,Low,0,Low,0,21.0155,3550.28,8.17506,0.581282,0.1
2550,Baseline,3,Balanced,0,Low,0,Low,0,21.0124,3552.38,8.17566,0.581232,0.1
2551,Baseline,3,Balanced,0,Low,0,Low,0,21.0421,3556.44,8.1768,0.581788,0.1
2552,Baseline,3,Balanced,0,Low,0,Low,0,20.9947,3549.64,8.17488,0.581196,0.1
2553,Baseline,3,Balanced,0,Low,0,Low,0,21.0224,3553.08,8.17585,0.582115,0.1
2554,Baseline,3,Balanced,0,Low,0,Low,0,21.0379,3557.81,8.17718,0.581856,0.1
2555,Baseline,3,Balanced,0,Low,0,Low,0,20.9997,3548.46,8.17455,0.582067,0.1
2556,Baseline,3,Balanced,0,Low,0,Low,0,21.0265,3557.36,8.17706,0.581808,0.1
2557,Baseline,3,Balanced,0,Low,0,Low,0,21.0295,3553.56,8.17599,0.581985,0.1
2558,Baseline,3,Balanced,0,Low,0,Low,0,21.0185,3551.46,8.1754,0.581598,0.1
2559,Baseline,3,Balanced,0,Low,0,Low,0,21.0266,3552.79,8.17577,0.582159,0.1
2560,Baseline,3,Balanced,0,Low,0,Low,0,21.0367,3559.63,8.17769,0.581697,0.1
2561,Baseline,3,Balanced,0,Low,0,Low,0,20.9628,3542.27,8.17281,0.581289,0.1
2562,Baseline,3,Balanced,0,Low,0,Low,0,21.0703,3563.29,8.17872,0.582167,0.1
2563,Baseline,3,Balanced,0,Low,0,Low,0,21.039,3554.97,8.17638,0.581824,0.1
2564,Baseline,3,Balanced,0,Low,0,Low,0,21.0538,3561.1,8.17811,0.582338,0.1
2565,Baseline,3,Balanced,0,Low,0,Low,0,21.0513,3558.21,8.17729,0.581607,0.1
2566,Baseline,3,Balanced,0,Low,0,Low,0,20.9747,3542.3,8.17281,0.581522,0.1
2567,Baseline,3,Balanced,0,Low,0,Low,0,21.0753,3566.08,8.1795,0.582482,0.1
2568,Baseline,3,Balanced,0,Low,0,Low,0,21.0845,3566.97,8.17975,0.581669,0.1
2569,Baseline,3,Balanced,0,Low,0,Low,0,21.0787,3563.88,8.17889,0.581903,0.1
2570,Baseline,3,Balanced,0,Low,0,Low,0,21.0476,3556.82,8.1769,0.581451,0.1
2571,Baseline,3,Balanced,0,Low,0,Low,0,21.0509,3556.22,8.17674,0.5818,0.1
2572,Baseline,3,Balanced,0,Low,0,Low,0,21.039,3556.51,8.17682,0.581876,0.1
2573,Baseline,3,Balanced,0,Low,0,Low,0,21.0534,3559.37,8.17762,0.582069,0.1
2574,Baseline,3,Balanced,0,Low,0,Low,0,20.9834,3544.22,8.17336,0.582377,0.1
2575,Baseline,3,Balanced,0,Low,0,Low,0,21.0433,3558.08,8.17726,0.581796,0.1
2576,Baseline,3,Balanced,0,Low,0,Low,0,21.0207,3550,8.17498,0.581809,0.1
2577,Baseline,3,Balanced,0,Low,0,Low,0,21.0259,3549.62,8.17488,0.581674,0.1
2578,Baseline,3,Balanced,0,Low,0,Low,0,21.0666,3564.02,8.17892,0.581764,0.1
2579,Baseline,3,Balanced,0,Low,0,Low,0,21.0732,3563.4,8.17875,0.581893,0.1
2580,Baseline,3,Balanced,0,Low,0,Low,0,21.0383,3554.86,8.17635,0.581493,0.1
2581,Baseline,3,Balanced,0,Low,0,Low,0,21.0679,3562.28,8.17844,0.581882,0.1
2582,Baseline,3,Balanced,0,Low,0,Low,0,21.0827,3568.46,8.18017,0.582087,0.1
2583,Baseline,3,Balanced,0,Low,0,Low,0,21.0073,3550.69,8.17518,0.581519,0.1
2584,Baseline,3,Balanced,0,Low,0,Low,0,20.9724,3543.53,8.17316,0.581505,0.1
2585,Baseline,3,Balanced,0,Low,0,Low,0,21.0666,3559.95,8.17778,0.58159,0.1
2586,Baseline,3,Balanced,0,Low,0,Low,0,21.0258,3553.58,8.17599,0.5819,0.1
2587,Baseline,3,Balanced,0,Low,0,Low,0,21.0749,3565.25,8.17927,0.581631,0.1
2588,Baseline,3,Balanced,0,Low,0,Low,0,21.0499,3557.4,8.17707,0.581757,0.1
2589,Baseline,3,Balanced,0,Low,0,Low,0,21.0791,3565.41,8.17931,0.581431,0.1
2590,Baseline,3,Balanced,0,Low,0,Low,0,21.0466,3558.43,8.17735,0.581905,0.1
2591,Baseline,3,Balanced,0,Low,0,Low,0,21.057,3559.37,8.17762,0.582052,0.1
2592,Baseline,3,Balanced,0,Low,0,Low,0,21.1335,3575.9,8.18225,0.581658,0.1
2593,Baseline,3,Balanced,0,Low,0,Low,0,21.0174,3554.13,8.17615,0.581419,0.1
2594,Baseline,3,Balanced,0,Low,0,Low,0,21.002,3549.42,8.17482,0.581492,0.1
2595,Baseline,3,Balanced,0,Low,0,Low,0,21.0328,3553.14,8.17587,0.581986,0.1
2596,Baseline,3,Balanced,0,Low,0,Low,0,21.0155,3550.32,8.17507,0.582134,0.1
2597,Baseline,3,Balanced,0,Low,0,Low,0,21.0159,3549.19,8.17476,0.581648,0.1
2598,Baseline,3,Balanced,0,Low,0,Low,0,21.0173,3554.1,8.17614,0.581337,0.1
2599,Baseline,3,Balanced,0,Low,0,Low,0,20.973,3545.89,8.17383,0.581791,0.1
2600,Baseline,3,Balanced,0,Low,0,Low,0,21.0771,3564.18,8.17897,0.581725,0.1
2601,Baseline,3,Balanced,0,Low,0,Low,0,20.9953,3546.36,8.17396,0.581793,0.1
2602,Baseline,3,Balanced,0,Low,0,Low,0,21.0695,3563.42,8.17876,0.581903,0.1
2603,Baseline,3,Balanced,0,Low,0,Low,0,21.0316,3555.97,8.17667,0.582079,0.1
2604,Baseline,3,Balanced,0,Low,0,Low,0,21.0036,3552.01,8.17555,0.581868,0.1
2605,Baseline,3,Balanced,0,Low,0,Low,0,20.9895,3547.39,8.17425,0.581859,0.1
2606,Baseline,3,Balanced,0,Low,0,Low,0,21.0188,3552.18,8.1756,0.58234,0.1
2607,Baseline,3,Balanced,0,Low,0,Low,0,21.0901,3567.29,8.17984,0.581836,0.1
2608,Baseline,3,Balanced,0,Low,0,Low,0,21.0533,3558.68,8.17743,0.581627,0.1
2609,Baseline,3,Balanced,0,Low,0,Low,0,21.0448,3557.26,8.17703,0.581763,0.1
2610,Baseline,3,Balanced,0,Low,0,Low,0,21.0466,3558.16,8.17728,0.581795,0.1
2611,Baseline,3,Balanced,0,Low,0,Low,0,20.9406,3536.18,8.17108,0.581672,0.1
2612,Baseline,3,Balanced,0,Low,0,Low,0,21.0213,3553.18,8.17588,0.581645,0.1
2613,Baseline,3,Balanced,0,Low,0,Low,0,21.0034,3550.64,8.17517,0.581762,0.1
2614,Baseline,3,Balanced,0,Low,0,Low,0,21.0592,3560.84,8.17803,0.581818,0.1
2615,Baseline,3,Balanced,0,Low,0,Low,0,21.0432,3557.05,8.17697,0.581807,0.1
2616,Baseline,3,Balanced,0,Low,0,Low,0,20.9919,3549.45,8.17483,0.582063,0.1
2617,Baseline,3,Balanced,0,Low,0,Low,0,21.0157,3551.4,8.17538,0.581824,0.1
2618,Baseline,3,Balanced,0,Low,0,Low,0,21.0637,3560.12,8.17783,0.581813,0.1
2619,Baseline,3,Balanced,0,Low,0,Low,0,21.0152,3553.55,8.17599,0.581881,0.1
2620,Baseline,3,Balanced,0,Low,0,Low,0,21.0818,3566.6,8.17965,0.581784,0.1
2621,Baseline,3,Balanced,0,Low,0,Low,0,21.023,3551.55,8.17542,0.581509,0.1
2622,Baseline,3,Balanced,0,Low,0,Low,0,21.0866,3564.97,8.17919,0.582145,0.1
2623,Baseline,3,Balanced,0,Low,0,Low,0,21.0216,3551.75,8.17548,0.58192,0.1
2624,Baseline,3,Balanced,0,Low,0,Low,0,21.0522,3558.15,8.17728,0.581915,0.1
2625,Baseline,3,Balanced,0,Low,0,Low,0,21.0066,3549.51,8.17485,0.581389,0.1
2626,Baseline,3,Balanced,0,Low,0,Low,0,20.9723,3543.37,8.17312,0.581483,0.1
2627,Baseline,3,Balanced,0,Low,0,Low,0,21.0093,3551.21,8.17532,0.582095,0.1
2628,Baseline,3,Balanced,0,Low,0,Low,0,21.0232,3553.27,8.17591,0.581925,0.1
2629,Baseline,3,Balanced,0,Low,0,Low,0,21.0853,3567.13,8.1798,0.581917,0.1
2630,Baseline,3,Balanced,0,Low,0,Low,0,21.0527,3560.69,8.17799,0.581308,0.1
2631,Baseline,3,Balanced,0,Low,0,Low,0,21.0229,3555.39,8.1765,0.581399,0.1
2632,Baseline,3,Balanced,0,Low,0,Low,0,20.9911,3547.2,8.1742,0.581255,0.1
2633,Baseline,3,Balanced,0,Low,0,Low,0,21.0195,3552.78,8.17577,0.581733,0.1
2634,Baseline,3,Balanced,0,Low,0,Low,0,21.0834,3564.5,8.17906,0.581698,0.1
2635,Baseline,3,Balanced,0,Low,0,Low,0,21.0515,3558.66,8.17742,0.581701,0.1
2636,Baseline,3,Balanced,0,Low,0,Low,0,21.1141,3573.07,8.18146,0.581859,0.1
2637,Baseline,3,Balanced,0,Low,0,Low,0,21.0268,3555.04,8.1764,0.581695,0.1
2638,Baseline,3,Balanced,0,Low,0,Low,0,21.0311,3553.95,8.1761,0.58156,0.1
2639,Baseline,3,Balanced,0,Low,0,Low,0,21.0618,3561.42,8.17819,0.581928,0.1
2640,Baseline,3,Balanced,0,Low,0,Low,0,21.0416,3556.47,8.17681,0.581965,0.1
2641,Baseline,3,Balanced,0,Low,0,Low,0,21.0563,3560.91,8.17805,0.58199,0.1
2642,Baseline,3,Balanced,0,Low,0,Low,0,20.9915,3549.85,8.17494,0.581872,0.1
2643,Baseline,3,Balanced,0,Low,0,Low,0,21.0181,3552.09,8.17557,0.581904,0.1
2644,Baseline,3,Balanced,0,Low,0,Low,0,21.0299,3552.54,8.1757,0.581923,0.1
2645,Baseline,3,Balanced,0,Low,0,Low,0,21.0545,3557.45,8.17708,0.581592,0.1
2646,Baseline,3,Balanced,0,Low,0,Low,0,21.0241,3557.35,8.17705,0.581428,0.1
2647,Baseline,3,Balanced,0,Low,0,Low,0,20.9633,3538.94,8.17186,0.581455,0.1
2648,Baseline,3,Balanced,0,Low,0,Low,0,21.0799,3563.66,8.17882,0.581832,0.1
2649,Baseline,3,Balanced,0,Low,0,Low,0,21.0109,3553.2,8.17589,0.581746,0.1
2650,Baseline,3,Balanced,0,Low,0,Low,0,21.021,3550.86,8.17523,0.582192,0.1
2651,Baseline,3,Balanced,0,Low,0,Low,0,21.0701,3563.82,8.17887,0.581929,0.1
2652,Baseline,3,Balanced,0,Low,0,Low,0,20.9937,3549.2,8.17476,0.581683,0.1
2653,Baseline,3,Balanced,0,Low,0,Low,0,21.0622,3560.48,8.17793,0.581884,0.1
2654,Baseline,3,Balanced,0,Low,0,Low,0,21.0155,3551.31,8.17535,0.581666,0.1
2655,Baseline,3,Balanced,0,Low,0,Low,0,21.0753,3565.31,8.17929,0.58172,0.1
2656,Baseline,3,Balanced,0,Low,0,Low,0,21.0011,3549.42,8.17482,0.581954,0.1
2657,Baseline,3,Balanced,0,Low,0,Low,0,20.968,3543.2,8.17307,0.581385,0.1
2658,Baseline,3,Balanced,0,Low,0,Low,0,21.0525,3556.9,8.17693,0.581808,0.1
2659,Baseline,3,Balanced,0,Low,0,Low,0,20.9834,3544.65,8.17348,0.581677,0.1
2660,Baseline,3,Balanced,0,Low,0,Low,0,21.0308,3554.6,8.17628,0.581551,0.1
2661,Baseline,3,Balanced,0,Low,0,Low,0,21.027,3554.23,8.17617,0.581714,0.1
2662,Baseline,3,Balanced,0,Low,0,Low,0,21.0475,3558.18,8.17729,0.581866,0.1
2663,Baseline,3,Balanced,0,Low,0,Low,0,20.9795,3545.99,8.17385,0.581515,0.1
2664,Baseline,3,Balanced,0,Low,0,Low,0,21.0643,3561.88,8.17832,0.581483,0.1
2665,Baseline,3,Balanced,0,Low,0,Low,0,21.0473,3558.65,8.17742,0.581856,0.1
2666,Baseline,3,Balanced,0,Low,0,Low,0,20.9883,3546.17,8.17391,0.581688,0.1
2667,Baseline,3,Balanced,0,Low,0,Low,0,21.0861,3564.08,8.17894,0.582218,0.1
2668,Baseline,3,Balanced,0,Low,0,Low,0,21.0565,3560.15,8.17784,0.581996,0.1
2669,Baseline,3,Balanced,0,Low,0,Low,0,21.0351,3557.18,8.177,0.581483,0.1
2670,Baseline,3,Balanced,0,Low,0,Low,0,21.0593,3560.87,8.17804,0.581773,0.1
2671,Baseline,3,Balanced,0,Low,0,Low,0,20.9766,3545.05,8.17359,0.581865,0.1
2672,Baseline,3,Balanced,0,Low,0,Low,0,21.0437,3554.62,8.17628,0.582284,0.1
2673,Baseline,3,Balanced,0,Low,0,Low,0,21.0516,3561.07,8.1781,0.581117,0.1
2674,Baseline,3,Balanced,0,Low,0,Low,0,20.9869,3545.24,8.17364,0.581697,0.1
2675,Baseline,3,Balanced,0,Low,0,Low,0,21.0282,3555.31,8.17648,0.581547,0.1
2676,Baseline,3,Balanced,0,Low,0,Low,0,20.9733,3544.11,8.17332,0.581439,0.1
2677,Baseline,3,Balanced,0,Low,0,Low,0,21.0412,3555.39,8.1765,0.582186,0.1
2678,Baseline,3,Balanced,0,Low,0,Low,0,21.0383,3556.74,8.17688,0.581912,0.1
2679,Baseline,3,Balanced,0,Low,0,Low,0,21.0144,3551.39,8.17537,0.581735,0.1
2680,Baseline,3,Balanced,0,Low,0,Low,0,20.9723,3544.79,8.17352,0.581521,0.1
2681,Baseline,3,Balanced,0,Low,0,Low,0,20.989,3545.3,8.17366,0.582,0.1
2682,Baseline,3,Balanced,0,Low,0,Low,0,20.9959,3547.08,8.17416,0.581841,0.1
2683,Baseline,3,Balanced,0,Low,0,Low,0,21.0989,3571.39,8.18099,0.581495,0.1
2684,Baseline,3,Balanced,0,Low,0,Low,0,21.0011,3548.09,8.17445,0.582011,0.1
2685,Baseline,3,Balanced,0,Low,0,Low,0,21.0129,3552.73,8.17575,0.581698,0.1
2686,Baseline,3,Balanced,0,Low,0,Low,0,21.0608,3561.94,8.17834,0.582243,0.1
2687,Baseline,3,Balanced,0,Low,0,Low,0,21.0692,3562.46,8.17849,0.58218,0.1
2688,Baseline,3,Balanced,0,Low,0,Low,0,21.0326,3551.65,8.17545,0.582097,0.1
2689,Baseline,3,Balanced,0,Low,0,Low,0,20.9459,3537.85,8.17156,0.581406,0.1
2690,Baseline,3,Balanced,0,Low,0,Low,0,21.0146,3552.7,8.17575,0.581702,0.1
2691,Baseline,3,Balanced,0,Low,0,Low,0,21.0443,3553.49,8.17597,0.582017,0.1
2692,Baseline,3,Balanced,0,Low,0,Low,0,21.0101,3550.66,8.17517,0.582163,0.1
2693,Baseline,3,Balanced,0,Low,0,Low,0,21.1212,3570.19,8.18066,0.582268,0.1
2694,Baseline,3,Balanced,0,Low,0,Low,0,21.0296,3552.18,8.1756,0.581437,0.1
2695,Baseline,3,Balanced,0,Low,0,Low,0,21.0032,3550.9,8.17524,0.581787,0.1
2696,Baseline,3,Balanced,0,Low,0,Low,0,21.0549,3561.87,8.17832,0.581943,0.1
2697,Baseline,3,Balanced,0,Low,0,Low,0,21.0254,3552.81,8.17577,0.582089,0.1
2698,Baseline,3,Balanced,0,Low,0,Low,0,20.9573,3540.23,8.17223,0.581704,0.1
2699,Baseline,3,Balanced,0,Low,0,Low,0,21.02,3555.18,8.17644,0.581615,0.1
2700,Baseline,3,Balanced,0,Low,0,Low,0,21.041,3556.6,8.17684,0.581575,0.1
2701,Baseline,3,Balanced,0,Low,0,Low,0,21.0801,3563.21,8.1787,0.582435,0.1
2702,Baseline,3,Balanced,0,Low,0,Low,0,21.0491,3557.22,8.17702,0.581662,0.1
2703,Baseline,3,Balanced,0,Low,0,Low,0,21.0041,3549.81,8.17493,0.581782,0.1
2704,Baseline,6,Balanced,0,Low,0,Low,0,21.0023,3552.02,8.17555,0.581408,0.1
2705,Baseline,6,Balanced,0,Low,0,Low,0,21.0233,3553.31,8.17592,0.581137,0.1
2706,Baseline,6,Balanced,0,Low,0,Low,0,21.053,3558.96,8.1775,0.581972,0.1
2707,Baseline,6,Balanced,0,Low,0,Low,0,21.0239,3554.45,8.17624,0.581483,0.1
2708,Baseline,6,Balanced,0,Low,0,Low,0,21.079,3566.9,8.17973,0.581723,0.1
2709,Baseline,6,Balanced,0,Low,0,Low,0,21.0385,3558.2,8.17729,0.581901,0.1
2710,Baseline,6,Balanced,0,Low,0,Low,0,20.9996,3551.76,8.17548,0.581376,0.1
2711,Baseline,6,Balanced,0,Low,0,Low,0,21.0234,3551.38,8.17537,0.582222,0.1
2712,Baseline,6,Balanced,0,Low,0,Low,0,21.0488,3561.42,8.17819,0.581444,0.1
2713,Baseline,6,Balanced,0,Low,0,Low,0,21.0147,3550.7,8.17518,0.581653,0.1
2714,Baseline,6,Balanced,0,Low,0,Low,0,21.0098,3551.95,8.17553,0.581673,0.1
2715,Baseline,6,Balanced,0,Low,0,Low,0,21.1093,3569.98,8.18059,0.581772,0.1
2716,Baseline,6,Balanced,0,Low,0,Low,0,21.0105,3551.32,8.17536,0.581696,0.1
2717,Baseline,6,Balanced,0,Low,0,Low,0,21.0039,3549.95,8.17497,0.581656,0.1
2718,Baseline,6,Balanced,0,Low,0,Low,0,21.0552,3559.23,8.17758,0.581768,0.1
2719,Baseline,6,Balanced,0,Low,0,Low,0,21.0142,3551.41,8.17538,0.58165,0.1
2720,Baseline,6,Balanced,0,Low,0,Low,0,21.0154,3551.53,8.17542,0.581146,0.1
2721,Baseline,6,Balanced,0,Low,0,Low,0,21.0657,3563.87,8.17888,0.581263,0.1
2722,Baseline,6,Balanced,0,Low,0,Low,0,21.033,3553.26,8.1759,0.581851,0.1
2723,Baseline,6,Balanced,0,Low,0,Low,0,21.0209,3553.37,8.17593,0.581884,0.1
2724,Baseline,6,Balanced,0,Low,0,Low,0,21.0178,3552.98,8.17582,0.581513,0.1
2725,Baseline,6,Balanced,0,Low,0,Low,0,21.1241,3573.79,8.18166,0.582478,0.1
2726,Baseline,6,Balanced,0,Low,0,Low,0,21.013,3553.79,8.17605,0.581859,0.1
2727,Baseline,6,Balanced,0,Low,0,Low,0,21.0206,3555.89,8.17664,0.581416,0.1
2728,Baseline,6,Balanced,0,Low,0,Low,0,21.0152,3550.8,8.17521,0.58203,0.1
2729,Baseline,6,Balanced,0,Low,0,Low,0,21.0004,3548.21,8.17448,0.581668,0.1
2730,Baseline,6,Balanced,0,Low,0,Low,0,20.9917,3546.86,8.1741,0.58183,0.1
2731,Baseline,6,Balanced,0,Low,0,Low,0,21.0795,3566.37,8.17958,0.581992,0.1
2732,Baseline,6,Balanced,0,Low,0,Low,0,21.0544,3557.95,8.17722,0.582289,0.1
2733,Baseline,6,Balanced,0,Low,0,Low,0,20.98,3544.34,8.17339,0.581499,0.1
2734,Baseline,6,Balanced,0,Low,0,Low,0,21.0156,3551.11,8.1753,0.581226,0.1
2735,Baseline,6,Balanced,0,Low,0,Low,0,20.9945,3547.86,8.17438,0.581763,0.1
2736,Baseline,6,Balanced,0,Low,0,Low,0,21.0475,3558.63,8.17741,0.581572,0.1
2737,Baseline,6,Balanced,0,Low,0,Low,0,20.9775,3543.72,8.17321,0.581458,0.1
2738,Baseline,6,Balanced,0,Low,0,Low,0,21.0413,3555.66,8.17658,0.581584,0.1
2739,Baseline,6,Balanced,0,Low,0,Low,0,21.0977,3571.86,8.18112,0.581471,0.1
2740,Baseline,6,Balanced,0,Low,0,Low,0,21.0728,3561.31,8.17816,0.582025,0.1
2741,Baseline,6,Balanced,0,Low,0,Low,0,21.0233,3554.39,8.17622,0.581703,0.1
2742,Baseline,6,Balanced,0,Low,0,Low,0,21.0071,3550.27,8.17506,0.581577,0.1
2743,Baseline,6,Balanced,0,Low,0,Low,0,21.0622,3558.79,8.17746,0.581716,0.1
2744,Baseline,6,Balanced,0,Low,0,Low,0,21.0272,3555.15,8.17643,0.581123,0.1
2745,Baseline,6,Balanced,0,Low,0,Low,0,21.0466,3562.48,8.17849,0.581198,0.1
2746,Baseline,6,Balanced,0,Low,0,Low,0,21.0243,3556.77,8.17689,0.580955,0.1
2747,Baseline,6,Balanced,0,Low,0,Low,0,21.0454,3560.63,8.17797,0.581894,0.1
2748,Baseline,6,Balanced,0,Low,0,Low,0,21.0657,3563.14,8.17868,0.581575,0.1
2749,Baseline,6,Balanced,0,Low,0,Low,0,21.0859,3563.62,8.17881,0.582337,0.1
2750,Baseline,6,Balanced,0,Low,0,Low,0,21.0407,3555.96,8.17666,0.582296,0.1
2751,Baseline,6,Balanced,0,Low,0,Low,0,20.97,3541.43,8.17257,0.582178,0.1
2752,Baseline,6,Balanced,0,Low,0,Low,0,21.0184,3550.43,8.17511,0.581829,0.1
2753,Baseline,6,Balanced,0,Low,0,Low,0,21.0523,3557.24,8.17702,0.582151,0.1
2754,Baseline,6,Balanced,0,Low,0,Low,0,20.9805,3543.05,8.17303,0.581767,0.1
2755,Baseline,6,Balanced,0,Low,0,Low,0,21.0682,3562.11,8.17839,0.58175,0.1
2756,Baseline,6,Balanced,0,Low,0,Low,0,21.0112,3551.21,8.17533,0.581556,0.1
2757,Baseline,6,Balanced,0,Low,0,Low,0,21.004,3551.65,8.17545,0.581521,0.1
2758,Baseline,6,Balanced,0,Low,0,Low,0,20.9954,3549.98,8.17498,0.581338,0.1
2759,Baseline,6,Balanced,0,Low,0,Low,0,21.1086,3569.92,8.18058,0.581729,0.1
2760,Baseline,6,Balanced,0,Low,0,Low,0,20.9912,3546.79,8.17408,0.581285,0.1
2761,Baseline,6,Balanced,0,Low,0,Low,0,21.0445,3559.75,8.17773,0.581412,0.1
2762,Baseline,6,Balanced,0,Low,0,Low,0,20.9436,3539.44,8.172,0.581177,0.1
2763,Baseline,6,Balanced,0,Low,0,Low,0,21.0568,3559.42,8.17763,0.582048,0.1
2764,Baseline,6,Balanced,0,Low,0,Low,0,21.0094,3549.97,8.17498,0.581158,0.1
2765,Baseline,6,Balanced,0,Low,0,Low,0,21.0023,3550.88,8.17523,0.581741,0.1
2766,Baseline,6,Balanced,0,Low,0,Low,0,21.0632,3561.08,8.1781,0.581882,0.1
2767,Baseline,6,Balanced,0,Low,0,Low,0,21.0443,3557.66,8.17714,0.581783,0.1
2768,Baseline,6,Balanced,0,Low,0,Low,0,20.9705,3541.45,8.17257,0.581827,0.1
2769,Baseline,6,Balanced,0,Low,0,Low,0,21.0429,3555.61,8.17656,0.581692,0.1
2770,Baseline,6,Balanced,0,Low,0,Low,0,20.9725,3542.5,8.17287,0.581528,0.1
2771,Baseline,6,Balanced,0,Low,0,Low,0,21.0448,3557.15,8.177,0.58216,0.1
2772,Baseline,6,Balanced,0,Low,0,Low,0,21.0269,3555.42,8.17651,0.582035,0.1
2773,Baseline,6,Balanced,0,Low,0,Low,0,21.0038,3551.59,8.17543,0.581323,0.1
2774,Baseline,6,Balanced,0,Low,0,Low,0,21.0346,3555.88,8.17664,0.581728,0.1
2775,Baseline,6,Balanced,0,Low,0,Low,0,21.0257,3555.57,8.17655,0.581919,0.1
2776,Baseline,6,Balanced,0,Low,0,Low,0,21.0175,3552.12,8.17558,0.581545,0.1
2777,Baseline,6,Balanced,0,Low,0,Low,0,20.9829,3542.66,8.17291,0.581868,0.1
2778,Baseline,6,Balanced,0,Low,0,Low,0,21.0067,3547.41,8.17426,0.582173,0.1
2779,Baseline,6,Balanced,0,Low,0,Low,0,20.9682,3541.32,8.17254,0.581435,0.1
2780,Baseline,6,Balanced,0,Low,0,Low,0,21.0191,3555.55,8.17655,0.58157,0.1
2781,Baseline,6,Balanced,0,Low,0,Low,0,21.0751,3564.89,8.17917,0.581604,0.1
2782,Baseline,6,Balanced,0,Low,0,Low,0,21.0195,3550.24,8.17505,0.582263,0.1
2783,Baseline,6,Balanced,0,Low,0,Low,0,21.0372,3557.69,8.17715,0.58189,0.1
2784,Baseline,6,Balanced,0,Low,0,Low,0,20.9664,3541.56,8.17261,0.581876,0.1
2785,Baseline,6,Balanced,0,Low,0,Low,0,20.9918,3549.45,8.17483,0.581614,0.1
2786,Baseline,6,Balanced,0,Low,0,Low,0,20.9928,3547.63,8.17432,0.581563,0.1
2787,Baseline,6,Balanced,0,Low,0,Low,0,21.0419,3556.83,8.17691,0.582257,0.1
2788,Baseline,6,Balanced,0,Low,0,Low,0,21.0374,3556.32,8.17676,0.582038,0.1
2789,Baseline,6,Balanced,0,Low,0,Low,0,20.9881,3547.31,8.17423,0.581383,0.1
2790,Baseline,6,Balanced,0,Low,0,Low,0,21.0029,3547.91,8.17439,0.582052,0.1
2791,Baseline,6,Balanced,0,Low,0,Low,0,21.0351,3553.97,8.1761,0.581581,0.1
2792,Baseline,6,Balanced,0,Low,0,Low,0,21.0446,3558,8.17723,0.581899,0.1
2793,Baseline,6,Balanced,0,Low,0,Low,0,20.9558,3540.21,8.17222,0.581133,0.1
2794,Baseline,6,Balanced,0,Low,0,Low,0,21.0369,3555.26,8.17647,0.581682,0.1
2795,Baseline,6,Balanced,0,Low,0,Low,0,21.0599,3561.84,8.17831,0.58195,0.1
2796,Baseline,6,Balanced,0,Low,0,Low,0,21.0079,3550.03,8.17499,0.581621,0.1
2797,Baseline,6,Balanced,0,Low,0,Low,0,21.0294,3556.74,8.17688,0.581495,0.1
2798,Baseline,6,Balanced,0,Low,0,Low,0,21.0113,3550.09,8.17501,0.582207,0.1
2799,Baseline,6,Balanced,0,Low,0,Low,0,21.0471,3558.44,8.17736,0.581694,0.1
2800,Baseline,6,Balanced,0,Low,0,Low,0,21.0954,3569.47,8.18045,0.582144,0.1
2801,Baseline,6,Balanced,0,Low,0,Low,0,21.0388,3558.58,8.1774,0.581698,0.1
2802,Baseline,6,Balanced,0,Low,0,Low,0,21.0242,3553.96,8.1761,0.581746,0.1
2803,Baseline,6,Balanced,0,Low,0,Low,0,20.9952,3548.1,8.17445,0.581944,0.1
2804,Baseline,6,Balanced,0,Low,0,Low,0,21.0166,3552.18,8.1756,0.58145,0.1
2805,Baseline,6,Balanced,0,Low,0,Low,0,21.0111,3550.34,8.17508,0.582451,0.1
2806,Baseline,6,Balanced,0,Low,0,Low,0,21.0242,3553.05,8.17584,0.58197,0.1
2807,Baseline,6,Balanced,0,Low,0,Low,0,20.9784,3546.88,8.17411,0.581323,0.1
2808,Baseline,6,Balanced,0,Low,0,Low,0,21.0152,3551.55,8.17542,0.58184,0.1
2809,Baseline,6,Balanced,0,Low,0,Low,0,21.0016,3551.85,8.17551,0.581618,0.1
2810,Baseline,6,Balanced,0,Low,0,Low,0,21.0109,3553.44,8.17595,0.581864,0.1
2811,Baseline,6,Balanced,0,Low,0,Low,0,20.9586,3544.3,8.17338,0.581553,0.1
2812,Baseline,6,Balanced,0,Low,0,Low,0,21.017,3554.1,8.17614,0.581702,0.1
2813,Baseline,6,Balanced,0,Low,0,Low,0,21.0102,3552.41,8.17566,0.581082,0.1
2814,Baseline,6,Balanced,0,Low,0,Low,0,21.0989,3566.08,8.1795,0.581909,0.1
2815,Baseline,6,Balanced,0,Low,0,Low,0,20.9985,3548.91,8.17468,0.581822,0.1
2816,Baseline,6,Balanced,0,Low,0,Low,0,21.062,3561.62,8.17825,0.581999,0.1
2817,Baseline,6,Balanced,0,Low,0,Low,0,21.0039,3547.12,8.17417,0.581679,0.1
2818,Baseline,6,Balanced,0,Low,0,Low,0,21.0347,3555.84,8.17663,0.581753,0.1
2819,Baseline,6,Balanced,0,Low,0,Low,0,20.9723,3539.78,8.1721,0.580924,0.1
2820,Baseline,6,Balanced,0,Low,0,Low,0,21.0378,3555.81,8.17662,0.581568,0.1
2821,Baseline,6,Balanced,0,Low,0,Low,0,21.0854,3566.68,8.17967,0.582297,0.1
2822,Baseline,6,Balanced,0,Low,0,Low,0,21.0972,3569.91,8.18057,0.581556,0.1
2823,Baseline,6,Balanced,0,Low,0,Low,0,21.021,3554.05,8.17613,0.581771,0.1
2824,Baseline,6,Balanced,0,Low,0,Low,0,21.0821,3565.68,8.17939,0.582265,0.1
2825,Baseline,6,Balanced,0,Low,0,Low,0,21.0966,3569.08,8.18034,0.581802,0.1
2826,Baseline,6,Balanced,0,Low,0,Low,0,21.0131,3553.81,8.17606,0.581728,0.1
2827,Baseline,6,Balanced,0,Low,0,Low,0,21.0224,3555.44,8.17651,0.581481,0.1
2828,Baseline,6,Balanced,0,Low,0,Low,0,21.0719,3563.89,8.17889,0.582069,0.1
2829,Baseline,6,Balanced,0,Low,0,Low,0,21.0357,3557.33,8.17705,0.58137,0.1
2830,Baseline,6,Balanced,0,Low,0,Low,0,21.0175,3551.83,8.1755,0.581609,0.1
2831,Baseline,6,Balanced,0,Low,0,Low,0,20.9728,3544.58,8.17346,0.581921,0.1
2832,Baseline,6,Balanced,0,Low,0,Low,0,21.0277,3553.69,8.17602,0.581276,0.1
2833,Baseline,6,Balanced,0,Low,0,Low,0,21.0064,3552.7,8.17575,0.581042,0.1
2834,Baseline,6,Balanced,0,Low,0,Low,0,21.0588,3562.05,8.17837,0.581162,0.1
2835,Baseline,6,Balanced,0,Low,0,Low,0,20.9972,3549.73,8.17491,0.582054,0.1
2836,Baseline,6,Balanced,0,Low,0,Low,0,21.0681,3561.53,8.17823,0.582319,0.1
2837,Baseline,6,Balanced,0,Low,0,Low,0,20.9485,3538.75,8.17181,0.581847,0.1
2838,Baseline,6,Balanced,0,Low,0,Low,0,20.9798,3544.81,8.17352,0.581818,0.1
2839,Baseline,6,Balanced,0,Low,0,Low,0,21.0466,3559.37,8.17762,0.581742,0.1
2840,Baseline,6,Balanced,0,Low,0,Low,0,21.0532,3556.31,8.17676,0.582254,0.1
2841,Baseline,6,Balanced,0,Low,0,Low,0,21.0156,3553.06,8.17585,0.581299,0.1
2842,Baseline,6,Balanced,0,Low,0,Low,0,20.9829,3543.87,8.17326,0.58212,0.1
2843,Baseline,6,Balanced,0,Low,0,Low,0,21.0481,3556.06,8.17669,0.582143,0.1
2844,Baseline,6,Balanced,0,Low,0,Low,0,21.0315,3556.38,8.17678,0.581331,0.1
2845,Baseline,6,Balanced,0,Low,0,Low,0,21.0233,3550.6,8.17515,0.582239,0.1
2846,Baseline,6,Balanced,0,Low,0,Low,0,20.9613,3541.48,8.17258,0.581525,0.1
2847,Baseline,6,Balanced,0,Low,0,Low,0,21.0459,3559.09,8.17754,0.581817,0.1
2848,Baseline,6,Balanced,0,Low,0,Low,0,21.0761,3564.49,8.17906,0.582114,0.1
2849,Baseline,6,Balanced,0,Low,0,Low,0,21.0213,3555.11,8.17642,0.581595,0.1
2850,Baseline,6,Balanced,0,Low,0,Low,0,21.0318,3557.14,8.17699,0.581338,0.1
2851,Baseline,6,Balanced,0,Low,0,Low,0,20.9995,3545.96,8.17385,0.581911,0.1
2852,Baseline,6,Balanced,0,Low,0,Low,0,21.0171,3551.32,8.17535,0.581809,0.1
2853,Baseline,6,Balanced,0,Low,0,Low,0,21.0804,3562.28,8.17844,0.5818,0.1
2854,Baseline,6,Balanced,0,Low,0,Low,0,21.0778,3565.85,8.17944,0.581477,0.1
2855,Baseline,6,Balanced,0,Low,0,Low,0,21,3550.65,8.17517,0.58176,0.1
2856,Baseline,6,Balanced,0,Low,0,Low,0,21.037,3553.64,8.17601,0.581997,0.1
2857,Baseline,6,Balanced,0,Low,0,Low,0,21.0314,3553.09,8.17585,0.582211,0.1
2858,Baseline,6,Balanced,0,Low,0,Low,0,21.0754,3565.6,8.17937,0.582044,0.1
2859,Baseline,6,Balanced,0,Low,0,Low,0,21.0425,3559.18,8.17757,0.58119,0.1
2860,Baseline,6,Balanced,0,Low,0,Low,0,21.121,3574.82,8.18195,0.581927,0.1
2861,Baseline,6,Balanced,0,Low,0,Low,0,21.0182,3551.77,8.17548,0.581789,0.1
2862,Baseline,6,Balanced,0,Low,0,Low,0,21.0848,3565.52,8.17935,0.582015,0.1
2863,Baseline,6,Balanced,0,Low,0,Low,0,21.0549,3560.85,8.17803,0.581742,0.1
2864,Baseline,6,Balanced,0,Low,0,Low,0,21.0422,3558.88,8.17748,0.581911,0.1
2865,Baseline,6,Balanced,0,Low,0,Low,0,20.9955,3548.35,8.17452,0.581323,0.1
2866,Baseline,6,Balanced,0,Low,0,Low,0,20.9802,3546.41,8.17397,0.581469,0.1
2867,Baseline,6,Balanced,0,Low,0,Low,0,21.0736,3563.24,8.17871,0.581134,0.1
2868,Baseline,6,Balanced,0,Low,0,Low,0,20.9711,3544.81,8.17352,0.581757,0.1
2869,Baseline,6,Balanced,0,Low,0,Low,0,21.0161,3550.86,8.17523,0.581751,0.1
2870,Baseline,6,Balanced,0,Low,0,Low,0,21.0522,3559.85,8.17776,0.581946,0.1
2871,Baseline,6,Balanced,0,Low,0,Low,0,21.0286,3553.7,8.17603,0.582034,0.1
2872,Baseline,6,Balanced,0,Low,0,Low,0,20.9974,3547.78,8.17436,0.581248,0.1
2873,Baseline,6,Balanced,0,Low,0,Low,0,21.1054,3569.71,8.18052,0.581545,0.1
2874,Baseline,6,Balanced,0,Low,0,Low,0,20.9937,3546.66,8.17404,0.581808,0.1
2875,Baseline,6,Balanced,0,Low,0,Low,0,21.0371,3557.65,8.17714,0.581704,0.1
2876,Baseline,6,Balanced,0,Low,0,Low,0,21.0435,3558.89,8.17749,0.581459,0.1
2877,Baseline,6,Balanced,0,Low,0,Low,0,21.0404,3556.74,8.17688,0.582058,0.1
2878,Baseline,6,Balanced,0,Low,0,Low,0,20.9884,3547.84,8.17438,0.581686,0.1
2879,Baseline,6,Balanced,0,Low,0,Low,0,21.0234,3553.41,8.17595,0.582038,0.1
2880,Baseline,6,Balanced,0,Low,0,Low,0,21.0278,3554.5,8.17625,0.581988,0.1
2881,Baseline,6,Balanced,0,Low,0,Low,0,20.9643,3542.86,8.17297,0.581796,0.1
2882,Baseline,6,Balanced,0,Low,0,Low,0,21.0038,3552.13,8.17558,0.581297,0.1
2883,Baseline,6,Balanced,0,Low,0,Low,0,21.0452,3556.28,8.17675,0.581933,0.1
2884,Baseline,6,Balanced,0,Low,0,Low,0,21.0294,3554.23,8.17618,0.581709,0.1
2885,Baseline,6,Balanced,0,Low,0,Low,0,20.9951,3549.81,8.17493,0.581572,0.1
2886,Baseline,6,Balanced,0,Low,0,Low,0,21.0632,3564.13,8.17896,0.581781,0.1
2887,Baseline,6,Balanced,0,Low,0,Low,0,20.9498,3538.68,8.17179,0.581616,0.1
2888,Baseline,6,Balanced,0,Low,0,Low,0,21.032,3555.22,8.17645,0.582024,0.1
2889,Baseline,6,Balanced,0,Low,0,Low,0,20.9972,3548.93,8.17468,0.581661,0.1
2890,Baseline,6,Balanced,0,Low,0,Low,0,21.0466,3556.07,8.17669,0.582081,0.1
2891,Baseline,6,Balanced,0,Low,0,Low,0,21.0615,3558.95,8.1775,0.582004,0.1
2892,Baseline,6,Balanced,0,Low,0,Low,0,20.9806,3546.87,8.1741,0.581118,0.1
2893,Baseline,6,Balanced,0,Low,0,Low,0,21.048,3556.16,8.17672,0.582417,0.1
2894,Baseline,6,Balanced,0,Low,0,Low,0,21.0333,3556,8.17667,0.582205,0.1
2895,Baseline,6,Balanced,0,Low,0,Low,0,20.9767,3540.42,8.17228,0.581182,0.1
2896,Baseline,6,Balanced,0,Low,0,Low,0,21.0713,3563.4,8.17875,0.582099,0.1
2897,Baseline,6,Balanced,0,Low,0,Low,0,21.0742,3563.57,8.1788,0.582061,0.1
2898,Baseline,6,Balanced,0,Low,0,Low,0,21.0489,3558.3,8.17732,0.581764,0.1
2899,Baseline,6,Balanced,0,Low,0,Low,0,21.0566,3561.78,8.1783,0.581703,0.1
2900,Baseline,6,Balanced,0,Low,0,Low,0,21.0386,3555.99,8.17667,0.581536,0.1
2901,Baseline,6,Balanced,0,Low,0,Low,0,21.035,3554.23,8.17617,0.58185,0.1
2902,Baseline,6,Balanced,0,Low,0,Low,0,21.0025,3550.73,8.17519,0.581818,0.1
2903,Baseline,6,Balanced,0,Low,0,Low,0,21.01,3548.2,8.17448,0.582193,0.1
2904,Baseline,6,Balanced,0,Low,0,Low,0,20.9913,3546.1,8.17389,0.581992,0.1
2905,Baseline,6,Balanced,0,Low,0,Low,0,21.0517,3554.75,8.17632,0.582044,0.1
2906,Baseline,6,Balanced,0,Low,0,Low,0,21.0362,3557.12,8.17699,0.581804,0.1
2907,Baseline,6,Balanced,0,Low,0,Low,0,21.039,3556.14,8.17671,0.58169,0.1
2908,Baseline,6,Balanced,0,Low,0,Low,0,21.0353,3556.17,8.17672,0.581595,0.1
2909,Baseline,6,Balanced,0,Low,0,Low,0,21.0557,3560.1,8.17782,0.581473,0.1
2910,Baseline,6,Balanced,0,Low,0,Low,0,21.0571,3559.56,8.17767,0.58168,0.1
2911,Baseline,6,Balanced,0,Low,0,Low,0,20.9964,3548.45,8.17455,0.581963,0.1
2912,Baseline,6,Balanced,0,Low,0,Low,0,20.9941,3546.63,8.17404,0.582469,0.1
2913,Baseline,6,Balanced,0,Low,0,Low,0,21.0393,3558.03,8.17724,0.581648,0.1
2914,Baseline,6,Balanced,0,Low,0,Low,0,21.0348,3556.13,8.17671,0.581752,0.1
2915,Baseline,6,Balanced,0,Low,0,Low,0,21.0083,3548.05,8.17443,0.581883,0.1
2916,Baseline,6,Balanced,0,Low,0,Low,0,21.0085,3548.19,8.17447,0.581659,0.1
2917,Baseline,6,Balanced,0,Low,0,Low,0,21.0524,3559.74,8.17772,0.581634,0.1
2918,Baseline,6,Balanced,0,Low,0,Low,0,21.035,3555.05,8.17641,0.581214,0.1
2919,Baseline,6,Balanced,0,Low,0,Low,0,21.0217,3551.34,8.17536,0.581712,0.1
2920,Baseline,6,Balanced,0,Low,0,Low,0,20.996,3544.71,8.17349,0.581826,0.1
2921,Baseline,6,Balanced,0,Low,0,Low,0,21.0622,3559.76,8.17773,0.582406,0.1
2922,Baseline,6,Balanced,0,Low,0,Low,0,21.0076,3551.96,8.17554,0.581589,0.1
2923,Baseline,6,Balanced,0,Low,0,Low,0,21.0416,3555.41,8.17651,0.582051,0.1
2924,Baseline,6,Balanced,0,Low,0,Low,0,21.0257,3552.5,8.17569,0.581366,0.1
2925,Baseline,6,Balanced,0,Low,0,Low,0,21.0768,3565.88,8.17945,0.581765,0.1
2926,Baseline,6,Balanced,0,Low,0,Low,0,21.1153,3570.83,8.18083,0.582121,0.1
2927,Baseline,6,Balanced,0,Low,0,Low,0,21.0288,3555.9,8.17664,0.581478,0.1
2928,Baseline,6,Balanced,0,Low,0,Low,0,21.0199,3556.13,8.17671,0.581794,0.1
2929,Baseline,6,Balanced,0,Low,0,Low,0,20.999,3546.67,8.17405,0.581982,0.1
2930,Baseline,6,Balanced,0,Low,0,Low,0,20.9722,3542,8.17273,0.581761,0.1
2931,Baseline,6,Balanced,0,Low,0,Low,0,20.9547,3538.7,8.1718,0.581512,0.1
2932,Baseline,6,Balanced,0,Low,0,Low,0,21.011,3550.38,8.17509,0.581325,0.1
2933,Baseline,6,Balanced,0,Low,0,Low,0,21.0263,3553.81,8.17606,0.582217,0.1
2934,Baseline,6,Balanced,0,Low,0,Low,0,21.0785,3565.04,8.17921,0.581385,0.1
2935,Baseline,6,Balanced,0,Low,0,Low,0,21.0303,3553.87,8.17607,0.582153,0.1
2936,Baseline,6,Balanced,0,Low,0,Low,0,21.0162,3551.81,8.17549,0.581967,0.1
2937,Baseline,6,Balanced,0,Low,0,Low,0,21.0333,3555.32,8.17648,0.58187,0.1
2938,Baseline,6,Balanced,0,Low,0,Low,0,21.0896,3566.73,8.17968,0.582279,0.1
2939,Baseline,6,Balanced,0,Low,0,Low,0,20.9867,3545.31,8.17366,0.58141,0.1
2940,Baseline,6,Balanced,0,Low,0,Low,0,21.1016,3569.93,8.18058,0.581929,0.1
2941,Baseline,6,Balanced,0,Low,0,Low,0,21.0359,3557.06,8.17697,0.581615,0.1
2942,Baseline,6,Balanced,0,Low,0,Low,0,21.0624,3560.93,8.17806,0.58195,0.1
2943,Baseline,6,Balanced,0,Low,0,Low,0,20.9862,3546.44,8.17398,0.581212,0.1
2944,Baseline,6,Balanced,0,Low,0,Low,0,21.1257,3573.78,8.18166,0.582404,0.1
2945,Baseline,6,Balanced,0,Low,0,Low,0,21.0281,3554.32,8.1762,0.581851,0.1
2946,Baseline,6,Balanced,0,Low,0,Low,0,21.0524,3560.47,8.17793,0.58194,0.1
2947,Baseline,6,Balanced,0,Low,0,Low,0,20.9789,3546.16,8.1739,0.581996,0.1
2948,Baseline,6,Balanced,0,Low,0,Low,0,21.0029,3547.05,8.17415,0.582106,0.1
2949,Baseline,6,Balanced,0,Low,0,Low,0,20.9965,3549.28,8.17478,0.581724,0.1
2950,Baseline,6,Balanced,0,Low,0,Low,0,21.0042,3548.68,8.17461,0.58146,0.1
2951,Baseline,6,Balanced,0,Low,0,Low,0,21.0668,3562.33,8.17845,0.581552,0.1
2952,Baseline,6,Balanced,0,Low,0,Low,0,20.9815,3544.92,8.17355,0.581379,0.1
2953,Baseline,6,Balanced,0,Low,0,Low,0,21.0758,3563.64,8.17882,0.582335,0.1
2954,Baseline,6,Balanced,0,Low,0,Low,0,21.0492,3556.74,8.17688,0.582079,0.1
2955,Baseline,6,Balanced,0,Low,0,Low,0,20.9976,3548.91,8.17468,0.581935,0.1
2956,Baseline,6,Balanced,0,Low,0,Low,0,21.0761,3562.68,8.17855,0.58172,0.1
2957,Baseline,6,Balanced,0,Low,0,Low,0,21.0565,3562.57,8.17852,0.582008,0.1
2958,Baseline,6,Balanced,0,Low,0,Low,0,20.9926,3546.64,8.17404,0.581915,0.1
2959,Baseline,6,Balanced,0,Low,0,Low,0,21.0141,3554.17,8.17616,0.58153,0.1
2960,Baseline,6,Balanced,0,Low,0,Low,0,21.0104,3550.86,8.17523,0.581916,0.1
2961,Baseline,6,Balanced,0,Low,0,Low,0,21.05,3558.53,8.17738,0.581994,0.1
2962,Baseline,6,Balanced,0,Low,0,Low,0,21.0165,3551.99,8.17554,0.581861,0.1
2963,Baseline,6,Balanced,0,Low,0,Low,0,21.0387,3557.3,8.17704,0.581725,0.1
2964,Baseline,6,Balanced,0,Low,0,Low,0,21.0256,3554.09,8.17614,0.581544,0.1
2965,Baseline,6,Balanced,0,Low,0,Low,0,21.0005,3548.53,8.17457,0.581881,0.1
2966,Baseline,6,Balanced,0,Low,0,Low,0,21.0517,3557.27,8.17703,0.581857,0.1
2967,Baseline,6,Balanced,0,Low,0,Low,0,21.037,3557.43,8.17707,0.582017,0.1
2968,Baseline,6,Balanced,0,Low,0,Low,0,21.0429,3556.98,8.17695,0.581786,0.1
2969,Baseline,6,Balanced,0,Low,0,Low,0,21.0322,3552.53,8.1757,0.581798,0.1
2970,Baseline,6,Balanced,0,Low,0,Low,0,21.0075,3550.99,8.17526,0.581229,0.1
2971,Baseline,6,Balanced,0,Low,0,Low,0,21.0167,3552.09,8.17557,0.581323,0.1
2972,Baseline,6,Balanced,0,Low,0,Low,0,21.0824,3563.85,8.17888,0.58184,0.1
2973,Baseline,6,Balanced,0,Low,0,Low,0,21.0658,3562.18,8.17841,0.581772,0.1
2974,Baseline,6,Balanced,0,Low,0,Low,0,21.0251,3554.78,8.17633,0.581982,0.1
2975,Baseline,6,Balanced,0,Low,0,Low,0,21.0596,3561.27,8.17815,0.581505,0.1
2976,Baseline,6,Balanced,0,Low,0,Low,0,21.0275,3553.67,8.17602,0.581435,0.1
2977,Baseline,6,Balanced,0,Low,0,Low,0,20.9761,3543.44,8.17313,0.581874,0.1
2978,Baseline,6,Balanced,0,Low,0,Low,0,21.0262,3553.66,8.17602,0.58145,0.1
2979,Baseline,6,Balanced,0,Low,0,Low,0,21.106,3568.32,8.18013,0.581768,0.1
2980,Baseline,6,Balanced,0,Low,0,Low,0,20.9711,3541.89,8.1727,0.581744,0.1
2981,Baseline,6,Balanced,0,Low,0,Low,0,20.9555,3541.21,8.17251,0.581599,0.1
2982,Baseline,6,Balanced,0,Low,0,Low,0,21.0607,3560.56,8.17795,0.582182,0.1
2983,Baseline,6,Balanced,0,Low,0,Low,0,21.0338,3557.82,8.17718,0.581849,0.1
2984,Baseline,6,Balanced,0,Low,0,Low,0,21.0327,3555.12,8.17643,0.581973,0.1
2985,Baseline,6,Balanced,0,Low,0,Low,0,21.0448,3560.64,8.17798,0.581511,0.1
2986,Baseline,6,Balanced,0,Low,0,Low,0,21.059,3561.81,8.17831,0.58158,0.1
2987,Baseline,6,Balanced,0,Low,0,Low,0,21.0529,3560.95,8.17806,0.581763,0.1
2988,Baseline,6,Balanced,0,Low,0,Low,0,21.0271,3553.06,8.17584,0.581397,0.1
2989,Baseline,6,Balanced,0,Low,0,Low,0,21.0334,3551.06,8.17528,0.582097,0.1
2990,Baseline,6,Balanced,0,Low,0,Low,0,20.9705,3542.69,8.17292,0.581681,0.1
2991,Baseline,6,Balanced,0,Low,0,Low,0,21.0546,3560.09,8.17782,0.581942,0.1
2992,Baseline,6,Balanced,0,Low,0,Low,0,20.9687,3540.94,8.17243,0.581596,0.1
2993,Baseline,6,Balanced,0,Low,0,Low,0,21.0251,3551.4,8.17538,0.581619,0.1
2994,Baseline,6,Balanced,0,Low,0,Low,0,21.004,3548.51,8.17456,0.581664,0.1
2995,Baseline,6,Balanced,0,Low,0,Low,0,20.9822,3545.73,8.17378,0.581864,0.1
2996,Baseline,6,Balanced,0,Low,0,Low,0,21.0354,3560.71,8.178,0.581669,0.1
2997,Baseline,6,Balanced,0,Low,0,Low,0,21.0795,3564.61,8.17909,0.582232,0.1
2998,Baseline,6,Balanced,0,Low,0,Low,0,21.0347,3555.79,8.17661,0.581592,0.1
2999,Baseline,6,Balanced,0,Low,0,Low,0,20.9704,3541.97,8.17272,0.582279,0.1
3000,Baseline,6,Balanced,0,Low,0,Low,0,21.0356,3556.77,8.17689,0.581552,0.1
3001,Baseline,6,Balanced,0,Low,0,Low,0,21.002,3547.37,8.17424,0.582202,0.1
3002,Baseline,6,Balanced,0,Low,0,Low,0,21.0114,3550.92,8.17524,0.581601,0.1
3003,Baseline,6,Balanced,0,Low,0,Low,0,21.0021,3548.07,8.17444,0.58167,0.1
3004,Baseline,6,Balanced,0,Low,0,Low,0,21.0525,3557.94,8.17722,0.58114,0.1
3005,Baseline,6,Balanced,0,Low,0,Low,0,20.9878,3543.63,8.17319,0.581995,0.1
3006,Baseline,6,Balanced,0,Low,0,Low,0,21.0265,3553.8,8.17605,0.58175,0.1
3007,Baseline,6,Balanced,0,Low,0,Low,0,21.0033,3547.47,8.17427,0.581721,0.1
3008,Baseline,6,Balanced,0,Low,0,Low,0,21.0458,3557.23,8.17702,0.581836,0.1
3009,Baseline,6,Balanced,0,Low,0,Low,0,21.0454,3558.84,8.17747,0.582032,0.1
3010,Baseline,6,Balanced,0,Low,0,Low,0,21.064,3562.76,8.17857,0.582135,0.1
3011,Baseline,6,Balanced,0,Low,0,Low,0,21.0867,3564.37,8.17902,0.581777,0.1
3012,Baseline,6,Balanced,0,Low,0,Low,0,21.0589,3557.69,8.17715,0.582079,0.1
3013,Baseline,6,Balanced,0,Low,0,Low,0,21.0349,3556.41,8.17679,0.581578,0.1
3014,Baseline,6,Balanced,0,Low,0,Low,0,20.9996,3547.27,8.17422,0.581646,0.1
3015,Baseline,6,Balanced,0,Low,0,Low,0,20.9929,3547.97,8.17441,0.582026,0.1
3016,Baseline,6,Balanced,0,Low,0,Low,0,21.0155,3552.02,8.17555,0.581695,0.1
3017,Baseline,6,Balanced,0,Low,0,Low,0,21.0453,3554.95,8.17638,0.581637,0.1
3018,Baseline,6,Balanced,0,Low,0,Low,0,21.0673,3562.28,8.17844,0.581534,0.1
3019,Baseline,6,Balanced,0,Low,0,Low,0,20.9561,3539.03,8.17189,0.581341,0.1
3020,Baseline,6,Balanced,0,Low,0,Low,0,21.0692,3560.17,8.17784,0.58183,0.1
3021,Baseline,6,Balanced,0,Low,0,Low,0,21.0146,3551.39,8.17537,0.581681,0.1
3022,Baseline,6,Balanced,0,Low,0,Low,0,21.0255,3552.36,8.17565,0.581803,0.1
3023,Baseline,6,Balanced,0,Low,0,Low,0,21.0468,3558.3,8.17732,0.581746,0.1
3024,Baseline,6,Balanced,0,Low,0,Low,0,21.0308,3554.18,8.17616,0.581828,0.1
3025,Baseline,6,Balanced,0,Low,0,Low,0,21.0191,3552.4,8.17566,0.581707,0.1
3026,Baseline,6,Balanced,0,Low,0,Low,0,21.0411,3555.07,8.17641,0.581879,0.1
3027,Baseline,6,Balanced,0,Low,0,Low,0,21.1046,3569.56,8.18048,0.582042,0.1
3028,Baseline,6,Balanced,0,Low,0,Low,0,21.0394,3556.68,8.17686,0.581923,0.1
3029,Baseline,6,Balanced,0,Low,0,Low,0,21.0473,3561.63,8.17825,0.581418,0.1
3030,Baseline,6,Balanced,0,Low,0,Low,0,21.0636,3562.5,8.1785,0.581974,0.1
3031,Baseline,6,Balanced,0,Low,0,Low,0,20.9803,3545.75,8.17379,0.58152,0.1
3032,Baseline,6,Balanced,0,Low,0,Low,0,21.0363,3555.37,8.1765,0.581771,0.1
3033,Baseline,6,Balanced,0,Low,0,Low,0,21.0053,3547.87,8.17438,0.581809,0.1
3034,Baseline,6,Balanced,0,Low,0,Low,0,20.9732,3544.76,8.17351,0.581868,0.1
3035,Baseline,6,Balanced,0,Low,0,Low,0,21.023,3552.67,8.17574,0.581697,0.1
3036,Baseline,6,Balanced,0,Low,0,Low,0,20.9785,3544.05,8.17331,0.58196,0.1
3037,Baseline,6,Balanced,0,Low,0,Low,0,20.9743,3541.71,8.17265,0.58139,0.1
3038,Baseline,6,Balanced,0,Low,0,Low,0,21.015,3552.1,8.17558,0.581281,0.1
3039,Baseline,6,Balanced,0,Low,0,Low,0,21.0413,3558.24,8.1773,0.581356,0.1
3040,Baseline,6,Balanced,0,Low,0,Low,0,21.0188,3552.69,8.17574,0.582121,0.1
3041,Baseline,6,Balanced,0,Low,0,Low,0,21.0343,3558.04,8.17725,0.582014,0.1
3042,Baseline,6,Balanced,0,Low,0,Low,0,21.0074,3550.44,8.17511,0.582239,0.1
3043,Baseline,6,Balanced,0,Low,0,Low,0,21.0041,3552.58,8.17571,0.581289,0.1
3044,Baseline,6,Balanced,0,Low,0,Low,0,21.0335,3556.21,8.17673,0.581766,0.1
3045,Baseline,6,Balanced,0,Low,0,Low,0,21.0687,3564.82,8.17915,0.581712,0.1
3046,Baseline,6,Balanced,0,Low,0,Low,0,21.0424,3557.19,8.17701,0.582292,0.1
3047,Baseline,6,Balanced,0,Low,0,Low,0,21.0915,3570.73,8.1808,0.581636,0.1
3048,Baseline,6,Balanced,0,Low,0,Low,0,21.0228,3549.38,8.17481,0.581697,0.1
3049,Baseline,6,Balanced,0,Low,0,Low,0,21.0005,3546.97,8.17413,0.581753,0.1
3050,Baseline,6,Balanced,0,Low,0,Low,0,21.0371,3557.17,8.177,0.581273,0.1
3051,Baseline,6,Balanced,0,Low,0,Low,0,21.0009,3548.26,8.17449,0.581344,0.1
3052,Baseline,6,Balanced,0,Low,0,Low,0,21.0538,3557.35,8.17705,0.582184,0.1
3053,Baseline,6,Balanced,0,Low,0,Low,0,21.0573,3558.32,8.17733,0.582329,0.1
3054,Baseline,6,Balanced,0,Low,0,Low,0,21.0341,3553.87,8.17607,0.58156,0.1
3055,Baseline,6,Balanced,0,Low,0,Low,0,20.9809,3546.29,8.17394,0.581145,0.1
3056,Baseline,6,Balanced,0,Low,0,Low,0,21.0836,3565.31,8.17929,0.582138,0.1
3057,Baseline,6,Balanced,0,Low,0,Low,0,21.052,3561.93,8.17834,0.581809,0.1
3058,Baseline,6,Balanced,0,Low,0,Low,0,21.025,3553.42,8.17595,0.582033,0.1
3059,Baseline,6,Balanced,0,Low,0,Low,0,21.007,3551.32,8.17535,0.581356,0.1
3060,Baseline,6,Balanced,0,Low,0,Low,0,21.0185,3552.4,8.17566,0.582008,0.1
3061,Baseline,6,Balanced,0,Low,0,Low,0,21.0199,3556.38,8.17678,0.58159,0.1
3062,Baseline,6,Balanced,0,Low,0,Low,0,21.0332,3550.44,8.17511,0.58204,0.1
3063,Baseline,6,Balanced,0,Low,0,Low,0,21.0479,3556.6,8.17684,0.582138,0.1
3064,Baseline,6,Balanced,0,Low,0,Low,0,21.038,3553.05,8.17584,0.581703,0.1
3065,Baseline,6,Balanced,0,Low,0,Low,0,20.9945,3548.38,8.17453,0.582058,0.1
3066,Baseline,6,Balanced,0,Low,0,Low,0,21.0014,3552.83,8.17578,0.581644,0.1
3067,Baseline,6,Balanced,0,Low,0,Low,0,21.0203,3552.71,8.17575,0.581903,0.1
3068,Baseline,6,Balanced,0,Low,0,Low,0,20.988,3545.51,8.17372,0.581831,0.1
3069,Baseline,6,Balanced,0,Low,0,Low,0,21.0689,3562.71,8.17856,0.581969,0.1
3070,Baseline,6,Balanced,0,Low,0,Low,0,21.0609,3558.03,8.17724,0.582378,0.1
3071,Baseline,6,Balanced,0,Low,0,Low,0,21.0463,3561.3,8.17816,0.581709,0.1
3072,Baseline,6,Balanced,0,Low,0,Low,0,21.0369,3556.98,8.17695,0.581531,0.1
3073,Baseline,6,Balanced,0,Low,0,Low,0,20.953,3542.07,8.17275,0.581294,0.1
3074,Baseline,6,Balanced,0,Low,0,Low,0,21.0666,3566.79,8.1797,0.581148,0.1
3075,Baseline,6,Balanced,0,Low,0,Low,0,21.0317,3553.86,8.17607,0.581619,0.1
3076,Baseline,6,Balanced,0,Low,0,Low,0,21.0669,3561.16,8.17812,0.582139,0.1
3077,Baseline,6,Balanced,0,Low,0,Low,0,21.0038,3550.58,8.17515,0.5817,0.1
3078,Baseline,6,Balanced,0,Low,0,Low,0,20.9809,3544.86,8.17354,0.58164,0.1
3079,Baseline,6,Balanced,0,Low,0,Low,0,21.0303,3554.72,8.17631,0.582175,0.1
3080,Baseline,6,Balanced,0,Low,0,Low,0,21.0031,3547.65,8.17432,0.58194,0.1
3081,Baseline,6,Balanced,0,Low,0,Low,0,21.055,3560.22,8.17786,0.58157,0.1
3082,Baseline,6,Balanced,0,Low,0,Low,0,21.0378,3555.23,8.17646,0.581669,0.1
3083,Baseline,6,Balanced,0,Low,0,Low,0,21.0698,3563.04,8.17865,0.582179,0.1
3084,Baseline,6,Balanced,0,Low,0,Low,0,21.0479,3556.64,8.17685,0.582092,0.1
3085,Baseline,6,Balanced,0,Low,0,Low,0,21.0012,3549.58,8.17487,0.581766,0.1
3086,Baseline,6,Balanced,0,Low,0,Low,0,21.0329,3554.11,8.17614,0.581292,0.1
3087,Baseline,6,Balanced,0,Low,0,Low,0,20.9768,3542.44,8.17285,0.582024,0.1
3088,Baseline,6,Balanced,0,Low,0,Low,0,20.996,3549.37,8.17481,0.581208,0.1
3089,Baseline,6,Balanced,0,Low,0,Low,0,21.0328,3558.13,8.17727,0.581396,0.1
3090,Baseline,6,Balanced,0,Low,0,Low,0,21.052,3558.46,8.17736,0.581572,0.1
3091,Baseline,6,Balanced,0,Low,0,Low,0,21.029,3558.33,8.17733,0.581571,0.1
3092,Baseline,6,Balanced,0,Low,0,Low,0,21.0575,3562.76,8.17857,0.581501,0.1
3093,Baseline,6,Balanced,0,Low,0,Low,0,21.0439,3557.48,8.17709,0.581455,0.1
3094,Baseline,6,Balanced,0,Low,0,Low,0,21.0105,3550.37,8.17509,0.581115,0.1
3095,Baseline,6,Balanced,0,Low,0,Low,0,21.0265,3555.74,8.1766,0.58115,0.1
3096,Baseline,6,Balanced,0,Low,0,Low,0,21.0409,3558.74,8.17744,0.582015,0.1
3097,Baseline,6,Balanced,0,Low,0,Low,0,20.9866,3544.73,8.1735,0.581744,0.1
3098,Baseline,6,Balanced,0,Low,0,Low,0,21.0985,3565.34,8.1793,0.58201,0.1
3099,Baseline,6,Balanced,0,Low,0,Low,0,21.0073,3554.05,8.17612,0.581697,0.1
3100,Baseline,6,Balanced,0,Low,0,Low,0,21.0134,3552.7,8.17575,0.581283,0.1
3101,Baseline,6,Balanced,0,Low,0,Low,0,21.0336,3555.8,8.17662,0.58137,0.1
3102,Baseline,6,Balanced,0,Low,0,Low,0,21.0599,3562.35,8.17846,0.581819,0.1
3103,Baseline,6,Balanced,0,Low,0,Low,0,21.0176,3549.78,8.17492,0.582149,0.1
3104,Baseline,6,Balanced,0,Low,0,Low,0,21.0331,3553.92,8.17609,0.581523,0.1
3105,Baseline,6,Balanced,0,Low,0,Low,0,20.9901,3548.6,8.17459,0.581478,0.1
3106,Baseline,6,Balanced,0,Low,0,Low,0,21.0232,3552.57,8.17571,0.581641,0.1
3107,Baseline,6,Balanced,0,Low,0,Low,0,21.0383,3557.2,8.17701,0.581969,0.1
3108,Baseline,6,Balanced,0,Low,0,Low,0,20.9948,3548.99,8.1747,0.581769,0.1
3109,Baseline,6,Balanced,0,Low,0,Low,0,21.0091,3548.12,8.17446,0.581752,0.1
3110,Baseline,6,Balanced,0,Low,0,Low,0,21.0295,3557.2,8.17701,0.582008,0.1
3111,Baseline,6,Balanced,0,Low,0,Low,0,21.089,3568.74,8.18025,0.581547,0.1
3112,Baseline,6,Balanced,0,Low,0,Low,0,20.9939,3549.28,8.17478,0.581787,0.1
3113,Baseline,6,Balanced,0,Low,0,Low,0,21.0457,3557.42,8.17707,0.581344,0.1
3114,Baseline,6,Balanced,0,Low,0,Low,0,21.0134,3551.62,8.17544,0.582099,0.1
3115,Baseline,6,Balanced,0,Low,0,Low,0,20.9976,3549.64,8.17488,0.5816,0.1
3116,Baseline,6,Balanced,0,Low,0,Low,0,21.0429,3556.6,8.17684,0.581762,0.1
3117,Baseline,6,Balanced,0,Low,0,Low,0,21.0771,3562.88,8.17861,0.581596,0.1
3118,Baseline,6,Balanced,0,Low,0,Low,0,21.0165,3551.03,8.17528,0.582023,0.1
3119,Baseline,6,Balanced,0,Low,0,Low,0,21.0638,3560.33,8.17789,0.582137,0.1
3120,Baseline,6,Balanced,0,Low,0,Low,0,20.9723,3544.11,8.17332,0.581583,0.1
3121,Baseline,6,Balanced,0,Low,0,Low,0,21.0416,3554.83,8.17634,0.582242,0.1
3122,Baseline,6,Balanced,0,Low,0,Low,0,21.0569,3560.3,8.17788,0.581411,0.1
3123,Baseline,6,Balanced,0,Low,0,Low,0,20.9811,3545.49,8.17371,0.581337,0.1
3124,Baseline,6,Balanced,0,Low,0,Low,0,21.0019,3549.1,8.17473,0.581106,0.1
3125,Baseline,6,Balanced,0,Low,0,Low,0,21.0438,3557.5,8.17709,0.581869,0.1
3126,Baseline,6,Balanced,0,Low,0,Low,0,21.0497,3558.18,8.17728,0.581691,0.1
3127,Baseline,6,Balanced,0,Low,0,Low,0,21.063,3560.59,8.17796,0.581811,0.1
3128,Baseline,6,Balanced,0,Low,0,Low,0,21.065,3562.11,8.17839,0.581871,0.1
3129,Baseline,6,Balanced,0,Low,0,Low,0,21.0061,3552.03,8.17556,0.581067,0.1
3130,Baseline,6,Balanced,0,Low,0,Low,0,21.0032,3547.83,8.17437,0.582187,0.1
3131,Baseline,6,Balanced,0,Low,0,Low,0,21.0583,3561.18,8.17813,0.581996,0.1
3132,Baseline,6,Balanced,0,Low,0,Low,0,21.0293,3555.5,8.17653,0.58133,0.1
3133,Baseline,6,Balanced,0,Low,0,Low,0,21.0766,3565.8,8.17942,0.581698,0.1
3134,Baseline,6,Balanced,0,Low,0,Low,0,21.0705,3560.68,8.17799,0.582027,0.1
3135,Baseline,6,Balanced,0,Low,0,Low,0,21.0285,3552.22,8.17561,0.581837,0.1
3136,Baseline,6,Balanced,0,Low,0,Low,0,21.0222,3554.07,8.17613,0.581546,0.1
3137,Baseline,6,Balanced,0,Low,0,Low,0,21.0665,3561.49,8.17822,0.581637,0.1
3138,Baseline,6,Balanced,0,Low,0,Low,0,21.0653,3559.46,8.17765,0.581911,0.1
3139,Baseline,6,Balanced,0,Low,0,Low,0,20.993,3546.64,8.17404,0.581708,0.1
3140,Baseline,6,Balanced,0,Low,0,Low,0,21.0667,3560.7,8.17799,0.581627,0.1
3141,Baseline,6,Balanced,0,Low,0,Low,0,21.0408,3558.22,8.1773,0.581895,0.1
3142,Baseline,6,Balanced,0,Low,0,Low,0,21.0393,3560.14,8.17784,0.581844,0.1
3143,Baseline,6,Balanced,0,Low,0,Low,0,21.0817,3565.7,8.1794,0.582246,0.1
3144,Baseline,6,Balanced,0,Low,0,Low,0,21.0283,3554.64,8.17629,0.581507,0.1
3145,Baseline,6,Balanced,0,Low,0,Low,0,21.0482,3558,8.17724,0.581913,0.1
3146,Baseline,6,Balanced,0,Low,0,Low,0,21.0041,3549.09,8.17473,0.581416,0.1
3147,Baseline,6,Balanced,0,Low,0,Low,0,21.0621,3561.88,8.17832,0.581309,0.1
3148,Baseline,6,Balanced,0,Low,0,Low,0,21.0503,3557.95,8.17722,0.582254,0.1
3149,Baseline,6,Balanced,0,Low,0,Low,0,21.0177,3551.25,8.17534,0.581636,0.1
3150,Baseline,6,Balanced,0,Low,0,Low,0,21.011,3549.2,8.17476,0.581634,0.1
3151,Baseline,6,Balanced,0,Low,0,Low,0,21.0246,3553.49,8.17597,0.581725,0.1
3152,Baseline,6,Balanced,0,Low,0,Low,0,21.066,3562.26,8.17843,0.581602,0.1
3153,Baseline,6,Balanced,0,Low,0,Low,0,21.0118,3548.81,8.17465,0.58194,0.1
3154,Baseline,6,Balanced,0,Low,0,Low,0,21.045,3559.32,8.17761,0.582084,0.1
3155,Baseline,6,Balanced,0,Low,0,Low,0,21.0503,3557.01,8.17696,0.581887,0.1
3156,Baseline,6,Balanced,0,Low,0,Low,0,21.0251,3551.93,8.17553,0.581783,0.1
3157,Baseline,6,Balanced,0,Low,0,Low,0,21.0461,3559.29,8.1776,0.581527,0.1
3158,Baseline,6,Balanced,0,Low,0,Low,0,20.995,3545.1,8.1736,0.582191,0.1
3159,Baseline,6,Balanced,0,Low,0,Low,0,21.0266,3554.83,8.17634,0.581443,0.1
3160,Baseline,6,Balanced,0,Low,0,Low,0,21.053,3558.91,8.17749,0.582002,0.1
3161,Baseline,6,Balanced,0,Low,0,Low,0,21.0629,3559.02,8.17752,0.582194,0.1
3162,Baseline,6,Balanced,0,Low,0,Low,0,21.0062,3551.17,8.17531,0.582135,0.1
3163,Baseline,6,Balanced,0,Low,0,Low,0,21.0394,3558.54,8.17739,0.581701,0.1
3164,Baseline,6,Balanced,0,Low,0,Low,0,21.0183,3552.26,8.17562,0.581484,0.1
3165,Baseline,6,Balanced,0,Low,0,Low,0,20.9875,3546.41,8.17397,0.581481,0.1
3166,Baseline,6,Balanced,0,Low,0,Low,0,21.0077,3550.81,8.17521,0.581768,0.1
3167,Baseline,6,Balanced,0,Low,0,Low,0,21.0623,3560.92,8.17805,0.581569,0.1
3168,Baseline,6,Balanced,0,Low,0,Low,0,21.0345,3555.61,8.17656,0.581801,0.1
3169,Baseline,6,Balanced,0,Low,0,Low,0,21.047,3554.73,8.17632,0.581883,0.1
3170,Baseline,6,Balanced,0,Low,0,Low,0,21.0384,3556.81,8.1769,0.581722,0.1
3171,Baseline,6,Balanced,0,Low,0,Low,0,21.0369,3553.19,8.17588,0.581694,0.1
3172,Baseline,6,Balanced,0,Low,0,Low,0,21.0289,3555.4,8.1765,0.581611,0.1
3173,Baseline,6,Balanced,0,Low,0,Low,0,21.0178,3551.91,8.17552,0.581053,0.1
3174,Baseline,6,Balanced,0,Low,0,Low,0,21.0483,3556.65,8.17686,0.581968,0.1
3175,Baseline,6,Balanced,0,Low,0,Low,0,21.0771,3563.51,8.17878,0.582022,0.1
3176,Baseline,6,Balanced,0,Low,0,Low,0,21.0579,3560.67,8.17798,0.581514,0.1
3177,Baseline,6,Balanced,0,Low,0,Low,0,21.0415,3558.03,8.17724,0.581613,0.1
3178,Baseline,6,Balanced,0,Low,0,Low,0,21.0473,3556.9,8.17692,0.581873,0.1
3179,Baseline,6,Balanced,0,Low,0,Low,0,20.9674,3542.76,8.17294,0.582065,0.1
3180,Baseline,6,Balanced,0,Low,0,Low,0,21.0388,3554.08,8.17613,0.581497,0.1
3181,Baseline,6,Balanced,0,Low,0,Low,0,21.0413,3555.94,8.17666,0.582191,0.1
3182,Baseline,6,Balanced,0,Low,0,Low,0,21.0644,3561.96,8.17835,0.581944,0.1
3183,Baseline,6,Balanced,0,Low,0,Low,0,21.0697,3561.4,8.17819,0.582156,0.1
3184,Baseline,6,Balanced,0,Low,0,Low,0,21.0562,3561.33,8.17817,0.581706,0.1
3185,Baseline,6,Balanced,0,Low,0,Low,0,20.9855,3545.2,8.17363,0.581436,0.1
3186,Baseline,6,Balanced,0,Low,0,Low,0,20.9473,3539.86,8.17213,0.58183,0.1
3187,Baseline,6,Balanced,0,Low,0,Low,0,21.0445,3556.46,8.1768,0.582079,0.1
3188,Baseline,6,Balanced,0,Low,0,Low,0,20.9888,3542.32,8.17282,0.582079,0.1
3189,Baseline,6,Balanced,0,Low,0,Low,0,21.0138,3552.96,8.17582,0.581235,0.1
3190,Baseline,6,Balanced,0,Low,0,Low,0,21.0432,3557.44,8.17708,0.582107,0.1
3191,Baseline,6,Balanced,0,Low,0,Low,0,21.0435,3556.28,8.17675,0.581896,0.1
3192,Baseline,6,Balanced,0,Low,0,Low,0,21.0426,3556.96,8.17694,0.581644,0.1
3193,Baseline,6,Balanced,0,Low,0,Low,0,21.0176,3550.19,8.17504,0.581634,0.1
3194,Baseline,6,Balanced,0,Low,0,Low,0,21.0148,3552.42,8.17567,0.582169,0.1
3195,Baseline,6,Balanced,0,Low,0,Low,0,21.0426,3558.45,8.17736,0.581687,0.1
3196,Baseline,6,Balanced,0,Low,0,Low,0,20.9593,3539.74,8.17209,0.580866,0.1
3197,Baseline,6,Balanced,0,Low,0,Low,0,21.0247,3551.06,8.17528,0.581987,0.1
3198,Baseline,6,Balanced,0,Low,0,Low,0,21.0284,3555.7,8.17659,0.581201,0.1
3199,Baseline,6,Balanced,0,Low,0,Low,0,21.0066,3549.86,8.17495,0.582098,0.1
3200,Baseline,6,Balanced,0,Low,0,Low,0,21.0712,3561.34,8.17817,0.581748,0.1
3201,Baseline,6,Balanced,0,Low,0,Low,0,21.0504,3556.97,8.17695,0.581957,0.1
3202,Baseline,6,Balanced,0,Low,0,Low,0,21.0392,3558.06,8.17725,0.581121,0.1
3203,Baseline,6,Balanced,0,Low,0,Low,0,21.034,3554.83,8.17634,0.582164,0.1
3204,Baseline,6,Balanced,0,Low,0,Low,0,21.0015,3549.01,8.17471,0.581646,0.1
3205,Baseline,6,Balanced,0,Low,0,Low,0,21.0398,3557.05,8.17697,0.581408,0.1
3206,Baseline,6,Balanced,0,Low,0,Low,0,21.1181,3572.95,8.18143,0.581978,0.1
3207,Baseline,6,Balanced,0,Low,0,Low,0,21.0624,3562.31,8.17844,0.581877,0.1
3208,Baseline,6,Balanced,0,Low,0,Low,0,21.0119,3552.32,8.17564,0.58187,0.1
3209,Baseline,6,Balanced,0,Low,0,Low,0,21.001,3549.84,8.17494,0.58145,0.1
3210,Baseline,6,Balanced,0,Low,0,Low,0,20.994,3549.62,8.17488,0.581437,0.1
3211,Baseline,6,Balanced,0,Low,0,Low,0,21.0509,3557.52,8.1771,0.581868,0.1
3212,Baseline,6,Balanced,0,Low,0,Low,0,21.035,3555.74,8.1766,0.581657,0.1
3213,Baseline,6,Balanced,0,Low,0,Low,0,21.0125,3550.61,8.17516,0.581846,0.1
3214,Baseline,6,Balanced,0,Low,0,Low,0,21.0048,3551.06,8.17528,0.582298,0.1
3215,Baseline,6,Balanced,0,Low,0,Low,0,21.0253,3555.4,8.17651,0.582012,0.1
3216,Baseline,6,Balanced,0,Low,0,Low,0,20.9827,3544.95,8.17356,0.58177,0.1
3217,Baseline,6,Balanced,0,Low,0,Low,0,21.0515,3558.38,8.17734,0.581782,0.1
3218,Baseline,6,Balanced,0,Low,0,Low,0,21.0267,3554.18,8.17616,0.581609,0.1
3219,Baseline,6,Balanced,0,Low,0,Low,0,20.9761,3546.44,8.17398,0.581917,0.1
3220,Baseline,6,Balanced,0,Low,0,Low,0,21.0501,3558.88,8.17748,0.581582,0.1
3221,Baseline,6,Balanced,0,Low,0,Low,0,21.0159,3552.65,8.17573,0.581593,0.1
3222,Baseline,6,Balanced,0,Low,0,Low,0,20.9947,3546.71,8.17406,0.581565,0.1
3223,Baseline,6,Balanced,0,Low,0,Low,0,21.0634,3560.43,8.17792,0.581721,0.1
3224,Baseline,6,Balanced,0,Low,0,Low,0,21.0278,3555.44,8.17652,0.581255,0.1
3225,Baseline,6,Balanced,0,Low,0,Low,0,21.0739,3564.95,8.17918,0.581772,0.1
3226,Baseline,6,Balanced,0,Low,0,Low,0,21.0679,3560.05,8.17781,0.58212,0.1
3227,Baseline,6,Balanced,0,Low,0,Low,0,21.0326,3555.83,8.17663,0.581817,0.1
3228,Baseline,6,Balanced,0,Low,0,Low,0,21.0405,3556.6,8.17684,0.581775,0.1
3229,Baseline,6,Balanced,0,Low,0,Low,0,21.0318,3555,8.17639,0.58157,0.1
3230,Baseline,6,Balanced,0,Low,0,Low,0,21.042,3553.58,8.17599,0.582004,0.1
3231,Baseline,6,Balanced,0,Low,0,Low,0,21.0137,3553.6,8.176,0.581739,0.1
3232,Baseline,6,Balanced,0,Low,0,Low,0,21.0412,3556.83,8.1769,0.581585,0.1
3233,Baseline,6,Balanced,0,Low,0,Low,0,21.0356,3555.93,8.17665,0.581587,0.1
3234,Baseline,6,Balanced,0,Low,0,Low,0,20.9633,3539.45,8.17201,0.581197,0.1
3235,Baseline,6,Balanced,0,Low,0,Low,0,21.0314,3552.89,8.1758,0.582125,0.1
3236,Baseline,6,Balanced,0,Low,0,Low,0,21.0716,3561.55,8.17823,0.582073,0.1
3237,Baseline,6,Balanced,0,Low,0,Low,0,21.0167,3551.48,8.1754,0.581778,0.1
3238,Baseline,6,Balanced,0,Low,0,Low,0,21.0183,3550.74,8.17519,0.581947,0.1
3239,Baseline,6,Balanced,0,Low,0,Low,0,21.0541,3559.71,8.17771,0.58174,0.1
3240,Baseline,6,Balanced,0,Low,0,Low,0,20.9601,3541.34,8.17254,0.581671,0.1
3241,Baseline,6,Balanced,0,Low,0,Low,0,21.0049,3550.21,8.17504,0.581727,0.1
3242,Baseline,6,Balanced,0,Low,0,Low,0,21.0455,3556.08,8.1767,0.582281,0.1
3243,Baseline,6,Balanced,0,Low,0,Low,0,21.0093,3549.67,8.17489,0.58141,0.1
3244,Baseline,6,Balanced,0,Low,0,Low,0,21.039,3556.83,8.17691,0.581682,0.1
3245,Baseline,6,Balanced,0,Low,0,Low,0,21.0342,3556.44,8.1768,0.581189,0.1
3246,Baseline,6,Balanced,0,Low,0,Low,0,21.0035,3550.5,8.17513,0.580918,0.1
3247,Baseline,6,Balanced,0,Low,0,Low,0,20.982,3545.41,8.17369,0.581626,0.1
3248,Baseline,6,Balanced,0,Low,0,Low,0,21.0308,3554.47,8.17624,0.582009,0.1
3249,Baseline,6,Balanced,0,Low,0,Low,0,20.9982,3550.85,8.17522,0.58167,0.1
3250,Baseline,6,Balanced,0,Low,0,Low,0,21.0592,3562.59,8.17852,0.581955,0.1
3251,Baseline,6,Balanced,0,Low,0,Low,0,20.9717,3541.48,8.17258,0.581348,0.1
3252,Baseline,6,Balanced,0,Low,0,Low,0,21.0696,3559.92,8.17777,0.581845,0.1
3253,Baseline,6,Balanced,0,Low,0,Low,0,21.0652,3559.12,8.17755,0.582311,0.1
3254,Baseline,6,Balanced,0,Low,0,Low,0,20.9905,3544.79,8.17352,0.581722,0.1
3255,Baseline,6,Balanced,0,Low,0,Low,0,21.0336,3554.83,8.17634,0.581984,0.1
3256,Baseline,6,Balanced,0,Low,0,Low,0,20.9853,3545.27,8.17365,0.581777,0.1
3257,Baseline,6,Balanced,0,Low,0,Low,0,20.9781,3544.37,8.1734,0.58219,0.1
3258,Baseline,6,Balanced,0,Low,0,Low,0,21.0188,3550.11,8.17502,0.582095,0.1
3259,Baseline,6,Balanced,0,Low,0,Low,0,20.9647,3542.04,8.17274,0.581679,0.1
3260,Baseline,6,Balanced,0,Low,0,Low,0,21.0512,3558.08,8.17726,0.582105,0.1
3261,Baseline,6,Balanced,0,Low,0,Low,0,21.0693,3563.73,8.17884,0.582299,0.1
3262,Baseline,6,Balanced,0,Low,0,Low,0,21.0058,3551.82,8.1755,0.581149,0.1
3263,Baseline,6,Balanced,0,Low,0,Low,0,21.0376,3556.14,8.17671,0.581601,0.1
3264,Baseline,6,Balanced,0,Low,0,Low,0,21.0794,3561.71,8.17828,0.582334,0.1
3265,Baseline,6,Balanced,0,Low,0,Low,0,21.0107,3551.77,8.17548,0.582241,0.1
3266,Baseline,6,Balanced,0,Low,0,Low,0,21.0841,3565.29,8.17928,0.581646,0.1
3267,Baseline,6,Balanced,0,Low,0,Low,0,21.0573,3560.92,8.17806,0.581738,0.1
3268,Baseline,6,Balanced,0,Low,0,Low,0,21.0208,3554.05,8.17612,0.582108,0.1
3269,Baseline,6,Balanced,0,Low,0,Low,0,21.0452,3559.51,8.17766,0.581753,0.1
3270,Baseline,6,Balanced,0,Low,0,Low,0,21.1214,3572.5,8.1813,0.582093,0.1
3271,Baseline,6,Balanced,0,Low,0,Low,0,20.933,3533.02,8.17019,0.581974,0.1
3272,Baseline,6,Balanced,0,Low,0,Low,0,21.0262,3554.54,8.17626,0.581476,0.1
3273,Baseline,6,Balanced,0,Low,0,Low,0,21.0444,3556.32,8.17676,0.58183,0.1
3274,Baseline,6,Balanced,0,Low,0,Low,0,20.9586,3541.64,8.17263,0.581999,0.1
3275,Baseline,6,Balanced,0,Low,0,Low,0,20.9964,3548.61,8.17459,0.581832,0.1
3276,Baseline,6,Balanced,0,Low,0,Low,0,21.0218,3554.72,8.17631,0.581805,0.1
3277,Baseline,6,Balanced,0,Low,0,Low,0,21.0828,3567.07,8.17978,0.582278,0.1
3278,Baseline,6,Balanced,0,Low,0,Low,0,21.072,3562.77,8.17857,0.582405,0.1
3279,Baseline,6,Balanced,0,Low,0,Low,0,21.0356,3556.01,8.17668,0.581667,0.1
3280,Baseline,6,Balanced,0,Low,0,Low,0,21.0137,3551.59,8.17543,0.581754,0.1
3281,Baseline,6,Balanced,0,Low,0,Low,0,21.0199,3553.23,8.17589,0.581604,0.1
3282,Baseline,6,Balanced,0,Low,0,Low,0,21.0147,3554.92,8.17637,0.580877,0.1
3283,Baseline,6,Balanced,0,Low,0,Low,0,21.0535,3559.92,8.17777,0.582003,0.1
3284,Baseline,6,Balanced,0,Low,0,Low,0,21.0283,3554.82,8.17634,0.581394,0.1
3285,Baseline,6,Balanced,0,Low,0,Low,0,21.0605,3561.98,8.17835,0.581983,0.1
3286,Baseline,6,Balanced,0,Low,0,Low,0,21.0123,3548.71,8.17462,0.581896,0.1
3287,Baseline,6,Balanced,0,Low,0,Low,0,21.0304,3553.06,8.17585,0.582038,0.1
3288,Baseline,6,Balanced,0,Low,0,Low,0,20.9959,3545.63,8.17375,0.581645,0.1
3289,Baseline,6,Balanced,0,Low,0,Low,0,21.0011,3549.44,8.17483,0.581522,0.1
3290,Baseline,6,Balanced,0,Low,0,Low,0,21.0581,3560.25,8.17787,0.581966,0.1
3291,Baseline,6,Balanced,0,Low,0,Low,0,21.0283,3554.95,8.17638,0.581513,0.1
3292,Baseline,6,Balanced,0,Low,0,Low,0,21.0396,3556.74,8.17688,0.581769,0.1
3293,Baseline,6,Balanced,0,Low,0,Low,0,20.945,3539.08,8.1719,0.581624,0.1
3294,Baseline,6,Balanced,0,Low,0,Low,0,20.9692,3544.85,8.17353,0.581633,0.1
3295,Baseline,6,Balanced,0,Low,0,Low,0,21.0828,3565.83,8.17943,0.582164,0.1
3296,Baseline,6,Balanced,0,Low,0,Low,0,21.0196,3552.44,8.17567,0.582256,0.1
3297,Baseline,6,Balanced,0,Low,0,Low,0,21.0462,3556.21,8.17673,0.58153,0.1
3298,Baseline,6,Balanced,0,Low,0,Low,0,21.0264,3554.84,8.17634,0.581919,0.1
3299,Baseline,6,Balanced,0,Low,0,Low,0,21.0261,3552.62,8.17572,0.58226,0.1
3300,Baseline,6,Balanced,0,Low,0,Low,0,20.9722,3540.3,8.17225,0.581908,0.1
3301,Baseline,6,Balanced,0,Low,0,Low,0,21.0564,3559.23,8.17758,0.581528,0.1
3302,Baseline,6,Balanced,0,Low,0,Low,0,21.0636,3561.84,8.17831,0.581552,0.1
3303,Baseline,6,Balanced,0,Low,0,Low,0,21.0065,3548.4,8.17453,0.581692,0.1
3304,Baseline,6,Balanced,0,Low,0,Low,0,21.0455,3555.62,8.17657,0.581892,0.1
3305,Baseline,6,Balanced,0,Low,0,Low,0,20.979,3544.44,8.17342,0.581529,0.1
3306,Baseline,6,Balanced,0,Low,0,Low,0,21.0227,3554.54,8.17626,0.581404,0.1
3307,Baseline,6,Balanced,0,Low,0,Low,0,20.9964,3546.09,8.17388,0.58179,0.1
3308,Baseline,6,Balanced,0,Low,0,Low,0,21.0488,3560.84,8.17803,0.581451,0.1
3309,Baseline,6,Balanced,0,Low,0,Low,0,20.9962,3549.49,8.17484,0.581478,0.1
3310,Baseline,6,Balanced,0,Low,0,Low,0,21.0262,3549,8.1747,0.582072,0.1
3311,Baseline,6,Balanced,0,Low,0,Low,0,21.0218,3553.77,8.17605,0.581568,0.1
3312,Baseline,6,Balanced,0,Low,0,Low,0,21.0059,3550.03,8.17499,0.581121,0.1
3313,Baseline,6,Balanced,0,Low,0,Low,0,21.0143,3550.04,8.17499,0.581533,0.1
3314,Baseline,6,Balanced,0,Low,0,Low,0,20.9986,3549.11,8.17473,0.58145,0.1
3315,Baseline,6,Balanced,0,Low,0,Low,0,21.0447,3558.71,8.17743,0.581979,0.1
3316,Baseline,6,Balanced,0,Low,0,Low,0,20.9931,3546.26,8.17393,0.581855,0.1
3317,Baseline,6,Balanced,0,Low,0,Low,0,21.0438,3559,8.17752,0.581422,0.1
3318,Baseline,6,Balanced,0,Low,0,Low,0,21.0101,3551.52,8.17541,0.581294,0.1
3319,Baseline,6,Balanced,0,Low,0,Low,0,21.0357,3556.85,8.17691,0.58138,0.1
3320,Baseline,6,Balanced,0,Low,0,Low,0,21.0763,3565.47,8.17933,0.581343,0.1
3321,Baseline,6,Balanced,0,Low,0,Low,0,21.0506,3558.2,8.17729,0.582242,0.1
3322,Baseline,6,Balanced,0,Low,0,Low,0,21.0513,3556.81,8.1769,0.582148,0.1
3323,Baseline,6,Balanced,0,Low,0,Low,0,21.0031,3549.52,8.17485,0.581439,0.1
3324,Baseline,6,Balanced,0,Low,0,Low,0,21.0473,3557.81,8.17718,0.581482,0.1
3325,Baseline,6,Balanced,0,Low,0,Low,0,21.07,3561.66,8.17826,0.581731,0.1
3326,Baseline,6,Balanced,0,Low,0,Low,0,20.9784,3543.79,8.17323,0.581448,0.1
3327,Baseline,6,Balanced,0,Low,0,Low,0,21.0032,3547.8,8.17437,0.582242,0.1
3328,Baseline,6,Balanced,0,Low,0,Low,0,20.9944,3545.09,8.1736,0.58188,0.1
3329,Baseline,6,Balanced,0,Low,0,Low,0,21.0122,3551.92,8.17552,0.581662,0.1
3330,Baseline,6,Balanced,0,Low,0,Low,0,21.0339,3553.69,8.17602,0.581916,0.1
3331,Baseline,6,Balanced,0,Low,0,Low,0,21.0574,3563.29,8.17872,0.581313,0.1
3332,Baseline,6,Balanced,0,Low,0,Low,0,20.9549,3542.04,8.17274,0.581932,0.1
3333,Baseline,6,Balanced,0,Low,0,Low,0,21.0317,3555.7,8.17659,0.581399,0.1
3334,Baseline,6,Balanced,0,Low,0,Low,0,20.9762,3545.7,8.17377,0.581685,0.1
3335,Baseline,6,Balanced,0,Low,0,Low,0,21.0577,3560.69,8.17799,0.581117,0.1
3336,Baseline,6,Balanced,0,Low,0,Low,0,21.0506,3559.64,8.1777,0.581858,0.1
3337,Baseline,6,Balanced,0,Low,0,Low,0,21.0444,3556.46,8.1768,0.581716,0.1
3338,Baseline,6,Balanced,0,Low,0,Low,0,21.0326,3554.81,8.17634,0.581824,0.1
3339,Baseline,6,Balanced,0,Low,0,Low,0,21.0211,3555.12,8.17643,0.581109,0.1
3340,Baseline,6,Balanced,0,Low,0,Low,0,21.0926,3568.99,8.18032,0.582107,0.1
3341,Baseline,6,Balanced,0,Low,0,Low,0,21.0843,3565.44,8.17932,0.581732,0.1
3342,Baseline,6,Balanced,0,Low,0,Low,0,20.991,3547.34,8.17423,0.581824,0.1
3343,Baseline,6,Balanced,0,Low,0,Low,0,21.009,3549.81,8.17493,0.581345,0.1
3344,Baseline,6,Balanced,0,Low,0,Low,0,21.0513,3558.16,8.17728,0.58177,0.1
3345,Baseline,6,Balanced,0,Low,0,Low,0,21.0245,3553.08,8.17585,0.581884,0.1
3346,Baseline,6,Balanced,0,Low,0,Low,0,21.0427,3556.34,8.17677,0.581844,0.1
3347,Baseline,6,Balanced,0,Low,0,Low,0,21.0518,3560.96,8.17807,0.581159,0.1
3348,Baseline,6,Balanced,0,Low,0,Low,0,21.0194,3551.59,8.17543,0.581624,0.1
3349,Baseline,6,Balanced,0,Low,0,Low,0,21.0162,3551.48,8.1754,0.581991,0.1
3350,Baseline,6,Balanced,0,Low,0,Low,0,21.0044,3546.58,8.17402,0.58204,0.1
3351,Baseline,6,Balanced,0,Low,0,Low,0,21.049,3559.63,8.17769,0.581616,0.1
3352,Baseline,6,Balanced,0,Low,0,Low,0,20.9764,3545.17,8.17362,0.581858,0.1
3353,Baseline,6,Balanced,0,Low,0,Low,0,21.0009,3551.28,8.17535,0.581756,0.1
3354,Baseline,6,Balanced,0,Low,0,Low,0,21.0274,3551.61,8.17544,0.581536,0.1
3355,Baseline,6,Balanced,0,Low,0,Low,0,21.0644,3560.75,8.17801,0.581766,0.1
3356,Baseline,6,Balanced,0,Low,0,Low,0,21.037,3559.29,8.1776,0.581709,0.1
3357,Baseline,6,Balanced,0,Low,0,Low,0,21.0431,3553.06,8.17585,0.582099,0.1
3358,Baseline,6,Balanced,0,Low,0,Low,0,20.9772,3544.28,8.17337,0.582177,0.1
3359,Baseline,6,Balanced,0,Low,0,Low,0,21.0108,3550.4,8.1751,0.581527,0.1
3360,Baseline,6,Balanced,0,Low,0,Low,0,21.0098,3551.31,8.17535,0.581868,0.1
3361,Baseline,6,Balanced,0,Low,0,Low,0,21.0848,3565.63,8.17938,0.581782,0.1
3362,Baseline,6,Balanced,0,Low,0,Low,0,21.0149,3549.52,8.17485,0.581533,0.1
3363,Baseline,6,Balanced,0,Low,0,Low,0,21.018,3554.38,8.17622,0.582007,0.1
3364,Baseline,6,Balanced,0,Low,0,Low,0,21.0163,3550.74,8.17519,0.582285,0.1
3365,Baseline,6,Balanced,0,Low,0,Low,0,21.0187,3550.38,8.17509,0.581834,0.1
3366,Baseline,6,Balanced,0,Low,0,Low,0,21.0154,3553.39,8.17594,0.581778,0.1
3367,Baseline,6,Balanced,0,Low,0,Low,0,21.0121,3550.19,8.17504,0.581774,0.1
3368,Baseline,6,Balanced,0,Low,0,Low,0,20.991,3547.33,8.17423,0.581392,0.1
3369,Baseline,6,Balanced,0,Low,0,Low,0,20.9841,3543.77,8.17323,0.581692,0.1
3370,Baseline,6,Balanced,0,Low,0,Low,0,20.9966,3551.82,8.1755,0.581628,0.1
3371,Baseline,6,Balanced,0,Low,0,Low,0,21.067,3563.2,8.17869,0.581719,0.1
3372,Baseline,6,Balanced,0,Low,0,Low,0,21.0145,3551.02,8.17527,0.581757,0.1
3373,Baseline,6,Balanced,0,Low,0,Low,0,21.0274,3554.12,8.17614,0.58179,0.1
3374,Baseline,6,Balanced,0,Low,0,Low,0,21.0153,3552.49,8.17569,0.581837,0.1
3375,Baseline,6,Balanced,0,Low,0,Low,0,21.0426,3558.6,8.1774,0.581652,0.1
3376,Baseline,6,Balanced,0,Low,0,Low,0,21.091,3568.7,8.18024,0.581385,0.1
3377,Baseline,6,Balanced,0,Low,0,Low,0,21.0281,3556.35,8.17677,0.58128,0.1
3378,Baseline,6,Balanced,0,Low,0,Low,0,21.006,3553.28,8.17591,0.581594,0.1
3379,Baseline,6,Balanced,0,Low,0,Low,0,21.0602,3560.44,8.17792,0.58156,0.1
3380,Baseline,6,Balanced,0,Low,0,Low,0,21.0322,3551.46,8.1754,0.582096,0.1
3381,Baseline,6,Balanced,0,Low,0,Low,0,21.0276,3553.07,8.17585,0.5822,0.1
3382,Baseline,6,Balanced,0,Low,0,Low,0,21.0574,3560.64,8.17798,0.582013,0.1
3383,Baseline,6,Balanced,0,Low,0,Low,0,21.0741,3562.54,8.17851,0.581998,0.1
3384,Baseline,6,Balanced,0,Low,0,Low,0,21.0171,3552.88,8.1758,0.581568,0.1
3385,Baseline,6,Balanced,0,Low,0,Low,0,20.9875,3545.79,8.1738,0.582241,0.1
3386,Baseline,6,Balanced,0,Low,0,Low,0,21.0579,3559.15,8.17756,0.582173,0.1
3387,Baseline,6,Balanced,0,Low,0,Low,0,20.9746,3541.24,8.17251,0.581851,0.1
3388,Baseline,6,Balanced,0,Low,0,Low,0,20.9994,3548.41,8.17454,0.581788,0.1
3389,Baseline,6,Balanced,0,Low,0,Low,0,21.0313,3553.84,8.17607,0.581873,0.1
3390,Baseline,6,Balanced,0,Low,0,Low,0,21.0317,3554.74,8.17632,0.581321,0.1
3391,Baseline,6,Balanced,0,Low,0,Low,0,21.035,3555.3,8.17648,0.581691,0.1
3392,Baseline,6,Balanced,0,Low,0,Low,0,20.9871,3546.7,8.17406,0.58182,0.1
3393,Baseline,6,Balanced,0,Low,0,Low,0,21.0572,3560,8.1778,0.582115,0.1
3394,Baseline,6,Balanced,0,Low,0,Low,0,21.0516,3557.92,8.17721,0.581591,0.1
3395,Baseline,6,Balanced,0,Low,0,Low,0,21.0318,3553.51,8.17597,0.581577,0.1
3396,Baseline,6,Balanced,0,Low,0,Low,0,21.1027,3569.43,8.18044,0.58191,0.1
3397,Baseline,6,Balanced,0,Low,0,Low,0,21.0974,3568.74,8.18025,0.58134,0.1
3398,Baseline,6,Balanced,0,Low,0,Low,0,21.0204,3554,8.17611,0.58203,0.1
3399,Baseline,6,Balanced,0,Low,0,Low,0,20.9815,3543.91,8.17327,0.581461,0.1
3400,Baseline,6,Balanced,0,Low,0,Low,0,21.0079,3549.13,8.17474,0.581893,0.1
3401,Baseline,6,Balanced,0,Low,0,Low,0,21.0168,3551.51,8.17541,0.581797,0.1
3402,Baseline,6,Balanced,0,Low,0,Low,0,20.9736,3541.72,8.17265,0.581661,0.1
3403,Baseline,6,Balanced,0,Low,0,Low,0,20.9978,3547.55,8.1743,0.581767,0.1
3404,Baseline,6,Balanced,0,Low,0,Low,0,21.0365,3559.03,8.17752,0.580931,0.1
3405,Baseline,6,Balanced,0,Low,0,Low,0,21.0154,3550.33,8.17508,0.581398,0.1
3406,Baseline,6,Balanced,0,Low,0,Low,0,21.0406,3555.08,8.17641,0.581712,0.1
3407,Baseline,6,Balanced,0,Low,0,Low,0,21.0236,3553.01,8.17583,0.580966,0.1
3408,Baseline,6,Balanced,0,Low,0,Low,0,21.0091,3547.8,8.17436,0.582266,0.1
3409,Baseline,6,Balanced,0,Low,0,Low,0,21.0274,3555.6,8.17656,0.58201,0.1
3410,Baseline,6,Balanced,0,Low,0,Low,0,21.0136,3550.42,8.1751,0.581719,0.1
3411,Baseline,6,Balanced,0,Low,0,Low,0,21.0294,3553.47,8.17596,0.581925,0.1
3412,Baseline,6,Balanced,0,Low,0,Low,0,20.9973,3547.74,8.17435,0.581688,0.1
3413,Baseline,6,Balanced,0,Low,0,Low,0,21.0618,3561.29,8.17816,0.581469,0.1
3414,Baseline,6,Balanced,0,Low,0,Low,0,21.0215,3551.67,8.17546,0.581983,0.1
3415,Baseline,6,Balanced,0,Low,0,Low,0,21.0405,3555.38,8.1765,0.581955,0.1
3416,Baseline,6,Balanced,0,Low,0,Low,0,21.0176,3550.79,8.17521,0.581816,0.1
3417,Baseline,6,Balanced,0,Low,0,Low,0,21.006,3550.54,8.17514,0.581872,0.1
3418,Baseline,6,Balanced,0,Low,0,Low,0,21.0132,3551.49,8.1754,0.581643,0.1
3419,Baseline,6,Balanced,0,Low,0,Low,0,21.0575,3559.73,8.17772,0.581785,0.1
3420,Baseline,6,Balanced,0,Low,0,Low,0,21.0118,3548.58,8.17458,0.582189,0.1
3421,Baseline,6,Balanced,0,Low,0,Low,0,21.0464,3560.21,8.17786,0.5815,0.1
3422,Baseline,6,Balanced,0,Low,0,Low,0,21.0123,3550.39,8.17509,0.581513,0.1
3423,Baseline,6,Balanced,0,Low,0,Low,0,21.0702,3563.03,8.17865,0.581549,0.1
3424,Baseline,6,Balanced,0,Low,0,Low,0,21.0367,3555.43,8.17651,0.581741,0.1
3425,Baseline,6,Balanced,0,Low,0,Low,0,21.018,3556.87,8.17692,0.581007,0.1
3426,Baseline,6,Balanced,0,Low,0,Low,0,21.0647,3559.9,8.17777,0.582206,0.1
3427,Baseline,6,Balanced,0,Low,0,Low,0,21.0933,3566.76,8.17969,0.582147,0.1
3428,Baseline,6,Balanced,0,Low,0,Low,0,21.0582,3558.75,8.17745,0.581516,0.1
3429,Baseline,6,Balanced,0,Low,0,Low,0,21.0325,3553.94,8.17609,0.581387,0.1
3430,Baseline,6,Balanced,0,Low,0,Low,0,21.0194,3551.86,8.17551,0.581434,0.1
3431,Baseline,6,Balanced,0,Low,0,Low,0,21.0249,3553.88,8.17608,0.581243,0.1
3432,Baseline,6,Balanced,0,Low,0,Low,0,20.9621,3542.73,8.17293,0.581381,0.1
3433,Baseline,6,Balanced,0,Low,0,Low,0,21.0231,3553.74,8.17604,0.581811,0.1
3434,Baseline,6,Balanced,0,Low,0,Low,0,21.0066,3548.45,8.17455,0.581758,0.1
3435,Baseline,6,Balanced,0,Low,0,Low,0,21.056,3558.95,8.1775,0.581573,0.1
3436,Baseline,6,Balanced,0,Low,0,Low,0,21.0107,3547.8,8.17437,0.581519,0.1
3437,Baseline,6,Balanced,0,Low,0,Low,0,21.0402,3558.65,8.17742,0.581482,0.1
3438,Baseline,6,Balanced,0,Low,0,Low,0,21.0523,3557.28,8.17703,0.581965,0.1
3439,Baseline,6,Balanced,0,Low,0,Low,0,21.0116,3548.76,8.17463,0.582361,0.1
3440,Baseline,6,Balanced,0,Low,0,Low,0,21.0235,3551.48,8.1754,0.581756,0.1
3441,Baseline,6,Balanced,0,Low,0,Low,0,20.9796,3544.17,8.17334,0.58125,0.1
3442,Baseline,6,Balanced,0,Low,0,Low,0,21.045,3557.53,8.1771,0.581902,0.1
3443,Baseline,6,Balanced,0,Low,0,Low,0,21.066,3560.36,8.1779,0.581948,0.1
3444,Baseline,6,Balanced,0,Low,0,Low,0,21.0737,3561.57,8.17824,0.581958,0.1
3445,Baseline,6,Balanced,0,Low,0,Low,0,20.9556,3541.77,8.17266,0.581109,0.1
3446,Baseline,6,Balanced,0,Low,0,Low,0,21.0602,3559.69,8.17771,0.581764,0.1
3447,Baseline,6,Balanced,0,Low,0,Low,0,21.032,3556.61,8.17684,0.581405,0.1
3448,Baseline,6,Balanced,0,Low,0,Low,0,21.0196,3552.54,8.1757,0.582282,0.1
3449,Baseline,6,Balanced,0,Low,0,Low,0,21.0373,3556.06,8.17669,0.582055,0.1
3450,Baseline,6,Balanced,0,Low,0,Low,0,21.0232,3554.52,8.17626,0.581976,0.1
3451,Baseline,6,Balanced,0,Low,0,Low,0,21.0186,3552.22,8.17561,0.581722,0.1
3452,Baseline,6,Balanced,0,Low,0,Low,0,21.0082,3550.38,8.17509,0.581458,0.1
3453,Baseline,6,Balanced,0,Low,0,Low,0,21.0345,3556.14,8.17671,0.581686,0.1
3454,Baseline,6,Balanced,0,Low,0,Low,0,21.0442,3558.12,8.17727,0.581685,0.1
3455,Baseline,6,Balanced,0,Low,0,Low,0,21.0671,3559.16,8.17756,0.582054,0.1
3456,Baseline,6,Balanced,0,Low,0,Low,0,20.9909,3545.76,8.17379,0.58176,0.1
3457,Baseline,6,Balanced,0,Low,0,Low,0,21.0125,3550.81,8.17521,0.581727,0.1
3458,Baseline,6,Balanced,0,Low,0,Low,0,21.0143,3552.11,8.17558,0.58147,0.1
3459,Baseline,6,Balanced,0,Low,0,Low,0,21.0362,3554.45,8.17624,0.581854,0.1
3460,Baseline,6,Balanced,0,Low,0,Low,0,21.0518,3560.13,8.17783,0.581651,0.1
3461,Baseline,6,Balanced,0,Low,0,Low,0,21.1142,3571.76,8.18109,0.581793,0.1
3462,Baseline,6,Balanced,0,Low,0,Low,0,21.0643,3561.67,8.17827,0.581333,0.1
3463,Baseline,6,Balanced,0,Low,0,Low,0,20.9567,3539.69,8.17208,0.581521,0.1
3464,Baseline,6,Balanced,0,Low,0,Low,0,21.0272,3552.01,8.17555,0.582406,0.1
3465,Baseline,6,Balanced,0,Low,0,Low,0,21.0037,3549.01,8.1747,0.5817,0.1
3466,Baseline,6,Balanced,0,Low,0,Low,0,21.0072,3549.64,8.17488,0.581969,0.1
3467,Baseline,6,Balanced,0,Low,0,Low,0,21.0034,3549.18,8.17475,0.581958,0.1
3468,Baseline,6,Balanced,0,Low,0,Low,0,20.9785,3541.91,8.1727,0.581576,0.1
3469,Baseline,6,Balanced,0,Low,0,Low,0,20.9735,3544.23,8.17336,0.581573,0.1
3470,Baseline,6,Balanced,0,Low,0,Low,0,21.1071,3570.85,8.18084,0.581929,0.1
3471,Baseline,6,Balanced,0,Low,0,Low,0,21.0053,3549.75,8.17491,0.58159,0.1
3472,Baseline,6,Balanced,0,Low,0,Low,0,20.9693,3541.93,8.17271,0.581638,0.1
3473,Baseline,6,Balanced,0,Low,0,Low,0,21.0324,3554.71,8.17631,0.581633,0.1
3474,Baseline,6,Balanced,0,Low,0,Low,0,21.0538,3563.17,8.17869,0.581636,0.1
3475,Baseline,6,Balanced,0,Low,0,Low,0,21.0997,3570.11,8.18063,0.581342,0.1
3476,Baseline,6,Balanced,0,Low,0,Low,0,21.1463,3579.59,8.18328,0.581981,0.1
3477,Baseline,6,Balanced,0,Low,0,Low,0,21.0849,3566.74,8.17969,0.581976,0.1
3478,Baseline,6,Balanced,0,Low,0,Low,0,21.024,3553.32,8.17592,0.581735,0.1
3479,Baseline,6,Balanced,0,Low,0,Low,0,21.0379,3556.95,8.17694,0.581632,0.1
3480,Baseline,6,Balanced,0,Low,0,Low,0,21.0172,3553.05,8.17584,0.581802,0.1
3481,Baseline,6,Balanced,0,Low,0,Low,0,21.0543,3560.56,8.17795,0.581762,0.1
3482,Baseline,6,Balanced,0,Low,0,Low,0,21.0835,3563.35,8.17874,0.581971,0.1
3483,Baseline,6,Balanced,0,Low,0,Low,0,20.9558,3537.65,8.1715,0.581782,0.1
3484,Baseline,6,Balanced,0,Low,0,Low,0,21.0034,3549.39,8.17481,0.581439,0.1
3485,Baseline,6,Balanced,0,Low,0,Low,0,20.9725,3543.41,8.17313,0.58163,0.1
3486,Baseline,6,Balanced,0,Low,0,Low,0,21.0907,3566.15,8.17952,0.581742,0.1
3487,Baseline,6,Balanced,0,Low,0,Low,0,20.9316,3534.4,8.17058,0.581586,0.1
3488,Baseline,6,Balanced,0,Low,0,Low,0,20.9921,3551.74,8.17548,0.581175,0.1
3489,Baseline,6,Balanced,0,Low,0,Low,0,20.9916,3548.48,8.17456,0.581744,0.1
3490,Baseline,6,Balanced,0,Low,0,Low,0,21.0494,3561.4,8.17819,0.582266,0.1
3491,Baseline,6,Balanced,0,Low,0,Low,0,21.0518,3559.9,8.17777,0.581536,0.1
3492,Baseline,6,Balanced,0,Low,0,Low,0,21.0577,3561.29,8.17816,0.581587,0.1
3493,Baseline,6,Balanced,0,Low,0,Low,0,21.032,3555.2,8.17645,0.581815,0.1
3494,Baseline,6,Balanced,0,Low,0,Low,0,21.0434,3560.44,8.17792,0.581897,0.1
3495,Baseline,6,Balanced,0,Low,0,Low,0,20.9405,3536.87,8.17128,0.581342,0.1
3496,Baseline,6,Balanced,0,Low,0,Low,0,21.002,3546.1,8.17389,0.581732,0.1
3497,Baseline,6,Balanced,0,Low,0,Low,0,21.0288,3554.68,8.1763,0.581476,0.1
3498,Baseline,6,Balanced,0,Low,0,Low,0,21.0641,3564.27,8.179,0.581479,0.1
3499,Baseline,6,Balanced,0,Low,0,Low,0,21.0414,3557.42,8.17707,0.581449,0.1
3500,Baseline,6,Balanced,0,Low,0,Low,0,20.9904,3548.28,8.1745,0.58187,0.1
3501,Baseline,6,Balanced,0,Low,0,Low,0,21.0497,3558.75,8.17744,0.582179,0.1
3502,Baseline,6,Balanced,0,Low,0,Low,0,21.0874,3565.92,8.17946,0.581995,0.1
3503,Baseline,6,Balanced,0,Low,0,Low,0,20.9892,3545.28,8.17365,0.581738,0.1
3504,Baseline,6,Balanced,0,Low,0,Low,0,21.0367,3557.07,8.17697,0.581505,0.1
3505,Baseline,6,Balanced,0,Low,0,Low,0,21.0573,3559.04,8.17753,0.582584,0.1
3506,Baseline,6,Balanced,0,Low,0,Low,0,21.0933,3567.74,8.17997,0.581678,0.1
3507,Baseline,6,Balanced,0,Low,0,Low,0,21.0085,3550.35,8.17508,0.581334,0.1
3508,Baseline,6,Balanced,0,Low,0,Low,0,20.9697,3544.7,8.17349,0.581804,0.1
3509,Baseline,6,Balanced,0,Low,0,Low,0,21.025,3553.41,8.17595,0.581376,0.1
3510,Baseline,6,Balanced,0,Low,0,Low,0,21.0777,3563.18,8.17869,0.582158,0.1
3511,Baseline,6,Balanced,0,Low,0,Low,0,21.0833,3567.87,8.18001,0.581915,0.1
3512,Baseline,6,Balanced,0,Low,0,Low,0,21.062,3563.83,8.17887,0.58153,0.1
3513,Baseline,6,Balanced,0,Low,0,Low,0,20.9995,3548.93,8.17468,0.581995,0.1
3514,Baseline,6,Balanced,0,Low,0,Low,0,20.979,3545.42,8.17369,0.581672,0.1
3515,Baseline,6,Balanced,0,Low,0,Low,0,21.0934,3567.12,8.1798,0.581956,0.1
3516,Baseline,6,Balanced,0,Low,0,Low,0,21.0264,3552.69,8.17574,0.581946,0.1
3517,Baseline,6,Balanced,0,Low,0,Low,0,21.0756,3564.72,8.17912,0.582215,0.1
3518,Baseline,6,Balanced,0,Low,0,Low,0,21.0629,3558.34,8.17733,0.582062,0.1
3519,Baseline,6,Balanced,0,Low,0,Low,0,21.0607,3561.93,8.17834,0.581475,0.1
3520,Baseline,6,Balanced,0,Low,0,Low,0,21.0424,3558.27,8.17731,0.581712,0.1
3521,Baseline,6,Balanced,0,Low,0,Low,0,21.0683,3565.18,8.17925,0.581569,0.1
3522,Baseline,6,Balanced,0,Low,0,Low,0,20.9584,3543.48,8.17315,0.581766,0.1
3523,Baseline,6,Balanced,0,Low,0,Low,0,21.0831,3566.15,8.17952,0.581807,0.1
3524,Baseline,6,Balanced,0,Low,0,Low,0,21.0199,3549.73,8.17491,0.581558,0.1
3525,Baseline,6,Balanced,0,Low,0,Low,0,21.0708,3561.78,8.1783,0.582252,0.1
3526,Baseline,6,Balanced,0,Low,0,Low,0,21.029,3552.52,8.17569,0.582446,0.1
3527,Baseline,6,Balanced,0,Low,0,Low,0,21.0018,3546.11,8.17389,0.581489,0.1
3528,Baseline,6,Balanced,0,Low,0,Low,0,21.0202,3554.61,8.17628,0.581606,0.1
3529,Baseline,6,Balanced,0,Low,0,Low,0,21.0517,3556.99,8.17695,0.581743,0.1
3530,Baseline,6,Balanced,0,Low,0,Low,0,21.0655,3558.61,8.17741,0.582375,0.1
3531,Baseline,6,Balanced,0,Low,0,Low,0,21.0271,3554.89,8.17636,0.581785,0.1
3532,Baseline,6,Balanced,0,Low,0,Low,0,21.0717,3564.3,8.179,0.581639,0.1
3533,Baseline,6,Balanced,0,Low,0,Low,0,21.0063,3548.26,8.17449,0.582137,0.1
3534,Baseline,6,Balanced,0,Low,0,Low,0,21.0656,3560.24,8.17787,0.582403,0.1
3535,Baseline,6,Balanced,0,Low,0,Low,0,20.9868,3545.99,8.17385,0.581671,0.1
3536,Baseline,6,Balanced,0,Low,0,Low,0,21.0624,3562.89,8.17861,0.581669,0.1
3537,Baseline,6,Balanced,0,Low,0,Low,0,21.036,3559.78,8.17774,0.581565,0.1
3538,Baseline,6,Balanced,0,Low,0,Low,0,21.0673,3561.59,8.17824,0.581603,0.1
3539,Baseline,6,Balanced,0,Low,0,Low,0,20.9837,3548.66,8.17461,0.581879,0.1
3540,Baseline,6,Balanced,0,Low,0,Low,0,20.9988,3549.5,8.17484,0.581189,0.1
3541,Baseline,6,Balanced,0,Low,0,Low,0,21.0663,3560.83,8.17803,0.581864,0.1
3542,Baseline,6,Balanced,0,Low,0,Low,0,21.039,3555.89,8.17664,0.582088,0.1
3543,Baseline,6,Balanced,0,Low,0,Low,0,21.0586,3557.54,8.1771,0.582345,0.1
3544,Baseline,6,Balanced,0,Low,0,Low,0,21.0248,3553.85,8.17607,0.581755,0.1
3545,Baseline,6,Balanced,0,Low,0,Low,0,21.0457,3559.29,8.1776,0.581592,0.1
3546,Baseline,6,Balanced,0,Low,0,Low,0,21.0221,3554.61,8.17628,0.582309,0.1
3547,Baseline,6,Balanced,0,Low,0,Low,0,21.0416,3556.95,8.17694,0.581724,0.1
3548,Baseline,6,Balanced,0,Low,0,Low,0,20.9867,3548.52,8.17457,0.581428,0.1
3549,Baseline,6,Balanced,0,Low,0,Low,0,21.0221,3555.51,8.17653,0.581691,0.1
3550,Baseline,6,Balanced,0,Low,0,Low,0,21.0609,3559.24,8.17758,0.582016,0.1
3551,Baseline,6,Balanced,0,Low,0,Low,0,21.0387,3555.29,8.17647,0.581785,0.1
3552,Baseline,6,Balanced,0,Low,0,Low,0,21.0303,3556.72,8.17688,0.581179,0.1
3553,Baseline,6,Balanced,0,Low,0,Low,0,20.9518,3541.17,8.1725,0.581584,0.1
3554,Baseline,6,Balanced,0,Low,0,Low,0,21.0117,3551.15,8.17531,0.581576,0.1
3555,Baseline,6,Balanced,0,Low,0,Low,0,21.0715,3557.87,8.1772,0.582406,0.1
3556,Baseline,6,Balanced,0,Low,0,Low,0,20.9919,3546.07,8.17388,0.582158,0.1
3557,Baseline,6,Balanced,0,Low,0,Low,0,20.993,3547.29,8.17422,0.581501,0.1
3558,Baseline,6,Balanced,0,Low,0,Low,0,20.9968,3549.94,8.17497,0.581604,0.1
3559,Baseline,6,Balanced,0,Low,0,Low,0,21.0153,3549.81,8.17493,0.582103,0.1
3560,Baseline,6,Balanced,0,Low,0,Low,0,21.0244,3553.8,8.17605,0.581496,0.1
3561,Baseline,6,Balanced,0,Low,0,Low,0,21.0819,3564.23,8.17898,0.582105,0.1
3562,Baseline,6,Balanced,0,Low,0,Low,0,20.996,3547.51,8.17428,0.581531,0.1
3563,Baseline,6,Balanced,0,Low,0,Low,0,21.0392,3556.72,8.17688,0.582083,0.1
3564,Baseline,6,Balanced,0,Low,0,Low,0,21.055,3560.74,8.17801,0.581608,0.1
3565,Baseline,6,Balanced,0,Low,0,Low,0,20.9992,3548.8,8.17465,0.58123,0.1
3566,Baseline,6,Balanced,0,Low,0,Low,0,21.0481,3558.08,8.17726,0.581398,0.1
3567,Baseline,6,Balanced,0,Low,0,Low,0,21.0647,3561.09,8.1781,0.581659,0.1
3568,Baseline,6,Balanced,0,Low,0,Low,0,21.0167,3552.67,8.17574,0.581441,0.1
3569,Baseline,6,Balanced,0,Low,0,Low,0,21.0173,3553.08,8.17585,0.582042,0.1
3570,Baseline,6,Balanced,0,Low,0,Low,0,20.9875,3546.75,8.17407,0.581548,0.1
3571,Baseline,6,Balanced,0,Low,0,Low,0,21.0129,3552.14,8.17559,0.582353,0.1
3572,Baseline,6,Balanced,0,Low,0,Low,0,21.0079,3550.73,8.17519,0.581679,0.1
3573,Baseline,6,Balanced,0,Low,0,Low,0,20.9617,3541.13,8.17248,0.581373,0.1
3574,Baseline,6,Balanced,0,Low,0,Low,0,21.0067,3549.1,8.17473,0.582236,0.1
3575,Baseline,6,Balanced,0,Low,0,Low,0,21.0223,3553.8,8.17605,0.581778,0.1
3576,Baseline,6,Balanced,0,Low,0,Low,0,20.9888,3548.02,8.17443,0.581278,0.1
3577,Baseline,6,Balanced,0,Low,0,Low,0,21.0202,3551.68,8.17546,0.581438,0.1
3578,Baseline,6,Balanced,0,Low,0,Low,0,21.0459,3559.82,8.17775,0.580992,0.1
3579,Baseline,6,Balanced,0,Low,0,Low,0,21.0811,3564.04,8.17893,0.582179,0.1
3580,Baseline,6,Balanced,0,Low,0,Low,0,21.0349,3556.79,8.1769,0.581192,0.1
3581,Baseline,6,Balanced,0,Low,0,Low,0,21.0417,3555.68,8.17658,0.582364,0.1
3582,Baseline,6,Balanced,0,Low,0,Low,0,21.0117,3551.49,8.1754,0.582101,0.1
3583,Baseline,6,Balanced,0,Low,0,Low,0,21.0178,3552.11,8.17558,0.581823,0.1
3584,Baseline,6,Balanced,0,Low,0,Low,0,21.0144,3551.59,8.17543,0.581772,0.1
3585,Baseline,6,Balanced,0,Low,0,Low,0,21.0162,3548.65,8.1746,0.582042,0.1
3586,Baseline,6,Balanced,0,Low,0,Low,0,21.0043,3548.76,8.17463,0.581487,0.1
3587,Baseline,6,Balanced,0,Low,0,Low,0,20.9911,3547.29,8.17422,0.58161,0.1
3588,Baseline,6,Balanced,0,Low,0,Low,0,21.0879,3566.68,8.17967,0.5815,0.1
3589,Baseline,6,Balanced,0,Low,0,Low,0,21.0283,3553.8,8.17605,0.582267,0.1
3590,Baseline,6,Balanced,0,Low,0,Low,0,21.0075,3552.74,8.17576,0.581455,0.1
3591,Baseline,6,Balanced,0,Low,0,Low,0,21.0576,3561.98,8.17835,0.581495,0.1
3592,Baseline,6,Balanced,0,Low,0,Low,0,21.0116,3552.87,8.17579,0.581235,0.1
3593,Baseline,6,Balanced,0,Low,0,Low,0,21.0045,3548.84,8.17466,0.582052,0.1
3594,Baseline,6,Balanced,0,Low,0,Low,0,21.0235,3552.43,8.17567,0.581882,0.1
3595,Baseline,6,Balanced,0,Low,0,Low,0,21.0103,3549.91,8.17496,0.5816,0.1
3596,Baseline,6,Balanced,0,Low,0,Low,0,20.9843,3545.84,8.17381,0.581492,0.1
3597,Baseline,6,Balanced,0,Low,0,Low,0,21.004,3551.44,8.17539,0.581213,0.1
3598,Baseline,6,Balanced,0,Low,0,Low,0,21.0324,3556.19,8.17673,0.581625,0.1
3599,Baseline,6,Balanced,0,Low,0,Low,0,21.0136,3552.04,8.17556,0.581315,0.1
3600,Baseline,6,Balanced,0,Low,0,Low,0,21.0847,3566.65,8.17966,0.582292,0.1
3601,Baseline,6,Balanced,0,Low,0,Low,0,20.9933,3548.36,8.17452,0.581744,0.1
3602,Baseline,6,Balanced,0,Low,0,Low,0,21.0309,3555,8.17639,0.582092,0.1
3603,Baseline,6,Balanced,0,Low,0,Low,0,21.0527,3559.03,8.17752,0.581942,0.1
3604,Baseline,6,Balanced,0,Low,0,Low,0,21.026,3554.38,8.17622,0.581648,0.1
3605,Baseline,6,Balanced,0,Low,0,Low,0,20.9908,3545.55,8.17373,0.581816,0.1
3606,Baseline,6,Balanced,0,Low,0,Low,0,21.0647,3561.66,8.17826,0.582291,0.1
3607,Baseline,6,Balanced,0,Low,0,Low,0,21.0315,3555.34,8.17649,0.581043,0.1
3608,Baseline,6,Balanced,0,Low,0,Low,0,21.0041,3549.56,8.17486,0.581135,0.1
3609,Baseline,6,Balanced,0,Low,0,Low,0,21.0345,3554.05,8.17613,0.581641,0.1
3610,Baseline,6,Balanced,0,Low,0,Low,0,21.044,3559.42,8.17763,0.581546,0.1
3611,Baseline,6,Balanced,0,Low,0,Low,0,21.0711,3565.04,8.17921,0.581689,0.1
3612,Baseline,6,Balanced,0,Low,0,Low,0,21.0796,3564.93,8.17918,0.581972,0.1
3613,Baseline,6,Balanced,0,Low,0,Low,0,21.0573,3562.82,8.17859,0.581279,0.1
3614,Baseline,6,Balanced,0,Low,0,Low,0,21.0905,3566.48,8.17961,0.581465,0.1
3615,Baseline,6,Balanced,0,Low,0,Low,0,21.0128,3550.98,8.17526,0.581703,0.1
3616,Baseline,6,Balanced,0,Low,0,Low,0,21.0483,3560.25,8.17787,0.581958,0.1
3617,Baseline,6,Balanced,0,Low,0,Low,0,20.9647,3543,8.17301,0.581505,0.1
3618,Baseline,6,Balanced,0,Low,0,Low,0,21.0285,3556.83,8.17691,0.582,0.1
3619,Baseline,6,Balanced,0,Low,0,Low,0,21.0233,3550.75,8.1752,0.582079,0.1
3620,Baseline,6,Balanced,0,Low,0,Low,0,20.995,3549.73,8.17491,0.581584,0.1
3621,Baseline,6,Balanced,0,Low,0,Low,0,21.077,3563.65,8.17882,0.581993,0.1
3622,Baseline,6,Balanced,0,Low,0,Low,0,21.0206,3554.97,8.17638,0.58193,0.1
3623,Baseline,6,Balanced,0,Low,0,Low,0,21.0018,3546.54,8.17401,0.582049,0.1
3624,Baseline,6,Balanced,0,Low,0,Low,0,21.0634,3561.61,8.17825,0.581544,0.1
3625,Baseline,6,Balanced,0,Low,0,Low,0,21.0554,3560.43,8.17792,0.581653,0.1
3626,Baseline,6,Balanced,0,Low,0,Low,0,21.0371,3555.51,8.17653,0.58169,0.1
3627,Baseline,6,Balanced,0,Low,0,Low,0,21.0022,3548.03,8.17443,0.581283,0.1
3628,Baseline,6,Balanced,0,Low,0,Low,0,21.0663,3565.46,8.17933,0.582008,0.1
3629,Baseline,6,Balanced,0,Low,0,Low,0,20.9979,3547.88,8.17439,0.581294,0.1
3630,Baseline,6,Balanced,0,Low,0,Low,0,21.004,3548.13,8.17446,0.58149,0.1
3631,Baseline,6,Balanced,0,Low,0,Low,0,21.0449,3558.79,8.17746,0.581864,0.1
3632,Baseline,6,Balanced,0,Low,0,Low,0,21.0441,3558.8,8.17746,0.582006,0.1
3633,Baseline,6,Balanced,0,Low,0,Low,0,21.0389,3555.29,8.17647,0.581451,0.1
3634,Baseline,6,Balanced,0,Low,0,Low,0,21.0213,3551.63,8.17544,0.581644,0.1
3635,Baseline,6,Balanced,0,Low,0,Low,0,21.0588,3562.87,8.1786,0.581269,0.1
3636,Baseline,6,Balanced,0,Low,0,Low,0,21.0399,3554.42,8.17623,0.581488,0.1
3637,Baseline,6,Balanced,0,Low,0,Low,0,21.0702,3564.62,8.17909,0.581695,0.1
3638,Baseline,6,Balanced,0,Low,0,Low,0,21.0227,3551.62,8.17544,0.582275,0.1
3639,Baseline,6,Balanced,0,Low,0,Low,0,20.9807,3543.97,8.17328,0.582374,0.1
3640,Baseline,6,Balanced,0,Low,0,Low,0,21.0184,3553.65,8.17601,0.581824,0.1
3641,Baseline,6,Balanced,0,Low,0,Low,0,21.016,3550.43,8.17511,0.58209,0.1
3642,Baseline,6,Balanced,0,Low,0,Low,0,20.9723,3541.62,8.17262,0.581774,0.1
3643,Baseline,6,Balanced,0,Low,0,Low,0,21.0441,3558.61,8.17741,0.581599,0.1
3644,Baseline,6,Balanced,0,Low,0,Low,0,21.0681,3562.52,8.1785,0.581865,0.1
3645,Baseline,6,Balanced,0,Low,0,Low,0,21.0758,3564.83,8.17915,0.581687,0.1
3646,Baseline,6,Balanced,0,Low,0,Low,0,21.0357,3556.6,8.17684,0.582109,0.1
3647,Baseline,6,Balanced,0,Low,0,Low,0,21.053,3558.72,8.17744,0.581754,0.1
3648,Baseline,6,Balanced,0,Low,0,Low,0,21.0052,3550.16,8.17503,0.581725,0.1
3649,Baseline,6,Balanced,0,Low,0,Low,0,21.0355,3556.42,8.17679,0.581601,0.1
3650,Baseline,6,Balanced,0,Low,0,Low,0,21.0848,3563.51,8.17878,0.582041,0.1
3651,Baseline,6,Balanced,0,Low,0,Low,0,21.0366,3555.93,8.17665,0.58149,0.1
3652,Baseline,6,Balanced,0,Low,0,Low,0,21.0394,3554.47,8.17624,0.581788,0.1
3653,Baseline,6,Balanced,0,Low,0,Low,0,21.0339,3554.84,8.17635,0.581723,0.1
3654,Baseline,6,Balanced,0,Low,0,Low,0,21.0853,3564.3,8.179,0.581951,0.1
3655,Baseline,6,Balanced,0,Low,0,Low,0,21.0576,3561.16,8.17812,0.581741,0.1
3656,Baseline,6,Balanced,0,Low,0,Low,0,21.0155,3549.82,8.17493,0.581931,0.1
3657,Baseline,6,Balanced,0,Low,0,Low,0,21.0115,3551.91,8.17552,0.581663,0.1
3658,Baseline,6,Balanced,0,Low,0,Low,0,21.0077,3544.01,8.1733,0.581935,0.1
3659,Baseline,6,Balanced,0,Low,0,Low,0,21.0843,3566.2,8.17954,0.581723,0.1
3660,Baseline,6,Balanced,0,Low,0,Low,0,21.0481,3561.23,8.17814,0.58151,0.1
3661,Baseline,6,Balanced,0,Low,0,Low,0,21.0291,3554.67,8.1763,0.581959,0.1
3662,Baseline,6,Balanced,0,Low,0,Low,0,21.0514,3558.2,8.17729,0.581922,0.1
3663,Baseline,6,Balanced,0,Low,0,Low,0,21.0005,3547.68,8.17433,0.581764,0.1
3664,Baseline,6,Balanced,0,Low,0,Low,0,21.0256,3556.78,8.17689,0.581858,0.1
3665,Baseline,6,Balanced,0,Low,0,Low,0,21.0273,3556.06,8.17669,0.581566,0.1
3666,Baseline,6,Balanced,0,Low,0,Low,0,21.0683,3563.12,8.17867,0.581554,0.1
3667,Baseline,6,Balanced,0,Low,0,Low,0,21.0516,3558.38,8.17734,0.582391,0.1
3668,Baseline,6,Balanced,0,Low,0,Low,0,21.0343,3552.79,8.17577,0.581844,0.1
3669,Baseline,6,Balanced,0,Low,0,Low,0,21.031,3553.03,8.17584,0.581791,0.1
3670,Baseline,6,Balanced,0,Low,0,Low,0,21.0979,3568.73,8.18024,0.581705,0.1
3671,Baseline,6,Balanced,0,Low,0,Low,0,21.0276,3553.56,8.17599,0.581787,0.1
3672,Baseline,6,Balanced,0,Low,0,Low,0,21.0247,3555.52,8.17654,0.581383,0.1
3673,Baseline,6,Balanced,0,Low,0,Low,0,21.069,3560.87,8.17804,0.581676,0.1
3674,Baseline,6,Balanced,0,Low,0,Low,0,21.0465,3558.35,8.17733,0.582417,0.1
3675,Baseline,6,Balanced,0,Low,0,Low,0,21.0542,3560.56,8.17795,0.581434,0.1
3676,Baseline,6,Balanced,0,Low,0,Low,0,21.0782,3561.45,8.17821,0.582316,0.1
3677,Baseline,6,Balanced,0,Low,0,Low,0,20.9587,3539.76,8.1721,0.581819,0.1
3678,Baseline,6,Balanced,0,Low,0,Low,0,20.9964,3547.59,8.17431,0.581559,0.1
3679,Baseline,6,Balanced,0,Low,0,Low,0,21.0091,3550.22,8.17505,0.582012,0.1
3680,Baseline,6,Balanced,0,Low,0,Low,0,20.9804,3544.47,8.17343,0.582378,0.1
3681,Baseline,6,Balanced,0,Low,0,Low,0,21.0513,3560.33,8.17789,0.581716,0.1
3682,Baseline,6,Balanced,0,Low,0,Low,0,20.9956,3549.63,8.17488,0.581397,0.1
3683,Baseline,6,Balanced,0,Low,0,Low,0,21.0481,3559.06,8.17753,0.581741,0.1
3684,Baseline,6,Balanced,0,Low,0,Low,0,21.0185,3553.23,8.17589,0.582157,0.1
3685,Baseline,6,Balanced,0,Low,0,Low,0,20.9737,3539.27,8.17196,0.581766,0.1
3686,Baseline,6,Balanced,0,Low,0,Low,0,21.0651,3560.46,8.17793,0.581518,0.1
3687,Baseline,6,Balanced,0,Low,0,Low,0,21.1069,3570.04,8.18061,0.582007,0.1
3688,Baseline,6,Balanced,0,Low,0,Low,0,20.9779,3544.1,8.17332,0.581874,0.1
3689,Baseline,6,Balanced,0,Low,0,Low,0,20.9942,3547.44,8.17426,0.581522,0.1
3690,Baseline,6,Balanced,0,Low,0,Low,0,21.012,3549.89,8.17495,0.581899,0.1
3691,Baseline,6,Balanced,0,Low,0,Low,0,21.0862,3565.22,8.17926,0.581862,0.1
3692,Baseline,6,Balanced,0,Low,0,Low,0,21.0227,3552.39,8.17566,0.58167,0.1
3693,Baseline,6,Balanced,0,Low,0,Low,0,21.0723,3563.25,8.17871,0.581654,0.1
3694,Baseline,6,Balanced,0,Low,0,Low,0,20.9796,3545.35,8.17368,0.581589,0.1
3695,Baseline,6,Balanced,0,Low,0,Low,0,21.0608,3559.23,8.17758,0.581584,0.1
3696,Baseline,6,Balanced,0,Low,0,Low,0,21.0822,3564.8,8.17914,0.581857,0.1
3697,Baseline,6,Balanced,0,Low,0,Low,0,21.0658,3561.04,8.17809,0.581526,0.1
3698,Baseline,6,Balanced,0,Low,0,Low,0,21.072,3561.65,8.17826,0.58185,0.1
3699,Baseline,6,Balanced,0,Low,0,Low,0,21.0347,3559.46,8.17765,0.581816,0.1
3700,Baseline,6,Balanced,0,Low,0,Low,0,20.9691,3540.81,8.17239,0.581552,0.1
3701,Baseline,6,Balanced,0,Low,0,Low,0,20.9746,3544.56,8.17345,0.581533,0.1
3702,Baseline,6,Balanced,0,Low,0,Low,0,21.0471,3557.64,8.17713,0.58157,0.1
3703,Baseline,6,Balanced,0,Low,0,Low,0,20.9986,3548.74,8.17463,0.581307,0.1
3704,Baseline,6,Balanced,0,Low,0,Low,0,21.0475,3555.88,8.17664,0.582008,0.1
3705,Baseline,6,Balanced,0,Low,0,Low,0,20.9897,3546.9,8.17411,0.581532,0.1
3706,Baseline,6,Balanced,0,Low,0,Low,0,21.0175,3551.05,8.17528,0.581554,0.1
3707,Baseline,6,Balanced,0,Low,0,Low,0,21.0278,3555.1,8.17642,0.581431,0.1
3708,Baseline,6,Balanced,0,Low,0,Low,0,20.9769,3544.2,8.17335,0.581976,0.1
3709,Baseline,6,Balanced,0,Low,0,Low,0,21.0919,3567.5,8.1799,0.581752,0.1
3710,Baseline,6,Balanced,0,Low,0,Low,0,21.0202,3553.39,8.17594,0.581361,0.1
3711,Baseline,6,Balanced,0,Low,0,Low,0,21.0452,3555.35,8.17649,0.582401,0.1
3712,Baseline,6,Balanced,0,Low,0,Low,0,20.959,3540.04,8.17217,0.581397,0.1
3713,Baseline,6,Balanced,0,Low,0,Low,0,21.0765,3563.58,8.1788,0.581863,0.1
3714,Baseline,6,Balanced,0,Low,0,Low,0,21.0067,3550,8.17499,0.581765,0.1
3715,Baseline,6,Balanced,0,Low,0,Low,0,20.9472,3537.23,8.17138,0.581653,0.1
3716,Baseline,6,Balanced,0,Low,0,Low,0,20.9884,3546.84,8.17409,0.581119,0.1
3717,Baseline,6,Balanced,0,Low,0,Low,0,20.9913,3549.2,8.17476,0.581903,0.1
3718,Baseline,6,Balanced,0,Low,0,Low,0,21.0746,3561.94,8.17834,0.58149,0.1
3719,Baseline,6,Balanced,0,Low,0,Low,0,21.0504,3556.93,8.17693,0.58188,0.1
3720,Baseline,6,Balanced,0,Low,0,Low,0,21.0262,3552.19,8.1756,0.581727,0.1
3721,Baseline,6,Balanced,0,Low,0,Low,0,21.0222,3551.99,8.17555,0.581615,0.1
3722,Baseline,6,Balanced,0,Low,0,Low,0,21.0489,3558.8,8.17746,0.582292,0.1
3723,Baseline,6,Balanced,0,Low,0,Low,0,21.0181,3553.01,8.17583,0.582435,0.1
3724,Baseline,6,Balanced,0,Low,0,Low,0,20.9686,3541.72,8.17265,0.581765,0.1
3725,Baseline,6,Balanced,0,Low,0,Low,0,21.0866,3563.82,8.17887,0.581592,0.1
3726,Baseline,6,Balanced,0,Low,0,Low,0,21.0311,3555.91,8.17665,0.581803,0.1
3727,Baseline,6,Balanced,0,Low,0,Low,0,21.0426,3555.8,8.17662,0.58186,0.1
3728,Baseline,6,Balanced,0,Low,0,Low,0,21.0499,3564.31,8.17901,0.581354,0.1
3729,Baseline,6,Balanced,0,Low,0,Low,0,21.0633,3564.44,8.17904,0.581367,0.1
3730,Baseline,6,Balanced,0,Low,0,Low,0,21.0526,3563.32,8.17873,0.580944,0.1
3731,Baseline,6,Balanced,0,Low,0,Low,0,21.0166,3552.15,8.17559,0.58123,0.1
3732,Baseline,6,Balanced,0,Low,0,Low,0,21.0093,3552.89,8.1758,0.582055,0.1
3733,Baseline,6,Balanced,0,Low,0,Low,0,21.024,3552.19,8.1756,0.581852,0.1
3734,Baseline,6,Balanced,0,Low,0,Low,0,21.0613,3560.79,8.17802,0.581625,0.1
3735,Baseline,6,Balanced,0,Low,0,Low,0,21.0294,3556.41,8.17679,0.582176,0.1
3736,Baseline,6,Balanced,0,Low,0,Low,0,21.0863,3564.22,8.17898,0.581747,0.1
3737,Baseline,6,Balanced,0,Low,0,Low,0,21.0003,3548.47,8.17455,0.581584,0.1
3738,Baseline,6,Balanced,0,Low,0,Low,0,20.9899,3549.97,8.17498,0.581062,0.1
3739,Baseline,6,Balanced,0,Low,0,Low,0,21.0223,3552.37,8.17565,0.581522,0.1
3740,Baseline,6,Balanced,0,Low,0,Low,0,21.0286,3552.78,8.17577,0.582319,0.1
3741,Baseline,6,Balanced,0,Low,0,Low,0,21.0299,3554.76,8.17632,0.581746,0.1
3742,Baseline,6,Balanced,0,Low,0,Low,0,21.0386,3558.68,8.17743,0.581837,0.1
3743,Baseline,6,Balanced,0,Low,0,Low,0,21.0377,3554.69,8.1763,0.581911,0.1
3744,Baseline,6,Balanced,0,Low,0,Low,0,20.9899,3548.16,8.17447,0.581622,0.1
3745,Baseline,6,Balanced,0,Low,0,Low,0,20.9758,3542.43,8.17285,0.581868,0.1
3746,Baseline,6,Balanced,0,Low,0,Low,0,21.0178,3553.05,8.17584,0.58163,0.1
3747,Baseline,6,Balanced,0,Low,0,Low,0,20.987,3546.36,8.17396,0.581179,0.1
3748,Baseline,6,Balanced,0,Low,0,Low,0,20.9789,3546.22,8.17392,0.58149,0.1
3749,Baseline,6,Balanced,0,Low,0,Low,0,20.9867,3544.45,8.17342,0.581615,0.1
3750,Baseline,6,Balanced,0,Low,0,Low,0,21.0388,3556.61,8.17684,0.581248,0.1
3751,Baseline,6,Balanced,0,Low,0,Low,0,21.0401,3555.5,8.17653,0.582227,0.1
3752,Baseline,6,Balanced,0,Low,0,Low,0,21.0681,3562.14,8.1784,0.581901,0.1
3753,Baseline,6,Balanced,0,Low,0,Low,0,21.015,3554.4,8.17622,0.581783,0.1
3754,Baseline,6,Balanced,0,Low,0,Low,0,20.9718,3541.88,8.1727,0.581773,0.1
3755,Baseline,6,Balanced,0,Low,0,Low,0,21.0509,3554.7,8.17631,0.582224,0.1
3756,Baseline,6,Balanced,0,Low,0,Low,0,21.0366,3556.89,8.17692,0.581563,0.1
3757,Baseline,6,Balanced,0,Low,0,Low,0,21.0565,3559.3,8.1776,0.581849,0.1
3758,Baseline,6,Balanced,0,Low,0,Low,0,21.0446,3556.02,8.17668,0.581958,0.1
3759,Baseline,6,Balanced,0,Low,0,Low,0,20.9776,3546.04,8.17387,0.581509,0.1
3760,Baseline,6,Balanced,0,Low,0,Low,0,21.0081,3552.42,8.17567,0.581242,0.1
3761,Baseline,6,Balanced,0,Low,0,Low,0,21.0219,3551.54,8.17542,0.582084,0.1
3762,Baseline,6,Balanced,0,Low,0,Low,0,21.0068,3553.72,8.17603,0.581283,0.1
3763,Baseline,6,Balanced,0,Low,0,Low,0,20.9861,3544.79,8.17352,0.58161,0.1
3764,Baseline,6,Balanced,0,Low,0,Low,0,21.0225,3553.25,8.1759,0.582019,0.1
3765,Baseline,6,Balanced,0,Low,0,Low,0,21.0405,3555.37,8.17649,0.582041,0.1
3766,Baseline,6,Balanced,0,Low,0,Low,0,21.0206,3552.57,8.17571,0.581997,0.1
3767,Baseline,6,Balanced,0,Low,0,Low,0,21.0501,3555.74,8.1766,0.582149,0.1
3768,Baseline,6,Balanced,0,Low,0,Low,0,21.0576,3559.46,8.17764,0.582209,0.1
3769,Baseline,6,Balanced,0,Low,0,Low,0,21.011,3550.24,8.17505,0.581817,0.1
3770,Baseline,6,Balanced,0,Low,0,Low,0,21.0596,3560.31,8.17789,0.581991,0.1
3771,Baseline,6,Balanced,0,Low,0,Low,0,21.0392,3557.57,8.17711,0.581195,0.1
3772,Baseline,6,Balanced,0,Low,0,Low,0,21.0168,3552.27,8.17562,0.582094,0.1
3773,Baseline,6,Balanced,0,Low,0,Low,0,21.0395,3560.47,8.17793,0.581473,0.1
3774,Baseline,6,Balanced,0,Low,0,Low,0,21.0402,3555.14,8.17643,0.582333,0.1
3775,Baseline,6,Balanced,0,Low,0,Low,0,21.0097,3549.09,8.17473,0.581477,0.1
3776,Baseline,6,Balanced,0,Low,0,Low,0,21.0841,3564.76,8.17913,0.582099,0.1
3777,Baseline,6,Balanced,0,Low,0,Low,0,21.0415,3555.31,8.17648,0.581615,0.1
3778,Baseline,6,Balanced,0,Low,0,Low,0,21.0064,3552.5,8.17569,0.582149,0.1
3779,Baseline,6,Balanced,0,Low,0,Low,0,20.992,3547.73,8.17434,0.581699,0.1
3780,Baseline,6,Balanced,0,Low,0,Low,0,21.0558,3562.35,8.17846,0.581217,0.1
3781,Baseline,6,Balanced,0,Low,0,Low,0,21.0336,3554.43,8.17623,0.582031,0.1
3782,Baseline,6,Balanced,0,Low,0,Low,0,21.0693,3563.91,8.17889,0.581376,0.1
3783,Baseline,6,Balanced,0,Low,0,Low,0,21.0571,3560.33,8.17789,0.581687,0.1
3784,Baseline,6,Balanced,0,Low,0,Low,0,21.0377,3557.49,8.17709,0.581425,0.1
3785,Baseline,6,Balanced,0,Low,0,Low,0,21.0044,3550.77,8.1752,0.581793,0.1
3786,Baseline,6,Balanced,0,Low,0,Low,0,21.0685,3559.46,8.17765,0.581743,0.1
3787,Baseline,6,Balanced,0,Low,0,Low,0,20.9751,3545.97,8.17385,0.581392,0.1
3788,Baseline,6,Balanced,0,Low,0,Low,0,21.05,3558.3,8.17732,0.582324,0.1
3789,Baseline,6,Balanced,0,Low,0,Low,0,21.054,3559.38,8.17762,0.581739,0.1
3790,Baseline,6,Balanced,0,Low,0,Low,0,21.0607,3561.35,8.17818,0.581541,0.1
3791,Baseline,6,Balanced,0,Low,0,Low,0,20.9638,3537,8.17132,0.581744,0.1
3792,Baseline,6,Balanced,0,Low,0,Low,0,20.9619,3541.36,8.17255,0.581305,0.1
3793,Baseline,6,Balanced,0,Low,0,Low,0,21.0071,3551.12,8.1753,0.581799,0.1
3794,Baseline,6,Balanced,0,Low,0,Low,0,21.0219,3554.44,8.17623,0.581328,0.1
3795,Baseline,6,Balanced,0,Low,0,Low,0,21.028,3555.33,8.17648,0.581713,0.1
3796,Baseline,6,Balanced,0,Low,0,Low,0,21.0109,3551.87,8.17551,0.581672,0.1
3797,Baseline,6,Balanced,0,Low,0,Low,0,21.0486,3557.57,8.17712,0.581808,0.1
3798,Baseline,6,Balanced,0,Low,0,Low,0,21.034,3555.06,8.17641,0.581643,0.1
3799,Baseline,6,Balanced,0,Low,0,Low,0,21.0424,3557.85,8.17719,0.581981,0.1
3800,Baseline,6,Balanced,0,Low,0,Low,0,21.0032,3548.27,8.1745,0.581915,0.1
3801,Baseline,6,Balanced,0,Low,0,Low,0,21.0125,3549.65,8.17489,0.581323,0.1
3802,Baseline,6,Balanced,0,Low,0,Low,0,21.0402,3557.63,8.17713,0.581795,0.1
3803,Baseline,6,Balanced,0,Low,0,Low,0,21.0206,3553.03,8.17584,0.581608,0.1
3804,Baseline,6,Balanced,0,Low,0,Low,0,21.053,3559.37,8.17762,0.581535,0.1
3805,Baseline,6,Balanced,0,Low,0,Low,0,21.0384,3556.87,8.17692,0.582117,0.1
3806,Baseline,6,Balanced,0,Low,0,Low,0,21.0598,3559.61,8.17769,0.5826,0.1
3807,Baseline,6,Balanced,0,Low,0,Low,0,21.0423,3557.75,8.17717,0.581934,0.1
3808,Baseline,6,Balanced,0,Low,0,Low,0,21.0126,3550.64,8.17516,0.581434,0.1
3809,Baseline,6,Balanced,0,Low,0,Low,0,21.056,3558.19,8.17729,0.58196,0.1
3810,Baseline,6,Balanced,0,Low,0,Low,0,21.0281,3555.73,8.1766,0.581475,0.1
3811,Baseline,6,Balanced,0,Low,0,Low,0,21.0768,3561.34,8.17817,0.582373,0.1
3812,Baseline,6,Balanced,0,Low,0,Low,0,21.024,3553.8,8.17605,0.581686,0.1
3813,Baseline,6,Balanced,0,Low,0,Low,0,21.0436,3556.63,8.17685,0.581644,0.1
3814,Baseline,6,Balanced,0,Low,0,Low,0,21.004,3548.97,8.17469,0.581591,0.1
3815,Baseline,6,Balanced,0,Low,0,Low,0,21.0731,3563.24,8.17871,0.581845,0.1
3816,Baseline,6,Balanced,0,Low,0,Low,0,21.038,3555.34,8.17649,0.581931,0.1
3817,Baseline,6,Balanced,0,Low,0,Low,0,21.0332,3555.92,8.17665,0.581685,0.1
3818,Baseline,6,Balanced,0,Low,0,Low,0,21.002,3549.21,8.17476,0.58199,0.1
3819,Baseline,6,Balanced,0,Low,0,Low,0,21.0581,3561.52,8.17822,0.581288,0.1
3820,Baseline,6,Balanced,0,Low,0,Low,0,21.0313,3552.29,8.17563,0.581268,0.1
3821,Baseline,6,Balanced,0,Low,0,Low,0,21.0387,3554.69,8.1763,0.582176,0.1
3822,Baseline,6,Balanced,0,Low,0,Low,0,21.0623,3562.27,8.17843,0.581562,0.1
3823,Baseline,6,Balanced,0,Low,0,Low,0,20.9614,3540.05,8.17218,0.581714,0.1
3824,Baseline,6,Balanced,0,Low,0,Low,0,21.0036,3551.05,8.17528,0.581319,0.1
3825,Baseline,6,Balanced,0,Low,0,Low,0,21.057,3561.4,8.17819,0.581647,0.1
3826,Baseline,6,Balanced,0,Low,0,Low,0,21.0445,3555.73,8.1766,0.581722,0.1
3827,Baseline,6,Balanced,0,Low,0,Low,0,21.1192,3572.94,8.18142,0.582196,0.1
3828,Baseline,6,Balanced,0,Low,0,Low,0,21.0477,3556.8,8.1769,0.581795,0.1
3829,Baseline,6,Balanced,0,Low,0,Low,0,21.0959,3568.9,8.18029,0.581995,0.1
3830,Baseline,6,Balanced,0,Low,0,Low,0,20.9987,3544.41,8.17341,0.581866,0.1
3831,Baseline,6,Balanced,0,Low,0,Low,0,21.0811,3564.6,8.17909,0.58153,0.1
3832,Baseline,6,Balanced,0,Low,0,Low,0,20.9867,3544.97,8.17357,0.58194,0.1
3833,Baseline,6,Balanced,0,Low,0,Low,0,21.1708,3582.15,8.184,0.581995,0.1
3834,Baseline,6,Balanced,0,Low,0,Low,0,20.9966,3551.18,8.17532,0.581601,0.1
3835,Baseline,6,Balanced,0,Low,0,Low,0,21.0009,3548.66,8.17461,0.5821,0.1
3836,Baseline,6,Balanced,0,Low,0,Low,0,21.0557,3558.31,8.17732,0.581792,0.1
3837,Baseline,6,Balanced,0,Low,0,Low,0,21.0833,3565.05,8.17921,0.582171,0.1
3838,Baseline,6,Balanced,0,Low,0,Low,0,21.0545,3556.67,8.17686,0.582189,0.1
3839,Baseline,6,Balanced,0,Low,0,Low,0,21.0213,3555,8.17639,0.581763,0.1
3840,Baseline,6,Balanced,0,Low,0,Low,0,21.0762,3562.89,8.17861,0.581855,0.1
3841,Baseline,6,Balanced,0,Low,0,Low,0,20.9817,3543.59,8.17318,0.58181,0.1
3842,Baseline,6,Balanced,0,Low,0,Low,0,21.0098,3551,8.17527,0.581932,0.1
3843,Baseline,6,Balanced,0,Low,0,Low,0,21.0134,3551.47,8.1754,0.581556,0.1
3844,Baseline,6,Balanced,0,Low,0,Low,0,20.9601,3540.84,8.1724,0.58125,0.1
3845,Baseline,6,Balanced,0,Low,0,Low,0,20.9968,3546.42,8.17398,0.581646,0.1
3846,Baseline,6,Balanced,0,Low,0,Low,0,21.0122,3550.08,8.17501,0.581644,0.1
3847,Baseline,6,Balanced,0,Low,0,Low,0,21.015,3550.25,8.17506,0.581833,0.1
3848,Baseline,6,Balanced,0,Low,0,Low,0,21.1013,3568.13,8.18008,0.582392,0.1
3849,Baseline,6,Balanced,0,Low,0,Low,0,21.0515,3559.13,8.17755,0.581947,0.1
3850,Baseline,6,Balanced,0,Low,0,Low,0,21.0078,3549.4,8.17482,0.581999,0.1
3851,Baseline,6,Balanced,0,Low,0,Low,0,21.0217,3554.11,8.17614,0.581703,0.1
3852,Baseline,6,Balanced,0,Low,0,Low,0,20.9798,3544.08,8.17332,0.581835,0.1
3853,Baseline,6,Balanced,0,Low,0,Low,0,21.0439,3556.9,8.17693,0.581984,0.1
3854,Baseline,6,Balanced,0,Low,0,Low,0,20.9947,3549.31,8.17479,0.581368,0.1
3855,Baseline,6,Balanced,0,Low,0,Low,0,21.0925,3567.2,8.17982,0.582125,0.1
3856,Baseline,6,Balanced,0,Low,0,Low,0,20.9985,3551.08,8.17529,0.581378,0.1
3857,Baseline,6,Balanced,0,Low,0,Low,0,21.01,3551.56,8.17542,0.581667,0.1
3858,Baseline,6,Balanced,0,Low,0,Low,0,21.0822,3565.66,8.17938,0.581742,0.1
3859,Baseline,6,Balanced,0,Low,0,Low,0,21.0723,3562.06,8.17838,0.581876,0.1
3860,Baseline,6,Balanced,0,Low,0,Low,0,21.0584,3561.26,8.17815,0.582083,0.1
3861,Baseline,6,Balanced,0,Low,0,Low,0,20.9899,3547.37,8.17424,0.581495,0.1
3862,Baseline,6,Balanced,0,Low,0,Low,0,21.0074,3551.91,8.17552,0.581915,0.1
3863,Baseline,6,Balanced,0,Low,0,Low,0,21.0274,3551.38,8.17537,0.582191,0.1
3864,Baseline,6,Balanced,0,Low,0,Low,0,20.993,3548.26,8.17449,0.581705,0.1
3865,Baseline,6,Balanced,0,Low,0,Low,0,21.0432,3556.74,8.17688,0.581876,0.1
3866,Baseline,6,Balanced,0,Low,0,Low,0,21.0577,3562.06,8.17837,0.581648,0.1
3867,Baseline,6,Balanced,0,Low,0,Low,0,21.0335,3554.96,8.17638,0.581469,0.1
3868,Baseline,6,Balanced,0,Low,0,Low,0,21.0784,3564.61,8.17909,0.581994,0.1
3869,Baseline,6,Balanced,0,Low,0,Low,0,21.0138,3554,8.17611,0.581429,0.1
3870,Baseline,6,Balanced,0,Low,0,Low,0,20.9579,3541.76,8.17266,0.581332,0.1
3871,Baseline,6,Balanced,0,Low,0,Low,0,21.0601,3561.64,8.17826,0.581577,0.1
3872,Baseline,6,Balanced,0,Low,0,Low,0,21.0102,3550.46,8.17511,0.581457,0.1
3873,Baseline,6,Balanced,0,Low,0,Low,0,21.0595,3561.74,8.17829,0.581484,0.1
3874,Baseline,6,Balanced,0,Low,0,Low,0,21.0153,3552.49,8.17569,0.581978,0.1
3875,Baseline,6,Balanced,0,Low,0,Low,0,21.0607,3562.07,8.17838,0.581711,0.1
3876,Baseline,6,Balanced,0,Low,0,Low,0,21.0186,3551.8,8.17549,0.581793,0.1
3877,Baseline,6,Balanced,0,Low,0,Low,0,21.0111,3550.43,8.17511,0.581693,0.1
3878,Baseline,6,Balanced,0,Low,0,Low,0,20.9813,3543.61,8.17318,0.581553,0.1
3879,Baseline,6,Balanced,0,Low,0,Low,0,20.9394,3535.65,8.17094,0.581564,0.1
3880,Baseline,6,Balanced,0,Low,0,Low,0,21.0152,3551.31,8.17535,0.582071,0.1
3881,Baseline,6,Balanced,0,Low,0,Low,0,21.0162,3552.2,8.1756,0.581753,0.1
3882,Baseline,6,Balanced,0,Low,0,Low,0,21.0272,3556.37,8.17678,0.581235,0.1
3883,Baseline,6,Balanced,0,Low,0,Low,0,21.0278,3553.67,8.17602,0.581659,0.1
3884,Baseline,6,Balanced,0,Low,0,Low,0,21.0268,3555.92,8.17665,0.581986,0.1
3885,Baseline,6,Balanced,0,Low,0,Low,0,20.9876,3548.37,8.17453,0.581354,0.1
3886,Baseline,6,Balanced,0,Low,0,Low,0,21.0322,3557.32,8.17704,0.581236,0.1
3887,Baseline,6,Balanced,0,Low,0,Low,0,21.0208,3552.26,8.17562,0.581653,0.1
3888,Baseline,6,Balanced,0,Low,0,Low,0,21.021,3550.84,8.17522,0.581868,0.1
3889,Baseline,6,Balanced,0,Low,0,Low,0,21.0341,3556.91,8.17693,0.581952,0.1
3890,Baseline,6,Balanced,0,Low,0,Low,0,21.0296,3557.45,8.17708,0.582275,0.1
3891,Baseline,6,Balanced,0,Low,0,Low,0,21.0475,3559.98,8.17779,0.581239,0.1
3892,Baseline,6,Balanced,0,Low,0,Low,0,21.0569,3558.79,8.17746,0.581989,0.1
3893,Baseline,6,Balanced,0,Low,0,Low,0,21.0171,3552.62,8.17572,0.582118,0.1
3894,Baseline,6,Balanced,0,Low,0,Low,0,20.9818,3545.09,8.1736,0.581563,0.1
3895,Baseline,6,Balanced,0,Low,0,Low,0,21.0668,3561.26,8.17815,0.582618,0.1
3896,Baseline,6,Balanced,0,Low,0,Low,0,21.0366,3557.94,8.17722,0.58142,0.1
3897,Baseline,6,Balanced,0,Low,0,Low,0,21.0076,3551.24,8.17533,0.581361,0.1
3898,Baseline,6,Balanced,0,Low,0,Low,0,21.0245,3551.53,8.17542,0.581835,0.1
3899,Baseline,6,Balanced,0,Low,0,Low,0,21.0579,3559.9,8.17777,0.581984,0.1
3900,Baseline,6,Balanced,0,Low,0,Low,0,21.0646,3563.09,8.17867,0.581795,0.1
3901,Baseline,6,Balanced,0,Low,0,Low,0,21.0528,3560.75,8.17801,0.581802,0.1
3902,Baseline,6,Balanced,0,Low,0,Low,0,21.0021,3548.58,8.17459,0.58235,0.1
3903,Baseline,6,Balanced,0,Low,0,Low,0,21.0496,3559.3,8.1776,0.581173,0.1
3904,Baseline,6,Balanced,0,Low,0,Low,0,21.0133,3549.28,8.17478,0.581087,0.1
3905,Baseline,6,Balanced,0,Low,0,Low,0,21.0371,3556.11,8.1767,0.58239,0.1
3906,Baseline,6,Balanced,0,Low,0,Low,0,21.0468,3556.92,8.17693,0.582202,0.1
3907,Baseline,6,Balanced,0,Low,0,Low,0,21.0248,3552.99,8.17583,0.581663,0.1
3908,Baseline,6,Balanced,0,Low,0,Low,0,20.9703,3542.28,8.17281,0.581235,0.1
3909,Baseline,6,Balanced,0,Low,0,Low,0,20.9948,3548.92,8.17468,0.581541,0.1
3910,Baseline,6,Balanced,0,Low,0,Low,0,20.9981,3545.39,8.17369,0.581925,0.1
3911,Baseline,6,Balanced,0,Low,0,Low,0,21.0274,3551.76,8.17548,0.581708,0.1
3912,Baseline,6,Balanced,0,Low,0,Low,0,21.0307,3555.47,8.17652,0.581629,0.1
3913,Baseline,6,Balanced,0,Low,0,Low,0,21.0278,3552.11,8.17558,0.581687,0.1
3914,Baseline,6,Balanced,0,Low,0,Low,0,21.0799,3565.11,8.17923,0.581986,0.1
3915,Baseline,6,Balanced,0,Low,0,Low,0,20.9884,3546.75,8.17407,0.581686,0.1
3916,Baseline,6,Balanced,0,Low,0,Low,0,21.0113,3548.31,8.17451,0.581965,0.1
3917,Baseline,6,Balanced,0,Low,0,Low,0,20.9641,3541.25,8.17252,0.581792,0.1
3918,Baseline,6,Balanced,0,Low,0,Low,0,21.0087,3551.32,8.17536,0.581847,0.1
3919,Baseline,6,Balanced,0,Low,0,Low,0,21.0898,3566.86,8.17972,0.582112,0.1
3920,Baseline,6,Balanced,0,Low,0,Low,0,20.9982,3547.06,8.17416,0.581987,0.1
3921,Baseline,6,Balanced,0,Low,0,Low,0,21.0205,3550.97,8.17526,0.581719,0.1
3922,Baseline,6,Balanced,0,Low,0,Low,0,21.0558,3558.29,8.17732,0.581778,0.1
3923,Baseline,6,Balanced,0,Low,0,Low,0,21.0294,3556.38,8.17678,0.581198,0.1
3924,Baseline,6,Balanced,0,Low,0,Low,0,21.048,3559.19,8.17757,0.581822,0.1
3925,Baseline,6,Balanced,0,Low,0,Low,0,21.037,3556.49,8.17681,0.581584,0.1
3926,Baseline,6,Balanced,0,Low,0,Low,0,21.0208,3550.47,8.17512,0.581962,0.1
3927,Baseline,6,Balanced,0,Low,0,Low,0,21.0208,3553.3,8.17591,0.581731,0.1
3928,Baseline,6,Balanced,0,Low,0,Low,0,21.0661,3559.63,8.17769,0.581958,0.1
3929,Baseline,6,Balanced,0,Low,0,Low,0,21.0284,3552.72,8.17575,0.582015,0.1
3930,Baseline,6,Balanced,0,Low,0,Low,0,21.0646,3560.37,8.1779,0.581939,0.1
3931,Baseline,6,Balanced,0,Low,0,Low,0,21.0795,3560.8,8.17802,0.58211,0.1
3932,Baseline,6,Balanced,0,Low,0,Low,0,21.0263,3553.64,8.17601,0.581479,0.1
3933,Baseline,6,Balanced,0,Low,0,Low,0,21.0392,3554.12,8.17614,0.581963,0.1
3934,Baseline,6,Balanced,0,Low,0,Low,0,20.9682,3544.63,8.17347,0.581305,0.1
3935,Baseline,6,Balanced,0,Low,0,Low,0,21.0857,3563.69,8.17883,0.582059,0.1
3936,Baseline,6,Balanced,0,Low,0,Low,0,21.1001,3567.96,8.18003,0.582019,0.1
3937,Baseline,6,Balanced,0,Low,0,Low,0,21.0361,3557.04,8.17696,0.581765,0.1
3938,Baseline,6,Balanced,0,Low,0,Low,0,21.0433,3556.09,8.1767,0.582052,0.1
3939,Baseline,6,Balanced,0,Low,0,Low,0,21.041,3555.96,8.17666,0.581885,0.1
3940,Baseline,6,Balanced,0,Low,0,Low,0,21.0391,3559.88,8.17776,0.581999,0.1
3941,Baseline,6,Balanced,0,Low,0,Low,0,21.0302,3556.57,8.17683,0.581665,0.1
3942,Baseline,6,Balanced,0,Low,0,Low,0,21.0557,3559.36,8.17762,0.581822,0.1
3943,Baseline,6,Balanced,0,Low,0,Low,0,21.0845,3564.9,8.17917,0.582075,0.1
3944,Baseline,6,Balanced,0,Low,0,Low,0,21.0227,3555.23,8.17646,0.58102,0.1
3945,Baseline,6,Balanced,0,Low,0,Low,0,21.0411,3558.57,8.1774,0.581478,0.1
3946,Baseline,6,Balanced,0,Low,0,Low,0,21.0287,3553.56,8.17599,0.581632,0.1
3947,Baseline,6,Balanced,0,Low,0,Low,0,21.0641,3561.52,8.17822,0.581873,0.1
3948,Baseline,6,Balanced,0,Low,0,Low,0,21.0417,3557.98,8.17723,0.581804,0.1
3949,Baseline,6,Balanced,0,Low,0,Low,0,21.0252,3554.64,8.17629,0.581384,0.1
3950,Baseline,6,Balanced,0,Low,0,Low,0,21.019,3553.15,8.17587,0.581044,0.1
3951,Baseline,6,Balanced,0,Low,0,Low,0,20.9728,3544.89,8.17354,0.581587,0.1
3952,Baseline,6,Balanced,0,Low,0,Low,0,21.0435,3557.58,8.17712,0.581666,0.1
3953,Baseline,6,Balanced,0,Low,0,Low,0,21.0321,3556.5,8.17681,0.581351,0.1
3954,Baseline,6,Balanced,0,Low,0,Low,0,21.014,3551.6,8.17544,0.581677,0.1
3955,Baseline,6,Balanced,0,Low,0,Low,0,21.0576,3562.79,8.17858,0.581679,0.1
3956,Baseline,6,Balanced,0,Low,0,Low,0,21.0371,3553.93,8.17609,0.581876,0.1
3957,Baseline,6,Balanced,0,Low,0,Low,0,21.0436,3556.59,8.17684,0.58168,0.1
3958,Baseline,6,Balanced,0,Low,0,Low,0,21.0008,3548.16,8.17447,0.581621,0.1
3959,Baseline,6,Balanced,0,Low,0,Low,0,21.0003,3548.93,8.17468,0.581491,0.1
3960,Baseline,6,Balanced,0,Low,0,Low,0,20.9667,3540.62,8.17234,0.581453,0.1
3961,Baseline,6,Balanced,0,Low,0,Low,0,21.1084,3571.57,8.18104,0.581561,0.1
3962,Baseline,6,Balanced,0,Low,0,Low,0,21.0416,3555.84,8.17663,0.582116,0.1
3963,Baseline,6,Balanced,0,Low,0,Low,0,21.0294,3555.53,8.17654,0.581581,0.1
3964,Baseline,6,Balanced,0,Low,0,Low,0,20.9628,3542.01,8.17273,0.581387,0.1
3965,Baseline,6,Balanced,0,Low,0,Low,0,21.031,3552.11,8.17558,0.581704,0.1
3966,Baseline,6,Balanced,0,Low,0,Low,0,21.0757,3563.34,8.17873,0.581856,0.1
3967,Baseline,6,Balanced,0,Low,0,Low,0,21.0728,3562.46,8.17849,0.581861,0.1
3968,Baseline,6,Balanced,0,Low,0,Low,0,21.0106,3552.3,8.17563,0.58191,0.1
3969,Baseline,6,Balanced,0,Low,0,Low,0,21.0116,3550.48,8.17512,0.581406,0.1
3970,Baseline,6,Balanced,0,Low,0,Low,0,21.0684,3564.62,8.17909,0.582061,0.1
3971,Baseline,6,Balanced,0,Low,0,Low,0,21.0034,3548.22,8.17448,0.581484,0.1
3972,Baseline,6,Balanced,0,Low,0,Low,0,21.0204,3551.3,8.17535,0.582258,0.1
3973,Baseline,6,Balanced,0,Low,0,Low,0,21.0021,3550.99,8.17526,0.581247,0.1
3974,Baseline,6,Balanced,0,Low,0,Low,0,21.1024,3567.86,8.18,0.581962,0.1
3975,Baseline,6,Balanced,0,Low,0,Low,0,21.0492,3557.64,8.17713,0.581928,0.1
3976,Baseline,6,Balanced,0,Low,0,Low,0,21.019,3552.55,8.1757,0.582263,0.1
3977,Baseline,6,Balanced,0,Low,0,Low,0,20.984,3547.52,8.17428,0.581627,0.1
3978,Baseline,6,Balanced,0,Low,0,Low,0,21.0913,3568.75,8.18025,0.581528,0.1
3979,Baseline,6,Balanced,0,Low,0,Low,0,20.9786,3547.37,8.17424,0.581411,0.1
3980,Baseline,6,Balanced,0,Low,0,Low,0,21.0139,3549.82,8.17494,0.581903,0.1
3981,Baseline,6,Balanced,0,Low,0,Low,0,21.055,3559.58,8.17768,0.581568,0.1
3982,Baseline,6,Balanced,0,Low,0,Low,0,21.0897,3567.52,8.1799,0.581928,0.1
3983,Baseline,6,Balanced,0,Low,0,Low,0,21.0505,3555.81,8.17662,0.581866,0.1
3984,Baseline,6,Balanced,0,Low,0,Low,0,21.0365,3557.38,8.17706,0.581814,0.1
3985,Baseline,6,Balanced,0,Low,0,Low,0,21.0608,3562.3,8.17844,0.581955,0.1
3986,Baseline,6,Balanced,0,Low,0,Low,0,21.0382,3552.56,8.1757,0.58224,0.1
3987,Baseline,6,Balanced,0,Low,0,Low,0,21.0076,3551.75,8.17548,0.581788,0.1
3988,Baseline,6,Balanced,0,Low,0,Low,0,21.0811,3565.15,8.17924,0.581814,0.1
3989,Baseline,6,Balanced,0,Low,0,Low,0,21.0657,3565.17,8.17925,0.581876,0.1
3990,Baseline,6,Balanced,0,Low,0,Low,0,21.0524,3560.69,8.17799,0.581397,0.1
3991,Baseline,6,Balanced,0,Low,0,Low,0,20.9744,3543.06,8.17303,0.581967,0.1
3992,Baseline,6,Balanced,0,Low,0,Low,0,21.0423,3556.92,8.17693,0.581749,0.1
3993,Baseline,6,Balanced,0,Low,0,Low,0,20.9966,3548.05,8.17444,0.581788,0.1
3994,Baseline,6,Balanced,0,Low,0,Low,0,21.0125,3552.39,8.17566,0.581598,0.1
3995,Baseline,6,Balanced,0,Low,0,Low,0,20.9987,3547.69,8.17433,0.581944,0.1
3996,Baseline,6,Balanced,0,Low,0,Low,0,21.0938,3568.14,8.18008,0.582314,0.1
3997,Baseline,6,Balanced,0,Low,0,Low,0,21.0669,3562.65,8.17854,0.5813,0.1
3998,Baseline,6,Balanced,0,Low,0,Low,0,21.0138,3551.96,8.17554,0.581514,0.1
3999,Baseline,6,Balanced,0,Low,0,Low,0,20.9443,3537.78,8.17154,0.581457,0.1
4000,Baseline,6,Balanced,0,Low,0,Low,0,21.0817,3563.09,8.17866,0.582274,0.1
4001,Baseline,6,Balanced,0,Low,0,Low,0,20.9622,3542.42,8.17285,0.5812,0.1
4002,Baseline,6,Balanced,0,Low,0,Low,0,21.041,3557.06,8.17697,0.582096,0.1
4003,Baseline,6,Balanced,0,Low,0,Low,0,21.0405,3556.41,8.17679,0.581592,0.1
4004,Baseline,6,Balanced,0,Low,0,Low,0,21.0136,3551.43,8.17539,0.58191,0.1
4005,Baseline,6,Balanced,0,Low,0,Low,0,21.0118,3549.37,8.17481,0.581723,0.1
4006,Baseline,6,Balanced,0,Low,0,Low,0,21.004,3549.4,8.17482,0.582173,0.1
4007,Baseline,6,Balanced,0,Low,0,Low,0,21.0571,3561.01,8.17808,0.581828,0.1
4008,Baseline,6,Balanced,0,Low,0,Low,0,21.0591,3559.74,8.17772,0.582018,0.1
4009,Baseline,6,Balanced,0,Low,0,Low,0,21.0311,3555.18,8.17644,0.581575,0.1
4010,Baseline,6,Balanced,0,Low,0,Low,0,21.0251,3556.26,8.17675,0.581526,0.1
4011,Baseline,6,Balanced,0,Low,0,Low,0,20.9942,3547.1,8.17417,0.581645,0.1
4012,Baseline,6,Balanced,0,Low,0,Low,0,21.0327,3558.9,8.17749,0.581473,0.1
4013,Baseline,6,Balanced,0,Low,0,Low,0,21.0927,3569.85,8.18056,0.582218,0.1
4014,Baseline,6,Balanced,0,Low,0,Low,0,21.0128,3551.56,8.17542,0.581864,0.1
4015,Baseline,6,Balanced,0,Low,0,Low,0,21.0248,3552.39,8.17566,0.582178,0.1
4016,Baseline,6,Balanced,0,Low,0,Low,0,21.0802,3567.56,8.17992,0.581771,0.1
4017,Baseline,6,Balanced,0,Low,0,Low,0,21.0091,3548.7,8.17462,0.581436,0.1
4018,Baseline,6,Balanced,0,Low,0,Low,0,20.9817,3545.97,8.17385,0.581683,0.1
4019,Baseline,6,Balanced,0,Low,0,Low,0,21.0853,3567.6,8.17993,0.581826,0.1
4020,Baseline,6,Balanced,0,Low,0,Low,0,21.0283,3554.15,8.17615,0.58158,0.1
4021,Baseline,6,Balanced,0,Low,0,Low,0,21.0104,3549.01,8.17471,0.581867,0.1
4022,Baseline,6,Balanced,0,Low,0,Low,0,21.0041,3552.24,8.17561,0.581762,0.1
4023,Baseline,6,Balanced,0,Low,0,Low,0,21.0009,3551.34,8.17536,0.581406,0.1
4024,Baseline,6,Balanced,0,Low,0,Low,0,21.0189,3554.61,8.17628,0.581431,0.1
4025,Baseline,6,Balanced,0,Low,0,Low,0,21.0813,3563.88,8.17889,0.582075,0.1
4026,Baseline,6,Balanced,0,Low,0,Low,0,21.0139,3551.36,8.17537,0.582037,0.1
4027,Baseline,6,Balanced,0,Low,0,Low,0,21.0463,3558.03,8.17724,0.581902,0.1
4028,Baseline,6,Balanced,0,Low,0,Low,0,21.0582,3562.12,8.17839,0.581571,0.1
4029,Baseline,6,Balanced,0,Low,0,Low,0,21.0206,3554.31,8.1762,0.581394,0.1
4030,Baseline,6,Balanced,0,Low,0,Low,0,21.0115,3552.39,8.17566,0.581868,0.1
4031,Baseline,6,Balanced,0,Low,0,Low,0,20.9988,3548.8,8.17465,0.581501,0.1
4032,Baseline,6,Balanced,0,Low,0,Low,0,21.0663,3562.55,8.17851,0.582018,0.1
4033,Baseline,6,Balanced,0,Low,0,Low,0,21.0912,3570.22,8.18066,0.581536,0.1
4034,Baseline,6,Balanced,0,Low,0,Low,0,21.0693,3561.82,8.17831,0.581963,0.1
4035,Baseline,6,Balanced,0,Low,0,Low,0,21.0396,3553.88,8.17608,0.581966,0.1
4036,Baseline,6,Balanced,0,Low,0,Low,0,21.026,3555.61,8.17656,0.581843,0.1
4037,Baseline,6,Balanced,0,Low,0,Low,0,20.941,3536.91,8.17129,0.581084,0.1
4038,Baseline,6,Balanced,0,Low,0,Low,0,20.999,3544.92,8.17355,0.58203,0.1
4039,Baseline,6,Balanced,0,Low,0,Low,0,21.019,3552.97,8.17582,0.581855,0.1
4040,Baseline,6,Balanced,0,Low,0,Low,0,21.0009,3549.5,8.17484,0.582061,0.1
4041,Baseline,6,Balanced,0,Low,0,Low,0,21.0146,3550.89,8.17523,0.581863,0.1
4042,Baseline,6,Balanced,0,Low,0,Low,0,21.0392,3556.72,8.17688,0.581613,0.1
4043,Baseline,6,Balanced,0,Low,0,Low,0,21.0624,3559.49,8.17766,0.581508,0.1
4044,Baseline,6,Balanced,0,Low,0,Low,0,21.0124,3549.98,8.17498,0.581931,0.1
4045,Baseline,6,Balanced,0,Low,0,Low,0,21.0507,3558.21,8.17729,0.581817,0.1
4046,Baseline,6,Balanced,0,Low,0,Low,0,20.9964,3548.05,8.17444,0.581258,0.1
4047,Baseline,6,Balanced,0,Low,0,Low,0,21.0348,3556.25,8.17674,0.581836,0.1
4048,Baseline,6,Balanced,0,Low,0,Low,0,21.0033,3548.39,8.17453,0.581698,0.1
4049,Baseline,6,Balanced,0,Low,0,Low,0,21.0285,3552.23,8.17561,0.581497,0.1
4050,Baseline,6,Balanced,0,Low,0,Low,0,21.0054,3549.17,8.17475,0.582128,0.1
4051,Baseline,6,Balanced,0,Low,0,Low,0,21.0385,3555.8,8.17662,0.582131,0.1
4052,Baseline,6,Balanced,0,Low,0,Low,0,21.0267,3554.05,8.17612,0.581724,0.1
4053,Baseline,6,Balanced,0,Low,0,Low,0,20.9724,3541.92,8.17271,0.581371,0.1
4054,Baseline,6,Balanced,0,Low,0,Low,0,20.9988,3546.37,8.17396,0.582361,0.1
4055,Baseline,6,Balanced,0,Low,0,Low,0,20.9732,3541.24,8.17252,0.581445,0.1
4056,Baseline,6,Balanced,0,Low,0,Low,0,21.0472,3558.2,8.17729,0.582061,0.1
4057,Baseline,6,Balanced,0,Low,0,Low,0,21.0375,3555.38,8.1765,0.581845,0.1
4058,Baseline,6,Balanced,0,Low,0,Low,0,21.049,3560.47,8.17793,0.582349,0.1
4059,Baseline,6,Balanced,0,Low,0,Low,0,21.0381,3553.6,8.176,0.581827,0.1
4060,Baseline,6,Balanced,0,Low,0,Low,0,21.0536,3559.15,8.17756,0.581623,0.1
4061,Baseline,6,Balanced,0,Low,0,Low,0,21.0479,3556.88,8.17692,0.581674,0.1
4062,Baseline,6,Balanced,0,Low,0,Low,0,21.0793,3564.58,8.17908,0.581909,0.1
4063,Baseline,6,Balanced,0,Low,0,Low,0,20.9836,3545.4,8.17369,0.581362,0.1
4064,Baseline,6,Balanced,0,Low,0,Low,0,20.9844,3547.52,8.17428,0.581213,0.1
4065,Baseline,6,Balanced,0,Low,0,Low,0,21.018,3553.45,8.17596,0.581568,0.1
4066,Baseline,6,Balanced,0,Low,0,Low,0,21.0142,3550.51,8.17513,0.581922,0.1
4067,Baseline,6,Balanced,0,Low,0,Low,0,21.0487,3556.21,8.17673,0.582004,0.1
4068,Baseline,6,Balanced,0,Low,0,Low,0,21.0437,3559.12,8.17755,0.58202,0.1
4069,Baseline,6,Balanced,0,Low,0,Low,0,21.0696,3564.54,8.17907,0.581698,0.1
4070,Baseline,6,Balanced,0,Low,0,Low,0,21.0391,3554.87,8.17636,0.581638,0.1
4071,Baseline,6,Balanced,0,Low,0,Low,0,21.01,3551.89,8.17552,0.581699,0.1
4072,Baseline,6,Balanced,0,Low,0,Low,0,21.0092,3553.55,8.17598,0.581784,0.1
4073,Baseline,6,Balanced,0,Low,0,Low,0,21.0118,3550.9,8.17524,0.581283,0.1
4074,Baseline,6,Balanced,0,Low,0,Low,0,21.0274,3552.95,8.17581,0.581704,0.1
4075,Baseline,6,Balanced,0,Low,0,Low,0,21.0232,3552.09,8.17557,0.581446,0.1
4076,Baseline,6,Balanced,0,Low,0,Low,0,21.0012,3547.81,8.17437,0.58154,0.1
4077,Baseline,6,Balanced,0,Low,0,Low,0,20.959,3542.25,8.1728,0.581576,0.1
4078,Baseline,6,Balanced,0,Low,0,Low,0,21.0039,3548.45,8.17455,0.582102,0.1
4079,Baseline,6,Balanced,0,Low,0,Low,0,21.034,3557.05,8.17697,0.581814,0.1
4080,Baseline,6,Balanced,0,Low,0,Low,0,20.9917,3546.48,8.17399,0.582431,0.1
4081,Baseline,6,Balanced,0,Low,0,Low,0,21.0379,3555.79,8.17661,0.581821,0.1
4082,Baseline,6,Balanced,0,Low,0,Low,0,21.0228,3552.85,8.17579,0.581876,0.1
4083,Baseline,6,Balanced,0,Low,0,Low,0,21.022,3552.26,8.17562,0.581511,0.1
4084,Baseline,6,Balanced,0,Low,0,Low,0,21.0367,3553.46,8.17596,0.581864,0.1
4085,Baseline,6,Balanced,0,Low,0,Low,0,21.0202,3553.3,8.17591,0.581623,0.1
4086,Baseline,6,Balanced,0,Low,0,Low,0,21.0555,3562.15,8.1784,0.581486,0.1
4087,Baseline,6,Balanced,0,Low,0,Low,0,21.0205,3552.21,8.17561,0.581304,0.1
4088,Baseline,6,Balanced,0,Low,0,Low,0,21.0479,3556.2,8.17673,0.581796,0.1
4089,Baseline,6,Balanced,0,Low,0,Low,0,21.0252,3551.73,8.17547,0.581951,0.1
4090,Baseline,6,Balanced,0,Low,0,Low,0,21.0385,3554.62,8.17628,0.581542,0.1
4091,Baseline,6,Balanced,0,Low,0,Low,0,21.0521,3558.77,8.17745,0.581879,0.1
4092,Baseline,6,Balanced,0,Low,0,Low,0,20.9782,3545.8,8.1738,0.582187,0.1
4093,Baseline,6,Balanced,0,Low,0,Low,0,21.0358,3556.08,8.17669,0.581601,0.1
4094,Baseline,6,Balanced,0,Low,0,Low,0,21.0492,3559.64,8.1777,0.582031,0.1
4095,Baseline,6,Balanced,0,Low,0,Low,0,21.0183,3554.29,8.17619,0.581768,0.1
4096,Baseline,6,Balanced,0,Low,0,Low,0,21.0426,3557.95,8.17722,0.581434,0.1
