Iteration,Using RL?,State,Action,Reward,Variance Bucket,Variance Bucket Index,Next Variance Bucket Index,Next Variance Bucket Index,Mean Luminance,Luminance Variance,Log Luminance Variance,Bright Pixel Ratio,Epsilon
1,RL,0,Balanced,0,Low,0,Low,0,3.25957,721.745,6.58306,0.0627142,0.19999
2,RL,0,Balanced,0.492191,Low,0,Low,0,3.24261,718.196,6.57813,0.0627718,0.19998
3,RL,0,Balanced,-0.200891,Low,0,Low,0,3.24153,719.642,6.58014,0.0628003,0.19997
4,RL,0,Balanced,-0.542498,Low,0,Low,0,3.26149,723.562,6.58557,0.0625328,0.19996
5,RL,0,Balanced,-0.087738,Low,0,Low,0,3.26993,724.198,6.58645,0.0628664,0.19995
6,RL,0,Balanced,0.380516,Low,0,Low,0,3.25685,721.444,6.58264,0.0624207,0.19994
7,RL,0,Balanced,0.79031,Low,0,Low,0,3.22907,715.757,6.57474,0.0627665,0.19993
8,RL,0,Balanced,-1,Low,0,Low,0,3.27831,727.939,6.59159,0.0626573,0.19992
9,RL,0,Balanced,1,Low,0,Low,0,3.24031,718.186,6.57812,0.0628018,0.19991
10,RL,0,Balanced,-0.796127,Low,0,Low,0,3.26458,723.934,6.58608,0.0627749,0.1999
11,RL,0,Balanced,-0.304222,Low,0,Low,0,3.27776,726.143,6.58912,0.0630623,0.19989
12,RL,0,Balanced,0.947475,Low,0,Low,0,3.24706,719.286,6.57965,0.0631761,0.19988
13,RL,0,Balanced,-0.569773,Low,0,Low,0,3.2636,723.402,6.58535,0.0626089,0.19987
14,RL,0,Balanced,0.224018,Low,0,Low,0,3.25384,721.781,6.58311,0.0627165,0.19986
15,RL,0,Balanced,-0.222731,Low,0,Low,0,3.25799,723.392,6.58533,0.0624721,0.19985
16,RL,0,BSDF Heavy,0.205135,Low,0,Low,0,3.24972,721.908,6.58328,0.0622908,0.19984
17,RL,0,BSDF Heavy,0.774336,Low,0,Low,0,3.23871,716.332,6.57554,0.0662215,0.19983
18,RL,0,BSDF Heavy,-1,Low,0,Low,0,3.28916,728.945,6.59297,0.0659356,0.19982
19,RL,0,BSDF Heavy,1,Low,0,Low,0,3.25587,720.784,6.58173,0.0658857,0.19981
20,RL,0,BSDF Heavy,-0.0619888,Low,0,Low,0,3.25476,721.232,6.58235,0.0656728,0.1998
21,RL,0,BSDF Heavy,-0.76046,Low,0,Low,0,3.28006,726.745,6.58995,0.0658741,0.19979
22,RL,0,BSDF Heavy,1,Low,0,Low,0,3.24897,719.206,6.57954,0.0656659,0.19978
23,RL,0,BSDF Heavy,0.00152588,Low,0,Low,0,3.24378,719.195,6.57952,0.0654776,0.19977
24,RL,0,BSDF Heavy,0.561047,Low,0,Low,0,3.22751,715.165,6.57391,0.0658326,0.19976
25,RL,0,BSDF Heavy,-0.786066,Low,0,Low,0,3.25372,720.817,6.58177,0.0659786,0.19975
26,RL,0,BSDF Heavy,0.665522,Low,0,Low,0,3.23282,716.029,6.57512,0.0656966,0.19974
27,RL,0,BSDF Heavy,-0.998926,Low,0,Low,0,3.26392,723.228,6.58511,0.0659387,0.19973
28,RL,0,BSDF Heavy,-0.290489,Low,0,Low,0,3.27722,725.335,6.58801,0.0661077,0.19972
29,RL,0,BSDF Heavy,1,Low,0,Low,0,3.23739,716.488,6.57576,0.0657673,0.19971
30,RL,0,BSDF Heavy,-0.607967,Low,0,Low,0,3.25661,720.863,6.58184,0.0655752,0.1997
31,RL,0,BSDF Heavy,-0.191879,Low,0,Low,0,3.26236,722.25,6.58375,0.065961,0.19969
32,RL,0,BSDF Heavy,0.559139,Low,0,Low,0,3.25078,718.217,6.57816,0.0660194,0.19968
33,RL,0,BSDF Heavy,-0.797653,Low,0,Low,0,3.26893,723.977,6.58614,0.065984,0.19967
34,RL,0,BSDF Heavy,0.779819,Low,0,Low,0,3.24883,718.345,6.57834,0.0658588,0.19966
35,RL,0,BSDF Heavy,0.59557,Low,0,Low,0,3.22778,714.074,6.57239,0.0657181,0.19965
36,RL,0,BSDF Heavy,-0.658083,Low,0,Low,0,3.24732,718.795,6.57897,0.0656728,0.19964
37,RL,0,BSDF Heavy,-1,Low,0,Low,0,3.28144,726.139,6.58912,0.0662038,0.19963
38,RL,0,BSDF Heavy,0.819588,Low,0,Low,0,3.25185,720.204,6.58092,0.0661162,0.19962
39,RL,0,BSDF Heavy,-0.344896,Low,0,Low,0,3.2592,722.695,6.58437,0.065712,0.19961
40,RL,0,BSDF Heavy,0.0791073,Low,0,Low,0,3.26452,722.123,6.58358,0.0658488,0.1996
41,RL,0,BSDF Heavy,-0.54698,Low,0,Low,0,3.2783,726.089,6.58905,0.0660931,0.19959
42,RL,0,BSDF Heavy,1,Low,0,Low,0,3.24442,718.323,6.57831,0.0658365,0.19958
43,RL,0,BSDF Heavy,-1,Low,0,Low,0,3.28873,728.553,6.59243,0.0659087,0.19957
44,RL,0,BSDF Heavy,1,Low,0,Low,0,3.254,719.392,6.57979,0.0659241,0.19956
45,RL,0,BSDF Heavy,-0.935125,Low,0,Low,0,3.27907,726.16,6.58915,0.0662399,0.199551
46,RL,0,BSDF Heavy,0.897598,Low,0,Low,0,3.25295,719.662,6.58017,0.065941,0.199541
47,RL,0,BSDF Heavy,-0.758743,Low,0,Low,0,3.27147,725.151,6.58776,0.0656859,0.199531
48,RL,0,Light Heavy,0.00591278,Low,0,Low,0,3.27226,725.108,6.5877,0.0658649,0.199521
49,RL,0,Light Heavy,1,Low,0,Low,0,3.23498,717.62,6.57733,0.0574864,0.199511
50,RL,0,Light Heavy,0.579786,Low,0,Low,0,3.21356,713.466,6.57154,0.0577023,0.199501
51,RL,0,Light Heavy,-1,Low,0,Low,0,3.25162,721.073,6.58213,0.0578137,0.199491
52,RL,0,Light Heavy,0.524998,Low,0,Low,0,3.23078,717.292,6.57688,0.0573719,0.199481
53,RL,0,Light Heavy,-0.997066,Low,0,Low,0,3.26169,724.49,6.58685,0.0579467,0.199471
54,RL,0,Light Heavy,0.818396,Low,0,Low,0,3.23832,718.577,6.57866,0.0581027,0.199461
55,RL,0,Light Heavy,-0.329113,Low,0,Low,0,3.24314,720.949,6.58195,0.057886,0.199451
56,RL,0,Light Heavy,0.655985,Low,0,Low,0,3.22686,716.228,6.57539,0.0577154,0.199441
57,RL,0,Light Heavy,0.289011,Low,0,Low,0,3.21992,714.158,6.5725,0.0579182,0.199431
58,RL,0,Light Heavy,-0.791883,Low,0,Low,0,3.24498,719.844,6.58042,0.0576762,0.199421
59,RL,0,Light Heavy,-0.0341415,Low,0,Low,0,3.2443,720.09,6.58076,0.057743,0.199411
60,RL,0,Light Heavy,-0.0772953,Low,0,Low,0,3.24372,720.648,6.58154,0.0575109,0.199401
61,RL,0,Light Heavy,-0.0380993,Low,0,Low,0,3.24416,720.923,6.58192,0.0573934,0.199391
62,RL,0,Light Heavy,-0.304127,Low,0,Low,0,3.26103,723.122,6.58496,0.0581111,0.199381
63,RL,0,Light Heavy,1,Low,0,Low,0,3.20876,711.34,6.56855,0.0576585,0.199371
64,RL,0,BSDF Heavy,-0.869608,Low,0,Low,0,3.23235,717.561,6.57725,0.057733,0.199361
65,RL,0,BSDF Heavy,-0.257969,Low,0,Low,0,3.24783,719.417,6.57983,0.0661024,0.199351
66,RL,0,BSDF Heavy,0.323963,Low,0,Low,0,3.24197,717.087,6.57659,0.0658027,0.199341
67,RL,0,BSDF Heavy,-1,Low,0,Low,0,3.27436,724.713,6.58715,0.065579,0.199331
68,RL,0,BSDF Heavy,0.802088,Low,0,Low,0,3.24447,718.915,6.57913,0.0658688,0.199321
69,RL,0,BSDF Heavy,-0.637531,Low,0,Low,0,3.26715,723.52,6.58551,0.0662883,0.199311
70,RL,0,BSDF Heavy,0.443459,Low,0,Low,0,3.2539,720.314,6.58107,0.0658564,0.199301
71,RL,0,BSDF Heavy,0.0873089,Low,0,Low,0,3.25237,719.685,6.5802,0.066097,0.199291
72,RL,0,BSDF Heavy,-0.0767231,Low,0,Low,0,3.24993,720.238,6.58097,0.0657112,0.199281
73,RL,0,BSDF Heavy,-0.41008,Low,0,Low,0,3.26708,723.202,6.58507,0.0661784,0.199271
74,RL,0,BSDF Heavy,0.431442,Low,0,Low,0,3.25479,720.084,6.58076,0.0661485,0.199261
75,RL,0,BSDF Heavy,-0.985765,Low,0,Low,0,3.28269,727.227,6.59061,0.0662484,0.199251
76,RL,0,BSDF Heavy,0.259066,Low,0,Low,0,3.27155,725.343,6.58802,0.0655406,0.199241
77,RL,0,BSDF Heavy,0.307083,Low,0,Low,0,3.26415,723.116,6.58495,0.0658595,0.199231
78,RL,0,BSDF Heavy,-0.00286102,Low,0,Low,0,3.26293,723.137,6.58498,0.0657181,0.199222
79,RL,0,BSDF Heavy,-0.0899315,Low,0,Low,0,3.26848,723.788,6.58588,0.0658526,0.199212
80,RL,0,BSDF Heavy,1,Low,0,Low,0,3.23128,715.549,6.57445,0.0653669,0.199202
81,RL,0,BSDF Heavy,-0.61059,Low,0,Low,0,3.2551,719.937,6.58055,0.0658273,0.199192
82,RL,0,BSDF Heavy,0.22974,Low,0,Low,0,3.24287,718.283,6.57825,0.0657204,0.199182
83,RL,0,BSDF Heavy,-0.96097,Low,0,Low,0,3.27562,725.228,6.58786,0.0657358,0.199172
84,RL,0,BSDF Heavy,0.848293,Low,0,Low,0,3.25019,719.094,6.57938,0.0657673,0.199162
85,RL,0,BSDF Heavy,-0.255871,Low,0,Low,0,3.25564,720.939,6.58194,0.0660263,0.199152
86,RL,0,BSDF Heavy,0.127363,Low,0,Low,0,3.2498,720.02,6.58067,0.0657758,0.199142
87,RL,0,BSDF Heavy,0.917244,Low,0,Low,0,3.22457,713.437,6.57149,0.0659733,0.199132
88,RL,0,BSDF Heavy,-0.712633,Low,0,Low,0,3.24928,718.546,6.57862,0.0660201,0.199122
89,RL,0,BSDF Heavy,0.0718117,Low,0,Low,0,3.24754,718.029,6.5779,0.0659848,0.199112
90,RL,0,BSDF Heavy,-1,Low,0,Low,0,3.27527,726.001,6.58893,0.0661339,0.199102
91,RL,0,BSDF Heavy,0.744247,Low,0,Low,0,3.25535,720.61,6.58148,0.0660493,0.199092
92,RL,0,BSDF Heavy,0.583315,Low,0,Low,0,3.2351,716.413,6.57565,0.0656305,0.199082
93,RL,0,BSDF Heavy,-1,Low,0,Low,0,3.27646,724.484,6.58684,0.0659487,0.199072
94,RL,0,BSDF Heavy,0.8708,Low,0,Low,0,3.24562,718.194,6.57813,0.0656105,0.199062
95,RL,0,BSDF Heavy,-1,Low,0,Low,0,3.27996,725.938,6.58884,0.0660071,0.199052
96,RL,0,Light Heavy,1,Low,0,Low,0,3.24036,717.717,6.57747,0.0657151,0.199042
97,RL,0,Light Heavy,-0.152779,Low,0,Low,0,3.23929,718.816,6.579,0.0577684,0.199032
98,RL,0,Light Heavy,0.0783443,Low,0,Low,0,3.23588,718.252,6.57821,0.0575801,0.199022
99,RL,0,Light Heavy,-0.039196,Low,0,Low,0,3.23882,718.534,6.5786,0.0574841,0.199012
100,RL,0,Light Heavy,0.49448,Low,0,Low,0,3.22613,714.985,6.57366,0.0574095,0.199002
101,RL,0,Light Heavy,-1,Low,0,Low,0,3.26986,726.178,6.58917,0.0577561,0.198993
102,RL,0,Light Heavy,1,Low,0,Low,0,3.23011,717.382,6.577,0.05765,0.198983
103,RL,0,Light Heavy,0.193262,Low,0,Low,0,3.22876,715.995,6.57507,0.0573649,0.198973
104,RL,0,Light Heavy,-0.595236,Low,0,Low,0,3.24251,720.276,6.58102,0.0577684,0.198963
105,RL,0,Light Heavy,0.214481,Low,0,Low,0,3.23952,718.73,6.57888,0.0576477,0.198953
106,RL,0,Light Heavy,0.401211,Low,0,Low,0,3.23059,715.848,6.57486,0.0580819,0.198943
107,RL,0,Light Heavy,-1,Low,0,Low,0,3.2737,726.167,6.58916,0.0579236,0.198933
108,RL,0,Light Heavy,-0.182438,Low,0,Low,0,3.27582,727.495,6.59098,0.0580058,0.198923
109,RL,0,Light Heavy,1,Low,0,Low,0,3.23382,717.78,6.57756,0.0574602,0.198913
110,RL,0,Light Heavy,-0.540924,Low,0,Low,0,3.25484,721.678,6.58296,0.0580543,0.198903
111,RL,0,Light Heavy,0.306511,Low,0,Low,0,3.24362,719.467,6.5799,0.0580227,0.198893
112,RL,0,Light Heavy,0.606346,Low,0,Low,0,3.22049,715.111,6.57384,0.0573803,0.198883
113,RL,0,Light Heavy,-1,Low,0,Low,0,3.25885,722.759,6.58446,0.0580566,0.198873
114,RL,0,Light Heavy,0.0300884,Low,0,Low,0,3.2508,722.541,6.58416,0.0575363,0.198863
115,RL,0,Light Heavy,0.755548,Low,0,Low,0,3.23128,717.095,6.5766,0.0582003,0.198853
116,RL,0,Light Heavy,-1,Low,0,Low,0,3.26465,725.143,6.58775,0.0576931,0.198843
117,RL,0,Light Heavy,1,Low,0,Low,0,3.21717,714.606,6.57313,0.0578053,0.198833
118,RL,0,Light Heavy,-1,Low,0,Low,0,3.2711,725.081,6.58766,0.0581987,0.198823
119,RL,0,Light Heavy,1,Low,0,Low,0,3.22658,715.661,6.5746,0.0575632,0.198814
120,RL,0,Light Heavy,-1,Low,0,Low,0,3.25823,723.189,6.58505,0.0579029,0.198804
121,RL,0,Light Heavy,-0.398922,Low,0,Low,0,3.27265,726.084,6.58904,0.0579782,0.198794
122,RL,0,Light Heavy,1,Low,0,Low,0,3.22981,717.641,6.57736,0.0575578,0.198784
123,RL,0,Light Heavy,-0.688457,Low,0,Low,0,3.25437,722.606,6.58425,0.0578237,0.198774
124,RL,0,Light Heavy,0.866556,Low,0,Low,0,3.22388,716.362,6.57558,0.0575724,0.198764
125,RL,0,Light Heavy,-0.578451,Low,0,Low,0,3.24432,720.524,6.58137,0.0578452,0.198754
126,RL,0,Light Heavy,-0.528383,Low,0,Low,0,3.26275,724.346,6.58665,0.0576869,0.198744
127,RL,0,Light Heavy,0.22583,Low,0,Low,0,3.25444,722.71,6.58439,0.0576447,0.198734
128,RL,0,Balanced,0.510359,Low,0,Low,0,3.23655,719.026,6.57929,0.0576424,0.198724
129,RL,0,Balanced,0.0588417,Low,0,Low,0,3.24094,718.602,6.5787,0.0624207,0.198714
130,RL,0,Balanced,-0.457191,Low,0,Low,0,3.24991,721.9,6.58327,0.0623131,0.198704
131,RL,0,Balanced,-0.323629,Low,0,Low,0,3.26292,724.243,6.58651,0.0627403,0.198694
132,RL,0,Balanced,0.132847,Low,0,Low,0,3.26142,723.28,6.58518,0.0629893,0.198684
133,RL,0,Balanced,0.162792,Low,0,Low,0,3.25602,722.102,6.58355,0.0627142,0.198674
134,RL,0,Balanced,0.00290871,Low,0,Low,0,3.25765,722.081,6.58352,0.0628817,0.198664
135,RL,0,Balanced,0.307608,Low,0,Low,0,3.24544,719.86,6.58045,0.0626819,0.198655
136,RL,0,Balanced,-0.0464439,Low,0,Low,0,3.24772,720.195,6.58091,0.0626858,0.198645
137,RL,0,Balanced,0.410128,Low,0,Low,0,3.23706,717.243,6.57681,0.0628226,0.198635
138,RL,0,Balanced,-0.323486,Low,0,Low,0,3.2477,719.57,6.58004,0.0630308,0.198625
139,RL,0,Balanced,0.0118732,Low,0,Low,0,3.24378,719.485,6.57992,0.0624583,0.198615
140,RL,0,Balanced,0.442076,Low,0,Low,0,3.23369,716.307,6.5755,0.0626758,0.198605
141,RL,0,Balanced,0.137091,Low,0,Low,0,3.22488,715.324,6.57413,0.0626896,0.198595
142,RL,0,Balanced,-0.722456,Low,0,Low,0,3.25181,720.518,6.58136,0.0629209,0.198585
143,RL,0,Balanced,0.562763,Low,0,Low,0,3.23613,716.469,6.57573,0.0625344,0.198575
144,RL,0,Balanced,-0.495911,Low,0,Low,0,3.24918,720.036,6.58069,0.0628425,0.198565
145,RL,0,Balanced,-0.321388,Low,0,Low,0,3.26185,722.357,6.5839,0.0630485,0.198555
146,RL,0,Balanced,0.286436,Low,0,Low,0,3.24764,720.288,6.58104,0.0626965,0.198545
147,RL,0,Balanced,0.416374,Low,0,Low,0,3.23472,717.291,6.57687,0.0625943,0.198535
148,RL,0,Balanced,-0.635672,Low,0,Low,0,3.25596,721.871,6.58323,0.0628725,0.198525
149,RL,0,Balanced,0.122833,Low,0,Low,0,3.25296,720.984,6.582,0.0626896,0.198516
150,RL,0,Balanced,-0.188828,Low,0,Low,0,3.25878,722.349,6.58389,0.0627065,0.198506
151,RL,0,Balanced,-0.199175,Low,0,Low,0,3.26918,723.791,6.58588,0.0631876,0.198496
152,RL,0,Balanced,-0.291681,Low,0,Low,0,3.27378,725.908,6.5888,0.0627403,0.198486
153,RL,0,Balanced,1,Low,0,Low,0,3.2335,716.642,6.57597,0.0624837,0.198476
154,RL,0,Balanced,-0.782537,Low,0,Low,0,3.25666,722.28,6.5838,0.0624176,0.198466
155,RL,0,Balanced,-0.155401,Low,0,Low,0,3.26501,723.405,6.58535,0.0630454,0.198456
156,RL,0,Balanced,-0.491953,Low,0,Low,0,3.27855,726.977,6.59027,0.0625482,0.198446
157,RL,0,Balanced,1,Low,0,Low,0,3.23841,717.615,6.57733,0.0626965,0.198436
158,RL,0,Balanced,-1,Low,0,Low,0,3.27379,726.17,6.58916,0.0627588,0.198426
159,RL,0,Balanced,0.456095,Low,0,Low,0,3.26046,722.861,6.5846,0.062602,0.198416
160,RL,0,Light Heavy,0.436831,Low,0,Low,0,3.24719,719.705,6.58023,0.0623361,0.198406
161,RL,0,Light Heavy,0.789738,Low,0,Low,0,3.21766,714.036,6.57233,0.0577522,0.198396
162,RL,0,Light Heavy,-0.345182,Low,0,Low,0,3.21958,716.509,6.57579,0.0575086,0.198387
163,RL,0,Light Heavy,-0.243855,Low,0,Low,0,3.22994,718.261,6.57822,0.0576285,0.198377
164,RL,0,Light Heavy,-0.243092,Low,0,Low,0,3.24091,720.011,6.58065,0.0577384,0.198367
165,RL,0,Light Heavy,0.409985,Low,0,Low,0,3.22622,717.061,6.57655,0.0574257,0.198357
166,RL,0,Light Heavy,-0.79484,Low,0,Low,0,3.25462,722.791,6.5845,0.05774,0.198347
167,RL,0,Light Heavy,1,Low,0,Low,0,3.20546,712.756,6.57054,0.0573557,0.198337
168,RL,0,Light Heavy,-1,Low,0,Low,0,3.27475,726.977,6.59027,0.0579736,0.198327
169,RL,0,Light Heavy,1,Low,0,Low,0,3.23238,716.773,6.57615,0.0575455,0.198317
170,RL,0,Light Heavy,-0.389862,Low,0,Low,0,3.24097,719.577,6.58005,0.0575601,0.198307
171,RL,0,Light Heavy,1,Low,0,Low,0,3.2011,710.255,6.56703,0.057524,0.198297
172,RL,0,Light Heavy,-1,Low,0,Low,0,3.26456,724.596,6.58699,0.0578229,0.198287
173,RL,0,Light Heavy,0.211239,Low,0,Low,0,3.25419,723.065,6.58488,0.0574987,0.198277
174,RL,0,Light Heavy,0.0605583,Low,0,Low,0,3.25593,722.627,6.58428,0.0578552,0.198268
175,RL,0,Light Heavy,-0.509834,Low,0,Low,0,3.2687,726.325,6.58937,0.0574695,0.198258
176,RL,0,Light Heavy,1,Low,0,Low,0,3.22316,715.906,6.57494,0.0576985,0.198248
177,RL,0,Light Heavy,-0.132942,Low,0,Low,0,3.22795,716.86,6.57627,0.0573818,0.198238
178,RL,0,Light Heavy,-0.260305,Low,0,Low,0,3.23651,718.731,6.57888,0.05765,0.198228
179,RL,0,Light Heavy,0.051403,Low,0,Low,0,3.23515,718.361,6.57836,0.0576531,0.198218
180,RL,0,Light Heavy,-0.0652313,Low,0,Low,0,3.23394,718.831,6.57902,0.0577922,0.198208
181,RL,0,Light Heavy,0.821829,Low,0,Low,0,3.21396,712.939,6.5708,0.0575793,0.198198
182,RL,0,Light Heavy,-0.619411,Low,0,Low,0,3.23,717.375,6.57699,0.0577661,0.198188
183,RL,0,Light Heavy,-1,Low,0,Low,0,3.27197,726.942,6.59022,0.0578998,0.198178
184,RL,0,Light Heavy,0.247097,Low,0,Low,0,3.26631,725.146,6.58775,0.057813,0.198168
185,RL,0,Light Heavy,0.575781,Low,0,Low,0,3.24586,720.977,6.58199,0.0573803,0.198159
186,RL,0,Light Heavy,0.216627,Low,0,Low,0,3.23785,719.414,6.57983,0.0577453,0.198149
187,RL,0,Light Heavy,-0.126314,Low,0,Low,0,3.23996,720.325,6.58109,0.0578521,0.198139
188,RL,0,Light Heavy,0.340462,Low,0,Low,0,3.23161,717.873,6.57768,0.057567,0.198129
189,RL,0,Light Heavy,-0.0186443,Low,0,Low,0,3.2349,718.007,6.57787,0.0573918,0.198119
190,RL,0,Light Heavy,-0.253201,Low,0,Low,0,3.24493,719.83,6.5804,0.0577561,0.198109
191,RL,0,Light Heavy,0.135422,Low,0,Low,0,3.24134,718.854,6.57905,0.0577169,0.198099
192,RL,0,Light Heavy,-0.0298023,Low,0,Low,0,3.24145,719.069,6.57935,0.0578783,0.198089
193,RL,0,Light Heavy,0.298786,Low,0,Low,0,3.23044,716.921,6.57636,0.0574625,0.198079
194,RL,0,Light Heavy,-0.246429,Low,0,Low,0,3.24059,718.692,6.57882,0.0575086,0.198069
195,RL,0,Light Heavy,-0.742483,Low,0,Low,0,3.25549,724.056,6.58625,0.0576216,0.198059
196,RL,0,Light Heavy,-0.19412,Low,0,Low,0,3.27152,725.465,6.58819,0.0577115,0.19805
197,RL,0,Light Heavy,1,Low,0,Low,0,3.22969,717.322,6.57692,0.0577361,0.19804
198,RL,0,Light Heavy,-1,Low,0,Low,0,3.26922,725.265,6.58791,0.0577223,0.19803
199,RL,0,Light Heavy,0.238991,Low,0,Low,0,3.25766,723.531,6.58552,0.0575409,0.19802
200,RL,0,Light Heavy,0.328207,Low,0,Low,0,3.2463,721.157,6.58224,0.057295,0.19801
201,RL,0,Light Heavy,0.113153,Low,0,Low,0,3.24202,720.34,6.58111,0.0575071,0.198
202,RL,0,Light Heavy,-0.634336,Low,0,Low,0,3.2634,724.93,6.58745,0.0577561,0.19799
203,RL,0,Light Heavy,0.92988,Low,0,Low,0,3.23291,718.211,6.57816,0.0573772,0.19798
204,RL,0,Light Heavy,-0.409508,Low,0,Low,0,3.24509,721.163,6.58225,0.0575594,0.19797
205,RL,0,Light Heavy,0.988913,Low,0,Low,0,3.21684,714.057,6.57236,0.0576262,0.19796
206,RL,0,Light Heavy,-1,Low,0,Low,0,3.26467,724.565,6.58695,0.0578437,0.197951
207,RL,0,Light Heavy,0.210381,Low,0,Low,0,3.25473,723.04,6.58485,0.0577576,0.197941
208,RL,0,Light Heavy,0.696898,Low,0,Low,0,3.23301,718.011,6.57788,0.0575302,0.197931
209,RL,0,Light Heavy,-0.845242,Low,0,Low,0,3.26256,724.115,6.58633,0.0579812,0.197921
210,RL,0,Light Heavy,1,Low,0,Low,0,3.23031,716.229,6.5754,0.0574818,0.197911
211,RL,0,Light Heavy,-0.297451,Low,0,Low,0,3.23571,718.366,6.57837,0.0575816,0.197901
212,RL,0,Light Heavy,-0.702763,Low,0,Low,0,3.2619,723.439,6.5854,0.0580143,0.197891
213,RL,0,Light Heavy,0.756359,Low,0,Low,0,3.23083,717.981,6.57783,0.0574111,0.197881
214,RL,0,Light Heavy,0.758123,Low,0,Low,0,3.20669,712.55,6.57025,0.0571659,0.197871
215,RL,0,Light Heavy,-0.809813,Low,0,Low,0,3.23879,718.352,6.57835,0.0576992,0.197862
216,RL,0,Light Heavy,0.593615,Low,0,Low,0,3.21679,714.094,6.57241,0.0575578,0.197852
217,RL,0,Light Heavy,-1,Low,0,Low,0,3.26942,727.109,6.59045,0.0577899,0.197842
218,RL,0,Light Heavy,0.683737,Low,0,Low,0,3.24784,722.147,6.58361,0.0576278,0.197832
219,RL,0,Light Heavy,0.867224,Low,0,Low,0,3.22426,715.904,6.57494,0.0574595,0.197822
220,RL,0,Light Heavy,-0.791025,Low,0,Low,0,3.24922,721.597,6.58285,0.0576708,0.197812
221,RL,0,Light Heavy,-0.0475407,Low,0,Low,0,3.25139,721.94,6.58333,0.0576293,0.197802
222,RL,0,Light Heavy,0.619507,Low,0,Low,0,3.23246,717.475,6.57713,0.0578998,0.197792
223,RL,0,Light Heavy,0.192165,Low,0,Low,0,3.22629,716.096,6.57521,0.0575709,0.197782
224,RL,0,Light Heavy,-0.842524,Low,0,Low,0,3.25106,722.164,6.58364,0.0574879,0.197773
225,RL,0,Light Heavy,-0.0801563,Low,0,Low,0,3.25622,722.743,6.58444,0.0578176,0.197763
226,RL,0,Light Heavy,1,Low,0,Low,0,3.21894,715.023,6.57371,0.0574925,0.197753
227,RL,0,Light Heavy,-0.344944,Low,0,Low,0,3.23223,717.497,6.57716,0.0575786,0.197743
228,RL,0,Light Heavy,0.275707,Low,0,Low,0,3.22615,715.519,6.5744,0.0577715,0.197733
229,RL,0,Light Heavy,-0.0175953,Low,0,Low,0,3.222,715.645,6.57458,0.057969,0.197723
230,RL,0,Light Heavy,-0.799274,Low,0,Low,0,3.24459,721.396,6.58257,0.0574003,0.197713
231,RL,0,Light Heavy,0.497818,Low,0,Low,0,3.23522,717.809,6.5776,0.0580135,0.197703
232,RL,0,Light Heavy,-0.034523,Low,0,Low,0,3.23257,718.057,6.57794,0.0576777,0.197693
233,RL,0,Light Heavy,-0.903893,Low,0,Low,0,3.26203,724.586,6.58698,0.0578568,0.197684
234,RL,0,Light Heavy,-0.455046,Low,0,Low,0,3.27575,727.895,6.59153,0.0578345,0.197674
235,RL,0,Light Heavy,0.892973,Low,0,Low,0,3.2485,721.415,6.5826,0.0579221,0.197664
236,RL,0,Light Heavy,-0.224304,Low,0,Low,0,3.25628,723.037,6.58484,0.0576908,0.197654
237,RL,0,Light Heavy,1,Low,0,Low,0,3.2223,715.349,6.57417,0.0575033,0.197644
238,RL,0,Light Heavy,0.316,Low,0,Low,0,3.2073,713.089,6.57101,0.0575947,0.197634
239,RL,0,Light Heavy,-0.701475,Low,0,Low,0,3.23562,718.116,6.57802,0.0575901,0.197624
240,RL,0,Balanced,-0.712919,Low,0,Low,0,3.25904,723.261,6.58515,0.057743,0.197614
241,RL,0,Balanced,0.0361443,Low,0,Low,0,3.26205,722.999,6.58479,0.0627718,0.197604
242,RL,0,Balanced,-0.243616,Low,0,Low,0,3.27134,724.765,6.58723,0.0629079,0.197595
243,RL,0,Balanced,0.894499,Low,0,Low,0,3.24021,718.302,6.57828,0.0628249,0.197585
244,RL,0,Balanced,0.475121,Low,0,Low,0,3.22456,714.893,6.57353,0.0627872,0.197575
245,RL,0,Balanced,-1,Low,0,Low,0,3.25984,722.503,6.58411,0.0629371,0.197565
246,RL,0,Balanced,0.326109,Low,0,Low,0,3.25295,720.148,6.58084,0.0624391,0.197555
247,RL,0,Balanced,0.0574589,Low,0,Low,0,3.24348,719.733,6.58027,0.0624998,0.197545
248,RL,0,Balanced,-0.792933,Low,0,Low,0,3.2708,725.471,6.5882,0.0627818,0.197535
249,RL,0,Balanced,1,Low,0,Low,0,3.23292,717.195,6.57674,0.0628787,0.197525
250,RL,0,Balanced,0.456572,Low,0,Low,0,3.22416,713.924,6.57218,0.0629893,0.197516
251,RL,0,Balanced,-0.728607,Low,0,Low,0,3.24918,719.152,6.57946,0.0627027,0.197506
252,RL,0,Balanced,-0.713825,Low,0,Low,0,3.26456,724.311,6.5866,0.0625536,0.197496
253,RL,0,Balanced,1,Low,0,Low,0,3.2349,716.325,6.57553,0.0625574,0.197486
254,RL,0,Balanced,-0.116682,Low,0,Low,0,3.23475,717.163,6.5767,0.0622332,0.197476
255,RL,0,Balanced,-0.25568,Low,0,Low,0,3.24901,719.001,6.57925,0.0628341,0.197466
256,RL,0,Balanced,-0.635386,Low,0,Low,0,3.25955,723.591,6.58561,0.0626343,0.197456
257,RL,0,Balanced,0.553179,Low,0,Low,0,3.25038,719.594,6.58008,0.0629555,0.197446
258,RL,0,Balanced,-0.787735,Low,0,Low,0,3.27101,725.292,6.58795,0.0629632,0.197437
259,RL,0,Balanced,0.57416,Low,0,Low,0,3.25349,721.134,6.58221,0.0626742,0.197427
260,RL,0,Balanced,0.382042,Low,0,Low,0,3.24229,718.381,6.57839,0.0628502,0.197417
261,RL,0,Balanced,-0.152731,Low,0,Low,0,3.23976,719.48,6.57992,0.0626151,0.197407
262,RL,0,Balanced,0.164366,Low,0,Low,0,3.23949,718.297,6.57827,0.0627011,0.197397
263,RL,0,Balanced,-0.371838,Low,0,Low,0,3.25043,720.977,6.58199,0.0624814,0.197387
264,RL,0,Balanced,0.480795,Low,0,Low,0,3.23612,717.514,6.57718,0.0624837,0.197377
265,RL,0,Balanced,-0.598574,Low,0,Low,0,3.25456,721.827,6.58317,0.0622631,0.197367
266,RL,0,Balanced,0.466251,Low,0,Low,0,3.24098,718.465,6.57851,0.0624967,0.197358
267,RL,0,Balanced,-0.0332355,Low,0,Low,0,3.24213,718.704,6.57884,0.0625467,0.197348
268,RL,0,Balanced,0.000524521,Low,0,Low,0,3.24099,718.7,6.57884,0.0625751,0.197338
269,RL,0,Balanced,0.189447,Low,0,Low,0,3.2365,717.338,6.57694,0.0626704,0.197328
270,RL,0,Balanced,-0.313854,Low,0,Low,0,3.24288,719.596,6.58008,0.0626696,0.197318
271,RL,0,Balanced,0.0618458,Low,0,Low,0,3.24364,719.151,6.57946,0.0624114,0.197308
272,RL,0,Balanced,-0.474691,Low,0,Low,0,3.25827,722.577,6.58421,0.0630608,0.197298
273,RL,0,Balanced,0.315094,Low,0,Low,0,3.25184,720.301,6.58106,0.0628541,0.197289
274,RL,0,Balanced,0.0263691,Low,0,Low,0,3.2512,720.111,6.58079,0.0628372,0.197279
275,RL,0,Balanced,-0.0475407,Low,0,Low,0,3.25063,720.454,6.58127,0.0625113,0.197269
276,RL,0,Balanced,0.708961,Low,0,Low,0,3.2241,715.357,6.57418,0.0624353,0.197259
277,RL,0,Balanced,-1,Low,0,Low,0,3.26285,723.612,6.58564,0.0625682,0.197249
278,RL,0,Balanced,0.424147,Low,0,Low,0,3.24993,720.545,6.5814,0.0627257,0.197239
279,RL,0,Balanced,0.234413,Low,0,Low,0,3.24479,718.856,6.57905,0.0625006,0.197229
280,RL,0,Balanced,-0.134754,Low,0,Low,0,3.24435,719.826,6.5804,0.0625052,0.19722
281,RL,0,Balanced,-0.400305,Low,0,Low,0,3.25835,722.718,6.5844,0.0628241,0.19721
282,RL,0,Balanced,0.503874,Low,0,Low,0,3.24167,719.08,6.57936,0.0626289,0.1972
283,RL,0,Balanced,0.421095,Low,0,Low,0,3.22559,716.054,6.57515,0.0628602,0.19719
284,RL,0,Balanced,-0.752401,Low,0,Low,0,3.25455,721.47,6.58268,0.0625828,0.19718
285,RL,0,Balanced,1,Low,0,Low,0,3.206,711.242,6.56842,0.06226,0.19717
286,RL,0,Balanced,-1,Low,0,Low,0,3.2528,720.93,6.58193,0.0628049,0.19716
287,RL,0,Balanced,0.515509,Low,0,Low,0,3.2379,717.218,6.57677,0.0626681,0.19715
288,RL,0,Light Heavy,-0.632715,Low,0,Low,0,3.25544,721.777,6.5831,0.0627088,0.197141
289,RL,0,Light Heavy,-0.455618,Low,0,Low,0,3.26492,725.078,6.58766,0.0576862,0.197131
290,RL,0,Light Heavy,1,Low,0,Low,0,3.22932,716.92,6.57636,0.0578606,0.197121
291,RL,0,Light Heavy,0.18425,Low,0,Low,0,3.22272,715.599,6.57452,0.057617,0.197111
292,RL,0,Light Heavy,0.44179,Low,0,Low,0,3.20888,712.44,6.5701,0.0577607,0.197101
293,RL,0,Light Heavy,-1,Low,0,Low,0,3.28097,728.741,6.59269,0.057816,0.197091
294,RL,0,Light Heavy,1,Low,0,Low,0,3.20155,711.089,6.5682,0.0575402,0.197082
295,RL,0,Light Heavy,-1,Low,0,Low,0,3.24098,719.432,6.57985,0.0580589,0.197072
296,RL,0,Light Heavy,-0.383043,Low,0,Low,0,3.25056,722.197,6.58368,0.057534,0.197062
297,RL,0,Light Heavy,0.241804,Low,0,Low,0,3.24042,720.451,6.58126,0.0574664,0.197052
298,RL,0,Light Heavy,0.611734,Low,0,Low,0,3.22502,716.051,6.57515,0.0574841,0.197042
299,RL,0,Light Heavy,-0.458097,Low,0,Low,0,3.24399,719.343,6.57973,0.0578276,0.197032
300,RL,0,Light Heavy,-0.64249,Low,0,Low,0,3.26134,723.986,6.58615,0.0579743,0.197022
301,RL,0,Light Heavy,1,Low,0,Low,0,3.22525,716.498,6.57577,0.0576685,0.197013
302,RL,0,Light Heavy,0.207901,Low,0,Low,0,3.22465,715.008,6.57369,0.0577092,0.197003
303,RL,0,Light Heavy,-0.605965,Low,0,Low,0,3.24004,719.36,6.57975,0.0579505,0.196993
304,RL,0,Light Heavy,-0.453377,Low,0,Low,0,3.25798,722.633,6.58428,0.0577692,0.196983
305,RL,0,Light Heavy,-0.0822067,Low,0,Low,0,3.25509,723.228,6.58511,0.0577277,0.196973
306,RL,0,Light Heavy,-0.194502,Low,0,Low,0,3.26353,724.639,6.58705,0.0578375,0.196963
307,RL,0,Light Heavy,0.403452,Low,0,Low,0,3.2545,721.717,6.58302,0.0577269,0.196953
308,RL,0,Light Heavy,-0.0547409,Low,0,Low,0,3.2547,722.112,6.58356,0.0577361,0.196944
309,RL,0,Light Heavy,0.256252,Low,0,Low,0,3.24114,720.262,6.581,0.0577584,0.196934
310,RL,0,Light Heavy,-1,Low,0,Low,0,3.28692,730.936,6.59569,0.0576178,0.196924
311,RL,0,Light Heavy,1,Low,0,Low,0,3.22375,715.68,6.57463,0.0579705,0.196914
312,RL,0,Light Heavy,-0.553036,Low,0,Low,0,3.24044,719.655,6.58016,0.0576516,0.196904
313,RL,0,Light Heavy,-0.289392,Low,0,Low,0,3.25086,721.743,6.58305,0.0578153,0.196894
314,RL,0,Light Heavy,0.111437,Low,0,Low,0,3.2512,720.938,6.58194,0.0577038,0.196885
315,RL,0,Light Heavy,0.0920773,Low,0,Low,0,3.24217,720.274,6.58102,0.057929,0.196875
316,RL,0,Light Heavy,0.0990391,Low,0,Low,0,3.24388,719.56,6.58003,0.057567,0.196865
317,RL,0,Light Heavy,-0.30694,Low,0,Low,0,3.24598,721.775,6.5831,0.0579421,0.196855
318,RL,0,Light Heavy,0.253868,Low,0,Low,0,3.24415,719.942,6.58056,0.0579666,0.196845
319,RL,0,Light Heavy,0.461483,Low,0,Low,0,3.2269,716.623,6.57594,0.0575916,0.196835
320,RL,0,Balanced,-0.679779,Low,0,Low,0,3.24605,721.518,6.58274,0.05769,0.196825
321,RL,0,Balanced,0.333118,Low,0,Low,0,3.24536,719.115,6.57941,0.0624622,0.196816
322,RL,0,Balanced,-0.0506878,Low,0,Low,0,3.24764,719.48,6.57992,0.0626904,0.196806
323,RL,0,Balanced,0.163889,Low,0,Low,0,3.23872,718.3,6.57828,0.0624975,0.196796
324,RL,0,Balanced,0.303793,Low,0,Low,0,3.23188,716.118,6.57524,0.0624222,0.196786
325,RL,0,Balanced,-0.869131,Low,0,Low,0,3.25765,722.378,6.58393,0.0624821,0.196776
326,RL,0,Balanced,0.262356,Low,0,Low,0,3.24783,720.483,6.58131,0.0627042,0.196766
327,RL,0,Balanced,0.886154,Low,0,Low,0,3.22027,714.118,6.57245,0.0624452,0.196757
328,RL,0,Balanced,-0.669479,Low,0,Low,0,3.24196,718.921,6.57914,0.0623799,0.196747
329,RL,0,Balanced,-0.154114,Low,0,Low,0,3.24683,720.032,6.58068,0.0625498,0.196737
330,RL,0,Balanced,0.336313,Low,0,Low,0,3.23815,717.611,6.57732,0.0627473,0.196727
331,RL,0,Balanced,-0.222111,Low,0,Low,0,3.24804,719.209,6.57954,0.0624737,0.196717
332,RL,0,Balanced,0.758505,Low,0,Low,0,3.22098,713.767,6.57196,0.0627903,0.196707
333,RL,0,Balanced,-0.519466,Low,0,Low,0,3.23477,717.489,6.57715,0.062589,0.196698
334,RL,0,Balanced,-0.471878,Low,0,Low,0,3.25323,720.888,6.58187,0.0625843,0.196688
335,RL,0,Balanced,0.310421,Low,0,Low,0,3.24497,718.65,6.57877,0.0626143,0.196678
336,RL,0,Light Heavy,-0.446892,Low,0,Low,0,3.25918,721.873,6.58323,0.0628356,0.196668
337,RL,0,Light Heavy,-0.117016,Low,0,Low,0,3.24752,722.72,6.5844,0.0577546,0.196658
338,RL,0,Light Heavy,0.688171,Low,0,Low,0,3.23308,717.756,6.57752,0.0578253,0.196648
339,RL,0,Light Heavy,-0.656223,Low,0,Low,0,3.25496,722.489,6.58408,0.0578237,0.196639
340,RL,0,Light Heavy,1,Low,0,Low,0,3.22412,714.526,6.57302,0.0576055,0.196629
341,RL,0,Light Heavy,-0.35696,Low,0,Low,0,3.23191,717.084,6.57659,0.0578037,0.196619
342,RL,0,Light Heavy,-0.687742,Low,0,Low,0,3.25055,722.04,6.58346,0.0577115,0.196609
343,RL,0,Light Heavy,0.0597,Low,0,Low,0,3.24786,721.608,6.58287,0.0578491,0.196599
344,RL,0,Light Heavy,0.464582,Low,0,Low,0,3.23176,718.259,6.57822,0.0575194,0.196589
345,RL,0,Light Heavy,-0.367212,Low,0,Low,0,3.24238,720.905,6.58189,0.0577507,0.19658
346,RL,0,Light Heavy,0.271654,Low,0,Low,0,3.24615,718.946,6.57918,0.0579321,0.19657
347,RL,0,Light Heavy,-0.553703,Low,0,Low,0,3.25207,722.944,6.58471,0.0577323,0.19656
348,RL,0,Light Heavy,0.441313,Low,0,Low,0,3.24075,719.756,6.5803,0.0577069,0.19655
349,RL,0,Light Heavy,0.47965,Low,0,Low,0,3.22513,716.307,6.5755,0.0574272,0.19654
350,RL,0,Light Heavy,-1,Low,0,Low,0,3.26596,725.22,6.58785,0.0579728,0.19653
351,RL,0,Light Heavy,1,Low,0,Low,0,3.23049,717.259,6.57683,0.0578168,0.196521
352,RL,0,Light Heavy,-0.562429,Low,0,Low,0,3.24484,721.31,6.58245,0.0577307,0.196511
353,RL,0,Light Heavy,-1,Low,0,Low,0,3.27864,728.597,6.59249,0.057846,0.196501
354,RL,0,Light Heavy,0.684452,Low,0,Low,0,3.26273,723.62,6.58565,0.0579497,0.196491
355,RL,0,Light Heavy,0.642061,Low,0,Low,0,3.24028,718.982,6.57923,0.0575632,0.196481
356,RL,0,Light Heavy,-0.677919,Low,0,Low,0,3.25553,723.88,6.58601,0.0577607,0.196471
357,RL,0,Light Heavy,0.939846,Low,0,Low,0,3.23472,717.099,6.57661,0.0577353,0.196462
358,RL,0,Light Heavy,-0.56777,Low,0,Low,0,3.24993,721.188,6.58229,0.0579467,0.196452
359,RL,0,Light Heavy,-0.300598,Low,0,Low,0,3.25719,723.362,6.58529,0.0578883,0.196442
360,RL,0,Light Heavy,0.580359,Low,0,Low,0,3.23834,719.17,6.57949,0.0575809,0.196432
361,RL,0,Light Heavy,0.859547,Low,0,Low,0,3.21093,713.007,6.57089,0.0576354,0.196422
362,RL,0,Light Heavy,-1,Low,0,Low,0,3.26139,724.243,6.58651,0.0578053,0.196413
363,RL,0,Light Heavy,0.990057,Low,0,Low,0,3.22895,717.098,6.57661,0.0574564,0.196403
364,RL,0,Light Heavy,0.104809,Low,0,Low,0,3.23405,716.346,6.57556,0.0580373,0.196393
365,RL,0,Light Heavy,-1,Low,0,Low,0,3.26199,723.727,6.5858,0.0577108,0.196383
366,RL,0,Light Heavy,0.260496,Low,0,Low,0,3.25085,721.842,6.58319,0.0580535,0.196373
367,RL,0,Light Heavy,0.158024,Low,0,Low,0,3.24653,720.701,6.58161,0.0576869,0.196363
368,RL,0,Balanced,-0.524378,Low,0,Low,0,3.26198,724.495,6.58685,0.0581964,0.196354
369,RL,0,Balanced,0.380993,Low,0,Low,0,3.25569,721.736,6.58304,0.0628356,0.196344
370,RL,0,Balanced,0.145054,Low,0,Low,0,3.24782,720.688,6.58159,0.0627818,0.196334
371,RL,0,Balanced,-0.0839233,Low,0,Low,0,3.2501,721.294,6.58243,0.0626005,0.196324
372,RL,0,Balanced,-0.0424385,Low,0,Low,0,3.25222,721.601,6.58286,0.0626719,0.196314
373,RL,0,Balanced,0.744438,Low,0,Low,0,3.23061,716.242,6.57541,0.0627534,0.196305
374,RL,0,Balanced,0.442886,Low,0,Low,0,3.2181,713.072,6.57098,0.0623553,0.196295
375,RL,0,Balanced,-0.856113,Low,0,Low,0,3.24215,719.211,6.57955,0.062456,0.196285
376,RL,0,Balanced,-0.184536,Low,0,Low,0,3.24775,720.542,6.58139,0.0624283,0.196275
377,RL,0,Balanced,1,Low,0,Low,0,3.22066,713.234,6.57121,0.0621532,0.196265
378,RL,0,Balanced,-1,Low,0,Low,0,3.25171,721.074,6.58213,0.0626166,0.196255
379,RL,0,Balanced,0.000572205,Low,0,Low,0,3.25205,721.07,6.58212,0.0624829,0.196246
380,RL,0,Balanced,-0.379181,Low,0,Low,0,3.26167,723.813,6.58591,0.0627811,0.196236
381,RL,0,Balanced,0.0132084,Low,0,Low,0,3.26399,723.718,6.58578,0.0626704,0.196226
382,RL,0,Balanced,0.208092,Low,0,Low,0,3.25746,722.211,6.5837,0.0628725,0.196216
383,RL,0,Balanced,0.669336,Low,0,Low,0,3.2374,717.386,6.57701,0.0625075,0.196206
384,RL,0,Balanced,-0.809097,Low,0,Low,0,3.25905,723.223,6.5851,0.0627572,0.196197
385,RL,0,Balanced,0.181484,Low,0,Low,0,3.25369,721.909,6.58328,0.0627588,0.196187
386,RL,0,Balanced,0.0976562,Low,0,Low,0,3.25439,721.204,6.58231,0.062904,0.196177
387,RL,0,Balanced,0.79155,Low,0,Low,0,3.22687,715.51,6.57439,0.0624322,0.196167
388,RL,0,Balanced,-1,Low,0,Low,0,3.2679,724.448,6.58679,0.0626043,0.196157
389,RL,0,Balanced,0.797701,Low,0,Low,0,3.2474,718.685,6.57881,0.0627273,0.196148
390,RL,0,Balanced,-0.999403,Low,0,Low,0,3.27534,725.913,6.58881,0.0627442,0.196138
391,RL,0,Balanced,0.841331,Low,0,Low,0,3.24753,719.823,6.58039,0.0623277,0.196128
392,RL,0,Balanced,-0.256157,Low,0,Low,0,3.25259,721.672,6.58296,0.0622985,0.196118
393,RL,0,Balanced,0.366449,Low,0,Low,0,3.23846,719.029,6.57929,0.0625305,0.196108
394,RL,0,Balanced,-0.369644,Low,0,Low,0,3.258,721.695,6.58299,0.0630108,0.196099
395,RL,0,Balanced,-0.206184,Low,0,Low,0,3.25813,723.187,6.58505,0.0625421,0.196089
396,RL,0,Balanced,0.29335,Low,0,Low,0,3.24931,721.065,6.58212,0.0626443,0.196079
397,RL,0,Balanced,0.391769,Low,0,Low,0,3.24063,718.242,6.5782,0.062831,0.196069
398,RL,0,Balanced,0.710678,Low,0,Low,0,3.21416,713.149,6.57109,0.0625559,0.196059
399,RL,0,Balanced,-0.573254,Low,0,Low,0,3.2371,717.254,6.57682,0.0628418,0.19605
400,RL,0,Balanced,-0.2244,Low,0,Low,0,3.24423,718.868,6.57907,0.0626965,0.19604
401,RL,0,Balanced,0.327969,Low,0,Low,0,3.23123,716.511,6.57579,0.0628856,0.19603
402,RL,0,Balanced,-0.758028,Low,0,Low,0,3.25829,721.97,6.58337,0.0627964,0.19602
403,RL,0,Balanced,0.128031,Low,0,Low,0,3.25151,721.045,6.58209,0.0626043,0.19601
404,RL,0,Balanced,0.614738,Low,0,Low,0,3.23224,716.62,6.57594,0.0620848,0.196001
405,RL,0,Balanced,-0.245905,Low,0,Low,0,3.2406,718.387,6.5784,0.0623761,0.195991
406,RL,0,Balanced,-0.474453,Low,0,Low,0,3.25447,721.808,6.58314,0.0623892,0.195981
407,RL,0,Balanced,0.0667572,Low,0,Low,0,3.25458,721.326,6.58248,0.0627811,0.195971
408,RL,0,Balanced,-0.106525,Low,0,Low,0,3.2557,722.096,6.58354,0.0627019,0.195961
409,RL,0,Balanced,0.698614,Low,0,Low,0,3.23467,717.062,6.57656,0.0626412,0.195952
410,RL,0,Balanced,-0.326204,Low,0,Low,0,3.24129,719.408,6.57982,0.062383,0.195942
411,RL,0,Balanced,-0.227261,Low,0,Low,0,3.25045,721.047,6.58209,0.0625674,0.195932
412,RL,0,Balanced,0.635958,Low,0,Low,0,3.23103,716.47,6.57573,0.0624191,0.195922
413,RL,0,Balanced,-0.408888,Low,0,Low,0,3.24362,719.409,6.57982,0.06231,0.195912
414,RL,0,Balanced,0.52228,Low,0,Low,0,3.22809,715.657,6.5746,0.0626059,0.195903
415,RL,0,Balanced,-0.838804,Low,0,Low,0,3.2556,721.693,6.58298,0.0625029,0.195893
416,RL,0,Balanced,0.0988007,Low,0,Low,0,3.25075,720.98,6.582,0.0627765,0.195883
417,RL,0,Balanced,0.406504,Low,0,Low,0,3.23787,718.051,6.57793,0.062499,0.195873
418,RL,0,Balanced,-0.246429,Low,0,Low,0,3.24592,719.825,6.5804,0.0626965,0.195863
419,RL,0,Balanced,0.512934,Low,0,Low,0,3.23332,716.137,6.57527,0.0628187,0.195854
420,RL,0,Balanced,-1,Low,0,Low,0,3.27357,727.07,6.5904,0.0626212,0.195844
421,RL,0,Balanced,0.854301,Low,0,Low,0,3.2526,720.877,6.58185,0.0628902,0.195834
422,RL,0,Balanced,1,Low,0,Low,0,3.2095,711.936,6.56939,0.0623784,0.195824
423,RL,0,Balanced,-1,Low,0,Low,0,3.27306,725.96,6.58887,0.0625521,0.195814
424,RL,0,Balanced,0.69313,Low,0,Low,0,3.25128,720.938,6.58194,0.0626988,0.195805
425,RL,0,Balanced,-0.208044,Low,0,Low,0,3.25561,722.442,6.58402,0.0630362,0.195795
426,RL,0,Balanced,0.36869,Low,0,Low,0,3.24891,719.78,6.58033,0.0628971,0.195785
427,RL,0,Balanced,0.116158,Low,0,Low,0,3.24063,718.943,6.57917,0.0624814,0.195775
428,RL,0,Balanced,-0.173855,Low,0,Low,0,3.24967,720.195,6.58091,0.0628095,0.195765
429,RL,0,Balanced,-0.0414848,Low,0,Low,0,3.25015,720.495,6.58133,0.0626082,0.195756
430,RL,0,Balanced,-0.688314,Low,0,Low,0,3.27383,725.478,6.58821,0.0628441,0.195746
431,RL,0,Balanced,-0.0663757,Low,0,Low,0,3.27316,725.96,6.58887,0.0629217,0.195736
432,RL,0,Balanced,1,Low,0,Low,0,3.24188,718.401,6.57842,0.0626351,0.195726
433,RL,0,Balanced,-1,Low,0,Low,0,3.28544,728.25,6.59202,0.062446,0.195717
434,RL,0,Balanced,1,Low,0,Low,0,3.24395,717.886,6.5777,0.0625083,0.195707
435,RL,0,Balanced,-0.217056,Low,0,Low,0,3.24697,719.448,6.57987,0.0625936,0.195697
436,RL,0,Balanced,0.0879288,Low,0,Low,0,3.24121,718.815,6.57899,0.0627165,0.195687
437,RL,0,Balanced,-0.424671,Low,0,Low,0,3.25978,721.878,6.58324,0.0627403,0.195677
438,RL,0,Balanced,0.815105,Low,0,Low,0,3.22525,716.01,6.57509,0.0624107,0.195668
439,RL,0,Balanced,-0.48604,Low,0,Low,0,3.24687,719.503,6.57995,0.0628295,0.195658
440,RL,0,Balanced,-0.703144,Low,0,Low,0,3.26593,724.588,6.58698,0.0625021,0.195648
441,RL,0,Balanced,0.513029,Low,0,Low,0,3.25359,720.875,6.58185,0.0627342,0.195638
442,RL,0,Balanced,-0.342703,Low,0,Low,0,3.26504,723.353,6.58528,0.0626182,0.195628
443,RL,0,Balanced,1,Low,0,Low,0,3.23319,715.369,6.57419,0.0625505,0.195619
444,RL,0,Balanced,-0.876856,Low,0,Low,0,3.25499,721.678,6.58296,0.0628502,0.195609
445,RL,0,Balanced,0.299597,Low,0,Low,0,3.24892,719.516,6.57997,0.0627626,0.195599
446,RL,0,Balanced,-0.0552654,Low,0,Low,0,3.24684,719.914,6.58052,0.062572,0.195589
447,RL,0,Balanced,-0.42963,Low,0,Low,0,3.257,723.018,6.58482,0.0627872,0.19558
448,RL,0,Balanced,0.852585,Low,0,Low,0,3.23204,716.871,6.57629,0.0628548,0.19557
449,RL,0,Balanced,-0.379801,Low,0,Low,0,3.24642,719.603,6.58009,0.0627396,0.19556
450,RL,0,Balanced,-0.0494957,Low,0,Low,0,3.249,719.96,6.58058,0.0627442,0.19555
451,RL,0,Balanced,1,Low,0,Low,0,3.2026,709.763,6.56634,0.0623254,0.19554
452,RL,0,Balanced,-0.966549,Low,0,Low,0,3.23194,716.666,6.576,0.0623515,0.195531
453,RL,0,Balanced,-0.462151,Low,0,Low,0,3.25234,719.99,6.58063,0.0627642,0.195521
454,RL,0,Balanced,0.687599,Low,0,Low,0,3.22736,715.05,6.57375,0.0626973,0.195511
455,RL,0,Balanced,-0.257778,Low,0,Low,0,3.23333,716.898,6.57633,0.0628103,0.195501
456,RL,0,Balanced,-1,Low,0,Low,0,3.27699,726.676,6.58986,0.0624437,0.195492
457,RL,0,Balanced,1,Low,0,Low,0,3.23185,716.985,6.57645,0.0622508,0.195482
458,RL,0,Balanced,-0.78063,Low,0,Low,0,3.25731,722.611,6.58425,0.0626474,0.195472
459,RL,0,Balanced,0.474072,Low,0,Low,0,3.24246,719.189,6.57951,0.0626128,0.195462
460,RL,0,Balanced,-0.0452995,Low,0,Low,0,3.24428,719.516,6.57997,0.0624883,0.195452
461,RL,0,Balanced,0.410223,Low,0,Low,0,3.23346,716.566,6.57586,0.0623446,0.195443
462,RL,0,Balanced,-0.0576019,Low,0,Low,0,3.23664,716.979,6.57644,0.0628372,0.195433
463,RL,0,Balanced,-0.273991,Low,0,Low,0,3.24673,718.949,6.57918,0.0628264,0.195423
464,RL,0,Balanced,0.210285,Low,0,Low,0,3.236,717.437,6.57708,0.0628264,0.195413
465,RL,0,Balanced,-0.97785,Low,0,Low,0,3.26413,724.497,6.58686,0.0627926,0.195404
466,RL,0,Balanced,0.3335,Low,0,Low,0,3.25685,722.081,6.58352,0.0629401,0.195394
467,RL,0,Balanced,0.249434,Low,0,Low,0,3.24996,720.28,6.58103,0.0626235,0.195384
468,RL,0,Balanced,-0.884581,Low,0,Low,0,3.27615,726.688,6.58987,0.0627526,0.195374
469,RL,0,Balanced,1,Low,0,Low,0,3.24024,718.346,6.57834,0.0625674,0.195365
470,RL,0,Balanced,-0.702238,Low,0,Low,0,3.26273,723.415,6.58536,0.0625644,0.195355
471,RL,0,Balanced,0.602341,Low,0,Low,0,3.24182,719.065,6.57934,0.0625989,0.195345
472,RL,0,Balanced,0.483513,Low,0,Low,0,3.23073,715.591,6.57451,0.0629862,0.195335
473,RL,0,Balanced,-0.623703,Low,0,Low,0,3.24833,720.075,6.58074,0.0625144,0.195325
474,RL,0,Balanced,-0.618029,Low,0,Low,0,3.26934,724.545,6.58692,0.0626965,0.195316
475,RL,0,Balanced,0.92864,Low,0,Low,0,3.24182,717.839,6.57764,0.0629032,0.195306
476,RL,0,Balanced,-0.838852,Low,0,Low,0,3.2653,723.894,6.58603,0.0625498,0.195296
477,RL,0,Balanced,0.892735,Low,0,Low,0,3.24123,717.451,6.5771,0.0628694,0.195286
478,RL,0,Balanced,0.535727,Low,0,Low,0,3.21897,713.613,6.57174,0.0625713,0.195277
479,RL,0,Balanced,-1,Low,0,Low,0,3.26856,724.679,6.58711,0.0627634,0.195267
480,RL,0,Balanced,-0.113392,Low,0,Low,0,3.26946,725.503,6.58824,0.0627296,0.195257
481,RL,0,Balanced,0.94862,Low,0,Low,0,3.24136,718.644,6.57876,0.0628164,0.195247
482,RL,0,Balanced,-0.480843,Low,0,Low,0,3.2586,722.112,6.58356,0.0629148,0.195238
483,RL,0,Balanced,1,Low,0,Low,0,3.21439,713.158,6.57111,0.0624468,0.195228
484,RL,0,Balanced,-1,Low,0,Low,0,3.26004,723.084,6.58491,0.0628118,0.195218
485,RL,0,Balanced,0.412893,Low,0,Low,0,3.24606,720.101,6.58078,0.0625882,0.195208
486,RL,0,Balanced,-0.700903,Low,0,Low,0,3.27569,725.173,6.58779,0.0629079,0.195199
487,RL,0,Balanced,0.888538,Low,0,Low,0,3.24475,718.749,6.5789,0.0626958,0.195189
488,RL,0,Balanced,-0.675821,Low,0,Low,0,3.2639,723.63,6.58566,0.0627234,0.195179
489,RL,0,Balanced,1,Low,0,Low,0,3.2265,715.614,6.57454,0.0627403,0.195169
490,RL,0,Balanced,-1,Low,0,Low,0,3.26375,723.453,6.58542,0.0625974,0.19516
491,RL,0,Balanced,0.39525,Low,0,Low,0,3.25522,720.596,6.58146,0.0629801,0.19515
492,RL,0,Balanced,0.414562,Low,0,Low,0,3.23819,717.61,6.57732,0.0626781,0.19514
493,RL,0,Balanced,-0.399971,Low,0,Low,0,3.25062,720.49,6.58132,0.0627004,0.19513
494,RL,0,Balanced,-0.335693,Low,0,Low,0,3.26002,722.916,6.58468,0.0625797,0.195121
495,RL,0,Balanced,-0.121832,Low,0,Low,0,3.26251,723.799,6.58589,0.0628779,0.195111
496,RL,0,Balanced,0.375605,Low,0,Low,0,3.25691,721.081,6.58214,0.0628164,0.195101
497,RL,0,Balanced,-0.771856,Low,0,Low,0,3.27705,726.676,6.58986,0.0629109,0.195091
498,RL,0,Balanced,0.459242,Low,0,Low,0,3.26622,723.342,6.58526,0.0627227,0.195081
499,RL,0,Balanced,0.565624,Low,0,Low,0,3.24457,719.257,6.57961,0.0629271,0.195072
500,RL,0,Balanced,-0.0986099,Low,0,Low,0,3.24501,719.967,6.58059,0.0627265,0.195062
501,RL,0,Balanced,0.235796,Low,0,Low,0,3.23879,718.269,6.57824,0.062622,0.195052
502,RL,0,Balanced,0.00948906,Low,0,Low,0,3.23865,718.201,6.57814,0.0626981,0.195042
503,RL,0,Balanced,0.187445,Low,0,Low,0,3.23408,716.854,6.57627,0.062801,0.195033
504,RL,0,Balanced,-0.438118,Low,0,Low,0,3.24803,720.006,6.58065,0.0628026,0.195023
505,RL,0,Balanced,0.335884,Low,0,Low,0,3.23591,717.589,6.57729,0.0629809,0.195013
506,RL,0,Balanced,-0.150108,Low,0,Low,0,3.2398,718.668,6.57879,0.0624207,0.195003
507,RL,0,Balanced,-0.0117779,Low,0,Low,0,3.24353,718.753,6.57891,0.0628295,0.194994
508,RL,0,Balanced,0.103712,Low,0,Low,0,3.23687,718.007,6.57787,0.0623576,0.194984
509,RL,0,Balanced,-1,Low,0,Low,0,3.27136,725.647,6.58844,0.062695,0.194974
510,RL,0,Balanced,1,Low,0,Low,0,3.23021,715.695,6.57465,0.0628341,0.194964
511,RL,0,Balanced,-1,Low,0,Low,0,3.27784,727.424,6.59088,0.0628464,0.194955
512,RL,0,Balanced,0.837994,Low,0,Low,0,3.2503,721.346,6.5825,0.0625405,0.194945
513,RL,0,Balanced,0.28739,Low,0,Low,0,3.24405,719.273,6.57963,0.0625797,0.194935
514,RL,0,Balanced,-0.204611,Low,0,Low,0,3.25219,720.748,6.58168,0.0629071,0.194925
515,RL,0,Balanced,-0.986242,Low,0,Low,0,3.28229,727.901,6.59154,0.0626988,0.194916
516,RL,0,Balanced,1,Low,0,Low,0,3.22938,716.421,6.57566,0.0624053,0.194906
517,RL,0,Balanced,0.0629902,Low,0,Low,0,3.22816,715.969,6.57503,0.0622908,0.194896
518,RL,0,Balanced,-0.618172,Low,0,Low,0,3.25272,720.415,6.58121,0.0625874,0.194887
519,RL,0,Balanced,0.344658,Low,0,Low,0,3.24442,717.933,6.57777,0.0628041,0.194877
520,RL,0,Balanced,-0.639582,Low,0,Low,0,3.25641,722.546,6.58416,0.0629739,0.194867
521,RL,0,Balanced,0.609446,Low,0,Low,0,3.24178,718.149,6.57807,0.0625405,0.194857
522,RL,0,Balanced,-0.736189,Low,0,Low,0,3.26145,723.463,6.58543,0.0626773,0.194848
523,RL,0,Balanced,0.695753,Low,0,Low,0,3.24334,718.44,6.57847,0.0628487,0.194838
524,RL,0,Balanced,-0.907516,Low,0,Low,0,3.26902,724.999,6.58755,0.0627995,0.194828
525,RL,0,Balanced,0.968552,Low,0,Low,0,3.24004,718.001,6.57786,0.0627619,0.194818
526,RL,0,Balanced,0.530052,Low,0,Low,0,3.2266,714.2,6.57256,0.0626704,0.194809
527,RL,0,Balanced,0.184155,Low,0,Low,0,3.21642,712.885,6.57072,0.0624683,0.194799
528,RL,0,Balanced,-1,Low,0,Low,0,3.26278,723.8,6.5859,0.0630247,0.194789
529,RL,0,Balanced,0.684738,Low,0,Low,0,3.24644,718.854,6.57905,0.0627426,0.194779
530,RL,0,Balanced,0.438738,Low,0,Low,0,3.22991,715.702,6.57466,0.062738,0.19477
531,RL,0,Balanced,-1,Low,0,Low,0,3.26462,723.4,6.58534,0.0627334,0.19476
532,RL,0,Balanced,0.748634,Low,0,Low,0,3.24219,717.997,6.57786,0.062695,0.19475
533,RL,0,Balanced,-0.442648,Low,0,Low,0,3.2547,721.187,6.58228,0.0622547,0.19474
534,RL,0,Balanced,0.171757,Low,0,Low,0,3.24659,719.948,6.58057,0.0626965,0.194731
535,RL,0,Balanced,0.377512,Low,0,Low,0,3.23294,717.231,6.57679,0.0625751,0.194721
536,RL,0,Balanced,-0.309515,Low,0,Low,0,3.25035,719.458,6.57989,0.0627288,0.194711
537,RL,0,Balanced,0.750685,Low,0,Low,0,3.22079,714.069,6.57238,0.0625052,0.194701
538,RL,0,Balanced,-0.516653,Low,0,Low,0,3.23774,717.773,6.57755,0.0626397,0.194692
539,RL,0,Balanced,-0.165749,Low,0,Low,0,3.24164,718.966,6.5792,0.0627027,0.194682
540,RL,0,Balanced,1,Low,0,Low,0,3.20447,710.263,6.56704,0.0621724,0.194672
541,RL,0,Balanced,-1,Low,0,Low,0,3.2483,720.765,6.5817,0.0626658,0.194663
542,RL,0,Balanced,0.236225,Low,0,Low,0,3.2411,719.062,6.57934,0.0626397,0.194653
543,RL,0,Balanced,-0.495863,Low,0,Low,0,3.25941,722.641,6.5843,0.0627357,0.194643
544,RL,0,Balanced,0.0245571,Low,0,Low,0,3.25564,722.464,6.58405,0.0627004,0.194633
545,RL,0,Balanced,0.181389,Low,0,Low,0,3.25426,721.153,6.58224,0.0625528,0.194624
546,RL,0,Balanced,0.763226,Low,0,Low,0,3.22712,715.662,6.5746,0.062426,0.194614
547,RL,0,Balanced,-0.646687,Low,0,Low,0,3.2513,720.312,6.58107,0.0627903,0.194604
548,RL,0,Balanced,0.351715,Low,0,Low,0,3.23575,717.779,6.57755,0.0628233,0.194594
549,RL,0,Balanced,-0.34008,Low,0,Low,0,3.25017,720.228,6.58096,0.0625121,0.194585
550,RL,0,Balanced,-0.449371,Low,0,Low,0,3.26074,723.476,6.58545,0.0629509,0.194575
551,RL,0,Balanced,0.201797,Low,0,Low,0,3.25625,722.016,6.58343,0.0627257,0.194565
552,RL,0,Balanced,0.781202,Low,0,Low,0,3.23407,716.389,6.57562,0.0622931,0.194555
553,RL,0,Balanced,-0.511932,Low,0,Low,0,3.25123,720.071,6.58074,0.0626212,0.194546
554,RL,0,Balanced,0.116634,Low,0,Low,0,3.24938,719.231,6.57957,0.0626804,0.194536
555,RL,0,Balanced,-0.103045,Low,0,Low,0,3.24688,719.974,6.5806,0.0628333,0.194526
556,RL,0,Balanced,-0.0815392,Low,0,Low,0,3.24833,720.561,6.58142,0.0629271,0.194517
557,RL,0,Balanced,-0.0591755,Low,0,Low,0,3.25304,720.989,6.58201,0.0627104,0.194507
558,RL,0,Balanced,0.133276,Low,0,Low,0,3.25188,720.027,6.58068,0.0632921,0.194497
559,RL,0,Balanced,-0.391674,Low,0,Low,0,3.25789,722.857,6.58459,0.0626304,0.194487
560,RL,0,Balanced,1,Low,0,Low,0,3.22794,715.059,6.57376,0.0628295,0.194478
561,RL,0,Balanced,-0.743866,Low,0,Low,0,3.24883,720.405,6.5812,0.0626827,0.194468
562,RL,0,Balanced,-0.107622,Low,0,Low,0,3.25741,721.182,6.58228,0.0625106,0.194458
563,RL,0,Balanced,0.700665,Low,0,Low,0,3.23078,716.139,6.57527,0.0624952,0.194449
564,RL,0,Balanced,-0.62499,Low,0,Low,0,3.2487,720.635,6.58152,0.0627519,0.194439
565,RL,0,Balanced,-0.590611,Low,0,Low,0,3.26898,724.91,6.58743,0.0629186,0.194429
566,RL,0,Balanced,-0.334978,Low,0,Low,0,3.27997,727.346,6.59078,0.0629739,0.194419
567,RL,0,Balanced,1,Low,0,Low,0,3.23417,717.505,6.57717,0.0623315,0.19441
568,RL,0,Balanced,-0.460291,Low,0,Low,0,3.24986,720.82,6.58178,0.0625521,0.1944
569,RL,0,Balanced,0.721502,Low,0,Low,0,3.23275,715.631,6.57456,0.0630646,0.19439
570,RL,0,Balanced,0.176334,Low,0,Low,0,3.22449,714.369,6.5728,0.062788,0.19438
571,RL,0,Balanced,-1,Low,0,Low,0,3.26309,723.65,6.58569,0.0625843,0.194371
572,RL,0,Balanced,-0.296497,Low,0,Low,0,3.27365,725.802,6.58865,0.062695,0.194361
573,RL,0,Balanced,1,Low,0,Low,0,3.24149,718.289,6.57826,0.0628887,0.194351
574,RL,0,Balanced,0.0169754,Low,0,Low,0,3.24095,718.167,6.57809,0.0626328,0.194342
575,RL,0,Balanced,-1,Low,0,Low,0,3.2853,728.415,6.59224,0.062798,0.194332
576,RL,0,Light Heavy,0.964832,Low,0,Low,0,3.25623,721.411,6.58259,0.0629125,0.194322
577,RL,0,Light Heavy,-0.376892,Low,0,Low,0,3.25874,724.139,6.58636,0.0578399,0.194312
578,RL,0,Light Heavy,0.673437,Low,0,Low,0,3.23952,719.272,6.57963,0.0576354,0.194303
579,RL,0,Light Heavy,-0.768661,Low,0,Low,0,3.26131,724.83,6.58732,0.0575002,0.194293
580,RL,0,Light Heavy,0.586748,Low,0,Low,0,3.24305,720.584,6.58145,0.0573058,0.194283
581,RL,0,Light Heavy,-0.197744,Low,0,Low,0,3.25355,722.012,6.58343,0.0576531,0.194274
582,RL,0,Light Heavy,0.0695229,Low,0,Low,0,3.25052,721.51,6.58273,0.0580596,0.194264
583,RL,0,Light Heavy,1,Low,0,Low,0,3.2132,713.33,6.57134,0.057418,0.194254
584,RL,0,Light Heavy,-1,Low,0,Low,0,3.2484,721.534,6.58276,0.0579021,0.194244
585,RL,0,Light Heavy,0.96612,Low,0,Low,0,3.21931,714.587,6.5731,0.0577223,0.194235
586,RL,0,Light Heavy,-1,Low,0,Low,0,3.2632,724.912,6.58743,0.057889,0.194225
587,RL,0,Light Heavy,-0.449657,Low,0,Low,0,3.27838,728.184,6.59193,0.0579982,0.194215
588,RL,0,Light Heavy,0.492859,Low,0,Low,0,3.26337,724.599,6.587,0.0578083,0.194206
589,RL,0,Light Heavy,1,Low,0,Low,0,3.21995,714.182,6.57254,0.0575117,0.194196
590,RL,0,Light Heavy,-0.431967,Low,0,Low,0,3.23347,717.278,6.57686,0.0577622,0.194186
591,RL,0,Light Heavy,0.346327,Low,0,Low,0,3.22446,714.795,6.57339,0.0579428,0.194176
592,RL,0,Light Heavy,-0.784874,Low,0,Low,0,3.24461,720.435,6.58124,0.0579444,0.194167
593,RL,0,Light Heavy,-0.14658,Low,0,Low,0,3.25085,721.493,6.58271,0.0577492,0.194157
594,RL,0,Light Heavy,0.67234,Low,0,Low,0,3.22451,716.652,6.57598,0.0574648,0.194147
595,RL,0,Light Heavy,0.183678,Low,0,Low,0,3.22026,715.335,6.57415,0.0577069,0.194138
596,RL,0,Light Heavy,-0.237083,Low,0,Low,0,3.2344,717.036,6.57652,0.0579636,0.194128
597,RL,0,Light Heavy,-0.611925,Low,0,Low,0,3.24884,721.443,6.58264,0.0576009,0.194118
598,RL,0,Light Heavy,0.425386,Low,0,Low,0,3.23634,718.376,6.57838,0.0576462,0.194109
599,RL,0,Light Heavy,0.439024,Low,0,Low,0,3.2225,715.225,6.57399,0.0577369,0.194099
600,RL,0,Light Heavy,-0.902224,Low,0,Low,0,3.24959,721.716,6.58302,0.0576508,0.194089
601,RL,0,Light Heavy,0.47245,Low,0,Low,0,3.2366,718.31,6.57829,0.0573934,0.194079
602,RL,0,Light Heavy,0.0458241,Low,0,Low,0,3.23221,717.98,6.57783,0.057345,0.19407
603,RL,0,Light Heavy,-0.390625,Low,0,Low,0,3.2463,720.794,6.58174,0.0577676,0.19406
604,RL,0,Light Heavy,-0.196743,Low,0,Low,0,3.24734,722.216,6.58371,0.0575425,0.19405
605,RL,0,Light Heavy,0.247049,Low,0,Low,0,3.24563,720.431,6.58124,0.0574741,0.194041
606,RL,0,Light Heavy,0.656796,Low,0,Low,0,3.22234,715.708,6.57467,0.0575886,0.194031
607,RL,0,Light Heavy,-0.0454426,Low,0,Low,0,3.22163,716.034,6.57512,0.0574295,0.194021
608,RL,0,Light Heavy,-0.672865,Low,0,Low,0,3.24491,720.875,6.58185,0.0576685,0.194011
609,RL,0,Light Heavy,-0.24004,Low,0,Low,0,3.25512,722.61,6.58425,0.0577576,0.194002
610,RL,0,Light Heavy,1,Low,0,Low,0,3.21511,713.966,6.57224,0.0577622,0.193992
611,RL,0,Light Heavy,-1,Low,0,Low,0,3.25494,723.102,6.58493,0.0577277,0.193982
612,RL,0,Light Heavy,0.864792,Low,0,Low,0,3.23247,716.868,6.57628,0.0575033,0.193973
613,RL,0,Light Heavy,-0.506258,Low,0,Low,0,3.24517,720.511,6.58135,0.0576608,0.193963
614,RL,0,Light Heavy,-0.181866,Low,0,Low,0,3.25265,721.824,6.58317,0.0578283,0.193953
615,RL,0,Light Heavy,0.984287,Low,0,Low,0,3.21671,714.744,6.57332,0.0574157,0.193944
616,RL,0,Light Heavy,-0.0374794,Low,0,Low,0,3.22597,715.013,6.5737,0.0576224,0.193934
617,RL,0,Light Heavy,-1,Low,0,Low,0,3.25864,722.966,6.58474,0.0577715,0.193924
618,RL,0,Light Heavy,0.333166,Low,0,Low,0,3.24417,720.558,6.58141,0.0575893,0.193915
619,RL,0,Light Heavy,-0.497675,Low,0,Low,0,3.26191,724.158,6.58639,0.0580012,0.193905
620,RL,0,Light Heavy,0.625801,Low,0,Low,0,3.23711,719.634,6.58013,0.0579098,0.193895
621,RL,0,Light Heavy,0.521851,Low,0,Low,0,3.22121,715.883,6.57491,0.0573388,0.193885
622,RL,0,Light Heavy,-0.816679,Low,0,Low,0,3.25367,721.761,6.58308,0.0579674,0.193876
623,RL,0,Light Heavy,0.848055,Low,0,Low,0,3.22722,715.658,6.5746,0.0576331,0.193866
624,RL,0,Light Heavy,-0.615549,Low,0,Low,0,3.24482,720.083,6.58075,0.0578206,0.193856
625,RL,0,Light Heavy,-0.634813,Low,0,Low,0,3.26452,724.675,6.5871,0.0576062,0.193847
626,RL,0,Light Heavy,0.752783,Low,0,Low,0,3.23895,719.233,6.57957,0.0578967,0.193837
627,RL,0,Light Heavy,0.0885963,Low,0,Low,0,3.23543,718.595,6.57869,0.0579628,0.193827
628,RL,0,Light Heavy,-0.965405,Low,0,Low,0,3.2678,725.576,6.58834,0.0580389,0.193818
629,RL,0,Light Heavy,1,Low,0,Low,0,3.22857,716.344,6.57556,0.0575394,0.193808
630,RL,0,Light Heavy,-1,Low,0,Low,0,3.27374,727.891,6.59152,0.0575194,0.193798
631,RL,0,Light Heavy,1,Low,0,Low,0,3.23333,717.7,6.57744,0.0576293,0.193789
632,RL,0,Light Heavy,-0.475359,Low,0,Low,0,3.24926,721.124,6.5822,0.0578698,0.193779
633,RL,0,Light Heavy,0.0415325,Low,0,Low,0,3.2426,720.824,6.58178,0.0575624,0.193769
634,RL,0,Light Heavy,0.0531673,Low,0,Low,0,3.24265,720.441,6.58125,0.057574,0.193759
635,RL,0,Light Heavy,0.338221,Low,0,Low,0,3.23505,718.005,6.57787,0.0576408,0.19375
636,RL,0,Light Heavy,0.27976,Low,0,Low,0,3.22626,715.996,6.57507,0.0578644,0.19374
637,RL,0,Light Heavy,0.323582,Low,0,Low,0,3.21574,713.68,6.57183,0.0577061,0.19373
638,RL,0,Light Heavy,-0.593996,Low,0,Low,0,3.2366,717.938,6.57777,0.0578114,0.193721
639,RL,0,Light Heavy,0.0145912,Low,0,Low,0,3.23181,717.833,6.57763,0.0577999,0.193711
640,RL,0,BSDF Heavy,-0.928259,Low,0,Low,0,3.26338,724.536,6.58691,0.0577307,0.193701
641,RL,0,BSDF Heavy,0.986004,Low,0,Low,0,3.23951,717.418,6.57705,0.0659356,0.193692
642,RL,0,BSDF Heavy,0.0628948,Low,0,Low,0,3.23834,716.966,6.57642,0.0656981,0.193682
643,RL,0,BSDF Heavy,-0.211,Low,0,Low,0,3.24141,718.482,6.57853,0.0659287,0.193672
644,RL,0,BSDF Heavy,0.146961,Low,0,Low,0,3.2428,717.426,6.57706,0.0657289,0.193663
645,RL,0,BSDF Heavy,0.615025,Low,0,Low,0,3.22378,713.021,6.57091,0.0659256,0.193653
646,RL,0,BSDF Heavy,-1,Low,0,Low,0,3.27222,724.95,6.58748,0.065785,0.193643
647,RL,0,BSDF Heavy,1,Low,0,Low,0,3.24178,717.594,6.5773,0.0659771,0.193634
648,RL,0,BSDF Heavy,-1,Low,0,Low,0,3.27399,725.679,6.58848,0.0657243,0.193624
649,RL,0,BSDF Heavy,0.566626,Low,0,Low,0,3.26057,721.573,6.58282,0.0656966,0.193614
650,RL,0,BSDF Heavy,0.279713,Low,0,Low,0,3.24925,719.554,6.58002,0.0657212,0.193604
651,RL,0,BSDF Heavy,-0.126171,Low,0,Low,0,3.25372,720.464,6.58128,0.0660609,0.193595
652,RL,0,BSDF Heavy,-0.360203,Low,0,Low,0,3.26879,723.068,6.58488,0.0659517,0.193585
653,RL,0,BSDF Heavy,0.639725,Low,0,Low,0,3.24226,718.45,6.57849,0.0654976,0.193575
654,RL,0,BSDF Heavy,0.261974,Low,0,Low,0,3.23239,716.568,6.57587,0.0653946,0.193566
655,RL,0,BSDF Heavy,0.048542,Low,0,Low,0,3.23085,716.22,6.57538,0.0655129,0.193556
656,RL,0,BSDF Heavy,-0.971127,Low,0,Low,0,3.26656,723.219,6.58509,0.0660263,0.193546
657,RL,0,BSDF Heavy,0.747585,Low,0,Low,0,3.24289,717.825,6.57762,0.0659387,0.193537
658,RL,0,BSDF Heavy,-0.971985,Low,0,Low,0,3.26948,724.846,6.58734,0.0658411,0.193527
659,RL,0,BSDF Heavy,0.50807,Low,0,Low,0,3.25433,721.167,6.58226,0.0659003,0.193517
660,RL,0,BSDF Heavy,0.717306,Low,0,Low,0,3.23511,716.006,6.57508,0.0657189,0.193508
661,RL,0,BSDF Heavy,-1,Low,0,Low,0,3.27605,725.618,6.5884,0.0658273,0.193498
662,RL,0,BSDF Heavy,0.224304,Low,0,Low,0,3.26974,723.99,6.58616,0.0657481,0.193488
663,RL,0,BSDF Heavy,1,Low,0,Low,0,3.21615,712.073,6.56958,0.0655706,0.193479
664,RL,0,BSDF Heavy,-0.999928,Low,0,Low,0,3.24743,719.239,6.57958,0.0657904,0.193469
665,RL,0,BSDF Heavy,-0.220299,Low,0,Low,0,3.25443,720.828,6.58179,0.0657404,0.193459
666,RL,0,BSDF Heavy,0.30427,Low,0,Low,0,3.24503,718.635,6.57874,0.0658334,0.19345
667,RL,0,BSDF Heavy,-0.34399,Low,0,Low,0,3.25372,721.115,6.58218,0.0657112,0.19344
668,RL,0,BSDF Heavy,1,Low,0,Low,0,3.22087,713.266,6.57126,0.0657127,0.19343
669,RL,0,BSDF Heavy,-1,Low,0,Low,0,3.25315,720.729,6.58165,0.066037,0.193421
670,RL,0,BSDF Heavy,-0.22397,Low,0,Low,0,3.2591,722.348,6.58389,0.0656198,0.193411
671,RL,0,BSDF Heavy,-0.179625,Low,0,Low,0,3.26803,723.648,6.58569,0.0658764,0.193401
672,RL,0,Balanced,0.14348,Low,0,Low,0,3.25836,722.609,6.58425,0.0656697,0.193392
673,RL,0,Balanced,1,Low,0,Low,0,3.22627,714.322,6.57273,0.0627496,0.193382
674,RL,0,Balanced,-1,Low,0,Low,0,3.2784,726.688,6.58987,0.06305,0.193372
675,RL,0,Balanced,0.831985,Low,0,Low,0,3.25139,720.659,6.58155,0.0628325,0.193363
676,RL,0,Balanced,-0.184774,Low,0,Low,0,3.25816,721.994,6.5834,0.062735,0.193353
677,RL,0,Balanced,1,Low,0,Low,0,3.20072,709.5,6.56597,0.062277,0.193343
678,RL,0,Balanced,-1,Low,0,Low,0,3.24417,719.394,6.5798,0.0627649,0.193334
679,RL,0,Balanced,0.550985,Low,0,Low,0,3.22862,715.436,6.57429,0.0628064,0.193324
680,RL,0,Balanced,-0.361919,Low,0,Low,0,3.23859,718.033,6.57791,0.062728,0.193314
681,RL,0,Balanced,0.452852,Low,0,Low,0,3.22223,714.784,6.57338,0.0624852,0.193305
682,RL,0,Balanced,-0.519562,Low,0,Low,0,3.23433,718.513,6.57857,0.0623815,0.193295
683,RL,0,Balanced,-1,Low,0,Low,0,3.27502,726.304,6.58934,0.0630216,0.193285
684,RL,0,Balanced,0.168085,Low,0,Low,0,3.26986,725.083,6.58766,0.0629617,0.193276
685,RL,0,Balanced,1,Low,0,Low,0,3.23415,716.183,6.57533,0.062884,0.193266
686,RL,0,Balanced,-0.635338,Low,0,Low,0,3.25048,720.754,6.58168,0.0626896,0.193256
687,RL,0,Balanced,0.0983238,Low,0,Low,0,3.24917,720.044,6.5807,0.0626812,0.193247
688,RL,0,BSDF Heavy,-0.0679016,Low,0,Low,0,3.24922,720.534,6.58138,0.0629594,0.193237
689,RL,0,BSDF Heavy,-1,Low,0,Low,0,3.28609,728.976,6.59301,0.0662376,0.193227
690,RL,0,BSDF Heavy,1,Low,0,Low,0,3.25248,719.912,6.58052,0.0656344,0.193218
691,RL,0,BSDF Heavy,-0.455427,Low,0,Low,0,3.26719,723.202,6.58507,0.0659079,0.193208
692,RL,0,BSDF Heavy,0.121737,Low,0,Low,0,3.26767,722.321,6.58385,0.0659971,0.193198
693,RL,0,BSDF Heavy,-0.478077,Low,0,Low,0,3.27898,725.787,6.58863,0.0662169,0.193189
694,RL,0,BSDF Heavy,0.552082,Low,0,Low,0,3.26244,721.786,6.58311,0.0658349,0.193179
695,RL,0,BSDF Heavy,-0.128651,Low,0,Low,0,3.26442,722.717,6.5844,0.0658841,0.193169
696,RL,0,BSDF Heavy,1,Low,0,Low,0,3.20262,709.164,6.5655,0.065589,0.19316
697,RL,0,BSDF Heavy,-0.822544,Low,0,Low,0,3.22966,715.029,6.57372,0.0657005,0.19315
698,RL,0,BSDF Heavy,-1,Low,0,Low,0,3.27616,725.789,6.58864,0.0662837,0.19314
699,RL,0,BSDF Heavy,1,Low,0,Low,0,3.22922,715.097,6.57381,0.0656905,0.193131
700,RL,0,BSDF Heavy,-0.0427246,Low,0,Low,0,3.22931,715.403,6.57424,0.0656613,0.193121
701,RL,0,BSDF Heavy,-0.986814,Low,0,Low,0,3.26068,722.507,6.58411,0.0657911,0.193111
702,RL,0,BSDF Heavy,0.137901,Low,0,Low,0,3.25586,721.51,6.58273,0.0657466,0.193102
703,RL,0,BSDF Heavy,0.784397,Low,0,Low,0,3.23449,715.865,6.57489,0.065692,0.193092
704,RL,0,BSDF Heavy,-0.445414,Low,0,Low,0,3.24948,719.065,6.57934,0.0661047,0.193082
705,RL,0,BSDF Heavy,0.700569,Low,0,Low,0,3.22352,714.038,6.57234,0.0657658,0.193073
706,RL,0,BSDF Heavy,-0.380468,Low,0,Low,0,3.23716,716.764,6.57614,0.065745,0.193063
707,RL,0,BSDF Heavy,0.566721,Low,0,Low,0,3.21995,712.707,6.57047,0.0656759,0.193054
708,RL,0,BSDF Heavy,-1,Low,0,Low,0,3.25517,720.209,6.58093,0.0658042,0.193044
709,RL,0,BSDF Heavy,-0.306082,Low,0,Low,0,3.26118,722.419,6.58399,0.0658549,0.193034
710,RL,0,BSDF Heavy,0.113535,Low,0,Low,0,3.25771,721.599,6.58285,0.0655875,0.193025
711,RL,0,BSDF Heavy,0.0518799,Low,0,Low,0,3.259,721.224,6.58233,0.0657788,0.193015
712,RL,0,BSDF Heavy,0.792408,Low,0,Low,0,3.23729,715.523,6.57441,0.0658688,0.193005
713,RL,0,BSDF Heavy,-1,Low,0,Low,0,3.2566,723.035,6.58484,0.0658933,0.192996
714,RL,0,BSDF Heavy,0.554657,Low,0,Low,0,3.24846,719.03,6.57929,0.065961,0.192986
715,RL,0,BSDF Heavy,-0.582504,Low,0,Low,0,3.26484,723.237,6.58512,0.0658764,0.192976
716,RL,0,BSDF Heavy,0.743532,Low,0,Low,0,3.24136,717.871,6.57768,0.0657204,0.192967
717,RL,0,BSDF Heavy,0.198936,Low,0,Low,0,3.23919,716.443,6.57569,0.0661123,0.192957
718,RL,0,BSDF Heavy,0.22521,Low,0,Low,0,3.23014,714.829,6.57344,0.0659686,0.192947
719,RL,0,BSDF Heavy,-1,Low,0,Low,0,3.26251,722.385,6.58394,0.0659333,0.192938
720,RL,0,BSDF Heavy,-0.511837,Low,0,Low,0,3.27258,726.097,6.58906,0.0656367,0.192928
721,RL,0,BSDF Heavy,0.82016,Low,0,Low,0,3.24566,720.158,6.58086,0.0657135,0.192918
722,RL,0,BSDF Heavy,0.103426,Low,0,Low,0,3.24515,719.412,6.57982,0.0655283,0.192909
723,RL,0,BSDF Heavy,-0.900936,Low,0,Low,0,3.27678,725.932,6.58883,0.0657373,0.192899
724,RL,0,BSDF Heavy,0.952101,Low,0,Low,0,3.25251,719.044,6.57931,0.0661223,0.192889
725,RL,0,BSDF Heavy,0.0974655,Low,0,Low,0,3.24315,718.343,6.57834,0.0653777,0.19288
726,RL,0,BSDF Heavy,-0.602388,Low,0,Low,0,3.26769,722.689,6.58436,0.066127,0.19287
727,RL,0,BSDF Heavy,-0.0079155,Low,0,Low,0,3.26676,722.746,6.58444,0.0657973,0.192861
728,RL,0,BSDF Heavy,0.233793,Low,0,Low,0,3.26056,721.056,6.5821,0.0662107,0.192851
729,RL,0,BSDF Heavy,0.859737,Low,0,Low,0,3.23129,714.875,6.57351,0.0658365,0.192841
730,RL,0,BSDF Heavy,-0.594664,Low,0,Low,0,3.24383,719.144,6.57945,0.0655045,0.192832
731,RL,0,BSDF Heavy,0.281715,Low,0,Low,0,3.23624,717.119,6.57663,0.0662069,0.192822
732,RL,0,BSDF Heavy,0.0118256,Low,0,Low,0,3.23692,717.034,6.57652,0.0657266,0.192812
733,RL,0,BSDF Heavy,-0.612116,Low,0,Low,0,3.25188,721.443,6.58264,0.0655644,0.192803
734,RL,0,BSDF Heavy,-0.682116,Low,0,Low,0,3.27914,726.387,6.58946,0.0661131,0.192793
735,RL,0,BSDF Heavy,0.705004,Low,0,Low,0,3.25783,721.277,6.58241,0.0657665,0.192783
736,RL,0,BSDF Heavy,-0.400019,Low,0,Low,0,3.27506,724.172,6.58641,0.0662607,0.192774
737,RL,0,BSDF Heavy,0.215054,Low,0,Low,0,3.25954,722.614,6.58426,0.0659179,0.192764
738,RL,0,BSDF Heavy,0.963593,Low,0,Low,0,3.23283,715.675,6.57462,0.0653385,0.192755
739,RL,0,BSDF Heavy,-0.492954,Low,0,Low,0,3.24797,719.217,6.57955,0.0657988,0.192745
740,RL,0,BSDF Heavy,-0.640202,Low,0,Low,0,3.27013,723.842,6.58595,0.0660148,0.192735
741,RL,0,BSDF Heavy,0.541449,Low,0,Low,0,3.2479,719.928,6.58054,0.0659817,0.192726
742,RL,0,BSDF Heavy,-0.162554,Low,0,Low,0,3.25821,721.101,6.58217,0.0657781,0.192716
743,RL,0,BSDF Heavy,-0.38867,Low,0,Low,0,3.26801,723.913,6.58605,0.0662322,0.192706
744,RL,0,BSDF Heavy,0.619507,Low,0,Low,0,3.24678,719.436,6.57986,0.0656505,0.192697
745,RL,0,BSDF Heavy,0.264072,Low,0,Low,0,3.24562,717.536,6.57722,0.0659072,0.192687
746,RL,0,BSDF Heavy,-0.468683,Low,0,Low,0,3.25409,720.912,6.5819,0.0657074,0.192677
747,RL,0,BSDF Heavy,-0.53587,Low,0,Low,0,3.27448,724.791,6.58726,0.0657911,0.192668
748,RL,0,BSDF Heavy,0.860834,Low,0,Low,0,3.24476,718.57,6.57865,0.0655936,0.192658
749,RL,0,BSDF Heavy,-0.0982761,Low,0,Low,0,3.24886,719.277,6.57964,0.0657266,0.192649
750,RL,0,BSDF Heavy,0.0713348,Low,0,Low,0,3.2472,718.763,6.57892,0.0660355,0.192639
751,RL,0,BSDF Heavy,-0.553846,Low,0,Low,0,3.26242,722.761,6.58446,0.0654615,0.192629
752,RL,0,BSDF Heavy,0.513172,Low,0,Low,0,3.24419,719.056,6.57933,0.0658103,0.19262
753,RL,0,BSDF Heavy,-0.332832,Low,0,Low,0,3.25703,721.457,6.58266,0.0660194,0.19261
754,RL,0,BSDF Heavy,0.0862598,Low,0,Low,0,3.25635,720.834,6.5818,0.0657888,0.1926
755,RL,0,BSDF Heavy,0.669718,Low,0,Low,0,3.23553,716.016,6.5751,0.0659825,0.192591
756,RL,0,BSDF Heavy,-1,Low,0,Low,0,3.28336,727.243,6.59063,0.065964,0.192581
757,RL,0,BSDF Heavy,0.414562,Low,0,Low,0,3.26841,724.23,6.58649,0.0655767,0.192571
758,RL,0,BSDF Heavy,0.630856,Low,0,Low,0,3.25064,719.669,6.58018,0.0657535,0.192562
759,RL,0,BSDF Heavy,-0.668144,Low,0,Low,0,3.27412,724.5,6.58686,0.065941,0.192552
760,RL,0,BSDF Heavy,0.0987053,Low,0,Low,0,3.2718,723.785,6.58587,0.0665642,0.192543
761,RL,0,BSDF Heavy,0.364017,Low,0,Low,0,3.25467,721.151,6.58223,0.0659325,0.192533
762,RL,0,BSDF Heavy,0.0966549,Low,0,Low,0,3.25885,720.453,6.58127,0.0660301,0.192523
763,RL,0,BSDF Heavy,-1,Low,0,Low,0,3.29162,728.4,6.59222,0.066117,0.192514
764,RL,0,BSDF Heavy,1,Low,0,Low,0,3.24009,717.489,6.57715,0.0655283,0.192504
765,RL,0,BSDF Heavy,-0.128746,Low,0,Low,0,3.24603,718.414,6.57844,0.0657435,0.192494
766,RL,0,BSDF Heavy,-1,Low,0,Low,0,3.27544,725.875,6.58876,0.0659648,0.192485
767,RL,0,BSDF Heavy,0.11487,Low,0,Low,0,3.27801,725.041,6.58761,0.0662499,0.192475
768,RL,0,Balanced,0.0852108,Low,0,Low,0,3.26959,724.422,6.58675,0.065609,0.192466
769,RL,0,Balanced,0.946426,Low,0,Low,0,3.23826,717.589,6.57729,0.0630331,0.192456
770,RL,0,Balanced,-0.636148,Low,0,Low,0,3.25763,722.175,6.58365,0.0628994,0.192446
771,RL,0,Balanced,0.309277,Low,0,Low,0,3.24788,719.942,6.58056,0.0627572,0.192437
772,RL,0,Balanced,-0.67234,Low,0,Low,0,3.26923,724.806,6.58728,0.0628902,0.192427
773,RL,0,Balanced,0.40431,Low,0,Low,0,3.25644,721.877,6.58324,0.0628372,0.192417
774,RL,0,Balanced,0.0809669,Low,0,Low,0,3.24967,721.292,6.58243,0.0623192,0.192408
775,RL,0,Balanced,0.557566,Low,0,Low,0,3.23264,717.276,6.57685,0.0623991,0.192398
776,RL,0,Balanced,0.47164,Low,0,Low,0,3.22182,713.896,6.57214,0.0625452,0.192389
777,RL,0,Balanced,-0.581217,Low,0,Low,0,3.23652,718.063,6.57795,0.0626896,0.192379
778,RL,0,Balanced,-1,Low,0,Low,0,3.2786,726.043,6.58899,0.0630639,0.192369
779,RL,0,Balanced,1,Low,0,Low,0,3.23875,718.122,6.57803,0.0626335,0.19236
780,RL,0,Balanced,-0.686264,Low,0,Low,0,3.25932,723.074,6.58489,0.0625659,0.19235
781,RL,0,Balanced,0.298452,Low,0,Low,0,3.24817,720.916,6.58191,0.0625936,0.192341
782,RL,0,Balanced,1,Low,0,Low,0,3.21601,712.687,6.57044,0.062509,0.192331
783,RL,0,Balanced,-0.507307,Low,0,Low,0,3.23033,716.317,6.57552,0.0623807,0.192321
784,RL,0,Balanced,-0.856256,Low,0,Low,0,3.26029,722.485,6.58408,0.0630185,0.192312
785,RL,0,Balanced,0.667572,Low,0,Low,0,3.23371,717.672,6.5774,0.0626243,0.192302
786,RL,0,Balanced,-0.079155,Low,0,Low,0,3.24467,718.241,6.5782,0.062373,0.192292
787,RL,0,Balanced,-0.389433,Low,0,Low,0,3.25694,721.047,6.58209,0.0627542,0.192283
788,RL,0,Balanced,-0.185966,Low,0,Low,0,3.26103,722.391,6.58395,0.0629317,0.192273
789,RL,0,Balanced,0.322723,Low,0,Low,0,3.24753,720.06,6.58072,0.0627534,0.192264
790,RL,0,Balanced,-1,Low,0,Low,0,3.2824,727.968,6.59163,0.0627035,0.192254
791,RL,0,Balanced,1,Low,0,Low,0,3.23328,715.589,6.5745,0.0627449,0.192244
792,RL,0,Balanced,-0.666618,Low,0,Low,0,3.25021,720.382,6.58117,0.0623261,0.192235
793,RL,0,Balanced,0.901031,Low,0,Low,0,3.22013,713.911,6.57216,0.0624721,0.192225
794,RL,0,Balanced,-1,Low,0,Low,0,3.25982,721.898,6.58327,0.0626804,0.192216
795,RL,0,Balanced,0.212622,Low,0,Low,0,3.24806,720.363,6.58114,0.0624222,0.192206
796,RL,0,Balanced,0.508738,Low,0,Low,0,3.23678,716.702,6.57606,0.0631676,0.192196
797,RL,0,Balanced,-0.484467,Low,0,Low,0,3.24619,720.188,6.5809,0.0625682,0.192187
798,RL,0,Balanced,0.539732,Low,0,Low,0,3.2335,716.306,6.5755,0.0629432,0.192177
799,RL,0,Balanced,-0.148153,Low,0,Low,0,3.235,717.369,6.57698,0.0623876,0.192168
800,RL,0,Balanced,-0.342083,Low,0,Low,0,3.24323,719.831,6.5804,0.0624076,0.192158
801,RL,0,Balanced,-0.575066,Low,0,Low,0,3.26657,723.988,6.58616,0.0628195,0.192148
802,RL,0,Balanced,0.239563,Low,0,Low,0,3.25463,722.253,6.58376,0.0628149,0.192139
803,RL,0,Balanced,-0.864029,Low,0,Low,0,3.28229,728.53,6.5924,0.0628187,0.192129
804,RL,0,Balanced,0.836897,Low,0,Low,0,3.25611,722.45,6.58403,0.0628779,0.192119
805,RL,0,Balanced,0.797653,Low,0,Low,0,3.23384,716.702,6.57605,0.0623392,0.19211
806,RL,0,Balanced,0.642014,Low,0,Low,0,3.2151,712.109,6.56963,0.062778,0.1921
807,RL,0,Balanced,-1,Low,0,Low,0,3.25787,722.313,6.58384,0.0628725,0.192091
808,RL,0,Balanced,0.0496387,Low,0,Low,0,3.25817,721.954,6.58335,0.0623776,0.192081
809,RL,0,Balanced,1,Low,0,Low,0,3.218,713.366,6.57139,0.0626128,0.192071
810,RL,0,Balanced,-1,Low,0,Low,0,3.24961,721.14,6.58222,0.0623307,0.192062
811,RL,0,Balanced,0.85001,Low,0,Low,0,3.22429,715.028,6.57372,0.0628064,0.192052
812,RL,0,Balanced,-0.682735,Low,0,Low,0,3.2464,719.933,6.58055,0.0628571,0.192043
813,RL,0,Balanced,-0.704622,Low,0,Low,0,3.27153,725.03,6.58759,0.0630669,0.192033
814,RL,0,Balanced,0.195312,Low,0,Low,0,3.2648,723.614,6.58564,0.0629609,0.192023
815,RL,0,Balanced,1,Low,0,Low,0,3.23001,716.172,6.57532,0.0624199,0.192014
816,RL,0,BSDF Heavy,-0.097847,Low,0,Low,0,3.23485,716.875,6.57629,0.0627465,0.192004
817,RL,0,BSDF Heavy,-0.159216,Low,0,Low,0,3.24549,718.018,6.57789,0.065546,0.191995
818,RL,0,BSDF Heavy,-0.394535,Low,0,Low,0,3.25709,720.861,6.58183,0.0660647,0.191985
819,RL,0,BSDF Heavy,0.208187,Low,0,Low,0,3.24423,719.36,6.57975,0.0657419,0.191975
820,RL,0,BSDF Heavy,0.34256,Low,0,Low,0,3.23999,716.896,6.57632,0.0659464,0.191966
821,RL,0,BSDF Heavy,-0.241709,Low,0,Low,0,3.24838,718.633,6.57874,0.065815,0.191956
822,RL,0,BSDF Heavy,-0.254583,Low,0,Low,0,3.25096,720.468,6.58129,0.0658419,0.191947
823,RL,0,BSDF Heavy,-0.222635,Low,0,Low,0,3.26446,722.076,6.58351,0.0656259,0.191937
824,RL,0,BSDF Heavy,0.244045,Low,0,Low,0,3.25325,720.313,6.58107,0.0657881,0.191927
825,RL,0,BSDF Heavy,0.539303,Low,0,Low,0,3.24141,716.434,6.57568,0.0656098,0.191918
826,RL,0,BSDF Heavy,-0.361347,Low,0,Low,0,3.24803,719.031,6.57929,0.0658749,0.191908
827,RL,0,BSDF Heavy,1,Low,0,Low,0,3.20971,709.811,6.56641,0.0657127,0.191899
828,RL,0,BSDF Heavy,-0.653219,Low,0,Low,0,3.22892,714.469,6.57294,0.0658718,0.191889
829,RL,0,BSDF Heavy,0.416756,Low,0,Low,0,3.21742,711.494,6.56877,0.0657266,0.191879
830,RL,0,BSDF Heavy,-0.254059,Low,0,Low,0,3.22083,713.306,6.57131,0.0657396,0.19187
831,RL,0,BSDF Heavy,-1,Low,0,Low,0,3.25437,720.649,6.58154,0.0658841,0.19186
832,RL,0,Balanced,-0.0290871,Low,0,Low,0,3.25791,720.859,6.58183,0.066044,0.191851
833,RL,0,Balanced,-0.0277519,Low,0,Low,0,3.25236,721.059,6.58211,0.0627058,0.191841
834,RL,0,Balanced,0.424194,Low,0,Low,0,3.24313,718.003,6.57787,0.0626658,0.191831
835,RL,0,Balanced,-0.232124,Low,0,Low,0,3.24508,719.674,6.58019,0.0626658,0.191822
836,RL,0,Balanced,0.506449,Low,0,Low,0,3.23308,716.033,6.57512,0.0629094,0.191812
837,RL,0,Balanced,0.34647,Low,0,Low,0,3.21913,713.553,6.57166,0.0622731,0.191803
838,RL,0,Balanced,-1,Low,0,Low,0,3.26681,724.402,6.58673,0.0628887,0.191793
839,RL,0,Balanced,0.75407,Low,0,Low,0,3.24235,718.953,6.57919,0.062496,0.191784
840,RL,0,Balanced,-0.666761,Low,0,Low,0,3.26636,723.769,6.58585,0.0628579,0.191774
841,RL,0,Balanced,-1,Low,0,Low,0,3.29813,731.555,6.59654,0.0626635,0.191764
842,RL,0,Balanced,1,Low,0,Low,0,3.23089,717.214,6.57677,0.0626166,0.191755
843,RL,0,Balanced,-0.399113,Low,0,Low,0,3.24853,720.086,6.58076,0.0623576,0.191745
844,RL,0,Balanced,-0.675392,Low,0,Low,0,3.26638,724.972,6.58751,0.0626643,0.191736
845,RL,0,Balanced,0.838089,Low,0,Low,0,3.245,718.913,6.57913,0.0628187,0.191726
846,RL,0,Balanced,-0.158501,Low,0,Low,0,3.24633,720.056,6.58072,0.0626604,0.191716
847,RL,0,Balanced,-0.163269,Low,0,Low,0,3.24852,721.234,6.58235,0.0624844,0.191707
848,RL,0,Balanced,0.129128,Low,0,Low,0,3.24889,720.302,6.58106,0.062579,0.191697
849,RL,0,Balanced,0.136852,Low,0,Low,0,3.24625,719.315,6.57969,0.0625997,0.191688
850,RL,0,Balanced,0.228119,Low,0,Low,0,3.23481,717.674,6.57741,0.062592,0.191678
851,RL,0,Balanced,-1,Low,0,Low,0,3.28264,726.727,6.58993,0.0629109,0.191669
852,RL,0,Balanced,0.178289,Low,0,Low,0,3.27585,725.431,6.58814,0.0628502,0.191659
853,RL,0,Balanced,0.705004,Low,0,Low,0,3.24977,720.327,6.58109,0.0628571,0.191649
854,RL,0,Balanced,-0.405025,Low,0,Low,0,3.26061,723.255,6.58514,0.0628064,0.19164
855,RL,0,Balanced,0.551033,Low,0,Low,0,3.24442,719.275,6.57963,0.0625759,0.19163
856,RL,0,Balanced,0.114298,Low,0,Low,0,3.23939,718.452,6.57849,0.0625813,0.191621
857,RL,0,Balanced,-0.298643,Low,0,Low,0,3.2546,720.604,6.58148,0.0629409,0.191611
858,RL,0,Balanced,-0.381756,Low,0,Low,0,3.26541,723.364,6.58529,0.0628203,0.191601
859,RL,0,Balanced,0.700855,Low,0,Low,0,3.24261,718.305,6.57829,0.0625367,0.191592
860,RL,0,Balanced,0.327396,Low,0,Low,0,3.22984,715.954,6.57501,0.0627273,0.191582
861,RL,0,Balanced,-0.0976562,Low,0,Low,0,3.2321,716.654,6.57599,0.0625175,0.191573
862,RL,0,Balanced,-0.427437,Low,0,Low,0,3.24305,719.728,6.58026,0.062529,0.191563
863,RL,0,Balanced,0.244617,Low,0,Low,0,3.23519,717.968,6.57782,0.0625613,0.191554
864,RL,0,Balanced,0.723886,Low,0,Low,0,3.21947,712.782,6.57058,0.062685,0.191544
865,RL,0,Balanced,-1,Low,0,Low,0,3.25562,721.577,6.58282,0.0624714,0.191534
866,RL,0,Balanced,0.72093,Low,0,Low,0,3.23186,716.386,6.57561,0.0628956,0.191525
867,RL,0,Balanced,0.0562668,Low,0,Low,0,3.23534,715.983,6.57505,0.0630177,0.191515
868,RL,0,Balanced,-0.648642,Low,0,Low,0,3.25146,720.649,6.58154,0.0627104,0.191506
869,RL,0,Balanced,0.51384,Low,0,Low,0,3.23493,716.95,6.5764,0.0626366,0.191496
870,RL,0,Balanced,0.166416,Low,0,Low,0,3.22962,715.756,6.57474,0.0622577,0.191487
871,RL,0,Balanced,0.473595,Low,0,Low,0,3.21588,712.37,6.57,0.0622877,0.191477
872,RL,0,Balanced,-1,Low,0,Low,0,3.25416,722.146,6.58361,0.062529,0.191467
873,RL,0,Balanced,0.668812,Low,0,Low,0,3.23715,717.326,6.57692,0.062758,0.191458
874,RL,0,Balanced,-0.762844,Low,0,Low,0,3.26159,722.827,6.58455,0.0629132,0.191448
875,RL,0,Balanced,0.75655,Low,0,Low,0,3.23556,717.371,6.57699,0.0626158,0.191439
876,RL,0,Balanced,-0.820112,Low,0,Low,0,3.2631,723.287,6.58519,0.0630915,0.191429
877,RL,0,Balanced,0.547886,Low,0,Low,0,3.24438,719.33,6.57971,0.06229,0.19142
878,RL,0,Balanced,-0.250292,Low,0,Low,0,3.24844,721.135,6.58221,0.0623576,0.19141
879,RL,0,Balanced,0.334978,Low,0,Low,0,3.24448,718.719,6.57886,0.0627834,0.1914
880,RL,0,Light Heavy,-1,Low,0,Low,0,3.27769,727.689,6.59125,0.0622754,0.191391
881,RL,0,Light Heavy,1,Low,0,Low,0,3.23583,718.596,6.57869,0.0575655,0.191381
882,RL,0,Light Heavy,0.729847,Low,0,Low,0,3.21415,713.363,6.57139,0.0574818,0.191372
883,RL,0,Light Heavy,-0.250578,Low,0,Low,0,3.21998,715.156,6.5739,0.0574118,0.191362
884,RL,0,Light Heavy,-0.766611,Low,0,Low,0,3.2428,720.667,6.58156,0.0572958,0.191353
885,RL,0,Light Heavy,0.775385,Low,0,Low,0,3.22252,715.093,6.57381,0.0577561,0.191343
886,RL,0,Light Heavy,-0.466442,Low,0,Low,0,3.23764,718.441,6.57847,0.057647,0.191333
887,RL,0,Light Heavy,0.401306,Low,0,Low,0,3.22673,715.56,6.57446,0.0577438,0.191324
888,RL,0,Light Heavy,-0.859642,Low,0,Low,0,3.249,721.746,6.58306,0.0576593,0.191314
889,RL,0,Light Heavy,0.459671,Low,0,Low,0,3.23438,718.431,6.57846,0.0577469,0.191305
890,RL,0,Light Heavy,0.128078,Low,0,Low,0,3.2341,717.511,6.57718,0.0577484,0.191295
891,RL,0,Light Heavy,-0.480843,Low,0,Low,0,3.25123,720.974,6.58199,0.0574349,0.191286
892,RL,0,Light Heavy,1,Low,0,Low,0,3.21171,712.28,6.56987,0.0573672,0.191276
893,RL,0,Light Heavy,-0.090456,Low,0,Low,0,3.21061,712.925,6.57078,0.0575286,0.191266
894,RL,0,Light Heavy,-1,Low,0,Low,0,3.25326,722.691,6.58436,0.0578598,0.191257
895,RL,0,Light Heavy,-0.959873,Low,0,Low,0,3.2824,729.671,6.59396,0.0575663,0.191247
896,RL,0,BSDF Heavy,0.550747,Low,0,Low,0,3.27143,725.658,6.58846,0.0580081,0.191238
897,RL,0,BSDF Heavy,0.488853,Low,0,Low,0,3.25862,722.114,6.58357,0.0657911,0.191228
898,RL,0,BSDF Heavy,0.478268,Low,0,Low,0,3.24676,718.664,6.57878,0.0661001,0.191219
899,RL,0,BSDF Heavy,-0.199652,Low,0,Low,0,3.25272,720.102,6.58078,0.0657504,0.191209
900,RL,0,BSDF Heavy,-0.00209808,Low,0,Low,0,3.24774,720.118,6.5808,0.0655644,0.191199
901,RL,0,BSDF Heavy,0.83189,Low,0,Low,0,3.22721,714.143,6.57248,0.0657758,0.19119
902,RL,0,BSDF Heavy,-0.153399,Low,0,Low,0,3.22959,715.241,6.57402,0.0656482,0.19118
903,RL,0,BSDF Heavy,-0.533772,Low,0,Low,0,3.24018,719.075,6.57935,0.0657888,0.191171
904,RL,0,BSDF Heavy,-0.0378132,Low,0,Low,0,3.24973,719.347,6.57973,0.0660885,0.191161
905,RL,0,BSDF Heavy,0.294399,Low,0,Low,0,3.23818,717.229,6.57679,0.0655844,0.191152
906,RL,0,BSDF Heavy,-0.64435,Low,0,Low,0,3.26164,721.872,6.58323,0.0656128,0.191142
907,RL,0,BSDF Heavy,0.325632,Low,0,Low,0,3.247,719.522,6.57998,0.0659671,0.191133
908,RL,0,BSDF Heavy,-0.0506401,Low,0,Low,0,3.24707,719.887,6.58048,0.065506,0.191123
909,RL,0,BSDF Heavy,0.0863075,Low,0,Low,0,3.24948,719.265,6.57962,0.0659879,0.191113
910,RL,0,BSDF Heavy,-0.185156,Low,0,Low,0,3.25802,720.6,6.58147,0.0661354,0.191104
911,RL,0,BSDF Heavy,0.424957,Low,0,Low,0,3.24029,717.54,6.57722,0.0655452,0.191094
912,RL,0,Light Heavy,-0.648022,Low,0,Low,0,3.25865,722.212,6.5837,0.0658903,0.191085
913,RL,0,Light Heavy,0.476027,Low,0,Low,0,3.23983,718.777,6.57894,0.0579536,0.191075
914,RL,0,Light Heavy,-0.740862,Low,0,Low,0,3.25962,724.129,6.58635,0.0573911,0.191066
915,RL,0,Light Heavy,0.51713,Low,0,Low,0,3.24449,720.389,6.58118,0.0577438,0.191056
916,RL,0,Light Heavy,0.0815392,Low,0,Low,0,3.24245,719.801,6.58036,0.0576554,0.191047
917,RL,0,Light Heavy,0.108337,Low,0,Low,0,3.23896,719.021,6.57928,0.0572381,0.191037
918,RL,0,Light Heavy,0.0686646,Low,0,Low,0,3.23653,718.526,6.57859,0.05766,0.191028
919,RL,0,Light Heavy,-0.869751,Low,0,Low,0,3.26169,724.812,6.58729,0.0577015,0.191018
920,RL,0,Light Heavy,0.760174,Low,0,Low,0,3.23699,719.315,6.57969,0.0576231,0.191008
921,RL,0,Light Heavy,1,Low,0,Low,0,3.20604,710.769,6.56775,0.0576024,0.190999
922,RL,0,Light Heavy,-0.8986,Low,0,Low,0,3.22812,717.194,6.57674,0.0574418,0.190989
923,RL,0,Light Heavy,-0.187778,Low,0,Low,0,3.23572,718.544,6.57862,0.0576278,0.19098
924,RL,0,Light Heavy,0.447321,Low,0,Low,0,3.22432,715.332,6.57414,0.0578552,0.19097
925,RL,0,Light Heavy,-0.514221,Low,0,Low,0,3.23868,719.025,6.57929,0.0576016,0.190961
926,RL,0,Light Heavy,0.324011,Low,0,Low,0,3.23168,716.696,6.57605,0.057856,0.190951
927,RL,0,Light Heavy,-0.159264,Low,0,Low,0,3.23697,717.84,6.57764,0.0575717,0.190942
928,RL,0,Light Heavy,-0.378847,Low,0,Low,0,3.24519,720.568,6.58143,0.0575647,0.190932
929,RL,0,Light Heavy,0.0199795,Low,0,Low,0,3.24431,720.424,6.58123,0.0579321,0.190922
930,RL,0,Light Heavy,0.404406,Low,0,Low,0,3.22964,717.513,6.57718,0.0575509,0.190913
931,RL,0,Light Heavy,-0.134373,Low,0,Low,0,3.23617,718.479,6.57853,0.0579567,0.190903
932,RL,0,Light Heavy,0.626516,Low,0,Low,0,3.22331,713.985,6.57226,0.0578468,0.190894
933,RL,0,Light Heavy,-0.804996,Low,0,Low,0,3.24374,719.764,6.58031,0.0579052,0.190884
934,RL,0,Light Heavy,-0.595284,Low,0,Low,0,3.2593,724.067,6.58626,0.0578122,0.190875
935,RL,0,Light Heavy,1,Low,0,Low,0,3.22849,716.801,6.57619,0.0574364,0.190865
936,RL,0,Light Heavy,-1,Low,0,Low,0,3.27515,726.843,6.59009,0.0575809,0.190856
937,RL,0,Light Heavy,1,Low,0,Low,0,3.23847,719.06,6.57934,0.0577676,0.190846
938,RL,0,Light Heavy,-0.649834,Low,0,Low,0,3.25577,723.755,6.58583,0.0577899,0.190837
939,RL,0,Light Heavy,0.663328,Low,0,Low,0,3.24185,718.963,6.5792,0.0575932,0.190827
940,RL,0,Light Heavy,-0.282574,Low,0,Low,0,3.24536,721,6.58203,0.057949,0.190817
941,RL,0,Light Heavy,0.420761,Low,0,Low,0,3.23645,717.969,6.57782,0.0577108,0.190808
942,RL,0,Light Heavy,0.421,Low,0,Low,0,3.22039,714.949,6.57361,0.0573603,0.190798
943,RL,0,Light Heavy,-0.607252,Low,0,Low,0,3.24062,719.31,6.57968,0.0576854,0.190789
944,RL,0,BSDF Heavy,0.400448,Low,0,Low,0,3.22658,716.431,6.57568,0.0574157,0.190779
945,RL,0,BSDF Heavy,-0.698948,Low,0,Low,0,3.25556,721.463,6.58267,0.0659771,0.19077
946,RL,0,BSDF Heavy,0.442743,Low,0,Low,0,3.24131,718.271,6.57824,0.0658964,0.19076
947,RL,0,BSDF Heavy,0.00152588,Low,0,Low,0,3.24658,718.26,6.57822,0.0662192,0.190751
948,RL,0,BSDF Heavy,-1,Low,0,Low,0,3.27714,725.975,6.58889,0.065901,0.190741
949,RL,0,BSDF Heavy,0.318432,Low,0,Low,0,3.26768,723.664,6.58571,0.0658818,0.190732
950,RL,0,BSDF Heavy,1,Low,0,Low,0,3.23217,715.91,6.57495,0.0658488,0.190722
951,RL,0,BSDF Heavy,-0.254107,Low,0,Low,0,3.24647,717.734,6.57749,0.0660662,0.190713
952,RL,0,BSDF Heavy,-0.931549,Low,0,Low,0,3.26632,724.461,6.58681,0.0658449,0.190703
953,RL,0,BSDF Heavy,0.325298,Low,0,Low,0,3.26404,722.105,6.58355,0.0660839,0.190693
954,RL,0,BSDF Heavy,-0.520754,Low,0,Low,0,3.27807,725.88,6.58876,0.0658534,0.190684
955,RL,0,BSDF Heavy,1,Low,0,Low,0,3.23779,716.665,6.576,0.0660901,0.190674
956,RL,0,BSDF Heavy,-0.604153,Low,0,Low,0,3.25701,721.014,6.58204,0.0660355,0.190665
957,RL,0,BSDF Heavy,0.10643,Low,0,Low,0,3.25637,720.246,6.58098,0.0659663,0.190655
958,RL,0,BSDF Heavy,-0.335979,Low,0,Low,0,3.26071,722.673,6.58434,0.0657719,0.190646
959,RL,0,BSDF Heavy,0.294924,Low,0,Low,0,3.25328,720.542,6.58139,0.0655498,0.190636
960,RL,0,BSDF Heavy,0.390625,Low,0,Low,0,3.23828,717.729,6.57748,0.0657688,0.190627
961,RL,0,BSDF Heavy,-0.885391,Low,0,Low,0,3.27276,724.121,6.58634,0.0661677,0.190617
962,RL,0,BSDF Heavy,0.571156,Low,0,Low,0,3.24858,719.991,6.58063,0.0657381,0.190608
963,RL,0,BSDF Heavy,0.0549793,Low,0,Low,0,3.25472,719.595,6.58008,0.0662706,0.190598
964,RL,0,BSDF Heavy,0.0561714,Low,0,Low,0,3.24894,719.19,6.57952,0.0660194,0.190589
965,RL,0,BSDF Heavy,-0.935125,Low,0,Low,0,3.27744,725.957,6.58887,0.0660855,0.190579
966,RL,0,BSDF Heavy,0.839281,Low,0,Low,0,3.25039,719.881,6.58047,0.0659594,0.19057
967,RL,0,BSDF Heavy,-0.125027,Low,0,Low,0,3.25384,720.783,6.58172,0.0655929,0.19056
968,RL,0,BSDF Heavy,0.243425,Low,0,Low,0,3.24349,719.028,6.57929,0.0654945,0.190551
969,RL,0,BSDF Heavy,0.778341,Low,0,Low,0,3.22478,713.445,6.57151,0.065805,0.190541
970,RL,0,BSDF Heavy,-0.804043,Low,0,Low,0,3.24314,719.213,6.57955,0.065599,0.190531
971,RL,0,BSDF Heavy,0.415564,Low,0,Low,0,3.2365,716.226,6.57539,0.0654353,0.190522
972,RL,0,BSDF Heavy,-0.278854,Low,0,Low,0,3.24895,718.229,6.57818,0.0659241,0.190512
973,RL,0,BSDF Heavy,-0.601006,Low,0,Low,0,3.26138,722.565,6.58419,0.0661708,0.190503
974,RL,0,BSDF Heavy,0.0384331,Low,0,Low,0,3.25796,722.286,6.58381,0.0658311,0.190493
975,RL,0,BSDF Heavy,-0.169849,Low,0,Low,0,3.26959,723.516,6.5855,0.0662161,0.190484
976,RL,0,Balanced,0.832081,Low,0,Low,0,3.24022,717.513,6.57718,0.066024,0.190474
977,RL,0,Balanced,-0.292683,Low,0,Low,0,3.24236,719.619,6.58011,0.0624437,0.190465
978,RL,0,Balanced,0.113106,Low,0,Low,0,3.24156,718.804,6.57898,0.0624053,0.190455
979,RL,0,Balanced,-0.999498,Low,0,Low,0,3.27147,726.035,6.58897,0.0628894,0.190446
980,RL,0,Balanced,-0.0811577,Low,0,Low,0,3.27669,726.625,6.58979,0.0627795,0.190436
981,RL,0,Balanced,1,Low,0,Low,0,3.24262,718.543,6.57862,0.0628164,0.190427
982,RL,0,Balanced,-0.572348,Low,0,Low,0,3.2591,722.673,6.58434,0.0626973,0.190417
983,RL,0,Balanced,-0.396776,Low,0,Low,0,3.26872,725.55,6.58831,0.062416,0.190408
984,RL,0,Balanced,0.755787,Low,0,Low,0,3.24827,720.08,6.58075,0.0627526,0.190398
985,RL,0,Balanced,-0.593138,Low,0,Low,0,3.26784,724.369,6.58668,0.0629686,0.190389
986,RL,0,Balanced,1,Low,0,Low,0,3.21303,711.352,6.56857,0.0625659,0.190379
987,RL,0,Balanced,-1,Low,0,Low,0,3.25462,722.356,6.5839,0.0628771,0.19037
988,RL,0,Balanced,0.20647,Low,0,Low,0,3.25072,720.864,6.58184,0.0626389,0.19036
989,RL,0,Balanced,-0.0481606,Low,0,Low,0,3.25604,721.212,6.58232,0.0627795,0.190351
990,RL,0,Balanced,-0.625086,Low,0,Low,0,3.26997,725.74,6.58857,0.0625851,0.190341
991,RL,0,Balanced,0.880527,Low,0,Low,0,3.24076,719.369,6.57976,0.062662,0.190332
992,RL,0,BSDF Heavy,-0.641584,Low,0,Low,0,3.26929,724.006,6.58618,0.0627572,0.190322
993,RL,0,BSDF Heavy,0.681734,Low,0,Low,0,3.24738,719.08,6.57936,0.0656175,0.190312
994,RL,0,BSDF Heavy,0.0156879,Low,0,Low,0,3.24719,718.967,6.57921,0.0657781,0.190303
995,RL,0,BSDF Heavy,-0.463486,Low,0,Low,0,3.25917,722.312,6.58384,0.0658019,0.190293
996,RL,0,BSDF Heavy,-0.482941,Low,0,Low,0,3.27541,725.813,6.58867,0.0657366,0.190284
997,RL,0,BSDF Heavy,1,Low,0,Low,0,3.23938,717.392,6.57701,0.0659955,0.190274
998,RL,0,BSDF Heavy,0.348854,Low,0,Low,0,3.23067,714.89,6.57353,0.0658465,0.190265
999,RL,0,BSDF Heavy,-1,Low,0,Low,0,3.26844,723.217,6.58509,0.0662153,0.190255
1000,RL,0,BSDF Heavy,0.875044,Low,0,Low,0,3.23746,716.908,6.57634,0.0657504,0.190246
1001,RL,0,BSDF Heavy,-0.19083,Low,0,Low,0,3.24383,718.279,6.57825,0.0659809,0.190236
1002,RL,0,BSDF Heavy,-0.0742912,Low,0,Low,0,3.24347,718.814,6.57899,0.0656851,0.190227
1003,RL,0,BSDF Heavy,-0.137281,Low,0,Low,0,3.25018,719.802,6.58037,0.0659356,0.190217
1004,RL,0,BSDF Heavy,0.357151,Low,0,Low,0,3.23661,717.233,6.57679,0.0656843,0.190208
1005,RL,0,BSDF Heavy,-0.157833,Low,0,Low,0,3.24547,718.367,6.57837,0.0657458,0.190198
1006,RL,0,BSDF Heavy,-0.307655,Low,0,Low,0,3.25312,720.584,6.58145,0.0660893,0.190189
1007,RL,0,BSDF Heavy,-0.0201225,Low,0,Low,0,3.25605,720.729,6.58165,0.0657458,0.190179
1008,RL,0,BSDF Heavy,0.0890732,Low,0,Low,0,3.25262,720.087,6.58076,0.0661354,0.19017
1009,RL,0,BSDF Heavy,-0.342512,Low,0,Low,0,3.26715,722.56,6.58418,0.0662276,0.19016
1010,RL,0,BSDF Heavy,-0.169468,Low,0,Low,0,3.26645,723.788,6.58588,0.0654914,0.190151
1011,RL,0,BSDF Heavy,-0.140667,Low,0,Low,0,3.27328,724.808,6.58729,0.0655852,0.190141
1012,RL,0,BSDF Heavy,0.841188,Low,0,Low,0,3.24872,718.728,6.57887,0.0656997,0.190132
1013,RL,0,BSDF Heavy,-0.0203133,Low,0,Low,0,3.25086,718.875,6.57908,0.0658011,0.190122
1014,RL,0,BSDF Heavy,-0.710392,Low,0,Low,0,3.26771,724.007,6.58618,0.065848,0.190113
1015,RL,0,BSDF Heavy,0.55294,Low,0,Low,0,3.25316,720.009,6.58065,0.0659018,0.190103
1016,RL,0,BSDF Heavy,0.316668,Low,0,Low,0,3.24537,717.729,6.57748,0.0659387,0.190094
1017,RL,0,BSDF Heavy,-1,Low,0,Low,0,3.28369,727.821,6.59143,0.0659833,0.190084
1018,RL,0,BSDF Heavy,0.461483,Low,0,Low,0,3.27233,724.465,6.58681,0.0659418,0.190075
1019,RL,0,BSDF Heavy,0.19722,Low,0,Low,0,3.26027,723.036,6.58484,0.065576,0.190065
1020,RL,0,BSDF Heavy,0.608301,Low,0,Low,0,3.25293,718.645,6.57876,0.0661123,0.190056
1021,RL,0,BSDF Heavy,0.107622,Low,0,Low,0,3.24186,717.871,6.57768,0.0658772,0.190046
1022,RL,0,BSDF Heavy,-0.102234,Low,0,Low,0,3.24052,718.607,6.5787,0.0657481,0.190037
1023,RL,0,BSDF Heavy,-0.763845,Low,0,Low,0,3.27022,724.124,6.58634,0.0658296,0.190027
1024,RL,0,BSDF Heavy,0.903654,Low,0,Low,0,3.23981,717.601,6.57731,0.065775,0.190018
1025,RL,0,BSDF Heavy,-1,Low,0,Low,0,3.27706,726.111,6.58908,0.0657158,0.190008
1026,RL,0,BSDF Heavy,0.184727,Low,0,Low,0,3.27024,724.769,6.58723,0.0657304,0.189999
1027,RL,0,BSDF Heavy,0.707626,Low,0,Low,0,3.2508,719.652,6.58016,0.0659018,0.189989
1028,RL,0,BSDF Heavy,0.39506,Low,0,Low,0,3.23859,716.81,6.57621,0.0660094,0.18998
1029,RL,0,BSDF Heavy,-0.251675,Low,0,Low,0,3.2468,718.619,6.57872,0.0658426,0.18997
1030,RL,0,BSDF Heavy,-0.153065,Low,0,Low,0,3.2506,719.721,6.58025,0.0655683,0.189961
1031,RL,0,BSDF Heavy,-0.874949,Low,0,Low,0,3.27895,726.055,6.589,0.0658572,0.189951
1032,RL,0,BSDF Heavy,0.711536,Low,0,Low,0,3.2552,720.9,6.58189,0.0661047,0.189942
1033,RL,0,BSDF Heavy,-0.757027,Low,0,Low,0,3.28371,726.386,6.58946,0.0662238,0.189932
1034,RL,0,BSDF Heavy,0.152016,Low,0,Low,0,3.27254,725.281,6.58794,0.0659817,0.189923
1035,RL,0,BSDF Heavy,0.855207,Low,0,Low,0,3.24479,719.096,6.57938,0.0656736,0.189913
1036,RL,0,BSDF Heavy,-0.502634,Low,0,Low,0,3.25648,722.725,6.58441,0.0657927,0.189904
1037,RL,0,BSDF Heavy,-0.523901,Low,0,Low,0,3.28021,726.526,6.58965,0.0657619,0.189894
1038,RL,0,BSDF Heavy,0.65794,Low,0,Low,0,3.26133,721.755,6.58307,0.0661661,0.189885
1039,RL,0,BSDF Heavy,-0.322771,Low,0,Low,0,3.26827,724.092,6.5863,0.0660547,0.189875
1040,RL,0,Light Heavy,0.686693,Low,0,Low,0,3.24658,719.13,6.57943,0.0657811,0.189866
1041,RL,0,Light Heavy,-0.0552177,Low,0,Low,0,3.23926,719.528,6.57998,0.0576593,0.189856
1042,RL,0,Light Heavy,-0.414944,Low,0,Low,0,3.25147,722.524,6.58413,0.0575125,0.189847
1043,RL,0,Light Heavy,0.429153,Low,0,Low,0,3.23828,719.425,6.57984,0.0574064,0.189837
1044,RL,0,Light Heavy,0.38228,Low,0,Low,0,3.22578,716.677,6.57602,0.0574464,0.189828
1045,RL,0,Light Heavy,0.287819,Low,0,Low,0,3.21972,714.614,6.57314,0.0574295,0.189818
1046,RL,0,Light Heavy,-0.763941,Low,0,Low,0,3.23926,720.102,6.58078,0.0577453,0.189809
1047,RL,0,Light Heavy,0.476074,Low,0,Low,0,3.22713,716.677,6.57602,0.0573565,0.189799
1048,RL,0,Light Heavy,0.421381,Low,0,Low,0,3.21925,713.659,6.57181,0.0579021,0.18979
1049,RL,0,Light Heavy,-0.987339,Low,0,Low,0,3.2468,720.75,6.58168,0.058105,0.18978
1050,RL,0,Light Heavy,0.240469,Low,0,Low,0,3.23959,719.016,6.57927,0.0577546,0.189771
1051,RL,0,Light Heavy,-0.0158787,Low,0,Low,0,3.23336,719.131,6.57943,0.0577876,0.189761
1052,RL,0,Light Heavy,-0.233126,Low,0,Low,0,3.24782,720.812,6.58176,0.0576208,0.189752
1053,RL,0,Light Heavy,0.50478,Low,0,Low,0,3.23305,717.177,6.57672,0.0577661,0.189742
1054,RL,0,Light Heavy,-0.322533,Low,0,Low,0,3.24096,719.497,6.57994,0.0574387,0.189733
1055,RL,0,Light Heavy,0.373602,Low,0,Low,0,3.22884,716.811,6.57621,0.057481,0.189723
1056,RL,0,Light Heavy,0.181818,Low,0,Low,0,3.22152,715.507,6.57439,0.0578775,0.189714
1057,RL,0,Light Heavy,-1,Low,0,Low,0,3.25892,723.963,6.58612,0.0577745,0.189704
1058,RL,0,Light Heavy,0.148296,Low,0,Low,0,3.25333,722.889,6.58464,0.057398,0.189695
1059,RL,0,Light Heavy,0.977755,Low,0,Low,0,3.22907,715.846,6.57486,0.057929,0.189685
1060,RL,0,Light Heavy,0.345039,Low,0,Low,0,3.21499,713.376,6.57141,0.0575071,0.189676
1061,RL,0,Light Heavy,-1,Low,0,Low,0,3.25562,723.397,6.58534,0.0577738,0.189667
1062,RL,0,Light Heavy,1,Low,0,Low,0,3.22627,715.5,6.57438,0.0575663,0.189657
1063,RL,0,Light Heavy,0.123215,Low,0,Low,0,3.22307,714.617,6.57315,0.057793,0.189648
1064,RL,0,Light Heavy,-1,Low,0,Low,0,3.26209,724.108,6.58632,0.0575901,0.189638
1065,RL,0,Light Heavy,0.328493,Low,0,Low,0,3.247,721.73,6.58304,0.0578399,0.189629
1066,RL,0,Light Heavy,0.399208,Low,0,Low,0,3.23786,718.85,6.57904,0.0573911,0.189619
1067,RL,0,Light Heavy,-0.709438,Low,0,Low,0,3.25871,723.976,6.58614,0.0578352,0.18961
1068,RL,0,Light Heavy,0.549269,Low,0,Low,0,3.24485,720.004,6.58065,0.0576109,0.1896
1069,RL,0,Light Heavy,0.705719,Low,0,Low,0,3.21911,714.934,6.57359,0.0576047,0.189591
1070,RL,0,Light Heavy,-0.773191,Low,0,Low,0,3.24251,720.491,6.58132,0.0572312,0.189581
1071,RL,0,Light Heavy,0.0927448,Low,0,Low,0,3.24268,719.822,6.58039,0.0578106,0.189572
1072,RL,0,Light Heavy,-0.266981,Low,0,Low,0,3.2508,721.749,6.58306,0.057743,0.189562
1073,RL,0,Light Heavy,0.0564575,Low,0,Low,0,3.25139,721.341,6.5825,0.0579851,0.189553
1074,RL,0,Light Heavy,0.106192,Low,0,Low,0,3.2428,720.575,6.58144,0.0575279,0.189543
1075,RL,0,Light Heavy,0.445843,Low,0,Low,0,3.23426,717.365,6.57698,0.0578514,0.189534
1076,RL,0,Light Heavy,-0.915051,Low,0,Low,0,3.26402,723.968,6.58613,0.0576677,0.189524
1077,RL,0,Light Heavy,-0.157595,Low,0,Low,0,3.2635,725.111,6.5877,0.0577131,0.189515
1078,RL,0,Light Heavy,0.575161,Low,0,Low,0,3.24605,720.947,6.58195,0.057952,0.189505
1079,RL,0,Light Heavy,0.312233,Low,0,Low,0,3.23609,718.697,6.57883,0.057856,0.189496
1080,RL,0,Light Heavy,-0.0225544,Low,0,Low,0,3.23514,718.859,6.57906,0.0575755,0.189486
1081,RL,0,Light Heavy,-0.301361,Low,0,Low,0,3.24794,721.032,6.58207,0.0577807,0.189477
1082,RL,0,Light Heavy,0.176668,Low,0,Low,0,3.24123,719.757,6.5803,0.0579167,0.189467
1083,RL,0,Light Heavy,0.312805,Low,0,Low,0,3.23056,717.506,6.57717,0.0575194,0.189458
1084,RL,0,Light Heavy,0.145864,Low,0,Low,0,3.23064,716.459,6.57572,0.0580112,0.189449
1085,RL,0,Light Heavy,-1,Low,0,Low,0,3.26264,724.063,6.58626,0.0578314,0.189439
1086,RL,0,Light Heavy,1,Low,0,Low,0,3.22412,716.205,6.57536,0.0576992,0.18943
1087,RL,0,Light Heavy,-0.848293,Low,0,Low,0,3.25458,722.315,6.58384,0.057919,0.18942
1088,RL,0,Light Heavy,1,Low,0,Low,0,3.22016,715.114,6.57384,0.0574326,0.189411
1089,RL,0,Light Heavy,-1,Low,0,Low,0,3.26956,726.662,6.58984,0.0577884,0.189401
1090,RL,0,Light Heavy,0.852489,Low,0,Low,0,3.24631,720.486,6.58131,0.0577937,0.189392
1091,RL,0,Light Heavy,0.483465,Low,0,Low,0,3.22576,717.006,6.57648,0.0577215,0.189382
1092,RL,0,Light Heavy,0.51012,Low,0,Low,0,3.21451,713.352,6.57138,0.0577077,0.189373
1093,RL,0,Light Heavy,-1,Low,0,Low,0,3.25689,722.046,6.58347,0.0580666,0.189363
1094,RL,0,Light Heavy,-0.163507,Low,0,Low,0,3.25688,723.229,6.58511,0.0580373,0.189354
1095,RL,0,Light Heavy,0.437212,Low,0,Low,0,3.24459,720.07,6.58074,0.0576024,0.189344
1096,RL,0,Light Heavy,0.2882,Low,0,Low,0,3.23732,717.995,6.57785,0.0577884,0.189335
1097,RL,0,Light Heavy,-0.876045,Low,0,Low,0,3.26171,724.321,6.58661,0.0577799,0.189325
1098,RL,0,Light Heavy,-0.133705,Low,0,Low,0,3.26468,725.292,6.58795,0.0575609,0.189316
1099,RL,0,Light Heavy,1,Low,0,Low,0,3.2218,715.185,6.57394,0.0577768,0.189306
1100,RL,0,Light Heavy,-1,Low,0,Low,0,3.25711,723.238,6.58512,0.0577146,0.189297
1101,RL,0,Light Heavy,0.415325,Low,0,Low,0,3.24384,720.237,6.58097,0.0576155,0.189288
1102,RL,0,Light Heavy,0.133038,Low,0,Low,0,3.23758,719.278,6.57964,0.0576915,0.189278
1103,RL,0,Light Heavy,-0.370073,Low,0,Low,0,3.2558,721.948,6.58334,0.0580589,0.189269
1104,RL,0,Light Heavy,0.977182,Low,0,Low,0,3.22458,714.918,6.57357,0.05772,0.189259
1105,RL,0,Light Heavy,-0.408888,Low,0,Low,0,3.22901,717.852,6.57765,0.0576262,0.18925
1106,RL,0,Light Heavy,-0.300598,Low,0,Low,0,3.24383,720.016,6.58066,0.0577361,0.18924
1107,RL,0,Light Heavy,0.480127,Low,0,Low,0,3.22984,716.562,6.57586,0.0577207,0.189231
1108,RL,0,Light Heavy,-0.630951,Low,0,Low,0,3.24504,721.104,6.58217,0.0577891,0.189221
1109,RL,0,Light Heavy,-0.144958,Low,0,Low,0,3.25156,722.151,6.58362,0.0575732,0.189212
1110,RL,0,Light Heavy,0.250816,Low,0,Low,0,3.24685,720.34,6.58111,0.0578514,0.189202
1111,RL,0,Light Heavy,-0.794697,Low,0,Low,0,3.26575,726.095,6.58906,0.0577984,0.189193
1112,RL,0,Light Heavy,0.42038,Low,0,Low,0,3.25756,723.045,6.58485,0.057783,0.189183
1113,RL,0,Light Heavy,0.284052,Low,0,Low,0,3.24176,720.991,6.58201,0.0572305,0.189174
1114,RL,0,Light Heavy,-0.286436,Low,0,Low,0,3.25926,723.062,6.58488,0.0579928,0.189165
1115,RL,0,Light Heavy,0.0769138,Low,0,Low,0,3.25603,722.506,6.58411,0.057909,0.189155
1116,RL,0,Light Heavy,0.426674,Low,0,Low,0,3.2382,719.425,6.57984,0.0576032,0.189146
1117,RL,0,Light Heavy,0.802279,Low,0,Low,0,3.2135,713.669,6.57182,0.0577292,0.189136
1118,RL,0,Light Heavy,-0.854349,Low,0,Low,0,3.23741,719.8,6.58036,0.0575486,0.189127
1119,RL,0,Light Heavy,-0.185156,Low,0,Low,0,3.24853,721.136,6.58221,0.0579613,0.189117
1120,RL,0,Light Heavy,0.373888,Low,0,Low,0,3.2354,718.441,6.57847,0.0576431,0.189108
1121,RL,0,Light Heavy,-0.412273,Low,0,Low,0,3.2495,721.413,6.5826,0.0574741,0.189098
1122,RL,0,Light Heavy,-0.00400543,Low,0,Low,0,3.2485,721.442,6.58264,0.0577815,0.189089
1123,RL,0,Light Heavy,-0.383711,Low,0,Low,0,3.26087,724.22,6.58647,0.0575594,0.189079
1124,RL,0,Light Heavy,0.869799,Low,0,Low,0,3.23165,717.939,6.57778,0.0574064,0.18907
1125,RL,0,Light Heavy,0.0554562,Low,0,Low,0,3.22753,717.541,6.57722,0.0571721,0.189061
1126,RL,0,Light Heavy,-0.0974178,Low,0,Low,0,3.23251,718.241,6.5782,0.0576723,0.189051
1127,RL,0,Light Heavy,-0.614929,Low,0,Low,0,3.25592,722.678,6.58435,0.0579528,0.189042
1128,RL,0,Light Heavy,0.188351,Low,0,Low,0,3.24707,721.316,6.58246,0.0575717,0.189032
1129,RL,0,Light Heavy,0.348186,Low,0,Low,0,3.24353,718.805,6.57898,0.0579828,0.189023
1130,RL,0,Light Heavy,0.554609,Low,0,Low,0,3.22314,714.824,6.57343,0.0578752,0.189013
1131,RL,0,Light Heavy,-1,Low,0,Low,0,3.25873,722.969,6.58475,0.0579282,0.189004
1132,RL,0,Light Heavy,1,Low,0,Low,0,3.21678,714.167,6.57252,0.0578422,0.188994
1133,RL,0,Light Heavy,-0.362968,Low,0,Low,0,3.23019,716.767,6.57615,0.0578545,0.188985
1134,RL,0,Light Heavy,-0.315666,Low,0,Low,0,3.23798,719.037,6.5793,0.0578575,0.188975
1135,RL,0,Light Heavy,-0.920391,Low,0,Low,0,3.26328,725.694,6.58851,0.0576992,0.188966
1136,RL,0,Balanced,1,Low,0,Low,0,3.23396,717.955,6.5778,0.0577891,0.188957
1137,RL,0,Balanced,0.105667,Low,0,Low,0,3.23728,717.195,6.57674,0.0626074,0.188947
1138,RL,0,Balanced,-0.804567,Low,0,Low,0,3.25837,722.997,6.58479,0.0624183,0.188938
1139,RL,0,Balanced,1,Low,0,Low,0,3.22143,712.721,6.57049,0.0624629,0.188928
1140,RL,0,Balanced,-1,Low,0,Low,0,3.26793,724.797,6.58727,0.0628679,0.188919
1141,RL,0,Balanced,1,Low,0,Low,0,3.21829,713.612,6.57174,0.0624429,0.188909
1142,RL,0,Balanced,-1,Low,0,Low,0,3.26108,723.79,6.58588,0.0625275,0.1889
1143,RL,0,Balanced,0.550699,Low,0,Low,0,3.2522,719.81,6.58037,0.0627127,0.18889
1144,RL,0,Balanced,0.501347,Low,0,Low,0,3.2364,716.205,6.57536,0.0627695,0.188881
1145,RL,0,Balanced,-0.459576,Low,0,Low,0,3.24455,719.508,6.57996,0.0627803,0.188872
1146,RL,0,Balanced,0.709677,Low,0,Low,0,3.2248,714.413,6.57286,0.0627811,0.188862
1147,RL,0,Balanced,-0.514269,Low,0,Low,0,3.23875,718.102,6.578,0.0625767,0.188853
1148,RL,0,Balanced,-0.577641,Low,0,Low,0,3.26117,722.268,6.58378,0.062715,0.188843
1149,RL,0,Balanced,0.0638008,Low,0,Low,0,3.25518,721.806,6.58314,0.0626189,0.188834
1150,RL,0,Balanced,-0.142527,Low,0,Low,0,3.26709,722.837,6.58457,0.0626143,0.188824
1151,RL,0,Balanced,1,Low,0,Low,0,3.22651,714.22,6.57259,0.0625951,0.188815
1152,RL,0,Light Heavy,-0.170183,Low,0,Low,0,3.22653,715.438,6.57429,0.0624814,0.188806
1153,RL,0,Light Heavy,-0.526953,Low,0,Low,0,3.24265,719.223,6.57956,0.0579405,0.188796
1154,RL,0,Light Heavy,-1,Low,0,Low,0,3.2757,727.734,6.59131,0.0578429,0.188787
1155,RL,0,Light Heavy,1,Low,0,Low,0,3.23214,718.051,6.57793,0.0575279,0.188777
1156,RL,0,Light Heavy,0.309086,Low,0,Low,0,3.22185,715.832,6.57484,0.0576846,0.188768
1157,RL,0,Light Heavy,-1,Low,0,Low,0,3.26074,723.841,6.58595,0.0579859,0.188758
1158,RL,0,Light Heavy,0.365353,Low,0,Low,0,3.25168,721.198,6.5823,0.057723,0.188749
1159,RL,0,Light Heavy,0.908041,Low,0,Low,0,3.22182,714.67,6.57322,0.0577507,0.188739
1160,RL,0,Light Heavy,-0.940704,Low,0,Low,0,3.25003,721.434,6.58263,0.0578844,0.18873
1161,RL,0,Light Heavy,0.626516,Low,0,Low,0,3.23279,716.922,6.57636,0.0577154,0.188721
1162,RL,0,Light Heavy,-0.469923,Low,0,Low,0,3.24482,720.303,6.58106,0.0578929,0.188711
1163,RL,0,Light Heavy,-0.40946,Low,0,Low,0,3.25648,723.263,6.58515,0.0576124,0.188702
1164,RL,0,Light Heavy,1,Low,0,Low,0,3.21048,712.476,6.57015,0.0575532,0.188692
1165,RL,0,Light Heavy,-1,Low,0,Low,0,3.24539,720.088,6.58076,0.0579082,0.188683
1166,RL,0,Light Heavy,0.360966,Low,0,Low,0,3.23436,717.49,6.57715,0.0576508,0.188673
1167,RL,0,Light Heavy,0.170231,Low,0,Low,0,3.23291,716.268,6.57545,0.0575609,0.188664
1168,RL,0,BSDF Heavy,-0.188255,Low,0,Low,0,3.23331,717.619,6.57733,0.0579029,0.188655
1169,RL,0,BSDF Heavy,0.00109673,Low,0,Low,0,3.24515,717.611,6.57732,0.0658764,0.188645
1170,RL,0,BSDF Heavy,-0.585318,Low,0,Low,0,3.26033,721.83,6.58317,0.0658941,0.188636
1171,RL,0,BSDF Heavy,0.511837,Low,0,Low,0,3.24684,718.14,6.57806,0.0656444,0.188626
1172,RL,0,BSDF Heavy,-1,Low,0,Low,0,3.28412,726.592,6.58974,0.0662053,0.188617
1173,RL,0,BSDF Heavy,0.86689,Low,0,Low,0,3.25661,720.312,6.58107,0.0660885,0.188607
1174,RL,0,BSDF Heavy,-0.305176,Low,0,Low,0,3.26069,722.517,6.58412,0.0656513,0.188598
1175,RL,0,BSDF Heavy,0.784826,Low,0,Low,0,3.23744,716.86,6.57628,0.0656328,0.188589
1176,RL,0,BSDF Heavy,-0.11878,Low,0,Low,0,3.23995,717.714,6.57746,0.0655475,0.188579
1177,RL,0,BSDF Heavy,-0.830221,Low,0,Low,0,3.2656,723.706,6.58577,0.0659433,0.18857
1178,RL,0,BSDF Heavy,0.0860214,Low,0,Low,0,3.26505,723.083,6.58491,0.0661615,0.18856
1179,RL,0,BSDF Heavy,-0.0585079,Low,0,Low,0,3.26574,723.506,6.58549,0.0657281,0.188551
1180,RL,0,BSDF Heavy,0.515223,Low,0,Low,0,3.24873,719.783,6.58034,0.0656766,0.188541
1181,RL,0,BSDF Heavy,-0.343609,Low,0,Low,0,3.26545,722.264,6.58377,0.066183,0.188532
1182,RL,0,BSDF Heavy,0.79031,Low,0,Low,0,3.23682,716.57,6.57587,0.0657981,0.188523
1183,RL,0,BSDF Heavy,-0.0941277,Low,0,Low,0,3.24269,717.246,6.57681,0.0660662,0.188513
1184,RL,0,BSDF Heavy,-0.169277,Low,0,Low,0,3.24439,718.463,6.57851,0.0656674,0.188504
1185,RL,0,BSDF Heavy,-0.232172,Low,0,Low,0,3.24743,720.135,6.58083,0.0657104,0.188494
1186,RL,0,BSDF Heavy,-0.252199,Low,0,Low,0,3.25998,721.956,6.58335,0.066034,0.188485
1187,RL,0,BSDF Heavy,0.332022,Low,0,Low,0,3.2514,719.56,6.58003,0.0655867,0.188475
1188,RL,0,BSDF Heavy,-0.791883,Low,0,Low,0,3.27415,725.288,6.58795,0.0661308,0.188466
1189,RL,0,BSDF Heavy,1,Low,0,Low,0,3.22655,714.15,6.57249,0.0659064,0.188457
1190,RL,0,BSDF Heavy,-1,Low,0,Low,0,3.25744,722.652,6.58431,0.065702,0.188447
1191,RL,0,BSDF Heavy,-0.627708,Low,0,Low,0,3.28201,727.209,6.59059,0.0662722,0.188438
1192,RL,0,BSDF Heavy,1,Low,0,Low,0,3.25576,719.756,6.5803,0.06612,0.188428
1193,RL,0,BSDF Heavy,0.102186,Low,0,Low,0,3.24256,719.019,6.57928,0.0659617,0.188419
1194,RL,0,BSDF Heavy,-0.346899,Low,0,Low,0,3.25996,721.521,6.58275,0.0660393,0.188409
1195,RL,0,BSDF Heavy,-0.324392,Low,0,Low,0,3.26806,723.869,6.58599,0.0660263,0.1884
1196,RL,0,BSDF Heavy,0.850964,Low,0,Low,0,3.24022,717.727,6.57748,0.0659448,0.188391
1197,RL,0,BSDF Heavy,-0.468302,Low,0,Low,0,3.2597,721.1,6.58216,0.0660978,0.188381
1198,RL,0,BSDF Heavy,0.819588,Low,0,Low,0,3.22749,715.206,6.57397,0.0656997,0.188372
1199,RL,0,BSDF Heavy,-1,Low,0,Low,0,3.27098,724.596,6.58699,0.0656874,0.188362
1200,RL,0,Balanced,-0.230932,Low,0,Low,0,3.2774,726.274,6.5893,0.0659418,0.188353
1201,RL,0,Balanced,0.0339508,Low,0,Low,0,3.27849,726.027,6.58896,0.0630008,0.188343
1202,RL,0,Balanced,1,Low,0,Low,0,3.22178,714.248,6.57263,0.062446,0.188334
1203,RL,0,Balanced,-1,Low,0,Low,0,3.26837,725.325,6.588,0.0628141,0.188325
1204,RL,0,Balanced,0.456429,Low,0,Low,0,3.25385,722.018,6.58343,0.0626758,0.188315
1205,RL,0,Balanced,0.251245,Low,0,Low,0,3.24732,720.203,6.58092,0.0623799,0.188306
1206,RL,0,Balanced,-0.0568867,Low,0,Low,0,3.25047,720.614,6.58149,0.0626735,0.188296
1207,RL,0,Balanced,0.419474,Low,0,Low,0,3.23925,717.593,6.5773,0.0627957,0.188287
1208,RL,0,Balanced,-0.0997066,Low,0,Low,0,3.24065,718.31,6.57829,0.0624299,0.188278
1209,RL,0,Balanced,0.211191,Low,0,Low,0,3.23753,716.792,6.57618,0.0625413,0.188268
1210,RL,0,Balanced,-0.593185,Low,0,Low,0,3.25286,721.063,6.58211,0.0626143,0.188259
1211,RL,0,Balanced,-0.17004,Low,0,Low,0,3.25199,722.292,6.58381,0.0623876,0.188249
1212,RL,0,Balanced,0.703812,Low,0,Low,0,3.23652,717.219,6.57677,0.0623092,0.18824
1213,RL,0,Balanced,-0.0346661,Low,0,Low,0,3.23454,717.468,6.57712,0.0626612,0.188231
1214,RL,0,Balanced,-0.717354,Low,0,Low,0,3.25754,722.641,6.58429,0.0626742,0.188221
1215,RL,0,Balanced,0.207996,Low,0,Low,0,3.25036,721.137,6.58221,0.0625198,0.188212
1216,RL,0,Balanced,0.158834,Low,0,Low,0,3.24693,719.991,6.58063,0.0627119,0.188202
1217,RL,0,Balanced,0.545692,Low,0,Low,0,3.23113,716.067,6.57517,0.0623361,0.188193
1218,RL,0,Balanced,-0.275087,Low,0,Low,0,3.23726,718.042,6.57792,0.0626335,0.188183
1219,RL,0,Balanced,0.193214,Low,0,Low,0,3.23325,716.654,6.57599,0.0626742,0.188174
1220,RL,0,Balanced,0.40555,Low,0,Low,0,3.22358,713.75,6.57193,0.062715,0.188165
1221,RL,0,Balanced,-0.459433,Low,0,Low,0,3.23598,717.041,6.57653,0.062685,0.188155
1222,RL,0,Balanced,-0.466156,Low,0,Low,0,3.25106,720.396,6.58119,0.0627296,0.188146
1223,RL,0,Balanced,-0.342178,Low,0,Low,0,3.25723,722.869,6.58461,0.0630062,0.188136
1224,RL,0,Balanced,1,Low,0,Low,0,3.22711,714.577,6.57309,0.0621525,0.188127
1225,RL,0,Balanced,-1,Low,0,Low,0,3.26845,723.878,6.586,0.0627603,0.188118
1226,RL,0,Balanced,0.389528,Low,0,Low,0,3.25206,721.06,6.58211,0.0625905,0.188108
1227,RL,0,Balanced,0.0185013,Low,0,Low,0,3.25082,720.927,6.58192,0.0625175,0.188099
1228,RL,0,Balanced,0.226355,Low,0,Low,0,3.24128,719.294,6.57966,0.0625244,0.188089
1229,RL,0,Balanced,-0.630808,Low,0,Low,0,3.26227,723.852,6.58597,0.0629901,0.18808
1230,RL,0,Balanced,0.901508,Low,0,Low,0,3.23931,717.347,6.57695,0.0625259,0.188071
1231,RL,0,Balanced,-0.551891,Low,0,Low,0,3.25881,721.323,6.58247,0.0627065,0.188061
1232,RL,0,Light Heavy,0.337601,Low,0,Low,0,3.248,718.888,6.5791,0.0630662,0.188052
1233,RL,0,Light Heavy,0.206709,Low,0,Low,0,3.23384,717.402,6.57703,0.0580135,0.188042
1234,RL,0,Light Heavy,-1,Low,0,Low,0,3.26758,724.936,6.58746,0.0580773,0.188033
1235,RL,0,Light Heavy,0.418758,Low,0,Low,0,3.25257,721.903,6.58327,0.0578429,0.188024
1236,RL,0,Light Heavy,0.322199,Low,0,Low,0,3.24315,719.577,6.58005,0.0578268,0.188014
1237,RL,0,Light Heavy,0.372028,Low,0,Low,0,3.23105,716.901,6.57633,0.0578437,0.188005
1238,RL,0,Light Heavy,-0.330496,Low,0,Low,0,3.24263,719.278,6.57964,0.0577638,0.187995
1239,RL,0,Light Heavy,0.528431,Low,0,Low,0,3.22425,715.482,6.57435,0.0575478,0.187986
1240,RL,0,Light Heavy,-1,Low,0,Low,0,3.25621,722.695,6.58437,0.0579344,0.187977
1241,RL,0,Light Heavy,0.372219,Low,0,Low,0,3.23893,720.006,6.58065,0.0577069,0.187967
1242,RL,0,Light Heavy,-0.241613,Low,0,Low,0,3.24781,721.751,6.58306,0.0575394,0.187958
1243,RL,0,Light Heavy,0.330973,Low,0,Low,0,3.23942,719.362,6.57975,0.057607,0.187948
1244,RL,0,Light Heavy,-1,Low,0,Low,0,3.28376,728.922,6.59294,0.057959,0.187939
1245,RL,0,Light Heavy,1,Low,0,Low,0,3.2309,717.067,6.57656,0.0579935,0.18793
1246,RL,0,Light Heavy,0.184441,Low,0,Low,0,3.22824,715.744,6.57472,0.0577899,0.18792
1247,RL,0,Light Heavy,-0.323582,Low,0,Low,0,3.23297,718.067,6.57795,0.0576923,0.187911
1248,RL,0,Light Heavy,-0.187206,Low,0,Low,0,3.24396,719.415,6.57983,0.0580281,0.187901
1249,RL,0,Light Heavy,-0.0186443,Low,0,Low,0,3.24393,719.549,6.58001,0.0578414,0.187892
1250,RL,0,Light Heavy,-0.132084,Low,0,Low,0,3.2504,720.501,6.58133,0.0576815,0.187883
1251,RL,0,Light Heavy,1,Low,0,Low,0,3.21072,713.144,6.57108,0.0574333,0.187873
1252,RL,0,Light Heavy,-0.658703,Low,0,Low,0,3.23467,717.864,6.57767,0.0577891,0.187864
1253,RL,0,Light Heavy,0.931263,Low,0,Low,0,3.20289,711.201,6.56836,0.0576339,0.187854
1254,RL,0,Light Heavy,-1,Low,0,Low,0,3.24489,721.427,6.58262,0.0577876,0.187845
1255,RL,0,Light Heavy,0.256586,Low,0,Low,0,3.24524,719.576,6.58005,0.0577215,0.187836
1256,RL,0,Light Heavy,0.407743,Low,0,Low,0,3.22809,716.644,6.57597,0.0580089,0.187826
1257,RL,0,Light Heavy,-0.778818,Low,0,Low,0,3.25221,722.255,6.58376,0.0578007,0.187817
1258,RL,0,Light Heavy,-0.288534,Low,0,Low,0,3.26376,724.345,6.58665,0.0580227,0.187807
1259,RL,0,Light Heavy,0.812626,Low,0,Low,0,3.23901,718.474,6.57852,0.0577991,0.187798
1260,RL,0,Light Heavy,-0.261974,Low,0,Low,0,3.24281,720.362,6.58114,0.0576685,0.187789
1261,RL,0,Light Heavy,-1,Low,0,Low,0,3.28949,729.888,6.59426,0.0581403,0.187779
1262,RL,0,Light Heavy,1,Low,0,Low,0,3.24925,721.004,6.58203,0.0578122,0.18777
1263,RL,0,Light Heavy,0.499678,Low,0,Low,0,3.23514,717.405,6.57703,0.0580642,0.187761
1264,RL,0,Light Heavy,-0.420427,Low,0,Low,0,3.24731,720.432,6.58124,0.0579098,0.187751
1265,RL,0,Light Heavy,0.586843,Low,0,Low,0,3.22336,716.211,6.57537,0.0577254,0.187742
1266,RL,0,Light Heavy,-0.10066,Low,0,Low,0,3.22682,716.933,6.57638,0.0576554,0.187732
1267,RL,0,Light Heavy,0.383759,Low,0,Low,0,3.21615,714.183,6.57254,0.0573396,0.187723
1268,RL,0,Light Heavy,-0.594044,Low,0,Low,0,3.23634,718.444,6.57848,0.0573396,0.187714
1269,RL,0,Light Heavy,0.210428,Low,0,Low,0,3.2253,716.932,6.57638,0.0578737,0.187704
1270,RL,0,Light Heavy,-0.606394,Low,0,Low,0,3.24714,721.299,6.58244,0.0579935,0.187695
1271,RL,0,Light Heavy,0.180531,Low,0,Low,0,3.24076,719.996,6.58063,0.0577177,0.187685
1272,RL,0,Light Heavy,-0.3685,Low,0,Low,0,3.25627,722.658,6.58432,0.0576354,0.187676
1273,RL,0,Light Heavy,0.666475,Low,0,Low,0,3.23629,717.851,6.57765,0.0579205,0.187667
1274,RL,0,Light Heavy,-0.182772,Low,0,Low,0,3.23702,719.166,6.57948,0.0580458,0.187657
1275,RL,0,Light Heavy,-0.130272,Low,0,Low,0,3.24207,720.105,6.58078,0.0579428,0.187648
1276,RL,0,Light Heavy,0.246,Low,0,Low,0,3.23322,718.333,6.57832,0.0574018,0.187639
1277,RL,0,Light Heavy,-0.0433445,Low,0,Low,0,3.23844,718.645,6.57876,0.0575717,0.187629
1278,RL,0,Light Heavy,-0.129175,Low,0,Low,0,3.23898,719.575,6.58005,0.0577323,0.18762
1279,RL,0,Light Heavy,0.671911,Low,0,Low,0,3.224,714.75,6.57333,0.0576716,0.18761
1280,RL,0,Light Heavy,-0.354958,Low,0,Low,0,3.23428,717.295,6.57688,0.0578652,0.187601
1281,RL,0,Light Heavy,0.0692844,Low,0,Low,0,3.229,716.797,6.57619,0.0576447,0.187592
1282,RL,0,Light Heavy,-0.0542641,Low,0,Low,0,3.23226,717.187,6.57673,0.0575939,0.187582
1283,RL,0,Light Heavy,-0.0115871,Low,0,Low,0,3.23028,717.27,6.57685,0.0577323,0.187573
1284,RL,0,Light Heavy,-0.673437,Low,0,Low,0,3.25185,722.123,6.58358,0.0580204,0.187563
1285,RL,0,Light Heavy,-0.464201,Low,0,Low,0,3.26551,725.488,6.58822,0.0576961,0.187554
1286,RL,0,Light Heavy,1,Low,0,Low,0,3.22037,715.561,6.57446,0.0577615,0.187545
1287,RL,0,Light Heavy,0.468826,Low,0,Low,0,3.21062,712.21,6.56978,0.0576823,0.187535
1288,RL,0,Light Heavy,-1,Low,0,Low,0,3.26061,724.079,6.58628,0.0576516,0.187526
1289,RL,0,Light Heavy,0.459099,Low,0,Low,0,3.24366,720.758,6.58169,0.0575863,0.187517
1290,RL,0,Light Heavy,0.695467,Low,0,Low,0,3.22722,715.756,6.57474,0.0576178,0.187507
1291,RL,0,Light Heavy,-0.781727,Low,0,Low,0,3.25009,721.381,6.58255,0.0579213,0.187498
1292,RL,0,Light Heavy,0.428438,Low,0,Low,0,3.23496,718.292,6.57827,0.0575302,0.187488
1293,RL,0,Light Heavy,-0.292873,Low,0,Low,0,3.24482,720.402,6.5812,0.0576923,0.187479
1294,RL,0,Light Heavy,-0.244331,Low,0,Low,0,3.24972,722.167,6.58364,0.0580343,0.18747
1295,RL,0,Light Heavy,-0.0364304,Low,0,Low,0,3.24754,722.431,6.584,0.0574564,0.18746
1296,RL,0,Light Heavy,-0.15831,Low,0,Low,0,3.25335,723.576,6.58559,0.0579313,0.187451
1297,RL,0,Light Heavy,0.340414,Low,0,Low,0,3.24523,721.114,6.58218,0.0576792,0.187442
1298,RL,0,Light Heavy,0.270748,Low,0,Low,0,3.23493,719.162,6.57948,0.0579044,0.187432
1299,RL,0,Light Heavy,0.0990391,Low,0,Low,0,3.23496,718.449,6.57849,0.0574625,0.187423
1300,RL,0,Light Heavy,-0.0744343,Low,0,Low,0,3.24107,718.985,6.57923,0.057919,0.187413
1301,RL,0,Light Heavy,-1,Low,0,Low,0,3.26769,726.437,6.58953,0.0577046,0.187404
1302,RL,0,Light Heavy,1,Low,0,Low,0,3.23405,717.461,6.57711,0.0575225,0.187395
1303,RL,0,Light Heavy,-0.182295,Low,0,Low,0,3.23349,718.772,6.57893,0.0575302,0.187385
1304,RL,0,Light Heavy,-0.237656,Low,0,Low,0,3.24399,720.485,6.58131,0.0578621,0.187376
1305,RL,0,Light Heavy,0.391436,Low,0,Low,0,3.22821,717.666,6.5774,0.0573926,0.187367
1306,RL,0,Light Heavy,-0.319767,Low,0,Low,0,3.24743,719.968,6.58059,0.0576377,0.187357
1307,RL,0,Light Heavy,-0.0771046,Low,0,Low,0,3.24847,720.524,6.58137,0.0577538,0.187348
1308,RL,0,Light Heavy,-0.250053,Low,0,Low,0,3.2521,722.33,6.58387,0.057723,0.187339
1309,RL,0,Light Heavy,-0.223398,Low,0,Low,0,3.25938,723.948,6.5861,0.0578598,0.187329
1310,RL,0,Light Heavy,0.856638,Low,0,Low,0,3.23618,717.764,6.57753,0.0574725,0.18732
1311,RL,0,Light Heavy,-0.410461,Low,0,Low,0,3.24729,720.721,6.58164,0.0580335,0.18731
1312,RL,0,Balanced,-0.00801086,Low,0,Low,0,3.24727,720.779,6.58172,0.0578306,0.187301
1313,RL,0,Balanced,0.319624,Low,0,Low,0,3.23981,718.475,6.57852,0.0628057,0.187292
1314,RL,0,Balanced,-0.122547,Low,0,Low,0,3.24412,719.358,6.57975,0.0627757,0.187282
1315,RL,0,Balanced,0.327921,Low,0,Low,0,3.23059,716.999,6.57647,0.0624099,0.187273
1316,RL,0,Balanced,-1,Low,0,Low,0,3.27046,725.519,6.58826,0.0629309,0.187264
1317,RL,0,Balanced,0.923109,Low,0,Low,0,3.23928,718.843,6.57903,0.0626151,0.187254
1318,RL,0,Balanced,-0.228024,Low,0,Low,0,3.25067,720.486,6.58131,0.062665,0.187245
1319,RL,0,Balanced,-0.432396,Low,0,Low,0,3.26644,723.613,6.58564,0.0627127,0.187236
1320,RL,0,Balanced,0.857782,Low,0,Low,0,3.23519,717.424,6.57706,0.0628072,0.187226
1321,RL,0,Balanced,-0.0889301,Low,0,Low,0,3.24111,718.063,6.57795,0.0625989,0.187217
1322,RL,0,Balanced,-0.557756,Low,0,Low,0,3.2543,722.085,6.58353,0.062675,0.187207
1323,RL,0,Balanced,0.453281,Low,0,Low,0,3.24507,718.815,6.57899,0.0628879,0.187198
1324,RL,0,Balanced,-0.866985,Low,0,Low,0,3.26407,725.083,6.58766,0.0629962,0.187189
1325,RL,0,Balanced,0.880384,Low,0,Low,0,3.24587,718.718,6.57886,0.0627219,0.187179
1326,RL,0,Balanced,0.242472,Low,0,Low,0,3.23228,716.975,6.57644,0.0625551,0.18717
1327,RL,0,Balanced,0.188923,Low,0,Low,0,3.23181,715.62,6.57455,0.0624614,0.187161
1328,RL,0,Balanced,-0.0189304,Low,0,Low,0,3.23213,715.756,6.57474,0.0627073,0.187151
1329,RL,0,Balanced,-0.0946522,Low,0,Low,0,3.23404,716.435,6.57568,0.0627273,0.187142
1330,RL,0,Balanced,0.077343,Low,0,Low,0,3.233,715.88,6.57491,0.0624337,0.187133
1331,RL,0,Balanced,-0.692511,Low,0,Low,0,3.25076,720.862,6.58183,0.0626935,0.187123
1332,RL,0,Balanced,0.176907,Low,0,Low,0,3.24852,719.586,6.58006,0.0628195,0.187114
1333,RL,0,Balanced,-0.624561,Low,0,Low,0,3.26462,724.1,6.58631,0.0629824,0.187105
1334,RL,0,Balanced,0.258017,Low,0,Low,0,3.25705,722.232,6.58373,0.0627288,0.187095
1335,RL,0,Balanced,0.294352,Low,0,Low,0,3.2463,720.106,6.58079,0.062426,0.187086
1336,RL,0,Balanced,-0.191689,Low,0,Low,0,3.26043,721.49,6.5827,0.0626758,0.187076
1337,RL,0,Balanced,0.186968,Low,0,Low,0,3.24826,720.14,6.58083,0.0624952,0.187067
1338,RL,0,Balanced,-0.383282,Low,0,Low,0,3.26074,722.909,6.58467,0.0626766,0.187058
1339,RL,0,Balanced,0.372362,Low,0,Low,0,3.24843,720.219,6.58094,0.0626289,0.187048
1340,RL,0,Balanced,0.201368,Low,0,Low,0,3.24682,718.768,6.57893,0.0627834,0.187039
1341,RL,0,Balanced,0.260162,Low,0,Low,0,3.22968,716.898,6.57633,0.0624491,0.18703
1342,RL,0,Balanced,-0.656509,Low,0,Low,0,3.25701,721.626,6.58289,0.0627872,0.18702
1343,RL,0,Balanced,-0.996637,Low,0,Low,0,3.28679,728.864,6.59286,0.0632337,0.187011
1344,RL,0,Light Heavy,1,Low,0,Low,0,3.24757,719.57,6.58004,0.0626489,0.187002
1345,RL,0,Light Heavy,0.076437,Low,0,Low,0,3.23932,719.02,6.57928,0.0577922,0.186992
1346,RL,0,Light Heavy,-0.178957,Low,0,Low,0,3.24311,720.309,6.58107,0.0576646,0.186983
1347,RL,0,Light Heavy,0.371742,Low,0,Low,0,3.23316,717.633,6.57735,0.0576316,0.186974
1348,RL,0,Light Heavy,0.455189,Low,0,Low,0,3.22029,714.369,6.5728,0.057441,0.186964
1349,RL,0,Light Heavy,-1,Low,0,Low,0,3.28065,728.555,6.59243,0.0579666,0.186955
1350,RL,0,Light Heavy,0.992393,Low,0,Low,0,3.25202,721.351,6.58251,0.0576408,0.186946
1351,RL,0,Light Heavy,0.993633,Low,0,Low,0,3.21848,714.209,6.57257,0.0577461,0.186936
1352,RL,3,Light Heavy,-1,Low,0,Low,0,3.25055,722.36,6.58391,0.057408,0.186927
1353,RL,3,Light Heavy,0.109053,Low,0,Low,0,3.24924,721.572,6.58282,0.0576316,0.186918
1354,RL,3,Light Heavy,0.62356,Low,0,Low,0,3.22897,717.08,6.57658,0.0576662,0.186908
1355,RL,3,Light Heavy,-1,Low,0,Low,0,3.28152,729.22,6.59335,0.0577522,0.186899
1356,RL,3,Light Heavy,0.32382,Low,0,Low,0,3.26989,726.859,6.59011,0.0577069,0.186889
1357,RL,3,Light Heavy,1,Low,0,Low,0,3.2228,716.29,6.57548,0.0574564,0.18688
1358,RL,3,Light Heavy,-0.207043,Low,0,Low,0,3.23444,717.777,6.57755,0.0578422,0.186871
1359,RL,3,Light Heavy,-0.714302,Low,0,Low,0,3.25609,722.929,6.58469,0.0576693,0.186861
1360,RL,3,Balanced,0.369024,Low,0,Low,0,3.24481,720.263,6.581,0.0578883,0.186852
1361,RL,3,Balanced,0.228739,Low,0,Low,0,3.23956,718.615,6.57872,0.0629071,0.186843
1362,RL,3,Balanced,-0.349045,Low,0,Low,0,3.25214,721.131,6.58221,0.0628487,0.186833
1363,RL,3,Balanced,-0.110149,Low,0,Low,0,3.25316,721.927,6.58331,0.0625198,0.186824
1364,RL,3,Balanced,-0.124502,Low,0,Low,0,3.26043,722.828,6.58455,0.0629002,0.186815
1365,RL,3,Balanced,0.747728,Low,0,Low,0,3.23842,717.436,6.57708,0.0627911,0.186805
1366,RL,3,Balanced,-1,Low,0,Low,0,3.27161,725.329,6.588,0.0631207,0.186796
1367,RL,3,Balanced,1,Low,0,Low,0,3.23543,716.047,6.57514,0.062695,0.186787
1368,RL,3,Balanced,-0.379372,Low,0,Low,0,3.24317,718.772,6.57894,0.0626466,0.186777
1369,RL,3,Balanced,0.571012,Low,0,Low,0,3.22582,714.674,6.57323,0.0624867,0.186768
1370,RL,3,Balanced,-1,Low,0,Low,0,3.26069,723.334,6.58525,0.0625544,0.186759
1371,RL,3,Balanced,1,Low,0,Low,0,3.22459,715.252,6.57403,0.0625321,0.186749
1372,RL,3,Balanced,-1,Low,0,Low,0,3.27049,724.887,6.5874,0.0628848,0.18674
1373,RL,3,Balanced,1,Low,0,Low,0,3.2199,713.792,6.57199,0.062831,0.186731
1374,RL,3,Balanced,-1,Low,0,Low,0,3.25064,721.423,6.58261,0.0625259,0.186721
1375,RL,3,Balanced,-0.130701,Low,0,Low,0,3.2561,722.368,6.58392,0.0627011,0.186712
1376,RL,3,Balanced,0.0590801,Low,0,Low,0,3.25886,721.941,6.58333,0.0628279,0.186703
1377,RL,3,Balanced,-0.175714,Low,0,Low,0,3.26269,723.212,6.58508,0.063216,0.186693
1378,RL,3,Balanced,-0.361013,Low,0,Low,0,3.27149,725.831,6.58869,0.0628656,0.186684
1379,RL,3,Balanced,0.0323296,Low,0,Low,0,3.27302,725.596,6.58837,0.0630715,0.186675
1380,RL,3,Balanced,0.328541,Low,0,Low,0,3.25918,723.213,6.58509,0.062818,0.186665
1381,RL,3,Balanced,-0.322199,Low,0,Low,0,3.27132,725.55,6.58831,0.0624399,0.186656
1382,RL,3,Balanced,0.459909,Low,0,Low,0,3.25741,722.216,6.58371,0.0624268,0.186647
1383,RL,3,Balanced,0.747681,Low,0,Low,0,3.23693,716.829,6.57623,0.0625313,0.186637
1384,RL,3,Balanced,-0.725269,Low,0,Low,0,3.2562,722.055,6.58348,0.062778,0.186628
1385,RL,3,Balanced,0.45557,Low,0,Low,0,3.23823,718.768,6.57893,0.0625644,0.186619
1386,RL,3,Balanced,-0.612307,Low,0,Low,0,3.25889,723.189,6.58505,0.062718,0.186609
1387,RL,3,Balanced,0.969934,Low,0,Low,0,3.2297,716.199,6.57535,0.0627811,0.1866
1388,RL,3,Balanced,0.171232,Low,0,Low,0,3.22358,714.971,6.57364,0.0624683,0.186591
1389,RL,3,Balanced,-0.41852,Low,0,Low,0,3.2383,717.974,6.57783,0.0627726,0.186581
1390,RL,3,Balanced,-0.475311,Low,0,Low,0,3.25466,721.4,6.58258,0.0628064,0.186572
1391,RL,3,Balanced,-0.104904,Low,0,Low,0,3.25595,722.158,6.58363,0.063007,0.186563
1392,RL,3,Balanced,-0.155973,Low,0,Low,0,3.26321,723.287,6.58519,0.0629494,0.186553
1393,RL,3,Balanced,0.405693,Low,0,Low,0,3.25119,720.354,6.58113,0.0626235,0.186544
1394,RL,3,Balanced,0.0993252,Low,0,Low,0,3.24778,719.638,6.58014,0.0625367,0.186535
1395,RL,3,Balanced,-0.210524,Low,0,Low,0,3.24923,721.157,6.58224,0.0624445,0.186525
1396,RL,3,Balanced,0.521612,Low,0,Low,0,3.23755,717.4,6.57703,0.0625375,0.186516
1397,RL,3,Balanced,0.377893,Low,0,Low,0,3.22626,714.69,6.57325,0.0629524,0.186507
1398,RL,3,Balanced,-1,Low,0,Low,0,3.27644,727.371,6.59081,0.0625682,0.186497
1399,RL,3,Balanced,1,Low,0,Low,0,3.24907,719.287,6.57965,0.0625544,0.186488
1400,RL,3,Balanced,-0.467396,Low,0,Low,0,3.26453,722.661,6.58432,0.0629932,0.186479
1401,RL,3,Balanced,0.698853,Low,0,Low,0,3.24033,717.622,6.57733,0.0623246,0.186469
1402,RL,3,Balanced,-0.307655,Low,0,Low,0,3.24919,719.836,6.58041,0.0626773,0.18646
1403,RL,3,Balanced,-0.76108,Low,0,Low,0,3.26966,725.343,6.58802,0.0629232,0.186451
1404,RL,3,Balanced,0.59514,Low,0,Low,0,3.25633,721.033,6.58207,0.0627257,0.186441
1405,RL,3,Balanced,0.264692,Low,0,Low,0,3.23986,719.125,6.57942,0.0623108,0.186432
1406,RL,3,Balanced,0.870228,Low,0,Low,0,3.21887,712.885,6.57072,0.0624614,0.186423
1407,RL,3,Balanced,-0.967693,Low,0,Low,0,3.24806,719.827,6.5804,0.0624122,0.186414
1408,RL,3,BSDF Heavy,0.477171,Low,0,Low,0,3.23412,716.395,6.57563,0.0625859,0.186404
1409,RL,3,BSDF Heavy,0.0155926,Low,0,Low,0,3.23605,716.283,6.57547,0.0659318,0.186395
1410,RL,3,BSDF Heavy,-0.634813,Low,0,Low,0,3.2563,720.851,6.58182,0.0661277,0.186386
1411,RL,3,BSDF Heavy,-0.121737,Low,0,Low,0,3.26009,721.73,6.58304,0.066037,0.186376
1412,RL,3,BSDF Heavy,0.150824,Low,0,Low,0,3.25498,720.641,6.58153,0.0659241,0.186367
1413,RL,3,BSDF Heavy,0.537968,Low,0,Low,0,3.23948,716.77,6.57615,0.0660278,0.186358
1414,RL,3,BSDF Heavy,-0.542212,Low,0,Low,0,3.25679,720.672,6.58157,0.0661108,0.186348
1415,RL,3,BSDF Heavy,0.533342,Low,0,Low,0,3.23792,716.833,6.57624,0.0657742,0.186339
1416,RL,3,BSDF Heavy,-0.385618,Low,0,Low,0,3.24911,719.607,6.58009,0.0656728,0.18633
1417,RL,3,BSDF Heavy,0.134182,Low,0,Low,0,3.24385,718.64,6.57875,0.066014,0.18632
1418,RL,3,BSDF Heavy,-0.309896,Low,0,Low,0,3.25734,720.874,6.58185,0.0658979,0.186311
1419,RL,3,BSDF Heavy,0.799704,Low,0,Low,0,3.22693,715.124,6.57385,0.065443,0.186302
1420,RL,3,BSDF Heavy,-1,Low,0,Low,0,3.26703,723.831,6.58594,0.065964,0.186292
1421,RL,3,BSDF Heavy,0.301361,Low,0,Low,0,3.25567,721.651,6.58293,0.0657043,0.186283
1422,RL,3,BSDF Heavy,-0.0146389,Low,0,Low,0,3.25958,721.757,6.58307,0.0659256,0.186274
1423,RL,3,BSDF Heavy,0.178194,Low,0,Low,0,3.25279,720.469,6.58129,0.0657942,0.186264
1424,RL,3,Light Heavy,0.25444,Low,0,Low,0,3.24413,718.636,6.57875,0.0657765,0.186255
1425,RL,3,Light Heavy,-0.727987,Low,0,Low,0,3.25977,723.894,6.58603,0.0577161,0.186246
1426,RL,3,Light Heavy,0.126696,Low,0,Low,0,3.25094,722.976,6.58476,0.057514,0.186237
1427,RL,3,Light Heavy,-0.148249,Low,0,Low,0,3.25731,724.051,6.58624,0.0578099,0.186227
1428,RL,3,Light Heavy,0.758648,Low,0,Low,0,3.23418,718.571,6.57865,0.0576892,0.186218
1429,RL,3,Light Heavy,0.159216,Low,0,Low,0,3.23262,717.426,6.57706,0.0577407,0.186209
1430,RL,3,Light Heavy,0.152111,Low,0,Low,0,3.22812,716.334,6.57554,0.0576416,0.186199
1431,RL,3,Light Heavy,-0.622892,Low,0,Low,0,3.24098,720.816,6.58177,0.0577123,0.18619
1432,RL,3,Light Heavy,-0.389338,Low,0,Low,0,3.2585,723.632,6.58566,0.0577622,0.186181
1433,RL,3,Light Heavy,0.912476,Low,0,Low,0,3.23198,717.05,6.57654,0.0578352,0.186171
1434,RL,3,Light Heavy,0.724602,Low,0,Low,0,3.2038,711.866,6.56929,0.0575309,0.186162
1435,RL,3,Light Heavy,-1,Low,0,Low,0,3.25726,723.609,6.58563,0.0576539,0.186153
1436,RL,3,Light Heavy,0.479412,Low,0,Low,0,3.24527,720.144,6.58084,0.0575778,0.186143
1437,RL,3,Light Heavy,0.62027,Low,0,Low,0,3.22188,715.684,6.57464,0.0575478,0.186134
1438,RL,3,Light Heavy,-1,Low,0,Low,0,3.26055,724.395,6.58672,0.0577307,0.186125
1439,RL,3,Light Heavy,0.279999,Low,0,Low,0,3.24971,722.366,6.58392,0.0580058,0.186115
1440,RL,3,Light Heavy,0.107431,Low,0,Low,0,3.25179,721.59,6.58284,0.0579451,0.186106
1441,RL,3,Light Heavy,0.802851,Low,0,Low,0,3.22373,715.812,6.57481,0.0572958,0.186097
1442,RL,3,Light Heavy,-0.983953,Low,0,Low,0,3.25436,722.899,6.58465,0.0579536,0.186088
1443,RL,3,Light Heavy,0.667048,Low,0,Low,0,3.23354,718.087,6.57798,0.057564,0.186078
1444,RL,3,Light Heavy,0.538635,Low,0,Low,0,3.22006,714.224,6.5726,0.057242,0.186069
1445,RL,3,Light Heavy,-1,Low,0,Low,0,3.26042,724.552,6.58693,0.0575709,0.18606
1446,RL,3,Light Heavy,0.0607014,Low,0,Low,0,3.26111,724.112,6.58633,0.0578575,0.18605
1447,RL,3,Light Heavy,1,Low,0,Low,0,3.2144,713.317,6.57133,0.057491,0.186041
1448,RL,3,Light Heavy,-1,Low,0,Low,0,3.24668,721.02,6.58205,0.0578237,0.186032
1449,RL,3,Light Heavy,-0.225449,Low,0,Low,0,3.25581,722.65,6.58431,0.0578737,0.186022
1450,RL,3,Light Heavy,0.380659,Low,0,Low,0,3.24075,719.9,6.5805,0.0576424,0.186013
1451,RL,3,Light Heavy,0.236464,Low,0,Low,0,3.23245,718.198,6.57814,0.0575709,0.186004
1452,RL,3,Light Heavy,0.629854,Low,0,Low,0,3.21453,713.682,6.57184,0.0573964,0.185995
1453,RL,3,Light Heavy,-1,Low,0,Low,0,3.25186,722.241,6.58374,0.0577599,0.185985
1454,RL,3,Light Heavy,0.0285625,Low,0,Low,0,3.24835,722.034,6.58346,0.0577538,0.185976
1455,RL,3,Light Heavy,0.98958,Low,0,Low,0,3.2223,714.914,6.57356,0.0573795,0.185967
1456,RL,3,Light Heavy,-1,Low,0,Low,0,3.2564,723.772,6.58586,0.0578506,0.185957
1457,RL,3,Light Heavy,0.849104,Low,0,Low,0,3.23252,717.645,6.57737,0.0573396,0.185948
1458,RL,3,Light Heavy,-0.219774,Low,0,Low,0,3.23892,719.226,6.57956,0.057803,0.185939
1459,RL,3,Light Heavy,-0.749874,Low,0,Low,0,3.26411,724.647,6.58706,0.0578691,0.185929
1460,RL,3,Light Heavy,0.166702,Low,0,Low,0,3.25799,723.438,6.5854,0.0574541,0.18592
1461,RL,3,Light Heavy,-0.042057,Low,0,Low,0,3.2628,723.743,6.58582,0.0583201,0.185911
1462,RL,3,Light Heavy,0.751495,Low,0,Low,0,3.2399,718.317,6.5783,0.057567,0.185902
1463,RL,3,Light Heavy,-0.878525,Low,0,Low,0,3.26263,724.664,6.58709,0.0580489,0.185892
1464,RL,3,Light Heavy,1,Low,0,Low,0,3.22836,717.302,6.57689,0.057564,0.185883
1465,RL,3,Light Heavy,-0.762177,Low,0,Low,0,3.25482,722.798,6.58451,0.0579736,0.185874
1466,RL,3,Light Heavy,0.28677,Low,0,Low,0,3.24624,720.725,6.58164,0.0576677,0.185864
1467,RL,3,Light Heavy,-0.303411,Low,0,Low,0,3.25652,722.918,6.58468,0.0576954,0.185855
1468,RL,3,Light Heavy,-0.0162125,Low,0,Low,0,3.25956,723.036,6.58484,0.0578537,0.185846
1469,RL,3,Light Heavy,0.0210762,Low,0,Low,0,3.25553,722.883,6.58463,0.0575509,0.185837
1470,RL,3,Light Heavy,0.872469,Low,0,Low,0,3.22866,716.595,6.57591,0.0579666,0.185827
1471,RL,3,Light Heavy,0.109911,Low,0,Low,0,3.22415,715.807,6.57481,0.0576039,0.185818
1472,RL,3,BSDF Heavy,-0.432014,Low,0,Low,0,3.2383,718.91,6.57913,0.0577738,0.185809
1473,RL,3,BSDF Heavy,0.582838,Low,0,Low,0,3.2305,714.726,6.5733,0.0657489,0.185799
1474,RL,3,BSDF Heavy,-0.126696,Low,0,Low,0,3.23001,715.634,6.57456,0.0659602,0.18579
1475,RL,3,BSDF Heavy,-1,Low,0,Low,0,3.27141,724.085,6.58629,0.0662499,0.185781
1476,RL,3,BSDF Heavy,0.526428,Low,0,Low,0,3.25507,720.278,6.58103,0.0660893,0.185771
1477,RL,3,BSDF Heavy,0.37365,Low,0,Low,0,3.24089,717.588,6.57729,0.0652232,0.185762
1478,RL,3,BSDF Heavy,-0.0326633,Low,0,Low,0,3.23623,717.823,6.57762,0.0655637,0.185753
1479,RL,3,BSDF Heavy,-0.440025,Low,0,Low,0,3.2569,720.993,6.58202,0.0658772,0.185744
1480,RL,3,BSDF Heavy,0.238371,Low,0,Low,0,3.24852,719.274,6.57963,0.0654399,0.185734
1481,RL,3,BSDF Heavy,0.0739098,Low,0,Low,0,3.2438,718.742,6.57889,0.0656459,0.185725
1482,RL,3,BSDF Heavy,-0.23613,Low,0,Low,0,3.25152,720.443,6.58125,0.065868,0.185716
1483,RL,3,BSDF Heavy,0.125742,Low,0,Low,0,3.24647,719.537,6.58,0.0658734,0.185706
1484,RL,3,BSDF Heavy,0.930023,Low,0,Low,0,3.21997,712.867,6.5707,0.0658165,0.185697
1485,RL,3,BSDF Heavy,-1,Low,0,Low,0,3.25771,720.993,6.58202,0.0662584,0.185688
1486,RL,3,BSDF Heavy,0.468302,Low,0,Low,0,3.24104,717.62,6.57733,0.0658949,0.185679
1487,RL,3,BSDF Heavy,-0.202036,Low,0,Low,0,3.24887,719.073,6.57935,0.0653846,0.185669
1488,RL,3,Light Heavy,0.645971,Low,0,Low,0,3.23257,714.437,6.57289,0.0658173,0.18566
1489,RL,3,Light Heavy,-1,Low,0,Low,0,3.27039,726.303,6.58934,0.0578983,0.185651
1490,RL,3,Light Heavy,0.48337,Low,0,Low,0,3.25554,722.796,6.58451,0.0577907,0.185641
1491,RL,3,Light Heavy,0.361538,Low,0,Low,0,3.24671,720.184,6.58089,0.0577891,0.185632
1492,RL,3,Light Heavy,-0.115585,Low,0,Low,0,3.24333,721.018,6.58205,0.0574695,0.185623
1493,RL,3,Light Heavy,0.384283,Low,0,Low,0,3.23516,718.249,6.57821,0.0577131,0.185614
1494,RL,3,Light Heavy,-0.109625,Low,0,Low,0,3.23404,719.038,6.5793,0.0574064,0.185604
1495,RL,3,Light Heavy,0.370979,Low,0,Low,0,3.22707,716.372,6.57559,0.0579889,0.185595
1496,RL,3,Light Heavy,-0.275087,Low,0,Low,0,3.23552,718.348,6.57834,0.0575056,0.185586
1497,RL,3,Light Heavy,-1,Low,0,Low,0,3.28444,730.457,6.59504,0.0578253,0.185577
1498,RL,3,Light Heavy,1,Low,0,Low,0,3.2229,715.344,6.57416,0.0577791,0.185567
1499,RL,3,Light Heavy,0.0975609,Low,0,Low,0,3.21531,714.645,6.57318,0.0577192,0.185558
1500,RL,3,Light Heavy,-1,Low,0,Low,0,3.25389,722.185,6.58366,0.0577692,0.185549
1501,RL,3,Light Heavy,-0.0917435,Low,0,Low,0,3.25734,722.848,6.58458,0.0579882,0.185539
1502,RL,3,Light Heavy,0.530338,Low,0,Low,0,3.23877,719.02,6.57928,0.0577154,0.18553
1503,RL,3,Light Heavy,0.802898,Low,0,Low,0,3.21172,713.262,6.57125,0.0574326,0.185521
1504,RL,3,Light Heavy,-0.487566,Low,0,Low,0,3.22903,716.753,6.57613,0.0576562,0.185512
1505,RL,3,Light Heavy,-1,Low,0,Low,0,3.2687,725.566,6.58833,0.0578798,0.185502
1506,RL,3,Light Heavy,0.713205,Low,0,Low,0,3.24376,720.403,6.5812,0.0579751,0.185493
1507,RL,3,Light Heavy,0.44961,Low,0,Low,0,3.2323,717.167,6.5767,0.057574,0.185484
1508,RL,3,Light Heavy,-0.867701,Low,0,Low,0,3.2587,723.425,6.58538,0.0575955,0.185475
1509,RL,3,Light Heavy,0.25363,Low,0,Low,0,3.24626,721.59,6.58284,0.0574011,0.185465
1510,RL,3,Light Heavy,0.206852,Low,0,Low,0,3.24057,720.097,6.58077,0.0575125,0.185456
1511,RL,3,Light Heavy,0.0341415,Low,0,Low,0,3.2461,719.851,6.58043,0.057657,0.185447
1512,RL,3,Light Heavy,0.00834465,Low,0,Low,0,3.23951,719.791,6.58035,0.0578737,0.185437
1513,RL,3,Light Heavy,0.131941,Low,0,Low,0,3.23482,718.84,6.57903,0.0576093,0.185428
1514,RL,3,Light Heavy,-0.124359,Low,0,Low,0,3.24705,719.736,6.58027,0.0575793,0.185419
1515,RL,3,Light Heavy,-0.309086,Low,0,Low,0,3.25066,721.967,6.58336,0.0577146,0.18541
1516,RL,3,Light Heavy,0.579453,Low,0,Low,0,3.23759,717.79,6.57757,0.0583255,0.1854
1517,RL,3,Light Heavy,-0.965023,Low,0,Low,0,3.26506,724.76,6.58722,0.0579743,0.185391
1518,RL,3,Light Heavy,0.963974,Low,0,Low,0,3.22886,717.798,6.57758,0.0576777,0.185382
1519,RL,3,Light Heavy,-0.0335217,Low,0,Low,0,3.23632,718.039,6.57792,0.0579513,0.185373
1520,RL,3,Balanced,-0.326157,Low,0,Low,0,3.24513,720.388,6.58118,0.0576454,0.185363
1521,RL,3,Balanced,0.628328,Low,0,Low,0,3.23426,715.869,6.57489,0.0627403,0.185354
1522,RL,3,Balanced,-0.908375,Low,0,Low,0,3.26162,722.411,6.58398,0.0626742,0.185345
1523,RL,3,Balanced,0.478077,Low,0,Low,0,3.24321,718.961,6.5792,0.0626427,0.185335
1524,RL,3,Balanced,0.407267,Low,0,Low,0,3.22359,716.034,6.57512,0.0623792,0.185326
1525,RL,3,Balanced,-1,Low,0,Low,0,3.26641,724.37,6.58668,0.0625982,0.185317
1526,RL,3,Balanced,0.312138,Low,0,Low,0,3.25627,722.11,6.58356,0.0626543,0.185308
1527,RL,3,Balanced,0.680256,Low,0,Low,0,3.23374,717.207,6.57676,0.0622116,0.185298
1528,RL,3,Balanced,-0.434589,Low,0,Low,0,3.25204,720.336,6.5811,0.0624791,0.185289
1529,RL,3,Balanced,-0.0377178,Low,0,Low,0,3.25395,720.608,6.58148,0.0629778,0.18528
1530,RL,3,Balanced,0.213671,Low,0,Low,0,3.24655,719.068,6.57934,0.06306,0.185271
1531,RL,3,Balanced,-0.112963,Low,0,Low,0,3.25077,719.881,6.58047,0.0628725,0.185261
1532,RL,3,Balanced,0.235987,Low,0,Low,0,3.24244,718.182,6.57811,0.0625021,0.185252
1533,RL,3,Balanced,0.547695,Low,0,Low,0,3.22558,714.254,6.57264,0.0626988,0.185243
1534,RL,3,Balanced,-0.937605,Low,0,Low,0,3.25275,720.992,6.58201,0.0625582,0.185234
1535,RL,3,Balanced,-0.425386,Low,0,Low,0,3.2662,724.07,6.58627,0.0626489,0.185224
1536,RL,3,Light Heavy,0.478554,Low,0,Low,0,3.25149,720.608,6.58148,0.0628041,0.185215
1537,RL,3,Light Heavy,0.675964,Low,0,Low,0,3.22809,715.747,6.57472,0.0578276,0.185206
1538,RL,3,Light Heavy,-0.808573,Low,0,Low,0,3.24373,721.565,6.58281,0.057202,0.185197
1539,RL,3,Light Heavy,0.113869,Low,0,Low,0,3.24584,720.743,6.58167,0.0577569,0.185187
1540,RL,3,Light Heavy,0.892735,Low,0,Low,0,3.21865,714.328,6.57274,0.0574671,0.185178
1541,RL,3,Light Heavy,-0.608969,Low,0,Low,0,3.23458,718.698,6.57883,0.0575071,0.185169
1542,RL,3,Light Heavy,0.415516,Low,0,Low,0,3.22829,715.714,6.57468,0.0574479,0.185159
1543,RL,3,Light Heavy,-0.704479,Low,0,Low,0,3.24418,720.781,6.58172,0.0577722,0.18515
1544,RL,3,Light Heavy,-0.104856,Low,0,Low,0,3.2472,721.538,6.58277,0.0575225,0.185141
1545,RL,3,Light Heavy,-0.21615,Low,0,Low,0,3.25564,723.101,6.58493,0.0578368,0.185132
1546,RL,3,Light Heavy,0.499964,Low,0,Low,0,3.23714,719.49,6.57993,0.0577023,0.185122
1547,RL,3,Light Heavy,-0.55604,Low,0,Low,0,3.25896,723.508,6.58549,0.0578168,0.185113
1548,RL,3,Light Heavy,1,Low,0,Low,0,3.20176,711.542,6.56884,0.0576669,0.185104
1549,RL,3,Light Heavy,-0.970316,Low,0,Low,0,3.23783,718.489,6.57854,0.057783,0.185095
1550,RL,3,Light Heavy,-0.315046,Low,0,Low,0,3.24744,720.76,6.58169,0.0576839,0.185085
1551,RL,3,Light Heavy,0.910711,Low,0,Low,0,3.21736,714.216,6.57259,0.0574564,0.185076
1552,RL,3,Balanced,-0.541639,Low,0,Low,0,3.23824,718.101,6.578,0.0579075,0.185067
1553,RL,3,Balanced,-0.482512,Low,0,Low,0,3.25427,721.579,6.58283,0.0629378,0.185058
1554,RL,3,Balanced,0.544596,Low,0,Low,0,3.23523,717.654,6.57738,0.0623769,0.185048
1555,RL,3,Balanced,0.263405,Low,0,Low,0,3.232,715.764,6.57475,0.0623815,0.185039
1556,RL,3,Balanced,0.0248432,Low,0,Low,0,3.22857,715.586,6.5745,0.0626958,0.18503
1557,RL,3,Balanced,-0.335503,Low,0,Low,0,3.24405,717.994,6.57785,0.0629486,0.185021
1558,RL,3,Balanced,-0.369644,Low,0,Low,0,3.24871,720.657,6.58155,0.0627665,0.185011
1559,RL,3,Balanced,0.318241,Low,0,Low,0,3.24382,718.364,6.57837,0.0626274,0.185002
1560,RL,3,Balanced,-0.0279427,Low,0,Low,0,3.24338,718.565,6.57865,0.0625613,0.184993
1561,RL,3,Balanced,-0.410318,Low,0,Low,0,3.25228,721.523,6.58275,0.062506,0.184984
1562,RL,3,Balanced,1,Low,0,Low,0,3.21388,711.82,6.56923,0.0624283,0.184974
1563,RL,3,Balanced,-1,Low,0,Low,0,3.2448,719.631,6.58013,0.0626205,0.184965
1564,RL,3,Balanced,0.286341,Low,0,Low,0,3.23667,717.57,6.57726,0.0627327,0.184956
1565,RL,3,Balanced,-0.814629,Low,0,Low,0,3.2667,723.448,6.58541,0.0629271,0.184947
1566,RL,3,Balanced,0.89035,Low,0,Low,0,3.23264,717.026,6.57651,0.0625321,0.184937
1567,RL,3,Balanced,-1,Low,0,Low,0,3.28554,728.119,6.59184,0.062655,0.184928
1568,RL,3,Balanced,0.91753,Low,0,Low,0,3.24863,721.46,6.58266,0.062559,0.184919
1569,RL,3,Balanced,-0.339508,Low,0,Low,0,3.26767,723.917,6.58606,0.0628633,0.18491
1570,RL,3,Balanced,0.857925,Low,0,Low,0,3.23652,717.724,6.57748,0.0628472,0.1849
1571,RL,3,Balanced,-0.599957,Low,0,Low,0,3.25493,722.049,6.58348,0.0628664,0.184891
1572,RL,3,Balanced,1,Low,0,Low,0,3.2165,712.553,6.57026,0.0625106,0.184882
1573,RL,3,Balanced,0.0261784,Low,0,Low,0,3.21522,712.367,6.57,0.0626389,0.184873
1574,RL,3,Balanced,-0.775862,Low,0,Low,0,3.23931,717.923,6.57775,0.0626758,0.184863
1575,RL,3,Balanced,0.279427,Low,0,Low,0,3.22907,715.917,6.57496,0.0625682,0.184854
1576,RL,3,Balanced,-1,Low,0,Low,0,3.26169,723.411,6.58536,0.0625574,0.184845
1577,RL,3,Balanced,1,Low,0,Low,0,3.22965,715.235,6.57401,0.0621601,0.184836
1578,RL,3,Balanced,-0.231457,Low,0,Low,0,3.23515,716.894,6.57632,0.062569,0.184826
1579,RL,3,Balanced,-0.328588,Low,0,Low,0,3.24609,719.257,6.57961,0.0629163,0.184817
1580,RL,3,Balanced,1,Low,0,Low,0,3.2034,708.681,6.56482,0.0625444,0.184808
1581,RL,3,Balanced,-1,Low,0,Low,0,3.25199,721.429,6.58262,0.0626143,0.184799
1582,RL,3,Balanced,-0.543308,Low,0,Low,0,3.27102,725.364,6.58805,0.0629939,0.18479
1583,RL,3,Balanced,0.237894,Low,0,Low,0,3.26456,723.639,6.58567,0.0626965,0.18478
1584,RL,3,Balanced,1,Low,0,Low,0,3.22848,714.813,6.57342,0.0624414,0.184771
1585,RL,3,Balanced,-0.79875,Low,0,Low,0,3.249,720.553,6.58141,0.0624306,0.184762
1586,RL,3,Balanced,1,Low,0,Low,0,3.21561,711.446,6.5687,0.0626235,0.184753
1587,RL,3,Balanced,-1,Low,0,Low,0,3.26483,723.508,6.58549,0.0627035,0.184743
1588,RL,3,Balanced,0.316763,Low,0,Low,0,3.25341,721.216,6.58232,0.0625705,0.184734
1589,RL,3,Balanced,0.45023,Low,0,Low,0,3.24145,717.972,6.57782,0.062718,0.184725
1590,RL,3,Balanced,-0.563622,Low,0,Low,0,3.25748,722.035,6.58346,0.0629494,0.184716
1591,RL,3,Balanced,0.37322,Low,0,Low,0,3.24506,719.342,6.57973,0.0626182,0.184706
1592,RL,3,Balanced,-0.375223,Low,0,Low,0,3.26059,722.05,6.58348,0.0629932,0.184697
1593,RL,3,Balanced,0.3088,Low,0,Low,0,3.25009,719.821,6.58039,0.0627019,0.184688
1594,RL,3,Balanced,-0.358105,Low,0,Low,0,3.2611,722.407,6.58397,0.0629739,0.184679
1595,RL,3,Balanced,-0.205708,Low,0,Low,0,3.2664,723.896,6.58603,0.0626481,0.184669
1596,RL,3,Balanced,1,Low,0,Low,0,3.22743,715.259,6.57404,0.0625567,0.18466
1597,RL,3,Balanced,-1,Low,0,Low,0,3.27168,725.179,6.5878,0.0626719,0.184651
1598,RL,3,Balanced,0.845671,Low,0,Low,0,3.24679,719.064,6.57934,0.0625936,0.184642
1599,RL,3,Balanced,0.507021,Low,0,Low,0,3.23348,715.422,6.57427,0.06303,0.184633
1600,RL,3,Balanced,-0.661135,Low,0,Low,0,3.2486,720.175,6.58088,0.0626358,0.184623
1601,RL,3,Balanced,0.428963,Low,0,Low,0,3.23304,717.088,6.57659,0.0625697,0.184614
1602,RL,3,Balanced,-0.563765,Low,0,Low,0,3.2498,721.147,6.58223,0.0625467,0.184605
1603,RL,3,Balanced,0.379229,Low,0,Low,0,3.24187,718.414,6.57844,0.0628817,0.184596
1604,RL,3,Balanced,-0.575829,Low,0,Low,0,3.25925,722.568,6.5842,0.0629125,0.184586
1605,RL,3,Balanced,-0.191736,Low,0,Low,0,3.27063,723.957,6.58611,0.0628149,0.184577
1606,RL,3,Balanced,1,Low,0,Low,0,3.22615,715.38,6.57421,0.0625682,0.184568
1607,RL,3,Balanced,-0.0720024,Low,0,Low,0,3.23304,715.896,6.57493,0.062652,0.184559
1608,RL,3,Balanced,-0.207472,Low,0,Low,0,3.23686,717.385,6.57701,0.0629225,0.184549
1609,RL,3,Balanced,0.0885963,Low,0,Low,0,3.23454,716.749,6.57612,0.0626228,0.18454
1610,RL,3,Balanced,-0.539732,Low,0,Low,0,3.24978,720.633,6.58152,0.0626773,0.184531
1611,RL,3,Balanced,0.91629,Low,0,Low,0,3.21961,714.051,6.57235,0.0624168,0.184522
1612,RL,3,Balanced,-1,Low,0,Low,0,3.24753,721.39,6.58256,0.0626035,0.184513
1613,RL,3,Balanced,-0.213814,Low,0,Low,0,3.26705,722.936,6.5847,0.0626228,0.184503
1614,RL,3,Balanced,1,Low,0,Low,0,3.22217,713.976,6.57225,0.0628863,0.184494
1615,RL,3,Balanced,0.0279903,Low,0,Low,0,3.21446,713.776,6.57197,0.0623853,0.184485
1616,RL,3,Balanced,-0.816011,Low,0,Low,0,3.2485,719.632,6.58013,0.0626174,0.184476
1617,RL,3,Balanced,0.102663,Low,0,Low,0,3.24202,718.893,6.5791,0.0624068,0.184466
1618,RL,3,Balanced,-0.379944,Low,0,Low,0,3.25458,721.633,6.5829,0.0629255,0.184457
1619,RL,3,Balanced,0.793505,Low,0,Low,0,3.22792,715.922,6.57497,0.0627081,0.184448
1620,RL,3,Balanced,0.233459,Low,0,Low,0,3.2216,714.25,6.57263,0.0626266,0.184439
1621,RL,3,Balanced,-0.173426,Low,0,Low,0,3.23023,715.492,6.57437,0.0625559,0.18443
1622,RL,3,Balanced,-0.441647,Low,0,Low,0,3.24028,718.663,6.57878,0.0628518,0.18442
1623,RL,3,Balanced,1,Low,0,Low,0,3.19869,708.578,6.56467,0.0622201,0.184411
1624,RL,3,Balanced,-1,Low,0,Low,0,3.22456,715.89,6.57492,0.0625882,0.184402
1625,RL,3,Balanced,0.0520706,Low,0,Low,0,3.22693,715.517,6.5744,0.0625989,0.184393
1626,RL,3,Balanced,-1,Low,0,Low,0,3.26654,724.36,6.58667,0.0630347,0.184383
1627,RL,3,Balanced,1,Low,0,Low,0,3.22689,715.363,6.57419,0.0626658,0.184374
1628,RL,3,Balanced,-0.665331,Low,0,Low,0,3.24511,720.146,6.58084,0.0627926,0.184365
1629,RL,3,Balanced,-0.0535011,Low,0,Low,0,3.24988,720.531,6.58138,0.0626566,0.184356
1630,RL,3,Balanced,0.622511,Low,0,Low,0,3.23251,716.054,6.57515,0.0627465,0.184347
1631,RL,3,Balanced,-0.784063,Low,0,Low,0,3.25983,721.698,6.58299,0.0628203,0.184337
1632,RL,3,Balanced,0.408363,Low,0,Low,0,3.24002,718.753,6.57891,0.0625751,0.184328
1633,RL,3,Balanced,-0.261402,Low,0,Low,0,3.25059,720.637,6.58152,0.0626942,0.184319
1634,RL,3,Balanced,0.166988,Low,0,Low,0,3.24573,719.433,6.57985,0.0626558,0.18431
1635,RL,3,Balanced,0.456238,Low,0,Low,0,3.23468,716.154,6.57529,0.0627857,0.1843
1636,RL,3,Balanced,-1,Low,0,Low,0,3.26139,723.596,6.58561,0.0625751,0.184291
1637,RL,3,Balanced,0.602865,Low,0,Low,0,3.24669,719.241,6.57959,0.0628149,0.184282
1638,RL,3,Balanced,-0.229836,Low,0,Low,0,3.25116,720.898,6.58188,0.0626643,0.184273
1639,RL,3,Balanced,0.0247002,Low,0,Low,0,3.24881,720.72,6.58164,0.0627703,0.184264
1640,RL,3,Balanced,-0.275517,Low,0,Low,0,3.25699,722.711,6.58439,0.0626158,0.184254
1641,RL,3,Balanced,0.404692,Low,0,Low,0,3.24846,719.788,6.58035,0.0627465,0.184245
1642,RL,3,Balanced,-1,Low,0,Low,0,3.28279,729.236,6.59337,0.0629517,0.184236
1643,RL,3,Balanced,0.926876,Low,0,Low,0,3.25839,722.499,6.5841,0.0626051,0.184227
1644,RL,3,Balanced,0.529242,Low,0,Low,0,3.23757,718.68,6.57881,0.0623054,0.184218
1645,RL,3,Balanced,-1,Low,0,Low,0,3.28968,728.965,6.593,0.0627534,0.184208
1646,RL,3,Balanced,1,Low,0,Low,0,3.23787,717.979,6.57783,0.0625321,0.184199
1647,RL,3,Balanced,-0.157261,Low,0,Low,0,3.24714,719.11,6.5794,0.0629663,0.18419
1648,RL,3,Balanced,-0.62027,Low,0,Low,0,3.26406,723.591,6.58561,0.0628441,0.184181
1649,RL,3,Balanced,0.903988,Low,0,Low,0,3.235,717.07,6.57657,0.0627941,0.184171
1650,RL,3,Balanced,-0.837183,Low,0,Low,0,3.26015,723.107,6.58494,0.062506,0.184162
1651,RL,3,Balanced,0.359488,Low,0,Low,0,3.24803,720.509,6.58134,0.0626489,0.184153
1652,RL,3,Balanced,0.413036,Low,0,Low,0,3.23785,717.534,6.57721,0.0625582,0.184144
1653,RL,3,Balanced,-0.540352,Low,0,Low,0,3.25211,721.428,6.58262,0.0628034,0.184135
1654,RL,3,Balanced,-0.245619,Low,0,Low,0,3.26204,723.204,6.58507,0.0628587,0.184125
1655,RL,3,Balanced,0.19145,Low,0,Low,0,3.25514,721.819,6.58316,0.0628318,0.184116
1656,RL,3,Balanced,-0.260687,Low,0,Low,0,3.2653,723.706,6.58577,0.0627511,0.184107
1657,RL,3,Balanced,-0.0552177,Low,0,Low,0,3.26676,724.106,6.58632,0.0626182,0.184098
1658,RL,3,Balanced,0.871658,Low,0,Low,0,3.23687,717.813,6.5776,0.0624399,0.184089
1659,RL,3,Balanced,-0.307274,Low,0,Low,0,3.24629,720.025,6.58067,0.0628133,0.184079
1660,RL,3,Balanced,0.0386715,Low,0,Low,0,3.24656,719.747,6.58029,0.0629663,0.18407
1661,RL,3,Balanced,0.303841,Low,0,Low,0,3.2395,717.56,6.57725,0.0625336,0.184061
1662,RL,3,Balanced,-0.618219,Low,0,Low,0,3.26036,722.016,6.58343,0.062589,0.184052
1663,RL,3,Balanced,-0.150347,Low,0,Low,0,3.26427,723.104,6.58493,0.0630946,0.184043
1664,RL,3,BSDF Heavy,0.560331,Low,0,Low,0,3.24285,719.058,6.57933,0.0625551,0.184033
1665,RL,3,BSDF Heavy,-1,Low,0,Low,0,3.28671,728.254,6.59202,0.0659909,0.184024
1666,RL,3,BSDF Heavy,1,Low,0,Low,0,3.25164,718.409,6.57843,0.0661469,0.184015
1667,RL,3,BSDF Heavy,0.0038147,Low,0,Low,0,3.24546,718.382,6.57839,0.0658342,0.184006
1668,RL,3,BSDF Heavy,0.0951767,Low,0,Low,0,3.2388,717.698,6.57744,0.0656689,0.183997
1669,RL,3,BSDF Heavy,0.490761,Low,0,Low,0,3.22499,714.179,6.57253,0.0657419,0.183987
1670,RL,3,BSDF Heavy,-1,Low,0,Low,0,3.26487,721.798,6.58313,0.0659095,0.183978
1671,RL,3,BSDF Heavy,0.470495,Low,0,Low,0,3.24423,718.405,6.57842,0.0656874,0.183969
1672,RL,3,BSDF Heavy,0.0148296,Low,0,Low,0,3.24413,718.298,6.57828,0.0656951,0.18396
1673,RL,3,BSDF Heavy,-0.101614,Low,0,Low,0,3.24969,719.03,6.57929,0.065775,0.183951
1674,RL,3,BSDF Heavy,0.224543,Low,0,Low,0,3.24154,717.415,6.57705,0.065808,0.183941
1675,RL,3,BSDF Heavy,-0.362635,Low,0,Low,0,3.25326,720.025,6.58067,0.0658711,0.183932
1676,RL,3,BSDF Heavy,-1,Low,0,Low,0,3.28181,727.348,6.59078,0.065735,0.183923
1677,RL,3,BSDF Heavy,0.559759,Low,0,Low,0,3.25683,723.283,6.58518,0.0657435,0.183914
1678,RL,3,BSDF Heavy,0.936031,Low,0,Low,0,3.23775,716.535,6.57582,0.0658203,0.183905
1679,RL,3,BSDF Heavy,-1,Low,0,Low,0,3.27082,723.815,6.58592,0.066004,0.183895
1680,RL,3,Balanced,0.62809,Low,0,Low,0,3.24861,719.277,6.57964,0.0659917,0.183886
1681,RL,3,Balanced,-0.592852,Low,0,Low,0,3.26437,723.56,6.58556,0.0629002,0.183877
1682,RL,3,Balanced,0.764179,Low,0,Low,0,3.23333,718.044,6.57792,0.0625428,0.183868
1683,RL,3,Balanced,-1,Low,0,Low,0,3.28045,727.511,6.591,0.0627242,0.183859
1684,RL,3,Balanced,1,Low,0,Low,0,3.24515,718.911,6.57913,0.0624783,0.183849
1685,RL,3,Balanced,-0.106812,Low,0,Low,0,3.24376,719.68,6.58019,0.0626942,0.18384
1686,RL,3,Balanced,-0.629091,Low,0,Low,0,3.26828,724.228,6.58649,0.0627665,0.183831
1687,RL,3,Balanced,0.599051,Low,0,Low,0,3.24546,719.896,6.5805,0.0626827,0.183822
1688,RL,3,Balanced,-0.859165,Low,0,Low,0,3.26852,726.117,6.58909,0.0626128,0.183813
1689,RL,3,Balanced,0.549221,Low,0,Low,0,3.25363,722.134,6.58359,0.0626059,0.183804
1690,RL,3,Balanced,-0.181389,Low,0,Low,0,3.26321,723.447,6.58541,0.0629824,0.183794
1691,RL,3,Balanced,1,Low,0,Low,0,3.21641,712.798,6.5706,0.0627157,0.183785
1692,RL,3,Balanced,-0.996304,Low,0,Low,0,3.24557,719.945,6.58056,0.0626143,0.183776
1693,RL,3,Balanced,-0.220823,Low,0,Low,0,3.25613,721.539,6.58277,0.062957,0.183767
1694,RL,3,Balanced,1,Low,0,Low,0,3.22288,713.3,6.5713,0.062652,0.183758
1695,RL,3,Balanced,-0.0405312,Low,0,Low,0,3.22077,713.589,6.57171,0.0624883,0.183748
1696,RL,3,Balanced,-1,Low,0,Low,0,3.2685,725.693,6.5885,0.0628948,0.183739
1697,RL,3,Balanced,0.501633,Low,0,Low,0,3.25521,722.057,6.58349,0.0629355,0.18373
1698,RL,3,Balanced,1,Low,0,Low,0,3.22184,714.218,6.57259,0.0628295,0.183721
1699,RL,3,Balanced,-0.653458,Low,0,Low,0,3.2413,718.906,6.57912,0.0632214,0.183712
1700,RL,3,Balanced,0.00758171,Low,0,Low,0,3.24368,718.852,6.57905,0.0626773,0.183702
1701,RL,3,Balanced,0.000238419,Low,0,Low,0,3.2377,718.85,6.57904,0.0624476,0.183693
1702,RL,3,Balanced,0.311089,Low,0,Low,0,3.23238,716.614,6.57593,0.0625713,0.183684
1703,RL,3,Balanced,-1,Low,0,Low,0,3.2672,724.273,6.58655,0.0626105,0.183675
1704,RL,3,Balanced,0.969458,Low,0,Low,0,3.23203,717.275,6.57685,0.0626635,0.183666
1705,RL,3,Balanced,-0.775862,Low,0,Low,0,3.2608,722.87,6.58461,0.0628694,0.183657
1706,RL,3,Balanced,0.742769,Low,0,Low,0,3.23774,717.513,6.57718,0.0624107,0.183647
1707,RL,3,Balanced,0.159931,Low,0,Low,0,3.22741,716.365,6.57558,0.062393,0.183638
1708,RL,3,Balanced,-0.157881,Low,0,Low,0,3.23463,717.498,6.57716,0.062622,0.183629
1709,RL,3,Balanced,-0.647449,Low,0,Low,0,3.25344,722.165,6.58364,0.062718,0.18362
1710,RL,3,Balanced,-0.0217915,Low,0,Low,0,3.26156,722.323,6.58386,0.0628172,0.183611
1711,RL,3,Balanced,1,Low,0,Low,0,3.22471,714.66,6.57321,0.0621855,0.183601
1712,RL,3,Balanced,-0.862455,Low,0,Low,0,3.25033,720.859,6.58183,0.0627227,0.183592
1713,RL,3,Balanced,0.00162125,Low,0,Low,0,3.24291,720.847,6.58181,0.0625759,0.183583
1714,RL,3,Balanced,0.44775,Low,0,Low,0,3.23827,717.622,6.57734,0.0628633,0.183574
1715,RL,3,Balanced,-0.281668,Low,0,Low,0,3.24826,719.65,6.58015,0.0624675,0.183565
1716,RL,3,Balanced,-0.923586,Low,0,Low,0,3.27774,726.336,6.58939,0.0629709,0.183556
1717,RL,3,Balanced,0.275517,Low,0,Low,0,3.26841,724.335,6.58663,0.0626842,0.183546
1718,RL,3,Balanced,1,Low,0,Low,0,3.22964,716.354,6.57557,0.0626212,0.183537
1719,RL,3,Balanced,-0.676823,Low,0,Low,0,3.24948,721.226,6.58234,0.0626051,0.183528
1720,RL,3,Balanced,-0.171041,Low,0,Low,0,3.2558,722.463,6.58405,0.0625159,0.183519
1721,RL,3,Balanced,1,Low,0,Low,0,3.22829,714.787,6.57338,0.0623607,0.18351
1722,RL,3,Balanced,-1,Low,0,Low,0,3.27277,724.447,6.58679,0.0628341,0.1835
1723,RL,3,Balanced,1,Low,0,Low,0,3.22112,713.332,6.57135,0.0628472,0.183491
1724,RL,3,Balanced,-0.75655,Low,0,Low,0,3.23788,718.757,6.57891,0.0625259,0.183482
1725,RL,3,Balanced,-0.36335,Low,0,Low,0,3.25212,721.377,6.58255,0.062768,0.183473
1726,RL,3,Balanced,0.249529,Low,0,Low,0,3.24775,719.576,6.58005,0.0625951,0.183464
1727,RL,3,Balanced,-0.239515,Low,0,Low,0,3.25455,721.304,6.58245,0.0626051,0.183455
1728,RL,3,Light Heavy,1,Low,0,Low,0,3.22719,713.771,6.57196,0.0627242,0.183445
1729,RL,3,Light Heavy,-0.977421,Low,0,Low,0,3.24694,720.792,6.58174,0.057836,0.183436
1730,RL,3,Light Heavy,0.0520706,Low,0,Low,0,3.24423,720.416,6.58122,0.0576185,0.183427
1731,RL,3,Light Heavy,0.313473,Low,0,Low,0,3.23117,718.158,6.57808,0.0573334,0.183418
1732,RL,3,Light Heavy,0.126886,Low,0,Low,0,3.22718,717.246,6.57681,0.0577853,0.183409
1733,RL,3,Light Heavy,0.803566,Low,0,Low,0,3.20511,711.498,6.56878,0.0574902,0.1834
1734,RL,3,Light Heavy,-0.941277,Low,0,Low,0,3.2353,718.236,6.57819,0.0575394,0.18339
1735,RL,3,Light Heavy,-0.951099,Low,0,Low,0,3.26489,725.109,6.5877,0.0576377,0.183381
1736,RL,3,Light Heavy,0.431204,Low,0,Low,0,3.2499,721.985,6.58339,0.0576623,0.183372
1737,RL,3,Light Heavy,0.916195,Low,0,Low,0,3.21587,715.391,6.57423,0.057657,0.183363
1738,RL,3,Light Heavy,-0.338125,Low,0,Low,0,3.23239,717.818,6.57761,0.0576923,0.183354
1739,RL,3,Light Heavy,0.764322,Low,0,Low,0,3.21735,712.345,6.56996,0.0578867,0.183345
1740,RL,3,Light Heavy,-0.216913,Low,0,Low,0,3.21989,713.893,6.57213,0.0578352,0.183335
1741,RL,3,Light Heavy,-1,Low,0,Low,0,3.2624,723.729,6.5858,0.0579159,0.183326
1742,RL,3,Light Heavy,0.718021,Low,0,Low,0,3.23989,718.544,6.57862,0.0576239,0.183317
1743,RL,3,Light Heavy,-1,Low,0,Low,0,3.26421,726.137,6.58911,0.0574041,0.183308
1744,RL,3,Balanced,0.463581,Low,0,Low,0,3.25704,722.774,6.58448,0.0579321,0.183299
1745,RL,3,Balanced,0.232983,Low,0,Low,0,3.25416,721.089,6.58215,0.0627219,0.18329
1746,RL,3,Balanced,-0.141048,Low,0,Low,0,3.26035,722.109,6.58356,0.0626051,0.18328
1747,RL,3,Balanced,0.984144,Low,0,Low,0,3.23041,715.027,6.57372,0.0625997,0.183271
1748,RL,3,Balanced,-0.480366,Low,0,Low,0,3.2418,718.475,6.57852,0.0625336,0.183262
1749,RL,3,Balanced,-0.418472,Low,0,Low,0,3.25648,721.492,6.58271,0.0627765,0.183253
1750,RL,3,Balanced,-0.771523,Low,0,Low,0,3.27589,727.088,6.59042,0.0623046,0.183244
1751,RL,3,Balanced,1,Low,0,Low,0,3.21988,712.841,6.57066,0.062353,0.183235
1752,RL,3,Balanced,-1,Low,0,Low,0,3.2603,721.604,6.58286,0.0625398,0.183225
1753,RL,3,Balanced,0.67606,Low,0,Low,0,3.2341,716.735,6.5761,0.0628064,0.183216
1754,RL,3,Balanced,0.039196,Low,0,Low,0,3.23131,716.454,6.57571,0.0623815,0.183207
1755,RL,3,Balanced,-0.587177,Low,0,Low,0,3.24967,720.679,6.58158,0.062519,0.183198
1756,RL,3,Balanced,0.0247955,Low,0,Low,0,3.25078,720.5,6.58133,0.0628064,0.183189
1757,RL,3,Balanced,-0.1369,Low,0,Low,0,3.2535,721.489,6.5827,0.0626604,0.18318
1758,RL,3,Balanced,0.885153,Low,0,Low,0,3.23335,715.122,6.57385,0.0628594,0.18317
1759,RL,3,Balanced,-0.451946,Low,0,Low,0,3.24079,718.365,6.57837,0.0626673,0.183161
1760,RL,3,Balanced,-0.570869,Low,0,Low,0,3.25616,722.484,6.58408,0.0625513,0.183152
1761,RL,3,Balanced,-0.105047,Low,0,Low,0,3.26495,723.244,6.58513,0.0628149,0.183143
1762,RL,3,Balanced,0.186682,Low,0,Low,0,3.25396,721.894,6.58326,0.062728,0.183134
1763,RL,3,Balanced,0.347376,Low,0,Low,0,3.24534,719.387,6.57979,0.0622047,0.183125
1764,RL,3,Balanced,0.81315,Low,0,Low,0,3.2213,713.553,6.57166,0.0625052,0.183116
1765,RL,3,Balanced,-0.957441,Low,0,Low,0,3.25529,720.427,6.58123,0.0627941,0.183106
1766,RL,3,Balanced,-0.73185,Low,0,Low,0,3.27316,725.726,6.58855,0.0628979,0.183097
1767,RL,3,Balanced,1,Low,0,Low,0,3.23011,716.013,6.57509,0.0625805,0.183088
1768,RL,3,Balanced,-0.182438,Low,0,Low,0,3.23149,717.323,6.57692,0.0624721,0.183079
1769,RL,3,Balanced,0.0395775,Low,0,Low,0,3.23334,717.039,6.57652,0.0624744,0.18307
1770,RL,3,Balanced,0.379324,Low,0,Low,0,3.22152,714.32,6.57273,0.0624637,0.183061
1771,RL,3,Balanced,-0.848627,Low,0,Low,0,3.2481,720.416,6.58122,0.0620334,0.183051
1772,RL,3,Balanced,0.283289,Low,0,Low,0,3.24056,718.376,6.57838,0.063153,0.183042
1773,RL,3,Balanced,-0.655985,Low,0,Low,0,3.26403,723.11,6.58494,0.0629186,0.183033
1774,RL,3,Balanced,0.00896454,Low,0,Low,0,3.26047,723.045,6.58485,0.0626842,0.183024
1775,RL,3,Balanced,0.979757,Low,0,Low,0,3.23022,715.986,6.57506,0.0628034,0.183015
1776,RL,3,Light Heavy,-0.757742,Low,0,Low,0,3.25307,721.439,6.58263,0.0626543,0.183006
1777,RL,3,Light Heavy,-0.162983,Low,0,Low,0,3.2543,722.618,6.58426,0.0577622,0.182997
1778,RL,3,Light Heavy,0.722694,Low,0,Low,0,3.23526,717.407,6.57704,0.0578176,0.182987
1779,RL,3,Light Heavy,0.408602,Low,0,Low,0,3.21981,714.478,6.57295,0.0576762,0.182978
1780,RL,3,Light Heavy,-0.312901,Low,0,Low,0,3.22803,716.72,6.57608,0.0576992,0.182969
1781,RL,3,Light Heavy,-1,Low,0,Low,0,3.26345,725.752,6.58859,0.057647,0.18296
1782,RL,3,Light Heavy,0.646782,Low,0,Low,0,3.24282,721.067,6.58212,0.0574533,0.182951
1783,RL,3,Light Heavy,0.904608,Low,0,Low,0,3.21674,714.565,6.57307,0.0576508,0.182942
1784,RL,3,Light Heavy,-1,Low,0,Low,0,3.26354,723.822,6.58593,0.0577715,0.182933
1785,RL,3,Light Heavy,0.695705,Low,0,Low,0,3.2408,718.796,6.57897,0.0579659,0.182923
1786,RL,3,Light Heavy,1,Low,0,Low,0,3.1993,710.467,6.56733,0.0574318,0.182914
1787,RL,3,Light Heavy,-0.941086,Low,0,Low,0,3.23077,717.194,6.57674,0.0578714,0.182905
1788,RL,3,Light Heavy,0.0335217,Low,0,Low,0,3.22928,716.953,6.5764,0.057524,0.182896
1789,RL,3,Light Heavy,-0.530767,Low,0,Low,0,3.24443,720.774,6.58171,0.0576908,0.182887
1790,RL,3,Light Heavy,0.239372,Low,0,Low,0,3.24291,719.048,6.57932,0.0578906,0.182878
1791,RL,3,Light Heavy,0.189495,Low,0,Low,0,3.23328,717.685,6.57742,0.0575632,0.182869
1792,RL,3,Light Heavy,-0.774384,Low,0,Low,0,3.2605,723.272,6.58517,0.0579059,0.182859
1793,RL,3,Light Heavy,0.474453,Low,0,Low,0,3.2436,719.844,6.58042,0.0580097,0.18285
1794,RL,3,Light Heavy,0.225163,Low,0,Low,0,3.23606,718.223,6.57817,0.0577937,0.182841
1795,RL,3,Light Heavy,0.489664,Low,0,Low,0,3.21745,714.709,6.57327,0.0576093,0.182832
1796,RL,3,Light Heavy,-0.541353,Low,0,Low,0,3.22984,718.594,6.57869,0.0572551,0.182823
1797,RL,3,Light Heavy,-0.070715,Low,0,Low,0,3.23677,719.103,6.57939,0.057793,0.182814
1798,RL,3,Light Heavy,0.153112,Low,0,Low,0,3.23166,718.002,6.57786,0.0575209,0.182805
1799,RL,3,Light Heavy,-0.463104,Low,0,Low,0,3.24509,721.339,6.58249,0.0576224,0.182795
1800,RL,3,Light Heavy,0.109196,Low,0,Low,0,3.24855,720.551,6.5814,0.0577423,0.182786
1801,RL,3,Light Heavy,-0.397635,Low,0,Low,0,3.25921,723.426,6.58538,0.0577776,0.182777
1802,RL,3,Light Heavy,-0.120449,Low,0,Low,0,3.26084,724.299,6.58658,0.057567,0.182768
1803,RL,3,Light Heavy,0.984907,Low,0,Low,0,3.22643,717.19,6.57673,0.0573012,0.182759
1804,RL,3,Light Heavy,-0.083065,Low,0,Low,0,3.22883,717.787,6.57757,0.0577323,0.18275
1805,RL,3,Light Heavy,-0.327158,Low,0,Low,0,3.24622,720.143,6.58084,0.0578299,0.182741
1806,RL,3,Light Heavy,0.538874,Low,0,Low,0,3.22344,716.267,6.57545,0.0577023,0.182731
1807,RL,3,Light Heavy,-0.876617,Low,0,Low,0,3.25338,722.582,6.58421,0.0574541,0.182722
1808,RL,3,Light Heavy,0.445604,Low,0,Low,0,3.24032,719.365,6.57976,0.0576547,0.182713
1809,RL,3,Light Heavy,-0.00901222,Low,0,Low,0,3.24296,719.43,6.57985,0.0576931,0.182704
1810,RL,3,Light Heavy,0.417185,Low,0,Low,0,3.22727,716.431,6.57568,0.0580251,0.182695
1811,RL,3,Light Heavy,0.196409,Low,0,Low,0,3.21952,715.023,6.57371,0.0578222,0.182686
1812,RL,3,Light Heavy,-1,Low,0,Low,0,3.27006,726.21,6.58922,0.0575563,0.182677
1813,RL,3,Light Heavy,0.211287,Low,0,Low,0,3.26565,724.675,6.5871,0.0580058,0.182667
1814,RL,3,Light Heavy,-0.0988007,Low,0,Low,0,3.26594,725.393,6.58809,0.0576846,0.182658
1815,RL,3,Light Heavy,0.840282,Low,0,Low,0,3.23968,719.315,6.57969,0.0576185,0.182649
1816,RL,3,Light Heavy,-0.523758,Low,0,Low,0,3.25293,723.097,6.58493,0.0580904,0.18264
1817,RL,3,Light Heavy,-0.0171661,Low,0,Low,0,3.25302,723.221,6.5851,0.0575563,0.182631
1818,RL,3,Light Heavy,1,Low,0,Low,0,3.22126,715.252,6.57403,0.0575386,0.182622
1819,RL,3,Light Heavy,0.197649,Low,0,Low,0,3.21739,713.838,6.57206,0.057637,0.182613
1820,RL,3,Light Heavy,-0.804758,Low,0,Low,0,3.24507,719.613,6.5801,0.05774,0.182604
1821,RL,3,Light Heavy,-0.390816,Low,0,Low,0,3.25359,722.435,6.58401,0.0577338,0.182594
1822,RL,3,Light Heavy,1,Low,0,Low,0,3.21674,714.266,6.57266,0.0572796,0.182585
1823,RL,3,Light Heavy,-1,Low,0,Low,0,3.25442,721.866,6.58322,0.0580043,0.182576
1824,RL,3,Balanced,0.758076,Low,0,Low,0,3.22663,716.407,6.57564,0.0577476,0.182567
1825,RL,3,Balanced,-0.178194,Low,0,Low,0,3.23618,717.686,6.57743,0.0627081,0.182558
1826,RL,3,Balanced,0.0888824,Low,0,Low,0,3.23142,717.048,6.57654,0.0624652,0.182549
1827,RL,3,Balanced,-0.963831,Low,0,Low,0,3.26798,724.002,6.58617,0.0627765,0.18254
1828,RL,3,Balanced,0.522947,Low,0,Low,0,3.24889,720.22,6.58095,0.0626289,0.182531
1829,RL,3,Balanced,0.682688,Low,0,Low,0,3.23036,715.314,6.57412,0.0630177,0.182521
1830,RL,3,Balanced,0.05126,Low,0,Low,0,3.22939,714.947,6.57361,0.0623715,0.182512
1831,RL,3,Balanced,0.740004,Low,0,Low,0,3.20297,709.668,6.56621,0.0624091,0.182503
1832,RL,3,Balanced,-1,Low,0,Low,0,3.23614,718.051,6.57793,0.0623922,0.182494
1833,RL,3,Balanced,-0.368881,Low,0,Low,0,3.25417,720.709,6.58162,0.0626535,0.182485
1834,RL,3,Balanced,0.750017,Low,0,Low,0,3.23062,715.316,6.57412,0.0629009,0.182476
1835,RL,3,Balanced,-1,Low,0,Low,0,3.27233,725.496,6.58823,0.0629786,0.182467
1836,RL,3,Balanced,1,Low,0,Low,0,3.22349,714.433,6.57289,0.062436,0.182458
1837,RL,3,Balanced,0.056076,Low,0,Low,0,3.22502,714.032,6.57233,0.0626635,0.182448
1838,RL,3,Balanced,-0.184441,Low,0,Low,0,3.23084,715.352,6.57417,0.0626673,0.182439
1839,RL,3,Balanced,-0.695848,Low,0,Low,0,3.24643,720.354,6.58113,0.062509,0.18243
1840,RL,3,Light Heavy,-0.383949,Low,0,Low,0,3.26012,723.129,6.58497,0.062589,0.182421
1841,RL,3,Light Heavy,1,Low,0,Low,0,3.21726,713.849,6.57207,0.0577123,0.182412
1842,RL,3,Light Heavy,-1,Low,0,Low,0,3.26064,722.998,6.58479,0.0578329,0.182403
1843,RL,3,Light Heavy,0.911617,Low,0,Low,0,3.22772,716.428,6.57567,0.0576608,0.182394
1844,RL,3,Light Heavy,-0.772953,Low,0,Low,0,3.24626,721.995,6.5834,0.0576516,0.182385
1845,RL,3,Light Heavy,0.542736,Low,0,Low,0,3.23264,718.082,6.57798,0.0577346,0.182375
1846,RL,3,Light Heavy,-0.893497,Low,0,Low,0,3.26293,724.536,6.58691,0.0577207,0.182366
1847,RL,3,Light Heavy,-0.251055,Low,0,Low,0,3.27091,726.36,6.58942,0.0578752,0.182357
1848,RL,3,Light Heavy,0.0109196,Low,0,Low,0,3.27371,726.28,6.58931,0.0580366,0.182348
1849,RL,3,Light Heavy,0.327396,Low,0,Low,0,3.26009,723.903,6.58604,0.0580274,0.182339
1850,RL,3,Light Heavy,0.542116,Low,0,Low,0,3.24494,719.984,6.58062,0.057813,0.18233
1851,RL,3,Light Heavy,-0.127602,Low,0,Low,0,3.24834,720.904,6.58189,0.0580773,0.182321
1852,RL,3,Light Heavy,0.499105,Low,0,Low,0,3.23033,717.31,6.5769,0.0578306,0.182312
1853,RL,3,Light Heavy,-1,Low,0,Low,0,3.26437,724.865,6.58736,0.0579997,0.182303
1854,RL,3,Light Heavy,-0.0853062,Low,0,Low,0,3.26761,725.484,6.58822,0.0576216,0.182293
1855,RL,3,Light Heavy,0.132179,Low,0,Low,0,3.26509,724.524,6.58689,0.057969,0.182284
1856,RL,3,Light Heavy,0.710726,Low,0,Low,0,3.23857,719.386,6.57979,0.0576623,0.182275
1857,RL,3,Light Heavy,-0.44775,Low,0,Low,0,3.25483,722.619,6.58426,0.0581603,0.182266
1858,RL,3,Light Heavy,0.786352,Low,0,Low,0,3.22749,716.951,6.5764,0.0576308,0.182257
1859,RL,3,Light Heavy,-0.516891,Low,0,Low,0,3.24522,720.672,6.58157,0.0576985,0.182248
1860,RL,3,Light Heavy,0.601768,Low,0,Low,0,3.22159,716.342,6.57555,0.0574433,0.182239
1861,RL,3,Light Heavy,-1,Low,0,Low,0,3.27669,728.054,6.59175,0.0576731,0.18223
1862,RL,3,Light Heavy,1,Low,0,Low,0,3.21745,714.634,6.57317,0.0575909,0.18222
1863,RL,3,Light Heavy,-0.198174,Low,0,Low,0,3.2257,716.054,6.57515,0.0576047,0.182211
1864,RL,3,Light Heavy,-0.231552,Low,0,Low,0,3.23099,717.716,6.57747,0.0578521,0.182202
1865,RL,3,Light Heavy,-0.568819,Low,0,Low,0,3.24923,721.816,6.58315,0.0577707,0.182193
1866,RL,3,Light Heavy,0.291014,Low,0,Low,0,3.24066,719.716,6.58024,0.0575563,0.182184
1867,RL,3,Light Heavy,0.286579,Low,0,Low,0,3.22908,717.653,6.57738,0.0576485,0.182175
1868,RL,3,Light Heavy,-0.404167,Low,0,Low,0,3.24528,720.563,6.58142,0.0577384,0.182166
1869,RL,3,Light Heavy,-0.0484467,Low,0,Low,0,3.24903,720.913,6.5819,0.0579059,0.182157
1870,RL,3,Light Heavy,-0.218391,Low,0,Low,0,3.25817,722.491,6.58409,0.0579935,0.182148
1871,RL,3,Light Heavy,0.891304,Low,0,Low,0,3.22565,716.072,6.57518,0.0577553,0.182139
1872,RL,3,Light Heavy,-0.288486,Low,0,Low,0,3.23546,718.143,6.57806,0.0579144,0.182129
1873,RL,3,Light Heavy,-1,Low,0,Low,0,3.27922,728.171,6.59191,0.0579467,0.18212
1874,RL,3,Light Heavy,1,Low,0,Low,0,3.24085,720.176,6.58088,0.0578322,0.182111
1875,RL,3,Light Heavy,0.941658,Low,0,Low,0,3.21523,713.417,6.57147,0.0576001,0.182102
1876,RL,3,Light Heavy,-1,Low,0,Low,0,3.26552,724.709,6.58715,0.0577446,0.182093
1877,RL,3,Light Heavy,0.420523,Low,0,Low,0,3.24851,721.663,6.58294,0.0577546,0.182084
1878,RL,3,Light Heavy,0.0600815,Low,0,Low,0,3.24696,721.229,6.58234,0.0579497,0.182075
1879,RL,3,Light Heavy,0.299788,Low,0,Low,0,3.24027,719.067,6.57934,0.0580143,0.182066
1880,RL,3,Light Heavy,0.577927,Low,0,Low,0,3.22244,714.918,6.57357,0.0575517,0.182057
1881,RL,3,Light Heavy,-0.311565,Low,0,Low,0,3.22902,717.152,6.57668,0.0573649,0.182047
1882,RL,3,Light Heavy,-0.389528,Low,0,Low,0,3.24436,719.955,6.58058,0.0578168,0.182038
1883,RL,3,Light Heavy,-0.16942,Low,0,Low,0,3.24891,721.177,6.58227,0.0578498,0.182029
1884,RL,3,Light Heavy,0.0520706,Low,0,Low,0,3.24597,720.801,6.58175,0.0575663,0.18202
1885,RL,3,Light Heavy,-0.221968,Low,0,Low,0,3.25025,722.405,6.58397,0.057584,0.182011
1886,RL,3,Light Heavy,0.666237,Low,0,Low,0,3.23022,717.602,6.57731,0.0575125,0.182002
1887,RL,3,Light Heavy,0.735712,Low,0,Low,0,3.20964,712.334,6.56995,0.0573534,0.181993
1888,RL,3,Balanced,-0.360298,Low,0,Low,0,3.2157,714.909,6.57355,0.0573811,0.181984
1889,RL,3,Balanced,-0.567627,Low,0,Low,0,3.24348,718.984,6.57923,0.0626712,0.181975
1890,RL,3,Balanced,0.876999,Low,0,Low,0,3.21317,712.698,6.57046,0.0623646,0.181966
1891,RL,3,Balanced,-0.307465,Low,0,Low,0,3.22481,714.896,6.57353,0.0624606,0.181956
1892,RL,3,Balanced,0.0223637,Low,0,Low,0,3.22544,714.735,6.57331,0.0626235,0.181947
1893,RL,3,Balanced,0.0226498,Low,0,Low,0,3.21961,714.573,6.57308,0.0626235,0.181938
1894,RL,3,Balanced,-0.462246,Low,0,Low,0,3.24212,717.889,6.57771,0.0629248,0.181929
1895,RL,3,Balanced,-0.196838,Low,0,Low,0,3.24263,719.305,6.57967,0.062559,0.18192
1896,RL,3,Balanced,-1,Low,0,Low,0,3.27982,728.1,6.59181,0.0628902,0.181911
1897,RL,3,Balanced,1,Low,0,Low,0,3.22958,714.617,6.57315,0.0630477,0.181902
1898,RL,3,Balanced,-0.966072,Low,0,Low,0,3.25309,721.564,6.58281,0.0627342,0.181893
1899,RL,3,Balanced,-0.0886917,Low,0,Low,0,3.25969,722.205,6.58369,0.0629063,0.181884
1900,RL,3,Balanced,0.863361,Low,0,Low,0,3.22922,715.988,6.57506,0.0627396,0.181875
1901,RL,3,Balanced,-0.724888,Low,0,Low,0,3.2561,721.205,6.58231,0.0631084,0.181865
1902,RL,3,Balanced,0.112438,Low,0,Low,0,3.25154,720.393,6.58118,0.0627695,0.181856
1903,RL,3,Balanced,-0.0254154,Low,0,Low,0,3.25204,720.576,6.58144,0.0629079,0.181847
1904,RL,3,BSDF Heavy,0.454712,Low,0,Low,0,3.23582,717.302,6.57689,0.0622908,0.181838
1905,RL,3,BSDF Heavy,-0.349665,Low,0,Low,0,3.2531,719.819,6.58039,0.0658726,0.181829
1906,RL,3,BSDF Heavy,0.871229,Low,0,Low,0,3.22313,713.566,6.57168,0.0657811,0.18182
1907,RL,3,BSDF Heavy,-1,Low,0,Low,0,3.26055,721.993,6.5834,0.0660947,0.181811
1908,RL,3,BSDF Heavy,-0.201321,Low,0,Low,0,3.264,723.45,6.58541,0.0657566,0.181802
1909,RL,3,BSDF Heavy,-0.0299931,Low,0,Low,0,3.26778,723.667,6.58571,0.0658534,0.181793
1910,RL,3,BSDF Heavy,-0.105906,Low,0,Low,0,3.27362,724.435,6.58677,0.0659072,0.181784
1911,RL,3,BSDF Heavy,0.487995,Low,0,Low,0,3.25613,720.903,6.58189,0.0658027,0.181775
1912,RL,3,BSDF Heavy,-0.10643,Low,0,Low,0,3.2611,721.672,6.58296,0.0656167,0.181765
1913,RL,3,BSDF Heavy,0.1122,Low,0,Low,0,3.25304,720.862,6.58183,0.0656543,0.181756
1914,RL,3,BSDF Heavy,0.626707,Low,0,Low,0,3.23681,716.352,6.57557,0.0658311,0.181747
1915,RL,3,BSDF Heavy,-0.204086,Low,0,Low,0,3.24351,717.818,6.57761,0.0661031,0.181738
1916,RL,3,BSDF Heavy,-1,Low,0,Low,0,3.29067,729.059,6.59313,0.0658434,0.181729
1917,RL,3,BSDF Heavy,0.554323,Low,0,Low,0,3.2735,725.023,6.58758,0.0660478,0.18172
1918,RL,3,BSDF Heavy,1,Low,0,Low,0,3.23401,715.94,6.57499,0.0657427,0.181711
1919,RL,3,BSDF Heavy,-0.872755,Low,0,Low,0,3.26606,722.225,6.58372,0.0659963,0.181702
1920,RL,3,BSDF Heavy,-0.0291348,Low,0,Low,0,3.26463,722.435,6.58401,0.0660939,0.181693
1921,RL,3,BSDF Heavy,0.958157,Low,0,Low,0,3.22971,715.537,6.57443,0.065652,0.181684
1922,RL,3,BSDF Heavy,-0.518894,Low,0,Low,0,3.24573,719.265,6.57962,0.0657558,0.181675
1923,RL,3,BSDF Heavy,-0.402164,Low,0,Low,0,3.26141,722.167,6.58364,0.0659971,0.181666
1924,RL,3,BSDF Heavy,-0.117016,Low,0,Low,0,3.26647,723.014,6.58481,0.0659517,0.181656
1925,RL,3,BSDF Heavy,0.286961,Low,0,Low,0,3.25363,720.939,6.58194,0.0659587,0.181647
1926,RL,3,BSDF Heavy,0.208569,Low,0,Low,0,3.24942,719.435,6.57986,0.0658995,0.181638
1927,RL,3,BSDF Heavy,-0.328207,Low,0,Low,0,3.2574,721.803,6.58314,0.0659502,0.181629
1928,RL,3,BSDF Heavy,0.828218,Low,0,Low,0,3.23167,715.842,6.57486,0.0657327,0.18162
1929,RL,3,BSDF Heavy,-0.707865,Low,0,Low,0,3.25807,720.934,6.58193,0.0656935,0.181611
1930,RL,3,BSDF Heavy,0.0487328,Low,0,Low,0,3.25745,720.583,6.58145,0.0660855,0.181602
1931,RL,3,BSDF Heavy,0.377798,Low,0,Low,0,3.2437,717.861,6.57767,0.0655375,0.181593
1932,RL,3,BSDF Heavy,-0.173855,Low,0,Low,0,3.24857,719.112,6.57941,0.0657274,0.181584
1933,RL,3,BSDF Heavy,0.249052,Low,0,Low,0,3.23834,717.321,6.57692,0.0659533,0.181575
1934,RL,3,BSDF Heavy,-0.694895,Low,0,Low,0,3.26124,722.33,6.58387,0.0655252,0.181566
1935,RL,3,BSDF Heavy,0.37899,Low,0,Low,0,3.24895,719.594,6.58008,0.0657005,0.181557
1936,RL,3,BSDF Heavy,-0.474119,Low,0,Low,0,3.26464,723.019,6.58482,0.0659041,0.181548
1937,RL,3,BSDF Heavy,0.248528,Low,0,Low,0,3.25972,721.221,6.58233,0.0659925,0.181538
1938,RL,3,BSDF Heavy,-0.210285,Low,0,Low,0,3.26279,722.742,6.58443,0.0659794,0.181529
1939,RL,3,BSDF Heavy,0.258923,Low,0,Low,0,3.25642,720.87,6.58185,0.0661369,0.18152
1940,RL,3,BSDF Heavy,-0.255919,Low,0,Low,0,3.26572,722.72,6.5844,0.0661246,0.181511
1941,RL,3,BSDF Heavy,0.600576,Low,0,Low,0,3.24002,718.386,6.5784,0.0657873,0.181502
1942,RL,3,BSDF Heavy,-0.455952,Low,0,Low,0,3.25831,721.674,6.58296,0.0657796,0.181493
1943,RL,3,BSDF Heavy,-1,Low,0,Low,0,3.29221,729.239,6.59337,0.0662407,0.181484
1944,RL,3,BSDF Heavy,1,Low,0,Low,0,3.21036,709.628,6.56615,0.065941,0.181475
1945,RL,3,BSDF Heavy,-1,Low,0,Low,0,3.26129,722.621,6.58427,0.0659525,0.181466
1946,RL,3,BSDF Heavy,-0.361919,Low,0,Low,0,3.27497,725.245,6.58789,0.0657781,0.181457
1947,RL,3,BSDF Heavy,1,Low,0,Low,0,3.24434,717.997,6.57786,0.0659225,0.181448
1948,RL,3,BSDF Heavy,-0.638676,Low,0,Low,0,3.26333,722.603,6.58424,0.0658465,0.181439
1949,RL,3,BSDF Heavy,0.962019,Low,0,Low,0,3.23377,715.676,6.57462,0.065921,0.18143
1950,RL,3,BSDF Heavy,-0.785494,Low,0,Low,0,3.25661,721.327,6.58248,0.0662706,0.18142
1951,RL,3,BSDF Heavy,1,Low,0,Low,0,3.20853,710.687,6.56764,0.0656021,0.181411
1952,RL,3,BSDF Heavy,-1,Low,0,Low,0,3.254,720.9,6.58189,0.0659095,0.181402
1953,RL,3,BSDF Heavy,0.210381,Low,0,Low,0,3.25056,719.383,6.57978,0.0658634,0.181393
1954,RL,3,BSDF Heavy,0.609398,Low,0,Low,0,3.22944,715.006,6.57369,0.065931,0.181384
1955,RL,3,BSDF Heavy,-0.432301,Low,0,Low,0,3.25088,718.108,6.57801,0.0658841,0.181375
1956,RL,3,BSDF Heavy,-0.134706,Low,0,Low,0,3.25228,719.077,6.57936,0.0659825,0.181366
1957,RL,3,BSDF Heavy,0.158644,Low,0,Low,0,3.23873,717.936,6.57777,0.0660048,0.181357
1958,RL,3,BSDF Heavy,-0.280809,Low,0,Low,0,3.25155,719.957,6.58058,0.0659448,0.181348
1959,RL,3,BSDF Heavy,0.435591,Low,0,Low,0,3.23765,716.824,6.57622,0.0658027,0.181339
1960,RL,3,BSDF Heavy,-0.529861,Low,0,Low,0,3.25226,720.638,6.58152,0.0655883,0.18133
1961,RL,3,BSDF Heavy,0.639391,Low,0,Low,0,3.23374,716.038,6.57513,0.0656697,0.181321
1962,RL,3,BSDF Heavy,-0.298548,Low,0,Low,0,3.2462,718.182,6.57811,0.0657366,0.181312
1963,RL,3,BSDF Heavy,0.919914,Low,0,Low,0,3.21281,711.597,6.56892,0.0655683,0.181303
1964,RL,3,BSDF Heavy,-1,Low,0,Low,0,3.26522,723.046,6.58485,0.0660232,0.181294
1965,RL,3,BSDF Heavy,0.512695,Low,0,Low,0,3.24817,719.343,6.57973,0.0657104,0.181284
1966,RL,3,BSDF Heavy,0.0265121,Low,0,Low,0,3.2471,719.152,6.57946,0.0656705,0.181275
1967,RL,3,BSDF Heavy,-0.608063,Low,0,Low,0,3.26627,723.544,6.58554,0.0661139,0.181266
1968,RL,3,BSDF Heavy,-0.391483,Low,0,Low,0,3.27642,726.387,6.58946,0.0661723,0.181257
1969,RL,3,BSDF Heavy,1,Low,0,Low,0,3.2382,716.367,6.57559,0.0662069,0.181248
1970,RL,3,BSDF Heavy,-0.26989,Low,0,Low,0,3.2447,718.306,6.57829,0.0657881,0.181239
1971,RL,3,BSDF Heavy,0.288439,Low,0,Low,0,3.23752,716.234,6.5754,0.066044,0.18123
1972,RL,3,BSDF Heavy,-1,Low,0,Low,0,3.28105,727.077,6.59041,0.0661077,0.181221
1973,RL,3,BSDF Heavy,0.97003,Low,0,Low,0,3.25069,720.048,6.58071,0.0659671,0.181212
1974,RL,3,BSDF Heavy,0.0940323,Low,0,Low,0,3.25064,719.371,6.57977,0.0657481,0.181203
1975,RL,3,BSDF Heavy,0.121403,Low,0,Low,0,3.24561,718.497,6.57855,0.0656682,0.181194
1976,RL,3,BSDF Heavy,0.0285149,Low,0,Low,0,3.24444,718.291,6.57827,0.066047,0.181185
1977,RL,3,BSDF Heavy,-0.851202,Low,0,Low,0,3.2734,724.44,6.58678,0.0661147,0.181176
1978,RL,3,BSDF Heavy,0.832176,Low,0,Low,0,3.24406,718.428,6.57846,0.0656805,0.181167
1979,RL,3,BSDF Heavy,0.126982,Low,0,Low,0,3.24188,717.515,6.57719,0.0657258,0.181158
1980,RL,3,BSDF Heavy,0.0368118,Low,0,Low,0,3.2406,717.251,6.57682,0.0657811,0.181149
1981,RL,3,BSDF Heavy,-0.0810146,Low,0,Low,0,3.24306,717.833,6.57763,0.0658518,0.181139
1982,RL,3,BSDF Heavy,-0.106621,Low,0,Low,0,3.24716,718.6,6.5787,0.0658419,0.18113
1983,RL,3,BSDF Heavy,0.284338,Low,0,Low,0,3.23361,716.557,6.57585,0.065546,0.181121
1984,RL,3,BSDF Heavy,0.196648,Low,0,Low,0,3.23249,715.147,6.57389,0.0657289,0.181112
1985,RL,3,BSDF Heavy,-0.374413,Low,0,Low,0,3.24449,717.833,6.57763,0.0657289,0.181103
1986,RL,3,BSDF Heavy,0.287724,Low,0,Low,0,3.23576,715.768,6.57475,0.0658426,0.181094
1987,RL,3,BSDF Heavy,-0.493431,Low,0,Low,0,3.24589,719.314,6.57969,0.0657904,0.181085
1988,RL,3,BSDF Heavy,-0.909424,Low,0,Low,0,3.27994,725.894,6.58878,0.0659564,0.181076
1989,RL,3,BSDF Heavy,0.805998,Low,0,Low,0,3.24967,720.059,6.58072,0.0657973,0.181067
1990,RL,3,BSDF Heavy,-0.521755,Low,0,Low,0,3.26638,723.831,6.58594,0.0658511,0.181058
1991,RL,3,BSDF Heavy,0.82469,Low,0,Low,0,3.24328,717.878,6.57769,0.0660524,0.181049
1992,RL,3,BSDF Heavy,0.357819,Low,0,Low,0,3.23149,715.31,6.57411,0.0656981,0.18104
1993,RL,3,BSDF Heavy,-0.461435,Low,0,Low,0,3.24836,718.623,6.57873,0.0657911,0.181031
1994,RL,3,BSDF Heavy,-0.342894,Low,0,Low,0,3.26208,721.095,6.58216,0.0658734,0.181022
1995,RL,3,BSDF Heavy,-0.454426,Low,0,Low,0,3.26942,724.384,6.5867,0.0660109,0.181013
1996,RL,3,BSDF Heavy,0.510979,Low,0,Low,0,3.25599,720.687,6.58159,0.0658357,0.181004
1997,RL,3,BSDF Heavy,-0.229263,Low,0,Low,0,3.26813,722.343,6.58388,0.066077,0.180995
1998,RL,3,BSDF Heavy,0.824642,Low,0,Low,0,3.23795,716.403,6.57564,0.0659817,0.180986
1999,RL,3,BSDF Heavy,-0.713444,Low,0,Low,0,3.2563,721.539,6.58277,0.0656943,0.180977
2000,RL,3,BSDF Heavy,0.280237,Low,0,Low,0,3.25402,719.517,6.57997,0.0660808,0.180967
2001,RL,3,BSDF Heavy,-0.130129,Low,0,Low,0,3.25125,720.456,6.58127,0.0656029,0.180958
2002,RL,3,BSDF Heavy,-0.3335,Low,0,Low,0,3.26704,722.866,6.58461,0.0660586,0.180949
2003,RL,3,BSDF Heavy,0.219107,Low,0,Low,0,3.25683,721.281,6.58241,0.0654968,0.18094
2004,RL,3,BSDF Heavy,0.314379,Low,0,Low,0,3.24976,719.014,6.57927,0.0657681,0.180931
2005,RL,3,BSDF Heavy,-0.221348,Low,0,Low,0,3.25509,720.609,6.58148,0.0657189,0.180922
2006,RL,3,BSDF Heavy,-0.0295639,Low,0,Low,0,3.25525,720.823,6.58178,0.066296,0.180913
2007,RL,3,BSDF Heavy,0.828886,Low,0,Low,0,3.23167,714.865,6.57349,0.0659287,0.180904
2008,RL,3,BSDF Heavy,-0.588942,Low,0,Low,0,3.24993,719.093,6.57938,0.0657181,0.180895
2009,RL,3,BSDF Heavy,-0.49057,Low,0,Low,0,3.26684,722.634,6.58429,0.0659287,0.180886
2010,RL,3,BSDF Heavy,0.254393,Low,0,Low,0,3.2535,720.796,6.58174,0.0655836,0.180877
2011,RL,3,BSDF Heavy,0.0180721,Low,0,Low,0,3.2548,720.665,6.58156,0.0656013,0.180868
2012,RL,3,BSDF Heavy,-0.995302,Low,0,Low,0,3.28231,727.884,6.59151,0.0658549,0.180859
2013,RL,3,BSDF Heavy,0.410748,Low,0,Low,0,3.27591,724.896,6.58741,0.0659418,0.18085
2014,RL,3,BSDF Heavy,0.961304,Low,0,Low,0,3.23818,717.952,6.57779,0.065526,0.180841
2015,RL,3,BSDF Heavy,-0.626802,Low,0,Low,0,3.26055,722.472,6.58406,0.0655491,0.180832
2016,RL,3,BSDF Heavy,0.531006,Low,0,Low,0,3.24355,718.641,6.57875,0.0656674,0.180823
2017,RL,3,BSDF Heavy,0.427198,Low,0,Low,0,3.23071,715.573,6.57448,0.0661031,0.180814
2018,RL,3,BSDF Heavy,-1,Low,0,Low,0,3.28457,727.211,6.59059,0.065961,0.180805
2019,RL,3,BSDF Heavy,1,Low,0,Low,0,3.23854,716.96,6.57641,0.0659026,0.180796
2020,RL,3,BSDF Heavy,0.57373,Low,0,Low,0,3.22132,712.853,6.57068,0.0654953,0.180787
2021,RL,3,BSDF Heavy,-0.229025,Low,0,Low,0,3.22754,714.49,6.57297,0.0660317,0.180778
2022,RL,3,BSDF Heavy,-0.710726,Low,0,Low,0,3.25177,719.593,6.58007,0.0658688,0.180769
2023,RL,3,BSDF Heavy,-0.258636,Low,0,Low,0,3.25712,721.459,6.58266,0.0658319,0.180759
2024,RL,3,BSDF Heavy,-0.1019,Low,0,Low,0,3.26496,722.195,6.58368,0.0656682,0.18075
2025,RL,3,BSDF Heavy,-0.240421,Low,0,Low,0,3.27231,723.937,6.58608,0.0657496,0.180741
2026,RL,3,BSDF Heavy,0.342798,Low,0,Low,0,3.26055,721.456,6.58266,0.0658826,0.180732
2027,RL,3,BSDF Heavy,-0.385237,Low,0,Low,0,3.27201,724.244,6.58651,0.0658803,0.180723
2028,RL,3,BSDF Heavy,0.376225,Low,0,Low,0,3.25693,721.521,6.58275,0.0659833,0.180714
2029,RL,3,BSDF Heavy,-0.0522137,Low,0,Low,0,3.26037,721.898,6.58327,0.0658511,0.180705
2030,RL,3,BSDF Heavy,-0.122547,Low,0,Low,0,3.26383,722.784,6.58449,0.065722,0.180696
2031,RL,3,BSDF Heavy,-0.489712,Low,0,Low,0,3.27353,726.338,6.58939,0.0657758,0.180687
2032,RL,3,BSDF Heavy,0.0785828,Low,0,Low,0,3.27931,725.766,6.5886,0.0659218,0.180678
2033,RL,3,BSDF Heavy,1,Low,0,Low,0,3.22582,714.368,6.5728,0.0657673,0.180669
2034,RL,3,BSDF Heavy,-0.628185,Low,0,Low,0,3.24909,718.876,6.57908,0.0657796,0.18066
2035,RL,3,BSDF Heavy,-0.726748,Low,0,Low,0,3.2738,724.127,6.58635,0.0662622,0.180651
2036,RL,3,BSDF Heavy,-0.379229,Low,0,Low,0,3.28247,726.882,6.59014,0.0662053,0.180642
2037,RL,3,BSDF Heavy,0.936937,Low,0,Low,0,3.25387,720.094,6.58077,0.0660524,0.180633
2038,RL,3,BSDF Heavy,0.0300884,Low,0,Low,0,3.25034,719.878,6.58047,0.0657904,0.180624
2039,RL,3,BSDF Heavy,-0.0607967,Low,0,Low,0,3.25354,720.316,6.58108,0.0660855,0.180615
2040,RL,3,BSDF Heavy,-0.481606,Low,0,Low,0,3.26789,723.798,6.58589,0.0660593,0.180606
2041,RL,3,BSDF Heavy,0.250626,Low,0,Low,0,3.26257,721.984,6.58339,0.0658595,0.180597
2042,RL,3,BSDF Heavy,0.376272,Low,0,Low,0,3.24928,719.269,6.57962,0.0658434,0.180588
2043,RL,3,BSDF Heavy,-0.428772,Low,0,Low,0,3.26144,722.364,6.58391,0.0658142,0.180579
2044,RL,3,BSDF Heavy,-0.21019,Low,0,Low,0,3.27148,723.886,6.58601,0.0659932,0.18057
2045,RL,3,BSDF Heavy,-0.228596,Low,0,Low,0,3.27746,725.545,6.5883,0.0656405,0.180561
2046,RL,3,BSDF Heavy,0.307941,Low,0,Low,0,3.26457,723.31,6.58522,0.0659126,0.180552
2047,RL,3,BSDF Heavy,0.899458,Low,0,Low,0,3.23606,716.825,6.57623,0.0660232,0.180543
2048,RL,3,BSDF Heavy,-0.925398,Low,0,Low,0,3.26795,723.499,6.58548,0.0658757,0.180534
2049,RL,3,BSDF Heavy,0.849867,Low,0,Low,0,3.23993,717.367,6.57698,0.0655852,0.180525
2050,RL,3,BSDF Heavy,-0.539494,Low,0,Low,0,3.25604,721.253,6.58238,0.0660224,0.180516
2051,RL,3,BSDF Heavy,0.0287056,Low,0,Low,0,3.25589,721.046,6.58209,0.0657496,0.180507
2052,RL,3,BSDF Heavy,0.227451,Low,0,Low,0,3.24965,719.406,6.57981,0.0660186,0.180498
2053,RL,3,BSDF Heavy,-0.232172,Low,0,Low,0,3.25699,721.08,6.58214,0.0660693,0.180489
2054,RL,3,BSDF Heavy,-0.610638,Low,0,Low,0,3.27137,725.503,6.58824,0.0656159,0.18048
2055,RL,3,BSDF Heavy,1,Low,0,Low,0,3.23958,717.533,6.57721,0.065921,0.180471
2056,RL,3,BSDF Heavy,-0.508928,Low,0,Low,0,3.26059,721.199,6.5823,0.0663244,0.180461
2057,RL,3,BSDF Heavy,0.33803,Low,0,Low,0,3.244,718.761,6.57892,0.0657573,0.180452
2058,RL,3,BSDF Heavy,0.718355,Low,0,Low,0,3.22062,713.61,6.57174,0.0653593,0.180443
2059,RL,3,BSDF Heavy,-0.915861,Low,0,Low,0,3.2502,720.185,6.58089,0.0655106,0.180434
2060,RL,3,BSDF Heavy,-0.266552,Low,0,Low,0,3.25916,722.109,6.58356,0.0656997,0.180425
2061,RL,3,BSDF Heavy,0.546503,Low,0,Low,0,3.24395,718.168,6.5781,0.0656482,0.180416
2062,RL,3,BSDF Heavy,-0.0373363,Low,0,Low,0,3.24511,718.437,6.57847,0.0660232,0.180407
2063,RL,3,BSDF Heavy,-0.457478,Low,0,Low,0,3.25748,721.736,6.58304,0.0657573,0.180398
2064,RL,3,BSDF Heavy,-0.493574,Low,0,Low,0,3.27498,725.312,6.58798,0.0659779,0.180389
2065,RL,3,BSDF Heavy,0.551558,Low,0,Low,0,3.25937,721.317,6.58246,0.0658426,0.18038
2066,RL,3,BSDF Heavy,0.359631,Low,0,Low,0,3.2435,718.724,6.57887,0.0656397,0.180371
2067,RL,3,BSDF Heavy,-0.0104904,Low,0,Low,0,3.24358,718.799,6.57897,0.0656236,0.180362
2068,RL,3,BSDF Heavy,-0.971317,Low,0,Low,0,3.27457,725.825,6.58869,0.0658772,0.180353
2069,RL,3,BSDF Heavy,0.568819,Low,0,Low,0,3.26077,721.702,6.583,0.06618,0.180344
2070,RL,3,BSDF Heavy,-0.379848,Low,0,Low,0,3.27157,724.453,6.5868,0.0660109,0.180335
2071,RL,3,BSDF Heavy,0.268459,Low,0,Low,0,3.26302,722.508,6.58411,0.0659302,0.180326
2072,RL,3,BSDF Heavy,0.0239849,Low,0,Low,0,3.25973,722.334,6.58387,0.0660347,0.180317
2073,RL,3,BSDF Heavy,0.215101,Low,0,Low,0,3.25347,720.78,6.58172,0.0658103,0.180308
2074,RL,3,BSDF Heavy,0.568628,Low,0,Low,0,3.23663,716.687,6.57603,0.0658027,0.180299
2075,RL,3,BSDF Heavy,-0.758791,Low,0,Low,0,3.26212,722.154,6.58362,0.0659402,0.18029
2076,RL,3,BSDF Heavy,-0.316381,Low,0,Low,0,3.26991,724.445,6.58679,0.0659948,0.180281
2077,RL,3,BSDF Heavy,0.551367,Low,0,Low,0,3.25625,720.457,6.58127,0.0659479,0.180272
2078,RL,3,BSDF Heavy,0.824165,Low,0,Low,0,3.22584,714.535,6.57303,0.0656843,0.180263
2079,RL,3,BSDF Heavy,-0.620747,Low,0,Low,0,3.24689,718.99,6.57924,0.065599,0.180254
2080,RL,3,Light Heavy,-0.45085,Low,0,Low,0,3.26654,722.244,6.58375,0.0659871,0.180245
2081,RL,3,Light Heavy,0.300789,Low,0,Low,0,3.2455,720.072,6.58074,0.0577023,0.180236
2082,RL,3,Light Heavy,0.176048,Low,0,Low,0,3.23985,718.803,6.57898,0.0577707,0.180227
2083,RL,3,Light Heavy,1,Low,0,Low,0,3.20709,711.312,6.56852,0.0573488,0.180218
2084,RL,3,Light Heavy,-0.728083,Low,0,Low,0,3.2272,716.517,6.5758,0.0575302,0.180209
2085,RL,3,Light Heavy,-0.577497,Low,0,Low,0,3.24529,720.672,6.58157,0.0578667,0.1802
2086,RL,3,Light Heavy,0.108862,Low,0,Low,0,3.2398,719.887,6.58048,0.0578568,0.180191
2087,RL,3,Light Heavy,0.11797,Low,0,Low,0,3.23476,719.037,6.5793,0.0577991,0.180182
2088,RL,3,Light Heavy,-0.693798,Low,0,Low,0,3.25992,724.05,6.58624,0.0576969,0.180173
2089,RL,3,Light Heavy,0.783968,Low,0,Low,0,3.23434,718.388,6.5784,0.0576762,0.180164
2090,RL,3,Light Heavy,-1,Low,0,Low,0,3.27415,727.544,6.59105,0.0577369,0.180155
2091,RL,3,Light Heavy,1,Low,0,Low,0,3.23634,719.19,6.57951,0.0572474,0.180146
2092,RL,3,Light Heavy,-0.460052,Low,0,Low,0,3.2515,722.51,6.58412,0.0577784,0.180137
2093,RL,3,Light Heavy,-0.18816,Low,0,Low,0,3.25815,723.873,6.586,0.0576447,0.180128
2094,RL,3,Light Heavy,0.663805,Low,0,Low,0,3.24112,719.077,6.57936,0.0577469,0.180119
2095,RL,3,Light Heavy,-0.134563,Low,0,Low,0,3.24315,720.047,6.5807,0.0576055,0.18011
2096,RL,3,Light Heavy,0.247288,Low,0,Low,0,3.23851,718.266,6.57823,0.0580258,0.180101
2097,RL,3,Light Heavy,-1,Low,0,Low,0,3.26793,726.499,6.58961,0.0575755,0.180092
2098,RL,3,Light Heavy,0.888634,Low,0,Low,0,3.24401,720.063,6.58073,0.0578775,0.180083
2099,RL,3,Light Heavy,-0.429821,Low,0,Low,0,3.25977,723.169,6.58502,0.0577584,0.180074
2100,RL,3,Light Heavy,0.920057,Low,0,Low,0,3.22856,716.537,6.57582,0.0575002,0.180065
2101,RL,3,Light Heavy,-1,Low,0,Low,0,3.2637,724.951,6.58748,0.0574518,0.180056
2102,RL,3,Light Heavy,0.414371,Low,0,Low,0,3.2475,721.949,6.58334,0.0577038,0.180047
2103,RL,3,Light Heavy,1,Low,0,Low,0,3.21212,714.302,6.5727,0.0575048,0.180038
2104,RL,3,Light Heavy,-0.149441,Low,0,Low,0,3.21832,715.372,6.5742,0.0572289,0.180029
2105,RL,3,Light Heavy,-0.604296,Low,0,Low,0,3.24237,719.714,6.58024,0.0575517,0.18002
2106,RL,3,Light Heavy,0.620031,Low,0,Low,0,3.22523,715.259,6.57404,0.0573719,0.180011
2107,RL,3,Light Heavy,-0.210571,Low,0,Low,0,3.23129,716.769,6.57615,0.0578014,0.180002
2108,RL,3,Light Heavy,0.15626,Low,0,Low,0,3.22288,715.648,6.57458,0.0577015,0.179993
2109,RL,3,Light Heavy,-1,Low,0,Low,0,3.26352,725.168,6.58778,0.0577384,0.179984
2110,RL,3,Light Heavy,0.792027,Low,0,Low,0,3.23589,719.44,6.57986,0.0574687,0.179975
2111,RL,3,Light Heavy,0.25425,Low,0,Low,0,3.23819,717.61,6.57732,0.0577269,0.179966
2112,RL,3,Light Heavy,-1,Low,0,Low,0,3.2666,725.386,6.58808,0.0577484,0.179957
2113,RL,3,Light Heavy,1,Low,0,Low,0,3.21396,712.846,6.57067,0.0577507,0.179948
2114,RL,3,Light Heavy,-1,Low,0,Low,0,3.25476,723.12,6.58496,0.0577546,0.179939
2115,RL,3,Light Heavy,0.753498,Low,0,Low,0,3.23184,717.685,6.57742,0.0573826,0.17993
2116,RL,3,Light Heavy,-0.253582,Low,0,Low,0,3.23965,719.509,6.57996,0.0575248,0.179921
2117,RL,3,Light Heavy,-0.621128,Low,0,Low,0,3.26233,723.999,6.58617,0.0578237,0.179912
2118,RL,3,Light Heavy,1,Low,0,Low,0,3.21369,713.859,6.57209,0.0573872,0.179903
2119,RL,3,Light Heavy,0.12908,Low,0,Low,0,3.21449,712.937,6.5708,0.0578199,0.179894
2120,RL,3,Light Heavy,-1,Low,0,Low,0,3.27784,728.045,6.59174,0.0579351,0.179885
2121,RL,3,Light Heavy,1,Low,0,Low,0,3.23325,718.044,6.57792,0.0576577,0.179876
2122,RL,3,Light Heavy,-0.185251,Low,0,Low,0,3.24379,719.377,6.57977,0.0579482,0.179867
2123,RL,3,Light Heavy,0.647259,Low,0,Low,0,3.22454,714.73,6.5733,0.0576354,0.179858
2124,RL,3,Light Heavy,-0.767326,Low,0,Low,0,3.24466,720.243,6.58098,0.0575878,0.179849
2125,RL,3,Light Heavy,-0.473928,Low,0,Low,0,3.25815,723.669,6.58571,0.0575117,0.17984
2126,RL,3,Light Heavy,0.593042,Low,0,Low,0,3.23738,719.384,6.57978,0.0575955,0.179831
2127,RL,3,Light Heavy,-0.606012,Low,0,Low,0,3.26023,723.763,6.58584,0.0579436,0.179822
2128,RL,3,Light Heavy,1,Low,0,Low,0,3.22281,716.202,6.57536,0.05772,0.179813
2129,RL,3,Light Heavy,-0.880384,Low,0,Low,0,3.25607,722.544,6.58416,0.0577838,0.179804
2130,RL,3,Light Heavy,-0.163698,Low,0,Low,0,3.25915,723.729,6.5858,0.0577161,0.179795
2131,RL,3,Light Heavy,0.678968,Low,0,Low,0,3.23841,718.825,6.57901,0.0577838,0.179786
2132,RL,3,Light Heavy,0.489473,Low,0,Low,0,3.22611,715.31,6.57411,0.0579021,0.179777
2133,RL,3,Light Heavy,-0.272751,Low,0,Low,0,3.22855,717.267,6.57684,0.0575747,0.179768
2134,RL,3,Light Heavy,0.0407696,Low,0,Low,0,3.22377,716.974,6.57643,0.0574533,0.179759
2135,RL,3,Light Heavy,-0.775671,Low,0,Low,0,3.2513,722.565,6.58419,0.0576024,0.17975
2136,RL,3,Light Heavy,0.0767708,Low,0,Low,0,3.25218,722.009,6.58342,0.057836,0.179741
2137,RL,3,Light Heavy,0.761843,Low,0,Low,0,3.22878,716.522,6.5758,0.0575463,0.179732
2138,RL,3,Light Heavy,-1,Low,0,Low,0,3.2625,723.893,6.58602,0.057866,0.179723
2139,RL,3,Light Heavy,0.0247002,Low,0,Low,0,3.25786,723.714,6.58578,0.0576716,0.179714
2140,RL,3,Light Heavy,-0.397778,Low,0,Low,0,3.26833,726.602,6.58975,0.0578183,0.179705
2141,RL,3,Light Heavy,1,Low,0,Low,0,3.23975,718.185,6.57812,0.05774,0.179696
2142,RL,3,Light Heavy,-0.862074,Low,0,Low,0,3.25944,724.411,6.58674,0.0575056,0.179687
2143,RL,3,Light Heavy,0.472498,Low,0,Low,0,3.2473,720.992,6.58201,0.0577615,0.179678
2144,RL,3,Light Heavy,-0.183058,Low,0,Low,0,3.25198,722.315,6.58384,0.0576885,0.179669
2145,RL,3,Light Heavy,1,Low,0,Low,0,3.22376,714.83,6.57344,0.0577569,0.17966
2146,RL,3,Light Heavy,-0.157213,Low,0,Low,0,3.2208,715.956,6.57501,0.0574933,0.179651
2147,RL,3,Light Heavy,0.54903,Low,0,Low,0,3.20726,712.031,6.56952,0.0575232,0.179642
2148,RL,3,Light Heavy,-1,Low,0,Low,0,3.24145,720.043,6.5807,0.0575893,0.179633
2149,RL,3,Light Heavy,-0.452137,Low,0,Low,0,3.25697,723.311,6.58522,0.0578936,0.179624
2150,RL,3,Light Heavy,1,Low,0,Low,0,3.22113,715.763,6.57475,0.0575194,0.179615
2151,RL,3,Light Heavy,-0.733376,Low,0,Low,0,3.24951,721.039,6.58208,0.0577277,0.179606
2152,RL,3,Light Heavy,-0.138617,Low,0,Low,0,3.25228,722.04,6.58347,0.0575478,0.179597
2153,RL,3,Light Heavy,0.0200272,Low,0,Low,0,3.25232,721.896,6.58326,0.0575394,0.179588
2154,RL,3,Light Heavy,1,Low,0,Low,0,3.2154,713.342,6.57136,0.0577753,0.179579
2155,RL,3,Light Heavy,-1,Low,0,Low,0,3.25051,722.818,6.58454,0.0580289,0.17957
2156,RL,3,Light Heavy,0.313377,Low,0,Low,0,3.2446,720.553,6.58141,0.0575117,0.179561
2157,RL,3,Light Heavy,-0.108624,Low,0,Low,0,3.25123,721.337,6.58249,0.05765,0.179552
2158,RL,3,Light Heavy,-0.28615,Low,0,Low,0,3.25754,723.407,6.58535,0.0577692,0.179543
2159,RL,3,Light Heavy,0.827646,Low,0,Low,0,3.23168,717.436,6.57708,0.0575878,0.179534
2160,RL,3,Light Heavy,-0.590706,Low,0,Low,0,3.24494,721.692,6.58298,0.0576808,0.179526
2161,RL,3,Light Heavy,0.42634,Low,0,Low,0,3.23427,718.618,6.57872,0.057889,0.179517
2162,RL,3,Light Heavy,-0.580931,Low,0,Low,0,3.25661,722.811,6.58453,0.0577861,0.179508
2163,RL,3,Light Heavy,0.232649,Low,0,Low,0,3.24905,721.129,6.5822,0.0579228,0.179499
2164,RL,3,Light Heavy,0.719976,Low,0,Low,0,3.22635,715.948,6.575,0.0575094,0.17949
2165,RL,3,Light Heavy,-0.566149,Low,0,Low,0,3.24189,720.019,6.58067,0.0575348,0.179481
2166,RL,3,Light Heavy,0.153399,Low,0,Low,0,3.2358,718.914,6.57913,0.0574825,0.179472
2167,RL,3,Light Heavy,0.574112,Low,0,Low,0,3.22042,714.792,6.57339,0.0574579,0.179463
2168,RL,3,Light Heavy,-0.654459,Low,0,Low,0,3.24256,719.492,6.57993,0.05772,0.179454
2169,RL,3,Light Heavy,-0.0531197,Low,0,Low,0,3.24159,719.875,6.58047,0.0577077,0.179445
2170,RL,3,Light Heavy,-0.0330448,Low,0,Low,0,3.24745,720.113,6.5808,0.0576347,0.179436
2171,RL,3,Light Heavy,-0.00343323,Low,0,Low,0,3.24544,720.138,6.58083,0.0576301,0.179427
2172,RL,3,Light Heavy,0.204039,Low,0,Low,0,3.23541,718.668,6.57879,0.0579536,0.179418
2173,RL,3,Light Heavy,0.129032,Low,0,Low,0,3.22933,717.74,6.5775,0.0579567,0.179409
2174,RL,3,Light Heavy,0.44775,Low,0,Low,0,3.21623,714.529,6.57302,0.0573388,0.1794
2175,RL,3,Light Heavy,-0.0268936,Low,0,Low,0,3.22047,714.722,6.57329,0.0573964,0.179391
2176,RL,3,Light Heavy,-1,Low,0,Low,0,3.25822,723.336,6.58526,0.0576785,0.179382
2177,RL,3,Light Heavy,0.613785,Low,0,Low,0,3.24086,718.904,6.57912,0.0576869,0.179373
2178,RL,3,Light Heavy,-0.07267,Low,0,Low,0,3.24071,719.427,6.57984,0.0577061,0.179364
2179,RL,3,Light Heavy,0.0302792,Low,0,Low,0,3.24203,719.209,6.57954,0.0575793,0.179355
2180,RL,3,Light Heavy,-0.611162,Low,0,Low,0,3.25966,723.624,6.58565,0.0577453,0.179346
2181,RL,3,Light Heavy,1,Low,0,Low,0,3.21778,715.021,6.57371,0.0574095,0.179337
2182,RL,3,Light Heavy,-0.626802,Low,0,Low,0,3.24099,719.523,6.57998,0.0576493,0.179328
2183,RL,3,Light Heavy,-0.08955,Low,0,Low,0,3.24509,720.168,6.58087,0.0578414,0.179319
2184,RL,3,Light Heavy,-0.157404,Low,0,Low,0,3.24156,721.304,6.58245,0.057388,0.17931
2185,RL,3,Light Heavy,1,Low,0,Low,0,3.20446,711.379,6.56861,0.05773,0.179301
2186,RL,3,Light Heavy,-0.525522,Low,0,Low,0,3.22304,715.133,6.57387,0.0576354,0.179292
2187,RL,3,Light Heavy,-1,Low,0,Low,0,3.25592,722.692,6.58437,0.057866,0.179283
2188,RL,3,Light Heavy,0.668049,Low,0,Low,0,3.23716,717.873,6.57768,0.0580727,0.179274
2189,RL,3,Light Heavy,-0.307226,Low,0,Low,0,3.24191,720.085,6.58076,0.0575801,0.179265
2190,RL,3,Light Heavy,-0.0575542,Low,0,Low,0,3.24764,720.5,6.58133,0.0577815,0.179256
2191,RL,3,Light Heavy,0.169992,Low,0,Low,0,3.24253,719.275,6.57963,0.0575371,0.179247
2192,RL,3,Light Heavy,0.066185,Low,0,Low,0,3.23467,718.798,6.57897,0.0575194,0.179239
2193,RL,3,Light Heavy,-0.154638,Low,0,Low,0,3.24455,719.912,6.58052,0.0577668,0.17923
2194,RL,3,Light Heavy,0.0197887,Low,0,Low,0,3.24028,719.77,6.58032,0.0576792,0.179221
2195,RL,3,Light Heavy,0.0933647,Low,0,Low,0,3.24441,719.097,6.57939,0.0577484,0.179212
2196,RL,3,Light Heavy,0.66452,Low,0,Low,0,3.22169,714.328,6.57274,0.0577369,0.179203
2197,RL,3,Light Heavy,-1,Low,0,Low,0,3.25801,723.301,6.58521,0.0579851,0.179194
2198,RL,3,Light Heavy,1,Low,0,Low,0,3.22428,714.595,6.57311,0.0575517,0.179185
2199,RL,3,Light Heavy,-1,Low,0,Low,0,3.26048,723.237,6.58512,0.0578829,0.179176
2200,RL,3,Light Heavy,0.668526,Low,0,Low,0,3.23123,718.411,6.57843,0.0576462,0.179167
2201,RL,3,Light Heavy,-0.0942707,Low,0,Low,0,3.2381,719.09,6.57938,0.0577876,0.179158
2202,RL,3,Light Heavy,0.721645,Low,0,Low,0,3.21748,713.912,6.57216,0.0577469,0.179149
2203,RL,3,Light Heavy,-0.46134,Low,0,Low,0,3.23247,717.218,6.57677,0.0580251,0.17914
2204,RL,3,Light Heavy,-0.367737,Low,0,Low,0,3.24168,719.864,6.58045,0.0577177,0.179131
2205,RL,3,Light Heavy,-0.188017,Low,0,Low,0,3.25053,721.221,6.58233,0.057909,0.179122
2206,RL,3,Light Heavy,0.632715,Low,0,Low,0,3.23333,716.666,6.576,0.0579198,0.179113
2207,RL,3,Light Heavy,-0.666142,Low,0,Low,0,3.24955,721.462,6.58266,0.0579228,0.179104
2208,RL,3,Light Heavy,0.301218,Low,0,Low,0,3.23637,719.289,6.57965,0.0572543,0.179095
2209,RL,3,Light Heavy,0.13814,Low,0,Low,0,3.24142,718.295,6.57827,0.0576178,0.179086
2210,RL,3,Light Heavy,-0.828934,Low,0,Low,0,3.25826,724.282,6.58656,0.0577538,0.179077
2211,RL,3,Light Heavy,0.457001,Low,0,Low,0,3.2447,720.975,6.58199,0.0577031,0.179068
2212,RL,3,Light Heavy,-0.361443,Low,0,Low,0,3.25626,723.589,6.58561,0.0577815,0.179059
2213,RL,3,Light Heavy,-0.364161,Low,0,Low,0,3.26837,726.233,6.58925,0.0577853,0.17905
2214,RL,3,Light Heavy,1,Low,0,Low,0,3.20439,710.685,6.56764,0.0575755,0.179041
2215,RL,3,Light Heavy,-1,Low,0,Low,0,3.24774,721.433,6.58263,0.0577353,0.179033
2216,RL,3,Light Heavy,0.856209,Low,0,Low,0,3.22488,715.275,6.57406,0.0578929,0.179024
2217,RL,3,Light Heavy,-0.366545,Low,0,Low,0,3.23888,717.905,6.57773,0.0580297,0.179015
2218,RL,3,Light Heavy,-1,Low,0,Low,0,3.26911,726.66,6.58983,0.0576062,0.179006
2219,RL,3,Light Heavy,1,Low,0,Low,0,3.21104,712.383,6.57002,0.0576055,0.178997
2220,RL,3,Light Heavy,-1,Low,0,Low,0,3.26662,724.499,6.58686,0.0579474,0.178988
2221,RL,3,Light Heavy,0.784397,Low,0,Low,0,3.24219,718.83,6.57902,0.0575202,0.178979
2222,RL,3,Light Heavy,-0.0473976,Low,0,Low,0,3.24265,719.171,6.57949,0.0577707,0.17897
2223,RL,3,Light Heavy,-0.254631,Low,0,Low,0,3.24872,721.008,6.58204,0.0580143,0.178961
2224,RL,3,Light Heavy,-0.416565,Low,0,Low,0,3.26051,724.022,6.5862,0.0576377,0.178952
2225,RL,3,Light Heavy,0.206232,Low,0,Low,0,3.25334,722.528,6.58414,0.0578253,0.178943
2226,RL,3,Light Heavy,-0.441074,Low,0,Low,0,3.2655,725.726,6.58855,0.0575824,0.178934
2227,RL,3,Light Heavy,1,Low,0,Low,0,3.22443,714.987,6.57366,0.0580174,0.178925
2228,RL,3,Light Heavy,-0.877285,Low,0,Low,0,3.25201,721.296,6.58244,0.0577008,0.178916
2229,RL,3,Light Heavy,-0.597429,Low,0,Low,0,3.26263,725.624,6.58841,0.0575755,0.178907
2230,RL,3,Light Heavy,1,Low,0,Low,0,3.21203,712.724,6.5705,0.057262,0.178898
2231,RL,3,Light Heavy,-0.693989,Low,0,Low,0,3.2338,717.695,6.57744,0.0576938,0.178889
2232,RL,3,Light Heavy,-0.718117,Low,0,Low,0,3.25704,722.874,6.58462,0.0579836,0.17888
2233,RL,3,Light Heavy,1,Low,0,Low,0,3.2247,715.594,6.57451,0.0581111,0.178871
2234,RL,3,Light Heavy,0.409651,Low,0,Low,0,3.21079,712.665,6.57041,0.0576477,0.178862
2235,RL,3,Light Heavy,-0.125027,Low,0,Low,0,3.21003,713.557,6.57166,0.0573311,0.178854
2236,RL,3,Light Heavy,-0.702667,Low,0,Low,0,3.23569,718.596,6.57869,0.0577645,0.178845
2237,RL,3,Light Heavy,-0.29521,Low,0,Low,0,3.24696,720.724,6.58164,0.0576554,0.178836
2238,RL,3,Light Heavy,0.00534058,Low,0,Low,0,3.24689,720.685,6.58159,0.0580466,0.178827
2239,RL,3,Light Heavy,0.224447,Low,0,Low,0,3.23461,719.067,6.57934,0.0574426,0.178818
2240,RL,3,Light Heavy,-0.430107,Low,0,Low,0,3.2498,722.171,6.58365,0.0579989,0.178809
2241,RL,3,Light Heavy,0.222969,Low,0,Low,0,3.24604,720.56,6.58142,0.05768,0.1788
2242,RL,3,Light Heavy,-0.15769,Low,0,Low,0,3.25296,721.699,6.58299,0.0574733,0.178791
2243,RL,3,Light Heavy,0.0404835,Low,0,Low,0,3.24742,721.406,6.58259,0.0579144,0.178782
2244,RL,3,Light Heavy,0.624704,Low,0,Low,0,3.23113,716.907,6.57634,0.0578437,0.178773
2245,RL,3,Light Heavy,-0.980425,Low,0,Low,0,3.26005,723.981,6.58614,0.0577653,0.178764
2246,RL,3,Light Heavy,0.596857,Low,0,Low,0,3.23624,719.666,6.58018,0.0575302,0.178755
2247,RL,3,Light Heavy,0.333738,Low,0,Low,0,3.23085,717.265,6.57684,0.0575809,0.178746
2248,RL,3,Light Heavy,-0.610495,Low,0,Low,0,3.25479,721.664,6.58294,0.0576047,0.178737
2249,RL,3,Light Heavy,0.184107,Low,0,Low,0,3.2444,720.334,6.5811,0.0578491,0.178728
2250,RL,3,Light Heavy,-0.652313,Low,0,Low,0,3.26745,725.055,6.58763,0.0577815,0.178719
2251,RL,3,Light Heavy,0.329161,Low,0,Low,0,3.25333,722.669,6.58433,0.0578875,0.178711
2252,RL,3,Light Heavy,0.363636,Low,0,Low,0,3.2427,720.042,6.5807,0.0575402,0.178702
2253,RL,3,Light Heavy,0.784063,Low,0,Low,0,3.21886,714.411,6.57286,0.0575701,0.178693
2254,RL,3,Light Heavy,-1,Low,0,Low,0,3.26246,724.824,6.58731,0.057461,0.178684
2255,RL,3,Light Heavy,0.255871,Low,0,Low,0,3.24961,722.969,6.58475,0.0574141,0.178675
2256,RL,3,Light Heavy,1,Low,0,Low,0,3.22248,714.941,6.5736,0.0576785,0.178666
2257,RL,3,Light Heavy,-1,Low,0,Low,0,3.25837,723.395,6.58534,0.0578314,0.178657
2258,RL,3,Light Heavy,0.999403,Low,0,Low,0,3.23186,716.191,6.57534,0.0579697,0.178648
2259,RL,3,Light Heavy,-0.573635,Low,0,Low,0,3.24413,720.317,6.58108,0.0575455,0.178639
2260,RL,3,Light Heavy,0.062418,Low,0,Low,0,3.24535,719.867,6.58045,0.0577169,0.17863
2261,RL,3,Light Heavy,-0.0263691,Low,0,Low,0,3.2452,720.057,6.58072,0.0579313,0.178621
2262,RL,3,Light Heavy,-0.974178,Low,0,Low,0,3.27078,727.116,6.59046,0.0578183,0.178612
2263,RL,3,Light Heavy,-0.12536,Low,0,Low,0,3.27921,728.029,6.59171,0.0579866,0.178603
2264,RL,3,Light Heavy,0.824976,Low,0,Low,0,3.25776,722.04,6.58346,0.0578206,0.178594
2265,RL,3,Light Heavy,0.489616,Low,0,Low,0,3.24034,718.508,6.57857,0.0577,0.178585
2266,RL,3,Light Heavy,0.141764,Low,0,Low,0,3.22484,717.489,6.57715,0.0572151,0.178577
2267,RL,3,Light Heavy,0.547504,Low,0,Low,0,3.21233,713.566,6.57168,0.0572036,0.178568
2268,RL,3,Light Heavy,-1,Low,0,Low,0,3.24757,721.035,6.58207,0.0577499,0.178559
2269,RL,3,Light Heavy,0.735331,Low,0,Low,0,3.22864,715.745,6.57472,0.0575079,0.17855
2270,RL,3,Light Heavy,-0.562334,Low,0,Low,0,3.23892,719.787,6.58034,0.0574987,0.178541
2271,RL,3,Light Heavy,0.116825,Low,0,Low,0,3.241,718.945,6.57917,0.0579559,0.178532
2272,RL,3,Balanced,-0.613117,Low,0,Low,0,3.25966,723.373,6.58531,0.0578606,0.178523
2273,RL,3,Balanced,-0.0468254,Low,0,Low,0,3.26879,723.712,6.58577,0.0627711,0.178514
2274,RL,3,Balanced,0.456381,Low,0,Low,0,3.24905,720.412,6.58121,0.0626581,0.178505
2275,RL,3,Balanced,0.497961,Low,0,Low,0,3.23546,716.829,6.57623,0.0627027,0.178496
2276,RL,3,Balanced,0.481558,Low,0,Low,0,3.22369,713.38,6.57142,0.0625605,0.178487
2277,RL,3,Balanced,-1,Low,0,Low,0,3.24991,720.868,6.58184,0.0624537,0.178478
2278,RL,3,Balanced,0.831509,Low,0,Low,0,3.22694,714.891,6.57353,0.0625605,0.178469
2279,RL,3,Balanced,-1,Low,0,Low,0,3.27195,725.577,6.58834,0.062446,0.178461
2280,RL,3,Balanced,1,Low,0,Low,0,3.2412,717.302,6.57689,0.0627119,0.178452
2281,RL,3,Balanced,0.10314,Low,0,Low,0,3.22807,716.562,6.57586,0.0628203,0.178443
2282,RL,3,Balanced,-0.807142,Low,0,Low,0,3.25553,722.377,6.58393,0.0625252,0.178434
2283,RL,3,Balanced,0.574493,Low,0,Low,0,3.23651,718.233,6.57819,0.0624714,0.178425
2284,RL,3,Balanced,0.977755,Low,0,Low,0,3.21055,711.235,6.56841,0.0625413,0.178416
2285,RL,3,Balanced,-0.986242,Low,0,Low,0,3.23185,718.294,6.57827,0.0626865,0.178407
2286,RL,3,Balanced,-0.41275,Low,0,Low,0,3.253,721.269,6.5824,0.0629809,0.178398
2287,RL,3,Balanced,0.267935,Low,0,Low,0,3.24396,719.337,6.57972,0.0629355,0.178389
2288,RL,3,Balanced,0.156164,Low,0,Low,0,3.23885,718.212,6.57816,0.0627511,0.17838
2289,RL,3,Balanced,-0.181532,Low,0,Low,0,3.24669,719.519,6.57997,0.0627373,0.178371
2290,RL,3,Balanced,-0.459194,Low,0,Low,0,3.26023,722.836,6.58456,0.0626212,0.178362
2291,RL,3,Balanced,-0.249004,Low,0,Low,0,3.26974,724.64,6.58705,0.0626742,0.178353
2292,RL,3,Balanced,1,Low,0,Low,0,3.23452,717.097,6.5766,0.0623261,0.178345
2293,RL,3,Balanced,-1,Low,0,Low,0,3.26723,724.945,6.58747,0.0625421,0.178336
2294,RL,3,Balanced,0.317192,Low,0,Low,0,3.2655,722.646,6.5843,0.0628502,0.178327
2295,RL,3,Balanced,0.925064,Low,0,Low,0,3.22982,715.982,6.57505,0.0623722,0.178318
2296,RL,3,Balanced,-0.893974,Low,0,Low,0,3.2554,722.421,6.58399,0.0625913,0.178309
2297,RL,3,Balanced,0.421047,Low,0,Low,0,3.24901,719.381,6.57978,0.0630746,0.1783
2298,RL,3,Balanced,-0.147676,Low,0,Low,0,3.25234,720.446,6.58126,0.0626312,0.178291
2299,RL,3,Balanced,-0.50025,Low,0,Low,0,3.26119,724.064,6.58626,0.0624898,0.178282
2300,RL,3,Balanced,1,Low,0,Low,0,3.2267,716.222,6.57539,0.0627603,0.178273
2301,RL,3,Balanced,0.201559,Low,0,Low,0,3.22843,714.778,6.57337,0.0624337,0.178264
2302,RL,3,Balanced,-0.70982,Low,0,Low,0,3.24413,719.877,6.58047,0.0626297,0.178255
2303,RL,3,Balanced,-0.20647,Low,0,Low,0,3.25355,721.367,6.58253,0.0624798,0.178246
2304,RL,3,Balanced,0.0714302,Low,0,Low,0,3.24824,720.851,6.58182,0.0624137,0.178238
2305,RL,3,Balanced,0.134468,Low,0,Low,0,3.25091,719.881,6.58047,0.0629501,0.178229
2306,RL,3,Balanced,-0.155783,Low,0,Low,0,3.24996,721.005,6.58203,0.0627926,0.17822
2307,RL,3,Balanced,1,Low,0,Low,0,3.21011,710.437,6.56729,0.0625298,0.178211
2308,RL,3,Balanced,-1,Low,0,Low,0,3.26523,724.141,6.58637,0.0627157,0.178202
2309,RL,3,Balanced,0.0291824,Low,0,Low,0,3.26415,723.929,6.58607,0.0626927,0.178193
2310,RL,3,Balanced,-0.237226,Low,0,Low,0,3.27539,725.651,6.58845,0.0632975,0.178184
2311,RL,3,Balanced,0.786018,Low,0,Low,0,3.24794,719.962,6.58059,0.0626397,0.178175
2312,RL,3,Balanced,-0.45228,Low,0,Low,0,3.25966,723.23,6.58511,0.0627165,0.178166
2313,RL,3,Balanced,0.473261,Low,0,Low,0,3.24295,719.81,6.58038,0.0627273,0.178157
2314,RL,3,Balanced,0.132561,Low,0,Low,0,3.24124,718.855,6.57905,0.0625252,0.178148
2315,RL,3,Balanced,-0.272751,Low,0,Low,0,3.25185,720.822,6.58178,0.0630231,0.17814
2316,RL,3,Balanced,-0.285959,Low,0,Low,0,3.26191,722.889,6.58464,0.0627434,0.178131
2317,RL,3,Balanced,0.773239,Low,0,Low,0,3.23569,717.313,6.57691,0.0626758,0.178122
2318,RL,3,Balanced,-1,Low,0,Low,0,3.26556,724.858,6.58735,0.0623915,0.178113
2319,RL,3,Balanced,1,Low,0,Low,0,3.2317,715.945,6.575,0.0626397,0.178104
2320,RL,3,Balanced,-0.00224113,Low,0,Low,0,3.22907,715.961,6.57502,0.0627619,0.178095
2321,RL,3,Balanced,-0.576878,Low,0,Low,0,3.24073,720.109,6.58079,0.0625513,0.178086
2322,RL,3,Balanced,-0.019455,Low,0,Low,0,3.24794,720.249,6.58098,0.0623546,0.178077
2323,RL,3,Balanced,0.508261,Low,0,Low,0,3.23481,716.593,6.5759,0.0626266,0.178068
2324,RL,3,Balanced,-0.500011,Low,0,Low,0,3.24887,720.19,6.5809,0.0625859,0.178059
2325,RL,3,Balanced,-0.395584,Low,0,Low,0,3.26141,723.048,6.58486,0.0625252,0.178051
2326,RL,3,Balanced,0.187588,Low,0,Low,0,3.25193,721.691,6.58298,0.062436,0.178042
2327,RL,3,Balanced,0.15974,Low,0,Low,0,3.25379,720.538,6.58138,0.0623592,0.178033
2328,RL,3,Balanced,0.903797,Low,0,Low,0,3.22127,714.046,6.57235,0.0625498,0.178024
2329,RL,3,Balanced,-0.0595093,Low,0,Low,0,3.22442,714.471,6.57294,0.0626281,0.178015
2330,RL,3,Balanced,-1,Low,0,Low,0,3.26048,722.908,6.58466,0.0630193,0.178006
2331,RL,3,Balanced,1,Low,0,Low,0,3.22411,715.192,6.57395,0.0626804,0.177997
2332,RL,3,Balanced,-0.926113,Low,0,Low,0,3.25497,721.855,6.58321,0.0626566,0.177988
2333,RL,3,Balanced,-0.307894,Low,0,Low,0,3.26257,724.085,6.58629,0.0624153,0.177979
2334,RL,3,Balanced,0.269318,Low,0,Low,0,3.26262,722.135,6.5836,0.0629724,0.17797
2335,RL,3,Balanced,0.745964,Low,0,Low,0,3.22983,716.76,6.57614,0.0623246,0.177962
2336,RL,3,Light Heavy,-0.790167,Low,0,Low,0,3.25913,722.454,6.58404,0.0625459,0.177953
2337,RL,3,Light Heavy,0.99802,Low,0,Low,0,3.22225,715.27,6.57406,0.0574011,0.177944
2338,RL,3,Light Heavy,-0.680399,Low,0,Low,0,3.23885,720.16,6.58086,0.0577584,0.177935
2339,RL,3,Light Heavy,-0.111389,Low,0,Low,0,3.24848,720.964,6.58197,0.0576708,0.177926
2340,RL,3,Light Heavy,0.785875,Low,0,Low,0,3.22274,715.312,6.57412,0.0577108,0.177917
2341,RL,3,Light Heavy,-0.708294,Low,0,Low,0,3.24866,720.404,6.5812,0.0576147,0.177908
2342,RL,3,Light Heavy,-0.537062,Low,0,Low,0,3.26098,724.289,6.58657,0.0577023,0.177899
2343,RL,3,Light Heavy,0.241518,Low,0,Low,0,3.25233,722.539,6.58415,0.057763,0.17789
2344,RL,3,Light Heavy,0.09408,Low,0,Low,0,3.2504,721.859,6.58321,0.0576877,0.177881
2345,RL,3,Light Heavy,0.559521,Low,0,Low,0,3.2324,717.825,6.57762,0.0576685,0.177873
2346,RL,3,Light Heavy,-1,Low,0,Low,0,3.2758,727.071,6.5904,0.0578844,0.177864
2347,RL,3,Light Heavy,0.697994,Low,0,Low,0,3.25472,722.007,6.58342,0.0576946,0.177855
2348,RL,3,Light Heavy,0.310707,Low,0,Low,0,3.23859,719.764,6.58031,0.0576485,0.177846
2349,RL,3,Light Heavy,-0.722218,Low,0,Low,0,3.25741,724.989,6.58753,0.0577423,0.177837
2350,RL,3,Light Heavy,1,Low,0,Low,0,3.21174,712.748,6.57053,0.057657,0.177828
2351,RL,3,Light Heavy,-1,Low,0,Low,0,3.25683,722.962,6.58474,0.0577338,0.177819
2352,RL,3,Light Heavy,0.535059,Low,0,Low,0,3.23907,719.099,6.57939,0.057418,0.17781
2353,RL,3,Light Heavy,0.188303,Low,0,Low,0,3.23533,717.745,6.57751,0.0576208,0.177801
2354,RL,3,Light Heavy,0.397539,Low,0,Low,0,3.22101,714.893,6.57353,0.0577315,0.177793
2355,RL,3,Light Heavy,-0.586987,Low,0,Low,0,3.23798,719.108,6.5794,0.0577576,0.177784
2356,RL,3,Light Heavy,-0.87781,Low,0,Low,0,3.26928,725.456,6.58818,0.0579482,0.177775
2357,RL,3,Light Heavy,1,Low,0,Low,0,3.23138,717.932,6.57777,0.0576908,0.177766
2358,RL,3,Light Heavy,-0.28739,Low,0,Low,0,3.23999,720.001,6.58064,0.058032,0.177757
2359,RL,3,Light Heavy,-0.235605,Low,0,Low,0,3.25299,721.702,6.583,0.0579605,0.177748
2360,RL,3,Light Heavy,0.82593,Low,0,Low,0,3.21956,715.758,6.57474,0.0574671,0.177739
2361,RL,3,Light Heavy,-1,Low,0,Low,0,3.26115,724.839,6.58733,0.0573158,0.17773
2362,RL,3,Light Heavy,0.583744,Low,0,Low,0,3.24713,720.615,6.58149,0.0579059,0.177721
2363,RL,3,Light Heavy,-0.728989,Low,0,Low,0,3.26751,725.894,6.58878,0.057939,0.177713
2364,RL,3,Light Heavy,0.890398,Low,0,Low,0,3.23863,719.451,6.57988,0.0574087,0.177704
2365,RL,3,Light Heavy,-0.311518,Low,0,Low,0,3.24826,721.699,6.58299,0.0579398,0.177695
2366,RL,3,Light Heavy,0.533104,Low,0,Low,0,3.2347,717.856,6.57766,0.0578906,0.177686
2367,RL,3,Light Heavy,-0.276423,Low,0,Low,0,3.24117,719.846,6.58043,0.0578675,0.177677
2368,RL,3,Light Heavy,-0.0892639,Low,0,Low,0,3.24733,720.49,6.58132,0.0577292,0.177668
2369,RL,3,Light Heavy,-0.235319,Low,0,Low,0,3.24986,722.19,6.58367,0.0577845,0.177659
2370,RL,3,Light Heavy,0.140381,Low,0,Low,0,3.24828,721.175,6.58227,0.0577884,0.17765
2371,RL,3,Light Heavy,0.0145435,Low,0,Low,0,3.2436,721.07,6.58212,0.0577653,0.177641
2372,RL,3,Light Heavy,-1,Low,0,Low,0,3.28474,730.169,6.59464,0.0579567,0.177633
2373,RL,3,Light Heavy,1,Low,0,Low,0,3.23309,717.863,6.57767,0.0577169,0.177624
2374,RL,3,Light Heavy,-0.391817,Low,0,Low,0,3.24955,720.685,6.58159,0.0577392,0.177615
2375,RL,3,Light Heavy,-0.605917,Low,0,Low,0,3.26757,725.071,6.58765,0.0581211,0.177606
2376,RL,3,Light Heavy,0.895882,Low,0,Low,0,3.23874,718.596,6.57869,0.0577546,0.177597
2377,RL,3,Light Heavy,0.537586,Low,0,Low,0,3.21978,714.738,6.57331,0.0573834,0.177588
2378,RL,3,Light Heavy,0.307465,Low,0,Low,0,3.2139,712.54,6.57024,0.0579075,0.177579
2379,RL,3,Light Heavy,-1,Low,0,Low,0,3.26745,726.31,6.58935,0.0578083,0.17757
2380,RL,3,Light Heavy,1,Low,0,Low,0,3.20767,711.121,6.56825,0.0575978,0.177562
2381,RL,3,Light Heavy,-0.780869,Low,0,Low,0,3.23196,716.704,6.57606,0.0578206,0.177553
2382,RL,3,Light Heavy,0.364256,Low,0,Low,0,3.21717,714.094,6.57241,0.057501,0.177544
2383,RL,3,Light Heavy,0.0281334,Low,0,Low,0,3.21608,713.893,6.57213,0.0576547,0.177535
2384,RL,3,BSDF Heavy,-0.432014,Low,0,Low,0,3.23244,716.988,6.57645,0.0576032,0.177526
2385,RL,3,BSDF Heavy,-0.438023,Low,0,Low,0,3.25253,720.14,6.58083,0.0655936,0.177517
2386,RL,3,BSDF Heavy,0.268888,Low,0,Low,0,3.24105,718.203,6.57814,0.0654499,0.177508
2387,RL,3,BSDF Heavy,0.185585,Low,0,Low,0,3.24131,716.87,6.57629,0.0657396,0.177499
2388,RL,3,BSDF Heavy,-0.356865,Low,0,Low,0,3.24754,719.436,6.57986,0.0661946,0.177491
2389,RL,3,BSDF Heavy,0.3582,Low,0,Low,0,3.24087,716.86,6.57627,0.0659564,0.177482
2390,RL,3,BSDF Heavy,-0.454187,Low,0,Low,0,3.2456,720.128,6.58082,0.0659341,0.177473
2391,RL,3,BSDF Heavy,-1,Low,0,Low,0,3.28458,727.802,6.5914,0.0661223,0.177464
2392,RL,3,BSDF Heavy,0.21472,Low,0,Low,0,3.2781,726.239,6.58925,0.065848,0.177455
2393,RL,3,BSDF Heavy,0.906658,Low,0,Low,0,3.24778,719.675,6.58019,0.065659,0.177446
2394,RL,3,BSDF Heavy,-0.307608,Low,0,Low,0,3.25491,721.895,6.58326,0.0656812,0.177437
2395,RL,3,BSDF Heavy,1,Low,0,Low,0,3.22145,712.985,6.57086,0.0658196,0.177428
2396,RL,3,BSDF Heavy,-1,Low,0,Low,0,3.28473,726.633,6.5898,0.0660286,0.17742
2397,RL,3,BSDF Heavy,0.809431,Low,0,Low,0,3.25519,720.767,6.5817,0.0662407,0.177411
2398,RL,3,BSDF Heavy,0.768471,Low,0,Low,0,3.23107,715.241,6.57402,0.0658334,0.177402
2399,RL,3,BSDF Heavy,-0.988674,Low,0,Low,0,3.2677,722.358,6.5839,0.0661815,0.177393
2400,RL,3,Light Heavy,0.338459,Low,0,Low,0,3.25325,719.914,6.58052,0.0657665,0.177384
2401,RL,3,Light Heavy,0.545359,Low,0,Low,0,3.2263,715.993,6.57507,0.0577292,0.177375
2402,RL,3,Light Heavy,-0.433397,Low,0,Low,0,3.23972,719.107,6.5794,0.0575863,0.177366
2403,RL,3,Light Heavy,-0.694847,Low,0,Low,0,3.26298,724.128,6.58635,0.0579513,0.177357
2404,RL,3,Light Heavy,0.0606537,Low,0,Low,0,3.25889,723.689,6.58574,0.0577807,0.177349
2405,RL,3,Light Heavy,-0.257397,Low,0,Low,0,3.26361,725.556,6.58832,0.0580765,0.17734
2406,RL,3,Light Heavy,0.448561,Low,0,Low,0,3.25481,722.305,6.58383,0.0577307,0.177331
2407,RL,3,Light Heavy,0.735331,Low,0,Low,0,3.23328,717.005,6.57648,0.0579474,0.177322
2408,RL,3,Light Heavy,0.581884,Low,0,Low,0,3.21459,712.839,6.57066,0.0577761,0.177313
2409,RL,3,Light Heavy,-1,Low,0,Low,0,3.26824,726.353,6.58941,0.0578375,0.177304
2410,RL,3,Light Heavy,1,Low,0,Low,0,3.23572,718.587,6.57868,0.0576431,0.177295
2411,RL,3,Light Heavy,-0.734997,Low,0,Low,0,3.25868,723.896,6.58603,0.0578352,0.177287
2412,RL,3,Light Heavy,0.535679,Low,0,Low,0,3.24743,720.023,6.58067,0.0576224,0.177278
2413,RL,3,Light Heavy,0.747108,Low,0,Low,0,3.21774,714.656,6.5732,0.0577077,0.177269
2414,RL,3,Light Heavy,-0.842237,Low,0,Low,0,3.24502,720.709,6.58162,0.0575378,0.17726
2415,RL,3,Light Heavy,0.0103951,Low,0,Low,0,3.23893,720.634,6.58152,0.0575217,0.177251
2416,RL,3,BSDF Heavy,0.906563,Low,0,Low,0,3.21619,714.122,6.57245,0.0578983,0.177242
2417,RL,3,BSDF Heavy,-1,Low,0,Low,0,3.26062,721.924,6.5833,0.0659571,0.177233
2418,RL,3,BSDF Heavy,0.182724,Low,0,Low,0,3.25457,720.604,6.58148,0.0659118,0.177225
2419,RL,3,BSDF Heavy,0.355291,Low,0,Low,0,3.24568,718.045,6.57792,0.0657542,0.177216
2420,RL,3,BSDF Heavy,-0.78001,Low,0,Low,0,3.26751,723.675,6.58572,0.065974,0.177207
2421,RL,3,BSDF Heavy,-0.204611,Low,0,Low,0,3.27481,725.16,6.58777,0.0656574,0.177198
2422,RL,3,BSDF Heavy,-0.00128746,Low,0,Low,0,3.27316,725.169,6.58778,0.0657973,0.177189
2423,RL,3,BSDF Heavy,0.865841,Low,0,Low,0,3.24436,718.909,6.57912,0.0655698,0.17718
2424,RL,3,BSDF Heavy,-0.197172,Low,0,Low,0,3.2519,720.33,6.5811,0.0655122,0.177171
2425,RL,3,BSDF Heavy,-0.743961,Low,0,Low,0,3.27385,725.716,6.58854,0.0658288,0.177162
2426,RL,3,BSDF Heavy,0.532103,Low,0,Low,0,3.26098,721.859,6.58321,0.0660224,0.177154
2427,RL,3,BSDF Heavy,0.0658512,Low,0,Low,0,3.25698,721.384,6.58256,0.066097,0.177145
2428,RL,3,BSDF Heavy,0.327444,Low,0,Low,0,3.24531,719.022,6.57928,0.0658595,0.177136
2429,RL,3,BSDF Heavy,0.446081,Low,0,Low,0,3.23222,715.817,6.57482,0.0661123,0.177127
2430,RL,3,BSDF Heavy,-1,Low,0,Low,0,3.28514,727.55,6.59106,0.0660616,0.177118
2431,RL,3,BSDF Heavy,0.767946,Low,0,Low,0,3.25941,721.976,6.58338,0.0656059,0.177109
2432,RL,3,Light Heavy,0.838661,Low,0,Low,0,3.2357,715.938,6.57499,0.0660824,0.177101
2433,RL,3,Light Heavy,0.250626,Low,0,Low,0,3.21736,714.144,6.57248,0.0574502,0.177092
2434,RL,3,Light Heavy,-0.992346,Low,0,Low,0,3.24898,721.276,6.58241,0.0578483,0.177083
2435,RL,3,Light Heavy,0.624228,Low,0,Low,0,3.22636,716.781,6.57616,0.0575471,0.177074
2436,RL,3,Light Heavy,-0.585794,Low,0,Low,0,3.25179,720.998,6.58202,0.0582341,0.177065
2437,RL,3,Light Heavy,0.192976,Low,0,Low,0,3.24233,719.606,6.58009,0.0576846,0.177056
2438,RL,3,Light Heavy,-0.429583,Low,0,Low,0,3.25702,722.708,6.58439,0.0580204,0.177047
2439,RL,3,Light Heavy,0.989723,Low,0,Low,0,3.22377,715.581,6.57449,0.0578076,0.177039
2440,RL,3,Light Heavy,-0.261164,Low,0,Low,0,3.22882,717.455,6.5771,0.0573058,0.17703
2441,RL,3,Light Heavy,-0.611687,Low,0,Low,0,3.24828,721.863,6.58322,0.0577845,0.177021
2442,RL,3,Light Heavy,1,Low,0,Low,0,3.21432,713.376,6.57141,0.0575924,0.177012
2443,RL,3,Light Heavy,-0.464773,Low,0,Low,0,3.2288,716.704,6.57606,0.0577638,0.177003
2444,RL,3,Light Heavy,-0.398397,Low,0,Low,0,3.23927,719.569,6.58004,0.0575256,0.176994
2445,RL,3,Light Heavy,0.0277996,Low,0,Low,0,3.23628,719.369,6.57976,0.0575978,0.176985
2446,RL,3,Light Heavy,-0.313854,Low,0,Low,0,3.24603,721.633,6.5829,0.0575663,0.176977
2447,RL,3,Light Heavy,0.0619888,Low,0,Low,0,3.24878,721.186,6.58228,0.057723,0.176968
2448,RL,3,Light Heavy,0.346279,Low,0,Low,0,3.23442,718.689,6.57882,0.0576155,0.176959
2449,RL,3,Light Heavy,-0.997162,Low,0,Low,0,3.26796,725.901,6.58879,0.057949,0.17695
2450,RL,3,Light Heavy,0.404644,Low,0,Low,0,3.25365,722.966,6.58474,0.0573941,0.176941
2451,RL,3,Light Heavy,-0.683308,Low,0,Low,0,3.27108,727.93,6.59158,0.0574326,0.176932
2452,RL,3,Light Heavy,0.688219,Low,0,Low,0,3.25351,722.93,6.5847,0.0579989,0.176923
2453,RL,3,Light Heavy,0.239897,Low,0,Low,0,3.24678,721.196,6.5823,0.0575617,0.176915
2454,RL,3,Light Heavy,0.936222,Low,0,Low,0,3.21829,714.466,6.57293,0.0572604,0.176906
2455,RL,3,Light Heavy,-0.785971,Low,0,Low,0,3.24752,720.112,6.58079,0.0576785,0.176897
2456,RL,3,Light Heavy,-1,Low,0,Low,0,3.2783,728.496,6.59235,0.0578091,0.176888
2457,RL,3,Light Heavy,0.664568,Low,0,Low,0,3.25915,723.664,6.58571,0.0577807,0.176879
2458,RL,3,Light Heavy,1,Low,0,Low,0,3.22029,714.766,6.57335,0.0578291,0.17687
2459,RL,3,Light Heavy,-0.439167,Low,0,Low,0,3.23751,717.917,6.57775,0.0572942,0.176862
2460,RL,3,Light Heavy,-0.608349,Low,0,Low,0,3.25308,722.303,6.58383,0.0577376,0.176853
2461,RL,3,Light Heavy,-0.19989,Low,0,Low,0,3.26137,723.751,6.58583,0.0580404,0.176844
2462,RL,3,Light Heavy,0.919294,Low,0,Low,0,3.23019,717.119,6.57663,0.0576754,0.176835
2463,RL,3,Light Heavy,-0.325203,Low,0,Low,0,3.23558,719.458,6.57989,0.0574695,0.176826
2464,RL,3,Light Heavy,-0.271559,Low,0,Low,0,3.24646,721.417,6.5826,0.057763,0.176817
2465,RL,3,Light Heavy,-0.384951,Low,0,Low,0,3.25829,724.203,6.58645,0.0577261,0.176809
2466,RL,3,Light Heavy,0.768042,Low,0,Low,0,3.23577,718.655,6.57877,0.0574226,0.1768
2467,RL,3,Light Heavy,-0.0566959,Low,0,Low,0,3.24064,719.063,6.57934,0.0575986,0.176791
2468,RL,3,Light Heavy,-0.363588,Low,0,Low,0,3.24882,721.686,6.58297,0.0576539,0.176782
2469,RL,3,Light Heavy,0.633621,Low,0,Low,0,3.22715,717.121,6.57664,0.0573227,0.176773
2470,RL,3,Light Heavy,-0.490665,Low,0,Low,0,3.24759,720.653,6.58154,0.057524,0.176764
2471,RL,3,Light Heavy,0.00038147,Low,0,Low,0,3.24108,720.651,6.58154,0.0575793,0.176755
2472,RL,3,Light Heavy,-0.29459,Low,0,Low,0,3.25347,722.779,6.58449,0.0579628,0.176747
2473,RL,3,Light Heavy,0.849438,Low,0,Low,0,3.22838,716.657,6.57599,0.0581603,0.176738
2474,RL,3,Light Heavy,-0.00038147,Low,0,Low,0,3.23349,716.66,6.576,0.0579751,0.176729
2475,RL,3,Light Heavy,-0.572395,Low,0,Low,0,3.24429,720.78,6.58172,0.0576869,0.17672
2476,RL,3,Light Heavy,1,Low,0,Low,0,3.19131,707.673,6.56339,0.0574764,0.176711
2477,RL,3,Light Heavy,-1,Low,0,Low,0,3.251,721.955,6.58335,0.0576055,0.176702
2478,RL,3,Light Heavy,-0.125504,Low,0,Low,0,3.25645,722.862,6.5846,0.0579997,0.176694
2479,RL,3,Light Heavy,0.803661,Low,0,Low,0,3.23023,717.068,6.57656,0.0576685,0.176685
2480,RL,3,Light Heavy,-0.381279,Low,0,Low,0,3.24178,719.811,6.58038,0.057992,0.176676
2481,RL,3,Light Heavy,-0.707817,Low,0,Low,0,3.26801,724.932,6.58746,0.0579897,0.176667
2482,RL,3,Light Heavy,0.52762,Low,0,Low,0,3.24923,721.112,6.58218,0.0575801,0.176658
2483,RL,3,Light Heavy,0.748539,Low,0,Low,0,3.22223,715.726,6.57469,0.0574979,0.176649
2484,RL,3,Light Heavy,-1,Low,0,Low,0,3.26051,723.871,6.58599,0.0578276,0.176641
2485,RL,3,Light Heavy,1,Low,0,Low,0,3.22459,716.297,6.57549,0.05769,0.176632
2486,RL,3,Light Heavy,-1,Low,0,Low,0,3.257,723.662,6.5857,0.0579789,0.176623
2487,RL,3,Light Heavy,0.437355,Low,0,Low,0,3.24495,720.499,6.58133,0.0578314,0.176614
2488,RL,3,Light Heavy,0.0400543,Low,0,Low,0,3.24739,720.21,6.58093,0.0579705,0.176605
2489,RL,3,Light Heavy,-0.266409,Low,0,Low,0,3.25284,722.134,6.58359,0.0574518,0.176596
2490,RL,3,Light Heavy,-0.0196457,Low,0,Low,0,3.25095,722.276,6.58379,0.0578837,0.176588
2491,RL,3,Light Heavy,0.153685,Low,0,Low,0,3.24796,721.166,6.58225,0.0578483,0.176579
2492,RL,3,Light Heavy,-0.473452,Low,0,Low,0,3.26044,724.593,6.58699,0.0578875,0.17657
2493,RL,3,Light Heavy,1,Low,0,Low,0,3.21459,714.02,6.57231,0.0574472,0.176561
2494,RL,3,Light Heavy,-1,Low,0,Low,0,3.27003,726.855,6.5901,0.0577745,0.176552
2495,RL,3,Light Heavy,1,Low,0,Low,0,3.22639,716.806,6.5762,0.0575394,0.176544
2496,RL,3,Light Heavy,0.366974,Low,0,Low,0,3.21346,714.177,6.57253,0.0576109,0.176535
2497,RL,3,Light Heavy,0.527191,Low,0,Low,0,3.20305,710.416,6.56726,0.057909,0.176526
2498,RL,3,Light Heavy,-1,Low,0,Low,0,3.27577,727.134,6.59048,0.0578114,0.176517
2499,RL,3,Light Heavy,0.384474,Low,0,Low,0,3.26244,724.339,6.58664,0.0577976,0.176508
2500,RL,3,Light Heavy,1,Low,0,Low,0,3.23165,716.651,6.57598,0.0578222,0.176499
2501,RL,3,Light Heavy,-0.644588,Low,0,Low,0,3.24956,721.292,6.58243,0.0577807,0.176491
2502,RL,3,Light Heavy,0.423384,Low,0,Low,0,3.2372,718.24,6.5782,0.0578683,0.176482
2503,RL,3,Light Heavy,-0.993538,Low,0,Low,0,3.26929,725.422,6.58813,0.0578475,0.176473
2504,RL,3,Light Heavy,1,Low,0,Low,0,3.22246,715.082,6.57379,0.0577561,0.176464
2505,RL,3,Light Heavy,-1,Low,0,Low,0,3.25663,724.275,6.58655,0.0575302,0.176455
2506,RL,3,Light Heavy,0.65093,Low,0,Low,0,3.24574,719.569,6.58004,0.0574964,0.176446
2507,RL,3,Light Heavy,0.244904,Low,0,Low,0,3.23189,717.807,6.57759,0.0577031,0.176438
2508,RL,3,Light Heavy,-0.740147,Low,0,Low,0,3.25352,723.146,6.58499,0.0579897,0.176429
2509,RL,3,Light Heavy,0.881052,Low,0,Low,0,3.22579,716.794,6.57618,0.0575232,0.17642
2510,RL,3,Light Heavy,-1,Low,0,Low,0,3.28457,729.675,6.59397,0.0579405,0.176411
2511,RL,3,Light Heavy,1,Low,0,Low,0,3.23964,719.702,6.58023,0.0575886,0.176402
2512,RL,3,Light Heavy,-0.241041,Low,0,Low,0,3.25024,721.442,6.58264,0.0575886,0.176394
2513,RL,3,Light Heavy,0.082159,Low,0,Low,0,3.24843,720.848,6.58182,0.0577446,0.176385
2514,RL,3,Light Heavy,-0.358152,Low,0,Low,0,3.26172,723.438,6.5854,0.057972,0.176376
2515,RL,3,Light Heavy,0.678873,Low,0,Low,0,3.24042,718.537,6.57861,0.0576416,0.176367
2516,RL,3,Light Heavy,-0.463963,Low,0,Low,0,3.25105,721.883,6.58325,0.0577315,0.176358
2517,RL,3,Light Heavy,0.264549,Low,0,Low,0,3.2432,719.973,6.5806,0.0577722,0.176349
2518,RL,3,Light Heavy,0.0260353,Low,0,Low,0,3.23646,719.786,6.58034,0.0574356,0.176341
2519,RL,3,Light Heavy,-0.281191,Low,0,Low,0,3.25154,721.815,6.58315,0.0576147,0.176332
2520,RL,3,Light Heavy,0.486755,Low,0,Low,0,3.23235,718.305,6.57829,0.0574756,0.176323
2521,RL,3,Light Heavy,-0.823069,Low,0,Low,0,3.26058,724.25,6.58652,0.0577799,0.176314
2522,RL,3,Light Heavy,0.568104,Low,0,Low,0,3.23954,720.142,6.58084,0.0577392,0.176305
2523,RL,3,Light Heavy,0.302172,Low,0,Low,0,3.23222,717.966,6.57781,0.0571967,0.176297
2524,RL,3,Light Heavy,0.318241,Low,0,Low,0,3.22699,715.682,6.57463,0.0576493,0.176288
2525,RL,3,Light Heavy,-1,Low,0,Low,0,3.25836,724.405,6.58673,0.0576539,0.176279
2526,RL,3,Light Heavy,0.308084,Low,0,Low,0,3.25001,722.173,6.58365,0.0577676,0.17627
2527,RL,3,Light Heavy,1,Low,0,Low,0,3.21431,713.692,6.57185,0.0574487,0.176261
2528,RL,3,Light Heavy,-0.533199,Low,0,Low,0,3.23171,717.513,6.57718,0.0575963,0.176252
2529,RL,3,Light Heavy,-0.0370026,Low,0,Low,0,3.23361,717.779,6.57755,0.0576347,0.176244
2530,RL,3,Light Heavy,-0.442457,Low,0,Low,0,3.24413,720.966,6.58198,0.0578122,0.176235
2531,RL,3,Light Heavy,0.354671,Low,0,Low,0,3.2359,718.41,6.57843,0.0576762,0.176226
2532,RL,3,Light Heavy,0.270557,Low,0,Low,0,3.22853,716.466,6.57573,0.0576262,0.176217
2533,RL,3,Light Heavy,-0.342035,Low,0,Low,0,3.24047,718.924,6.57915,0.0579497,0.176208
2534,RL,3,Light Heavy,-0.0124454,Low,0,Low,0,3.23566,719.014,6.57927,0.0576554,0.1762
2535,RL,3,Light Heavy,-0.347567,Low,0,Low,0,3.24966,721.521,6.58275,0.0577538,0.176191
2536,RL,3,Light Heavy,-0.780773,Low,0,Low,0,3.27808,727.184,6.59055,0.0578429,0.176182
2537,RL,3,Light Heavy,0.67997,Low,0,Low,0,3.25307,722.25,6.58375,0.0579244,0.176173
2538,RL,3,Light Heavy,0.745487,Low,0,Low,0,3.22788,716.878,6.5763,0.0575655,0.176164
2539,RL,3,Light Heavy,-0.902987,Low,0,Low,0,3.25771,723.39,6.58533,0.0579974,0.176156
2540,RL,3,Light Heavy,0.531101,Low,0,Low,0,3.23991,719.553,6.58002,0.0577353,0.176147
2541,RL,3,Light Heavy,0.451326,Low,0,Low,0,3.22904,716.308,6.57551,0.0577376,0.176138
2542,RL,3,Light Heavy,-0.119829,Low,0,Low,0,3.23498,717.168,6.5767,0.0576162,0.176129
2543,RL,3,Light Heavy,-0.118876,Low,0,Low,0,3.23276,718.022,6.57789,0.0577,0.17612
2544,RL,3,Light Heavy,-0.533915,Low,0,Low,0,3.25094,721.871,6.58323,0.0578483,0.176112
2545,RL,3,Light Heavy,0.772619,Low,0,Low,0,3.22715,716.308,6.57551,0.0576869,0.176103
2546,RL,3,Light Heavy,-1,Low,0,Low,0,3.26687,725.768,6.58861,0.0576815,0.176094
2547,RL,3,Light Heavy,-0.165176,Low,0,Low,0,3.27503,726.97,6.59026,0.057743,0.176085
2548,RL,3,Light Heavy,0.718021,Low,0,Low,0,3.25313,721.761,6.58308,0.057441,0.176076
2549,RL,3,Light Heavy,0.103331,Low,0,Low,0,3.24307,721.015,6.58205,0.0576815,0.176067
2550,RL,3,Light Heavy,0.898886,Low,0,Low,0,3.21787,714.554,6.57306,0.0575717,0.176059
2551,RL,3,Light Heavy,-1,Low,0,Low,0,3.27725,726.92,6.59019,0.0581618,0.17605
2552,RL,3,Light Heavy,0.414515,Low,0,Low,0,3.25924,723.909,6.58605,0.0576547,0.176041
2553,RL,3,Light Heavy,0.676107,Low,0,Low,0,3.23968,719.025,6.57929,0.0577815,0.176032
2554,RL,3,Light Heavy,0.304937,Low,0,Low,0,3.22271,716.832,6.57624,0.0572535,0.176023
2555,RL,3,Light Heavy,-0.097084,Low,0,Low,0,3.23081,717.529,6.57721,0.0578014,0.176015
2556,RL,3,Light Heavy,-0.523853,Low,0,Low,0,3.2455,721.303,6.58245,0.0577307,0.176006
2557,RL,3,Light Heavy,0.123358,Low,0,Low,0,3.24571,720.413,6.58121,0.0575824,0.175997
2558,RL,3,Light Heavy,0.485849,Low,0,Low,0,3.23176,716.916,6.57635,0.0574525,0.175988
2559,RL,3,Light Heavy,-0.889683,Low,0,Low,0,3.25451,723.332,6.58525,0.0581296,0.175979
2560,RL,3,BSDF Heavy,0.335932,Low,0,Low,0,3.2519,720.903,6.58189,0.0575778,0.175971
2561,RL,3,BSDF Heavy,0.0602245,Low,0,Low,0,3.25497,720.468,6.58129,0.0660593,0.175962
2562,RL,3,BSDF Heavy,-0.123262,Low,0,Low,0,3.25683,721.358,6.58252,0.0660171,0.175953
2563,RL,3,BSDF Heavy,0.091362,Low,0,Low,0,3.25519,720.699,6.58161,0.0660032,0.175944
2564,RL,3,BSDF Heavy,-0.141191,Low,0,Low,0,3.25787,721.718,6.58302,0.0660716,0.175935
2565,RL,3,BSDF Heavy,0.581264,Low,0,Low,0,3.24082,717.529,6.57721,0.0657458,0.175927
2566,RL,3,BSDF Heavy,0.289774,Low,0,Low,0,3.23122,715.45,6.57431,0.0657212,0.175918
2567,RL,3,BSDF Heavy,-1,Low,0,Low,0,3.27647,726.13,6.58911,0.0660716,0.175909
2568,RL,3,BSDF Heavy,1,Low,0,Low,0,3.24752,718.284,6.57826,0.0661131,0.1759
2569,RL,3,BSDF Heavy,-0.589371,Low,0,Low,0,3.26194,722.536,6.58415,0.0661085,0.175892
2570,RL,3,BSDF Heavy,-0.152349,Low,0,Low,0,3.26749,723.639,6.58567,0.0660286,0.175883
2571,RL,3,BSDF Heavy,1,Low,0,Low,0,3.22498,712.943,6.5708,0.0657266,0.175874
2572,RL,3,BSDF Heavy,-0.612068,Low,0,Low,0,3.24245,717.326,6.57692,0.0663175,0.175865
2573,RL,3,BSDF Heavy,-0.155497,Low,0,Low,0,3.24693,718.444,6.57848,0.0658518,0.175856
2574,RL,3,BSDF Heavy,-0.763369,Low,0,Low,0,3.26805,723.957,6.58611,0.0654131,0.175848
2575,RL,3,BSDF Heavy,0.255537,Low,0,Low,0,3.25834,722.107,6.58356,0.0656421,0.175839
2576,RL,3,BSDF Heavy,0.365973,Low,0,Low,0,3.25176,719.465,6.5799,0.065745,0.17583
2577,RL,3,BSDF Heavy,-0.748396,Low,0,Low,0,3.27049,724.877,6.58738,0.0659302,0.175821
2578,RL,3,BSDF Heavy,1,Low,0,Low,0,3.22436,714.739,6.57332,0.0657035,0.175812
2579,RL,3,BSDF Heavy,-0.0428677,Low,0,Low,0,3.23135,715.046,6.57374,0.0656105,0.175804
2580,RL,3,BSDF Heavy,0.000143051,Low,0,Low,0,3.23305,715.045,6.57374,0.0658442,0.175795
2581,RL,3,BSDF Heavy,-0.828409,Low,0,Low,0,3.25598,721.001,6.58203,0.0660194,0.175786
2582,RL,3,BSDF Heavy,-0.266838,Low,0,Low,0,3.26887,722.93,6.5847,0.0661608,0.175777
2583,RL,3,BSDF Heavy,0.330448,Low,0,Low,0,3.25552,720.542,6.58139,0.0658895,0.175768
2584,RL,3,BSDF Heavy,0.728416,Low,0,Low,0,3.23376,715.305,6.57411,0.0657581,0.17576
2585,RL,3,BSDF Heavy,-0.916958,Low,0,Low,0,3.26005,721.904,6.58328,0.0658303,0.175751
2586,RL,3,BSDF Heavy,0.849009,Low,0,Low,0,3.23663,715.792,6.57479,0.0656628,0.175742
2587,RL,3,BSDF Heavy,0.135756,Low,0,Low,0,3.22898,714.82,6.57343,0.065576,0.175733
2588,RL,3,BSDF Heavy,-0.44117,Low,0,Low,0,3.24168,717.985,6.57784,0.0658634,0.175724
2589,RL,3,BSDF Heavy,0.207424,Low,0,Low,0,3.23872,716.495,6.57577,0.0656659,0.175716
2590,RL,3,BSDF Heavy,0.276756,Low,0,Low,0,3.23079,714.512,6.573,0.0656336,0.175707
2591,RL,3,BSDF Heavy,-0.889301,Low,0,Low,0,3.25743,720.903,6.58189,0.0658657,0.175698
2592,RL,3,Light Heavy,-0.0236034,Low,0,Low,0,3.2562,721.074,6.58213,0.0661892,0.175689
2593,RL,3,Light Heavy,0.284529,Low,0,Low,0,3.24091,719.023,6.57928,0.0576231,0.175681
2594,RL,3,Light Heavy,-0.00152588,Low,0,Low,0,3.23899,719.033,6.5793,0.0576716,0.175672
2595,RL,3,Light Heavy,0.448227,Low,0,Low,0,3.22028,715.813,6.57482,0.0574041,0.175663
2596,RL,3,Light Heavy,-0.79751,Low,0,Low,0,3.25064,721.553,6.58279,0.0577238,0.175654
2597,RL,3,Light Heavy,-0.192356,Low,0,Low,0,3.25547,722.944,6.58471,0.0578483,0.175645
2598,RL,3,Light Heavy,-0.758028,Low,0,Low,0,3.27934,728.452,6.59229,0.0577192,0.175637
2599,RL,3,Light Heavy,0.726509,Low,0,Low,0,3.26011,723.172,6.58503,0.0577576,0.175628
2600,RL,3,Light Heavy,0.117207,Low,0,Low,0,3.25457,722.324,6.58386,0.0577415,0.175619
2601,RL,3,Light Heavy,-0.328207,Low,0,Low,0,3.25925,724.702,6.58714,0.0579467,0.17561
2602,RL,3,Light Heavy,0.785398,Low,0,Low,0,3.23842,719.024,6.57929,0.0573719,0.175602
2603,RL,3,Light Heavy,-0.646687,Low,0,Low,0,3.25538,723.696,6.58575,0.0574871,0.175593
2604,RL,3,Light Heavy,0.885677,Low,0,Low,0,3.23666,717.306,6.5769,0.0579344,0.175584
2605,RL,3,Light Heavy,-0.405312,Low,0,Low,0,3.23923,720.223,6.58095,0.0575709,0.175575
2606,RL,3,Light Heavy,-0.684786,Low,0,Low,0,3.2661,725.179,6.5878,0.0578176,0.175566
2607,RL,3,Light Heavy,0.434875,Low,0,Low,0,3.24828,722.028,6.58345,0.0575524,0.175558
2608,RL,3,Light Heavy,0.0887871,Low,0,Low,0,3.25001,721.386,6.58256,0.0576216,0.175549
2609,RL,3,Light Heavy,0.601006,Low,0,Low,0,3.23245,717.057,6.57655,0.0573219,0.17554
2610,RL,3,Light Heavy,-0.416279,Low,0,Low,0,3.24234,720.053,6.58071,0.0580381,0.175531
2611,RL,3,Light Heavy,-0.385904,Low,0,Low,0,3.2544,722.841,6.58457,0.0577807,0.175523
2612,RL,3,Light Heavy,-0.591803,Low,0,Low,0,3.27473,727.137,6.59049,0.0577653,0.175514
2613,RL,3,Light Heavy,1,Low,0,Low,0,3.23446,717.722,6.57747,0.0578091,0.175505
2614,RL,3,Light Heavy,-0.112629,Low,0,Low,0,3.23733,718.532,6.5786,0.0575993,0.175496
2615,RL,3,Light Heavy,-0.44322,Low,0,Low,0,3.25201,721.728,6.58303,0.0577177,0.175487
2616,RL,3,Light Heavy,-0.0943184,Low,0,Low,0,3.2473,722.41,6.58398,0.0575939,0.175479
2617,RL,3,Light Heavy,0.603724,Low,0,Low,0,3.23334,718.056,6.57794,0.0577599,0.17547
2618,RL,3,Light Heavy,-0.682354,Low,0,Low,0,3.25723,722.979,6.58476,0.0578483,0.175461
2619,RL,3,Light Heavy,-0.135326,Low,0,Low,0,3.25679,723.959,6.58612,0.0576777,0.175452
2620,RL,3,Light Heavy,0.700188,Low,0,Low,0,3.23972,718.901,6.57911,0.0576662,0.175444
2621,RL,3,Light Heavy,-0.457525,Low,0,Low,0,3.25553,722.202,6.58369,0.0577269,0.175435
2622,RL,3,Light Heavy,1,Low,0,Low,0,3.2153,713.178,6.57113,0.0574818,0.175426
2623,RL,3,Light Heavy,-0.903225,Low,0,Low,0,3.2377,719.657,6.58016,0.0577799,0.175417
2624,RL,3,Balanced,0.834656,Low,0,Low,0,3.21967,713.668,6.57182,0.0575017,0.175408
2625,RL,3,Balanced,-0.222254,Low,0,Low,0,3.22498,715.258,6.57404,0.0623415,0.1754
2626,RL,3,Balanced,-0.515127,Low,0,Low,0,3.24489,718.957,6.57919,0.062569,0.175391
2627,RL,3,Balanced,-0.479794,Low,0,Low,0,3.25767,722.419,6.58399,0.0627665,0.175382
2628,RL,3,Balanced,0.158119,Low,0,Low,0,3.25046,721.277,6.58241,0.0626189,0.175373
2629,RL,3,Balanced,0.257301,Low,0,Low,0,3.24651,719.42,6.57983,0.0625743,0.175365
2630,RL,3,Balanced,-0.420618,Low,0,Low,0,3.2556,722.457,6.58404,0.0627104,0.175356
2631,RL,3,Balanced,0.22254,Low,0,Low,0,3.24773,720.849,6.58182,0.062592,0.175347
2632,RL,3,Balanced,0.575733,Low,0,Low,0,3.23266,716.705,6.57606,0.0625183,0.175338
2633,RL,3,Balanced,0.461769,Low,0,Low,0,3.2189,713.398,6.57144,0.0626051,0.17533
2634,RL,3,Balanced,-0.806618,Low,0,Low,0,3.24847,719.184,6.57951,0.062997,0.175321
2635,RL,3,Balanced,0.378704,Low,0,Low,0,3.23225,716.462,6.57572,0.062758,0.175312
2636,RL,3,Balanced,0.0184536,Low,0,Low,0,3.23426,716.33,6.57554,0.0629363,0.175303
2637,RL,3,Balanced,-1,Low,0,Low,0,3.26112,723.618,6.58564,0.0625305,0.175295
2638,RL,3,Balanced,1,Low,0,Low,0,3.21256,711.27,6.56846,0.0624575,0.175286
2639,RL,3,Balanced,-1,Low,0,Low,0,3.25885,723.451,6.58541,0.0627772,0.175277
2640,RL,3,Balanced,-0.172424,Low,0,Low,0,3.27056,724.701,6.58714,0.0631983,0.175268
2641,RL,3,Balanced,0.513983,Low,0,Low,0,3.25425,720.981,6.582,0.0625375,0.175259
2642,RL,3,Balanced,0.656796,Low,0,Low,0,3.23396,716.255,6.57543,0.0623845,0.175251
2643,RL,3,Balanced,-0.623226,Low,0,Low,0,3.25287,720.739,6.58166,0.0628272,0.175242
2644,RL,3,Balanced,-0.324106,Low,0,Low,0,3.26347,723.082,6.5849,0.0625897,0.175233
2645,RL,3,Balanced,0.50683,Low,0,Low,0,3.2431,719.421,6.57984,0.0628195,0.175224
2646,RL,3,Balanced,-0.565004,Low,0,Low,0,3.26948,723.503,6.58549,0.0630931,0.175216
2647,RL,3,Balanced,1,Low,0,Low,0,3.23343,715.977,6.57504,0.0627588,0.175207
2648,RL,3,Balanced,-0.22974,Low,0,Low,0,3.23777,717.627,6.57734,0.0626696,0.175198
2649,RL,3,Balanced,-0.135517,Low,0,Low,0,3.24628,718.601,6.5787,0.0626335,0.175189
2650,RL,3,Balanced,-0.330162,Low,0,Low,0,3.25353,720.981,6.582,0.0627887,0.175181
2651,RL,3,Balanced,0.455236,Low,0,Low,0,3.23873,717.702,6.57745,0.0626973,0.175172
2652,RL,3,Balanced,-0.0154495,Low,0,Low,0,3.23382,717.813,6.5776,0.0621256,0.175163
2653,RL,3,Balanced,0.176382,Low,0,Low,0,3.23382,716.546,6.57584,0.0629501,0.175154
2654,RL,3,Balanced,0.821304,Low,0,Low,0,3.20748,710.677,6.56762,0.0627388,0.175146
2655,RL,3,Balanced,-1,Low,0,Low,0,3.24781,718.609,6.57871,0.0629117,0.175137
2656,RL,3,Light Heavy,-0.919914,Low,0,Low,0,3.26842,725.259,6.58791,0.0629862,0.175128
2657,RL,3,Light Heavy,0.24929,Low,0,Low,0,3.25802,723.451,6.58541,0.0578083,0.175119
2658,RL,3,Light Heavy,0.755453,Low,0,Low,0,3.2316,717.999,6.57786,0.0577369,0.175111
2659,RL,3,Light Heavy,-0.121307,Low,0,Low,0,3.2384,718.871,6.57907,0.0578183,0.175102
2660,RL,3,Light Heavy,-0.776434,Low,0,Low,0,3.26184,724.483,6.58684,0.0575548,0.175093
2661,RL,3,Light Heavy,0.749493,Low,0,Low,0,3.239,719.065,6.57934,0.0576308,0.175084
2662,RL,3,Light Heavy,0.892687,Low,0,Low,0,3.2122,712.666,6.57042,0.057285,0.175076
2663,RL,3,Light Heavy,-0.329208,Low,0,Low,0,3.21882,715.019,6.57371,0.0577254,0.175067
2664,RL,3,Light Heavy,-0.432014,Low,0,Low,0,3.238,718.119,6.57803,0.057285,0.175058
2665,RL,3,Light Heavy,-0.168133,Low,0,Low,0,3.24494,719.329,6.57971,0.0579467,0.175049
2666,RL,3,Light Heavy,1,Low,0,Low,0,3.21307,712.091,6.56961,0.0577561,0.17504
2667,RL,3,Light Heavy,-0.527906,Low,0,Low,0,3.22193,715.866,6.57489,0.0576162,0.175032
2668,RL,3,Light Heavy,-0.204849,Low,0,Low,0,3.2293,717.336,6.57694,0.0575079,0.175023
2669,RL,3,Light Heavy,-1,Low,0,Low,0,3.26876,725.366,6.58805,0.0578729,0.175014
2670,RL,3,Light Heavy,1,Low,0,Low,0,3.23272,717.571,6.57726,0.0574948,0.175005
2671,RL,3,Light Heavy,-0.218582,Low,0,Low,0,3.23697,719.144,6.57945,0.0576239,0.174997
2672,RL,3,Light Heavy,0.567293,Low,0,Low,0,3.22033,715.07,6.57378,0.0574587,0.174988
2673,RL,3,Light Heavy,-0.380135,Low,0,Low,0,3.23376,717.797,6.57758,0.0576147,0.174979
2674,RL,3,Light Heavy,-0.0860691,Low,0,Low,0,3.23934,718.416,6.57844,0.0575578,0.17497
2675,RL,3,Light Heavy,-1,Low,0,Low,0,3.26883,726.44,6.58953,0.0579021,0.174962
2676,RL,3,Light Heavy,0.877666,Low,0,Low,0,3.24309,720.084,6.58076,0.0578767,0.174953
2677,RL,3,Light Heavy,0.59495,Low,0,Low,0,3.22792,715.806,6.57481,0.0577953,0.174944
2678,RL,3,Light Heavy,-0.531006,Low,0,Low,0,3.24331,719.623,6.58012,0.0577054,0.174936
2679,RL,3,Light Heavy,0.328779,Low,0,Low,0,3.23079,717.257,6.57683,0.0577069,0.174927
2680,RL,3,Light Heavy,0.24457,Low,0,Low,0,3.22504,715.503,6.57438,0.057773,0.174918
2681,RL,3,Light Heavy,-1,Low,0,Low,0,3.26395,724.084,6.58629,0.0578498,0.174909
2682,RL,3,Light Heavy,0.274086,Low,0,Low,0,3.25448,722.1,6.58355,0.057959,0.174901
2683,RL,3,Light Heavy,-0.335979,Low,0,Low,0,3.26033,724.533,6.58691,0.0575378,0.174892
2684,RL,3,Light Heavy,0.233603,Low,0,Low,0,3.25533,722.84,6.58457,0.0580512,0.174883
2685,RL,3,Light Heavy,1,Low,0,Low,0,3.20733,711.173,6.56832,0.0574064,0.174874
2686,RL,3,Light Heavy,-1,Low,0,Low,0,3.24491,720.576,6.58144,0.0575924,0.174866
2687,RL,3,Light Heavy,-0.0425339,Low,0,Low,0,3.24756,720.883,6.58186,0.0576224,0.174857
2688,RL,3,Balanced,-0.602007,Low,0,Low,0,3.26395,725.242,6.58788,0.0578629,0.174848
2689,RL,3,Balanced,1,Low,0,Low,0,3.23652,716.798,6.57619,0.0626381,0.174839
2690,RL,3,Balanced,-0.0253201,Low,0,Low,0,3.23489,716.98,6.57644,0.0626474,0.174831
2691,RL,3,Balanced,-1,Low,0,Low,0,3.26538,724.59,6.58698,0.0627396,0.174822
2692,RL,3,Balanced,0.303555,Low,0,Low,0,3.2594,722.39,6.58395,0.0625743,0.174813
2693,RL,3,Balanced,0.143862,Low,0,Low,0,3.25522,721.351,6.58251,0.0629386,0.174804
2694,RL,3,Balanced,0.515413,Low,0,Low,0,3.23643,717.637,6.57736,0.0624967,0.174796
2695,RL,3,Balanced,-0.886631,Low,0,Low,0,3.26569,724.037,6.58622,0.0628794,0.174787
2696,RL,3,Balanced,0.957584,Low,0,Low,0,3.2394,717.127,6.57665,0.0625913,0.174778
2697,RL,3,Balanced,0.084877,Low,0,Low,0,3.23231,716.518,6.5758,0.0623799,0.174769
2698,RL,3,Balanced,-0.683355,Low,0,Low,0,3.25209,721.438,6.58263,0.0625467,0.174761
2699,RL,3,Balanced,0.477457,Low,0,Low,0,3.24117,717.997,6.57786,0.0625528,0.174752
2700,RL,3,Balanced,-0.565577,Low,0,Low,0,3.25412,722.075,6.58351,0.0628556,0.174743
2701,RL,3,Balanced,-0.127029,Low,0,Low,0,3.26447,722.994,6.58478,0.0628887,0.174734
2702,RL,3,Balanced,-0.0226974,Low,0,Low,0,3.26619,723.158,6.58501,0.0625936,0.174726
2703,RL,3,Balanced,1,Low,0,Low,0,3.22091,713.926,6.57218,0.0627396,0.174717
2704,RL,6,BSDF Heavy,-0.781488,Low,0,Low,0,3.24533,719.535,6.57999,0.0629463,0.174708
2705,RL,6,BSDF Heavy,-0.742292,Low,0,Low,0,3.27274,724.903,6.58742,0.0657727,0.1747
2706,RL,6,BSDF Heavy,1,Low,0,Low,0,3.22792,714.847,6.57347,0.0658011,0.174691
2707,RL,6,BSDF Heavy,-1,Low,0,Low,0,3.26718,723.406,6.58535,0.0657934,0.174682
2708,RL,6,BSDF Heavy,0.438452,Low,0,Low,0,3.25386,720.237,6.58097,0.0656444,0.174673
2709,RL,6,BSDF Heavy,0.228548,Low,0,Low,0,3.24537,718.591,6.57868,0.0657104,0.174665
2710,RL,6,BSDF Heavy,-0.585461,Low,0,Low,0,3.26292,722.816,6.58454,0.0657696,0.174656
2711,RL,6,BSDF Heavy,0.226641,Low,0,Low,0,3.25583,721.177,6.58227,0.0657366,0.174647
2712,RL,6,BSDF Heavy,-0.255489,Low,0,Low,0,3.26603,723.025,6.58483,0.0657581,0.174638
2713,RL,6,BSDF Heavy,-0.310993,Low,0,Low,0,3.27395,725.28,6.58794,0.0659225,0.17463
2714,RL,6,BSDF Heavy,0.552654,Low,0,Low,0,3.25826,721.277,6.58241,0.0657043,0.174621
2715,RL,6,BSDF Heavy,-0.142813,Low,0,Low,0,3.26262,722.309,6.58384,0.0657965,0.174612
2716,RL,6,BSDF Heavy,-0.530672,Low,0,Low,0,3.28018,726.158,6.58914,0.0658395,0.174603
2717,RL,6,BSDF Heavy,0.781727,Low,0,Low,0,3.25359,720.496,6.58133,0.0661892,0.174595
2718,RL,6,BSDF Heavy,0.509739,Low,0,Low,0,3.23833,716.827,6.57623,0.0657373,0.174586
2719,RL,6,BSDF Heavy,-0.152493,Low,0,Low,0,3.24311,717.923,6.57775,0.0658342,0.174577
2720,RL,6,Light Heavy,0.0140667,Low,0,Low,0,3.24355,717.822,6.57761,0.0655199,0.174569
2721,RL,6,Light Heavy,-0.036335,Low,0,Low,0,3.23687,718.083,6.57798,0.0575355,0.17456
2722,RL,6,Light Heavy,-0.377941,Low,0,Low,0,3.24795,720.806,6.58176,0.0577392,0.174551
2723,RL,6,Light Heavy,-0.152826,Low,0,Low,0,3.24769,721.91,6.58328,0.0577784,0.174542
2724,RL,6,Light Heavy,0.499773,Low,0,Low,0,3.23547,718.306,6.57829,0.0575286,0.174534
2725,RL,6,Light Heavy,-0.486565,Low,0,Low,0,3.25206,721.814,6.58315,0.0580404,0.174525
2726,RL,6,Light Heavy,0.359392,Low,0,Low,0,3.23971,719.221,6.57956,0.0575156,0.174516
2727,RL,6,Light Heavy,-1,Low,0,Low,0,3.27268,726.579,6.58972,0.0579082,0.174507
2728,RL,6,Light Heavy,0.124836,Low,0,Low,0,3.26855,725.671,6.58847,0.0577868,0.174499
2729,RL,6,Light Heavy,1,Low,0,Low,0,3.23651,718.326,6.57832,0.0577937,0.17449
2730,RL,6,Light Heavy,-0.127554,Low,0,Low,0,3.23672,719.245,6.57959,0.0575501,0.174481
2731,RL,6,Light Heavy,0.23737,Low,0,Low,0,3.2307,717.537,6.57722,0.0576815,0.174473
2732,RL,6,Light Heavy,-0.140381,Low,0,Low,0,3.23725,718.546,6.57862,0.0578875,0.174464
2733,RL,6,Light Heavy,-0.943279,Low,0,Low,0,3.26557,725.366,6.58805,0.0577008,0.174455
2734,RL,6,Light Heavy,0.716925,Low,0,Low,0,3.2446,720.177,6.58088,0.0577,0.174446
2735,RL,6,Light Heavy,-0.317717,Low,0,Low,0,3.254,722.472,6.58406,0.0580204,0.174438
2736,RL,6,Balanced,0.160122,Low,0,Low,0,3.25048,721.314,6.58246,0.0577738,0.174429
2737,RL,6,Balanced,0.466871,Low,0,Low,0,3.23933,717.95,6.57779,0.0626681,0.17442
2738,RL,6,Balanced,0.210953,Low,0,Low,0,3.22975,716.435,6.57568,0.0625651,0.174411
2739,RL,6,Balanced,0.133467,Low,0,Low,0,3.22052,715.478,6.57435,0.0622839,0.174403
2740,RL,6,Balanced,-0.278616,Low,0,Low,0,3.2367,717.477,6.57713,0.0627695,0.174394
2741,RL,6,Balanced,-0.225449,Low,0,Low,0,3.2377,719.099,6.57939,0.0623853,0.174385
2742,RL,6,Balanced,-0.167751,Low,0,Low,0,3.24662,720.307,6.58107,0.0623892,0.174377
2743,RL,6,Balanced,0.0125408,Low,0,Low,0,3.24397,720.217,6.58094,0.0626089,0.174368
2744,RL,6,Balanced,-0.305223,Low,0,Low,0,3.25706,722.422,6.58399,0.0626412,0.174359
2745,RL,6,Balanced,0.712061,Low,0,Low,0,3.2353,717.289,6.57687,0.0627011,0.17435
2746,RL,6,Balanced,-0.449181,Low,0,Low,0,3.2491,720.523,6.58136,0.0626312,0.174342
2747,RL,6,Balanced,0.421762,Low,0,Low,0,3.24139,717.486,6.57715,0.0626105,0.174333
2748,RL,6,Balanced,-0.4498,Low,0,Low,0,3.2489,720.725,6.58164,0.0623054,0.174324
2749,RL,6,Balanced,-0.0749111,Low,0,Low,0,3.25481,721.266,6.58239,0.0623938,0.174316
2750,RL,6,Balanced,-0.462341,Low,0,Low,0,3.27003,724.613,6.58702,0.0627081,0.174307
2751,RL,6,Balanced,0.780582,Low,0,Low,0,3.24055,718.971,6.57921,0.0624491,0.174298
2752,RL,6,Balanced,-0.662804,Low,0,Low,0,3.2615,723.759,6.58584,0.0628418,0.174289
2753,RL,6,Balanced,0.5023,Low,0,Low,0,3.24781,720.127,6.58082,0.0625159,0.174281
2754,RL,6,Balanced,-0.0288486,Low,0,Low,0,3.24982,720.335,6.5811,0.0627188,0.174272
2755,RL,6,Balanced,-0.209332,Low,0,Low,0,3.25381,721.847,6.5832,0.0626028,0.174263
2756,RL,6,Balanced,0.303173,Low,0,Low,0,3.24353,719.659,6.58017,0.062662,0.174255
2757,RL,6,Balanced,-0.241423,Low,0,Low,0,3.25247,721.401,6.58258,0.0627949,0.174246
2758,RL,6,Balanced,0.750875,Low,0,Low,0,3.22786,715.997,6.57507,0.0625267,0.174237
2759,RL,6,Balanced,-0.333023,Low,0,Low,0,3.24232,718.388,6.5784,0.0626043,0.174228
2760,RL,6,Balanced,-0.596762,Low,0,Low,0,3.26086,722.694,6.58437,0.0626566,0.17422
2761,RL,6,Balanced,0.665665,Low,0,Low,0,3.23808,717.893,6.57771,0.0628518,0.174211
2762,RL,6,Balanced,-0.221586,Low,0,Low,0,3.24384,719.488,6.57993,0.0625705,0.174202
2763,RL,6,Balanced,0.266361,Low,0,Low,0,3.23804,717.571,6.57726,0.0624429,0.174194
2764,RL,6,Balanced,-0.0960827,Low,0,Low,0,3.23614,718.262,6.57823,0.0626228,0.174185
2765,RL,6,Balanced,0.982618,Low,0,Low,0,3.21092,711.229,6.5684,0.0624929,0.174176
2766,RL,6,Balanced,-1,Low,0,Low,0,3.26371,723.893,6.58602,0.0628863,0.174167
2767,RL,6,Balanced,0.485706,Low,0,Low,0,3.24751,720.38,6.58117,0.062582,0.174159
2768,RL,6,Balanced,-0.307417,Low,0,Low,0,3.25714,722.601,6.58424,0.0629071,0.17415
2769,RL,6,Balanced,0.873518,Low,0,Low,0,3.23403,716.308,6.57551,0.062987,0.174141
2770,RL,6,Balanced,-1,Low,0,Low,0,3.28251,729.365,6.59354,0.0629171,0.174133
2771,RL,6,Balanced,1,Low,0,Low,0,3.25246,720.716,6.58163,0.0626896,0.174124
2772,RL,6,Balanced,-0.51775,Low,0,Low,0,3.2672,724.462,6.58681,0.062695,0.174115
2773,RL,6,Balanced,0.771332,Low,0,Low,0,3.24558,718.888,6.5791,0.0626343,0.174107
2774,RL,6,Balanced,-0.0760078,Low,0,Low,0,3.24513,719.435,6.57986,0.0627388,0.174098
2775,RL,6,Balanced,0.281429,Low,0,Low,0,3.23173,717.411,6.57704,0.0625628,0.174089
2776,RL,6,Balanced,0.517511,Low,0,Low,0,3.21605,713.702,6.57187,0.0621186,0.17408
2777,RL,6,Balanced,-1,Low,0,Low,0,3.25195,720.984,6.582,0.0628041,0.174072
2778,RL,6,Balanced,0.397396,Low,0,Low,0,3.2374,718.121,6.57803,0.062612,0.174063
2779,RL,6,Balanced,-0.48542,Low,0,Low,0,3.2543,721.62,6.58288,0.0627595,0.174054
2780,RL,6,Balanced,0.154018,Low,0,Low,0,3.24999,720.508,6.58134,0.0624698,0.174046
2781,RL,6,Balanced,0.10047,Low,0,Low,0,3.24994,719.783,6.58034,0.0628541,0.174037
2782,RL,6,Balanced,-0.6392,Low,0,Low,0,3.26832,724.405,6.58673,0.0626051,0.174028
2783,RL,6,Balanced,0.791502,Low,0,Low,0,3.24349,718.686,6.57882,0.0623991,0.17402
2784,RL,6,Light Heavy,-0.516939,Low,0,Low,0,3.25644,722.416,6.58398,0.0628402,0.174011
2785,RL,6,Light Heavy,-0.259733,Low,0,Low,0,3.26147,724.298,6.58658,0.0577546,0.174002
2786,RL,6,Light Heavy,1,Low,0,Low,0,3.21925,714.813,6.57342,0.0574887,0.173993
2787,RL,6,Light Heavy,-1,Low,0,Low,0,3.25429,722.442,6.58402,0.057866,0.173985
2788,RL,6,Light Heavy,0.551844,Low,0,Low,0,3.2408,718.461,6.5785,0.05765,0.173976
2789,RL,6,Light Heavy,0.640774,Low,0,Low,0,3.21518,713.865,6.57209,0.0577569,0.173967
2790,RL,6,Light Heavy,-1,Low,0,Low,0,3.256,722.612,6.58426,0.0575939,0.173959
2791,RL,6,Light Heavy,1,Low,0,Low,0,3.20925,712.097,6.56962,0.0573872,0.17395
2792,RL,6,Light Heavy,-0.721931,Low,0,Low,0,3.23268,717.264,6.57684,0.05774,0.173941
2793,RL,6,Light Heavy,-0.67935,Low,0,Low,0,3.25114,722.16,6.58363,0.0578468,0.173933
2794,RL,6,Light Heavy,0.342798,Low,0,Low,0,3.23761,719.685,6.5802,0.0576424,0.173924
2795,RL,6,Light Heavy,-0.117826,Low,0,Low,0,3.24435,720.535,6.58138,0.0578591,0.173915
2796,RL,6,Light Heavy,1,Low,0,Low,0,3.21041,711.398,6.56864,0.0575601,0.173906
2797,RL,6,Light Heavy,-0.0312805,Low,0,Low,0,3.20285,711.621,6.56895,0.0574356,0.173898
2798,RL,6,Light Heavy,-1,Low,0,Low,0,3.27202,726.766,6.58998,0.0582141,0.173889
2799,RL,6,Light Heavy,1,Low,0,Low,0,3.2246,716.18,6.57533,0.0577238,0.17388
2800,RL,6,Light Heavy,-0.247812,Low,0,Low,0,3.23509,717.959,6.57781,0.0575709,0.173872
2801,RL,6,Light Heavy,-0.152874,Low,0,Low,0,3.23567,719.059,6.57933,0.0576977,0.173863
2802,RL,6,Light Heavy,0.188351,Low,0,Low,0,3.23441,717.705,6.57745,0.0576024,0.173854
2803,RL,6,Light Heavy,0.82655,Low,0,Low,0,3.20801,711.789,6.56918,0.0575947,0.173846
2804,RL,6,Light Heavy,-1,Low,0,Low,0,3.24065,720.342,6.58111,0.0578206,0.173837
2805,RL,6,Light Heavy,-0.394487,Low,0,Low,0,3.2566,723.193,6.58506,0.0578821,0.173828
2806,RL,6,Light Heavy,-0.476646,Low,0,Low,0,3.27046,726.653,6.58982,0.0577745,0.173819
2807,RL,6,Light Heavy,-0.233316,Low,0,Low,0,3.28067,728.353,6.59216,0.0577323,0.173811
2808,RL,6,Light Heavy,0.696039,Low,0,Low,0,3.25967,723.294,6.5852,0.0576516,0.173802
2809,RL,6,Light Heavy,0.695848,Low,0,Low,0,3.23282,718.271,6.57824,0.057647,0.173793
2810,RL,6,Light Heavy,-0.597,Low,0,Low,0,3.25183,722.578,6.58421,0.0578998,0.173785
2811,RL,6,Light Heavy,0.517654,Low,0,Low,0,3.24295,718.842,6.57903,0.0580881,0.173776
2812,RL,6,Light Heavy,0.631809,Low,0,Low,0,3.21869,714.309,6.57271,0.057232,0.173767
2813,RL,6,Light Heavy,-0.654745,Low,0,Low,0,3.2404,719.008,6.57926,0.05774,0.173759
2814,RL,6,Light Heavy,0.449276,Low,0,Low,0,3.22762,715.78,6.57477,0.0580681,0.17375
2815,RL,6,Light Heavy,-0.613451,Low,0,Low,0,3.24085,720.191,6.5809,0.0575363,0.173741
2816,RL,6,Light Heavy,0.339127,Low,0,Low,0,3.22993,717.749,6.57751,0.0576416,0.173733
2817,RL,6,Light Heavy,0.164127,Low,0,Low,0,3.22877,716.57,6.57587,0.0573311,0.173724
2818,RL,6,Light Heavy,0.603104,Low,0,Low,0,3.21225,712.256,6.56984,0.0576931,0.173715
2819,RL,6,Light Heavy,-0.749731,Low,0,Low,0,3.22926,717.623,6.57734,0.0574111,0.173707
2820,RL,6,Light Heavy,-0.737715,Low,0,Low,0,3.25573,722.944,6.58471,0.0580043,0.173698
2821,RL,6,Light Heavy,0.419569,Low,0,Low,0,3.24198,719.913,6.58052,0.0576854,0.173689
2822,RL,6,Light Heavy,-0.028801,Low,0,Low,0,3.24089,720.121,6.58081,0.0574756,0.17368
2823,RL,6,Light Heavy,1,Low,0,Low,0,3.20533,710.795,6.56779,0.0574464,0.173672
2824,RL,6,Light Heavy,-1,Low,0,Low,0,3.26146,723.671,6.58572,0.05773,0.173663
2825,RL,6,Light Heavy,1,Low,0,Low,0,3.20026,710.593,6.56751,0.0574272,0.173654
2826,RL,6,Light Heavy,-1,Low,0,Low,0,3.24047,719.628,6.58012,0.0577054,0.173646
2827,RL,6,Light Heavy,-0.117111,Low,0,Low,0,3.24474,720.472,6.58129,0.0579851,0.173637
2828,RL,6,Light Heavy,1,Low,0,Low,0,3.20496,711.716,6.56908,0.0573065,0.173628
2829,RL,6,Light Heavy,-0.377893,Low,0,Low,0,3.22044,714.415,6.57286,0.0577761,0.17362
2830,RL,6,Light Heavy,-0.468922,Low,0,Low,0,3.23384,717.777,6.57755,0.0575279,0.173611
2831,RL,6,Light Heavy,0.965071,Low,0,Low,0,3.20304,710.874,6.5679,0.0578606,0.173602
2832,RL,6,Light Heavy,-1,Low,0,Low,0,3.24678,720.837,6.5818,0.057793,0.173594
2833,RL,6,Light Heavy,0.7514,Low,0,Low,0,3.22322,715.434,6.57429,0.0573603,0.173585
2834,RL,6,Light Heavy,-0.201797,Low,0,Low,0,3.22894,716.881,6.5763,0.0576646,0.173576
2835,RL,6,Light Heavy,-0.275183,Low,0,Low,0,3.24165,718.859,6.57906,0.0576961,0.173568
2836,RL,6,Light Heavy,-0.815487,Low,0,Low,0,3.26277,724.753,6.58721,0.0580397,0.173559
2837,RL,6,Light Heavy,0.324631,Low,0,Low,0,3.25576,722.401,6.58396,0.0577453,0.17355
2838,RL,6,Light Heavy,0.969267,Low,0,Low,0,3.22138,715.423,6.57427,0.0576255,0.173542
2839,RL,6,Light Heavy,-0.198174,Low,0,Low,0,3.22921,716.845,6.57625,0.0576262,0.173533
2840,RL,6,Light Heavy,-0.429296,Low,0,Low,0,3.2383,719.933,6.58055,0.0575678,0.173524
2841,RL,6,Light Heavy,-0.182199,Low,0,Low,0,3.25103,721.247,6.58237,0.0577722,0.173516
2842,RL,6,Light Heavy,-0.130844,Low,0,Low,0,3.24985,722.193,6.58368,0.0579144,0.173507
2843,RL,6,Light Heavy,0.485992,Low,0,Low,0,3.23199,718.687,6.57882,0.0574379,0.173498
2844,RL,6,Light Heavy,-0.508785,Low,0,Low,0,3.25193,722.358,6.5839,0.0577761,0.17349
2845,RL,6,Light Heavy,0.365973,Low,0,Low,0,3.24237,719.716,6.58024,0.057919,0.173481
2846,RL,6,Light Heavy,0.143147,Low,0,Low,0,3.2368,718.685,6.57881,0.0575594,0.173472
2847,RL,6,Light Heavy,-0.847912,Low,0,Low,0,3.25943,724.813,6.58729,0.0576024,0.173464
2848,RL,6,Light Heavy,0.865841,Low,0,Low,0,3.24193,718.555,6.57863,0.0578698,0.173455
2849,RL,6,Light Heavy,-0.0353813,Low,0,Low,0,3.23725,718.81,6.57899,0.0576255,0.173446
2850,RL,6,Light Heavy,-0.500154,Low,0,Low,0,3.24795,722.42,6.58399,0.057504,0.173438
2851,RL,6,Light Heavy,-0.431871,Low,0,Low,0,3.26892,725.55,6.58831,0.0578883,0.173429
2852,RL,6,Light Heavy,0.0310898,Low,0,Low,0,3.27,725.325,6.588,0.0579267,0.17342
2853,RL,6,Light Heavy,0.763559,Low,0,Low,0,3.24269,719.8,6.58036,0.0580642,0.173412
2854,RL,6,Light Heavy,-0.190449,Low,0,Low,0,3.24516,721.174,6.58227,0.0577254,0.173403
2855,RL,6,Light Heavy,-0.0315666,Low,0,Low,0,3.24745,721.402,6.58258,0.0577192,0.173394
2856,RL,6,Light Heavy,0.863361,Low,0,Low,0,3.22732,715.192,6.57395,0.0576677,0.173385
2857,RL,6,Light Heavy,-1,Low,0,Low,0,3.26535,724.477,6.58683,0.0578399,0.173377
2858,RL,6,Light Heavy,0.827646,Low,0,Low,0,3.23533,718.497,6.57855,0.057428,0.173368
2859,RL,6,Light Heavy,-0.325108,Low,0,Low,0,3.24086,720.84,6.5818,0.0576324,0.173359
2860,RL,6,Light Heavy,0.444412,Low,0,Low,0,3.23548,717.639,6.57736,0.0578106,0.173351
2861,RL,6,Light Heavy,0.602674,Low,0,Low,0,3.2167,713.321,6.57133,0.058105,0.173342
2862,RL,6,Light Heavy,-0.346947,Low,0,Low,0,3.22669,715.804,6.5748,0.0577653,0.173333
2863,RL,6,Light Heavy,-0.557709,Low,0,Low,0,3.24016,719.813,6.58038,0.0573918,0.173325
2864,RL,6,Light Heavy,-0.106812,Low,0,Low,0,3.24779,720.583,6.58145,0.0580873,0.173316
2865,RL,6,Light Heavy,-0.0607014,Low,0,Low,0,3.24194,721.021,6.58205,0.0573788,0.173307
2866,RL,6,Light Heavy,0.495625,Low,0,Low,0,3.23284,717.452,6.5771,0.0577853,0.173299
2867,RL,6,Light Heavy,-0.232458,Low,0,Low,0,3.23736,719.124,6.57942,0.0577346,0.17329
2868,RL,6,Light Heavy,-0.724792,Low,0,Low,0,3.25863,724.362,6.58667,0.0577084,0.173281
2869,RL,6,Light Heavy,0.806046,Low,0,Low,0,3.23592,718.539,6.57861,0.0577269,0.173273
2870,RL,6,Light Heavy,-0.445652,Low,0,Low,0,3.2496,721.753,6.58307,0.0578191,0.173264
2871,RL,6,Light Heavy,0.331211,Low,0,Low,0,3.23842,719.363,6.57975,0.0577561,0.173256
2872,RL,6,Light Heavy,0.451422,Low,0,Low,0,3.22518,716.118,6.57524,0.0575425,0.173247
2873,RL,6,Light Heavy,-0.906849,Low,0,Low,0,3.25666,722.651,6.58431,0.0578706,0.173238
2874,RL,6,Light Heavy,-0.0685215,Low,0,Low,0,3.26133,723.147,6.58499,0.0579974,0.17323
2875,RL,6,Light Heavy,0.833511,Low,0,Low,0,3.23268,717.136,6.57666,0.0576969,0.173221
2876,RL,6,Light Heavy,-0.63529,Low,0,Low,0,3.24854,721.713,6.58301,0.0577976,0.173212
2877,RL,6,Light Heavy,-0.0465393,Low,0,Low,0,3.2465,722.049,6.58348,0.057431,0.173204
2878,RL,6,Light Heavy,0.754023,Low,0,Low,0,3.22508,716.618,6.57594,0.0578068,0.173195
2879,RL,6,Light Heavy,-0.854301,Low,0,Low,0,3.25832,722.775,6.58448,0.0579175,0.173186
2880,RL,6,Light Heavy,0.650311,Low,0,Low,0,3.23095,718.083,6.57798,0.0577046,0.173178
2881,RL,6,Light Heavy,-0.644732,Low,0,Low,0,3.2572,722.734,6.58442,0.0578521,0.173169
2882,RL,6,Light Heavy,0.552416,Low,0,Low,0,3.23944,718.747,6.5789,0.0579728,0.17316
2883,RL,6,Light Heavy,0.266361,Low,0,Low,0,3.22766,716.833,6.57624,0.058022,0.173152
2884,RL,6,Light Heavy,-0.46854,Low,0,Low,0,3.24265,720.204,6.58092,0.0575901,0.173143
2885,RL,6,Light Heavy,0.420141,Low,0,Low,0,3.2312,717.18,6.57672,0.0577976,0.173134
2886,RL,6,Light Heavy,-0.0153542,Low,0,Low,0,3.23237,717.29,6.57687,0.057866,0.173126
2887,RL,6,Light Heavy,-0.487375,Low,0,Low,0,3.24755,720.8,6.58175,0.0576431,0.173117
2888,RL,6,Light Heavy,-0.573778,Low,0,Low,0,3.2584,724.953,6.58749,0.0579797,0.173108
2889,RL,6,Light Heavy,0.559902,Low,0,Low,0,3.24475,720.9,6.58189,0.0578806,0.1731
2890,RL,6,Light Heavy,-0.613832,Low,0,Low,0,3.26547,725.345,6.58803,0.0577023,0.173091
2891,RL,6,Light Heavy,0.0796318,Low,0,Low,0,3.26186,724.767,6.58723,0.0578199,0.173082
2892,RL,6,Light Heavy,0.820971,Low,0,Low,0,3.23353,718.833,6.57902,0.0577031,0.173074
2893,RL,6,Light Heavy,0.713921,Low,0,Low,0,3.21395,713.712,6.57188,0.0574479,0.173065
2894,RL,6,Light Heavy,-0.611925,Low,0,Low,0,3.22902,718.099,6.578,0.0575386,0.173056
2895,RL,6,Light Heavy,-0.323296,Low,0,Low,0,3.24468,720.427,6.58123,0.0575893,0.173048
2896,RL,6,Light Heavy,0.164223,Low,0,Low,0,3.24204,719.244,6.57959,0.0576285,0.173039
2897,RL,6,Light Heavy,-1,Low,0,Low,0,3.28066,728.359,6.59217,0.057949,0.17303
2898,RL,6,Light Heavy,1,Low,0,Low,0,3.23082,718.075,6.57797,0.0576616,0.173022
2899,RL,6,Light Heavy,0.0972271,Low,0,Low,0,3.23128,717.376,6.57699,0.0579882,0.173013
2900,RL,6,Light Heavy,-0.864792,Low,0,Low,0,3.25498,723.615,6.58564,0.05773,0.173004
2901,RL,6,Light Heavy,0.559235,Low,0,Low,0,3.2415,719.574,6.58005,0.057763,0.172996
2902,RL,6,Light Heavy,0.473642,Low,0,Low,0,3.22616,716.169,6.57531,0.0577699,0.172987
2903,RL,6,Light Heavy,-0.695705,Low,0,Low,0,3.25126,721.176,6.58227,0.0578452,0.172979
2904,RL,6,Light Heavy,0.415087,Low,0,Low,0,3.23177,718.185,6.57812,0.0577984,0.17297
2905,RL,6,Light Heavy,-0.180912,Low,0,Low,0,3.24067,719.487,6.57993,0.0577346,0.172961
2906,RL,6,Light Heavy,-0.701523,Low,0,Low,0,3.25912,724.559,6.58694,0.0577353,0.172953
2907,RL,6,Light Heavy,1,Low,0,Low,0,3.22486,715.386,6.57422,0.0576385,0.172944
2908,RL,6,Light Heavy,-1,Low,0,Low,0,3.25363,722.889,6.58464,0.0574833,0.172935
2909,RL,6,Light Heavy,0.679684,Low,0,Low,0,3.22755,717.986,6.57784,0.057451,0.172927
2910,RL,6,Light Heavy,-0.0181675,Low,0,Low,0,3.23386,718.116,6.57802,0.0576562,0.172918
2911,RL,6,Light Heavy,0.00338554,Low,0,Low,0,3.23761,718.092,6.57799,0.057584,0.172909
2912,RL,6,Balanced,-0.973845,Low,0,Low,0,3.27076,725.129,6.58773,0.0580519,0.172901
2913,RL,6,Balanced,1,Low,0,Low,0,3.21939,713.946,6.57221,0.0623615,0.172892
2914,RL,6,Balanced,0.227213,Low,0,Low,0,3.21485,712.324,6.56994,0.0622124,0.172883
2915,RL,6,Balanced,-0.770664,Low,0,Low,0,3.23295,717.842,6.57764,0.0625252,0.172875
2916,RL,6,Balanced,-0.201988,Low,0,Low,0,3.24744,719.296,6.57966,0.0626197,0.172866
2917,RL,6,Balanced,-0.233889,Low,0,Low,0,3.25088,720.982,6.582,0.0627058,0.172857
2918,RL,6,Balanced,0.408792,Low,0,Low,0,3.23975,718.037,6.57791,0.0628141,0.172849
2919,RL,6,Balanced,-0.225067,Low,0,Low,0,3.24699,719.657,6.58016,0.0625375,0.17284
2920,RL,6,Balanced,-0.405931,Low,0,Low,0,3.25589,722.588,6.58422,0.0627019,0.172832
2921,RL,6,Balanced,0.239849,Low,0,Low,0,3.25092,720.855,6.58182,0.0625936,0.172823
2922,RL,6,Balanced,0.367641,Low,0,Low,0,3.24028,718.206,6.57815,0.0629217,0.172814
2923,RL,6,Balanced,0.89798,Low,0,Low,0,3.21,711.777,6.56917,0.0626212,0.172806
2924,RL,6,Balanced,-0.92063,Low,0,Low,0,3.23625,718.369,6.57837,0.0622547,0.172797
2925,RL,6,Balanced,0.27914,Low,0,Low,0,3.23216,716.364,6.57558,0.0629225,0.172788
2926,RL,6,Balanced,-0.72279,Low,0,Low,0,3.25776,721.568,6.58281,0.0626919,0.17278
2927,RL,6,Balanced,0.57888,Low,0,Low,0,3.23417,717.397,6.57702,0.0628502,0.172771
2928,RL,6,Light Heavy,-0.23756,Low,0,Low,0,3.23892,719.105,6.5794,0.0625352,0.172762
2929,RL,6,Light Heavy,-0.312519,Low,0,Low,0,3.25173,721.359,6.58252,0.0577999,0.172754
2930,RL,6,Light Heavy,1,Low,0,Low,0,3.21282,713.353,6.57138,0.0575471,0.172745
2931,RL,6,Light Heavy,-1,Low,0,Low,0,3.26936,725.803,6.58866,0.0579036,0.172737
2932,RL,6,Light Heavy,0.564241,Low,0,Low,0,3.24892,721.714,6.58301,0.0576231,0.172728
2933,RL,6,Light Heavy,-0.0409126,Low,0,Low,0,3.24534,722.01,6.58342,0.0578429,0.172719
2934,RL,6,Light Heavy,0.730324,Low,0,Low,0,3.23292,716.749,6.57612,0.0581265,0.172711
2935,RL,6,Light Heavy,-0.236607,Low,0,Low,0,3.23322,718.449,6.57849,0.0573696,0.172702
2936,RL,6,Light Heavy,-0.48213,Low,0,Low,0,3.25132,721.926,6.58331,0.0577369,0.172693
2937,RL,6,Light Heavy,1,Low,0,Low,0,3.21913,714.376,6.57281,0.0579882,0.172685
2938,RL,6,Light Heavy,-0.581551,Low,0,Low,0,3.23478,718.549,6.57862,0.0576185,0.172676
2939,RL,6,Light Heavy,-1,Low,0,Low,0,3.27647,726.716,6.58991,0.0580389,0.172667
2940,RL,6,Light Heavy,0.61121,Low,0,Low,0,3.25389,722.282,6.5838,0.0576009,0.172659
2941,RL,6,Light Heavy,0.394058,Low,0,Low,0,3.23796,719.437,6.57986,0.0575893,0.17265
2942,RL,6,Light Heavy,0.812531,Low,0,Low,0,3.21095,713.607,6.57173,0.0575893,0.172642
2943,RL,6,Light Heavy,-0.708008,Low,0,Low,0,3.24253,718.685,6.57881,0.0577376,0.172633
2944,RL,6,Light Heavy,-0.200653,Low,0,Low,0,3.24844,720.13,6.58082,0.0576992,0.172624
2945,RL,6,Light Heavy,0.254726,Low,0,Low,0,3.23644,718.296,6.57827,0.0580496,0.172616
2946,RL,6,Light Heavy,-0.394726,Low,0,Low,0,3.24523,721.14,6.58222,0.0578875,0.172607
2947,RL,6,Light Heavy,0.214386,Low,0,Low,0,3.24028,719.594,6.58008,0.0577207,0.172598
2948,RL,6,Light Heavy,0.336504,Low,0,Low,0,3.23545,717.173,6.57671,0.0580427,0.17259
2949,RL,6,Light Heavy,-0.197744,Low,0,Low,0,3.23482,718.595,6.57869,0.0575647,0.172581
2950,RL,6,Light Heavy,-0.421476,Low,0,Low,0,3.25002,721.634,6.5829,0.0575993,0.172572
2951,RL,6,Light Heavy,-0.127792,Low,0,Low,0,3.25491,722.558,6.58418,0.0576193,0.172564
2952,RL,6,Light Heavy,0.274658,Low,0,Low,0,3.24605,720.573,6.58143,0.057803,0.172555
2953,RL,6,Light Heavy,-0.52557,Low,0,Low,0,3.26464,724.376,6.58669,0.0576685,0.172547
2954,RL,6,Light Heavy,-0.481939,Low,0,Low,0,3.28205,727.88,6.59151,0.0580858,0.172538
2955,RL,6,Light Heavy,0.914955,Low,0,Low,0,3.24449,721.242,6.58236,0.0577,0.172529
2956,RL,6,Light Heavy,0.403214,Low,0,Low,0,3.23057,718.335,6.57833,0.0575179,0.172521
2957,RL,6,Light Heavy,-0.0747681,Low,0,Low,0,3.23754,718.873,6.57908,0.0574011,0.172512
2958,RL,6,Light Heavy,-0.490713,Low,0,Low,0,3.25396,722.414,6.58398,0.0577661,0.172503
2959,RL,6,Light Heavy,0.257254,Low,0,Low,0,3.24645,720.556,6.58141,0.0579897,0.172495
2960,RL,6,Light Heavy,0.356245,Low,0,Low,0,3.23448,717.99,6.57785,0.05766,0.172486
2961,RL,6,Light Heavy,-0.519419,Low,0,Low,0,3.24757,721.734,6.58304,0.0576201,0.172478
2962,RL,6,Light Heavy,-0.0539303,Low,0,Low,0,3.25373,722.124,6.58358,0.057813,0.172469
2963,RL,6,Light Heavy,-0.80986,Low,0,Low,0,3.27775,728.004,6.59168,0.0574856,0.17246
2964,RL,6,Light Heavy,0.93174,Low,0,Low,0,3.25105,721.243,6.58236,0.0576116,0.172452
2965,RL,6,Light Heavy,-0.122595,Low,0,Low,0,3.24958,722.129,6.58359,0.057733,0.172443
2966,RL,6,Light Heavy,-0.364494,Low,0,Low,0,3.26317,724.77,6.58723,0.0577699,0.172434
2967,RL,6,Light Heavy,0.258112,Low,0,Low,0,3.25674,722.899,6.58465,0.0575686,0.172426
2968,RL,6,Light Heavy,0.466394,Low,0,Low,0,3.23644,719.531,6.57999,0.0576854,0.172417
2969,RL,6,Light Heavy,-0.658989,Low,0,Low,0,3.26205,724.295,6.58658,0.0576862,0.172409
2970,RL,6,Light Heavy,-0.373602,Low,0,Low,0,3.27438,727.009,6.59031,0.0580519,0.1724
2971,RL,6,Light Heavy,0.780678,Low,0,Low,0,3.25076,721.348,6.58251,0.0575755,0.172391
2972,RL,6,Light Heavy,-0.149727,Low,0,Low,0,3.25228,722.431,6.584,0.0577031,0.172383
2973,RL,6,Light Heavy,0.257683,Low,0,Low,0,3.24576,720.569,6.58143,0.0579236,0.172374
2974,RL,6,Light Heavy,-0.363922,Low,0,Low,0,3.25555,723.199,6.58507,0.0576354,0.172366
2975,RL,6,Light Heavy,0.120831,Low,0,Low,0,3.2523,722.325,6.58386,0.0579382,0.172357
2976,RL,6,Light Heavy,0.346708,Low,0,Low,0,3.23943,719.821,6.58039,0.0576347,0.172348
2977,RL,6,Light Heavy,0.366259,Low,0,Low,0,3.23242,717.186,6.57673,0.057368,0.17234
2978,RL,6,Light Heavy,-0.710392,Low,0,Low,0,3.25022,722.306,6.58383,0.0580358,0.172331
2979,RL,6,Light Heavy,0.0543118,Low,0,Low,0,3.24921,721.914,6.58329,0.057856,0.172322
2980,RL,6,Light Heavy,0.529289,Low,0,Low,0,3.23411,718.097,6.578,0.0573065,0.172314
2981,RL,6,Light Heavy,0.0118732,Low,0,Low,0,3.23455,718.012,6.57788,0.0575417,0.172305
2982,RL,6,Light Heavy,-0.626278,Low,0,Low,0,3.25351,722.529,6.58414,0.057504,0.172297
2983,RL,6,Light Heavy,0.380135,Low,0,Low,0,3.24036,719.784,6.58034,0.0577884,0.172288
2984,RL,6,Light Heavy,-0.0934124,Low,0,Low,0,3.24892,720.458,6.58127,0.0576631,0.172279
2985,RL,6,Light Heavy,0.233698,Low,0,Low,0,3.24424,718.774,6.57894,0.0579859,0.172271
2986,RL,6,Light Heavy,0.568485,Low,0,Low,0,3.22184,714.693,6.57325,0.057783,0.172262
2987,RL,6,Light Heavy,-1,Low,0,Low,0,3.27032,725.796,6.58865,0.0579743,0.172254
2988,RL,6,Light Heavy,0.947762,Low,0,Low,0,3.24173,718.94,6.57917,0.0576262,0.172245
2989,RL,6,Light Heavy,-0.489092,Low,0,Low,0,3.24898,722.47,6.58406,0.0575801,0.172236
2990,RL,6,Light Heavy,0.429249,Low,0,Low,0,3.23881,719.371,6.57977,0.0574887,0.172228
2991,RL,6,Light Heavy,0.167942,Low,0,Low,0,3.23895,718.162,6.57809,0.0578368,0.172219
2992,RL,6,Light Heavy,-0.307178,Low,0,Low,0,3.24412,720.375,6.58116,0.0576485,0.17221
2993,RL,6,Light Heavy,0.300694,Low,0,Low,0,3.23258,718.209,6.57815,0.057879,0.172202
2994,RL,6,Light Heavy,-1,Low,0,Low,0,3.27919,728.231,6.59199,0.0581019,0.172193
2995,RL,6,Light Heavy,0.872183,Low,0,Low,0,3.24959,721.899,6.58327,0.0574233,0.172185
2996,RL,6,Light Heavy,0.123453,Low,0,Low,0,3.24907,721.007,6.58203,0.0578852,0.172176
2997,RL,6,Light Heavy,0.302458,Low,0,Low,0,3.23921,718.826,6.57901,0.0579282,0.172167
2998,RL,6,Light Heavy,-0.322914,Low,0,Low,0,3.24996,721.155,6.58224,0.0574971,0.172159
2999,RL,6,Light Heavy,0.949049,Low,0,Low,0,3.21612,714.333,6.57275,0.0574779,0.17215
3000,RL,6,Light Heavy,-0.215149,Low,0,Low,0,3.22202,715.874,6.5749,0.0576193,0.172142
3001,RL,6,Light Heavy,-0.558996,Low,0,Low,0,3.24039,719.893,6.58049,0.0577715,0.172133
3002,RL,6,Light Heavy,-0.857687,Low,0,Low,0,3.27115,726.102,6.58907,0.0577984,0.172124
3003,RL,6,Light Heavy,0.134039,Low,0,Low,0,3.26591,725.128,6.58773,0.0576377,0.172116
3004,RL,6,Light Heavy,0.849676,Low,0,Low,0,3.23525,718.985,6.57923,0.0576393,0.172107
3005,RL,6,Light Heavy,-0.432539,Low,0,Low,0,3.25166,722.106,6.58356,0.0576301,0.172099
3006,RL,6,Light Heavy,0.0282288,Low,0,Low,0,3.25226,721.902,6.58327,0.0578967,0.17209
3007,RL,6,Light Heavy,0.146484,Low,0,Low,0,3.24529,720.843,6.58181,0.0578429,0.172081
3008,RL,6,BSDF Heavy,0.0635147,Low,0,Low,0,3.24242,720.385,6.58117,0.0576124,0.172073
3009,RL,6,BSDF Heavy,-0.251341,Low,0,Low,0,3.26327,722.201,6.58369,0.0657665,0.172064
3010,RL,6,BSDF Heavy,0.264597,Low,0,Low,0,3.25118,720.289,6.58104,0.0657389,0.172056
3011,RL,6,BSDF Heavy,0.62499,Low,0,Low,0,3.23512,715.796,6.57479,0.0659525,0.172047
3012,RL,6,BSDF Heavy,-0.586176,Low,0,Low,0,3.24952,720.009,6.58065,0.065848,0.172038
3013,RL,6,BSDF Heavy,-0.480938,Low,0,Low,0,3.26695,723.485,6.58546,0.0658503,0.17203
3014,RL,6,BSDF Heavy,0.515461,Low,0,Low,0,3.25068,719.761,6.58031,0.0656851,0.172021
3015,RL,6,BSDF Heavy,-0.197554,Low,0,Low,0,3.26164,721.186,6.58228,0.0658442,0.172013
3016,RL,6,BSDF Heavy,0.618458,Low,0,Low,0,3.23543,716.733,6.5761,0.0661085,0.172004
3017,RL,6,BSDF Heavy,-0.313473,Low,0,Low,0,3.24725,718.987,6.57923,0.0660601,0.171995
3018,RL,6,BSDF Heavy,0.537586,Low,0,Low,0,3.22785,715.126,6.57386,0.0657811,0.171987
3019,RL,6,BSDF Heavy,-0.659323,Low,0,Low,0,3.25274,719.864,6.58045,0.0661861,0.171978
3020,RL,6,BSDF Heavy,-0.0279903,Low,0,Low,0,3.25197,720.065,6.58073,0.0659602,0.17197
3021,RL,6,BSDF Heavy,0.182056,Low,0,Low,0,3.24737,718.754,6.57891,0.0659625,0.171961
3022,RL,6,BSDF Heavy,0.0859261,Low,0,Low,0,3.24549,718.136,6.57805,0.0662929,0.171952
3023,RL,6,BSDF Heavy,-0.218105,Low,0,Low,0,3.25241,719.706,6.58023,0.0658319,0.171944
3024,RL,6,Light Heavy,-0.67811,Low,0,Low,0,3.27329,724.61,6.58701,0.0656743,0.171935
3025,RL,6,Light Heavy,1,Low,0,Low,0,3.2214,714.48,6.57295,0.0577991,0.171927
3026,RL,6,Light Heavy,-0.943279,Low,0,Low,0,3.25177,721.261,6.58239,0.0577123,0.171918
3027,RL,6,Light Heavy,0.686836,Low,0,Low,0,3.22924,716.317,6.57552,0.0575271,0.171909
3028,RL,6,Light Heavy,-1,Low,0,Low,0,3.25739,723.768,6.58585,0.0578399,0.171901
3029,RL,6,Light Heavy,1,Low,0,Low,0,3.214,713.066,6.57097,0.0575724,0.171892
3030,RL,6,Light Heavy,-1,Low,0,Low,0,3.25313,722.223,6.58372,0.0575778,0.171884
3031,RL,6,Light Heavy,-0.0876427,Low,0,Low,0,3.25411,722.857,6.58459,0.0576047,0.171875
3032,RL,6,Light Heavy,0.68531,Low,0,Low,0,3.23237,717.913,6.57774,0.0575125,0.171866
3033,RL,6,Light Heavy,0.416279,Low,0,Low,0,3.21889,714.926,6.57358,0.057584,0.171858
3034,RL,6,Light Heavy,-1,Low,0,Low,0,3.26324,724.546,6.58692,0.0579989,0.171849
3035,RL,6,Light Heavy,0.58279,Low,0,Low,0,3.24716,720.33,6.5811,0.057866,0.171841
3036,RL,6,Light Heavy,-0.0367165,Low,0,Low,0,3.24446,720.594,6.58146,0.0580081,0.171832
3037,RL,6,Light Heavy,0.0651836,Low,0,Low,0,3.24073,720.124,6.58081,0.0576001,0.171823
3038,RL,6,Light Heavy,-0.0492096,Low,0,Low,0,3.24482,720.479,6.5813,0.0578176,0.171815
3039,RL,6,Light Heavy,0.748777,Low,0,Low,0,3.22545,715.097,6.57382,0.0577868,0.171806
3040,RL,6,Light Heavy,-0.906372,Low,0,Low,0,3.25215,721.617,6.58288,0.0578268,0.171798
3041,RL,6,Light Heavy,0.487328,Low,0,Low,0,3.2346,718.104,6.57801,0.0574303,0.171789
3042,RL,6,Light Heavy,-0.889683,Low,0,Low,0,3.26301,724.531,6.5869,0.0575717,0.17178
3043,RL,6,Light Heavy,-0.0857353,Low,0,Low,0,3.26562,725.153,6.58776,0.0576669,0.171772
3044,RL,6,Light Heavy,0.0574589,Low,0,Low,0,3.25952,724.736,6.58719,0.0578583,0.171763
3045,RL,6,Light Heavy,0.544596,Low,0,Low,0,3.24332,720.794,6.58174,0.0574825,0.171755
3046,RL,6,Light Heavy,0.17767,Low,0,Low,0,3.24149,719.513,6.57996,0.0578614,0.171746
3047,RL,6,Light Heavy,-0.0432014,Low,0,Low,0,3.23497,719.824,6.5804,0.0571613,0.171738
3048,RL,6,Light Heavy,1,Low,0,Low,0,3.20344,711.635,6.56897,0.0580058,0.171729
3049,RL,6,Light Heavy,-0.320244,Low,0,Low,0,3.21664,713.921,6.57217,0.0576854,0.17172
3050,RL,6,Light Heavy,-0.02141,Low,0,Low,0,3.21663,714.074,6.57239,0.0576162,0.171712
3051,RL,6,Light Heavy,-0.764799,Low,0,Low,0,3.24445,719.564,6.58003,0.0580496,0.171703
3052,RL,6,Light Heavy,0.501013,Low,0,Low,0,3.22693,715.962,6.57502,0.0577092,0.171695
3053,RL,6,Light Heavy,0.563622,Low,0,Low,0,3.20747,711.933,6.56939,0.057743,0.171686
3054,RL,6,Light Heavy,-1,Low,0,Low,0,3.24728,720.778,6.58172,0.0577507,0.171677
3055,RL,6,Light Heavy,0.657701,Low,0,Low,0,3.22679,716.047,6.57514,0.0573765,0.171669
3056,RL,6,Light Heavy,-0.627613,Low,0,Low,0,3.2452,720.561,6.58142,0.057743,0.17166
3057,RL,6,Light Heavy,-0.154734,Low,0,Low,0,3.24757,721.679,6.58296,0.0573988,0.171652
3058,RL,6,Light Heavy,-0.192881,Low,0,Low,0,3.26102,723.074,6.58489,0.0579836,0.171643
3059,RL,6,Light Heavy,-0.00944138,Low,0,Low,0,3.26049,723.142,6.58499,0.0579436,0.171635
3060,RL,6,Light Heavy,1,Low,0,Low,0,3.21231,713.311,6.57132,0.057607,0.171626
3061,RL,6,Light Heavy,-1,Low,0,Low,0,3.27122,726.234,6.58925,0.0579359,0.171617
3062,RL,6,Light Heavy,1,Low,0,Low,0,3.23283,718.029,6.5779,0.057408,0.171609
3063,RL,6,Light Heavy,-0.521517,Low,0,Low,0,3.24655,721.788,6.58312,0.057836,0.1716
3064,RL,6,Light Heavy,1,Low,0,Low,0,3.21981,713.793,6.57199,0.0574218,0.171592
3065,RL,6,Light Heavy,-0.563669,Low,0,Low,0,3.23407,717.834,6.57763,0.0577853,0.171583
3066,RL,6,Light Heavy,-0.378227,Low,0,Low,0,3.24619,720.558,6.58141,0.0576754,0.171574
3067,RL,6,Light Heavy,1,Low,0,Low,0,3.21097,712.673,6.57042,0.0576085,0.171566
3068,RL,6,Light Heavy,-0.808668,Low,0,Low,0,3.23893,718.467,6.57851,0.0578122,0.171557
3069,RL,6,Light Heavy,0.0197411,Low,0,Low,0,3.23694,718.325,6.57831,0.0578399,0.171549
3070,RL,6,Light Heavy,0.0531197,Low,0,Low,0,3.23178,717.943,6.57778,0.0575816,0.17154
3071,RL,6,Light Heavy,-0.749922,Low,0,Low,0,3.25425,723.355,6.58528,0.0577061,0.171532
3072,RL,6,Light Heavy,-0.0705242,Low,0,Low,0,3.25585,723.866,6.58599,0.0575063,0.171523
3073,RL,6,Light Heavy,0.566959,Low,0,Low,0,3.24326,719.768,6.58032,0.057514,0.171514
3074,RL,6,Light Heavy,-0.228357,Low,0,Low,0,3.24523,721.415,6.5826,0.05767,0.171506
3075,RL,6,Light Heavy,-0.320292,Low,0,Low,0,3.25792,723.733,6.5858,0.0574687,0.171497
3076,RL,6,Light Heavy,0.669289,Low,0,Low,0,3.23591,718.899,6.57911,0.0578145,0.171489
3077,RL,6,Light Heavy,-0.533009,Low,0,Low,0,3.25493,722.746,6.58444,0.0577799,0.17148
3078,RL,6,Light Heavy,1,Low,0,Low,0,3.21983,714.542,6.57304,0.057846,0.171472
3079,RL,6,Light Heavy,-1,Low,0,Low,0,3.24776,722.015,6.58343,0.0578091,0.171463
3080,RL,6,Light Heavy,0.875235,Low,0,Low,0,3.21986,715.715,6.57468,0.0575194,0.171454
3081,RL,6,Light Heavy,-0.592947,Low,0,Low,0,3.24727,719.977,6.58061,0.0576785,0.171446
3082,RL,6,Light Heavy,0.797939,Low,0,Low,0,3.21846,714.247,6.57263,0.0574779,0.171437
3083,RL,6,Light Heavy,-0.516748,Low,0,Low,0,3.23578,717.953,6.5778,0.0580504,0.171429
3084,RL,6,Light Heavy,-0.297165,Low,0,Low,0,3.24212,720.092,6.58077,0.0575386,0.17142
3085,RL,6,Light Heavy,0.172472,Low,0,Low,0,3.23887,718.85,6.57904,0.0576001,0.171412
3086,RL,6,Light Heavy,0.861645,Low,0,Low,0,3.21459,712.674,6.57043,0.0575617,0.171403
3087,RL,6,Light Heavy,-1,Low,0,Low,0,3.26319,725.639,6.58843,0.0575071,0.171394
3088,RL,6,Light Heavy,1,Low,0,Low,0,3.2274,717.461,6.57711,0.0574925,0.171386
3089,RL,6,Light Heavy,-1,Low,0,Low,0,3.26436,724.83,6.58732,0.0577484,0.171377
3090,RL,6,Light Heavy,0.223017,Low,0,Low,0,3.25745,723.213,6.58509,0.0577369,0.171369
3091,RL,6,Light Heavy,-0.469398,Low,0,Low,0,3.27155,726.621,6.58978,0.057806,0.17136
3092,RL,6,Light Heavy,1,Low,0,Low,0,3.2333,717.405,6.57703,0.0576854,0.171352
3093,RL,6,Light Heavy,-0.566769,Low,0,Low,0,3.25023,721.488,6.5827,0.0578798,0.171343
3094,RL,6,Light Heavy,-0.00896454,Low,0,Low,0,3.24893,721.553,6.58279,0.0575494,0.171334
3095,RL,6,Light Heavy,-0.254107,Low,0,Low,0,3.25788,723.391,6.58533,0.0580128,0.171326
3096,RL,6,Light Heavy,-0.0706673,Low,0,Low,0,3.26055,723.903,6.58604,0.057959,0.171317
3097,RL,6,Light Heavy,0.00805855,Low,0,Low,0,3.26139,723.845,6.58596,0.058032,0.171309
3098,RL,6,Light Heavy,0.678778,Low,0,Low,0,3.24068,718.942,6.57917,0.0576631,0.1713
3099,RL,6,Light Heavy,-0.400496,Low,0,Low,0,3.2527,721.831,6.58318,0.0576447,0.171292
3100,RL,6,Light Heavy,0.871181,Low,0,Low,0,3.22563,715.561,6.57446,0.0576508,0.171283
3101,RL,6,Light Heavy,-0.00700951,Low,0,Low,0,3.22334,715.611,6.57453,0.0573457,0.171274
3102,RL,6,Light Heavy,-1,Low,0,Low,0,3.2589,723.749,6.58582,0.057992,0.171266
3103,RL,6,Light Heavy,0.0504971,Low,0,Low,0,3.25791,723.383,6.58532,0.0575916,0.171257
3104,RL,6,Light Heavy,0.802994,Low,0,Low,0,3.23446,717.589,6.57729,0.0577615,0.171249
3105,RL,6,Light Heavy,-0.876904,Low,0,Low,0,3.2597,723.918,6.58606,0.0576339,0.17124
3106,RL,6,Light Heavy,0.467682,Low,0,Low,0,3.24553,720.536,6.58138,0.0575478,0.171232
3107,RL,6,Light Heavy,0.265551,Low,0,Low,0,3.24043,718.623,6.57873,0.0576093,0.171223
3108,RL,6,Light Heavy,-0.327063,Low,0,Low,0,3.24615,720.98,6.582,0.0577361,0.171215
3109,RL,6,Light Heavy,0.477839,Low,0,Low,0,3.23134,717.538,6.57722,0.0577215,0.171206
3110,RL,6,Light Heavy,-0.218725,Low,0,Low,0,3.23698,719.112,6.57941,0.0580819,0.171197
3111,RL,6,Light Heavy,-0.974989,Low,0,Low,0,3.26683,726.167,6.58916,0.0578168,0.171189
3112,RL,6,Light Heavy,1,Low,0,Low,0,3.21509,713.314,6.57132,0.0573135,0.17118
3113,RL,6,Light Heavy,0.372362,Low,0,Low,0,3.20257,710.66,6.5676,0.057491,0.171172
3114,RL,6,Light Heavy,-0.591564,Low,0,Low,0,3.22189,714.882,6.57352,0.0577884,0.171163
3115,RL,6,Light Heavy,-1,Low,0,Low,0,3.27686,727.578,6.59109,0.0579959,0.171155
3116,RL,6,Light Heavy,0.860834,Low,0,Low,0,3.24901,721.333,6.58249,0.057796,0.171146
3117,RL,6,Light Heavy,-0.0849247,Low,0,Low,0,3.2494,721.947,6.58334,0.057866,0.171138
3118,RL,6,Light Heavy,0.810766,Low,0,Low,0,3.22715,716.109,6.57523,0.0576109,0.171129
3119,RL,6,Light Heavy,-1,Low,0,Low,0,3.26128,724.135,6.58636,0.0580212,0.17112
3120,RL,6,Light Heavy,0.491953,Low,0,Low,0,3.24832,720.577,6.58144,0.0578229,0.171112
3121,RL,6,Light Heavy,-0.379324,Low,0,Low,0,3.2556,723.319,6.58523,0.0576731,0.171103
3122,RL,6,Light Heavy,-0.0116825,Low,0,Low,0,3.25629,723.404,6.58535,0.0575033,0.171095
3123,RL,6,Light Heavy,0.870657,Low,0,Low,0,3.22411,717.124,6.57664,0.057816,0.171086
3124,RL,6,Light Heavy,0.444317,Low,0,Low,0,3.21656,713.941,6.5722,0.0576024,0.171078
3125,RL,6,Light Heavy,-1,Low,0,Low,0,3.25458,722.193,6.58368,0.0575425,0.171069
3126,RL,6,Light Heavy,0.933218,Low,0,Low,0,3.22398,715.476,6.57434,0.0574372,0.171061
3127,RL,6,Light Heavy,-0.770855,Low,0,Low,0,3.2458,721.02,6.58205,0.0576662,0.171052
3128,RL,6,Light Heavy,0.405502,Low,0,Low,0,3.23325,718.098,6.578,0.057587,0.171043
3129,RL,6,Light Heavy,0.262833,Low,0,Low,0,3.22263,716.211,6.57537,0.0574948,0.171035
3130,RL,6,Light Heavy,-0.579309,Low,0,Low,0,3.24646,720.377,6.58116,0.0574587,0.171026
3131,RL,6,Light Heavy,0.866032,Low,0,Low,0,3.22096,714.157,6.5725,0.0578406,0.171018
3132,RL,6,Light Heavy,-1,Low,0,Low,0,3.25347,723.303,6.58521,0.0576516,0.171009
3133,RL,6,Light Heavy,0.393152,Low,0,Low,0,3.24609,720.461,6.58128,0.0578529,0.171001
3134,RL,6,Light Heavy,-0.75841,Low,0,Low,0,3.27032,725.954,6.58886,0.0579467,0.170992
3135,RL,6,Light Heavy,1,Low,0,Low,0,3.22697,717.929,6.57776,0.0576078,0.170984
3136,RL,6,Balanced,0.129843,Low,0,Low,0,3.22678,716.996,6.57646,0.0576585,0.170975
3137,RL,6,Balanced,-0.539303,Low,0,Low,0,3.25093,720.879,6.58186,0.0624768,0.170966
3138,RL,6,Balanced,-0.131512,Low,0,Low,0,3.25296,721.829,6.58317,0.0627242,0.170958
3139,RL,6,Balanced,-0.24457,Low,0,Low,0,3.2632,723.599,6.58562,0.0626835,0.170949
3140,RL,6,Balanced,0.511646,Low,0,Low,0,3.24446,719.901,6.5805,0.062612,0.170941
3141,RL,6,Balanced,0.146818,Low,0,Low,0,3.25019,718.844,6.57903,0.0628848,0.170932
3142,RL,6,Balanced,-0.477362,Low,0,Low,0,3.25866,722.288,6.58381,0.0629394,0.170924
3143,RL,6,Balanced,0.195456,Low,0,Low,0,3.25506,720.876,6.58185,0.0628287,0.170915
3144,RL,6,Balanced,0.373554,Low,0,Low,0,3.24022,718.184,6.57812,0.0627396,0.170907
3145,RL,6,Balanced,0.0876904,Low,0,Low,0,3.24031,717.554,6.57724,0.0629186,0.170898
3146,RL,6,Balanced,-0.161552,Low,0,Low,0,3.24954,718.716,6.57886,0.0628925,0.17089
3147,RL,6,Balanced,-0.338745,Low,0,Low,0,3.25479,721.158,6.58224,0.0626965,0.170881
3148,RL,6,Balanced,0.795078,Low,0,Low,0,3.22615,715.439,6.57429,0.0626988,0.170872
3149,RL,6,Balanced,-0.353289,Low,0,Low,0,3.24519,717.974,6.57783,0.0624522,0.170864
3150,RL,6,Balanced,-1,Low,0,Low,0,3.27433,726.424,6.58951,0.0625236,0.170855
3151,RL,6,Balanced,1,Low,0,Low,0,3.23012,715.633,6.57456,0.0625513,0.170847
3152,RL,6,Light Heavy,0.0157833,Low,0,Low,0,3.22948,715.52,6.57441,0.0623277,0.170838
3153,RL,6,Light Heavy,-0.94862,Low,0,Low,0,3.25384,722.349,6.58389,0.0576854,0.17083
3154,RL,6,Light Heavy,0.990582,Low,0,Low,0,3.2251,715.219,6.57399,0.0578545,0.170821
3155,RL,6,Light Heavy,-0.578308,Low,0,Low,0,3.23804,719.373,6.57977,0.0580412,0.170813
3156,RL,6,Light Heavy,0.850153,Low,0,Low,0,3.21116,713.275,6.57127,0.0574057,0.170804
3157,RL,6,Light Heavy,-0.88973,Low,0,Low,0,3.23977,719.658,6.58016,0.0576247,0.170796
3158,RL,6,Light Heavy,0.142193,Low,0,Low,0,3.23472,718.634,6.57874,0.0578375,0.170787
3159,RL,6,Light Heavy,-0.0961781,Low,0,Low,0,3.24027,719.327,6.5797,0.0577584,0.170778
3160,RL,6,Light Heavy,-0.391006,Low,0,Low,0,3.25055,722.149,6.58361,0.0577676,0.17077
3161,RL,6,Light Heavy,0.219154,Low,0,Low,0,3.24685,720.566,6.58142,0.0577761,0.170761
3162,RL,6,Light Heavy,0.871706,Low,0,Low,0,3.21953,714.303,6.57271,0.0578752,0.170753
3163,RL,6,Light Heavy,-0.492668,Low,0,Low,0,3.23732,717.836,6.57763,0.0574787,0.170744
3164,RL,6,Light Heavy,-0.956869,Low,0,Low,0,3.26017,724.747,6.5872,0.0577768,0.170736
3165,RL,6,Light Heavy,1,Low,0,Low,0,3.22461,716.86,6.57627,0.0575378,0.170727
3166,RL,6,Light Heavy,-1,Low,0,Low,0,3.26605,724.924,6.58745,0.0576439,0.170719
3167,RL,6,Light Heavy,1,Low,0,Low,0,3.22757,716.004,6.57508,0.0579152,0.17071
3168,RL,6,Balanced,-0.654602,Low,0,Low,0,3.24325,720.713,6.58163,0.0576139,0.170702
3169,RL,6,Balanced,-0.0612259,Low,0,Low,0,3.24942,721.155,6.58224,0.062924,0.170693
3170,RL,6,Balanced,0.0388622,Low,0,Low,0,3.25665,720.874,6.58185,0.0632667,0.170685
3171,RL,6,Balanced,-0.25878,Low,0,Low,0,3.25846,722.745,6.58444,0.0627649,0.170676
3172,RL,6,Balanced,0.714588,Low,0,Low,0,3.23612,717.591,6.57729,0.0626089,0.170668
3173,RL,6,Balanced,0.297832,Low,0,Low,0,3.22841,715.454,6.57431,0.0629394,0.170659
3174,RL,6,Balanced,-0.432491,Low,0,Low,0,3.24318,718.56,6.57864,0.0623576,0.17065
3175,RL,6,Balanced,0.36211,Low,0,Low,0,3.23067,715.959,6.57502,0.0627411,0.170642
3176,RL,6,Balanced,-1,Low,0,Low,0,3.2626,724.227,6.58648,0.0629578,0.170633
3177,RL,6,Balanced,0.962782,Low,0,Low,0,3.2349,717.278,6.57686,0.0627542,0.170625
3178,RL,6,Balanced,-0.0635147,Low,0,Low,0,3.23031,717.735,6.57749,0.06235,0.170616
3179,RL,6,Balanced,-0.760555,Low,0,Low,0,3.25832,723.222,6.5851,0.0625013,0.170608
3180,RL,6,Balanced,1,Low,0,Low,0,3.21558,712.236,6.56981,0.0626712,0.170599
3181,RL,6,Balanced,-1,Low,0,Low,0,3.25913,721.867,6.58323,0.0630961,0.170591
3182,RL,6,Balanced,0.166464,Low,0,Low,0,3.25117,720.665,6.58156,0.0627811,0.170582
3183,RL,6,Balanced,0.232506,Low,0,Low,0,3.24123,718.989,6.57924,0.0624522,0.170574
3184,RL,6,Light Heavy,-0.00901222,Low,0,Low,0,3.24539,719.054,6.57933,0.0625167,0.170565
3185,RL,6,Light Heavy,-0.460863,Low,0,Low,0,3.25236,722.38,6.58393,0.0578975,0.170557
3186,RL,6,Light Heavy,0.551081,Low,0,Low,0,3.23627,718.404,6.57842,0.057544,0.170548
3187,RL,6,Light Heavy,-0.281191,Low,0,Low,0,3.2478,720.43,6.58124,0.0576016,0.17054
3188,RL,6,Light Heavy,-0.417328,Low,0,Low,0,3.25802,723.447,6.58541,0.0580919,0.170531
3189,RL,6,Light Heavy,0.0650406,Low,0,Low,0,3.25643,722.976,6.58476,0.0578122,0.170523
3190,RL,6,Light Heavy,0.912285,Low,0,Low,0,3.22771,716.401,6.57564,0.05766,0.170514
3191,RL,6,Light Heavy,-0.731373,Low,0,Low,0,3.25268,721.667,6.58295,0.058022,0.170505
3192,RL,6,Light Heavy,-0.0079155,Low,0,Low,0,3.24914,721.725,6.58303,0.0579812,0.170497
3193,RL,6,Light Heavy,-0.11096,Low,0,Low,0,3.25667,722.527,6.58414,0.0578683,0.170488
3194,RL,6,Light Heavy,-0.223637,Low,0,Low,0,3.26509,724.147,6.58637,0.057803,0.17048
3195,RL,6,Light Heavy,1,Low,0,Low,0,3.22582,715.792,6.57479,0.0575732,0.170471
3196,RL,6,Light Heavy,-0.578833,Low,0,Low,0,3.24351,719.953,6.58057,0.0578283,0.170463
3197,RL,6,Light Heavy,0.15707,Low,0,Low,0,3.2446,718.822,6.579,0.0581526,0.170454
3198,RL,6,Light Heavy,-0.0617027,Low,0,Low,0,3.24086,719.266,6.57962,0.0576785,0.170446
3199,RL,6,Light Heavy,1,Low,0,Low,0,3.21271,711.951,6.56941,0.0576377,0.170437
3200,RL,6,BSDF Heavy,-0.177574,Low,0,Low,0,3.21238,713.218,6.57119,0.0571774,0.170429
3201,RL,6,BSDF Heavy,-1,Low,0,Low,0,3.26972,722.851,6.58459,0.0661162,0.17042
3202,RL,6,BSDF Heavy,0.565004,Low,0,Low,0,3.24584,718.773,6.57894,0.0657965,0.170412
3203,RL,6,BSDF Heavy,-0.227022,Low,0,Low,0,3.25444,720.409,6.58121,0.0660639,0.170403
3204,RL,6,BSDF Heavy,0.424576,Low,0,Low,0,3.23847,717.352,6.57696,0.0657612,0.170395
3205,RL,6,BSDF Heavy,-0.587749,Low,0,Low,0,3.25952,721.587,6.58284,0.0660747,0.170386
3206,RL,6,BSDF Heavy,-1,Low,0,Low,0,3.29583,730.23,6.59473,0.0661024,0.170378
3207,RL,6,BSDF Heavy,0.589561,Low,0,Low,0,3.27553,725.931,6.58883,0.0658111,0.170369
3208,RL,6,BSDF Heavy,1,Low,0,Low,0,3.24103,718.238,6.57819,0.0657366,0.170361
3209,RL,6,BSDF Heavy,0.268126,Low,0,Low,0,3.24267,716.312,6.57551,0.0659049,0.170352
3210,RL,6,BSDF Heavy,-0.454092,Low,0,Low,0,3.24602,719.577,6.58005,0.0654991,0.170344
3211,RL,6,BSDF Heavy,-0.56572,Low,0,Low,0,3.26914,723.665,6.58571,0.0658987,0.170335
3212,RL,6,BSDF Heavy,-0.0676155,Low,0,Low,0,3.27053,724.155,6.58639,0.0658465,0.170327
3213,RL,6,BSDF Heavy,0.93317,Low,0,Low,0,3.2392,717.419,6.57705,0.0659087,0.170318
3214,RL,6,BSDF Heavy,-0.0855446,Low,0,Low,0,3.24525,718.034,6.57791,0.0660078,0.170309
3215,RL,6,BSDF Heavy,0.704432,Low,0,Low,0,3.22157,712.987,6.57086,0.0658933,0.170301
3216,RL,6,Light Heavy,-1,Low,0,Low,0,3.26559,722.957,6.58473,0.0661116,0.170292
3217,RL,6,Light Heavy,-1,Low,0,Low,0,3.28761,731.014,6.5958,0.0576562,0.170284
3218,RL,6,Light Heavy,1,Low,0,Low,0,3.25488,722.898,6.58465,0.0578652,0.170275
3219,RL,6,Light Heavy,0.592804,Low,0,Low,0,3.23609,718.619,6.57872,0.0576439,0.170267
3220,RL,6,Light Heavy,0.21019,Low,0,Low,0,3.2334,717.108,6.57662,0.05774,0.170258
3221,RL,6,Light Heavy,0.0557899,Low,0,Low,0,3.23334,716.708,6.57606,0.0577853,0.17025
3222,RL,6,Light Heavy,-0.248337,Low,0,Low,0,3.24108,718.492,6.57855,0.0579728,0.170241
3223,RL,6,Light Heavy,0.515509,Low,0,Low,0,3.21805,714.793,6.57339,0.0575901,0.170233
3224,RL,6,Light Heavy,0.612593,Low,0,Low,0,3.20165,710.421,6.56726,0.0577123,0.170224
3225,RL,6,Light Heavy,-1,Low,0,Low,0,3.24098,719.949,6.58057,0.057793,0.170216
3226,RL,6,Light Heavy,-0.70467,Low,0,Low,0,3.26256,725.047,6.58762,0.0578199,0.170207
3227,RL,6,Light Heavy,1,Low,0,Low,0,3.22924,716.782,6.57617,0.0572643,0.170199
3228,RL,6,Light Heavy,-0.183773,Low,0,Low,0,3.23434,718.103,6.578,0.0578813,0.17019
3229,RL,6,Light Heavy,-0.250769,Low,0,Low,0,3.24298,719.908,6.58051,0.0575425,0.170182
3230,RL,6,Light Heavy,-0.786638,Low,0,Low,0,3.26676,725.601,6.58838,0.0579205,0.170173
3231,RL,6,Light Heavy,0.934601,Low,0,Low,0,3.23739,718.842,6.57903,0.0575371,0.170165
3232,RL,6,Light Heavy,0.244713,Low,0,Low,0,3.22825,717.083,6.57658,0.0577338,0.170156
3233,RL,6,Light Heavy,-0.651503,Low,0,Low,0,3.25269,721.776,6.5831,0.0578575,0.170148
3234,RL,6,Light Heavy,-0.0392914,Low,0,Low,0,3.25279,722.06,6.58349,0.057856,0.170139
3235,RL,6,Light Heavy,0.385284,Low,0,Low,0,3.2381,719.28,6.57964,0.0576608,0.170131
3236,RL,6,Light Heavy,-0.225687,Low,0,Low,0,3.24572,720.907,6.5819,0.0574572,0.170122
3237,RL,6,Light Heavy,0.668097,Low,0,Low,0,3.2289,716.101,6.57522,0.0575294,0.170114
3238,RL,6,Light Heavy,-0.775337,Low,0,Low,0,3.25869,721.682,6.58297,0.0578714,0.170105
3239,RL,6,Light Heavy,1,Low,0,Low,0,3.21597,713.524,6.57162,0.0577146,0.170097
3240,RL,6,Light Heavy,-0.907278,Low,0,Low,0,3.24872,720.036,6.58069,0.0579382,0.170088
3241,RL,6,Light Heavy,0.268507,Low,0,Low,0,3.23543,718.103,6.578,0.0574126,0.17008
3242,RL,6,Light Heavy,-0.00681877,Low,0,Low,0,3.23494,718.152,6.57807,0.0575724,0.170071
3243,RL,6,Light Heavy,0.114393,Low,0,Low,0,3.23222,717.33,6.57693,0.0578667,0.170063
3244,RL,6,Light Heavy,-0.829077,Low,0,Low,0,3.25983,723.31,6.58522,0.0577084,0.170054
3245,RL,6,Light Heavy,0.598717,Low,0,Low,0,3.24018,718.986,6.57923,0.0576946,0.170046
3246,RL,6,Light Heavy,-0.508308,Low,0,Low,0,3.25555,722.655,6.58432,0.0576424,0.170037
3247,RL,6,Light Heavy,0.874996,Low,0,Low,0,3.22842,716.351,6.57557,0.0579136,0.170029
3248,RL,6,Balanced,-0.526333,Low,0,Low,0,3.24539,720.137,6.58083,0.0577423,0.17002
3249,RL,6,Balanced,-0.200939,Low,0,Low,0,3.2542,721.587,6.58284,0.062728,0.170012
3250,RL,6,Balanced,-0.275707,Low,0,Low,0,3.25774,723.582,6.5856,0.0625882,0.170003
3251,RL,6,Balanced,0.718641,Low,0,Low,0,3.24054,718.394,6.57841,0.0627104,0.169995
3252,RL,6,Balanced,-0.631142,Low,0,Low,0,3.25899,722.948,6.58472,0.0629017,0.169986
3253,RL,6,Balanced,-0.1647,Low,0,Low,0,3.26087,724.142,6.58637,0.0627795,0.169978
3254,RL,6,Balanced,-0.144053,Low,0,Low,0,3.26859,725.187,6.58781,0.0625605,0.169969
3255,RL,6,Balanced,0.864506,Low,0,Low,0,3.24306,718.936,6.57916,0.06232,0.169961
3256,RL,6,Balanced,0.119257,Low,0,Low,0,3.2433,718.078,6.57797,0.0624645,0.169952
3257,RL,6,Balanced,-0.437737,Low,0,Low,0,3.25714,721.233,6.58235,0.0631215,0.169944
3258,RL,6,Balanced,1,Low,0,Low,0,3.20301,709.779,6.56636,0.0624668,0.169935
3259,RL,6,Balanced,-1,Low,0,Low,0,3.24469,719.265,6.57962,0.0627296,0.169927
3260,RL,6,Balanced,-0.155544,Low,0,Low,0,3.24883,720.386,6.58117,0.0625828,0.169918
3261,RL,6,Balanced,-0.253725,Low,0,Low,0,3.2617,722.219,6.58371,0.0629932,0.16991
3262,RL,6,Balanced,0.503969,Low,0,Low,0,3.24077,718.583,6.57867,0.062353,0.169901
3263,RL,6,Balanced,-0.48604,Low,0,Low,0,3.2534,722.089,6.58353,0.0626988,0.169893
3264,RL,6,Balanced,0.231218,Low,0,Low,0,3.24897,720.419,6.58122,0.0627311,0.169884
3265,RL,6,Balanced,0.429678,Low,0,Low,0,3.22903,717.326,6.57692,0.0622977,0.169876
3266,RL,6,Balanced,-0.987101,Low,0,Low,0,3.26676,724.452,6.58679,0.0628656,0.169867
3267,RL,6,Balanced,0.884485,Low,0,Low,0,3.23762,718.064,6.57795,0.0625774,0.169859
3268,RL,6,Balanced,0.0147343,Low,0,Low,0,3.23735,717.958,6.5778,0.0628226,0.16985
3269,RL,6,Balanced,-0.20752,Low,0,Low,0,3.24403,719.451,6.57988,0.0625282,0.169842
3270,RL,6,Balanced,-0.170183,Low,0,Low,0,3.25422,720.678,6.58158,0.0627941,0.169833
3271,RL,6,Balanced,0.564241,Low,0,Low,0,3.22995,716.618,6.57594,0.0625328,0.169825
3272,RL,6,Balanced,-0.953436,Low,0,Low,0,3.26038,723.493,6.58547,0.0626174,0.169816
3273,RL,6,Balanced,0.721455,Low,0,Low,0,3.24083,718.284,6.57826,0.0630247,0.169808
3274,RL,6,Balanced,-0.655556,Low,0,Low,0,3.25846,723.016,6.58481,0.0624737,0.169799
3275,RL,6,Balanced,0.845575,Low,0,Low,0,3.23454,716.919,6.57636,0.0622708,0.169791
3276,RL,6,Balanced,0.447035,Low,0,Low,0,3.22122,713.717,6.57189,0.0626958,0.169782
3277,RL,6,Balanced,-0.981808,Low,0,Low,0,3.25009,720.768,6.5817,0.0627173,0.169774
3278,RL,6,Balanced,0.0118256,Low,0,Low,0,3.25319,720.683,6.58159,0.0627081,0.169765
3279,RL,6,Balanced,0.987482,Low,0,Low,0,3.21856,713.592,6.57171,0.0626896,0.169757
3280,RL,6,Balanced,-1,Low,0,Low,0,3.26905,725.247,6.58789,0.0628825,0.169748
3281,RL,6,Balanced,0.94552,Low,0,Low,0,3.2421,718.413,6.57844,0.0626358,0.16974
3282,RL,6,Balanced,0.234509,Low,0,Low,0,3.22966,716.728,6.57609,0.0626589,0.169731
3283,RL,6,Balanced,-0.80204,Low,0,Low,0,3.255,722.508,6.58411,0.0628241,0.169723
3284,RL,6,Balanced,0.406265,Low,0,Low,0,3.24228,719.574,6.58005,0.0626466,0.169714
3285,RL,6,Balanced,0.322533,Low,0,Low,0,3.23829,717.254,6.57682,0.0625037,0.169706
3286,RL,6,Balanced,-0.561523,Low,0,Low,0,3.25601,721.298,6.58244,0.0628618,0.169697
3287,RL,6,Balanced,0.0925064,Low,0,Low,0,3.2513,720.63,6.58151,0.0628702,0.169689
3288,RL,6,Balanced,0.366402,Low,0,Low,0,3.23861,717.991,6.57785,0.0625305,0.169681
3289,RL,6,Balanced,-0.183105,Low,0,Low,0,3.24669,719.309,6.57968,0.0629501,0.169672
3290,RL,6,Balanced,-0.781012,Low,0,Low,0,3.26908,724.956,6.58749,0.0625044,0.169664
3291,RL,6,Balanced,1,Low,0,Low,0,3.23176,715.425,6.57427,0.0626881,0.169655
3292,RL,6,Balanced,-1,Low,0,Low,0,3.26711,724.253,6.58652,0.0627088,0.169647
3293,RL,6,Balanced,0.68388,Low,0,Low,0,3.24757,719.31,6.57968,0.0625943,0.169638
3294,RL,6,Balanced,-1,Low,0,Low,0,3.27442,726.722,6.58992,0.0628218,0.16963
3295,RL,6,Balanced,1,Low,0,Low,0,3.24082,718.538,6.57861,0.0622754,0.169621
3296,RL,6,Balanced,0.114489,Low,0,Low,0,3.2386,717.715,6.57746,0.0628764,0.169613
3297,RL,6,Balanced,-0.271797,Low,0,Low,0,3.24676,719.671,6.58018,0.062612,0.169604
3298,RL,6,Balanced,0.0563145,Low,0,Low,0,3.2477,719.265,6.57962,0.0628233,0.169596
3299,RL,6,Balanced,0.751925,Low,0,Low,0,3.22139,713.87,6.5721,0.0625013,0.169587
3300,RL,6,Balanced,0.183773,Low,0,Low,0,3.21446,712.557,6.57026,0.0627257,0.169579
3301,RL,6,Balanced,-1,Low,0,Low,0,3.25553,722.19,6.58367,0.0625774,0.16957
3302,RL,6,Balanced,-0.608158,Low,0,Low,0,3.27003,726.601,6.58975,0.0624383,0.169562
3303,RL,6,Balanced,0.32692,Low,0,Low,0,3.2647,724.226,6.58648,0.062818,0.169553
3304,RL,6,Balanced,0.455236,Low,0,Low,0,3.25458,720.932,6.58193,0.0627711,0.169545
3305,RL,6,Balanced,0.405741,Low,0,Low,0,3.2398,718.009,6.57787,0.0625267,0.169536
3306,RL,6,Balanced,0.172949,Low,0,Low,0,3.23756,716.767,6.57614,0.0624744,0.169528
3307,RL,6,Balanced,-0.0331879,Low,0,Low,0,3.24039,717.005,6.57648,0.0626612,0.169519
3308,RL,6,Balanced,-0.641155,Low,0,Low,0,3.25319,721.623,6.58289,0.0625805,0.169511
3309,RL,6,Balanced,0.158739,Low,0,Low,0,3.24574,720.477,6.5813,0.0626681,0.169502
3310,RL,6,Balanced,0.2738,Low,0,Low,0,3.24241,718.504,6.57856,0.0627127,0.169494
3311,RL,6,Balanced,0.471115,Low,0,Low,0,3.23075,715.123,6.57385,0.0627273,0.169485
3312,RL,6,Balanced,-0.152588,Low,0,Low,0,3.22977,716.216,6.57538,0.0624967,0.169477
3313,RL,6,Balanced,0.0668526,Low,0,Low,0,3.22523,715.737,6.57471,0.0623699,0.169469
3314,RL,6,Balanced,-0.207472,Low,0,Low,0,3.23433,717.225,6.57678,0.0625559,0.16946
3315,RL,6,Balanced,-0.105429,Low,0,Low,0,3.23603,717.983,6.57784,0.0626335,0.169452
3316,RL,6,Balanced,0.218344,Low,0,Low,0,3.23193,716.415,6.57565,0.0626612,0.169443
3317,RL,6,Balanced,-0.448608,Low,0,Low,0,3.24523,719.64,6.58014,0.062675,0.169435
3318,RL,6,Balanced,-0.4354,Low,0,Low,0,3.26154,722.785,6.58449,0.0627972,0.169426
3319,RL,6,Balanced,0.0801563,Low,0,Low,0,3.26025,722.205,6.58369,0.0627388,0.169418
3320,RL,6,Balanced,0.08955,Low,0,Low,0,3.25775,721.557,6.5828,0.0628648,0.169409
3321,RL,6,Balanced,-0.765371,Low,0,Low,0,3.28036,727.109,6.59045,0.0627742,0.169401
3322,RL,6,Balanced,0.170231,Low,0,Low,0,3.27512,725.87,6.58875,0.0627803,0.169392
3323,RL,6,Balanced,0.878143,Low,0,Low,0,3.24227,719.516,6.57997,0.0627642,0.169384
3324,RL,6,Balanced,0.160313,Low,0,Low,0,3.23902,718.362,6.57836,0.0628456,0.169375
3325,RL,6,Balanced,-1,Low,0,Low,0,3.2766,725.831,6.58869,0.0626643,0.169367
3326,RL,6,Balanced,0.895166,Low,0,Low,0,3.24739,719.354,6.57974,0.0628103,0.169358
3327,RL,6,Balanced,-1,Low,0,Low,0,3.29085,730.295,6.59482,0.0631814,0.16935
3328,RL,6,Light Heavy,0.408745,Low,0,Low,0,3.27615,727.311,6.59073,0.0630462,0.169341
3329,RL,6,Light Heavy,1,Low,0,Low,0,3.23388,717.582,6.57728,0.0577907,0.169333
3330,RL,6,Light Heavy,-0.927162,Low,0,Low,0,3.25796,724.275,6.58655,0.057554,0.169325
3331,RL,6,Light Heavy,0.355244,Low,0,Low,0,3.24378,721.704,6.583,0.0574502,0.169316
3332,RL,6,Light Heavy,0.930357,Low,0,Low,0,3.22083,715.011,6.5737,0.0578322,0.169308
3333,RL,6,Light Heavy,-0.444126,Low,0,Low,0,3.24052,718.198,6.57814,0.0577415,0.169299
3334,RL,6,Light Heavy,-0.182772,Low,0,Low,0,3.23896,719.514,6.57996,0.0575978,0.169291
3335,RL,6,Light Heavy,0.484228,Low,0,Low,0,3.2271,716.033,6.57512,0.0574848,0.169282
3336,RL,6,Light Heavy,-0.636816,Low,0,Low,0,3.2463,720.614,6.58149,0.0576493,0.169274
3337,RL,6,Light Heavy,-0.218248,Low,0,Low,0,3.25455,722.191,6.58367,0.0578314,0.169265
3338,RL,6,Light Heavy,0.195503,Low,0,Low,0,3.24872,720.778,6.58172,0.0578237,0.169257
3339,RL,6,Light Heavy,-0.224352,Low,0,Low,0,3.25669,722.4,6.58396,0.0579259,0.169248
3340,RL,6,Light Heavy,0.996494,Low,0,Low,0,3.22219,715.227,6.574,0.0575555,0.16924
3341,RL,6,Light Heavy,-0.918198,Low,0,Low,0,3.24941,721.833,6.58318,0.0576055,0.169231
3342,RL,6,Light Heavy,0.153208,Low,0,Low,0,3.24649,720.727,6.58165,0.0579444,0.169223
3343,RL,6,Light Heavy,-0.364733,Low,0,Low,0,3.25531,723.364,6.58529,0.0575355,0.169215
3344,RL,6,Light Heavy,0.688362,Low,0,Low,0,3.23505,718.395,6.57841,0.0576646,0.169206
3345,RL,6,Light Heavy,0.483322,Low,0,Low,0,3.22591,714.926,6.57358,0.0579175,0.169198
3346,RL,6,Light Heavy,-0.755787,Low,0,Low,0,3.24975,720.357,6.58113,0.0582272,0.169189
3347,RL,6,Light Heavy,-0.0179291,Low,0,Low,0,3.24605,720.487,6.58131,0.0576124,0.169181
3348,RL,6,Light Heavy,0.00648499,Low,0,Low,0,3.23896,720.44,6.58125,0.0575294,0.169172
3349,RL,6,Light Heavy,-0.448942,Low,0,Low,0,3.25458,723.686,6.58574,0.0574879,0.169164
3350,RL,6,Light Heavy,1,Low,0,Low,0,3.22513,715.597,6.57451,0.0577061,0.169155
3351,RL,6,Light Heavy,-0.772905,Low,0,Low,0,3.24577,721.157,6.58224,0.0577945,0.169147
3352,RL,6,Light Heavy,0.56715,Low,0,Low,0,3.23589,717.073,6.57657,0.0577192,0.169138
3353,RL,6,Light Heavy,-0.0370502,Low,0,Low,0,3.23142,717.339,6.57694,0.0575494,0.16913
3354,RL,6,Light Heavy,-0.828505,Low,0,Low,0,3.2602,723.315,6.58523,0.0579697,0.169121
3355,RL,6,Light Heavy,0.433874,Low,0,Low,0,3.24299,720.18,6.58089,0.0577384,0.169113
3356,RL,6,Light Heavy,-0.0136852,Low,0,Low,0,3.24221,720.278,6.58103,0.0575993,0.169105
3357,RL,6,Light Heavy,0.434494,Low,0,Low,0,3.23561,717.151,6.57668,0.0576662,0.169096
3358,RL,6,Light Heavy,-0.86627,Low,0,Low,0,3.25992,723.399,6.58534,0.0578091,0.169088
3359,RL,6,Light Heavy,0.381708,Low,0,Low,0,3.24859,720.64,6.58153,0.0577791,0.169079
3360,RL,6,BSDF Heavy,1,Low,0,Low,0,3.21208,713.292,6.57129,0.0576854,0.169071
3361,RL,6,BSDF Heavy,-0.841618,Low,0,Low,0,3.24462,719.329,6.57971,0.0658503,0.169062
3362,RL,6,BSDF Heavy,-1,Low,0,Low,0,3.28686,729.083,6.59316,0.0658326,0.169054
3363,RL,6,BSDF Heavy,1,Low,0,Low,0,3.24993,719.325,6.5797,0.0660055,0.169045
3364,RL,6,BSDF Heavy,-0.931215,Low,0,Low,0,3.27595,726.064,6.58901,0.0661984,0.169037
3365,RL,6,BSDF Heavy,1,Low,0,Low,0,3.23906,715.974,6.57504,0.0660701,0.169029
3366,RL,6,BSDF Heavy,-0.973225,Low,0,Low,0,3.26996,722.985,6.58477,0.0662384,0.16902
3367,RL,6,BSDF Heavy,0.574493,Low,0,Low,0,3.2453,718.838,6.57903,0.0657834,0.169012
3368,RL,6,BSDF Heavy,-0.229692,Low,0,Low,0,3.25265,720.493,6.58132,0.0659963,0.169003
3369,RL,6,BSDF Heavy,-0.0326157,Low,0,Low,0,3.25876,720.729,6.58165,0.066024,0.168995
3370,RL,6,BSDF Heavy,-0.338459,Low,0,Low,0,3.26077,723.176,6.58503,0.0659517,0.168986
3371,RL,6,BSDF Heavy,0.545168,Low,0,Low,0,3.24831,719.238,6.57958,0.0661469,0.168978
3372,RL,6,BSDF Heavy,-0.313091,Low,0,Low,0,3.25769,721.497,6.58271,0.065848,0.168969
3373,RL,6,BSDF Heavy,0.204515,Low,0,Low,0,3.25283,720.021,6.58067,0.0658242,0.168961
3374,RL,6,BSDF Heavy,0.14019,Low,0,Low,0,3.245,719.011,6.57927,0.0658357,0.168952
3375,RL,6,BSDF Heavy,-0.238323,Low,0,Low,0,3.25761,720.729,6.58165,0.0662299,0.168944
3376,RL,6,BSDF Heavy,-0.0952244,Low,0,Low,0,3.2548,721.416,6.5826,0.0659018,0.168936
3377,RL,6,BSDF Heavy,0.659609,Low,0,Low,0,3.23632,716.667,6.57601,0.0655252,0.168927
3378,RL,6,BSDF Heavy,-0.123596,Low,0,Low,0,3.23643,717.554,6.57724,0.0658019,0.168919
3379,RL,6,BSDF Heavy,0.29788,Low,0,Low,0,3.23094,715.417,6.57426,0.0661162,0.16891
3380,RL,6,BSDF Heavy,0.173521,Low,0,Low,0,3.22811,714.175,6.57253,0.0657658,0.168902
3381,RL,6,BSDF Heavy,-0.779867,Low,0,Low,0,3.25309,719.774,6.58033,0.0658434,0.168893
3382,RL,6,BSDF Heavy,0.939417,Low,0,Low,0,3.22052,713.035,6.57093,0.0658949,0.168885
3383,RL,6,BSDF Heavy,-0.803137,Low,0,Low,0,3.24615,718.793,6.57896,0.0657688,0.168876
3384,RL,6,BSDF Heavy,-0.236034,Low,0,Low,0,3.25604,720.494,6.58132,0.0656105,0.168868
3385,RL,6,BSDF Heavy,0.279284,Low,0,Low,0,3.24566,718.481,6.57853,0.0659433,0.16886
3386,RL,6,BSDF Heavy,-0.0148773,Low,0,Low,0,3.24118,718.589,6.57868,0.0657197,0.168851
3387,RL,6,BSDF Heavy,-0.254965,Low,0,Low,0,3.25427,720.426,6.58123,0.0656474,0.168843
3388,RL,6,BSDF Heavy,-0.6989,Low,0,Low,0,3.27024,725.485,6.58822,0.0658526,0.168834
3389,RL,6,BSDF Heavy,0.891256,Low,0,Low,0,3.24581,719.039,6.57931,0.0658534,0.168826
3390,RL,6,BSDF Heavy,-0.0442505,Low,0,Low,0,3.24858,719.358,6.57975,0.0657473,0.168817
3391,RL,6,BSDF Heavy,0.139284,Low,0,Low,0,3.2444,718.355,6.57836,0.0659371,0.168809
3392,RL,6,BSDF Heavy,0.464964,Low,0,Low,0,3.22767,715.018,6.57371,0.0657535,0.1688
3393,RL,6,BSDF Heavy,-0.0514507,Low,0,Low,0,3.23563,715.387,6.57422,0.0656912,0.168792
3394,RL,6,BSDF Heavy,-0.394106,Low,0,Low,0,3.24354,718.216,6.57816,0.0654676,0.168784
3395,RL,6,BSDF Heavy,-0.974846,Low,0,Low,0,3.2699,725.261,6.58791,0.0659817,0.168775
3396,RL,6,BSDF Heavy,0.214672,Low,0,Low,0,3.26605,723.704,6.58576,0.0659295,0.168767
3397,RL,6,BSDF Heavy,0.819635,Low,0,Low,0,3.24714,717.788,6.57757,0.0660985,0.168758
3398,RL,6,BSDF Heavy,-0.350428,Low,0,Low,0,3.25242,720.311,6.58107,0.0659909,0.16875
3399,RL,6,BSDF Heavy,0.480318,Low,0,Low,0,3.24097,716.855,6.57627,0.0658711,0.168741
3400,RL,6,BSDF Heavy,0.0802517,Low,0,Low,0,3.24001,716.279,6.57547,0.0659187,0.168733
3401,RL,6,BSDF Heavy,-0.888205,Low,0,Low,0,3.26661,722.678,6.58435,0.0661031,0.168725
3402,RL,6,BSDF Heavy,0.64311,Low,0,Low,0,3.24456,718.039,6.57792,0.0657519,0.168716
3403,RL,6,BSDF Heavy,-0.39463,Low,0,Low,0,3.25555,720.883,6.58186,0.0656198,0.168708
3404,RL,6,BSDF Heavy,-0.455236,Low,0,Low,0,3.27275,724.176,6.58641,0.0659233,0.168699
3405,RL,6,BSDF Heavy,0.0892639,Low,0,Low,0,3.26737,723.529,6.58552,0.0657304,0.168691
3406,RL,6,BSDF Heavy,0.199127,Low,0,Low,0,3.25676,722.088,6.58353,0.0658226,0.168682
3407,RL,6,BSDF Heavy,0.284815,Low,0,Low,0,3.25385,720.032,6.58068,0.0657888,0.168674
3408,RL,6,BSDF Heavy,-1,Low,0,Low,0,3.28282,727.749,6.59133,0.0660301,0.168665
3409,RL,6,BSDF Heavy,1,Low,0,Low,0,3.22504,714.352,6.57277,0.0656421,0.168657
3410,RL,6,BSDF Heavy,-0.812483,Low,0,Low,0,3.25572,720.188,6.5809,0.0657181,0.168649
3411,RL,6,BSDF Heavy,0.11754,Low,0,Low,0,3.24823,719.341,6.57972,0.0658196,0.16864
3412,RL,6,BSDF Heavy,1,Low,0,Low,0,3.21735,711.605,6.56893,0.0656405,0.168632
3413,RL,6,BSDF Heavy,-0.793123,Low,0,Low,0,3.23658,717.28,6.57686,0.0659379,0.168623
3414,RL,6,BSDF Heavy,-0.849915,Low,0,Low,0,3.26377,723.41,6.58536,0.0659072,0.168615
3415,RL,6,BSDF Heavy,0.0649452,Low,0,Low,0,3.26109,722.94,6.58471,0.0658326,0.168606
3416,RL,6,BSDF Heavy,-0.506401,Low,0,Low,0,3.27831,726.615,6.58977,0.0659986,0.168598
3417,RL,6,BSDF Heavy,0.355053,Low,0,Low,0,3.27312,724.036,6.58622,0.0660401,0.16859
3418,RL,6,BSDF Heavy,0.781488,Low,0,Low,0,3.2512,718.393,6.57841,0.0658933,0.168581
3419,RL,6,BSDF Heavy,-0.0609875,Low,0,Low,0,3.24747,718.832,6.57902,0.0658541,0.168573
3420,RL,6,BSDF Heavy,-0.00991821,Low,0,Low,0,3.24758,718.903,6.57912,0.0658734,0.168564
3421,RL,6,BSDF Heavy,-0.223637,Low,0,Low,0,3.25704,720.515,6.58135,0.0661731,0.168556
3422,RL,6,BSDF Heavy,1,Low,0,Low,0,3.21947,712.472,6.57014,0.065795,0.168547
3423,RL,6,BSDF Heavy,-0.909281,Low,0,Low,0,3.24558,718.989,6.57924,0.0658134,0.168539
3424,RL,6,Light Heavy,-0.5229,Low,0,Low,0,3.26013,722.763,6.58446,0.0656659,0.168531
3425,RL,6,Light Heavy,-0.422955,Low,0,Low,0,3.26653,725.831,6.58869,0.0577784,0.168522
3426,RL,6,Light Heavy,1,Low,0,Low,0,3.22098,714.976,6.57365,0.0577254,0.168514
3427,RL,6,Light Heavy,-0.363541,Low,0,Low,0,3.23093,717.584,6.57728,0.0575409,0.168505
3428,RL,6,Light Heavy,-0.228405,Low,0,Low,0,3.24133,719.227,6.57957,0.057919,0.168497
3429,RL,6,Light Heavy,-1,Low,0,Low,0,3.27835,728.401,6.59222,0.0579428,0.168488
3430,RL,6,Light Heavy,1,Low,0,Low,0,3.22559,717.264,6.57684,0.0574648,0.16848
3431,RL,6,Light Heavy,0.0745773,Low,0,Low,0,3.22672,716.728,6.57609,0.0574395,0.168472
3432,RL,6,Light Heavy,-0.308323,Low,0,Low,0,3.23478,718.945,6.57917,0.0576938,0.168463
3433,RL,6,Light Heavy,-0.574684,Low,0,Low,0,3.25653,723.094,6.58492,0.0578675,0.168455
3434,RL,6,Light Heavy,0.24066,Low,0,Low,0,3.24704,721.353,6.58251,0.0576439,0.168446
3435,RL,6,Light Heavy,-0.471783,Low,0,Low,0,3.26712,724.77,6.58723,0.057909,0.168438
3436,RL,6,Light Heavy,0.832939,Low,0,Low,0,3.23655,718.749,6.5789,0.057398,0.16843
3437,RL,6,Light Heavy,0.683022,Low,0,Low,0,3.2137,713.85,6.57207,0.0574134,0.168421
3438,RL,6,Light Heavy,-1,Low,0,Low,0,3.2595,723.778,6.58587,0.0576823,0.168413
3439,RL,6,Light Heavy,0.842762,Low,0,Low,0,3.22927,717.696,6.57744,0.0574987,0.168404
3440,RL,6,Balanced,-0.812721,Low,0,Low,0,3.25891,723.56,6.58557,0.0577638,0.168396
3441,RL,6,Balanced,0.286102,Low,0,Low,0,3.24702,721.49,6.5827,0.0625521,0.168387
3442,RL,6,Balanced,-0.82016,Low,0,Low,0,3.28444,727.44,6.59091,0.0627742,0.168379
3443,RL,6,Balanced,1,Low,0,Low,0,3.23947,718.721,6.57886,0.0624468,0.168371
3444,RL,6,Balanced,-0.524664,Low,0,Low,0,3.25501,722.507,6.58411,0.0625544,0.168362
3445,RL,6,Balanced,0.772381,Low,0,Low,0,3.23646,716.94,6.57639,0.0627442,0.168354
3446,RL,6,Balanced,0.256443,Low,0,Low,0,3.23101,715.102,6.57382,0.062801,0.168345
3447,RL,6,Balanced,0.402498,Low,0,Low,0,3.21323,712.225,6.5698,0.0624522,0.168337
3448,RL,6,Balanced,-0.963068,Low,0,Low,0,3.24422,719.127,6.57943,0.0627342,0.168328
3449,RL,6,Balanced,0.17848,Low,0,Low,0,3.2365,717.843,6.57764,0.0626666,0.16832
3450,RL,6,Balanced,-0.0980377,Low,0,Low,0,3.24016,718.548,6.57862,0.0625183,0.168312
3451,RL,6,Balanced,-0.425816,Low,0,Low,0,3.25054,721.618,6.58288,0.062808,0.168303
3452,RL,6,Balanced,-0.197554,Low,0,Low,0,3.25828,723.048,6.58486,0.0626258,0.168295
3453,RL,6,Balanced,1,Low,0,Low,0,3.23089,714.712,6.57328,0.0629732,0.168286
3454,RL,6,Balanced,-0.723171,Low,0,Low,0,3.24449,719.907,6.58051,0.0625098,0.168278
3455,RL,6,Balanced,-0.335312,Low,0,Low,0,3.25845,722.328,6.58386,0.0627718,0.16827
3456,RL,6,Balanced,1,Low,0,Low,0,3.2241,714.123,6.57245,0.0625029,0.168261
3457,RL,6,Balanced,-0.841475,Low,0,Low,0,3.24688,720.166,6.58087,0.0630562,0.168253
3458,RL,6,Balanced,-0.501871,Low,0,Low,0,3.26376,723.794,6.58589,0.0626704,0.168244
3459,RL,6,Balanced,0.867748,Low,0,Low,0,3.23627,717.532,6.57721,0.0627788,0.168236
3460,RL,6,Balanced,-0.452614,Low,0,Low,0,3.25325,720.792,6.58174,0.0625797,0.168228
3461,RL,6,Balanced,1,Low,0,Low,0,3.21728,712.95,6.57081,0.0625183,0.168219
3462,RL,6,Balanced,-0.594902,Low,0,Low,0,3.23186,717.21,6.57676,0.062423,0.168211
3463,RL,6,Balanced,-1,Low,0,Low,0,3.28047,726.08,6.58904,0.0631392,0.168202
3464,RL,6,Balanced,1,Low,0,Low,0,3.236,716.984,6.57645,0.0627626,0.168194
3465,RL,6,Balanced,0.0413895,Low,0,Low,0,3.23598,716.687,6.57603,0.0626497,0.168185
3466,RL,6,Balanced,0.0026226,Low,0,Low,0,3.23562,716.669,6.57601,0.0627204,0.168177
3467,RL,6,Balanced,-0.557423,Low,0,Low,0,3.25466,720.68,6.58158,0.0629816,0.168169
3468,RL,6,Balanced,0.768137,Low,0,Low,0,3.22623,715.158,6.5739,0.0625636,0.16816
3469,RL,6,Balanced,-0.335312,Low,0,Low,0,3.23604,717.563,6.57725,0.0630354,0.168152
3470,RL,6,Balanced,-0.357437,Low,0,Low,0,3.24634,720.136,6.58083,0.0628387,0.168143
3471,RL,6,Balanced,0.112057,Low,0,Low,0,3.24426,719.329,6.57971,0.0624852,0.168135
3472,RL,6,Light Heavy,-0.0398636,Low,0,Low,0,3.24514,719.616,6.58011,0.062602,0.168127
3473,RL,6,Light Heavy,0.468063,Low,0,Low,0,3.22971,716.251,6.57543,0.0577246,0.168118
3474,RL,6,Light Heavy,-0.887251,Low,0,Low,0,3.25444,722.643,6.5843,0.0577807,0.16811
3475,RL,6,Light Heavy,-0.0653744,Low,0,Low,0,3.25629,723.116,6.58495,0.0575286,0.168101
3476,RL,6,Light Heavy,0.799417,Low,0,Low,0,3.23081,717.351,6.57696,0.05773,0.168093
3477,RL,6,Light Heavy,-0.457048,Low,0,Low,0,3.2467,720.641,6.58153,0.0576377,0.168085
3478,RL,6,Light Heavy,-0.517607,Low,0,Low,0,3.26043,724.386,6.5867,0.057494,0.168076
3479,RL,6,Light Heavy,0.95644,Low,0,Low,0,3.22881,717.482,6.57714,0.0576193,0.168068
3480,RL,6,Light Heavy,-0.540447,Low,0,Low,0,3.2465,721.375,6.58254,0.0575893,0.168059
3481,RL,6,Light Heavy,0.262117,Low,0,Low,0,3.23782,719.484,6.57992,0.0574802,0.168051
3482,RL,6,Light Heavy,-0.116634,Low,0,Low,0,3.24842,720.325,6.58109,0.0579759,0.168043
3483,RL,6,Light Heavy,0.604486,Low,0,Low,0,3.22695,715.978,6.57504,0.0577023,0.168034
3484,RL,6,Light Heavy,-0.180054,Low,0,Low,0,3.23,717.27,6.57685,0.057806,0.168026
3485,RL,6,Light Heavy,-0.0766754,Low,0,Low,0,3.23454,717.821,6.57761,0.0578183,0.168017
3486,RL,6,Light Heavy,-0.312901,Low,0,Low,0,3.24279,720.074,6.58074,0.0577953,0.168009
3487,RL,6,Light Heavy,-0.784874,Low,0,Low,0,3.26636,725.755,6.58859,0.0578299,0.168001
3488,RL,6,Light Heavy,0.777006,Low,0,Low,0,3.24908,720.13,6.58082,0.0577215,0.167992
3489,RL,6,Light Heavy,0.0962257,Low,0,Low,0,3.24096,719.437,6.57986,0.05767,0.167984
3490,RL,6,Light Heavy,0.444937,Low,0,Low,0,3.22605,716.238,6.57541,0.0578575,0.167975
3491,RL,6,Light Heavy,-0.0864983,Low,0,Low,0,3.23203,716.859,6.57627,0.057803,0.167967
3492,RL,6,Light Heavy,-0.282288,Low,0,Low,0,3.23801,718.888,6.5791,0.0575801,0.167959
3493,RL,6,Light Heavy,-0.608063,Low,0,Low,0,3.25756,723.279,6.58518,0.0576516,0.16795
3494,RL,6,Light Heavy,-0.107908,Low,0,Low,0,3.26496,724.061,6.58626,0.0580512,0.167942
3495,RL,6,Light Heavy,-0.0802517,Low,0,Low,0,3.26362,724.643,6.58706,0.0577661,0.167933
3496,RL,6,Light Heavy,0.527239,Low,0,Low,0,3.24489,720.827,6.58179,0.057826,0.167925
3497,RL,6,Light Heavy,-1,Low,0,Low,0,3.28261,729.895,6.59427,0.0577722,0.167917
3498,RL,6,Light Heavy,1,Low,0,Low,0,3.21492,714.627,6.57316,0.0573281,0.167908
3499,RL,6,Light Heavy,-1,Low,0,Low,0,3.25087,723.327,6.58524,0.0576946,0.1679
3500,RL,6,Light Heavy,-0.311518,Low,0,Low,0,3.26736,725.587,6.58836,0.0576093,0.167891
3501,RL,6,Light Heavy,0.0939369,Low,0,Low,0,3.2604,724.905,6.58742,0.0575348,0.167883
3502,RL,6,Light Heavy,0.984573,Low,0,Low,0,3.2325,717.793,6.57757,0.0577192,0.167875
3503,RL,6,Light Heavy,0.551605,Low,0,Low,0,3.21523,713.839,6.57206,0.0576977,0.167866
3504,RL,6,Light Heavy,-0.610828,Low,0,Low,0,3.24105,718.219,6.57817,0.0579497,0.167858
3505,RL,6,Light Heavy,0.158834,Low,0,Low,0,3.2311,717.077,6.57658,0.0578714,0.167849
3506,RL,6,Light Heavy,0.422144,Low,0,Low,0,3.21482,714.052,6.57236,0.0576938,0.167841
3507,RL,6,Light Heavy,-0.476742,Low,0,Low,0,3.23195,717.469,6.57712,0.0577154,0.167833
3508,RL,6,Light Heavy,-1,Low,0,Low,0,3.27342,726.481,6.58959,0.0578222,0.167824
3509,RL,6,Light Heavy,0.618458,Low,0,Low,0,3.24844,721.996,6.5834,0.0577423,0.167816
3510,RL,6,Light Heavy,0.650406,Low,0,Low,0,3.23328,717.309,6.5769,0.0577822,0.167807
3511,RL,6,Light Heavy,-1,Low,0,Low,0,3.27051,726.044,6.58899,0.0581157,0.167799
3512,RL,6,Light Heavy,0.292015,Low,0,Low,0,3.26283,723.924,6.58607,0.0577453,0.167791
3513,RL,6,Light Heavy,1,Low,0,Low,0,3.22774,716.384,6.57561,0.0575156,0.167782
3514,RL,6,Light Heavy,-0.151062,Low,0,Low,0,3.22951,717.468,6.57712,0.0575417,0.167774
3515,RL,6,Light Heavy,-1,Low,0,Low,0,3.26398,725.042,6.58761,0.0575378,0.167766
3516,RL,6,Light Heavy,0.403929,Low,0,Low,0,3.25315,722.116,6.58357,0.0575978,0.167757
3517,RL,6,Light Heavy,-0.019598,Low,0,Low,0,3.25431,722.257,6.58377,0.0581987,0.167749
3518,RL,6,Light Heavy,0.15583,Low,0,Low,0,3.2473,721.131,6.58221,0.0575801,0.16774
3519,RL,6,Light Heavy,-0.386286,Low,0,Low,0,3.26131,723.926,6.58607,0.0575955,0.167732
3520,RL,6,Light Heavy,0.659084,Low,0,Low,0,3.24389,719.164,6.57948,0.0580566,0.167724
3521,RL,6,Light Heavy,-0.317955,Low,0,Low,0,3.24952,721.457,6.58266,0.0574418,0.167715
3522,RL,6,Light Heavy,0.744867,Low,0,Low,0,3.22639,716.096,6.57521,0.0577008,0.167707
3523,RL,6,Light Heavy,-0.533247,Low,0,Low,0,3.24638,719.93,6.58054,0.0577599,0.167698
3524,RL,6,Light Heavy,0.290108,Low,0,Low,0,3.23383,717.842,6.57764,0.0577384,0.16769
3525,RL,6,Light Heavy,-0.848722,Low,0,Low,0,3.26012,723.969,6.58613,0.0574917,0.167682
3526,RL,6,Light Heavy,-0.342607,Low,0,Low,0,3.26915,726.456,6.58955,0.0575063,0.167673
3527,RL,6,Light Heavy,0.684261,Low,0,Low,0,3.24848,721.496,6.58271,0.0575094,0.167665
3528,RL,6,Light Heavy,0.110626,Low,0,Low,0,3.24358,720.697,6.58161,0.0574718,0.167657
3529,RL,6,Light Heavy,0.450039,Low,0,Low,0,3.23242,717.456,6.57711,0.057494,0.167648
3530,RL,6,Light Heavy,-0.397396,Low,0,Low,0,3.24502,720.317,6.58108,0.0578191,0.16764
3531,RL,6,Light Heavy,0.67873,Low,0,Low,0,3.22135,715.438,6.57429,0.0578675,0.167631
3532,RL,6,Light Heavy,-1,Low,0,Low,0,3.27848,726.501,6.58962,0.058178,0.167623
3533,RL,6,Light Heavy,0.510073,Low,0,Low,0,3.26004,722.8,6.58451,0.0580043,0.167615
3534,RL,6,Light Heavy,-0.328064,Low,0,Low,0,3.26827,725.178,6.5878,0.0576931,0.167606
3535,RL,6,Light Heavy,0.157499,Low,0,Low,0,3.26276,724.035,6.58622,0.0578906,0.167598
3536,RL,6,Balanced,0.633574,Low,0,Low,0,3.24104,719.456,6.57988,0.0575786,0.167589
3537,RL,6,Balanced,-0.597858,Low,0,Low,0,3.26179,723.776,6.58586,0.062486,0.167581
3538,RL,6,Balanced,0.978899,Low,0,Low,0,3.23319,716.716,6.57607,0.0625751,0.167573
3539,RL,6,Balanced,-0.553989,Low,0,Low,0,3.24908,720.703,6.58161,0.0625782,0.167564
3540,RL,6,Balanced,0.444937,Low,0,Low,0,3.23855,717.499,6.57716,0.0626558,0.167556
3541,RL,6,Balanced,-0.564766,Low,0,Low,0,3.25275,721.569,6.58281,0.0628664,0.167548
3542,RL,6,Balanced,0.520134,Low,0,Low,0,3.23934,717.82,6.57761,0.0628571,0.167539
3543,RL,6,Balanced,-0.504351,Low,0,Low,0,3.2552,721.454,6.58265,0.0629532,0.167531
3544,RL,6,Balanced,0.177574,Low,0,Low,0,3.2454,720.173,6.58088,0.0627165,0.167522
3545,RL,6,Balanced,0.301075,Low,0,Low,0,3.236,718.005,6.57787,0.0629163,0.167514
3546,RL,6,Balanced,-0.645781,Low,0,Low,0,3.26054,722.663,6.58433,0.0627941,0.167506
3547,RL,6,Balanced,0.406075,Low,0,Low,0,3.24483,719.73,6.58027,0.0622508,0.167497
3548,RL,6,Balanced,-0.258398,Low,0,Low,0,3.25457,721.595,6.58285,0.062821,0.167489
3549,RL,6,Balanced,0.0101089,Low,0,Low,0,3.25618,721.522,6.58275,0.0625674,0.167481
3550,RL,6,Balanced,0.618935,Low,0,Low,0,3.23357,717.064,6.57656,0.062539,0.167472
3551,RL,6,Balanced,-0.725269,Low,0,Low,0,3.25759,722.291,6.58381,0.0627411,0.167464
3552,RL,6,Balanced,1,Low,0,Low,0,3.21961,712.979,6.57085,0.062519,0.167455
3553,RL,6,Balanced,-1,Low,0,Low,0,3.27235,726.481,6.58959,0.0627841,0.167447
3554,RL,6,Balanced,1,Low,0,Low,0,3.24367,718.978,6.57922,0.0627196,0.167439
3555,RL,6,Balanced,0.906038,Low,0,Low,0,3.21356,712.484,6.57016,0.0621402,0.16743
3556,RL,6,Balanced,-1,Low,0,Low,0,3.24894,720.225,6.58095,0.0622777,0.167422
3557,RL,6,Balanced,0.499392,Low,0,Low,0,3.23406,716.633,6.57596,0.0625098,0.167414
3558,RL,6,Balanced,-1,Low,0,Low,0,3.27254,724.698,6.58713,0.0626627,0.167405
3559,RL,6,Balanced,0.0171185,Low,0,Low,0,3.26752,724.574,6.58696,0.0628425,0.167397
3560,RL,6,Balanced,0.63076,Low,0,Low,0,3.24546,720.012,6.58066,0.0626504,0.167388
3561,RL,6,Balanced,-0.286055,Low,0,Low,0,3.25509,722.078,6.58352,0.0627511,0.16738
3562,RL,6,Balanced,0.730801,Low,0,Low,0,3.23323,716.812,6.57621,0.0623092,0.167372
3563,RL,6,Balanced,-0.999212,Low,0,Low,0,3.26768,724.021,6.5862,0.0627357,0.167363
3564,RL,6,Balanced,0.455236,Low,0,Low,0,3.24986,720.728,6.58165,0.0627188,0.167355
3565,RL,6,Balanced,-0.0294685,Low,0,Low,0,3.2536,720.941,6.58194,0.0627496,0.167347
3566,RL,6,Balanced,0.00486374,Low,0,Low,0,3.25726,720.906,6.58189,0.0627772,0.167338
3567,RL,6,Balanced,0.391197,Low,0,Low,0,3.2379,718.087,6.57798,0.0625644,0.16733
3568,RL,6,Balanced,-0.289011,Low,0,Low,0,3.24914,720.168,6.58087,0.0628133,0.167322
3569,RL,6,Balanced,0.187349,Low,0,Low,0,3.24034,718.818,6.579,0.062416,0.167313
3570,RL,6,Balanced,-0.263643,Low,0,Low,0,3.2567,720.719,6.58164,0.0630923,0.167305
3571,RL,6,Balanced,0.118971,Low,0,Low,0,3.24458,719.861,6.58045,0.0625797,0.167296
3572,RL,6,Balanced,0.0103951,Low,0,Low,0,3.24906,719.786,6.58034,0.0628095,0.167288
3573,RL,6,Balanced,0.20628,Low,0,Low,0,3.24319,718.3,6.57828,0.0623938,0.16728
3574,RL,6,Balanced,0.663996,Low,0,Low,0,3.22148,713.54,6.57164,0.0624476,0.167271
3575,RL,6,Balanced,-1,Low,0,Low,0,3.25731,722.488,6.58408,0.0624437,0.167263
3576,RL,6,Balanced,0.450897,Low,0,Low,0,3.24447,719.233,6.57957,0.0626643,0.167255
3577,RL,6,Balanced,-0.573397,Low,0,Low,0,3.26323,723.375,6.58531,0.0624168,0.167246
3578,RL,6,Balanced,0.905466,Low,0,Low,0,3.23375,716.845,6.57625,0.062559,0.167238
3579,RL,6,Balanced,0.158548,Low,0,Low,0,3.22933,715.708,6.57467,0.0623538,0.16723
3580,RL,6,Balanced,-0.975037,Low,0,Low,0,3.25538,722.73,6.58442,0.0627403,0.167221
3581,RL,6,Balanced,1,Low,0,Low,0,3.21944,713.312,6.57132,0.0627204,0.167213
3582,RL,6,Balanced,-0.920153,Low,0,Low,0,3.24707,719.915,6.58052,0.0624445,0.167204
3583,RL,6,Balanced,-0.202847,Low,0,Low,0,3.25655,721.379,6.58255,0.0626643,0.167196
3584,RL,6,Balanced,-0.530434,Low,0,Low,0,3.26732,725.221,6.58785,0.0627188,0.167188
3585,RL,6,Balanced,0.651598,Low,0,Low,0,3.25246,720.504,6.58134,0.0628487,0.167179
3586,RL,6,Balanced,0.900888,Low,0,Low,0,3.22305,714.033,6.57233,0.0625213,0.167171
3587,RL,6,Balanced,-0.972033,Low,0,Low,0,3.25382,721.018,6.58205,0.0628902,0.167163
3588,RL,6,Balanced,0.688314,Low,0,Low,0,3.23042,716.065,6.57517,0.0624283,0.167154
3589,RL,6,Balanced,0.0859737,Low,0,Low,0,3.22992,715.449,6.57431,0.0624714,0.167146
3590,RL,6,Balanced,-1,Low,0,Low,0,3.28162,727.501,6.59099,0.0624053,0.167138
3591,RL,6,Balanced,1,Low,0,Low,0,3.23136,715.369,6.5742,0.0622631,0.167129
3592,RL,6,Balanced,-0.252151,Low,0,Low,0,3.23232,717.178,6.57672,0.062675,0.167121
3593,RL,6,Balanced,0.457096,Low,0,Low,0,3.21811,713.903,6.57215,0.062416,0.167113
3594,RL,6,Balanced,-1,Low,0,Low,0,3.26028,722.641,6.58429,0.0626712,0.167104
3595,RL,6,Balanced,-0.0564575,Low,0,Low,0,3.25977,723.049,6.58486,0.0627918,0.167096
3596,RL,6,Balanced,-0.147486,Low,0,Low,0,3.2657,724.118,6.58633,0.0627941,0.167087
3597,RL,6,Balanced,0.771046,Low,0,Low,0,3.24579,718.549,6.57862,0.0626735,0.167079
3598,RL,6,Balanced,0.259018,Low,0,Low,0,3.23491,716.687,6.57603,0.062861,0.167071
3599,RL,6,Balanced,-1,Low,0,Low,0,3.26393,724.513,6.58688,0.0626059,0.167062
3600,RL,6,Balanced,0.867271,Low,0,Low,0,3.23888,718.248,6.57821,0.0625167,0.167054
3601,RL,6,Balanced,-0.0544548,Low,0,Low,0,3.23986,718.64,6.57875,0.0625705,0.167046
3602,RL,6,Balanced,0.0850201,Low,0,Low,0,3.23858,718.029,6.5779,0.0626158,0.167037
3603,RL,6,Balanced,-0.641537,Low,0,Low,0,3.2559,722.657,6.58432,0.0626051,0.167029
3604,RL,6,Balanced,0.141573,Low,0,Low,0,3.25946,721.633,6.5829,0.0630055,0.167021
3605,RL,6,Balanced,-0.290585,Low,0,Low,0,3.26003,723.736,6.58581,0.0626481,0.167012
3606,RL,6,Balanced,-0.0896931,Low,0,Low,0,3.26308,724.386,6.5867,0.0627519,0.167004
3607,RL,6,Balanced,0.775719,Low,0,Low,0,3.24106,718.781,6.57895,0.0628141,0.166996
3608,RL,6,Balanced,-0.408363,Low,0,Low,0,3.25341,721.726,6.58303,0.0627987,0.166987
3609,RL,6,Balanced,-0.136185,Low,0,Low,0,3.25926,722.711,6.58439,0.0624237,0.166979
3610,RL,6,Balanced,-0.00553131,Low,0,Low,0,3.26044,722.751,6.58445,0.062645,0.166971
3611,RL,6,Balanced,0.975513,Low,0,Low,0,3.22813,715.725,6.57469,0.0624883,0.166962
3612,RL,6,Balanced,-1,Low,0,Low,0,3.26132,723.414,6.58536,0.0626474,0.166954
3613,RL,6,Balanced,0.460339,Low,0,Low,0,3.24309,720.087,6.58076,0.0622562,0.166946
3614,RL,6,Balanced,-0.534153,Low,0,Low,0,3.26386,723.948,6.5861,0.0628679,0.166937
3615,RL,6,Balanced,1,Low,0,Low,0,3.21157,711.795,6.56919,0.0626112,0.166929
3616,RL,6,Balanced,-1,Low,0,Low,0,3.25342,721.476,6.58268,0.0627788,0.16692
3617,RL,6,Balanced,0.865364,Low,0,Low,0,3.23459,715.251,6.57403,0.0627188,0.166912
3618,RL,6,Balanced,-0.761461,Low,0,Low,0,3.25458,720.726,6.58165,0.0629317,0.166904
3619,RL,6,Balanced,-0.480843,Low,0,Low,0,3.26387,724.204,6.58645,0.0626481,0.166895
3620,RL,6,Balanced,1,Low,0,Low,0,3.22596,715.217,6.57398,0.0626712,0.166887
3621,RL,6,Balanced,-1,Low,0,Low,0,3.25603,722.808,6.58453,0.0625236,0.166879
3622,RL,6,Balanced,0.180101,Low,0,Low,0,3.25232,721.506,6.58273,0.0626112,0.16687
3623,RL,6,Balanced,0.492239,Low,0,Low,0,3.23911,717.958,6.5778,0.0624452,0.166862
3624,RL,6,Balanced,0.182152,Low,0,Low,0,3.23474,716.65,6.57598,0.062881,0.166854
3625,RL,6,Balanced,-0.78578,Low,0,Low,0,3.25404,722.311,6.58384,0.0628387,0.166845
3626,RL,6,Balanced,0.366735,Low,0,Low,0,3.24548,719.663,6.58017,0.0623599,0.166837
3627,RL,6,Balanced,1,Low,0,Low,0,3.21763,712.486,6.57016,0.062572,0.166829
3628,RL,6,Balanced,-1,Low,0,Low,0,3.25311,720.661,6.58156,0.0627595,0.16682
3629,RL,6,Balanced,-0.753975,Low,0,Low,0,3.27576,726.123,6.5891,0.0627619,0.166812
3630,RL,6,Balanced,1,Low,0,Low,0,3.24072,717.593,6.57729,0.0628341,0.166804
3631,RL,6,Balanced,-0.821877,Low,0,Low,0,3.26715,723.523,6.58551,0.062748,0.166795
3632,RL,6,Balanced,-0.0505447,Low,0,Low,0,3.2616,723.889,6.58602,0.0622647,0.166787
3633,RL,6,Balanced,0.516891,Low,0,Low,0,3.25185,720.152,6.58085,0.062652,0.166779
3634,RL,6,Balanced,0.3263,Low,0,Low,0,3.24047,717.802,6.57759,0.0625436,0.16677
3635,RL,6,Balanced,-0.314522,Low,0,Low,0,3.24686,720.067,6.58073,0.0627011,0.166762
3636,RL,6,Balanced,-0.458765,Low,0,Low,0,3.26232,723.382,6.58532,0.0628264,0.166754
3637,RL,6,Balanced,1,Low,0,Low,0,3.20853,711.906,6.56935,0.0626827,0.166745
3638,RL,6,Balanced,-1,Low,0,Low,0,3.24468,720.116,6.5808,0.062559,0.166737
3639,RL,6,Balanced,0.65608,Low,0,Low,0,3.22732,715.4,6.57424,0.0629409,0.166729
3640,RL,6,Balanced,-0.930119,Low,0,Low,0,3.2609,722.095,6.58354,0.0628541,0.16672
3641,RL,6,Balanced,-0.332022,Low,0,Low,0,3.264,724.5,6.58686,0.0627941,0.166712
3642,RL,6,Balanced,-0.143337,Low,0,Low,0,3.26931,725.54,6.58829,0.0629855,0.166704
3643,RL,6,Balanced,0.212526,Low,0,Low,0,3.26349,723.998,6.58617,0.0627565,0.166695
3644,RL,6,Balanced,1,Low,0,Low,0,3.22783,716.178,6.57532,0.0624076,0.166687
3645,RL,6,Balanced,-0.421238,Low,0,Low,0,3.2433,719.205,6.57954,0.0626589,0.166679
3646,RL,6,Balanced,0.154924,Low,0,Low,0,3.24045,718.09,6.57799,0.0625743,0.16667
3647,RL,6,Balanced,0.184107,Low,0,Low,0,3.23444,716.768,6.57615,0.062486,0.166662
3648,RL,6,Balanced,-0.213385,Low,0,Low,0,3.23989,718.301,6.57828,0.062506,0.166654
3649,RL,6,Balanced,-0.297308,Low,0,Low,0,3.24757,720.443,6.58125,0.0628018,0.166645
3650,RL,6,Balanced,0.563622,Low,0,Low,0,3.22728,716.388,6.57562,0.0624199,0.166637
3651,RL,6,Balanced,-0.00915527,Low,0,Low,0,3.23265,716.453,6.57571,0.0624368,0.166629
3652,RL,6,Balanced,-0.473976,Low,0,Low,0,3.24794,719.862,6.58045,0.0627219,0.16662
3653,RL,6,Balanced,0.0109673,Low,0,Low,0,3.24801,719.783,6.58034,0.0628994,0.166612
3654,RL,6,Balanced,0.37756,Low,0,Low,0,3.23135,717.067,6.57656,0.0629009,0.166604
3655,RL,6,Balanced,0.147009,Low,0,Low,0,3.23003,716.012,6.57509,0.0625928,0.166595
3656,RL,6,Balanced,-0.839329,Low,0,Low,0,3.25536,722.055,6.58349,0.0628187,0.166587
3657,RL,6,Balanced,0.264454,Low,0,Low,0,3.24883,720.145,6.58084,0.0624399,0.166579
3658,RL,6,Balanced,0.955439,Low,0,Low,0,3.22308,713.288,6.57129,0.0626981,0.16657
3659,RL,6,Balanced,-1,Low,0,Low,0,3.25399,722.458,6.58404,0.0628656,0.166562
3660,RL,6,Balanced,0.685072,Low,0,Low,0,3.23757,717.518,6.57719,0.0624452,0.166554
3661,RL,6,Balanced,-0.267267,Low,0,Low,0,3.24635,719.441,6.57986,0.0629071,0.166545
3662,RL,6,Balanced,-0.381613,Low,0,Low,0,3.25918,722.196,6.58368,0.0628963,0.166537
3663,RL,6,Balanced,-0.143576,Low,0,Low,0,3.25912,723.235,6.58512,0.0627941,0.166529
3664,RL,6,Balanced,0.829315,Low,0,Low,0,3.23565,717.254,6.57682,0.062569,0.16652
3665,RL,6,Balanced,-0.547981,Low,0,Low,0,3.25313,721.2,6.5823,0.0625528,0.166512
3666,RL,6,Balanced,0.805044,Low,0,Low,0,3.22991,715.409,6.57425,0.0629301,0.166504
3667,RL,6,Balanced,-0.639725,Low,0,Low,0,3.24865,720.008,6.58065,0.0626681,0.166495
3668,RL,6,Balanced,0.0778675,Low,0,Low,0,3.24596,719.446,6.57987,0.0626189,0.166487
3669,RL,6,Balanced,-0.260782,Low,0,Low,0,3.25581,721.327,6.58248,0.0628203,0.166479
3670,RL,6,Balanced,-0.0397682,Low,0,Low,0,3.26019,721.615,6.58288,0.0630277,0.16647
3671,RL,6,Balanced,0.122881,Low,0,Low,0,3.24897,720.727,6.58165,0.062499,0.166462
3672,RL,6,Balanced,0.00486374,Low,0,Low,0,3.25233,720.692,6.5816,0.0627157,0.166454
3673,RL,6,Balanced,-0.140381,Low,0,Low,0,3.25585,721.706,6.583,0.0631538,0.166445
3674,RL,6,Balanced,-0.0127792,Low,0,Low,0,3.2553,721.798,6.58313,0.0627511,0.166437
3675,RL,6,Balanced,-0.67668,Low,0,Low,0,3.27813,726.706,6.5899,0.0628956,0.166429
3676,RL,6,Balanced,1,Low,0,Low,0,3.22673,715.096,6.57381,0.062642,0.16642
3677,RL,6,Balanced,-0.919962,Low,0,Low,0,3.25302,721.714,6.58301,0.0627811,0.166412
3678,RL,6,Balanced,-0.058794,Low,0,Low,0,3.25489,722.139,6.5836,0.0628656,0.166404
3679,RL,6,Balanced,-0.287199,Low,0,Low,0,3.26211,724.219,6.58647,0.0624721,0.166395
3680,RL,6,Balanced,0.86627,Low,0,Low,0,3.23824,717.964,6.57781,0.0623592,0.166387
3681,RL,6,Balanced,0.036335,Low,0,Low,0,3.23655,717.702,6.57745,0.0625736,0.166379
3682,RL,6,Balanced,0.661469,Low,0,Low,0,3.2223,712.964,6.57083,0.0628625,0.166371
3683,RL,6,Balanced,-1,Low,0,Low,0,3.24772,720.514,6.58135,0.0627011,0.166362
3684,RL,6,Balanced,-0.187635,Low,0,Low,0,3.25287,721.869,6.58323,0.0628694,0.166354
3685,RL,6,Balanced,0.83518,Low,0,Low,0,3.22547,715.857,6.57488,0.0624598,0.166346
3686,RL,6,Balanced,-0.328636,Low,0,Low,0,3.2405,718.217,6.57816,0.0624783,0.166337
3687,RL,6,Balanced,0.267792,Low,0,Low,0,3.22849,716.293,6.57548,0.0624268,0.166329
3688,RL,6,Balanced,-0.764132,Low,0,Low,0,3.25375,721.795,6.58313,0.0628979,0.166321
3689,RL,6,Balanced,0.61779,Low,0,Low,0,3.23567,717.344,6.57695,0.0626673,0.166312
3690,RL,6,Balanced,-1,Low,0,Low,0,3.2681,724.629,6.58704,0.0629678,0.166304
3691,RL,6,Balanced,1,Low,0,Low,0,3.22805,715.333,6.57414,0.0625759,0.166296
3692,RL,6,Balanced,-1,Low,0,Low,0,3.27139,724.412,6.58674,0.0629517,0.166287
3693,RL,6,Balanced,0.61245,Low,0,Low,0,3.24991,719.983,6.58062,0.0626842,0.166279
3694,RL,6,Balanced,0.216818,Low,0,Low,0,3.24016,718.421,6.57845,0.0625452,0.166271
3695,RL,6,Balanced,-0.28615,Low,0,Low,0,3.24581,720.483,6.58131,0.0624975,0.166262
3696,RL,6,Balanced,-0.371647,Low,0,Low,0,3.25364,723.169,6.58502,0.0625344,0.166254
3697,RL,6,Balanced,0.283718,Low,0,Low,0,3.25555,721.117,6.58219,0.0628187,0.166246
3698,RL,6,Balanced,-0.0226974,Low,0,Low,0,3.25357,721.281,6.58241,0.0627934,0.166237
3699,RL,6,Balanced,0.867033,Low,0,Low,0,3.22772,715.046,6.57374,0.0628256,0.166229
3700,RL,6,Balanced,0.30961,Low,0,Low,0,3.21579,712.832,6.57065,0.0628648,0.166221
3701,RL,6,Balanced,-0.694418,Low,0,Low,0,3.2373,717.807,6.57759,0.0628756,0.166213
3702,RL,6,Balanced,0.296688,Low,0,Low,0,3.22773,715.677,6.57463,0.0624898,0.166204
3703,RL,6,Balanced,-0.643587,Low,0,Low,0,3.25344,720.305,6.58106,0.0627219,0.166196
3704,RL,6,Balanced,0.838947,Low,0,Low,0,3.22246,714.279,6.57267,0.0627565,0.166188
3705,RL,6,Balanced,-0.413847,Low,0,Low,0,3.24114,717.245,6.57681,0.0628571,0.166179
3706,RL,6,Balanced,-0.478411,Low,0,Low,0,3.24462,720.689,6.58159,0.0627088,0.166171
3707,RL,6,Balanced,0.171614,Low,0,Low,0,3.24469,719.452,6.57988,0.0626742,0.166163
3708,RL,6,Balanced,0.548029,Low,0,Low,0,3.22265,715.514,6.5744,0.0626266,0.166154
3709,RL,6,Balanced,0.0301838,Low,0,Low,0,3.23109,715.298,6.5741,0.0625697,0.166146
3710,RL,6,Balanced,-0.154924,Low,0,Low,0,3.23153,716.409,6.57565,0.06233,0.166138
3711,RL,6,Balanced,-0.2213,Low,0,Low,0,3.23916,717.998,6.57786,0.0628441,0.166129
3712,RL,6,Balanced,-0.0325203,Low,0,Low,0,3.23681,718.232,6.57818,0.0622923,0.166121
3713,RL,6,Balanced,0.700855,Low,0,Low,0,3.22213,713.209,6.57118,0.0623238,0.166113
3714,RL,6,Balanced,-0.673437,Low,0,Low,0,3.24088,718.035,6.57791,0.0627665,0.166105
3715,RL,6,Balanced,0.252676,Low,0,Low,0,3.23191,716.22,6.57538,0.0625013,0.166096
3716,RL,6,Balanced,-0.529623,Low,0,Low,0,3.25015,720.029,6.58068,0.0628556,0.166088
3717,RL,6,Balanced,-0.158024,Low,0,Low,0,3.25278,721.169,6.58226,0.0627157,0.16608
3718,RL,6,Balanced,0.559044,Low,0,Low,0,3.23422,717.143,6.57667,0.0626981,0.166071
3719,RL,6,Balanced,-0.83642,Low,0,Low,0,3.26145,723.175,6.58503,0.0626766,0.166063
3720,RL,6,Balanced,-0.142622,Low,0,Low,0,3.26417,724.209,6.58646,0.062413,0.166055
3721,RL,6,Balanced,0.124264,Low,0,Low,0,3.2624,723.308,6.58522,0.0627411,0.166046
3722,RL,6,Balanced,0.383949,Low,0,Low,0,3.25059,720.532,6.58138,0.0627396,0.166038
3723,RL,6,Balanced,-0.375462,Low,0,Low,0,3.2545,723.246,6.58513,0.0627542,0.16603
3724,RL,6,Balanced,-0.375271,Low,0,Low,0,3.27053,725.969,6.58888,0.0630416,0.166022
3725,RL,6,Balanced,0.496244,Low,0,Low,0,3.25537,722.371,6.58392,0.0627434,0.166013
3726,RL,6,Balanced,-0.449944,Low,0,Low,0,3.2746,725.633,6.58842,0.0626389,0.166005
3727,RL,6,Balanced,0.723267,Low,0,Low,0,3.24716,720.396,6.58119,0.0624214,0.165997
3728,RL,6,BSDF Heavy,-0.772619,Low,0,Low,0,3.27191,725.991,6.58891,0.0628241,0.165988
3729,RL,6,BSDF Heavy,0.346994,Low,0,Low,0,3.26302,723.473,6.58544,0.0655952,0.16598
3730,RL,6,BSDF Heavy,-0.4035,Low,0,Low,0,3.27531,726.402,6.58948,0.0657758,0.165972
3731,RL,6,BSDF Heavy,0.64249,Low,0,Low,0,3.25356,721.744,6.58306,0.0658034,0.165963
3732,RL,6,BSDF Heavy,0.387049,Low,0,Low,0,3.24629,718.952,6.57918,0.0657197,0.165955
3733,RL,6,BSDF Heavy,-0.831223,Low,0,Low,0,3.27615,724.961,6.5875,0.0661515,0.165947
3734,RL,6,BSDF Heavy,0.472212,Low,0,Low,0,3.25579,721.541,6.58277,0.06537,0.165939
3735,RL,6,BSDF Heavy,0.185299,Low,0,Low,0,3.24915,720.204,6.58092,0.0653915,0.16593
3736,RL,6,BSDF Heavy,-1,Low,0,Low,0,3.28356,727.981,6.59165,0.0661454,0.165922
3737,RL,6,BSDF Heavy,0.480556,Low,0,Low,0,3.27246,724.486,6.58684,0.0663483,0.165914
3738,RL,6,BSDF Heavy,-0.0516415,Low,0,Low,0,3.27195,724.861,6.58736,0.0658611,0.165905
3739,RL,6,BSDF Heavy,0.597429,Low,0,Low,0,3.25365,720.538,6.58138,0.0656313,0.165897
3740,RL,6,BSDF Heavy,-0.587511,Low,0,Low,0,3.2781,724.789,6.58726,0.0659817,0.165889
3741,RL,6,BSDF Heavy,0.0762463,Low,0,Low,0,3.266,724.236,6.5865,0.0659771,0.16588
3742,RL,6,BSDF Heavy,0.848866,Low,0,Low,0,3.24693,718.105,6.57801,0.0659271,0.165872
3743,RL,6,BSDF Heavy,-0.68469,Low,0,Low,0,3.26336,723.046,6.58486,0.0658257,0.165864
3744,RL,6,BSDF Heavy,1,Low,0,Low,0,3.23473,715.408,6.57425,0.0658434,0.165856
3745,RL,6,BSDF Heavy,-0.439978,Low,0,Low,0,3.2465,718.567,6.57865,0.0656267,0.165847
3746,RL,6,BSDF Heavy,-0.741434,Low,0,Low,0,3.26544,723.922,6.58606,0.0659471,0.165839
3747,RL,6,BSDF Heavy,0.770235,Low,0,Low,0,3.24172,718.36,6.57836,0.0656198,0.165831
3748,RL,6,BSDF Heavy,0.424671,Low,0,Low,0,3.23056,715.312,6.57412,0.0653746,0.165822
3749,RL,6,BSDF Heavy,-1,Low,0,Low,0,3.26295,723.163,6.58502,0.0658933,0.165814
3750,RL,6,BSDF Heavy,0.0695705,Low,0,Low,0,3.26429,722.659,6.58432,0.0660893,0.165806
3751,RL,6,BSDF Heavy,0.295591,Low,0,Low,0,3.25241,720.524,6.58137,0.0656651,0.165798
3752,RL,6,BSDF Heavy,0.1966,Low,0,Low,0,3.24992,719.106,6.5794,0.0657665,0.165789
3753,RL,6,BSDF Heavy,-1,Low,0,Low,0,3.27468,726.589,6.58974,0.0660148,0.165781
3754,RL,6,BSDF Heavy,0.422096,Low,0,Low,0,3.26439,723.524,6.58552,0.0656067,0.165773
3755,RL,6,BSDF Heavy,0.713253,Low,0,Low,0,3.24283,718.375,6.57838,0.0659517,0.165764
3756,RL,6,BSDF Heavy,-0.120735,Low,0,Low,0,3.24638,719.244,6.57959,0.0659371,0.165756
3757,RL,6,BSDF Heavy,0.194359,Low,0,Low,0,3.23745,717.845,6.57765,0.065848,0.165748
3758,RL,6,BSDF Heavy,-0.202084,Low,0,Low,0,3.24739,719.299,6.57967,0.0658096,0.16574
3759,RL,6,BSDF Heavy,-0.258398,Low,0,Low,0,3.25742,721.163,6.58225,0.0657758,0.165731
3760,RL,6,Light Heavy,-0.330639,Low,0,Low,0,3.26603,723.555,6.58556,0.0657735,0.165723
3761,RL,6,Light Heavy,0.874996,Low,0,Low,0,3.2297,717.243,6.57681,0.0581319,0.165715
3762,RL,6,Light Heavy,-0.264215,Low,0,Low,0,3.24417,719.143,6.57945,0.0577154,0.165706
3763,RL,6,Light Heavy,-0.587606,Low,0,Low,0,3.2574,723.387,6.58533,0.0576047,0.165698
3764,RL,6,Light Heavy,0.55995,Low,0,Low,0,3.23991,719.342,6.57973,0.0576523,0.16569
3765,RL,6,Light Heavy,-1,Low,0,Low,0,3.28328,728.721,6.59266,0.0579759,0.165682
3766,RL,6,Light Heavy,0.944853,Low,0,Low,0,3.2511,721.859,6.58321,0.0575509,0.165673
3767,RL,6,Light Heavy,0.232601,Low,0,Low,0,3.2481,720.179,6.58089,0.0579374,0.165665
3768,RL,6,Light Heavy,0.63467,Low,0,Low,0,3.22615,715.617,6.57454,0.0577553,0.165657
3769,RL,6,Light Heavy,-0.424862,Low,0,Low,0,3.2352,718.668,6.57879,0.057305,0.165648
3770,RL,6,Light Heavy,0.121593,Low,0,Low,0,3.23626,717.793,6.57757,0.0576247,0.16564
3771,RL,6,Light Heavy,-0.726891,Low,0,Low,0,3.25708,723.037,6.58484,0.0577423,0.165632
3772,RL,6,Light Heavy,0.442076,Low,0,Low,0,3.23841,719.843,6.58042,0.0573526,0.165624
3773,RL,6,Light Heavy,-0.295448,Low,0,Low,0,3.24787,721.976,6.58338,0.05769,0.165615
3774,RL,6,Light Heavy,-0.203657,Low,0,Low,0,3.25348,723.45,6.58541,0.0572935,0.165607
3775,RL,6,Light Heavy,0.791168,Low,0,Low,0,3.23008,717.741,6.5775,0.05765,0.165599
3776,RL,6,Balanced,-0.332165,Low,0,Low,0,3.24648,720.132,6.58082,0.0576954,0.16559
3777,RL,6,Balanced,0.452805,Low,0,Low,0,3.23698,716.875,6.57629,0.0627565,0.165582
3778,RL,6,Balanced,0.183439,Low,0,Low,0,3.22654,715.559,6.57446,0.0626366,0.165574
3779,RL,6,Balanced,-0.782108,Low,0,Low,0,3.25461,721.185,6.58228,0.0628956,0.165566
3780,RL,6,Balanced,-0.452662,Low,0,Low,0,3.26534,724.462,6.58681,0.062645,0.165557
3781,RL,6,Balanced,1,Low,0,Low,0,3.2282,716.072,6.57518,0.0620234,0.165549
3782,RL,6,Balanced,-0.181246,Low,0,Low,0,3.23914,717.372,6.57699,0.0626412,0.165541
3783,RL,6,Balanced,0.571489,Low,0,Low,0,3.21702,713.279,6.57127,0.0625313,0.165532
3784,RL,6,Balanced,-1,Low,0,Low,0,3.26022,722.758,6.58446,0.0625743,0.165524
3785,RL,6,Balanced,0.0937462,Low,0,Low,0,3.2593,722.079,6.58352,0.0631461,0.165516
3786,RL,6,Balanced,0.170565,Low,0,Low,0,3.25059,720.847,6.58181,0.0626089,0.165508
3787,RL,6,Balanced,0.224972,Low,0,Low,0,3.2481,719.225,6.57956,0.0626566,0.165499
3788,RL,6,Balanced,0.188351,Low,0,Low,0,3.23688,717.87,6.57768,0.0626904,0.165491
3789,RL,6,Balanced,-1,Low,0,Low,0,3.27539,726.771,6.58999,0.0629186,0.165483
3790,RL,6,Balanced,0.39444,Low,0,Low,0,3.26454,723.906,6.58604,0.0625797,0.165475
3791,RL,6,Balanced,0.274992,Low,0,Low,0,3.25435,721.916,6.58329,0.0626189,0.165466
3792,RL,6,Balanced,0.225306,Low,0,Low,0,3.25176,720.289,6.58104,0.0627995,0.165458
3793,RL,6,Balanced,-0.499439,Low,0,Low,0,3.26672,723.9,6.58603,0.0626643,0.16545
3794,RL,6,Balanced,0.460529,Low,0,Low,0,3.24977,720.569,6.58143,0.0627934,0.165441
3795,RL,6,Balanced,0.40307,Low,0,Low,0,3.239,717.667,6.5774,0.0625582,0.165433
3796,RL,6,Balanced,-0.975657,Low,0,Low,0,3.269,724.713,6.58715,0.0626174,0.165425
3797,RL,6,Balanced,-0.0275135,Low,0,Low,0,3.27006,724.913,6.58743,0.0628956,0.165417
3798,RL,6,Balanced,0.212431,Low,0,Low,0,3.26662,723.372,6.58531,0.0627903,0.165408
3799,RL,6,Balanced,-0.0541687,Low,0,Low,0,3.26189,723.765,6.58585,0.0624007,0.1654
3800,RL,6,Balanced,0.508833,Low,0,Low,0,3.24917,720.086,6.58076,0.0627964,0.165392
3801,RL,6,Balanced,0.579071,Low,0,Low,0,3.22705,715.922,6.57497,0.0621886,0.165384
3802,RL,6,Balanced,-0.801277,Low,0,Low,0,3.25094,721.69,6.58298,0.0626474,0.165375
3803,RL,6,Balanced,0.218773,Low,0,Low,0,3.2493,720.111,6.58079,0.0626612,0.165367
3804,RL,6,Balanced,0.465345,Low,0,Low,0,3.23145,716.763,6.57614,0.0623661,0.165359
3805,RL,6,Balanced,0.409365,Low,0,Low,0,3.22085,713.831,6.57205,0.0627411,0.16535
3806,RL,6,Balanced,-0.83003,Low,0,Low,0,3.24823,719.789,6.58035,0.0625997,0.165342
3807,RL,6,Balanced,-0.542498,Low,0,Low,0,3.26878,723.71,6.58577,0.0631069,0.165334
3808,RL,6,Balanced,0.472403,Low,0,Low,0,3.25162,720.294,6.58105,0.0630608,0.165326
3809,RL,6,Balanced,0.338078,Low,0,Low,0,3.24224,717.86,6.57767,0.0626597,0.165317
3810,RL,6,Balanced,-0.0205994,Low,0,Low,0,3.23871,718.008,6.57787,0.0626896,0.165309
3811,RL,6,Balanced,0.550175,Low,0,Low,0,3.21996,714.063,6.57237,0.0628249,0.165301
3812,RL,6,Balanced,-0.789595,Low,0,Low,0,3.24036,719.731,6.58027,0.0626996,0.165293
3813,RL,6,Balanced,-0.616932,Low,0,Low,0,3.26517,724.192,6.58644,0.0628133,0.165284
3814,RL,6,Balanced,0.838137,Low,0,Low,0,3.24133,718.139,6.57805,0.0625751,0.165276
3815,RL,6,Balanced,-0.182533,Low,0,Low,0,3.24596,719.453,6.57988,0.062662,0.165268
3816,RL,6,Balanced,0.286627,Low,0,Low,0,3.2364,717.391,6.57701,0.0625905,0.16526
3817,RL,6,Balanced,-0.763178,Low,0,Low,0,3.26183,722.894,6.58465,0.062811,0.165251
3818,RL,6,Balanced,0.528002,Low,0,Low,0,3.24669,719.082,6.57937,0.0625313,0.165243
3819,RL,6,Balanced,0.0355244,Low,0,Low,0,3.24489,718.826,6.57901,0.0626497,0.165235
3820,RL,6,Balanced,0.0800133,Low,0,Low,0,3.24047,718.251,6.57821,0.0625244,0.165227
3821,RL,6,Balanced,-0.124741,Low,0,Low,0,3.24488,719.148,6.57946,0.0625736,0.165218
3822,RL,6,Balanced,0.270891,Low,0,Low,0,3.23799,717.2,6.57675,0.0628141,0.16521
3823,RL,6,Balanced,0.0111103,Low,0,Low,0,3.24035,717.121,6.57664,0.0625498,0.165202
3824,RL,6,Balanced,-0.475979,Low,0,Low,0,3.25344,720.547,6.5814,0.0625067,0.165193
3825,RL,6,Balanced,-0.301981,Low,0,Low,0,3.26099,722.729,6.58442,0.0628272,0.165185
3826,RL,6,Balanced,1,Low,0,Low,0,3.22614,714.607,6.57313,0.0626881,0.165177
3827,RL,6,Balanced,-0.365639,Low,0,Low,0,3.23291,717.228,6.57679,0.0625682,0.165169
3828,RL,6,Balanced,0.317287,Low,0,Low,0,3.22336,714.953,6.57361,0.062582,0.16516
3829,RL,6,Balanced,-0.699377,Low,0,Low,0,3.24725,719.978,6.58061,0.0626504,0.165152
3830,RL,6,Balanced,-0.346231,Low,0,Low,0,3.25543,722.478,6.58407,0.0627995,0.165144
3831,RL,6,Balanced,0.0160217,Low,0,Low,0,3.25876,722.362,6.58391,0.0627887,0.165136
3832,RL,6,Balanced,-0.0758648,Low,0,Low,0,3.25939,722.911,6.58467,0.0627941,0.165127
3833,RL,6,Balanced,0.40226,Low,0,Low,0,3.2419,720.005,6.58065,0.0625866,0.165119
3834,RL,6,Balanced,-0.0247955,Low,0,Low,0,3.24844,720.184,6.58089,0.0628733,0.165111
3835,RL,6,Balanced,0.541162,Low,0,Low,0,3.23102,716.292,6.57548,0.062486,0.165103
3836,RL,6,Balanced,-0.39525,Low,0,Low,0,3.24396,719.132,6.57943,0.0627119,0.165094
3837,RL,6,Balanced,-0.491667,Low,0,Low,0,3.26139,722.682,6.58435,0.0627396,0.165086
3838,RL,6,Balanced,1,Low,0,Low,0,3.22865,715.471,6.57434,0.0626082,0.165078
3839,RL,6,Balanced,-0.960064,Low,0,Low,0,3.25686,722.383,6.58394,0.062894,0.16507
3840,RL,6,Balanced,0.317907,Low,0,Low,0,3.2476,720.087,6.58076,0.0625905,0.165061
3841,RL,6,Balanced,-0.509596,Low,0,Low,0,3.26476,723.771,6.58586,0.0628341,0.165053
3842,RL,6,Balanced,-0.0981331,Low,0,Low,0,3.26518,724.482,6.58684,0.0626573,0.165045
3843,RL,6,Balanced,1,Low,0,Low,0,3.23621,717.248,6.57681,0.0627111,0.165037
3844,RL,6,Balanced,-0.713444,Low,0,Low,0,3.25935,722.391,6.58395,0.0624768,0.165028
3845,RL,6,Balanced,0.838566,Low,0,Low,0,3.23144,716.35,6.57556,0.0628794,0.16502
3846,RL,6,Balanced,-0.602579,Low,0,Low,0,3.24967,720.685,6.58159,0.0627204,0.165012
3847,RL,6,Balanced,0.112724,Low,0,Low,0,3.24483,719.872,6.58046,0.0623484,0.165004
3848,RL,6,Balanced,0.792027,Low,0,Low,0,3.22071,714.185,6.57254,0.0627926,0.164995
3849,RL,6,Balanced,-0.132513,Low,0,Low,0,3.22845,715.134,6.57387,0.0626481,0.164987
3850,RL,6,Balanced,-1,Low,0,Low,0,3.25087,722.367,6.58392,0.0628003,0.164979
3851,RL,6,Balanced,0.188971,Low,0,Low,0,3.25548,721.002,6.58203,0.0628602,0.164971
3852,RL,6,Balanced,-0.158072,Low,0,Low,0,3.25678,722.144,6.58361,0.0628618,0.164962
3853,RL,6,Balanced,0.388765,Low,0,Low,0,3.24699,719.338,6.57972,0.0624998,0.164954
3854,RL,6,Balanced,0.397873,Low,0,Low,0,3.23245,716.478,6.57574,0.0630055,0.164946
3855,RL,6,Balanced,-0.593615,Low,0,Low,0,3.25093,720.75,6.58168,0.0628618,0.164938
3856,RL,6,Balanced,0.067091,Low,0,Low,0,3.25199,720.265,6.58101,0.0631153,0.164929
3857,RL,6,Balanced,-0.771046,Low,0,Low,0,3.27458,725.848,6.58872,0.0628402,0.164921
3858,RL,6,Balanced,1,Low,0,Low,0,3.24354,718.542,6.57861,0.062685,0.164913
3859,RL,6,Balanced,-0.2666,Low,0,Low,0,3.25014,720.463,6.58128,0.0624583,0.164905
3860,RL,6,Balanced,0.642014,Low,0,Low,0,3.23125,715.846,6.57486,0.0629624,0.164896
3861,RL,6,Balanced,-1,Low,0,Low,0,3.27533,725.368,6.58806,0.0631276,0.164888
3862,RL,6,Balanced,1,Low,0,Low,0,3.23541,716.502,6.57578,0.0626627,0.16488
3863,RL,6,Balanced,-0.191021,Low,0,Low,0,3.24482,717.874,6.57769,0.0628679,0.164872
3864,RL,6,Balanced,-0.354147,Low,0,Low,0,3.2521,720.424,6.58123,0.0628095,0.164863
3865,RL,6,Balanced,0.361729,Low,0,Low,0,3.23203,717.819,6.57761,0.0624483,0.164855
3866,RL,6,Balanced,-0.129414,Low,0,Low,0,3.24404,718.75,6.5789,0.0630708,0.164847
3867,RL,6,Balanced,-1,Low,0,Low,0,3.2797,727.794,6.59139,0.0627803,0.164839
3868,RL,6,Balanced,1,Low,0,Low,0,3.24675,720.224,6.58095,0.0626151,0.16483
3869,RL,6,Balanced,0.560141,Low,0,Low,0,3.23673,716.195,6.57535,0.062977,0.164822
3870,RL,6,Balanced,-0.355244,Low,0,Low,0,3.24048,718.748,6.5789,0.0626535,0.164814
3871,RL,6,Balanced,-0.232601,Low,0,Low,0,3.25102,720.424,6.58123,0.0628057,0.164806
3872,RL,6,Balanced,-0.301218,Low,0,Low,0,3.26041,722.6,6.58424,0.0630654,0.164797
3873,RL,6,Balanced,-0.64292,Low,0,Low,0,3.28163,727.267,6.59067,0.0628733,0.164789
3874,RL,6,Balanced,0.93751,Low,0,Low,0,3.25485,720.471,6.58129,0.0626258,0.164781
3875,RL,6,Balanced,-0.337458,Low,0,Low,0,3.26318,722.91,6.58467,0.0628602,0.164773
3876,RL,6,Balanced,0.269175,Low,0,Low,0,3.25632,720.965,6.58198,0.0627765,0.164765
3877,RL,6,Balanced,0.756264,Low,0,Low,0,3.23375,715.525,6.57441,0.0628349,0.164756
3878,RL,6,Balanced,-0.58198,Low,0,Low,0,3.24927,719.707,6.58023,0.0628802,0.164748
3879,RL,6,Balanced,-0.224447,Low,0,Low,0,3.25181,721.327,6.58248,0.0626335,0.16474
3880,RL,6,Balanced,-0.296926,Low,0,Low,0,3.26242,723.475,6.58545,0.0629248,0.164732
3881,RL,6,Balanced,0.422812,Low,0,Low,0,3.25579,720.418,6.58122,0.0626835,0.164723
3882,RL,6,Balanced,0.424623,Low,0,Low,0,3.23728,717.361,6.57697,0.0626819,0.164715
3883,RL,6,Balanced,-0.00767708,Low,0,Low,0,3.23348,717.416,6.57705,0.0627557,0.164707
3884,RL,6,Balanced,-0.404596,Low,0,Low,0,3.25322,720.329,6.5811,0.0628341,0.164699
3885,RL,6,Balanced,0.245428,Low,0,Low,0,3.24501,718.561,6.57864,0.0625705,0.16469
3886,RL,6,Balanced,-0.719023,Low,0,Low,0,3.26784,723.753,6.58583,0.0628487,0.164682
3887,RL,6,Balanced,-0.0639915,Low,0,Low,0,3.26586,724.217,6.58647,0.0629071,0.164674
3888,RL,6,Light Heavy,-0.315619,Low,0,Low,0,3.27433,726.51,6.58963,0.0625851,0.164666
3889,RL,6,Light Heavy,1,Low,0,Low,0,3.23814,718.091,6.57799,0.0575624,0.164657
3890,RL,6,Light Heavy,-0.40164,Low,0,Low,0,3.24861,720.985,6.582,0.0576623,0.164649
3891,RL,6,Light Heavy,0.914764,Low,0,Low,0,3.22028,714.411,6.57286,0.0575363,0.164641
3892,RL,6,Light Heavy,-0.452662,Low,0,Low,0,3.23616,717.657,6.57738,0.0575125,0.164633
3893,RL,6,Light Heavy,0.275183,Low,0,Low,0,3.22772,715.681,6.57463,0.0577131,0.164625
3894,RL,6,Light Heavy,-0.0154018,Low,0,Low,0,3.22816,715.792,6.57479,0.057826,0.164616
3895,RL,6,Light Heavy,-0.404787,Low,0,Low,0,3.23399,718.699,6.57883,0.057554,0.164608
3896,RL,6,Light Heavy,-0.186157,Low,0,Low,0,3.24415,720.04,6.5807,0.0576823,0.1646
3897,RL,6,Light Heavy,0.692892,Low,0,Low,0,3.21985,715.062,6.57377,0.0575755,0.164592
3898,RL,6,Light Heavy,-1,Low,0,Low,0,3.26302,724.666,6.58709,0.0575909,0.164583
3899,RL,6,Light Heavy,1,Low,0,Low,0,3.21273,712.422,6.57007,0.057428,0.164575
3900,RL,6,Light Heavy,-1,Low,0,Low,0,3.24063,720.093,6.58077,0.0575225,0.164567
3901,RL,6,Light Heavy,0.357389,Low,0,Low,0,3.23376,717.52,6.57719,0.0575678,0.164559
3902,RL,6,Light Heavy,-0.536442,Low,0,Low,0,3.2508,721.385,6.58256,0.0576139,0.16455
3903,RL,6,Light Heavy,-0.252962,Low,0,Low,0,3.25813,723.214,6.58509,0.0576693,0.164542
3904,RL,6,BSDF Heavy,-0.41337,Low,0,Low,0,3.27163,726.214,6.58922,0.0580035,0.164534
3905,RL,6,BSDF Heavy,1,Low,0,Low,0,3.23628,715.403,6.57424,0.065878,0.164526
3906,RL,6,BSDF Heavy,-0.744486,Low,0,Low,0,3.25334,720.757,6.58169,0.0659963,0.164518
3907,RL,6,BSDF Heavy,1,Low,0,Low,0,3.22669,713.515,6.5716,0.0658349,0.164509
3908,RL,6,BSDF Heavy,-1,Low,0,Low,0,3.27609,725.944,6.58885,0.065815,0.164501
3909,RL,6,BSDF Heavy,0.327349,Low,0,Low,0,3.26719,723.568,6.58558,0.0658203,0.164493
3910,RL,6,BSDF Heavy,0.0235558,Low,0,Low,0,3.26256,723.398,6.58534,0.0659348,0.164485
3911,RL,6,BSDF Heavy,-0.0862598,Low,0,Low,0,3.27109,724.023,6.5862,0.065745,0.164476
3912,RL,6,BSDF Heavy,0.83046,Low,0,Low,0,3.24278,718.027,6.5779,0.0655675,0.164468
3913,RL,6,BSDF Heavy,-0.698566,Low,0,Low,0,3.26669,723.067,6.58488,0.0660048,0.16446
3914,RL,6,BSDF Heavy,0.588751,Low,0,Low,0,3.24423,718.817,6.579,0.0659256,0.164452
3915,RL,6,BSDF Heavy,-0.57497,Low,0,Low,0,3.26418,722.968,6.58475,0.0658249,0.164444
3916,RL,6,BSDF Heavy,0.668526,Low,0,Low,0,3.24481,718.144,6.57806,0.0656451,0.164435
3917,RL,6,BSDF Heavy,0.536442,Low,0,Low,0,3.22547,714.296,6.5727,0.0655091,0.164427
3918,RL,6,BSDF Heavy,-0.897408,Low,0,Low,0,3.25403,720.744,6.58167,0.065722,0.164419
3919,RL,6,BSDF Heavy,-0.155067,Low,0,Low,0,3.26092,721.864,6.58322,0.0660724,0.164411
3920,RL,6,Light Heavy,0.122166,Low,0,Low,0,3.25857,720.982,6.582,0.0661915,0.164402
3921,RL,6,Light Heavy,-0.191689,Low,0,Low,0,3.2557,722.367,6.58392,0.0577277,0.164394
3922,RL,6,Light Heavy,0.481796,Low,0,Low,0,3.23825,718.89,6.5791,0.0577123,0.164386
3923,RL,6,Light Heavy,0.258541,Low,0,Low,0,3.22758,717.031,6.57651,0.0574103,0.164378
3924,RL,6,Light Heavy,-0.60935,Low,0,Low,0,3.24684,721.42,6.58261,0.0577277,0.16437
3925,RL,6,Light Heavy,1,Low,0,Low,0,3.20709,711.185,6.56834,0.0572643,0.164361
3926,RL,6,Light Heavy,-1,Low,0,Low,0,3.24318,719.78,6.58033,0.0578529,0.164353
3927,RL,6,Light Heavy,-0.126505,Low,0,Low,0,3.24776,720.693,6.5816,0.0579459,0.164345
3928,RL,6,Light Heavy,0.834274,Low,0,Low,0,3.21804,714.697,6.57326,0.0576977,0.164337
3929,RL,6,Light Heavy,-1,Low,0,Low,0,3.25478,722.355,6.5839,0.057876,0.164328
3930,RL,6,Light Heavy,0.863457,Low,0,Low,0,3.22712,716.136,6.57527,0.0579705,0.16432
3931,RL,6,Light Heavy,-0.748396,Low,0,Low,0,3.25028,721.524,6.58275,0.0578122,0.164312
3932,RL,6,Light Heavy,-0.392103,Low,0,Low,0,3.25848,724.362,6.58667,0.0576539,0.164304
3933,RL,6,Light Heavy,0.929785,Low,0,Low,0,3.23137,717.649,6.57737,0.0578506,0.164296
3934,RL,6,Light Heavy,-0.15521,Low,0,Low,0,3.23395,718.765,6.57893,0.0576124,0.164287
3935,RL,6,Light Heavy,0.376129,Low,0,Low,0,3.22685,716.063,6.57516,0.0577507,0.164279
3936,RL,6,BSDF Heavy,-1,Low,0,Low,0,3.25677,723.488,6.58547,0.057574,0.164271
3937,RL,6,BSDF Heavy,0.703096,Low,0,Low,0,3.24742,718.412,6.57843,0.065815,0.164263
3938,RL,6,BSDF Heavy,-0.185966,Low,0,Low,0,3.25153,719.751,6.58029,0.0655744,0.164255
3939,RL,6,BSDF Heavy,0.555706,Low,0,Low,0,3.23036,715.757,6.57474,0.0658234,0.164246
3940,RL,6,BSDF Heavy,-0.801229,Low,0,Low,0,3.2571,721.523,6.58275,0.0657443,0.164238
3941,RL,6,BSDF Heavy,0.843859,Low,0,Low,0,3.23101,715.452,6.57431,0.0658065,0.16423
3942,RL,6,BSDF Heavy,-0.194407,Low,0,Low,0,3.23824,716.846,6.57625,0.0662153,0.164222
3943,RL,6,BSDF Heavy,-0.662327,Low,0,Low,0,3.25956,721.616,6.58288,0.0660632,0.164213
3944,RL,6,BSDF Heavy,-0.0935078,Low,0,Low,0,3.25604,722.292,6.58381,0.0655314,0.164205
3945,RL,6,BSDF Heavy,0.756788,Low,0,Low,0,3.23642,716.839,6.57625,0.0654315,0.164197
3946,RL,6,BSDF Heavy,-0.90909,Low,0,Low,0,3.26145,723.395,6.58534,0.0660094,0.164189
3947,RL,6,BSDF Heavy,0.282431,Low,0,Low,0,3.2588,721.352,6.58251,0.0659648,0.164181
3948,RL,6,BSDF Heavy,0.926018,Low,0,Low,0,3.22955,714.693,6.57325,0.0657358,0.164172
3949,RL,6,BSDF Heavy,-1,Low,0,Low,0,3.30691,732.166,6.59737,0.0662676,0.164164
3950,RL,6,BSDF Heavy,0.508451,Low,0,Low,0,3.28755,728.448,6.59229,0.0661654,0.164156
3951,RL,6,BSDF Heavy,1,Low,0,Low,0,3.24887,719.844,6.58042,0.0657796,0.164148
3952,RL,6,BSDF Heavy,0.619602,Low,0,Low,0,3.23355,715.392,6.57423,0.0658787,0.16414
3953,RL,6,BSDF Heavy,-0.215435,Low,0,Low,0,3.2427,716.937,6.57638,0.0659487,0.164131
3954,RL,6,BSDF Heavy,-0.517511,Low,0,Low,0,3.2527,720.661,6.58156,0.0655767,0.164123
3955,RL,6,BSDF Heavy,0.0486374,Low,0,Low,0,3.24885,720.311,6.58107,0.0659172,0.164115
3956,RL,6,BSDF Heavy,0.299072,Low,0,Low,0,3.24248,718.157,6.57808,0.0655752,0.164107
3957,RL,6,BSDF Heavy,-1,Low,0,Low,0,3.27717,725.573,6.58834,0.0659402,0.164099
3958,RL,6,BSDF Heavy,0.630331,Low,0,Low,0,3.25403,721.008,6.58204,0.0657281,0.16409
3959,RL,6,BSDF Heavy,-0.248194,Low,0,Low,0,3.26379,722.802,6.58452,0.0658303,0.164082
3960,RL,6,BSDF Heavy,-0.0017643,Low,0,Low,0,3.2649,722.815,6.58454,0.0657904,0.164074
3961,RL,6,BSDF Heavy,0.527096,Low,0,Low,0,3.24557,719.01,6.57926,0.0658741,0.164066
3962,RL,6,BSDF Heavy,0.15254,Low,0,Low,0,3.24376,717.912,6.57774,0.0659241,0.164058
3963,RL,6,BSDF Heavy,-0.740767,Low,0,Low,0,3.26398,723.257,6.58515,0.0659809,0.164049
3964,RL,6,BSDF Heavy,0.882864,Low,0,Low,0,3.23818,716.891,6.57632,0.0658541,0.164041
3965,RL,6,BSDF Heavy,-0.162077,Low,0,Low,0,3.2446,718.056,6.57794,0.0656989,0.164033
3966,RL,6,BSDF Heavy,-1,Low,0,Low,0,3.2714,725.511,6.58825,0.0657519,0.164025
3967,RL,6,BSDF Heavy,0.728226,Low,0,Low,0,3.25005,720.24,6.58097,0.0661008,0.164017
3968,RL,6,BSDF Heavy,-0.153494,Low,0,Low,0,3.2582,721.348,6.58251,0.0660455,0.164008
3969,RL,6,BSDF Heavy,0.449944,Low,0,Low,0,3.24442,718.105,6.57801,0.0657542,0.164
3970,RL,6,BSDF Heavy,-0.0823021,Low,0,Low,0,3.24639,718.697,6.57883,0.0658442,0.163992
3971,RL,6,BSDF Heavy,0.266218,Low,0,Low,0,3.23959,716.784,6.57617,0.065609,0.163984
3972,RL,6,BSDF Heavy,-0.683975,Low,0,Low,0,3.25569,721.71,6.58301,0.0654653,0.163976
3973,RL,6,BSDF Heavy,0.532913,Low,0,Low,0,3.24255,717.869,6.57768,0.0656843,0.163967
3974,RL,6,BSDF Heavy,-0.274181,Low,0,Low,0,3.25178,719.843,6.58042,0.0658234,0.163959
3975,RL,6,BSDF Heavy,-0.395679,Low,0,Low,0,3.26552,722.7,6.58438,0.0660501,0.163951
3976,RL,6,BSDF Heavy,-0.0244617,Low,0,Low,0,3.26435,722.877,6.58462,0.0657727,0.163943
3977,RL,6,BSDF Heavy,0.812864,Low,0,Low,0,3.24031,717.017,6.57649,0.0659702,0.163935
3978,RL,6,BSDF Heavy,-0.42181,Low,0,Low,0,3.25102,720.052,6.58071,0.0659994,0.163926
3979,RL,6,BSDF Heavy,0.0665188,Low,0,Low,0,3.25316,719.573,6.58005,0.0660263,0.163918
3980,RL,6,BSDF Heavy,-0.593138,Low,0,Low,0,3.26923,723.859,6.58598,0.0660455,0.16391
3981,RL,6,BSDF Heavy,0.112343,Low,0,Low,0,3.26408,723.045,6.58485,0.0658987,0.163902
3982,RL,6,BSDF Heavy,0.308371,Low,0,Low,0,3.25171,720.816,6.58177,0.0657366,0.163894
3983,RL,6,BSDF Heavy,0.298595,Low,0,Low,0,3.24487,718.664,6.57878,0.0657904,0.163885
3984,RL,6,Balanced,0.451183,Low,0,Low,0,3.23433,715.424,6.57427,0.0657589,0.163877
3985,RL,6,Balanced,-0.724316,Low,0,Low,0,3.2488,720.633,6.58152,0.062808,0.163869
3986,RL,6,Balanced,0.110531,Low,0,Low,0,3.24878,719.835,6.58041,0.0628587,0.163861
3987,RL,6,Balanced,-0.493717,Low,0,Low,0,3.25841,723.403,6.58535,0.0627503,0.163853
3988,RL,6,Balanced,1,Low,0,Low,0,3.217,714.01,6.5723,0.0627496,0.163844
3989,RL,6,Balanced,-1,Low,0,Low,0,3.27908,727.779,6.59137,0.0631177,0.163836
3990,RL,6,Balanced,1,Low,0,Low,0,3.23948,717.506,6.57717,0.0625267,0.163828
3991,RL,6,Balanced,-0.0411987,Low,0,Low,0,3.23765,717.802,6.57759,0.0627104,0.16382
3992,RL,6,Balanced,0.356054,Low,0,Low,0,3.22673,715.247,6.57403,0.0629194,0.163812
3993,RL,6,Balanced,-0.588083,Low,0,Low,0,3.24581,719.472,6.57991,0.0626781,0.163803
3994,RL,6,Balanced,0.338507,Low,0,Low,0,3.23708,717.037,6.57652,0.0624844,0.163795
3995,RL,6,Balanced,-1,Low,0,Low,0,3.26588,725.842,6.58871,0.0627688,0.163787
3996,RL,6,Balanced,0.492716,Low,0,Low,0,3.2595,722.27,6.58378,0.0629278,0.163779
3997,RL,6,Balanced,0.377607,Low,0,Low,0,3.24776,719.544,6.58001,0.0627672,0.163771
3998,RL,6,Balanced,0.310659,Low,0,Low,0,3.23493,717.309,6.5769,0.0625321,0.163763
3999,RL,6,Balanced,0.226498,Low,0,Low,0,3.23169,715.684,6.57464,0.0628479,0.163754
4000,RL,6,BSDF Heavy,-0.828314,Low,0,Low,0,3.25735,721.645,6.58292,0.0623561,0.163746
4001,RL,6,BSDF Heavy,-0.208521,Low,0,Low,0,3.2601,723.153,6.585,0.0655091,0.163738
4002,RL,6,BSDF Heavy,-0.405931,Low,0,Low,0,3.27643,726.099,6.58906,0.0658672,0.16373
4003,RL,6,BSDF Heavy,1,Low,0,Low,0,3.23774,716.701,6.57605,0.0655844,0.163722
4004,RL,6,BSDF Heavy,-0.742722,Low,0,Low,0,3.25542,722.051,6.58348,0.0658057,0.163713
4005,RL,6,BSDF Heavy,0.36025,Low,0,Low,0,3.24699,719.451,6.57988,0.0656497,0.163705
4006,RL,6,BSDF Heavy,-0.109529,Low,0,Low,0,3.25745,720.24,6.58097,0.0657404,0.163697
4007,RL,6,BSDF Heavy,0.121117,Low,0,Low,0,3.24461,719.367,6.57976,0.0657758,0.163689
4008,RL,6,BSDF Heavy,0.00581741,Low,0,Low,0,3.24864,719.325,6.5797,0.0656536,0.163681
4009,RL,6,BSDF Heavy,0.283813,Low,0,Low,0,3.24511,717.284,6.57686,0.0660278,0.163672
4010,RL,6,BSDF Heavy,-0.465822,Low,0,Low,0,3.25432,720.638,6.58152,0.0657304,0.163664
4011,RL,6,BSDF Heavy,-0.288677,Low,0,Low,0,3.26321,722.724,6.58441,0.0660294,0.163656
4012,RL,6,BSDF Heavy,-0.253439,Low,0,Low,0,3.26915,724.56,6.58694,0.0656866,0.163648
4013,RL,6,BSDF Heavy,0.624371,Low,0,Low,0,3.25242,720.044,6.5807,0.0657558,0.16364
4014,RL,6,BSDF Heavy,0.23489,Low,0,Low,0,3.24234,718.353,6.57835,0.0659233,0.163632
4015,RL,6,BSDF Heavy,0.162029,Low,0,Low,0,3.24325,717.188,6.57673,0.0658557,0.163623
4016,RL,6,BSDF Heavy,0.178289,Low,0,Low,0,3.23825,715.909,6.57495,0.0657888,0.163615
4017,RL,6,BSDF Heavy,-0.172567,Low,0,Low,0,3.23905,717.147,6.57667,0.0655083,0.163607
4018,RL,6,BSDF Heavy,-0.668907,Low,0,Low,0,3.26242,721.967,6.58336,0.0659963,0.163599
4019,RL,6,BSDF Heavy,0.208282,Low,0,Low,0,3.25239,720.462,6.58128,0.0658588,0.163591
4020,RL,6,BSDF Heavy,0.235462,Low,0,Low,0,3.24623,718.765,6.57893,0.0658134,0.163582
4021,RL,6,BSDF Heavy,-0.495815,Low,0,Low,0,3.2609,722.343,6.58388,0.0657489,0.163574
4022,RL,6,BSDF Heavy,-0.636721,Low,0,Low,0,3.28255,726.964,6.59025,0.0661623,0.163566
4023,RL,6,BSDF Heavy,0.653744,Low,0,Low,0,3.2603,722.22,6.58371,0.0658872,0.163558
4024,RL,6,BSDF Heavy,1,Low,0,Low,0,3.22196,711.618,6.56895,0.0658103,0.16355
4025,RL,6,BSDF Heavy,-1,Low,0,Low,0,3.26639,723.844,6.58596,0.0656851,0.163542
4026,RL,6,BSDF Heavy,1,Low,0,Low,0,3.23397,716.425,6.57567,0.0656997,0.163533
4027,RL,6,BSDF Heavy,0.0790596,Low,0,Low,0,3.23175,715.858,6.57488,0.0656413,0.163525
4028,RL,6,BSDF Heavy,0.17662,Low,0,Low,0,3.22358,714.593,6.57311,0.0655452,0.163517
4029,RL,6,BSDF Heavy,-0.162172,Low,0,Low,0,3.23409,715.754,6.57473,0.065599,0.163509
4030,RL,6,BSDF Heavy,-0.56386,Low,0,Low,0,3.25087,719.807,6.58037,0.0656144,0.163501
4031,RL,6,BSDF Heavy,-0.750017,Low,0,Low,0,3.27156,725.234,6.58787,0.0653954,0.163493
4032,RL,6,Light Heavy,-0.222111,Low,0,Low,0,3.27671,726.848,6.59009,0.0656882,0.163484
4033,RL,6,Light Heavy,0.786924,Low,0,Low,0,3.24808,721.143,6.58222,0.0578199,0.163476
4034,RL,6,Light Heavy,0.480413,Low,0,Low,0,3.23316,717.682,6.57742,0.0579275,0.163468
4035,RL,6,Light Heavy,-0.596237,Low,0,Low,0,3.2489,721.98,6.58338,0.057763,0.16346
4036,RL,6,Light Heavy,0.816154,Low,0,Low,0,3.2269,716.103,6.57522,0.0577,0.163452
4037,RL,6,Light Heavy,0.408173,Low,0,Low,0,3.2126,713.182,6.57114,0.0578045,0.163444
4038,RL,6,Light Heavy,-1,Low,0,Low,0,3.25998,723.837,6.58595,0.0577138,0.163435
4039,RL,6,Light Heavy,0.444651,Low,0,Low,0,3.2459,720.621,6.5815,0.0576062,0.163427
4040,RL,6,Light Heavy,-0.865269,Low,0,Low,0,3.27513,726.892,6.59015,0.058105,0.163419
4041,RL,6,Light Heavy,1,Low,0,Low,0,3.22268,714.412,6.57286,0.0579428,0.163411
4042,RL,6,Light Heavy,-1,Low,0,Low,0,3.26134,724.53,6.5869,0.0578452,0.163403
4043,RL,6,Light Heavy,0.338316,Low,0,Low,0,3.24527,722.079,6.58352,0.0576854,0.163394
4044,RL,6,Light Heavy,-0.154877,Low,0,Low,0,3.25579,723.2,6.58507,0.0581518,0.163386
4045,RL,6,Light Heavy,0.257206,Low,0,Low,0,3.25114,721.34,6.5825,0.0577676,0.163378
4046,RL,6,Light Heavy,0.543642,Low,0,Low,0,3.23357,717.424,6.57706,0.0576424,0.16337
4047,RL,6,Light Heavy,-0.0380039,Low,0,Low,0,3.23246,717.697,6.57744,0.0576047,0.163362
4048,RL,6,Light Heavy,-1,Low,0,Low,0,3.27034,725.798,6.58865,0.0582126,0.163354
4049,RL,6,Light Heavy,1,Low,0,Low,0,3.23559,718.33,6.57832,0.0578183,0.163345
4050,RL,6,Light Heavy,-0.394964,Low,0,Low,0,3.2538,721.177,6.58227,0.0577776,0.163337
4051,RL,6,Light Heavy,0.0486851,Low,0,Low,0,3.25099,720.825,6.58178,0.0578245,0.163329
4052,RL,6,Light Heavy,-0.0759125,Low,0,Low,0,3.24714,721.373,6.58254,0.0575847,0.163321
4053,RL,6,Light Heavy,0.882006,Low,0,Low,0,3.22156,715.03,6.57372,0.0573857,0.163313
4054,RL,6,Light Heavy,-0.141001,Low,0,Low,0,3.22627,716.041,6.57513,0.0575186,0.163305
4055,RL,6,Light Heavy,-0.644684,Low,0,Low,0,3.24618,720.678,6.58158,0.0579674,0.163296
4056,RL,6,Light Heavy,-0.0432014,Low,0,Low,0,3.24864,720.99,6.58201,0.0574072,0.163288
4057,RL,6,Light Heavy,0.603867,Low,0,Low,0,3.22826,716.643,6.57597,0.05769,0.16328
4058,RL,6,Light Heavy,-0.454092,Low,0,Low,0,3.24419,719.909,6.58051,0.0580742,0.163272
4059,RL,6,Light Heavy,-0.436354,Low,0,Low,0,3.25286,723.062,6.58488,0.057743,0.163264
4060,RL,6,Light Heavy,0.534964,Low,0,Low,0,3.238,719.199,6.57953,0.0576547,0.163256
4061,RL,6,Light Heavy,0.21677,Low,0,Low,0,3.23236,717.639,6.57736,0.057846,0.163247
4062,RL,6,Light Heavy,-0.425291,Low,0,Low,0,3.24523,720.702,6.58161,0.0576216,0.163239
4063,RL,6,Light Heavy,0.275993,Low,0,Low,0,3.23911,718.713,6.57885,0.0579751,0.163231
4064,RL,6,Light Heavy,0.0541687,Low,0,Low,0,3.23344,718.323,6.57831,0.0578222,0.163223
4065,RL,6,Light Heavy,-0.73204,Low,0,Low,0,3.25576,723.608,6.58563,0.0576823,0.163215
4066,RL,6,Light Heavy,0.934172,Low,0,Low,0,3.23307,716.871,6.57629,0.0578206,0.163207
4067,RL,6,Light Heavy,-0.193644,Low,0,Low,0,3.23619,718.262,6.57823,0.0576016,0.163199
4068,RL,6,Light Heavy,-0.978708,Low,0,Low,0,3.2701,725.336,6.58801,0.058022,0.16319
4069,RL,6,Light Heavy,0.797701,Low,0,Low,0,3.23956,719.565,6.58004,0.0575617,0.163182
4070,RL,6,Light Heavy,-0.189781,Low,0,Low,0,3.24796,720.934,6.58193,0.0578506,0.163174
4071,RL,6,Light Heavy,0.117874,Low,0,Low,0,3.2502,720.084,6.58076,0.0580473,0.163166
4072,RL,6,Light Heavy,0.152349,Low,0,Low,0,3.239,718.986,6.57923,0.0576831,0.163158
4073,RL,6,Light Heavy,-0.429535,Low,0,Low,0,3.25168,722.085,6.58353,0.0574725,0.16315
4074,RL,6,Light Heavy,-0.177956,Low,0,Low,0,3.25979,723.373,6.58531,0.0578045,0.163141
4075,RL,6,Light Heavy,-0.0459671,Low,0,Low,0,3.26005,723.706,6.58577,0.0579029,0.163133
4076,RL,6,Light Heavy,0.254583,Low,0,Low,0,3.25078,721.864,6.58322,0.0576961,0.163125
4077,RL,6,Light Heavy,-0.0549793,Low,0,Low,0,3.25473,722.261,6.58377,0.0576746,0.163117
4078,RL,6,Light Heavy,0.228739,Low,0,Low,0,3.24861,720.608,6.58148,0.0577807,0.163109
4079,RL,6,Light Heavy,-0.0716209,Low,0,Low,0,3.24847,721.126,6.5822,0.0576339,0.163101
4080,RL,6,Light Heavy,0.0600338,Low,0,Low,0,3.24271,720.692,6.5816,0.0577461,0.163092
4081,RL,6,Light Heavy,-0.133753,Low,0,Low,0,3.25133,721.658,6.58294,0.0578268,0.163084
4082,RL,6,Light Heavy,0.783491,Low,0,Low,0,3.2267,716.018,6.5751,0.0577653,0.163076
4083,RL,6,Light Heavy,-0.290918,Low,0,Low,0,3.23552,718.107,6.57801,0.0579513,0.163068
4084,RL,6,Light Heavy,-0.48399,Low,0,Low,0,3.24738,721.596,6.58285,0.0576608,0.16306
4085,RL,6,Light Heavy,-0.00720024,Low,0,Low,0,3.25344,721.648,6.58292,0.0579736,0.163052
4086,RL,6,Light Heavy,0.629044,Low,0,Low,0,3.22963,717.117,6.57663,0.057793,0.163044
4087,RL,6,Light Heavy,-0.533724,Low,0,Low,0,3.24596,720.96,6.58197,0.0577423,0.163035
4088,RL,6,Light Heavy,0.175333,Low,0,Low,0,3.24198,719.695,6.58022,0.0575225,0.163027
4089,RL,6,Light Heavy,0.349665,Low,0,Low,0,3.23154,717.179,6.57672,0.0577776,0.163019
4090,RL,6,Light Heavy,0.490189,Low,0,Low,0,3.20984,713.668,6.57182,0.0575325,0.163011
4091,RL,6,Light Heavy,-0.776052,Low,0,Low,0,3.23761,719.235,6.57958,0.0574718,0.163003
4092,RL,6,Light Heavy,-1,Low,0,Low,0,3.27096,726.796,6.59002,0.0581104,0.162995
4093,RL,6,Light Heavy,1,Low,0,Low,0,3.22936,718.062,6.57795,0.0575371,0.162987
4094,RL,6,Light Heavy,-1,Low,0,Low,0,3.26543,725.765,6.5886,0.0573703,0.162978
4095,RL,6,Light Heavy,1,Low,0,Low,0,3.23833,718.339,6.57833,0.0576938,0.16297
4096,RL,6,Light Heavy,0.655699,Low,0,Low,0,3.21543,713.638,6.57178,0.0574518,0.162962
