Iteration,Using RL?,State,Action,Reward,Variance Bucket,Variance Bucket Index,Next Variance Bucket Index,Next Variance Bucket Index,Mean Luminance,Luminance Variance,Log Luminance Variance,Bright Pixel Ratio,Epsilon
1,RL,1,Balanced,0.693147,Medium,1,Low,0,8.66059,1982.53,7.59263,0.0942959,0.049995
1,RL,1,Light Heavy,0.693147,Medium,1,Low,0,8.66059,1982.53,7.59263,0.0942959,0.049995
2,RL,0,Light Heavy,0,Low,0,Low,0,3.95143,910.855,6.81548,0.0475386,0.04999
3,RL,0,BSDF Heavy,-1,Low,0,High,2,3.97536,918.054,6.82335,0.0472897,0.049985
4,RL,2,BSDF Heavy,0,High,2,High,2,14.8931,3410.9,8.13502,0.109587,0.04998
5,RL,2,BSDF Heavy,0,High,2,High,2,14.9753,3429.69,8.14052,0.110187,0.049975
6,RL,2,BSDF Heavy,0,High,2,High,2,15.0093,3439.45,8.14336,0.11006,0.04997
7,RL,2,BSDF Heavy,0,High,2,High,2,14.9394,3417.66,8.137,0.110091,0.049965
8,RL,2,BSDF Heavy,0,High,2,High,2,14.9332,3415.94,8.1365,0.110253,0.04996
9,RL,2,BSDF Heavy,0,High,2,High,2,14.8692,3399.89,8.13179,0.110147,0.049955
10,RL,2,BSDF Heavy,0,High,2,High,2,14.8758,3407.28,8.13396,0.110297,0.04995
11,RL,2,BSDF Heavy,0,High,2,High,2,14.8593,3401.24,8.13219,0.109848,0.049945
12,RL,2,BSDF Heavy,0,High,2,High,2,14.8806,3405.04,8.1333,0.11023,0.04994
13,RL,2,BSDF Heavy,0,High,2,High,2,14.865,3404.93,8.13327,0.10972,0.049935
14,RL,2,BSDF Heavy,0,High,2,High,2,14.927,3416.94,8.13679,0.110473,0.04993
15,RL,2,Balanced,0.405465,High,2,Medium,1,14.7801,3383.43,8.12694,0.109936,0.0499251
16,RL,1,BSDF Heavy,-0.405465,Medium,1,High,2,8.64173,1976.82,7.58975,0.0934915,0.0499201
17,RL,2,Light Heavy,1,High,2,Low,0,14.8633,3404.77,8.13323,0.109701,0.0499151
18,RL,0,BSDF Heavy,-1,Low,0,High,2,3.98758,920.29,6.82578,0.0474769,0.0499101
19,RL,2,Balanced,0.405465,High,2,Medium,1,14.8882,3406.53,8.13374,0.110278,0.0499051
20,RL,1,BSDF Heavy,-0.405465,Medium,1,High,2,8.64893,1978.64,7.59067,0.0940027,0.0499001
21,RL,2,Light Heavy,1,High,2,Low,0,14.8721,3405.36,8.1334,0.10999,0.0498951
22,RL,0,Balanced,-0.693147,Low,0,Medium,1,3.8909,897.964,6.80124,0.046821,0.0498901
23,RL,1,Light Heavy,0.693147,Medium,1,Low,0,8.69759,1990.74,7.59676,0.094049,0.0498851
24,RL,0,Light Heavy,0,Low,0,Low,0,3.91598,902.846,6.80666,0.0470621,0.0498801
25,RL,0,Light Heavy,0,Low,0,Low,0,3.97517,919.277,6.82467,0.0473052,0.0498752
26,RL,0,Light Heavy,0,Low,0,Low,0,3.93692,909.426,6.81391,0.0469637,0.0498702
27,RL,0,Light Heavy,0,Low,0,Low,0,3.86719,892.473,6.79512,0.0464969,0.0498652
28,RL,0,Light Heavy,0,Low,0,Low,0,3.98698,920.095,6.82556,0.0476235,0.0498602
29,RL,0,Light Heavy,0,Low,0,Low,0,3.90227,901.168,6.8048,0.0466705,0.0498552
30,RL,0,Light Heavy,0,Low,0,Low,0,3.91704,902.802,6.80661,0.0474016,0.0498502
31,RL,0,Light Heavy,0,Low,0,Low,0,3.97018,917.458,6.8227,0.0472222,0.0498452
32,RL,0,Light Heavy,0,Low,0,Low,0,3.91488,903.355,6.80722,0.0470139,0.0498403
33,RL,0,Light Heavy,0,Low,0,Low,0,3.9434,910.057,6.81461,0.0473862,0.0498353
34,RL,0,Light Heavy,0,Low,0,Low,0,3.97104,916.459,6.82161,0.0474942,0.0498303
35,RL,0,Light Heavy,0,Low,0,Low,0,3.92936,908.645,6.81305,0.0469657,0.0498253
36,RL,0,Light Heavy,0,Low,0,Low,0,3.97864,919.091,6.82447,0.0475752,0.0498203
37,RL,0,Light Heavy,0,Low,0,Low,0,3.96043,915.627,6.8207,0.0469907,0.0498153
38,RL,0,Light Heavy,0,Low,0,Low,0,3.91893,903.526,6.80741,0.047201,0.0498104
39,RL,0,Light Heavy,0,Low,0,Low,0,3.88978,896.579,6.7997,0.0470525,0.0498054
40,RL,0,Light Heavy,0,Low,0,Low,0,3.92085,905.508,6.8096,0.0467052,0.0498004
41,RL,0,Light Heavy,0,Low,0,Low,0,3.92801,905.573,6.80967,0.0472782,0.0497954
42,RL,0,Light Heavy,0,Low,0,Low,0,3.88888,896.557,6.79968,0.0470679,0.0497904
43,RL,0,Light Heavy,0,Low,0,Low,0,3.91366,902.341,6.8061,0.0473322,0.0497855
44,RL,0,Light Heavy,0,Low,0,Low,0,3.92876,906.939,6.81118,0.0470351,0.0497805
45,RL,0,Light Heavy,0,Low,0,Low,0,3.94308,909.272,6.81374,0.0475174,0.0497755
46,RL,0,Light Heavy,0,Low,0,Low,0,3.88939,896.999,6.80017,0.0466107,0.0497705
47,RL,0,Light Heavy,0,Low,0,Low,0,3.90489,900.793,6.80438,0.0469097,0.0497656
48,RL,0,Light Heavy,0,Low,0,Low,0,3.97221,918.09,6.82338,0.0469907,0.0497606
49,RL,0,Light Heavy,0,Low,0,Low,0,3.94374,910.058,6.81461,0.0471316,0.0497556
50,RL,0,Light Heavy,0,Low,0,Low,0,3.94318,909.278,6.81375,0.0473399,0.0497506
51,RL,0,Light Heavy,0,Low,0,Low,0,4.04501,936.34,6.84305,0.0472145,0.0497456
52,RL,0,Light Heavy,0,Low,0,Low,0,3.94512,911.197,6.81586,0.0472608,0.0497407
53,RL,0,Light Heavy,0,Low,0,Low,0,3.9991,924.961,6.83083,0.0469232,0.0497357
54,RL,0,Light Heavy,0,Low,0,Low,0,3.94804,910.981,6.81562,0.0471894,0.0497307
55,RL,0,Light Heavy,0,Low,0,Low,0,3.93732,908.819,6.81325,0.0474691,0.0497258
56,RL,0,Light Heavy,0,Low,0,Low,0,3.95954,914.833,6.81983,0.0472917,0.0497208
57,RL,0,Balanced,-0.693147,Low,0,Medium,1,3.97025,915.892,6.82099,0.0474151,0.0497158
58,RL,1,Light Heavy,0.693147,Medium,1,Low,0,8.72817,1996.51,7.59966,0.0943576,0.0497108
59,RL,0,Light Heavy,0,Low,0,Low,0,4.04339,934.837,6.84144,0.0478164,0.0497059
60,RL,0,Balanced,-0.693147,Low,0,Medium,1,3.93955,909.367,6.81385,0.0471991,0.0497009
61,RL,1,Balanced,0,Medium,1,Medium,1,8.68848,1988.66,7.59572,0.0938272,0.0496959
62,RL,1,Light Heavy,0.693147,Medium,1,Low,0,8.70915,1991.18,7.59699,0.0948206,0.049691
63,RL,0,Light Heavy,0,Low,0,Low,0,3.97637,918.738,6.82409,0.0472087,0.049686
64,RL,0,BSDF Heavy,-1,Low,0,High,2,3.94758,911.646,6.81635,0.0470332,0.049681
65,RL,2,BSDF Heavy,0,High,2,High,2,14.8439,3398.19,8.13129,0.109927,0.0496761
66,RL,2,BSDF Heavy,0,High,2,High,2,14.9478,3424.04,8.13887,0.110324,0.0496711
67,RL,2,BSDF Heavy,0,High,2,High,2,14.9384,3420.48,8.13783,0.109672,0.0496661
68,RL,2,BSDF Heavy,0,High,2,High,2,14.9662,3429.03,8.14032,0.109687,0.0496612
69,RL,2,BSDF Heavy,0,High,2,High,2,14.887,3404.97,8.13329,0.109969,0.0496562
70,RL,2,BSDF Heavy,0,High,2,High,2,14.9167,3413.95,8.13592,0.110195,0.0496512
71,RL,2,BSDF Heavy,0,High,2,High,2,14.7563,3378.34,8.12544,0.10935,0.0496463
72,RL,2,BSDF Heavy,0,High,2,High,2,14.8737,3403.89,8.13297,0.109867,0.0496413
73,RL,2,BSDF Heavy,0,High,2,High,2,14.8536,3399.8,8.13177,0.110264,0.0496363
74,RL,2,BSDF Heavy,0,High,2,High,2,14.8871,3407.7,8.13409,0.109973,0.0496314
75,RL,2,BSDF Heavy,0,High,2,High,2,14.9742,3427.97,8.14002,0.110131,0.0496264
76,RL,2,BSDF Heavy,0,High,2,High,2,14.8593,3402.15,8.13246,0.109859,0.0496214
77,RL,2,BSDF Heavy,0,High,2,High,2,14.8146,3390.87,8.12914,0.10973,0.0496165
78,RL,2,BSDF Heavy,0,High,2,High,2,14.8636,3402.21,8.13247,0.109556,0.0496115
79,RL,2,BSDF Heavy,0,High,2,High,2,14.7429,3375.33,8.12455,0.109848,0.0496066
80,RL,2,BSDF Heavy,0,High,2,High,2,15.0957,3453.85,8.14754,0.110556,0.0496016
81,RL,2,BSDF Heavy,0,High,2,High,2,14.913,3414.53,8.13609,0.109996,0.0495966
82,RL,2,BSDF Heavy,0,High,2,High,2,14.856,3401.5,8.13227,0.110174,0.0495917
83,RL,2,BSDF Heavy,0,High,2,High,2,14.9891,3432.23,8.14126,0.110185,0.0495867
84,RL,2,BSDF Heavy,0,High,2,High,2,14.9249,3416.56,8.13668,0.110312,0.0495818
85,RL,2,BSDF Heavy,0,High,2,High,2,14.8548,3403.46,8.13284,0.109718,0.0495768
86,RL,2,BSDF Heavy,0,High,2,High,2,14.8081,3388.48,8.12843,0.109718,0.0495718
87,RL,2,BSDF Heavy,0,High,2,High,2,14.8252,3393.15,8.12981,0.1099,0.0495669
88,RL,2,BSDF Heavy,0,High,2,High,2,14.7955,3388.55,8.12845,0.109593,0.0495619
89,RL,2,BSDF Heavy,0,High,2,High,2,14.9617,3422.86,8.13852,0.110664,0.049557
90,RL,2,BSDF Heavy,0,High,2,High,2,14.8106,3389.02,8.12859,0.110019,0.049552
91,RL,2,BSDF Heavy,0,High,2,High,2,14.8913,3407.01,8.13388,0.109799,0.0495471
92,RL,2,BSDF Heavy,0,High,2,High,2,14.8937,3407.91,8.13415,0.110338,0.0495421
93,RL,2,BSDF Heavy,0,High,2,High,2,14.8202,3396.23,8.13072,0.109383,0.0495372
94,RL,2,BSDF Heavy,0,High,2,High,2,14.8549,3403.07,8.13273,0.109502,0.0495322
95,RL,2,BSDF Heavy,0,High,2,High,2,14.814,3392,8.12947,0.110066,0.0495273
96,RL,2,BSDF Heavy,0,High,2,High,2,14.8966,3410.13,8.1348,0.110311,0.0495223
97,RL,2,BSDF Heavy,0,High,2,High,2,14.8681,3404.97,8.13328,0.109925,0.0495173
98,RL,2,BSDF Heavy,0,High,2,High,2,14.8069,3389.14,8.12863,0.109753,0.0495124
99,RL,2,BSDF Heavy,0,High,2,High,2,14.859,3401.57,8.13229,0.109828,0.0495074
100,RL,2,BSDF Heavy,0,High,2,High,2,14.836,3396.35,8.13075,0.110075,0.0495025
101,RL,2,BSDF Heavy,0,High,2,High,2,14.7852,3385.82,8.12765,0.109641,0.0494975
102,RL,2,BSDF Heavy,0,High,2,High,2,14.9181,3415.64,8.13641,0.109954,0.0494926
103,RL,2,BSDF Heavy,0,High,2,High,2,14.9276,3415.78,8.13645,0.110096,0.0494876
104,RL,2,BSDF Heavy,0,High,2,High,2,14.9043,3414.19,8.13599,0.110272,0.0494827
105,RL,2,BSDF Heavy,0,High,2,High,2,14.8631,3403.56,8.13287,0.109796,0.0494777
106,RL,2,BSDF Heavy,0,High,2,High,2,14.8867,3406.93,8.13386,0.110174,0.0494728
107,RL,2,BSDF Heavy,0,High,2,High,2,14.8091,3392.09,8.1295,0.109039,0.0494679
108,RL,2,BSDF Heavy,0,High,2,High,2,14.8429,3398.91,8.1315,0.109687,0.0494629
109,RL,2,BSDF Heavy,0,High,2,High,2,14.8094,3392.27,8.12955,0.109659,0.049458
110,RL,2,BSDF Heavy,0,High,2,High,2,14.8,3388.82,8.12853,0.109994,0.049453
111,RL,2,BSDF Heavy,0,High,2,High,2,14.8252,3390.79,8.12911,0.109905,0.0494481
112,RL,2,BSDF Heavy,0,High,2,High,2,14.8681,3405.76,8.13352,0.109493,0.0494431
113,RL,2,BSDF Heavy,0,High,2,High,2,14.9764,3429.94,8.14059,0.109884,0.0494382
114,RL,2,BSDF Heavy,0,High,2,High,2,14.852,3398.68,8.13144,0.109898,0.0494332
115,RL,2,BSDF Heavy,0,High,2,High,2,14.8807,3408,8.13417,0.109973,0.0494283
116,RL,2,BSDF Heavy,0,High,2,High,2,14.9506,3423.77,8.13879,0.110154,0.0494234
117,RL,2,BSDF Heavy,0,High,2,High,2,14.9302,3417.87,8.13706,0.110118,0.0494184
118,RL,2,BSDF Heavy,0,High,2,High,2,14.9774,3428.11,8.14006,0.110785,0.0494135
119,RL,2,BSDF Heavy,0,High,2,High,2,14.8368,3397.9,8.13121,0.109574,0.0494085
120,RL,2,BSDF Heavy,0,High,2,High,2,14.776,3385.75,8.12763,0.109271,0.0494036
121,RL,2,BSDF Heavy,0,High,2,High,2,14.8927,3410.14,8.1348,0.110039,0.0493986
122,RL,2,BSDF Heavy,0,High,2,High,2,14.8022,3389.57,8.12875,0.109682,0.0493937
123,RL,2,BSDF Heavy,0,High,2,High,2,14.9096,3412.88,8.1356,0.110106,0.0493888
124,RL,2,BSDF Heavy,0,High,2,High,2,14.8026,3390.22,8.12895,0.109558,0.0493838
125,RL,2,Balanced,0.405465,High,2,Medium,1,14.7536,3378.88,8.12559,0.10913,0.0493789
126,RL,1,BSDF Heavy,-0.405465,Medium,1,High,2,8.74556,1998.96,7.60088,0.0952199,0.049374
127,RL,2,BSDF Heavy,0,High,2,High,2,14.9154,3412.7,8.13555,0.109522,0.049369
128,RL,2,BSDF Heavy,0,High,2,High,2,15.0797,3450.07,8.14644,0.110644,0.0493641
129,RL,2,BSDF Heavy,0,High,2,High,2,14.8888,3407.41,8.134,0.110241,0.0493591
130,RL,2,BSDF Heavy,0,High,2,High,2,14.7292,3373.23,8.12392,0.109142,0.0493542
131,RL,2,BSDF Heavy,0,High,2,High,2,14.9394,3417.31,8.1369,0.110309,0.0493493
132,RL,2,BSDF Heavy,0,High,2,High,2,14.9316,3417.71,8.13702,0.10988,0.0493443
133,RL,2,BSDF Heavy,0,High,2,High,2,14.7899,3384.31,8.1272,0.110081,0.0493394
134,RL,2,BSDF Heavy,0,High,2,High,2,14.8546,3400.14,8.13186,0.109875,0.0493345
135,RL,2,BSDF Heavy,0,High,2,High,2,14.881,3407.28,8.13396,0.110193,0.0493295
136,RL,2,BSDF Heavy,0,High,2,High,2,14.8829,3407.32,8.13398,0.10977,0.0493246
137,RL,2,BSDF Heavy,0,High,2,High,2,14.8445,3401.05,8.13213,0.109323,0.0493197
138,RL,2,BSDF Heavy,0,High,2,High,2,14.9535,3424.61,8.13903,0.109568,0.0493147
139,RL,2,BSDF Heavy,0,High,2,High,2,14.8894,3409.08,8.13449,0.1094,0.0493098
140,RL,2,BSDF Heavy,0,High,2,High,2,14.759,3379.71,8.12584,0.109348,0.0493049
141,RL,2,BSDF Heavy,0,High,2,High,2,14.7725,3384.68,8.12731,0.108935,0.0492999
142,RL,2,BSDF Heavy,0,High,2,High,2,14.8579,3402.79,8.13264,0.109171,0.049295
143,RL,2,BSDF Heavy,0,High,2,High,2,15.0208,3437.96,8.14293,0.110328,0.0492901
144,RL,2,BSDF Heavy,0,High,2,High,2,14.976,3428.17,8.14007,0.110264,0.0492852
145,RL,2,BSDF Heavy,0,High,2,High,2,14.8089,3389.26,8.12866,0.109896,0.0492802
146,RL,2,BSDF Heavy,0,High,2,High,2,14.9449,3421.35,8.13808,0.10972,0.0492753
147,RL,2,BSDF Heavy,0,High,2,High,2,14.8387,3399.38,8.13164,0.109186,0.0492704
148,RL,2,BSDF Heavy,0,High,2,High,2,14.855,3402.3,8.1325,0.110098,0.0492655
149,RL,2,BSDF Heavy,0,High,2,High,2,14.8474,3401.46,8.13225,0.109639,0.0492605
150,RL,2,BSDF Heavy,0,High,2,High,2,14.792,3389.04,8.1286,0.109182,0.0492556
151,RL,2,Light Heavy,1,High,2,Low,0,14.8092,3390.53,8.12904,0.109992,0.0492507
152,RL,0,BSDF Heavy,-1,Low,0,High,2,3.88545,895.629,6.79864,0.0467361,0.0492457
153,RL,2,Light Heavy,1,High,2,Low,0,14.9587,3424.71,8.13906,0.110527,0.0492408
154,RL,0,BSDF Heavy,-1,Low,0,High,2,3.94412,911.172,6.81583,0.0469483,0.0492359
155,RL,2,Balanced,0.405465,High,2,Medium,1,14.9347,3415.99,8.13651,0.110679,0.049231
156,RL,1,BSDF Heavy,-0.405465,Medium,1,High,2,8.66909,1982.49,7.59261,0.0941995,0.0492261
157,RL,2,Light Heavy,1,High,2,Low,0,14.8395,3396.67,8.13084,0.109554,0.0492211
158,RL,0,BSDF Heavy,-1,Low,0,High,2,3.95776,914.88,6.81989,0.0468692,0.0492162
159,RL,2,BSDF Heavy,0,High,2,High,2,14.9241,3418.97,8.13739,0.109832,0.0492113
160,RL,2,BSDF Heavy,0,High,2,High,2,14.9047,3414.35,8.13604,0.109672,0.0492064
161,RL,2,BSDF Heavy,0,High,2,High,2,14.8214,3395.91,8.13062,0.109226,0.0492014
162,RL,2,BSDF Heavy,0,High,2,High,2,14.8289,3397.61,8.13112,0.109612,0.0491965
163,RL,2,BSDF Heavy,0,High,2,High,2,14.9651,3426.57,8.13961,0.110492,0.0491916
164,RL,2,BSDF Heavy,0,High,2,High,2,14.8936,3408.05,8.13419,0.109919,0.0491867
165,RL,2,BSDF Heavy,0,High,2,High,2,14.8415,3400.59,8.132,0.109597,0.0491818
166,RL,2,BSDF Heavy,0,High,2,High,2,14.8448,3399.21,8.13159,0.109284,0.0491769
167,RL,2,BSDF Heavy,0,High,2,High,2,14.9503,3421.65,8.13817,0.110326,0.0491719
168,RL,2,BSDF Heavy,0,High,2,High,2,14.8493,3400.83,8.13207,0.10979,0.049167
169,RL,2,BSDF Heavy,0,High,2,High,2,14.8522,3399.86,8.13179,0.109784,0.0491621
170,RL,2,BSDF Heavy,0,High,2,High,2,14.8751,3405.01,8.1333,0.109859,0.0491572
171,RL,2,BSDF Heavy,0,High,2,High,2,14.9055,3413.55,8.1358,0.109782,0.0491523
172,RL,2,BSDF Heavy,0,High,2,High,2,14.9152,3413.27,8.13572,0.110453,0.0491474
173,RL,2,BSDF Heavy,0,High,2,High,2,14.8085,3391.25,8.12925,0.109352,0.0491424
174,RL,2,BSDF Heavy,0,High,2,High,2,14.8966,3407.58,8.13405,0.110282,0.0491375
175,RL,2,BSDF Heavy,0,High,2,High,2,14.7746,3381.13,8.12626,0.109408,0.0491326
176,RL,2,Balanced,0.405465,High,2,Medium,1,14.7944,3383.91,8.12708,0.109759,0.0491277
177,RL,1,BSDF Heavy,-0.405465,Medium,1,High,2,8.62216,1971.9,7.58726,0.0937693,0.0491228
178,RL,2,Light Heavy,1,High,2,Low,0,14.8844,3410.36,8.13487,0.109794,0.0491179
179,RL,0,BSDF Heavy,-1,Low,0,High,2,3.92492,905.098,6.80915,0.0474556,0.049113
180,RL,2,Light Heavy,1,High,2,Low,0,14.9436,3419.66,8.13759,0.110858,0.0491081
181,RL,0,BSDF Heavy,-1,Low,0,High,2,3.97712,918.202,6.82351,0.0472087,0.0491031
182,RL,2,Light Heavy,1,High,2,Low,0,14.8133,3390.2,8.12894,0.110066,0.0490982
183,RL,0,BSDF Heavy,-1,Low,0,High,2,3.99884,924.397,6.83022,0.0477083,0.0490933
184,RL,2,Balanced,0.405465,High,2,Medium,1,14.8247,3394.22,8.13012,0.110191,0.0490884
185,RL,1,BSDF Heavy,-0.405465,Medium,1,High,2,8.69385,1989.14,7.59596,0.0943229,0.0490835
186,RL,2,Light Heavy,1,High,2,Low,0,14.7995,3388.06,8.12831,0.109504,0.0490786
187,RL,0,BSDF Heavy,-1,Low,0,High,2,3.89995,901.446,6.80511,0.0466898,0.0490737
188,RL,2,BSDF Heavy,0,High,2,High,2,14.7729,3383.52,8.12697,0.109309,0.0490688
189,RL,2,BSDF Heavy,0,High,2,High,2,14.92,3414.07,8.13595,0.110324,0.0490639
190,RL,2,BSDF Heavy,0,High,2,High,2,14.924,3418.11,8.13713,0.110023,0.049059
191,RL,2,BSDF Heavy,0,High,2,High,2,14.9743,3426.37,8.13955,0.110556,0.0490541
192,RL,2,BSDF Heavy,0,High,2,High,2,14.9084,3411.36,8.13516,0.110201,0.0490492
193,RL,2,BSDF Heavy,0,High,2,High,2,14.9252,3416.7,8.13672,0.110496,0.0490443
194,RL,2,BSDF Heavy,0,High,2,High,2,14.9219,3419.11,8.13743,0.110071,0.0490393
195,RL,2,BSDF Heavy,0,High,2,High,2,14.8731,3403.52,8.13286,0.110185,0.0490344
196,RL,2,BSDF Heavy,0,High,2,High,2,14.7826,3383.94,8.12709,0.109799,0.0490295
197,RL,2,BSDF Heavy,0,High,2,High,2,14.9768,3429.06,8.14033,0.110106,0.0490246
198,RL,2,BSDF Heavy,0,High,2,High,2,14.8744,3405.8,8.13353,0.109973,0.0490197
199,RL,2,BSDF Heavy,0,High,2,High,2,14.8635,3400.35,8.13193,0.109913,0.0490148
200,RL,2,BSDF Heavy,0,High,2,High,2,14.8238,3397.38,8.13105,0.109441,0.0490099
201,RL,2,BSDF Heavy,0,High,2,High,2,14.7972,3391.8,8.12941,0.109115,0.049005
202,RL,2,BSDF Heavy,0,High,2,High,2,14.9391,3418.74,8.13732,0.110644,0.0490001
203,RL,2,BSDF Heavy,0,High,2,High,2,14.7494,3376.85,8.125,0.109481,0.0489952
204,RL,2,BSDF Heavy,0,High,2,High,2,14.96,3423.35,8.13867,0.11032,0.0489903
205,RL,2,BSDF Heavy,0,High,2,High,2,14.747,3377.47,8.12518,0.109107,0.0489854
206,RL,2,BSDF Heavy,0,High,2,High,2,14.8695,3402.31,8.1325,0.110424,0.0489805
207,RL,2,BSDF Heavy,0,High,2,High,2,14.9471,3423.81,8.1388,0.110108,0.0489756
208,RL,2,BSDF Heavy,0,High,2,High,2,14.8653,3404.32,8.13309,0.109659,0.0489707
209,RL,2,BSDF Heavy,0,High,2,High,2,14.875,3406.13,8.13362,0.10999,0.0489658
210,RL,2,BSDF Heavy,0,High,2,High,2,14.9919,3429.4,8.14043,0.110639,0.048961
211,RL,2,BSDF Heavy,0,High,2,High,2,14.8702,3406.88,8.13384,0.109851,0.0489561
212,RL,2,BSDF Heavy,0,High,2,High,2,15.0117,3434.83,8.14201,0.110592,0.0489512
213,RL,2,Balanced,0.405465,High,2,Medium,1,14.9852,3429.58,8.14048,0.11034,0.0489463
214,RL,1,BSDF Heavy,-0.405465,Medium,1,High,2,8.62277,1971.21,7.58691,0.0940336,0.0489414
215,RL,2,Light Heavy,1,High,2,Low,0,14.9238,3416.58,8.13669,0.10978,0.0489365
216,RL,0,BSDF Heavy,-1,Low,0,High,2,3.91922,904.062,6.808,0.047365,0.0489316
217,RL,2,Balanced,0.405465,High,2,Medium,1,14.8293,3396.78,8.13088,0.10963,0.0489267
218,RL,1,BSDF Heavy,-0.405465,Medium,1,High,2,8.68161,1986.4,7.59458,0.0941184,0.0489218
219,RL,2,Light Heavy,1,High,2,Low,0,14.8882,3406.3,8.13368,0.110432,0.0489169
220,RL,0,BSDF Heavy,-1,Low,0,High,2,3.90967,901.6,6.80528,0.0471026,0.048912
221,RL,2,BSDF Heavy,0,High,2,High,2,14.8455,3401.51,8.13227,0.109479,0.0489071
222,RL,2,BSDF Heavy,0,High,2,High,2,14.876,3405.93,8.13357,0.110023,0.0489022
223,RL,2,BSDF Heavy,0,High,2,High,2,14.7959,3387.32,8.12809,0.109807,0.0488973
224,RL,2,BSDF Heavy,0,High,2,High,2,14.7749,3383.73,8.12703,0.109122,0.0488924
225,RL,2,BSDF Heavy,0,High,2,High,2,14.8802,3408.71,8.13438,0.109905,0.0488876
226,RL,2,BSDF Heavy,0,High,2,High,2,14.852,3401.67,8.13232,0.109747,0.0488827
227,RL,2,BSDF Heavy,0,High,2,High,2,14.9067,3410.03,8.13477,0.110532,0.0488778
228,RL,2,BSDF Heavy,0,High,2,High,2,14.8922,3410.28,8.13484,0.109801,0.0488729
229,RL,2,BSDF Heavy,0,High,2,High,2,14.9129,3415.06,8.13624,0.11001,0.048868
230,RL,2,BSDF Heavy,0,High,2,High,2,14.8842,3407.9,8.13414,0.10973,0.0488631
231,RL,2,BSDF Heavy,0,High,2,High,2,15.0264,3439.64,8.14341,0.110367,0.0488582
232,RL,2,BSDF Heavy,0,High,2,High,2,14.8016,3390.17,8.12893,0.110008,0.0488534
233,RL,2,BSDF Heavy,0,High,2,High,2,14.8819,3407.85,8.13413,0.110187,0.0488485
234,RL,2,BSDF Heavy,0,High,2,High,2,14.8363,3396.74,8.13087,0.109813,0.0488436
235,RL,2,BSDF Heavy,0,High,2,High,2,14.9361,3420.65,8.13788,0.10956,0.0488387
236,RL,2,BSDF Heavy,0,High,2,High,2,14.8208,3394.01,8.13006,0.109599,0.0488338
237,RL,2,BSDF Heavy,0,High,2,High,2,14.8903,3407.66,8.13408,0.11006,0.0488289
238,RL,2,BSDF Heavy,0,High,2,High,2,14.9734,3426.03,8.13945,0.110204,0.048824
239,RL,2,BSDF Heavy,0,High,2,High,2,14.9582,3426.32,8.13953,0.109873,0.0488192
240,RL,2,BSDF Heavy,0,High,2,High,2,14.7695,3379.68,8.12583,0.10963,0.0488143
241,RL,2,BSDF Heavy,0,High,2,High,2,14.8179,3393.53,8.12992,0.109859,0.0488094
242,RL,2,BSDF Heavy,0,High,2,High,2,14.972,3428.21,8.14009,0.110494,0.0488045
243,RL,2,BSDF Heavy,0,High,2,High,2,14.9208,3415.09,8.13625,0.110095,0.0487996
244,RL,2,BSDF Heavy,0,High,2,High,2,14.8342,3395.89,8.13062,0.10983,0.0487948
245,RL,2,BSDF Heavy,0,High,2,High,2,14.8412,3400.75,8.13204,0.109192,0.0487899
246,RL,2,BSDF Heavy,0,High,2,High,2,14.8529,3404.43,8.13313,0.109774,0.048785
247,RL,2,BSDF Heavy,0,High,2,High,2,14.9298,3418.25,8.13718,0.110309,0.0487801
248,RL,2,BSDF Heavy,0,High,2,High,2,14.8774,3407.8,8.13412,0.10985,0.0487753
249,RL,2,BSDF Heavy,0,High,2,High,2,14.7988,3389.12,8.12862,0.109875,0.0487704
250,RL,2,BSDF Heavy,0,High,2,High,2,14.7919,3388.86,8.12854,0.109738,0.0487655
251,RL,2,BSDF Heavy,0,High,2,High,2,14.8098,3390.35,8.12898,0.109479,0.0487606
252,RL,2,BSDF Heavy,0,High,2,High,2,14.8855,3407.96,8.13416,0.110332,0.0487557
253,RL,2,BSDF Heavy,0,High,2,High,2,14.9037,3410.35,8.13486,0.110177,0.0487509
254,RL,2,Light Heavy,1,High,2,Low,0,14.7797,3383.83,8.12706,0.109394,0.048746
255,RL,0,BSDF Heavy,-1,Low,0,High,2,3.98003,918.81,6.82417,0.0474151,0.0487411
256,RL,2,Light Heavy,1,High,2,Low,0,14.866,3404.29,8.13308,0.109936,0.0487362
257,RL,0,BSDF Heavy,-1,Low,0,High,2,3.9367,909.57,6.81407,0.0468962,0.0487314
258,RL,2,Balanced,0.405465,High,2,Medium,1,14.8573,3400.06,8.13184,0.109938,0.0487265
259,RL,1,BSDF Heavy,-0.405465,Medium,1,High,2,8.67267,1983.55,7.59315,0.0941358,0.0487216
260,RL,2,Light Heavy,1,High,2,Low,0,14.965,3424.97,8.13914,0.110345,0.0487168
261,RL,0,BSDF Heavy,-1,Low,0,High,2,3.91989,904.543,6.80854,0.0470197,0.0487119
262,RL,2,BSDF Heavy,0,High,2,High,2,14.7588,3379.45,8.12576,0.10951,0.048707
263,RL,2,BSDF Heavy,0,High,2,High,2,14.8783,3405.84,8.13354,0.110374,0.0487021
264,RL,2,BSDF Heavy,0,High,2,High,2,14.9367,3415.48,8.13637,0.110596,0.0486973
265,RL,2,BSDF Heavy,0,High,2,High,2,14.8678,3403.08,8.13273,0.110305,0.0486924
266,RL,2,BSDF Heavy,0,High,2,High,2,14.8931,3409.2,8.13453,0.109896,0.0486875
267,RL,2,BSDF Heavy,0,High,2,High,2,14.9172,3411.71,8.13526,0.110349,0.0486827
268,RL,2,BSDF Heavy,0,High,2,High,2,14.8742,3404.3,8.13309,0.109948,0.0486778
269,RL,2,BSDF Heavy,0,High,2,High,2,14.9207,3416.33,8.13661,0.110382,0.0486729
270,RL,2,BSDF Heavy,0,High,2,High,2,14.8049,3391.91,8.12944,0.109342,0.0486681
271,RL,2,BSDF Heavy,0,High,2,High,2,14.8018,3389.47,8.12872,0.109566,0.0486632
272,RL,2,BSDF Heavy,0,High,2,High,2,14.8185,3394.18,8.13011,0.109533,0.0486583
273,RL,2,BSDF Heavy,0,High,2,High,2,14.9299,3416.18,8.13657,0.110318,0.0486535
274,RL,2,BSDF Heavy,0,High,2,High,2,14.8655,3403.7,8.13291,0.110179,0.0486486
275,RL,2,BSDF Heavy,0,High,2,High,2,14.8967,3408.09,8.1342,0.110332,0.0486437
276,RL,2,BSDF Heavy,0,High,2,High,2,14.9073,3410.65,8.13495,0.11001,0.0486389
277,RL,2,BSDF Heavy,0,High,2,High,2,14.7902,3389.04,8.1286,0.109637,0.048634
278,RL,2,BSDF Heavy,0,High,2,High,2,14.954,3420.22,8.13775,0.110503,0.0486291
279,RL,2,BSDF Heavy,0,High,2,High,2,14.9908,3433.37,8.14159,0.110237,0.0486243
280,RL,2,BSDF Heavy,0,High,2,High,2,14.898,3410.08,8.13478,0.109967,0.0486194
281,RL,2,BSDF Heavy,0,High,2,High,2,14.808,3392.03,8.12948,0.109842,0.0486146
282,RL,2,BSDF Heavy,0,High,2,High,2,14.9567,3425.35,8.13925,0.110031,0.0486097
283,RL,2,BSDF Heavy,0,High,2,High,2,14.8581,3402.56,8.13258,0.109759,0.0486048
284,RL,2,BSDF Heavy,0,High,2,High,2,14.7269,3372.81,8.1238,0.109138,0.0486
285,RL,2,BSDF Heavy,0,High,2,High,2,14.8024,3387.9,8.12826,0.110179,0.0485951
286,RL,2,BSDF Heavy,0,High,2,High,2,15.0265,3441.06,8.14383,0.110297,0.0485903
287,RL,2,BSDF Heavy,0,High,2,High,2,14.9284,3416.17,8.13657,0.11012,0.0485854
288,RL,2,BSDF Heavy,0,High,2,High,2,14.948,3423.02,8.13857,0.109877,0.0485805
289,RL,2,BSDF Heavy,0,High,2,High,2,14.9608,3426.8,8.13967,0.110552,0.0485757
290,RL,2,BSDF Heavy,0,High,2,High,2,14.8483,3399.75,8.13175,0.109508,0.0485708
291,RL,2,BSDF Heavy,0,High,2,High,2,14.9195,3415.91,8.13649,0.109799,0.048566
292,RL,2,BSDF Heavy,0,High,2,High,2,14.9231,3419.85,8.13764,0.109909,0.0485611
293,RL,2,BSDF Heavy,0,High,2,High,2,14.9003,3409.53,8.13462,0.109705,0.0485563
294,RL,2,BSDF Heavy,0,High,2,High,2,14.8548,3402.6,8.13259,0.109664,0.0485514
295,RL,2,BSDF Heavy,0,High,2,High,2,14.8781,3406.89,8.13385,0.110199,0.0485465
296,RL,2,BSDF Heavy,0,High,2,High,2,14.8158,3392.42,8.12959,0.109865,0.0485417
297,RL,2,BSDF Heavy,0,High,2,High,2,15.0106,3435.95,8.14234,0.110367,0.0485368
298,RL,2,BSDF Heavy,0,High,2,High,2,14.914,3410.22,8.13483,0.110311,0.048532
299,RL,2,BSDF Heavy,0,High,2,High,2,14.9689,3427.38,8.13984,0.110804,0.0485271
300,RL,2,BSDF Heavy,0,High,2,High,2,14.9008,3409.63,8.13465,0.110083,0.0485223
301,RL,2,BSDF Heavy,0,High,2,High,2,14.9591,3424.39,8.13897,0.110509,0.0485174
302,RL,2,BSDF Heavy,0,High,2,High,2,14.909,3413.59,8.13581,0.110345,0.0485126
303,RL,2,BSDF Heavy,0,High,2,High,2,14.9339,3417.99,8.1371,0.110253,0.0485077
304,RL,2,BSDF Heavy,0,High,2,High,2,14.8214,3395.3,8.13044,0.109657,0.0485029
305,RL,2,BSDF Heavy,0,High,2,High,2,14.8733,3403.81,8.13294,0.10967,0.048498
306,RL,2,BSDF Heavy,0,High,2,High,2,14.8616,3406.78,8.13382,0.109419,0.0484932
307,RL,2,BSDF Heavy,0,High,2,High,2,14.9112,3411.72,8.13527,0.109674,0.0484883
308,RL,2,BSDF Heavy,0,High,2,High,2,14.9122,3414.32,8.13603,0.110091,0.0484835
309,RL,2,BSDF Heavy,0,High,2,High,2,14.8029,3388.89,8.12855,0.11001,0.0484786
310,RL,2,BSDF Heavy,0,High,2,High,2,14.941,3423.7,8.13877,0.109938,0.0484738
311,RL,2,BSDF Heavy,0,High,2,High,2,14.7702,3381.43,8.12635,0.10928,0.0484689
312,RL,2,BSDF Heavy,0,High,2,High,2,14.892,3408.88,8.13443,0.110033,0.0484641
313,RL,2,BSDF Heavy,0,High,2,High,2,14.8156,3391.49,8.12932,0.109757,0.0484592
314,RL,2,Light Heavy,1,High,2,Low,0,14.9737,3425.74,8.13937,0.110945,0.0484544
315,RL,0,BSDF Heavy,-1,Low,0,High,2,3.93586,908.649,6.81306,0.0472627,0.0484495
316,RL,2,Light Heavy,1,High,2,Low,0,14.8734,3404.38,8.13311,0.109759,0.0484447
317,RL,0,BSDF Heavy,-1,Low,0,High,2,3.9483,910.916,6.81555,0.0473573,0.0484399
318,RL,2,Balanced,0.405465,High,2,Medium,1,14.8576,3400.03,8.13183,0.110276,0.048435
319,RL,1,BSDF Heavy,-0.405465,Medium,1,High,2,8.66174,1979.85,7.59128,0.0949865,0.0484302
320,RL,2,Light Heavy,1,High,2,Low,0,14.9005,3408.53,8.13433,0.109796,0.0484253
321,RL,0,BSDF Heavy,-1,Low,0,High,2,3.89434,898.692,6.80205,0.0468654,0.0484205
322,RL,2,BSDF Heavy,0,High,2,High,2,14.8959,3408.93,8.13445,0.110297,0.0484156
323,RL,2,BSDF Heavy,0,High,2,High,2,14.824,3394.78,8.13029,0.109823,0.0484108
324,RL,2,BSDF Heavy,0,High,2,High,2,14.8828,3407.09,8.13391,0.110019,0.048406
325,RL,2,BSDF Heavy,0,High,2,High,2,14.9572,3423.2,8.13862,0.110295,0.0484011
326,RL,2,BSDF Heavy,0,High,2,High,2,14.9467,3420.59,8.13786,0.109894,0.0483963
327,RL,2,BSDF Heavy,0,High,2,High,2,14.8612,3402.27,8.13249,0.109722,0.0483914
328,RL,2,BSDF Heavy,0,High,2,High,2,14.8727,3403.11,8.13274,0.109674,0.0483866
329,RL,2,BSDF Heavy,0,High,2,High,2,14.848,3402.81,8.13265,0.109832,0.0483818
330,RL,2,BSDF Heavy,0,High,2,High,2,14.8765,3404.82,8.13324,0.110081,0.0483769
331,RL,2,BSDF Heavy,0,High,2,High,2,14.92,3414.52,8.13609,0.110723,0.0483721
332,RL,2,BSDF Heavy,0,High,2,High,2,14.9441,3422.14,8.13832,0.109713,0.0483673
333,RL,2,Light Heavy,1,High,2,Low,0,14.7453,3374.59,8.12433,0.109589,0.0483624
334,RL,0,BSDF Heavy,-1,Low,0,High,2,3.93354,908.76,6.81318,0.0469116,0.0483576
335,RL,2,Balanced,0.405465,High,2,Medium,1,14.8514,3400.36,8.13193,0.110058,0.0483527
336,RL,1,BSDF Heavy,-0.405465,Medium,1,High,2,8.74699,1999.94,7.60137,0.0947338,0.0483479
337,RL,2,Light Heavy,1,High,2,Low,0,14.9793,3431.12,8.14093,0.109936,0.0483431
338,RL,0,BSDF Heavy,-1,Low,0,High,2,3.97578,917.301,6.82253,0.0476061,0.0483382
339,RL,2,Light Heavy,1,High,2,Low,0,14.9184,3414.97,8.13622,0.11044,0.0483334
340,RL,0,BSDF Heavy,-1,Low,0,High,2,3.95008,912.736,6.81754,0.0470621,0.0483286
341,RL,2,BSDF Heavy,0,High,2,High,2,14.9138,3414.52,8.13609,0.110226,0.0483237
342,RL,2,Balanced,0.405465,High,2,Medium,1,14.8059,3389.43,8.12871,0.109742,0.0483189
343,RL,1,BSDF Heavy,-0.405465,Medium,1,High,2,8.73627,1998.92,7.60086,0.0944039,0.0483141
344,RL,2,Light Heavy,1,High,2,Low,0,14.9255,3415.15,8.13627,0.110019,0.0483092
345,RL,0,BSDF Heavy,-1,Low,0,High,2,3.97121,916.636,6.8218,0.0476524,0.0483044
346,RL,2,Light Heavy,1,High,2,Low,0,14.8666,3402.42,8.13254,0.110077,0.0482996
347,RL,0,BSDF Heavy,-1,Low,0,High,2,4.00492,925.778,6.83171,0.0472029,0.0482948
348,RL,2,Balanced,0.405465,High,2,Medium,1,14.9019,3411.59,8.13523,0.110166,0.0482899
349,RL,1,BSDF Heavy,-0.405465,Medium,1,High,2,8.65524,1977.69,7.59019,0.0944811,0.0482851
350,RL,2,Light Heavy,1,High,2,Low,0,14.9334,3418.9,8.13737,0.110042,0.0482803
351,RL,0,BSDF Heavy,-1,Low,0,High,2,3.90524,900.317,6.80386,0.0468133,0.0482754
352,RL,2,BSDF Heavy,0,High,2,High,2,14.9269,3418.54,8.13726,0.110415,0.0482706
353,RL,2,BSDF Heavy,0,High,2,High,2,14.7377,3375.91,8.12472,0.109232,0.0482658
354,RL,2,BSDF Heavy,0,High,2,High,2,14.812,3392.82,8.12971,0.109689,0.048261
355,RL,2,BSDF Heavy,0,High,2,High,2,14.9804,3428.43,8.14015,0.110291,0.0482561
356,RL,2,BSDF Heavy,0,High,2,High,2,14.812,3390.62,8.12906,0.109477,0.0482513
357,RL,2,BSDF Heavy,0,High,2,High,2,14.9046,3414.22,8.136,0.109608,0.0482465
358,RL,2,BSDF Heavy,0,High,2,High,2,14.9812,3429.99,8.1406,0.110096,0.0482417
359,RL,2,BSDF Heavy,0,High,2,High,2,14.944,3420.9,8.13795,0.109878,0.0482368
360,RL,2,BSDF Heavy,0,High,2,High,2,14.812,3389.85,8.12883,0.110058,0.048232
361,RL,2,BSDF Heavy,0,High,2,High,2,14.8378,3398.84,8.13148,0.109446,0.0482272
362,RL,2,BSDF Heavy,0,High,2,High,2,14.8182,3395.37,8.13046,0.109203,0.0482224
363,RL,2,BSDF Heavy,0,High,2,High,2,14.8287,3395.34,8.13045,0.109782,0.0482175
364,RL,2,BSDF Heavy,0,High,2,High,2,14.9078,3411.74,8.13527,0.110106,0.0482127
365,RL,2,BSDF Heavy,0,High,2,High,2,14.8352,3394.53,8.13021,0.109915,0.0482079
366,RL,2,BSDF Heavy,0,High,2,High,2,14.8926,3409.47,8.13461,0.110091,0.0482031
367,RL,2,BSDF Heavy,0,High,2,High,2,14.7962,3387.8,8.12823,0.109601,0.0481983
368,RL,2,BSDF Heavy,0,High,2,High,2,14.9992,3434.11,8.1418,0.110341,0.0481934
369,RL,2,BSDF Heavy,0,High,2,High,2,14.8542,3402.2,8.13247,0.109236,0.0481886
370,RL,2,BSDF Heavy,0,High,2,High,2,14.9862,3432.06,8.14121,0.110187,0.0481838
371,RL,2,BSDF Heavy,0,High,2,High,2,14.8243,3393.31,8.12986,0.109898,0.048179
372,RL,2,BSDF Heavy,0,High,2,High,2,14.8568,3403.52,8.13286,0.109587,0.0481742
373,RL,2,BSDF Heavy,0,High,2,High,2,14.894,3407.94,8.13416,0.110102,0.0481694
374,RL,2,BSDF Heavy,0,High,2,High,2,14.9731,3426.6,8.13962,0.110222,0.0481645
375,RL,2,BSDF Heavy,0,High,2,High,2,14.8567,3400.35,8.13193,0.110025,0.0481597
376,RL,2,BSDF Heavy,0,High,2,High,2,14.7685,3379.32,8.12573,0.10974,0.0481549
377,RL,2,BSDF Heavy,0,High,2,High,2,14.8382,3397.12,8.13098,0.109894,0.0481501
378,RL,2,BSDF Heavy,0,High,2,High,2,14.9104,3414.34,8.13603,0.110152,0.0481453
379,RL,2,BSDF Heavy,0,High,2,High,2,14.9522,3421.5,8.13813,0.110164,0.0481405
380,RL,2,BSDF Heavy,0,High,2,High,2,14.7959,3389.71,8.12879,0.109504,0.0481356
381,RL,2,BSDF Heavy,0,High,2,High,2,14.8686,3404.67,8.1332,0.110002,0.0481308
382,RL,2,BSDF Heavy,0,High,2,High,2,14.9451,3422.47,8.13841,0.110249,0.048126
383,RL,2,BSDF Heavy,0,High,2,High,2,14.8513,3399.84,8.13178,0.109986,0.0481212
384,RL,2,BSDF Heavy,0,High,2,High,2,14.74,3376.63,8.12493,0.10875,0.0481164
385,RL,2,BSDF Heavy,0,High,2,High,2,14.8853,3409.69,8.13467,0.109863,0.0481116
386,RL,2,BSDF Heavy,0,High,2,High,2,14.951,3422.6,8.13845,0.110507,0.0481068
387,RL,2,BSDF Heavy,0,High,2,High,2,14.8667,3403.67,8.1329,0.110075,0.048102
388,RL,2,BSDF Heavy,0,High,2,High,2,14.8176,3392.61,8.12965,0.109736,0.0480972
389,RL,2,BSDF Heavy,0,High,2,High,2,14.9407,3418.26,8.13718,0.110143,0.0480923
390,RL,2,BSDF Heavy,0,High,2,High,2,14.8798,3406.62,8.13377,0.110488,0.0480875
391,RL,2,BSDF Heavy,0,High,2,High,2,14.7391,3377.54,8.1252,0.109199,0.0480827
392,RL,2,BSDF Heavy,0,High,2,High,2,14.8902,3408.25,8.13425,0.110274,0.0480779
393,RL,2,BSDF Heavy,0,High,2,High,2,14.7848,3383.63,8.127,0.10962,0.0480731
394,RL,2,BSDF Heavy,0,High,2,High,2,14.823,3391.32,8.12927,0.110023,0.0480683
395,RL,2,BSDF Heavy,0,High,2,High,2,14.9004,3412.14,8.13539,0.110415,0.0480635
396,RL,2,BSDF Heavy,0,High,2,High,2,14.8701,3405.24,8.13336,0.110073,0.0480587
397,RL,2,BSDF Heavy,0,High,2,High,2,14.9281,3417.31,8.1369,0.110731,0.0480539
398,RL,2,BSDF Heavy,0,High,2,High,2,14.7873,3388.25,8.12837,0.109396,0.0480491
399,RL,2,BSDF Heavy,0,High,2,High,2,14.9425,3419.69,8.1376,0.110089,0.0480443
400,RL,2,BSDF Heavy,0,High,2,High,2,14.9407,3421.92,8.13825,0.110332,0.0480395
401,RL,2,Balanced,0.405465,High,2,Medium,1,14.8885,3407.86,8.13413,0.110187,0.0480347
402,RL,1,BSDF Heavy,-0.405465,Medium,1,High,2,8.71243,1994.4,7.5986,0.0944309,0.0480299
403,RL,2,Light Heavy,1,High,2,Low,0,14.8119,3390.95,8.12916,0.110066,0.0480251
404,RL,0,BSDF Heavy,-1,Low,0,High,2,3.93086,908.18,6.81254,0.0467149,0.0480203
405,RL,2,Balanced,0.405465,High,2,Medium,1,14.8611,3402.43,8.13254,0.110106,0.0480155
406,RL,1,BSDF Heavy,-0.405465,Medium,1,High,2,8.74479,1999.56,7.60118,0.0945891,0.0480107
407,RL,2,Light Heavy,1,High,2,Low,0,14.9742,3428.12,8.14006,0.110058,0.0480059
408,RL,0,BSDF Heavy,-1,Low,0,High,2,3.94852,911.678,6.81638,0.047311,0.0480011
409,RL,2,Light Heavy,1,High,2,Low,0,14.8724,3405.82,8.13354,0.110328,0.0479963
410,RL,0,BSDF Heavy,-1,Low,0,High,2,3.90943,901.748,6.80544,0.047473,0.0479915
411,RL,2,BSDF Heavy,0,High,2,High,2,14.9083,3410.68,8.13496,0.110069,0.0479867
412,RL,2,BSDF Heavy,0,High,2,High,2,14.903,3412.46,8.13548,0.110235,0.0479819
413,RL,2,Light Heavy,1,High,2,Low,0,14.8468,3399.23,8.1316,0.109747,0.0479771
414,RL,0,BSDF Heavy,-1,Low,0,High,2,3.91295,902.957,6.80678,0.046985,0.0479723
415,RL,2,BSDF Heavy,0,High,2,High,2,14.7934,3387.76,8.12822,0.109423,0.0479675
416,RL,2,BSDF Heavy,0,High,2,High,2,14.8379,3397.09,8.13097,0.109477,0.0479627
417,RL,2,BSDF Heavy,0,High,2,High,2,14.8793,3408.61,8.13435,0.109356,0.0479579
418,RL,2,BSDF Heavy,0,High,2,High,2,14.8628,3402.94,8.13269,0.109863,0.0479531
419,RL,2,BSDF Heavy,0,High,2,High,2,14.9386,3416.15,8.13656,0.110833,0.0479483
420,RL,2,BSDF Heavy,0,High,2,High,2,14.8655,3403.22,8.13277,0.110255,0.0479435
421,RL,2,BSDF Heavy,0,High,2,High,2,14.8953,3407.29,8.13397,0.110044,0.0479387
422,RL,2,BSDF Heavy,0,High,2,High,2,14.8465,3400.09,8.13185,0.109703,0.0479339
423,RL,2,Light Heavy,1,High,2,Low,0,14.9171,3414.59,8.13611,0.110156,0.0479291
424,RL,0,BSDF Heavy,-1,Low,0,High,2,3.9404,910.108,6.81466,0.0468846,0.0479243
425,RL,2,Light Heavy,1,High,2,Low,0,14.7846,3386.53,8.12786,0.109319,0.0479195
426,RL,0,BSDF Heavy,-1,Low,0,High,2,3.97129,917.399,6.82263,0.0468326,0.0479147
427,RL,2,Balanced,0.405465,High,2,Medium,1,14.8759,3405.4,8.13341,0.109882,0.0479099
428,RL,1,BSDF Heavy,-0.405465,Medium,1,High,2,8.79372,2013.1,7.60793,0.0944772,0.0479052
429,RL,2,Light Heavy,1,High,2,Low,0,14.9307,3417.99,8.1371,0.110422,0.0479004
430,RL,0,Light Heavy,0,Low,0,Low,0,4.00675,926.648,6.83265,0.0472184,0.0478956
431,RL,0,BSDF Heavy,-1,Low,0,High,2,3.97906,919.634,6.82506,0.0472897,0.0478908
432,RL,2,BSDF Heavy,0,High,2,High,2,14.9471,3423.59,8.13874,0.109782,0.047886
433,RL,2,BSDF Heavy,0,High,2,High,2,14.9444,3420.73,8.1379,0.110368,0.0478812
434,RL,2,BSDF Heavy,0,High,2,High,2,14.894,3412.16,8.13539,0.109892,0.0478764
435,RL,2,BSDF Heavy,0,High,2,High,2,14.8625,3403.82,8.13295,0.109541,0.0478716
436,RL,2,BSDF Heavy,0,High,2,High,2,14.8796,3407.61,8.13406,0.110152,0.0478668
437,RL,2,BSDF Heavy,0,High,2,High,2,14.8807,3409.62,8.13465,0.109348,0.0478621
438,RL,2,BSDF Heavy,0,High,2,High,2,14.8807,3405.83,8.13354,0.110081,0.0478573
439,RL,2,BSDF Heavy,0,High,2,High,2,14.8457,3399.37,8.13164,0.10946,0.0478525
440,RL,2,BSDF Heavy,0,High,2,High,2,14.8005,3388.44,8.12842,0.109971,0.0478477
441,RL,2,BSDF Heavy,0,High,2,High,2,14.7563,3379.61,8.12581,0.109321,0.0478429
442,RL,2,BSDF Heavy,0,High,2,High,2,14.8132,3394.07,8.13008,0.109217,0.0478381
443,RL,2,BSDF Heavy,0,High,2,High,2,14.8847,3407.58,8.13405,0.110287,0.0478333
444,RL,2,BSDF Heavy,0,High,2,High,2,14.8426,3396.71,8.13086,0.110139,0.0478286
445,RL,2,BSDF Heavy,0,High,2,High,2,14.8886,3408.96,8.13445,0.109942,0.0478238
446,RL,2,BSDF Heavy,0,High,2,High,2,14.8092,3388.58,8.12846,0.11006,0.047819
447,RL,2,BSDF Heavy,0,High,2,High,2,14.8983,3412.06,8.13537,0.109747,0.0478142
448,RL,2,BSDF Heavy,0,High,2,High,2,14.7797,3382.09,8.12654,0.109448,0.0478094
449,RL,2,BSDF Heavy,0,High,2,High,2,14.8623,3401.66,8.13231,0.109907,0.0478047
450,RL,2,BSDF Heavy,0,High,2,High,2,14.8458,3400.16,8.13187,0.109514,0.0477999
451,RL,2,BSDF Heavy,0,High,2,High,2,14.9215,3415.89,8.13649,0.10979,0.0477951
452,RL,2,BSDF Heavy,0,High,2,High,2,14.9307,3414.97,8.13622,0.110961,0.0477903
453,RL,2,BSDF Heavy,0,High,2,High,2,15.03,3439.6,8.1434,0.110669,0.0477855
454,RL,2,BSDF Heavy,0,High,2,High,2,14.7495,3374.32,8.12424,0.109873,0.0477808
455,RL,2,BSDF Heavy,0,High,2,High,2,14.8555,3401.26,8.1322,0.110442,0.047776
456,RL,2,BSDF Heavy,0,High,2,High,2,14.7744,3384.86,8.12736,0.109684,0.0477712
457,RL,2,BSDF Heavy,0,High,2,High,2,14.8715,3406.92,8.13386,0.110069,0.0477664
458,RL,2,BSDF Heavy,0,High,2,High,2,14.867,3403.86,8.13296,0.110397,0.0477616
459,RL,2,BSDF Heavy,0,High,2,High,2,14.9223,3418.09,8.13713,0.109821,0.0477569
460,RL,2,BSDF Heavy,0,High,2,High,2,14.829,3395.99,8.13065,0.109742,0.0477521
461,RL,2,BSDF Heavy,0,High,2,High,2,15.0073,3435.02,8.14207,0.110087,0.0477473
462,RL,2,BSDF Heavy,0,High,2,High,2,15.0256,3438.64,8.14312,0.110656,0.0477425
463,RL,2,BSDF Heavy,0,High,2,High,2,14.954,3422.29,8.13836,0.110679,0.0477378
464,RL,2,BSDF Heavy,0,High,2,High,2,14.817,3393.38,8.12988,0.109711,0.047733
465,RL,2,BSDF Heavy,0,High,2,High,2,14.8294,3395.14,8.13039,0.109871,0.0477282
466,RL,2,BSDF Heavy,0,High,2,High,2,14.8915,3407.86,8.13413,0.109983,0.0477235
467,RL,2,BSDF Heavy,0,High,2,High,2,14.9315,3415.97,8.13651,0.111063,0.0477187
468,RL,2,BSDF Heavy,0,High,2,High,2,14.8744,3406.21,8.13365,0.10995,0.0477139
469,RL,2,BSDF Heavy,0,High,2,High,2,14.9237,3413.33,8.13574,0.110448,0.0477091
470,RL,2,BSDF Heavy,0,High,2,High,2,14.9961,3434.27,8.14185,0.110212,0.0477044
471,RL,2,BSDF Heavy,0,High,2,High,2,14.8947,3410.52,8.13491,0.109985,0.0476996
472,RL,2,BSDF Heavy,0,High,2,High,2,14.9305,3419.4,8.13751,0.110002,0.0476948
473,RL,2,BSDF Heavy,0,High,2,High,2,14.7759,3383.57,8.12698,0.10907,0.0476901
474,RL,2,BSDF Heavy,0,High,2,High,2,14.8451,3400.98,8.13211,0.109506,0.0476853
475,RL,2,BSDF Heavy,0,High,2,High,2,14.7468,3374.84,8.1244,0.109875,0.0476805
476,RL,2,Light Heavy,1,High,2,Low,0,14.9626,3425.72,8.13936,0.110482,0.0476758
477,RL,0,BSDF Heavy,-1,Low,0,High,2,3.93586,909.505,6.814,0.0468036,0.047671
478,RL,2,Light Heavy,1,High,2,Low,0,14.8646,3404.1,8.13303,0.109884,0.0476662
479,RL,0,BSDF Heavy,-1,Low,0,High,2,3.91095,903.01,6.80684,0.0467515,0.0476615
480,RL,2,Balanced,0.405465,High,2,Medium,1,14.7709,3383.62,8.127,0.109263,0.0476567
481,RL,1,Balanced,0,Medium,1,Medium,1,8.70843,1992.75,7.59777,0.0945042,0.0476519
482,RL,1,Light Heavy,0.693147,Medium,1,Low,0,8.58397,1961.8,7.58213,0.0944136,0.0476472
483,RL,0,Light Heavy,0,Low,0,Low,0,3.95047,911.295,6.81596,0.0475309,0.0476424
484,RL,0,BSDF Heavy,-1,Low,0,High,2,4.0257,928.004,6.83411,0.0481655,0.0476376
485,RL,2,BSDF Heavy,0,High,2,High,2,14.8155,3392.64,8.12966,0.109416,0.0476329
486,RL,2,BSDF Heavy,0,High,2,High,2,14.771,3380.25,8.126,0.10989,0.0476281
487,RL,2,BSDF Heavy,0,High,2,High,2,14.9445,3421.1,8.13801,0.109981,0.0476233
488,RL,2,BSDF Heavy,0,High,2,High,2,14.8404,3398.03,8.13125,0.10947,0.0476186
489,RL,2,BSDF Heavy,0,High,2,High,2,14.9013,3412.31,8.13544,0.110122,0.0476138
490,RL,2,BSDF Heavy,0,High,2,High,2,14.8789,3409.22,8.13453,0.109616,0.0476091
491,RL,2,BSDF Heavy,0,High,2,High,2,14.8143,3394.79,8.13029,0.109593,0.0476043
492,RL,2,BSDF Heavy,0,High,2,High,2,14.824,3394.86,8.13031,0.109493,0.0475995
493,RL,2,BSDF Heavy,0,High,2,High,2,14.8307,3397.62,8.13112,0.109919,0.0475948
494,RL,2,BSDF Heavy,0,High,2,High,2,14.9389,3419.01,8.1374,0.110334,0.04759
495,RL,2,BSDF Heavy,0,High,2,High,2,14.8526,3401.39,8.13223,0.109842,0.0475853
496,RL,2,BSDF Heavy,0,High,2,High,2,14.7636,3380.79,8.12616,0.109487,0.0475805
497,RL,2,BSDF Heavy,0,High,2,High,2,14.8011,3391.58,8.12934,0.109531,0.0475757
498,RL,2,BSDF Heavy,0,High,2,High,2,14.8655,3403.97,8.13299,0.109809,0.047571
499,RL,2,BSDF Heavy,0,High,2,High,2,14.9418,3417.63,8.137,0.109927,0.0475662
500,RL,2,BSDF Heavy,0,High,2,High,2,14.8327,3394.48,8.1302,0.110033,0.0475615
501,RL,2,BSDF Heavy,0,High,2,High,2,14.9097,3412.07,8.13537,0.109869,0.0475567
502,RL,2,BSDF Heavy,0,High,2,High,2,14.8669,3405.42,8.13342,0.109425,0.047552
503,RL,2,BSDF Heavy,0,High,2,High,2,14.8045,3388.57,8.12846,0.109572,0.0475472
504,RL,2,BSDF Heavy,0,High,2,High,2,14.8607,3400.58,8.132,0.110594,0.0475424
505,RL,2,BSDF Heavy,0,High,2,High,2,14.8786,3406.45,8.13372,0.109942,0.0475377
506,RL,2,BSDF Heavy,0,High,2,High,2,14.8043,3391.2,8.12923,0.109562,0.0475329
507,RL,2,BSDF Heavy,0,High,2,High,2,14.9674,3425.4,8.13926,0.110164,0.0475282
508,RL,2,BSDF Heavy,0,High,2,High,2,14.9315,3416.26,8.13659,0.110611,0.0475234
509,RL,2,BSDF Heavy,0,High,2,High,2,14.7932,3387.79,8.12823,0.109693,0.0475187
510,RL,2,BSDF Heavy,0,High,2,High,2,14.8556,3405.01,8.1333,0.109697,0.0475139
511,RL,2,BSDF Heavy,0,High,2,High,2,14.9113,3415.36,8.13633,0.109896,0.0475092
512,RL,2,BSDF Heavy,0,High,2,High,2,14.8565,3400.06,8.13184,0.109936,0.0475044
513,RL,2,BSDF Heavy,0,High,2,High,2,14.8878,3408.12,8.13421,0.11006,0.0474997
514,RL,2,BSDF Heavy,0,High,2,High,2,14.8482,3398.75,8.13146,0.109554,0.0474949
515,RL,2,BSDF Heavy,0,High,2,High,2,14.89,3411.31,8.13514,0.109909,0.0474902
516,RL,2,BSDF Heavy,0,High,2,High,2,14.822,3390.98,8.12917,0.109944,0.0474854
517,RL,2,BSDF Heavy,0,High,2,High,2,14.9388,3417.44,8.13694,0.110671,0.0474807
518,RL,2,BSDF Heavy,0,High,2,High,2,14.9574,3423.23,8.13863,0.110723,0.0474759
519,RL,2,BSDF Heavy,0,High,2,High,2,14.8837,3404.4,8.13312,0.110233,0.0474712
520,RL,2,BSDF Heavy,0,High,2,High,2,14.8449,3397.22,8.13101,0.110058,0.0474664
521,RL,2,BSDF Heavy,0,High,2,High,2,14.9074,3412.12,8.13538,0.110052,0.0474617
522,RL,2,BSDF Heavy,0,High,2,High,2,14.8424,3397.91,8.13121,0.110008,0.0474569
523,RL,2,BSDF Heavy,0,High,2,High,2,14.8799,3402.38,8.13252,0.110031,0.0474522
524,RL,2,BSDF Heavy,0,High,2,High,2,14.8326,3394.74,8.13028,0.109755,0.0474475
525,RL,2,BSDF Heavy,0,High,2,High,2,14.9671,3424.19,8.13891,0.110463,0.0474427
526,RL,2,BSDF Heavy,0,High,2,High,2,14.9131,3412.66,8.13554,0.110316,0.047438
527,RL,2,BSDF Heavy,0,High,2,High,2,14.777,3381.7,8.12643,0.1101,0.0474332
528,RL,2,BSDF Heavy,0,High,2,High,2,14.9169,3414.66,8.13613,0.110461,0.0474285
529,RL,2,BSDF Heavy,0,High,2,High,2,14.8182,3391.95,8.12946,0.109693,0.0474237
530,RL,2,BSDF Heavy,0,High,2,High,2,14.8502,3400.28,8.13191,0.109589,0.047419
531,RL,2,BSDF Heavy,0,High,2,High,2,14.9262,3416.94,8.13679,0.11017,0.0474143
532,RL,2,BSDF Heavy,0,High,2,High,2,14.9025,3411.63,8.13524,0.110071,0.0474095
533,RL,2,BSDF Heavy,0,High,2,High,2,14.8674,3406.1,8.13362,0.10979,0.0474048
534,RL,2,BSDF Heavy,0,High,2,High,2,14.9483,3423.5,8.13871,0.110438,0.0474
535,RL,2,BSDF Heavy,0,High,2,High,2,14.8625,3402.84,8.13266,0.10972,0.0473953
536,RL,2,BSDF Heavy,0,High,2,High,2,14.9079,3410.89,8.13502,0.110367,0.0473906
537,RL,2,BSDF Heavy,0,High,2,High,2,14.9105,3411.22,8.13512,0.110197,0.0473858
538,RL,2,BSDF Heavy,0,High,2,High,2,14.9466,3422.16,8.13832,0.110463,0.0473811
539,RL,2,BSDF Heavy,0,High,2,High,2,14.9273,3419.51,8.13755,0.109659,0.0473763
540,RL,2,BSDF Heavy,0,High,2,High,2,14.8456,3396.41,8.13077,0.110131,0.0473716
541,RL,2,Balanced,0.405465,High,2,Medium,1,14.9605,3425.11,8.13918,0.110639,0.0473669
542,RL,1,BSDF Heavy,-0.405465,Medium,1,High,2,8.6989,1989.05,7.59592,0.0942535,0.0473621
543,RL,2,Light Heavy,1,High,2,Low,0,14.8909,3409.38,8.13458,0.110073,0.0473574
544,RL,0,BSDF Heavy,-1,Low,0,High,2,3.91171,902.565,6.80635,0.047064,0.0473527
545,RL,2,Balanced,0.405465,High,2,Medium,1,14.781,3384.77,8.12734,0.109495,0.0473479
546,RL,1,BSDF Heavy,-0.405465,Medium,1,High,2,8.69263,1988.57,7.59567,0.0941667,0.0473432
547,RL,2,Light Heavy,1,High,2,Low,0,14.8655,3403.28,8.13279,0.110502,0.0473385
548,RL,0,BSDF Heavy,-1,Low,0,High,2,3.95981,914.056,6.81898,0.0474074,0.0473337
549,RL,2,Light Heavy,1,High,2,Low,0,14.8808,3408.6,8.13435,0.109907,0.047329
550,RL,0,BSDF Heavy,-1,Low,0,High,2,3.94872,912.26,6.81702,0.047064,0.0473243
551,RL,2,BSDF Heavy,0,High,2,High,2,14.8474,3399.86,8.13178,0.109581,0.0473195
552,RL,2,BSDF Heavy,0,High,2,High,2,14.7867,3385.36,8.12751,0.109279,0.0473148
553,RL,2,BSDF Heavy,0,High,2,High,2,14.9018,3412.13,8.13539,0.110235,0.0473101
554,RL,2,BSDF Heavy,0,High,2,High,2,14.7747,3384.54,8.12727,0.109732,0.0473053
555,RL,2,BSDF Heavy,0,High,2,High,2,14.7885,3392.84,8.12972,0.108505,0.0473006
556,RL,2,BSDF Heavy,0,High,2,High,2,14.9289,3417.7,8.13702,0.110559,0.0472959
557,RL,2,BSDF Heavy,0,High,2,High,2,14.8843,3407.36,8.13399,0.110581,0.0472911
558,RL,2,BSDF Heavy,0,High,2,High,2,14.9434,3422.55,8.13843,0.109429,0.0472864
559,RL,2,BSDF Heavy,0,High,2,High,2,14.8676,3404.29,8.13309,0.110228,0.0472817
560,RL,2,BSDF Heavy,0,High,2,High,2,14.8434,3398.71,8.13145,0.109913,0.047277
561,RL,2,BSDF Heavy,0,High,2,High,2,14.952,3422.11,8.1383,0.110241,0.0472722
562,RL,2,BSDF Heavy,0,High,2,High,2,14.8466,3397.91,8.13121,0.109448,0.0472675
563,RL,2,BSDF Heavy,0,High,2,High,2,14.8122,3390.22,8.12895,0.109356,0.0472628
564,RL,2,BSDF Heavy,0,High,2,High,2,14.8502,3398.72,8.13145,0.11016,0.047258
565,RL,2,BSDF Heavy,0,High,2,High,2,14.7302,3374.11,8.12418,0.109992,0.0472533
566,RL,2,BSDF Heavy,0,High,2,High,2,14.963,3424.95,8.13913,0.110449,0.0472486
567,RL,2,BSDF Heavy,0,High,2,High,2,14.8709,3405.21,8.13336,0.109562,0.0472439
568,RL,2,BSDF Heavy,0,High,2,High,2,14.7491,3377.75,8.12526,0.109012,0.0472392
569,RL,2,BSDF Heavy,0,High,2,High,2,14.8997,3410.21,8.13482,0.109919,0.0472344
570,RL,2,BSDF Heavy,0,High,2,High,2,14.8689,3402.94,8.13269,0.10978,0.0472297
571,RL,2,Balanced,0.405465,High,2,Medium,1,14.9131,3413.49,8.13578,0.110326,0.047225
572,RL,1,BSDF Heavy,-0.405465,Medium,1,High,2,8.58667,1963.68,7.58309,0.0936593,0.0472203
573,RL,2,Light Heavy,1,High,2,Low,0,14.8645,3402.31,8.1325,0.109743,0.0472155
574,RL,0,BSDF Heavy,-1,Low,0,High,2,3.93083,906.436,6.81062,0.0471412,0.0472108
575,RL,2,BSDF Heavy,0,High,2,High,2,14.8601,3400.39,8.13194,0.110542,0.0472061
576,RL,2,BSDF Heavy,0,High,2,High,2,14.8558,3402.93,8.13268,0.110008,0.0472014
577,RL,2,BSDF Heavy,0,High,2,High,2,14.8674,3402.21,8.13247,0.110316,0.0471967
578,RL,2,BSDF Heavy,0,High,2,High,2,14.931,3420.57,8.13786,0.109742,0.0471919
579,RL,2,BSDF Heavy,0,High,2,High,2,14.8236,3396.47,8.13078,0.109728,0.0471872
580,RL,2,BSDF Heavy,0,High,2,High,2,14.9565,3425.03,8.13916,0.110054,0.0471825
581,RL,2,BSDF Heavy,0,High,2,High,2,14.8599,3401.19,8.13217,0.11,0.0471778
582,RL,2,BSDF Heavy,0,High,2,High,2,14.899,3411.15,8.1351,0.109358,0.0471731
583,RL,2,BSDF Heavy,0,High,2,High,2,14.9019,3411.16,8.1351,0.11016,0.0471683
584,RL,2,BSDF Heavy,0,High,2,High,2,14.8876,3408.18,8.13423,0.110262,0.0471636
585,RL,2,BSDF Heavy,0,High,2,High,2,14.737,3375,8.12445,0.109558,0.0471589
586,RL,2,BSDF Heavy,0,High,2,High,2,14.9138,3414.29,8.13602,0.110114,0.0471542
587,RL,2,BSDF Heavy,0,High,2,High,2,14.8879,3406.35,8.13369,0.110154,0.0471495
588,RL,2,BSDF Heavy,0,High,2,High,2,14.8297,3392.38,8.12958,0.109842,0.0471448
589,RL,2,BSDF Heavy,0,High,2,High,2,14.8247,3394.42,8.13018,0.10988,0.0471401
590,RL,2,BSDF Heavy,0,High,2,High,2,14.8777,3404.17,8.13305,0.109996,0.0471353
591,RL,2,BSDF Heavy,0,High,2,High,2,14.8666,3402.19,8.13247,0.109967,0.0471306
592,RL,2,BSDF Heavy,0,High,2,High,2,14.8249,3395.3,8.13044,0.109736,0.0471259
593,RL,2,BSDF Heavy,0,High,2,High,2,14.9079,3416.48,8.13666,0.109203,0.0471212
594,RL,2,BSDF Heavy,0,High,2,High,2,14.7875,3384.21,8.12717,0.109219,0.0471165
595,RL,2,BSDF Heavy,0,High,2,High,2,14.9833,3429,8.14032,0.110513,0.0471118
596,RL,2,BSDF Heavy,0,High,2,High,2,14.8082,3390.38,8.12899,0.109759,0.0471071
597,RL,2,BSDF Heavy,0,High,2,High,2,14.8093,3392.09,8.1295,0.109205,0.0471024
598,RL,2,BSDF Heavy,0,High,2,High,2,14.8662,3401.53,8.13227,0.110561,0.0470976
599,RL,2,BSDF Heavy,0,High,2,High,2,14.8641,3401.58,8.13229,0.109657,0.0470929
600,RL,2,BSDF Heavy,0,High,2,High,2,14.8694,3404.87,8.13326,0.109826,0.0470882
601,RL,2,BSDF Heavy,0,High,2,High,2,14.8834,3406.56,8.13375,0.109977,0.0470835
602,RL,2,BSDF Heavy,0,High,2,High,2,14.8738,3402.76,8.13264,0.109878,0.0470788
603,RL,2,BSDF Heavy,0,High,2,High,2,14.8815,3406.77,8.13381,0.109361,0.0470741
604,RL,2,BSDF Heavy,0,High,2,High,2,14.867,3403.48,8.13285,0.109792,0.0470694
605,RL,2,Balanced,0.405465,High,2,Medium,1,14.8216,3392.41,8.12959,0.10946,0.0470647
606,RL,1,BSDF Heavy,-0.405465,Medium,1,High,2,8.64763,1977.75,7.59022,0.0946836,0.04706
607,RL,2,Balanced,0.405465,High,2,Medium,1,14.8099,3390.37,8.12899,0.110056,0.0470553
608,RL,1,BSDF Heavy,-0.405465,Medium,1,High,2,8.61748,1971.3,7.58696,0.0937095,0.0470506
609,RL,2,Light Heavy,1,High,2,Low,0,14.8513,3400.67,8.13202,0.109844,0.0470459
610,RL,0,BSDF Heavy,-1,Low,0,High,2,3.97672,917.739,6.823,0.0475424,0.0470412
611,RL,2,Light Heavy,1,High,2,Low,0,14.9303,3419.33,8.13749,0.110311,0.0470365
612,RL,0,BSDF Heavy,-1,Low,0,High,2,3.93145,907.889,6.81222,0.0468326,0.0470318
613,RL,2,Balanced,0.405465,High,2,Medium,1,14.8129,3392.59,8.12964,0.109525,0.0470271
614,RL,1,BSDF Heavy,-0.405465,Medium,1,High,2,8.73479,1997.08,7.59994,0.0945602,0.0470224
615,RL,2,Balanced,0.405465,High,2,Medium,1,14.9532,3423.8,8.1388,0.110064,0.0470176
616,RL,1,BSDF Heavy,-0.405465,Medium,1,High,2,8.68706,1987.03,7.5949,0.0942091,0.0470129
617,RL,2,Light Heavy,1,High,2,Low,0,14.8801,3405.61,8.13347,0.110463,0.0470082
618,RL,0,BSDF Heavy,-1,Low,0,High,2,3.9232,904.917,6.80895,0.0472242,0.0470035
619,RL,2,BSDF Heavy,0,High,2,High,2,14.8515,3402.43,8.13254,0.109481,0.0469988
620,RL,2,BSDF Heavy,0,High,2,High,2,14.8685,3404.17,8.13305,0.109302,0.0469941
621,RL,2,Light Heavy,1,High,2,Low,0,14.8551,3401.93,8.13239,0.109576,0.0469894
622,RL,0,BSDF Heavy,-1,Low,0,High,2,3.9051,900.339,6.80388,0.0469965,0.0469847
623,RL,2,BSDF Heavy,0,High,2,High,2,14.8614,3402.81,8.13265,0.109477,0.04698
624,RL,2,BSDF Heavy,0,High,2,High,2,14.9186,3416.56,8.13668,0.109952,0.0469754
625,RL,2,BSDF Heavy,0,High,2,High,2,15.0277,3440.89,8.14378,0.110201,0.0469707
626,RL,2,BSDF Heavy,0,High,2,High,2,14.9474,3421.29,8.13806,0.110291,0.046966
627,RL,2,BSDF Heavy,0,High,2,High,2,14.8533,3401.36,8.13223,0.109755,0.0469613
628,RL,2,BSDF Heavy,0,High,2,High,2,14.9419,3419.95,8.13767,0.110303,0.0469566
629,RL,2,BSDF Heavy,0,High,2,High,2,14.9138,3413.31,8.13573,0.110012,0.0469519
630,RL,2,BSDF Heavy,0,High,2,High,2,15.0684,3446.89,8.14552,0.110909,0.0469472
631,RL,2,BSDF Heavy,0,High,2,High,2,14.9492,3424.18,8.13891,0.109861,0.0469425
632,RL,2,BSDF Heavy,0,High,2,High,2,14.8288,3396.09,8.13067,0.10941,0.0469378
633,RL,2,BSDF Heavy,0,High,2,High,2,14.8569,3401.34,8.13222,0.110091,0.0469331
634,RL,2,BSDF Heavy,0,High,2,High,2,14.9285,3417.69,8.13701,0.110264,0.0469284
635,RL,2,BSDF Heavy,0,High,2,High,2,14.8954,3410.68,8.13496,0.109961,0.0469237
636,RL,2,BSDF Heavy,0,High,2,High,2,14.9156,3413.14,8.13568,0.110392,0.046919
637,RL,2,BSDF Heavy,0,High,2,High,2,14.821,3394.5,8.13021,0.109198,0.0469143
638,RL,2,BSDF Heavy,0,High,2,High,2,14.8696,3402.38,8.13252,0.110019,0.0469096
639,RL,2,BSDF Heavy,0,High,2,High,2,14.883,3409.57,8.13463,0.109537,0.0469049
640,RL,2,BSDF Heavy,0,High,2,High,2,14.8239,3391.98,8.12947,0.109639,0.0469003
641,RL,2,BSDF Heavy,0,High,2,High,2,14.77,3381.05,8.12624,0.109321,0.0468956
642,RL,2,BSDF Heavy,0,High,2,High,2,14.8151,3395.21,8.13041,0.109277,0.0468909
643,RL,2,Light Heavy,1,High,2,Low,0,14.8399,3396.36,8.13075,0.10968,0.0468862
644,RL,0,BSDF Heavy,-1,Low,0,High,2,3.94912,911.734,6.81644,0.0472955,0.0468815
645,RL,2,Balanced,0.405465,High,2,Medium,1,14.8312,3397.34,8.13104,0.109196,0.0468768
646,RL,1,BSDF Heavy,-0.405465,Medium,1,High,2,8.78168,2008.13,7.60546,0.0952392,0.0468721
647,RL,2,Balanced,0.405465,High,2,Medium,1,14.8929,3409.96,8.13475,0.109898,0.0468674
648,RL,1,BSDF Heavy,-0.405465,Medium,1,High,2,8.65691,1978.14,7.59042,0.0946933,0.0468627
649,RL,2,BSDF Heavy,0,High,2,High,2,14.9603,3427.89,8.13999,0.110141,0.0468581
650,RL,2,BSDF Heavy,0,High,2,High,2,14.8111,3388.76,8.12852,0.110019,0.0468534
651,RL,2,BSDF Heavy,0,High,2,High,2,14.7207,3372.4,8.12368,0.109369,0.0468487
652,RL,2,BSDF Heavy,0,High,2,High,2,14.8823,3405.84,8.13354,0.11027,0.046844
653,RL,2,BSDF Heavy,0,High,2,High,2,14.8524,3400.37,8.13193,0.109888,0.0468393
654,RL,2,BSDF Heavy,0,High,2,High,2,14.8192,3391.75,8.1294,0.109292,0.0468346
655,RL,2,BSDF Heavy,0,High,2,High,2,14.783,3383.68,8.12701,0.110361,0.04683
656,RL,2,BSDF Heavy,0,High,2,High,2,14.814,3392.38,8.12958,0.10946,0.0468253
657,RL,2,BSDF Heavy,0,High,2,High,2,14.9932,3432.09,8.14122,0.110112,0.0468206
658,RL,2,BSDF Heavy,0,High,2,High,2,14.9345,3418.85,8.13735,0.11017,0.0468159
659,RL,2,BSDF Heavy,0,High,2,High,2,14.8621,3402.64,8.1326,0.109938,0.0468112
660,RL,2,BSDF Heavy,0,High,2,High,2,14.9238,3412.37,8.13545,0.110868,0.0468065
661,RL,2,BSDF Heavy,0,High,2,High,2,14.8083,3390.28,8.12896,0.109832,0.0468019
662,RL,2,BSDF Heavy,0,High,2,High,2,15.0462,3441.61,8.14399,0.110777,0.0467972
663,RL,2,BSDF Heavy,0,High,2,High,2,14.9197,3415.01,8.13623,0.110226,0.0467925
664,RL,2,BSDF Heavy,0,High,2,High,2,14.8781,3403.84,8.13295,0.109878,0.0467878
665,RL,2,BSDF Heavy,0,High,2,High,2,14.8877,3410.19,8.13482,0.110285,0.0467831
666,RL,2,BSDF Heavy,0,High,2,High,2,14.9172,3416.56,8.13668,0.110162,0.0467785
667,RL,2,BSDF Heavy,0,High,2,High,2,14.9591,3424.75,8.13908,0.110394,0.0467738
668,RL,2,BSDF Heavy,0,High,2,High,2,14.9774,3428.3,8.14011,0.110384,0.0467691
669,RL,2,BSDF Heavy,0,High,2,High,2,14.914,3413.55,8.1358,0.110206,0.0467644
670,RL,2,BSDF Heavy,0,High,2,High,2,14.8751,3407.6,8.13406,0.10974,0.0467598
671,RL,2,BSDF Heavy,0,High,2,High,2,14.9282,3417.53,8.13697,0.110046,0.0467551
672,RL,2,BSDF Heavy,0,High,2,High,2,14.8738,3403.81,8.13294,0.109608,0.0467504
673,RL,2,BSDF Heavy,0,High,2,High,2,14.8328,3396.55,8.13081,0.109477,0.0467457
674,RL,2,BSDF Heavy,0,High,2,High,2,14.902,3411.69,8.13526,0.109932,0.0467411
675,RL,2,BSDF Heavy,0,High,2,High,2,14.8674,3405.01,8.1333,0.109676,0.0467364
676,RL,2,BSDF Heavy,0,High,2,High,2,14.7907,3385.46,8.12754,0.109489,0.0467317
677,RL,2,BSDF Heavy,0,High,2,High,2,14.8443,3398.45,8.13137,0.109311,0.046727
678,RL,2,BSDF Heavy,0,High,2,High,2,14.8997,3412.2,8.13541,0.110025,0.0467224
679,RL,2,BSDF Heavy,0,High,2,High,2,14.9546,3423.2,8.13862,0.110667,0.0467177
680,RL,2,BSDF Heavy,0,High,2,High,2,14.8219,3394.82,8.1303,0.109724,0.046713
681,RL,2,BSDF Heavy,0,High,2,High,2,14.8523,3402.54,8.13257,0.109867,0.0467084
682,RL,2,BSDF Heavy,0,High,2,High,2,14.8197,3395.81,8.13059,0.109358,0.0467037
683,RL,2,BSDF Heavy,0,High,2,High,2,14.9161,3413.57,8.13581,0.11022,0.046699
684,RL,2,BSDF Heavy,0,High,2,High,2,14.776,3383.71,8.12702,0.109132,0.0466943
685,RL,2,Light Heavy,1,High,2,Low,0,14.8538,3400.03,8.13183,0.110245,0.0466897
686,RL,0,BSDF Heavy,-1,Low,0,High,2,3.91085,901.191,6.80483,0.0472087,0.046685
687,RL,2,Light Heavy,1,High,2,Low,0,14.7964,3388.41,8.12841,0.109454,0.0466803
688,RL,0,BSDF Heavy,-1,Low,0,High,2,3.89753,899.86,6.80335,0.0465104,0.0466757
689,RL,2,Balanced,0.405465,High,2,Medium,1,14.9506,3419.37,8.1375,0.11086,0.046671
690,RL,1,BSDF Heavy,-0.405465,Medium,1,High,2,8.71102,1994.5,7.59865,0.093995,0.0466663
691,RL,2,Light Heavy,1,High,2,Low,0,14.9484,3423.05,8.13858,0.110241,0.0466617
692,RL,0,BSDF Heavy,-1,Low,0,High,2,3.92823,907.322,6.8116,0.0468924,0.046657
693,RL,2,Light Heavy,1,High,2,Low,0,14.9331,3418.53,8.13726,0.110424,0.0466523
694,RL,0,BSDF Heavy,-1,Low,0,High,2,3.85812,888.52,6.79068,0.047093,0.0466477
695,RL,2,BSDF Heavy,0,High,2,High,2,14.9379,3420.79,8.13792,0.11034,0.046643
696,RL,2,BSDF Heavy,0,High,2,High,2,14.9433,3419.89,8.13766,0.110448,0.0466383
697,RL,2,BSDF Heavy,0,High,2,High,2,14.9185,3416.2,8.13658,0.110243,0.0466337
698,RL,2,BSDF Heavy,0,High,2,High,2,14.8854,3412.6,8.13552,0.109217,0.046629
699,RL,2,BSDF Heavy,0,High,2,High,2,14.8121,3390.7,8.12909,0.109616,0.0466244
700,RL,2,BSDF Heavy,0,High,2,High,2,14.9298,3417.92,8.13708,0.110332,0.0466197
701,RL,2,Light Heavy,1,High,2,Low,0,14.859,3403.39,8.13282,0.109732,0.046615
702,RL,0,BSDF Heavy,-1,Low,0,High,2,4.03085,931.15,6.83749,0.0473264,0.0466104
703,RL,2,Balanced,0.405465,High,2,Medium,1,14.9086,3413.25,8.13571,0.110179,0.0466057
704,RL,1,Balanced,0,Medium,1,Medium,1,8.70415,1994.66,7.59873,0.0934954,0.046601
705,RL,1,Balanced,0,Medium,1,Medium,1,8.62519,1975.2,7.58893,0.0937288,0.0465964
706,RL,1,Balanced,0,Medium,1,Medium,1,8.65855,1979.6,7.59116,0.0943056,0.0465917
707,RL,1,Balanced,0,Medium,1,Medium,1,8.79104,2012.02,7.60739,0.0943248,0.0465871
708,RL,1,Balanced,0,Medium,1,Medium,1,8.74125,2000.09,7.60145,0.0947434,0.0465824
709,RL,1,Balanced,0,Medium,1,Medium,1,8.62475,1973.95,7.5883,0.0940683,0.0465778
710,RL,1,Balanced,0,Medium,1,Medium,1,8.80306,2014.42,7.60858,0.0946894,0.0465731
711,RL,1,Balanced,0,Medium,1,Medium,1,8.64882,1977.83,7.59026,0.0942342,0.0465684
712,RL,1,Balanced,0,Medium,1,Medium,1,8.7397,2000.68,7.60174,0.0939757,0.0465638
713,RL,1,Balanced,0,Medium,1,Medium,1,8.64294,1975.83,7.58925,0.0940972,0.0465591
714,RL,1,Balanced,0,Medium,1,Medium,1,8.80374,2015.77,7.60925,0.0945911,0.0465545
715,RL,1,Balanced,0,Medium,1,Medium,1,8.65326,1981.45,7.59209,0.0937519,0.0465498
716,RL,1,Balanced,0,Medium,1,Medium,1,8.68191,1986.2,7.59448,0.0941512,0.0465452
717,RL,1,Balanced,0,Medium,1,Medium,1,8.71981,1994.95,7.59888,0.0943422,0.0465405
718,RL,1,Balanced,0,Medium,1,Medium,1,8.71696,1994.34,7.59857,0.0943191,0.0465358
719,RL,1,Balanced,0,Medium,1,Medium,1,8.71288,1993.58,7.59819,0.0946084,0.0465312
720,RL,1,Balanced,0,Medium,1,Medium,1,8.60904,1970.07,7.58633,0.0937114,0.0465265
721,RL,1,Balanced,0,Medium,1,Medium,1,8.70939,1992.07,7.59743,0.0948881,0.0465219
722,RL,1,Balanced,0,Medium,1,Medium,1,8.68207,1986.85,7.59481,0.0942323,0.0465172
723,RL,1,Balanced,0,Medium,1,Medium,1,8.68747,1990.14,7.59646,0.0942284,0.0465126
724,RL,1,Balanced,0,Medium,1,Medium,1,8.75881,2002.85,7.60282,0.0942978,0.0465079
725,RL,1,Balanced,0,Medium,1,Medium,1,8.78454,2011.06,7.60691,0.0943634,0.0465033
726,RL,1,Balanced,0,Medium,1,Medium,1,8.74708,2002.63,7.60271,0.0943981,0.0464986
727,RL,1,Balanced,0,Medium,1,Medium,1,8.71715,1993.1,7.59795,0.0945467,0.046494
728,RL,1,Balanced,0,Medium,1,Medium,1,8.74681,2002.66,7.60273,0.0944116,0.0464893
729,RL,1,Balanced,0,Medium,1,Medium,1,8.68302,1985.63,7.5942,0.0941744,0.0464847
730,RL,1,Balanced,0,Medium,1,Medium,1,8.71152,1992.32,7.59756,0.0940779,0.04648
731,RL,1,Balanced,0,Medium,1,Medium,1,8.75176,2004.63,7.60371,0.0938889,0.0464754
732,RL,1,Balanced,0,Medium,1,Medium,1,8.60718,1968.76,7.58567,0.0941802,0.0464707
733,RL,1,Balanced,0,Medium,1,Medium,1,8.66553,1984.24,7.59349,0.0942303,0.0464661
734,RL,1,Balanced,0,Medium,1,Medium,1,8.74866,2002.47,7.60263,0.0946181,0.0464615
735,RL,1,Balanced,0,Medium,1,Medium,1,8.66962,1982.55,7.59264,0.0947762,0.0464568
736,RL,1,Balanced,0,Medium,1,Medium,1,8.7255,1994.92,7.59886,0.0947299,0.0464522
737,RL,1,Balanced,0,Medium,1,Medium,1,8.68569,1986.22,7.59449,0.0945023,0.0464475
738,RL,1,Balanced,0,Medium,1,Medium,1,8.628,1973.91,7.58828,0.0941339,0.0464429
739,RL,1,Balanced,0,Medium,1,Medium,1,8.70754,1992.77,7.59778,0.0944097,0.0464382
740,RL,1,Balanced,0,Medium,1,Medium,1,8.72478,1993.9,7.59835,0.0947357,0.0464336
741,RL,1,Balanced,0,Medium,1,Medium,1,8.70128,1991.92,7.59736,0.0939564,0.0464289
742,RL,1,Balanced,0,Medium,1,Medium,1,8.66921,1982.89,7.59282,0.0940471,0.0464243
743,RL,1,Balanced,0,Medium,1,Medium,1,8.68355,1986.93,7.59485,0.0946605,0.0464197
744,RL,1,Balanced,0,Medium,1,Medium,1,8.81168,2015.87,7.6093,0.0949113,0.046415
745,RL,1,BSDF Heavy,-0.405465,Medium,1,High,2,8.65961,1981.03,7.59188,0.0940451,0.0464104
746,RL,2,Balanced,0.405465,High,2,Medium,1,14.8004,3389.36,8.12869,0.10947,0.0464057
747,RL,1,BSDF Heavy,-0.405465,Medium,1,High,2,8.70292,1992.42,7.59761,0.0936362,0.0464011
748,RL,2,Balanced,0.405465,High,2,Medium,1,14.8335,3397.05,8.13096,0.109633,0.0463965
749,RL,1,BSDF Heavy,-0.405465,Medium,1,High,2,8.61089,1969.87,7.58623,0.0935166,0.0463918
750,RL,2,BSDF Heavy,0,High,2,High,2,14.8977,3412.28,8.13543,0.109668,0.0463872
751,RL,2,BSDF Heavy,0,High,2,High,2,14.854,3402.88,8.13267,0.109738,0.0463825
752,RL,2,BSDF Heavy,0,High,2,High,2,14.8953,3410.13,8.1348,0.109767,0.0463779
753,RL,2,BSDF Heavy,0,High,2,High,2,14.8931,3408.48,8.13432,0.110135,0.0463733
754,RL,2,BSDF Heavy,0,High,2,High,2,14.7667,3380.78,8.12616,0.10951,0.0463686
755,RL,2,BSDF Heavy,0,High,2,High,2,14.8435,3398.43,8.13136,0.109724,0.046364
756,RL,2,Light Heavy,1,High,2,Low,0,14.8614,3404.13,8.13304,0.109728,0.0463594
757,RL,0,BSDF Heavy,-1,Low,0,High,2,3.90813,902.742,6.80654,0.0465297,0.0463547
758,RL,2,Light Heavy,1,High,2,Low,0,14.866,3402.25,8.13249,0.11022,0.0463501
759,RL,0,BSDF Heavy,-1,Low,0,High,2,3.97606,918.11,6.82341,0.0472338,0.0463454
760,RL,2,BSDF Heavy,0,High,2,High,2,14.972,3427.17,8.13978,0.110392,0.0463408
761,RL,2,BSDF Heavy,0,High,2,High,2,14.9255,3417.62,8.13699,0.109811,0.0463362
762,RL,2,Light Heavy,1,High,2,Low,0,14.7832,3385.39,8.12752,0.109504,0.0463315
763,RL,0,BSDF Heavy,-1,Low,0,High,2,3.92337,906.157,6.81032,0.0472589,0.0463269
764,RL,2,Balanced,0.405465,High,2,Medium,1,14.9137,3412.28,8.13543,0.110361,0.0463223
765,RL,1,BSDF Heavy,-0.405465,Medium,1,High,2,8.64909,1979.75,7.59123,0.0937461,0.0463176
766,RL,2,Balanced,0.405465,High,2,Medium,1,14.8498,3400.2,8.13188,0.109878,0.046313
767,RL,1,BSDF Heavy,-0.405465,Medium,1,High,2,8.73093,1995.59,7.5992,0.0946566,0.0463084
768,RL,2,BSDF Heavy,0,High,2,High,2,14.7767,3384.18,8.12716,0.109915,0.0463038
769,RL,2,BSDF Heavy,0,High,2,High,2,14.8268,3395.27,8.13043,0.109815,0.0462991
770,RL,2,BSDF Heavy,0,High,2,High,2,14.9386,3418.52,8.13726,0.11043,0.0462945
771,RL,2,BSDF Heavy,0,High,2,High,2,14.7648,3382.04,8.12653,0.109057,0.0462899
772,RL,2,BSDF Heavy,0,High,2,High,2,14.9713,3425.14,8.13919,0.110646,0.0462852
773,RL,2,BSDF Heavy,0,High,2,High,2,14.9485,3422,8.13827,0.110353,0.0462806
774,RL,2,BSDF Heavy,0,High,2,High,2,14.9424,3420.91,8.13795,0.110276,0.046276
775,RL,2,BSDF Heavy,0,High,2,High,2,14.9182,3417.62,8.13699,0.109975,0.0462714
776,RL,2,BSDF Heavy,0,High,2,High,2,14.9529,3422.88,8.13853,0.110492,0.0462667
777,RL,2,BSDF Heavy,0,High,2,High,2,14.9341,3420.86,8.13794,0.110129,0.0462621
778,RL,2,BSDF Heavy,0,High,2,High,2,14.9376,3420.55,8.13785,0.11006,0.0462575
779,RL,2,BSDF Heavy,0,High,2,High,2,14.9452,3420.11,8.13772,0.110044,0.0462528
780,RL,2,BSDF Heavy,0,High,2,High,2,14.9171,3415.53,8.13638,0.109801,0.0462482
781,RL,2,BSDF Heavy,0,High,2,High,2,15.0471,3443.56,8.14455,0.110648,0.0462436
782,RL,2,BSDF Heavy,0,High,2,High,2,14.9551,3419.07,8.13742,0.110849,0.046239
783,RL,2,BSDF Heavy,0,High,2,High,2,14.8838,3408.35,8.13428,0.110289,0.0462344
784,RL,2,BSDF Heavy,0,High,2,High,2,14.9662,3424.91,8.13912,0.11032,0.0462297
785,RL,2,BSDF Heavy,0,High,2,High,2,14.8577,3401.45,8.13225,0.109589,0.0462251
786,RL,2,BSDF Heavy,0,High,2,High,2,14.8745,3405.66,8.13349,0.10967,0.0462205
787,RL,2,BSDF Heavy,0,High,2,High,2,14.921,3415.44,8.13635,0.110278,0.0462159
788,RL,2,BSDF Heavy,0,High,2,High,2,14.8546,3401.18,8.13217,0.109695,0.0462112
789,RL,2,BSDF Heavy,0,High,2,High,2,14.8399,3398.41,8.13136,0.109653,0.0462066
790,RL,2,BSDF Heavy,0,High,2,High,2,14.7797,3384.27,8.12719,0.109605,0.046202
791,RL,2,BSDF Heavy,0,High,2,High,2,14.9579,3422.32,8.13836,0.110534,0.0461974
792,RL,2,BSDF Heavy,0,High,2,High,2,15.0263,3439.32,8.14332,0.11093,0.0461928
793,RL,2,BSDF Heavy,0,High,2,High,2,14.8386,3398.47,8.13137,0.109678,0.0461881
794,RL,2,BSDF Heavy,0,High,2,High,2,14.9159,3414.93,8.1362,0.109832,0.0461835
795,RL,2,BSDF Heavy,0,High,2,High,2,14.8391,3396.29,8.13073,0.109763,0.0461789
796,RL,2,BSDF Heavy,0,High,2,High,2,14.7901,3385.62,8.12759,0.110041,0.0461743
797,RL,2,BSDF Heavy,0,High,2,High,2,14.8638,3402.34,8.13251,0.110301,0.0461697
798,RL,2,BSDF Heavy,0,High,2,High,2,14.9146,3416.41,8.13664,0.110181,0.046165
799,RL,2,BSDF Heavy,0,High,2,High,2,14.948,3422.84,8.13852,0.109873,0.0461604
800,RL,2,BSDF Heavy,0,High,2,High,2,14.8576,3399.75,8.13175,0.109803,0.0461558
801,RL,2,BSDF Heavy,0,High,2,High,2,14.8374,3393.61,8.12994,0.110297,0.0461512
802,RL,2,BSDF Heavy,0,High,2,High,2,14.8717,3402.66,8.13261,0.110093,0.0461466
803,RL,2,BSDF Heavy,0,High,2,High,2,14.7318,3373.07,8.12387,0.109923,0.046142
804,RL,2,BSDF Heavy,0,High,2,High,2,14.9218,3416.22,8.13658,0.109958,0.0461374
805,RL,2,BSDF Heavy,0,High,2,High,2,14.9993,3435.79,8.14229,0.110116,0.0461327
806,RL,2,BSDF Heavy,0,High,2,High,2,14.9007,3410.12,8.1348,0.109724,0.0461281
807,RL,2,BSDF Heavy,0,High,2,High,2,14.8975,3411.72,8.13527,0.109502,0.0461235
808,RL,2,BSDF Heavy,0,High,2,High,2,14.825,3395.74,8.13057,0.109666,0.0461189
809,RL,2,BSDF Heavy,0,High,2,High,2,14.8504,3401.39,8.13223,0.109385,0.0461143
810,RL,2,BSDF Heavy,0,High,2,High,2,14.8735,3407.54,8.13404,0.109525,0.0461097
811,RL,2,BSDF Heavy,0,High,2,High,2,14.9321,3418.65,8.13729,0.109863,0.0461051
812,RL,2,BSDF Heavy,0,High,2,High,2,14.8078,3391.12,8.12921,0.109884,0.0461005
813,RL,2,Light Heavy,1,High,2,Low,0,14.8906,3410.43,8.13489,0.110042,0.0460959
814,RL,0,BSDF Heavy,-1,Low,0,High,2,3.97145,917.012,6.82221,0.0472666,0.0460912
815,RL,2,Light Heavy,1,High,2,Low,0,14.8992,3408.01,8.13418,0.109958,0.0460866
816,RL,0,BSDF Heavy,-1,Low,0,High,2,3.90247,900.495,6.80405,0.0468731,0.046082
817,RL,2,BSDF Heavy,0,High,2,High,2,14.8823,3409.29,8.13455,0.109622,0.0460774
818,RL,2,BSDF Heavy,0,High,2,High,2,14.8087,3390.32,8.12897,0.109809,0.0460728
819,RL,2,BSDF Heavy,0,High,2,High,2,14.8823,3407.3,8.13397,0.10972,0.0460682
820,RL,2,BSDF Heavy,0,High,2,High,2,14.8526,3402.36,8.13252,0.109344,0.0460636
821,RL,2,BSDF Heavy,0,High,2,High,2,14.8754,3406,8.13359,0.110496,0.046059
822,RL,2,BSDF Heavy,0,High,2,High,2,14.7744,3382.13,8.12656,0.10978,0.0460544
823,RL,2,Light Heavy,1,High,2,Low,0,14.8271,3393.77,8.12999,0.109821,0.0460498
824,RL,0,BSDF Heavy,-1,Low,0,High,2,3.92938,907.118,6.81137,0.0469271,0.0460452
825,RL,2,Balanced,0.405465,High,2,Medium,1,14.873,3403.15,8.13275,0.110251,0.0460406
826,RL,1,BSDF Heavy,-0.405465,Medium,1,High,2,8.70229,1989.39,7.59609,0.0948708,0.046036
827,RL,2,Balanced,0.405465,High,2,Medium,1,14.8517,3402.26,8.13249,0.109614,0.0460314
828,RL,1,BSDF Heavy,-0.405465,Medium,1,High,2,8.6567,1978.57,7.59063,0.0940143,0.0460268
829,RL,2,Light Heavy,1,High,2,Low,0,14.9452,3420.05,8.1377,0.110058,0.0460222
830,RL,0,BSDF Heavy,-1,Low,0,High,2,3.9549,914.018,6.81894,0.0470216,0.0460176
831,RL,2,BSDF Heavy,0,High,2,High,2,14.9164,3417.41,8.13693,0.109697,0.046013
832,RL,2,BSDF Heavy,0,High,2,High,2,14.9026,3413.14,8.13568,0.109907,0.0460084
833,RL,2,BSDF Heavy,0,High,2,High,2,14.8925,3409.88,8.13472,0.109471,0.0460038
834,RL,2,BSDF Heavy,0,High,2,High,2,14.8577,3400.68,8.13203,0.109936,0.0459992
835,RL,2,BSDF Heavy,0,High,2,High,2,14.9172,3414.91,8.1362,0.109954,0.0459946
836,RL,2,BSDF Heavy,0,High,2,High,2,14.9701,3425.06,8.13917,0.110482,0.04599
837,RL,2,BSDF Heavy,0,High,2,High,2,14.8954,3409.99,8.13476,0.109944,0.0459854
838,RL,2,BSDF Heavy,0,High,2,High,2,14.8431,3397.95,8.13122,0.10939,0.0459808
839,RL,2,BSDF Heavy,0,High,2,High,2,14.9265,3416.42,8.13664,0.109653,0.0459762
840,RL,2,BSDF Heavy,0,High,2,High,2,14.9133,3411.75,8.13527,0.11053,0.0459716
841,RL,2,BSDF Heavy,0,High,2,High,2,14.8472,3398.47,8.13138,0.110025,0.045967
842,RL,2,BSDF Heavy,0,High,2,High,2,14.8293,3395.71,8.13056,0.109437,0.0459624
843,RL,2,BSDF Heavy,0,High,2,High,2,14.8818,3405.44,8.13342,0.110264,0.0459578
844,RL,2,BSDF Heavy,0,High,2,High,2,14.7866,3385.65,8.12759,0.109622,0.0459532
845,RL,2,BSDF Heavy,0,High,2,High,2,15.0499,3443.23,8.14445,0.111142,0.0459486
846,RL,2,BSDF Heavy,0,High,2,High,2,14.8584,3401.39,8.13223,0.109942,0.045944
847,RL,2,BSDF Heavy,0,High,2,High,2,14.8992,3410.95,8.13504,0.109647,0.0459394
848,RL,2,BSDF Heavy,0,High,2,High,2,14.9493,3421.91,8.13825,0.110349,0.0459348
849,RL,2,BSDF Heavy,0,High,2,High,2,14.8987,3410.28,8.13484,0.110257,0.0459302
850,RL,2,BSDF Heavy,0,High,2,High,2,14.7595,3381.47,8.12636,0.109223,0.0459256
851,RL,2,BSDF Heavy,0,High,2,High,2,14.9586,3424.65,8.13905,0.109763,0.045921
852,RL,2,BSDF Heavy,0,High,2,High,2,14.9796,3428.5,8.14017,0.110482,0.0459164
853,RL,2,BSDF Heavy,0,High,2,High,2,14.9192,3414.94,8.13621,0.109554,0.0459118
854,RL,2,BSDF Heavy,0,High,2,High,2,14.897,3413.8,8.13587,0.110008,0.0459072
855,RL,2,BSDF Heavy,0,High,2,High,2,14.9015,3410.27,8.13484,0.11005,0.0459027
856,RL,2,BSDF Heavy,0,High,2,High,2,14.9592,3424.98,8.13914,0.110421,0.0458981
857,RL,2,BSDF Heavy,0,High,2,High,2,14.9264,3413.65,8.13583,0.110571,0.0458935
858,RL,2,BSDF Heavy,0,High,2,High,2,14.8723,3406.46,8.13372,0.109767,0.0458889
859,RL,2,BSDF Heavy,0,High,2,High,2,15.0252,3437.73,8.14286,0.110708,0.0458843
860,RL,2,BSDF Heavy,0,High,2,High,2,15.0021,3430.07,8.14063,0.111046,0.0458797
861,RL,2,BSDF Heavy,0,High,2,High,2,14.8968,3412.21,8.13541,0.109782,0.0458751
862,RL,2,BSDF Heavy,0,High,2,High,2,14.9148,3414.51,8.13608,0.109992,0.0458705
863,RL,2,Light Heavy,1,High,2,Low,0,14.9203,3417.11,8.13684,0.10968,0.0458659
864,RL,0,BSDF Heavy,-1,Low,0,High,2,3.96194,914.092,6.81903,0.0472955,0.0458614
865,RL,2,Light Heavy,1,High,2,Low,0,14.8226,3396.77,8.13087,0.109651,0.0458568
866,RL,0,BSDF Heavy,-1,Low,0,High,2,3.91428,902.527,6.80631,0.0471856,0.0458522
867,RL,2,Balanced,0.405465,High,2,Medium,1,14.9289,3416.76,8.13674,0.110421,0.0458476
868,RL,1,BSDF Heavy,-0.405465,Medium,1,High,2,8.68875,1986.64,7.59471,0.0940085,0.045843
869,RL,2,BSDF Heavy,0,High,2,High,2,14.8535,3403.21,8.13277,0.109423,0.0458384
870,RL,2,BSDF Heavy,0,High,2,High,2,15.0007,3432.41,8.14131,0.110633,0.0458339
871,RL,2,BSDF Heavy,0,High,2,High,2,14.8541,3403.34,8.13281,0.109387,0.0458293
872,RL,2,BSDF Heavy,0,High,2,High,2,15.0147,3436.1,8.14238,0.109878,0.0458247
873,RL,2,BSDF Heavy,0,High,2,High,2,14.8702,3403.09,8.13273,0.11016,0.0458201
874,RL,2,BSDF Heavy,0,High,2,High,2,14.9694,3425.68,8.13935,0.110517,0.0458155
875,RL,2,BSDF Heavy,0,High,2,High,2,14.8835,3407.45,8.13401,0.109794,0.0458109
876,RL,2,BSDF Heavy,0,High,2,High,2,14.988,3430.54,8.14077,0.110403,0.0458064
877,RL,2,BSDF Heavy,0,High,2,High,2,14.9419,3420.03,8.1377,0.110484,0.0458018
878,RL,2,BSDF Heavy,0,High,2,High,2,14.7569,3379.63,8.12582,0.109844,0.0457972
879,RL,2,BSDF Heavy,0,High,2,High,2,14.9868,3428.01,8.14003,0.110571,0.0457926
880,RL,2,BSDF Heavy,0,High,2,High,2,14.9503,3419.64,8.13758,0.110409,0.045788
881,RL,2,BSDF Heavy,0,High,2,High,2,15.0068,3433.05,8.14149,0.110449,0.0457835
882,RL,2,BSDF Heavy,0,High,2,High,2,14.9178,3416.04,8.13653,0.109784,0.0457789
883,RL,2,BSDF Heavy,0,High,2,High,2,14.9175,3415.73,8.13644,0.109527,0.0457743
884,RL,2,BSDF Heavy,0,High,2,High,2,14.8369,3397.88,8.1312,0.110083,0.0457697
885,RL,2,BSDF Heavy,0,High,2,High,2,14.8777,3408.63,8.13436,0.110096,0.0457652
886,RL,2,BSDF Heavy,0,High,2,High,2,14.9058,3411.91,8.13532,0.110359,0.0457606
887,RL,2,BSDF Heavy,0,High,2,High,2,14.9207,3414.55,8.1361,0.110168,0.045756
888,RL,2,BSDF Heavy,0,High,2,High,2,14.9053,3412.28,8.13543,0.109761,0.0457514
889,RL,2,BSDF Heavy,0,High,2,High,2,14.839,3396.73,8.13086,0.109965,0.0457469
890,RL,2,BSDF Heavy,0,High,2,High,2,14.8124,3391.28,8.12926,0.109408,0.0457423
891,RL,2,Light Heavy,1,High,2,Low,0,14.8744,3404.68,8.1332,0.10979,0.0457377
892,RL,0,BSDF Heavy,-1,Low,0,High,2,3.95516,912.47,6.81725,0.0474788,0.0457331
893,RL,2,BSDF Heavy,0,High,2,High,2,14.9309,3415.83,8.13647,0.110268,0.0457286
894,RL,2,BSDF Heavy,0,High,2,High,2,14.8782,3406.89,8.13385,0.109716,0.045724
895,RL,2,BSDF Heavy,0,High,2,High,2,14.851,3399.78,8.13176,0.110216,0.0457194
896,RL,2,BSDF Heavy,0,High,2,High,2,15.0809,3451.41,8.14683,0.110963,0.0457148
897,RL,2,BSDF Heavy,0,High,2,High,2,14.7867,3386.29,8.12778,0.109153,0.0457103
898,RL,2,BSDF Heavy,0,High,2,High,2,14.8597,3399.18,8.13158,0.109817,0.0457057
899,RL,2,BSDF Heavy,0,High,2,High,2,14.7772,3382.87,8.12678,0.109691,0.0457011
900,RL,2,BSDF Heavy,0,High,2,High,2,14.9289,3422.08,8.1383,0.1099,0.0456966
901,RL,2,BSDF Heavy,0,High,2,High,2,14.8655,3404.86,8.13325,0.109622,0.045692
902,RL,2,BSDF Heavy,0,High,2,High,2,14.8162,3392.11,8.1295,0.109651,0.0456874
903,RL,2,BSDF Heavy,0,High,2,High,2,14.9149,3414.28,8.13602,0.110291,0.0456829
904,RL,2,Light Heavy,1,High,2,Low,0,14.9035,3411.81,8.13529,0.110224,0.0456783
905,RL,0,BSDF Heavy,-1,Low,0,High,2,3.84601,885.722,6.78753,0.0471933,0.0456737
906,RL,2,Light Heavy,1,High,2,Low,0,14.9378,3419.97,8.13768,0.109715,0.0456691
907,RL,0,BSDF Heavy,-1,Low,0,High,2,4.0003,925.257,6.83115,0.0472338,0.0456646
908,RL,2,Balanced,0.405465,High,2,Medium,1,14.806,3387.68,8.12819,0.110054,0.04566
909,RL,1,BSDF Heavy,-0.405465,Medium,1,High,2,8.66581,1982.19,7.59246,0.0942689,0.0456555
910,RL,2,Light Heavy,1,High,2,Low,0,14.9225,3418.01,8.13711,0.110064,0.0456509
911,RL,0,BSDF Heavy,-1,Low,0,High,2,3.94712,910.622,6.81523,0.0476022,0.0456463
912,RL,2,BSDF Heavy,0,High,2,High,2,14.9142,3411.68,8.13525,0.11087,0.0456418
913,RL,2,BSDF Heavy,0,High,2,High,2,15.0279,3440.42,8.14364,0.109614,0.0456372
914,RL,2,BSDF Heavy,0,High,2,High,2,14.9239,3418.03,8.13711,0.109948,0.0456326
915,RL,2,BSDF Heavy,0,High,2,High,2,14.8851,3407.61,8.13406,0.110027,0.0456281
916,RL,2,BSDF Heavy,0,High,2,High,2,14.9464,3420.05,8.1377,0.110395,0.0456235
917,RL,2,BSDF Heavy,0,High,2,High,2,14.8127,3390.41,8.129,0.109985,0.0456189
918,RL,2,BSDF Heavy,0,High,2,High,2,14.8894,3407.43,8.13401,0.110293,0.0456144
919,RL,2,BSDF Heavy,0,High,2,High,2,14.9103,3411.49,8.1352,0.110594,0.0456098
920,RL,2,BSDF Heavy,0,High,2,High,2,14.7515,3376.94,8.12502,0.109385,0.0456053
921,RL,2,BSDF Heavy,0,High,2,High,2,14.9579,3424.55,8.13902,0.110399,0.0456007
922,RL,2,BSDF Heavy,0,High,2,High,2,14.9695,3424.76,8.13908,0.110438,0.0455961
923,RL,2,BSDF Heavy,0,High,2,High,2,14.8994,3410.13,8.1348,0.11012,0.0455916
924,RL,2,BSDF Heavy,0,High,2,High,2,14.8554,3400.55,8.13199,0.110021,0.045587
925,RL,2,BSDF Heavy,0,High,2,High,2,14.9242,3412.99,8.13564,0.110492,0.0455825
926,RL,2,BSDF Heavy,0,High,2,High,2,14.8094,3389.6,8.12876,0.109516,0.0455779
927,RL,2,Balanced,0.405465,High,2,Medium,1,14.9597,3426.79,8.13967,0.109842,0.0455733
928,RL,1,BSDF Heavy,-0.405465,Medium,1,High,2,8.79529,2012.12,7.60744,0.0948804,0.0455688
929,RL,2,Balanced,0.405465,High,2,Medium,1,14.8363,3396.11,8.13068,0.109994,0.0455642
930,RL,1,BSDF Heavy,-0.405465,Medium,1,High,2,8.71563,1994.73,7.59876,0.0940066,0.0455597
931,RL,2,BSDF Heavy,0,High,2,High,2,14.85,3399.47,8.13167,0.110079,0.0455551
932,RL,2,BSDF Heavy,0,High,2,High,2,14.8967,3410.87,8.13501,0.110249,0.0455506
933,RL,2,BSDF Heavy,0,High,2,High,2,14.8899,3409.76,8.13469,0.109875,0.045546
934,RL,2,BSDF Heavy,0,High,2,High,2,14.9877,3432.84,8.14144,0.110345,0.0455415
935,RL,2,BSDF Heavy,0,High,2,High,2,14.9015,3411.03,8.13506,0.110299,0.0455369
936,RL,2,BSDF Heavy,0,High,2,High,2,14.9774,3427.73,8.13995,0.110658,0.0455323
937,RL,2,Light Heavy,1,High,2,Low,0,14.7435,3377.91,8.12531,0.109284,0.0455278
938,RL,0,BSDF Heavy,-1,Low,0,High,2,3.95848,914.528,6.8195,0.0469676,0.0455232
939,RL,2,Light Heavy,1,High,2,Low,0,14.9066,3409.2,8.13453,0.110646,0.0455187
940,RL,0,BSDF Heavy,-1,Low,0,High,2,3.9635,914.883,6.81989,0.0472357,0.0455141
941,RL,2,Balanced,0.405465,High,2,Medium,1,14.9027,3412.08,8.13537,0.110112,0.0455096
942,RL,1,BSDF Heavy,-0.405465,Medium,1,High,2,8.68446,1986.2,7.59448,0.0938368,0.045505
943,RL,2,Light Heavy,1,High,2,Low,0,14.8754,3405.37,8.1334,0.110058,0.0455005
944,RL,0,BSDF Heavy,-1,Low,0,High,2,3.94482,911.052,6.8157,0.0471103,0.0454959
945,RL,2,BSDF Heavy,0,High,2,High,2,14.8318,3393.91,8.13003,0.110033,0.0454914
946,RL,2,BSDF Heavy,0,High,2,High,2,14.9073,3412.44,8.13548,0.109938,0.0454868
947,RL,2,BSDF Heavy,0,High,2,High,2,14.9198,3414.21,8.13599,0.110343,0.0454823
948,RL,2,BSDF Heavy,0,High,2,High,2,14.9238,3414.84,8.13618,0.110561,0.0454777
949,RL,2,BSDF Heavy,0,High,2,High,2,14.8537,3400.94,8.1321,0.110056,0.0454732
950,RL,2,BSDF Heavy,0,High,2,High,2,14.8845,3407.56,8.13404,0.110395,0.0454686
951,RL,2,BSDF Heavy,0,High,2,High,2,14.8349,3396.47,8.13079,0.109805,0.0454641
952,RL,2,BSDF Heavy,0,High,2,High,2,14.8487,3400.49,8.13197,0.109493,0.0454596
953,RL,2,BSDF Heavy,0,High,2,High,2,14.9652,3428.63,8.14021,0.109564,0.045455
954,RL,2,BSDF Heavy,0,High,2,High,2,14.9038,3410.82,8.135,0.110162,0.0454505
955,RL,2,BSDF Heavy,0,High,2,High,2,14.7953,3389.61,8.12877,0.109396,0.0454459
956,RL,2,BSDF Heavy,0,High,2,High,2,14.8264,3392.37,8.12958,0.109387,0.0454414
957,RL,2,BSDF Heavy,0,High,2,High,2,14.8567,3403.34,8.13281,0.10999,0.0454368
958,RL,2,BSDF Heavy,0,High,2,High,2,14.8098,3390.79,8.12911,0.109703,0.0454323
959,RL,2,BSDF Heavy,0,High,2,High,2,14.9481,3420.18,8.13774,0.110598,0.0454277
960,RL,2,BSDF Heavy,0,High,2,High,2,14.8514,3401.16,8.13217,0.109776,0.0454232
961,RL,2,BSDF Heavy,0,High,2,High,2,14.9171,3415.54,8.13638,0.109958,0.0454187
962,RL,2,BSDF Heavy,0,High,2,High,2,14.7808,3384.57,8.12728,0.10935,0.0454141
963,RL,2,BSDF Heavy,0,High,2,High,2,14.9433,3421.22,8.13804,0.110089,0.0454096
964,RL,2,BSDF Heavy,0,High,2,High,2,14.8646,3404.54,8.13316,0.109448,0.045405
965,RL,2,BSDF Heavy,0,High,2,High,2,15.0081,3435.18,8.14212,0.110073,0.0454005
966,RL,2,BSDF Heavy,0,High,2,High,2,14.8313,3396.24,8.13072,0.109703,0.045396
967,RL,2,BSDF Heavy,0,High,2,High,2,14.8916,3408.52,8.13433,0.109799,0.0453914
968,RL,2,BSDF Heavy,0,High,2,High,2,14.8131,3391.76,8.1294,0.110108,0.0453869
969,RL,2,BSDF Heavy,0,High,2,High,2,14.7832,3383.21,8.12688,0.11015,0.0453823
970,RL,2,BSDF Heavy,0,High,2,High,2,14.9733,3426.2,8.1395,0.109992,0.0453778
971,RL,2,BSDF Heavy,0,High,2,High,2,14.9173,3417.11,8.13684,0.109678,0.0453733
972,RL,2,BSDF Heavy,0,High,2,High,2,14.9952,3431.58,8.14107,0.110494,0.0453687
973,RL,2,Balanced,0.405465,High,2,Medium,1,14.8628,3402.04,8.13242,0.110164,0.0453642
974,RL,1,BSDF Heavy,-0.405465,Medium,1,High,2,8.65478,1978.9,7.5908,0.0946875,0.0453597
975,RL,2,Balanced,0.405465,High,2,Medium,1,14.8931,3410.44,8.13489,0.110044,0.0453551
976,RL,1,BSDF Heavy,-0.405465,Medium,1,High,2,8.7489,2002.57,7.60269,0.0946219,0.0453506
977,RL,2,BSDF Heavy,0,High,2,High,2,14.8174,3392.01,8.12947,0.109981,0.045346
978,RL,2,BSDF Heavy,0,High,2,High,2,14.9626,3424.1,8.13888,0.110106,0.0453415
979,RL,2,BSDF Heavy,0,High,2,High,2,14.8785,3404.87,8.13326,0.1101,0.045337
980,RL,2,BSDF Heavy,0,High,2,High,2,14.9318,3418.96,8.13738,0.11033,0.0453324
981,RL,2,BSDF Heavy,0,High,2,High,2,14.8688,3403.01,8.13271,0.110239,0.0453279
982,RL,2,BSDF Heavy,0,High,2,High,2,14.845,3398.35,8.13134,0.109547,0.0453234
983,RL,2,BSDF Heavy,0,High,2,High,2,14.8729,3403.43,8.13283,0.110149,0.0453188
984,RL,2,BSDF Heavy,0,High,2,High,2,14.8811,3406.34,8.13369,0.110089,0.0453143
985,RL,2,BSDF Heavy,0,High,2,High,2,14.7807,3385.18,8.12746,0.109938,0.0453098
986,RL,2,BSDF Heavy,0,High,2,High,2,14.999,3433.21,8.14154,0.110455,0.0453053
987,RL,2,BSDF Heavy,0,High,2,High,2,14.7082,3370.41,8.12309,0.109219,0.0453007
988,RL,2,BSDF Heavy,0,High,2,High,2,14.9515,3422.35,8.13838,0.110718,0.0452962
989,RL,2,BSDF Heavy,0,High,2,High,2,14.929,3417.31,8.1369,0.109952,0.0452917
990,RL,2,BSDF Heavy,0,High,2,High,2,14.924,3415.98,8.13651,0.110066,0.0452871
991,RL,2,Light Heavy,1,High,2,Low,0,14.9562,3423.7,8.13877,0.110696,0.0452826
992,RL,0,BSDF Heavy,-1,Low,0,High,2,3.94054,908.046,6.8124,0.0472859,0.0452781
993,RL,2,Balanced,0.405465,High,2,Medium,1,14.8235,3394.17,8.13011,0.110123,0.0452736
994,RL,1,BSDF Heavy,-0.405465,Medium,1,High,2,8.66856,1981.79,7.59226,0.0944271,0.045269
995,RL,2,Balanced,0.405465,High,2,Medium,1,14.8485,3396.89,8.13091,0.110519,0.0452645
996,RL,1,BSDF Heavy,-0.405465,Medium,1,High,2,8.62752,1973.55,7.5881,0.0939718,0.04526
997,RL,2,Light Heavy,1,High,2,Low,0,14.8855,3408.5,8.13432,0.109836,0.0452554
998,RL,0,BSDF Heavy,-1,Low,0,High,2,3.90909,901.53,6.8052,0.0474113,0.0452509
999,RL,2,Light Heavy,1,High,2,Low,0,14.9374,3419.35,8.1375,0.110394,0.0452464
1000,RL,0,BSDF Heavy,-1,Low,0,High,2,3.95051,912.071,6.81681,0.0471644,0.0452419
1001,RL,2,BSDF Heavy,0,High,2,High,2,14.8946,3408.3,8.13426,0.110183,0.0452373
1002,RL,2,BSDF Heavy,0,High,2,High,2,14.8343,3396.9,8.13091,0.109649,0.0452328
1003,RL,2,BSDF Heavy,0,High,2,High,2,14.9533,3423.75,8.13878,0.110511,0.0452283
1004,RL,2,BSDF Heavy,0,High,2,High,2,14.8816,3405.83,8.13354,0.110164,0.0452238
1005,RL,2,Balanced,0.405465,High,2,Medium,1,14.8691,3405.81,8.13353,0.109163,0.0452193
1006,RL,1,BSDF Heavy,-0.405465,Medium,1,High,2,8.72581,1997.65,7.60022,0.0948438,0.0452147
1007,RL,2,BSDF Heavy,0,High,2,High,2,14.8863,3406.26,8.13366,0.110222,0.0452102
1008,RL,2,BSDF Heavy,0,High,2,High,2,14.75,3377.06,8.12506,0.109201,0.0452057
1009,RL,2,BSDF Heavy,0,High,2,High,2,15.0329,3440.25,8.14359,0.110621,0.0452012
1010,RL,2,BSDF Heavy,0,High,2,High,2,14.8574,3404.64,8.13319,0.109348,0.0451967
1011,RL,2,BSDF Heavy,0,High,2,High,2,14.7578,3379.66,8.12582,0.109323,0.0451921
1012,RL,2,BSDF Heavy,0,High,2,High,2,14.8335,3395.53,8.13051,0.109541,0.0451876
1013,RL,2,BSDF Heavy,0,High,2,High,2,14.8058,3390.36,8.12899,0.110066,0.0451831
1014,RL,2,BSDF Heavy,0,High,2,High,2,14.9964,3431.9,8.14116,0.110621,0.0451786
1015,RL,2,BSDF Heavy,0,High,2,High,2,14.7577,3382.29,8.1266,0.109165,0.0451741
1016,RL,2,BSDF Heavy,0,High,2,High,2,14.9284,3417.74,8.13703,0.110394,0.0451695
1017,RL,2,BSDF Heavy,0,High,2,High,2,14.988,3432.19,8.14125,0.109919,0.045165
1018,RL,2,BSDF Heavy,0,High,2,High,2,14.8997,3410.81,8.135,0.110033,0.0451605
1019,RL,2,BSDF Heavy,0,High,2,High,2,14.8853,3406.8,8.13382,0.110272,0.045156
1020,RL,2,BSDF Heavy,0,High,2,High,2,14.9642,3427.67,8.13993,0.110324,0.0451515
1021,RL,2,BSDF Heavy,0,High,2,High,2,14.9177,3416.2,8.13658,0.110125,0.045147
1022,RL,2,BSDF Heavy,0,High,2,High,2,14.8714,3405.29,8.13338,0.109275,0.0451424
1023,RL,2,BSDF Heavy,0,High,2,High,2,14.8468,3399.45,8.13166,0.109385,0.0451379
1024,RL,2,BSDF Heavy,0,High,2,High,2,14.951,3420.87,8.13794,0.110351,0.0451334
1025,RL,2,BSDF Heavy,0,High,2,High,2,14.7978,3390.83,8.12912,0.108835,0.0451289
1026,RL,2,BSDF Heavy,0,High,2,High,2,14.922,3417.04,8.13682,0.109923,0.0451244
1027,RL,2,BSDF Heavy,0,High,2,High,2,14.9714,3426.73,8.13965,0.110258,0.0451199
1028,RL,2,BSDF Heavy,0,High,2,High,2,14.8865,3408.44,8.1343,0.110068,0.0451154
1029,RL,2,BSDF Heavy,0,High,2,High,2,14.9666,3426.43,8.13957,0.1101,0.0451109
1030,RL,2,Light Heavy,1,High,2,Low,0,14.8226,3393.93,8.13004,0.109493,0.0451063
1031,RL,0,BSDF Heavy,-1,Low,0,High,2,3.95298,912.462,6.81724,0.0474286,0.0451018
1032,RL,2,BSDF Heavy,0,High,2,High,2,14.9521,3423.87,8.13882,0.11032,0.0450973
1033,RL,2,BSDF Heavy,0,High,2,High,2,14.9195,3415.46,8.13636,0.110102,0.0450928
1034,RL,2,BSDF Heavy,0,High,2,High,2,14.9135,3412.17,8.1354,0.110195,0.0450883
1035,RL,2,BSDF Heavy,0,High,2,High,2,14.9014,3411.34,8.13515,0.110214,0.0450838
1036,RL,2,BSDF Heavy,0,High,2,High,2,14.7986,3385.85,8.12766,0.110062,0.0450793
1037,RL,2,BSDF Heavy,0,High,2,High,2,14.8368,3397.51,8.13109,0.110218,0.0450748
1038,RL,2,BSDF Heavy,0,High,2,High,2,14.9596,3424.26,8.13893,0.110432,0.0450703
1039,RL,2,BSDF Heavy,0,High,2,High,2,14.911,3412.7,8.13555,0.110604,0.0450658
1040,RL,2,BSDF Heavy,0,High,2,High,2,14.8403,3395.57,8.13052,0.110272,0.0450613
1041,RL,2,BSDF Heavy,0,High,2,High,2,14.9072,3411.74,8.13527,0.110882,0.0450568
1042,RL,2,BSDF Heavy,0,High,2,High,2,14.9959,3432.52,8.14134,0.11065,0.0450523
1043,RL,2,BSDF Heavy,0,High,2,High,2,14.8389,3396.25,8.13072,0.109958,0.0450477
1044,RL,2,Light Heavy,1,High,2,Low,0,14.9267,3416.7,8.13672,0.11054,0.0450432
1045,RL,0,BSDF Heavy,-1,Low,0,High,2,3.92595,905.443,6.80953,0.0472955,0.0450387
1046,RL,2,Balanced,0.405465,High,2,Medium,1,14.8484,3399.09,8.13156,0.110243,0.0450342
1047,RL,1,BSDF Heavy,-0.405465,Medium,1,High,2,8.71108,1993.47,7.59813,0.0939757,0.0450297
1048,RL,2,Light Heavy,1,High,2,Low,0,14.8539,3400.5,8.13197,0.109784,0.0450252
1049,RL,0,BSDF Heavy,-1,Low,0,High,2,3.92343,906.229,6.8104,0.0468557,0.0450207
1050,RL,2,Light Heavy,1,High,2,Low,0,14.9243,3414.76,8.13615,0.110235,0.0450162
1051,RL,0,BSDF Heavy,-1,Low,0,High,2,3.93714,909.059,6.81351,0.0471952,0.0450117
1052,RL,2,Light Heavy,1,High,2,Low,0,14.8164,3392.91,8.12974,0.109792,0.0450072
1053,RL,0,BSDF Heavy,-1,Low,0,High,2,3.95158,912.047,6.81679,0.047282,0.0450027
1054,RL,2,BSDF Heavy,0,High,2,High,2,14.8317,3395.77,8.13058,0.11006,0.0449982
1055,RL,2,BSDF Heavy,0,High,2,High,2,14.8787,3408.93,8.13445,0.10966,0.0449937
1056,RL,2,BSDF Heavy,0,High,2,High,2,14.7003,3366.27,8.12186,0.108995,0.0449892
1057,RL,2,BSDF Heavy,0,High,2,High,2,14.7655,3380.9,8.12619,0.109566,0.0449847
1058,RL,2,BSDF Heavy,0,High,2,High,2,14.8541,3398.78,8.13147,0.109722,0.0449802
1059,RL,2,BSDF Heavy,0,High,2,High,2,15.0501,3444.86,8.14493,0.110228,0.0449757
1060,RL,2,Balanced,0.405465,High,2,Medium,1,14.9092,3416.07,8.13654,0.109578,0.0449712
1061,RL,1,BSDF Heavy,-0.405465,Medium,1,High,2,8.57916,1962.71,7.58259,0.0936806,0.0449667
1062,RL,2,BSDF Heavy,0,High,2,High,2,14.9034,3413.33,8.13574,0.109867,0.0449622
1063,RL,2,BSDF Heavy,0,High,2,High,2,14.8325,3398.11,8.13127,0.109196,0.0449577
1064,RL,2,BSDF Heavy,0,High,2,High,2,14.8465,3399.4,8.13165,0.109705,0.0449532
1065,RL,2,BSDF Heavy,0,High,2,High,2,14.9016,3411.37,8.13516,0.110102,0.0449488
1066,RL,2,BSDF Heavy,0,High,2,High,2,14.9032,3412.6,8.13552,0.110257,0.0449443
1067,RL,2,BSDF Heavy,0,High,2,High,2,14.8391,3396.99,8.13094,0.109805,0.0449398
1068,RL,2,Light Heavy,1,High,2,Low,0,14.9145,3412.65,8.13554,0.110257,0.0449353
1069,RL,0,BSDF Heavy,-1,Low,0,High,2,3.93601,909.673,6.81418,0.0466454,0.0449308
1070,RL,2,Balanced,0.405465,High,2,Medium,1,14.8718,3405.19,8.13335,0.109917,0.0449263
1071,RL,1,BSDF Heavy,-0.405465,Medium,1,High,2,8.6551,1978.06,7.59038,0.094238,0.0449218
1072,RL,2,Balanced,0.405465,High,2,Medium,1,14.879,3403.32,8.1328,0.110241,0.0449173
1073,RL,1,BSDF Heavy,-0.405465,Medium,1,High,2,8.74127,1999.05,7.60093,0.0950347,0.0449128
1074,RL,2,Light Heavy,1,High,2,Low,0,14.9763,3427.91,8.14,0.110368,0.0449083
1075,RL,0,BSDF Heavy,-1,Low,0,High,2,3.94497,911.351,6.81602,0.0469116,0.0449038
1076,RL,2,Light Heavy,1,High,2,Low,0,14.9268,3414.63,8.13612,0.11044,0.0448993
1077,RL,0,BSDF Heavy,-1,Low,0,High,2,3.90991,901.756,6.80545,0.0472531,0.0448948
1078,RL,2,BSDF Heavy,0,High,2,High,2,14.8155,3391.68,8.12938,0.109946,0.0448904
1079,RL,2,BSDF Heavy,0,High,2,High,2,14.8224,3394.71,8.13027,0.109306,0.0448859
1080,RL,2,BSDF Heavy,0,High,2,High,2,14.8402,3399.18,8.13158,0.110133,0.0448814
1081,RL,2,BSDF Heavy,0,High,2,High,2,14.8602,3400.14,8.13187,0.110069,0.0448769
1082,RL,2,BSDF Heavy,0,High,2,High,2,14.7044,3366.55,8.12194,0.109117,0.0448724
1083,RL,2,BSDF Heavy,0,High,2,High,2,14.9623,3424.27,8.13894,0.110449,0.0448679
1084,RL,2,BSDF Heavy,0,High,2,High,2,14.8504,3401.37,8.13223,0.109898,0.0448634
1085,RL,2,Light Heavy,1,High,2,Low,0,14.8782,3405.84,8.13354,0.110168,0.0448589
1086,RL,0,BSDF Heavy,-1,Low,0,High,2,3.88633,896.474,6.79958,0.0469927,0.0448545
1087,RL,2,Balanced,0.405465,High,2,Medium,1,14.848,3400.98,8.13211,0.109552,0.04485
1088,RL,1,BSDF Heavy,-0.405465,Medium,1,High,2,8.67309,1983.51,7.59313,0.0943113,0.0448455
1089,RL,2,BSDF Heavy,0,High,2,High,2,14.839,3399.55,8.13169,0.110031,0.044841
1090,RL,2,BSDF Heavy,0,High,2,High,2,14.8154,3391.51,8.12932,0.109579,0.0448365
1091,RL,2,BSDF Heavy,0,High,2,High,2,14.9094,3413.95,8.13592,0.109817,0.044832
1092,RL,2,BSDF Heavy,0,High,2,High,2,14.7773,3385.47,8.12754,0.109101,0.0448276
1093,RL,2,BSDF Heavy,0,High,2,High,2,14.9709,3424.43,8.13898,0.110019,0.0448231
1094,RL,2,BSDF Heavy,0,High,2,High,2,14.8686,3406.52,8.13374,0.10925,0.0448186
1095,RL,2,BSDF Heavy,0,High,2,High,2,14.8799,3407.13,8.13392,0.10966,0.0448141
1096,RL,2,BSDF Heavy,0,High,2,High,2,14.8724,3402.85,8.13266,0.110176,0.0448096
1097,RL,2,BSDF Heavy,0,High,2,High,2,14.757,3381.35,8.12633,0.109736,0.0448051
1098,RL,2,BSDF Heavy,0,High,2,High,2,14.8864,3406.74,8.13381,0.109547,0.0448007
1099,RL,2,BSDF Heavy,0,High,2,High,2,14.9224,3417.83,8.13705,0.109851,0.0447962
1100,RL,2,BSDF Heavy,0,High,2,High,2,14.8789,3404.52,8.13315,0.109973,0.0447917
1101,RL,2,BSDF Heavy,0,High,2,High,2,14.8142,3391.96,8.12946,0.109855,0.0447872
1102,RL,2,BSDF Heavy,0,High,2,High,2,14.8653,3404.71,8.13321,0.109875,0.0447828
1103,RL,2,BSDF Heavy,0,High,2,High,2,14.846,3396.36,8.13075,0.109686,0.0447783
1104,RL,2,BSDF Heavy,0,High,2,High,2,14.7703,3382.81,8.12676,0.109279,0.0447738
1105,RL,2,BSDF Heavy,0,High,2,High,2,14.8405,3397.59,8.13111,0.110502,0.0447693
1106,RL,2,BSDF Heavy,0,High,2,High,2,14.7743,3382.61,8.1267,0.109711,0.0447648
1107,RL,2,BSDF Heavy,0,High,2,High,2,14.8502,3401.79,8.13235,0.109186,0.0447604
1108,RL,2,BSDF Heavy,0,High,2,High,2,14.9897,3429.28,8.1404,0.110417,0.0447559
1109,RL,2,BSDF Heavy,0,High,2,High,2,15.0057,3436.76,8.14258,0.110191,0.0447514
1110,RL,2,BSDF Heavy,0,High,2,High,2,14.8397,3397.88,8.1312,0.109774,0.0447469
1111,RL,2,BSDF Heavy,0,High,2,High,2,14.9881,3431.58,8.14107,0.110517,0.0447425
1112,RL,2,BSDF Heavy,0,High,2,High,2,14.9391,3419.33,8.13749,0.11049,0.044738
1113,RL,2,BSDF Heavy,0,High,2,High,2,14.8736,3404.93,8.13327,0.110064,0.0447335
1114,RL,2,BSDF Heavy,0,High,2,High,2,14.805,3386.06,8.12772,0.110183,0.044729
1115,RL,2,BSDF Heavy,0,High,2,High,2,14.9236,3413.59,8.13581,0.110415,0.0447246
1116,RL,2,BSDF Heavy,0,High,2,High,2,14.9278,3417.65,8.137,0.110044,0.0447201
1117,RL,2,BSDF Heavy,0,High,2,High,2,14.8503,3400.25,8.1319,0.109454,0.0447156
1118,RL,2,BSDF Heavy,0,High,2,High,2,14.9276,3418.31,8.13719,0.109726,0.0447112
1119,RL,2,Light Heavy,1,High,2,Low,0,14.8655,3404.14,8.13304,0.109529,0.0447067
1120,RL,0,BSDF Heavy,-1,Low,0,High,2,3.93317,908.097,6.81245,0.0472338,0.0447022
1121,RL,2,BSDF Heavy,0,High,2,High,2,14.9055,3413.87,8.1359,0.109396,0.0446977
1122,RL,2,BSDF Heavy,0,High,2,High,2,14.9632,3425.39,8.13926,0.110013,0.0446933
1123,RL,2,BSDF Heavy,0,High,2,High,2,14.9424,3420.59,8.13786,0.110351,0.0446888
1124,RL,2,BSDF Heavy,0,High,2,High,2,14.8883,3409.36,8.13457,0.11015,0.0446843
1125,RL,2,BSDF Heavy,0,High,2,High,2,14.793,3390.42,8.129,0.109149,0.0446799
1126,RL,2,BSDF Heavy,0,High,2,High,2,14.9703,3426.18,8.13949,0.110041,0.0446754
1127,RL,2,BSDF Heavy,0,High,2,High,2,14.8454,3399.67,8.13173,0.109745,0.0446709
1128,RL,2,BSDF Heavy,0,High,2,High,2,14.8979,3411.61,8.13523,0.110125,0.0446665
1129,RL,2,BSDF Heavy,0,High,2,High,2,14.7876,3385.53,8.12756,0.109531,0.044662
1130,RL,2,Balanced,0.405465,High,2,Medium,1,14.9193,3416.59,8.13669,0.109863,0.0446575
1131,RL,1,Light Heavy,0.693147,Medium,1,Low,0,8.76612,2003.33,7.60307,0.094892,0.0446531
1132,RL,0,Balanced,-0.693147,Low,0,Medium,1,3.9372,908.697,6.81311,0.0472049,0.0446486
1133,RL,1,Light Heavy,0.693147,Medium,1,Low,0,8.57156,1959.24,7.58082,0.0937654,0.0446441
1134,RL,0,Balanced,-0.693147,Low,0,Medium,1,3.89744,899.41,6.80285,0.0469792,0.0446397
1135,RL,1,Balanced,0,Medium,1,Medium,1,8.68095,1984.98,7.59387,0.0938349,0.0446352
1136,RL,1,Balanced,0,Medium,1,Medium,1,8.71098,1991.7,7.59725,0.0947434,0.0446307
1137,RL,1,Balanced,0,Medium,1,Medium,1,8.64153,1976.23,7.58945,0.0949016,0.0446263
1138,RL,1,Balanced,0,Medium,1,Medium,1,8.67473,1984.61,7.59368,0.0936728,0.0446218
1139,RL,1,Balanced,0,Medium,1,Medium,1,8.64385,1976.88,7.58978,0.0939487,0.0446174
1140,RL,1,Balanced,0,Medium,1,Medium,1,8.64338,1976.3,7.58949,0.0938947,0.0446129
1141,RL,1,Balanced,0,Medium,1,Medium,1,8.62453,1973.49,7.58807,0.0940259,0.0446084
1142,RL,1,Balanced,0,Medium,1,Medium,1,8.67829,1985.63,7.59419,0.0942978,0.044604
1143,RL,1,Balanced,0,Medium,1,Medium,1,8.70899,1990.74,7.59676,0.0943827,0.0445995
1144,RL,1,Balanced,0,Medium,1,Medium,1,8.61436,1970.71,7.58666,0.0942033,0.0445951
1145,RL,1,Balanced,0,Medium,1,Medium,1,8.73733,1999.26,7.60103,0.0944907,0.0445906
1146,RL,1,Balanced,0,Medium,1,Medium,1,8.65682,1980.75,7.59173,0.0940625,0.0445861
1147,RL,1,Balanced,0,Medium,1,Medium,1,8.72003,1991.89,7.59734,0.0951427,0.0445817
1148,RL,1,Balanced,0,Medium,1,Medium,1,8.68633,1986,7.59438,0.094566,0.0445772
1149,RL,1,Balanced,0,Medium,1,Medium,1,8.65948,1982.47,7.5926,0.0941088,0.0445728
1150,RL,1,Balanced,0,Medium,1,Medium,1,8.65188,1976.14,7.58941,0.0948148,0.0445683
1151,RL,1,Balanced,0,Medium,1,Medium,1,8.70438,1988.47,7.59562,0.094701,0.0445639
1152,RL,1,Balanced,0,Medium,1,Medium,1,8.72652,1996.34,7.59957,0.0947975,0.0445594
1153,RL,1,Balanced,0,Medium,1,Medium,1,8.73207,1995.76,7.59928,0.0948553,0.0445549
1154,RL,1,Balanced,0,Medium,1,Medium,1,8.64086,1976.71,7.58969,0.093858,0.0445505
1155,RL,1,Balanced,0,Medium,1,Medium,1,8.658,1980.07,7.59139,0.0940664,0.044546
1156,RL,1,Balanced,0,Medium,1,Medium,1,8.74307,2001.41,7.60211,0.0942786,0.0445416
1157,RL,1,Balanced,0,Medium,1,Medium,1,8.74671,2000.7,7.60175,0.0947743,0.0445371
1158,RL,1,Balanced,0,Medium,1,Medium,1,8.68671,1989.52,7.59615,0.0936458,0.0445327
1159,RL,1,Balanced,0,Medium,1,Medium,1,8.69989,1989.98,7.59638,0.0942863,0.0445282
1160,RL,1,Balanced,0,Medium,1,Medium,1,8.70898,1993.98,7.59839,0.0946586,0.0445238
1161,RL,1,Balanced,0,Medium,1,Medium,1,8.63823,1974.48,7.58856,0.0942728,0.0445193
1162,RL,1,Balanced,0,Medium,1,Medium,1,8.68282,1987.6,7.59519,0.0938387,0.0445149
1163,RL,1,Balanced,0,Medium,1,Medium,1,8.63215,1973.83,7.58824,0.0944965,0.0445104
1164,RL,1,Balanced,0,Medium,1,Medium,1,8.70073,1987.9,7.59534,0.094836,0.044506
1165,RL,1,Balanced,0,Medium,1,Medium,1,8.60969,1968.3,7.58543,0.0940934,0.0445015
1166,RL,1,Balanced,0,Medium,1,Medium,1,8.74326,2002.49,7.60265,0.0940548,0.0444971
1167,RL,1,Light Heavy,0.693147,Medium,1,Low,0,8.64979,1979.84,7.59128,0.0941474,0.0444926
1168,RL,0,Balanced,-0.693147,Low,0,Medium,1,3.95054,912.276,6.81704,0.0471971,0.0444882
1169,RL,1,Light Heavy,0.693147,Medium,1,Low,0,8.71014,1992.7,7.59775,0.0944907,0.0444837
1170,RL,0,Balanced,-0.693147,Low,0,Medium,1,3.96361,915.995,6.8211,0.0470621,0.0444793
1171,RL,1,BSDF Heavy,-0.405465,Medium,1,High,2,8.7772,2009.49,7.60613,0.0944657,0.0444748
1172,RL,2,Balanced,0.405465,High,2,Medium,1,14.8917,3411.94,8.13533,0.110158,0.0444704
1173,RL,1,Light Heavy,0.693147,Medium,1,Low,0,8.59997,1967.28,7.58492,0.0941705,0.0444659
1174,RL,0,Balanced,-0.693147,Low,0,Medium,1,3.97878,919.852,6.8253,0.0470814,0.0444615
1175,RL,1,Balanced,0,Medium,1,Medium,1,8.75035,2001.48,7.60214,0.094892,0.044457
1176,RL,1,Balanced,0,Medium,1,Medium,1,8.75662,2002.92,7.60286,0.0942689,0.0444526
1177,RL,1,Balanced,0,Medium,1,Medium,1,8.74508,1999.39,7.6011,0.0945409,0.0444481
1178,RL,1,Balanced,0,Medium,1,Medium,1,8.69829,1988.29,7.59553,0.0942843,0.0444437
1179,RL,1,Balanced,0,Medium,1,Medium,1,8.68346,1987.32,7.59505,0.0939892,0.0444392
1180,RL,1,Balanced,0,Medium,1,Medium,1,8.72456,1997.96,7.60038,0.0939853,0.0444348
1181,RL,1,Balanced,0,Medium,1,Medium,1,8.6282,1973.25,7.58794,0.0942978,0.0444304
1182,RL,1,BSDF Heavy,-0.405465,Medium,1,High,2,8.70195,1989.44,7.59611,0.0948129,0.0444259
1183,RL,2,Light Heavy,1,High,2,Low,0,14.9294,3415.19,8.13628,0.110633,0.0444215
1184,RL,0,Light Heavy,0,Low,0,Low,0,3.90075,899.447,6.80289,0.0468673,0.044417
1185,RL,0,Light Heavy,0,Low,0,Low,0,3.93998,909.404,6.81389,0.0471663,0.0444126
1186,RL,0,Light Heavy,0,Low,0,Low,0,3.94165,910.44,6.81503,0.0470062,0.0444082
1187,RL,0,Light Heavy,0,Low,0,Low,0,3.93206,908.081,6.81243,0.0467593,0.0444037
1188,RL,0,Light Heavy,0,Low,0,Low,0,3.92387,905.762,6.80988,0.0472975,0.0443993
1189,RL,0,Light Heavy,0,Low,0,Low,0,3.93716,909.139,6.8136,0.0468461,0.0443948
1190,RL,0,Light Heavy,0,Low,0,Low,0,3.9079,900.824,6.80442,0.0470718,0.0443904
1191,RL,0,Light Heavy,0,Low,0,Low,0,3.95958,913.822,6.81873,0.0474093,0.044386
1192,RL,0,Light Heavy,0,Low,0,Low,0,3.95335,913.136,6.81798,0.0472049,0.0443815
1193,RL,0,Light Heavy,0,Low,0,Low,0,3.92359,905.087,6.80914,0.0469309,0.0443771
1194,RL,0,Light Heavy,0,Low,0,Low,0,3.89474,899.403,6.80284,0.0464063,0.0443726
1195,RL,0,Light Heavy,0,Low,0,Low,0,3.91835,904.179,6.80813,0.0471431,0.0443682
1196,RL,0,Light Heavy,0,Low,0,Low,0,3.95742,914.508,6.81948,0.0470139,0.0443638
1197,RL,0,Light Heavy,0,Low,0,Low,0,3.9274,908.074,6.81243,0.0468171,0.0443593
1198,RL,0,Light Heavy,0,Low,0,Low,0,3.93105,907.671,6.81198,0.0471084,0.0443549
1199,RL,0,Light Heavy,0,Low,0,Low,0,3.88033,895.099,6.79805,0.04712,0.0443505
1200,RL,0,Light Heavy,0,Low,0,Low,0,3.95523,912.436,6.81721,0.0473708,0.044346
1201,RL,0,Light Heavy,0,Low,0,Low,0,3.92714,904.764,6.80878,0.0478414,0.0443416
1202,RL,0,Light Heavy,0,Low,0,Low,0,3.9968,924.255,6.83007,0.0474402,0.0443372
1203,RL,0,Light Heavy,0,Low,0,Low,0,3.87523,894.935,6.79787,0.0465606,0.0443327
1204,RL,0,Light Heavy,0,Low,0,Low,0,3.95376,912.427,6.8172,0.0476543,0.0443283
1205,RL,0,Light Heavy,0,Low,0,Low,0,3.95438,913.426,6.8183,0.0470332,0.0443239
1206,RL,0,Light Heavy,0,Low,0,Low,0,3.91194,901.796,6.8055,0.0470409,0.0443194
1207,RL,0,Light Heavy,0,Low,0,Low,0,3.93873,907.582,6.81189,0.0476254,0.044315
1208,RL,0,Light Heavy,0,Low,0,Low,0,3.97088,915.258,6.8203,0.0477103,0.0443106
1209,RL,0,Light Heavy,0,Low,0,Low,0,3.93206,907.073,6.81132,0.0474016,0.0443061
1210,RL,0,Light Heavy,0,Low,0,Low,0,3.92243,904.88,6.80891,0.046983,0.0443017
1211,RL,0,Light Heavy,0,Low,0,Low,0,3.94893,909.829,6.81436,0.0475,0.0442973
1212,RL,0,Light Heavy,0,Low,0,Low,0,3.98266,919.723,6.82516,0.0473515,0.0442928
1213,RL,0,Light Heavy,0,Low,0,Low,0,3.90278,899.612,6.80307,0.0472608,0.0442884
1214,RL,0,Light Heavy,0,Low,0,Low,0,3.9509,911.663,6.81637,0.0472454,0.044284
1215,RL,0,Light Heavy,0,Low,0,Low,0,3.87577,894.099,6.79693,0.0465953,0.0442796
1216,RL,0,Light Heavy,0,Low,0,Low,0,3.97504,917.176,6.82239,0.0476138,0.0442751
1217,RL,0,Light Heavy,0,Low,0,Low,0,3.98976,922.219,6.82787,0.0474093,0.0442707
1218,RL,0,Light Heavy,0,Low,0,Low,0,3.95374,913.038,6.81787,0.0472762,0.0442663
1219,RL,0,Light Heavy,0,Low,0,Low,0,3.91501,904.049,6.80799,0.0471528,0.0442618
1220,RL,0,Light Heavy,0,Low,0,Low,0,3.91042,901.57,6.80525,0.0470756,0.0442574
1221,RL,0,Light Heavy,0,Low,0,Low,0,3.92889,906.871,6.8111,0.0470332,0.044253
1222,RL,0,Light Heavy,0,Low,0,Low,0,3.95916,913.827,6.81873,0.0471566,0.0442486
1223,RL,0,Light Heavy,0,Low,0,Low,0,3.964,914.814,6.81981,0.0471991,0.0442441
1224,RL,0,Light Heavy,0,Low,0,Low,0,3.94787,912.007,6.81674,0.0469965,0.0442397
1225,RL,0,Light Heavy,0,Low,0,Low,0,3.91269,902.744,6.80655,0.0466995,0.0442353
1226,RL,0,Light Heavy,0,Low,0,Low,0,3.94371,911.018,6.81566,0.0468576,0.0442309
1227,RL,0,Light Heavy,0,Low,0,Low,0,3.933,908.73,6.81315,0.0470853,0.0442264
1228,RL,0,Light Heavy,0,Low,0,Low,0,3.98852,921.198,6.82676,0.0474595,0.044222
1229,RL,0,Light Heavy,0,Low,0,Low,0,3.95233,913.803,6.81871,0.0468731,0.0442176
1230,RL,0,Light Heavy,0,Low,0,Low,0,3.97537,918.195,6.8235,0.0473167,0.0442132
1231,RL,0,Light Heavy,0,Low,0,Low,0,3.91525,903.907,6.80783,0.0473032,0.0442088
1232,RL,0,Light Heavy,0,Low,0,Low,0,3.89717,899.11,6.80252,0.0467593,0.0442043
1233,RL,0,Light Heavy,0,Low,0,Low,0,3.99059,922.036,6.82767,0.0475154,0.0441999
1234,RL,0,Light Heavy,0,Low,0,Low,0,3.9281,906.135,6.81029,0.0471258,0.0441955
1235,RL,0,Light Heavy,0,Low,0,Low,0,3.93923,909.465,6.81396,0.0470139,0.0441911
1236,RL,0,Light Heavy,0,Low,0,Low,0,3.99565,924.723,6.83057,0.0466667,0.0441867
1237,RL,0,Light Heavy,0,Low,0,Low,0,3.91204,903.231,6.80708,0.0467477,0.0441822
1238,RL,0,Light Heavy,0,Low,0,Low,0,3.96798,916.604,6.82177,0.0473071,0.0441778
1239,RL,0,Light Heavy,0,Low,0,Low,0,3.92002,905.552,6.80965,0.0468808,0.0441734
1240,RL,0,Light Heavy,0,Low,0,Low,0,3.94288,909.271,6.81374,0.0475772,0.044169
1241,RL,0,Light Heavy,0,Low,0,Low,0,3.92823,906.934,6.81117,0.0473225,0.0441646
1242,RL,0,Light Heavy,0,Low,0,Low,0,3.91322,901.787,6.80549,0.047309,0.0441602
1243,RL,0,Light Heavy,0,Low,0,Low,0,3.90346,900.169,6.80369,0.0468229,0.0441557
1244,RL,0,Light Heavy,0,Low,0,Low,0,3.98397,920.003,6.82546,0.0475965,0.0441513
1245,RL,0,Light Heavy,0,Low,0,Low,0,3.93014,907.332,6.81161,0.0469078,0.0441469
1246,RL,0,Light Heavy,0,Low,0,Low,0,3.89939,898.116,6.80141,0.0472647,0.0441425
1247,RL,0,Light Heavy,0,Low,0,Low,0,3.91269,902.648,6.80644,0.0468789,0.0441381
1248,RL,0,Light Heavy,0,Low,0,Low,0,3.9336,907.639,6.81195,0.0472434,0.0441337
1249,RL,0,Light Heavy,0,Low,0,Low,0,3.97504,918.457,6.82378,0.0474383,0.0441293
1250,RL,0,Light Heavy,0,Low,0,Low,0,3.90578,901.182,6.80482,0.04712,0.0441248
1251,RL,0,Light Heavy,0,Low,0,Low,0,3.86963,891.248,6.79374,0.0472724,0.0441204
1252,RL,0,Light Heavy,0,Low,0,Low,0,3.95512,914.703,6.81969,0.0465413,0.044116
1253,RL,0,Light Heavy,0,Low,0,Low,0,3.89398,900.195,6.80372,0.0465123,0.0441116
1254,RL,0,Light Heavy,0,Low,0,Low,0,3.96056,914.106,6.81904,0.0472666,0.0441072
1255,RL,0,Light Heavy,0,Low,0,Low,0,3.89359,898.072,6.80136,0.0468229,0.0441028
1256,RL,0,Light Heavy,0,Low,0,Low,0,3.93679,907.474,6.81177,0.0471586,0.0440984
1257,RL,0,Light Heavy,0,Low,0,Low,0,3.90349,900.803,6.8044,0.0471431,0.044094
1258,RL,0,Light Heavy,0,Low,0,Low,0,3.92669,905.681,6.80979,0.0472184,0.0440896
1259,RL,0,Light Heavy,0,Low,0,Low,0,3.97183,917.331,6.82256,0.0474286,0.0440852
1260,RL,0,Light Heavy,0,Low,0,Low,0,3.95858,913.76,6.81866,0.0475096,0.0440807
1261,RL,0,Light Heavy,0,Low,0,Low,0,3.92371,905.729,6.80984,0.0468789,0.0440763
1262,RL,0,Light Heavy,0,Low,0,Low,0,3.95372,912.952,6.81778,0.0473071,0.0440719
1263,RL,0,BSDF Heavy,-1,Low,0,High,2,3.96889,917.206,6.82242,0.0471856,0.0440675
1264,RL,2,Light Heavy,1,High,2,Low,0,14.8802,3405.15,8.13334,0.109738,0.0440631
1265,RL,0,Light Heavy,0,Low,0,Low,0,3.93254,907.644,6.81195,0.0471084,0.0440587
1266,RL,0,Light Heavy,0,Low,0,Low,0,3.99185,922.536,6.82821,0.0470949,0.0440543
1267,RL,0,Light Heavy,0,Low,0,Low,0,3.92603,905.943,6.81008,0.0472454,0.0440499
1268,RL,0,Light Heavy,0,Low,0,Low,0,3.95389,914.312,6.81926,0.046576,0.0440455
1269,RL,0,Light Heavy,0,Low,0,Low,0,3.91173,903.811,6.80773,0.0465046,0.0440411
1270,RL,0,Light Heavy,0,Low,0,Low,0,3.93805,908.642,6.81305,0.0474344,0.0440367
1271,RL,0,Light Heavy,0,Low,0,Low,0,3.96317,915.24,6.82028,0.0471566,0.0440323
1272,RL,0,Light Heavy,0,Low,0,Low,0,3.97694,918.684,6.82403,0.0473187,0.0440279
1273,RL,0,Light Heavy,0,Low,0,Low,0,3.93651,908.002,6.81235,0.0470081,0.0440235
1274,RL,0,Light Heavy,0,Low,0,Low,0,3.94139,910.339,6.81491,0.0469483,0.0440191
1275,RL,0,Light Heavy,0,Low,0,Low,0,3.93497,907.583,6.81189,0.0474576,0.0440147
1276,RL,0,BSDF Heavy,-1,Low,0,High,2,3.93634,909.768,6.81429,0.0465799,0.0440103
1277,RL,2,BSDF Heavy,0,High,2,High,2,14.7911,3385.92,8.12768,0.10977,0.0440059
1278,RL,2,Light Heavy,1,High,2,Low,0,14.8013,3387.61,8.12817,0.11017,0.0440015
1279,RL,0,Light Heavy,0,Low,0,Low,0,3.90663,901.705,6.8054,0.0470274,0.0439971
1280,RL,0,Light Heavy,0,Low,0,Low,0,3.94446,910.494,6.81509,0.0473322,0.0439927
1281,RL,0,Light Heavy,0,Low,0,Low,0,3.90568,900.882,6.80448,0.0470486,0.0439883
1282,RL,0,Light Heavy,0,Low,0,Low,0,3.95825,914.32,6.81927,0.0468943,0.0439839
1283,RL,0,Light Heavy,0,Low,0,Low,0,3.94119,910.965,6.8156,0.0465702,0.0439795
1284,RL,0,Light Heavy,0,Low,0,Low,0,3.92131,905.822,6.80995,0.0467747,0.0439751
1285,RL,0,Light Heavy,0,Low,0,Low,0,3.9523,913.806,6.81871,0.0469174,0.0439707
1286,RL,0,Light Heavy,0,Low,0,Low,0,3.88494,895.882,6.79892,0.0469078,0.0439663
1287,RL,0,Light Heavy,0,Low,0,Low,0,3.9117,901.839,6.80554,0.0473765,0.0439619
1288,RL,0,Light Heavy,0,Low,0,Low,0,3.91332,902.579,6.80636,0.0470293,0.0439575
1289,RL,0,Light Heavy,0,Low,0,Low,0,3.95934,914.609,6.81959,0.0475482,0.0439531
1290,RL,0,Light Heavy,0,Low,0,Low,0,3.92315,906.075,6.81023,0.046985,0.0439487
1291,RL,0,Light Heavy,0,Low,0,Low,0,3.94241,910.718,6.81533,0.04701,0.0439443
1292,RL,0,Light Heavy,0,Low,0,Low,0,3.96165,915.311,6.82036,0.0474865,0.0439399
1293,RL,0,Light Heavy,0,Low,0,Low,0,3.89663,897.552,6.80078,0.0471605,0.0439355
1294,RL,0,Light Heavy,0,Low,0,Low,0,3.94064,910.359,6.81494,0.0471335,0.0439311
1295,RL,0,Light Heavy,0,Low,0,Low,0,3.9178,904.048,6.80799,0.0469715,0.0439267
1296,RL,0,Light Heavy,0,Low,0,Low,0,3.96626,914.821,6.81982,0.0474556,0.0439223
1297,RL,0,Light Heavy,0,Low,0,Low,0,3.98153,918.712,6.82406,0.0476543,0.0439179
1298,RL,0,Light Heavy,0,Low,0,Low,0,3.91153,902.791,6.8066,0.0470718,0.0439136
1299,RL,0,Light Heavy,0,Low,0,Low,0,3.91462,901.293,6.80494,0.0474383,0.0439092
1300,RL,0,Light Heavy,0,Low,0,Low,0,3.96457,915.888,6.82099,0.0472377,0.0439048
1301,RL,0,Light Heavy,0,Low,0,Low,0,3.95029,911.764,6.81648,0.0473939,0.0439004
1302,RL,0,Light Heavy,0,Low,0,Low,0,3.96589,915.569,6.82064,0.0471779,0.043896
1303,RL,0,Light Heavy,0,Low,0,Low,0,3.91582,903.759,6.80767,0.0470312,0.0438916
1304,RL,0,Light Heavy,0,Low,0,Low,0,3.95583,912.878,6.8177,0.0473264,0.0438872
1305,RL,0,Light Heavy,0,Low,0,Low,0,3.91778,903.435,6.80731,0.0471373,0.0438828
1306,RL,0,Light Heavy,0,Low,0,Low,0,3.95099,911.953,6.81668,0.0473978,0.0438784
1307,RL,0,Light Heavy,0,Low,0,Low,0,3.96254,914.534,6.81951,0.0472126,0.0438741
1308,RL,0,Light Heavy,0,Low,0,Low,0,3.94516,910.767,6.81538,0.0472184,0.0438697
1309,RL,0,Light Heavy,0,Low,0,Low,0,3.84743,887.857,6.78994,0.0466011,0.0438653
1310,RL,0,Light Heavy,0,Low,0,Low,0,4.00085,923.747,6.82952,0.0473264,0.0438609
1311,RL,0,Light Heavy,0,Low,0,Low,0,3.93937,910.408,6.81499,0.0471007,0.0438565
1312,RL,0,Light Heavy,0,Low,0,Low,0,3.89157,898.1,6.80139,0.0464371,0.0438521
1313,RL,0,Light Heavy,0,Low,0,Low,0,3.9365,909,6.81345,0.0470004,0.0438477
1314,RL,0,Light Heavy,0,Low,0,Low,0,3.95326,913.142,6.81799,0.0470004,0.0438433
1315,RL,0,Light Heavy,0,Low,0,Low,0,3.93299,906.718,6.81093,0.0474267,0.043839
1316,RL,0,Light Heavy,0,Low,0,Low,0,3.94556,911.236,6.8159,0.0471354,0.0438346
1317,RL,0,Light Heavy,0,Low,0,Low,0,3.94101,910.57,6.81517,0.0469869,0.0438302
1318,RL,0,Light Heavy,0,Low,0,Low,0,3.96921,916.354,6.82149,0.0472627,0.0438258
1319,RL,0,Light Heavy,0,Low,0,Low,0,3.94205,910.283,6.81485,0.0468692,0.0438214
1320,RL,0,Light Heavy,0,Low,0,Low,0,3.91828,903.869,6.80779,0.0471084,0.0438171
1321,RL,0,Light Heavy,0,Low,0,Low,0,3.96442,915.97,6.82107,0.0467747,0.0438127
1322,RL,0,Light Heavy,0,Low,0,Low,0,3.92185,905.247,6.80931,0.0469213,0.0438083
1323,RL,0,Light Heavy,0,Low,0,Low,0,3.93173,907.401,6.81169,0.047201,0.0438039
1324,RL,0,Light Heavy,0,Low,0,Low,0,3.89737,898.944,6.80233,0.047282,0.0437995
1325,RL,0,Light Heavy,0,Low,0,Low,0,3.95921,916.362,6.8215,0.0466165,0.0437951
1326,RL,0,BSDF Heavy,-1,Low,0,High,2,3.90094,900.233,6.80376,0.0467438,0.0437908
1327,RL,2,Light Heavy,1,High,2,Low,0,14.9873,3427.91,8.14,0.111086,0.0437864
1328,RL,0,Light Heavy,0,Low,0,Low,0,3.89299,896.964,6.80013,0.0473283,0.043782
1329,RL,0,Light Heavy,0,Low,0,Low,0,3.969,916.468,6.82162,0.047363,0.0437776
1330,RL,0,Light Heavy,0,Low,0,Low,0,3.97919,917.973,6.82326,0.0478202,0.0437733
1331,RL,0,Light Heavy,0,Low,0,Low,0,3.90712,900.452,6.80401,0.0471509,0.0437689
1332,RL,0,Light Heavy,0,Low,0,Low,0,3.98189,918.506,6.82384,0.047419,0.0437645
1333,RL,0,Light Heavy,0,Low,0,Low,0,3.95526,914.013,6.81894,0.0468287,0.0437601
1334,RL,0,Light Heavy,0,Low,0,Low,0,3.97482,917.597,6.82285,0.0474884,0.0437558
1335,RL,0,Light Heavy,0,Low,0,Low,0,3.88813,897.258,6.80046,0.0465316,0.0437514
1336,RL,0,Light Heavy,0,Low,0,Low,0,3.98927,921.9,6.82752,0.0470544,0.043747
1337,RL,0,Light Heavy,0,Low,0,Low,0,3.99364,922.325,6.82798,0.0474151,0.0437426
1338,RL,0,Light Heavy,0,Low,0,Low,0,3.98624,921.179,6.82674,0.0472164,0.0437382
1339,RL,0,Light Heavy,0,Low,0,Low,0,3.9583,914.77,6.81977,0.0469734,0.0437339
1340,RL,0,Light Heavy,0,Low,0,Low,0,3.9262,905.355,6.80943,0.0474421,0.0437295
1341,RL,0,Light Heavy,0,Low,0,Low,0,3.91354,903.054,6.80689,0.0473437,0.0437251
1342,RL,0,Light Heavy,0,Low,0,Low,0,3.95982,915.489,6.82055,0.0470255,0.0437208
1343,RL,0,Light Heavy,0,Low,0,Low,0,3.93213,907.553,6.81185,0.0470853,0.0437164
1344,RL,0,Light Heavy,0,Low,0,Low,0,3.92687,906.614,6.81082,0.0468692,0.043712
1345,RL,0,Light Heavy,0,Low,0,Low,0,3.96243,915.371,6.82042,0.0468113,0.0437076
1346,RL,0,Light Heavy,0,Low,0,Low,0,3.9045,901.657,6.80534,0.0468306,0.0437033
1347,RL,0,Light Heavy,0,Low,0,Low,0,3.98019,918.728,6.82408,0.0473032,0.0436989
1348,RL,0,Light Heavy,0,Low,0,Low,0,3.94336,911.157,6.81581,0.0468904,0.0436945
1349,RL,0,Light Heavy,0,Low,0,Low,0,3.90899,900.944,6.80455,0.0475231,0.0436902
1350,RL,0,Light Heavy,0,Low,0,Low,0,4.00929,925.771,6.83171,0.0474749,0.0436858
1351,RL,0,Light Heavy,0,Low,0,Low,0,3.92696,906.446,6.81063,0.0470274,0.0436814
1352,RL,3,Light Heavy,0,Low,0,Low,0,3.92817,906.234,6.8104,0.0472492,0.0436771
1353,RL,3,BSDF Heavy,-1,Low,0,High,2,3.9282,907.52,6.81182,0.0468441,0.0436727
1354,RL,5,BSDF Heavy,0,High,2,High,2,14.8928,3407.7,8.13409,0.11023,0.0436683
1355,RL,5,BSDF Heavy,0,High,2,High,2,14.8342,3393.63,8.12995,0.110677,0.043664
1356,RL,5,BSDF Heavy,0,High,2,High,2,14.8636,3400.29,8.13191,0.110195,0.0436596
1357,RL,5,BSDF Heavy,0,High,2,High,2,14.8202,3391.9,8.12944,0.109784,0.0436552
1358,RL,5,Light Heavy,1,High,2,Low,0,14.8246,3395.68,8.13055,0.10962,0.0436509
1359,RL,3,BSDF Heavy,-1,Low,0,High,2,3.91308,903.472,6.80735,0.0467863,0.0436465
1360,RL,5,Balanced,0.405465,High,2,Medium,1,14.8975,3408.16,8.13422,0.110592,0.0436421
1361,RL,4,BSDF Heavy,-0.405465,Medium,1,High,2,8.72979,1995.81,7.59931,0.0946528,0.0436378
1362,RL,5,BSDF Heavy,0,High,2,High,2,14.8634,3400.38,8.13194,0.110747,0.0436334
1363,RL,5,BSDF Heavy,0,High,2,High,2,14.9023,3415.01,8.13623,0.109637,0.043629
1364,RL,5,BSDF Heavy,0,High,2,High,2,14.9884,3427.99,8.14002,0.110718,0.0436247
1365,RL,5,BSDF Heavy,0,High,2,High,2,14.9594,3425.94,8.13942,0.109844,0.0436203
1366,RL,5,BSDF Heavy,0,High,2,High,2,14.8365,3399.37,8.13164,0.109877,0.043616
1367,RL,5,BSDF Heavy,0,High,2,High,2,14.8293,3395.42,8.13048,0.10939,0.0436116
1368,RL,5,BSDF Heavy,0,High,2,High,2,14.8779,3404.15,8.13304,0.109954,0.0436072
1369,RL,5,BSDF Heavy,0,High,2,High,2,14.8254,3393.03,8.12977,0.109738,0.0436029
1370,RL,5,BSDF Heavy,0,High,2,High,2,14.9211,3415.77,8.13645,0.110374,0.0435985
1371,RL,5,BSDF Heavy,0,High,2,High,2,14.9031,3411.64,8.13524,0.109931,0.0435942
1372,RL,5,BSDF Heavy,0,High,2,High,2,14.9396,3417.95,8.13709,0.110648,0.0435898
1373,RL,5,BSDF Heavy,0,High,2,High,2,14.8627,3404.31,8.13309,0.10934,0.0435854
1374,RL,5,BSDF Heavy,0,High,2,High,2,14.9418,3419.72,8.13761,0.110262,0.0435811
1375,RL,5,BSDF Heavy,0,High,2,High,2,14.9739,3425.91,8.13941,0.110559,0.0435767
1376,RL,5,BSDF Heavy,0,High,2,High,2,14.8661,3405.66,8.13349,0.110002,0.0435724
1377,RL,5,Balanced,0.405465,High,2,Medium,1,14.8423,3397.26,8.13102,0.109817,0.043568
1378,RL,4,BSDF Heavy,-0.405465,Medium,1,High,2,8.68624,1986.3,7.59453,0.0941435,0.0435636
1379,RL,5,Balanced,0.405465,High,2,Medium,1,14.8777,3404.98,8.13329,0.110015,0.0435593
1380,RL,4,BSDF Heavy,-0.405465,Medium,1,High,2,8.73893,1999.7,7.60125,0.0945004,0.0435549
1381,RL,5,Light Heavy,1,High,2,Low,0,14.7234,3372.64,8.12375,0.109257,0.0435506
1382,RL,3,BSDF Heavy,-1,Low,0,High,2,3.91294,904.36,6.80833,0.0465394,0.0435462
1383,RL,5,Light Heavy,1,High,2,Low,0,14.9399,3419.27,8.13748,0.110181,0.0435419
1384,RL,3,BSDF Heavy,-1,Low,0,High,2,3.8913,897.94,6.80122,0.0472338,0.0435375
1385,RL,5,Light Heavy,1,High,2,Low,0,14.8822,3405.49,8.13344,0.110368,0.0435332
1386,RL,3,BSDF Heavy,-1,Low,0,High,2,4.00464,926.007,6.83196,0.0474923,0.0435288
1387,RL,5,Balanced,0.405465,High,2,Medium,1,14.7856,3384.39,8.12722,0.110081,0.0435245
1388,RL,4,BSDF Heavy,-0.405465,Medium,1,High,2,8.67411,1983.45,7.5931,0.0942091,0.0435201
1389,RL,5,Light Heavy,1,High,2,Low,0,14.8664,3403.23,8.13277,0.109745,0.0435158
1390,RL,3,BSDF Heavy,-1,Low,0,High,2,3.9518,912.436,6.81721,0.0472299,0.0435114
1391,RL,5,BSDF Heavy,0,High,2,High,2,14.7801,3381.79,8.12646,0.109932,0.0435071
1392,RL,5,BSDF Heavy,0,High,2,High,2,14.9883,3431.22,8.14096,0.110787,0.0435027
1393,RL,5,BSDF Heavy,0,High,2,High,2,14.9134,3417.35,8.13691,0.109622,0.0434983
1394,RL,5,BSDF Heavy,0,High,2,High,2,14.8554,3399.38,8.13164,0.110247,0.043494
1395,RL,5,BSDF Heavy,0,High,2,High,2,14.8751,3405.84,8.13354,0.109821,0.0434897
1396,RL,5,BSDF Heavy,0,High,2,High,2,14.8587,3401.42,8.13224,0.109545,0.0434853
1397,RL,5,BSDF Heavy,0,High,2,High,2,14.9338,3414.68,8.13613,0.110565,0.043481
1398,RL,5,BSDF Heavy,0,High,2,High,2,14.8781,3405.72,8.13351,0.110208,0.0434766
1399,RL,5,BSDF Heavy,0,High,2,High,2,14.8302,3395.73,8.13057,0.109828,0.0434723
1400,RL,5,BSDF Heavy,0,High,2,High,2,14.8149,3390.83,8.12912,0.109975,0.0434679
1401,RL,5,BSDF Heavy,0,High,2,High,2,14.9021,3413.64,8.13583,0.109844,0.0434636
1402,RL,5,BSDF Heavy,0,High,2,High,2,14.9168,3412.95,8.13563,0.110116,0.0434592
1403,RL,5,BSDF Heavy,0,High,2,High,2,14.8525,3401.24,8.13219,0.109846,0.0434549
1404,RL,5,BSDF Heavy,0,High,2,High,2,14.8511,3398.37,8.13135,0.109948,0.0434505
1405,RL,5,BSDF Heavy,0,High,2,High,2,14.9041,3411.01,8.13506,0.110301,0.0434462
1406,RL,5,BSDF Heavy,0,High,2,High,2,14.9594,3426.44,8.13957,0.109917,0.0434418
1407,RL,5,BSDF Heavy,0,High,2,High,2,14.9357,3415.57,8.13639,0.110951,0.0434375
1408,RL,5,BSDF Heavy,0,High,2,High,2,14.9445,3421.55,8.13814,0.110098,0.0434332
1409,RL,5,BSDF Heavy,0,High,2,High,2,14.8854,3410.59,8.13493,0.110089,0.0434288
1410,RL,5,BSDF Heavy,0,High,2,High,2,14.8874,3407.88,8.13414,0.110066,0.0434245
1411,RL,5,Light Heavy,1,High,2,Low,0,14.7694,3381.37,8.12633,0.109633,0.0434201
1412,RL,3,BSDF Heavy,-1,Low,0,High,2,3.98986,921.412,6.82699,0.0475135,0.0434158
1413,RL,5,Light Heavy,1,High,2,Low,0,15.0135,3432.43,8.14132,0.110943,0.0434114
1414,RL,3,BSDF Heavy,-1,Low,0,High,2,3.86396,890.034,6.79238,0.0471277,0.0434071
1415,RL,5,Balanced,0.405465,High,2,Medium,1,14.8752,3405.66,8.13349,0.109715,0.0434028
1416,RL,4,BSDF Heavy,-0.405465,Medium,1,High,2,8.64103,1977.12,7.5899,0.0939024,0.0433984
1417,RL,5,Balanced,0.405465,High,2,Medium,1,14.9238,3415.58,8.1364,0.11006,0.0433941
1418,RL,4,BSDF Heavy,-0.405465,Medium,1,High,2,8.73502,1997.94,7.60037,0.094375,0.0433897
1419,RL,5,Balanced,0.405465,High,2,Medium,1,14.9172,3413.41,8.13576,0.110505,0.0433854
1420,RL,4,BSDF Heavy,-0.405465,Medium,1,High,2,8.76896,2004.89,7.60384,0.095164,0.0433811
1421,RL,5,Balanced,0.405465,High,2,Medium,1,14.8758,3407.06,8.1339,0.109468,0.0433767
1422,RL,4,BSDF Heavy,-0.405465,Medium,1,High,2,8.68961,1987.33,7.59505,0.0950231,0.0433724
1423,RL,5,Balanced,0.405465,High,2,Medium,1,14.9209,3414.33,8.13603,0.109929,0.0433681
1424,RL,4,BSDF Heavy,-0.405465,Medium,1,High,2,8.6423,1976.26,7.58947,0.0939622,0.0433637
1425,RL,5,Balanced,0.405465,High,2,Medium,1,14.7715,3382.42,8.12664,0.109794,0.0433594
1426,RL,4,BSDF Heavy,-0.405465,Medium,1,High,2,8.77248,2008.8,7.60579,0.0942323,0.043355
1427,RL,5,Balanced,0.405465,High,2,Medium,1,14.8967,3410.75,8.13498,0.109716,0.0433507
1428,RL,4,BSDF Heavy,-0.405465,Medium,1,High,2,8.76053,2004.67,7.60373,0.0947878,0.0433464
1429,RL,5,Balanced,0.405465,High,2,Medium,1,14.7339,3375.87,8.12471,0.109537,0.043342
1430,RL,4,BSDF Heavy,-0.405465,Medium,1,High,2,8.69326,1988.05,7.59541,0.0943133,0.0433377
1431,RL,5,Balanced,0.405465,High,2,Medium,1,14.8411,3398.68,8.13144,0.109801,0.0433334
1432,RL,4,BSDF Heavy,-0.405465,Medium,1,High,2,8.71891,1996.61,7.59971,0.0937519,0.043329
1433,RL,5,Balanced,0.405465,High,2,Medium,1,14.8754,3406.18,8.13364,0.109593,0.0433247
1434,RL,4,BSDF Heavy,-0.405465,Medium,1,High,2,8.62386,1974.13,7.58839,0.0932986,0.0433204
1435,RL,5,Balanced,0.405465,High,2,Medium,1,14.8975,3412.15,8.13539,0.109784,0.043316
1436,RL,4,BSDF Heavy,-0.405465,Medium,1,High,2,8.75144,2003.89,7.60335,0.0943191,0.0433117
1437,RL,5,Balanced,0.405465,High,2,Medium,1,14.9149,3413.91,8.13591,0.109873,0.0433074
1438,RL,4,BSDF Heavy,-0.405465,Medium,1,High,2,8.6525,1977.27,7.58998,0.0944155,0.0433031
1439,RL,5,Balanced,0.405465,High,2,Medium,1,14.8196,3394.36,8.13016,0.109726,0.0432987
1440,RL,4,BSDF Heavy,-0.405465,Medium,1,High,2,8.619,1971.29,7.58695,0.0937288,0.0432944
1441,RL,5,BSDF Heavy,0,High,2,High,2,14.9041,3411.82,8.13529,0.109969,0.0432901
1442,RL,5,BSDF Heavy,0,High,2,High,2,14.989,3429.85,8.14056,0.110482,0.0432857
1443,RL,5,BSDF Heavy,0,High,2,High,2,14.8948,3410.18,8.13481,0.109823,0.0432814
1444,RL,5,BSDF Heavy,0,High,2,High,2,14.9741,3426.75,8.13966,0.110725,0.0432771
1445,RL,5,BSDF Heavy,0,High,2,High,2,14.7609,3378.52,8.12549,0.109851,0.0432727
1446,RL,5,BSDF Heavy,0,High,2,High,2,14.7454,3377.1,8.12507,0.109678,0.0432684
1447,RL,5,BSDF Heavy,0,High,2,High,2,14.9571,3425.21,8.13921,0.109491,0.0432641
1448,RL,5,BSDF Heavy,0,High,2,High,2,14.8781,3407.43,8.13401,0.109877,0.0432598
1449,RL,5,BSDF Heavy,0,High,2,High,2,14.7698,3383.05,8.12683,0.109666,0.0432554
1450,RL,5,BSDF Heavy,0,High,2,High,2,14.9437,3420.89,8.13795,0.110513,0.0432511
1451,RL,5,BSDF Heavy,0,High,2,High,2,14.7471,3373.32,8.12395,0.110133,0.0432468
1452,RL,5,BSDF Heavy,0,High,2,High,2,14.8639,3402.69,8.13261,0.109983,0.0432425
1453,RL,5,BSDF Heavy,0,High,2,High,2,14.9135,3414.26,8.13601,0.110264,0.0432381
1454,RL,5,BSDF Heavy,0,High,2,High,2,14.8525,3400.11,8.13186,0.109936,0.0432338
1455,RL,5,BSDF Heavy,0,High,2,High,2,14.8658,3404.16,8.13305,0.109483,0.0432295
1456,RL,5,BSDF Heavy,0,High,2,High,2,14.9565,3424.51,8.139,0.109913,0.0432252
1457,RL,5,BSDF Heavy,0,High,2,High,2,14.8585,3403.6,8.13288,0.109678,0.0432209
1458,RL,5,BSDF Heavy,0,High,2,High,2,14.8484,3399.04,8.13154,0.109576,0.0432165
1459,RL,5,BSDF Heavy,0,High,2,High,2,14.9632,3424.56,8.13902,0.110561,0.0432122
1460,RL,5,BSDF Heavy,0,High,2,High,2,14.8921,3410.62,8.13494,0.109938,0.0432079
1461,RL,5,BSDF Heavy,0,High,2,High,2,14.8728,3406.76,8.13381,0.109936,0.0432036
1462,RL,5,BSDF Heavy,0,High,2,High,2,14.9493,3423.27,8.13864,0.110355,0.0431992
1463,RL,5,BSDF Heavy,0,High,2,High,2,14.8269,3394.12,8.13009,0.10989,0.0431949
1464,RL,5,BSDF Heavy,0,High,2,High,2,14.8784,3407.82,8.13412,0.10977,0.0431906
1465,RL,5,BSDF Heavy,0,High,2,High,2,14.7933,3386.62,8.12788,0.11017,0.0431863
1466,RL,5,BSDF Heavy,0,High,2,High,2,14.8443,3397.79,8.13118,0.109973,0.043182
1467,RL,5,BSDF Heavy,0,High,2,High,2,14.8608,3400.66,8.13202,0.109724,0.0431776
1468,RL,5,BSDF Heavy,0,High,2,High,2,14.9142,3412.21,8.13541,0.1105,0.0431733
1469,RL,5,BSDF Heavy,0,High,2,High,2,14.8795,3408.45,8.13431,0.10974,0.043169
1470,RL,5,BSDF Heavy,0,High,2,High,2,14.8993,3412.29,8.13543,0.109815,0.0431647
1471,RL,5,BSDF Heavy,0,High,2,High,2,14.8697,3404.02,8.13301,0.109888,0.0431604
1472,RL,5,BSDF Heavy,0,High,2,High,2,14.6525,3358.91,8.11967,0.108439,0.0431561
1473,RL,5,BSDF Heavy,0,High,2,High,2,14.913,3413.85,8.13589,0.110262,0.0431518
1474,RL,5,BSDF Heavy,0,High,2,High,2,14.8859,3407.32,8.13398,0.110588,0.0431474
1475,RL,5,BSDF Heavy,0,High,2,High,2,14.9952,3432.94,8.14146,0.110297,0.0431431
1476,RL,5,BSDF Heavy,0,High,2,High,2,14.8734,3405.74,8.13351,0.109549,0.0431388
1477,RL,5,BSDF Heavy,0,High,2,High,2,14.7868,3386.86,8.12795,0.109686,0.0431345
1478,RL,5,BSDF Heavy,0,High,2,High,2,14.951,3421.84,8.13823,0.110482,0.0431302
1479,RL,5,BSDF Heavy,0,High,2,High,2,14.8372,3397.64,8.13113,0.109865,0.0431259
1480,RL,5,BSDF Heavy,0,High,2,High,2,14.826,3394.68,8.13026,0.110125,0.0431216
1481,RL,5,BSDF Heavy,0,High,2,High,2,14.8231,3395.92,8.13063,0.109489,0.0431172
1482,RL,5,BSDF Heavy,0,High,2,High,2,14.8945,3412.08,8.13537,0.109743,0.0431129
1483,RL,5,BSDF Heavy,0,High,2,High,2,14.863,3404.25,8.13307,0.110127,0.0431086
1484,RL,5,BSDF Heavy,0,High,2,High,2,14.8045,3390.42,8.129,0.109068,0.0431043
1485,RL,5,BSDF Heavy,0,High,2,High,2,14.8568,3402.05,8.13243,0.109869,0.0431
1486,RL,5,BSDF Heavy,0,High,2,High,2,14.799,3387.33,8.12809,0.109959,0.0430957
1487,RL,5,BSDF Heavy,0,High,2,High,2,14.9532,3424.19,8.13891,0.109942,0.0430914
1488,RL,5,BSDF Heavy,0,High,2,High,2,14.9403,3417.44,8.13694,0.110552,0.0430871
1489,RL,5,BSDF Heavy,0,High,2,High,2,14.8607,3403.41,8.13283,0.110106,0.0430828
1490,RL,5,BSDF Heavy,0,High,2,High,2,14.8407,3398.05,8.13125,0.10972,0.0430785
1491,RL,5,BSDF Heavy,0,High,2,High,2,14.8919,3410.51,8.13491,0.1099,0.0430741
1492,RL,5,BSDF Heavy,0,High,2,High,2,14.9224,3416.57,8.13669,0.109923,0.0430698
1493,RL,5,BSDF Heavy,0,High,2,High,2,14.8139,3390.25,8.12895,0.110147,0.0430655
1494,RL,5,BSDF Heavy,0,High,2,High,2,14.8956,3411.44,8.13518,0.110106,0.0430612
1495,RL,5,BSDF Heavy,0,High,2,High,2,14.8945,3408.94,8.13445,0.110258,0.0430569
1496,RL,5,BSDF Heavy,0,High,2,High,2,14.8953,3411.36,8.13516,0.10983,0.0430526
1497,RL,5,BSDF Heavy,0,High,2,High,2,14.8088,3391.13,8.12921,0.109508,0.0430483
1498,RL,5,BSDF Heavy,0,High,2,High,2,14.8983,3410.95,8.13504,0.109946,0.043044
1499,RL,5,BSDF Heavy,0,High,2,High,2,14.8572,3401.68,8.13232,0.109686,0.0430397
1500,RL,5,BSDF Heavy,0,High,2,High,2,14.8859,3409.33,8.13456,0.109882,0.0430354
1501,RL,5,BSDF Heavy,0,High,2,High,2,14.9444,3419.88,8.13765,0.110332,0.0430311
1502,RL,5,BSDF Heavy,0,High,2,High,2,15.0129,3434.05,8.14179,0.110498,0.0430268
1503,RL,5,BSDF Heavy,0,High,2,High,2,14.8655,3402.64,8.1326,0.109732,0.0430225
1504,RL,5,BSDF Heavy,0,High,2,High,2,14.8126,3390.82,8.12912,0.109938,0.0430182
1505,RL,5,BSDF Heavy,0,High,2,High,2,14.8216,3393.84,8.13001,0.109377,0.0430139
1506,RL,5,BSDF Heavy,0,High,2,High,2,14.8714,3406.55,8.13375,0.109666,0.0430096
1507,RL,5,BSDF Heavy,0,High,2,High,2,14.8184,3395.88,8.13061,0.109261,0.0430053
1508,RL,5,BSDF Heavy,0,High,2,High,2,14.8919,3410.69,8.13496,0.109626,0.043001
1509,RL,5,BSDF Heavy,0,High,2,High,2,14.9438,3422.44,8.1384,0.110291,0.0429967
1510,RL,5,BSDF Heavy,0,High,2,High,2,15.0137,3436.67,8.14255,0.110654,0.0429924
1511,RL,5,Balanced,0.405465,High,2,Medium,1,14.8246,3393.02,8.12977,0.109653,0.0429881
1512,RL,4,BSDF Heavy,-0.405465,Medium,1,High,2,8.69908,1989.95,7.59637,0.094647,0.0429838
1513,RL,5,Balanced,0.405465,High,2,Medium,1,14.7271,3373.32,8.12395,0.109468,0.0429795
1514,RL,4,BSDF Heavy,-0.405465,Medium,1,High,2,8.74292,1998.14,7.60047,0.0951833,0.0429752
1515,RL,5,Light Heavy,1,High,2,Low,0,14.949,3422.54,8.13843,0.110351,0.0429709
1516,RL,3,BSDF Heavy,-1,Low,0,High,2,3.97207,917.005,6.8222,0.0475617,0.0429666
1517,RL,5,BSDF Heavy,0,High,2,High,2,14.8592,3401.23,8.13218,0.109431,0.0429623
1518,RL,5,BSDF Heavy,0,High,2,High,2,14.9137,3411.64,8.13524,0.110864,0.042958
1519,RL,5,BSDF Heavy,0,High,2,High,2,14.8213,3392.4,8.12959,0.110322,0.0429537
1520,RL,5,BSDF Heavy,0,High,2,High,2,14.8954,3411.58,8.13523,0.109788,0.0429494
1521,RL,5,BSDF Heavy,0,High,2,High,2,14.7968,3388.24,8.12836,0.109317,0.0429451
1522,RL,5,BSDF Heavy,0,High,2,High,2,14.7934,3386.45,8.12783,0.109549,0.0429408
1523,RL,5,BSDF Heavy,0,High,2,High,2,15.0028,3434.19,8.14183,0.110372,0.0429365
1524,RL,5,BSDF Heavy,0,High,2,High,2,14.8855,3403.66,8.1329,0.110345,0.0429322
1525,RL,5,BSDF Heavy,0,High,2,High,2,14.8643,3401.68,8.13232,0.11027,0.0429279
1526,RL,5,BSDF Heavy,0,High,2,High,2,14.8921,3410.72,8.13497,0.110644,0.0429237
1527,RL,5,BSDF Heavy,0,High,2,High,2,14.8461,3398.84,8.13148,0.10995,0.0429194
1528,RL,5,BSDF Heavy,0,High,2,High,2,14.8245,3395.01,8.13036,0.1094,0.0429151
1529,RL,5,BSDF Heavy,0,High,2,High,2,14.8019,3391.09,8.1292,0.109647,0.0429108
1530,RL,5,BSDF Heavy,0,High,2,High,2,14.9309,3417.28,8.13689,0.110176,0.0429065
1531,RL,5,Light Heavy,1,High,2,Low,0,14.7979,3388.07,8.12831,0.109691,0.0429022
1532,RL,3,BSDF Heavy,-1,Low,0,High,2,3.88098,895.169,6.79813,0.0469464,0.0428979
1533,RL,5,Light Heavy,1,High,2,Low,0,14.7889,3387.02,8.128,0.109626,0.0428936
1534,RL,3,BSDF Heavy,-1,Low,0,High,2,3.93484,908.666,6.81308,0.0467708,0.0428893
1535,RL,5,Balanced,0.405465,High,2,Medium,1,14.9092,3413.07,8.13566,0.1101,0.042885
1536,RL,4,BSDF Heavy,-0.405465,Medium,1,High,2,8.6538,1979.3,7.591,0.094512,0.0428808
1537,RL,5,BSDF Heavy,0,High,2,High,2,14.9946,3430.95,8.14089,0.110293,0.0428765
1538,RL,5,BSDF Heavy,0,High,2,High,2,14.8041,3389.98,8.12887,0.109786,0.0428722
1539,RL,5,BSDF Heavy,0,High,2,High,2,14.8762,3407.3,8.13397,0.11044,0.0428679
1540,RL,5,BSDF Heavy,0,High,2,High,2,14.8176,3394.29,8.13015,0.109842,0.0428636
1541,RL,5,BSDF Heavy,0,High,2,High,2,14.7747,3380.32,8.12602,0.110068,0.0428593
1542,RL,5,BSDF Heavy,0,High,2,High,2,14.8527,3398.9,8.1315,0.110002,0.042855
1543,RL,5,BSDF Heavy,0,High,2,High,2,14.8376,3398.84,8.13148,0.110083,0.0428507
1544,RL,5,BSDF Heavy,0,High,2,High,2,14.9378,3421.44,8.13811,0.110068,0.0428465
1545,RL,5,BSDF Heavy,0,High,2,High,2,14.8972,3411.36,8.13516,0.110195,0.0428422
1546,RL,5,BSDF Heavy,0,High,2,High,2,14.9731,3427.27,8.13981,0.110123,0.0428379
1547,RL,5,BSDF Heavy,0,High,2,High,2,14.9177,3413.21,8.1357,0.109921,0.0428336
1548,RL,5,BSDF Heavy,0,High,2,High,2,14.8162,3391.27,8.12925,0.109934,0.0428293
1549,RL,5,BSDF Heavy,0,High,2,High,2,14.907,3414.31,8.13602,0.109959,0.042825
1550,RL,5,BSDF Heavy,0,High,2,High,2,14.7764,3385.12,8.12744,0.108769,0.0428208
1551,RL,5,BSDF Heavy,0,High,2,High,2,14.8139,3391.61,8.12935,0.109433,0.0428165
1552,RL,5,BSDF Heavy,0,High,2,High,2,14.816,3389.87,8.12884,0.109871,0.0428122
1553,RL,5,BSDF Heavy,0,High,2,High,2,14.9163,3416.92,8.13679,0.110363,0.0428079
1554,RL,5,BSDF Heavy,0,High,2,High,2,14.8645,3404.82,8.13324,0.109458,0.0428036
1555,RL,5,BSDF Heavy,0,High,2,High,2,14.8211,3393.02,8.12977,0.109363,0.0427994
1556,RL,5,BSDF Heavy,0,High,2,High,2,14.7578,3380.56,8.12609,0.109365,0.0427951
1557,RL,5,BSDF Heavy,0,High,2,High,2,14.8796,3408.14,8.13422,0.110133,0.0427908
1558,RL,5,BSDF Heavy,0,High,2,High,2,14.77,3383.45,8.12695,0.109007,0.0427865
1559,RL,5,BSDF Heavy,0,High,2,High,2,15.0115,3434.05,8.14179,0.110523,0.0427822
1560,RL,5,BSDF Heavy,0,High,2,High,2,14.7768,3382.93,8.12679,0.109878,0.042778
1561,RL,5,BSDF Heavy,0,High,2,High,2,14.9839,3430.41,8.14073,0.110571,0.0427737
1562,RL,5,BSDF Heavy,0,High,2,High,2,14.9267,3415.76,8.13645,0.110687,0.0427694
1563,RL,5,BSDF Heavy,0,High,2,High,2,15.0087,3430.27,8.14068,0.111564,0.0427651
1564,RL,5,BSDF Heavy,0,High,2,High,2,14.8856,3406.06,8.13361,0.110345,0.0427609
1565,RL,5,BSDF Heavy,0,High,2,High,2,14.8671,3402.64,8.1326,0.110247,0.0427566
1566,RL,5,BSDF Heavy,0,High,2,High,2,14.8705,3405.38,8.13341,0.109805,0.0427523
1567,RL,5,BSDF Heavy,0,High,2,High,2,15.068,3446.07,8.14528,0.111113,0.042748
1568,RL,5,BSDF Heavy,0,High,2,High,2,14.9294,3416.85,8.13677,0.110359,0.0427438
1569,RL,5,BSDF Heavy,0,High,2,High,2,14.8508,3400.79,8.13206,0.109794,0.0427395
1570,RL,5,BSDF Heavy,0,High,2,High,2,15.0122,3435.81,8.1423,0.110606,0.0427352
1571,RL,5,BSDF Heavy,0,High,2,High,2,14.8409,3397.87,8.1312,0.109614,0.0427309
1572,RL,5,BSDF Heavy,0,High,2,High,2,14.95,3425.08,8.13917,0.109888,0.0427267
1573,RL,5,BSDF Heavy,0,High,2,High,2,14.8962,3406.38,8.1337,0.110419,0.0427224
1574,RL,5,BSDF Heavy,0,High,2,High,2,14.8263,3395.12,8.13039,0.109853,0.0427181
1575,RL,5,BSDF Heavy,0,High,2,High,2,14.8269,3395.66,8.13055,0.109514,0.0427138
1576,RL,5,BSDF Heavy,0,High,2,High,2,14.8754,3404.33,8.1331,0.11033,0.0427096
1577,RL,5,BSDF Heavy,0,High,2,High,2,14.8087,3392.29,8.12955,0.109815,0.0427053
1578,RL,5,BSDF Heavy,0,High,2,High,2,14.7859,3387.26,8.12807,0.109302,0.042701
1579,RL,5,BSDF Heavy,0,High,2,High,2,14.8914,3409.36,8.13457,0.109929,0.0426968
1580,RL,5,BSDF Heavy,0,High,2,High,2,14.8366,3396.98,8.13094,0.11011,0.0426925
1581,RL,5,BSDF Heavy,0,High,2,High,2,14.8388,3396.89,8.13091,0.109502,0.0426882
1582,RL,5,BSDF Heavy,0,High,2,High,2,14.8748,3402.39,8.13253,0.110206,0.042684
1583,RL,5,BSDF Heavy,0,High,2,High,2,15.0032,3433.64,8.14167,0.110233,0.0426797
1584,RL,5,BSDF Heavy,0,High,2,High,2,14.8825,3405.5,8.13344,0.109905,0.0426754
1585,RL,5,BSDF Heavy,0,High,2,High,2,14.9769,3427.71,8.13994,0.11065,0.0426711
1586,RL,5,BSDF Heavy,0,High,2,High,2,14.9667,3424.52,8.13901,0.110095,0.0426669
1587,RL,5,BSDF Heavy,0,High,2,High,2,14.8216,3392.43,8.1296,0.110031,0.0426626
1588,RL,5,BSDF Heavy,0,High,2,High,2,14.9524,3420.84,8.13793,0.110642,0.0426584
1589,RL,5,BSDF Heavy,0,High,2,High,2,14.8785,3406.61,8.13377,0.109788,0.0426541
1590,RL,5,BSDF Heavy,0,High,2,High,2,14.8326,3398.58,8.13141,0.109983,0.0426498
1591,RL,5,BSDF Heavy,0,High,2,High,2,14.7831,3383.64,8.127,0.110039,0.0426456
1592,RL,5,BSDF Heavy,0,High,2,High,2,14.8613,3403.83,8.13295,0.109996,0.0426413
1593,RL,5,BSDF Heavy,0,High,2,High,2,14.8486,3399.24,8.1316,0.109873,0.042637
1594,RL,5,BSDF Heavy,0,High,2,High,2,14.9468,3419.1,8.13743,0.110656,0.0426328
1595,RL,5,BSDF Heavy,0,High,2,High,2,14.8935,3409.85,8.13472,0.109709,0.0426285
1596,RL,5,BSDF Heavy,0,High,2,High,2,14.8945,3409,8.13447,0.110328,0.0426242
1597,RL,5,BSDF Heavy,0,High,2,High,2,14.8378,3396.11,8.13068,0.110241,0.04262
1598,RL,5,BSDF Heavy,0,High,2,High,2,14.9013,3411.46,8.13519,0.109921,0.0426157
1599,RL,5,BSDF Heavy,0,High,2,High,2,14.8394,3397.38,8.13106,0.109655,0.0426114
1600,RL,5,BSDF Heavy,0,High,2,High,2,14.8243,3397.66,8.13114,0.108893,0.0426072
1601,RL,5,BSDF Heavy,0,High,2,High,2,14.8618,3404.9,8.13326,0.109709,0.0426029
1602,RL,5,BSDF Heavy,0,High,2,High,2,14.8352,3395.99,8.13064,0.110025,0.0425987
1603,RL,5,BSDF Heavy,0,High,2,High,2,14.9451,3421.31,8.13807,0.110241,0.0425944
1604,RL,5,BSDF Heavy,0,High,2,High,2,14.946,3420.02,8.13769,0.110448,0.0425902
1605,RL,5,BSDF Heavy,0,High,2,High,2,14.9106,3414.47,8.13607,0.109581,0.0425859
1606,RL,5,BSDF Heavy,0,High,2,High,2,14.8267,3393.58,8.12994,0.109986,0.0425816
1607,RL,5,BSDF Heavy,0,High,2,High,2,14.9946,3431.7,8.1411,0.110775,0.0425774
1608,RL,5,BSDF Heavy,0,High,2,High,2,15.0206,3437.99,8.14293,0.110554,0.0425731
1609,RL,5,BSDF Heavy,0,High,2,High,2,14.7935,3390.18,8.12893,0.109024,0.0425689
1610,RL,5,BSDF Heavy,0,High,2,High,2,14.8929,3409.31,8.13456,0.110351,0.0425646
1611,RL,5,BSDF Heavy,0,High,2,High,2,14.9381,3418.97,8.13739,0.110552,0.0425604
1612,RL,5,BSDF Heavy,0,High,2,High,2,14.9075,3411.27,8.13513,0.109797,0.0425561
1613,RL,5,BSDF Heavy,0,High,2,High,2,14.8151,3390.24,8.12895,0.10978,0.0425518
1614,RL,5,BSDF Heavy,0,High,2,High,2,14.876,3407.14,8.13392,0.109925,0.0425476
1615,RL,5,BSDF Heavy,0,High,2,High,2,14.8644,3403.95,8.13299,0.110214,0.0425433
1616,RL,5,BSDF Heavy,0,High,2,High,2,14.9703,3426.44,8.13957,0.110828,0.0425391
1617,RL,5,BSDF Heavy,0,High,2,High,2,14.9222,3415.98,8.13651,0.110231,0.0425348
1618,RL,5,BSDF Heavy,0,High,2,High,2,14.8352,3396.5,8.13079,0.109676,0.0425306
1619,RL,5,BSDF Heavy,0,High,2,High,2,14.9613,3423.17,8.13862,0.110559,0.0425263
1620,RL,5,BSDF Heavy,0,High,2,High,2,14.9437,3419.88,8.13765,0.110118,0.0425221
1621,RL,5,BSDF Heavy,0,High,2,High,2,14.8894,3409.8,8.1347,0.110079,0.0425178
1622,RL,5,BSDF Heavy,0,High,2,High,2,14.7774,3382.92,8.12679,0.109309,0.0425136
1623,RL,5,BSDF Heavy,0,High,2,High,2,14.7943,3385.25,8.12748,0.110039,0.0425093
1624,RL,5,BSDF Heavy,0,High,2,High,2,14.9068,3411.1,8.13508,0.110565,0.0425051
1625,RL,5,BSDF Heavy,0,High,2,High,2,14.9294,3416.93,8.13679,0.109801,0.0425008
1626,RL,5,BSDF Heavy,0,High,2,High,2,14.8965,3408.95,8.13445,0.110316,0.0424966
1627,RL,5,BSDF Heavy,0,High,2,High,2,14.9475,3423.52,8.13872,0.110071,0.0424923
1628,RL,5,BSDF Heavy,0,High,2,High,2,14.9004,3408.04,8.13418,0.110602,0.0424881
1629,RL,5,BSDF Heavy,0,High,2,High,2,14.9195,3416.42,8.13664,0.10995,0.0424838
1630,RL,5,BSDF Heavy,0,High,2,High,2,14.8833,3408.74,8.13439,0.109649,0.0424796
1631,RL,5,BSDF Heavy,0,High,2,High,2,14.8604,3401.05,8.13213,0.109975,0.0424753
1632,RL,5,BSDF Heavy,0,High,2,High,2,14.8146,3392.6,8.12965,0.110058,0.0424711
1633,RL,5,BSDF Heavy,0,High,2,High,2,14.9462,3419.78,8.13762,0.110503,0.0424668
1634,RL,5,BSDF Heavy,0,High,2,High,2,14.8648,3403.43,8.13283,0.110085,0.0424626
1635,RL,5,BSDF Heavy,0,High,2,High,2,14.9416,3417.05,8.13682,0.11021,0.0424583
1636,RL,5,BSDF Heavy,0,High,2,High,2,14.9107,3413.22,8.1357,0.110085,0.0424541
1637,RL,5,BSDF Heavy,0,High,2,High,2,14.9994,3432.92,8.14146,0.110608,0.0424498
1638,RL,5,BSDF Heavy,0,High,2,High,2,14.8335,3398.53,8.13139,0.109697,0.0424456
1639,RL,5,BSDF Heavy,0,High,2,High,2,14.8499,3398.86,8.13149,0.109915,0.0424413
1640,RL,5,BSDF Heavy,0,High,2,High,2,14.9515,3424.65,8.13905,0.11015,0.0424371
1641,RL,5,BSDF Heavy,0,High,2,High,2,14.7966,3388.51,8.12844,0.109649,0.0424329
1642,RL,5,BSDF Heavy,0,High,2,High,2,14.8722,3404.17,8.13305,0.109986,0.0424286
1643,RL,5,BSDF Heavy,0,High,2,High,2,14.9129,3411.44,8.13518,0.109936,0.0424244
1644,RL,5,BSDF Heavy,0,High,2,High,2,14.8577,3399.44,8.13166,0.110056,0.0424201
1645,RL,5,BSDF Heavy,0,High,2,High,2,14.7936,3385.33,8.1275,0.109742,0.0424159
1646,RL,5,BSDF Heavy,0,High,2,High,2,14.8999,3409.86,8.13472,0.109983,0.0424116
1647,RL,5,BSDF Heavy,0,High,2,High,2,14.8973,3410.95,8.13504,0.110355,0.0424074
1648,RL,5,BSDF Heavy,0,High,2,High,2,14.8919,3407.78,8.13411,0.110037,0.0424032
1649,RL,5,BSDF Heavy,0,High,2,High,2,14.7345,3374.77,8.12438,0.109315,0.0423989
1650,RL,5,BSDF Heavy,0,High,2,High,2,14.7849,3385.88,8.12766,0.109331,0.0423947
1651,RL,5,BSDF Heavy,0,High,2,High,2,14.8994,3410.12,8.1348,0.110492,0.0423904
1652,RL,5,BSDF Heavy,0,High,2,High,2,14.8115,3394.09,8.13009,0.109365,0.0423862
1653,RL,5,BSDF Heavy,0,High,2,High,2,14.7712,3384.53,8.12727,0.108762,0.042382
1654,RL,5,BSDF Heavy,0,High,2,High,2,14.8702,3405.34,8.13339,0.109979,0.0423777
1655,RL,5,BSDF Heavy,0,High,2,High,2,14.9112,3410.21,8.13482,0.110652,0.0423735
1656,RL,5,BSDF Heavy,0,High,2,High,2,14.8305,3396.41,8.13077,0.109848,0.0423693
1657,RL,5,BSDF Heavy,0,High,2,High,2,14.9399,3418.05,8.13712,0.11027,0.042365
1658,RL,5,BSDF Heavy,0,High,2,High,2,14.8487,3403.07,8.13273,0.109448,0.0423608
1659,RL,5,BSDF Heavy,0,High,2,High,2,14.9089,3409.53,8.13462,0.110409,0.0423565
1660,RL,5,BSDF Heavy,0,High,2,High,2,14.8099,3389.44,8.12871,0.109653,0.0423523
1661,RL,5,BSDF Heavy,0,High,2,High,2,14.8591,3401.18,8.13217,0.109695,0.0423481
1662,RL,5,BSDF Heavy,0,High,2,High,2,14.9523,3422.28,8.13835,0.110307,0.0423438
1663,RL,5,BSDF Heavy,0,High,2,High,2,14.8995,3411.13,8.13509,0.110422,0.0423396
1664,RL,5,BSDF Heavy,0,High,2,High,2,14.9132,3411.96,8.13533,0.109637,0.0423354
1665,RL,5,BSDF Heavy,0,High,2,High,2,14.8777,3405.33,8.13339,0.109884,0.0423311
1666,RL,5,BSDF Heavy,0,High,2,High,2,14.8687,3406.65,8.13378,0.109429,0.0423269
1667,RL,5,BSDF Heavy,0,High,2,High,2,14.9656,3426.48,8.13958,0.110133,0.0423227
1668,RL,5,BSDF Heavy,0,High,2,High,2,14.858,3403.66,8.1329,0.109412,0.0423184
1669,RL,5,BSDF Heavy,0,High,2,High,2,14.8062,3391.56,8.12934,0.109489,0.0423142
1670,RL,5,BSDF Heavy,0,High,2,High,2,14.9348,3421.59,8.13815,0.109724,0.04231
1671,RL,5,BSDF Heavy,0,High,2,High,2,14.7868,3385.74,8.12762,0.109803,0.0423057
1672,RL,5,BSDF Heavy,0,High,2,High,2,14.8804,3403.61,8.13288,0.110492,0.0423015
1673,RL,5,BSDF Heavy,0,High,2,High,2,14.9043,3413.59,8.13581,0.110064,0.0422973
1674,RL,5,BSDF Heavy,0,High,2,High,2,14.7634,3382.2,8.12658,0.109334,0.0422931
1675,RL,5,BSDF Heavy,0,High,2,High,2,14.8314,3397.24,8.13101,0.109377,0.0422888
1676,RL,5,Balanced,0.405465,High,2,Medium,1,14.8353,3397.04,8.13095,0.109892,0.0422846
1677,RL,4,Balanced,0,Medium,1,Medium,1,8.6587,1979.38,7.59104,0.0940895,0.0422804
1678,RL,4,BSDF Heavy,-0.405465,Medium,1,High,2,8.7114,1993.28,7.59804,0.093858,0.0422761
1679,RL,5,BSDF Heavy,0,High,2,High,2,14.9359,3420.06,8.13771,0.109948,0.0422719
1680,RL,5,BSDF Heavy,0,High,2,High,2,14.8723,3402.01,8.13242,0.110299,0.0422677
1681,RL,5,BSDF Heavy,0,High,2,High,2,14.8371,3399.96,8.13181,0.109246,0.0422635
1682,RL,5,BSDF Heavy,0,High,2,High,2,14.9331,3419.85,8.13764,0.109597,0.0422592
1683,RL,5,BSDF Heavy,0,High,2,High,2,14.9015,3409.97,8.13475,0.110129,0.042255
1684,RL,5,BSDF Heavy,0,High,2,High,2,14.9349,3416.22,8.13658,0.110459,0.0422508
1685,RL,5,BSDF Heavy,0,High,2,High,2,14.8929,3409.3,8.13455,0.110394,0.0422466
1686,RL,5,BSDF Heavy,0,High,2,High,2,14.7396,3373.96,8.12414,0.109742,0.0422423
1687,RL,5,BSDF Heavy,0,High,2,High,2,14.9307,3417.45,8.13694,0.110536,0.0422381
1688,RL,5,BSDF Heavy,0,High,2,High,2,14.9526,3421.14,8.13802,0.110426,0.0422339
1689,RL,5,BSDF Heavy,0,High,2,High,2,14.8186,3394.2,8.13012,0.109416,0.0422297
1690,RL,5,BSDF Heavy,0,High,2,High,2,14.7515,3379.09,8.12566,0.10945,0.0422254
1691,RL,5,BSDF Heavy,0,High,2,High,2,14.8885,3409.01,8.13447,0.10974,0.0422212
1692,RL,5,BSDF Heavy,0,High,2,High,2,14.9593,3423.35,8.13867,0.110064,0.042217
1693,RL,5,BSDF Heavy,0,High,2,High,2,14.8655,3401.58,8.13229,0.110409,0.0422128
1694,RL,5,Balanced,0.405465,High,2,Medium,1,14.8555,3399.67,8.13173,0.11015,0.0422086
1695,RL,4,BSDF Heavy,-0.405465,Medium,1,High,2,8.75945,2003.35,7.60308,0.0949904,0.0422043
1696,RL,5,Light Heavy,1,High,2,Low,0,14.892,3407.95,8.13416,0.110883,0.0422001
1697,RL,3,BSDF Heavy,-1,Low,0,High,2,3.95754,913.503,6.81838,0.0470428,0.0421959
1698,RL,5,Light Heavy,1,High,2,Low,0,14.9248,3413.22,8.1357,0.110509,0.0421917
1699,RL,3,BSDF Heavy,-1,Low,0,High,2,3.88525,896.768,6.79991,0.0469541,0.0421875
1700,RL,5,BSDF Heavy,0,High,2,High,2,14.9473,3419.73,8.13761,0.110635,0.0421832
1701,RL,5,BSDF Heavy,0,High,2,High,2,14.8146,3390.58,8.12905,0.109304,0.042179
1702,RL,5,BSDF Heavy,0,High,2,High,2,14.9302,3415.06,8.13624,0.110509,0.0421748
1703,RL,5,BSDF Heavy,0,High,2,High,2,14.9391,3421.76,8.1382,0.109691,0.0421706
1704,RL,5,BSDF Heavy,0,High,2,High,2,14.9159,3415.49,8.13637,0.109761,0.0421664
1705,RL,5,BSDF Heavy,0,High,2,High,2,15.066,3444.19,8.14473,0.110845,0.0421622
1706,RL,5,BSDF Heavy,0,High,2,High,2,14.9626,3426.1,8.13947,0.110066,0.0421579
1707,RL,5,BSDF Heavy,0,High,2,High,2,14.8259,3392.9,8.12973,0.109911,0.0421537
1708,RL,5,BSDF Heavy,0,High,2,High,2,15.0118,3437.76,8.14287,0.110395,0.0421495
1709,RL,5,BSDF Heavy,0,High,2,High,2,14.91,3416.41,8.13664,0.109497,0.0421453
1710,RL,5,BSDF Heavy,0,High,2,High,2,14.975,3427.56,8.13989,0.109938,0.0421411
1711,RL,5,BSDF Heavy,0,High,2,High,2,14.9101,3415.56,8.13639,0.109986,0.0421369
1712,RL,5,BSDF Heavy,0,High,2,High,2,14.9667,3430.33,8.1407,0.10974,0.0421327
1713,RL,5,BSDF Heavy,0,High,2,High,2,14.8766,3403.7,8.13291,0.110426,0.0421284
1714,RL,5,BSDF Heavy,0,High,2,High,2,14.8172,3395.35,8.13046,0.108972,0.0421242
1715,RL,5,BSDF Heavy,0,High,2,High,2,14.9099,3415.68,8.13643,0.10957,0.04212
1716,RL,5,BSDF Heavy,0,High,2,High,2,14.8742,3403.77,8.13293,0.109956,0.0421158
1717,RL,5,BSDF Heavy,0,High,2,High,2,14.9015,3410.25,8.13483,0.110141,0.0421116
1718,RL,5,BSDF Heavy,0,High,2,High,2,14.881,3404.91,8.13327,0.110187,0.0421074
1719,RL,5,BSDF Heavy,0,High,2,High,2,14.7979,3389.4,8.1287,0.109493,0.0421032
1720,RL,5,BSDF Heavy,0,High,2,High,2,14.8906,3406.65,8.13378,0.110123,0.042099
1721,RL,5,BSDF Heavy,0,High,2,High,2,14.9269,3418.3,8.13719,0.110118,0.0420947
1722,RL,5,BSDF Heavy,0,High,2,High,2,14.7864,3383.19,8.12687,0.110154,0.0420905
1723,RL,5,BSDF Heavy,0,High,2,High,2,14.8376,3397.23,8.13101,0.109392,0.0420863
1724,RL,5,BSDF Heavy,0,High,2,High,2,14.7679,3379.42,8.12575,0.109894,0.0420821
1725,RL,5,BSDF Heavy,0,High,2,High,2,14.8338,3395.66,8.13055,0.10952,0.0420779
1726,RL,5,BSDF Heavy,0,High,2,High,2,14.8891,3409.86,8.13472,0.109801,0.0420737
1727,RL,5,BSDF Heavy,0,High,2,High,2,14.8503,3400.1,8.13185,0.110243,0.0420695
1728,RL,5,BSDF Heavy,0,High,2,High,2,14.7635,3382.18,8.12657,0.109456,0.0420653
1729,RL,5,BSDF Heavy,0,High,2,High,2,14.9591,3423.33,8.13866,0.110685,0.0420611
1730,RL,5,BSDF Heavy,0,High,2,High,2,14.8149,3392.41,8.12959,0.11011,0.0420569
1731,RL,5,BSDF Heavy,0,High,2,High,2,14.8112,3390.24,8.12895,0.109799,0.0420527
1732,RL,5,BSDF Heavy,0,High,2,High,2,14.7751,3385.52,8.12756,0.109365,0.0420485
1733,RL,5,BSDF Heavy,0,High,2,High,2,15.0006,3434.2,8.14183,0.110525,0.0420443
1734,RL,5,BSDF Heavy,0,High,2,High,2,14.8798,3406.45,8.13372,0.109819,0.0420401
1735,RL,5,BSDF Heavy,0,High,2,High,2,14.7846,3384.07,8.12713,0.109948,0.0420359
1736,RL,5,BSDF Heavy,0,High,2,High,2,14.8971,3408.75,8.13439,0.110336,0.0420317
1737,RL,5,BSDF Heavy,0,High,2,High,2,14.7913,3384.29,8.12719,0.109848,0.0420275
1738,RL,5,BSDF Heavy,0,High,2,High,2,14.9514,3421.61,8.13816,0.110251,0.0420233
1739,RL,5,BSDF Heavy,0,High,2,High,2,14.8727,3404.02,8.133,0.109691,0.0420191
1740,RL,5,BSDF Heavy,0,High,2,High,2,14.9496,3422.26,8.13835,0.110415,0.0420148
1741,RL,5,BSDF Heavy,0,High,2,High,2,14.8893,3408.58,8.13434,0.1101,0.0420106
1742,RL,5,BSDF Heavy,0,High,2,High,2,14.9547,3422.68,8.13847,0.110623,0.0420064
1743,RL,5,BSDF Heavy,0,High,2,High,2,14.9567,3423.92,8.13883,0.110735,0.0420022
1744,RL,5,BSDF Heavy,0,High,2,High,2,14.8244,3396,8.13065,0.109207,0.041998
1745,RL,5,BSDF Heavy,0,High,2,High,2,14.9016,3411.98,8.13534,0.110291,0.0419938
1746,RL,5,BSDF Heavy,0,High,2,High,2,14.9334,3415.52,8.13638,0.110145,0.0419896
1747,RL,5,BSDF Heavy,0,High,2,High,2,14.8523,3400.08,8.13185,0.109809,0.0419854
1748,RL,5,BSDF Heavy,0,High,2,High,2,14.9121,3411.54,8.13521,0.110021,0.0419812
1749,RL,5,BSDF Heavy,0,High,2,High,2,14.8278,3394.24,8.13013,0.110172,0.041977
1750,RL,5,BSDF Heavy,0,High,2,High,2,14.8032,3390.37,8.12899,0.109558,0.0419729
1751,RL,5,BSDF Heavy,0,High,2,High,2,14.8551,3400.78,8.13205,0.109603,0.0419687
1752,RL,5,BSDF Heavy,0,High,2,High,2,14.9232,3414.71,8.13614,0.109755,0.0419645
1753,RL,5,BSDF Heavy,0,High,2,High,2,14.9487,3422.42,8.1384,0.110421,0.0419603
1754,RL,5,BSDF Heavy,0,High,2,High,2,14.8924,3409.35,8.13457,0.110141,0.0419561
1755,RL,5,BSDF Heavy,0,High,2,High,2,14.7834,3385.05,8.12742,0.109294,0.0419519
1756,RL,5,BSDF Heavy,0,High,2,High,2,14.8627,3404.46,8.13314,0.109606,0.0419477
1757,RL,5,BSDF Heavy,0,High,2,High,2,14.8826,3408.24,8.13424,0.110239,0.0419435
1758,RL,5,BSDF Heavy,0,High,2,High,2,14.8592,3400.92,8.1321,0.110177,0.0419393
1759,RL,5,BSDF Heavy,0,High,2,High,2,15.0064,3435.81,8.1423,0.110394,0.0419351
1760,RL,5,BSDF Heavy,0,High,2,High,2,14.8278,3395.27,8.13043,0.109666,0.0419309
1761,RL,5,BSDF Heavy,0,High,2,High,2,14.9118,3415.57,8.13639,0.109832,0.0419267
1762,RL,5,BSDF Heavy,0,High,2,High,2,14.8944,3409.53,8.13462,0.110127,0.0419225
1763,RL,5,BSDF Heavy,0,High,2,High,2,14.8739,3403.8,8.13294,0.11005,0.0419183
1764,RL,5,BSDF Heavy,0,High,2,High,2,14.9414,3420.44,8.13782,0.110224,0.0419141
1765,RL,5,BSDF Heavy,0,High,2,High,2,14.9856,3432.12,8.14122,0.110397,0.0419099
1766,RL,5,BSDF Heavy,0,High,2,High,2,14.8652,3404,8.133,0.110012,0.0419057
1767,RL,5,BSDF Heavy,0,High,2,High,2,14.7814,3383.55,8.12698,0.109738,0.0419016
1768,RL,5,BSDF Heavy,0,High,2,High,2,14.8277,3393.7,8.12997,0.110222,0.0418974
1769,RL,5,BSDF Heavy,0,High,2,High,2,14.8483,3398.88,8.1315,0.109917,0.0418932
1770,RL,5,BSDF Heavy,0,High,2,High,2,14.9179,3414.48,8.13607,0.110438,0.041889
1771,RL,5,BSDF Heavy,0,High,2,High,2,14.9262,3417.25,8.13688,0.11033,0.0418848
1772,RL,5,BSDF Heavy,0,High,2,High,2,14.906,3412.55,8.13551,0.109747,0.0418806
1773,RL,5,BSDF Heavy,0,High,2,High,2,14.8585,3400.89,8.13209,0.110098,0.0418764
1774,RL,5,BSDF Heavy,0,High,2,High,2,14.8642,3402.51,8.13256,0.109878,0.0418722
1775,RL,5,BSDF Heavy,0,High,2,High,2,14.867,3402.73,8.13263,0.110008,0.041868
1776,RL,5,BSDF Heavy,0,High,2,High,2,14.9048,3413.45,8.13577,0.109904,0.0418639
1777,RL,5,BSDF Heavy,0,High,2,High,2,14.8403,3397.42,8.13106,0.109842,0.0418597
1778,RL,5,BSDF Heavy,0,High,2,High,2,15.0136,3436.16,8.1424,0.110382,0.0418555
1779,RL,5,BSDF Heavy,0,High,2,High,2,14.9107,3411.51,8.1352,0.109902,0.0418513
1780,RL,5,BSDF Heavy,0,High,2,High,2,14.8761,3404.46,8.13314,0.110529,0.0418471
1781,RL,5,BSDF Heavy,0,High,2,High,2,14.8277,3397.58,8.13111,0.109329,0.0418429
1782,RL,5,BSDF Heavy,0,High,2,High,2,14.9163,3415.06,8.13624,0.110025,0.0418388
1783,RL,5,BSDF Heavy,0,High,2,High,2,14.7623,3382.17,8.12657,0.109776,0.0418346
1784,RL,5,BSDF Heavy,0,High,2,High,2,14.8155,3392.57,8.12964,0.109823,0.0418304
1785,RL,5,BSDF Heavy,0,High,2,High,2,14.7683,3380.06,8.12594,0.109188,0.0418262
1786,RL,5,Light Heavy,1,High,2,Low,0,14.734,3373.88,8.12411,0.109093,0.041822
1787,RL,3,BSDF Heavy,-1,Low,0,High,2,3.90535,902.019,6.80574,0.0467978,0.0418178
1788,RL,5,Balanced,0.405465,High,2,Medium,1,14.9745,3426.96,8.13972,0.110122,0.0418137
1789,RL,4,BSDF Heavy,-0.405465,Medium,1,High,2,8.61122,1968.31,7.58544,0.0944232,0.0418095
1790,RL,5,Balanced,0.405465,High,2,Medium,1,14.8614,3402.71,8.13262,0.109902,0.0418053
1791,RL,4,BSDF Heavy,-0.405465,Medium,1,High,2,8.71413,1992.35,7.59757,0.0946393,0.0418011
1792,RL,5,BSDF Heavy,0,High,2,High,2,14.9002,3410.52,8.13491,0.110203,0.0417969
1793,RL,5,BSDF Heavy,0,High,2,High,2,14.9031,3410.64,8.13495,0.11,0.0417928
1794,RL,5,BSDF Heavy,0,High,2,High,2,14.9079,3413.78,8.13587,0.109799,0.0417886
1795,RL,5,Balanced,0.405465,High,2,Medium,1,14.759,3378.2,8.12539,0.109616,0.0417844
1796,RL,4,BSDF Heavy,-0.405465,Medium,1,High,2,8.75034,2001.55,7.60218,0.0946875,0.0417802
1797,RL,5,Balanced,0.405465,High,2,Medium,1,14.8832,3407.43,8.13401,0.11021,0.041776
1798,RL,4,BSDF Heavy,-0.405465,Medium,1,High,2,8.69955,1991.85,7.59732,0.0942091,0.0417719
1799,RL,5,Light Heavy,1,High,2,Low,0,14.8471,3397.02,8.13095,0.109902,0.0417677
1800,RL,3,BSDF Heavy,-1,Low,0,High,2,3.90694,900.759,6.80435,0.0475367,0.0417635
1801,RL,5,BSDF Heavy,0,High,2,High,2,14.8854,3409.06,8.13449,0.109514,0.0417593
1802,RL,5,BSDF Heavy,0,High,2,High,2,14.8626,3400.52,8.13198,0.109931,0.0417552
1803,RL,5,BSDF Heavy,0,High,2,High,2,14.817,3393.79,8.13,0.1094,0.041751
1804,RL,5,BSDF Heavy,0,High,2,High,2,14.9242,3414.35,8.13604,0.111194,0.0417468
1805,RL,5,BSDF Heavy,0,High,2,High,2,14.8618,3402.46,8.13255,0.109909,0.0417426
1806,RL,5,BSDF Heavy,0,High,2,High,2,14.8474,3400.05,8.13184,0.109705,0.0417385
1807,RL,5,BSDF Heavy,0,High,2,High,2,14.8918,3408.22,8.13424,0.11027,0.0417343
1808,RL,5,BSDF Heavy,0,High,2,High,2,14.8194,3390.61,8.12906,0.110191,0.0417301
1809,RL,5,BSDF Heavy,0,High,2,High,2,14.9064,3411.74,8.13527,0.11011,0.0417259
1810,RL,5,BSDF Heavy,0,High,2,High,2,14.888,3410.33,8.13486,0.110046,0.0417218
1811,RL,5,BSDF Heavy,0,High,2,High,2,14.8754,3406.31,8.13368,0.109911,0.0417176
1812,RL,5,BSDF Heavy,0,High,2,High,2,14.8502,3398.32,8.13133,0.110237,0.0417134
1813,RL,5,BSDF Heavy,0,High,2,High,2,14.9219,3417.76,8.13703,0.109797,0.0417093
1814,RL,5,BSDF Heavy,0,High,2,High,2,14.8924,3409.13,8.13451,0.109813,0.0417051
1815,RL,5,BSDF Heavy,0,High,2,High,2,15.0322,3440.67,8.14371,0.110615,0.0417009
1816,RL,5,BSDF Heavy,0,High,2,High,2,14.8034,3387.13,8.12803,0.109857,0.0416967
1817,RL,5,BSDF Heavy,0,High,2,High,2,14.9059,3412.19,8.1354,0.110098,0.0416926
1818,RL,5,BSDF Heavy,0,High,2,High,2,14.8818,3405.4,8.13341,0.11012,0.0416884
1819,RL,5,BSDF Heavy,0,High,2,High,2,14.8678,3399.97,8.13182,0.11039,0.0416842
1820,RL,5,BSDF Heavy,0,High,2,High,2,14.9926,3432.22,8.14125,0.109836,0.0416801
1821,RL,5,BSDF Heavy,0,High,2,High,2,14.8472,3400.88,8.13208,0.109888,0.0416759
1822,RL,5,BSDF Heavy,0,High,2,High,2,14.8298,3396.89,8.13091,0.109419,0.0416717
1823,RL,5,BSDF Heavy,0,High,2,High,2,14.9267,3415.81,8.13646,0.110436,0.0416676
1824,RL,5,BSDF Heavy,0,High,2,High,2,14.9364,3420.34,8.13779,0.109581,0.0416634
1825,RL,5,BSDF Heavy,0,High,2,High,2,14.9205,3414.27,8.13601,0.109956,0.0416592
1826,RL,5,BSDF Heavy,0,High,2,High,2,14.9036,3410.9,8.13502,0.109902,0.0416551
1827,RL,5,BSDF Heavy,0,High,2,High,2,14.8967,3409.92,8.13474,0.11001,0.0416509
1828,RL,5,BSDF Heavy,0,High,2,High,2,14.8799,3406.55,8.13375,0.109824,0.0416467
1829,RL,5,BSDF Heavy,0,High,2,High,2,14.8147,3390.35,8.12898,0.109909,0.0416426
1830,RL,5,BSDF Heavy,0,High,2,High,2,14.859,3401.9,8.13238,0.110058,0.0416384
1831,RL,5,BSDF Heavy,0,High,2,High,2,14.8466,3401.51,8.13227,0.109383,0.0416342
1832,RL,5,BSDF Heavy,0,High,2,High,2,14.9212,3415.57,8.13639,0.110324,0.0416301
1833,RL,5,BSDF Heavy,0,High,2,High,2,14.9841,3427.72,8.13994,0.110708,0.0416259
1834,RL,5,BSDF Heavy,0,High,2,High,2,14.8073,3393.18,8.12982,0.109232,0.0416218
1835,RL,5,BSDF Heavy,0,High,2,High,2,14.8845,3409.14,8.13451,0.109558,0.0416176
1836,RL,5,BSDF Heavy,0,High,2,High,2,14.9205,3418.25,8.13718,0.109649,0.0416134
1837,RL,5,BSDF Heavy,0,High,2,High,2,14.924,3416.58,8.13669,0.109792,0.0416093
1838,RL,5,BSDF Heavy,0,High,2,High,2,14.7861,3387.44,8.12812,0.109354,0.0416051
1839,RL,5,BSDF Heavy,0,High,2,High,2,14.8882,3407.95,8.13416,0.109734,0.041601
1840,RL,5,BSDF Heavy,0,High,2,High,2,14.8354,3398.08,8.13126,0.109578,0.0415968
1841,RL,5,BSDF Heavy,0,High,2,High,2,14.8488,3398.76,8.13146,0.109527,0.0415926
1842,RL,5,BSDF Heavy,0,High,2,High,2,14.883,3407.52,8.13403,0.10988,0.0415885
1843,RL,5,BSDF Heavy,0,High,2,High,2,14.8599,3402.05,8.13243,0.109443,0.0415843
1844,RL,5,BSDF Heavy,0,High,2,High,2,14.9738,3428,8.14003,0.109819,0.0415802
1845,RL,5,BSDF Heavy,0,High,2,High,2,14.883,3407.26,8.13396,0.110372,0.041576
1846,RL,5,BSDF Heavy,0,High,2,High,2,14.8002,3388.82,8.12853,0.109508,0.0415718
1847,RL,5,BSDF Heavy,0,High,2,High,2,14.8549,3401.99,8.13241,0.109639,0.0415677
1848,RL,5,BSDF Heavy,0,High,2,High,2,14.8506,3400.65,8.13202,0.109502,0.0415635
1849,RL,5,BSDF Heavy,0,High,2,High,2,14.8544,3402.06,8.13243,0.109576,0.0415594
1850,RL,5,BSDF Heavy,0,High,2,High,2,14.8427,3398.83,8.13148,0.109587,0.0415552
1851,RL,5,BSDF Heavy,0,High,2,High,2,14.8407,3399.19,8.13159,0.109309,0.0415511
1852,RL,5,BSDF Heavy,0,High,2,High,2,14.9579,3423.14,8.13861,0.110511,0.0415469
1853,RL,5,BSDF Heavy,0,High,2,High,2,14.9237,3415.9,8.13649,0.109468,0.0415427
1854,RL,5,BSDF Heavy,0,High,2,High,2,14.8302,3395.72,8.13056,0.109942,0.0415386
1855,RL,5,BSDF Heavy,0,High,2,High,2,14.8732,3403.51,8.13286,0.110054,0.0415344
1856,RL,5,BSDF Heavy,0,High,2,High,2,14.9762,3426.08,8.13946,0.110745,0.0415303
1857,RL,5,BSDF Heavy,0,High,2,High,2,14.8985,3411.57,8.13522,0.109701,0.0415261
1858,RL,5,BSDF Heavy,0,High,2,High,2,14.913,3413.33,8.13574,0.109797,0.041522
1859,RL,5,BSDF Heavy,0,High,2,High,2,14.9232,3413.33,8.13574,0.110409,0.0415178
1860,RL,5,BSDF Heavy,0,High,2,High,2,14.9108,3413.76,8.13586,0.110006,0.0415137
1861,RL,5,BSDF Heavy,0,High,2,High,2,14.8332,3397.74,8.13116,0.109259,0.0415095
1862,RL,5,BSDF Heavy,0,High,2,High,2,14.7275,3372.11,8.12359,0.109641,0.0415054
1863,RL,5,BSDF Heavy,0,High,2,High,2,14.8836,3408.89,8.13443,0.109713,0.0415012
1864,RL,5,BSDF Heavy,0,High,2,High,2,14.8701,3402.94,8.13269,0.109811,0.0414971
1865,RL,5,BSDF Heavy,0,High,2,High,2,14.9627,3424.97,8.13914,0.110347,0.0414929
1866,RL,5,BSDF Heavy,0,High,2,High,2,14.9683,3424.58,8.13903,0.110542,0.0414888
1867,RL,5,BSDF Heavy,0,High,2,High,2,14.8932,3410.25,8.13483,0.109309,0.0414846
1868,RL,5,BSDF Heavy,0,High,2,High,2,14.9068,3413.61,8.13582,0.109734,0.0414805
1869,RL,5,BSDF Heavy,0,High,2,High,2,14.831,3394.89,8.13032,0.109606,0.0414763
1870,RL,5,BSDF Heavy,0,High,2,High,2,14.9424,3421.4,8.1381,0.110293,0.0414722
1871,RL,5,BSDF Heavy,0,High,2,High,2,14.8118,3392.73,8.12969,0.109431,0.041468
1872,RL,5,BSDF Heavy,0,High,2,High,2,14.7648,3382.63,8.12671,0.109132,0.0414639
1873,RL,5,BSDF Heavy,0,High,2,High,2,14.8441,3401.16,8.13217,0.109824,0.0414598
1874,RL,5,BSDF Heavy,0,High,2,High,2,14.8755,3406.65,8.13378,0.110046,0.0414556
1875,RL,5,BSDF Heavy,0,High,2,High,2,14.9107,3411.01,8.13506,0.110314,0.0414515
1876,RL,5,BSDF Heavy,0,High,2,High,2,14.9641,3426.64,8.13963,0.110091,0.0414473
1877,RL,5,BSDF Heavy,0,High,2,High,2,14.8818,3406.47,8.13372,0.109907,0.0414432
1878,RL,5,BSDF Heavy,0,High,2,High,2,14.7993,3390.18,8.12893,0.109572,0.041439
1879,RL,5,BSDF Heavy,0,High,2,High,2,14.9046,3410.99,8.13505,0.110073,0.0414349
1880,RL,5,BSDF Heavy,0,High,2,High,2,14.9347,3420.53,8.13784,0.110517,0.0414307
1881,RL,5,BSDF Heavy,0,High,2,High,2,14.8916,3409.27,8.13455,0.109498,0.0414266
1882,RL,5,BSDF Heavy,0,High,2,High,2,14.9809,3428.64,8.14021,0.110575,0.0414225
1883,RL,5,BSDF Heavy,0,High,2,High,2,14.8638,3403.76,8.13293,0.109624,0.0414183
1884,RL,5,BSDF Heavy,0,High,2,High,2,14.8661,3405.87,8.13355,0.109385,0.0414142
1885,RL,5,BSDF Heavy,0,High,2,High,2,14.8587,3401.81,8.13236,0.109871,0.04141
1886,RL,5,BSDF Heavy,0,High,2,High,2,14.8132,3391.23,8.12924,0.109666,0.0414059
1887,RL,5,BSDF Heavy,0,High,2,High,2,14.9085,3412.07,8.13537,0.110421,0.0414017
1888,RL,5,BSDF Heavy,0,High,2,High,2,14.8905,3409.54,8.13463,0.110041,0.0413976
1889,RL,5,BSDF Heavy,0,High,2,High,2,14.825,3394.3,8.13015,0.109637,0.0413935
1890,RL,5,BSDF Heavy,0,High,2,High,2,14.936,3420.03,8.1377,0.11,0.0413893
1891,RL,5,BSDF Heavy,0,High,2,High,2,14.8989,3412,8.13535,0.109973,0.0413852
1892,RL,5,BSDF Heavy,0,High,2,High,2,14.8901,3409.25,8.13454,0.11012,0.041381
1893,RL,5,BSDF Heavy,0,High,2,High,2,14.7554,3378.48,8.12548,0.109157,0.0413769
1894,RL,5,BSDF Heavy,0,High,2,High,2,14.7386,3377.66,8.12523,0.109091,0.0413728
1895,RL,5,BSDF Heavy,0,High,2,High,2,14.8572,3401.74,8.13234,0.109344,0.0413686
1896,RL,5,BSDF Heavy,0,High,2,High,2,14.7985,3387.74,8.12821,0.109742,0.0413645
1897,RL,5,BSDF Heavy,0,High,2,High,2,14.8344,3396.38,8.13076,0.110098,0.0413604
1898,RL,5,BSDF Heavy,0,High,2,High,2,14.7667,3382.37,8.12663,0.109456,0.0413562
1899,RL,5,BSDF Heavy,0,High,2,High,2,15.0097,3433.92,8.14175,0.110475,0.0413521
1900,RL,5,BSDF Heavy,0,High,2,High,2,14.9597,3422.47,8.13841,0.110367,0.041348
1901,RL,5,BSDF Heavy,0,High,2,High,2,14.83,3393.93,8.13004,0.109774,0.0413438
1902,RL,5,BSDF Heavy,0,High,2,High,2,14.9066,3414.44,8.13606,0.109917,0.0413397
1903,RL,5,BSDF Heavy,0,High,2,High,2,14.8516,3399.25,8.13161,0.109917,0.0413356
1904,RL,5,BSDF Heavy,0,High,2,High,2,14.8023,3389.59,8.12876,0.109821,0.0413314
1905,RL,5,BSDF Heavy,0,High,2,High,2,14.8942,3412.35,8.13545,0.110218,0.0413273
1906,RL,5,BSDF Heavy,0,High,2,High,2,14.9972,3432.5,8.14134,0.110471,0.0413232
1907,RL,5,BSDF Heavy,0,High,2,High,2,14.7787,3382.03,8.12653,0.109934,0.041319
1908,RL,5,BSDF Heavy,0,High,2,High,2,14.8169,3393.53,8.12992,0.109529,0.0413149
1909,RL,5,Balanced,0.405465,High,2,Medium,1,14.8297,3398.47,8.13137,0.109479,0.0413108
1910,RL,4,BSDF Heavy,-0.405465,Medium,1,High,2,8.66664,1981.22,7.59197,0.0940606,0.0413066
1911,RL,5,BSDF Heavy,0,High,2,High,2,14.9368,3419.61,8.13758,0.110075,0.0413025
1912,RL,5,BSDF Heavy,0,High,2,High,2,14.8819,3406.3,8.13367,0.109873,0.0412984
1913,RL,5,BSDF Heavy,0,High,2,High,2,14.9973,3432.7,8.14139,0.110542,0.0412942
1914,RL,5,BSDF Heavy,0,High,2,High,2,14.8677,3403.73,8.13292,0.110008,0.0412901
1915,RL,5,BSDF Heavy,0,High,2,High,2,14.9,3408.87,8.13443,0.11066,0.041286
1916,RL,5,BSDF Heavy,0,High,2,High,2,14.9104,3413.88,8.1359,0.11012,0.0412819
1917,RL,5,BSDF Heavy,0,High,2,High,2,14.8872,3407.59,8.13406,0.109994,0.0412777
1918,RL,5,BSDF Heavy,0,High,2,High,2,14.801,3388.66,8.12848,0.109745,0.0412736
1919,RL,5,BSDF Heavy,0,High,2,High,2,14.9764,3426.49,8.13958,0.110793,0.0412695
1920,RL,5,BSDF Heavy,0,High,2,High,2,14.8352,3399.41,8.13165,0.10966,0.0412653
1921,RL,5,BSDF Heavy,0,High,2,High,2,14.8855,3407.54,8.13404,0.109863,0.0412612
1922,RL,5,BSDF Heavy,0,High,2,High,2,14.834,3395.33,8.13045,0.109863,0.0412571
1923,RL,5,BSDF Heavy,0,High,2,High,2,14.8969,3411.39,8.13517,0.109927,0.041253
1924,RL,5,BSDF Heavy,0,High,2,High,2,14.9257,3412.95,8.13562,0.110347,0.0412488
1925,RL,5,BSDF Heavy,0,High,2,High,2,14.9353,3418.4,8.13722,0.11022,0.0412447
1926,RL,5,BSDF Heavy,0,High,2,High,2,14.7772,3383.11,8.12685,0.10967,0.0412406
1927,RL,5,BSDF Heavy,0,High,2,High,2,14.9156,3413.83,8.13588,0.110347,0.0412365
1928,RL,5,BSDF Heavy,0,High,2,High,2,14.8232,3391.46,8.12931,0.110436,0.0412323
1929,RL,5,BSDF Heavy,0,High,2,High,2,14.8994,3413.4,8.13576,0.110095,0.0412282
1930,RL,5,BSDF Heavy,0,High,2,High,2,14.9161,3412.71,8.13556,0.110297,0.0412241
1931,RL,5,BSDF Heavy,0,High,2,High,2,14.7926,3386.31,8.12779,0.109651,0.04122
1932,RL,5,BSDF Heavy,0,High,2,High,2,14.8618,3404.03,8.13301,0.109738,0.0412159
1933,RL,5,BSDF Heavy,0,High,2,High,2,14.7989,3388.52,8.12844,0.109005,0.0412117
1934,RL,5,BSDF Heavy,0,High,2,High,2,14.9461,3420.63,8.13787,0.110249,0.0412076
1935,RL,5,BSDF Heavy,0,High,2,High,2,14.9344,3419.21,8.13746,0.109859,0.0412035
1936,RL,5,BSDF Heavy,0,High,2,High,2,14.9366,3420.67,8.13788,0.1101,0.0411994
1937,RL,5,BSDF Heavy,0,High,2,High,2,14.8576,3403.55,8.13287,0.110017,0.0411953
1938,RL,5,BSDF Heavy,0,High,2,High,2,14.9024,3410,8.13476,0.110116,0.0411911
1939,RL,5,BSDF Heavy,0,High,2,High,2,14.8451,3397.7,8.13115,0.110581,0.041187
1940,RL,5,BSDF Heavy,0,High,2,High,2,14.8504,3399.2,8.13159,0.109907,0.0411829
1941,RL,5,BSDF Heavy,0,High,2,High,2,14.9174,3418.56,8.13727,0.109371,0.0411788
1942,RL,5,BSDF Heavy,0,High,2,High,2,14.8384,3396.8,8.13088,0.1101,0.0411747
1943,RL,5,BSDF Heavy,0,High,2,High,2,14.8451,3399.9,8.1318,0.109803,0.0411705
1944,RL,5,BSDF Heavy,0,High,2,High,2,14.879,3407.67,8.13408,0.109896,0.0411664
1945,RL,5,BSDF Heavy,0,High,2,High,2,14.7456,3376.56,8.12491,0.109302,0.0411623
1946,RL,5,BSDF Heavy,0,High,2,High,2,14.9576,3423.54,8.13872,0.110654,0.0411582
1947,RL,5,BSDF Heavy,0,High,2,High,2,14.8845,3409.56,8.13463,0.109601,0.0411541
1948,RL,5,BSDF Heavy,0,High,2,High,2,14.8975,3408.61,8.13435,0.110421,0.04115
1949,RL,5,BSDF Heavy,0,High,2,High,2,14.7732,3384.23,8.12718,0.109279,0.0411458
1950,RL,5,BSDF Heavy,0,High,2,High,2,14.9055,3411.53,8.13521,0.110428,0.0411417
1951,RL,5,BSDF Heavy,0,High,2,High,2,14.9416,3416.61,8.1367,0.110712,0.0411376
1952,RL,5,BSDF Heavy,0,High,2,High,2,14.8621,3402.78,8.13264,0.109666,0.0411335
1953,RL,5,Balanced,0.405465,High,2,Medium,1,14.8973,3406.99,8.13388,0.110172,0.0411294
1954,RL,4,BSDF Heavy,-0.405465,Medium,1,High,2,8.66347,1980.79,7.59176,0.0941995,0.0411253
1955,RL,5,Balanced,0.405465,High,2,Medium,1,14.9076,3412.39,8.13546,0.109902,0.0411212
1956,RL,4,BSDF Heavy,-0.405465,Medium,1,High,2,8.65825,1982.37,7.59255,0.093777,0.0411171
1957,RL,5,Light Heavy,1,High,2,Low,0,14.9105,3414.11,8.13596,0.109776,0.0411129
1958,RL,3,BSDF Heavy,-1,Low,0,High,2,3.92412,905.954,6.81009,0.0470814,0.0411088
1959,RL,5,Balanced,0.405465,High,2,Medium,1,14.9079,3413.36,8.13575,0.110233,0.0411047
1960,RL,4,BSDF Heavy,-0.405465,Medium,1,High,2,8.60731,1969.23,7.58591,0.0942323,0.0411006
1961,RL,5,BSDF Heavy,0,High,2,High,2,14.9221,3413.96,8.13592,0.110287,0.0410965
1962,RL,5,BSDF Heavy,0,High,2,High,2,14.9427,3423.14,8.13861,0.10988,0.0410924
1963,RL,5,BSDF Heavy,0,High,2,High,2,14.9776,3430.38,8.14072,0.109578,0.0410883
1964,RL,5,BSDF Heavy,0,High,2,High,2,14.9234,3415.26,8.1363,0.110517,0.0410842
1965,RL,5,BSDF Heavy,0,High,2,High,2,14.8689,3403.53,8.13286,0.109738,0.0410801
1966,RL,5,BSDF Heavy,0,High,2,High,2,14.8744,3405.36,8.1334,0.110035,0.041076
1967,RL,5,BSDF Heavy,0,High,2,High,2,14.9197,3417.35,8.13691,0.110365,0.0410719
1968,RL,5,BSDF Heavy,0,High,2,High,2,14.8318,3396.2,8.13071,0.109817,0.0410677
1969,RL,5,BSDF Heavy,0,High,2,High,2,14.7946,3388.46,8.12843,0.109192,0.0410636
1970,RL,5,BSDF Heavy,0,High,2,High,2,14.8599,3401.21,8.13218,0.110069,0.0410595
1971,RL,5,BSDF Heavy,0,High,2,High,2,14.7833,3387.84,8.12824,0.10973,0.0410554
1972,RL,5,BSDF Heavy,0,High,2,High,2,14.867,3405.2,8.13335,0.109784,0.0410513
1973,RL,5,BSDF Heavy,0,High,2,High,2,14.9975,3433.15,8.14152,0.11033,0.0410472
1974,RL,5,BSDF Heavy,0,High,2,High,2,14.9147,3414.44,8.13606,0.109757,0.0410431
1975,RL,5,BSDF Heavy,0,High,2,High,2,14.8069,3392.04,8.12948,0.109356,0.041039
1976,RL,5,BSDF Heavy,0,High,2,High,2,14.9062,3412.43,8.13547,0.109896,0.0410349
1977,RL,5,BSDF Heavy,0,High,2,High,2,14.8141,3391.9,8.12944,0.110058,0.0410308
1978,RL,5,BSDF Heavy,0,High,2,High,2,14.9313,3419.29,8.13748,0.110465,0.0410267
1979,RL,5,BSDF Heavy,0,High,2,High,2,14.8579,3401.31,8.13221,0.109811,0.0410226
1980,RL,5,BSDF Heavy,0,High,2,High,2,14.8959,3410.51,8.13491,0.109992,0.0410185
1981,RL,5,BSDF Heavy,0,High,2,High,2,14.9091,3412.89,8.13561,0.110141,0.0410144
1982,RL,5,BSDF Heavy,0,High,2,High,2,14.8197,3392.45,8.1296,0.110314,0.0410103
1983,RL,5,BSDF Heavy,0,High,2,High,2,14.8823,3404.75,8.13322,0.110071,0.0410062
1984,RL,5,BSDF Heavy,0,High,2,High,2,14.9881,3430.99,8.1409,0.110129,0.0410021
1985,RL,5,BSDF Heavy,0,High,2,High,2,14.8821,3407.54,8.13404,0.110154,0.040998
1986,RL,5,BSDF Heavy,0,High,2,High,2,14.9074,3410.89,8.13502,0.109969,0.0409939
1987,RL,5,BSDF Heavy,0,High,2,High,2,14.8024,3389.55,8.12875,0.109809,0.0409898
1988,RL,5,BSDF Heavy,0,High,2,High,2,14.8828,3406.03,8.13359,0.11015,0.0409857
1989,RL,5,BSDF Heavy,0,High,2,High,2,14.9377,3420.82,8.13793,0.11048,0.0409816
1990,RL,5,BSDF Heavy,0,High,2,High,2,14.9621,3424.7,8.13906,0.110274,0.0409775
1991,RL,5,BSDF Heavy,0,High,2,High,2,14.9096,3414.33,8.13603,0.109707,0.0409734
1992,RL,5,BSDF Heavy,0,High,2,High,2,14.8439,3397.43,8.13107,0.109877,0.0409693
1993,RL,5,BSDF Heavy,0,High,2,High,2,14.8725,3405.26,8.13337,0.109956,0.0409652
1994,RL,5,BSDF Heavy,0,High,2,High,2,14.8356,3396.75,8.13087,0.109738,0.0409611
1995,RL,5,BSDF Heavy,0,High,2,High,2,14.8744,3406.12,8.13362,0.109649,0.040957
1996,RL,5,BSDF Heavy,0,High,2,High,2,14.8658,3404.77,8.13323,0.109813,0.0409529
1997,RL,5,BSDF Heavy,0,High,2,High,2,14.8563,3400.59,8.132,0.110033,0.0409488
1998,RL,5,BSDF Heavy,0,High,2,High,2,14.8205,3392.31,8.12956,0.110039,0.0409447
1999,RL,5,BSDF Heavy,0,High,2,High,2,14.9406,3417.59,8.13698,0.110631,0.0409406
2000,RL,5,BSDF Heavy,0,High,2,High,2,14.8694,3404.85,8.13325,0.109936,0.0409365
2001,RL,5,BSDF Heavy,0,High,2,High,2,14.9045,3412.83,8.13559,0.109944,0.0409324
2002,RL,5,BSDF Heavy,0,High,2,High,2,14.9169,3416.14,8.13656,0.110195,0.0409284
2003,RL,5,BSDF Heavy,0,High,2,High,2,14.8263,3395.31,8.13044,0.109853,0.0409243
2004,RL,5,BSDF Heavy,0,High,2,High,2,14.862,3403.8,8.13294,0.109632,0.0409202
2005,RL,5,BSDF Heavy,0,High,2,High,2,14.8645,3404.97,8.13329,0.109632,0.0409161
2006,RL,5,BSDF Heavy,0,High,2,High,2,14.8629,3402.26,8.13249,0.110312,0.040912
2007,RL,5,BSDF Heavy,0,High,2,High,2,14.9107,3415.57,8.13639,0.109672,0.0409079
2008,RL,5,BSDF Heavy,0,High,2,High,2,14.8611,3401.54,8.13228,0.109815,0.0409038
2009,RL,5,BSDF Heavy,0,High,2,High,2,14.846,3399.19,8.13159,0.110064,0.0408997
2010,RL,5,BSDF Heavy,0,High,2,High,2,14.975,3428.29,8.14011,0.109998,0.0408956
2011,RL,5,BSDF Heavy,0,High,2,High,2,14.8718,3404.04,8.13301,0.109967,0.0408915
2012,RL,5,BSDF Heavy,0,High,2,High,2,14.849,3399.71,8.13174,0.109527,0.0408874
2013,RL,5,BSDF Heavy,0,High,2,High,2,14.8045,3389.66,8.12878,0.109414,0.0408834
2014,RL,5,BSDF Heavy,0,High,2,High,2,14.8872,3409.93,8.13474,0.109539,0.0408793
2015,RL,5,BSDF Heavy,0,High,2,High,2,14.8768,3404.34,8.1331,0.110066,0.0408752
2016,RL,5,BSDF Heavy,0,High,2,High,2,14.973,3426.9,8.1397,0.110968,0.0408711
2017,RL,5,BSDF Heavy,0,High,2,High,2,14.9056,3411.58,8.13522,0.110322,0.040867
2018,RL,5,BSDF Heavy,0,High,2,High,2,14.9899,3432.79,8.14142,0.110295,0.0408629
2019,RL,5,BSDF Heavy,0,High,2,High,2,14.82,3393.92,8.13003,0.109707,0.0408588
2020,RL,5,BSDF Heavy,0,High,2,High,2,15.0085,3434.57,8.14194,0.110876,0.0408547
2021,RL,5,BSDF Heavy,0,High,2,High,2,14.8918,3409.29,8.13455,0.110216,0.0408507
2022,RL,5,BSDF Heavy,0,High,2,High,2,14.8431,3398.13,8.13127,0.110276,0.0408466
2023,RL,5,BSDF Heavy,0,High,2,High,2,14.8599,3399.86,8.13178,0.110299,0.0408425
2024,RL,5,BSDF Heavy,0,High,2,High,2,14.8366,3397.3,8.13103,0.109662,0.0408384
2025,RL,5,BSDF Heavy,0,High,2,High,2,14.888,3407.75,8.1341,0.109857,0.0408343
2026,RL,5,BSDF Heavy,0,High,2,High,2,14.9379,3418.96,8.13738,0.110071,0.0408302
2027,RL,5,BSDF Heavy,0,High,2,High,2,14.9433,3420.94,8.13796,0.110237,0.0408262
2028,RL,5,BSDF Heavy,0,High,2,High,2,14.8774,3407.27,8.13396,0.110096,0.0408221
2029,RL,5,BSDF Heavy,0,High,2,High,2,14.8454,3398.46,8.13137,0.109564,0.040818
2030,RL,5,BSDF Heavy,0,High,2,High,2,14.8847,3410.78,8.13499,0.109628,0.0408139
2031,RL,5,BSDF Heavy,0,High,2,High,2,14.7637,3384.26,8.12719,0.108715,0.0408098
2032,RL,5,BSDF Heavy,0,High,2,High,2,14.6751,3363.82,8.12113,0.1088,0.0408058
2033,RL,5,BSDF Heavy,0,High,2,High,2,14.9956,3435.37,8.14217,0.110255,0.0408017
2034,RL,5,BSDF Heavy,0,High,2,High,2,14.8763,3404.44,8.13313,0.110122,0.0407976
2035,RL,5,BSDF Heavy,0,High,2,High,2,14.9576,3426.03,8.13945,0.110021,0.0407935
2036,RL,5,BSDF Heavy,0,High,2,High,2,14.878,3405.81,8.13353,0.109354,0.0407894
2037,RL,5,BSDF Heavy,0,High,2,High,2,14.9345,3416.89,8.13678,0.110592,0.0407854
2038,RL,5,BSDF Heavy,0,High,2,High,2,14.8919,3407.29,8.13397,0.11027,0.0407813
2039,RL,5,BSDF Heavy,0,High,2,High,2,14.8396,3395.78,8.13058,0.11012,0.0407772
2040,RL,5,BSDF Heavy,0,High,2,High,2,14.7199,3370.88,8.12323,0.10925,0.0407731
2041,RL,5,BSDF Heavy,0,High,2,High,2,14.7742,3384.14,8.12715,0.109551,0.040769
2042,RL,5,BSDF Heavy,0,High,2,High,2,14.8091,3389.69,8.12879,0.109564,0.040765
2043,RL,5,BSDF Heavy,0,High,2,High,2,14.8641,3403.69,8.13291,0.10956,0.0407609
2044,RL,5,BSDF Heavy,0,High,2,High,2,14.9613,3424.37,8.13896,0.110143,0.0407568
2045,RL,5,BSDF Heavy,0,High,2,High,2,14.8903,3411.4,8.13517,0.109794,0.0407527
2046,RL,5,BSDF Heavy,0,High,2,High,2,14.9074,3412.84,8.13559,0.110091,0.0407487
2047,RL,5,BSDF Heavy,0,High,2,High,2,14.7625,3379.57,8.1258,0.108962,0.0407446
2048,RL,5,BSDF Heavy,0,High,2,High,2,14.8882,3408.98,8.13446,0.109958,0.0407405
2049,RL,5,BSDF Heavy,0,High,2,High,2,14.8669,3404.49,8.13314,0.110164,0.0407364
2050,RL,5,BSDF Heavy,0,High,2,High,2,14.9045,3411.57,8.13522,0.110228,0.0407324
2051,RL,5,BSDF Heavy,0,High,2,High,2,14.7994,3387.46,8.12813,0.110041,0.0407283
2052,RL,5,BSDF Heavy,0,High,2,High,2,14.8513,3401.23,8.13219,0.109948,0.0407242
2053,RL,5,BSDF Heavy,0,High,2,High,2,14.9369,3417.84,8.13706,0.1101,0.0407201
2054,RL,5,BSDF Heavy,0,High,2,High,2,14.9118,3415.14,8.13627,0.110179,0.0407161
2055,RL,5,Balanced,0.405465,High,2,Medium,1,14.8309,3395.2,8.13041,0.110004,0.040712
2056,RL,4,BSDF Heavy,-0.405465,Medium,1,High,2,8.75196,2002.87,7.60283,0.0947049,0.0407079
2057,RL,5,Balanced,0.405465,High,2,Medium,1,14.9512,3423.72,8.13877,0.109925,0.0407039
2058,RL,4,BSDF Heavy,-0.405465,Medium,1,High,2,8.69677,1987.81,7.59529,0.0951273,0.0406998
2059,RL,5,Light Heavy,1,High,2,Low,0,14.8348,3395.87,8.13061,0.109788,0.0406957
2060,RL,3,BSDF Heavy,-1,Low,0,High,2,3.91109,902.267,6.80602,0.0469772,0.0406917
2061,RL,5,Light Heavy,1,High,2,Low,0,14.9324,3417.96,8.13709,0.1095,0.0406876
2062,RL,3,BSDF Heavy,-1,Low,0,High,2,3.96747,915.632,6.82071,0.04712,0.0406835
2063,RL,5,BSDF Heavy,0,High,2,High,2,14.8048,3389.01,8.12859,0.109533,0.0406795
2064,RL,5,BSDF Heavy,0,High,2,High,2,14.8843,3408.07,8.13419,0.109853,0.0406754
2065,RL,5,BSDF Heavy,0,High,2,High,2,14.8542,3401.35,8.13222,0.109576,0.0406713
2066,RL,5,BSDF Heavy,0,High,2,High,2,14.8101,3391.59,8.12935,0.109587,0.0406672
2067,RL,5,BSDF Heavy,0,High,2,High,2,14.9247,3416.31,8.13661,0.109805,0.0406632
2068,RL,5,BSDF Heavy,0,High,2,High,2,14.8142,3392.84,8.12972,0.10946,0.0406591
2069,RL,5,BSDF Heavy,0,High,2,High,2,14.907,3410.96,8.13504,0.109919,0.040655
2070,RL,5,BSDF Heavy,0,High,2,High,2,14.8208,3391.47,8.12931,0.109701,0.040651
2071,RL,5,BSDF Heavy,0,High,2,High,2,14.7722,3380.1,8.12596,0.10973,0.0406469
2072,RL,5,BSDF Heavy,0,High,2,High,2,14.9528,3425.49,8.13929,0.109628,0.0406429
2073,RL,5,BSDF Heavy,0,High,2,High,2,14.9213,3417.07,8.13683,0.109905,0.0406388
2074,RL,5,BSDF Heavy,0,High,2,High,2,14.9295,3417.37,8.13692,0.110349,0.0406347
2075,RL,5,BSDF Heavy,0,High,2,High,2,14.8357,3396.81,8.13089,0.110266,0.0406307
2076,RL,5,BSDF Heavy,0,High,2,High,2,14.8941,3410.16,8.13481,0.10977,0.0406266
2077,RL,5,BSDF Heavy,0,High,2,High,2,14.9527,3424.72,8.13907,0.109759,0.0406225
2078,RL,5,BSDF Heavy,0,High,2,High,2,14.9318,3417.27,8.13689,0.110282,0.0406185
2079,RL,5,BSDF Heavy,0,High,2,High,2,14.7748,3384.68,8.12731,0.109288,0.0406144
2080,RL,5,BSDF Heavy,0,High,2,High,2,14.8641,3402.18,8.13247,0.110251,0.0406104
2081,RL,5,BSDF Heavy,0,High,2,High,2,14.8433,3400,8.13182,0.109485,0.0406063
2082,RL,5,BSDF Heavy,0,High,2,High,2,14.8829,3406.93,8.13386,0.109875,0.0406022
2083,RL,5,BSDF Heavy,0,High,2,High,2,14.8649,3401.86,8.13237,0.10985,0.0405982
2084,RL,5,BSDF Heavy,0,High,2,High,2,15.0073,3434.94,8.14205,0.110646,0.0405941
2085,RL,5,BSDF Heavy,0,High,2,High,2,14.9354,3419,8.1374,0.110743,0.0405901
2086,RL,5,BSDF Heavy,0,High,2,High,2,14.9098,3412.25,8.13542,0.110129,0.040586
2087,RL,5,BSDF Heavy,0,High,2,High,2,14.8084,3388.65,8.12848,0.110129,0.0405819
2088,RL,5,BSDF Heavy,0,High,2,High,2,14.9205,3415.33,8.13632,0.110073,0.0405779
2089,RL,5,BSDF Heavy,0,High,2,High,2,14.8826,3407,8.13388,0.109905,0.0405738
2090,RL,5,BSDF Heavy,0,High,2,High,2,14.8462,3397.2,8.131,0.110311,0.0405698
2091,RL,5,BSDF Heavy,0,High,2,High,2,14.8569,3403.88,8.13297,0.109907,0.0405657
2092,RL,5,BSDF Heavy,0,High,2,High,2,14.9169,3415.89,8.13649,0.110312,0.0405616
2093,RL,5,BSDF Heavy,0,High,2,High,2,14.8257,3395.04,8.13036,0.109182,0.0405576
2094,RL,5,BSDF Heavy,0,High,2,High,2,14.8224,3396.17,8.1307,0.109763,0.0405535
2095,RL,5,BSDF Heavy,0,High,2,High,2,14.886,3408.41,8.13429,0.109981,0.0405495
2096,RL,5,BSDF Heavy,0,High,2,High,2,14.9464,3420.76,8.13791,0.110421,0.0405454
2097,RL,5,BSDF Heavy,0,High,2,High,2,14.956,3423.02,8.13857,0.110507,0.0405414
2098,RL,5,BSDF Heavy,0,High,2,High,2,14.8575,3400.57,8.13199,0.110295,0.0405373
2099,RL,5,BSDF Heavy,0,High,2,High,2,14.9131,3413.41,8.13576,0.11039,0.0405333
2100,RL,5,BSDF Heavy,0,High,2,High,2,14.9097,3411.6,8.13523,0.110129,0.0405292
2101,RL,5,BSDF Heavy,0,High,2,High,2,14.9036,3412.65,8.13554,0.109846,0.0405252
2102,RL,5,BSDF Heavy,0,High,2,High,2,14.901,3410.24,8.13483,0.110085,0.0405211
2103,RL,5,BSDF Heavy,0,High,2,High,2,14.8572,3402.26,8.13249,0.109504,0.0405171
2104,RL,5,BSDF Heavy,0,High,2,High,2,14.8943,3409.74,8.13469,0.110272,0.040513
2105,RL,5,BSDF Heavy,0,High,2,High,2,14.8309,3394.01,8.13006,0.110017,0.040509
2106,RL,5,BSDF Heavy,0,High,2,High,2,14.7996,3390.29,8.12897,0.109904,0.0405049
2107,RL,5,BSDF Heavy,0,High,2,High,2,14.8456,3397.74,8.13116,0.110766,0.0405009
2108,RL,5,BSDF Heavy,0,High,2,High,2,14.9351,3419.53,8.13755,0.110463,0.0404968
2109,RL,5,BSDF Heavy,0,High,2,High,2,14.809,3389.98,8.12887,0.10963,0.0404928
2110,RL,5,BSDF Heavy,0,High,2,High,2,14.8711,3405.23,8.13336,0.110197,0.0404887
2111,RL,5,BSDF Heavy,0,High,2,High,2,14.8209,3395.21,8.13041,0.109632,0.0404847
2112,RL,5,BSDF Heavy,0,High,2,High,2,14.7877,3387.95,8.12828,0.10968,0.0404806
2113,RL,5,BSDF Heavy,0,High,2,High,2,14.9737,3425.9,8.13941,0.109985,0.0404766
2114,RL,5,BSDF Heavy,0,High,2,High,2,14.8124,3388.8,8.12853,0.110085,0.0404725
2115,RL,5,BSDF Heavy,0,High,2,High,2,14.7659,3378.69,8.12554,0.109927,0.0404685
2116,RL,5,BSDF Heavy,0,High,2,High,2,14.8384,3395.08,8.13038,0.110353,0.0404644
2117,RL,5,BSDF Heavy,0,High,2,High,2,14.8599,3402.04,8.13242,0.109743,0.0404604
2118,RL,5,Light Heavy,1,High,2,Low,0,14.8629,3402.17,8.13246,0.109468,0.0404563
2119,RL,3,BSDF Heavy,-1,Low,0,High,2,3.99922,923.294,6.82903,0.0477527,0.0404523
2120,RL,5,Balanced,0.405465,High,2,Medium,1,14.8679,3404.67,8.1332,0.109815,0.0404482
2121,RL,4,BSDF Heavy,-0.405465,Medium,1,High,2,8.7374,2000.1,7.60145,0.0940143,0.0404442
2122,RL,5,BSDF Heavy,0,High,2,High,2,14.9631,3423.3,8.13865,0.110465,0.0404401
2123,RL,5,BSDF Heavy,0,High,2,High,2,14.8236,3393.75,8.12999,0.109616,0.0404361
2124,RL,5,BSDF Heavy,0,High,2,High,2,14.8037,3390.03,8.12889,0.109599,0.0404321
2125,RL,5,BSDF Heavy,0,High,2,High,2,14.885,3407.58,8.13405,0.109961,0.040428
2126,RL,5,BSDF Heavy,0,High,2,High,2,14.9109,3414.32,8.13603,0.110349,0.040424
2127,RL,5,BSDF Heavy,0,High,2,High,2,14.8801,3406.48,8.13373,0.109647,0.0404199
2128,RL,5,BSDF Heavy,0,High,2,High,2,14.9204,3416.24,8.13659,0.110125,0.0404159
2129,RL,5,BSDF Heavy,0,High,2,High,2,14.8793,3406.52,8.13374,0.110041,0.0404118
2130,RL,5,BSDF Heavy,0,High,2,High,2,14.889,3410.22,8.13483,0.110127,0.0404078
2131,RL,5,BSDF Heavy,0,High,2,High,2,14.8471,3398.8,8.13147,0.109387,0.0404038
2132,RL,5,BSDF Heavy,0,High,2,High,2,14.723,3373.48,8.124,0.109551,0.0403997
2133,RL,5,BSDF Heavy,0,High,2,High,2,14.9524,3421.83,8.13822,0.110503,0.0403957
2134,RL,5,BSDF Heavy,0,High,2,High,2,14.9199,3413.9,8.1359,0.110145,0.0403917
2135,RL,5,BSDF Heavy,0,High,2,High,2,14.72,3370.69,8.12317,0.109543,0.0403876
2136,RL,5,BSDF Heavy,0,High,2,High,2,14.8859,3407.45,8.13401,0.109981,0.0403836
2137,RL,5,BSDF Heavy,0,High,2,High,2,14.8353,3396.59,8.13082,0.110328,0.0403795
2138,RL,5,BSDF Heavy,0,High,2,High,2,14.8654,3405.57,8.13346,0.110216,0.0403755
2139,RL,5,BSDF Heavy,0,High,2,High,2,14.9834,3429.74,8.14053,0.110409,0.0403715
2140,RL,5,BSDF Heavy,0,High,2,High,2,14.8659,3404.68,8.1332,0.109772,0.0403674
2141,RL,5,BSDF Heavy,0,High,2,High,2,14.8421,3400.09,8.13185,0.109961,0.0403634
2142,RL,5,BSDF Heavy,0,High,2,High,2,14.8573,3402.5,8.13256,0.109909,0.0403593
2143,RL,5,BSDF Heavy,0,High,2,High,2,14.7847,3384.32,8.1272,0.110139,0.0403553
2144,RL,5,BSDF Heavy,0,High,2,High,2,14.9599,3424.25,8.13893,0.109782,0.0403513
2145,RL,5,BSDF Heavy,0,High,2,High,2,14.9759,3427.16,8.13978,0.110592,0.0403472
2146,RL,5,BSDF Heavy,0,High,2,High,2,14.9641,3422.59,8.13844,0.110503,0.0403432
2147,RL,5,BSDF Heavy,0,High,2,High,2,15.0081,3434.97,8.14205,0.110031,0.0403392
2148,RL,5,BSDF Heavy,0,High,2,High,2,14.9434,3420.75,8.13791,0.110222,0.0403351
2149,RL,5,BSDF Heavy,0,High,2,High,2,14.8718,3401.64,8.13231,0.11048,0.0403311
2150,RL,5,BSDF Heavy,0,High,2,High,2,14.7855,3387.97,8.12828,0.109425,0.0403271
2151,RL,5,BSDF Heavy,0,High,2,High,2,14.8945,3409.76,8.13469,0.110394,0.040323
2152,RL,5,BSDF Heavy,0,High,2,High,2,14.8403,3396.84,8.13089,0.109927,0.040319
2153,RL,5,BSDF Heavy,0,High,2,High,2,14.865,3404.78,8.13323,0.110237,0.040315
2154,RL,5,BSDF Heavy,0,High,2,High,2,14.8429,3396.43,8.13078,0.109961,0.0403109
2155,RL,5,BSDF Heavy,0,High,2,High,2,14.9079,3412.16,8.13539,0.110519,0.0403069
2156,RL,5,BSDF Heavy,0,High,2,High,2,14.8975,3408.45,8.13431,0.109932,0.0403029
2157,RL,5,BSDF Heavy,0,High,2,High,2,14.9179,3415.21,8.13629,0.10977,0.0402989
2158,RL,5,BSDF Heavy,0,High,2,High,2,14.9265,3415.87,8.13648,0.110297,0.0402948
2159,RL,5,BSDF Heavy,0,High,2,High,2,14.9388,3417.08,8.13683,0.110444,0.0402908
2160,RL,5,BSDF Heavy,0,High,2,High,2,14.9198,3415.79,8.13646,0.110247,0.0402868
2161,RL,5,BSDF Heavy,0,High,2,High,2,14.9274,3418.29,8.13719,0.109884,0.0402827
2162,RL,5,BSDF Heavy,0,High,2,High,2,14.8031,3389.87,8.12884,0.110208,0.0402787
2163,RL,5,BSDF Heavy,0,High,2,High,2,14.898,3410.04,8.13477,0.109803,0.0402747
2164,RL,5,BSDF Heavy,0,High,2,High,2,14.9211,3415.57,8.13639,0.110241,0.0402707
2165,RL,5,BSDF Heavy,0,High,2,High,2,14.8633,3402.28,8.13249,0.110019,0.0402666
2166,RL,5,BSDF Heavy,0,High,2,High,2,14.8352,3398.36,8.13134,0.109516,0.0402626
2167,RL,5,BSDF Heavy,0,High,2,High,2,14.8822,3406.3,8.13368,0.110388,0.0402586
2168,RL,5,BSDF Heavy,0,High,2,High,2,14.9139,3414,8.13593,0.109878,0.0402545
2169,RL,5,BSDF Heavy,0,High,2,High,2,14.735,3374.52,8.1243,0.109194,0.0402505
2170,RL,5,BSDF Heavy,0,High,2,High,2,14.861,3400.14,8.13187,0.109909,0.0402465
2171,RL,5,BSDF Heavy,0,High,2,High,2,14.808,3390.32,8.12898,0.109807,0.0402425
2172,RL,5,BSDF Heavy,0,High,2,High,2,14.8425,3398.81,8.13147,0.110098,0.0402385
2173,RL,5,BSDF Heavy,0,High,2,High,2,14.9101,3413.3,8.13573,0.109986,0.0402344
2174,RL,5,BSDF Heavy,0,High,2,High,2,14.9147,3413.55,8.1358,0.110312,0.0402304
2175,RL,5,BSDF Heavy,0,High,2,High,2,14.9586,3426.57,8.13961,0.109875,0.0402264
2176,RL,5,BSDF Heavy,0,High,2,High,2,14.8387,3396.97,8.13093,0.109537,0.0402224
2177,RL,5,BSDF Heavy,0,High,2,High,2,14.7614,3379.49,8.12578,0.109402,0.0402183
2178,RL,5,BSDF Heavy,0,High,2,High,2,14.8918,3413.7,8.13585,0.109591,0.0402143
2179,RL,5,BSDF Heavy,0,High,2,High,2,14.8409,3396.83,8.13089,0.110025,0.0402103
2180,RL,5,BSDF Heavy,0,High,2,High,2,14.9243,3414.08,8.13596,0.110546,0.0402063
2181,RL,5,BSDF Heavy,0,High,2,High,2,14.987,3432.68,8.14139,0.110083,0.0402023
2182,RL,5,BSDF Heavy,0,High,2,High,2,14.9343,3417.51,8.13696,0.110513,0.0401982
2183,RL,5,BSDF Heavy,0,High,2,High,2,14.8889,3409.39,8.13458,0.109931,0.0401942
2184,RL,5,BSDF Heavy,0,High,2,High,2,14.8948,3412.23,8.13542,0.109703,0.0401902
2185,RL,5,BSDF Heavy,0,High,2,High,2,15.0234,3437.79,8.14287,0.110862,0.0401862
2186,RL,5,BSDF Heavy,0,High,2,High,2,14.8009,3388.07,8.12831,0.109389,0.0401822
2187,RL,5,BSDF Heavy,0,High,2,High,2,14.6953,3366.41,8.1219,0.109462,0.0401781
2188,RL,5,BSDF Heavy,0,High,2,High,2,14.8951,3409.5,8.13461,0.109578,0.0401741
2189,RL,5,BSDF Heavy,0,High,2,High,2,14.8472,3398.68,8.13144,0.109805,0.0401701
2190,RL,5,BSDF Heavy,0,High,2,High,2,15.0404,3440.95,8.14379,0.110797,0.0401661
2191,RL,5,BSDF Heavy,0,High,2,High,2,14.831,3393.64,8.12995,0.109938,0.0401621
2192,RL,5,BSDF Heavy,0,High,2,High,2,14.9695,3428.01,8.14003,0.110006,0.0401581
2193,RL,5,BSDF Heavy,0,High,2,High,2,14.8526,3399.28,8.13161,0.109803,0.040154
2194,RL,5,BSDF Heavy,0,High,2,High,2,14.9395,3419.11,8.13743,0.110465,0.04015
2195,RL,5,BSDF Heavy,0,High,2,High,2,14.9017,3413.55,8.1358,0.109554,0.040146
2196,RL,5,BSDF Heavy,0,High,2,High,2,14.9223,3416.7,8.13672,0.11023,0.040142
2197,RL,5,BSDF Heavy,0,High,2,High,2,15.0463,3443.51,8.14454,0.110843,0.040138
2198,RL,5,BSDF Heavy,0,High,2,High,2,14.9697,3427.61,8.13991,0.110382,0.040134
2199,RL,5,BSDF Heavy,0,High,2,High,2,14.9638,3423.69,8.13876,0.109743,0.04013
2200,RL,5,BSDF Heavy,0,High,2,High,2,14.9364,3418.84,8.13735,0.110438,0.0401259
2201,RL,5,BSDF Heavy,0,High,2,High,2,14.8846,3405.77,8.13352,0.110129,0.0401219
2202,RL,5,BSDF Heavy,0,High,2,High,2,14.9049,3415.25,8.1363,0.109857,0.0401179
2203,RL,5,BSDF Heavy,0,High,2,High,2,14.9321,3418.39,8.13722,0.11027,0.0401139
2204,RL,5,BSDF Heavy,0,High,2,High,2,14.8659,3405.46,8.13343,0.109298,0.0401099
2205,RL,5,BSDF Heavy,0,High,2,High,2,14.9245,3416.36,8.13662,0.109958,0.0401059
2206,RL,5,BSDF Heavy,0,High,2,High,2,14.8567,3401.57,8.13229,0.109948,0.0401019
2207,RL,5,BSDF Heavy,0,High,2,High,2,14.7959,3387.18,8.12805,0.110023,0.0400979
2208,RL,5,BSDF Heavy,0,High,2,High,2,14.9441,3421.14,8.13802,0.110492,0.0400939
2209,RL,5,BSDF Heavy,0,High,2,High,2,14.7306,3373.09,8.12388,0.109878,0.0400898
2210,RL,5,BSDF Heavy,0,High,2,High,2,14.8657,3404.71,8.13321,0.109637,0.0400858
2211,RL,5,BSDF Heavy,0,High,2,High,2,14.8129,3390.6,8.12906,0.110183,0.0400818
2212,RL,5,BSDF Heavy,0,High,2,High,2,14.9143,3412.52,8.1355,0.110231,0.0400778
2213,RL,5,BSDF Heavy,0,High,2,High,2,14.958,3424.86,8.13911,0.110064,0.0400738
2214,RL,5,BSDF Heavy,0,High,2,High,2,14.8253,3393.77,8.12999,0.109907,0.0400698
2215,RL,5,BSDF Heavy,0,High,2,High,2,14.8762,3408.1,8.1342,0.109983,0.0400658
2216,RL,5,BSDF Heavy,0,High,2,High,2,14.8527,3399.05,8.13155,0.109772,0.0400618
2217,RL,5,BSDF Heavy,0,High,2,High,2,14.9232,3417.77,8.13704,0.110025,0.0400578
2218,RL,5,BSDF Heavy,0,High,2,High,2,14.8979,3411.21,8.13512,0.110023,0.0400538
2219,RL,5,Balanced,0.405465,High,2,Medium,1,14.9462,3419.91,8.13766,0.110031,0.0400498
2220,RL,4,BSDF Heavy,-0.405465,Medium,1,High,2,8.69648,1989.29,7.59604,0.0944772,0.0400458
2221,RL,5,BSDF Heavy,0,High,2,High,2,15.051,3444.63,8.14486,0.110422,0.0400418
2222,RL,5,BSDF Heavy,0,High,2,High,2,15.0345,3440.38,8.14363,0.110644,0.0400378
2223,RL,5,BSDF Heavy,0,High,2,High,2,14.7622,3380.46,8.12606,0.109377,0.0400338
2224,RL,5,BSDF Heavy,0,High,2,High,2,14.8241,3394.46,8.1302,0.10972,0.0400298
2225,RL,5,BSDF Heavy,0,High,2,High,2,14.9016,3410.01,8.13476,0.109942,0.0400258
2226,RL,5,BSDF Heavy,0,High,2,High,2,14.902,3410.63,8.13495,0.110133,0.0400217
2227,RL,5,BSDF Heavy,0,High,2,High,2,14.9079,3410.87,8.13502,0.110436,0.0400177
2228,RL,5,BSDF Heavy,0,High,2,High,2,14.8852,3407.88,8.13414,0.109757,0.0400137
2229,RL,5,BSDF Heavy,0,High,2,High,2,14.8756,3403.42,8.13283,0.110278,0.0400097
2230,RL,5,BSDF Heavy,0,High,2,High,2,14.9384,3418.28,8.13719,0.110455,0.0400057
2231,RL,5,BSDF Heavy,0,High,2,High,2,14.9346,3416.7,8.13672,0.110534,0.0400017
2232,RL,5,BSDF Heavy,0,High,2,High,2,14.7915,3387.6,8.12817,0.109734,0.0399977
2233,RL,5,BSDF Heavy,0,High,2,High,2,14.8178,3391.72,8.12939,0.109963,0.0399937
2234,RL,5,BSDF Heavy,0,High,2,High,2,14.7377,3376.07,8.12476,0.10892,0.0399897
2235,RL,5,BSDF Heavy,0,High,2,High,2,14.8893,3407.77,8.13411,0.110243,0.0399857
2236,RL,5,BSDF Heavy,0,High,2,High,2,14.856,3398.62,8.13142,0.109859,0.0399817
2237,RL,5,BSDF Heavy,0,High,2,High,2,14.8847,3407.03,8.13389,0.109738,0.0399778
2238,RL,5,BSDF Heavy,0,High,2,High,2,14.9355,3420.31,8.13778,0.110469,0.0399738
2239,RL,5,BSDF Heavy,0,High,2,High,2,14.8969,3410.01,8.13476,0.109967,0.0399698
2240,RL,5,BSDF Heavy,0,High,2,High,2,14.8774,3408.22,8.13424,0.109527,0.0399658
2241,RL,5,BSDF Heavy,0,High,2,High,2,14.8822,3408.66,8.13437,0.109961,0.0399618
2242,RL,5,BSDF Heavy,0,High,2,High,2,14.8188,3393.89,8.13003,0.109516,0.0399578
2243,RL,5,BSDF Heavy,0,High,2,High,2,14.8751,3406.64,8.13378,0.110191,0.0399538
2244,RL,5,BSDF Heavy,0,High,2,High,2,15.0352,3442.27,8.14418,0.11054,0.0399498
2245,RL,5,BSDF Heavy,0,High,2,High,2,14.8177,3393.07,8.12978,0.109734,0.0399458
2246,RL,5,BSDF Heavy,0,High,2,High,2,14.7804,3387.75,8.12822,0.108698,0.0399418
2247,RL,5,Balanced,0.405465,High,2,Medium,1,14.9206,3414.51,8.13608,0.110156,0.0399378
2248,RL,4,BSDF Heavy,-0.405465,Medium,1,High,2,8.76593,2005.41,7.6041,0.0947762,0.0399338
2249,RL,5,Light Heavy,1,High,2,Low,0,14.8959,3408.55,8.13433,0.110204,0.0399298
2250,RL,3,BSDF Heavy,-1,Low,0,High,2,3.90552,900.43,6.80398,0.0470448,0.0399258
2251,RL,5,Light Heavy,1,High,2,Low,0,14.9489,3420.72,8.1379,0.11027,0.0399218
2252,RL,3,BSDF Heavy,-1,Low,0,High,2,3.91926,904.88,6.80891,0.0467805,0.0399178
2253,RL,5,BSDF Heavy,0,High,2,High,2,14.8755,3405.6,8.13347,0.10968,0.0399138
2254,RL,5,BSDF Heavy,0,High,2,High,2,14.8416,3397.88,8.1312,0.109857,0.0399098
2255,RL,5,BSDF Heavy,0,High,2,High,2,14.9434,3422.21,8.13833,0.110058,0.0399059
2256,RL,5,BSDF Heavy,0,High,2,High,2,15.0047,3435.97,8.14235,0.110326,0.0399019
2257,RL,5,BSDF Heavy,0,High,2,High,2,14.8352,3397.77,8.13117,0.109738,0.0398979
2258,RL,5,BSDF Heavy,0,High,2,High,2,14.8132,3389.41,8.12871,0.109925,0.0398939
2259,RL,5,BSDF Heavy,0,High,2,High,2,14.9193,3415.42,8.13635,0.110301,0.0398899
2260,RL,5,BSDF Heavy,0,High,2,High,2,14.709,3367.76,8.1223,0.10939,0.0398859
2261,RL,5,BSDF Heavy,0,High,2,High,2,14.8022,3391.02,8.12918,0.109703,0.0398819
2262,RL,5,BSDF Heavy,0,High,2,High,2,14.881,3405.08,8.13332,0.109961,0.0398779
2263,RL,5,BSDF Heavy,0,High,2,High,2,14.7773,3382.53,8.12667,0.109878,0.0398739
2264,RL,5,BSDF Heavy,0,High,2,High,2,14.8819,3406.57,8.13375,0.109298,0.03987
2265,RL,5,BSDF Heavy,0,High,2,High,2,14.8966,3409.08,8.13449,0.109801,0.039866
2266,RL,5,BSDF Heavy,0,High,2,High,2,14.9273,3418.47,8.13724,0.110172,0.039862
2267,RL,5,BSDF Heavy,0,High,2,High,2,14.8104,3390.83,8.12913,0.109462,0.039858
2268,RL,5,BSDF Heavy,0,High,2,High,2,14.8961,3413.1,8.13567,0.109855,0.039854
2269,RL,5,BSDF Heavy,0,High,2,High,2,14.8181,3392.43,8.1296,0.109354,0.03985
2270,RL,5,BSDF Heavy,0,High,2,High,2,14.8855,3408.27,8.13425,0.109753,0.039846
2271,RL,5,BSDF Heavy,0,High,2,High,2,14.8696,3405.25,8.13337,0.109803,0.0398421
2272,RL,5,BSDF Heavy,0,High,2,High,2,14.8252,3394.64,8.13025,0.109585,0.0398381
2273,RL,5,BSDF Heavy,0,High,2,High,2,14.9703,3424.33,8.13895,0.110783,0.0398341
2274,RL,5,BSDF Heavy,0,High,2,High,2,14.8614,3402.84,8.13266,0.10966,0.0398301
2275,RL,5,BSDF Heavy,0,High,2,High,2,14.7984,3387.21,8.12806,0.109443,0.0398261
2276,RL,5,BSDF Heavy,0,High,2,High,2,14.9051,3410.61,8.13494,0.109562,0.0398221
2277,RL,5,BSDF Heavy,0,High,2,High,2,14.7673,3382.49,8.12666,0.109686,0.0398182
2278,RL,5,BSDF Heavy,0,High,2,High,2,14.845,3401.14,8.13216,0.109718,0.0398142
2279,RL,5,BSDF Heavy,0,High,2,High,2,14.917,3417.23,8.13688,0.109749,0.0398102
2280,RL,5,BSDF Heavy,0,High,2,High,2,14.9027,3412.66,8.13554,0.110054,0.0398062
2281,RL,5,BSDF Heavy,0,High,2,High,2,15.0375,3441.27,8.14389,0.110829,0.0398022
2282,RL,5,BSDF Heavy,0,High,2,High,2,14.7388,3375.77,8.12467,0.109379,0.0397983
2283,RL,5,BSDF Heavy,0,High,2,High,2,14.7196,3369.3,8.12276,0.109282,0.0397943
2284,RL,5,BSDF Heavy,0,High,2,High,2,14.8481,3400.25,8.1319,0.110087,0.0397903
2285,RL,5,BSDF Heavy,0,High,2,High,2,14.927,3417.69,8.13701,0.110639,0.0397863
2286,RL,5,BSDF Heavy,0,High,2,High,2,14.8635,3404.59,8.13317,0.109977,0.0397823
2287,RL,5,BSDF Heavy,0,High,2,High,2,14.9081,3412.2,8.1354,0.109878,0.0397784
2288,RL,5,BSDF Heavy,0,High,2,High,2,14.748,3380.06,8.12594,0.108995,0.0397744
2289,RL,5,BSDF Heavy,0,High,2,High,2,14.9148,3413.25,8.13571,0.110191,0.0397704
2290,RL,5,Light Heavy,1,High,2,Low,0,14.881,3406.94,8.13386,0.109782,0.0397664
2291,RL,3,BSDF Heavy,-1,Low,0,High,2,3.93297,908.716,6.81313,0.046794,0.0397624
2292,RL,5,Balanced,0.405465,High,2,Medium,1,14.9784,3426.94,8.13971,0.11034,0.0397585
2293,RL,4,BSDF Heavy,-0.405465,Medium,1,High,2,8.71603,1993.92,7.59836,0.0941011,0.0397545
2294,RL,5,Balanced,0.405465,High,2,Medium,1,14.9326,3416.91,8.13678,0.110565,0.0397505
2295,RL,4,BSDF Heavy,-0.405465,Medium,1,High,2,8.6351,1977.26,7.58997,0.093777,0.0397465
2296,RL,5,Balanced,0.405465,High,2,Medium,1,14.8666,3400.92,8.1321,0.110409,0.0397426
2297,RL,4,BSDF Heavy,-0.405465,Medium,1,High,2,8.63878,1977.35,7.59002,0.0937114,0.0397386
2298,RL,5,Balanced,0.405465,High,2,Medium,1,14.8271,3395.78,8.13058,0.109547,0.0397346
2299,RL,4,Balanced,0,Medium,1,Medium,1,8.67412,1985.15,7.59395,0.0941474,0.0397307
2300,RL,4,BSDF Heavy,-0.405465,Medium,1,High,2,8.64851,1979.43,7.59107,0.093804,0.0397267
2301,RL,5,Balanced,0.405465,High,2,Medium,1,14.8865,3409.15,8.13451,0.109587,0.0397227
2302,RL,4,BSDF Heavy,-0.405465,Medium,1,High,2,8.63782,1973.32,7.58798,0.094566,0.0397187
2303,RL,5,BSDF Heavy,0,High,2,High,2,14.8604,3402.64,8.1326,0.109797,0.0397148
2304,RL,5,BSDF Heavy,0,High,2,High,2,14.7809,3383.15,8.12686,0.109728,0.0397108
2305,RL,5,BSDF Heavy,0,High,2,High,2,14.8642,3402.11,8.13244,0.110444,0.0397068
2306,RL,5,BSDF Heavy,0,High,2,High,2,14.9808,3430.19,8.14066,0.1101,0.0397029
2307,RL,5,BSDF Heavy,0,High,2,High,2,14.8826,3405.76,8.13352,0.110069,0.0396989
2308,RL,5,BSDF Heavy,0,High,2,High,2,14.9636,3424.41,8.13898,0.110718,0.0396949
2309,RL,5,BSDF Heavy,0,High,2,High,2,14.9273,3418.26,8.13718,0.110006,0.0396909
2310,RL,5,BSDF Heavy,0,High,2,High,2,14.85,3399.87,8.13179,0.110299,0.039687
2311,RL,5,BSDF Heavy,0,High,2,High,2,14.8273,3393.95,8.13004,0.109927,0.039683
2312,RL,5,BSDF Heavy,0,High,2,High,2,14.9264,3419.34,8.1375,0.109715,0.039679
2313,RL,5,BSDF Heavy,0,High,2,High,2,14.8163,3391.15,8.12922,0.10973,0.0396751
2314,RL,5,BSDF Heavy,0,High,2,High,2,14.9351,3420.37,8.1378,0.109742,0.0396711
2315,RL,5,BSDF Heavy,0,High,2,High,2,14.9932,3433.71,8.14169,0.110476,0.0396671
2316,RL,5,BSDF Heavy,0,High,2,High,2,14.8139,3391.71,8.12938,0.109655,0.0396632
2317,RL,5,BSDF Heavy,0,High,2,High,2,14.8454,3394.59,8.13023,0.110031,0.0396592
2318,RL,5,BSDF Heavy,0,High,2,High,2,14.852,3399.27,8.13161,0.109709,0.0396552
2319,RL,5,BSDF Heavy,0,High,2,High,2,14.9335,3417.6,8.13699,0.109776,0.0396513
2320,RL,5,BSDF Heavy,0,High,2,High,2,14.9335,3416.75,8.13674,0.110183,0.0396473
2321,RL,5,BSDF Heavy,0,High,2,High,2,14.957,3423.54,8.13872,0.11034,0.0396433
2322,RL,5,BSDF Heavy,0,High,2,High,2,14.8262,3392.04,8.12948,0.110413,0.0396394
2323,RL,5,BSDF Heavy,0,High,2,High,2,14.8565,3401.43,8.13224,0.109988,0.0396354
2324,RL,5,BSDF Heavy,0,High,2,High,2,14.8271,3393.43,8.12989,0.110139,0.0396315
2325,RL,5,BSDF Heavy,0,High,2,High,2,14.8841,3408.12,8.13421,0.109664,0.0396275
2326,RL,5,BSDF Heavy,0,High,2,High,2,14.8428,3398.97,8.13152,0.109689,0.0396235
2327,RL,5,BSDF Heavy,0,High,2,High,2,14.8108,3392.86,8.12972,0.109643,0.0396196
2328,RL,5,BSDF Heavy,0,High,2,High,2,14.9024,3412.97,8.13563,0.110502,0.0396156
2329,RL,5,Balanced,0.405465,High,2,Medium,1,14.8722,3404.47,8.13314,0.109707,0.0396116
2330,RL,4,BSDF Heavy,-0.405465,Medium,1,High,2,8.74104,1998.52,7.60066,0.0943306,0.0396077
2331,RL,5,Light Heavy,1,High,2,Low,0,14.7995,3389.25,8.12866,0.109859,0.0396037
2332,RL,3,BSDF Heavy,-1,Low,0,High,2,3.95201,911.414,6.81609,0.0472087,0.0395998
2333,RL,5,Light Heavy,1,High,2,Low,0,14.9374,3418.18,8.13716,0.110434,0.0395958
2334,RL,3,BSDF Heavy,-1,Low,0,High,2,3.88895,897.628,6.80087,0.0466069,0.0395918
2335,RL,5,BSDF Heavy,0,High,2,High,2,14.8102,3390.62,8.12906,0.109591,0.0395879
2336,RL,5,BSDF Heavy,0,High,2,High,2,14.9057,3412.12,8.13538,0.110164,0.0395839
2337,RL,5,BSDF Heavy,0,High,2,High,2,14.8356,3397.02,8.13095,0.109402,0.03958
2338,RL,5,BSDF Heavy,0,High,2,High,2,14.8918,3407.7,8.13409,0.110446,0.039576
2339,RL,5,BSDF Heavy,0,High,2,High,2,14.8764,3406.87,8.13384,0.109252,0.039572
2340,RL,5,BSDF Heavy,0,High,2,High,2,14.8956,3409.41,8.13459,0.110129,0.0395681
2341,RL,5,BSDF Heavy,0,High,2,High,2,14.9398,3421.6,8.13815,0.110305,0.0395641
2342,RL,5,BSDF Heavy,0,High,2,High,2,14.795,3387.25,8.12807,0.109462,0.0395602
2343,RL,5,BSDF Heavy,0,High,2,High,2,14.7948,3386.75,8.12792,0.109678,0.0395562
2344,RL,5,BSDF Heavy,0,High,2,High,2,14.8722,3405.25,8.13337,0.110135,0.0395523
2345,RL,5,BSDF Heavy,0,High,2,High,2,14.9045,3414.28,8.13601,0.109909,0.0395483
2346,RL,5,Light Heavy,1,High,2,Low,0,14.9789,3429.9,8.14058,0.110378,0.0395444
2347,RL,3,BSDF Heavy,-1,Low,0,High,2,3.99006,923.006,6.82872,0.047064,0.0395404
2348,RL,5,BSDF Heavy,0,High,2,High,2,14.8867,3409.56,8.13463,0.110073,0.0395365
2349,RL,5,BSDF Heavy,0,High,2,High,2,14.853,3402.81,8.13265,0.109171,0.0395325
2350,RL,5,BSDF Heavy,0,High,2,High,2,14.7233,3371.48,8.1234,0.109726,0.0395285
2351,RL,5,Light Heavy,1,High,2,Low,0,14.9047,3411.63,8.13524,0.10989,0.0395246
2352,RL,3,BSDF Heavy,-1,Low,0,High,2,3.89944,899.212,6.80263,0.0471952,0.0395206
2353,RL,5,Balanced,0.405465,High,2,Medium,1,14.8691,3405.87,8.13355,0.109732,0.0395167
2354,RL,4,BSDF Heavy,-0.405465,Medium,1,High,2,8.69994,1991.35,7.59707,0.0943885,0.0395127
2355,RL,5,BSDF Heavy,0,High,2,High,2,14.9237,3416.37,8.13663,0.110324,0.0395088
2356,RL,5,BSDF Heavy,0,High,2,High,2,14.7891,3385.87,8.12766,0.109209,0.0395048
2357,RL,5,BSDF Heavy,0,High,2,High,2,14.8863,3405.74,8.13351,0.110536,0.0395009
2358,RL,5,BSDF Heavy,0,High,2,High,2,14.8711,3407.08,8.1339,0.1093,0.0394969
2359,RL,5,BSDF Heavy,0,High,2,High,2,14.9239,3418.34,8.1372,0.109838,0.039493
2360,RL,5,BSDF Heavy,0,High,2,High,2,14.8895,3407.86,8.13413,0.110386,0.039489
2361,RL,5,BSDF Heavy,0,High,2,High,2,14.8431,3399.73,8.13174,0.109473,0.0394851
2362,RL,5,BSDF Heavy,0,High,2,High,2,14.8443,3399.23,8.1316,0.109782,0.0394811
2363,RL,5,BSDF Heavy,0,High,2,High,2,14.9144,3414.33,8.13603,0.110278,0.0394772
2364,RL,5,BSDF Heavy,0,High,2,High,2,15.0011,3433.69,8.14168,0.110179,0.0394732
2365,RL,5,BSDF Heavy,0,High,2,High,2,14.9195,3416.79,8.13675,0.109988,0.0394693
2366,RL,5,BSDF Heavy,0,High,2,High,2,14.8569,3402.64,8.1326,0.109682,0.0394653
2367,RL,5,BSDF Heavy,0,High,2,High,2,14.9533,3424.13,8.1389,0.110056,0.0394614
2368,RL,5,BSDF Heavy,0,High,2,High,2,14.7949,3387.97,8.12828,0.109753,0.0394575
2369,RL,5,BSDF Heavy,0,High,2,High,2,14.9436,3422.32,8.13837,0.110187,0.0394535
2370,RL,5,BSDF Heavy,0,High,2,High,2,14.8887,3409.61,8.13465,0.109909,0.0394496
2371,RL,5,BSDF Heavy,0,High,2,High,2,14.9221,3417.71,8.13702,0.109464,0.0394456
2372,RL,5,BSDF Heavy,0,High,2,High,2,14.9551,3424.38,8.13897,0.110295,0.0394417
2373,RL,5,BSDF Heavy,0,High,2,High,2,14.8509,3401.09,8.13215,0.109691,0.0394377
2374,RL,5,BSDF Heavy,0,High,2,High,2,14.8785,3407.18,8.13393,0.109905,0.0394338
2375,RL,5,BSDF Heavy,0,High,2,High,2,14.8322,3396.27,8.13073,0.109358,0.0394298
2376,RL,5,BSDF Heavy,0,High,2,High,2,14.9315,3416.71,8.13673,0.11037,0.0394259
2377,RL,5,BSDF Heavy,0,High,2,High,2,14.8671,3404.92,8.13327,0.109637,0.039422
2378,RL,5,BSDF Heavy,0,High,2,High,2,14.8975,3408.03,8.13418,0.110507,0.039418
2379,RL,5,BSDF Heavy,0,High,2,High,2,14.9553,3422.93,8.13855,0.110154,0.0394141
2380,RL,5,BSDF Heavy,0,High,2,High,2,14.8195,3396.77,8.13087,0.109217,0.0394101
2381,RL,5,BSDF Heavy,0,High,2,High,2,14.9257,3414.89,8.13619,0.109882,0.0394062
2382,RL,5,BSDF Heavy,0,High,2,High,2,14.8746,3401.99,8.13241,0.110309,0.0394023
2383,RL,5,BSDF Heavy,0,High,2,High,2,14.947,3421.26,8.13806,0.110683,0.0393983
2384,RL,5,BSDF Heavy,0,High,2,High,2,14.833,3397.28,8.13103,0.109844,0.0393944
2385,RL,5,BSDF Heavy,0,High,2,High,2,14.9508,3424.35,8.13896,0.110002,0.0393904
2386,RL,5,Balanced,0.405465,High,2,Medium,1,14.8858,3408.78,8.1344,0.11001,0.0393865
2387,RL,4,BSDF Heavy,-0.405465,Medium,1,High,2,8.70129,1990.04,7.59641,0.0944888,0.0393826
2388,RL,5,BSDF Heavy,0,High,2,High,2,14.9481,3422.65,8.13846,0.110177,0.0393786
2389,RL,5,BSDF Heavy,0,High,2,High,2,14.8674,3403.02,8.13271,0.110004,0.0393747
2390,RL,5,BSDF Heavy,0,High,2,High,2,14.9329,3418.03,8.13711,0.109796,0.0393707
2391,RL,5,BSDF Heavy,0,High,2,High,2,14.8265,3396.05,8.13066,0.109786,0.0393668
2392,RL,5,Light Heavy,1,High,2,Low,0,14.8184,3392.71,8.12968,0.109477,0.0393629
2393,RL,3,BSDF Heavy,-1,Low,0,High,2,3.93129,906.968,6.81121,0.0469676,0.0393589
2394,RL,5,Light Heavy,1,High,2,Low,0,14.9529,3422.23,8.13834,0.109986,0.039355
2395,RL,3,BSDF Heavy,-1,Low,0,High,2,3.95864,913.305,6.81816,0.0476331,0.0393511
2396,RL,5,Balanced,0.405465,High,2,Medium,1,14.9029,3413.26,8.13572,0.110029,0.0393471
2397,RL,4,BSDF Heavy,-0.405465,Medium,1,High,2,8.72393,1996.46,7.59963,0.0944753,0.0393432
2398,RL,5,BSDF Heavy,0,High,2,High,2,14.8225,3393.46,8.1299,0.109738,0.0393393
2399,RL,5,BSDF Heavy,0,High,2,High,2,14.8899,3405.83,8.13354,0.110037,0.0393353
2400,RL,5,BSDF Heavy,0,High,2,High,2,14.8506,3397.74,8.13116,0.109769,0.0393314
2401,RL,5,BSDF Heavy,0,High,2,High,2,14.9049,3412.16,8.13539,0.110162,0.0393275
2402,RL,5,BSDF Heavy,0,High,2,High,2,14.9315,3415.85,8.13647,0.110478,0.0393235
2403,RL,5,BSDF Heavy,0,High,2,High,2,15.0466,3443.94,8.14466,0.11023,0.0393196
2404,RL,5,BSDF Heavy,0,High,2,High,2,14.9243,3418.64,8.13729,0.110519,0.0393157
2405,RL,5,BSDF Heavy,0,High,2,High,2,14.782,3384.15,8.12715,0.109826,0.0393117
2406,RL,5,BSDF Heavy,0,High,2,High,2,14.8526,3400.1,8.13185,0.10977,0.0393078
2407,RL,5,BSDF Heavy,0,High,2,High,2,14.9905,3429.41,8.14043,0.110606,0.0393039
2408,RL,5,BSDF Heavy,0,High,2,High,2,14.8495,3398.01,8.13124,0.109873,0.0392999
2409,RL,5,BSDF Heavy,0,High,2,High,2,14.8687,3404.34,8.1331,0.110251,0.039296
2410,RL,5,BSDF Heavy,0,High,2,High,2,14.8378,3397.45,8.13107,0.10924,0.0392921
2411,RL,5,BSDF Heavy,0,High,2,High,2,14.9782,3429.65,8.14051,0.1099,0.0392882
2412,RL,5,BSDF Heavy,0,High,2,High,2,14.8187,3393.28,8.12985,0.109541,0.0392842
2413,RL,5,BSDF Heavy,0,High,2,High,2,14.8723,3406.85,8.13384,0.109637,0.0392803
2414,RL,5,BSDF Heavy,0,High,2,High,2,14.8952,3410.31,8.13485,0.109954,0.0392764
2415,RL,5,BSDF Heavy,0,High,2,High,2,14.8681,3403.94,8.13298,0.1101,0.0392724
2416,RL,5,BSDF Heavy,0,High,2,High,2,15.0678,3447.56,8.14571,0.111146,0.0392685
2417,RL,5,BSDF Heavy,0,High,2,High,2,14.9662,3426.29,8.13952,0.110386,0.0392646
2418,RL,5,BSDF Heavy,0,High,2,High,2,14.8048,3389.35,8.12869,0.109788,0.0392607
2419,RL,5,BSDF Heavy,0,High,2,High,2,14.8709,3404.09,8.13303,0.109938,0.0392567
2420,RL,5,BSDF Heavy,0,High,2,High,2,14.9493,3420.53,8.13784,0.110916,0.0392528
2421,RL,5,BSDF Heavy,0,High,2,High,2,14.8761,3404.72,8.13321,0.109788,0.0392489
2422,RL,5,BSDF Heavy,0,High,2,High,2,14.9964,3431.33,8.141,0.110191,0.039245
2423,RL,5,BSDF Heavy,0,High,2,High,2,14.7977,3387.03,8.12801,0.109842,0.039241
2424,RL,5,BSDF Heavy,0,High,2,High,2,14.8701,3404.36,8.13311,0.110027,0.0392371
2425,RL,5,BSDF Heavy,0,High,2,High,2,14.8238,3395.99,8.13064,0.109533,0.0392332
2426,RL,5,BSDF Heavy,0,High,2,High,2,14.8965,3409.51,8.13462,0.109932,0.0392293
2427,RL,5,BSDF Heavy,0,High,2,High,2,14.7018,3365.7,8.12169,0.109406,0.0392253
2428,RL,5,BSDF Heavy,0,High,2,High,2,14.7847,3387.68,8.12819,0.109801,0.0392214
2429,RL,5,BSDF Heavy,0,High,2,High,2,14.8354,3396.57,8.13082,0.109687,0.0392175
2430,RL,5,BSDF Heavy,0,High,2,High,2,14.8462,3399.88,8.13179,0.109639,0.0392136
2431,RL,5,BSDF Heavy,0,High,2,High,2,14.8733,3405.23,8.13336,0.109529,0.0392097
2432,RL,5,BSDF Heavy,0,High,2,High,2,14.9532,3420.71,8.1379,0.110988,0.0392057
2433,RL,5,BSDF Heavy,0,High,2,High,2,14.9367,3421.01,8.13798,0.109911,0.0392018
2434,RL,5,BSDF Heavy,0,High,2,High,2,14.9033,3410.17,8.13481,0.11038,0.0391979
2435,RL,5,BSDF Heavy,0,High,2,High,2,14.9649,3424.02,8.13886,0.110829,0.039194
2436,RL,5,BSDF Heavy,0,High,2,High,2,14.8099,3390.9,8.12915,0.109606,0.0391901
2437,RL,5,BSDF Heavy,0,High,2,High,2,14.7544,3376.73,8.12496,0.109441,0.0391861
2438,RL,5,BSDF Heavy,0,High,2,High,2,14.9849,3428.05,8.14004,0.11071,0.0391822
2439,RL,5,BSDF Heavy,0,High,2,High,2,14.914,3414.12,8.13597,0.110019,0.0391783
2440,RL,5,BSDF Heavy,0,High,2,High,2,14.8879,3410.45,8.13489,0.110083,0.0391744
2441,RL,5,BSDF Heavy,0,High,2,High,2,14.971,3426.99,8.13973,0.110442,0.0391705
2442,RL,5,BSDF Heavy,0,High,2,High,2,14.8726,3403.78,8.13294,0.110019,0.0391666
2443,RL,5,BSDF Heavy,0,High,2,High,2,14.8233,3394.91,8.13033,0.109462,0.0391626
2444,RL,5,BSDF Heavy,0,High,2,High,2,14.841,3400.8,8.13206,0.109599,0.0391587
2445,RL,5,BSDF Heavy,0,High,2,High,2,14.7661,3381.55,8.12638,0.109867,0.0391548
2446,RL,5,BSDF Heavy,0,High,2,High,2,14.8624,3403.73,8.13292,0.110075,0.0391509
2447,RL,5,BSDF Heavy,0,High,2,High,2,14.8129,3392.14,8.12951,0.108924,0.039147
2448,RL,5,BSDF Heavy,0,High,2,High,2,14.8837,3406.37,8.13369,0.110268,0.0391431
2449,RL,5,Balanced,0.405465,High,2,Medium,1,14.8481,3400.1,8.13185,0.109464,0.0391391
2450,RL,4,BSDF Heavy,-0.405465,Medium,1,High,2,8.7059,1991.2,7.59699,0.0946258,0.0391352
2451,RL,5,BSDF Heavy,0,High,2,High,2,14.9352,3420.43,8.13782,0.110218,0.0391313
2452,RL,5,BSDF Heavy,0,High,2,High,2,14.9097,3412.72,8.13556,0.110004,0.0391274
2453,RL,5,BSDF Heavy,0,High,2,High,2,14.8409,3396.22,8.13071,0.109637,0.0391235
2454,RL,5,BSDF Heavy,0,High,2,High,2,14.8139,3391.31,8.12927,0.109896,0.0391196
2455,RL,5,BSDF Heavy,0,High,2,High,2,14.7946,3390.76,8.1291,0.109213,0.0391157
2456,RL,5,BSDF Heavy,0,High,2,High,2,14.9284,3420.15,8.13773,0.109927,0.0391118
2457,RL,5,BSDF Heavy,0,High,2,High,2,14.9263,3416.1,8.13655,0.110388,0.0391078
2458,RL,5,BSDF Heavy,0,High,2,High,2,14.9225,3417.86,8.13706,0.109803,0.0391039
2459,RL,5,BSDF Heavy,0,High,2,High,2,14.8608,3404.63,8.13319,0.109684,0.0391
2460,RL,5,BSDF Heavy,0,High,2,High,2,14.9032,3410.31,8.13485,0.11028,0.0390961
2461,RL,5,BSDF Heavy,0,High,2,High,2,14.8461,3397.8,8.13118,0.10994,0.0390922
2462,RL,5,BSDF Heavy,0,High,2,High,2,14.8902,3410.41,8.13488,0.10983,0.0390883
2463,RL,5,BSDF Heavy,0,High,2,High,2,14.8563,3400.47,8.13196,0.109925,0.0390844
2464,RL,5,BSDF Heavy,0,High,2,High,2,14.9164,3414.86,8.13618,0.109807,0.0390805
2465,RL,5,BSDF Heavy,0,High,2,High,2,14.8939,3408.45,8.13431,0.109959,0.0390766
2466,RL,5,BSDF Heavy,0,High,2,High,2,14.9152,3412.61,8.13552,0.110284,0.0390727
2467,RL,5,BSDF Heavy,0,High,2,High,2,14.8336,3398.3,8.13133,0.109385,0.0390688
2468,RL,5,BSDF Heavy,0,High,2,High,2,14.9391,3420.51,8.13784,0.110224,0.0390649
2469,RL,5,Balanced,0.405465,High,2,Medium,1,14.779,3385.13,8.12744,0.109687,0.0390609
2470,RL,4,BSDF Heavy,-0.405465,Medium,1,High,2,8.68702,1987.54,7.59516,0.0938638,0.039057
2471,RL,5,Light Heavy,1,High,2,Low,0,15.0122,3436.99,8.14264,0.110523,0.0390531
2472,RL,3,BSDF Heavy,-1,Low,0,High,2,3.9922,921.15,6.82671,0.0474093,0.0390492
2473,RL,5,BSDF Heavy,0,High,2,High,2,14.9288,3417.09,8.13684,0.11027,0.0390453
2474,RL,5,BSDF Heavy,0,High,2,High,2,14.925,3415.56,8.13639,0.109983,0.0390414
2475,RL,5,BSDF Heavy,0,High,2,High,2,14.8327,3398.65,8.13143,0.109558,0.0390375
2476,RL,5,Balanced,0.405465,High,2,Medium,1,15.0109,3433.48,8.14162,0.110681,0.0390336
2477,RL,4,BSDF Heavy,-0.405465,Medium,1,High,2,8.66306,1982.67,7.5927,0.094103,0.0390297
2478,RL,5,Balanced,0.405465,High,2,Medium,1,14.8711,3408.42,8.1343,0.109558,0.0390258
2479,RL,4,BSDF Heavy,-0.405465,Medium,1,High,2,8.61878,1970.24,7.58642,0.094593,0.0390219
2480,RL,5,BSDF Heavy,0,High,2,High,2,14.8593,3402.76,8.13264,0.109431,0.039018
2481,RL,5,BSDF Heavy,0,High,2,High,2,14.8343,3396.82,8.13089,0.110064,0.0390141
2482,RL,5,BSDF Heavy,0,High,2,High,2,15.0478,3442.92,8.14437,0.110737,0.0390102
2483,RL,5,BSDF Heavy,0,High,2,High,2,14.8377,3393.29,8.12985,0.110199,0.0390063
2484,RL,5,BSDF Heavy,0,High,2,High,2,15.0007,3433.38,8.14159,0.110316,0.0390024
2485,RL,5,BSDF Heavy,0,High,2,High,2,14.7916,3388.88,8.12855,0.109022,0.0389985
2486,RL,5,BSDF Heavy,0,High,2,High,2,14.8117,3392.15,8.12951,0.109574,0.0389946
2487,RL,5,BSDF Heavy,0,High,2,High,2,14.7666,3383.89,8.12708,0.109454,0.0389907
2488,RL,5,BSDF Heavy,0,High,2,High,2,14.878,3405.85,8.13354,0.110295,0.0389868
2489,RL,5,BSDF Heavy,0,High,2,High,2,14.8577,3403.1,8.13274,0.109238,0.0389829
2490,RL,5,BSDF Heavy,0,High,2,High,2,14.9646,3424.36,8.13896,0.109942,0.038979
2491,RL,5,BSDF Heavy,0,High,2,High,2,14.7121,3368.3,8.12246,0.109201,0.0389751
2492,RL,5,BSDF Heavy,0,High,2,High,2,14.847,3397.74,8.13116,0.109788,0.0389712
2493,RL,5,BSDF Heavy,0,High,2,High,2,14.7362,3371.95,8.12354,0.109338,0.0389673
2494,RL,5,BSDF Heavy,0,High,2,High,2,14.8406,3396.67,8.13084,0.109429,0.0389634
2495,RL,5,BSDF Heavy,0,High,2,High,2,14.933,3415.66,8.13642,0.110567,0.0389595
2496,RL,5,BSDF Heavy,0,High,2,High,2,14.9595,3420.58,8.13786,0.110536,0.0389556
2497,RL,5,BSDF Heavy,0,High,2,High,2,14.8877,3410.35,8.13486,0.110042,0.0389517
2498,RL,5,BSDF Heavy,0,High,2,High,2,15.0009,3432.44,8.14132,0.110189,0.0389478
2499,RL,5,BSDF Heavy,0,High,2,High,2,14.9269,3417.56,8.13697,0.109666,0.0389439
2500,RL,5,BSDF Heavy,0,High,2,High,2,14.8547,3401.55,8.13228,0.10984,0.03894
2501,RL,5,BSDF Heavy,0,High,2,High,2,14.9174,3413.47,8.13578,0.110401,0.0389361
2502,RL,5,BSDF Heavy,0,High,2,High,2,14.8957,3412.15,8.13539,0.109767,0.0389323
2503,RL,5,BSDF Heavy,0,High,2,High,2,14.7929,3388.59,8.12846,0.110162,0.0389284
2504,RL,5,BSDF Heavy,0,High,2,High,2,14.8813,3409.73,8.13468,0.109753,0.0389245
2505,RL,5,BSDF Heavy,0,High,2,High,2,14.8292,3395.18,8.13041,0.109497,0.0389206
2506,RL,5,BSDF Heavy,0,High,2,High,2,14.9185,3413.4,8.13576,0.109778,0.0389167
2507,RL,5,BSDF Heavy,0,High,2,High,2,14.8867,3408.82,8.13442,0.109983,0.0389128
2508,RL,5,BSDF Heavy,0,High,2,High,2,14.9309,3416.58,8.13669,0.110953,0.0389089
2509,RL,5,Balanced,0.405465,High,2,Medium,1,14.8922,3409.48,8.13461,0.109738,0.038905
2510,RL,4,BSDF Heavy,-0.405465,Medium,1,High,2,8.75465,2002.28,7.60254,0.0947627,0.0389011
2511,RL,5,Balanced,0.405465,High,2,Medium,1,14.8423,3397.58,8.13111,0.110066,0.0388972
2512,RL,4,BSDF Heavy,-0.405465,Medium,1,High,2,8.70387,1993.95,7.59837,0.0934954,0.0388933
2513,RL,5,Light Heavy,1,High,2,Low,0,14.9086,3412.88,8.13561,0.10966,0.0388894
2514,RL,3,BSDF Heavy,-1,Low,0,High,2,3.94805,911.806,6.81652,0.0471817,0.0388856
2515,RL,5,Light Heavy,1,High,2,Low,0,14.8645,3404.07,8.13302,0.109539,0.0388817
2516,RL,3,Light Heavy,0,Low,0,Low,0,3.98606,921.465,6.82705,0.0473553,0.0388778
2517,RL,3,Balanced,-0.693147,Low,0,Medium,1,3.93059,907.22,6.81149,0.047091,0.0388739
2518,RL,4,Balanced,0,Medium,1,Medium,1,8.71815,1995.03,7.59892,0.0939525,0.03887
2519,RL,4,BSDF Heavy,-0.405465,Medium,1,High,2,8.66472,1982.31,7.59252,0.0937404,0.0388661
2520,RL,5,Balanced,0.405465,High,2,Medium,1,14.8891,3407.04,8.13389,0.110089,0.0388622
2521,RL,4,BSDF Heavy,-0.405465,Medium,1,High,2,8.68617,1987.71,7.59524,0.0941744,0.0388584
2522,RL,5,BSDF Heavy,0,High,2,High,2,14.8796,3404.45,8.13313,0.110023,0.0388545
2523,RL,5,BSDF Heavy,0,High,2,High,2,14.9231,3415.2,8.13628,0.110276,0.0388506
2524,RL,5,BSDF Heavy,0,High,2,High,2,14.7709,3380.33,8.12603,0.110152,0.0388467
2525,RL,5,BSDF Heavy,0,High,2,High,2,14.8677,3404.87,8.13325,0.109979,0.0388428
2526,RL,5,BSDF Heavy,0,High,2,High,2,14.9566,3422.05,8.13829,0.11086,0.0388389
2527,RL,5,BSDF Heavy,0,High,2,High,2,14.9396,3419.72,8.13761,0.110706,0.038835
2528,RL,5,Light Heavy,1,High,2,Low,0,14.8976,3411.27,8.13513,0.109963,0.0388312
2529,RL,3,BSDF Heavy,-1,Low,0,High,2,3.98109,920.377,6.82587,0.0472029,0.0388273
2530,RL,5,BSDF Heavy,0,High,2,High,2,14.8283,3395.76,8.13058,0.109608,0.0388234
2531,RL,5,BSDF Heavy,0,High,2,High,2,14.8134,3392.18,8.12952,0.109497,0.0388195
2532,RL,5,BSDF Heavy,0,High,2,High,2,14.9071,3413.82,8.13588,0.109676,0.0388156
2533,RL,5,BSDF Heavy,0,High,2,High,2,14.8698,3403.34,8.13281,0.110214,0.0388118
2534,RL,5,BSDF Heavy,0,High,2,High,2,14.8638,3403.34,8.13281,0.110417,0.0388079
2535,RL,5,BSDF Heavy,0,High,2,High,2,14.8018,3391.37,8.12928,0.1094,0.038804
2536,RL,5,BSDF Heavy,0,High,2,High,2,14.9593,3426.16,8.13949,0.110166,0.0388001
2537,RL,5,BSDF Heavy,0,High,2,High,2,14.9259,3419.08,8.13742,0.109767,0.0387962
2538,RL,5,BSDF Heavy,0,High,2,High,2,14.8486,3399.73,8.13175,0.109944,0.0387923
2539,RL,5,BSDF Heavy,0,High,2,High,2,14.8993,3410.26,8.13484,0.109904,0.0387885
2540,RL,5,BSDF Heavy,0,High,2,High,2,14.9386,3418.11,8.13713,0.110581,0.0387846
2541,RL,5,BSDF Heavy,0,High,2,High,2,14.7867,3384.88,8.12737,0.109628,0.0387807
2542,RL,5,BSDF Heavy,0,High,2,High,2,14.8702,3406.29,8.13367,0.109632,0.0387768
2543,RL,5,BSDF Heavy,0,High,2,High,2,14.8571,3402.25,8.13249,0.109815,0.038773
2544,RL,5,BSDF Heavy,0,High,2,High,2,14.7652,3381.98,8.12651,0.109508,0.0387691
2545,RL,5,BSDF Heavy,0,High,2,High,2,14.8555,3400.55,8.13199,0.109934,0.0387652
2546,RL,5,BSDF Heavy,0,High,2,High,2,14.908,3411.31,8.13514,0.110345,0.0387613
2547,RL,5,BSDF Heavy,0,High,2,High,2,14.748,3376.44,8.12487,0.110075,0.0387575
2548,RL,5,BSDF Heavy,0,High,2,High,2,14.9386,3418.27,8.13718,0.110112,0.0387536
2549,RL,5,BSDF Heavy,0,High,2,High,2,14.8075,3392.18,8.12952,0.109614,0.0387497
2550,RL,5,BSDF Heavy,0,High,2,High,2,14.9806,3427.04,8.13974,0.110112,0.0387458
2551,RL,5,BSDF Heavy,0,High,2,High,2,14.9549,3423.41,8.13868,0.110131,0.038742
2552,RL,5,BSDF Heavy,0,High,2,High,2,14.8618,3400.01,8.13183,0.109809,0.0387381
2553,RL,5,BSDF Heavy,0,High,2,High,2,14.865,3402.6,8.13259,0.110451,0.0387342
2554,RL,5,BSDF Heavy,0,High,2,High,2,14.9156,3413.74,8.13586,0.110482,0.0387303
2555,RL,5,BSDF Heavy,0,High,2,High,2,14.8492,3399.01,8.13153,0.110284,0.0387265
2556,RL,5,BSDF Heavy,0,High,2,High,2,14.8177,3392.57,8.12964,0.109686,0.0387226
2557,RL,5,BSDF Heavy,0,High,2,High,2,14.885,3408.46,8.13431,0.109632,0.0387187
2558,RL,5,BSDF Heavy,0,High,2,High,2,14.9594,3428.17,8.14007,0.109732,0.0387148
2559,RL,5,BSDF Heavy,0,High,2,High,2,14.9399,3419.09,8.13742,0.110534,0.038711
2560,RL,5,BSDF Heavy,0,High,2,High,2,14.9076,3412.06,8.13536,0.109983,0.0387071
2561,RL,5,BSDF Heavy,0,High,2,High,2,14.8355,3396.86,8.1309,0.109448,0.0387032
2562,RL,5,BSDF Heavy,0,High,2,High,2,14.8549,3402.2,8.13247,0.109734,0.0386994
2563,RL,5,BSDF Heavy,0,High,2,High,2,14.9546,3423.82,8.1388,0.110341,0.0386955
2564,RL,5,BSDF Heavy,0,High,2,High,2,14.9612,3425,8.13915,0.109657,0.0386916
2565,RL,5,BSDF Heavy,0,High,2,High,2,14.8991,3412.11,8.13538,0.109923,0.0386878
2566,RL,5,BSDF Heavy,0,High,2,High,2,14.8376,3395.61,8.13053,0.109929,0.0386839
2567,RL,5,Balanced,0.405465,High,2,Medium,1,14.9744,3427.03,8.13974,0.110617,0.03868
2568,RL,4,BSDF Heavy,-0.405465,Medium,1,High,2,8.72164,1994.58,7.59869,0.0948881,0.0386761
2569,RL,5,BSDF Heavy,0,High,2,High,2,14.8845,3407.43,8.13401,0.110068,0.0386723
2570,RL,5,BSDF Heavy,0,High,2,High,2,14.839,3398.56,8.1314,0.109614,0.0386684
2571,RL,5,BSDF Heavy,0,High,2,High,2,14.9022,3410.83,8.135,0.110314,0.0386645
2572,RL,5,BSDF Heavy,0,High,2,High,2,14.8334,3396.52,8.1308,0.109531,0.0386607
2573,RL,5,BSDF Heavy,0,High,2,High,2,14.8737,3405.46,8.13343,0.1099,0.0386568
2574,RL,5,BSDF Heavy,0,High,2,High,2,14.8296,3393.22,8.12983,0.110075,0.0386529
2575,RL,5,BSDF Heavy,0,High,2,High,2,14.9948,3433.03,8.14149,0.109823,0.0386491
2576,RL,5,BSDF Heavy,0,High,2,High,2,14.9202,3413.88,8.1359,0.110561,0.0386452
2577,RL,5,BSDF Heavy,0,High,2,High,2,14.823,3395.7,8.13056,0.109689,0.0386414
2578,RL,5,BSDF Heavy,0,High,2,High,2,14.9859,3429.88,8.14057,0.110069,0.0386375
2579,RL,5,BSDF Heavy,0,High,2,High,2,14.9188,3415.13,8.13626,0.110021,0.0386336
2580,RL,5,BSDF Heavy,0,High,2,High,2,14.8772,3405.66,8.13349,0.110013,0.0386298
2581,RL,5,BSDF Heavy,0,High,2,High,2,14.9232,3415.31,8.13632,0.109728,0.0386259
2582,RL,5,BSDF Heavy,0,High,2,High,2,14.9467,3422.24,8.13834,0.110573,0.038622
2583,RL,5,Light Heavy,1,High,2,Low,0,14.8614,3402.5,8.13256,0.109946,0.0386182
2584,RL,3,BSDF Heavy,-1,Low,0,High,2,3.91587,903.499,6.80738,0.0471836,0.0386143
2585,RL,5,Light Heavy,1,High,2,Low,0,14.8264,3394.46,8.1302,0.109799,0.0386105
2586,RL,3,BSDF Heavy,-1,Low,0,High,2,3.99338,921.599,6.8272,0.0474286,0.0386066
2587,RL,5,Balanced,0.405465,High,2,Medium,1,15.0283,3442.19,8.14415,0.109527,0.0386027
2588,RL,4,BSDF Heavy,-0.405465,Medium,1,High,2,8.71399,1993.71,7.59826,0.0942052,0.0385989
2589,RL,5,Light Heavy,1,High,2,Low,0,14.8771,3405.72,8.1335,0.109929,0.038595
2590,RL,3,BSDF Heavy,-1,Low,0,High,2,3.88562,897.606,6.80084,0.0465818,0.0385912
2591,RL,5,BSDF Heavy,0,High,2,High,2,14.7596,3380.19,8.12598,0.108918,0.0385873
2592,RL,5,BSDF Heavy,0,High,2,High,2,14.9127,3414.88,8.13619,0.110604,0.0385834
2593,RL,5,BSDF Heavy,0,High,2,High,2,14.8684,3403.25,8.13278,0.109759,0.0385796
2594,RL,5,BSDF Heavy,0,High,2,High,2,14.8566,3402.8,8.13265,0.109977,0.0385757
2595,RL,5,BSDF Heavy,0,High,2,High,2,14.923,3414.16,8.13598,0.110102,0.0385719
2596,RL,5,BSDF Heavy,0,High,2,High,2,14.9545,3420.78,8.13792,0.110639,0.038568
2597,RL,5,BSDF Heavy,0,High,2,High,2,14.9718,3426.55,8.1396,0.110392,0.0385641
2598,RL,5,BSDF Heavy,0,High,2,High,2,14.7876,3385.13,8.12744,0.109498,0.0385603
2599,RL,5,BSDF Heavy,0,High,2,High,2,14.9172,3414.31,8.13602,0.110251,0.0385564
2600,RL,5,BSDF Heavy,0,High,2,High,2,14.8391,3396.65,8.13084,0.110428,0.0385526
2601,RL,5,BSDF Heavy,0,High,2,High,2,14.8371,3397.48,8.13108,0.109452,0.0385487
2602,RL,5,BSDF Heavy,0,High,2,High,2,14.8199,3393.03,8.12977,0.110075,0.0385449
2603,RL,5,BSDF Heavy,0,High,2,High,2,15.0204,3436.62,8.14254,0.110669,0.038541
2604,RL,5,BSDF Heavy,0,High,2,High,2,14.8859,3410.48,8.1349,0.110156,0.0385372
2605,RL,5,BSDF Heavy,0,High,2,High,2,14.9165,3414.68,8.13613,0.109994,0.0385333
2606,RL,5,BSDF Heavy,0,High,2,High,2,14.9832,3426.59,8.13961,0.111202,0.0385295
2607,RL,5,BSDF Heavy,0,High,2,High,2,14.9196,3417.72,8.13702,0.110127,0.0385256
2608,RL,5,BSDF Heavy,0,High,2,High,2,14.8071,3390.74,8.1291,0.109591,0.0385217
2609,RL,5,BSDF Heavy,0,High,2,High,2,14.9395,3418.32,8.1372,0.110639,0.0385179
2610,RL,5,BSDF Heavy,0,High,2,High,2,14.8869,3407.05,8.13389,0.110206,0.038514
2611,RL,5,BSDF Heavy,0,High,2,High,2,14.8065,3390.22,8.12895,0.109313,0.0385102
2612,RL,5,BSDF Heavy,0,High,2,High,2,14.9914,3431.3,8.14099,0.110249,0.0385063
2613,RL,5,BSDF Heavy,0,High,2,High,2,14.9335,3416.81,8.13676,0.110002,0.0385025
2614,RL,5,BSDF Heavy,0,High,2,High,2,14.9608,3423.69,8.13877,0.11048,0.0384986
2615,RL,5,BSDF Heavy,0,High,2,High,2,14.9142,3411.6,8.13523,0.110662,0.0384948
2616,RL,5,BSDF Heavy,0,High,2,High,2,14.9172,3411,8.13505,0.110476,0.0384909
2617,RL,5,BSDF Heavy,0,High,2,High,2,14.9303,3420.35,8.13779,0.109572,0.0384871
2618,RL,5,BSDF Heavy,0,High,2,High,2,14.8717,3405.7,8.1335,0.110027,0.0384832
2619,RL,5,BSDF Heavy,0,High,2,High,2,14.8766,3409.39,8.13458,0.109786,0.0384794
2620,RL,5,BSDF Heavy,0,High,2,High,2,14.8708,3405.16,8.13334,0.110044,0.0384756
2621,RL,5,BSDF Heavy,0,High,2,High,2,14.9041,3411.53,8.13521,0.109853,0.0384717
2622,RL,5,BSDF Heavy,0,High,2,High,2,14.8611,3401.1,8.13215,0.110091,0.0384679
2623,RL,5,BSDF Heavy,0,High,2,High,2,14.923,3418.87,8.13736,0.109537,0.038464
2624,RL,5,BSDF Heavy,0,High,2,High,2,14.8393,3397.72,8.13115,0.109882,0.0384602
2625,RL,5,BSDF Heavy,0,High,2,High,2,14.8615,3402.69,8.13262,0.110106,0.0384563
2626,RL,5,BSDF Heavy,0,High,2,High,2,14.9402,3417.86,8.13706,0.109767,0.0384525
2627,RL,5,BSDF Heavy,0,High,2,High,2,14.7948,3387.63,8.12818,0.110048,0.0384486
2628,RL,5,Light Heavy,1,High,2,Low,0,14.8066,3389.19,8.12864,0.109514,0.0384448
2629,RL,3,BSDF Heavy,-1,Low,0,High,2,3.97744,919.301,6.8247,0.047282,0.0384409
2630,RL,5,Light Heavy,1,High,2,Low,0,14.7831,3385.99,8.1277,0.109585,0.0384371
2631,RL,3,BSDF Heavy,-1,Low,0,High,2,3.93761,909.781,6.8143,0.047064,0.0384333
2632,RL,5,Balanced,0.405465,High,2,Medium,1,14.9014,3412.1,8.13538,0.109875,0.0384294
2633,RL,4,Balanced,0,Medium,1,Medium,1,8.6721,1983.68,7.59321,0.0942612,0.0384256
2634,RL,4,Balanced,0,Medium,1,Medium,1,8.66014,1982.46,7.5926,0.0939352,0.0384217
2635,RL,4,Balanced,0,Medium,1,Medium,1,8.62615,1971.58,7.5871,0.0942072,0.0384179
2636,RL,4,Balanced,0,Medium,1,Medium,1,8.67801,1986.51,7.59464,0.0940355,0.038414
2637,RL,4,Balanced,0,Medium,1,Medium,1,8.71752,1995.35,7.59908,0.0938137,0.0384102
2638,RL,4,Balanced,0,Medium,1,Medium,1,8.76302,2004.31,7.60355,0.0945775,0.0384064
2639,RL,4,Balanced,0,Medium,1,Medium,1,8.6467,1978.42,7.59056,0.0940664,0.0384025
2640,RL,4,Balanced,0,Medium,1,Medium,1,8.61882,1971.38,7.587,0.0936497,0.0383987
2641,RL,4,Balanced,0,Medium,1,Medium,1,8.70517,1992.72,7.59776,0.0944579,0.0383948
2642,RL,4,Balanced,0,Medium,1,Medium,1,8.74119,2002.03,7.60242,0.0942033,0.038391
2643,RL,4,Balanced,0,Medium,1,Medium,1,8.69032,1991.23,7.59701,0.0933893,0.0383872
2644,RL,4,Balanced,0,Medium,1,Medium,1,8.64686,1978.58,7.59064,0.0943673,0.0383833
2645,RL,4,Balanced,0,Medium,1,Medium,1,8.63575,1973.75,7.5882,0.0942226,0.0383795
2646,RL,4,Balanced,0,Medium,1,Medium,1,8.7298,1998.8,7.6008,0.0939487,0.0383756
2647,RL,4,Balanced,0,Medium,1,Medium,1,8.61675,1971.35,7.58698,0.0937635,0.0383718
2648,RL,4,Balanced,0,Medium,1,Medium,1,8.6868,1988.56,7.59567,0.0935455,0.038368
2649,RL,4,Balanced,0,Medium,1,Medium,1,8.60991,1968.8,7.58569,0.094186,0.0383641
2650,RL,4,Balanced,0,Medium,1,Medium,1,8.68751,1988.08,7.59543,0.0942786,0.0383603
2651,RL,4,Balanced,0,Medium,1,Medium,1,8.75877,2004.34,7.60357,0.0947241,0.0383565
2652,RL,4,Balanced,0,Medium,1,Medium,1,8.5756,1961.64,7.58205,0.093669,0.0383526
2653,RL,4,Balanced,0,Medium,1,Medium,1,8.68763,1988.44,7.59561,0.0938619,0.0383488
2654,RL,4,Balanced,0,Medium,1,Medium,1,8.65612,1979.49,7.5911,0.0941725,0.038345
2655,RL,4,Balanced,0,Medium,1,Medium,1,8.63934,1975.83,7.58925,0.0939448,0.0383411
2656,RL,4,Balanced,0,Medium,1,Medium,1,8.69738,1990.37,7.59658,0.0940991,0.0383373
2657,RL,4,Balanced,0,Medium,1,Medium,1,8.59874,1964.36,7.58343,0.0939333,0.0383335
2658,RL,4,Balanced,0,Medium,1,Medium,1,8.71252,1993.3,7.59805,0.0947917,0.0383296
2659,RL,4,Balanced,0,Medium,1,Medium,1,8.64717,1977.53,7.59011,0.0939853,0.0383258
2660,RL,4,Balanced,0,Medium,1,Medium,1,8.65785,1978.58,7.59064,0.0945235,0.038322
2661,RL,4,Balanced,0,Medium,1,Medium,1,8.71881,1994.68,7.59874,0.0941339,0.0383181
2662,RL,4,Balanced,0,Medium,1,Medium,1,8.71519,1995.11,7.59895,0.0941262,0.0383143
2663,RL,4,Balanced,0,Medium,1,Medium,1,8.6966,1990.8,7.59679,0.0941782,0.0383105
2664,RL,4,BSDF Heavy,-0.405465,Medium,1,High,2,8.61644,1969.99,7.58629,0.0940297,0.0383066
2665,RL,5,Balanced,0.405465,High,2,Medium,1,14.9148,3413.8,8.13588,0.110367,0.0383028
2666,RL,4,BSDF Heavy,-0.405465,Medium,1,High,2,8.69463,1987.95,7.59536,0.0941744,0.038299
2667,RL,5,Balanced,0.405465,High,2,Medium,1,14.9892,3429.34,8.14042,0.110966,0.0382951
2668,RL,4,BSDF Heavy,-0.405465,Medium,1,High,2,8.72334,1996.77,7.59979,0.0943171,0.0382913
2669,RL,5,Balanced,0.405465,High,2,Medium,1,14.8601,3404.68,8.1332,0.10945,0.0382875
2670,RL,4,BSDF Heavy,-0.405465,Medium,1,High,2,8.7157,1995.27,7.59904,0.0938657,0.0382837
2671,RL,5,Balanced,0.405465,High,2,Medium,1,14.7736,3379.95,8.12591,0.109732,0.0382798
2672,RL,4,BSDF Heavy,-0.405465,Medium,1,High,2,8.71053,1992.1,7.59745,0.0945313,0.038276
2673,RL,5,Balanced,0.405465,High,2,Medium,1,14.8831,3410.37,8.13487,0.109446,0.0382722
2674,RL,4,BSDF Heavy,-0.405465,Medium,1,High,2,8.58366,1962.72,7.58259,0.0939487,0.0382683
2675,RL,5,Balanced,0.405465,High,2,Medium,1,14.9537,3424.73,8.13907,0.109641,0.0382645
2676,RL,4,BSDF Heavy,-0.405465,Medium,1,High,2,8.69894,1987.94,7.59536,0.0952758,0.0382607
2677,RL,5,Balanced,0.405465,High,2,Medium,1,14.8087,3391.76,8.1294,0.109518,0.0382569
2678,RL,4,BSDF Heavy,-0.405465,Medium,1,High,2,8.68998,1987.39,7.59508,0.0942631,0.038253
2679,RL,5,Balanced,0.405465,High,2,Medium,1,14.8385,3395.5,8.1305,0.109871,0.0382492
2680,RL,4,BSDF Heavy,-0.405465,Medium,1,High,2,8.68431,1986.44,7.5946,0.0943557,0.0382454
2681,RL,5,Balanced,0.405465,High,2,Medium,1,14.9016,3410.69,8.13496,0.109963,0.0382416
2682,RL,4,BSDF Heavy,-0.405465,Medium,1,High,2,8.72963,1998.79,7.6008,0.094483,0.0382377
2683,RL,5,Balanced,0.405465,High,2,Medium,1,14.9164,3416.75,8.13674,0.110052,0.0382339
2684,RL,4,BSDF Heavy,-0.405465,Medium,1,High,2,8.69196,1987.08,7.59493,0.0947627,0.0382301
2685,RL,5,Balanced,0.405465,High,2,Medium,1,14.801,3389.32,8.12868,0.109406,0.0382263
2686,RL,4,BSDF Heavy,-0.405465,Medium,1,High,2,8.75177,2003.11,7.60296,0.0946624,0.0382225
2687,RL,5,Balanced,0.405465,High,2,Medium,1,15.0062,3433.39,8.14159,0.110816,0.0382186
2688,RL,4,BSDF Heavy,-0.405465,Medium,1,High,2,8.71559,1993.12,7.59796,0.0943615,0.0382148
2689,RL,5,Balanced,0.405465,High,2,Medium,1,14.7327,3377.19,8.1251,0.108904,0.038211
2690,RL,4,BSDF Heavy,-0.405465,Medium,1,High,2,8.71081,1993.87,7.59834,0.0943345,0.0382072
2691,RL,5,Balanced,0.405465,High,2,Medium,1,14.7961,3386.79,8.12793,0.109674,0.0382033
2692,RL,4,BSDF Heavy,-0.405465,Medium,1,High,2,8.63395,1975.47,7.58907,0.0943808,0.0381995
2693,RL,5,Balanced,0.405465,High,2,Medium,1,14.8769,3404.61,8.13318,0.1101,0.0381957
2694,RL,4,BSDF Heavy,-0.405465,Medium,1,High,2,8.59263,1965.84,7.58418,0.0937539,0.0381919
2695,RL,5,Balanced,0.405465,High,2,Medium,1,14.9356,3419.63,8.13758,0.110318,0.0381881
2696,RL,4,BSDF Heavy,-0.405465,Medium,1,High,2,8.64757,1977.55,7.59012,0.0941686,0.0381842
2697,RL,5,Balanced,0.405465,High,2,Medium,1,14.8478,3399.9,8.1318,0.109801,0.0381804
2698,RL,4,BSDF Heavy,-0.405465,Medium,1,High,2,8.68474,1985.88,7.59432,0.0946161,0.0381766
2699,RL,5,Balanced,0.405465,High,2,Medium,1,14.8907,3406.89,8.13385,0.110444,0.0381728
2700,RL,4,BSDF Heavy,-0.405465,Medium,1,High,2,8.61481,1971.61,7.58711,0.0935783,0.038169
2701,RL,5,Balanced,0.405465,High,2,Medium,1,14.9766,3431.01,8.1409,0.110152,0.0381652
2702,RL,4,BSDF Heavy,-0.405465,Medium,1,High,2,8.74454,2001.46,7.60213,0.0943846,0.0381613
2703,RL,5,Balanced,0.405465,High,2,Medium,1,14.8608,3401.81,8.13236,0.110274,0.0381575
2704,RL,7,BSDF Heavy,-0.405465,Medium,1,High,2,8.73373,1998.61,7.60071,0.0942284,0.0381537
2705,RL,8,BSDF Heavy,0,High,2,High,2,14.7722,3381.6,8.1264,0.109998,0.0381499
2706,RL,8,BSDF Heavy,0,High,2,High,2,14.8331,3396.66,8.13084,0.110247,0.0381461
2707,RL,8,BSDF Heavy,0,High,2,High,2,14.9674,3428.12,8.14006,0.110465,0.0381423
2708,RL,8,BSDF Heavy,0,High,2,High,2,14.8787,3408.17,8.13422,0.109715,0.0381385
2709,RL,8,BSDF Heavy,0,High,2,High,2,14.8173,3392.11,8.1295,0.109988,0.0381346
2710,RL,8,BSDF Heavy,0,High,2,High,2,14.8451,3400.24,8.1319,0.109655,0.0381308
2711,RL,8,BSDF Heavy,0,High,2,High,2,14.8789,3405.96,8.13357,0.110181,0.038127
2712,RL,8,BSDF Heavy,0,High,2,High,2,14.8235,3391.52,8.12933,0.109807,0.0381232
2713,RL,8,BSDF Heavy,0,High,2,High,2,14.8247,3392.82,8.12971,0.109848,0.0381194
2714,RL,8,BSDF Heavy,0,High,2,High,2,14.7815,3383.02,8.12682,0.109444,0.0381156
2715,RL,8,BSDF Heavy,0,High,2,High,2,14.9346,3419.4,8.13751,0.110311,0.0381118
2716,RL,8,BSDF Heavy,0,High,2,High,2,14.867,3401.87,8.13237,0.109286,0.038108
2717,RL,8,BSDF Heavy,0,High,2,High,2,14.9237,3417.15,8.13686,0.109855,0.0381041
2718,RL,8,BSDF Heavy,0,High,2,High,2,15.029,3437.46,8.14278,0.110808,0.0381003
2719,RL,8,BSDF Heavy,0,High,2,High,2,14.9233,3416.44,8.13665,0.109981,0.0380965
2720,RL,8,BSDF Heavy,0,High,2,High,2,14.8651,3402.49,8.13256,0.109965,0.0380927
2721,RL,8,BSDF Heavy,0,High,2,High,2,14.8964,3412.07,8.13537,0.110154,0.0380889
2722,RL,8,BSDF Heavy,0,High,2,High,2,14.8179,3393.25,8.12984,0.109223,0.0380851
2723,RL,8,BSDF Heavy,0,High,2,High,2,14.7859,3385.83,8.12765,0.109678,0.0380813
2724,RL,8,BSDF Heavy,0,High,2,High,2,14.814,3390.4,8.129,0.109498,0.0380775
2725,RL,8,BSDF Heavy,0,High,2,High,2,14.8737,3405.32,8.13339,0.109851,0.0380737
2726,RL,8,BSDF Heavy,0,High,2,High,2,14.8193,3393.31,8.12986,0.109911,0.0380699
2727,RL,8,BSDF Heavy,0,High,2,High,2,14.8124,3391.69,8.12938,0.109946,0.0380661
2728,RL,8,BSDF Heavy,0,High,2,High,2,14.8357,3396.87,8.1309,0.109518,0.0380623
2729,RL,8,BSDF Heavy,0,High,2,High,2,14.9252,3414.65,8.13612,0.11059,0.0380584
2730,RL,8,BSDF Heavy,0,High,2,High,2,14.9269,3416.9,8.13678,0.109915,0.0380546
2731,RL,8,BSDF Heavy,0,High,2,High,2,14.827,3397.35,8.13104,0.109541,0.0380508
2732,RL,8,BSDF Heavy,0,High,2,High,2,14.8207,3394.96,8.13034,0.109483,0.038047
2733,RL,8,BSDF Heavy,0,High,2,High,2,14.939,3419.33,8.13749,0.110455,0.0380432
2734,RL,8,BSDF Heavy,0,High,2,High,2,14.8426,3399.91,8.1318,0.10985,0.0380394
2735,RL,8,BSDF Heavy,0,High,2,High,2,14.8905,3409.18,8.13452,0.110226,0.0380356
2736,RL,8,BSDF Heavy,0,High,2,High,2,14.8279,3397.05,8.13096,0.10939,0.0380318
2737,RL,8,BSDF Heavy,0,High,2,High,2,14.9293,3419.42,8.13752,0.11043,0.038028
2738,RL,8,BSDF Heavy,0,High,2,High,2,14.8211,3393.13,8.1298,0.109165,0.0380242
2739,RL,8,BSDF Heavy,0,High,2,High,2,14.8773,3407.05,8.1339,0.109485,0.0380204
2740,RL,8,BSDF Heavy,0,High,2,High,2,14.929,3415.49,8.13637,0.110812,0.0380166
2741,RL,8,BSDF Heavy,0,High,2,High,2,14.8751,3408.04,8.13419,0.109884,0.0380128
2742,RL,8,BSDF Heavy,0,High,2,High,2,14.7633,3380.35,8.12603,0.109832,0.038009
2743,RL,8,BSDF Heavy,0,High,2,High,2,14.865,3404.79,8.13323,0.109633,0.0380052
2744,RL,8,BSDF Heavy,0,High,2,High,2,14.8858,3411.53,8.13521,0.109628,0.0380014
2745,RL,8,BSDF Heavy,0,High,2,High,2,14.8362,3398.41,8.13136,0.109568,0.0379976
2746,RL,8,BSDF Heavy,0,High,2,High,2,14.9282,3418.51,8.13725,0.110272,0.0379938
2747,RL,8,BSDF Heavy,0,High,2,High,2,14.9371,3416.42,8.13664,0.110463,0.03799
2748,RL,8,BSDF Heavy,0,High,2,High,2,14.8069,3389.52,8.12874,0.109682,0.0379862
2749,RL,8,BSDF Heavy,0,High,2,High,2,14.8451,3396.55,8.13081,0.110569,0.0379824
2750,RL,8,BSDF Heavy,0,High,2,High,2,14.8884,3407.45,8.13401,0.109882,0.0379786
2751,RL,8,BSDF Heavy,0,High,2,High,2,14.7994,3387.62,8.12818,0.109632,0.0379748
2752,RL,8,BSDF Heavy,0,High,2,High,2,14.9425,3421.5,8.13813,0.11023,0.037971
2753,RL,8,BSDF Heavy,0,High,2,High,2,14.8413,3399.15,8.13157,0.109356,0.0379672
2754,RL,8,BSDF Heavy,0,High,2,High,2,14.8952,3408.87,8.13443,0.110432,0.0379634
2755,RL,8,BSDF Heavy,0,High,2,High,2,14.8063,3389.16,8.12863,0.109491,0.0379596
2756,RL,8,BSDF Heavy,0,High,2,High,2,14.8075,3393.77,8.12999,0.10909,0.0379558
2757,RL,8,BSDF Heavy,0,High,2,High,2,14.8591,3402.67,8.13261,0.110168,0.037952
2758,RL,8,BSDF Heavy,0,High,2,High,2,14.8142,3391.28,8.12926,0.109801,0.0379482
2759,RL,8,BSDF Heavy,0,High,2,High,2,15.0066,3435.08,8.14209,0.110228,0.0379444
2760,RL,8,BSDF Heavy,0,High,2,High,2,14.8024,3388.29,8.12838,0.109699,0.0379406
2761,RL,8,BSDF Heavy,0,High,2,High,2,14.9275,3419.69,8.1376,0.11028,0.0379369
2762,RL,8,BSDF Heavy,0,High,2,High,2,14.8027,3387.54,8.12815,0.109612,0.0379331
2763,RL,8,BSDF Heavy,0,High,2,High,2,14.7392,3377.16,8.12509,0.109801,0.0379293
2764,RL,8,BSDF Heavy,0,High,2,High,2,14.8502,3397.46,8.13108,0.109888,0.0379255
2765,RL,8,BSDF Heavy,0,High,2,High,2,14.8464,3398.87,8.13149,0.109456,0.0379217
2766,RL,8,BSDF Heavy,0,High,2,High,2,14.8674,3405.4,8.13341,0.109651,0.0379179
2767,RL,8,BSDF Heavy,0,High,2,High,2,14.9607,3424.72,8.13907,0.110228,0.0379141
2768,RL,8,BSDF Heavy,0,High,2,High,2,14.7383,3375.49,8.12459,0.109745,0.0379103
2769,RL,8,BSDF Heavy,0,High,2,High,2,14.8563,3399.97,8.13182,0.110164,0.0379065
2770,RL,8,BSDF Heavy,0,High,2,High,2,14.838,3394.6,8.13023,0.110255,0.0379027
2771,RL,8,BSDF Heavy,0,High,2,High,2,14.957,3423.34,8.13866,0.110509,0.0378989
2772,RL,8,BSDF Heavy,0,High,2,High,2,14.9328,3415.98,8.13651,0.11027,0.0378951
2773,RL,8,BSDF Heavy,0,High,2,High,2,14.873,3406.55,8.13375,0.109878,0.0378914
2774,RL,8,BSDF Heavy,0,High,2,High,2,14.7768,3382.65,8.12671,0.110027,0.0378876
2775,RL,8,BSDF Heavy,0,High,2,High,2,14.8842,3404.55,8.13316,0.110214,0.0378838
2776,RL,8,BSDF Heavy,0,High,2,High,2,14.8474,3399.2,8.13159,0.109718,0.03788
2777,RL,8,BSDF Heavy,0,High,2,High,2,14.8372,3396.01,8.13065,0.109377,0.0378762
2778,RL,8,BSDF Heavy,0,High,2,High,2,14.7579,3381.88,8.12648,0.109192,0.0378724
2779,RL,8,BSDF Heavy,0,High,2,High,2,14.8301,3395.7,8.13056,0.110019,0.0378686
2780,RL,8,BSDF Heavy,0,High,2,High,2,14.9158,3414.49,8.13608,0.109805,0.0378648
2781,RL,8,BSDF Heavy,0,High,2,High,2,14.9157,3413.12,8.13568,0.110565,0.0378611
2782,RL,8,BSDF Heavy,0,High,2,High,2,14.8072,3388.7,8.1285,0.109859,0.0378573
2783,RL,8,BSDF Heavy,0,High,2,High,2,14.8881,3407.6,8.13406,0.11022,0.0378535
2784,RL,8,BSDF Heavy,0,High,2,High,2,14.9372,3420.89,8.13795,0.110592,0.0378497
2785,RL,8,BSDF Heavy,0,High,2,High,2,14.9104,3414.57,8.1361,0.109871,0.0378459
2786,RL,8,BSDF Heavy,0,High,2,High,2,14.7936,3387.99,8.12829,0.109549,0.0378421
2787,RL,8,BSDF Heavy,0,High,2,High,2,14.9131,3411.1,8.13508,0.110309,0.0378383
2788,RL,8,BSDF Heavy,0,High,2,High,2,14.8578,3400.96,8.13211,0.109753,0.0378346
2789,RL,8,BSDF Heavy,0,High,2,High,2,14.7881,3386.58,8.12787,0.109875,0.0378308
2790,RL,8,BSDF Heavy,0,High,2,High,2,14.929,3419.98,8.13768,0.11011,0.037827
2791,RL,8,BSDF Heavy,0,High,2,High,2,14.7796,3383.35,8.12692,0.109255,0.0378232
2792,RL,8,BSDF Heavy,0,High,2,High,2,14.8842,3407.22,8.13395,0.110162,0.0378194
2793,RL,8,BSDF Heavy,0,High,2,High,2,14.7917,3388.21,8.12835,0.109144,0.0378156
2794,RL,8,BSDF Heavy,0,High,2,High,2,14.8443,3398.68,8.13144,0.110158,0.0378119
2795,RL,8,BSDF Heavy,0,High,2,High,2,14.9155,3414.38,8.13604,0.110183,0.0378081
2796,RL,8,BSDF Heavy,0,High,2,High,2,14.9061,3412.76,8.13557,0.110042,0.0378043
2797,RL,8,BSDF Heavy,0,High,2,High,2,14.8648,3403.22,8.13277,0.109973,0.0378005
2798,RL,8,BSDF Heavy,0,High,2,High,2,14.8632,3401.59,8.13229,0.10962,0.0377967
2799,RL,8,BSDF Heavy,0,High,2,High,2,14.8875,3408.92,8.13445,0.109942,0.037793
2800,RL,8,BSDF Heavy,0,High,2,High,2,14.853,3402.05,8.13243,0.109832,0.0377892
2801,RL,8,BSDF Heavy,0,High,2,High,2,14.9455,3421.16,8.13803,0.110004,0.0377854
2802,RL,8,BSDF Heavy,0,High,2,High,2,14.7597,3382.7,8.12673,0.109682,0.0377816
2803,RL,8,BSDF Heavy,0,High,2,High,2,15.0769,3448.93,8.14611,0.110436,0.0377779
2804,RL,8,BSDF Heavy,0,High,2,High,2,14.9246,3417.38,8.13692,0.110096,0.0377741
2805,RL,8,BSDF Heavy,0,High,2,High,2,14.8223,3395.8,8.13059,0.109894,0.0377703
2806,RL,8,BSDF Heavy,0,High,2,High,2,14.8919,3407.06,8.1339,0.110015,0.0377665
2807,RL,8,BSDF Heavy,0,High,2,High,2,14.8428,3398.2,8.13129,0.109988,0.0377627
2808,RL,8,BSDF Heavy,0,High,2,High,2,15.0104,3434.14,8.14181,0.110438,0.037759
2809,RL,8,BSDF Heavy,0,High,2,High,2,14.8753,3406.81,8.13382,0.109796,0.0377552
2810,RL,8,BSDF Heavy,0,High,2,High,2,14.8801,3407.89,8.13414,0.109606,0.0377514
2811,RL,8,BSDF Heavy,0,High,2,High,2,14.9007,3411.58,8.13522,0.109633,0.0377476
2812,RL,8,BSDF Heavy,0,High,2,High,2,14.7707,3380.64,8.12612,0.109647,0.0377439
2813,RL,8,BSDF Heavy,0,High,2,High,2,14.9796,3427.87,8.13999,0.110461,0.0377401
2814,RL,8,BSDF Heavy,0,High,2,High,2,14.8878,3407,8.13388,0.110002,0.0377363
2815,RL,8,BSDF Heavy,0,High,2,High,2,14.8367,3395.6,8.13053,0.109531,0.0377325
2816,RL,8,BSDF Heavy,0,High,2,High,2,14.8902,3409.62,8.13465,0.110021,0.0377288
2817,RL,8,BSDF Heavy,0,High,2,High,2,14.8093,3389.88,8.12884,0.109915,0.037725
2818,RL,8,BSDF Heavy,0,High,2,High,2,14.8745,3403.07,8.13273,0.110397,0.0377212
2819,RL,8,BSDF Heavy,0,High,2,High,2,14.8337,3395.75,8.13057,0.109961,0.0377175
2820,RL,8,BSDF Heavy,0,High,2,High,2,14.8913,3410.45,8.13489,0.110077,0.0377137
2821,RL,8,BSDF Heavy,0,High,2,High,2,14.9231,3418.2,8.13716,0.109942,0.0377099
2822,RL,8,BSDF Heavy,0,High,2,High,2,14.8684,3402.86,8.13266,0.109454,0.0377061
2823,RL,8,BSDF Heavy,0,High,2,High,2,14.9709,3427.32,8.13983,0.11039,0.0377024
2824,RL,8,BSDF Heavy,0,High,2,High,2,14.8596,3403.51,8.13286,0.109757,0.0376986
2825,RL,8,BSDF Heavy,0,High,2,High,2,14.8527,3401.49,8.13226,0.109385,0.0376948
2826,RL,8,BSDF Heavy,0,High,2,High,2,14.9335,3417.66,8.137,0.110484,0.0376911
2827,RL,8,BSDF Heavy,0,High,2,High,2,14.9351,3418.18,8.13716,0.110282,0.0376873
2828,RL,8,BSDF Heavy,0,High,2,High,2,14.8957,3408.01,8.13418,0.110023,0.0376835
2829,RL,8,BSDF Heavy,0,High,2,High,2,14.8166,3395.7,8.13056,0.109408,0.0376798
2830,RL,8,BSDF Heavy,0,High,2,High,2,14.9086,3410.81,8.135,0.109811,0.037676
2831,RL,8,BSDF Heavy,0,High,2,High,2,14.9257,3416.41,8.13664,0.109996,0.0376722
2832,RL,8,BSDF Heavy,0,High,2,High,2,14.9194,3415.03,8.13623,0.110189,0.0376685
2833,RL,8,BSDF Heavy,0,High,2,High,2,14.7811,3383.1,8.12684,0.109601,0.0376647
2834,RL,8,BSDF Heavy,0,High,2,High,2,14.877,3406.02,8.13359,0.11016,0.0376609
2835,RL,8,Balanced,0.405465,High,2,Medium,1,14.9265,3418.9,8.13737,0.109969,0.0376572
2836,RL,7,BSDF Heavy,-0.405465,Medium,1,High,2,8.63088,1975.47,7.58907,0.0937924,0.0376534
2837,RL,8,Balanced,0.405465,High,2,Medium,1,14.9197,3415.42,8.13635,0.109772,0.0376496
2838,RL,7,BSDF Heavy,-0.405465,Medium,1,High,2,8.64129,1976.93,7.58981,0.0941705,0.0376459
2839,RL,8,Light Heavy,1,High,2,Low,0,14.8649,3402.13,8.13245,0.109676,0.0376421
2840,RL,6,BSDF Heavy,-1,Low,0,High,2,4.01265,928.088,6.8342,0.0469772,0.0376383
2841,RL,8,BSDF Heavy,0,High,2,High,2,14.7935,3388.22,8.12836,0.10929,0.0376346
2842,RL,8,BSDF Heavy,0,High,2,High,2,14.8497,3398.86,8.13149,0.109709,0.0376308
2843,RL,8,BSDF Heavy,0,High,2,High,2,15.0028,3433.16,8.14153,0.110258,0.037627
2844,RL,8,BSDF Heavy,0,High,2,High,2,14.8396,3398.68,8.13144,0.110008,0.0376233
2845,RL,8,BSDF Heavy,0,High,2,High,2,14.8477,3399.11,8.13156,0.109923,0.0376195
2846,RL,8,BSDF Heavy,0,High,2,High,2,14.8399,3397.4,8.13106,0.10994,0.0376158
2847,RL,8,BSDF Heavy,0,High,2,High,2,14.8667,3402.59,8.13259,0.109878,0.037612
2848,RL,8,BSDF Heavy,0,High,2,High,2,14.9042,3412.27,8.13543,0.109792,0.0376082
2849,RL,8,BSDF Heavy,0,High,2,High,2,14.8284,3395.75,8.13058,0.109645,0.0376045
2850,RL,8,BSDF Heavy,0,High,2,High,2,14.8322,3397.1,8.13097,0.109587,0.0376007
2851,RL,8,BSDF Heavy,0,High,2,High,2,14.7879,3384.63,8.1273,0.109618,0.037597
2852,RL,8,BSDF Heavy,0,High,2,High,2,14.9474,3419.05,8.13741,0.11037,0.0375932
2853,RL,8,BSDF Heavy,0,High,2,High,2,14.9235,3416.07,8.13654,0.110463,0.0375894
2854,RL,8,BSDF Heavy,0,High,2,High,2,14.799,3387.08,8.12802,0.109851,0.0375857
2855,RL,8,BSDF Heavy,0,High,2,High,2,14.9119,3414,8.13593,0.110054,0.0375819
2856,RL,8,BSDF Heavy,0,High,2,High,2,14.8104,3392,8.12947,0.109275,0.0375782
2857,RL,8,BSDF Heavy,0,High,2,High,2,14.8935,3407.73,8.13409,0.110268,0.0375744
2858,RL,8,BSDF Heavy,0,High,2,High,2,14.8398,3397.38,8.13105,0.110023,0.0375706
2859,RL,8,BSDF Heavy,0,High,2,High,2,14.8032,3390.09,8.12891,0.109236,0.0375669
2860,RL,8,BSDF Heavy,0,High,2,High,2,14.8086,3393.11,8.1298,0.109437,0.0375631
2861,RL,8,BSDF Heavy,0,High,2,High,2,14.9107,3414.06,8.13595,0.110253,0.0375594
2862,RL,8,BSDF Heavy,0,High,2,High,2,15.0088,3433.08,8.1415,0.110617,0.0375556
2863,RL,8,BSDF Heavy,0,High,2,High,2,14.8645,3403.79,8.13294,0.109753,0.0375519
2864,RL,8,BSDF Heavy,0,High,2,High,2,14.8647,3403.4,8.13282,0.109769,0.0375481
2865,RL,8,BSDF Heavy,0,High,2,High,2,14.8462,3397.42,8.13107,0.11,0.0375444
2866,RL,8,BSDF Heavy,0,High,2,High,2,14.8618,3402.86,8.13267,0.110035,0.0375406
2867,RL,8,BSDF Heavy,0,High,2,High,2,14.8805,3407.25,8.13396,0.109363,0.0375368
2868,RL,8,BSDF Heavy,0,High,2,High,2,14.7493,3379.42,8.12575,0.109205,0.0375331
2869,RL,8,BSDF Heavy,0,High,2,High,2,14.8186,3393.42,8.12989,0.109782,0.0375293
2870,RL,8,BSDF Heavy,0,High,2,High,2,14.9521,3422.19,8.13833,0.109917,0.0375256
2871,RL,8,BSDF Heavy,0,High,2,High,2,14.9028,3412.32,8.13544,0.109633,0.0375218
2872,RL,8,BSDF Heavy,0,High,2,High,2,14.9428,3419.2,8.13746,0.110145,0.0375181
2873,RL,8,Light Heavy,1,High,2,Low,0,14.918,3415.37,8.13633,0.110673,0.0375143
2874,RL,6,BSDF Heavy,-1,Low,0,High,2,3.97877,919.606,6.82503,0.0471547,0.0375106
2875,RL,8,Balanced,0.405465,High,2,Medium,1,14.8313,3396.26,8.13072,0.109578,0.0375068
2876,RL,7,BSDF Heavy,-0.405465,Medium,1,High,2,8.65765,1980.77,7.59174,0.0942419,0.0375031
2877,RL,8,Light Heavy,1,High,2,Low,0,14.9538,3422.93,8.13855,0.110534,0.0374993
2878,RL,6,BSDF Heavy,-1,Low,0,High,2,3.91718,904.476,6.80846,0.0467843,0.0374956
2879,RL,8,Light Heavy,1,High,2,Low,0,14.929,3415.65,8.13642,0.110639,0.0374918
2880,RL,6,BSDF Heavy,-1,Low,0,High,2,3.88062,894.943,6.79788,0.0466049,0.0374881
2881,RL,8,Light Heavy,1,High,2,Low,0,14.9264,3417.34,8.13691,0.1101,0.0374843
2882,RL,6,BSDF Heavy,-1,Low,0,High,2,3.98356,920.142,6.82561,0.0472377,0.0374806
2883,RL,8,Balanced,0.405465,High,2,Medium,1,14.8978,3410.97,8.13505,0.109417,0.0374768
2884,RL,7,BSDF Heavy,-0.405465,Medium,1,High,2,8.62612,1973.16,7.5879,0.0940278,0.0374731
2885,RL,8,Balanced,0.405465,High,2,Medium,1,14.8828,3405.78,8.13352,0.110617,0.0374693
2886,RL,7,BSDF Heavy,-0.405465,Medium,1,High,2,8.59063,1963.78,7.58313,0.0940201,0.0374656
2887,RL,8,Balanced,0.405465,High,2,Medium,1,14.9148,3416.2,8.13658,0.109794,0.0374618
2888,RL,7,BSDF Heavy,-0.405465,Medium,1,High,2,8.6758,1984.92,7.59384,0.0943403,0.0374581
2889,RL,8,Balanced,0.405465,High,2,Medium,1,14.8663,3402.39,8.13253,0.109846,0.0374544
2890,RL,7,BSDF Heavy,-0.405465,Medium,1,High,2,8.73459,2001.34,7.60207,0.0939468,0.0374506
2891,RL,8,Balanced,0.405465,High,2,Medium,1,14.905,3411.82,8.13529,0.110066,0.0374469
2892,RL,7,BSDF Heavy,-0.405465,Medium,1,High,2,8.72509,1996.47,7.59964,0.0950617,0.0374431
2893,RL,8,Balanced,0.405465,High,2,Medium,1,14.9172,3413.38,8.13575,0.110284,0.0374394
2894,RL,7,BSDF Heavy,-0.405465,Medium,1,High,2,8.72063,1995.74,7.59927,0.0944483,0.0374356
2895,RL,8,Balanced,0.405465,High,2,Medium,1,14.8599,3404.6,8.13318,0.110193,0.0374319
2896,RL,7,BSDF Heavy,-0.405465,Medium,1,High,2,8.68204,1984.64,7.5937,0.094973,0.0374281
2897,RL,8,Balanced,0.405465,High,2,Medium,1,14.9361,3419.96,8.13768,0.109726,0.0374244
2898,RL,7,BSDF Heavy,-0.405465,Medium,1,High,2,8.72286,1994.04,7.59842,0.0949691,0.0374207
2899,RL,8,Balanced,0.405465,High,2,Medium,1,14.927,3416.22,8.13658,0.110399,0.0374169
2900,RL,7,BSDF Heavy,-0.405465,Medium,1,High,2,8.75466,2002.43,7.60262,0.0948167,0.0374132
2901,RL,8,Balanced,0.405465,High,2,Medium,1,14.8758,3406.63,8.13377,0.110519,0.0374094
2902,RL,7,BSDF Heavy,-0.405465,Medium,1,High,2,8.71022,1991.21,7.597,0.0945737,0.0374057
2903,RL,8,BSDF Heavy,0,High,2,High,2,14.7959,3390.6,8.12906,0.109531,0.037402
2904,RL,8,BSDF Heavy,0,High,2,High,2,14.857,3400.95,8.1321,0.110332,0.0373982
2905,RL,8,BSDF Heavy,0,High,2,High,2,14.8371,3398.23,8.13131,0.109192,0.0373945
2906,RL,8,BSDF Heavy,0,High,2,High,2,14.9389,3420.61,8.13787,0.109846,0.0373907
2907,RL,8,BSDF Heavy,0,High,2,High,2,14.9498,3422.39,8.13839,0.110349,0.037387
2908,RL,8,BSDF Heavy,0,High,2,High,2,14.8496,3399.29,8.13162,0.10962,0.0373833
2909,RL,8,BSDF Heavy,0,High,2,High,2,14.82,3393.99,8.13006,0.109477,0.0373795
2910,RL,8,BSDF Heavy,0,High,2,High,2,14.916,3414.06,8.13595,0.110039,0.0373758
2911,RL,8,BSDF Heavy,0,High,2,High,2,14.8545,3400.2,8.13188,0.109805,0.037372
2912,RL,8,BSDF Heavy,0,High,2,High,2,14.7881,3387.78,8.12823,0.109207,0.0373683
2913,RL,8,BSDF Heavy,0,High,2,High,2,14.9257,3416.36,8.13662,0.109578,0.0373646
2914,RL,8,BSDF Heavy,0,High,2,High,2,14.9438,3421.28,8.13806,0.110376,0.0373608
2915,RL,8,BSDF Heavy,0,High,2,High,2,14.968,3428.03,8.14003,0.110409,0.0373571
2916,RL,8,BSDF Heavy,0,High,2,High,2,14.8306,3393.09,8.12979,0.1101,0.0373534
2917,RL,8,BSDF Heavy,0,High,2,High,2,14.8824,3407.55,8.13404,0.109757,0.0373496
2918,RL,8,BSDF Heavy,0,High,2,High,2,14.8836,3406.43,8.13371,0.109736,0.0373459
2919,RL,8,BSDF Heavy,0,High,2,High,2,14.8572,3402.82,8.13265,0.10985,0.0373422
2920,RL,8,BSDF Heavy,0,High,2,High,2,14.8851,3408.31,8.13427,0.109971,0.0373384
2921,RL,8,BSDF Heavy,0,High,2,High,2,14.8921,3406.1,8.13362,0.110079,0.0373347
2922,RL,8,BSDF Heavy,0,High,2,High,2,14.8695,3402.45,8.13255,0.11044,0.037331
2923,RL,8,BSDF Heavy,0,High,2,High,2,14.9934,3429.34,8.14041,0.110849,0.0373272
2924,RL,8,BSDF Heavy,0,High,2,High,2,14.8451,3398.62,8.13142,0.109927,0.0373235
2925,RL,8,BSDF Heavy,0,High,2,High,2,14.8833,3408.97,8.13446,0.109649,0.0373198
2926,RL,8,BSDF Heavy,0,High,2,High,2,14.8417,3399.3,8.13162,0.109562,0.037316
2927,RL,8,BSDF Heavy,0,High,2,High,2,14.9642,3424.41,8.13898,0.110527,0.0373123
2928,RL,8,BSDF Heavy,0,High,2,High,2,14.8395,3398.01,8.13124,0.110253,0.0373086
2929,RL,8,BSDF Heavy,0,High,2,High,2,14.8429,3399.19,8.13159,0.109506,0.0373048
2930,RL,8,BSDF Heavy,0,High,2,High,2,14.8805,3407.7,8.13409,0.110191,0.0373011
2931,RL,8,BSDF Heavy,0,High,2,High,2,14.8443,3398.94,8.13151,0.109531,0.0372974
2932,RL,8,BSDF Heavy,0,High,2,High,2,14.9509,3422.69,8.13848,0.109751,0.0372937
2933,RL,8,BSDF Heavy,0,High,2,High,2,14.8146,3394.36,8.13016,0.109498,0.0372899
2934,RL,8,BSDF Heavy,0,High,2,High,2,14.9683,3426.78,8.13967,0.109898,0.0372862
2935,RL,8,BSDF Heavy,0,High,2,High,2,14.8533,3399.64,8.13172,0.109477,0.0372825
2936,RL,8,BSDF Heavy,0,High,2,High,2,14.8423,3397.02,8.13095,0.109832,0.0372787
2937,RL,8,BSDF Heavy,0,High,2,High,2,14.9319,3416.19,8.13657,0.110154,0.037275
2938,RL,8,BSDF Heavy,0,High,2,High,2,15.0267,3437.83,8.14289,0.11088,0.0372713
2939,RL,8,BSDF Heavy,0,High,2,High,2,14.9477,3422.47,8.13841,0.109873,0.0372676
2940,RL,8,BSDF Heavy,0,High,2,High,2,14.9284,3418.74,8.13732,0.110199,0.0372638
2941,RL,8,BSDF Heavy,0,High,2,High,2,14.8942,3410.44,8.13489,0.109261,0.0372601
2942,RL,8,BSDF Heavy,0,High,2,High,2,14.8849,3407.54,8.13404,0.110542,0.0372564
2943,RL,8,BSDF Heavy,0,High,2,High,2,14.8707,3404.72,8.13321,0.110289,0.0372526
2944,RL,8,BSDF Heavy,0,High,2,High,2,14.9244,3417.42,8.13693,0.109892,0.0372489
2945,RL,8,BSDF Heavy,0,High,2,High,2,14.8897,3410.39,8.13488,0.109863,0.0372452
2946,RL,8,BSDF Heavy,0,High,2,High,2,14.9478,3419.91,8.13766,0.110301,0.0372415
2947,RL,8,BSDF Heavy,0,High,2,High,2,14.8489,3400.28,8.13191,0.109886,0.0372377
2948,RL,8,BSDF Heavy,0,High,2,High,2,14.8405,3399.68,8.13173,0.109923,0.037234
2949,RL,8,BSDF Heavy,0,High,2,High,2,14.9274,3416.23,8.13658,0.110176,0.0372303
2950,RL,8,BSDF Heavy,0,High,2,High,2,14.8649,3401.26,8.1322,0.110407,0.0372266
2951,RL,8,BSDF Heavy,0,High,2,High,2,15.083,3452.72,8.14721,0.110639,0.0372229
2952,RL,8,BSDF Heavy,0,High,2,High,2,14.9188,3414.6,8.13611,0.109967,0.0372191
2953,RL,8,BSDF Heavy,0,High,2,High,2,14.9836,3429.74,8.14053,0.110353,0.0372154
2954,RL,8,BSDF Heavy,0,High,2,High,2,14.9345,3416.89,8.13678,0.110505,0.0372117
2955,RL,8,BSDF Heavy,0,High,2,High,2,14.8453,3396.64,8.13084,0.109981,0.037208
2956,RL,8,BSDF Heavy,0,High,2,High,2,14.9109,3417.2,8.13687,0.109703,0.0372043
2957,RL,8,BSDF Heavy,0,High,2,High,2,14.8383,3398.36,8.13134,0.109705,0.0372005
2958,RL,8,BSDF Heavy,0,High,2,High,2,14.7803,3381.6,8.1264,0.11026,0.0371968
2959,RL,8,BSDF Heavy,0,High,2,High,2,14.9665,3427.55,8.13989,0.110264,0.0371931
2960,RL,8,BSDF Heavy,0,High,2,High,2,14.9061,3411.96,8.13533,0.11017,0.0371894
2961,RL,8,BSDF Heavy,0,High,2,High,2,14.915,3411.22,8.13512,0.110592,0.0371857
2962,RL,8,Light Heavy,1,High,2,Low,0,14.7864,3382.56,8.12668,0.109983,0.0371819
2963,RL,6,BSDF Heavy,-1,Low,0,High,2,3.9779,919.128,6.82451,0.0476157,0.0371782
2964,RL,8,BSDF Heavy,0,High,2,High,2,14.9349,3419.84,8.13764,0.109599,0.0371745
2965,RL,8,BSDF Heavy,0,High,2,High,2,14.8531,3402.66,8.13261,0.110012,0.0371708
2966,RL,8,BSDF Heavy,0,High,2,High,2,14.9244,3415.06,8.13624,0.110569,0.0371671
2967,RL,8,BSDF Heavy,0,High,2,High,2,14.9063,3414.56,8.1361,0.10995,0.0371633
2968,RL,8,BSDF Heavy,0,High,2,High,2,14.9324,3418.11,8.13714,0.110463,0.0371596
2969,RL,8,BSDF Heavy,0,High,2,High,2,14.8653,3404.19,8.13306,0.109958,0.0371559
2970,RL,8,BSDF Heavy,0,High,2,High,2,14.8305,3395.03,8.13036,0.10956,0.0371522
2971,RL,8,BSDF Heavy,0,High,2,High,2,14.8892,3407.64,8.13407,0.110216,0.0371485
2972,RL,8,BSDF Heavy,0,High,2,High,2,14.811,3390.04,8.12889,0.109354,0.0371448
2973,RL,8,BSDF Heavy,0,High,2,High,2,14.8128,3389.34,8.12868,0.10972,0.0371411
2974,RL,8,BSDF Heavy,0,High,2,High,2,14.9383,3420.62,8.13787,0.109952,0.0371373
2975,RL,8,BSDF Heavy,0,High,2,High,2,14.7963,3387.45,8.12813,0.10961,0.0371336
2976,RL,8,BSDF Heavy,0,High,2,High,2,14.7946,3387.75,8.12822,0.109481,0.0371299
2977,RL,8,BSDF Heavy,0,High,2,High,2,14.8006,3386.64,8.12789,0.109886,0.0371262
2978,RL,8,BSDF Heavy,0,High,2,High,2,14.9294,3417.32,8.1369,0.109769,0.0371225
2979,RL,8,BSDF Heavy,0,High,2,High,2,14.9123,3414.19,8.13599,0.110341,0.0371188
2980,RL,8,BSDF Heavy,0,High,2,High,2,14.914,3414.35,8.13603,0.109884,0.0371151
2981,RL,8,BSDF Heavy,0,High,2,High,2,14.8952,3409.59,8.13464,0.10999,0.0371114
2982,RL,8,BSDF Heavy,0,High,2,High,2,14.8546,3400.79,8.13206,0.109832,0.0371076
2983,RL,8,BSDF Heavy,0,High,2,High,2,14.9461,3419.27,8.13748,0.11065,0.0371039
2984,RL,8,BSDF Heavy,0,High,2,High,2,14.8014,3387.69,8.1282,0.109859,0.0371002
2985,RL,8,BSDF Heavy,0,High,2,High,2,14.8921,3409.1,8.1345,0.110285,0.0370965
2986,RL,8,BSDF Heavy,0,High,2,High,2,14.8191,3394.4,8.13018,0.109676,0.0370928
2987,RL,8,BSDF Heavy,0,High,2,High,2,14.9923,3430.03,8.14062,0.110841,0.0370891
2988,RL,8,BSDF Heavy,0,High,2,High,2,14.9392,3418.34,8.1372,0.110419,0.0370854
2989,RL,8,BSDF Heavy,0,High,2,High,2,14.8505,3401.35,8.13222,0.109929,0.0370817
2990,RL,8,BSDF Heavy,0,High,2,High,2,14.8087,3391.47,8.12932,0.109282,0.037078
2991,RL,8,BSDF Heavy,0,High,2,High,2,14.8983,3411.04,8.13507,0.109653,0.0370743
2992,RL,8,BSDF Heavy,0,High,2,High,2,14.8082,3390.03,8.12889,0.110029,0.0370706
2993,RL,8,BSDF Heavy,0,High,2,High,2,14.897,3412.16,8.13539,0.10972,0.0370669
2994,RL,8,BSDF Heavy,0,High,2,High,2,15.0375,3440.7,8.14372,0.110662,0.0370631
2995,RL,8,BSDF Heavy,0,High,2,High,2,14.8071,3394.28,8.13014,0.109562,0.0370594
2996,RL,8,BSDF Heavy,0,High,2,High,2,14.9142,3413.16,8.13569,0.110214,0.0370557
2997,RL,8,BSDF Heavy,0,High,2,High,2,14.9125,3416.03,8.13653,0.109936,0.037052
2998,RL,8,BSDF Heavy,0,High,2,High,2,14.8583,3400.95,8.1321,0.109938,0.0370483
2999,RL,8,BSDF Heavy,0,High,2,High,2,14.7949,3388.7,8.1285,0.109313,0.0370446
3000,RL,8,BSDF Heavy,0,High,2,High,2,14.9256,3416.58,8.13669,0.110596,0.0370409
3001,RL,8,BSDF Heavy,0,High,2,High,2,14.8465,3397.3,8.13103,0.110257,0.0370372
3002,RL,8,BSDF Heavy,0,High,2,High,2,14.8665,3401.72,8.13233,0.110147,0.0370335
3003,RL,8,BSDF Heavy,0,High,2,High,2,14.8465,3401.76,8.13234,0.109626,0.0370298
3004,RL,8,BSDF Heavy,0,High,2,High,2,14.9653,3423.61,8.13874,0.110517,0.0370261
3005,RL,8,BSDF Heavy,0,High,2,High,2,14.8773,3405.92,8.13356,0.109755,0.0370224
3006,RL,8,BSDF Heavy,0,High,2,High,2,14.8474,3398.85,8.13149,0.109836,0.0370187
3007,RL,8,BSDF Heavy,0,High,2,High,2,14.8926,3409.09,8.13449,0.109967,0.037015
3008,RL,8,BSDF Heavy,0,High,2,High,2,14.9117,3412.98,8.13563,0.110096,0.0370113
3009,RL,8,BSDF Heavy,0,High,2,High,2,14.7718,3382.36,8.12662,0.109252,0.0370076
3010,RL,8,BSDF Heavy,0,High,2,High,2,14.7995,3389.37,8.1287,0.109514,0.0370039
3011,RL,8,BSDF Heavy,0,High,2,High,2,15.0621,3444.4,8.1448,0.111397,0.0370002
3012,RL,8,BSDF Heavy,0,High,2,High,2,14.8819,3404.66,8.13319,0.110502,0.0369965
3013,RL,8,BSDF Heavy,0,High,2,High,2,14.8122,3390.38,8.12899,0.109828,0.0369928
3014,RL,8,BSDF Heavy,0,High,2,High,2,14.8703,3405.11,8.13333,0.109485,0.0369891
3015,RL,8,BSDF Heavy,0,High,2,High,2,14.8099,3392.62,8.12965,0.109603,0.0369854
3016,RL,8,BSDF Heavy,0,High,2,High,2,14.8434,3399.64,8.13172,0.110091,0.0369817
3017,RL,8,BSDF Heavy,0,High,2,High,2,14.8045,3389.57,8.12875,0.110156,0.036978
3018,RL,8,BSDF Heavy,0,High,2,High,2,14.901,3412.79,8.13558,0.110096,0.0369743
3019,RL,8,BSDF Heavy,0,High,2,High,2,14.8416,3399.9,8.13179,0.10925,0.0369706
3020,RL,8,BSDF Heavy,0,High,2,High,2,14.8751,3406.71,8.13379,0.109873,0.0369669
3021,RL,8,BSDF Heavy,0,High,2,High,2,14.9328,3416.32,8.13661,0.110656,0.0369632
3022,RL,8,BSDF Heavy,0,High,2,High,2,14.8123,3389.45,8.12872,0.110141,0.0369595
3023,RL,8,BSDF Heavy,0,High,2,High,2,14.9078,3414.23,8.136,0.109522,0.0369558
3024,RL,8,BSDF Heavy,0,High,2,High,2,14.9297,3418.64,8.13729,0.110301,0.0369521
3025,RL,8,BSDF Heavy,0,High,2,High,2,14.8375,3394.79,8.13029,0.110611,0.0369484
3026,RL,8,BSDF Heavy,0,High,2,High,2,14.9619,3423.61,8.13874,0.110135,0.0369447
3027,RL,8,BSDF Heavy,0,High,2,High,2,14.9183,3414.67,8.13613,0.110019,0.036941
3028,RL,8,Light Heavy,1,High,2,Low,0,14.812,3393.68,8.12996,0.109286,0.0369373
3029,RL,6,BSDF Heavy,-1,Low,0,High,2,3.94678,910.313,6.81489,0.0473495,0.0369336
3030,RL,8,Light Heavy,1,High,2,Low,0,14.8331,3396.7,8.13085,0.109142,0.03693
3031,RL,6,BSDF Heavy,-1,Low,0,High,2,3.89587,899.045,6.80244,0.0470004,0.0369263
3032,RL,8,Balanced,0.405465,High,2,Medium,1,14.8897,3407.94,8.13416,0.110351,0.0369226
3033,RL,7,BSDF Heavy,-0.405465,Medium,1,High,2,8.58727,1963.52,7.583,0.0934124,0.0369189
3034,RL,8,Balanced,0.405465,High,2,Medium,1,14.9049,3410.12,8.1348,0.110311,0.0369152
3035,RL,7,BSDF Heavy,-0.405465,Medium,1,High,2,8.63574,1976.05,7.58936,0.0941397,0.0369115
3036,RL,8,Light Heavy,1,High,2,Low,0,14.8586,3403.14,8.13275,0.109824,0.0369078
3037,RL,6,BSDF Heavy,-1,Low,0,High,2,3.89448,898.056,6.80135,0.0468846,0.0369041
3038,RL,8,BSDF Heavy,0,High,2,High,2,14.8575,3403.74,8.13293,0.109379,0.0369004
3039,RL,8,BSDF Heavy,0,High,2,High,2,14.9177,3416.35,8.13662,0.110041,0.0368967
3040,RL,8,BSDF Heavy,0,High,2,High,2,14.877,3406.51,8.13374,0.110756,0.036893
3041,RL,8,BSDF Heavy,0,High,2,High,2,14.8747,3406.32,8.13368,0.109462,0.0368894
3042,RL,8,BSDF Heavy,0,High,2,High,2,14.8372,3396.22,8.13071,0.110168,0.0368857
3043,RL,8,BSDF Heavy,0,High,2,High,2,14.9232,3417.3,8.1369,0.109815,0.036882
3044,RL,8,BSDF Heavy,0,High,2,High,2,14.9254,3415.08,8.13625,0.110282,0.0368783
3045,RL,8,BSDF Heavy,0,High,2,High,2,14.8905,3408.36,8.13428,0.109842,0.0368746
3046,RL,8,BSDF Heavy,0,High,2,High,2,14.8569,3398.94,8.13151,0.110199,0.0368709
3047,RL,8,Light Heavy,1,High,2,Low,0,14.9148,3416.46,8.13665,0.109711,0.0368672
3048,RL,6,BSDF Heavy,-1,Low,0,High,2,3.9999,923.08,6.8288,0.0477122,0.0368635
3049,RL,8,Balanced,0.405465,High,2,Medium,1,14.8548,3399.54,8.13169,0.109855,0.0368599
3050,RL,7,BSDF Heavy,-0.405465,Medium,1,High,2,8.61571,1970.2,7.5864,0.0940779,0.0368562
3051,RL,8,BSDF Heavy,0,High,2,High,2,14.8597,3402.1,8.13244,0.109842,0.0368525
3052,RL,8,BSDF Heavy,0,High,2,High,2,14.9882,3430.49,8.14075,0.110314,0.0368488
3053,RL,8,BSDF Heavy,0,High,2,High,2,14.8907,3406.26,8.13367,0.110326,0.0368451
3054,RL,8,BSDF Heavy,0,High,2,High,2,14.9482,3422.21,8.13833,0.110465,0.0368414
3055,RL,8,BSDF Heavy,0,High,2,High,2,14.899,3409.55,8.13463,0.110243,0.0368377
3056,RL,8,BSDF Heavy,0,High,2,High,2,14.9008,3407.87,8.13414,0.110164,0.0368341
3057,RL,8,BSDF Heavy,0,High,2,High,2,14.8348,3395.25,8.13043,0.109199,0.0368304
3058,RL,8,BSDF Heavy,0,High,2,High,2,14.8307,3395.34,8.13045,0.110133,0.0368267
3059,RL,8,BSDF Heavy,0,High,2,High,2,14.8529,3399.51,8.13168,0.110343,0.036823
3060,RL,8,BSDF Heavy,0,High,2,High,2,14.8512,3400.03,8.13183,0.109637,0.0368193
3061,RL,8,BSDF Heavy,0,High,2,High,2,14.884,3407.93,8.13415,0.109923,0.0368157
3062,RL,8,BSDF Heavy,0,High,2,High,2,14.8972,3411.91,8.13532,0.110538,0.036812
3063,RL,8,BSDF Heavy,0,High,2,High,2,14.846,3396.12,8.13068,0.109907,0.0368083
3064,RL,8,BSDF Heavy,0,High,2,High,2,14.9186,3415.57,8.13639,0.110019,0.0368046
3065,RL,8,BSDF Heavy,0,High,2,High,2,14.8365,3395.97,8.13064,0.109873,0.0368009
3066,RL,8,BSDF Heavy,0,High,2,High,2,14.9237,3415.6,8.1364,0.110577,0.0367972
3067,RL,8,BSDF Heavy,0,High,2,High,2,14.8428,3397.82,8.13118,0.109836,0.0367936
3068,RL,8,BSDF Heavy,0,High,2,High,2,14.9143,3416.4,8.13664,0.110002,0.0367899
3069,RL,8,BSDF Heavy,0,High,2,High,2,14.8715,3404.01,8.133,0.11005,0.0367862
3070,RL,8,BSDF Heavy,0,High,2,High,2,14.7923,3389.58,8.12876,0.108899,0.0367825
3071,RL,8,BSDF Heavy,0,High,2,High,2,14.9511,3421.96,8.13826,0.11048,0.0367789
3072,RL,8,BSDF Heavy,0,High,2,High,2,14.9503,3423.33,8.13866,0.110309,0.0367752
3073,RL,8,BSDF Heavy,0,High,2,High,2,14.9045,3411.81,8.13529,0.110035,0.0367715
3074,RL,8,BSDF Heavy,0,High,2,High,2,14.8809,3406.18,8.13364,0.11011,0.0367678
3075,RL,8,BSDF Heavy,0,High,2,High,2,14.8152,3392.6,8.12965,0.109485,0.0367641
3076,RL,8,BSDF Heavy,0,High,2,High,2,14.8888,3409.09,8.13449,0.109649,0.0367605
3077,RL,8,BSDF Heavy,0,High,2,High,2,14.9219,3414.39,8.13605,0.110187,0.0367568
3078,RL,8,BSDF Heavy,0,High,2,High,2,14.8776,3403.75,8.13293,0.110287,0.0367531
3079,RL,8,BSDF Heavy,0,High,2,High,2,14.9008,3411.57,8.13522,0.110193,0.0367494
3080,RL,8,BSDF Heavy,0,High,2,High,2,14.9772,3427.47,8.13987,0.110355,0.0367458
3081,RL,8,BSDF Heavy,0,High,2,High,2,14.8053,3392.4,8.12959,0.109493,0.0367421
3082,RL,8,Balanced,0.405465,High,2,Medium,1,14.8452,3397.34,8.13104,0.110149,0.0367384
3083,RL,7,BSDF Heavy,-0.405465,Medium,1,High,2,8.7422,1999.15,7.60098,0.0950039,0.0367347
3084,RL,8,BSDF Heavy,0,High,2,High,2,14.7425,3376.09,8.12477,0.109691,0.0367311
3085,RL,8,BSDF Heavy,0,High,2,High,2,14.8003,3388.85,8.12854,0.109871,0.0367274
3086,RL,8,BSDF Heavy,0,High,2,High,2,14.835,3396.5,8.13079,0.10957,0.0367237
3087,RL,8,BSDF Heavy,0,High,2,High,2,14.8974,3410.41,8.13488,0.109973,0.0367201
3088,RL,8,Light Heavy,1,High,2,Low,0,14.8248,3392.49,8.12961,0.11011,0.0367164
3089,RL,6,BSDF Heavy,-1,Low,0,High,2,3.96874,916.89,6.82208,0.047037,0.0367127
3090,RL,8,Light Heavy,1,High,2,Low,0,14.9021,3409.46,8.1346,0.11026,0.036709
3091,RL,6,BSDF Heavy,-1,Low,0,High,2,4.01831,929.345,6.83556,0.0473843,0.0367054
3092,RL,8,BSDF Heavy,0,High,2,High,2,14.8691,3403.15,8.13275,0.109743,0.0367017
3093,RL,8,BSDF Heavy,0,High,2,High,2,14.8381,3397.26,8.13102,0.109824,0.036698
3094,RL,8,BSDF Heavy,0,High,2,High,2,14.8816,3407.57,8.13405,0.110122,0.0366944
3095,RL,8,BSDF Heavy,0,High,2,High,2,14.8705,3402.61,8.13259,0.110766,0.0366907
3096,RL,8,BSDF Heavy,0,High,2,High,2,15.0354,3441.7,8.14401,0.110623,0.036687
3097,RL,8,BSDF Heavy,0,High,2,High,2,14.9324,3420.06,8.1377,0.109969,0.0366834
3098,RL,8,BSDF Heavy,0,High,2,High,2,14.8927,3408.53,8.13433,0.110604,0.0366797
3099,RL,8,BSDF Heavy,0,High,2,High,2,14.9916,3430.7,8.14081,0.110739,0.036676
3100,RL,8,BSDF Heavy,0,High,2,High,2,14.8233,3393.03,8.12977,0.110233,0.0366724
3101,RL,8,BSDF Heavy,0,High,2,High,2,14.8815,3405.26,8.13337,0.109904,0.0366687
3102,RL,8,BSDF Heavy,0,High,2,High,2,14.8342,3394.9,8.13032,0.10956,0.036665
3103,RL,8,BSDF Heavy,0,High,2,High,2,14.8594,3402.87,8.13267,0.109483,0.0366613
3104,RL,8,BSDF Heavy,0,High,2,High,2,14.9568,3425.94,8.13942,0.109088,0.0366577
3105,RL,8,BSDF Heavy,0,High,2,High,2,14.9454,3417.94,8.13709,0.110584,0.036654
3106,RL,8,BSDF Heavy,0,High,2,High,2,14.8301,3393.2,8.12982,0.109591,0.0366504
3107,RL,8,BSDF Heavy,0,High,2,High,2,14.9129,3414.77,8.13616,0.110108,0.0366467
3108,RL,8,BSDF Heavy,0,High,2,High,2,14.8907,3410.58,8.13493,0.109601,0.036643
3109,RL,8,BSDF Heavy,0,High,2,High,2,14.9351,3419.75,8.13761,0.110249,0.0366394
3110,RL,8,BSDF Heavy,0,High,2,High,2,14.872,3402.87,8.13267,0.109892,0.0366357
3111,RL,8,BSDF Heavy,0,High,2,High,2,14.9249,3417.03,8.13682,0.110193,0.036632
3112,RL,8,BSDF Heavy,0,High,2,High,2,14.8171,3393.82,8.13001,0.110089,0.0366284
3113,RL,8,Balanced,0.405465,High,2,Medium,1,14.9093,3411.17,8.1351,0.110324,0.0366247
3114,RL,7,BSDF Heavy,-0.405465,Medium,1,High,2,8.75556,2002.87,7.60283,0.0946663,0.036621
3115,RL,8,Balanced,0.405465,High,2,Medium,1,14.9472,3420,8.13769,0.11037,0.0366174
3116,RL,7,BSDF Heavy,-0.405465,Medium,1,High,2,8.709,1991.26,7.59702,0.0946431,0.0366137
3117,RL,8,BSDF Heavy,0,High,2,High,2,14.8551,3400.96,8.13211,0.110451,0.0366101
3118,RL,8,BSDF Heavy,0,High,2,High,2,15.0046,3435.31,8.14215,0.110507,0.0366064
3119,RL,8,BSDF Heavy,0,High,2,High,2,14.8632,3403.04,8.13272,0.109776,0.0366027
3120,RL,8,BSDF Heavy,0,High,2,High,2,14.8374,3396.42,8.13077,0.10999,0.0365991
3121,RL,8,BSDF Heavy,0,High,2,High,2,14.9228,3413.78,8.13587,0.109767,0.0365954
3122,RL,8,BSDF Heavy,0,High,2,High,2,14.8994,3411.38,8.13517,0.109994,0.0365918
3123,RL,8,BSDF Heavy,0,High,2,High,2,14.8186,3393.05,8.12978,0.109655,0.0365881
3124,RL,8,BSDF Heavy,0,High,2,High,2,14.8431,3397.98,8.13123,0.109585,0.0365844
3125,RL,8,BSDF Heavy,0,High,2,High,2,14.827,3395.91,8.13062,0.109921,0.0365808
3126,RL,8,BSDF Heavy,0,High,2,High,2,14.8715,3403.02,8.13271,0.109977,0.0365771
3127,RL,8,BSDF Heavy,0,High,2,High,2,14.8474,3399.44,8.13166,0.109464,0.0365735
3128,RL,8,BSDF Heavy,0,High,2,High,2,14.7546,3379.21,8.12569,0.109645,0.0365698
3129,RL,8,BSDF Heavy,0,High,2,High,2,14.837,3396.34,8.13075,0.110446,0.0365662
3130,RL,8,BSDF Heavy,0,High,2,High,2,14.7578,3377.36,8.12515,0.110453,0.0365625
3131,RL,8,BSDF Heavy,0,High,2,High,2,14.8804,3403.27,8.13278,0.11005,0.0365588
3132,RL,8,BSDF Heavy,0,High,2,High,2,14.8191,3392.69,8.12967,0.109641,0.0365552
3133,RL,8,BSDF Heavy,0,High,2,High,2,14.9477,3421.29,8.13806,0.110285,0.0365515
3134,RL,8,BSDF Heavy,0,High,2,High,2,14.8681,3405.07,8.13332,0.109722,0.0365479
3135,RL,8,BSDF Heavy,0,High,2,High,2,14.9099,3413.7,8.13585,0.110004,0.0365442
3136,RL,8,BSDF Heavy,0,High,2,High,2,14.867,3402.68,8.13261,0.110002,0.0365406
3137,RL,8,BSDF Heavy,0,High,2,High,2,14.8263,3393.34,8.12986,0.109875,0.0365369
3138,RL,8,BSDF Heavy,0,High,2,High,2,14.95,3423.4,8.13868,0.109985,0.0365333
3139,RL,8,BSDF Heavy,0,High,2,High,2,14.7041,3369.38,8.12278,0.109151,0.0365296
3140,RL,8,BSDF Heavy,0,High,2,High,2,14.8573,3401.24,8.13219,0.109751,0.036526
3141,RL,8,BSDF Heavy,0,High,2,High,2,14.917,3415.41,8.13635,0.109988,0.0365223
3142,RL,8,BSDF Heavy,0,High,2,High,2,14.9046,3412.79,8.13558,0.110091,0.0365186
3143,RL,8,BSDF Heavy,0,High,2,High,2,14.8843,3407.06,8.1339,0.110073,0.036515
3144,RL,8,BSDF Heavy,0,High,2,High,2,14.8268,3396.19,8.1307,0.109225,0.0365113
3145,RL,8,BSDF Heavy,0,High,2,High,2,14.8241,3394.21,8.13012,0.10951,0.0365077
3146,RL,8,BSDF Heavy,0,High,2,High,2,14.6981,3365.1,8.12151,0.10874,0.036504
3147,RL,8,BSDF Heavy,0,High,2,High,2,14.924,3415.22,8.13629,0.110118,0.0365004
3148,RL,8,BSDF Heavy,0,High,2,High,2,14.9144,3413.53,8.13579,0.109875,0.0364967
3149,RL,8,BSDF Heavy,0,High,2,High,2,14.8422,3395.36,8.13046,0.109626,0.0364931
3150,RL,8,BSDF Heavy,0,High,2,High,2,14.8632,3403.02,8.13271,0.110305,0.0364894
3151,RL,8,BSDF Heavy,0,High,2,High,2,14.8677,3400.23,8.13189,0.110338,0.0364858
3152,RL,8,BSDF Heavy,0,High,2,High,2,14.9597,3424.16,8.1389,0.110519,0.0364821
3153,RL,8,BSDF Heavy,0,High,2,High,2,14.861,3402.06,8.13243,0.109518,0.0364785
3154,RL,8,BSDF Heavy,0,High,2,High,2,14.8883,3409.07,8.13449,0.109541,0.0364749
3155,RL,8,BSDF Heavy,0,High,2,High,2,14.9168,3416.42,8.13664,0.109952,0.0364712
3156,RL,8,BSDF Heavy,0,High,2,High,2,14.946,3418.15,8.13715,0.110583,0.0364676
3157,RL,8,Light Heavy,1,High,2,Low,0,14.9302,3416.93,8.13679,0.110774,0.0364639
3158,RL,6,BSDF Heavy,-1,Low,0,High,2,3.95432,912.853,6.81767,0.0471682,0.0364603
3159,RL,8,Balanced,0.405465,High,2,Medium,1,14.8773,3406.23,8.13365,0.109794,0.0364566
3160,RL,7,BSDF Heavy,-0.405465,Medium,1,High,2,8.60611,1968.49,7.58553,0.0937866,0.036453
3161,RL,8,Balanced,0.405465,High,2,Medium,1,14.9304,3417.31,8.1369,0.110264,0.0364493
3162,RL,7,BSDF Heavy,-0.405465,Medium,1,High,2,8.60218,1967.04,7.58479,0.0939738,0.0364457
3163,RL,8,Light Heavy,1,High,2,Low,0,14.9318,3418.22,8.13717,0.110311,0.036442
3164,RL,6,BSDF Heavy,-1,Low,0,High,2,3.99016,921.387,6.82696,0.0474344,0.0364384
3165,RL,8,BSDF Heavy,0,High,2,High,2,14.902,3411.42,8.13518,0.110166,0.0364348
3166,RL,8,BSDF Heavy,0,High,2,High,2,14.9136,3414.18,8.13599,0.110064,0.0364311
3167,RL,8,BSDF Heavy,0,High,2,High,2,14.765,3381.34,8.12632,0.109344,0.0364275
3168,RL,8,BSDF Heavy,0,High,2,High,2,14.7634,3378.92,8.12561,0.109365,0.0364238
3169,RL,8,BSDF Heavy,0,High,2,High,2,14.8249,3394.15,8.13011,0.10941,0.0364202
3170,RL,8,BSDF Heavy,0,High,2,High,2,14.9637,3423.94,8.13884,0.110739,0.0364165
3171,RL,8,BSDF Heavy,0,High,2,High,2,14.9364,3418.44,8.13723,0.110571,0.0364129
3172,RL,8,BSDF Heavy,0,High,2,High,2,14.8997,3409.07,8.13449,0.110324,0.0364093
3173,RL,8,BSDF Heavy,0,High,2,High,2,14.8368,3398.57,8.1314,0.109363,0.0364056
3174,RL,8,BSDF Heavy,0,High,2,High,2,14.8722,3403.82,8.13295,0.109869,0.036402
3175,RL,8,BSDF Heavy,0,High,2,High,2,14.9684,3425.14,8.13919,0.110156,0.0363983
3176,RL,8,BSDF Heavy,0,High,2,High,2,14.8253,3395.28,8.13044,0.109715,0.0363947
3177,RL,8,BSDF Heavy,0,High,2,High,2,14.8989,3409.2,8.13453,0.110336,0.0363911
3178,RL,8,BSDF Heavy,0,High,2,High,2,14.8952,3410.88,8.13502,0.109524,0.0363874
3179,RL,8,BSDF Heavy,0,High,2,High,2,14.8326,3397.68,8.13114,0.10919,0.0363838
3180,RL,8,BSDF Heavy,0,High,2,High,2,14.8943,3407.88,8.13414,0.109888,0.0363801
3181,RL,8,BSDF Heavy,0,High,2,High,2,14.8574,3401.21,8.13218,0.10956,0.0363765
3182,RL,8,BSDF Heavy,0,High,2,High,2,14.8063,3390.61,8.12906,0.10947,0.0363729
3183,RL,8,BSDF Heavy,0,High,2,High,2,14.922,3416.92,8.13679,0.109736,0.0363692
3184,RL,8,BSDF Heavy,0,High,2,High,2,14.9439,3421.7,8.13818,0.110278,0.0363656
3185,RL,8,BSDF Heavy,0,High,2,High,2,14.8987,3410.37,8.13487,0.110255,0.036362
3186,RL,8,BSDF Heavy,0,High,2,High,2,14.8194,3394.28,8.13014,0.109863,0.0363583
3187,RL,8,BSDF Heavy,0,High,2,High,2,14.8162,3390.38,8.12899,0.110019,0.0363547
3188,RL,8,BSDF Heavy,0,High,2,High,2,14.9186,3415.8,8.13646,0.110122,0.036351
3189,RL,8,BSDF Heavy,0,High,2,High,2,14.9387,3418.91,8.13737,0.1101,0.0363474
3190,RL,8,BSDF Heavy,0,High,2,High,2,14.8858,3408.35,8.13428,0.10995,0.0363438
3191,RL,8,BSDF Heavy,0,High,2,High,2,14.8801,3406.79,8.13382,0.110172,0.0363401
3192,RL,8,BSDF Heavy,0,High,2,High,2,14.9985,3432.23,8.14126,0.110299,0.0363365
3193,RL,8,BSDF Heavy,0,High,2,High,2,14.8893,3405.06,8.13331,0.110231,0.0363329
3194,RL,8,BSDF Heavy,0,High,2,High,2,14.8132,3392.38,8.12958,0.109475,0.0363292
3195,RL,8,BSDF Heavy,0,High,2,High,2,14.9253,3417.74,8.13703,0.110108,0.0363256
3196,RL,8,BSDF Heavy,0,High,2,High,2,14.8844,3406.69,8.13379,0.109842,0.036322
3197,RL,8,BSDF Heavy,0,High,2,High,2,14.8059,3390.52,8.12903,0.109886,0.0363183
3198,RL,8,BSDF Heavy,0,High,2,High,2,14.8284,3394.15,8.1301,0.109998,0.0363147
3199,RL,8,BSDF Heavy,0,High,2,High,2,15.001,3432.58,8.14136,0.11081,0.0363111
3200,RL,8,BSDF Heavy,0,High,2,High,2,14.917,3413.08,8.13566,0.109975,0.0363075
3201,RL,8,BSDF Heavy,0,High,2,High,2,14.8513,3397.91,8.13121,0.109925,0.0363038
3202,RL,8,BSDF Heavy,0,High,2,High,2,14.9274,3418.34,8.1372,0.110013,0.0363002
3203,RL,8,BSDF Heavy,0,High,2,High,2,14.8662,3403.16,8.13275,0.110228,0.0362966
3204,RL,8,BSDF Heavy,0,High,2,High,2,14.9224,3415.8,8.13646,0.110147,0.0362929
3205,RL,8,BSDF Heavy,0,High,2,High,2,14.9491,3421.35,8.13808,0.109919,0.0362893
3206,RL,8,BSDF Heavy,0,High,2,High,2,15.0517,3444.14,8.14472,0.110642,0.0362857
3207,RL,8,BSDF Heavy,0,High,2,High,2,14.9184,3414.4,8.13605,0.110706,0.036282
3208,RL,8,BSDF Heavy,0,High,2,High,2,14.8412,3398.08,8.13126,0.109794,0.0362784
3209,RL,8,BSDF Heavy,0,High,2,High,2,14.8291,3394.47,8.1302,0.110106,0.0362748
3210,RL,8,BSDF Heavy,0,High,2,High,2,14.8959,3411.54,8.13521,0.109898,0.0362712
3211,RL,8,BSDF Heavy,0,High,2,High,2,14.8272,3393.97,8.13005,0.110285,0.0362675
3212,RL,8,BSDF Heavy,0,High,2,High,2,14.876,3406.2,8.13365,0.109504,0.0362639
3213,RL,8,BSDF Heavy,0,High,2,High,2,14.7779,3385.69,8.12761,0.109363,0.0362603
3214,RL,8,BSDF Heavy,0,High,2,High,2,14.8423,3399.13,8.13157,0.110083,0.0362567
3215,RL,8,BSDF Heavy,0,High,2,High,2,14.8383,3398.48,8.13138,0.110326,0.036253
3216,RL,8,BSDF Heavy,0,High,2,High,2,14.9291,3416.36,8.13662,0.110569,0.0362494
3217,RL,8,BSDF Heavy,0,High,2,High,2,14.8551,3402.14,8.13245,0.109524,0.0362458
3218,RL,8,BSDF Heavy,0,High,2,High,2,14.8422,3396.72,8.13086,0.110095,0.0362422
3219,RL,8,BSDF Heavy,0,High,2,High,2,14.9407,3421.07,8.138,0.110322,0.0362385
3220,RL,8,BSDF Heavy,0,High,2,High,2,14.9127,3413.49,8.13578,0.109718,0.0362349
3221,RL,8,BSDF Heavy,0,High,2,High,2,14.9475,3421.55,8.13814,0.110033,0.0362313
3222,RL,8,BSDF Heavy,0,High,2,High,2,14.95,3423.57,8.13873,0.110068,0.0362277
3223,RL,8,BSDF Heavy,0,High,2,High,2,14.8572,3401.16,8.13217,0.110102,0.036224
3224,RL,8,BSDF Heavy,0,High,2,High,2,14.787,3386.62,8.12788,0.109275,0.0362204
3225,RL,8,BSDF Heavy,0,High,2,High,2,14.8572,3401.56,8.13228,0.110237,0.0362168
3226,RL,8,BSDF Heavy,0,High,2,High,2,14.9496,3424.44,8.13898,0.109832,0.0362132
3227,RL,8,Light Heavy,1,High,2,Low,0,14.8236,3392.98,8.12976,0.109767,0.0362096
3228,RL,6,BSDF Heavy,-1,Low,0,High,2,4.0022,925.673,6.8316,0.047066,0.0362059
3229,RL,8,Light Heavy,1,High,2,Low,0,14.8308,3396.25,8.13072,0.109626,0.0362023
3230,RL,6,BSDF Heavy,-1,Low,0,High,2,3.91421,902.882,6.8067,0.0472627,0.0361987
3231,RL,8,Balanced,0.405465,High,2,Medium,1,14.9016,3412.24,8.13542,0.109996,0.0361951
3232,RL,7,BSDF Heavy,-0.405465,Medium,1,High,2,8.6406,1973.57,7.58811,0.094755,0.0361915
3233,RL,8,BSDF Heavy,0,High,2,High,2,14.9189,3416.89,8.13678,0.110347,0.0361878
3234,RL,8,BSDF Heavy,0,High,2,High,2,14.9066,3412.84,8.13559,0.110608,0.0361842
3235,RL,8,BSDF Heavy,0,High,2,High,2,14.8074,3391.6,8.12935,0.109497,0.0361806
3236,RL,8,BSDF Heavy,0,High,2,High,2,14.8616,3403.04,8.13272,0.109985,0.036177
3237,RL,8,BSDF Heavy,0,High,2,High,2,14.8901,3408.79,8.13441,0.109695,0.0361734
3238,RL,8,BSDF Heavy,0,High,2,High,2,14.7446,3376.83,8.12499,0.109309,0.0361697
3239,RL,8,BSDF Heavy,0,High,2,High,2,14.8019,3389.86,8.12884,0.109591,0.0361661
3240,RL,8,BSDF Heavy,0,High,2,High,2,14.7746,3382.73,8.12673,0.109848,0.0361625
3241,RL,8,BSDF Heavy,0,High,2,High,2,14.9415,3421.42,8.1381,0.109942,0.0361589
3242,RL,8,BSDF Heavy,0,High,2,High,2,14.8801,3404.77,8.13323,0.109973,0.0361553
3243,RL,8,BSDF Heavy,0,High,2,High,2,14.8265,3394.69,8.13026,0.110106,0.0361517
3244,RL,8,BSDF Heavy,0,High,2,High,2,14.9201,3416.59,8.13669,0.109805,0.0361481
3245,RL,8,BSDF Heavy,0,High,2,High,2,14.8343,3396.76,8.13087,0.109774,0.0361444
3246,RL,8,BSDF Heavy,0,High,2,High,2,14.9475,3421,8.13798,0.110584,0.0361408
3247,RL,8,BSDF Heavy,0,High,2,High,2,14.8467,3400.99,8.13211,0.109444,0.0361372
3248,RL,8,BSDF Heavy,0,High,2,High,2,14.9996,3434.02,8.14178,0.110311,0.0361336
3249,RL,8,BSDF Heavy,0,High,2,High,2,14.8777,3403.59,8.13288,0.110172,0.03613
3250,RL,8,BSDF Heavy,0,High,2,High,2,14.8355,3395.08,8.13038,0.110139,0.0361264
3251,RL,8,BSDF Heavy,0,High,2,High,2,14.9625,3422.06,8.13829,0.11077,0.0361228
3252,RL,8,BSDF Heavy,0,High,2,High,2,14.7934,3389.02,8.12859,0.109668,0.0361191
3253,RL,8,BSDF Heavy,0,High,2,High,2,14.8194,3393.17,8.12982,0.109942,0.0361155
3254,RL,8,BSDF Heavy,0,High,2,High,2,14.8085,3391.92,8.12945,0.109493,0.0361119
3255,RL,8,BSDF Heavy,0,High,2,High,2,14.9484,3422.17,8.13832,0.11059,0.0361083
3256,RL,8,BSDF Heavy,0,High,2,High,2,14.9419,3422.18,8.13833,0.109919,0.0361047
3257,RL,8,BSDF Heavy,0,High,2,High,2,14.8054,3389.35,8.12869,0.109572,0.0361011
3258,RL,8,BSDF Heavy,0,High,2,High,2,14.8973,3408.58,8.13434,0.109986,0.0360975
3259,RL,8,BSDF Heavy,0,High,2,High,2,14.8266,3393.29,8.12985,0.110114,0.0360939
3260,RL,8,BSDF Heavy,0,High,2,High,2,14.8754,3406.14,8.13363,0.109859,0.0360903
3261,RL,8,BSDF Heavy,0,High,2,High,2,14.8813,3408.88,8.13443,0.109653,0.0360867
3262,RL,8,BSDF Heavy,0,High,2,High,2,14.8491,3400.89,8.13208,0.10956,0.036083
3263,RL,8,BSDF Heavy,0,High,2,High,2,14.9169,3414.06,8.13595,0.110143,0.0360794
3264,RL,8,BSDF Heavy,0,High,2,High,2,14.9022,3413.27,8.13572,0.110069,0.0360758
3265,RL,8,BSDF Heavy,0,High,2,High,2,14.9241,3418.09,8.13713,0.110154,0.0360722
3266,RL,8,BSDF Heavy,0,High,2,High,2,14.8516,3401.21,8.13218,0.109504,0.0360686
3267,RL,8,BSDF Heavy,0,High,2,High,2,14.8994,3411.35,8.13516,0.109504,0.036065
3268,RL,8,BSDF Heavy,0,High,2,High,2,14.9144,3412.03,8.13536,0.1105,0.0360614
3269,RL,8,BSDF Heavy,0,High,2,High,2,14.8739,3405.6,8.13347,0.110083,0.0360578
3270,RL,8,BSDF Heavy,0,High,2,High,2,14.7949,3388.3,8.12838,0.109643,0.0360542
3271,RL,8,BSDF Heavy,0,High,2,High,2,14.9004,3412.57,8.13551,0.110044,0.0360506
3272,RL,8,BSDF Heavy,0,High,2,High,2,14.7771,3383.28,8.1269,0.10977,0.036047
3273,RL,8,BSDF Heavy,0,High,2,High,2,14.8334,3397.3,8.13103,0.109855,0.0360434
3274,RL,8,BSDF Heavy,0,High,2,High,2,14.977,3426.62,8.13962,0.110716,0.0360398
3275,RL,8,BSDF Heavy,0,High,2,High,2,14.8608,3401.25,8.13219,0.109437,0.0360362
3276,RL,8,BSDF Heavy,0,High,2,High,2,14.8245,3395.25,8.13043,0.10897,0.0360326
3277,RL,8,BSDF Heavy,0,High,2,High,2,14.9438,3422.12,8.13831,0.110901,0.036029
3278,RL,8,BSDF Heavy,0,High,2,High,2,14.865,3403.71,8.13291,0.10972,0.0360254
3279,RL,8,BSDF Heavy,0,High,2,High,2,14.9397,3418.68,8.1373,0.110511,0.0360218
3280,RL,8,BSDF Heavy,0,High,2,High,2,14.9166,3414.2,8.13599,0.109925,0.0360182
3281,RL,8,BSDF Heavy,0,High,2,High,2,14.7595,3376.95,8.12502,0.109715,0.0360146
3282,RL,8,BSDF Heavy,0,High,2,High,2,14.9883,3429.88,8.14057,0.110627,0.0360109
3283,RL,8,BSDF Heavy,0,High,2,High,2,14.918,3415.02,8.13623,0.110336,0.0360073
3284,RL,8,BSDF Heavy,0,High,2,High,2,14.9011,3411.09,8.13508,0.109973,0.0360037
3285,RL,8,BSDF Heavy,0,High,2,High,2,14.9345,3418.63,8.13729,0.110075,0.0360001
3286,RL,8,BSDF Heavy,0,High,2,High,2,14.8425,3398.53,8.13139,0.109485,0.0359965
3287,RL,8,BSDF Heavy,0,High,2,High,2,14.8924,3409.94,8.13474,0.109547,0.0359929
3288,RL,8,BSDF Heavy,0,High,2,High,2,14.8171,3393.1,8.12979,0.109643,0.0359893
3289,RL,8,BSDF Heavy,0,High,2,High,2,14.9313,3416.52,8.13667,0.110282,0.0359857
3290,RL,8,BSDF Heavy,0,High,2,High,2,14.9344,3416.18,8.13657,0.109971,0.0359822
3291,RL,8,Light Heavy,1,High,2,Low,0,14.9357,3419.57,8.13756,0.109965,0.0359786
3292,RL,6,BSDF Heavy,-1,Low,0,High,2,3.93624,908.574,6.81298,0.0470351,0.035975
3293,RL,8,BSDF Heavy,0,High,2,High,2,14.7663,3385.56,8.12757,0.109088,0.0359714
3294,RL,8,BSDF Heavy,0,High,2,High,2,15,3432.36,8.14129,0.110511,0.0359678
3295,RL,8,BSDF Heavy,0,High,2,High,2,14.8911,3409.01,8.13447,0.1101,0.0359642
3296,RL,8,BSDF Heavy,0,High,2,High,2,14.8902,3407.73,8.1341,0.110683,0.0359606
3297,RL,8,BSDF Heavy,0,High,2,High,2,14.8842,3410.06,8.13478,0.109595,0.035957
3298,RL,8,BSDF Heavy,0,High,2,High,2,14.889,3408.41,8.13429,0.109826,0.0359534
3299,RL,8,BSDF Heavy,0,High,2,High,2,14.8018,3391.25,8.12925,0.109464,0.0359498
3300,RL,8,BSDF Heavy,0,High,2,High,2,14.8241,3394.84,8.13031,0.109531,0.0359462
3301,RL,8,BSDF Heavy,0,High,2,High,2,14.8454,3399.38,8.13164,0.110042,0.0359426
3302,RL,8,BSDF Heavy,0,High,2,High,2,14.8231,3395.03,8.13036,0.109246,0.035939
3303,RL,8,BSDF Heavy,0,High,2,High,2,14.7944,3387.38,8.12811,0.10934,0.0359354
3304,RL,8,BSDF Heavy,0,High,2,High,2,14.847,3399.99,8.13182,0.108881,0.0359318
3305,RL,8,BSDF Heavy,0,High,2,High,2,14.8502,3399.6,8.13171,0.109398,0.0359282
3306,RL,8,BSDF Heavy,0,High,2,High,2,14.8289,3395.48,8.13049,0.10896,0.0359246
3307,RL,8,BSDF Heavy,0,High,2,High,2,14.9111,3413.41,8.13576,0.109842,0.035921
3308,RL,8,BSDF Heavy,0,High,2,High,2,14.8941,3410.44,8.13489,0.109963,0.0359174
3309,RL,8,BSDF Heavy,0,High,2,High,2,14.917,3416.76,8.13674,0.110341,0.0359139
3310,RL,8,BSDF Heavy,0,High,2,High,2,14.8223,3394.02,8.13007,0.109633,0.0359103
3311,RL,8,BSDF Heavy,0,High,2,High,2,14.9164,3412.84,8.13559,0.110255,0.0359067
3312,RL,8,BSDF Heavy,0,High,2,High,2,14.888,3410.11,8.13479,0.109796,0.0359031
3313,RL,8,BSDF Heavy,0,High,2,High,2,14.8871,3408.35,8.13428,0.109944,0.0358995
3314,RL,8,BSDF Heavy,0,High,2,High,2,14.9233,3417.16,8.13686,0.109803,0.0358959
3315,RL,8,BSDF Heavy,0,High,2,High,2,14.8189,3394.96,8.13034,0.109782,0.0358923
3316,RL,8,BSDF Heavy,0,High,2,High,2,14.7976,3389.15,8.12863,0.109581,0.0358887
3317,RL,8,BSDF Heavy,0,High,2,High,2,14.7656,3382.83,8.12676,0.109518,0.0358851
3318,RL,8,BSDF Heavy,0,High,2,High,2,14.9597,3424.69,8.13906,0.110654,0.0358815
3319,RL,8,BSDF Heavy,0,High,2,High,2,14.8929,3407.79,8.13411,0.110253,0.035878
3320,RL,8,BSDF Heavy,0,High,2,High,2,14.9812,3429.42,8.14044,0.110008,0.0358744
3321,RL,8,BSDF Heavy,0,High,2,High,2,14.9019,3412.76,8.13557,0.109716,0.0358708
3322,RL,8,BSDF Heavy,0,High,2,High,2,14.8178,3392.92,8.12974,0.109593,0.0358672
3323,RL,8,BSDF Heavy,0,High,2,High,2,14.8054,3391.43,8.1293,0.109973,0.0358636
3324,RL,8,BSDF Heavy,0,High,2,High,2,14.8515,3398.16,8.13128,0.109576,0.03586
3325,RL,8,BSDF Heavy,0,High,2,High,2,14.8676,3404.07,8.13302,0.109846,0.0358564
3326,RL,8,BSDF Heavy,0,High,2,High,2,14.9705,3426.93,8.13971,0.110212,0.0358528
3327,RL,8,BSDF Heavy,0,High,2,High,2,15.007,3436.71,8.14256,0.110517,0.0358493
3328,RL,8,BSDF Heavy,0,High,2,High,2,14.8371,3396.85,8.1309,0.109936,0.0358457
3329,RL,8,BSDF Heavy,0,High,2,High,2,14.9332,3417.49,8.13695,0.109792,0.0358421
3330,RL,8,BSDF Heavy,0,High,2,High,2,14.8967,3410.36,8.13487,0.109824,0.0358385
3331,RL,8,BSDF Heavy,0,High,2,High,2,14.9105,3413.17,8.13569,0.110295,0.0358349
3332,RL,8,BSDF Heavy,0,High,2,High,2,14.8293,3393.62,8.12995,0.109985,0.0358313
3333,RL,8,BSDF Heavy,0,High,2,High,2,14.8091,3391.76,8.1294,0.109444,0.0358278
3334,RL,8,BSDF Heavy,0,High,2,High,2,14.869,3403.38,8.13282,0.109832,0.0358242
3335,RL,8,BSDF Heavy,0,High,2,High,2,14.8731,3404.79,8.13323,0.109612,0.0358206
3336,RL,8,BSDF Heavy,0,High,2,High,2,14.9752,3424.46,8.13899,0.110494,0.035817
3337,RL,8,BSDF Heavy,0,High,2,High,2,14.9503,3423.61,8.13874,0.10979,0.0358134
3338,RL,8,BSDF Heavy,0,High,2,High,2,14.9478,3420.77,8.13791,0.109985,0.0358099
3339,RL,8,BSDF Heavy,0,High,2,High,2,14.812,3390.43,8.12901,0.10945,0.0358063
3340,RL,8,Balanced,0.405465,High,2,Medium,1,14.8999,3412.77,8.13557,0.109886,0.0358027
3341,RL,7,BSDF Heavy,-0.405465,Medium,1,High,2,8.76393,2005,7.6039,0.0943827,0.0357991
3342,RL,8,Balanced,0.405465,High,2,Medium,1,14.8331,3395.43,8.13048,0.110066,0.0357955
3343,RL,7,BSDF Heavy,-0.405465,Medium,1,High,2,8.64171,1977.32,7.59,0.0937751,0.035792
3344,RL,8,Light Heavy,1,High,2,Low,0,14.8816,3406.97,8.13387,0.109848,0.0357884
3345,RL,6,BSDF Heavy,-1,Low,0,High,2,3.95079,912.546,6.81733,0.0470448,0.0357848
3346,RL,8,Light Heavy,1,High,2,Low,0,14.8701,3404.39,8.13311,0.109836,0.0357812
3347,RL,6,BSDF Heavy,-1,Low,0,High,2,3.92,904.954,6.80899,0.0468615,0.0357776
3348,RL,8,Balanced,0.405465,High,2,Medium,1,14.8763,3405.32,8.13339,0.110066,0.0357741
3349,RL,7,BSDF Heavy,-0.405465,Medium,1,High,2,8.61574,1971.3,7.58696,0.0933989,0.0357705
3350,RL,8,BSDF Heavy,0,High,2,High,2,14.7924,3384.99,8.1274,0.110195,0.0357669
3351,RL,8,BSDF Heavy,0,High,2,High,2,14.9017,3411.2,8.13511,0.11034,0.0357633
3352,RL,8,BSDF Heavy,0,High,2,High,2,14.8016,3387.48,8.12814,0.109686,0.0357598
3353,RL,8,BSDF Heavy,0,High,2,High,2,14.8508,3398.34,8.13134,0.109564,0.0357562
3354,RL,8,BSDF Heavy,0,High,2,High,2,14.949,3423.74,8.13878,0.110262,0.0357526
3355,RL,8,BSDF Heavy,0,High,2,High,2,14.8853,3407.07,8.1339,0.109767,0.035749
3356,RL,8,BSDF Heavy,0,High,2,High,2,14.9171,3415.41,8.13635,0.110235,0.0357455
3357,RL,8,BSDF Heavy,0,High,2,High,2,14.9273,3414.85,8.13618,0.110314,0.0357419
3358,RL,8,BSDF Heavy,0,High,2,High,2,14.8352,3399.15,8.13158,0.109498,0.0357383
3359,RL,8,BSDF Heavy,0,High,2,High,2,15.0483,3442.36,8.1442,0.110664,0.0357347
3360,RL,8,BSDF Heavy,0,High,2,High,2,14.842,3397.5,8.13109,0.110434,0.0357312
3361,RL,8,BSDF Heavy,0,High,2,High,2,14.8709,3403.18,8.13276,0.110133,0.0357276
3362,RL,8,BSDF Heavy,0,High,2,High,2,14.8332,3392.94,8.12975,0.109695,0.035724
3363,RL,8,BSDF Heavy,0,High,2,High,2,14.9432,3421.4,8.1381,0.110278,0.0357204
3364,RL,8,BSDF Heavy,0,High,2,High,2,14.9998,3433.65,8.14167,0.110583,0.0357169
3365,RL,8,BSDF Heavy,0,High,2,High,2,14.8416,3398,8.13124,0.109797,0.0357133
3366,RL,8,BSDF Heavy,0,High,2,High,2,14.8136,3394.4,8.13018,0.109433,0.0357097
3367,RL,8,BSDF Heavy,0,High,2,High,2,14.8692,3404.41,8.13312,0.10967,0.0357062
3368,RL,8,BSDF Heavy,0,High,2,High,2,14.8314,3397.5,8.13109,0.109552,0.0357026
3369,RL,8,BSDF Heavy,0,High,2,High,2,14.8926,3410.87,8.13502,0.109907,0.035699
3370,RL,8,BSDF Heavy,0,High,2,High,2,14.8358,3398.3,8.13133,0.109724,0.0356954
3371,RL,8,Balanced,0.405465,High,2,Medium,1,14.8304,3394.47,8.1302,0.109907,0.0356919
3372,RL,7,BSDF Heavy,-0.405465,Medium,1,High,2,8.66998,1983.68,7.59321,0.0939757,0.0356883
3373,RL,8,BSDF Heavy,0,High,2,High,2,14.7771,3382.44,8.12665,0.109568,0.0356847
3374,RL,8,BSDF Heavy,0,High,2,High,2,14.767,3381.73,8.12644,0.109498,0.0356812
3375,RL,8,BSDF Heavy,0,High,2,High,2,14.9752,3426.06,8.13946,0.11082,0.0356776
3376,RL,8,BSDF Heavy,0,High,2,High,2,14.8892,3408.25,8.13425,0.109799,0.035674
3377,RL,8,BSDF Heavy,0,High,2,High,2,14.9706,3429.76,8.14054,0.109385,0.0356705
3378,RL,8,BSDF Heavy,0,High,2,High,2,14.8213,3394.46,8.1302,0.109784,0.0356669
3379,RL,8,BSDF Heavy,0,High,2,High,2,14.9093,3413.81,8.13588,0.109948,0.0356633
3380,RL,8,BSDF Heavy,0,High,2,High,2,14.8454,3398.05,8.13125,0.109689,0.0356598
3381,RL,8,BSDF Heavy,0,High,2,High,2,14.8862,3408.49,8.13432,0.109809,0.0356562
3382,RL,8,BSDF Heavy,0,High,2,High,2,14.8696,3404,8.133,0.109971,0.0356526
3383,RL,8,BSDF Heavy,0,High,2,High,2,14.9438,3421.07,8.138,0.109958,0.0356491
3384,RL,8,BSDF Heavy,0,High,2,High,2,14.8962,3410.45,8.13489,0.109626,0.0356455
3385,RL,8,BSDF Heavy,0,High,2,High,2,14.8158,3393.47,8.1299,0.109549,0.0356419
3386,RL,8,BSDF Heavy,0,High,2,High,2,14.7969,3386.41,8.12782,0.110104,0.0356384
3387,RL,8,BSDF Heavy,0,High,2,High,2,14.8799,3405.58,8.13346,0.110185,0.0356348
3388,RL,8,BSDF Heavy,0,High,2,High,2,14.8879,3409.32,8.13456,0.109934,0.0356313
3389,RL,8,BSDF Heavy,0,High,2,High,2,14.8592,3399.93,8.1318,0.110436,0.0356277
3390,RL,8,BSDF Heavy,0,High,2,High,2,14.9904,3430.1,8.14064,0.110565,0.0356241
3391,RL,8,BSDF Heavy,0,High,2,High,2,14.7871,3385.33,8.1275,0.109248,0.0356206
3392,RL,8,BSDF Heavy,0,High,2,High,2,14.9558,3423.52,8.13872,0.110376,0.035617
3393,RL,8,BSDF Heavy,0,High,2,High,2,14.9309,3419.61,8.13757,0.109936,0.0356134
3394,RL,8,BSDF Heavy,0,High,2,High,2,14.8974,3407.48,8.13402,0.109796,0.0356099
3395,RL,8,BSDF Heavy,0,High,2,High,2,14.9383,3418.74,8.13732,0.110399,0.0356063
3396,RL,8,BSDF Heavy,0,High,2,High,2,14.8903,3408.14,8.13422,0.109998,0.0356028
3397,RL,8,BSDF Heavy,0,High,2,High,2,14.8249,3395.16,8.1304,0.109485,0.0355992
3398,RL,8,BSDF Heavy,0,High,2,High,2,14.9817,3428.59,8.1402,0.110777,0.0355956
3399,RL,8,BSDF Heavy,0,High,2,High,2,14.865,3403.54,8.13287,0.109844,0.0355921
3400,RL,8,BSDF Heavy,0,High,2,High,2,14.9342,3417.44,8.13694,0.109998,0.0355885
3401,RL,8,Balanced,0.405465,High,2,Medium,1,14.7097,3368.98,8.12266,0.108764,0.035585
3402,RL,7,BSDF Heavy,-0.405465,Medium,1,High,2,8.72745,1996.08,7.59944,0.0947087,0.0355814
3403,RL,8,Light Heavy,1,High,2,Low,0,14.8445,3398.41,8.13136,0.110303,0.0355778
3404,RL,6,BSDF Heavy,-1,Low,0,High,2,4.02447,929.638,6.83587,0.0477778,0.0355743
3405,RL,8,BSDF Heavy,0,High,2,High,2,14.9262,3415.25,8.1363,0.110413,0.0355707
3406,RL,8,BSDF Heavy,0,High,2,High,2,14.9015,3409.89,8.13473,0.110382,0.0355672
3407,RL,8,BSDF Heavy,0,High,2,High,2,14.7558,3378.5,8.12548,0.109352,0.0355636
3408,RL,8,BSDF Heavy,0,High,2,High,2,15.0198,3439.21,8.14329,0.109838,0.0355601
3409,RL,8,BSDF Heavy,0,High,2,High,2,14.8768,3405.47,8.13343,0.11001,0.0355565
3410,RL,8,BSDF Heavy,0,High,2,High,2,14.8574,3400.81,8.13206,0.109545,0.0355529
3411,RL,8,BSDF Heavy,0,High,2,High,2,14.8402,3399.81,8.13177,0.109655,0.0355494
3412,RL,8,Balanced,0.405465,High,2,Medium,1,14.9447,3421.39,8.13809,0.109732,0.0355458
3413,RL,7,BSDF Heavy,-0.405465,Medium,1,High,2,8.69017,1987.3,7.59504,0.0943962,0.0355423
3414,RL,8,Balanced,0.405465,High,2,Medium,1,14.8595,3402.82,8.13266,0.110029,0.0355387
3415,RL,7,BSDF Heavy,-0.405465,Medium,1,High,2,8.74499,2002.83,7.60282,0.0942593,0.0355352
3416,RL,8,BSDF Heavy,0,High,2,High,2,14.906,3412.53,8.1355,0.110573,0.0355316
3417,RL,8,BSDF Heavy,0,High,2,High,2,14.887,3408.96,8.13446,0.110033,0.0355281
3418,RL,8,BSDF Heavy,0,High,2,High,2,14.8759,3405.44,8.13342,0.10979,0.0355245
3419,RL,8,BSDF Heavy,0,High,2,High,2,14.8902,3410.93,8.13503,0.110183,0.035521
3420,RL,8,BSDF Heavy,0,High,2,High,2,14.9237,3417.44,8.13694,0.110239,0.0355174
3421,RL,8,BSDF Heavy,0,High,2,High,2,14.8823,3406.96,8.13387,0.109958,0.0355139
3422,RL,8,BSDF Heavy,0,High,2,High,2,14.9474,3422.04,8.13828,0.110451,0.0355103
3423,RL,8,BSDF Heavy,0,High,2,High,2,14.8456,3398.18,8.13129,0.110125,0.0355068
3424,RL,8,BSDF Heavy,0,High,2,High,2,14.8872,3409.6,8.13464,0.109915,0.0355032
3425,RL,8,BSDF Heavy,0,High,2,High,2,14.8775,3406.5,8.13373,0.109782,0.0354997
3426,RL,8,BSDF Heavy,0,High,2,High,2,14.8291,3394.01,8.13006,0.110145,0.0354961
3427,RL,8,BSDF Heavy,0,High,2,High,2,14.8844,3410.37,8.13487,0.109965,0.0354926
3428,RL,8,BSDF Heavy,0,High,2,High,2,14.9417,3420.26,8.13776,0.110233,0.035489
3429,RL,8,BSDF Heavy,0,High,2,High,2,14.8728,3404.27,8.13308,0.110056,0.0354855
3430,RL,8,BSDF Heavy,0,High,2,High,2,14.8969,3412.72,8.13556,0.1095,0.0354819
3431,RL,8,BSDF Heavy,0,High,2,High,2,14.856,3401.48,8.13226,0.109971,0.0354784
3432,RL,8,BSDF Heavy,0,High,2,High,2,14.8838,3409.42,8.13459,0.109958,0.0354748
3433,RL,8,BSDF Heavy,0,High,2,High,2,14.9382,3418.35,8.13721,0.110748,0.0354713
3434,RL,8,BSDF Heavy,0,High,2,High,2,14.785,3385.74,8.12762,0.109402,0.0354677
3435,RL,8,BSDF Heavy,0,High,2,High,2,14.8995,3409.93,8.13474,0.11055,0.0354642
3436,RL,8,BSDF Heavy,0,High,2,High,2,14.8947,3412.03,8.13535,0.109817,0.0354606
3437,RL,8,BSDF Heavy,0,High,2,High,2,14.8329,3399.19,8.13159,0.109456,0.0354571
3438,RL,8,BSDF Heavy,0,High,2,High,2,14.7627,3381.28,8.1263,0.109153,0.0354535
3439,RL,8,BSDF Heavy,0,High,2,High,2,14.9866,3432.26,8.14126,0.110102,0.03545
3440,RL,8,BSDF Heavy,0,High,2,High,2,14.8615,3404.42,8.13312,0.109682,0.0354464
3441,RL,8,BSDF Heavy,0,High,2,High,2,14.9397,3419.55,8.13756,0.11022,0.0354429
3442,RL,8,BSDF Heavy,0,High,2,High,2,14.847,3401.34,8.13222,0.109221,0.0354394
3443,RL,8,BSDF Heavy,0,High,2,High,2,14.8571,3401.48,8.13226,0.109693,0.0354358
3444,RL,8,BSDF Heavy,0,High,2,High,2,14.9904,3430.25,8.14068,0.110268,0.0354323
3445,RL,8,BSDF Heavy,0,High,2,High,2,14.8569,3402.69,8.13262,0.109655,0.0354287
3446,RL,8,BSDF Heavy,0,High,2,High,2,14.8176,3392.99,8.12976,0.109246,0.0354252
3447,RL,8,BSDF Heavy,0,High,2,High,2,14.9112,3412.98,8.13563,0.11032,0.0354216
3448,RL,8,BSDF Heavy,0,High,2,High,2,14.892,3409.01,8.13447,0.109904,0.0354181
3449,RL,8,BSDF Heavy,0,High,2,High,2,14.9215,3416.17,8.13657,0.109786,0.0354146
3450,RL,8,BSDF Heavy,0,High,2,High,2,14.9041,3411.87,8.13531,0.109956,0.035411
3451,RL,8,BSDF Heavy,0,High,2,High,2,14.9638,3426.93,8.13971,0.109923,0.0354075
3452,RL,8,BSDF Heavy,0,High,2,High,2,14.8951,3408.62,8.13436,0.109967,0.0354039
3453,RL,8,BSDF Heavy,0,High,2,High,2,14.9385,3418.12,8.13714,0.110592,0.0354004
3454,RL,8,BSDF Heavy,0,High,2,High,2,14.9213,3416.26,8.1366,0.110343,0.0353969
3455,RL,8,BSDF Heavy,0,High,2,High,2,14.8834,3410.27,8.13484,0.109433,0.0353933
3456,RL,8,BSDF Heavy,0,High,2,High,2,14.8709,3403.81,8.13294,0.109645,0.0353898
3457,RL,8,BSDF Heavy,0,High,2,High,2,14.8758,3403.89,8.13297,0.110083,0.0353862
3458,RL,8,BSDF Heavy,0,High,2,High,2,14.9035,3412.96,8.13563,0.110114,0.0353827
3459,RL,8,BSDF Heavy,0,High,2,High,2,15.0094,3436.91,8.14262,0.11028,0.0353792
3460,RL,8,BSDF Heavy,0,High,2,High,2,14.8964,3411.99,8.13534,0.109564,0.0353756
3461,RL,8,BSDF Heavy,0,High,2,High,2,14.944,3420.45,8.13782,0.110448,0.0353721
3462,RL,8,BSDF Heavy,0,High,2,High,2,14.8655,3403.9,8.13297,0.109265,0.0353686
3463,RL,8,BSDF Heavy,0,High,2,High,2,14.8163,3391.11,8.12921,0.109877,0.035365
3464,RL,8,Balanced,0.405465,High,2,Medium,1,14.9175,3415.3,8.13631,0.110176,0.0353615
3465,RL,7,BSDF Heavy,-0.405465,Medium,1,High,2,8.66457,1982.9,7.59282,0.0940027,0.0353579
3466,RL,8,BSDF Heavy,0,High,2,High,2,14.8369,3399.79,8.13176,0.109579,0.0353544
3467,RL,8,BSDF Heavy,0,High,2,High,2,14.8023,3388.26,8.12837,0.109745,0.0353509
3468,RL,8,Balanced,0.405465,High,2,Medium,1,14.8965,3411.52,8.13521,0.110147,0.0353473
3469,RL,7,BSDF Heavy,-0.405465,Medium,1,High,2,8.66232,1984.22,7.59348,0.0939159,0.0353438
3470,RL,8,Balanced,0.405465,High,2,Medium,1,14.9812,3429.98,8.1406,0.110123,0.0353403
3471,RL,7,BSDF Heavy,-0.405465,Medium,1,High,2,8.72059,1992.62,7.59771,0.0949711,0.0353367
3472,RL,8,Light Heavy,1,High,2,Low,0,14.7961,3388.41,8.12841,0.109578,0.0353332
3473,RL,6,BSDF Heavy,-1,Low,0,High,2,3.95243,913.099,6.81794,0.0466397,0.0353297
3474,RL,8,Light Heavy,1,High,2,Low,0,14.8456,3400.49,8.13197,0.109967,0.0353261
3475,RL,6,BSDF Heavy,-1,Low,0,High,2,3.95625,913.694,6.81859,0.0472222,0.0353226
3476,RL,8,Balanced,0.405465,High,2,Medium,1,14.9103,3414.57,8.1361,0.110203,0.0353191
3477,RL,7,BSDF Heavy,-0.405465,Medium,1,High,2,8.84146,2022.75,7.61271,0.0951408,0.0353155
3478,RL,8,Balanced,0.405465,High,2,Medium,1,14.8466,3399.16,8.13158,0.110168,0.035312
3479,RL,7,BSDF Heavy,-0.405465,Medium,1,High,2,8.69672,1991.19,7.59699,0.0937326,0.0353085
3480,RL,8,BSDF Heavy,0,High,2,High,2,14.996,3432.14,8.14123,0.110312,0.0353049
3481,RL,8,BSDF Heavy,0,High,2,High,2,14.8091,3391.1,8.12921,0.109458,0.0353014
3482,RL,8,BSDF Heavy,0,High,2,High,2,14.9602,3425.12,8.13918,0.110006,0.0352979
3483,RL,8,BSDF Heavy,0,High,2,High,2,14.8859,3407.11,8.13391,0.110247,0.0352944
3484,RL,8,BSDF Heavy,0,High,2,High,2,14.9307,3418.35,8.13721,0.109996,0.0352908
3485,RL,8,BSDF Heavy,0,High,2,High,2,14.9023,3412.97,8.13563,0.109716,0.0352873
3486,RL,8,BSDF Heavy,0,High,2,High,2,14.9215,3414.99,8.13622,0.110127,0.0352838
3487,RL,8,BSDF Heavy,0,High,2,High,2,14.7623,3380.88,8.12619,0.109595,0.0352802
3488,RL,8,BSDF Heavy,0,High,2,High,2,14.8978,3411.08,8.13508,0.109535,0.0352767
3489,RL,8,BSDF Heavy,0,High,2,High,2,14.8534,3399.03,8.13154,0.110204,0.0352732
3490,RL,8,BSDF Heavy,0,High,2,High,2,14.8634,3402.31,8.1325,0.10979,0.0352697
3491,RL,8,BSDF Heavy,0,High,2,High,2,15.0059,3434.4,8.14189,0.110513,0.0352661
3492,RL,8,BSDF Heavy,0,High,2,High,2,14.8145,3393.5,8.12991,0.10941,0.0352626
3493,RL,8,BSDF Heavy,0,High,2,High,2,14.9202,3416.66,8.13671,0.109803,0.0352591
3494,RL,8,BSDF Heavy,0,High,2,High,2,14.8993,3409.47,8.13461,0.110573,0.0352556
3495,RL,8,BSDF Heavy,0,High,2,High,2,14.8312,3394.5,8.13021,0.110075,0.035252
3496,RL,8,BSDF Heavy,0,High,2,High,2,14.8078,3390.21,8.12894,0.109796,0.0352485
3497,RL,8,BSDF Heavy,0,High,2,High,2,14.8957,3409.84,8.13471,0.109861,0.035245
3498,RL,8,BSDF Heavy,0,High,2,High,2,14.9404,3420.88,8.13795,0.109743,0.0352415
3499,RL,8,BSDF Heavy,0,High,2,High,2,14.9436,3419.32,8.13749,0.110968,0.0352379
3500,RL,8,BSDF Heavy,0,High,2,High,2,14.9109,3411.6,8.13523,0.110187,0.0352344
3501,RL,8,BSDF Heavy,0,High,2,High,2,14.7852,3385.93,8.12768,0.109985,0.0352309
3502,RL,8,BSDF Heavy,0,High,2,High,2,14.8796,3405.22,8.13336,0.109815,0.0352274
3503,RL,8,BSDF Heavy,0,High,2,High,2,14.8651,3403.46,8.13284,0.109412,0.0352238
3504,RL,8,BSDF Heavy,0,High,2,High,2,14.9177,3412.53,8.1355,0.110284,0.0352203
3505,RL,8,BSDF Heavy,0,High,2,High,2,14.9256,3417.44,8.13694,0.11005,0.0352168
3506,RL,8,BSDF Heavy,0,High,2,High,2,14.8714,3404.06,8.13302,0.109913,0.0352133
3507,RL,8,BSDF Heavy,0,High,2,High,2,14.9696,3425.75,8.13937,0.110368,0.0352097
3508,RL,8,BSDF Heavy,0,High,2,High,2,14.8847,3408.01,8.13418,0.109848,0.0352062
3509,RL,8,BSDF Heavy,0,High,2,High,2,14.8439,3401.35,8.13222,0.109558,0.0352027
3510,RL,8,BSDF Heavy,0,High,2,High,2,14.9009,3412.89,8.13561,0.110214,0.0351992
3511,RL,8,BSDF Heavy,0,High,2,High,2,14.9111,3414.56,8.1361,0.109923,0.0351957
3512,RL,8,BSDF Heavy,0,High,2,High,2,14.9087,3413.5,8.13579,0.109811,0.0351922
3513,RL,8,BSDF Heavy,0,High,2,High,2,14.8198,3394.13,8.1301,0.109819,0.0351886
3514,RL,8,BSDF Heavy,0,High,2,High,2,14.9113,3412.21,8.13541,0.111036,0.0351851
3515,RL,8,BSDF Heavy,0,High,2,High,2,14.8755,3406,8.13359,0.109948,0.0351816
3516,RL,8,BSDF Heavy,0,High,2,High,2,14.8049,3390.76,8.1291,0.109606,0.0351781
3517,RL,8,BSDF Heavy,0,High,2,High,2,14.8302,3395.33,8.13045,0.10985,0.0351746
3518,RL,8,BSDF Heavy,0,High,2,High,2,14.8346,3398.24,8.13131,0.109502,0.035171
3519,RL,8,BSDF Heavy,0,High,2,High,2,14.9214,3414.35,8.13603,0.109975,0.0351675
3520,RL,8,BSDF Heavy,0,High,2,High,2,14.9432,3419.5,8.13754,0.110334,0.035164
3521,RL,8,BSDF Heavy,0,High,2,High,2,14.8964,3411.15,8.1351,0.110056,0.0351605
3522,RL,8,BSDF Heavy,0,High,2,High,2,14.961,3425.17,8.1392,0.109992,0.035157
3523,RL,8,BSDF Heavy,0,High,2,High,2,14.6663,3359.73,8.11991,0.108841,0.0351535
3524,RL,8,BSDF Heavy,0,High,2,High,2,14.8271,3396.89,8.13091,0.109597,0.0351499
3525,RL,8,BSDF Heavy,0,High,2,High,2,14.9578,3424.14,8.1389,0.110129,0.0351464
3526,RL,8,BSDF Heavy,0,High,2,High,2,14.8448,3399.18,8.13158,0.109713,0.0351429
3527,RL,8,BSDF Heavy,0,High,2,High,2,14.761,3379.05,8.12565,0.109905,0.0351394
3528,RL,8,BSDF Heavy,0,High,2,High,2,14.894,3404.33,8.1331,0.110025,0.0351359
3529,RL,8,BSDF Heavy,0,High,2,High,2,14.8784,3405.19,8.13335,0.109603,0.0351324
3530,RL,8,Light Heavy,1,High,2,Low,0,14.9092,3412.65,8.13554,0.110125,0.0351289
3531,RL,6,BSDF Heavy,-1,Low,0,High,2,3.95151,912.58,6.81737,0.0474479,0.0351253
3532,RL,8,BSDF Heavy,0,High,2,High,2,14.7863,3385.4,8.12752,0.109745,0.0351218
3533,RL,8,BSDF Heavy,0,High,2,High,2,14.8617,3400.86,8.13208,0.109892,0.0351183
3534,RL,8,BSDF Heavy,0,High,2,High,2,14.8339,3395.16,8.1304,0.110249,0.0351148
3535,RL,8,BSDF Heavy,0,High,2,High,2,14.8308,3397.64,8.13113,0.10961,0.0351113
3536,RL,8,BSDF Heavy,0,High,2,High,2,14.954,3426.46,8.13958,0.109705,0.0351078
3537,RL,8,BSDF Heavy,0,High,2,High,2,14.9076,3411.79,8.13529,0.110837,0.0351043
3538,RL,8,BSDF Heavy,0,High,2,High,2,14.8954,3409.84,8.13472,0.109965,0.0351008
3539,RL,8,BSDF Heavy,0,High,2,High,2,14.8205,3396.32,8.13074,0.109751,0.0350973
3540,RL,8,BSDF Heavy,0,High,2,High,2,14.909,3412.8,8.13558,0.110513,0.0350938
3541,RL,8,BSDF Heavy,0,High,2,High,2,14.9283,3415.66,8.13642,0.110484,0.0350902
3542,RL,8,BSDF Heavy,0,High,2,High,2,14.8593,3400.62,8.13201,0.11034,0.0350867
3543,RL,8,BSDF Heavy,0,High,2,High,2,14.9616,3425.54,8.13931,0.109734,0.0350832
3544,RL,8,BSDF Heavy,0,High,2,High,2,14.9444,3419.31,8.13749,0.110268,0.0350797
3545,RL,8,BSDF Heavy,0,High,2,High,2,14.9231,3415.47,8.13636,0.110179,0.0350762
3546,RL,8,BSDF Heavy,0,High,2,High,2,14.8875,3407.11,8.13391,0.110565,0.0350727
3547,RL,8,BSDF Heavy,0,High,2,High,2,14.8669,3402.13,8.13245,0.110064,0.0350692
3548,RL,8,BSDF Heavy,0,High,2,High,2,14.7622,3379.64,8.12582,0.109581,0.0350657
3549,RL,8,BSDF Heavy,0,High,2,High,2,14.8778,3406.84,8.13383,0.109614,0.0350622
3550,RL,8,Balanced,0.405465,High,2,Medium,1,14.8886,3407.83,8.13412,0.11023,0.0350587
3551,RL,7,BSDF Heavy,-0.405465,Medium,1,High,2,8.75119,2001.15,7.60198,0.0946836,0.0350552
3552,RL,8,Light Heavy,1,High,2,Low,0,14.8308,3396,8.13065,0.109662,0.0350517
3553,RL,6,BSDF Heavy,-1,Low,0,High,2,3.89063,898.149,6.80145,0.0466609,0.0350482
3554,RL,8,Light Heavy,1,High,2,Low,0,14.9258,3415.72,8.13644,0.109846,0.0350447
3555,RL,6,BSDF Heavy,-1,Low,0,High,2,3.95253,911.667,6.81637,0.0472724,0.0350411
3556,RL,8,Balanced,0.405465,High,2,Medium,1,14.7606,3376.37,8.12485,0.110077,0.0350376
3557,RL,7,BSDF Heavy,-0.405465,Medium,1,High,2,8.69086,1988.91,7.59584,0.0944753,0.0350341
3558,RL,8,Balanced,0.405465,High,2,Medium,1,14.7379,3373.02,8.12386,0.109707,0.0350306
3559,RL,7,BSDF Heavy,-0.405465,Medium,1,High,2,8.63519,1974.94,7.5888,0.0944252,0.0350271
3560,RL,8,BSDF Heavy,0,High,2,High,2,14.8771,3407.81,8.13412,0.109927,0.0350236
3561,RL,8,BSDF Heavy,0,High,2,High,2,14.7707,3383.29,8.1269,0.108929,0.0350201
3562,RL,8,BSDF Heavy,0,High,2,High,2,14.9274,3416.32,8.13661,0.109819,0.0350166
3563,RL,8,BSDF Heavy,0,High,2,High,2,14.8099,3391.61,8.12935,0.109886,0.0350131
3564,RL,8,BSDF Heavy,0,High,2,High,2,14.8686,3403,8.1327,0.109651,0.0350096
3565,RL,8,BSDF Heavy,0,High,2,High,2,14.8337,3394.99,8.13035,0.109614,0.0350061
3566,RL,8,BSDF Heavy,0,High,2,High,2,14.906,3411.21,8.13512,0.109699,0.0350026
3567,RL,8,BSDF Heavy,0,High,2,High,2,14.822,3395.15,8.1304,0.109313,0.0349991
3568,RL,8,BSDF Heavy,0,High,2,High,2,14.8125,3393.3,8.12985,0.1094,0.0349956
3569,RL,8,BSDF Heavy,0,High,2,High,2,14.916,3412.28,8.13543,0.110284,0.0349921
3570,RL,8,BSDF Heavy,0,High,2,High,2,14.9385,3419.47,8.13753,0.110091,0.0349886
3571,RL,8,BSDF Heavy,0,High,2,High,2,14.9737,3426.41,8.13956,0.110862,0.0349851
3572,RL,8,BSDF Heavy,0,High,2,High,2,14.9329,3417.72,8.13702,0.109929,0.0349816
3573,RL,8,BSDF Heavy,0,High,2,High,2,14.883,3408.09,8.1342,0.109948,0.0349781
3574,RL,8,BSDF Heavy,0,High,2,High,2,14.8573,3402.92,8.13268,0.109558,0.0349746
3575,RL,8,BSDF Heavy,0,High,2,High,2,14.863,3400.34,8.13192,0.1101,0.0349711
3576,RL,8,BSDF Heavy,0,High,2,High,2,14.795,3387.93,8.12827,0.109435,0.0349676
3577,RL,8,BSDF Heavy,0,High,2,High,2,14.8872,3408.17,8.13422,0.109427,0.0349641
3578,RL,8,BSDF Heavy,0,High,2,High,2,14.8634,3404.21,8.13306,0.109788,0.0349606
3579,RL,8,BSDF Heavy,0,High,2,High,2,14.8848,3407.45,8.13401,0.10984,0.0349572
3580,RL,8,BSDF Heavy,0,High,2,High,2,14.8813,3406.29,8.13367,0.109886,0.0349537
3581,RL,8,BSDF Heavy,0,High,2,High,2,14.9635,3423.71,8.13877,0.1101,0.0349502
3582,RL,8,BSDF Heavy,0,High,2,High,2,14.876,3405.27,8.13337,0.109896,0.0349467
3583,RL,8,BSDF Heavy,0,High,2,High,2,14.9166,3413.02,8.13565,0.110384,0.0349432
3584,RL,8,BSDF Heavy,0,High,2,High,2,14.9294,3418.78,8.13733,0.110079,0.0349397
3585,RL,8,BSDF Heavy,0,High,2,High,2,14.962,3426.26,8.13952,0.109886,0.0349362
3586,RL,8,BSDF Heavy,0,High,2,High,2,14.8703,3405.77,8.13352,0.109612,0.0349327
3587,RL,8,BSDF Heavy,0,High,2,High,2,14.8661,3403.82,8.13295,0.109797,0.0349292
3588,RL,8,BSDF Heavy,0,High,2,High,2,14.9496,3420.06,8.13771,0.110631,0.0349257
3589,RL,8,BSDF Heavy,0,High,2,High,2,14.9141,3414.12,8.13597,0.110345,0.0349222
3590,RL,8,BSDF Heavy,0,High,2,High,2,14.9554,3422.86,8.13853,0.110156,0.0349187
3591,RL,8,BSDF Heavy,0,High,2,High,2,14.8864,3406.97,8.13387,0.110135,0.0349152
3592,RL,8,BSDF Heavy,0,High,2,High,2,14.9509,3419.98,8.13768,0.110203,0.0349117
3593,RL,8,BSDF Heavy,0,High,2,High,2,14.8838,3406.03,8.1336,0.110204,0.0349082
3594,RL,8,BSDF Heavy,0,High,2,High,2,15.0306,3438.05,8.14295,0.110793,0.0349048
3595,RL,8,BSDF Heavy,0,High,2,High,2,14.7932,3387.08,8.12802,0.10967,0.0349013
3596,RL,8,BSDF Heavy,0,High,2,High,2,14.8529,3402.08,8.13244,0.109863,0.0348978
3597,RL,8,BSDF Heavy,0,High,2,High,2,14.8428,3396.17,8.1307,0.110168,0.0348943
3598,RL,8,BSDF Heavy,0,High,2,High,2,14.8201,3392.12,8.12951,0.110006,0.0348908
3599,RL,8,BSDF Heavy,0,High,2,High,2,14.9044,3408.61,8.13435,0.110108,0.0348873
3600,RL,8,BSDF Heavy,0,High,2,High,2,14.9973,3431.26,8.14097,0.1106,0.0348838
3601,RL,8,BSDF Heavy,0,High,2,High,2,14.8368,3395.9,8.13062,0.109709,0.0348803
3602,RL,8,BSDF Heavy,0,High,2,High,2,14.8614,3401.01,8.13212,0.109971,0.0348768
3603,RL,8,BSDF Heavy,0,High,2,High,2,14.7388,3375.67,8.12464,0.109053,0.0348734
3604,RL,8,BSDF Heavy,0,High,2,High,2,14.9425,3417.61,8.13699,0.109996,0.0348699
3605,RL,8,BSDF Heavy,0,High,2,High,2,14.7813,3385.04,8.12742,0.109184,0.0348664
3606,RL,8,BSDF Heavy,0,High,2,High,2,14.9689,3427.71,8.13994,0.110264,0.0348629
3607,RL,8,BSDF Heavy,0,High,2,High,2,14.8235,3395.03,8.13036,0.109221,0.0348594
3608,RL,8,BSDF Heavy,0,High,2,High,2,14.8616,3406.63,8.13377,0.108981,0.0348559
3609,RL,8,BSDF Heavy,0,High,2,High,2,14.8373,3393.91,8.13003,0.110114,0.0348524
3610,RL,8,BSDF Heavy,0,High,2,High,2,14.9164,3413.2,8.1357,0.110662,0.034849
3611,RL,8,BSDF Heavy,0,High,2,High,2,14.7716,3380.38,8.12604,0.109716,0.0348455
3612,RL,8,BSDF Heavy,0,High,2,High,2,14.8475,3399.86,8.13178,0.109711,0.034842
3613,RL,8,BSDF Heavy,0,High,2,High,2,14.9574,3423.76,8.13879,0.110193,0.0348385
3614,RL,8,Light Heavy,1,High,2,Low,0,14.8713,3405.78,8.13352,0.109892,0.034835
3615,RL,6,BSDF Heavy,-1,Low,0,High,2,3.95032,911.808,6.81652,0.0473437,0.0348315
3616,RL,8,Light Heavy,1,High,2,Low,0,14.9018,3409.58,8.13464,0.109952,0.034828
3617,RL,6,BSDF Heavy,-1,Low,0,High,2,3.98746,922.803,6.8285,0.0468654,0.0348246
3618,RL,8,BSDF Heavy,0,High,2,High,2,14.8393,3397.23,8.13101,0.109853,0.0348211
3619,RL,8,BSDF Heavy,0,High,2,High,2,14.8084,3391.74,8.12939,0.109446,0.0348176
3620,RL,8,BSDF Heavy,0,High,2,High,2,14.9026,3410.71,8.13497,0.110027,0.0348141
3621,RL,8,BSDF Heavy,0,High,2,High,2,14.8656,3400.98,8.13211,0.110295,0.0348106
3622,RL,8,BSDF Heavy,0,High,2,High,2,14.8718,3406.07,8.13361,0.109851,0.0348072
3623,RL,8,BSDF Heavy,0,High,2,High,2,14.831,3394.55,8.13022,0.109456,0.0348037
3624,RL,8,BSDF Heavy,0,High,2,High,2,14.8623,3403.57,8.13287,0.109545,0.0348002
3625,RL,8,BSDF Heavy,0,High,2,High,2,14.871,3403.83,8.13295,0.109419,0.0347967
3626,RL,8,BSDF Heavy,0,High,2,High,2,14.9678,3425.79,8.13938,0.110289,0.0347932
3627,RL,8,Light Heavy,1,High,2,Low,0,14.9694,3426.29,8.13952,0.11065,0.0347898
3628,RL,6,BSDF Heavy,-1,Low,0,High,2,3.90943,901.657,6.80534,0.0469483,0.0347863
3629,RL,8,Balanced,0.405465,High,2,Medium,1,14.879,3405.33,8.13339,0.110314,0.0347828
3630,RL,7,BSDF Heavy,-0.405465,Medium,1,High,2,8.69363,1989.71,7.59625,0.093669,0.0347793
3631,RL,8,Balanced,0.405465,High,2,Medium,1,14.8925,3409.26,8.13454,0.109971,0.0347758
3632,RL,7,BSDF Heavy,-0.405465,Medium,1,High,2,8.71,1991.97,7.59738,0.0946335,0.0347724
3633,RL,8,BSDF Heavy,0,High,2,High,2,14.8428,3398.15,8.13128,0.109701,0.0347689
3634,RL,8,BSDF Heavy,0,High,2,High,2,14.857,3399.44,8.13166,0.109759,0.0347654
3635,RL,8,BSDF Heavy,0,High,2,High,2,14.9132,3414.47,8.13607,0.109983,0.0347619
3636,RL,8,BSDF Heavy,0,High,2,High,2,14.7644,3378.99,8.12563,0.109786,0.0347585
3637,RL,8,BSDF Heavy,0,High,2,High,2,14.9696,3424.8,8.13909,0.110241,0.034755
3638,RL,8,BSDF Heavy,0,High,2,High,2,14.8826,3409.69,8.13467,0.10961,0.0347515
3639,RL,8,BSDF Heavy,0,High,2,High,2,14.8542,3400.41,8.13195,0.10995,0.034748
3640,RL,8,BSDF Heavy,0,High,2,High,2,14.8575,3401.84,8.13236,0.11,0.0347446
3641,RL,8,BSDF Heavy,0,High,2,High,2,14.744,3376.05,8.12476,0.109653,0.0347411
3642,RL,8,BSDF Heavy,0,High,2,High,2,14.9037,3413.18,8.13569,0.110289,0.0347376
3643,RL,8,BSDF Heavy,0,High,2,High,2,14.9147,3414.25,8.13601,0.1105,0.0347341
3644,RL,8,BSDF Heavy,0,High,2,High,2,14.9025,3411.13,8.13509,0.110411,0.0347307
3645,RL,8,BSDF Heavy,0,High,2,High,2,14.8408,3397.6,8.13112,0.109832,0.0347272
3646,RL,8,BSDF Heavy,0,High,2,High,2,14.9906,3433.54,8.14164,0.110218,0.0347237
3647,RL,8,BSDF Heavy,0,High,2,High,2,14.8773,3409.5,8.13462,0.109198,0.0347202
3648,RL,8,BSDF Heavy,0,High,2,High,2,14.8642,3401.45,8.13225,0.109923,0.0347168
3649,RL,8,BSDF Heavy,0,High,2,High,2,14.93,3417.22,8.13688,0.110557,0.0347133
3650,RL,8,BSDF Heavy,0,High,2,High,2,14.9001,3410.33,8.13486,0.109784,0.0347098
3651,RL,8,BSDF Heavy,0,High,2,High,2,14.6986,3366.3,8.12187,0.109389,0.0347064
3652,RL,8,BSDF Heavy,0,High,2,High,2,14.8488,3398.87,8.13149,0.109873,0.0347029
3653,RL,8,BSDF Heavy,0,High,2,High,2,14.8839,3407.01,8.13389,0.110195,0.0346994
3654,RL,8,BSDF Heavy,0,High,2,High,2,14.8806,3407.38,8.13399,0.110064,0.034696
3655,RL,8,BSDF Heavy,0,High,2,High,2,14.9495,3422.39,8.13839,0.110301,0.0346925
3656,RL,8,BSDF Heavy,0,High,2,High,2,14.8566,3403.58,8.13288,0.109761,0.034689
3657,RL,8,BSDF Heavy,0,High,2,High,2,14.8297,3393.99,8.13006,0.110135,0.0346855
3658,RL,8,BSDF Heavy,0,High,2,High,2,14.8426,3398.7,8.13144,0.110025,0.0346821
3659,RL,8,BSDF Heavy,0,High,2,High,2,14.9775,3427.87,8.13999,0.110361,0.0346786
3660,RL,8,BSDF Heavy,0,High,2,High,2,14.9,3409.53,8.13462,0.110068,0.0346751
3661,RL,8,BSDF Heavy,0,High,2,High,2,14.9087,3410.12,8.1348,0.110071,0.0346717
3662,RL,8,BSDF Heavy,0,High,2,High,2,14.9971,3432.32,8.14128,0.110503,0.0346682
3663,RL,8,BSDF Heavy,0,High,2,High,2,14.8429,3399.22,8.13159,0.10962,0.0346647
3664,RL,8,BSDF Heavy,0,High,2,High,2,14.8082,3392.76,8.12969,0.109639,0.0346613
3665,RL,8,BSDF Heavy,0,High,2,High,2,14.8498,3401.27,8.1322,0.109751,0.0346578
3666,RL,8,BSDF Heavy,0,High,2,High,2,14.8772,3404.09,8.13303,0.110243,0.0346543
3667,RL,8,BSDF Heavy,0,High,2,High,2,14.8536,3398.11,8.13127,0.110507,0.0346509
3668,RL,8,BSDF Heavy,0,High,2,High,2,14.8361,3396.18,8.1307,0.110004,0.0346474
3669,RL,8,BSDF Heavy,0,High,2,High,2,14.9221,3416.02,8.13652,0.110349,0.0346439
3670,RL,8,BSDF Heavy,0,High,2,High,2,14.805,3389.88,8.12884,0.110008,0.0346405
3671,RL,8,BSDF Heavy,0,High,2,High,2,14.9045,3413.38,8.13575,0.110158,0.034637
3672,RL,8,BSDF Heavy,0,High,2,High,2,14.9783,3430.23,8.14068,0.110129,0.0346336
3673,RL,8,BSDF Heavy,0,High,2,High,2,14.8405,3398.95,8.13152,0.109624,0.0346301
3674,RL,8,BSDF Heavy,0,High,2,High,2,14.9241,3414.29,8.13602,0.110478,0.0346266
3675,RL,8,BSDF Heavy,0,High,2,High,2,14.9316,3418.98,8.13739,0.110411,0.0346232
3676,RL,8,BSDF Heavy,0,High,2,High,2,14.8836,3406.26,8.13366,0.110013,0.0346197
3677,RL,8,BSDF Heavy,0,High,2,High,2,14.7673,3381.3,8.12631,0.109329,0.0346162
3678,RL,8,BSDF Heavy,0,High,2,High,2,14.978,3430.94,8.14088,0.109774,0.0346128
3679,RL,8,BSDF Heavy,0,High,2,High,2,14.8736,3405.83,8.13354,0.109668,0.0346093
3680,RL,8,BSDF Heavy,0,High,2,High,2,14.8376,3394.72,8.13027,0.109959,0.0346059
3681,RL,8,BSDF Heavy,0,High,2,High,2,14.8758,3405.33,8.13339,0.110191,0.0346024
3682,RL,8,BSDF Heavy,0,High,2,High,2,14.8418,3398.42,8.13136,0.109884,0.0345989
3683,RL,8,BSDF Heavy,0,High,2,High,2,14.9327,3418.75,8.13732,0.110718,0.0345955
3684,RL,8,BSDF Heavy,0,High,2,High,2,14.8032,3390.82,8.12912,0.109441,0.034592
3685,RL,8,BSDF Heavy,0,High,2,High,2,14.8971,3410.55,8.13492,0.110075,0.0345886
3686,RL,8,BSDF Heavy,0,High,2,High,2,14.9413,3421.63,8.13816,0.109497,0.0345851
3687,RL,8,Light Heavy,1,High,2,Low,0,14.9846,3428.73,8.14024,0.111022,0.0345816
3688,RL,6,BSDF Heavy,-1,Low,0,High,2,3.96487,914.089,6.81902,0.0475231,0.0345782
3689,RL,8,BSDF Heavy,0,High,2,High,2,15.0047,3433.59,8.14165,0.110577,0.0345747
3690,RL,8,BSDF Heavy,0,High,2,High,2,14.8714,3405.03,8.1333,0.109823,0.0345713
3691,RL,8,BSDF Heavy,0,High,2,High,2,14.8289,3392.24,8.12954,0.109784,0.0345678
3692,RL,8,BSDF Heavy,0,High,2,High,2,14.8226,3394.47,8.1302,0.109782,0.0345644
3693,RL,8,BSDF Heavy,0,High,2,High,2,14.884,3406.76,8.13381,0.110168,0.0345609
3694,RL,8,BSDF Heavy,0,High,2,High,2,14.8184,3393.66,8.12996,0.109961,0.0345574
3695,RL,8,BSDF Heavy,0,High,2,High,2,14.8493,3401.54,8.13228,0.109471,0.034554
3696,RL,8,BSDF Heavy,0,High,2,High,2,14.8307,3394.79,8.13029,0.109655,0.0345505
3697,RL,8,BSDF Heavy,0,High,2,High,2,14.821,3392.33,8.12957,0.109464,0.0345471
3698,RL,8,BSDF Heavy,0,High,2,High,2,14.8714,3405.05,8.13331,0.109911,0.0345436
3699,RL,8,BSDF Heavy,0,High,2,High,2,14.8231,3394.33,8.13016,0.109495,0.0345402
3700,RL,8,BSDF Heavy,0,High,2,High,2,14.8814,3408.06,8.13419,0.109315,0.0345367
3701,RL,8,BSDF Heavy,0,High,2,High,2,14.8334,3395.08,8.13038,0.109458,0.0345333
3702,RL,8,BSDF Heavy,0,High,2,High,2,14.8574,3400.53,8.13198,0.110058,0.0345298
3703,RL,8,BSDF Heavy,0,High,2,High,2,14.8329,3394.5,8.13021,0.109805,0.0345264
3704,RL,8,BSDF Heavy,0,High,2,High,2,14.8461,3400.04,8.13184,0.109462,0.0345229
3705,RL,8,BSDF Heavy,0,High,2,High,2,14.9177,3417.22,8.13688,0.110023,0.0345195
3706,RL,8,BSDF Heavy,0,High,2,High,2,14.8828,3406.69,8.13379,0.110135,0.034516
3707,RL,8,BSDF Heavy,0,High,2,High,2,14.8566,3401.05,8.13213,0.10979,0.0345125
3708,RL,8,BSDF Heavy,0,High,2,High,2,14.8754,3405.1,8.13332,0.1099,0.0345091
3709,RL,8,BSDF Heavy,0,High,2,High,2,14.8517,3402.11,8.13245,0.109969,0.0345056
3710,RL,8,BSDF Heavy,0,High,2,High,2,14.9518,3421.71,8.13819,0.110397,0.0345022
3711,RL,8,BSDF Heavy,0,High,2,High,2,14.8438,3399.83,8.13177,0.10934,0.0344987
3712,RL,8,BSDF Heavy,0,High,2,High,2,14.8803,3407.29,8.13397,0.109394,0.0344953
3713,RL,8,BSDF Heavy,0,High,2,High,2,14.8805,3405.77,8.13352,0.110064,0.0344918
3714,RL,8,BSDF Heavy,0,High,2,High,2,14.8513,3400.85,8.13207,0.109701,0.0344884
3715,RL,8,BSDF Heavy,0,High,2,High,2,14.8891,3409.51,8.13462,0.109838,0.0344849
3716,RL,8,BSDF Heavy,0,High,2,High,2,14.8324,3396.8,8.13088,0.109988,0.0344815
3717,RL,8,BSDF Heavy,0,High,2,High,2,14.9235,3415.44,8.13635,0.110287,0.0344781
3718,RL,8,BSDF Heavy,0,High,2,High,2,14.8447,3400,8.13182,0.10957,0.0344746
3719,RL,8,BSDF Heavy,0,High,2,High,2,14.9527,3425.83,8.13939,0.109597,0.0344712
3720,RL,8,BSDF Heavy,0,High,2,High,2,14.9612,3422.64,8.13846,0.110826,0.0344677
3721,RL,8,BSDF Heavy,0,High,2,High,2,15.0527,3445.54,8.14513,0.110492,0.0344643
3722,RL,8,BSDF Heavy,0,High,2,High,2,14.8229,3393.14,8.12981,0.109994,0.0344608
3723,RL,8,BSDF Heavy,0,High,2,High,2,14.9224,3415.47,8.13636,0.110093,0.0344574
3724,RL,8,BSDF Heavy,0,High,2,High,2,14.8558,3401.01,8.13212,0.110035,0.0344539
3725,RL,8,BSDF Heavy,0,High,2,High,2,14.8538,3403.11,8.13274,0.109668,0.0344505
3726,RL,8,BSDF Heavy,0,High,2,High,2,14.8462,3399.39,8.13165,0.109734,0.034447
3727,RL,8,BSDF Heavy,0,High,2,High,2,14.8764,3407.5,8.13403,0.110048,0.0344436
3728,RL,8,BSDF Heavy,0,High,2,High,2,14.881,3407.14,8.13392,0.110197,0.0344401
3729,RL,8,BSDF Heavy,0,High,2,High,2,14.9444,3420.34,8.13779,0.110683,0.0344367
3730,RL,8,BSDF Heavy,0,High,2,High,2,14.9443,3424.62,8.13904,0.110195,0.0344333
3731,RL,8,BSDF Heavy,0,High,2,High,2,14.9393,3419.18,8.13745,0.110158,0.0344298
3732,RL,8,BSDF Heavy,0,High,2,High,2,14.9106,3415.66,8.13642,0.110104,0.0344264
3733,RL,8,BSDF Heavy,0,High,2,High,2,14.9673,3428.43,8.14015,0.110031,0.0344229
3734,RL,8,BSDF Heavy,0,High,2,High,2,14.8367,3399.17,8.13158,0.109726,0.0344195
3735,RL,8,BSDF Heavy,0,High,2,High,2,14.9848,3428.49,8.14017,0.110534,0.034416
3736,RL,8,BSDF Heavy,0,High,2,High,2,14.8552,3401.84,8.13236,0.11023,0.0344126
3737,RL,8,Light Heavy,1,High,2,Low,0,14.8379,3395.99,8.13064,0.109878,0.0344092
3738,RL,6,BSDF Heavy,-1,Low,0,High,2,3.87485,893.185,6.79591,0.0468557,0.0344057
3739,RL,8,Light Heavy,1,High,2,Low,0,14.8087,3392.62,8.12965,0.109782,0.0344023
3740,RL,6,BSDF Heavy,-1,Low,0,High,2,3.87996,895.336,6.79832,0.0470081,0.0343988
3741,RL,8,Balanced,0.405465,High,2,Medium,1,14.816,3394.19,8.13012,0.108974,0.0343954
3742,RL,7,BSDF Heavy,-0.405465,Medium,1,High,2,8.64813,1975.8,7.58923,0.0944792,0.034392
3743,RL,8,Balanced,0.405465,High,2,Medium,1,14.938,3416.99,8.13681,0.11038,0.0343885
3744,RL,7,BSDF Heavy,-0.405465,Medium,1,High,2,8.67438,1985.51,7.59413,0.0939853,0.0343851
3745,RL,8,BSDF Heavy,0,High,2,High,2,14.8697,3404.51,8.13315,0.109456,0.0343817
3746,RL,8,BSDF Heavy,0,High,2,High,2,14.8654,3400.5,8.13197,0.110309,0.0343782
3747,RL,8,BSDF Heavy,0,High,2,High,2,14.8359,3399.6,8.13171,0.109047,0.0343748
3748,RL,8,BSDF Heavy,0,High,2,High,2,14.9161,3413.04,8.13565,0.109959,0.0343713
3749,RL,8,Balanced,0.405465,High,2,Medium,1,14.8159,3391.49,8.12932,0.109832,0.0343679
3750,RL,7,BSDF Heavy,-0.405465,Medium,1,High,2,8.70475,1990.69,7.59674,0.0943094,0.0343645
3751,RL,8,Light Heavy,1,High,2,Low,0,14.997,3433.31,8.14157,0.110459,0.034361
3752,RL,6,BSDF Heavy,-1,Low,0,High,2,3.96047,914.309,6.81926,0.0472164,0.0343576
3753,RL,8,BSDF Heavy,0,High,2,High,2,14.9346,3419.24,8.13747,0.11049,0.0343542
3754,RL,8,BSDF Heavy,0,High,2,High,2,14.7146,3370.48,8.12311,0.109331,0.0343507
3755,RL,8,BSDF Heavy,0,High,2,High,2,14.8019,3388.47,8.12843,0.109687,0.0343473
3756,RL,8,BSDF Heavy,0,High,2,High,2,14.9047,3411.53,8.13521,0.110258,0.0343439
3757,RL,8,BSDF Heavy,0,High,2,High,2,14.9515,3422.94,8.13855,0.109769,0.0343404
3758,RL,8,BSDF Heavy,0,High,2,High,2,14.8068,3389.31,8.12868,0.110195,0.034337
3759,RL,8,BSDF Heavy,0,High,2,High,2,14.7748,3382,8.12652,0.109473,0.0343336
3760,RL,8,BSDF Heavy,0,High,2,High,2,14.9303,3417.27,8.13689,0.110129,0.0343301
3761,RL,8,BSDF Heavy,0,High,2,High,2,14.9957,3426.98,8.13973,0.110629,0.0343267
3762,RL,8,BSDF Heavy,0,High,2,High,2,15.0042,3434.3,8.14186,0.110899,0.0343233
3763,RL,8,BSDF Heavy,0,High,2,High,2,14.9447,3420.3,8.13778,0.110596,0.0343198
3764,RL,8,BSDF Heavy,0,High,2,High,2,14.823,3396.59,8.13082,0.11,0.0343164
3765,RL,8,BSDF Heavy,0,High,2,High,2,14.8878,3409.47,8.13461,0.109608,0.034313
3766,RL,8,BSDF Heavy,0,High,2,High,2,14.8878,3409.17,8.13452,0.109664,0.0343095
3767,RL,8,BSDF Heavy,0,High,2,High,2,14.7996,3389.98,8.12887,0.109518,0.0343061
3768,RL,8,BSDF Heavy,0,High,2,High,2,14.8744,3405.66,8.13349,0.110021,0.0343027
3769,RL,8,BSDF Heavy,0,High,2,High,2,14.8488,3399.97,8.13181,0.109466,0.0342992
3770,RL,8,BSDF Heavy,0,High,2,High,2,14.9635,3424.49,8.139,0.11064,0.0342958
3771,RL,8,BSDF Heavy,0,High,2,High,2,14.9549,3421.62,8.13816,0.110835,0.0342924
3772,RL,8,BSDF Heavy,0,High,2,High,2,14.8313,3398.13,8.13128,0.109282,0.0342889
3773,RL,8,BSDF Heavy,0,High,2,High,2,15.0077,3434.55,8.14193,0.110289,0.0342855
3774,RL,8,BSDF Heavy,0,High,2,High,2,14.9692,3427.8,8.13997,0.110222,0.0342821
3775,RL,8,BSDF Heavy,0,High,2,High,2,14.9626,3424.57,8.13902,0.110847,0.0342787
3776,RL,8,Balanced,0.405465,High,2,Medium,1,14.8169,3392.44,8.1296,0.109911,0.0342752
3777,RL,7,BSDF Heavy,-0.405465,Medium,1,High,2,8.76645,2006.17,7.60448,0.0947357,0.0342718
3778,RL,8,BSDF Heavy,0,High,2,High,2,14.9204,3417.83,8.13705,0.109809,0.0342684
3779,RL,8,BSDF Heavy,0,High,2,High,2,14.9614,3422.24,8.13834,0.110469,0.034265
3780,RL,8,BSDF Heavy,0,High,2,High,2,14.9516,3423.58,8.13873,0.110214,0.0342615
3781,RL,8,BSDF Heavy,0,High,2,High,2,14.7082,3368.64,8.12256,0.109361,0.0342581
3782,RL,8,BSDF Heavy,0,High,2,High,2,14.941,3422.44,8.1384,0.110013,0.0342547
3783,RL,8,BSDF Heavy,0,High,2,High,2,14.758,3379.18,8.12568,0.109236,0.0342513
3784,RL,8,BSDF Heavy,0,High,2,High,2,14.8367,3398.25,8.13131,0.109361,0.0342478
3785,RL,8,BSDF Heavy,0,High,2,High,2,14.9076,3412.7,8.13555,0.109689,0.0342444
3786,RL,8,BSDF Heavy,0,High,2,High,2,14.8605,3403.06,8.13272,0.109483,0.034241
3787,RL,8,BSDF Heavy,0,High,2,High,2,14.8544,3399.92,8.1318,0.109745,0.0342376
3788,RL,8,BSDF Heavy,0,High,2,High,2,14.8618,3404.33,8.1331,0.110177,0.0342341
3789,RL,8,BSDF Heavy,0,High,2,High,2,14.8897,3409.07,8.13449,0.109878,0.0342307
3790,RL,8,BSDF Heavy,0,High,2,High,2,14.9299,3419.54,8.13755,0.110451,0.0342273
3791,RL,8,BSDF Heavy,0,High,2,High,2,14.8669,3403.59,8.13288,0.109736,0.0342239
3792,RL,8,BSDF Heavy,0,High,2,High,2,14.9695,3425.47,8.13929,0.10988,0.0342204
3793,RL,8,BSDF Heavy,0,High,2,High,2,14.85,3401.52,8.13227,0.10974,0.034217
3794,RL,8,BSDF Heavy,0,High,2,High,2,14.8301,3393.54,8.12992,0.109799,0.0342136
3795,RL,8,BSDF Heavy,0,High,2,High,2,15.0097,3438.81,8.14317,0.110068,0.0342102
3796,RL,8,BSDF Heavy,0,High,2,High,2,14.762,3380.4,8.12604,0.110033,0.0342068
3797,RL,8,BSDF Heavy,0,High,2,High,2,14.9659,3425.94,8.13942,0.110039,0.0342033
3798,RL,8,BSDF Heavy,0,High,2,High,2,14.755,3378.79,8.12557,0.1089,0.0341999
3799,RL,8,BSDF Heavy,0,High,2,High,2,14.831,3396.27,8.13073,0.109745,0.0341965
3800,RL,8,BSDF Heavy,0,High,2,High,2,14.7997,3389.8,8.12882,0.109633,0.0341931
3801,RL,8,BSDF Heavy,0,High,2,High,2,14.9242,3414.43,8.13606,0.110498,0.0341897
3802,RL,8,BSDF Heavy,0,High,2,High,2,15.0368,3441.27,8.14389,0.1107,0.0341862
3803,RL,8,BSDF Heavy,0,High,2,High,2,14.9154,3415.21,8.13629,0.109975,0.0341828
3804,RL,8,BSDF Heavy,0,High,2,High,2,14.7754,3384.35,8.12721,0.109794,0.0341794
3805,RL,8,BSDF Heavy,0,High,2,High,2,15.0022,3434.06,8.14179,0.110565,0.034176
3806,RL,8,BSDF Heavy,0,High,2,High,2,14.8686,3402.88,8.13267,0.109942,0.0341726
3807,RL,8,BSDF Heavy,0,High,2,High,2,14.909,3414.98,8.13622,0.10983,0.0341691
3808,RL,8,BSDF Heavy,0,High,2,High,2,14.9382,3418.14,8.13714,0.110243,0.0341657
3809,RL,8,BSDF Heavy,0,High,2,High,2,15.0064,3432.91,8.14145,0.110455,0.0341623
3810,RL,8,BSDF Heavy,0,High,2,High,2,14.9616,3425.06,8.13916,0.110257,0.0341589
3811,RL,8,BSDF Heavy,0,High,2,High,2,14.9521,3422.68,8.13847,0.110322,0.0341555
3812,RL,8,BSDF Heavy,0,High,2,High,2,14.8894,3410.02,8.13477,0.110149,0.0341521
3813,RL,8,BSDF Heavy,0,High,2,High,2,14.8297,3395.19,8.13041,0.110029,0.0341486
3814,RL,8,BSDF Heavy,0,High,2,High,2,14.8976,3409.1,8.1345,0.110044,0.0341452
3815,RL,8,BSDF Heavy,0,High,2,High,2,14.8648,3403.52,8.13286,0.110278,0.0341418
3816,RL,8,BSDF Heavy,0,High,2,High,2,14.8144,3393.5,8.12991,0.110068,0.0341384
3817,RL,8,BSDF Heavy,0,High,2,High,2,14.8687,3403.69,8.13291,0.109755,0.034135
3818,RL,8,BSDF Heavy,0,High,2,High,2,14.7983,3388.58,8.12846,0.109506,0.0341316
3819,RL,8,BSDF Heavy,0,High,2,High,2,14.9668,3426.49,8.13958,0.109961,0.0341282
3820,RL,8,Light Heavy,1,High,2,Low,0,14.9403,3418.23,8.13717,0.110249,0.0341248
3821,RL,6,BSDF Heavy,-1,Low,0,High,2,3.99864,924.148,6.82995,0.0474595,0.0341213
3822,RL,8,Light Heavy,1,High,2,Low,0,14.7721,3382.44,8.12665,0.109489,0.0341179
3823,RL,6,BSDF Heavy,-1,Low,0,High,2,3.93975,907.898,6.81223,0.047419,0.0341145
3824,RL,8,Balanced,0.405465,High,2,Medium,1,14.6968,3366.49,8.12192,0.109367,0.0341111
3825,RL,7,BSDF Heavy,-0.405465,Medium,1,High,2,8.75908,2003.6,7.6032,0.0946084,0.0341077
3826,RL,8,Balanced,0.405465,High,2,Medium,1,14.8771,3405.37,8.1334,0.110218,0.0341043
3827,RL,7,BSDF Heavy,-0.405465,Medium,1,High,2,8.64757,1977.77,7.59023,0.0938272,0.0341009
3828,RL,8,Light Heavy,1,High,2,Low,0,14.7783,3383.93,8.12709,0.109201,0.0340975
3829,RL,6,BSDF Heavy,-1,Low,0,High,2,3.8388,885.485,6.78726,0.0464718,0.0340941
3830,RL,8,BSDF Heavy,0,High,2,High,2,14.8727,3405.98,8.13358,0.109699,0.0340906
3831,RL,8,BSDF Heavy,0,High,2,High,2,14.8303,3398.35,8.13134,0.109242,0.0340872
3832,RL,8,BSDF Heavy,0,High,2,High,2,14.9356,3418.92,8.13737,0.110116,0.0340838
3833,RL,8,BSDF Heavy,0,High,2,High,2,14.9023,3412.4,8.13546,0.109682,0.0340804
3834,RL,8,BSDF Heavy,0,High,2,High,2,14.904,3409.47,8.13461,0.110519,0.034077
3835,RL,8,BSDF Heavy,0,High,2,High,2,14.9779,3427.73,8.13995,0.110409,0.0340736
3836,RL,8,BSDF Heavy,0,High,2,High,2,14.8955,3409.21,8.13453,0.110258,0.0340702
3837,RL,8,BSDF Heavy,0,High,2,High,2,14.9934,3431.78,8.14112,0.110646,0.0340668
3838,RL,8,BSDF Heavy,0,High,2,High,2,14.918,3412.86,8.1356,0.110509,0.0340634
3839,RL,8,BSDF Heavy,0,High,2,High,2,14.861,3403.39,8.13282,0.109298,0.03406
3840,RL,8,BSDF Heavy,0,High,2,High,2,14.881,3407.69,8.13408,0.110027,0.0340566
3841,RL,8,BSDF Heavy,0,High,2,High,2,14.8245,3395.28,8.13044,0.10963,0.0340532
3842,RL,8,BSDF Heavy,0,High,2,High,2,14.895,3409.89,8.13473,0.109888,0.0340498
3843,RL,8,BSDF Heavy,0,High,2,High,2,14.9424,3421.55,8.13814,0.109911,0.0340464
3844,RL,8,BSDF Heavy,0,High,2,High,2,14.7695,3383.48,8.12696,0.109518,0.034043
3845,RL,8,BSDF Heavy,0,High,2,High,2,14.9007,3413.22,8.1357,0.109981,0.0340395
3846,RL,8,BSDF Heavy,0,High,2,High,2,14.844,3399.27,8.13161,0.109865,0.0340361
3847,RL,8,BSDF Heavy,0,High,2,High,2,15.0402,3441.51,8.14396,0.111345,0.0340327
3848,RL,8,BSDF Heavy,0,High,2,High,2,14.7842,3385.5,8.12755,0.109099,0.0340293
3849,RL,8,BSDF Heavy,0,High,2,High,2,14.7737,3383.71,8.12702,0.109533,0.0340259
3850,RL,8,BSDF Heavy,0,High,2,High,2,14.9635,3424.74,8.13907,0.110349,0.0340225
3851,RL,8,BSDF Heavy,0,High,2,High,2,14.9303,3417.19,8.13687,0.1101,0.0340191
3852,RL,8,BSDF Heavy,0,High,2,High,2,14.8021,3389.57,8.12875,0.109437,0.0340157
3853,RL,8,BSDF Heavy,0,High,2,High,2,14.8634,3403.57,8.13287,0.109574,0.0340123
3854,RL,8,BSDF Heavy,0,High,2,High,2,14.9473,3418.4,8.13722,0.110305,0.0340089
3855,RL,8,BSDF Heavy,0,High,2,High,2,14.8998,3410.17,8.13481,0.109767,0.0340055
3856,RL,8,BSDF Heavy,0,High,2,High,2,14.9276,3414.23,8.136,0.110787,0.0340021
3857,RL,8,BSDF Heavy,0,High,2,High,2,14.7915,3386.94,8.12798,0.110106,0.0339987
3858,RL,8,BSDF Heavy,0,High,2,High,2,15.0102,3437.17,8.1427,0.110546,0.0339953
3859,RL,8,BSDF Heavy,0,High,2,High,2,14.8787,3405.19,8.13335,0.110426,0.0339919
3860,RL,8,BSDF Heavy,0,High,2,High,2,14.7734,3381.33,8.12632,0.109579,0.0339885
3861,RL,8,BSDF Heavy,0,High,2,High,2,14.8579,3401.89,8.13238,0.109786,0.0339851
3862,RL,8,BSDF Heavy,0,High,2,High,2,14.8373,3397.62,8.13112,0.109535,0.0339817
3863,RL,8,BSDF Heavy,0,High,2,High,2,14.8574,3400.32,8.13192,0.109851,0.0339783
3864,RL,8,BSDF Heavy,0,High,2,High,2,14.8935,3410.44,8.13489,0.109803,0.0339749
3865,RL,8,BSDF Heavy,0,High,2,High,2,14.9483,3421.81,8.13822,0.110218,0.0339715
3866,RL,8,BSDF Heavy,0,High,2,High,2,14.8394,3397.23,8.13101,0.109859,0.0339681
3867,RL,8,BSDF Heavy,0,High,2,High,2,14.8265,3395.46,8.13049,0.109639,0.0339647
3868,RL,8,BSDF Heavy,0,High,2,High,2,14.9698,3424.82,8.1391,0.110712,0.0339613
3869,RL,8,BSDF Heavy,0,High,2,High,2,14.9131,3412.36,8.13545,0.110152,0.033958
3870,RL,8,BSDF Heavy,0,High,2,High,2,14.9602,3425.4,8.13927,0.110407,0.0339546
3871,RL,8,BSDF Heavy,0,High,2,High,2,14.9038,3414.18,8.13599,0.110203,0.0339512
3872,RL,8,BSDF Heavy,0,High,2,High,2,14.8331,3396.11,8.13068,0.109836,0.0339478
3873,RL,8,BSDF Heavy,0,High,2,High,2,14.8716,3405.18,8.13335,0.109753,0.0339444
3874,RL,8,BSDF Heavy,0,High,2,High,2,14.8772,3405.52,8.13345,0.110019,0.033941
3875,RL,8,BSDF Heavy,0,High,2,High,2,14.8637,3404.52,8.13315,0.10989,0.0339376
3876,RL,8,BSDF Heavy,0,High,2,High,2,14.8757,3404.87,8.13326,0.10989,0.0339342
3877,RL,8,BSDF Heavy,0,High,2,High,2,14.8909,3409.8,8.1347,0.109878,0.0339308
3878,RL,8,BSDF Heavy,0,High,2,High,2,14.8262,3394.2,8.13012,0.110272,0.0339274
3879,RL,8,BSDF Heavy,0,High,2,High,2,14.7163,3371.24,8.12333,0.109232,0.033924
3880,RL,8,BSDF Heavy,0,High,2,High,2,14.8434,3399.94,8.13181,0.109441,0.0339206
3881,RL,8,BSDF Heavy,0,High,2,High,2,14.9351,3422.22,8.13834,0.109666,0.0339172
3882,RL,8,BSDF Heavy,0,High,2,High,2,14.909,3412.38,8.13546,0.109967,0.0339138
3883,RL,8,BSDF Heavy,0,High,2,High,2,14.7951,3390.16,8.12893,0.109383,0.0339104
3884,RL,8,BSDF Heavy,0,High,2,High,2,14.8759,3406.57,8.13375,0.109807,0.0339071
3885,RL,8,BSDF Heavy,0,High,2,High,2,14.8789,3405.41,8.13342,0.110395,0.0339037
3886,RL,8,BSDF Heavy,0,High,2,High,2,14.8714,3403.61,8.13288,0.110116,0.0339003
3887,RL,8,BSDF Heavy,0,High,2,High,2,14.8739,3406.13,8.13363,0.109292,0.0338969
3888,RL,8,BSDF Heavy,0,High,2,High,2,14.8779,3407.03,8.13389,0.109873,0.0338935
3889,RL,8,BSDF Heavy,0,High,2,High,2,14.9159,3414.44,8.13606,0.109539,0.0338901
3890,RL,8,BSDF Heavy,0,High,2,High,2,14.8732,3404.81,8.13324,0.109954,0.0338867
3891,RL,8,BSDF Heavy,0,High,2,High,2,14.7907,3386.81,8.12794,0.109543,0.0338833
3892,RL,8,BSDF Heavy,0,High,2,High,2,14.8683,3404.69,8.1332,0.109813,0.0338799
3893,RL,8,BSDF Heavy,0,High,2,High,2,14.8996,3411.74,8.13527,0.109745,0.0338765
3894,RL,8,BSDF Heavy,0,High,2,High,2,14.8641,3403.23,8.13277,0.1095,0.0338732
3895,RL,8,BSDF Heavy,0,High,2,High,2,14.9629,3424.66,8.13905,0.110355,0.0338698
3896,RL,8,BSDF Heavy,0,High,2,High,2,14.8357,3397.27,8.13102,0.109699,0.0338664
3897,RL,8,BSDF Heavy,0,High,2,High,2,14.8818,3408.46,8.13431,0.109965,0.033863
3898,RL,8,BSDF Heavy,0,High,2,High,2,14.8678,3405.69,8.1335,0.110139,0.0338596
3899,RL,8,BSDF Heavy,0,High,2,High,2,14.8413,3398.3,8.13133,0.109724,0.0338562
3900,RL,8,BSDF Heavy,0,High,2,High,2,14.9633,3426.81,8.13968,0.110451,0.0338528
3901,RL,8,BSDF Heavy,0,High,2,High,2,14.8763,3406.41,8.13371,0.110143,0.0338495
3902,RL,8,BSDF Heavy,0,High,2,High,2,14.9096,3413.25,8.13571,0.109865,0.0338461
3903,RL,8,Balanced,0.405465,High,2,Medium,1,14.8765,3406.6,8.13376,0.109834,0.0338427
3904,RL,7,Light Heavy,0.693147,Medium,1,Low,0,8.71956,1993.78,7.59829,0.0940432,0.0338393
3905,RL,6,Light Heavy,0,Low,0,Low,0,3.97804,921.278,6.82685,0.0465548,0.0338359
3906,RL,6,Light Heavy,0,Low,0,Low,0,3.96961,917.085,6.82229,0.0473206,0.0338325
3907,RL,6,Light Heavy,0,Low,0,Low,0,3.92898,905.211,6.80927,0.0474055,0.0338292
3908,RL,6,Light Heavy,0,Low,0,Low,0,3.89681,899.742,6.80322,0.0466146,0.0338258
3909,RL,6,Light Heavy,0,Low,0,Low,0,3.94986,912.36,6.81713,0.0470756,0.0338224
3910,RL,6,Light Heavy,0,Low,0,Low,0,3.92812,906.001,6.81014,0.047064,0.033819
3911,RL,6,Light Heavy,0,Low,0,Low,0,3.91457,904.041,6.80798,0.0468422,0.0338156
3912,RL,6,Light Heavy,0,Low,0,Low,0,3.94231,910.237,6.8148,0.0469213,0.0338122
3913,RL,6,Light Heavy,0,Low,0,Low,0,3.93936,909.242,6.81371,0.047091,0.0338089
3914,RL,6,Light Heavy,0,Low,0,Low,0,3.93367,907.831,6.81216,0.0470351,0.0338055
3915,RL,6,Light Heavy,0,Low,0,Low,0,3.91864,904.453,6.80844,0.0470428,0.0338021
3916,RL,6,Light Heavy,0,Low,0,Low,0,3.96819,916.121,6.82124,0.0471412,0.0337987
3917,RL,6,Light Heavy,0,Low,0,Low,0,3.97599,918.27,6.82358,0.0474518,0.0337953
3918,RL,6,Light Heavy,0,Low,0,Low,0,3.90584,900.523,6.80409,0.0466686,0.033792
3919,RL,6,Light Heavy,0,Low,0,Low,0,3.97459,917.983,6.82327,0.047039,0.0337886
3920,RL,6,Light Heavy,0,Low,0,Low,0,3.96487,915.871,6.82097,0.0471277,0.0337852
3921,RL,6,Light Heavy,0,Low,0,Low,0,3.88344,895.576,6.79858,0.0466416,0.0337818
3922,RL,6,Light Heavy,0,Low,0,Low,0,3.94783,910.457,6.81504,0.047012,0.0337785
3923,RL,6,Light Heavy,0,Low,0,Low,0,3.95739,913.536,6.81842,0.0470023,0.0337751
3924,RL,6,Light Heavy,0,Low,0,Low,0,3.93449,908.677,6.81309,0.0468171,0.0337717
3925,RL,6,Light Heavy,0,Low,0,Low,0,3.91526,903.574,6.80746,0.0467708,0.0337683
3926,RL,6,Light Heavy,0,Low,0,Low,0,3.93047,907.338,6.81162,0.0470467,0.0337649
3927,RL,6,Light Heavy,0,Low,0,Low,0,3.94506,910.351,6.81493,0.0470197,0.0337616
3928,RL,6,Light Heavy,0,Low,0,Low,0,3.93443,907.77,6.81209,0.0472164,0.0337582
3929,RL,6,Light Heavy,0,Low,0,Low,0,3.99192,921.702,6.82731,0.0473611,0.0337548
3930,RL,6,Light Heavy,0,Low,0,Low,0,3.9581,913.759,6.81866,0.0474556,0.0337514
3931,RL,6,BSDF Heavy,-1,Low,0,High,2,3.97122,918.436,6.82376,0.0467631,0.0337481
3932,RL,8,Light Heavy,1,High,2,Low,0,14.8343,3398.04,8.13125,0.109427,0.0337447
3933,RL,6,Light Heavy,0,Low,0,Low,0,3.92817,906.462,6.81065,0.0472261,0.0337413
3934,RL,6,Light Heavy,0,Low,0,Low,0,3.88073,894.195,6.79704,0.0469734,0.0337379
3935,RL,6,Light Heavy,0,Low,0,Low,0,3.90677,901.011,6.80463,0.0470042,0.0337346
3936,RL,6,Light Heavy,0,Low,0,Low,0,3.93438,908.609,6.81302,0.0469078,0.0337312
3937,RL,6,Light Heavy,0,Low,0,Low,0,3.90798,901.758,6.80545,0.0467303,0.0337278
3938,RL,6,Light Heavy,0,Low,0,Low,0,3.9313,907.445,6.81173,0.046711,0.0337244
3939,RL,6,Light Heavy,0,Low,0,Low,0,3.90676,900.927,6.80453,0.0470525,0.0337211
3940,RL,6,Light Heavy,0,Low,0,Low,0,3.92875,906.946,6.81118,0.0468499,0.0337177
3941,RL,6,Light Heavy,0,Low,0,Low,0,3.90818,901.505,6.80517,0.0469676,0.0337143
3942,RL,6,Light Heavy,0,Low,0,Low,0,3.9508,911.625,6.81632,0.0473553,0.033711
3943,RL,6,Light Heavy,0,Low,0,Low,0,3.92889,907.574,6.81188,0.0469869,0.0337076
3944,RL,6,Balanced,-0.693147,Low,0,Medium,1,3.91695,904.563,6.80856,0.0466937,0.0337042
3945,RL,7,Light Heavy,0.693147,Medium,1,Low,0,8.66648,1983.46,7.5931,0.0939757,0.0337008
3946,RL,6,Light Heavy,0,Low,0,Low,0,3.94373,910.647,6.81525,0.0471971,0.0336975
3947,RL,6,Light Heavy,0,Low,0,Low,0,3.96682,917.222,6.82244,0.0470563,0.0336941
3948,RL,6,Light Heavy,0,Low,0,Low,0,3.93826,910.804,6.81542,0.046684,0.0336907
3949,RL,6,Light Heavy,0,Low,0,Low,0,3.92363,905.54,6.80964,0.0469676,0.0336874
3950,RL,6,Light Heavy,0,Low,0,Low,0,3.88502,895.922,6.79897,0.0465721,0.033684
3951,RL,6,Light Heavy,0,Low,0,Low,0,4.00023,924.96,6.83083,0.0474653,0.0336806
3952,RL,6,Light Heavy,0,Low,0,Low,0,3.99637,923.271,6.82901,0.0475849,0.0336773
3953,RL,6,Light Heavy,0,Low,0,Low,0,3.961,914.46,6.81943,0.0471412,0.0336739
3954,RL,6,Light Heavy,0,Low,0,Low,0,3.91557,903.854,6.80777,0.0467535,0.0336705
3955,RL,6,Light Heavy,0,Low,0,Low,0,3.94136,909.026,6.81347,0.0476833,0.0336672
3956,RL,6,Light Heavy,0,Low,0,Low,0,3.93435,909.134,6.81359,0.0470775,0.0336638
3957,RL,6,Light Heavy,0,Low,0,Low,0,3.96135,916.075,6.82119,0.0468885,0.0336604
3958,RL,6,Light Heavy,0,Low,0,Low,0,3.95138,912.506,6.81729,0.047174,0.0336571
3959,RL,6,Light Heavy,0,Low,0,Low,0,3.94891,911.607,6.81631,0.046902,0.0336537
3960,RL,6,Light Heavy,0,Low,0,Low,0,3.90431,900.666,6.80424,0.047255,0.0336503
3961,RL,6,Light Heavy,0,Low,0,Low,0,3.89426,899.023,6.80242,0.0465876,0.033647
3962,RL,6,Light Heavy,0,Low,0,Low,0,3.89637,900.067,6.80358,0.0466049,0.0336436
3963,RL,6,Light Heavy,0,Low,0,Low,0,3.94147,908.36,6.81274,0.0476003,0.0336402
3964,RL,6,Light Heavy,0,Low,0,Low,0,3.95121,912.853,6.81767,0.0468345,0.0336369
3965,RL,6,Light Heavy,0,Low,0,Low,0,3.94533,910.196,6.81476,0.0472569,0.0336335
3966,RL,6,Light Heavy,0,Low,0,Low,0,3.9571,912.826,6.81764,0.04739,0.0336302
3967,RL,6,Light Heavy,0,Low,0,Low,0,3.8964,899.496,6.80295,0.0466956,0.0336268
3968,RL,6,Light Heavy,0,Low,0,Low,0,3.90765,901.492,6.80516,0.0470718,0.0336234
3969,RL,6,Light Heavy,0,Low,0,Low,0,3.91648,904.357,6.80833,0.047039,0.0336201
3970,RL,6,Light Heavy,0,Low,0,Low,0,3.9434,909.173,6.81363,0.0471373,0.0336167
3971,RL,6,Light Heavy,0,Low,0,Low,0,3.96859,916.117,6.82124,0.0472782,0.0336133
3972,RL,6,Light Heavy,0,Low,0,Low,0,3.94913,911.573,6.81627,0.0473206,0.03361
3973,RL,6,Light Heavy,0,Low,0,Low,0,3.94936,912.548,6.81734,0.0468808,0.0336066
3974,RL,6,Light Heavy,0,Low,0,Low,0,3.93785,909.349,6.81383,0.0471335,0.0336033
3975,RL,6,Light Heavy,0,Low,0,Low,0,3.95318,911.153,6.81581,0.0475829,0.0335999
3976,RL,6,Light Heavy,0,Low,0,Low,0,3.94272,910.15,6.81471,0.0473187,0.0335965
3977,RL,6,Light Heavy,0,Low,0,Low,0,3.91985,903.444,6.80732,0.0473129,0.0335932
3978,RL,6,Light Heavy,0,Low,0,Low,0,3.8984,900.56,6.80413,0.0466609,0.0335898
3979,RL,6,Light Heavy,0,Low,0,Low,0,3.93194,907.959,6.8123,0.0470004,0.0335865
3980,RL,6,Light Heavy,0,Low,0,Low,0,3.95077,912.785,6.8176,0.0471528,0.0335831
3981,RL,6,Light Heavy,0,Low,0,Low,0,3.94381,909.952,6.81449,0.0474884,0.0335797
3982,RL,6,Light Heavy,0,Low,0,Low,0,3.99607,922.061,6.82769,0.0476833,0.0335764
3983,RL,6,Light Heavy,0,Low,0,Low,0,3.96714,917.129,6.82234,0.0468827,0.033573
3984,RL,6,Light Heavy,0,Low,0,Low,0,3.94826,911.904,6.81663,0.0468924,0.0335697
3985,RL,6,Light Heavy,0,Low,0,Low,0,3.96583,914.698,6.81969,0.0475482,0.0335663
3986,RL,6,Light Heavy,0,Low,0,Low,0,3.92915,908.236,6.8126,0.0465625,0.033563
3987,RL,6,Light Heavy,0,Low,0,Low,0,3.83002,882.958,6.78441,0.0464699,0.0335596
3988,RL,6,Light Heavy,0,Low,0,Low,0,3.92092,904.971,6.80901,0.0471605,0.0335562
3989,RL,6,Light Heavy,0,Low,0,Low,0,3.93558,908.414,6.8128,0.0470081,0.0335529
3990,RL,6,Light Heavy,0,Low,0,Low,0,3.94392,910.866,6.81549,0.0470177,0.0335495
3991,RL,6,Light Heavy,0,Low,0,Low,0,3.89474,899.576,6.80303,0.0465779,0.0335462
3992,RL,6,Light Heavy,0,Low,0,Low,0,3.92685,906.832,6.81106,0.0472531,0.0335428
3993,RL,6,Light Heavy,0,Low,0,Low,0,3.93419,907.032,6.81128,0.0472627,0.0335395
3994,RL,6,Light Heavy,0,Low,0,Low,0,3.97595,918.723,6.82407,0.0471431,0.0335361
3995,RL,6,Light Heavy,0,Low,0,Low,0,3.97482,919.25,6.82465,0.0470042,0.0335328
3996,RL,6,BSDF Heavy,-1,Low,0,High,2,3.96425,915.726,6.82081,0.047419,0.0335294
3997,RL,8,Light Heavy,1,High,2,Low,0,14.9357,3417.6,8.13699,0.11072,0.0335261
3998,RL,6,Light Heavy,0,Low,0,Low,0,3.98644,921.422,6.827,0.0471566,0.0335227
3999,RL,6,Light Heavy,0,Low,0,Low,0,3.87239,893.216,6.79595,0.0466146,0.0335194
4000,RL,6,Balanced,-0.693147,Low,0,Medium,1,3.9903,922.072,6.82771,0.0473264,0.033516
4001,RL,7,Light Heavy,0.693147,Medium,1,Low,0,8.6617,1981.36,7.59204,0.0945313,0.0335127
4002,RL,6,Light Heavy,0,Low,0,Low,0,3.94707,911.168,6.81582,0.0472338,0.0335093
4003,RL,6,Light Heavy,0,Low,0,Low,0,3.94347,909.673,6.81418,0.0474691,0.033506
4004,RL,6,Light Heavy,0,Low,0,Low,0,3.94034,909.168,6.81363,0.0471779,0.0335026
4005,RL,6,Light Heavy,0,Low,0,Low,0,4.05296,938.37,6.84521,0.0475579,0.0334993
4006,RL,6,Light Heavy,0,Low,0,Low,0,3.88723,896.92,6.80008,0.0467978,0.0334959
4007,RL,6,Light Heavy,0,Low,0,Low,0,3.96671,915.986,6.82109,0.0472801,0.0334926
4008,RL,6,Light Heavy,0,Low,0,Low,0,3.96518,916.544,6.8217,0.046713,0.0334892
4009,RL,6,Light Heavy,0,Low,0,Low,0,3.90345,901.092,6.80472,0.0470409,0.0334859
4010,RL,6,Light Heavy,0,Low,0,Low,0,4.00049,923.707,6.82948,0.0475598,0.0334825
4011,RL,6,Light Heavy,0,Low,0,Low,0,3.86607,893.755,6.79655,0.0461478,0.0334792
4012,RL,6,Light Heavy,0,Low,0,Low,0,3.96365,915.508,6.82057,0.0471933,0.0334758
4013,RL,6,Light Heavy,0,Low,0,Low,0,3.95506,912.976,6.8178,0.047066,0.0334725
4014,RL,6,Light Heavy,0,Low,0,Low,0,3.88234,895.969,6.79902,0.0463889,0.0334691
4015,RL,6,Light Heavy,0,Low,0,Low,0,3.9547,912.977,6.81781,0.0472068,0.0334658
4016,RL,6,Light Heavy,0,Low,0,Low,0,3.92176,904.81,6.80883,0.0471451,0.0334624
4017,RL,6,Light Heavy,0,Low,0,Low,0,3.91372,903.193,6.80704,0.0470602,0.0334591
4018,RL,6,Light Heavy,0,Low,0,Low,0,3.96917,916.699,6.82187,0.0471258,0.0334557
4019,RL,6,Light Heavy,0,Low,0,Low,0,3.93114,906.522,6.81072,0.0471065,0.0334524
4020,RL,6,Light Heavy,0,Low,0,Low,0,3.91752,904.21,6.80817,0.046956,0.033449
4021,RL,6,Light Heavy,0,Low,0,Low,0,3.894,898.538,6.80188,0.0468904,0.0334457
4022,RL,6,Light Heavy,0,Low,0,Low,0,3.92614,905.402,6.80948,0.0472184,0.0334423
4023,RL,6,Light Heavy,0,Low,0,Low,0,3.96504,914.719,6.81971,0.0473727,0.033439
4024,RL,6,Light Heavy,0,Low,0,Low,0,3.90868,902.676,6.80647,0.0469097,0.0334357
4025,RL,6,Light Heavy,0,Low,0,Low,0,3.93725,909.518,6.81401,0.0469116,0.0334323
4026,RL,6,Light Heavy,0,Low,0,Low,0,3.93756,907.687,6.812,0.0473611,0.033429
4027,RL,6,Light Heavy,0,Low,0,Low,0,3.92947,905.941,6.81008,0.0471856,0.0334256
4028,RL,6,Light Heavy,0,Low,0,Low,0,3.94104,910.738,6.81535,0.0468885,0.0334223
4029,RL,6,Light Heavy,0,Low,0,Low,0,3.94331,911.415,6.81609,0.0473534,0.0334189
4030,RL,6,Light Heavy,0,Low,0,Low,0,3.96353,916.188,6.82131,0.0468461,0.0334156
4031,RL,6,Light Heavy,0,Low,0,Low,0,3.93383,907.451,6.81174,0.0473187,0.0334123
4032,RL,6,Light Heavy,0,Low,0,Low,0,3.88839,898.232,6.80154,0.0462886,0.0334089
4033,RL,6,Light Heavy,0,Low,0,Low,0,3.9094,901.189,6.80482,0.0469502,0.0334056
4034,RL,6,BSDF Heavy,-1,Low,0,High,2,3.91227,902.037,6.80576,0.0472608,0.0334022
4035,RL,8,Light Heavy,1,High,2,Low,0,14.9719,3425.87,8.1394,0.110654,0.0333989
4036,RL,6,Light Heavy,0,Low,0,Low,0,3.90762,901.435,6.8051,0.0472145,0.0333956
4037,RL,6,Light Heavy,0,Low,0,Low,0,3.96196,914.932,6.81994,0.047336,0.0333922
4038,RL,6,Light Heavy,0,Low,0,Low,0,3.90369,899.87,6.80336,0.0470023,0.0333889
4039,RL,6,Light Heavy,0,Low,0,Low,0,3.96463,914.398,6.81936,0.0474518,0.0333855
4040,RL,6,Light Heavy,0,Low,0,Low,0,3.89185,898.587,6.80194,0.0468962,0.0333822
4041,RL,6,Light Heavy,0,Low,0,Low,0,3.92565,904.852,6.80888,0.0473457,0.0333789
4042,RL,6,Light Heavy,0,Low,0,Low,0,3.93208,908.545,6.81294,0.0468731,0.0333755
4043,RL,6,Light Heavy,0,Low,0,Low,0,3.91326,903.443,6.80732,0.0466262,0.0333722
4044,RL,6,Light Heavy,0,Low,0,Low,0,3.93033,906.748,6.81097,0.0471509,0.0333689
4045,RL,6,Light Heavy,0,Low,0,Low,0,3.90112,899.575,6.80303,0.0471894,0.0333655
4046,RL,6,Light Heavy,0,Low,0,Low,0,3.87784,895.437,6.79843,0.0464178,0.0333622
4047,RL,6,Light Heavy,0,Low,0,Low,0,3.91732,903.803,6.80772,0.0470004,0.0333588
4048,RL,6,BSDF Heavy,-1,Low,0,High,2,3.96208,914.696,6.81968,0.0472801,0.0333555
4049,RL,8,Light Heavy,1,High,2,Low,0,14.9234,3418.32,8.1372,0.110102,0.0333522
4050,RL,6,Light Heavy,0,Low,0,Low,0,3.98833,921.555,6.82715,0.0470679,0.0333488
4051,RL,6,Light Heavy,0,Low,0,Low,0,3.9423,908.821,6.81325,0.0472338,0.0333455
4052,RL,6,Light Heavy,0,Low,0,Low,0,3.86713,891.574,6.79411,0.0467361,0.0333422
4053,RL,6,Light Heavy,0,Low,0,Low,0,3.89551,897.822,6.80109,0.0472203,0.0333388
4054,RL,6,Light Heavy,0,Low,0,Low,0,3.95446,914.035,6.81896,0.0468981,0.0333355
4055,RL,6,Light Heavy,0,Low,0,Low,0,3.94116,909.462,6.81395,0.0469637,0.0333322
4056,RL,6,Light Heavy,0,Low,0,Low,0,4.02702,931.66,6.83804,0.0471894,0.0333288
4057,RL,6,Light Heavy,0,Low,0,Low,0,3.91023,901.993,6.80572,0.047066,0.0333255
4058,RL,6,Light Heavy,0,Low,0,Low,0,3.92036,904.927,6.80896,0.0466705,0.0333222
4059,RL,6,Light Heavy,0,Low,0,Low,0,3.8925,897.96,6.80124,0.0469387,0.0333188
4060,RL,6,Light Heavy,0,Low,0,Low,0,3.89161,898.57,6.80192,0.0464352,0.0333155
4061,RL,6,BSDF Heavy,-1,Low,0,High,2,3.96471,916.913,6.8221,0.0468711,0.0333122
4062,RL,8,Light Heavy,1,High,2,Low,0,14.8478,3397.33,8.13104,0.109844,0.0333088
4063,RL,6,Light Heavy,0,Low,0,Low,0,3.93538,908.948,6.81339,0.0470235,0.0333055
4064,RL,6,Light Heavy,0,Low,0,Low,0,3.94779,910.84,6.81546,0.0474923,0.0333022
4065,RL,6,Light Heavy,0,Low,0,Low,0,3.92672,907.325,6.8116,0.0470332,0.0332989
4066,RL,6,Light Heavy,0,Low,0,Low,0,3.93469,908.733,6.81315,0.0470602,0.0332955
4067,RL,6,Light Heavy,0,Low,0,Low,0,3.92122,904.69,6.8087,0.0471489,0.0332922
4068,RL,6,Light Heavy,0,Low,0,Low,0,3.94972,912.977,6.81781,0.0468866,0.0332889
4069,RL,6,Light Heavy,0,Low,0,Low,0,3.92827,905.368,6.80945,0.0471952,0.0332855
4070,RL,6,Light Heavy,0,Low,0,Low,0,3.94138,908.768,6.81319,0.047527,0.0332822
4071,RL,6,Light Heavy,0,Low,0,Low,0,4.0121,926.689,6.8327,0.0475791,0.0332789
4072,RL,6,Light Heavy,0,Low,0,Low,0,3.92536,906.448,6.81064,0.0467033,0.0332756
4073,RL,6,Light Heavy,0,Low,0,Low,0,3.93199,907.531,6.81183,0.0469907,0.0332722
4074,RL,6,Light Heavy,0,Low,0,Low,0,3.94583,910.44,6.81503,0.0470853,0.0332689
4075,RL,6,Light Heavy,0,Low,0,Low,0,3.8935,898.472,6.80181,0.0467226,0.0332656
4076,RL,6,Light Heavy,0,Low,0,Low,0,3.9939,923.315,6.82905,0.047201,0.0332622
4077,RL,6,Light Heavy,0,Low,0,Low,0,3.97297,917.705,6.82297,0.0470293,0.0332589
4078,RL,6,Light Heavy,0,Low,0,Low,0,3.91666,903.566,6.80746,0.0471431,0.0332556
4079,RL,6,Light Heavy,0,Low,0,Low,0,4.01165,927.463,6.83353,0.0475309,0.0332523
4080,RL,6,Light Heavy,0,Low,0,Low,0,3.93666,909.771,6.81429,0.047064,0.0332489
4081,RL,6,Light Heavy,0,Low,0,Low,0,3.94009,909.927,6.81446,0.0469252,0.0332456
4082,RL,6,Light Heavy,0,Low,0,Low,0,3.94233,910.579,6.81518,0.0472377,0.0332423
4083,RL,6,Light Heavy,0,Low,0,Low,0,3.98863,922.047,6.82768,0.0475039,0.033239
4084,RL,6,Light Heavy,0,Low,0,Low,0,3.95712,914.101,6.81903,0.046684,0.0332357
4085,RL,6,Light Heavy,0,Low,0,Low,0,3.88395,896.961,6.80013,0.0466879,0.0332323
4086,RL,6,Light Heavy,0,Low,0,Low,0,3.91626,904.341,6.80831,0.0471836,0.033229
4087,RL,6,Light Heavy,0,Low,0,Low,0,3.96146,915.465,6.82052,0.0470949,0.0332257
4088,RL,6,Light Heavy,0,Low,0,Low,0,3.90717,901.325,6.80497,0.0470505,0.0332224
4089,RL,6,Light Heavy,0,Low,0,Low,0,4.01178,925.691,6.83162,0.0479745,0.033219
4090,RL,6,Light Heavy,0,Low,0,Low,0,3.90976,902.784,6.80659,0.0467593,0.0332157
4091,RL,6,Light Heavy,0,Low,0,Low,0,3.94689,912.397,6.81717,0.0469059,0.0332124
4092,RL,6,Light Heavy,0,Low,0,Low,0,3.95463,912.966,6.81779,0.047363,0.0332091
4093,RL,6,Light Heavy,0,Low,0,Low,0,3.97047,916.831,6.82201,0.047174,0.0332057
4094,RL,6,Light Heavy,0,Low,0,Low,0,3.94043,909.208,6.81367,0.0473553,0.0332024
4095,RL,6,Light Heavy,0,Low,0,Low,0,3.93014,907.47,6.81176,0.0472492,0.0331991
4096,RL,6,Light Heavy,0,Low,0,Low,0,3.92315,905.214,6.80928,0.0468789,0.0331958
