Iteration,Using RL?,State,Action,Reward,Variance Bucket,Variance Bucket Index,Next Variance Bucket Index,Next Variance Bucket Index,Mean Luminance,Luminance Variance,Log Luminance Variance,Bright Pixel Ratio,Epsilon
1,Baseline,0,Balanced,0,Low,0,Low,0,9.74697,2225.98,7.7084,0.0904755,0.1
2,Baseline,0,Balanced,0,Low,0,Low,0,9.67771,2209.41,7.70093,0.0901394,0.1
3,Baseline,0,Balanced,0,Low,0,Low,0,9.76245,2229.71,7.71007,0.0905609,0.1
4,Baseline,0,Balanced,0,Low,0,Low,0,9.73939,2225.11,7.70801,0.0903342,0.1
5,Baseline,0,Balanced,0,Low,0,Low,0,9.75753,2229.33,7.70991,0.0904234,0.1
6,Baseline,0,Balanced,0,Low,0,Low,0,9.75907,2229.18,7.70984,0.0902527,0.1
7,Baseline,0,Balanced,0,Low,0,Low,0,9.74367,2225.83,7.70833,0.0904094,0.1
8,Baseline,0,Balanced,0,Low,0,Low,0,9.78636,2233.98,7.71199,0.0903887,0.1
9,Baseline,0,Balanced,0,Low,0,Low,0,9.78111,2234.34,7.71215,0.0905112,0.1
10,Baseline,0,Balanced,0,Low,0,Low,0,9.71968,2221.01,7.70617,0.0902373,0.1
11,Baseline,0,Balanced,0,Low,0,Low,0,9.70994,2217.08,7.7044,0.0901606,0.1
12,Baseline,0,Balanced,0,Low,0,Low,0,9.76998,2231.39,7.71083,0.090313,0.1
13,Baseline,0,Balanced,0,Low,0,Low,0,9.71723,2219.72,7.70559,0.0903221,0.1
14,Baseline,0,Balanced,0,Low,0,Low,0,9.70075,2216.18,7.70399,0.0900776,0.1
15,Baseline,0,Balanced,0,Low,0,Low,0,9.73466,2222.56,7.70687,0.0903077,0.1
16,Baseline,0,Balanced,0,Low,0,Low,0,9.71845,2216.65,7.7042,0.0904065,0.1
17,Baseline,0,Balanced,0,Low,0,Low,0,9.76264,2229.01,7.70976,0.0906337,0.1
18,Baseline,0,Balanced,0,Low,0,Low,0,9.75675,2229.08,7.70979,0.0903829,0.1
19,Baseline,0,Balanced,0,Low,0,Low,0,9.74078,2224.56,7.70776,0.0903395,0.1
20,Baseline,0,Balanced,0,Low,0,Low,0,9.7733,2231.16,7.71073,0.0905324,0.1
21,Baseline,0,Balanced,0,Low,0,Low,0,9.75371,2227.92,7.70927,0.0905199,0.1
22,Baseline,0,Balanced,0,Low,0,Low,0,9.75159,2226.73,7.70874,0.0902542,0.1
23,Baseline,0,Balanced,0,Low,0,Low,0,9.73895,2223.85,7.70744,0.0904697,0.1
24,Baseline,0,Balanced,0,Low,0,Low,0,9.70255,2213.42,7.70275,0.0903231,0.1
25,Baseline,0,Balanced,0,Low,0,Low,0,9.72873,2222.75,7.70695,0.0904606,0.1
26,Baseline,0,Balanced,0,Low,0,Low,0,9.78435,2234.76,7.71234,0.0904253,0.1
27,Baseline,0,Balanced,0,Low,0,Low,0,9.72428,2220.34,7.70587,0.0902604,0.1
28,Baseline,0,Balanced,0,Low,0,Low,0,9.72412,2220.77,7.70606,0.0902474,0.1
29,Baseline,0,Balanced,0,Low,0,Low,0,9.7385,2222.64,7.7069,0.0903694,0.1
30,Baseline,0,Balanced,0,Low,0,Low,0,9.74179,2225.77,7.70831,0.0902677,0.1
31,Baseline,0,Balanced,0,Low,0,Low,0,9.73992,2224.65,7.7078,0.0905483,0.1
32,Baseline,0,Balanced,0,Low,0,Low,0,9.76336,2229.49,7.70998,0.0905652,0.1
33,Baseline,0,Balanced,0,Low,0,Low,0,9.73964,2224.58,7.70777,0.0903974,0.1
34,Baseline,0,Balanced,0,Low,0,Low,0,9.75683,2227.17,7.70894,0.0904022,0.1
35,Baseline,0,Balanced,0,Low,0,Low,0,9.75402,2227.44,7.70905,0.0902339,0.1
36,Baseline,0,Balanced,0,Low,0,Low,0,9.71975,2219.3,7.7054,0.0903612,0.1
37,Baseline,0,Balanced,0,Low,0,Low,0,9.76068,2228.04,7.70932,0.0905223,0.1
38,Baseline,0,Balanced,0,Low,0,Low,0,9.70497,2216.62,7.70419,0.0901341,0.1
39,Baseline,0,Balanced,0,Low,0,Low,0,9.74631,2226.29,7.70854,0.090014,0.1
40,Baseline,0,Balanced,0,Low,0,Low,0,9.73867,2225.14,7.70803,0.0903139,0.1
41,Baseline,0,Balanced,0,Low,0,Low,0,9.71367,2219.59,7.70553,0.090205,0.1
42,Baseline,0,Balanced,0,Low,0,Low,0,9.76284,2230.39,7.71038,0.0902286,0.1
43,Baseline,0,Balanced,0,Low,0,Low,0,9.70419,2216.57,7.70417,0.0903559,0.1
44,Baseline,0,Balanced,0,Low,0,Low,0,9.75676,2229.39,7.70993,0.090395,0.1
45,Baseline,0,Balanced,0,Low,0,Low,0,9.76662,2229.54,7.71,0.0905575,0.1
46,Baseline,0,Balanced,0,Low,0,Low,0,9.72116,2220.68,7.70602,0.0904548,0.1
47,Baseline,0,Balanced,0,Low,0,Low,0,9.6986,2214.39,7.70318,0.0900907,0.1
48,Baseline,0,Balanced,0,Low,0,Low,0,9.73604,2223.96,7.70749,0.0902725,0.1
49,Baseline,0,Balanced,0,Low,0,Low,0,9.7754,2232.67,7.7114,0.0903911,0.1
50,Baseline,0,Balanced,0,Low,0,Low,0,9.73647,2223.27,7.70718,0.090244,0.1
51,Baseline,0,Balanced,0,Low,0,Low,0,9.76682,2231.62,7.71093,0.0904282,0.1
52,Baseline,0,Balanced,0,Low,0,Low,0,9.73138,2221.27,7.70628,0.0903463,0.1
53,Baseline,0,Balanced,0,Low,0,Low,0,9.70294,2216.99,7.70436,0.0905396,0.1
54,Baseline,0,Balanced,0,Low,0,Low,0,9.80184,2236.68,7.7132,0.0907055,0.1
55,Baseline,0,Balanced,0,Low,0,Low,0,9.75348,2227.26,7.70898,0.0900429,0.1
56,Baseline,0,Balanced,0,Low,0,Low,0,9.78292,2234.12,7.71205,0.0905657,0.1
57,Baseline,0,Balanced,0,Low,0,Low,0,9.74937,2226.05,7.70843,0.0902271,0.1
58,Baseline,0,Balanced,0,Low,0,Low,0,9.72209,2219.46,7.70547,0.0904326,0.1
59,Baseline,0,Balanced,0,Low,0,Low,0,9.75403,2225.9,7.70837,0.0906453,0.1
60,Baseline,0,Balanced,0,Low,0,Low,0,9.76527,2230.81,7.71057,0.0907364,0.1
61,Baseline,0,Balanced,0,Low,0,Low,0,9.7935,2236.42,7.71308,0.0906901,0.1
62,Baseline,0,Balanced,0,Low,0,Low,0,9.7196,2219.4,7.70544,0.0901124,0.1
63,Baseline,0,Balanced,0,Low,0,Low,0,9.68541,2212.61,7.70238,0.0902315,0.1
64,Baseline,0,Balanced,0,Low,0,Low,0,9.74699,2225.81,7.70832,0.0905811,0.1
65,Baseline,0,Balanced,0,Low,0,Low,0,9.73623,2225.51,7.70819,0.0906318,0.1
66,Baseline,0,Balanced,0,Low,0,Low,0,9.74002,2224.21,7.70761,0.0903993,0.1
67,Baseline,0,Balanced,0,Low,0,Low,0,9.77812,2234.38,7.71217,0.0906858,0.1
68,Baseline,0,Balanced,0,Low,0,Low,0,9.73225,2223,7.70706,0.0906081,0.1
69,Baseline,0,Balanced,0,Low,0,Low,0,9.73109,2222.74,7.70694,0.0905117,0.1
70,Baseline,0,Balanced,0,Low,0,Low,0,9.74272,2225.22,7.70806,0.0903868,0.1
71,Baseline,0,Balanced,0,Low,0,Low,0,9.72057,2220.73,7.70604,0.0901008,0.1
72,Baseline,0,Balanced,0,Low,0,Low,0,9.73826,2223.11,7.70711,0.0906091,0.1
73,Baseline,0,Balanced,0,Low,0,Low,0,9.75316,2226.44,7.70861,0.0904302,0.1
74,Baseline,0,Balanced,0,Low,0,Low,0,9.74076,2224.47,7.70772,0.0905483,0.1
75,Baseline,0,Balanced,0,Low,0,Low,0,9.77087,2229.4,7.70993,0.0905044,0.1
76,Baseline,0,Balanced,0,Low,0,Low,0,9.72196,2220.43,7.7059,0.0904123,0.1
77,Baseline,0,Balanced,0,Low,0,Low,0,9.69736,2214.29,7.70314,0.0902252,0.1
78,Baseline,0,Balanced,0,Low,0,Low,0,9.72952,2221.32,7.70631,0.0903689,0.1
79,Baseline,0,Balanced,0,Low,0,Low,0,9.70855,2216.6,7.70418,0.090381,0.1
80,Baseline,0,Balanced,0,Low,0,Low,0,9.80333,2237.96,7.71377,0.090422,0.1
81,Baseline,0,Balanced,0,Low,0,Low,0,9.78518,2233.92,7.71196,0.090462,0.1
82,Baseline,0,Balanced,0,Low,0,Low,0,9.73621,2223.29,7.7072,0.0902792,0.1
83,Baseline,0,Balanced,0,Low,0,Low,0,9.7809,2233.27,7.71167,0.0904027,0.1
84,Baseline,0,Balanced,0,Low,0,Low,0,9.76061,2230.28,7.71033,0.0902069,0.1
85,Baseline,0,Balanced,0,Low,0,Low,0,9.7315,2222.4,7.70679,0.0901244,0.1
86,Baseline,0,Balanced,0,Low,0,Low,0,9.75897,2228.9,7.70971,0.0905001,0.1
87,Baseline,0,Balanced,0,Low,0,Low,0,9.73246,2222.09,7.70665,0.0902532,0.1
88,Baseline,0,Balanced,0,Low,0,Low,0,9.75085,2227.75,7.70919,0.0901215,0.1
89,Baseline,0,Balanced,0,Low,0,Low,0,9.78423,2235.34,7.71259,0.0907007,0.1
90,Baseline,0,Balanced,0,Low,0,Low,0,9.70069,2214.61,7.70328,0.090164,0.1
91,Baseline,0,Balanced,0,Low,0,Low,0,9.74025,2223.21,7.70716,0.0903781,0.1
92,Baseline,0,Balanced,0,Low,0,Low,0,9.76886,2230.24,7.71031,0.0904953,0.1
93,Baseline,0,Balanced,0,Low,0,Low,0,9.69443,2215.13,7.70352,0.0901066,0.1
94,Baseline,0,Balanced,0,Low,0,Low,0,9.72993,2221.7,7.70648,0.0903004,0.1
95,Baseline,0,Balanced,0,Low,0,Low,0,9.72458,2220.74,7.70605,0.0901562,0.1
96,Baseline,0,Balanced,0,Low,0,Low,0,9.78566,2234.67,7.71229,0.0905845,0.1
97,Baseline,0,Balanced,0,Low,0,Low,0,9.75285,2228.17,7.70939,0.0903819,0.1
98,Baseline,0,Balanced,0,Low,0,Low,0,9.76854,2229.78,7.71011,0.0905527,0.1
99,Baseline,0,Balanced,0,Low,0,Low,0,9.73812,2223.48,7.70728,0.0904943,0.1
100,Baseline,0,Balanced,0,Low,0,Low,0,9.74425,2225.12,7.70802,0.0903352,0.1
101,Baseline,0,Balanced,0,Low,0,Low,0,9.73551,2223.62,7.70734,0.089946,0.1
102,Baseline,0,Balanced,0,Low,0,Low,0,9.75883,2227.9,7.70926,0.09057,0.1
103,Baseline,0,Balanced,0,Low,0,Low,0,9.73017,2222.57,7.70687,0.0900309,0.1
104,Baseline,0,Balanced,0,Low,0,Low,0,9.72236,2221,7.70616,0.0902464,0.1
105,Baseline,0,Balanced,0,Low,0,Low,0,9.74512,2226.44,7.70861,0.090503,0.1
106,Baseline,0,Balanced,0,Low,0,Low,0,9.76411,2229.04,7.70977,0.0906491,0.1
107,Baseline,0,Balanced,0,Low,0,Low,0,9.70117,2216.22,7.70401,0.0902291,0.1
108,Baseline,0,Balanced,0,Low,0,Low,0,9.71268,2219.54,7.70551,0.0901934,0.1
109,Baseline,0,Balanced,0,Low,0,Low,0,9.7354,2222.98,7.70705,0.0903438,0.1
110,Baseline,0,Balanced,0,Low,0,Low,0,9.75297,2225.85,7.70834,0.0902498,0.1
111,Baseline,0,Balanced,0,Low,0,Low,0,9.70339,2217.16,7.70443,0.0901775,0.1
112,Baseline,0,Balanced,0,Low,0,Low,0,9.70553,2215.8,7.70382,0.0904451,0.1
113,Baseline,0,Balanced,0,Low,0,Low,0,9.77296,2230.76,7.71055,0.0907412,0.1
114,Baseline,0,Balanced,0,Low,0,Low,0,9.71753,2219.92,7.70568,0.0902628,0.1
115,Baseline,0,Balanced,0,Low,0,Low,0,9.70467,2214.16,7.70308,0.0903872,0.1
116,Baseline,0,Balanced,0,Low,0,Low,0,9.77041,2231.98,7.71109,0.0906515,0.1
117,Baseline,0,Balanced,0,Low,0,Low,0,9.7258,2220.36,7.70587,0.0904205,0.1
118,Baseline,0,Balanced,0,Low,0,Low,0,9.75838,2227.39,7.70903,0.0903656,0.1
119,Baseline,0,Balanced,0,Low,0,Low,0,9.71294,2217.44,7.70456,0.090462,0.1
120,Baseline,0,Balanced,0,Low,0,Low,0,9.73943,2223.47,7.70727,0.0903318,0.1
121,Baseline,0,Balanced,0,Low,0,Low,0,9.73595,2222.8,7.70697,0.0902797,0.1
122,Baseline,0,Balanced,0,Low,0,Low,0,9.68656,2211.75,7.70199,0.090108,0.1
123,Baseline,0,Balanced,0,Low,0,Low,0,9.76091,2229.76,7.7101,0.0906882,0.1
124,Baseline,0,Balanced,0,Low,0,Low,0,9.72331,2221.47,7.70638,0.0900526,0.1
125,Baseline,0,Balanced,0,Low,0,Low,0,9.7145,2218.42,7.705,0.0901968,0.1
126,Baseline,0,Balanced,0,Low,0,Low,0,9.7433,2225.72,7.70829,0.0904596,0.1
127,Baseline,0,Balanced,0,Low,0,Low,0,9.7055,2216.33,7.70406,0.0903983,0.1
128,Baseline,0,Balanced,0,Low,0,Low,0,9.79589,2236.56,7.71314,0.0906303,0.1
129,Baseline,0,Balanced,0,Low,0,Low,0,9.73934,2223.84,7.70744,0.0903453,0.1
130,Baseline,0,Balanced,0,Low,0,Low,0,9.7446,2225.31,7.7081,0.0901765,0.1
131,Baseline,0,Balanced,0,Low,0,Low,0,9.71118,2217.4,7.70454,0.0902083,0.1
132,Baseline,0,Balanced,0,Low,0,Low,0,9.7715,2230.28,7.71033,0.0906221,0.1
133,Baseline,0,Balanced,0,Low,0,Low,0,9.74486,2225.63,7.70824,0.0902373,0.1
134,Baseline,0,Balanced,0,Low,0,Low,0,9.71393,2218.45,7.70501,0.0900448,0.1
135,Baseline,0,Balanced,0,Low,0,Low,0,9.71233,2218.04,7.70483,0.0902595,0.1
136,Baseline,0,Balanced,0,Low,0,Low,0,9.7817,2233.74,7.71188,0.090639,0.1
137,Baseline,0,Balanced,0,Low,0,Low,0,9.75607,2228.48,7.70952,0.0902609,0.1
138,Baseline,0,Balanced,0,Low,0,Low,0,9.77075,2231.63,7.71093,0.090434,0.1
139,Baseline,0,Balanced,0,Low,0,Low,0,9.75555,2228.95,7.70973,0.0904895,0.1
140,Baseline,0,Balanced,0,Low,0,Low,0,9.76358,2229.31,7.7099,0.0904355,0.1
141,Baseline,0,Balanced,0,Low,0,Low,0,9.71046,2218.62,7.70509,0.0903858,0.1
142,Baseline,0,Balanced,0,Low,0,Low,0,9.76036,2229.51,7.70998,0.0904895,0.1
143,Baseline,0,Balanced,0,Low,0,Low,0,9.76014,2228.84,7.70968,0.0902667,0.1
144,Baseline,0,Balanced,0,Low,0,Low,0,9.81318,2240.28,7.7148,0.0906867,0.1
145,Baseline,0,Balanced,0,Low,0,Low,0,9.7196,2217.74,7.70469,0.0903294,0.1
146,Baseline,0,Balanced,0,Low,0,Low,0,9.78068,2232.19,7.71119,0.0905642,0.1
147,Baseline,0,Balanced,0,Low,0,Low,0,9.77823,2233.88,7.71194,0.0907547,0.1
148,Baseline,0,Balanced,0,Low,0,Low,0,9.72764,2221.02,7.70617,0.0901828,0.1
149,Baseline,0,Balanced,0,Low,0,Low,0,9.74463,2225.84,7.70834,0.0906105,0.1
150,Baseline,0,Balanced,0,Low,0,Low,0,9.77049,2230.4,7.71038,0.0904929,0.1
151,Baseline,0,Balanced,0,Low,0,Low,0,9.73129,2222.57,7.70687,0.0901857,0.1
152,Baseline,0,Balanced,0,Low,0,Low,0,9.67084,2209.93,7.70117,0.0902093,0.1
153,Baseline,0,Balanced,0,Low,0,Low,0,9.75947,2228.13,7.70937,0.0904731,0.1
154,Baseline,0,Balanced,0,Low,0,Low,0,9.69153,2212.39,7.70228,0.0901384,0.1
155,Baseline,0,Balanced,0,Low,0,Low,0,9.74803,2225.12,7.70801,0.0905922,0.1
156,Baseline,0,Balanced,0,Low,0,Low,0,9.74159,2225.59,7.70823,0.0903168,0.1
157,Baseline,0,Balanced,0,Low,0,Low,0,9.70076,2214.79,7.70336,0.0902672,0.1
158,Baseline,0,Balanced,0,Low,0,Low,0,9.72914,2220.75,7.70605,0.0902484,0.1
159,Baseline,0,Balanced,0,Low,0,Low,0,9.73333,2223.19,7.70715,0.0904321,0.1
160,Baseline,0,Balanced,0,Low,0,Low,0,9.77326,2230.48,7.71042,0.0907075,0.1
161,Baseline,0,Balanced,0,Low,0,Low,0,9.70327,2215.95,7.70389,0.090053,0.1
162,Baseline,0,Balanced,0,Low,0,Low,0,9.75656,2227.97,7.7093,0.0902566,0.1
163,Baseline,0,Balanced,0,Low,0,Low,0,9.78165,2234.38,7.71217,0.0904784,0.1
164,Baseline,0,Balanced,0,Low,0,Low,0,9.75073,2225.4,7.70814,0.0904741,0.1
165,Baseline,0,Balanced,0,Low,0,Low,0,9.70151,2215.94,7.70388,0.0902132,0.1
166,Baseline,0,Balanced,0,Low,0,Low,0,9.76028,2229.16,7.70983,0.0904138,0.1
167,Baseline,0,Balanced,0,Low,0,Low,0,9.74755,2226.21,7.70851,0.0904032,0.1
168,Baseline,0,Balanced,0,Low,0,Low,0,9.74622,2225.08,7.708,0.0904707,0.1
169,Baseline,0,Balanced,0,Low,0,Low,0,9.72075,2221.14,7.70623,0.0902455,0.1
170,Baseline,0,Balanced,0,Low,0,Low,0,9.71672,2218.19,7.7049,0.0902021,0.1
171,Baseline,0,Balanced,0,Low,0,Low,0,9.75077,2226.92,7.70882,0.090327,0.1
172,Baseline,0,Balanced,0,Low,0,Low,0,9.77516,2231.88,7.71105,0.0905078,0.1
173,Baseline,0,Balanced,0,Low,0,Low,0,9.73467,2222.93,7.70703,0.0901755,0.1
174,Baseline,0,Balanced,0,Low,0,Low,0,9.71701,2219.67,7.70556,0.0902855,0.1
175,Baseline,0,Balanced,0,Low,0,Low,0,9.70539,2216.63,7.70419,0.0901567,0.1
176,Baseline,0,Balanced,0,Low,0,Low,0,9.7351,2221.47,7.70637,0.0904253,0.1
177,Baseline,0,Balanced,0,Low,0,Low,0,9.70803,2218.33,7.70496,0.0902083,0.1
178,Baseline,0,Balanced,0,Low,0,Low,0,9.7386,2223.52,7.7073,0.0905175,0.1
179,Baseline,0,Balanced,0,Low,0,Low,0,9.71832,2218.85,7.70519,0.0901861,0.1
180,Baseline,0,Balanced,0,Low,0,Low,0,9.75224,2227.92,7.70927,0.0901509,0.1
181,Baseline,0,Balanced,0,Low,0,Low,0,9.78117,2233.19,7.71163,0.0907523,0.1
182,Baseline,0,Balanced,0,Low,0,Low,0,9.75701,2228.37,7.70947,0.0904736,0.1
183,Baseline,0,Balanced,0,Low,0,Low,0,9.72438,2220.45,7.70591,0.0903395,0.1
184,Baseline,0,Balanced,0,Low,0,Low,0,9.74007,2224.87,7.7079,0.0903872,0.1
185,Baseline,0,Balanced,0,Low,0,Low,0,9.73855,2223.75,7.7074,0.0904745,0.1
186,Baseline,0,Balanced,0,Low,0,Low,0,9.75083,2226.77,7.70876,0.090422,0.1
187,Baseline,0,Balanced,0,Low,0,Low,0,9.74819,2226.98,7.70885,0.0902566,0.1
188,Baseline,0,Balanced,0,Low,0,Low,0,9.75758,2227.56,7.70911,0.0906361,0.1
189,Baseline,0,Balanced,0,Low,0,Low,0,9.74444,2225.69,7.70827,0.090094,0.1
190,Baseline,0,Balanced,0,Low,0,Low,0,9.73162,2221.13,7.70622,0.0905898,0.1
191,Baseline,0,Balanced,0,Low,0,Low,0,9.75299,2226.56,7.70866,0.0903284,0.1
192,Baseline,0,Balanced,0,Low,0,Low,0,9.7166,2218.43,7.70501,0.09049,0.1
193,Baseline,0,Balanced,0,Low,0,Low,0,9.71337,2217.96,7.70479,0.0901741,0.1
194,Baseline,0,Balanced,0,Low,0,Low,0,9.74428,2225.83,7.70834,0.0902464,0.1
195,Baseline,0,Balanced,0,Low,0,Low,0,9.75757,2227.02,7.70887,0.0903713,0.1
196,Baseline,0,Balanced,0,Low,0,Low,0,9.72334,2220.41,7.7059,0.0903863,0.1
197,Baseline,0,Balanced,0,Low,0,Low,0,9.71286,2217.89,7.70476,0.0904191,0.1
198,Baseline,0,Balanced,0,Low,0,Low,0,9.74805,2226.05,7.70844,0.0903718,0.1
199,Baseline,0,Balanced,0,Low,0,Low,0,9.71447,2217.52,7.7046,0.0900583,0.1
200,Baseline,0,Balanced,0,Low,0,Low,0,9.73206,2222.54,7.70686,0.0904374,0.1
201,Baseline,0,Balanced,0,Low,0,Low,0,9.73157,2222.24,7.70672,0.0902021,0.1
202,Baseline,0,Balanced,0,Low,0,Low,0,9.74922,2226.19,7.70849,0.0904393,0.1
203,Baseline,0,Balanced,0,Low,0,Low,0,9.68764,2212.09,7.70214,0.090096,0.1
204,Baseline,0,Balanced,0,Low,0,Low,0,9.71272,2217.33,7.70451,0.0902614,0.1
205,Baseline,0,Balanced,0,Low,0,Low,0,9.72188,2219.89,7.70566,0.0904822,0.1
206,Baseline,0,Balanced,0,Low,0,Low,0,9.74308,2223.69,7.70737,0.090354,0.1
207,Baseline,0,Balanced,0,Low,0,Low,0,9.75239,2227.34,7.70901,0.0902416,0.1
208,Baseline,0,Balanced,0,Low,0,Low,0,9.72121,2220.55,7.70596,0.0903294,0.1
209,Baseline,0,Balanced,0,Low,0,Low,0,9.77136,2231.93,7.71107,0.0904577,0.1
210,Baseline,0,Balanced,0,Low,0,Low,0,9.73787,2224.84,7.70789,0.0903573,0.1
211,Baseline,0,Balanced,0,Low,0,Low,0,9.72753,2221.75,7.7065,0.0903467,0.1
212,Baseline,0,Balanced,0,Low,0,Low,0,9.76453,2231.17,7.71073,0.0904977,0.1
213,Baseline,0,Balanced,0,Low,0,Low,0,9.76447,2229.93,7.71017,0.090638,0.1
214,Baseline,0,Balanced,0,Low,0,Low,0,9.75771,2227.93,7.70928,0.0903414,0.1
215,Baseline,0,Balanced,0,Low,0,Low,0,9.75484,2227.77,7.7092,0.0905869,0.1
216,Baseline,0,Balanced,0,Low,0,Low,0,9.74577,2226.04,7.70843,0.0903868,0.1
217,Baseline,0,Balanced,0,Low,0,Low,0,9.7465,2225.51,7.70819,0.0902513,0.1
218,Baseline,0,Balanced,0,Low,0,Low,0,9.73126,2222.21,7.70671,0.0902869,0.1
219,Baseline,0,Balanced,0,Low,0,Low,0,9.72324,2218.12,7.70487,0.0905184,0.1
220,Baseline,0,Balanced,0,Low,0,Low,0,9.77278,2231.55,7.7109,0.0905739,0.1
221,Baseline,0,Balanced,0,Low,0,Low,0,9.77749,2233.29,7.71168,0.090395,0.1
222,Baseline,0,Balanced,0,Low,0,Low,0,9.75836,2228.97,7.70974,0.0903694,0.1
223,Baseline,0,Balanced,0,Low,0,Low,0,9.72891,2221.04,7.70618,0.0904244,0.1
224,Baseline,0,Balanced,0,Low,0,Low,0,9.72352,2220.69,7.70602,0.090203,0.1
225,Baseline,0,Balanced,0,Low,0,Low,0,9.70416,2215.61,7.70373,0.0902956,0.1
226,Baseline,0,Balanced,0,Low,0,Low,0,9.78983,2235.74,7.71278,0.090422,0.1
227,Baseline,0,Balanced,0,Low,0,Low,0,9.73088,2223.11,7.70711,0.0902503,0.1
228,Baseline,0,Balanced,0,Low,0,Low,0,9.73615,2224.75,7.70785,0.0902894,0.1
229,Baseline,0,Balanced,0,Low,0,Low,0,9.76638,2230.62,7.71048,0.090422,0.1
230,Baseline,0,Balanced,0,Low,0,Low,0,9.77557,2232.6,7.71137,0.0903844,0.1
231,Baseline,0,Balanced,0,Low,0,Low,0,9.75317,2227.58,7.70912,0.0903848,0.1
232,Baseline,0,Balanced,0,Low,0,Low,0,9.71047,2216.86,7.7043,0.0902845,0.1
233,Baseline,0,Balanced,0,Low,0,Low,0,9.80401,2237.86,7.71372,0.0906462,0.1
234,Baseline,0,Balanced,0,Low,0,Low,0,9.76006,2226.36,7.70857,0.0907923,0.1
235,Baseline,0,Balanced,0,Low,0,Low,0,9.74665,2226.71,7.70873,0.0902484,0.1
236,Baseline,0,Balanced,0,Low,0,Low,0,9.69475,2214.21,7.7031,0.0901259,0.1
237,Baseline,0,Balanced,0,Low,0,Low,0,9.78299,2234.2,7.71208,0.0905252,0.1
238,Baseline,0,Balanced,0,Low,0,Low,0,9.73581,2223.94,7.70749,0.0902662,0.1
239,Baseline,0,Balanced,0,Low,0,Low,0,9.75533,2226.41,7.7086,0.090666,0.1
240,Baseline,0,Balanced,0,Low,0,Low,0,9.73272,2221.65,7.70645,0.090299,0.1
241,Baseline,0,Balanced,0,Low,0,Low,0,9.71884,2217.94,7.70478,0.0903646,0.1
242,Baseline,0,Balanced,0,Low,0,Low,0,9.76008,2228.51,7.70954,0.0905204,0.1
243,Baseline,0,Balanced,0,Low,0,Low,0,9.73716,2223.47,7.70727,0.0904851,0.1
244,Baseline,0,Balanced,0,Low,0,Low,0,9.70243,2215.86,7.70385,0.0901968,0.1
245,Baseline,0,Balanced,0,Low,0,Low,0,9.70321,2215.99,7.7039,0.0899744,0.1
246,Baseline,0,Balanced,0,Low,0,Low,0,9.67919,2210.1,7.70125,0.0900796,0.1
247,Baseline,0,Balanced,0,Low,0,Low,0,9.76922,2230.88,7.7106,0.0904311,0.1
248,Baseline,0,Balanced,0,Low,0,Low,0,9.75626,2228.25,7.70942,0.0904996,0.1
249,Baseline,0,Balanced,0,Low,0,Low,0,9.78728,2234.68,7.7123,0.0905623,0.1
250,Baseline,0,Balanced,0,Low,0,Low,0,9.75672,2227.11,7.70891,0.0904789,0.1
251,Baseline,0,Balanced,0,Low,0,Low,0,9.73087,2222,7.70661,0.090271,0.1
252,Baseline,0,Balanced,0,Low,0,Low,0,9.75495,2226.31,7.70855,0.090529,0.1
253,Baseline,0,Balanced,0,Low,0,Low,0,9.75618,2228.18,7.70939,0.0904123,0.1
254,Baseline,0,Balanced,0,Low,0,Low,0,9.76929,2230.21,7.7103,0.0906308,0.1
255,Baseline,0,Balanced,0,Low,0,Low,0,9.76724,2230.87,7.7106,0.0906043,0.1
256,Baseline,0,Balanced,0,Low,0,Low,0,9.76655,2230.87,7.71059,0.0904552,0.1
257,Baseline,0,Balanced,0,Low,0,Low,0,9.76927,2228.98,7.70975,0.0906679,0.1
258,Baseline,0,Balanced,0,Low,0,Low,0,9.74598,2225.08,7.708,0.090352,0.1
259,Baseline,0,Balanced,0,Low,0,Low,0,9.73562,2223.66,7.70736,0.0902459,0.1
260,Baseline,0,Balanced,0,Low,0,Low,0,9.7311,2222.79,7.70697,0.0902054,0.1
261,Baseline,0,Balanced,0,Low,0,Low,0,9.7948,2237.03,7.71335,0.0905054,0.1
262,Baseline,0,Balanced,0,Low,0,Low,0,9.7333,2222.15,7.70668,0.09023,0.1
263,Baseline,0,Balanced,0,Low,0,Low,0,9.7836,2234.16,7.71207,0.090557,0.1
264,Baseline,0,Balanced,0,Low,0,Low,0,9.73828,2224.56,7.70776,0.0903964,0.1
265,Baseline,0,Balanced,0,Low,0,Low,0,9.7306,2222.18,7.7067,0.090502,0.1
266,Baseline,0,Balanced,0,Low,0,Low,0,9.76771,2230.4,7.71038,0.0902739,0.1
267,Baseline,0,Balanced,0,Low,0,Low,0,9.77604,2231.41,7.71084,0.0906202,0.1
268,Baseline,0,Balanced,0,Low,0,Low,0,9.66241,2208.2,7.70039,0.0901519,0.1
269,Baseline,0,Balanced,0,Low,0,Low,0,9.71851,2221.64,7.70645,0.0902479,0.1
270,Baseline,0,Balanced,0,Low,0,Low,0,9.76563,2230.01,7.71021,0.0902122,0.1
271,Baseline,0,Balanced,0,Low,0,Low,0,9.74363,2225.58,7.70822,0.0904249,0.1
272,Baseline,0,Balanced,0,Low,0,Low,0,9.75485,2227.8,7.70922,0.0905194,0.1
273,Baseline,0,Balanced,0,Low,0,Low,0,9.75801,2228.16,7.70938,0.0903342,0.1
274,Baseline,0,Balanced,0,Low,0,Low,0,9.72354,2221.94,7.70659,0.090286,0.1
275,Baseline,0,Balanced,0,Low,0,Low,0,9.77308,2232.74,7.71143,0.0903217,0.1
276,Baseline,0,Balanced,0,Low,0,Low,0,9.78551,2235.57,7.7127,0.0907152,0.1
277,Baseline,0,Balanced,0,Low,0,Low,0,9.6894,2213.77,7.7029,0.0903877,0.1
278,Baseline,0,Balanced,0,Low,0,Low,0,9.7846,2236.04,7.71291,0.0902763,0.1
279,Baseline,0,Balanced,0,Low,0,Low,0,9.75554,2226.75,7.70875,0.0903549,0.1
280,Baseline,0,Balanced,0,Low,0,Low,0,9.73356,2222.64,7.7069,0.0903786,0.1
281,Baseline,0,Balanced,0,Low,0,Low,0,9.73168,2223.72,7.70739,0.0901066,0.1
282,Baseline,0,Balanced,0,Low,0,Low,0,9.71826,2221.09,7.7062,0.0902961,0.1
283,Baseline,0,Balanced,0,Low,0,Low,0,9.74114,2224.55,7.70776,0.090205,0.1
284,Baseline,0,Balanced,0,Low,0,Low,0,9.71831,2219.36,7.70542,0.090407,0.1
285,Baseline,0,Balanced,0,Low,0,Low,0,9.77799,2232.13,7.71116,0.0903607,0.1
286,Baseline,0,Balanced,0,Low,0,Low,0,9.74295,2225.77,7.70831,0.090462,0.1
287,Baseline,0,Balanced,0,Low,0,Low,0,9.73865,2224.87,7.7079,0.0901948,0.1
288,Baseline,0,Balanced,0,Low,0,Low,0,9.71881,2218.72,7.70514,0.0903791,0.1
289,Baseline,0,Balanced,0,Low,0,Low,0,9.74154,2224.67,7.70781,0.090353,0.1
290,Baseline,0,Balanced,0,Low,0,Low,0,9.74227,2223.61,7.70734,0.0903091,0.1
291,Baseline,0,Balanced,0,Low,0,Low,0,9.74528,2226.33,7.70856,0.090488,0.1
292,Baseline,0,Balanced,0,Low,0,Low,0,9.71196,2218.83,7.70519,0.0901871,0.1
293,Baseline,0,Balanced,0,Low,0,Low,0,9.7674,2229.41,7.70994,0.0907755,0.1
294,Baseline,0,Balanced,0,Low,0,Low,0,9.69707,2213.93,7.70297,0.0904413,0.1
295,Baseline,0,Balanced,0,Low,0,Low,0,9.75139,2226.36,7.70857,0.0903815,0.1
296,Baseline,0,Balanced,0,Low,0,Low,0,9.75254,2226.21,7.7085,0.0905097,0.1
297,Baseline,0,Balanced,0,Low,0,Low,0,9.79458,2236.51,7.71312,0.0906308,0.1
298,Baseline,0,Balanced,0,Low,0,Low,0,9.69594,2212.56,7.70236,0.090178,0.1
299,Baseline,0,Balanced,0,Low,0,Low,0,9.7495,2225.49,7.70818,0.090462,0.1
300,Baseline,0,Balanced,0,Low,0,Low,0,9.7361,2223.99,7.70751,0.0902807,0.1
301,Baseline,0,Balanced,0,Low,0,Low,0,9.76812,2230.12,7.71026,0.0906052,0.1
302,Baseline,0,Balanced,0,Low,0,Low,0,9.72017,2219.52,7.7055,0.0901331,0.1
303,Baseline,0,Balanced,0,Low,0,Low,0,9.7262,2221.33,7.70631,0.090326,0.1
304,Baseline,0,Balanced,0,Low,0,Low,0,9.7304,2222.48,7.70683,0.0904938,0.1
305,Baseline,0,Balanced,0,Low,0,Low,0,9.72559,2220.54,7.70596,0.090517,0.1
306,Baseline,0,Balanced,0,Low,0,Low,0,9.72913,2222.48,7.70683,0.0903323,0.1
307,Baseline,0,Balanced,0,Low,0,Low,0,9.75623,2228.69,7.70962,0.0904866,0.1
308,Baseline,0,Balanced,0,Low,0,Low,0,9.74998,2225.2,7.70805,0.0904895,0.1
309,Baseline,0,Balanced,0,Low,0,Low,0,9.74505,2225.6,7.70823,0.0902527,0.1
310,Baseline,0,Balanced,0,Low,0,Low,0,9.78409,2233.25,7.71166,0.0905937,0.1
311,Baseline,0,Balanced,0,Low,0,Low,0,9.68995,2214.65,7.7033,0.0899016,0.1
312,Baseline,0,Balanced,0,Low,0,Low,0,9.70332,2216.36,7.70407,0.0900815,0.1
313,Baseline,0,Balanced,0,Low,0,Low,0,9.69833,2215.19,7.70354,0.0903082,0.1
314,Baseline,0,Balanced,0,Low,0,Low,0,9.76695,2230.4,7.71038,0.0905368,0.1
315,Baseline,0,Balanced,0,Low,0,Low,0,9.73421,2221.74,7.70649,0.0904379,0.1
316,Baseline,0,Balanced,0,Low,0,Low,0,9.72811,2220.93,7.70613,0.0900275,0.1
317,Baseline,0,Balanced,0,Low,0,Low,0,9.72042,2220.16,7.70579,0.0901562,0.1
318,Baseline,0,Balanced,0,Low,0,Low,0,9.77437,2231.18,7.71073,0.0906086,0.1
319,Baseline,0,Balanced,0,Low,0,Low,0,9.73343,2222.56,7.70687,0.0903506,0.1
320,Baseline,0,Balanced,0,Low,0,Low,0,9.77346,2232.25,7.71121,0.0905368,0.1
321,Baseline,0,Balanced,0,Low,0,Low,0,9.74097,2224.7,7.70783,0.090421,0.1
322,Baseline,0,Balanced,0,Low,0,Low,0,9.7207,2219.31,7.7054,0.0901688,0.1
323,Baseline,0,Balanced,0,Low,0,Low,0,9.70292,2216.21,7.70401,0.0902001,0.1
324,Baseline,0,Balanced,0,Low,0,Low,0,9.74092,2224.29,7.70764,0.0905787,0.1
325,Baseline,0,Balanced,0,Low,0,Low,0,9.76333,2230.16,7.71028,0.0902083,0.1
326,Baseline,0,Balanced,0,Low,0,Low,0,9.74299,2223.46,7.70727,0.0905695,0.1
327,Baseline,0,Balanced,0,Low,0,Low,0,9.74833,2226.55,7.70866,0.0901953,0.1
328,Baseline,0,Balanced,0,Low,0,Low,0,9.71609,2219.36,7.70543,0.0902098,0.1
329,Baseline,0,Balanced,0,Low,0,Low,0,9.75504,2227.81,7.70922,0.0903545,0.1
330,Baseline,0,Balanced,0,Low,0,Low,0,9.71016,2219.55,7.70551,0.0899918,0.1
331,Baseline,0,Balanced,0,Low,0,Low,0,9.70982,2218.65,7.70511,0.0901799,0.1
332,Baseline,0,Balanced,0,Low,0,Low,0,9.77687,2232.47,7.71131,0.090706,0.1
333,Baseline,0,Balanced,0,Low,0,Low,0,9.7172,2219.97,7.7057,0.090231,0.1
334,Baseline,0,Balanced,0,Low,0,Low,0,9.77805,2232.5,7.71133,0.0905073,0.1
335,Baseline,0,Balanced,0,Low,0,Low,0,9.74475,2224.58,7.70777,0.0903573,0.1
336,Baseline,0,Balanced,0,Low,0,Low,0,9.74855,2224.84,7.70789,0.0905893,0.1
337,Baseline,0,Balanced,0,Low,0,Low,0,9.72395,2220.29,7.70584,0.0905155,0.1
338,Baseline,0,Balanced,0,Low,0,Low,0,9.7271,2222.45,7.70681,0.090216,0.1
339,Baseline,0,Balanced,0,Low,0,Low,0,9.77185,2231.19,7.71074,0.09053,0.1
340,Baseline,0,Balanced,0,Low,0,Low,0,9.76429,2229.24,7.70986,0.0905035,0.1
341,Baseline,0,Balanced,0,Low,0,Low,0,9.75664,2228.01,7.70931,0.0906597,0.1
342,Baseline,0,Balanced,0,Low,0,Low,0,9.6908,2213.04,7.70257,0.090191,0.1
343,Baseline,0,Balanced,0,Low,0,Low,0,9.74169,2224.23,7.70762,0.0906867,0.1
344,Baseline,0,Balanced,0,Low,0,Low,0,9.7586,2227.17,7.70893,0.0905855,0.1
345,Baseline,0,Balanced,0,Low,0,Low,0,9.7254,2221.7,7.70648,0.0903901,0.1
346,Baseline,0,Balanced,0,Low,0,Low,0,9.71682,2219.67,7.70557,0.0901726,0.1
347,Baseline,0,Balanced,0,Low,0,Low,0,9.73999,2223.77,7.70741,0.0905093,0.1
348,Baseline,0,Balanced,0,Low,0,Low,0,9.75407,2226.23,7.70851,0.0906438,0.1
349,Baseline,0,Balanced,0,Low,0,Low,0,9.72898,2220.76,7.70606,0.0904895,0.1
350,Baseline,0,Balanced,0,Low,0,Low,0,9.70525,2214.89,7.70341,0.0903737,0.1
351,Baseline,0,Balanced,0,Low,0,Low,0,9.72896,2221.63,7.70645,0.0903477,0.1
352,Baseline,0,Balanced,0,Low,0,Low,0,9.75454,2227.9,7.70926,0.0906062,0.1
353,Baseline,0,Balanced,0,Low,0,Low,0,9.71804,2219.74,7.70559,0.0903405,0.1
354,Baseline,0,Balanced,0,Low,0,Low,0,9.70818,2216.08,7.70395,0.0903183,0.1
355,Baseline,0,Balanced,0,Low,0,Low,0,9.77711,2232.16,7.71117,0.090571,0.1
356,Baseline,0,Balanced,0,Low,0,Low,0,9.74365,2227.09,7.7089,0.0903844,0.1
357,Baseline,0,Balanced,0,Low,0,Low,0,9.73482,2223.98,7.7075,0.0902464,0.1
358,Baseline,0,Balanced,0,Low,0,Low,0,9.73619,2223.9,7.70747,0.0903443,0.1
359,Baseline,0,Balanced,0,Low,0,Low,0,9.77415,2231.01,7.71066,0.0907219,0.1
360,Baseline,0,Balanced,0,Low,0,Low,0,9.75903,2227.99,7.7093,0.0904456,0.1
361,Baseline,0,Balanced,0,Low,0,Low,0,9.7782,2232.74,7.71143,0.0905237,0.1
362,Baseline,0,Balanced,0,Low,0,Low,0,9.75659,2227.35,7.70902,0.0904442,0.1
363,Baseline,0,Balanced,0,Low,0,Low,0,9.70403,2217.02,7.70437,0.0900709,0.1
364,Baseline,0,Balanced,0,Low,0,Low,0,9.71964,2220.81,7.70608,0.0901379,0.1
365,Baseline,0,Balanced,0,Low,0,Low,0,9.73677,2223.72,7.70739,0.0902382,0.1
366,Baseline,0,Balanced,0,Low,0,Low,0,9.7578,2228.96,7.70974,0.0903212,0.1
367,Baseline,0,Balanced,0,Low,0,Low,0,9.76042,2228.28,7.70944,0.0906014,0.1
368,Baseline,0,Balanced,0,Low,0,Low,0,9.78073,2233.61,7.71182,0.0904157,0.1
369,Baseline,0,Balanced,0,Low,0,Low,0,9.73283,2222.73,7.70694,0.0906356,0.1
370,Baseline,0,Balanced,0,Low,0,Low,0,9.763,2229.05,7.70978,0.0904364,0.1
371,Baseline,0,Balanced,0,Low,0,Low,0,9.74274,2224.65,7.70781,0.090422,0.1
372,Baseline,0,Balanced,0,Low,0,Low,0,9.72215,2220.18,7.70579,0.0902903,0.1
373,Baseline,0,Balanced,0,Low,0,Low,0,9.75406,2227.1,7.70891,0.0905069,0.1
374,Baseline,0,Balanced,0,Low,0,Low,0,9.73054,2220.95,7.70614,0.0906327,0.1
375,Baseline,0,Balanced,0,Low,0,Low,0,9.74931,2227.22,7.70896,0.0902305,0.1
376,Baseline,0,Balanced,0,Low,0,Low,0,9.73003,2222.89,7.70701,0.0902257,0.1
377,Baseline,0,Balanced,0,Low,0,Low,0,9.79161,2235.11,7.71249,0.0906949,0.1
378,Baseline,0,Balanced,0,Low,0,Low,0,9.73058,2222.09,7.70665,0.090176,0.1
379,Baseline,0,Balanced,0,Low,0,Low,0,9.71867,2220.89,7.70611,0.0903101,0.1
380,Baseline,0,Balanced,0,Low,0,Low,0,9.77423,2230.04,7.71022,0.0905194,0.1
381,Baseline,0,Balanced,0,Low,0,Low,0,9.74573,2226.05,7.70843,0.0905001,0.1
382,Baseline,0,Balanced,0,Low,0,Low,0,9.75641,2227.47,7.70907,0.0903656,0.1
383,Baseline,0,Balanced,0,Low,0,Low,0,9.73366,2222.05,7.70663,0.09038,0.1
384,Baseline,0,Balanced,0,Low,0,Low,0,9.74393,2224.59,7.70778,0.0903381,0.1
385,Baseline,0,Balanced,0,Low,0,Low,0,9.72992,2219.36,7.70543,0.0905001,0.1
386,Baseline,0,Balanced,0,Low,0,Low,0,9.77732,2231.93,7.71107,0.0906993,0.1
387,Baseline,0,Balanced,0,Low,0,Low,0,9.71521,2218.09,7.70485,0.0903221,0.1
388,Baseline,0,Balanced,0,Low,0,Low,0,9.76556,2229.2,7.70984,0.0904316,0.1
389,Baseline,0,Balanced,0,Low,0,Low,0,9.72822,2221.97,7.7066,0.0902807,0.1
390,Baseline,0,Balanced,0,Low,0,Low,0,9.73073,2222.03,7.70663,0.0903651,0.1
391,Baseline,0,Balanced,0,Low,0,Low,0,9.67768,2209.42,7.70094,0.0900815,0.1
392,Baseline,0,Balanced,0,Low,0,Low,0,9.7324,2222.15,7.70668,0.0901466,0.1
393,Baseline,0,Balanced,0,Low,0,Low,0,9.74202,2223.98,7.7075,0.0905204,0.1
394,Baseline,0,Balanced,0,Low,0,Low,0,9.75377,2228.22,7.70941,0.0902802,0.1
395,Baseline,0,Balanced,0,Low,0,Low,0,9.7267,2221.53,7.7064,0.0902542,0.1
396,Baseline,0,Balanced,0,Low,0,Low,0,9.77346,2232.76,7.71144,0.0904205,0.1
397,Baseline,0,Balanced,0,Low,0,Low,0,9.77278,2232.28,7.71123,0.0905064,0.1
398,Baseline,0,Balanced,0,Low,0,Low,0,9.74081,2224.52,7.70774,0.0904552,0.1
399,Baseline,0,Balanced,0,Low,0,Low,0,9.76797,2231.61,7.71093,0.0901726,0.1
400,Baseline,0,Balanced,0,Low,0,Low,0,9.76148,2229.77,7.7101,0.0906342,0.1
401,Baseline,0,Balanced,0,Low,0,Low,0,9.73119,2222.94,7.70704,0.0903819,0.1
402,Baseline,0,Balanced,0,Low,0,Low,0,9.69175,2213.37,7.70272,0.0901432,0.1
403,Baseline,0,Balanced,0,Low,0,Low,0,9.7297,2220.97,7.70615,0.0904736,0.1
404,Baseline,0,Balanced,0,Low,0,Low,0,9.74851,2226.54,7.70865,0.0903308,0.1
405,Baseline,0,Balanced,0,Low,0,Low,0,9.69452,2213.54,7.7028,0.0902156,0.1
406,Baseline,0,Balanced,0,Low,0,Low,0,9.7342,2223.17,7.70714,0.0902281,0.1
407,Baseline,0,Balanced,0,Low,0,Low,0,9.73388,2224,7.70751,0.090271,0.1
408,Baseline,0,Balanced,0,Low,0,Low,0,9.73638,2223.17,7.70714,0.0902059,0.1
409,Baseline,0,Balanced,0,Low,0,Low,0,9.72382,2222.14,7.70668,0.0903077,0.1
410,Baseline,0,Balanced,0,Low,0,Low,0,9.70082,2214.95,7.70344,0.0903564,0.1
411,Baseline,0,Balanced,0,Low,0,Low,0,9.76695,2230.7,7.71052,0.0905334,0.1
412,Baseline,0,Balanced,0,Low,0,Low,0,9.73986,2224.34,7.70766,0.0901625,0.1
413,Baseline,0,Balanced,0,Low,0,Low,0,9.68902,2214.58,7.70327,0.0901524,0.1
414,Baseline,0,Balanced,0,Low,0,Low,0,9.75071,2226.97,7.70885,0.0904003,0.1
415,Baseline,0,Balanced,0,Low,0,Low,0,9.7378,2223.48,7.70728,0.0904008,0.1
416,Baseline,0,Balanced,0,Low,0,Low,0,9.72021,2219.05,7.70528,0.0903154,0.1
417,Baseline,0,Balanced,0,Low,0,Low,0,9.73979,2223.45,7.70727,0.0902623,0.1
418,Baseline,0,Balanced,0,Low,0,Low,0,9.7101,2216.72,7.70424,0.0903704,0.1
419,Baseline,0,Balanced,0,Low,0,Low,0,9.76064,2228.94,7.70973,0.0905001,0.1
420,Baseline,0,Balanced,0,Low,0,Low,0,9.75443,2227.33,7.70901,0.0905879,0.1
421,Baseline,0,Balanced,0,Low,0,Low,0,9.7368,2223.6,7.70733,0.0903443,0.1
422,Baseline,0,Balanced,0,Low,0,Low,0,9.70756,2217.02,7.70437,0.0902214,0.1
423,Baseline,0,Balanced,0,Low,0,Low,0,9.76197,2228.69,7.70962,0.0903376,0.1
424,Baseline,0,Balanced,0,Low,0,Low,0,9.76778,2231.2,7.71074,0.0903453,0.1
425,Baseline,0,Balanced,0,Low,0,Low,0,9.7489,2226.83,7.70878,0.0902387,0.1
426,Baseline,0,Balanced,0,Low,0,Low,0,9.77445,2232.41,7.71128,0.0903824,0.1
427,Baseline,0,Balanced,0,Low,0,Low,0,9.70612,2216.33,7.70406,0.0902672,0.1
428,Baseline,0,Balanced,0,Low,0,Low,0,9.78061,2232.29,7.71123,0.0905213,0.1
429,Baseline,0,Balanced,0,Low,0,Low,0,9.76554,2230.56,7.71046,0.0905507,0.1
430,Baseline,0,Balanced,0,Low,0,Low,0,9.76856,2231.03,7.71066,0.090572,0.1
431,Baseline,0,Balanced,0,Low,0,Low,0,9.72692,2220.56,7.70596,0.0903771,0.1
432,Baseline,0,Balanced,0,Low,0,Low,0,9.70761,2216.27,7.70403,0.0902783,0.1
433,Baseline,0,Balanced,0,Low,0,Low,0,9.73533,2222.87,7.707,0.0902517,0.1
434,Baseline,0,Balanced,0,Low,0,Low,0,9.6994,2216.65,7.7042,0.0902324,0.1
435,Baseline,0,Balanced,0,Low,0,Low,0,9.74479,2224.61,7.70779,0.0905064,0.1
436,Baseline,0,Balanced,0,Low,0,Low,0,9.72065,2219.1,7.70531,0.0902151,0.1
437,Baseline,0,Balanced,0,Low,0,Low,0,9.73627,2221.88,7.70656,0.0905382,0.1
438,Baseline,0,Balanced,0,Low,0,Low,0,9.73432,2223.28,7.70719,0.0903926,0.1
439,Baseline,0,Balanced,0,Low,0,Low,0,9.7178,2219.39,7.70544,0.0901943,0.1
440,Baseline,0,Balanced,0,Low,0,Low,0,9.75454,2228.59,7.70957,0.0903771,0.1
441,Baseline,0,Balanced,0,Low,0,Low,0,9.69995,2213.79,7.70291,0.0901958,0.1
442,Baseline,0,Balanced,0,Low,0,Low,0,9.73056,2223.23,7.70717,0.0904008,0.1
443,Baseline,0,Balanced,0,Low,0,Low,0,9.72393,2220.45,7.70592,0.0903057,0.1
444,Baseline,0,Balanced,0,Low,0,Low,0,9.71612,2219.35,7.70542,0.0903434,0.1
445,Baseline,0,Balanced,0,Low,0,Low,0,9.7767,2231.61,7.71093,0.0904577,0.1
446,Baseline,0,Balanced,0,Low,0,Low,0,9.71399,2218.04,7.70483,0.0901625,0.1
447,Baseline,0,Balanced,0,Low,0,Low,0,9.70006,2216.34,7.70406,0.0902074,0.1
448,Baseline,0,Balanced,0,Low,0,Low,0,9.73201,2222.91,7.70702,0.0903004,0.1
449,Baseline,0,Balanced,0,Low,0,Low,0,9.73093,2222.09,7.70665,0.0902971,0.1
450,Baseline,0,Balanced,0,Low,0,Low,0,9.73604,2224.31,7.70765,0.0903009,0.1
451,Baseline,0,Balanced,0,Low,0,Low,0,9.76653,2230.33,7.71035,0.0904012,0.1
452,Baseline,0,Balanced,0,Low,0,Low,0,9.76247,2229.96,7.71019,0.0902498,0.1
453,Baseline,0,Balanced,0,Low,0,Low,0,9.7522,2225.51,7.70819,0.0904427,0.1
454,Baseline,0,Balanced,0,Low,0,Low,0,9.72897,2222.4,7.70679,0.0904442,0.1
455,Baseline,0,Balanced,0,Low,0,Low,0,9.69636,2213.61,7.70283,0.0901471,0.1
456,Baseline,0,Balanced,0,Low,0,Low,0,9.73252,2222.22,7.70671,0.0903762,0.1
457,Baseline,0,Balanced,0,Low,0,Low,0,9.73365,2222.69,7.70692,0.0902344,0.1
458,Baseline,0,Balanced,0,Low,0,Low,0,9.7517,2226.47,7.70862,0.0904234,0.1
459,Baseline,0,Balanced,0,Low,0,Low,0,9.74522,2225.38,7.70813,0.0903559,0.1
460,Baseline,0,Balanced,0,Low,0,Low,0,9.75402,2228.27,7.70943,0.0905271,0.1
461,Baseline,0,Balanced,0,Low,0,Low,0,9.80167,2239.19,7.71432,0.0905189,0.1
462,Baseline,0,Balanced,0,Low,0,Low,0,9.73263,2222.2,7.70671,0.090354,0.1
463,Baseline,0,Balanced,0,Low,0,Low,0,9.71612,2217.97,7.7048,0.0903033,0.1
464,Baseline,0,Balanced,0,Low,0,Low,0,9.74415,2225.18,7.70804,0.0902725,0.1
465,Baseline,0,Balanced,0,Low,0,Low,0,9.76226,2229.63,7.71004,0.0903381,0.1
466,Baseline,0,Balanced,0,Low,0,Low,0,9.73647,2224.26,7.70763,0.0904287,0.1
467,Baseline,0,Balanced,0,Low,0,Low,0,9.76924,2230.82,7.71057,0.0904827,0.1
468,Baseline,0,Balanced,0,Low,0,Low,0,9.73708,2222.27,7.70674,0.0903848,0.1
469,Baseline,0,Balanced,0,Low,0,Low,0,9.74738,2225.66,7.70826,0.0905281,0.1
470,Baseline,0,Balanced,0,Low,0,Low,0,9.79927,2237.4,7.71352,0.0905652,0.1
471,Baseline,0,Balanced,0,Low,0,Low,0,9.67679,2210.87,7.7016,0.0900005,0.1
472,Baseline,0,Balanced,0,Low,0,Low,0,9.7233,2221.35,7.70632,0.0902223,0.1
473,Baseline,0,Balanced,0,Low,0,Low,0,9.71963,2219.46,7.70547,0.0902406,0.1
474,Baseline,0,Balanced,0,Low,0,Low,0,9.76871,2229.82,7.71012,0.090517,0.1
475,Baseline,0,Balanced,0,Low,0,Low,0,9.69982,2217.05,7.70439,0.0901804,0.1
476,Baseline,0,Balanced,0,Low,0,Low,0,9.73165,2221.49,7.70638,0.0902681,0.1
477,Baseline,0,Balanced,0,Low,0,Low,0,9.76479,2230.67,7.71051,0.090462,0.1
478,Baseline,0,Balanced,0,Low,0,Low,0,9.74157,2224.49,7.70773,0.0904157,0.1
479,Baseline,0,Balanced,0,Low,0,Low,0,9.7532,2226.33,7.70856,0.0903424,0.1
480,Baseline,0,Balanced,0,Low,0,Low,0,9.72466,2221.35,7.70632,0.0903337,0.1
481,Baseline,0,Balanced,0,Low,0,Low,0,9.73775,2223.91,7.70747,0.0903959,0.1
482,Baseline,0,Balanced,0,Low,0,Low,0,9.70398,2215.7,7.70377,0.0901678,0.1
483,Baseline,0,Balanced,0,Low,0,Low,0,9.73282,2221.97,7.7066,0.0905594,0.1
484,Baseline,0,Balanced,0,Low,0,Low,0,9.76496,2230.59,7.71047,0.090488,0.1
485,Baseline,0,Balanced,0,Low,0,Low,0,9.72608,2221.19,7.70625,0.0902165,0.1
486,Baseline,0,Balanced,0,Low,0,Low,0,9.72995,2221.8,7.70652,0.0905097,0.1
487,Baseline,0,Balanced,0,Low,0,Low,0,9.73738,2223.72,7.70739,0.0904133,0.1
488,Baseline,0,Balanced,0,Low,0,Low,0,9.72696,2220.64,7.706,0.0900714,0.1
489,Baseline,0,Balanced,0,Low,0,Low,0,9.73321,2222.67,7.70692,0.0905059,0.1
490,Baseline,0,Balanced,0,Low,0,Low,0,9.72591,2220.61,7.70599,0.0904707,0.1
491,Baseline,0,Balanced,0,Low,0,Low,0,9.73147,2221.67,7.70647,0.0903627,0.1
492,Baseline,0,Balanced,0,Low,0,Low,0,9.76601,2228.89,7.70971,0.0904051,0.1
493,Baseline,0,Balanced,0,Low,0,Low,0,9.77238,2230.84,7.71058,0.0903983,0.1
494,Baseline,0,Balanced,0,Low,0,Low,0,9.75108,2226.76,7.70875,0.0904355,0.1
495,Baseline,0,Balanced,0,Low,0,Low,0,9.73691,2222.23,7.70672,0.0905392,0.1
496,Baseline,0,Balanced,0,Low,0,Low,0,9.7228,2221.46,7.70637,0.0905855,0.1
497,Baseline,0,Balanced,0,Low,0,Low,0,9.7167,2219.31,7.7054,0.0901755,0.1
498,Baseline,0,Balanced,0,Low,0,Low,0,9.77376,2231.61,7.71093,0.0905898,0.1
499,Baseline,0,Balanced,0,Low,0,Low,0,9.73752,2223.47,7.70727,0.0901731,0.1
500,Baseline,0,Balanced,0,Low,0,Low,0,9.71915,2221.64,7.70645,0.090083,0.1
501,Baseline,0,Balanced,0,Low,0,Low,0,9.7354,2223.25,7.70717,0.0901616,0.1
502,Baseline,0,Balanced,0,Low,0,Low,0,9.74186,2224.1,7.70756,0.0906361,0.1
503,Baseline,0,Balanced,0,Low,0,Low,0,9.75166,2227.28,7.70899,0.0903516,0.1
504,Baseline,0,Balanced,0,Low,0,Low,0,9.73471,2222.68,7.70692,0.0901712,0.1
505,Baseline,0,Balanced,0,Low,0,Low,0,9.77419,2231.96,7.71108,0.0906091,0.1
506,Baseline,0,Balanced,0,Low,0,Low,0,9.71157,2217.78,7.70471,0.0900482,0.1
507,Baseline,0,Balanced,0,Low,0,Low,0,9.78127,2233.78,7.7119,0.0905864,0.1
508,Baseline,0,Balanced,0,Low,0,Low,0,9.69488,2215.12,7.70352,0.090096,0.1
509,Baseline,0,Balanced,0,Low,0,Low,0,9.69518,2214.51,7.70324,0.0902431,0.1
510,Baseline,0,Balanced,0,Low,0,Low,0,9.75535,2228.16,7.70938,0.0904331,0.1
511,Baseline,0,Balanced,0,Low,0,Low,0,9.72805,2221.1,7.70621,0.0902739,0.1
512,Baseline,0,Balanced,0,Low,0,Low,0,9.70015,2216.18,7.70399,0.0899812,0.1
513,Baseline,0,Balanced,0,Low,0,Low,0,9.7247,2221.78,7.70651,0.0901104,0.1
514,Baseline,0,Balanced,0,Low,0,Low,0,9.76727,2229.79,7.71011,0.0904157,0.1
515,Baseline,0,Balanced,0,Low,0,Low,0,9.7629,2228.28,7.70944,0.090693,0.1
516,Baseline,0,Balanced,0,Low,0,Low,0,9.69544,2214.38,7.70318,0.0900014,0.1
517,Baseline,0,Balanced,0,Low,0,Low,0,9.74027,2225.13,7.70802,0.0902542,0.1
518,Baseline,0,Balanced,0,Low,0,Low,0,9.76755,2229.86,7.71014,0.0904644,0.1
519,Baseline,0,Balanced,0,Low,0,Low,0,9.73034,2222.6,7.70688,0.0903781,0.1
520,Baseline,0,Balanced,0,Low,0,Low,0,9.73248,2223.32,7.70721,0.0905667,0.1
521,Baseline,0,Balanced,0,Low,0,Low,0,9.70579,2216.34,7.70406,0.090218,0.1
522,Baseline,0,Balanced,0,Low,0,Low,0,9.7294,2223.6,7.70733,0.0901857,0.1
523,Baseline,0,Balanced,0,Low,0,Low,0,9.7284,2222.44,7.70681,0.0906076,0.1
524,Baseline,0,Balanced,0,Low,0,Low,0,9.75493,2226.91,7.70882,0.0902908,0.1
525,Baseline,0,Balanced,0,Low,0,Low,0,9.73284,2222.54,7.70686,0.0901818,0.1
526,Baseline,0,Balanced,0,Low,0,Low,0,9.76227,2230.33,7.71035,0.0904205,0.1
527,Baseline,0,Balanced,0,Low,0,Low,0,9.72288,2221.02,7.70617,0.0900883,0.1
528,Baseline,0,Balanced,0,Low,0,Low,0,9.71538,2219.99,7.70571,0.090013,0.1
529,Baseline,0,Balanced,0,Low,0,Low,0,9.747,2224.79,7.70787,0.0905449,0.1
530,Baseline,0,Balanced,0,Low,0,Low,0,9.75769,2228.59,7.70957,0.0904803,0.1
531,Baseline,0,Balanced,0,Low,0,Low,0,9.7423,2225.26,7.70808,0.0905401,0.1
532,Baseline,0,Balanced,0,Low,0,Low,0,9.76825,2230.54,7.71045,0.0904461,0.1
533,Baseline,0,Balanced,0,Low,0,Low,0,9.77629,2233.25,7.71166,0.0906781,0.1
534,Baseline,0,Balanced,0,Low,0,Low,0,9.75305,2227.72,7.70918,0.0904234,0.1
535,Baseline,0,Balanced,0,Low,0,Low,0,9.70043,2215.64,7.70375,0.0903704,0.1
536,Baseline,0,Balanced,0,Low,0,Low,0,9.73354,2223.66,7.70736,0.090218,0.1
537,Baseline,0,Balanced,0,Low,0,Low,0,9.77435,2231.61,7.71093,0.0905073,0.1
538,Baseline,0,Balanced,0,Low,0,Low,0,9.72436,2220.77,7.70606,0.0903043,0.1
539,Baseline,0,Balanced,0,Low,0,Low,0,9.76202,2228.55,7.70956,0.0906496,0.1
540,Baseline,0,Balanced,0,Low,0,Low,0,9.72911,2220.39,7.70589,0.0904268,0.1
541,Baseline,0,Balanced,0,Low,0,Low,0,9.73874,2225.06,7.70799,0.0903424,0.1
542,Baseline,0,Balanced,0,Low,0,Low,0,9.73223,2223.26,7.70718,0.0902758,0.1
543,Baseline,0,Balanced,0,Low,0,Low,0,9.72637,2220.04,7.70573,0.0904123,0.1
544,Baseline,0,Balanced,0,Low,0,Low,0,9.73907,2225.54,7.7082,0.0903024,0.1
545,Baseline,0,Balanced,0,Low,0,Low,0,9.70437,2217.02,7.70437,0.090352,0.1
546,Baseline,0,Balanced,0,Low,0,Low,0,9.74572,2224.97,7.70795,0.0904297,0.1
547,Baseline,0,Balanced,0,Low,0,Low,0,9.74284,2225.29,7.70809,0.0902508,0.1
548,Baseline,0,Balanced,0,Low,0,Low,0,9.73117,2223.18,7.70715,0.0903776,0.1
549,Baseline,0,Balanced,0,Low,0,Low,0,9.76397,2230.37,7.71037,0.0903834,0.1
550,Baseline,0,Balanced,0,Low,0,Low,0,9.67569,2209.83,7.70112,0.0903665,0.1
551,Baseline,0,Balanced,0,Low,0,Low,0,9.75042,2226.99,7.70886,0.0904644,0.1
552,Baseline,0,Balanced,0,Low,0,Low,0,9.71723,2218.74,7.70514,0.0902701,0.1
553,Baseline,0,Balanced,0,Low,0,Low,0,9.76972,2231.77,7.711,0.0905855,0.1
554,Baseline,0,Balanced,0,Low,0,Low,0,9.67279,2209.03,7.70076,0.0901591,0.1
555,Baseline,0,Balanced,0,Low,0,Low,0,9.75797,2228.72,7.70963,0.0902807,0.1
556,Baseline,0,Balanced,0,Low,0,Low,0,9.75682,2229.15,7.70982,0.0904205,0.1
557,Baseline,0,Balanced,0,Low,0,Low,0,9.75459,2227.07,7.70889,0.0903173,0.1
558,Baseline,0,Balanced,0,Low,0,Low,0,9.74463,2225.59,7.70823,0.0904282,0.1
559,Baseline,0,Balanced,0,Low,0,Low,0,9.72689,2222.7,7.70693,0.0903424,0.1
560,Baseline,0,Balanced,0,Low,0,Low,0,9.74876,2226.41,7.7086,0.0903347,0.1
561,Baseline,0,Balanced,0,Low,0,Low,0,9.73266,2221.38,7.70634,0.0904335,0.1
562,Baseline,0,Balanced,0,Low,0,Low,0,9.75147,2226.29,7.70854,0.0904832,0.1
563,Baseline,0,Balanced,0,Low,0,Low,0,9.76851,2230.17,7.71028,0.0905218,0.1
564,Baseline,0,Balanced,0,Low,0,Low,0,9.7503,2225.41,7.70815,0.0903868,0.1
565,Baseline,0,Balanced,0,Low,0,Low,0,9.70714,2216.7,7.70422,0.0903193,0.1
566,Baseline,0,Balanced,0,Low,0,Low,0,9.76068,2230.5,7.71043,0.0903766,0.1
567,Baseline,0,Balanced,0,Low,0,Low,0,9.73427,2223.17,7.70714,0.0904056,0.1
568,Baseline,0,Balanced,0,Low,0,Low,0,9.67036,2209.31,7.70089,0.0901249,0.1
569,Baseline,0,Balanced,0,Low,0,Low,0,9.72008,2219.86,7.70565,0.0902749,0.1
570,Baseline,0,Balanced,0,Low,0,Low,0,9.71941,2220.29,7.70585,0.0902734,0.1
571,Baseline,0,Balanced,0,Low,0,Low,0,9.72632,2220.2,7.7058,0.0903665,0.1
572,Baseline,0,Balanced,0,Low,0,Low,0,9.72719,2220.7,7.70603,0.0902513,0.1
573,Baseline,0,Balanced,0,Low,0,Low,0,9.71032,2219.81,7.70563,0.0898529,0.1
574,Baseline,0,Balanced,0,Low,0,Low,0,9.75802,2228.08,7.70935,0.0906076,0.1
575,Baseline,0,Balanced,0,Low,0,Low,0,9.72839,2221.75,7.7065,0.0903303,0.1
576,Baseline,0,Balanced,0,Low,0,Low,0,9.72685,2220.73,7.70604,0.0903024,0.1
577,Baseline,0,Balanced,0,Low,0,Low,0,9.74502,2225.38,7.70813,0.0905594,0.1
578,Baseline,0,Balanced,0,Low,0,Low,0,9.71297,2220.24,7.70582,0.0903395,0.1
579,Baseline,0,Balanced,0,Low,0,Low,0,9.73443,2224.2,7.7076,0.0903381,0.1
580,Baseline,0,Balanced,0,Low,0,Low,0,9.77843,2233.32,7.71169,0.0904929,0.1
581,Baseline,0,Balanced,0,Low,0,Low,0,9.75983,2228.11,7.70936,0.0905131,0.1
582,Baseline,0,Balanced,0,Low,0,Low,0,9.72859,2223.6,7.70733,0.0902971,0.1
583,Baseline,0,Balanced,0,Low,0,Low,0,9.74082,2224.69,7.70782,0.0903125,0.1
584,Baseline,0,Balanced,0,Low,0,Low,0,9.74561,2224.26,7.70763,0.0904335,0.1
585,Baseline,0,Balanced,0,Low,0,Low,0,9.74425,2224.66,7.70781,0.090409,0.1
586,Baseline,0,Balanced,0,Low,0,Low,0,9.71321,2217.9,7.70477,0.090231,0.1
587,Baseline,0,Balanced,0,Low,0,Low,0,9.74158,2225.09,7.708,0.0902628,0.1
588,Baseline,0,Balanced,0,Low,0,Low,0,9.77794,2230.84,7.71058,0.090599,0.1
589,Baseline,0,Balanced,0,Low,0,Low,0,9.72714,2221.49,7.70638,0.0901905,0.1
590,Baseline,0,Balanced,0,Low,0,Low,0,9.72689,2219.71,7.70558,0.0904133,0.1
591,Baseline,0,Balanced,0,Low,0,Low,0,9.72752,2221.9,7.70657,0.0902223,0.1
592,Baseline,0,Balanced,0,Low,0,Low,0,9.77874,2232.83,7.71147,0.0908097,0.1
593,Baseline,0,Balanced,0,Low,0,Low,0,9.74847,2225.3,7.7081,0.0904673,0.1
594,Baseline,0,Balanced,0,Low,0,Low,0,9.73136,2222.16,7.70669,0.090409,0.1
595,Baseline,0,Balanced,0,Low,0,Low,0,9.79038,2235.96,7.71287,0.0908232,0.1
596,Baseline,0,Balanced,0,Low,0,Low,0,9.71115,2216.1,7.70395,0.0902739,0.1
597,Baseline,0,Balanced,0,Low,0,Low,0,9.7431,2224.25,7.70762,0.0905358,0.1
598,Baseline,0,Balanced,0,Low,0,Low,0,9.75244,2227.13,7.70892,0.0905589,0.1
599,Baseline,0,Balanced,0,Low,0,Low,0,9.71018,2217.61,7.70464,0.0904663,0.1
600,Baseline,0,Balanced,0,Low,0,Low,0,9.72052,2221.1,7.70621,0.0900825,0.1
601,Baseline,0,Balanced,0,Low,0,Low,0,9.71106,2216.37,7.70407,0.0900936,0.1
602,Baseline,0,Balanced,0,Low,0,Low,0,9.7526,2227.66,7.70915,0.0902623,0.1
603,Baseline,0,Balanced,0,Low,0,Low,0,9.78747,2234.19,7.71208,0.090708,0.1
604,Baseline,0,Balanced,0,Low,0,Low,0,9.77454,2232.74,7.71143,0.0904191,0.1
605,Baseline,0,Balanced,0,Low,0,Low,0,9.67084,2209.46,7.70095,0.0901567,0.1
606,Baseline,0,Balanced,0,Low,0,Low,0,9.76534,2229,7.70976,0.0905507,0.1
607,Baseline,0,Balanced,0,Low,0,Low,0,9.7214,2219.51,7.70549,0.0903082,0.1
608,Baseline,0,Balanced,0,Low,0,Low,0,9.75607,2229.35,7.70991,0.0902527,0.1
609,Baseline,0,Balanced,0,Low,0,Low,0,9.76331,2229.83,7.71013,0.0904919,0.1
610,Baseline,0,Balanced,0,Low,0,Low,0,9.71773,2219.44,7.70546,0.0902628,0.1
611,Baseline,0,Balanced,0,Low,0,Low,0,9.7076,2216.19,7.704,0.0902681,0.1
612,Baseline,0,Balanced,0,Low,0,Low,0,9.74117,2224.3,7.70764,0.0903226,0.1
613,Baseline,0,Balanced,0,Low,0,Low,0,9.74717,2225.18,7.70804,0.0906645,0.1
614,Baseline,0,Balanced,0,Low,0,Low,0,9.75277,2227.4,7.70904,0.0901731,0.1
615,Baseline,0,Balanced,0,Low,0,Low,0,9.73158,2222.29,7.70674,0.0903665,0.1
616,Baseline,0,Balanced,0,Low,0,Low,0,9.76057,2229.11,7.70981,0.0902218,0.1
617,Baseline,0,Balanced,0,Low,0,Low,0,9.72859,2222.74,7.70695,0.0904311,0.1
618,Baseline,0,Balanced,0,Low,0,Low,0,9.74476,2225.6,7.70823,0.0903197,0.1
619,Baseline,0,Balanced,0,Low,0,Low,0,9.74222,2225.6,7.70823,0.0902011,0.1
620,Baseline,0,Balanced,0,Low,0,Low,0,9.75332,2228.42,7.7095,0.0904355,0.1
621,Baseline,0,Balanced,0,Low,0,Low,0,9.69819,2214.92,7.70342,0.0901678,0.1
622,Baseline,0,Balanced,0,Low,0,Low,0,9.70406,2217.8,7.70472,0.0901794,0.1
623,Baseline,0,Balanced,0,Low,0,Low,0,9.78242,2232.97,7.71153,0.0905228,0.1
624,Baseline,0,Balanced,0,Low,0,Low,0,9.72497,2221.47,7.70637,0.090325,0.1
625,Baseline,0,Balanced,0,Low,0,Low,0,9.78191,2233.96,7.71198,0.0904379,0.1
626,Baseline,0,Balanced,0,Low,0,Low,0,9.72427,2221.46,7.70637,0.0901254,0.1
627,Baseline,0,Balanced,0,Low,0,Low,0,9.72713,2221.04,7.70618,0.0903926,0.1
628,Baseline,0,Balanced,0,Low,0,Low,0,9.73967,2223.94,7.70748,0.0903009,0.1
629,Baseline,0,Balanced,0,Low,0,Low,0,9.74821,2227.55,7.70911,0.0901447,0.1
630,Baseline,0,Balanced,0,Low,0,Low,0,9.8148,2242.47,7.71578,0.0904842,0.1
631,Baseline,0,Balanced,0,Low,0,Low,0,9.79539,2236.71,7.71321,0.0906834,0.1
632,Baseline,0,Balanced,0,Low,0,Low,0,9.71499,2218.94,7.70524,0.090216,0.1
633,Baseline,0,Balanced,0,Low,0,Low,0,9.73933,2222.86,7.707,0.0904012,0.1
634,Baseline,0,Balanced,0,Low,0,Low,0,9.7493,2227.6,7.70913,0.0902243,0.1
635,Baseline,0,Balanced,0,Low,0,Low,0,9.72181,2221.03,7.70617,0.0902165,0.1
636,Baseline,0,Balanced,0,Low,0,Low,0,9.71827,2218.86,7.7052,0.0903559,0.1
637,Baseline,0,Balanced,0,Low,0,Low,0,9.7355,2224.25,7.70762,0.0902556,0.1
638,Baseline,0,Balanced,0,Low,0,Low,0,9.73495,2223.57,7.70732,0.0903631,0.1
639,Baseline,0,Balanced,0,Low,0,Low,0,9.74267,2226.19,7.70849,0.0904702,0.1
640,Baseline,0,Balanced,0,Low,0,Low,0,9.71019,2217.25,7.70447,0.090272,0.1
641,Baseline,0,Balanced,0,Low,0,Low,0,9.73711,2224.32,7.70766,0.0903598,0.1
642,Baseline,0,Balanced,0,Low,0,Low,0,9.73348,2222.86,7.707,0.0903612,0.1
643,Baseline,0,Balanced,0,Low,0,Low,0,9.75099,2225.72,7.70828,0.0905011,0.1
644,Baseline,0,Balanced,0,Low,0,Low,0,9.74597,2224.47,7.70772,0.090312,0.1
645,Baseline,0,Balanced,0,Low,0,Low,0,9.71301,2217.27,7.70448,0.090352,0.1
646,Baseline,0,Balanced,0,Low,0,Low,0,9.75117,2227.75,7.7092,0.0902455,0.1
647,Baseline,0,Balanced,0,Low,0,Low,0,9.7583,2227.59,7.70912,0.0905821,0.1
648,Baseline,0,Balanced,0,Low,0,Low,0,9.7289,2222.56,7.70686,0.0902561,0.1
649,Baseline,0,Balanced,0,Low,0,Low,0,9.74407,2225.37,7.70813,0.0905271,0.1
650,Baseline,0,Balanced,0,Low,0,Low,0,9.75289,2227.73,7.70919,0.0904244,0.1
651,Baseline,0,Balanced,0,Low,0,Low,0,9.72968,2220.4,7.70589,0.0904456,0.1
652,Baseline,0,Balanced,0,Low,0,Low,0,9.76237,2229.55,7.71,0.0903901,0.1
653,Baseline,0,Balanced,0,Low,0,Low,0,9.68253,2213.49,7.70278,0.0900796,0.1
654,Baseline,0,Balanced,0,Low,0,Low,0,9.73968,2224.47,7.70772,0.0902855,0.1
655,Baseline,0,Balanced,0,Low,0,Low,0,9.71838,2220.27,7.70583,0.0901225,0.1
656,Baseline,0,Balanced,0,Low,0,Low,0,9.73607,2223.29,7.70719,0.0903212,0.1
657,Baseline,0,Balanced,0,Low,0,Low,0,9.74377,2226,7.70841,0.090434,0.1
658,Baseline,0,Balanced,0,Low,0,Low,0,9.74768,2225.65,7.70825,0.0903424,0.1
659,Baseline,0,Balanced,0,Low,0,Low,0,9.73801,2224.32,7.70765,0.0903096,0.1
660,Baseline,0,Balanced,0,Low,0,Low,0,9.73242,2222.59,7.70688,0.0903197,0.1
661,Baseline,0,Balanced,0,Low,0,Low,0,9.73572,2223.6,7.70733,0.089973,0.1
662,Baseline,0,Balanced,0,Low,0,Low,0,9.78147,2233.15,7.71161,0.090597,0.1
663,Baseline,0,Balanced,0,Low,0,Low,0,9.74166,2227.47,7.70907,0.0903159,0.1
664,Baseline,0,Balanced,0,Low,0,Low,0,9.69265,2213.69,7.70287,0.0900921,0.1
665,Baseline,0,Balanced,0,Low,0,Low,0,9.76394,2230.37,7.71037,0.090502,0.1
666,Baseline,0,Balanced,0,Low,0,Low,0,9.72849,2221.79,7.70652,0.0904967,0.1
667,Baseline,0,Balanced,0,Low,0,Low,0,9.75928,2228.46,7.70951,0.0905859,0.1
668,Baseline,0,Balanced,0,Low,0,Low,0,9.74988,2226.18,7.70849,0.0903771,0.1
669,Baseline,0,Balanced,0,Low,0,Low,0,9.71881,2221.06,7.70619,0.0901775,0.1
670,Baseline,0,Balanced,0,Low,0,Low,0,9.72691,2222.57,7.70687,0.0901808,0.1
671,Baseline,0,Balanced,0,Low,0,Low,0,9.74941,2226.31,7.70855,0.0904837,0.1
672,Baseline,0,Balanced,0,Low,0,Low,0,9.73236,2222.48,7.70683,0.0903337,0.1
673,Baseline,0,Balanced,0,Low,0,Low,0,9.72171,2220.92,7.70613,0.0900434,0.1
674,Baseline,0,Balanced,0,Low,0,Low,0,9.7664,2228.44,7.70951,0.0904451,0.1
675,Baseline,0,Balanced,0,Low,0,Low,0,9.7061,2216.68,7.70422,0.0903197,0.1
676,Baseline,0,Balanced,0,Low,0,Low,0,9.72213,2219.01,7.70527,0.0902951,0.1
677,Baseline,0,Balanced,0,Low,0,Low,0,9.69461,2215.72,7.70378,0.0899108,0.1
678,Baseline,0,Balanced,0,Low,0,Low,0,9.7365,2222.69,7.70692,0.0901427,0.1
679,Baseline,0,Balanced,0,Low,0,Low,0,9.74491,2226.68,7.70871,0.0902927,0.1
680,Baseline,0,Balanced,0,Low,0,Low,0,9.72687,2221,7.70616,0.0901828,0.1
681,Baseline,0,Balanced,0,Low,0,Low,0,9.78093,2233.19,7.71163,0.090597,0.1
682,Baseline,0,Balanced,0,Low,0,Low,0,9.73195,2221.82,7.70653,0.090517,0.1
683,Baseline,0,Balanced,0,Low,0,Low,0,9.69267,2213.92,7.70297,0.0904061,0.1
684,Baseline,0,Balanced,0,Low,0,Low,0,9.73555,2222.66,7.70691,0.0904389,0.1
685,Baseline,0,Balanced,0,Low,0,Low,0,9.74206,2224.92,7.70792,0.0904562,0.1
686,Baseline,0,Balanced,0,Low,0,Low,0,9.77968,2233.28,7.71168,0.0904408,0.1
687,Baseline,0,Balanced,0,Low,0,Low,0,9.76857,2231,7.71065,0.0905141,0.1
688,Baseline,0,Balanced,0,Low,0,Low,0,9.69097,2214.04,7.70302,0.0900815,0.1
689,Baseline,0,Balanced,0,Low,0,Low,0,9.74134,2225.55,7.70821,0.0904485,0.1
690,Baseline,0,Balanced,0,Low,0,Low,0,9.76475,2229.43,7.70995,0.0907239,0.1
691,Baseline,0,Balanced,0,Low,0,Low,0,9.72162,2220.26,7.70583,0.0901389,0.1
692,Baseline,0,Balanced,0,Low,0,Low,0,9.72623,2221.61,7.70644,0.0904196,0.1
693,Baseline,0,Balanced,0,Low,0,Low,0,9.79094,2233.98,7.71199,0.0906983,0.1
694,Baseline,0,Balanced,0,Low,0,Low,0,9.74843,2227.26,7.70898,0.090488,0.1
695,Baseline,0,Balanced,0,Low,0,Low,0,9.76385,2230.15,7.71027,0.0906949,0.1
696,Baseline,0,Balanced,0,Low,0,Low,0,9.77091,2231.44,7.71085,0.0907089,0.1
697,Baseline,0,Balanced,0,Low,0,Low,0,9.72587,2222.5,7.70684,0.0902059,0.1
698,Baseline,0,Balanced,0,Low,0,Low,0,9.7099,2216.57,7.70417,0.0902537,0.1
699,Baseline,0,Balanced,0,Low,0,Low,0,9.73709,2222.86,7.707,0.0901842,0.1
700,Baseline,0,Balanced,0,Low,0,Low,0,9.76838,2229.58,7.71002,0.0903795,0.1
701,Baseline,0,Balanced,0,Low,0,Low,0,9.79862,2236.21,7.71298,0.0905951,0.1
702,Baseline,0,Balanced,0,Low,0,Low,0,9.72208,2219.97,7.7057,0.0902677,0.1
703,Baseline,0,Balanced,0,Low,0,Low,0,9.78787,2234.9,7.7124,0.0905295,0.1
704,Baseline,0,Balanced,0,Low,0,Low,0,9.7224,2221.22,7.70626,0.090326,0.1
705,Baseline,0,Balanced,0,Low,0,Low,0,9.72283,2218.31,7.70495,0.0902951,0.1
706,Baseline,0,Balanced,0,Low,0,Low,0,9.7431,2223.94,7.70749,0.0904191,0.1
707,Baseline,0,Balanced,0,Low,0,Low,0,9.77895,2234.38,7.71217,0.0902382,0.1
708,Baseline,0,Balanced,0,Low,0,Low,0,9.72912,2222.66,7.70691,0.0903434,0.1
709,Baseline,0,Balanced,0,Low,0,Low,0,9.7598,2228.83,7.70968,0.090693,0.1
710,Baseline,0,Balanced,0,Low,0,Low,0,9.741,2224.05,7.70754,0.0903472,0.1
711,Baseline,0,Balanced,0,Low,0,Low,0,9.74509,2225.1,7.70801,0.0902865,0.1
712,Baseline,0,Balanced,0,Low,0,Low,0,9.73405,2223.42,7.70725,0.090245,0.1
713,Baseline,0,Balanced,0,Low,0,Low,0,9.7291,2220.46,7.70592,0.090135,0.1
714,Baseline,0,Balanced,0,Low,0,Low,0,9.73482,2223.66,7.70736,0.0901992,0.1
715,Baseline,0,Balanced,0,Low,0,Low,0,9.71168,2216.42,7.7041,0.0904008,0.1
716,Baseline,0,Balanced,0,Low,0,Low,0,9.75736,2226.34,7.70857,0.0905575,0.1
717,Baseline,0,Balanced,0,Low,0,Low,0,9.73888,2224.8,7.70787,0.0903516,0.1
718,Baseline,0,Balanced,0,Low,0,Low,0,9.74758,2228.05,7.70933,0.0904687,0.1
719,Baseline,0,Balanced,0,Low,0,Low,0,9.77782,2232.85,7.71148,0.0905975,0.1
720,Baseline,0,Balanced,0,Low,0,Low,0,9.72806,2221.45,7.70636,0.0903482,0.1
721,Baseline,0,Balanced,0,Low,0,Low,0,9.7485,2225.86,7.70835,0.0903593,0.1
722,Baseline,0,Balanced,0,Low,0,Low,0,9.74374,2225.18,7.70804,0.0901481,0.1
723,Baseline,0,Balanced,0,Low,0,Low,0,9.77678,2231.33,7.7108,0.0905662,0.1
724,Baseline,0,Balanced,0,Low,0,Low,0,9.76211,2229.33,7.7099,0.0904784,0.1
725,Baseline,0,Balanced,0,Low,0,Low,0,9.73713,2223.89,7.70746,0.0904061,0.1
726,Baseline,0,Balanced,0,Low,0,Low,0,9.7962,2236.79,7.71324,0.0906887,0.1
727,Baseline,0,Balanced,0,Low,0,Low,0,9.75581,2226.8,7.70877,0.0906047,0.1
728,Baseline,0,Balanced,0,Low,0,Low,0,9.7729,2233.53,7.71178,0.0903569,0.1
729,Baseline,0,Balanced,0,Low,0,Low,0,9.73349,2222.79,7.70697,0.0904249,0.1
730,Baseline,0,Balanced,0,Low,0,Low,0,9.71485,2219.46,7.70547,0.090123,0.1
731,Baseline,0,Balanced,0,Low,0,Low,0,9.73187,2223.59,7.70733,0.0904422,0.1
732,Baseline,0,Balanced,0,Low,0,Low,0,9.73195,2223.31,7.7072,0.0902435,0.1
733,Baseline,0,Balanced,0,Low,0,Low,0,9.72606,2220.28,7.70584,0.090273,0.1
734,Baseline,0,Balanced,0,Low,0,Low,0,9.73756,2224.24,7.70762,0.0906351,0.1
735,Baseline,0,Balanced,0,Low,0,Low,0,9.76106,2229.14,7.70982,0.0904943,0.1
736,Baseline,0,Balanced,0,Low,0,Low,0,9.7446,2224.13,7.70757,0.0904364,0.1
737,Baseline,0,Balanced,0,Low,0,Low,0,9.75064,2227.03,7.70887,0.0903969,0.1
738,Baseline,0,Balanced,0,Low,0,Low,0,9.71229,2216.27,7.70403,0.0904514,0.1
739,Baseline,0,Balanced,0,Low,0,Low,0,9.72686,2220.97,7.70615,0.0902749,0.1
740,Baseline,0,Balanced,0,Low,0,Low,0,9.70103,2216.7,7.70423,0.0902392,0.1
741,Baseline,0,Balanced,0,Low,0,Low,0,9.73439,2223.61,7.70734,0.0905387,0.1
742,Baseline,0,Balanced,0,Low,0,Low,0,9.78094,2233.45,7.71175,0.0907104,0.1
743,Baseline,0,Balanced,0,Low,0,Low,0,9.75865,2228.4,7.70949,0.0904355,0.1
744,Baseline,0,Balanced,0,Low,0,Low,0,9.77222,2231.7,7.71097,0.0906944,0.1
745,Baseline,0,Balanced,0,Low,0,Low,0,9.68579,2213.62,7.70284,0.090041,0.1
746,Baseline,0,Balanced,0,Low,0,Low,0,9.71725,2219.12,7.70532,0.090163,0.1
747,Baseline,0,Balanced,0,Low,0,Low,0,9.7229,2221.94,7.70659,0.0901755,0.1
748,Baseline,0,Balanced,0,Low,0,Low,0,9.73792,2224.24,7.70762,0.0903979,0.1
749,Baseline,0,Balanced,0,Low,0,Low,0,9.73725,2225.01,7.70797,0.0901813,0.1
750,Baseline,0,Balanced,0,Low,0,Low,0,9.74166,2225.17,7.70804,0.0902802,0.1
751,Baseline,0,Balanced,0,Low,0,Low,0,9.72825,2223.13,7.70712,0.0903077,0.1
752,Baseline,0,Balanced,0,Low,0,Low,0,9.77996,2232.71,7.71142,0.0906838,0.1
753,Baseline,0,Balanced,0,Low,0,Low,0,9.73261,2222.27,7.70673,0.0905941,0.1
754,Baseline,0,Balanced,0,Low,0,Low,0,9.75383,2226.32,7.70855,0.0905787,0.1
755,Baseline,0,Balanced,0,Low,0,Low,0,9.68567,2212.55,7.70235,0.0899966,0.1
756,Baseline,0,Balanced,0,Low,0,Low,0,9.72987,2221.9,7.70657,0.0903255,0.1
757,Baseline,0,Balanced,0,Low,0,Low,0,9.76651,2229.62,7.71003,0.0904519,0.1
758,Baseline,0,Balanced,0,Low,0,Low,0,9.725,2220.87,7.7061,0.0902623,0.1
759,Baseline,0,Balanced,0,Low,0,Low,0,9.73223,2222.12,7.70667,0.0904712,0.1
760,Baseline,0,Balanced,0,Low,0,Low,0,9.7533,2227.36,7.70902,0.0901601,0.1
761,Baseline,0,Balanced,0,Low,0,Low,0,9.71916,2220.64,7.706,0.0903564,0.1
762,Baseline,0,Balanced,0,Low,0,Low,0,9.7113,2218.24,7.70492,0.0903419,0.1
763,Baseline,0,Balanced,0,Low,0,Low,0,9.71962,2219.89,7.70566,0.0901206,0.1
764,Baseline,0,Balanced,0,Low,0,Low,0,9.73964,2225.56,7.70821,0.0902865,0.1
765,Baseline,0,Balanced,0,Low,0,Low,0,9.73299,2222.41,7.7068,0.090476,0.1
766,Baseline,0,Balanced,0,Low,0,Low,0,9.72192,2220.47,7.70592,0.0903805,0.1
767,Baseline,0,Balanced,0,Low,0,Low,0,9.74375,2224.54,7.70776,0.0904851,0.1
768,Baseline,0,Balanced,0,Low,0,Low,0,9.78181,2234.06,7.71203,0.0905985,0.1
769,Baseline,0,Balanced,0,Low,0,Low,0,9.77461,2233.5,7.71177,0.0904552,0.1
770,Baseline,0,Balanced,0,Low,0,Low,0,9.72901,2220.86,7.7061,0.0903578,0.1
771,Baseline,0,Balanced,0,Low,0,Low,0,9.71005,2217.46,7.70457,0.0902459,0.1
772,Baseline,0,Balanced,0,Low,0,Low,0,9.71316,2219.15,7.70533,0.0902532,0.1
773,Baseline,0,Balanced,0,Low,0,Low,0,9.7264,2221.55,7.70641,0.0904118,0.1
774,Baseline,0,Balanced,0,Low,0,Low,0,9.75038,2227.39,7.70903,0.0904625,0.1
775,Baseline,0,Balanced,0,Low,0,Low,0,9.76977,2231.89,7.71105,0.0905531,0.1
776,Baseline,0,Balanced,0,Low,0,Low,0,9.77778,2231.96,7.71108,0.0905575,0.1
777,Baseline,0,Balanced,0,Low,0,Low,0,9.7292,2222.75,7.70695,0.0903313,0.1
778,Baseline,0,Balanced,0,Low,0,Low,0,9.73527,2223.6,7.70733,0.0904794,0.1
779,Baseline,0,Balanced,0,Low,0,Low,0,9.76071,2230.05,7.71023,0.0903709,0.1
780,Baseline,0,Balanced,0,Low,0,Low,0,9.74658,2225.58,7.70822,0.0904379,0.1
781,Baseline,0,Balanced,0,Low,0,Low,0,9.75652,2229.95,7.71018,0.0906014,0.1
782,Baseline,0,Balanced,0,Low,0,Low,0,9.77034,2231.26,7.71077,0.090517,0.1
783,Baseline,0,Balanced,0,Low,0,Low,0,9.74391,2225.35,7.70812,0.0903024,0.1
784,Baseline,0,Balanced,0,Low,0,Low,0,9.74502,2224.22,7.70761,0.0905671,0.1
785,Baseline,0,Balanced,0,Low,0,Low,0,9.72176,2220.65,7.706,0.090216,0.1
786,Baseline,0,Balanced,0,Low,0,Low,0,9.74108,2224.13,7.70757,0.0904017,0.1
787,Baseline,0,Balanced,0,Low,0,Low,0,9.71536,2218.81,7.70518,0.0902947,0.1
788,Baseline,0,Balanced,0,Low,0,Low,0,9.69327,2213.52,7.70279,0.090216,0.1
789,Baseline,0,Balanced,0,Low,0,Low,0,9.77752,2230.98,7.71064,0.090679,0.1
790,Baseline,0,Balanced,0,Low,0,Low,0,9.75824,2228.15,7.70938,0.0903631,0.1
791,Baseline,0,Balanced,0,Low,0,Low,0,9.74741,2225.48,7.70818,0.0904562,0.1
792,Baseline,0,Balanced,0,Low,0,Low,0,9.77894,2234.79,7.71235,0.0902445,0.1
793,Baseline,0,Balanced,0,Low,0,Low,0,9.74133,2224.17,7.70759,0.0905816,0.1
794,Baseline,0,Balanced,0,Low,0,Low,0,9.74544,2224.56,7.70777,0.0905667,0.1
795,Baseline,0,Balanced,0,Low,0,Low,0,9.73316,2222.83,7.70699,0.0902045,0.1
796,Baseline,0,Balanced,0,Low,0,Low,0,9.73509,2223.09,7.7071,0.0903844,0.1
797,Baseline,0,Balanced,0,Low,0,Low,0,9.75557,2227.45,7.70906,0.090422,0.1
798,Baseline,0,Balanced,0,Low,0,Low,0,9.75357,2227.6,7.70913,0.0906506,0.1
799,Baseline,0,Balanced,0,Low,0,Low,0,9.73764,2225.18,7.70804,0.0903501,0.1
800,Baseline,0,Balanced,0,Low,0,Low,0,9.76859,2231.59,7.71092,0.0904543,0.1
801,Baseline,0,Balanced,0,Low,0,Low,0,9.78283,2233.22,7.71165,0.0904205,0.1
802,Baseline,0,Balanced,0,Low,0,Low,0,9.73247,2223.2,7.70715,0.0903762,0.1
803,Baseline,0,Balanced,0,Low,0,Low,0,9.74225,2225,7.70796,0.0905724,0.1
804,Baseline,0,Balanced,0,Low,0,Low,0,9.75152,2227.3,7.70899,0.0904143,0.1
805,Baseline,0,Balanced,0,Low,0,Low,0,9.77252,2232.29,7.71123,0.0905584,0.1
806,Baseline,0,Balanced,0,Low,0,Low,0,9.72209,2221.35,7.70632,0.0902836,0.1
807,Baseline,0,Balanced,0,Low,0,Low,0,9.76035,2228.98,7.70975,0.0903694,0.1
808,Baseline,0,Balanced,0,Low,0,Low,0,9.72943,2222.19,7.7067,0.0902122,0.1
809,Baseline,0,Balanced,0,Low,0,Low,0,9.75643,2227.65,7.70915,0.0903549,0.1
810,Baseline,0,Balanced,0,Low,0,Low,0,9.74134,2225.18,7.70804,0.0903622,0.1
811,Baseline,0,Balanced,0,Low,0,Low,0,9.73155,2223.72,7.70739,0.0904292,0.1
812,Baseline,0,Balanced,0,Low,0,Low,0,9.73417,2222.75,7.70695,0.0903921,0.1
813,Baseline,0,Balanced,0,Low,0,Low,0,9.72764,2222.7,7.70693,0.0901461,0.1
814,Baseline,0,Balanced,0,Low,0,Low,0,9.72286,2220.06,7.70574,0.0901167,0.1
815,Baseline,0,Balanced,0,Low,0,Low,0,9.7639,2230.15,7.71027,0.0903737,0.1
816,Baseline,0,Balanced,0,Low,0,Low,0,9.75196,2226.77,7.70876,0.090706,0.1
817,Baseline,0,Balanced,0,Low,0,Low,0,9.77662,2231.58,7.71091,0.0904191,0.1
818,Baseline,0,Balanced,0,Low,0,Low,0,9.72385,2221.31,7.7063,0.0903511,0.1
819,Baseline,0,Balanced,0,Low,0,Low,0,9.71569,2219.76,7.7056,0.0902107,0.1
820,Baseline,0,Balanced,0,Low,0,Low,0,9.72334,2220.63,7.706,0.0902021,0.1
821,Baseline,0,Balanced,0,Low,0,Low,0,9.78895,2236.13,7.71295,0.0906211,0.1
822,Baseline,0,Balanced,0,Low,0,Low,0,9.72238,2222.01,7.70662,0.0901548,0.1
823,Baseline,0,Balanced,0,Low,0,Low,0,9.70754,2216.09,7.70395,0.0901114,0.1
824,Baseline,0,Balanced,0,Low,0,Low,0,9.72905,2221.48,7.70638,0.0903429,0.1
825,Baseline,0,Balanced,0,Low,0,Low,0,9.75001,2226.32,7.70856,0.0905078,0.1
826,Baseline,0,Balanced,0,Low,0,Low,0,9.75996,2228.09,7.70935,0.0904147,0.1
827,Baseline,0,Balanced,0,Low,0,Low,0,9.73265,2223.71,7.70738,0.0905117,0.1
828,Baseline,0,Balanced,0,Low,0,Low,0,9.7545,2227.87,7.70925,0.0902296,0.1
829,Baseline,0,Balanced,0,Low,0,Low,0,9.78378,2233.34,7.7117,0.0904109,0.1
830,Baseline,0,Balanced,0,Low,0,Low,0,9.75593,2227.17,7.70893,0.090572,0.1
831,Baseline,0,Balanced,0,Low,0,Low,0,9.73567,2222.35,7.70677,0.0905107,0.1
832,Baseline,0,Balanced,0,Low,0,Low,0,9.70079,2216.49,7.70413,0.0901548,0.1
833,Baseline,0,Balanced,0,Low,0,Low,0,9.7774,2231.97,7.71109,0.0904099,0.1
834,Baseline,0,Balanced,0,Low,0,Low,0,9.72338,2221.83,7.70654,0.0904249,0.1
835,Baseline,0,Balanced,0,Low,0,Low,0,9.67996,2210.77,7.70155,0.0902185,0.1
836,Baseline,0,Balanced,0,Low,0,Low,0,9.79514,2236.28,7.71302,0.0906809,0.1
837,Baseline,0,Balanced,0,Low,0,Low,0,9.73706,2223.67,7.70736,0.0902045,0.1
838,Baseline,0,Balanced,0,Low,0,Low,0,9.74277,2224.47,7.70773,0.0903511,0.1
839,Baseline,0,Balanced,0,Low,0,Low,0,9.7192,2219.83,7.70563,0.0904075,0.1
840,Baseline,0,Balanced,0,Low,0,Low,0,9.75091,2225.87,7.70835,0.0904408,0.1
841,Baseline,0,Balanced,0,Low,0,Low,0,9.73664,2224.15,7.70758,0.0903125,0.1
842,Baseline,0,Balanced,0,Low,0,Low,0,9.71747,2218.98,7.70526,0.0903236,0.1
843,Baseline,0,Balanced,0,Low,0,Low,0,9.75637,2227.72,7.70918,0.0906337,0.1
844,Baseline,0,Balanced,0,Low,0,Low,0,9.71633,2218.84,7.70519,0.0903135,0.1
845,Baseline,0,Balanced,0,Low,0,Low,0,9.69717,2214.7,7.70332,0.0899783,0.1
846,Baseline,0,Balanced,0,Low,0,Low,0,9.75675,2229.31,7.7099,0.0905946,0.1
847,Baseline,0,Balanced,0,Low,0,Low,0,9.77614,2231.7,7.71097,0.0905387,0.1
848,Baseline,0,Balanced,0,Low,0,Low,0,9.73773,2222.87,7.707,0.0902551,0.1
849,Baseline,0,Balanced,0,Low,0,Low,0,9.75758,2227.82,7.70923,0.0903274,0.1
850,Baseline,0,Balanced,0,Low,0,Low,0,9.74297,2225.09,7.708,0.0902609,0.1
851,Baseline,0,Balanced,0,Low,0,Low,0,9.74919,2225.66,7.70826,0.0904263,0.1
852,Baseline,0,Balanced,0,Low,0,Low,0,9.76161,2230.58,7.71047,0.0905908,0.1
853,Baseline,0,Balanced,0,Low,0,Low,0,9.7426,2224.35,7.70767,0.090531,0.1
854,Baseline,0,Balanced,0,Low,0,Low,0,9.73475,2224.84,7.70789,0.0904225,0.1
855,Baseline,0,Balanced,0,Low,0,Low,0,9.74451,2225.48,7.70818,0.0903101,0.1
856,Baseline,0,Balanced,0,Low,0,Low,0,9.77022,2230.63,7.71049,0.0905107,0.1
857,Baseline,0,Balanced,0,Low,0,Low,0,9.74728,2226.48,7.70863,0.0901182,0.1
858,Baseline,0,Balanced,0,Low,0,Low,0,9.73066,2223.7,7.70738,0.0902715,0.1
859,Baseline,0,Balanced,0,Low,0,Low,0,9.7723,2232.46,7.71131,0.0903819,0.1
860,Baseline,0,Balanced,0,Low,0,Low,0,9.76568,2229.91,7.71017,0.0906781,0.1
861,Baseline,0,Balanced,0,Low,0,Low,0,9.74058,2222.29,7.70674,0.0903274,0.1
862,Baseline,0,Balanced,0,Low,0,Low,0,9.77141,2230.61,7.71048,0.0905474,0.1
863,Baseline,0,Balanced,0,Low,0,Low,0,9.82096,2242.78,7.71592,0.0908599,0.1
864,Baseline,0,Balanced,0,Low,0,Low,0,9.71783,2220.34,7.70587,0.0903853,0.1
865,Baseline,0,Balanced,0,Low,0,Low,0,9.7423,2224.49,7.70773,0.0905314,0.1
866,Baseline,0,Balanced,0,Low,0,Low,0,9.69642,2213.11,7.70261,0.0904196,0.1
867,Baseline,0,Balanced,0,Low,0,Low,0,9.71948,2219.46,7.70547,0.0902267,0.1
868,Baseline,0,Balanced,0,Low,0,Low,0,9.74602,2227.05,7.70888,0.0904181,0.1
869,Baseline,0,Balanced,0,Low,0,Low,0,9.73476,2224.5,7.70774,0.0902662,0.1
870,Baseline,0,Balanced,0,Low,0,Low,0,9.77934,2234.43,7.71219,0.090422,0.1
871,Baseline,0,Balanced,0,Low,0,Low,0,9.77385,2232.27,7.71122,0.0905792,0.1
872,Baseline,0,Balanced,0,Low,0,Low,0,9.79081,2235.55,7.71269,0.0906236,0.1
873,Baseline,0,Balanced,0,Low,0,Low,0,9.7799,2232,7.7111,0.0903274,0.1
874,Baseline,0,Balanced,0,Low,0,Low,0,9.77254,2230.81,7.71057,0.0904919,0.1
875,Baseline,0,Balanced,0,Low,0,Low,0,9.76658,2230.67,7.71051,0.090326,0.1
876,Baseline,0,Balanced,0,Low,0,Low,0,9.79141,2236.97,7.71332,0.0903043,0.1
877,Baseline,0,Balanced,0,Low,0,Low,0,9.75598,2227.46,7.70906,0.090327,0.1
878,Baseline,0,Balanced,0,Low,0,Low,0,9.73137,2221.3,7.7063,0.0903096,0.1
879,Baseline,0,Balanced,0,Low,0,Low,0,9.72684,2222.44,7.70681,0.090449,0.1
880,Baseline,0,Balanced,0,Low,0,Low,0,9.74106,2224.38,7.70768,0.0905295,0.1
881,Baseline,0,Balanced,0,Low,0,Low,0,9.7514,2227.68,7.70917,0.0905363,0.1
882,Baseline,0,Balanced,0,Low,0,Low,0,9.7063,2218.09,7.70485,0.0902715,0.1
883,Baseline,0,Balanced,0,Low,0,Low,0,9.76305,2230.15,7.71027,0.0902045,0.1
884,Baseline,0,Balanced,0,Low,0,Low,0,9.75108,2226.97,7.70885,0.0904803,0.1
885,Baseline,0,Balanced,0,Low,0,Low,0,9.71553,2219.14,7.70532,0.0902633,0.1
886,Baseline,0,Balanced,0,Low,0,Low,0,9.78103,2234.33,7.71214,0.0904012,0.1
887,Baseline,0,Balanced,0,Low,0,Low,0,9.69041,2212.8,7.70247,0.0901823,0.1
888,Baseline,0,Balanced,0,Low,0,Low,0,9.73475,2223.53,7.7073,0.0903347,0.1
889,Baseline,0,Balanced,0,Low,0,Low,0,9.70561,2217.55,7.70461,0.0902233,0.1
890,Baseline,0,Balanced,0,Low,0,Low,0,9.77014,2231.03,7.71067,0.0907952,0.1
891,Baseline,0,Balanced,0,Low,0,Low,0,9.72373,2219.46,7.70547,0.090476,0.1
892,Baseline,0,Balanced,0,Low,0,Low,0,9.74592,2225.88,7.70836,0.0903077,0.1
893,Baseline,0,Balanced,0,Low,0,Low,0,9.72991,2222.06,7.70664,0.0904229,0.1
894,Baseline,0,Balanced,0,Low,0,Low,0,9.72756,2221.68,7.70647,0.0905194,0.1
895,Baseline,0,Balanced,0,Low,0,Low,0,9.69386,2213.47,7.70277,0.0900791,0.1
896,Baseline,0,Balanced,0,Low,0,Low,0,9.79258,2236.32,7.71303,0.0909746,0.1
897,Baseline,0,Balanced,0,Low,0,Low,0,9.72498,2222.75,7.70695,0.0901591,0.1
898,Baseline,0,Balanced,0,Low,0,Low,0,9.74081,2225.29,7.70809,0.0903246,0.1
899,Baseline,0,Balanced,0,Low,0,Low,0,9.73752,2223.79,7.70742,0.0904982,0.1
900,Baseline,0,Balanced,0,Low,0,Low,0,9.74545,2227.43,7.70905,0.0901138,0.1
901,Baseline,0,Balanced,0,Low,0,Low,0,9.74807,2226.32,7.70855,0.090231,0.1
902,Baseline,0,Balanced,0,Low,0,Low,0,9.72687,2222.69,7.70692,0.0903096,0.1
903,Baseline,0,Balanced,0,Low,0,Low,0,9.69384,2214.69,7.70332,0.0900868,0.1
904,Baseline,0,Balanced,0,Low,0,Low,0,9.74428,2224.43,7.7077,0.090435,0.1
905,Baseline,0,Balanced,0,Low,0,Low,0,9.71632,2219,7.70526,0.0904012,0.1
906,Baseline,0,Balanced,0,Low,0,Low,0,9.72968,2222.83,7.70699,0.0902059,0.1
907,Baseline,0,Balanced,0,Low,0,Low,0,9.7444,2224.38,7.70768,0.090447,0.1
908,Baseline,0,Balanced,0,Low,0,Low,0,9.76296,2228.45,7.70951,0.090395,0.1
909,Baseline,0,Balanced,0,Low,0,Low,0,9.71753,2219.48,7.70548,0.0902758,0.1
910,Baseline,0,Balanced,0,Low,0,Low,0,9.77338,2231.07,7.71068,0.090583,0.1
911,Baseline,0,Balanced,0,Low,0,Low,0,9.71801,2219.45,7.70547,0.0902908,0.1
912,Baseline,0,Balanced,0,Low,0,Low,0,9.74224,2224.87,7.7079,0.0903168,0.1
913,Baseline,0,Balanced,0,Low,0,Low,0,9.73355,2223.58,7.70733,0.0904253,0.1
914,Baseline,0,Balanced,0,Low,0,Low,0,9.78342,2235.3,7.71258,0.090407,0.1
915,Baseline,0,Balanced,0,Low,0,Low,0,9.75012,2227.69,7.70917,0.0904311,0.1
916,Baseline,0,Balanced,0,Low,0,Low,0,9.74589,2225.65,7.70825,0.0902995,0.1
917,Baseline,0,Balanced,0,Low,0,Low,0,9.74354,2225.95,7.70839,0.0903496,0.1
918,Baseline,0,Balanced,0,Low,0,Low,0,9.75883,2227.64,7.70915,0.0907108,0.1
919,Baseline,0,Balanced,0,Low,0,Low,0,9.72469,2222.13,7.70667,0.0902677,0.1
920,Baseline,0,Balanced,0,Low,0,Low,0,9.75584,2227.49,7.70908,0.0904562,0.1
921,Baseline,0,Balanced,0,Low,0,Low,0,9.73334,2221.92,7.70658,0.0903207,0.1
922,Baseline,0,Balanced,0,Low,0,Low,0,9.71903,2218.24,7.70492,0.0903921,0.1
923,Baseline,0,Balanced,0,Low,0,Low,0,9.74681,2225.85,7.70834,0.090352,0.1
924,Baseline,0,Balanced,0,Low,0,Low,0,9.73242,2222.98,7.70705,0.0904335,0.1
925,Baseline,0,Balanced,0,Low,0,Low,0,9.72376,2220.25,7.70583,0.0903795,0.1
926,Baseline,0,Balanced,0,Low,0,Low,0,9.73562,2223.14,7.70712,0.0905551,0.1
927,Baseline,0,Balanced,0,Low,0,Low,0,9.70467,2217.21,7.70446,0.0900241,0.1
928,Baseline,0,Balanced,0,Low,0,Low,0,9.74579,2225.35,7.70812,0.0904311,0.1
929,Baseline,0,Balanced,0,Low,0,Low,0,9.71993,2220.38,7.70588,0.0898987,0.1
930,Baseline,0,Balanced,0,Low,0,Low,0,9.7637,2229.45,7.70996,0.0905059,0.1
931,Baseline,0,Balanced,0,Low,0,Low,0,9.74765,2225.66,7.70826,0.09053,0.1
932,Baseline,0,Balanced,0,Low,0,Low,0,9.74198,2225.76,7.7083,0.0904244,0.1
933,Baseline,0,Balanced,0,Low,0,Low,0,9.69084,2214.32,7.70315,0.0900632,0.1
934,Baseline,0,Balanced,0,Low,0,Low,0,9.71692,2219.46,7.70547,0.0902493,0.1
935,Baseline,0,Balanced,0,Low,0,Low,0,9.7841,2234.81,7.71236,0.0904851,0.1
936,Baseline,0,Balanced,0,Low,0,Low,0,9.75107,2227.7,7.70917,0.0904552,0.1
937,Baseline,0,Balanced,0,Low,0,Low,0,9.68508,2211.7,7.70197,0.0898013,0.1
938,Baseline,0,Balanced,0,Low,0,Low,0,9.7675,2231.51,7.71088,0.0904996,0.1
939,Baseline,0,Balanced,0,Low,0,Low,0,9.7902,2236.17,7.71297,0.0907441,0.1
940,Baseline,0,Balanced,0,Low,0,Low,0,9.77708,2232.24,7.71121,0.0904596,0.1
941,Baseline,0,Balanced,0,Low,0,Low,0,9.77681,2232.42,7.71129,0.0906076,0.1
942,Baseline,0,Balanced,0,Low,0,Low,0,9.72612,2220.34,7.70586,0.0900776,0.1
943,Baseline,0,Balanced,0,Low,0,Low,0,9.74671,2225.27,7.70808,0.0904128,0.1
944,Baseline,0,Balanced,0,Low,0,Low,0,9.74863,2228.56,7.70956,0.090232,0.1
945,Baseline,0,Balanced,0,Low,0,Low,0,9.74451,2226.06,7.70844,0.0903183,0.1
946,Baseline,0,Balanced,0,Low,0,Low,0,9.71333,2218.36,7.70497,0.0902054,0.1
947,Baseline,0,Balanced,0,Low,0,Low,0,9.74347,2224.52,7.70775,0.0904225,0.1
948,Baseline,0,Balanced,0,Low,0,Low,0,9.76042,2230.12,7.71026,0.0904798,0.1
949,Baseline,0,Balanced,0,Low,0,Low,0,9.71303,2218.45,7.70501,0.0901635,0.1
950,Baseline,0,Balanced,0,Low,0,Low,0,9.72241,2221.1,7.70621,0.0905054,0.1
951,Baseline,0,Balanced,0,Low,0,Low,0,9.72788,2220.04,7.70573,0.0907624,0.1
952,Baseline,0,Balanced,0,Low,0,Low,0,9.7531,2226.23,7.70851,0.0903569,0.1
953,Baseline,0,Balanced,0,Low,0,Low,0,9.75123,2226.72,7.70873,0.0903111,0.1
954,Baseline,0,Balanced,0,Low,0,Low,0,9.69131,2213.61,7.70283,0.0899479,0.1
955,Baseline,0,Balanced,0,Low,0,Low,0,9.69965,2215.44,7.70366,0.0903641,0.1
956,Baseline,0,Balanced,0,Low,0,Low,0,9.71681,2218.76,7.70515,0.0904321,0.1
957,Baseline,0,Balanced,0,Low,0,Low,0,9.73777,2223.99,7.70751,0.0903733,0.1
958,Baseline,0,Balanced,0,Low,0,Low,0,9.7501,2227.21,7.70896,0.0903704,0.1
959,Baseline,0,Balanced,0,Low,0,Low,0,9.7927,2236.24,7.713,0.0903492,0.1
960,Baseline,0,Balanced,0,Low,0,Low,0,9.75108,2227.62,7.70914,0.0902971,0.1
961,Baseline,0,Balanced,0,Low,0,Low,0,9.73858,2222.73,7.70694,0.0904162,0.1
962,Baseline,0,Balanced,0,Low,0,Low,0,9.69886,2214.71,7.70333,0.0901543,0.1
963,Baseline,0,Balanced,0,Low,0,Low,0,9.76465,2229.91,7.71017,0.0905411,0.1
964,Baseline,0,Balanced,0,Low,0,Low,0,9.75424,2227.96,7.70929,0.0904152,0.1
965,Baseline,0,Balanced,0,Low,0,Low,0,9.76015,2228.67,7.70961,0.0903115,0.1
966,Baseline,0,Balanced,0,Low,0,Low,0,9.7368,2223.67,7.70737,0.0900921,0.1
967,Baseline,0,Balanced,0,Low,0,Low,0,9.73442,2223.01,7.70707,0.0903771,0.1
968,Baseline,0,Balanced,0,Low,0,Low,0,9.71638,2220.13,7.70577,0.0902286,0.1
969,Baseline,0,Balanced,0,Low,0,Low,0,9.70621,2215.63,7.70374,0.0900661,0.1
970,Baseline,0,Balanced,0,Low,0,Low,0,9.81016,2240.78,7.71502,0.0904876,0.1
971,Baseline,0,Balanced,0,Low,0,Low,0,9.72491,2221.8,7.70652,0.09015,0.1
972,Baseline,0,Balanced,0,Low,0,Low,0,9.74645,2227.09,7.7089,0.0902546,0.1
973,Baseline,0,Balanced,0,Low,0,Low,0,9.72962,2221.6,7.70643,0.0902267,0.1
974,Baseline,0,Balanced,0,Low,0,Low,0,9.73725,2222.09,7.70665,0.0906269,0.1
975,Baseline,0,Balanced,0,Low,0,Low,0,9.76055,2228.18,7.70939,0.0903082,0.1
976,Baseline,0,Balanced,0,Low,0,Low,0,9.74083,2224.16,7.70759,0.0902744,0.1
977,Baseline,0,Balanced,0,Low,0,Low,0,9.76433,2229.11,7.70981,0.0903656,0.1
978,Baseline,0,Balanced,0,Low,0,Low,0,9.77263,2231.73,7.71098,0.090665,0.1
979,Baseline,0,Balanced,0,Low,0,Low,0,9.73522,2224.14,7.70758,0.0903274,0.1
980,Baseline,0,Balanced,0,Low,0,Low,0,9.70231,2216.15,7.70398,0.0903096,0.1
981,Baseline,0,Balanced,0,Low,0,Low,0,9.74424,2223.97,7.7075,0.0904239,0.1
982,Baseline,0,Balanced,0,Low,0,Low,0,9.72165,2219.87,7.70565,0.0906216,0.1
983,Baseline,0,Balanced,0,Low,0,Low,0,9.73905,2222.76,7.70696,0.0903419,0.1
984,Baseline,0,Balanced,0,Low,0,Low,0,9.75919,2228.67,7.70961,0.0904958,0.1
985,Baseline,0,Balanced,0,Low,0,Low,0,9.70606,2216.47,7.70412,0.0902773,0.1
986,Baseline,0,Balanced,0,Low,0,Low,0,9.77375,2230.85,7.71059,0.0905165,0.1
987,Baseline,0,Balanced,0,Low,0,Low,0,9.72118,2220.79,7.70607,0.090271,0.1
988,Baseline,0,Balanced,0,Low,0,Low,0,9.72731,2221.73,7.70649,0.0902199,0.1
989,Baseline,0,Balanced,0,Low,0,Low,0,9.77001,2230.83,7.71058,0.0906727,0.1
990,Baseline,0,Balanced,0,Low,0,Low,0,9.73142,2223.4,7.70724,0.0903313,0.1
991,Baseline,0,Balanced,0,Low,0,Low,0,9.68221,2212.25,7.70222,0.0901481,0.1
992,Baseline,0,Balanced,0,Low,0,Low,0,9.73471,2223.99,7.70751,0.0902474,0.1
993,Baseline,0,Balanced,0,Low,0,Low,0,9.78792,2236.29,7.71302,0.0904008,0.1
994,Baseline,0,Balanced,0,Low,0,Low,0,9.72505,2221.95,7.70659,0.0900497,0.1
995,Baseline,0,Balanced,0,Low,0,Low,0,9.71496,2218.15,7.70488,0.0903463,0.1
996,Baseline,0,Balanced,0,Low,0,Low,0,9.74629,2225.53,7.7082,0.0904919,0.1
997,Baseline,0,Balanced,0,Low,0,Low,0,9.75193,2225.83,7.70833,0.0905001,0.1
998,Baseline,0,Balanced,0,Low,0,Low,0,9.76422,2229.52,7.70999,0.0903159,0.1
999,Baseline,0,Balanced,0,Low,0,Low,0,9.7499,2224.59,7.70778,0.0903829,0.1
1000,Baseline,0,Balanced,0,Low,0,Low,0,9.72727,2221.51,7.70639,0.0902874,0.1
1001,Baseline,0,Balanced,0,Low,0,Low,0,9.72548,2221.11,7.70621,0.0903308,0.1
1002,Baseline,0,Balanced,0,Low,0,Low,0,9.75637,2227.83,7.70923,0.0903554,0.1
1003,Baseline,0,Balanced,0,Low,0,Low,0,9.74529,2224.97,7.70795,0.0903511,0.1
1004,Baseline,0,Balanced,0,Low,0,Low,0,9.71317,2218.55,7.70506,0.0903217,0.1
1005,Baseline,0,Balanced,0,Low,0,Low,0,9.73096,2220.43,7.70591,0.0903723,0.1
1006,Baseline,0,Balanced,0,Low,0,Low,0,9.69546,2214.33,7.70316,0.0902189,0.1
1007,Baseline,0,Balanced,0,Low,0,Low,0,9.72654,2221.57,7.70642,0.0905469,0.1
1008,Baseline,0,Balanced,0,Low,0,Low,0,9.71596,2218.45,7.70501,0.0903091,0.1
1009,Baseline,0,Balanced,0,Low,0,Low,0,9.73765,2223.64,7.70735,0.090503,0.1
1010,Baseline,0,Balanced,0,Low,0,Low,0,9.75628,2228.09,7.70935,0.0904663,0.1
1011,Baseline,0,Balanced,0,Low,0,Low,0,9.75693,2227.81,7.70922,0.0903332,0.1
1012,Baseline,0,Balanced,0,Low,0,Low,0,9.72415,2220.6,7.70598,0.0900719,0.1
1013,Baseline,0,Balanced,0,Low,0,Low,0,9.71171,2218.03,7.70483,0.0902537,0.1
1014,Baseline,0,Balanced,0,Low,0,Low,0,9.82655,2243.92,7.71642,0.0907938,0.1
1015,Baseline,0,Balanced,0,Low,0,Low,0,9.73287,2221.42,7.70635,0.0904321,0.1
1016,Baseline,0,Balanced,0,Low,0,Low,0,9.73327,2223.44,7.70726,0.0904292,0.1
1017,Baseline,0,Balanced,0,Low,0,Low,0,9.73972,2223.76,7.7074,0.0903627,0.1
1018,Baseline,0,Balanced,0,Low,0,Low,0,9.80182,2237.65,7.71363,0.0905589,0.1
1019,Baseline,0,Balanced,0,Low,0,Low,0,9.70714,2217.02,7.70437,0.0904046,0.1
1020,Baseline,0,Balanced,0,Low,0,Low,0,9.74841,2225.74,7.70829,0.0903376,0.1
1021,Baseline,0,Balanced,0,Low,0,Low,0,9.77976,2233.03,7.71156,0.0906679,0.1
1022,Baseline,0,Balanced,0,Low,0,Low,0,9.72377,2220.8,7.70607,0.0899744,0.1
1023,Baseline,0,Balanced,0,Low,0,Low,0,9.7415,2223.52,7.70729,0.0905122,0.1
1024,Baseline,0,Balanced,0,Low,0,Low,0,9.71389,2217.68,7.70467,0.0901987,0.1
1025,Baseline,0,Balanced,0,Low,0,Low,0,9.72174,2219.72,7.70559,0.0902561,0.1
1026,Baseline,0,Balanced,0,Low,0,Low,0,9.72323,2221.05,7.70619,0.0900294,0.1
1027,Baseline,0,Balanced,0,Low,0,Low,0,9.74949,2226.77,7.70876,0.0904239,0.1
1028,Baseline,0,Balanced,0,Low,0,Low,0,9.79082,2235.82,7.71281,0.0907759,0.1
1029,Baseline,0,Balanced,0,Low,0,Low,0,9.69246,2214.8,7.70337,0.0902961,0.1
1030,Baseline,0,Balanced,0,Low,0,Low,0,9.73324,2222.29,7.70674,0.0903217,0.1
1031,Baseline,0,Balanced,0,Low,0,Low,0,9.75648,2227.76,7.7092,0.0904442,0.1
1032,Baseline,0,Balanced,0,Low,0,Low,0,9.73085,2220.96,7.70614,0.090284,0.1
1033,Baseline,0,Balanced,0,Low,0,Low,0,9.75242,2228.19,7.70939,0.0903077,0.1
1034,Baseline,0,Balanced,0,Low,0,Low,0,9.75189,2227,7.70886,0.0903303,0.1
1035,Baseline,0,Balanced,0,Low,0,Low,0,9.8,2237.95,7.71376,0.0906727,0.1
1036,Baseline,0,Balanced,0,Low,0,Low,0,9.75159,2226.59,7.70867,0.0905512,0.1
1037,Baseline,0,Balanced,0,Low,0,Low,0,9.73813,2223.38,7.70724,0.0903646,0.1
1038,Baseline,0,Balanced,0,Low,0,Low,0,9.76701,2228.48,7.70952,0.0905821,0.1
1039,Baseline,0,Balanced,0,Low,0,Low,0,9.75803,2229.92,7.71017,0.0903516,0.1
1040,Baseline,0,Balanced,0,Low,0,Low,0,9.72678,2221.58,7.70643,0.0902329,0.1
1041,Baseline,0,Balanced,0,Low,0,Low,0,9.70494,2216.53,7.70415,0.0902513,0.1
1042,Baseline,0,Balanced,0,Low,0,Low,0,9.79638,2237.01,7.71334,0.0906178,0.1
1043,Baseline,0,Balanced,0,Low,0,Low,0,9.72756,2220.46,7.70592,0.09038,0.1
1044,Baseline,0,Balanced,0,Low,0,Low,0,9.76404,2229.88,7.71015,0.090447,0.1
1045,Baseline,0,Balanced,0,Low,0,Low,0,9.69288,2212.78,7.70246,0.0902643,0.1
1046,Baseline,0,Balanced,0,Low,0,Low,0,9.72979,2220.33,7.70586,0.0902908,0.1
1047,Baseline,0,Balanced,0,Low,0,Low,0,9.72189,2221.55,7.70641,0.0903598,0.1
1048,Baseline,0,Balanced,0,Low,0,Low,0,9.72868,2222.98,7.70705,0.0903241,0.1
1049,Baseline,0,Balanced,0,Low,0,Low,0,9.77566,2231.95,7.71108,0.0909057,0.1
1050,Baseline,0,Balanced,0,Low,0,Low,0,9.72161,2220.24,7.70582,0.0903713,0.1
1051,Baseline,0,Balanced,0,Low,0,Low,0,9.78344,2234.08,7.71203,0.0905474,0.1
1052,Baseline,0,Balanced,0,Low,0,Low,0,9.7312,2222.23,7.70672,0.0903414,0.1
1053,Baseline,0,Balanced,0,Low,0,Low,0,9.73791,2223.6,7.70733,0.0902739,0.1
1054,Baseline,0,Balanced,0,Low,0,Low,0,9.77245,2230.94,7.71062,0.0906043,0.1
1055,Baseline,0,Balanced,0,Low,0,Low,0,9.72294,2220.84,7.70609,0.0902185,0.1
1056,Baseline,0,Balanced,0,Low,0,Low,0,9.73929,2223.64,7.70735,0.0903969,0.1
1057,Baseline,0,Balanced,0,Low,0,Low,0,9.71574,2218.29,7.70494,0.0901833,0.1
1058,Baseline,0,Balanced,0,Low,0,Low,0,9.72034,2221.08,7.7062,0.0901148,0.1
1059,Baseline,0,Balanced,0,Low,0,Low,0,9.75122,2226.63,7.70869,0.0904524,0.1
1060,Baseline,0,Balanced,0,Low,0,Low,0,9.7271,2222.07,7.70664,0.0903029,0.1
1061,Baseline,0,Balanced,0,Low,0,Low,0,9.71426,2218.44,7.70501,0.0903776,0.1
1062,Baseline,0,Balanced,0,Low,0,Low,0,9.69466,2214.86,7.7034,0.0902701,0.1
1063,Baseline,0,Balanced,0,Low,0,Low,0,9.75988,2230.28,7.71033,0.0901688,0.1
1064,Baseline,0,Balanced,0,Low,0,Low,0,9.73342,2223.92,7.70748,0.0903665,0.1
1065,Baseline,0,Balanced,0,Low,0,Low,0,9.69501,2212.97,7.70254,0.0900993,0.1
1066,Baseline,0,Balanced,0,Low,0,Low,0,9.73946,2224.61,7.70778,0.0904422,0.1
1067,Baseline,0,Balanced,0,Low,0,Low,0,9.71327,2217.84,7.70474,0.0902035,0.1
1068,Baseline,0,Balanced,0,Low,0,Low,0,9.73927,2224.02,7.70752,0.0903863,0.1
1069,Baseline,0,Balanced,0,Low,0,Low,0,9.74992,2226.89,7.70881,0.0905382,0.1
1070,Baseline,0,Balanced,0,Low,0,Low,0,9.75658,2228.07,7.70934,0.0902971,0.1
1071,Baseline,0,Balanced,0,Low,0,Low,0,9.70594,2216.02,7.70392,0.0902821,0.1
1072,Baseline,0,Balanced,0,Low,0,Low,0,9.75171,2227.44,7.70906,0.0907639,0.1
1073,Baseline,0,Balanced,0,Low,0,Low,0,9.70343,2216.16,7.70398,0.0902922,0.1
1074,Baseline,0,Balanced,0,Low,0,Low,0,9.72579,2221.54,7.70641,0.0903043,0.1
1075,Baseline,0,Balanced,0,Low,0,Low,0,9.73763,2222.72,7.70694,0.0903622,0.1
1076,Baseline,0,Balanced,0,Low,0,Low,0,9.74057,2224.53,7.70775,0.0902604,0.1
1077,Baseline,0,Balanced,0,Low,0,Low,0,9.73726,2223.47,7.70727,0.0902021,0.1
1078,Baseline,0,Balanced,0,Low,0,Low,0,9.72876,2222.27,7.70674,0.090067,0.1
1079,Baseline,0,Balanced,0,Low,0,Low,0,9.69723,2215.1,7.7035,0.0902715,0.1
1080,Baseline,0,Balanced,0,Low,0,Low,0,9.74185,2224.76,7.70785,0.0902127,0.1
1081,Baseline,0,Balanced,0,Low,0,Low,0,9.74074,2223.46,7.70727,0.090381,0.1
1082,Baseline,0,Balanced,0,Low,0,Low,0,9.70193,2216.22,7.70401,0.0903458,0.1
1083,Baseline,0,Balanced,0,Low,0,Low,0,9.77358,2232.57,7.71136,0.0903781,0.1
1084,Baseline,0,Balanced,0,Low,0,Low,0,9.75249,2227.83,7.70923,0.0902469,0.1
1085,Baseline,0,Balanced,0,Low,0,Low,0,9.74289,2224.84,7.70789,0.0904369,0.1
1086,Baseline,0,Balanced,0,Low,0,Low,0,9.71748,2219.44,7.70546,0.0903641,0.1
1087,Baseline,0,Balanced,0,Low,0,Low,0,9.76722,2230.9,7.71061,0.0904374,0.1
1088,Baseline,0,Balanced,0,Low,0,Low,0,9.77073,2231.18,7.71073,0.0903617,0.1
1089,Baseline,0,Balanced,0,Low,0,Low,0,9.77462,2231.32,7.7108,0.0904581,0.1
1090,Baseline,0,Balanced,0,Low,0,Low,0,9.70465,2216.84,7.70429,0.0899918,0.1
1091,Baseline,0,Balanced,0,Low,0,Low,0,9.77367,2231.45,7.71085,0.0904509,0.1
1092,Baseline,0,Balanced,0,Low,0,Low,0,9.73566,2223.69,7.70737,0.0901741,0.1
1093,Baseline,0,Balanced,0,Low,0,Low,0,9.70673,2217.13,7.70442,0.0902339,0.1
1094,Baseline,0,Balanced,0,Low,0,Low,0,9.75096,2227.02,7.70887,0.0904707,0.1
1095,Baseline,0,Balanced,0,Low,0,Low,0,9.74516,2225.84,7.70834,0.0902117,0.1
1096,Baseline,0,Balanced,0,Low,0,Low,0,9.74179,2224.39,7.70769,0.0903496,0.1
1097,Baseline,0,Balanced,0,Low,0,Low,0,9.72176,2220.02,7.70572,0.0904239,0.1
1098,Baseline,0,Balanced,0,Low,0,Low,0,9.77048,2231.76,7.71099,0.0905006,0.1
1099,Baseline,0,Balanced,0,Low,0,Low,0,9.79222,2234.56,7.71225,0.0905015,0.1
1100,Baseline,0,Balanced,0,Low,0,Low,0,9.76032,2228.69,7.70962,0.0905314,0.1
1101,Baseline,0,Balanced,0,Low,0,Low,0,9.7293,2222.4,7.70679,0.0903622,0.1
1102,Baseline,0,Balanced,0,Low,0,Low,0,9.7028,2217.39,7.70454,0.0901529,0.1
1103,Baseline,0,Balanced,0,Low,0,Low,0,9.70397,2216.59,7.70418,0.090313,0.1
1104,Baseline,0,Balanced,0,Low,0,Low,0,9.73822,2223.55,7.70731,0.0904442,0.1
1105,Baseline,0,Balanced,0,Low,0,Low,0,9.78412,2235.02,7.71245,0.0905271,0.1
1106,Baseline,0,Balanced,0,Low,0,Low,0,9.73834,2225.56,7.70821,0.0903998,0.1
1107,Baseline,0,Balanced,0,Low,0,Low,0,9.76219,2229.6,7.71003,0.0905734,0.1
1108,Baseline,0,Balanced,0,Low,0,Low,0,9.72919,2222.2,7.7067,0.0902286,0.1
1109,Baseline,0,Balanced,0,Low,0,Low,0,9.75586,2226.98,7.70885,0.0905879,0.1
1110,Baseline,0,Balanced,0,Low,0,Low,0,9.77903,2233.69,7.71186,0.090544,0.1
1111,Baseline,0,Balanced,0,Low,0,Low,0,9.71571,2218.9,7.70522,0.0902773,0.1
1112,Baseline,0,Balanced,0,Low,0,Low,0,9.71367,2218.78,7.70516,0.0900714,0.1
1113,Baseline,0,Balanced,0,Low,0,Low,0,9.70685,2217.66,7.70466,0.0900101,0.1
1114,Baseline,0,Balanced,0,Low,0,Low,0,9.7322,2222.21,7.70671,0.0903549,0.1
1115,Baseline,0,Balanced,0,Low,0,Low,0,9.72536,2221.2,7.70625,0.0901606,0.1
1116,Baseline,0,Balanced,0,Low,0,Low,0,9.73477,2224.14,7.70758,0.0902701,0.1
1117,Baseline,0,Balanced,0,Low,0,Low,0,9.70684,2217.1,7.70441,0.0903125,0.1
1118,Baseline,0,Balanced,0,Low,0,Low,0,9.76147,2229.83,7.71013,0.0902956,0.1
1119,Baseline,0,Balanced,0,Low,0,Low,0,9.75827,2229.81,7.71012,0.0903762,0.1
1120,Baseline,0,Balanced,0,Low,0,Low,0,9.72744,2221.9,7.70657,0.0902513,0.1
1121,Baseline,0,Balanced,0,Low,0,Low,0,9.79408,2235.85,7.71282,0.0906872,0.1
1122,Baseline,0,Balanced,0,Low,0,Low,0,9.7375,2223.86,7.70745,0.0903501,0.1
1123,Baseline,0,Balanced,0,Low,0,Low,0,9.73789,2223.44,7.70726,0.0902927,0.1
1124,Baseline,0,Balanced,0,Low,0,Low,0,9.73976,2224.34,7.70766,0.090285,0.1
1125,Baseline,0,Balanced,0,Low,0,Low,0,9.74613,2226.95,7.70884,0.0903347,0.1
1126,Baseline,0,Balanced,0,Low,0,Low,0,9.71244,2218,7.70481,0.0900878,0.1
1127,Baseline,0,Balanced,0,Low,0,Low,0,9.72906,2221.48,7.70638,0.0904427,0.1
1128,Baseline,0,Balanced,0,Low,0,Low,0,9.74037,2223.54,7.70731,0.090463,0.1
1129,Baseline,0,Balanced,0,Low,0,Low,0,9.74918,2227.31,7.709,0.0903038,0.1
1130,Baseline,0,Balanced,0,Low,0,Low,0,9.74983,2226.07,7.70844,0.0904287,0.1
1131,Baseline,0,Balanced,0,Low,0,Low,0,9.7816,2233.35,7.71171,0.0907176,0.1
1132,Baseline,0,Balanced,0,Low,0,Low,0,9.75482,2227.7,7.70917,0.0905049,0.1
1133,Baseline,0,Balanced,0,Low,0,Low,0,9.68692,2213.03,7.70257,0.090204,0.1
1134,Baseline,0,Balanced,0,Low,0,Low,0,9.74066,2224.2,7.7076,0.0901746,0.1
1135,Baseline,0,Balanced,0,Low,0,Low,0,9.74038,2226.21,7.7085,0.0903675,0.1
1136,Baseline,0,Balanced,0,Low,0,Low,0,9.74573,2225.4,7.70814,0.0904234,0.1
1137,Baseline,0,Balanced,0,Low,0,Low,0,9.74272,2224.38,7.70768,0.090272,0.1
1138,Baseline,0,Balanced,0,Low,0,Low,0,9.73349,2222.48,7.70683,0.0903762,0.1
1139,Baseline,0,Balanced,0,Low,0,Low,0,9.77452,2232.93,7.71152,0.0904442,0.1
1140,Baseline,0,Balanced,0,Low,0,Low,0,9.69365,2213.79,7.70292,0.0903255,0.1
1141,Baseline,0,Balanced,0,Low,0,Low,0,9.73946,2224.21,7.7076,0.0903631,0.1
1142,Baseline,0,Balanced,0,Low,0,Low,0,9.71617,2219.53,7.7055,0.0902435,0.1
1143,Baseline,0,Balanced,0,Low,0,Low,0,9.73751,2223.44,7.70726,0.090353,0.1
1144,Baseline,0,Balanced,0,Low,0,Low,0,9.743,2224.4,7.70769,0.0902503,0.1
1145,Baseline,0,Balanced,0,Low,0,Low,0,9.6954,2213.84,7.70293,0.0902243,0.1
1146,Baseline,0,Balanced,0,Low,0,Low,0,9.7851,2233.17,7.71163,0.0906679,0.1
1147,Baseline,0,Balanced,0,Low,0,Low,0,9.78536,2234.7,7.71231,0.0906891,0.1
1148,Baseline,0,Balanced,0,Low,0,Low,0,9.75489,2227.82,7.70923,0.0904104,0.1
1149,Baseline,0,Balanced,0,Low,0,Low,0,9.75447,2229.08,7.70979,0.09023,0.1
1150,Baseline,0,Balanced,0,Low,0,Low,0,9.74224,2225.47,7.70817,0.0904427,0.1
1151,Baseline,0,Balanced,0,Low,0,Low,0,9.66728,2206.85,7.69977,0.090096,0.1
1152,Baseline,0,Balanced,0,Low,0,Low,0,9.77095,2230.8,7.71056,0.0903525,0.1
1153,Baseline,0,Balanced,0,Low,0,Low,0,9.73161,2222.23,7.70672,0.0902937,0.1
1154,Baseline,0,Balanced,0,Low,0,Low,0,9.75688,2228.42,7.7095,0.0902132,0.1
1155,Baseline,0,Balanced,0,Low,0,Low,0,9.72477,2222.49,7.70683,0.0904282,0.1
1156,Baseline,0,Balanced,0,Low,0,Low,0,9.72717,2222.32,7.70676,0.0902276,0.1
1157,Baseline,0,Balanced,0,Low,0,Low,0,9.76579,2228.98,7.70975,0.0905329,0.1
1158,Baseline,0,Balanced,0,Low,0,Low,0,9.76563,2229.43,7.70995,0.0904697,0.1
1159,Baseline,0,Balanced,0,Low,0,Low,0,9.74924,2226.05,7.70843,0.0905739,0.1
1160,Baseline,0,Balanced,0,Low,0,Low,0,9.74959,2224.98,7.70795,0.0906221,0.1
1161,Baseline,0,Balanced,0,Low,0,Low,0,9.73714,2224.28,7.70764,0.0903771,0.1
1162,Baseline,0,Balanced,0,Low,0,Low,0,9.74328,2225.55,7.70821,0.0903356,0.1
1163,Baseline,0,Balanced,0,Low,0,Low,0,9.73715,2222.57,7.70687,0.09034,0.1
1164,Baseline,0,Balanced,0,Low,0,Low,0,9.71496,2219.65,7.70555,0.0901379,0.1
1165,Baseline,0,Balanced,0,Low,0,Low,0,9.73775,2223.42,7.70725,0.0904364,0.1
1166,Baseline,0,Balanced,0,Low,0,Low,0,9.74802,2225.4,7.70814,0.0904229,0.1
1167,Baseline,0,Balanced,0,Low,0,Low,0,9.72028,2220.09,7.70575,0.0904716,0.1
1168,Baseline,0,Balanced,0,Low,0,Low,0,9.74761,2226.19,7.70849,0.0901056,0.1
1169,Baseline,0,Balanced,0,Low,0,Low,0,9.77248,2230.74,7.71054,0.0905917,0.1
1170,Baseline,0,Balanced,0,Low,0,Low,0,9.7374,2223.96,7.7075,0.0905199,0.1
1171,Baseline,0,Balanced,0,Low,0,Low,0,9.73608,2223.96,7.70749,0.0902879,0.1
1172,Baseline,0,Balanced,0,Low,0,Low,0,9.70231,2216.31,7.70405,0.0902035,0.1
1173,Baseline,0,Balanced,0,Low,0,Low,0,9.73768,2223.26,7.70718,0.0903048,0.1
1174,Baseline,0,Balanced,0,Low,0,Low,0,9.73382,2223.37,7.70723,0.0901852,0.1
1175,Baseline,0,Balanced,0,Low,0,Low,0,9.78296,2234.92,7.71241,0.0906072,0.1
1176,Baseline,0,Balanced,0,Low,0,Low,0,9.73247,2222.63,7.70689,0.0903308,0.1
1177,Baseline,0,Balanced,0,Low,0,Low,0,9.74927,2225.83,7.70833,0.0903009,0.1
1178,Baseline,0,Balanced,0,Low,0,Low,0,9.7092,2217.41,7.70454,0.0903501,0.1
1179,Baseline,0,Balanced,0,Low,0,Low,0,9.79247,2235.88,7.71284,0.0907176,0.1
1180,Baseline,0,Balanced,0,Low,0,Low,0,9.7651,2229.16,7.70983,0.0907036,0.1
1181,Baseline,0,Balanced,0,Low,0,Low,0,9.77308,2230.91,7.71061,0.090516,0.1
1182,Baseline,0,Balanced,0,Low,0,Low,0,9.68704,2212.93,7.70252,0.0900858,0.1
1183,Baseline,0,Balanced,0,Low,0,Low,0,9.71527,2217.82,7.70473,0.0903091,0.1
1184,Baseline,0,Balanced,0,Low,0,Low,0,9.72702,2221.99,7.70661,0.0901678,0.1
1185,Baseline,0,Balanced,0,Low,0,Low,0,9.73395,2224.26,7.70763,0.0901153,0.1
1186,Baseline,0,Balanced,0,Low,0,Low,0,9.72536,2222.57,7.70687,0.0901476,0.1
1187,Baseline,0,Balanced,0,Low,0,Low,0,9.72268,2220.4,7.70589,0.090488,0.1
1188,Baseline,0,Balanced,0,Low,0,Low,0,9.76064,2228.01,7.70931,0.0905155,0.1
1189,Baseline,0,Balanced,0,Low,0,Low,0,9.72592,2222.4,7.70679,0.0901529,0.1
1190,Baseline,0,Balanced,0,Low,0,Low,0,9.72745,2222.23,7.70672,0.0903766,0.1
1191,Baseline,0,Balanced,0,Low,0,Low,0,9.72628,2221.02,7.70617,0.0901842,0.1
1192,Baseline,0,Balanced,0,Low,0,Low,0,9.77066,2230.3,7.71034,0.0904967,0.1
1193,Baseline,0,Balanced,0,Low,0,Low,0,9.80236,2238.58,7.71405,0.0905073,0.1
1194,Baseline,0,Balanced,0,Low,0,Low,0,9.68602,2211.1,7.7017,0.0901427,0.1
1195,Baseline,0,Balanced,0,Low,0,Low,0,9.70893,2217.37,7.70453,0.090121,0.1
1196,Baseline,0,Balanced,0,Low,0,Low,0,9.74027,2223.57,7.70732,0.0904012,0.1
1197,Baseline,0,Balanced,0,Low,0,Low,0,9.73146,2222.9,7.70702,0.0904712,0.1
1198,Baseline,0,Balanced,0,Low,0,Low,0,9.73892,2223.98,7.70751,0.0903149,0.1
1199,Baseline,0,Balanced,0,Low,0,Low,0,9.76736,2230.06,7.71023,0.090653,0.1
1200,Baseline,0,Balanced,0,Low,0,Low,0,9.70741,2215.92,7.70387,0.0903231,0.1
1201,Baseline,0,Balanced,0,Low,0,Low,0,9.73653,2223.36,7.70722,0.0902884,0.1
1202,Baseline,0,Balanced,0,Low,0,Low,0,9.73656,2222.98,7.70705,0.0904056,0.1
1203,Baseline,0,Balanced,0,Low,0,Low,0,9.72476,2222.85,7.707,0.0901649,0.1
1204,Baseline,0,Balanced,0,Low,0,Low,0,9.77364,2231.2,7.71074,0.0907263,0.1
1205,Baseline,0,Balanced,0,Low,0,Low,0,9.71522,2219.61,7.70554,0.0902175,0.1
1206,Baseline,0,Balanced,0,Low,0,Low,0,9.76151,2227.34,7.70901,0.0906713,0.1
1207,Baseline,0,Balanced,0,Low,0,Low,0,9.70956,2217.89,7.70476,0.0900646,0.1
1208,Baseline,0,Balanced,0,Low,0,Low,0,9.73692,2223.61,7.70734,0.0903241,0.1
1209,Baseline,0,Balanced,0,Low,0,Low,0,9.76243,2229.2,7.70985,0.0902132,0.1
1210,Baseline,0,Balanced,0,Low,0,Low,0,9.75284,2227.74,7.70919,0.0904003,0.1
1211,Baseline,0,Balanced,0,Low,0,Low,0,9.7302,2222.8,7.70697,0.0903824,0.1
1212,Baseline,0,Balanced,0,Low,0,Low,0,9.72853,2221.84,7.70654,0.0904335,0.1
1213,Baseline,0,Balanced,0,Low,0,Low,0,9.71363,2220.13,7.70577,0.0900955,0.1
1214,Baseline,0,Balanced,0,Low,0,Low,0,9.74727,2226.94,7.70883,0.09057,0.1
1215,Baseline,0,Balanced,0,Low,0,Low,0,9.6736,2209.53,7.70099,0.0902638,0.1
1216,Baseline,0,Balanced,0,Low,0,Low,0,9.73029,2223.17,7.70714,0.0902387,0.1
1217,Baseline,0,Balanced,0,Low,0,Low,0,9.69506,2212.88,7.7025,0.0902276,0.1
1218,Baseline,0,Balanced,0,Low,0,Low,0,9.75853,2227.61,7.70914,0.0904996,0.1
1219,Baseline,0,Balanced,0,Low,0,Low,0,9.72092,2220.44,7.70591,0.0904495,0.1
1220,Baseline,0,Balanced,0,Low,0,Low,0,9.75953,2229.71,7.71007,0.0904008,0.1
1221,Baseline,0,Balanced,0,Low,0,Low,0,9.74269,2225.54,7.70821,0.0904524,0.1
1222,Baseline,0,Balanced,0,Low,0,Low,0,9.74319,2225.2,7.70805,0.0904654,0.1
1223,Baseline,0,Balanced,0,Low,0,Low,0,9.76797,2229.98,7.7102,0.0905049,0.1
1224,Baseline,0,Balanced,0,Low,0,Low,0,9.76258,2228.33,7.70946,0.0904437,0.1
1225,Baseline,0,Balanced,0,Low,0,Low,0,9.71559,2218.68,7.70512,0.0902956,0.1
1226,Baseline,0,Balanced,0,Low,0,Low,0,9.70763,2217.46,7.70457,0.0902464,0.1
1227,Baseline,0,Balanced,0,Low,0,Low,0,9.73529,2223.85,7.70745,0.0902479,0.1
1228,Baseline,0,Balanced,0,Low,0,Low,0,9.74019,2225.37,7.70813,0.0904297,0.1
1229,Baseline,0,Balanced,0,Low,0,Low,0,9.72561,2221.27,7.70629,0.0903554,0.1
1230,Baseline,0,Balanced,0,Low,0,Low,0,9.73492,2223.19,7.70715,0.0903299,0.1
1231,Baseline,0,Balanced,0,Low,0,Low,0,9.69201,2214.1,7.70305,0.0900492,0.1
1232,Baseline,0,Balanced,0,Low,0,Low,0,9.76286,2230.07,7.71024,0.0904538,0.1
1233,Baseline,0,Balanced,0,Low,0,Low,0,9.70117,2215.33,7.70361,0.0900178,0.1
1234,Baseline,0,Balanced,0,Low,0,Low,0,9.71934,2220.18,7.70579,0.0902416,0.1
1235,Baseline,0,Balanced,0,Low,0,Low,0,9.76477,2230.23,7.71031,0.0906433,0.1
1236,Baseline,0,Balanced,0,Low,0,Low,0,9.79478,2236.52,7.71312,0.0906602,0.1
1237,Baseline,0,Balanced,0,Low,0,Low,0,9.75448,2228.43,7.7095,0.0903733,0.1
1238,Baseline,0,Balanced,0,Low,0,Low,0,9.72986,2223.06,7.70709,0.09038,0.1
1239,Baseline,0,Balanced,0,Low,0,Low,0,9.7544,2227.98,7.7093,0.0903347,0.1
1240,Baseline,0,Balanced,0,Low,0,Low,0,9.73357,2223.98,7.7075,0.0902643,0.1
1241,Baseline,0,Balanced,0,Low,0,Low,0,9.75283,2226.5,7.70864,0.0904948,0.1
1242,Baseline,0,Balanced,0,Low,0,Low,0,9.72362,2220.87,7.7061,0.0901046,0.1
1243,Baseline,0,Balanced,0,Low,0,Low,0,9.74321,2225.39,7.70814,0.0903728,0.1
1244,Baseline,0,Balanced,0,Low,0,Low,0,9.73333,2222.34,7.70677,0.0904707,0.1
1245,Baseline,0,Balanced,0,Low,0,Low,0,9.75184,2226.43,7.70861,0.0902783,0.1
1246,Baseline,0,Balanced,0,Low,0,Low,0,9.75938,2227.59,7.70912,0.0903839,0.1
1247,Baseline,0,Balanced,0,Low,0,Low,0,9.73718,2222.75,7.70695,0.0905015,0.1
1248,Baseline,0,Balanced,0,Low,0,Low,0,9.72577,2219.28,7.70539,0.0903969,0.1
1249,Baseline,0,Balanced,0,Low,0,Low,0,9.71547,2219.03,7.70528,0.090217,0.1
1250,Baseline,0,Balanced,0,Low,0,Low,0,9.76619,2230.46,7.71041,0.0905821,0.1
1251,Baseline,0,Balanced,0,Low,0,Low,0,9.72042,2219.95,7.70569,0.090367,0.1
1252,Baseline,0,Balanced,0,Low,0,Low,0,9.72702,2222.03,7.70662,0.0904051,0.1
1253,Baseline,0,Balanced,0,Low,0,Low,0,9.73371,2221.38,7.70634,0.090353,0.1
1254,Baseline,0,Balanced,0,Low,0,Low,0,9.76798,2230.41,7.71039,0.0906665,0.1
1255,Baseline,0,Balanced,0,Low,0,Low,0,9.72667,2221.15,7.70623,0.0905266,0.1
1256,Baseline,0,Balanced,0,Low,0,Low,0,9.74746,2227.21,7.70895,0.0904451,0.1
1257,Baseline,0,Balanced,0,Low,0,Low,0,9.71283,2218.47,7.70503,0.0901789,0.1
1258,Baseline,0,Balanced,0,Low,0,Low,0,9.75331,2227.32,7.709,0.0904731,0.1
1259,Baseline,0,Balanced,0,Low,0,Low,0,9.74994,2226.91,7.70882,0.0906645,0.1
1260,Baseline,0,Balanced,0,Low,0,Low,0,9.7485,2227.09,7.7089,0.0905252,0.1
1261,Baseline,0,Balanced,0,Low,0,Low,0,9.76699,2230.61,7.71048,0.0903284,0.1
1262,Baseline,0,Balanced,0,Low,0,Low,0,9.72705,2221.48,7.70638,0.0905343,0.1
1263,Baseline,0,Balanced,0,Low,0,Low,0,9.73623,2224.39,7.70769,0.0902474,0.1
1264,Baseline,0,Balanced,0,Low,0,Low,0,9.74959,2227.57,7.70911,0.0904229,0.1
1265,Baseline,0,Balanced,0,Low,0,Low,0,9.75055,2226.81,7.70878,0.0905011,0.1
1266,Baseline,0,Balanced,0,Low,0,Low,0,9.74583,2225.5,7.70819,0.0904051,0.1
1267,Baseline,0,Balanced,0,Low,0,Low,0,9.74213,2224.7,7.70783,0.0902238,0.1
1268,Baseline,0,Balanced,0,Low,0,Low,0,9.72039,2219.8,7.70562,0.0903882,0.1
1269,Baseline,0,Balanced,0,Low,0,Low,0,9.74101,2223.1,7.70711,0.0903955,0.1
1270,Baseline,0,Balanced,0,Low,0,Low,0,9.70832,2216.45,7.70412,0.0899773,0.1
1271,Baseline,0,Balanced,0,Low,0,Low,0,9.74102,2224.54,7.70775,0.0904504,0.1
1272,Baseline,0,Balanced,0,Low,0,Low,0,9.74204,2225.07,7.70799,0.0903448,0.1
1273,Baseline,0,Balanced,0,Low,0,Low,0,9.69565,2212.81,7.70247,0.0901702,0.1
1274,Baseline,0,Balanced,0,Low,0,Low,0,9.78828,2235.1,7.71249,0.0903964,0.1
1275,Baseline,0,Balanced,0,Low,0,Low,0,9.70567,2217.15,7.70443,0.0900275,0.1
1276,Baseline,0,Balanced,0,Low,0,Low,0,9.74457,2223.83,7.70744,0.0903819,0.1
1277,Baseline,0,Balanced,0,Low,0,Low,0,9.71764,2218.49,7.70503,0.0901808,0.1
1278,Baseline,0,Balanced,0,Low,0,Low,0,9.7501,2227.03,7.70887,0.0902686,0.1
1279,Baseline,0,Balanced,0,Low,0,Low,0,9.74954,2226.49,7.70863,0.0903062,0.1
1280,Baseline,0,Balanced,0,Low,0,Low,0,9.71773,2218.31,7.70495,0.0902836,0.1
1281,Baseline,0,Balanced,0,Low,0,Low,0,9.75613,2228.82,7.70967,0.0903911,0.1
1282,Baseline,0,Balanced,0,Low,0,Low,0,9.73744,2223.69,7.70737,0.0902165,0.1
1283,Baseline,0,Balanced,0,Low,0,Low,0,9.78614,2233.43,7.71174,0.0907118,0.1
1284,Baseline,0,Balanced,0,Low,0,Low,0,9.74562,2226.15,7.70848,0.0900391,0.1
1285,Baseline,0,Balanced,0,Low,0,Low,0,9.78344,2233.8,7.71191,0.0905647,0.1
1286,Baseline,0,Balanced,0,Low,0,Low,0,9.73706,2222.03,7.70663,0.0905155,0.1
1287,Baseline,0,Balanced,0,Low,0,Low,0,9.756,2227.14,7.70892,0.0905011,0.1
1288,Baseline,0,Balanced,0,Low,0,Low,0,9.75751,2228.77,7.70965,0.0903448,0.1
1289,Baseline,0,Balanced,0,Low,0,Low,0,9.7433,2225.55,7.70821,0.0904765,0.1
1290,Baseline,0,Balanced,0,Low,0,Low,0,9.70301,2215.99,7.7039,0.0900352,0.1
1291,Baseline,0,Balanced,0,Low,0,Low,0,9.76968,2231.36,7.71082,0.0902382,0.1
1292,Baseline,0,Balanced,0,Low,0,Low,0,9.80052,2236.57,7.71315,0.090896,0.1
1293,Baseline,0,Balanced,0,Low,0,Low,0,9.75782,2229.64,7.71004,0.0901804,0.1
1294,Baseline,0,Balanced,0,Low,0,Low,0,9.73222,2221.57,7.70642,0.0903737,0.1
1295,Baseline,0,Balanced,0,Low,0,Low,0,9.76104,2229.19,7.70984,0.0905932,0.1
1296,Baseline,0,Balanced,0,Low,0,Low,0,9.73325,2222.07,7.70665,0.0904162,0.1
1297,Baseline,0,Balanced,0,Low,0,Low,0,9.7526,2225.85,7.70834,0.0905035,0.1
1298,Baseline,0,Balanced,0,Low,0,Low,0,9.75431,2226.49,7.70863,0.0905826,0.1
1299,Baseline,0,Balanced,0,Low,0,Low,0,9.77187,2232.5,7.71133,0.090409,0.1
1300,Baseline,0,Balanced,0,Low,0,Low,0,9.76349,2229.38,7.70993,0.0904818,0.1
1301,Baseline,0,Balanced,0,Low,0,Low,0,9.68957,2213.65,7.70285,0.0900521,0.1
1302,Baseline,0,Balanced,0,Low,0,Low,0,9.74243,2225.41,7.70815,0.0903193,0.1
1303,Baseline,0,Balanced,0,Low,0,Low,0,9.73447,2224.6,7.70778,0.0900574,0.1
1304,Baseline,0,Balanced,0,Low,0,Low,0,9.73106,2221.94,7.70659,0.0904625,0.1
1305,Baseline,0,Balanced,0,Low,0,Low,0,9.75997,2228.74,7.70964,0.0906154,0.1
1306,Baseline,0,Balanced,0,Low,0,Low,0,9.733,2223.43,7.70726,0.0901934,0.1
1307,Baseline,0,Balanced,0,Low,0,Low,0,9.76749,2230.15,7.71027,0.0906313,0.1
1308,Baseline,0,Balanced,0,Low,0,Low,0,9.74643,2225.02,7.70797,0.0902595,0.1
1309,Baseline,0,Balanced,0,Low,0,Low,0,9.75211,2226.67,7.70871,0.0904331,0.1
1310,Baseline,0,Balanced,0,Low,0,Low,0,9.74449,2227.42,7.70905,0.0903646,0.1
1311,Baseline,0,Balanced,0,Low,0,Low,0,9.748,2225.5,7.70819,0.0905141,0.1
1312,Baseline,0,Balanced,0,Low,0,Low,0,9.73258,2222.67,7.70691,0.0902778,0.1
1313,Baseline,0,Balanced,0,Low,0,Low,0,9.72666,2220.87,7.70611,0.090285,0.1
1314,Baseline,0,Balanced,0,Low,0,Low,0,9.7539,2227.03,7.70887,0.0904094,0.1
1315,Baseline,0,Balanced,0,Low,0,Low,0,9.73113,2222.62,7.70689,0.0905054,0.1
1316,Baseline,0,Balanced,0,Low,0,Low,0,9.75205,2226.54,7.70865,0.0905691,0.1
1317,Baseline,0,Balanced,0,Low,0,Low,0,9.69129,2212.87,7.7025,0.09034,0.1
1318,Baseline,0,Balanced,0,Low,0,Low,0,9.71875,2219.6,7.70553,0.0902271,0.1
1319,Baseline,0,Balanced,0,Low,0,Low,0,9.77621,2231.91,7.71106,0.0906004,0.1
1320,Baseline,0,Balanced,0,Low,0,Low,0,9.78298,2233.3,7.71168,0.0906197,0.1
1321,Baseline,0,Balanced,0,Low,0,Low,0,9.75054,2226.8,7.70877,0.0904273,0.1
1322,Baseline,0,Balanced,0,Low,0,Low,0,9.77686,2233.84,7.71192,0.0904606,0.1
1323,Baseline,0,Balanced,0,Low,0,Low,0,9.70287,2215.23,7.70356,0.0900487,0.1
1324,Baseline,0,Balanced,0,Low,0,Low,0,9.76808,2230.15,7.71027,0.0906361,0.1
1325,Baseline,0,Balanced,0,Low,0,Low,0,9.76402,2228.16,7.70938,0.0904765,0.1
1326,Baseline,0,Balanced,0,Low,0,Low,0,9.77028,2229.32,7.7099,0.0905628,0.1
1327,Baseline,0,Balanced,0,Low,0,Low,0,9.71899,2218.44,7.70501,0.090381,0.1
1328,Baseline,0,Balanced,0,Low,0,Low,0,9.72995,2222.88,7.70701,0.0905821,0.1
1329,Baseline,0,Balanced,0,Low,0,Low,0,9.74995,2227.56,7.70911,0.0902243,0.1
1330,Baseline,0,Balanced,0,Low,0,Low,0,9.72298,2220.57,7.70597,0.0904548,0.1
1331,Baseline,0,Balanced,0,Low,0,Low,0,9.7617,2229.5,7.70998,0.0905387,0.1
1332,Baseline,0,Balanced,0,Low,0,Low,0,9.70955,2217.62,7.70464,0.0900106,0.1
1333,Baseline,0,Balanced,0,Low,0,Low,0,9.74485,2226.74,7.70874,0.0901587,0.1
1334,Baseline,0,Balanced,0,Low,0,Low,0,9.71593,2220.11,7.70576,0.0903188,0.1
1335,Baseline,0,Balanced,0,Low,0,Low,0,9.71932,2219.92,7.70568,0.0904249,0.1
1336,Baseline,0,Balanced,0,Low,0,Low,0,9.73109,2222.11,7.70666,0.0904012,0.1
1337,Baseline,0,Balanced,0,Low,0,Low,0,9.75887,2228.13,7.70937,0.0905069,0.1
1338,Baseline,0,Balanced,0,Low,0,Low,0,9.73592,2224.34,7.70766,0.0900969,0.1
1339,Baseline,0,Balanced,0,Low,0,Low,0,9.79588,2236.89,7.71329,0.0907658,0.1
1340,Baseline,0,Balanced,0,Low,0,Low,0,9.76023,2229.07,7.70979,0.0906178,0.1
1341,Baseline,0,Balanced,0,Low,0,Low,0,9.74604,2226.58,7.70867,0.0903202,0.1
1342,Baseline,0,Balanced,0,Low,0,Low,0,9.73608,2222.76,7.70695,0.090313,0.1
1343,Baseline,0,Balanced,0,Low,0,Low,0,9.776,2232.53,7.71134,0.0907595,0.1
1344,Baseline,0,Balanced,0,Low,0,Low,0,9.73559,2224.12,7.70756,0.090273,0.1
1345,Baseline,0,Balanced,0,Low,0,Low,0,9.75289,2229,7.70976,0.0901852,0.1
1346,Baseline,0,Balanced,0,Low,0,Low,0,9.74048,2223.67,7.70737,0.0903159,0.1
1347,Baseline,0,Balanced,0,Low,0,Low,0,9.73282,2222.17,7.70669,0.0903578,0.1
1348,Baseline,0,Balanced,0,Low,0,Low,0,9.75082,2227.78,7.70921,0.0905493,0.1
1349,Baseline,0,Balanced,0,Low,0,Low,0,9.72731,2221.82,7.70653,0.0902927,0.1
1350,Baseline,0,Balanced,0,Low,0,Low,0,9.77201,2231.06,7.71068,0.0905642,0.1
1351,Baseline,0,Balanced,0,Low,0,Low,0,9.75096,2226.15,7.70848,0.0904036,0.1
1352,Baseline,3,Balanced,0,Low,0,Low,0,9.7542,2227.67,7.70916,0.0902556,0.1
1353,Baseline,3,Balanced,0,Low,0,Low,0,9.70718,2215.47,7.70367,0.0899455,0.1
1354,Baseline,3,Balanced,0,Low,0,Low,0,9.74892,2225.85,7.70834,0.0903709,0.1
1355,Baseline,3,Balanced,0,Low,0,Low,0,9.71664,2218.07,7.70484,0.0904504,0.1
1356,Baseline,3,Balanced,0,Low,0,Low,0,9.70552,2215.55,7.70371,0.0903434,0.1
1357,Baseline,3,Balanced,0,Low,0,Low,0,9.73264,2222.8,7.70697,0.0903019,0.1
1358,Baseline,3,Balanced,0,Low,0,Low,0,9.74814,2226.57,7.70866,0.0902595,0.1
1359,Baseline,3,Balanced,0,Low,0,Low,0,9.75719,2227.35,7.70902,0.0904094,0.1
1360,Baseline,3,Balanced,0,Low,0,Low,0,9.76674,2229.72,7.71008,0.0905642,0.1
1361,Baseline,3,Balanced,0,Low,0,Low,0,9.75271,2227.52,7.70909,0.0904495,0.1
1362,Baseline,3,Balanced,0,Low,0,Low,0,9.73058,2220.97,7.70615,0.0903694,0.1
1363,Baseline,3,Balanced,0,Low,0,Low,0,9.72398,2221.15,7.70623,0.0903564,0.1
1364,Baseline,3,Balanced,0,Low,0,Low,0,9.77915,2233.46,7.71175,0.0904533,0.1
1365,Baseline,3,Balanced,0,Low,0,Low,0,9.77126,2231.28,7.71078,0.0907943,0.1
1366,Baseline,3,Balanced,0,Low,0,Low,0,9.77188,2231.55,7.7109,0.0904514,0.1
1367,Baseline,3,Balanced,0,Low,0,Low,0,9.70427,2216.87,7.7043,0.0903168,0.1
1368,Baseline,3,Balanced,0,Low,0,Low,0,9.7669,2231.82,7.71102,0.0904524,0.1
1369,Baseline,3,Balanced,0,Low,0,Low,0,9.73361,2221.41,7.70635,0.0903906,0.1
1370,Baseline,3,Balanced,0,Low,0,Low,0,9.74324,2223.67,7.70737,0.0904572,0.1
1371,Baseline,3,Balanced,0,Low,0,Low,0,9.70855,2216.6,7.70418,0.0904085,0.1
1372,Baseline,3,Balanced,0,Low,0,Low,0,9.75945,2227.16,7.70893,0.0904022,0.1
1373,Baseline,3,Balanced,0,Low,0,Low,0,9.72396,2221.44,7.70636,0.0902913,0.1
1374,Baseline,3,Balanced,0,Low,0,Low,0,9.75811,2227.68,7.70917,0.0904118,0.1
1375,Baseline,3,Balanced,0,Low,0,Low,0,9.74998,2227.04,7.70888,0.090327,0.1
1376,Baseline,3,Balanced,0,Low,0,Low,0,9.77151,2231.22,7.71075,0.0905131,0.1
1377,Baseline,3,Balanced,0,Low,0,Low,0,9.74563,2225.37,7.70813,0.0903646,0.1
1378,Baseline,3,Balanced,0,Low,0,Low,0,9.73762,2223.08,7.7071,0.0902165,0.1
1379,Baseline,3,Balanced,0,Low,0,Low,0,9.73066,2221.91,7.70657,0.0903848,0.1
1380,Baseline,3,Balanced,0,Low,0,Low,0,9.76022,2228.38,7.70948,0.0903675,0.1
1381,Baseline,3,Balanced,0,Low,0,Low,0,9.72465,2221.96,7.7066,0.090231,0.1
1382,Baseline,3,Balanced,0,Low,0,Low,0,9.73809,2223.49,7.70728,0.0902879,0.1
1383,Baseline,3,Balanced,0,Low,0,Low,0,9.73099,2223.86,7.70745,0.0900178,0.1
1384,Baseline,3,Balanced,0,Low,0,Low,0,9.75118,2226.68,7.70872,0.0905011,0.1
1385,Baseline,3,Balanced,0,Low,0,Low,0,9.73387,2222.7,7.70693,0.0903651,0.1
1386,Baseline,3,Balanced,0,Low,0,Low,0,9.74538,2225.62,7.70824,0.0906592,0.1
1387,Baseline,3,Balanced,0,Low,0,Low,0,9.70827,2217.9,7.70476,0.0902778,0.1
1388,Baseline,3,Balanced,0,Low,0,Low,0,9.80095,2238.14,7.71385,0.090639,0.1
1389,Baseline,3,Balanced,0,Low,0,Low,0,9.77481,2232.85,7.71148,0.0902672,0.1
1390,Baseline,3,Balanced,0,Low,0,Low,0,9.73254,2221.59,7.70643,0.0905175,0.1
1391,Baseline,3,Balanced,0,Low,0,Low,0,9.74232,2224.88,7.70791,0.0905102,0.1
1392,Baseline,3,Balanced,0,Low,0,Low,0,9.70372,2215.47,7.70367,0.0901616,0.1
1393,Baseline,3,Balanced,0,Low,0,Low,0,9.78625,2234.95,7.71242,0.0905213,0.1
1394,Baseline,3,Balanced,0,Low,0,Low,0,9.72023,2220.79,7.70607,0.0900979,0.1
1395,Baseline,3,Balanced,0,Low,0,Low,0,9.76994,2230.66,7.7105,0.0904745,0.1
1396,Baseline,3,Balanced,0,Low,0,Low,0,9.72687,2222.46,7.70682,0.090108,0.1
1397,Baseline,3,Balanced,0,Low,0,Low,0,9.75693,2227.63,7.70914,0.0904557,0.1
1398,Baseline,3,Balanced,0,Low,0,Low,0,9.72799,2221.85,7.70654,0.0901456,0.1
1399,Baseline,3,Balanced,0,Low,0,Low,0,9.72046,2218.52,7.70505,0.0903651,0.1
1400,Baseline,3,Balanced,0,Low,0,Low,0,9.7493,2225.5,7.70818,0.0906346,0.1
1401,Baseline,3,Balanced,0,Low,0,Low,0,9.76295,2230.35,7.71036,0.0905729,0.1
1402,Baseline,3,Balanced,0,Low,0,Low,0,9.76412,2230.82,7.71057,0.0904813,0.1
1403,Baseline,3,Balanced,0,Low,0,Low,0,9.73209,2222.63,7.7069,0.090244,0.1
1404,Baseline,3,Balanced,0,Low,0,Low,0,9.76195,2228.77,7.70965,0.0903554,0.1
1405,Baseline,3,Balanced,0,Low,0,Low,0,9.70079,2215.44,7.70366,0.0903212,0.1
1406,Baseline,3,Balanced,0,Low,0,Low,0,9.75553,2227.24,7.70897,0.0906617,0.1
1407,Baseline,3,Balanced,0,Low,0,Low,0,9.77301,2233.59,7.71181,0.0904866,0.1
1408,Baseline,3,Balanced,0,Low,0,Low,0,9.75229,2227.23,7.70896,0.090422,0.1
1409,Baseline,3,Balanced,0,Low,0,Low,0,9.74393,2224.9,7.70792,0.0904244,0.1
1410,Baseline,3,Balanced,0,Low,0,Low,0,9.71235,2218.43,7.70501,0.0902045,0.1
1411,Baseline,3,Balanced,0,Low,0,Low,0,9.73608,2222.63,7.7069,0.0904171,0.1
1412,Baseline,3,Balanced,0,Low,0,Low,0,9.73747,2223.39,7.70724,0.0902546,0.1
1413,Baseline,3,Balanced,0,Low,0,Low,0,9.75377,2226.95,7.70884,0.0904789,0.1
1414,Baseline,3,Balanced,0,Low,0,Low,0,9.7636,2229.9,7.71016,0.0903009,0.1
1415,Baseline,3,Balanced,0,Low,0,Low,0,9.72978,2222.28,7.70674,0.0903742,0.1
1416,Baseline,3,Balanced,0,Low,0,Low,0,9.7212,2221.36,7.70633,0.0901345,0.1
1417,Baseline,3,Balanced,0,Low,0,Low,0,9.76105,2229.68,7.71006,0.0904822,0.1
1418,Baseline,3,Balanced,0,Low,0,Low,0,9.74162,2226.17,7.70849,0.0904393,0.1
1419,Baseline,3,Balanced,0,Low,0,Low,0,9.73672,2224.5,7.70774,0.0905059,0.1
1420,Baseline,3,Balanced,0,Low,0,Low,0,9.77443,2230.39,7.71038,0.0903231,0.1
1421,Baseline,3,Balanced,0,Low,0,Low,0,9.71594,2218.79,7.70517,0.0903757,0.1
1422,Baseline,3,Balanced,0,Low,0,Low,0,9.72285,2218.82,7.70518,0.0903101,0.1
1423,Baseline,3,Balanced,0,Low,0,Low,0,9.75058,2226.26,7.70853,0.0905565,0.1
1424,Baseline,3,Balanced,0,Low,0,Low,0,9.83142,2245.84,7.71728,0.0907658,0.1
1425,Baseline,3,Balanced,0,Low,0,Low,0,9.74514,2225.08,7.708,0.0903776,0.1
1426,Baseline,3,Balanced,0,Low,0,Low,0,9.76527,2230.88,7.7106,0.0904186,0.1
1427,Baseline,3,Balanced,0,Low,0,Low,0,9.70374,2215.77,7.70381,0.090108,0.1
1428,Baseline,3,Balanced,0,Low,0,Low,0,9.79928,2236.56,7.71314,0.0907668,0.1
1429,Baseline,3,Balanced,0,Low,0,Low,0,9.69383,2214.52,7.70324,0.0900931,0.1
1430,Baseline,3,Balanced,0,Low,0,Low,0,9.70318,2218.33,7.70496,0.0901505,0.1
1431,Baseline,3,Balanced,0,Low,0,Low,0,9.7031,2215.99,7.70391,0.0903057,0.1
1432,Baseline,3,Balanced,0,Low,0,Low,0,9.73022,2222.01,7.70662,0.0904171,0.1
1433,Baseline,3,Balanced,0,Low,0,Low,0,9.75906,2228.95,7.70974,0.0904292,0.1
1434,Baseline,3,Balanced,0,Low,0,Low,0,9.7212,2220.52,7.70595,0.0904104,0.1
1435,Baseline,3,Balanced,0,Low,0,Low,0,9.69459,2215.44,7.70366,0.0899908,0.1
1436,Baseline,3,Balanced,0,Low,0,Low,0,9.74298,2223.31,7.7072,0.090178,0.1
1437,Baseline,3,Balanced,0,Low,0,Low,0,9.74767,2225.42,7.70815,0.0904152,0.1
1438,Baseline,3,Balanced,0,Low,0,Low,0,9.76891,2229.83,7.71013,0.0905329,0.1
1439,Baseline,3,Balanced,0,Low,0,Low,0,9.71568,2219.4,7.70544,0.0903492,0.1
1440,Baseline,3,Balanced,0,Low,0,Low,0,9.74031,2224.17,7.70759,0.0902416,0.1
1441,Baseline,3,Balanced,0,Low,0,Low,0,9.71116,2216.1,7.70396,0.090136,0.1
1442,Baseline,3,Balanced,0,Low,0,Low,0,9.75642,2228.59,7.70957,0.0906308,0.1
1443,Baseline,3,Balanced,0,Low,0,Low,0,9.69675,2214.58,7.70327,0.0899822,0.1
1444,Baseline,3,Balanced,0,Low,0,Low,0,9.76254,2229.14,7.70982,0.0902966,0.1
1445,Baseline,3,Balanced,0,Low,0,Low,0,9.71275,2218.94,7.70523,0.0902238,0.1
1446,Baseline,3,Balanced,0,Low,0,Low,0,9.74881,2225.48,7.70818,0.09057,0.1
1447,Baseline,3,Balanced,0,Low,0,Low,0,9.77271,2231.29,7.71078,0.0906129,0.1
1448,Baseline,3,Balanced,0,Low,0,Low,0,9.73514,2222.43,7.70681,0.0902214,0.1
1449,Baseline,3,Balanced,0,Low,0,Low,0,9.6902,2213.37,7.70272,0.0903086,0.1
1450,Baseline,3,Balanced,0,Low,0,Low,0,9.72268,2221.54,7.70641,0.0904022,0.1
1451,Baseline,3,Balanced,0,Low,0,Low,0,9.7509,2226.73,7.70874,0.09042,0.1
1452,Baseline,3,Balanced,0,Low,0,Low,0,9.72478,2221.52,7.7064,0.0903612,0.1
1453,Baseline,3,Balanced,0,Low,0,Low,0,9.70618,2217.09,7.7044,0.0902826,0.1
1454,Baseline,3,Balanced,0,Low,0,Low,0,9.71181,2216.97,7.70435,0.0900989,0.1
1455,Baseline,3,Balanced,0,Low,0,Low,0,9.73081,2222.25,7.70672,0.0902141,0.1
1456,Baseline,3,Balanced,0,Low,0,Low,0,9.7622,2229.79,7.71011,0.0904504,0.1
1457,Baseline,3,Balanced,0,Low,0,Low,0,9.73951,2223.31,7.7072,0.0904847,0.1
1458,Baseline,3,Balanced,0,Low,0,Low,0,9.73032,2223.52,7.7073,0.0905131,0.1
1459,Baseline,3,Balanced,0,Low,0,Low,0,9.73906,2223.04,7.70708,0.0903241,0.1
1460,Baseline,3,Balanced,0,Low,0,Low,0,9.7219,2220.9,7.70612,0.0902233,0.1
1461,Baseline,3,Balanced,0,Low,0,Low,0,9.75035,2227.4,7.70904,0.0906337,0.1
1462,Baseline,3,Balanced,0,Low,0,Low,0,9.7113,2217.81,7.70473,0.0903173,0.1
1463,Baseline,3,Balanced,0,Low,0,Low,0,9.76124,2229.58,7.71002,0.0906207,0.1
1464,Baseline,3,Balanced,0,Low,0,Low,0,9.74188,2225.92,7.70838,0.0904331,0.1
1465,Baseline,3,Balanced,0,Low,0,Low,0,9.70978,2217.17,7.70444,0.09023,0.1
1466,Baseline,3,Balanced,0,Low,0,Low,0,9.72211,2220.11,7.70576,0.0903241,0.1
1467,Baseline,3,Balanced,0,Low,0,Low,0,9.72681,2219.68,7.70557,0.0903472,0.1
1468,Baseline,3,Balanced,0,Low,0,Low,0,9.74796,2226.38,7.70858,0.0905613,0.1
1469,Baseline,3,Balanced,0,Low,0,Low,0,9.71511,2219.78,7.70561,0.090013,0.1
1470,Baseline,3,Balanced,0,Low,0,Low,0,9.77413,2232.28,7.71123,0.0905855,0.1
1471,Baseline,3,Balanced,0,Low,0,Low,0,9.72153,2220,7.70571,0.0902787,0.1
1472,Baseline,3,Balanced,0,Low,0,Low,0,9.66161,2205.49,7.69916,0.0899643,0.1
1473,Baseline,3,Balanced,0,Low,0,Low,0,9.73571,2221.96,7.70659,0.0903535,0.1
1474,Baseline,3,Balanced,0,Low,0,Low,0,9.72154,2220.27,7.70584,0.0901866,0.1
1475,Baseline,3,Balanced,0,Low,0,Low,0,9.76908,2230.08,7.71024,0.0904138,0.1
1476,Baseline,3,Balanced,0,Low,0,Low,0,9.75537,2227.3,7.709,0.0905189,0.1
1477,Baseline,3,Balanced,0,Low,0,Low,0,9.72468,2221.31,7.7063,0.0902199,0.1
1478,Baseline,3,Balanced,0,Low,0,Low,0,9.7132,2218.61,7.70509,0.0903173,0.1
1479,Baseline,3,Balanced,0,Low,0,Low,0,9.72435,2222.12,7.70667,0.0902677,0.1
1480,Baseline,3,Balanced,0,Low,0,Low,0,9.72511,2220.96,7.70614,0.0903545,0.1
1481,Baseline,3,Balanced,0,Low,0,Low,0,9.73161,2222.25,7.70673,0.0902845,0.1
1482,Baseline,3,Balanced,0,Low,0,Low,0,9.76285,2228.51,7.70954,0.090463,0.1
1483,Baseline,3,Balanced,0,Low,0,Low,0,9.73333,2222.77,7.70696,0.0904914,0.1
1484,Baseline,3,Balanced,0,Low,0,Low,0,9.76946,2230.74,7.71054,0.090339,0.1
1485,Baseline,3,Balanced,0,Low,0,Low,0,9.76379,2230.36,7.71037,0.0902363,0.1
1486,Baseline,3,Balanced,0,Low,0,Low,0,9.73316,2222,7.70661,0.0903684,0.1
1487,Baseline,3,Balanced,0,Low,0,Low,0,9.74312,2225.84,7.70834,0.0905623,0.1
1488,Baseline,3,Balanced,0,Low,0,Low,0,9.73742,2225.76,7.7083,0.0903303,0.1
1489,Baseline,3,Balanced,0,Low,0,Low,0,9.72836,2222.42,7.7068,0.0904114,0.1
1490,Baseline,3,Balanced,0,Low,0,Low,0,9.7127,2219.24,7.70537,0.0902122,0.1
1491,Baseline,3,Balanced,0,Low,0,Low,0,9.75942,2229.18,7.70984,0.0904524,0.1
1492,Baseline,3,Balanced,0,Low,0,Low,0,9.69349,2214.16,7.70308,0.0901495,0.1
1493,Baseline,3,Balanced,0,Low,0,Low,0,9.72852,2220.86,7.7061,0.0906781,0.1
1494,Baseline,3,Balanced,0,Low,0,Low,0,9.73691,2224.09,7.70755,0.0903742,0.1
1495,Baseline,3,Balanced,0,Low,0,Low,0,9.71353,2217.13,7.70442,0.0903009,0.1
1496,Baseline,3,Balanced,0,Low,0,Low,0,9.7573,2227.18,7.70894,0.0903284,0.1
1497,Baseline,3,Balanced,0,Low,0,Low,0,9.752,2226.59,7.70867,0.0905102,0.1
1498,Baseline,3,Balanced,0,Low,0,Low,0,9.7292,2222.28,7.70674,0.0901625,0.1
1499,Baseline,3,Balanced,0,Low,0,Low,0,9.76148,2228.25,7.70942,0.090504,0.1
1500,Baseline,3,Balanced,0,Low,0,Low,0,9.72157,2218.78,7.70516,0.0902889,0.1
1501,Baseline,3,Balanced,0,Low,0,Low,0,9.77073,2231.47,7.71086,0.0903607,0.1
1502,Baseline,3,Balanced,0,Low,0,Low,0,9.73275,2222.8,7.70697,0.0904596,0.1
1503,Baseline,3,Balanced,0,Low,0,Low,0,9.72396,2220.92,7.70613,0.0901374,0.1
1504,Baseline,3,Balanced,0,Low,0,Low,0,9.73971,2223.29,7.70719,0.090502,0.1
1505,Baseline,3,Balanced,0,Low,0,Low,0,9.7103,2216.7,7.70423,0.0903091,0.1
1506,Baseline,3,Balanced,0,Low,0,Low,0,9.74068,2225.12,7.70801,0.0903993,0.1
1507,Baseline,3,Balanced,0,Low,0,Low,0,9.7114,2218.68,7.70512,0.0903482,0.1
1508,Baseline,3,Balanced,0,Low,0,Low,0,9.69772,2215,7.70346,0.0902112,0.1
1509,Baseline,3,Balanced,0,Low,0,Low,0,9.77443,2231.37,7.71082,0.0905705,0.1
1510,Baseline,3,Balanced,0,Low,0,Low,0,9.71873,2221.41,7.70635,0.0902083,0.1
1511,Baseline,3,Balanced,0,Low,0,Low,0,9.70789,2217.07,7.70439,0.0901644,0.1
1512,Baseline,3,Balanced,0,Low,0,Low,0,9.77061,2231.6,7.71092,0.0904538,0.1
1513,Baseline,3,Balanced,0,Low,0,Low,0,9.678,2210.74,7.70154,0.0900395,0.1
1514,Baseline,3,Balanced,0,Low,0,Low,0,9.71568,2218.43,7.70501,0.0901292,0.1
1515,Baseline,3,Balanced,0,Low,0,Low,0,9.75335,2227.57,7.70912,0.0903366,0.1
1516,Baseline,3,Balanced,0,Low,0,Low,0,9.7284,2222.39,7.70679,0.0904292,0.1
1517,Baseline,3,Balanced,0,Low,0,Low,0,9.75913,2228.66,7.7096,0.0903342,0.1
1518,Baseline,3,Balanced,0,Low,0,Low,0,9.76449,2230.25,7.71032,0.090625,0.1
1519,Baseline,3,Balanced,0,Low,0,Low,0,9.71825,2217.85,7.70474,0.0905575,0.1
1520,Baseline,3,Balanced,0,Low,0,Low,0,9.75653,2227.14,7.70892,0.0907803,0.1
1521,Baseline,3,Balanced,0,Low,0,Low,0,9.7403,2224.91,7.70792,0.0903704,0.1
1522,Baseline,3,Balanced,0,Low,0,Low,0,9.74682,2225.85,7.70834,0.0904104,0.1
1523,Baseline,3,Balanced,0,Low,0,Low,0,9.72921,2224.29,7.70764,0.0902141,0.1
1524,Baseline,3,Balanced,0,Low,0,Low,0,9.72139,2220.02,7.70572,0.0901534,0.1
1525,Baseline,3,Balanced,0,Low,0,Low,0,9.71021,2216.55,7.70416,0.0902363,0.1
1526,Baseline,3,Balanced,0,Low,0,Low,0,9.70309,2216.83,7.70428,0.089959,0.1
1527,Baseline,3,Balanced,0,Low,0,Low,0,9.70176,2216.16,7.70398,0.0900998,0.1
1528,Baseline,3,Balanced,0,Low,0,Low,0,9.68303,2211.92,7.70207,0.0900993,0.1
1529,Baseline,3,Balanced,0,Low,0,Low,0,9.76852,2231.25,7.71076,0.0904861,0.1
1530,Baseline,3,Balanced,0,Low,0,Low,0,9.76031,2229.17,7.70983,0.0903583,0.1
1531,Baseline,3,Balanced,0,Low,0,Low,0,9.68247,2208.8,7.70066,0.0902059,0.1
1532,Baseline,3,Balanced,0,Low,0,Low,0,9.72934,2221.2,7.70625,0.0905314,0.1
1533,Baseline,3,Balanced,0,Low,0,Low,0,9.75179,2227.09,7.7089,0.0904745,0.1
1534,Baseline,3,Balanced,0,Low,0,Low,0,9.75322,2227.03,7.70887,0.0903906,0.1
1535,Baseline,3,Balanced,0,Low,0,Low,0,9.71468,2219.7,7.70558,0.0902296,0.1
1536,Baseline,3,Balanced,0,Low,0,Low,0,9.76128,2228.81,7.70967,0.0904176,0.1
1537,Baseline,3,Balanced,0,Low,0,Low,0,9.80008,2238.36,7.71395,0.0906028,0.1
1538,Baseline,3,Balanced,0,Low,0,Low,0,9.72674,2220.02,7.70572,0.0904118,0.1
1539,Baseline,3,Balanced,0,Low,0,Low,0,9.72697,2222.01,7.70662,0.0905806,0.1
1540,Baseline,3,Balanced,0,Low,0,Low,0,9.74065,2225.24,7.70807,0.0905869,0.1
1541,Baseline,3,Balanced,0,Low,0,Low,0,9.7532,2228.8,7.70967,0.0904933,0.1
1542,Baseline,3,Balanced,0,Low,0,Low,0,9.76544,2229.07,7.70979,0.0904885,0.1
1543,Baseline,3,Balanced,0,Low,0,Low,0,9.72387,2219.95,7.70569,0.090189,0.1
1544,Baseline,3,Balanced,0,Low,0,Low,0,9.75152,2225.84,7.70834,0.0904225,0.1
1545,Baseline,3,Balanced,0,Low,0,Low,0,9.75213,2225.72,7.70828,0.0905883,0.1
1546,Baseline,3,Balanced,0,Low,0,Low,0,9.794,2236.36,7.71305,0.0905613,0.1
1547,Baseline,3,Balanced,0,Low,0,Low,0,9.75379,2227.89,7.70926,0.0905194,0.1
1548,Baseline,3,Balanced,0,Low,0,Low,0,9.73978,2224.13,7.70757,0.0905802,0.1
1549,Baseline,3,Balanced,0,Low,0,Low,0,9.7449,2225.05,7.70798,0.0904909,0.1
1550,Baseline,3,Balanced,0,Low,0,Low,0,9.72601,2220.65,7.706,0.0905454,0.1
1551,Baseline,3,Balanced,0,Low,0,Low,0,9.71254,2218.01,7.70482,0.0903048,0.1
1552,Baseline,3,Balanced,0,Low,0,Low,0,9.72557,2221.52,7.7064,0.0902691,0.1
1553,Baseline,3,Balanced,0,Low,0,Low,0,9.7079,2216.65,7.7042,0.0902816,0.1
1554,Baseline,3,Balanced,0,Low,0,Low,0,9.71459,2218.11,7.70486,0.0901524,0.1
1555,Baseline,3,Balanced,0,Low,0,Low,0,9.73779,2224.45,7.70771,0.0904663,0.1
1556,Baseline,3,Balanced,0,Low,0,Low,0,9.73569,2223.09,7.7071,0.0903979,0.1
1557,Baseline,3,Balanced,0,Low,0,Low,0,9.7365,2222.02,7.70662,0.0904567,0.1
1558,Baseline,3,Balanced,0,Low,0,Low,0,9.7464,2225.35,7.70812,0.0902599,0.1
1559,Baseline,3,Balanced,0,Low,0,Low,0,9.78634,2233.66,7.71184,0.0907345,0.1
1560,Baseline,3,Balanced,0,Low,0,Low,0,9.74314,2224.71,7.70783,0.0904654,0.1
1561,Baseline,3,Balanced,0,Low,0,Low,0,9.69847,2215.4,7.70364,0.0902773,0.1
1562,Baseline,3,Balanced,0,Low,0,Low,0,9.73432,2221.28,7.70629,0.0904244,0.1
1563,Baseline,3,Balanced,0,Low,0,Low,0,9.74493,2226.05,7.70843,0.0905782,0.1
1564,Baseline,3,Balanced,0,Low,0,Low,0,9.76461,2230.26,7.71032,0.0903559,0.1
1565,Baseline,3,Balanced,0,Low,0,Low,0,9.75191,2226.88,7.7088,0.0901905,0.1
1566,Baseline,3,Balanced,0,Low,0,Low,0,9.77299,2230.98,7.71064,0.090462,0.1
1567,Baseline,3,Balanced,0,Low,0,Low,0,9.81293,2240.51,7.7149,0.0908049,0.1
1568,Baseline,3,Balanced,0,Low,0,Low,0,9.72451,2220.76,7.70606,0.0904162,0.1
1569,Baseline,3,Balanced,0,Low,0,Low,0,9.71999,2220.47,7.70592,0.0902223,0.1
1570,Baseline,3,Balanced,0,Low,0,Low,0,9.76271,2229.39,7.70993,0.0906163,0.1
1571,Baseline,3,Balanced,0,Low,0,Low,0,9.69762,2215.63,7.70374,0.0900367,0.1
1572,Baseline,3,Balanced,0,Low,0,Low,0,9.73355,2222.89,7.70701,0.0903675,0.1
1573,Baseline,3,Balanced,0,Low,0,Low,0,9.73872,2224.1,7.70756,0.0904933,0.1
1574,Baseline,3,Balanced,0,Low,0,Low,0,9.72062,2218.56,7.70506,0.0903149,0.1
1575,Baseline,3,Balanced,0,Low,0,Low,0,9.69946,2214.95,7.70343,0.0903926,0.1
1576,Baseline,3,Balanced,0,Low,0,Low,0,9.71498,2217.5,7.70459,0.0901403,0.1
1577,Baseline,3,Balanced,0,Low,0,Low,0,9.72443,2221.51,7.70639,0.0903578,0.1
1578,Baseline,3,Balanced,0,Low,0,Low,0,9.73314,2221.65,7.70646,0.0903414,0.1
1579,Baseline,3,Balanced,0,Low,0,Low,0,9.72395,2220.2,7.7058,0.0905859,0.1
1580,Baseline,3,Balanced,0,Low,0,Low,0,9.76108,2229.85,7.71014,0.0903506,0.1
1581,Baseline,3,Balanced,0,Low,0,Low,0,9.72979,2222.72,7.70694,0.0902889,0.1
1582,Baseline,3,Balanced,0,Low,0,Low,0,9.7624,2229.2,7.70985,0.0904977,0.1
1583,Baseline,3,Balanced,0,Low,0,Low,0,9.75076,2225.75,7.7083,0.0904654,0.1
1584,Baseline,3,Balanced,0,Low,0,Low,0,9.75893,2229.9,7.71016,0.0906544,0.1
1585,Baseline,3,Balanced,0,Low,0,Low,0,9.77978,2234.25,7.71211,0.0903969,0.1
1586,Baseline,3,Balanced,0,Low,0,Low,0,9.71394,2218.65,7.7051,0.0902175,0.1
1587,Baseline,3,Balanced,0,Low,0,Low,0,9.72901,2222.2,7.7067,0.090352,0.1
1588,Baseline,3,Balanced,0,Low,0,Low,0,9.7328,2223.78,7.70741,0.0903207,0.1
1589,Baseline,3,Balanced,0,Low,0,Low,0,9.77762,2232.99,7.71155,0.0904533,0.1
1590,Baseline,3,Balanced,0,Low,0,Low,0,9.73555,2223.18,7.70714,0.0902826,0.1
1591,Baseline,3,Balanced,0,Low,0,Low,0,9.7503,2225.9,7.70837,0.090273,0.1
1592,Baseline,3,Balanced,0,Low,0,Low,0,9.70242,2216.51,7.70414,0.0902324,0.1
1593,Baseline,3,Balanced,0,Low,0,Low,0,9.75648,2229.33,7.70991,0.0905888,0.1
1594,Baseline,3,Balanced,0,Low,0,Low,0,9.75791,2228.72,7.70963,0.0904157,0.1
1595,Baseline,3,Balanced,0,Low,0,Low,0,9.73101,2222.41,7.7068,0.0904726,0.1
1596,Baseline,3,Balanced,0,Low,0,Low,0,9.72812,2222.99,7.70706,0.0900453,0.1
1597,Baseline,3,Balanced,0,Low,0,Low,0,9.70413,2216.39,7.70409,0.0902329,0.1
1598,Baseline,3,Balanced,0,Low,0,Low,0,9.74504,2224.92,7.70792,0.090488,0.1
1599,Baseline,3,Balanced,0,Low,0,Low,0,9.80017,2237.52,7.71357,0.0906149,0.1
1600,Baseline,3,Balanced,0,Low,0,Low,0,9.76126,2229.46,7.70996,0.0905078,0.1
1601,Baseline,3,Balanced,0,Low,0,Low,0,9.70858,2218.16,7.70488,0.0902247,0.1
1602,Baseline,3,Balanced,0,Low,0,Low,0,9.78222,2233.74,7.71188,0.0904581,0.1
1603,Baseline,3,Balanced,0,Low,0,Low,0,9.72118,2219.81,7.70563,0.0902595,0.1
1604,Baseline,3,Balanced,0,Low,0,Low,0,9.74094,2225.43,7.70816,0.0902103,0.1
1605,Baseline,3,Balanced,0,Low,0,Low,0,9.71448,2219.61,7.70554,0.0901129,0.1
1606,Baseline,3,Balanced,0,Low,0,Low,0,9.7257,2221.27,7.70628,0.0903853,0.1
1607,Baseline,3,Balanced,0,Low,0,Low,0,9.7235,2220.87,7.7061,0.0903217,0.1
1608,Baseline,3,Balanced,0,Low,0,Low,0,9.75431,2228.61,7.70958,0.0902566,0.1
1609,Baseline,3,Balanced,0,Low,0,Low,0,9.73447,2223,7.70706,0.0903545,0.1
1610,Baseline,3,Balanced,0,Low,0,Low,0,9.75987,2229.02,7.70977,0.0903791,0.1
1611,Baseline,3,Balanced,0,Low,0,Low,0,9.74523,2224.95,7.70794,0.0904678,0.1
1612,Baseline,3,Balanced,0,Low,0,Low,0,9.75368,2227.98,7.7093,0.0905083,0.1
1613,Baseline,3,Balanced,0,Low,0,Low,0,9.7124,2217.32,7.7045,0.0903173,0.1
1614,Baseline,3,Balanced,0,Low,0,Low,0,9.70363,2215.8,7.70382,0.0903525,0.1
1615,Baseline,3,Balanced,0,Low,0,Low,0,9.74541,2225.62,7.70824,0.0903352,0.1
1616,Baseline,3,Balanced,0,Low,0,Low,0,9.76788,2229.74,7.71009,0.090298,0.1
1617,Baseline,3,Balanced,0,Low,0,Low,0,9.76398,2231.64,7.71094,0.0906125,0.1
1618,Baseline,3,Balanced,0,Low,0,Low,0,9.72574,2220.88,7.70611,0.0902826,0.1
1619,Baseline,3,Balanced,0,Low,0,Low,0,9.74796,2226.69,7.70872,0.0905107,0.1
1620,Baseline,3,Balanced,0,Low,0,Low,0,9.73033,2221.62,7.70644,0.0903959,0.1
1621,Baseline,3,Balanced,0,Low,0,Low,0,9.73268,2223.16,7.70713,0.0903154,0.1
1622,Baseline,3,Balanced,0,Low,0,Low,0,9.72611,2219.9,7.70567,0.0904345,0.1
1623,Baseline,3,Balanced,0,Low,0,Low,0,9.69681,2214.89,7.70341,0.0900207,0.1
1624,Baseline,3,Balanced,0,Low,0,Low,0,9.72756,2221.6,7.70643,0.0904157,0.1
1625,Baseline,3,Balanced,0,Low,0,Low,0,9.77133,2230.56,7.71046,0.0904311,0.1
1626,Baseline,3,Balanced,0,Low,0,Low,0,9.70914,2217.77,7.70471,0.0903689,0.1
1627,Baseline,3,Balanced,0,Low,0,Low,0,9.79085,2235.92,7.71285,0.090368,0.1
1628,Baseline,3,Balanced,0,Low,0,Low,0,9.71892,2220.53,7.70595,0.090325,0.1
1629,Baseline,3,Balanced,0,Low,0,Low,0,9.71108,2216.83,7.70428,0.0901384,0.1
1630,Baseline,3,Balanced,0,Low,0,Low,0,9.74029,2223.51,7.70729,0.0903019,0.1
1631,Baseline,3,Balanced,0,Low,0,Low,0,9.76303,2229.2,7.70985,0.090367,0.1
1632,Baseline,3,Balanced,0,Low,0,Low,0,9.71027,2218.35,7.70497,0.0902353,0.1
1633,Baseline,3,Balanced,0,Low,0,Low,0,9.69763,2215.86,7.70385,0.0900945,0.1
1634,Baseline,3,Balanced,0,Low,0,Low,0,9.78585,2233.73,7.71188,0.0905792,0.1
1635,Baseline,3,Balanced,0,Low,0,Low,0,9.73064,2222.61,7.70689,0.0905324,0.1
1636,Baseline,3,Balanced,0,Low,0,Low,0,9.77874,2233.12,7.7116,0.090746,0.1
1637,Baseline,3,Balanced,0,Low,0,Low,0,9.72177,2222.26,7.70673,0.0901635,0.1
1638,Baseline,3,Balanced,0,Low,0,Low,0,9.72901,2220.71,7.70603,0.0903646,0.1
1639,Baseline,3,Balanced,0,Low,0,Low,0,9.70823,2217.75,7.7047,0.0900203,0.1
1640,Baseline,3,Balanced,0,Low,0,Low,0,9.71211,2218.64,7.7051,0.0902411,0.1
1641,Baseline,3,Balanced,0,Low,0,Low,0,9.70395,2216.23,7.70401,0.090327,0.1
1642,Baseline,3,Balanced,0,Low,0,Low,0,9.75346,2226.34,7.70856,0.0902479,0.1
1643,Baseline,3,Balanced,0,Low,0,Low,0,9.7397,2225.7,7.70827,0.0901852,0.1
1644,Baseline,3,Balanced,0,Low,0,Low,0,9.76057,2228.17,7.70938,0.0903212,0.1
1645,Baseline,3,Balanced,0,Low,0,Low,0,9.76324,2228.64,7.70959,0.0906192,0.1
1646,Baseline,3,Balanced,0,Low,0,Low,0,9.72139,2219.47,7.70548,0.0904311,0.1
1647,Baseline,3,Balanced,0,Low,0,Low,0,9.7305,2222.09,7.70665,0.09019,0.1
1648,Baseline,3,Balanced,0,Low,0,Low,0,9.7595,2230.76,7.71055,0.0904331,0.1
1649,Baseline,3,Balanced,0,Low,0,Low,0,9.70269,2216.04,7.70393,0.090164,0.1
1650,Baseline,3,Balanced,0,Low,0,Low,0,9.70239,2216.62,7.70419,0.0904528,0.1
1651,Baseline,3,Balanced,0,Low,0,Low,0,9.73145,2222.67,7.70691,0.0903482,0.1
1652,Baseline,3,Balanced,0,Low,0,Low,0,9.73789,2223.37,7.70723,0.0903057,0.1
1653,Baseline,3,Balanced,0,Low,0,Low,0,9.7266,2221.74,7.7065,0.0901943,0.1
1654,Baseline,3,Balanced,0,Low,0,Low,0,9.70704,2217.31,7.7045,0.0899653,0.1
1655,Baseline,3,Balanced,0,Low,0,Low,0,9.77469,2231.91,7.71106,0.0907605,0.1
1656,Baseline,3,Balanced,0,Low,0,Low,0,9.74269,2225.8,7.70832,0.0903757,0.1
1657,Baseline,3,Balanced,0,Low,0,Low,0,9.73679,2223.3,7.7072,0.0903366,0.1
1658,Baseline,3,Balanced,0,Low,0,Low,0,9.78116,2233.48,7.71176,0.09057,0.1
1659,Baseline,3,Balanced,0,Low,0,Low,0,9.75104,2226.92,7.70882,0.0902551,0.1
1660,Baseline,3,Balanced,0,Low,0,Low,0,9.75051,2228.07,7.70934,0.0905194,0.1
1661,Baseline,3,Balanced,0,Low,0,Low,0,9.72822,2221.19,7.70625,0.0903033,0.1
1662,Baseline,3,Balanced,0,Low,0,Low,0,9.73504,2223.14,7.70713,0.0903053,0.1
1663,Baseline,3,Balanced,0,Low,0,Low,0,9.74714,2226.38,7.70858,0.0903332,0.1
1664,Baseline,3,Balanced,0,Low,0,Low,0,9.73681,2221.9,7.70657,0.0903844,0.1
1665,Baseline,3,Balanced,0,Low,0,Low,0,9.76808,2230.12,7.71026,0.0904543,0.1
1666,Baseline,3,Balanced,0,Low,0,Low,0,9.74835,2225.44,7.70816,0.0905368,0.1
1667,Baseline,3,Balanced,0,Low,0,Low,0,9.77176,2229.73,7.71009,0.0904755,0.1
1668,Baseline,3,Balanced,0,Low,0,Low,0,9.73614,2223,7.70706,0.0904167,0.1
1669,Baseline,3,Balanced,0,Low,0,Low,0,9.69105,2213.4,7.70273,0.0901664,0.1
1670,Baseline,3,Balanced,0,Low,0,Low,0,9.77533,2233.79,7.7119,0.0905695,0.1
1671,Baseline,3,Balanced,0,Low,0,Low,0,9.75881,2227.68,7.70917,0.090475,0.1
1672,Baseline,3,Balanced,0,Low,0,Low,0,9.76202,2230.95,7.71063,0.0903819,0.1
1673,Baseline,3,Balanced,0,Low,0,Low,0,9.77466,2231.54,7.71089,0.0903819,0.1
1674,Baseline,3,Balanced,0,Low,0,Low,0,9.72899,2221.49,7.70638,0.0905213,0.1
1675,Baseline,3,Balanced,0,Low,0,Low,0,9.72957,2223.17,7.70714,0.0903077,0.1
1676,Baseline,3,Balanced,0,Low,0,Low,0,9.74592,2226.18,7.70849,0.0902368,0.1
1677,Baseline,3,Balanced,0,Low,0,Low,0,9.71595,2219.64,7.70555,0.0902392,0.1
1678,Baseline,3,Balanced,0,Low,0,Low,0,9.71992,2220,7.70571,0.0902156,0.1
1679,Baseline,3,Balanced,0,Low,0,Low,0,9.78567,2234.4,7.71218,0.0906737,0.1
1680,Baseline,3,Balanced,0,Low,0,Low,0,9.71584,2217.46,7.70457,0.0903771,0.1
1681,Baseline,3,Balanced,0,Low,0,Low,0,9.78861,2234.58,7.71226,0.0906289,0.1
1682,Baseline,3,Balanced,0,Low,0,Low,0,9.7339,2221.85,7.70655,0.0902204,0.1
1683,Baseline,3,Balanced,0,Low,0,Low,0,9.73666,2224.4,7.70769,0.090462,0.1
1684,Baseline,3,Balanced,0,Low,0,Low,0,9.7228,2218.59,7.70508,0.0902035,0.1
1685,Baseline,3,Balanced,0,Low,0,Low,0,9.73329,2223.36,7.70723,0.0902725,0.1
1686,Baseline,3,Balanced,0,Low,0,Low,0,9.77331,2232.11,7.71115,0.0906404,0.1
1687,Baseline,3,Balanced,0,Low,0,Low,0,9.75906,2228.22,7.70941,0.0904861,0.1
1688,Baseline,3,Balanced,0,Low,0,Low,0,9.75114,2226.52,7.70864,0.0904789,0.1
1689,Baseline,3,Balanced,0,Low,0,Low,0,9.77512,2232.44,7.7113,0.0904437,0.1
1690,Baseline,3,Balanced,0,Low,0,Low,0,9.76183,2228.84,7.70969,0.0904986,0.1
1691,Baseline,3,Balanced,0,Low,0,Low,0,9.73,2222.84,7.70699,0.0900993,0.1
1692,Baseline,3,Balanced,0,Low,0,Low,0,9.71658,2218.74,7.70515,0.0904933,0.1
1693,Baseline,3,Balanced,0,Low,0,Low,0,9.71503,2218.72,7.70514,0.090041,0.1
1694,Baseline,3,Balanced,0,Low,0,Low,0,9.74957,2226.03,7.70843,0.0903303,0.1
1695,Baseline,3,Balanced,0,Low,0,Low,0,9.79084,2235.46,7.71265,0.0906872,0.1
1696,Baseline,3,Balanced,0,Low,0,Low,0,9.7316,2222.58,7.70688,0.0904861,0.1
1697,Baseline,3,Balanced,0,Low,0,Low,0,9.74368,2225.48,7.70818,0.0902059,0.1
1698,Baseline,3,Balanced,0,Low,0,Low,0,9.73579,2222.63,7.7069,0.0902951,0.1
1699,Baseline,3,Balanced,0,Low,0,Low,0,9.7399,2225.11,7.70801,0.0905599,0.1
1700,Baseline,3,Balanced,0,Low,0,Low,0,9.70373,2216.11,7.70396,0.0903221,0.1
1701,Baseline,3,Balanced,0,Low,0,Low,0,9.74525,2224.12,7.70756,0.0905117,0.1
1702,Baseline,3,Balanced,0,Low,0,Low,0,9.78694,2234.21,7.71209,0.0906481,0.1
1703,Baseline,3,Balanced,0,Low,0,Low,0,9.70415,2216.08,7.70394,0.0903328,0.1
1704,Baseline,3,Balanced,0,Low,0,Low,0,9.75925,2228.79,7.70966,0.0906202,0.1
1705,Baseline,3,Balanced,0,Low,0,Low,0,9.72903,2221.89,7.70656,0.0903757,0.1
1706,Baseline,3,Balanced,0,Low,0,Low,0,9.73738,2223.94,7.70748,0.0905102,0.1
1707,Baseline,3,Balanced,0,Low,0,Low,0,9.70998,2217.96,7.70479,0.0901635,0.1
1708,Baseline,3,Balanced,0,Low,0,Low,0,9.73907,2225.03,7.70798,0.0904528,0.1
1709,Baseline,3,Balanced,0,Low,0,Low,0,9.70615,2217.64,7.70465,0.0902787,0.1
1710,Baseline,3,Balanced,0,Low,0,Low,0,9.72641,2221.04,7.70618,0.090463,0.1
1711,Baseline,3,Balanced,0,Low,0,Low,0,9.74988,2227.7,7.70917,0.0902416,0.1
1712,Baseline,3,Balanced,0,Low,0,Low,0,9.75504,2228.14,7.70937,0.0903385,0.1
1713,Baseline,3,Balanced,0,Low,0,Low,0,9.74665,2224.65,7.7078,0.0904567,0.1
1714,Baseline,3,Balanced,0,Low,0,Low,0,9.7156,2218.97,7.70525,0.0902021,0.1
1715,Baseline,3,Balanced,0,Low,0,Low,0,9.71063,2217.11,7.70441,0.090325,0.1
1716,Baseline,3,Balanced,0,Low,0,Low,0,9.7205,2218.89,7.70521,0.0903193,0.1
1717,Baseline,3,Balanced,0,Low,0,Low,0,9.69194,2213.06,7.70258,0.0900574,0.1
1718,Baseline,3,Balanced,0,Low,0,Low,0,9.72538,2221.44,7.70636,0.0903844,0.1
1719,Baseline,3,Balanced,0,Low,0,Low,0,9.69619,2213.85,7.70294,0.0903988,0.1
1720,Baseline,3,Balanced,0,Low,0,Low,0,9.68859,2213.23,7.70266,0.0903342,0.1
1721,Baseline,3,Balanced,0,Low,0,Low,0,9.76092,2229.88,7.71015,0.090394,0.1
1722,Baseline,3,Balanced,0,Low,0,Low,0,9.7625,2229.38,7.70993,0.0905276,0.1
1723,Baseline,3,Balanced,0,Low,0,Low,0,9.73476,2223.5,7.70729,0.090176,0.1
1724,Baseline,3,Balanced,0,Low,0,Low,0,9.76909,2230.32,7.71035,0.0904215,0.1
1725,Baseline,3,Balanced,0,Low,0,Low,0,9.69708,2215.02,7.70347,0.0903463,0.1
1726,Baseline,3,Balanced,0,Low,0,Low,0,9.73067,2223.14,7.70713,0.0902792,0.1
1727,Baseline,3,Balanced,0,Low,0,Low,0,9.75083,2225.9,7.70837,0.0904456,0.1
1728,Baseline,3,Balanced,0,Low,0,Low,0,9.74288,2225.44,7.70816,0.0903694,0.1
1729,Baseline,3,Balanced,0,Low,0,Low,0,9.74901,2226.26,7.70853,0.0904557,0.1
1730,Baseline,3,Balanced,0,Low,0,Low,0,9.73866,2225,7.70796,0.0905136,0.1
1731,Baseline,3,Balanced,0,Low,0,Low,0,9.72263,2220.13,7.70577,0.090368,0.1
1732,Baseline,3,Balanced,0,Low,0,Low,0,9.73228,2221.12,7.70622,0.0903139,0.1
1733,Baseline,3,Balanced,0,Low,0,Low,0,9.74047,2224.71,7.70783,0.0903337,0.1
1734,Baseline,3,Balanced,0,Low,0,Low,0,9.76384,2231.45,7.71085,0.0904229,0.1
1735,Baseline,3,Balanced,0,Low,0,Low,0,9.73126,2222.81,7.70698,0.0902662,0.1
1736,Baseline,3,Balanced,0,Low,0,Low,0,9.74324,2223.82,7.70743,0.0904302,0.1
1737,Baseline,3,Balanced,0,Low,0,Low,0,9.71387,2218.57,7.70507,0.0902083,0.1
1738,Baseline,3,Balanced,0,Low,0,Low,0,9.72497,2221.64,7.70645,0.0904017,0.1
1739,Baseline,3,Balanced,0,Low,0,Low,0,9.77315,2232.25,7.71121,0.0904779,0.1
1740,Baseline,3,Balanced,0,Low,0,Low,0,9.75013,2226.17,7.70849,0.0903405,0.1
1741,Baseline,3,Balanced,0,Low,0,Low,0,9.73587,2224.48,7.70773,0.0901866,0.1
1742,Baseline,3,Balanced,0,Low,0,Low,0,9.75627,2229.27,7.70988,0.090204,0.1
1743,Baseline,3,Balanced,0,Low,0,Low,0,9.7632,2229.62,7.71004,0.0905266,0.1
1744,Baseline,3,Balanced,0,Low,0,Low,0,9.72339,2220.45,7.70592,0.0902922,0.1
1745,Baseline,3,Balanced,0,Low,0,Low,0,9.75418,2226.71,7.70873,0.0906544,0.1
1746,Baseline,3,Balanced,0,Low,0,Low,0,9.68991,2212.69,7.70242,0.0901374,0.1
1747,Baseline,3,Balanced,0,Low,0,Low,0,9.71144,2217.94,7.70479,0.0901596,0.1
1748,Baseline,3,Balanced,0,Low,0,Low,0,9.7389,2225.58,7.70822,0.090205,0.1
1749,Baseline,3,Balanced,0,Low,0,Low,0,9.74719,2225.83,7.70834,0.0903376,0.1
1750,Baseline,3,Balanced,0,Low,0,Low,0,9.72815,2222.41,7.7068,0.0901042,0.1
1751,Baseline,3,Balanced,0,Low,0,Low,0,9.71876,2219.69,7.70557,0.0901075,0.1
1752,Baseline,3,Balanced,0,Low,0,Low,0,9.71954,2219.1,7.70531,0.0905011,0.1
1753,Baseline,3,Balanced,0,Low,0,Low,0,9.79135,2234.45,7.7122,0.0908459,0.1
1754,Baseline,3,Balanced,0,Low,0,Low,0,9.76055,2228.77,7.70966,0.0904147,0.1
1755,Baseline,3,Balanced,0,Low,0,Low,0,9.70608,2216.42,7.7041,0.090258,0.1
1756,Baseline,3,Balanced,0,Low,0,Low,0,9.74227,2224.98,7.70795,0.09038,0.1
1757,Baseline,3,Balanced,0,Low,0,Low,0,9.7572,2230.28,7.71033,0.0907354,0.1
1758,Baseline,3,Balanced,0,Low,0,Low,0,9.74579,2226.15,7.70848,0.0903207,0.1
1759,Baseline,3,Balanced,0,Low,0,Low,0,9.73618,2224.54,7.70776,0.090475,0.1
1760,Baseline,3,Balanced,0,Low,0,Low,0,9.70203,2215.02,7.70347,0.0902575,0.1
1761,Baseline,3,Balanced,0,Low,0,Low,0,9.69896,2215.39,7.70364,0.0901365,0.1
1762,Baseline,3,Balanced,0,Low,0,Low,0,9.74743,2224.05,7.70753,0.0902802,0.1
1763,Baseline,3,Balanced,0,Low,0,Low,0,9.75199,2226.75,7.70875,0.0903564,0.1
1764,Baseline,3,Balanced,0,Low,0,Low,0,9.73647,2224.49,7.70773,0.0906481,0.1
1765,Baseline,3,Balanced,0,Low,0,Low,0,9.7715,2232.2,7.71119,0.0904475,0.1
1766,Baseline,3,Balanced,0,Low,0,Low,0,9.73931,2224.76,7.70785,0.090476,0.1
1767,Baseline,3,Balanced,0,Low,0,Low,0,9.79584,2235.88,7.71284,0.0904519,0.1
1768,Baseline,3,Balanced,0,Low,0,Low,0,9.73551,2223.27,7.70719,0.0904572,0.1
1769,Baseline,3,Balanced,0,Low,0,Low,0,9.75016,2226.16,7.70848,0.0903988,0.1
1770,Baseline,3,Balanced,0,Low,0,Low,0,9.7305,2221.39,7.70634,0.0904668,0.1
1771,Baseline,3,Balanced,0,Low,0,Low,0,9.721,2220.93,7.70613,0.0904533,0.1
1772,Baseline,3,Balanced,0,Low,0,Low,0,9.77973,2232.62,7.71138,0.0906178,0.1
1773,Baseline,3,Balanced,0,Low,0,Low,0,9.79267,2235.78,7.71279,0.0904104,0.1
1774,Baseline,3,Balanced,0,Low,0,Low,0,9.72365,2221.34,7.70632,0.0900386,0.1
1775,Baseline,3,Balanced,0,Low,0,Low,0,9.70372,2216.5,7.70414,0.0902233,0.1
1776,Baseline,3,Balanced,0,Low,0,Low,0,9.74362,2225.15,7.70803,0.0902623,0.1
1777,Baseline,3,Balanced,0,Low,0,Low,0,9.74041,2224.32,7.70766,0.0903443,0.1
1778,Baseline,3,Balanced,0,Low,0,Low,0,9.80759,2240.23,7.71478,0.090516,0.1
1779,Baseline,3,Balanced,0,Low,0,Low,0,9.77279,2231.24,7.71076,0.0907012,0.1
1780,Baseline,3,Balanced,0,Low,0,Low,0,9.76883,2229.97,7.71019,0.0904012,0.1
1781,Baseline,3,Balanced,0,Low,0,Low,0,9.72462,2221.44,7.70636,0.0902604,0.1
1782,Baseline,3,Balanced,0,Low,0,Low,0,9.78865,2235.83,7.71282,0.0905792,0.1
1783,Baseline,3,Balanced,0,Low,0,Low,0,9.74799,2225.47,7.70817,0.0907051,0.1
1784,Baseline,3,Balanced,0,Low,0,Low,0,9.73947,2225.1,7.70801,0.090476,0.1
1785,Baseline,3,Balanced,0,Low,0,Low,0,9.69328,2213.71,7.70287,0.0900068,0.1
1786,Baseline,3,Balanced,0,Low,0,Low,0,9.71164,2218.1,7.70486,0.0902411,0.1
1787,Baseline,3,Balanced,0,Low,0,Low,0,9.75182,2227.26,7.70898,0.0904991,0.1
1788,Baseline,3,Balanced,0,Low,0,Low,0,9.76163,2229.89,7.71016,0.0903757,0.1
1789,Baseline,3,Balanced,0,Low,0,Low,0,9.67295,2209.47,7.70096,0.0900492,0.1
1790,Baseline,3,Balanced,0,Low,0,Low,0,9.70488,2217.36,7.70452,0.0902556,0.1
1791,Baseline,3,Balanced,0,Low,0,Low,0,9.74238,2225,7.70796,0.0903434,0.1
1792,Baseline,3,Balanced,0,Low,0,Low,0,9.67691,2211.09,7.70169,0.0902276,0.1
1793,Baseline,3,Balanced,0,Low,0,Low,0,9.69175,2212.43,7.7023,0.0902474,0.1
1794,Baseline,3,Balanced,0,Low,0,Low,0,9.76533,2231.39,7.71083,0.0903265,0.1
1795,Baseline,3,Balanced,0,Low,0,Low,0,9.73366,2222.74,7.70694,0.0902662,0.1
1796,Baseline,3,Balanced,0,Low,0,Low,0,9.74882,2226.15,7.70848,0.0906197,0.1
1797,Baseline,3,Balanced,0,Low,0,Low,0,9.73922,2223.42,7.70725,0.0903573,0.1
1798,Baseline,3,Balanced,0,Low,0,Low,0,9.74551,2223.55,7.70731,0.0905965,0.1
1799,Baseline,3,Balanced,0,Low,0,Low,0,9.78661,2234.08,7.71203,0.0905879,0.1
1800,Baseline,3,Balanced,0,Low,0,Low,0,9.71681,2218.51,7.70504,0.0903467,0.1
1801,Baseline,3,Balanced,0,Low,0,Low,0,9.74225,2223.42,7.70725,0.0901934,0.1
1802,Baseline,3,Balanced,0,Low,0,Low,0,9.69509,2215.89,7.70386,0.0902566,0.1
1803,Baseline,3,Balanced,0,Low,0,Low,0,9.73222,2221.14,7.70623,0.0904982,0.1
1804,Baseline,3,Balanced,0,Low,0,Low,0,9.73474,2223.83,7.70744,0.090504,0.1
1805,Baseline,3,Balanced,0,Low,0,Low,0,9.76224,2229.59,7.71002,0.0903844,0.1
1806,Baseline,3,Balanced,0,Low,0,Low,0,9.72651,2222,7.70661,0.0903742,0.1
1807,Baseline,3,Balanced,0,Low,0,Low,0,9.7394,2223.33,7.70721,0.0905816,0.1
1808,Baseline,3,Balanced,0,Low,0,Low,0,9.74904,2225.6,7.70823,0.090572,0.1
1809,Baseline,3,Balanced,0,Low,0,Low,0,9.74806,2226.96,7.70884,0.0902324,0.1
1810,Baseline,3,Balanced,0,Low,0,Low,0,9.76129,2227.48,7.70907,0.0904422,0.1
1811,Baseline,3,Balanced,0,Low,0,Low,0,9.7835,2235.09,7.71248,0.0905368,0.1
1812,Baseline,3,Balanced,0,Low,0,Low,0,9.70445,2215.56,7.70371,0.0902006,0.1
1813,Baseline,3,Balanced,0,Low,0,Low,0,9.72136,2218.66,7.70511,0.0903463,0.1
1814,Baseline,3,Balanced,0,Low,0,Low,0,9.72814,2220.45,7.70591,0.0903231,0.1
1815,Baseline,3,Balanced,0,Low,0,Low,0,9.72357,2220.87,7.7061,0.090339,0.1
1816,Baseline,3,Balanced,0,Low,0,Low,0,9.74695,2226.19,7.7085,0.0903197,0.1
1817,Baseline,3,Balanced,0,Low,0,Low,0,9.75396,2228.8,7.70967,0.0902397,0.1
1818,Baseline,3,Balanced,0,Low,0,Low,0,9.71746,2220.16,7.70578,0.0903236,0.1
1819,Baseline,3,Balanced,0,Low,0,Low,0,9.74303,2226.02,7.70842,0.0904856,0.1
1820,Baseline,3,Balanced,0,Low,0,Low,0,9.72808,2222.58,7.70687,0.0904099,0.1
1821,Baseline,3,Balanced,0,Low,0,Low,0,9.71821,2219.39,7.70544,0.0901355,0.1
1822,Baseline,3,Balanced,0,Low,0,Low,0,9.7248,2221.84,7.70654,0.0903448,0.1
1823,Baseline,3,Balanced,0,Low,0,Low,0,9.78516,2233.38,7.71172,0.0906602,0.1
1824,Baseline,3,Balanced,0,Low,0,Low,0,9.70767,2217.85,7.70474,0.0903004,0.1
1825,Baseline,3,Balanced,0,Low,0,Low,0,9.7519,2226.2,7.7085,0.0905522,0.1
1826,Baseline,3,Balanced,0,Low,0,Low,0,9.74121,2225.18,7.70804,0.0902079,0.1
1827,Baseline,3,Balanced,0,Low,0,Low,0,9.69552,2214.8,7.70337,0.0900916,0.1
1828,Baseline,3,Balanced,0,Low,0,Low,0,9.73454,2223.06,7.70709,0.090447,0.1
1829,Baseline,3,Balanced,0,Low,0,Low,0,9.73008,2223.07,7.70709,0.0901635,0.1
1830,Baseline,3,Balanced,0,Low,0,Low,0,9.74117,2225.63,7.70825,0.0903815,0.1
1831,Baseline,3,Balanced,0,Low,0,Low,0,9.72026,2219.29,7.70539,0.0904239,0.1
1832,Baseline,3,Balanced,0,Low,0,Low,0,9.70792,2218.31,7.70495,0.0904287,0.1
1833,Baseline,3,Balanced,0,Low,0,Low,0,9.75671,2228.31,7.70945,0.0903897,0.1
1834,Baseline,3,Balanced,0,Low,0,Low,0,9.74525,2224.65,7.70781,0.0906303,0.1
1835,Baseline,3,Balanced,0,Low,0,Low,0,9.74169,2225.39,7.70813,0.0902546,0.1
1836,Baseline,3,Balanced,0,Low,0,Low,0,9.72277,2221.28,7.70629,0.0901567,0.1
1837,Baseline,3,Balanced,0,Low,0,Low,0,9.68561,2211.39,7.70183,0.0899928,0.1
1838,Baseline,3,Balanced,0,Low,0,Low,0,9.74321,2223.76,7.7074,0.0904278,0.1
1839,Baseline,3,Balanced,0,Low,0,Low,0,9.78394,2234.99,7.71244,0.0904408,0.1
1840,Baseline,3,Balanced,0,Low,0,Low,0,9.72555,2219.89,7.70566,0.0901644,0.1
1841,Baseline,3,Balanced,0,Low,0,Low,0,9.73052,2221.03,7.70618,0.0902103,0.1
1842,Baseline,3,Balanced,0,Low,0,Low,0,9.73832,2224.04,7.70753,0.0903844,0.1
1843,Baseline,3,Balanced,0,Low,0,Low,0,9.70789,2217.52,7.70459,0.0900299,0.1
1844,Baseline,3,Balanced,0,Low,0,Low,0,9.72121,2222.46,7.70682,0.0900617,0.1
1845,Baseline,3,Balanced,0,Low,0,Low,0,9.77376,2232.81,7.71146,0.0904659,0.1
1846,Baseline,3,Balanced,0,Low,0,Low,0,9.71282,2217.21,7.70446,0.0901987,0.1
1847,Baseline,3,Balanced,0,Low,0,Low,0,9.72438,2220.25,7.70583,0.0904075,0.1
1848,Baseline,3,Balanced,0,Low,0,Low,0,9.74575,2225.86,7.70835,0.0902696,0.1
1849,Baseline,3,Balanced,0,Low,0,Low,0,9.76256,2228.82,7.70968,0.090517,0.1
1850,Baseline,3,Balanced,0,Low,0,Low,0,9.73264,2221.75,7.7065,0.0903376,0.1
1851,Baseline,3,Balanced,0,Low,0,Low,0,9.75856,2228.28,7.70943,0.0906486,0.1
1852,Baseline,3,Balanced,0,Low,0,Low,0,9.72797,2221.24,7.70627,0.0902165,0.1
1853,Baseline,3,Balanced,0,Low,0,Low,0,9.73542,2223.56,7.70732,0.0903014,0.1
1854,Baseline,3,Balanced,0,Low,0,Low,0,9.75747,2229.16,7.70983,0.0904268,0.1
1855,Baseline,3,Balanced,0,Low,0,Low,0,9.74524,2224.21,7.70761,0.0905584,0.1
1856,Baseline,3,Balanced,0,Low,0,Low,0,9.77295,2231.21,7.71075,0.0906216,0.1
1857,Baseline,3,Balanced,0,Low,0,Low,0,9.7306,2222.85,7.707,0.0905859,0.1
1858,Baseline,3,Balanced,0,Low,0,Low,0,9.75315,2226.91,7.70882,0.0904335,0.1
1859,Baseline,3,Balanced,0,Low,0,Low,0,9.76682,2229.85,7.71014,0.0904461,0.1
1860,Baseline,3,Balanced,0,Low,0,Low,0,9.7134,2219.35,7.70542,0.0902922,0.1
1861,Baseline,3,Balanced,0,Low,0,Low,0,9.70792,2218.34,7.70497,0.0902334,0.1
1862,Baseline,3,Balanced,0,Low,0,Low,0,9.75488,2227.75,7.7092,0.0905584,0.1
1863,Baseline,3,Balanced,0,Low,0,Low,0,9.74803,2226.41,7.70859,0.0904297,0.1
1864,Baseline,3,Balanced,0,Low,0,Low,0,9.78453,2234.54,7.71224,0.0904837,0.1
1865,Baseline,3,Balanced,0,Low,0,Low,0,9.7501,2226.81,7.70877,0.0903795,0.1
1866,Baseline,3,Balanced,0,Low,0,Low,0,9.75183,2226.9,7.70882,0.0903723,0.1
1867,Baseline,3,Balanced,0,Low,0,Low,0,9.72446,2222.48,7.70683,0.0903487,0.1
1868,Baseline,3,Balanced,0,Low,0,Low,0,9.75246,2226.91,7.70882,0.0903573,0.1
1869,Baseline,3,Balanced,0,Low,0,Low,0,9.71305,2217.72,7.70469,0.090312,0.1
1870,Baseline,3,Balanced,0,Low,0,Low,0,9.71438,2219.13,7.70532,0.0901384,0.1
1871,Baseline,3,Balanced,0,Low,0,Low,0,9.7338,2221.77,7.70651,0.0905117,0.1
1872,Baseline,3,Balanced,0,Low,0,Low,0,9.76033,2228.29,7.70944,0.0902633,0.1
1873,Baseline,3,Balanced,0,Low,0,Low,0,9.73231,2223.24,7.70717,0.0902517,0.1
1874,Baseline,3,Balanced,0,Low,0,Low,0,9.75239,2228.19,7.70939,0.0905059,0.1
1875,Baseline,3,Balanced,0,Low,0,Low,0,9.6967,2214.62,7.70329,0.0901133,0.1
1876,Baseline,3,Balanced,0,Low,0,Low,0,9.72349,2222.75,7.70695,0.0901514,0.1
1877,Baseline,3,Balanced,0,Low,0,Low,0,9.74618,2225.8,7.70832,0.0904625,0.1
1878,Baseline,3,Balanced,0,Low,0,Low,0,9.72176,2221.59,7.70643,0.0903246,0.1
1879,Baseline,3,Balanced,0,Low,0,Low,0,9.72224,2219.87,7.70566,0.0902445,0.1
1880,Baseline,3,Balanced,0,Low,0,Low,0,9.74024,2223.67,7.70737,0.0905729,0.1
1881,Baseline,3,Balanced,0,Low,0,Low,0,9.73642,2222.86,7.707,0.0902956,0.1
1882,Baseline,3,Balanced,0,Low,0,Low,0,9.74347,2225.24,7.70807,0.0903979,0.1
1883,Baseline,3,Balanced,0,Low,0,Low,0,9.7677,2231.05,7.71067,0.0902657,0.1
1884,Baseline,3,Balanced,0,Low,0,Low,0,9.75939,2229.88,7.71015,0.0903737,0.1
1885,Baseline,3,Balanced,0,Low,0,Low,0,9.71447,2218.86,7.7052,0.089999,0.1
1886,Baseline,3,Balanced,0,Low,0,Low,0,9.73353,2223.38,7.70723,0.090164,0.1
1887,Baseline,3,Balanced,0,Low,0,Low,0,9.71298,2216.89,7.70431,0.0904017,0.1
1888,Baseline,3,Balanced,0,Low,0,Low,0,9.73706,2223.31,7.7072,0.0902918,0.1
1889,Baseline,3,Balanced,0,Low,0,Low,0,9.74869,2225.98,7.7084,0.0904601,0.1
1890,Baseline,3,Balanced,0,Low,0,Low,0,9.78794,2233.46,7.71175,0.0905556,0.1
1891,Baseline,3,Balanced,0,Low,0,Low,0,9.74744,2225.31,7.7081,0.0903665,0.1
1892,Baseline,3,Balanced,0,Low,0,Low,0,9.71864,2219.92,7.70568,0.0902812,0.1
1893,Baseline,3,Balanced,0,Low,0,Low,0,9.69485,2214.87,7.7034,0.0903699,0.1
1894,Baseline,3,Balanced,0,Low,0,Low,0,9.7147,2218.98,7.70525,0.0902214,0.1
1895,Baseline,3,Balanced,0,Low,0,Low,0,9.72394,2218.87,7.7052,0.0903791,0.1
1896,Baseline,3,Balanced,0,Low,0,Low,0,9.70629,2217.06,7.70439,0.0904369,0.1
1897,Baseline,3,Balanced,0,Low,0,Low,0,9.77022,2229.64,7.71004,0.0904393,0.1
1898,Baseline,3,Balanced,0,Low,0,Low,0,9.70516,2216.68,7.70422,0.090177,0.1
1899,Baseline,3,Balanced,0,Low,0,Low,0,9.75298,2228.63,7.70959,0.090216,0.1
1900,Baseline,3,Balanced,0,Low,0,Low,0,9.7342,2222.96,7.70704,0.0902575,0.1
1901,Baseline,3,Balanced,0,Low,0,Low,0,9.7494,2226.37,7.70858,0.0908054,0.1
1902,Baseline,3,Balanced,0,Low,0,Low,0,9.71829,2218.94,7.70524,0.0901958,0.1
1903,Baseline,3,Balanced,0,Low,0,Low,0,9.74937,2226.19,7.7085,0.0904692,0.1
1904,Baseline,3,Balanced,0,Low,0,Low,0,9.74345,2225.28,7.70809,0.0901678,0.1
1905,Baseline,3,Balanced,0,Low,0,Low,0,9.75822,2228.3,7.70944,0.0902107,0.1
1906,Baseline,3,Balanced,0,Low,0,Low,0,9.74375,2225.59,7.70823,0.0902103,0.1
1907,Baseline,3,Balanced,0,Low,0,Low,0,9.71786,2220.04,7.70573,0.0904451,0.1
1908,Baseline,3,Balanced,0,Low,0,Low,0,9.7059,2216.51,7.70414,0.0903699,0.1
1909,Baseline,3,Balanced,0,Low,0,Low,0,9.74122,2225.64,7.70825,0.0903332,0.1
1910,Baseline,3,Balanced,0,Low,0,Low,0,9.76393,2228.65,7.7096,0.0904769,0.1
1911,Baseline,3,Balanced,0,Low,0,Low,0,9.73015,2223.16,7.70713,0.0903709,0.1
1912,Baseline,3,Balanced,0,Low,0,Low,0,9.75989,2229.15,7.70982,0.0903101,0.1
1913,Baseline,3,Balanced,0,Low,0,Low,0,9.75759,2226.61,7.70868,0.0906303,0.1
1914,Baseline,3,Balanced,0,Low,0,Low,0,9.77185,2231.79,7.71101,0.0905777,0.1
1915,Baseline,3,Balanced,0,Low,0,Low,0,9.74885,2227.59,7.70912,0.0903564,0.1
1916,Baseline,3,Balanced,0,Low,0,Low,0,9.75579,2227.4,7.70904,0.0904032,0.1
1917,Baseline,3,Balanced,0,Low,0,Low,0,9.74295,2225.11,7.70801,0.0905228,0.1
1918,Baseline,3,Balanced,0,Low,0,Low,0,9.73725,2224.36,7.70767,0.0901543,0.1
1919,Baseline,3,Balanced,0,Low,0,Low,0,9.76342,2231.09,7.71069,0.0903573,0.1
1920,Baseline,3,Balanced,0,Low,0,Low,0,9.706,2217.02,7.70437,0.0901698,0.1
1921,Baseline,3,Balanced,0,Low,0,Low,0,9.706,2217.67,7.70466,0.0902344,0.1
1922,Baseline,3,Balanced,0,Low,0,Low,0,9.74776,2226.35,7.70857,0.0904263,0.1
1923,Baseline,3,Balanced,0,Low,0,Low,0,9.71942,2219.98,7.70571,0.0901982,0.1
1924,Baseline,3,Balanced,0,Low,0,Low,0,9.72987,2221.77,7.70651,0.0903342,0.1
1925,Baseline,3,Balanced,0,Low,0,Low,0,9.77929,2233.15,7.71161,0.0906438,0.1
1926,Baseline,3,Balanced,0,Low,0,Low,0,9.72697,2221.06,7.70619,0.0904509,0.1
1927,Baseline,3,Balanced,0,Low,0,Low,0,9.72831,2220.97,7.70615,0.0902001,0.1
1928,Baseline,3,Balanced,0,Low,0,Low,0,9.69048,2213.05,7.70258,0.0901924,0.1
1929,Baseline,3,Balanced,0,Low,0,Low,0,9.71766,2220.12,7.70577,0.0901259,0.1
1930,Baseline,3,Balanced,0,Low,0,Low,0,9.73953,2226.34,7.70856,0.0901644,0.1
1931,Baseline,3,Balanced,0,Low,0,Low,0,9.7504,2225.67,7.70826,0.0903313,0.1
1932,Baseline,3,Balanced,0,Low,0,Low,0,9.74601,2225.87,7.70835,0.0902599,0.1
1933,Baseline,3,Balanced,0,Low,0,Low,0,9.74649,2225.18,7.70804,0.0905343,0.1
1934,Baseline,3,Balanced,0,Low,0,Low,0,9.72303,2219.77,7.70561,0.0902652,0.1
1935,Baseline,3,Balanced,0,Low,0,Low,0,9.77105,2230.89,7.71061,0.0905478,0.1
1936,Baseline,3,Balanced,0,Low,0,Low,0,9.78197,2233.23,7.71165,0.0904408,0.1
1937,Baseline,3,Balanced,0,Low,0,Low,0,9.74634,2225.87,7.70835,0.0902662,0.1
1938,Baseline,3,Balanced,0,Low,0,Low,0,9.74021,2224.87,7.70791,0.090557,0.1
1939,Baseline,3,Balanced,0,Low,0,Low,0,9.75218,2226.5,7.70863,0.0903622,0.1
1940,Baseline,3,Balanced,0,Low,0,Low,0,9.69404,2212.67,7.70241,0.0901722,0.1
1941,Baseline,3,Balanced,0,Low,0,Low,0,9.73581,2224.74,7.70785,0.0901939,0.1
1942,Baseline,3,Balanced,0,Low,0,Low,0,9.73673,2222.52,7.70685,0.0904244,0.1
1943,Baseline,3,Balanced,0,Low,0,Low,0,9.77179,2230.33,7.71035,0.0906192,0.1
1944,Baseline,3,Balanced,0,Low,0,Low,0,9.71692,2219.02,7.70527,0.0903202,0.1
1945,Baseline,3,Balanced,0,Low,0,Low,0,9.72818,2220.33,7.70586,0.0903303,0.1
1946,Baseline,3,Balanced,0,Low,0,Low,0,9.72565,2220.91,7.70612,0.0903,0.1
1947,Baseline,3,Balanced,0,Low,0,Low,0,9.73122,2221.06,7.70619,0.0904017,0.1
1948,Baseline,3,Balanced,0,Low,0,Low,0,9.7604,2228.44,7.7095,0.0902898,0.1
1949,Baseline,3,Balanced,0,Low,0,Low,0,9.71213,2217.76,7.7047,0.0904895,0.1
1950,Baseline,3,Balanced,0,Low,0,Low,0,9.73544,2223.3,7.7072,0.0900907,0.1
1951,Baseline,3,Balanced,0,Low,0,Low,0,9.72348,2220.98,7.70615,0.0903525,0.1
1952,Baseline,3,Balanced,0,Low,0,Low,0,9.72832,2221.95,7.70659,0.0902961,0.1
1953,Baseline,3,Balanced,0,Low,0,Low,0,9.77173,2232.47,7.71131,0.09042,0.1
1954,Baseline,3,Balanced,0,Low,0,Low,0,9.72442,2220.45,7.70592,0.0904191,0.1
1955,Baseline,3,Balanced,0,Low,0,Low,0,9.76519,2229.06,7.70978,0.0905773,0.1
1956,Baseline,3,Balanced,0,Low,0,Low,0,9.74815,2226.63,7.7087,0.0905271,0.1
1957,Baseline,3,Balanced,0,Low,0,Low,0,9.72014,2219.87,7.70566,0.0904514,0.1
1958,Baseline,3,Balanced,0,Low,0,Low,0,9.69352,2213.67,7.70286,0.0903834,0.1
1959,Baseline,3,Balanced,0,Low,0,Low,0,9.74136,2224.09,7.70755,0.0903593,0.1
1960,Baseline,3,Balanced,0,Low,0,Low,0,9.73384,2222.66,7.70691,0.0902947,0.1
1961,Baseline,3,Balanced,0,Low,0,Low,0,9.76223,2228.52,7.70954,0.0906385,0.1
1962,Baseline,3,Balanced,0,Low,0,Low,0,9.75963,2227.78,7.70921,0.0905507,0.1
1963,Baseline,3,Balanced,0,Low,0,Low,0,9.74231,2226.15,7.70848,0.0902189,0.1
1964,Baseline,3,Balanced,0,Low,0,Low,0,9.75014,2224.97,7.70795,0.0903212,0.1
1965,Baseline,3,Balanced,0,Low,0,Low,0,9.80267,2237.92,7.71375,0.0907195,0.1
1966,Baseline,3,Balanced,0,Low,0,Low,0,9.75062,2226.33,7.70856,0.0905401,0.1
1967,Baseline,3,Balanced,0,Low,0,Low,0,9.74546,2225.76,7.7083,0.090231,0.1
1968,Baseline,3,Balanced,0,Low,0,Low,0,9.74355,2225.25,7.70807,0.0906694,0.1
1969,Baseline,3,Balanced,0,Low,0,Low,0,9.73111,2221.46,7.70637,0.0904094,0.1
1970,Baseline,3,Balanced,0,Low,0,Low,0,9.73404,2221.63,7.70645,0.0902744,0.1
1971,Baseline,3,Balanced,0,Low,0,Low,0,9.6809,2212.21,7.7022,0.0899233,0.1
1972,Baseline,3,Balanced,0,Low,0,Low,0,9.73763,2225.61,7.70823,0.0902667,0.1
1973,Baseline,3,Balanced,0,Low,0,Low,0,9.75146,2227.07,7.70889,0.0903303,0.1
1974,Baseline,3,Balanced,0,Low,0,Low,0,9.76368,2229.85,7.71014,0.0905488,0.1
1975,Baseline,3,Balanced,0,Low,0,Low,0,9.7275,2220.71,7.70603,0.0901707,0.1
1976,Baseline,3,Balanced,0,Low,0,Low,0,9.70471,2215.4,7.70364,0.0902802,0.1
1977,Baseline,3,Balanced,0,Low,0,Low,0,9.71487,2218.02,7.70482,0.0902889,0.1
1978,Baseline,3,Balanced,0,Low,0,Low,0,9.73616,2223.84,7.70744,0.0904422,0.1
1979,Baseline,3,Balanced,0,Low,0,Low,0,9.76135,2228.65,7.7096,0.0905994,0.1
1980,Baseline,3,Balanced,0,Low,0,Low,0,9.69671,2214.56,7.70326,0.0900096,0.1
1981,Baseline,3,Balanced,0,Low,0,Low,0,9.71904,2218.93,7.70523,0.0902561,0.1
1982,Baseline,3,Balanced,0,Low,0,Low,0,9.7198,2220.08,7.70575,0.0900974,0.1
1983,Baseline,3,Balanced,0,Low,0,Low,0,9.73508,2222.88,7.70701,0.0904331,0.1
1984,Baseline,3,Balanced,0,Low,0,Low,0,9.69233,2214.64,7.70329,0.0899831,0.1
1985,Baseline,3,Balanced,0,Low,0,Low,0,9.70537,2216.38,7.70408,0.0901712,0.1
1986,Baseline,3,Balanced,0,Low,0,Low,0,9.74365,2225.17,7.70804,0.0903279,0.1
1987,Baseline,3,Balanced,0,Low,0,Low,0,9.71754,2218.43,7.70501,0.0902556,0.1
1988,Baseline,3,Balanced,0,Low,0,Low,0,9.76749,2229.5,7.70998,0.090436,0.1
1989,Baseline,3,Balanced,0,Low,0,Low,0,9.75008,2227.88,7.70925,0.0905305,0.1
1990,Baseline,3,Balanced,0,Low,0,Low,0,9.75458,2225.95,7.70839,0.090461,0.1
1991,Baseline,3,Balanced,0,Low,0,Low,0,9.72853,2221.24,7.70627,0.0905324,0.1
1992,Baseline,3,Balanced,0,Low,0,Low,0,9.7756,2231.97,7.71109,0.0906129,0.1
1993,Baseline,3,Balanced,0,Low,0,Low,0,9.73158,2223.6,7.70733,0.0903564,0.1
1994,Baseline,3,Balanced,0,Low,0,Low,0,9.7521,2226.66,7.70871,0.0904244,0.1
1995,Baseline,3,Balanced,0,Low,0,Low,0,9.75562,2226.95,7.70884,0.0904596,0.1
1996,Baseline,3,Balanced,0,Low,0,Low,0,9.75414,2226.68,7.70872,0.0905464,0.1
1997,Baseline,3,Balanced,0,Low,0,Low,0,9.71984,2221.23,7.70627,0.0902315,0.1
1998,Baseline,3,Balanced,0,Low,0,Low,0,9.71899,2220.22,7.70581,0.0902865,0.1
1999,Baseline,3,Balanced,0,Low,0,Low,0,9.71881,2219.84,7.70564,0.090177,0.1
2000,Baseline,3,Balanced,0,Low,0,Low,0,9.71025,2216.99,7.70436,0.0903877,0.1
2001,Baseline,3,Balanced,0,Low,0,Low,0,9.72411,2220.15,7.70578,0.0902638,0.1
2002,Baseline,3,Balanced,0,Low,0,Low,0,9.77269,2231.59,7.71092,0.090556,0.1
2003,Baseline,3,Balanced,0,Low,0,Low,0,9.72385,2220.49,7.70594,0.0903009,0.1
2004,Baseline,3,Balanced,0,Low,0,Low,0,9.74995,2226.68,7.70871,0.0904307,0.1
2005,Baseline,3,Balanced,0,Low,0,Low,0,9.71066,2218.43,7.705,0.0902628,0.1
2006,Baseline,3,Balanced,0,Low,0,Low,0,9.74407,2225.67,7.70826,0.0901823,0.1
2007,Baseline,3,Balanced,0,Low,0,Low,0,9.71864,2219.22,7.70536,0.0902652,0.1
2008,Baseline,3,Balanced,0,Low,0,Low,0,9.76483,2230.87,7.7106,0.0903583,0.1
2009,Baseline,3,Balanced,0,Low,0,Low,0,9.77629,2231.34,7.7108,0.0903704,0.1
2010,Baseline,3,Balanced,0,Low,0,Low,0,9.77975,2231.68,7.71096,0.0904581,0.1
2011,Baseline,3,Balanced,0,Low,0,Low,0,9.73071,2221.26,7.70628,0.0904972,0.1
2012,Baseline,3,Balanced,0,Low,0,Low,0,9.70516,2215.38,7.70363,0.0904437,0.1
2013,Baseline,3,Balanced,0,Low,0,Low,0,9.72954,2220.95,7.70614,0.0903916,0.1
2014,Baseline,3,Balanced,0,Low,0,Low,0,9.68445,2211.39,7.70183,0.0902204,0.1
2015,Baseline,3,Balanced,0,Low,0,Low,0,9.73835,2224.03,7.70753,0.0903728,0.1
2016,Baseline,3,Balanced,0,Low,0,Low,0,9.73769,2223.72,7.70739,0.0902792,0.1
2017,Baseline,3,Balanced,0,Low,0,Low,0,9.70607,2216.77,7.70426,0.0900241,0.1
2018,Baseline,3,Balanced,0,Low,0,Low,0,9.75424,2227.17,7.70894,0.0905252,0.1
2019,Baseline,3,Balanced,0,Low,0,Low,0,9.72448,2219.83,7.70564,0.0903501,0.1
2020,Baseline,3,Balanced,0,Low,0,Low,0,9.72729,2220.59,7.70598,0.0903352,0.1
2021,Baseline,3,Balanced,0,Low,0,Low,0,9.75691,2227.1,7.7089,0.0904996,0.1
2022,Baseline,3,Balanced,0,Low,0,Low,0,9.78446,2234.01,7.712,0.090462,0.1
2023,Baseline,3,Balanced,0,Low,0,Low,0,9.75045,2226.14,7.70848,0.0904499,0.1
2024,Baseline,3,Balanced,0,Low,0,Low,0,9.73231,2221.47,7.70637,0.0903458,0.1
2025,Baseline,3,Balanced,0,Low,0,Low,0,9.78062,2232.72,7.71143,0.0904678,0.1
2026,Baseline,3,Balanced,0,Low,0,Low,0,9.73384,2221.85,7.70655,0.0905242,0.1
2027,Baseline,3,Balanced,0,Low,0,Low,0,9.74485,2225.44,7.70816,0.0904162,0.1
2028,Baseline,3,Balanced,0,Low,0,Low,0,9.71937,2219.04,7.70528,0.0902324,0.1
2029,Baseline,3,Balanced,0,Low,0,Low,0,9.71117,2217.38,7.70453,0.0903149,0.1
2030,Baseline,3,Balanced,0,Low,0,Low,0,9.74007,2226.22,7.70851,0.0903916,0.1
2031,Baseline,3,Balanced,0,Low,0,Low,0,9.7364,2222.84,7.70699,0.0904606,0.1
2032,Baseline,3,Balanced,0,Low,0,Low,0,9.68799,2211.69,7.70196,0.0902045,0.1
2033,Baseline,3,Balanced,0,Low,0,Low,0,9.75572,2228.19,7.70939,0.0904958,0.1
2034,Baseline,3,Balanced,0,Low,0,Low,0,9.72338,2219.82,7.70563,0.0905715,0.1
2035,Baseline,3,Balanced,0,Low,0,Low,0,9.7519,2227.28,7.70898,0.0904784,0.1
2036,Baseline,3,Balanced,0,Low,0,Low,0,9.77008,2231.45,7.71085,0.0905657,0.1
2037,Baseline,3,Balanced,0,Low,0,Low,0,9.76682,2230.68,7.71051,0.090463,0.1
2038,Baseline,3,Balanced,0,Low,0,Low,0,9.71871,2221.09,7.7062,0.0902932,0.1
2039,Baseline,3,Balanced,0,Low,0,Low,0,9.74873,2226.12,7.70847,0.0903656,0.1
2040,Baseline,3,Balanced,0,Low,0,Low,0,9.72561,2220.73,7.70604,0.0904104,0.1
2041,Baseline,3,Balanced,0,Low,0,Low,0,9.74578,2225.4,7.70814,0.0903077,0.1
2042,Baseline,3,Balanced,0,Low,0,Low,0,9.69249,2213.91,7.70297,0.090216,0.1
2043,Baseline,3,Balanced,0,Low,0,Low,0,9.76776,2230.45,7.71041,0.0905999,0.1
2044,Baseline,3,Balanced,0,Low,0,Low,0,9.78277,2234.26,7.71211,0.0904977,0.1
2045,Baseline,3,Balanced,0,Low,0,Low,0,9.74071,2224.34,7.70766,0.0902305,0.1
2046,Baseline,3,Balanced,0,Low,0,Low,0,9.76269,2230.01,7.71021,0.0904234,0.1
2047,Baseline,3,Balanced,0,Low,0,Low,0,9.74578,2225.06,7.70799,0.09038,0.1
2048,Baseline,3,Balanced,0,Low,0,Low,0,9.7457,2226.16,7.70848,0.0905802,0.1
2049,Baseline,3,Balanced,0,Low,0,Low,0,9.7359,2224.12,7.70757,0.0901601,0.1
2050,Baseline,3,Balanced,0,Low,0,Low,0,9.75522,2227.76,7.7092,0.0906014,0.1
2051,Baseline,3,Balanced,0,Low,0,Low,0,9.72457,2219.97,7.7057,0.0903101,0.1
2052,Baseline,3,Balanced,0,Low,0,Low,0,9.7413,2225.49,7.70818,0.0903569,0.1
2053,Baseline,3,Balanced,0,Low,0,Low,0,9.74379,2226.39,7.70859,0.0902262,0.1
2054,Baseline,3,Balanced,0,Low,0,Low,0,9.71406,2218.28,7.70494,0.0902146,0.1
2055,Baseline,3,Balanced,0,Low,0,Low,0,9.70792,2218.74,7.70515,0.0902725,0.1
2056,Baseline,3,Balanced,0,Low,0,Low,0,9.73401,2222.65,7.70691,0.0903057,0.1
2057,Baseline,3,Balanced,0,Low,0,Low,0,9.73283,2223.36,7.70723,0.0904355,0.1
2058,Baseline,3,Balanced,0,Low,0,Low,0,9.77524,2232.58,7.71136,0.0904726,0.1
2059,Baseline,3,Balanced,0,Low,0,Low,0,9.73253,2222.64,7.7069,0.0904538,0.1
2060,Baseline,3,Balanced,0,Low,0,Low,0,9.7245,2221.12,7.70622,0.0900627,0.1
2061,Baseline,3,Balanced,0,Low,0,Low,0,9.73622,2224.99,7.70796,0.0904032,0.1
2062,Baseline,3,Balanced,0,Low,0,Low,0,9.74144,2225.19,7.70805,0.0902537,0.1
2063,Baseline,3,Balanced,0,Low,0,Low,0,9.70992,2216.87,7.7043,0.0902054,0.1
2064,Baseline,3,Balanced,0,Low,0,Low,0,9.75892,2228.99,7.70975,0.0906096,0.1
2065,Baseline,3,Balanced,0,Low,0,Low,0,9.72533,2221.59,7.70643,0.0902681,0.1
2066,Baseline,3,Balanced,0,Low,0,Low,0,9.69439,2214.22,7.70311,0.0901191,0.1
2067,Baseline,3,Balanced,0,Low,0,Low,0,9.77527,2231.62,7.71093,0.0905777,0.1
2068,Baseline,3,Balanced,0,Low,0,Low,0,9.73637,2224.62,7.70779,0.0901495,0.1
2069,Baseline,3,Balanced,0,Low,0,Low,0,9.74059,2225.24,7.70807,0.0902257,0.1
2070,Baseline,3,Balanced,0,Low,0,Low,0,9.73574,2224.14,7.70757,0.0903385,0.1
2071,Baseline,3,Balanced,0,Low,0,Low,0,9.72662,2219.7,7.70558,0.0902725,0.1
2072,Baseline,3,Balanced,0,Low,0,Low,0,9.70383,2217.1,7.7044,0.0903569,0.1
2073,Baseline,3,Balanced,0,Low,0,Low,0,9.81044,2239.21,7.71432,0.0906539,0.1
2074,Baseline,3,Balanced,0,Low,0,Low,0,9.72059,2220.11,7.70576,0.0902098,0.1
2075,Baseline,3,Balanced,0,Low,0,Low,0,9.72435,2220.75,7.70605,0.0902503,0.1
2076,Baseline,3,Balanced,0,Low,0,Low,0,9.72306,2220.42,7.7059,0.0902305,0.1
2077,Baseline,3,Balanced,0,Low,0,Low,0,9.73939,2224.99,7.70796,0.0903221,0.1
2078,Baseline,3,Balanced,0,Low,0,Low,0,9.75636,2227.95,7.70928,0.0903742,0.1
2079,Baseline,3,Balanced,0,Low,0,Low,0,9.73258,2221.22,7.70626,0.0904654,0.1
2080,Baseline,3,Balanced,0,Low,0,Low,0,9.70086,2216.41,7.7041,0.0900477,0.1
2081,Baseline,3,Balanced,0,Low,0,Low,0,9.73869,2224.76,7.70785,0.0902903,0.1
2082,Baseline,3,Balanced,0,Low,0,Low,0,9.75404,2227.73,7.70919,0.0905044,0.1
2083,Baseline,3,Balanced,0,Low,0,Low,0,9.78516,2235.85,7.71282,0.0905599,0.1
2084,Baseline,3,Balanced,0,Low,0,Low,0,9.72397,2221.3,7.7063,0.0902667,0.1
2085,Baseline,3,Balanced,0,Low,0,Low,0,9.71465,2217.8,7.70472,0.0902146,0.1
2086,Baseline,3,Balanced,0,Low,0,Low,0,9.75671,2229.17,7.70983,0.0901828,0.1
2087,Baseline,3,Balanced,0,Low,0,Low,0,9.74439,2226.48,7.70862,0.0903318,0.1
2088,Baseline,3,Balanced,0,Low,0,Low,0,9.72329,2220.57,7.70597,0.0904707,0.1
2089,Baseline,3,Balanced,0,Low,0,Low,0,9.70263,2215.25,7.70357,0.0901751,0.1
2090,Baseline,3,Balanced,0,Low,0,Low,0,9.70482,2215.99,7.7039,0.0902416,0.1
2091,Baseline,3,Balanced,0,Low,0,Low,0,9.73642,2223.19,7.70715,0.0905695,0.1
2092,Baseline,3,Balanced,0,Low,0,Low,0,9.74422,2224.77,7.70786,0.0906014,0.1
2093,Baseline,3,Balanced,0,Low,0,Low,0,9.68536,2210.33,7.70135,0.0902025,0.1
2094,Baseline,3,Balanced,0,Low,0,Low,0,9.7515,2225.19,7.70805,0.0903072,0.1
2095,Baseline,3,Balanced,0,Low,0,Low,0,9.75645,2228.5,7.70953,0.0904374,0.1
2096,Baseline,3,Balanced,0,Low,0,Low,0,9.71987,2220.27,7.70584,0.0901215,0.1
2097,Baseline,3,Balanced,0,Low,0,Low,0,9.78078,2231.49,7.71087,0.0905883,0.1
2098,Baseline,3,Balanced,0,Low,0,Low,0,9.76008,2230.24,7.71031,0.090421,0.1
2099,Baseline,3,Balanced,0,Low,0,Low,0,9.72341,2221.46,7.70637,0.0902758,0.1
2100,Baseline,3,Balanced,0,Low,0,Low,0,9.72187,2221.38,7.70633,0.0903289,0.1
2101,Baseline,3,Balanced,0,Low,0,Low,0,9.72166,2218.55,7.70506,0.090286,0.1
2102,Baseline,3,Balanced,0,Low,0,Low,0,9.7728,2231.98,7.71109,0.0906197,0.1
2103,Baseline,3,Balanced,0,Low,0,Low,0,9.7363,2223.52,7.7073,0.0902734,0.1
2104,Baseline,3,Balanced,0,Low,0,Low,0,9.77046,2230.15,7.71027,0.0905204,0.1
2105,Baseline,3,Balanced,0,Low,0,Low,0,9.71018,2218.01,7.70482,0.0903709,0.1
2106,Baseline,3,Balanced,0,Low,0,Low,0,9.74617,2225.53,7.7082,0.090353,0.1
2107,Baseline,3,Balanced,0,Low,0,Low,0,9.72814,2223.81,7.70743,0.0900723,0.1
2108,Baseline,3,Balanced,0,Low,0,Low,0,9.71442,2217.63,7.70465,0.0903048,0.1
2109,Baseline,3,Balanced,0,Low,0,Low,0,9.73307,2221.87,7.70656,0.0905295,0.1
2110,Baseline,3,Balanced,0,Low,0,Low,0,9.68878,2212.04,7.70212,0.0902609,0.1
2111,Baseline,3,Balanced,0,Low,0,Low,0,9.73197,2222.37,7.70678,0.0904601,0.1
2112,Baseline,3,Balanced,0,Low,0,Low,0,9.73405,2224.34,7.70766,0.0904205,0.1
2113,Baseline,3,Balanced,0,Low,0,Low,0,9.77004,2231.42,7.71084,0.0904991,0.1
2114,Baseline,3,Balanced,0,Low,0,Low,0,9.73056,2223.34,7.70721,0.0906453,0.1
2115,Baseline,3,Balanced,0,Low,0,Low,0,9.68197,2211.04,7.70167,0.090204,0.1
2116,Baseline,3,Balanced,0,Low,0,Low,0,9.73649,2223.53,7.7073,0.0902951,0.1
2117,Baseline,3,Balanced,0,Low,0,Low,0,9.72643,2221.85,7.70655,0.0901548,0.1
2118,Baseline,3,Balanced,0,Low,0,Low,0,9.70699,2217.55,7.70461,0.0901948,0.1
2119,Baseline,3,Balanced,0,Low,0,Low,0,9.77152,2230.71,7.71052,0.0904861,0.1
2120,Baseline,3,Balanced,0,Low,0,Low,0,9.76976,2231.59,7.71092,0.090436,0.1
2121,Baseline,3,Balanced,0,Low,0,Low,0,9.75822,2229.96,7.71019,0.0906173,0.1
2122,Baseline,3,Balanced,0,Low,0,Low,0,9.74708,2226.94,7.70883,0.0904273,0.1
2123,Baseline,3,Balanced,0,Low,0,Low,0,9.69211,2214.62,7.70329,0.0903593,0.1
2124,Baseline,3,Balanced,0,Low,0,Low,0,9.72426,2221.62,7.70644,0.0900699,0.1
2125,Baseline,3,Balanced,0,Low,0,Low,0,9.74883,2227.08,7.7089,0.0904032,0.1
2126,Baseline,3,Balanced,0,Low,0,Low,0,9.7502,2226.27,7.70853,0.0903409,0.1
2127,Baseline,3,Balanced,0,Low,0,Low,0,9.76798,2230.72,7.71053,0.0905295,0.1
2128,Baseline,3,Balanced,0,Low,0,Low,0,9.73336,2223.69,7.70737,0.0904234,0.1
2129,Baseline,3,Balanced,0,Low,0,Low,0,9.74203,2223.53,7.7073,0.0905141,0.1
2130,Baseline,3,Balanced,0,Low,0,Low,0,9.73708,2222.76,7.70695,0.0903318,0.1
2131,Baseline,3,Balanced,0,Low,0,Low,0,9.77485,2232.15,7.71117,0.0906105,0.1
2132,Baseline,3,Balanced,0,Low,0,Low,0,9.75136,2227.59,7.70912,0.0904909,0.1
2133,Baseline,3,Balanced,0,Low,0,Low,0,9.7753,2232.55,7.71135,0.0904909,0.1
2134,Baseline,3,Balanced,0,Low,0,Low,0,9.76525,2230.6,7.71048,0.0905165,0.1
2135,Baseline,3,Balanced,0,Low,0,Low,0,9.72001,2218.71,7.70513,0.0902643,0.1
2136,Baseline,3,Balanced,0,Low,0,Low,0,9.73775,2223.92,7.70748,0.0905011,0.1
2137,Baseline,3,Balanced,0,Low,0,Low,0,9.75188,2226.99,7.70886,0.0903718,0.1
2138,Baseline,3,Balanced,0,Low,0,Low,0,9.70291,2215.28,7.70358,0.0901437,0.1
2139,Baseline,3,Balanced,0,Low,0,Low,0,9.70203,2215.24,7.70357,0.0903,0.1
2140,Baseline,3,Balanced,0,Low,0,Low,0,9.70088,2215.19,7.70355,0.0901374,0.1
2141,Baseline,3,Balanced,0,Low,0,Low,0,9.73224,2222.1,7.70666,0.0902855,0.1
2142,Baseline,3,Balanced,0,Low,0,Low,0,9.7055,2217.73,7.70469,0.0902276,0.1
2143,Baseline,3,Balanced,0,Low,0,Low,0,9.74268,2226.35,7.70857,0.0902638,0.1
2144,Baseline,3,Balanced,0,Low,0,Low,0,9.75531,2227.69,7.70917,0.0904335,0.1
2145,Baseline,3,Balanced,0,Low,0,Low,0,9.75299,2227.71,7.70918,0.0904456,0.1
2146,Baseline,3,Balanced,0,Low,0,Low,0,9.77151,2231.51,7.71088,0.090381,0.1
2147,Baseline,3,Balanced,0,Low,0,Low,0,9.72993,2222.33,7.70676,0.0902445,0.1
2148,Baseline,3,Balanced,0,Low,0,Low,0,9.7567,2228.71,7.70962,0.0904099,0.1
2149,Baseline,3,Balanced,0,Low,0,Low,0,9.74209,2224.82,7.70788,0.0904977,0.1
2150,Baseline,3,Balanced,0,Low,0,Low,0,9.73486,2222.85,7.707,0.0903506,0.1
2151,Baseline,3,Balanced,0,Low,0,Low,0,9.72151,2219.53,7.7055,0.090299,0.1
2152,Baseline,3,Balanced,0,Low,0,Low,0,9.70679,2215.72,7.70379,0.0901842,0.1
2153,Baseline,3,Balanced,0,Low,0,Low,0,9.73249,2220.4,7.70589,0.0904644,0.1
2154,Baseline,3,Balanced,0,Low,0,Low,0,9.72848,2220.46,7.70592,0.0901924,0.1
2155,Baseline,3,Balanced,0,Low,0,Low,0,9.74331,2226.34,7.70856,0.0903062,0.1
2156,Baseline,3,Balanced,0,Low,0,Low,0,9.76163,2228.87,7.7097,0.0903332,0.1
2157,Baseline,3,Balanced,0,Low,0,Low,0,9.75021,2227.22,7.70896,0.0903578,0.1
2158,Baseline,3,Balanced,0,Low,0,Low,0,9.69539,2214.56,7.70326,0.0899643,0.1
2159,Baseline,3,Balanced,0,Low,0,Low,0,9.79035,2235.22,7.71254,0.0905146,0.1
2160,Baseline,3,Balanced,0,Low,0,Low,0,9.72029,2219.17,7.70534,0.0902715,0.1
2161,Baseline,3,Balanced,0,Low,0,Low,0,9.71229,2219.29,7.70539,0.0900289,0.1
2162,Baseline,3,Balanced,0,Low,0,Low,0,9.69043,2213.63,7.70284,0.0901278,0.1
2163,Baseline,3,Balanced,0,Low,0,Low,0,9.75171,2226.72,7.70873,0.0906096,0.1
2164,Baseline,3,Balanced,0,Low,0,Low,0,9.69961,2214.81,7.70337,0.0900646,0.1
2165,Baseline,3,Balanced,0,Low,0,Low,0,9.74036,2224.37,7.70768,0.0903699,0.1
2166,Baseline,3,Balanced,0,Low,0,Low,0,9.72502,2220.48,7.70593,0.0902937,0.1
2167,Baseline,3,Balanced,0,Low,0,Low,0,9.71618,2218.02,7.70482,0.0905179,0.1
2168,Baseline,3,Balanced,0,Low,0,Low,0,9.7281,2222.22,7.70671,0.0903983,0.1
2169,Baseline,3,Balanced,0,Low,0,Low,0,9.75532,2226.35,7.70857,0.09061,0.1
2170,Baseline,3,Balanced,0,Low,0,Low,0,9.735,2223.56,7.70731,0.0903405,0.1
2171,Baseline,3,Balanced,0,Low,0,Low,0,9.69108,2214.58,7.70327,0.0902107,0.1
2172,Baseline,3,Balanced,0,Low,0,Low,0,9.71836,2219.64,7.70555,0.0900328,0.1
2173,Baseline,3,Balanced,0,Low,0,Low,0,9.73266,2222.77,7.70696,0.090449,0.1
2174,Baseline,3,Balanced,0,Low,0,Low,0,9.72609,2220.41,7.7059,0.0905498,0.1
2175,Baseline,3,Balanced,0,Low,0,Low,0,9.75818,2227.52,7.70909,0.0904871,0.1
2176,Baseline,3,Balanced,0,Low,0,Low,0,9.67215,2210.43,7.7014,0.0900502,0.1
2177,Baseline,3,Balanced,0,Low,0,Low,0,9.73264,2221.44,7.70636,0.0904803,0.1
2178,Baseline,3,Balanced,0,Low,0,Low,0,9.73068,2224.06,7.70754,0.0903149,0.1
2179,Baseline,3,Balanced,0,Low,0,Low,0,9.70914,2216.38,7.70408,0.0901283,0.1
2180,Baseline,3,Balanced,0,Low,0,Low,0,9.71868,2219.72,7.70558,0.0903689,0.1
2181,Baseline,3,Balanced,0,Low,0,Low,0,9.74911,2226.5,7.70864,0.0902889,0.1
2182,Baseline,3,Balanced,0,Low,0,Low,0,9.76433,2230.34,7.71036,0.0905565,0.1
2183,Baseline,3,Balanced,0,Low,0,Low,0,9.73318,2223.47,7.70727,0.0901461,0.1
2184,Baseline,3,Balanced,0,Low,0,Low,0,9.75039,2225.56,7.70822,0.0903844,0.1
2185,Baseline,3,Balanced,0,Low,0,Low,0,9.73497,2223.74,7.7074,0.0904205,0.1
2186,Baseline,3,Balanced,0,Low,0,Low,0,9.73945,2224.27,7.70763,0.0904659,0.1
2187,Baseline,3,Balanced,0,Low,0,Low,0,9.74944,2225.76,7.7083,0.0901611,0.1
2188,Baseline,3,Balanced,0,Low,0,Low,0,9.75578,2228.41,7.70949,0.0903969,0.1
2189,Baseline,3,Balanced,0,Low,0,Low,0,9.69592,2214.94,7.70343,0.0902382,0.1
2190,Baseline,3,Balanced,0,Low,0,Low,0,9.73322,2223.01,7.70707,0.0904543,0.1
2191,Baseline,3,Balanced,0,Low,0,Low,0,9.72488,2221.74,7.7065,0.0902768,0.1
2192,Baseline,3,Balanced,0,Low,0,Low,0,9.74947,2225.86,7.70835,0.0905059,0.1
2193,Baseline,3,Balanced,0,Low,0,Low,0,9.74474,2225.6,7.70823,0.0902257,0.1
2194,Baseline,3,Balanced,0,Low,0,Low,0,9.75473,2226.88,7.70881,0.0903858,0.1
2195,Baseline,3,Balanced,0,Low,0,Low,0,9.7294,2223.88,7.70746,0.0901336,0.1
2196,Baseline,3,Balanced,0,Low,0,Low,0,9.76421,2228.61,7.70958,0.0905517,0.1
2197,Baseline,3,Balanced,0,Low,0,Low,0,9.77683,2233.31,7.71169,0.0905425,0.1
2198,Baseline,3,Balanced,0,Low,0,Low,0,9.70535,2215.55,7.70371,0.0902296,0.1
2199,Baseline,3,Balanced,0,Low,0,Low,0,9.70828,2217.37,7.70453,0.0903183,0.1
2200,Baseline,3,Balanced,0,Low,0,Low,0,9.70343,2215.59,7.70373,0.0903395,0.1
2201,Baseline,3,Balanced,0,Low,0,Low,0,9.74748,2226.48,7.70863,0.0905175,0.1
2202,Baseline,3,Balanced,0,Low,0,Low,0,9.7489,2227.73,7.70919,0.0904697,0.1
2203,Baseline,3,Balanced,0,Low,0,Low,0,9.727,2221.86,7.70655,0.0902754,0.1
2204,Baseline,3,Balanced,0,Low,0,Low,0,9.75235,2227.63,7.70914,0.0904311,0.1
2205,Baseline,3,Balanced,0,Low,0,Low,0,9.75012,2227.03,7.70887,0.090395,0.1
2206,Baseline,3,Balanced,0,Low,0,Low,0,9.72129,2219.68,7.70557,0.0903236,0.1
2207,Baseline,3,Balanced,0,Low,0,Low,0,9.77012,2231.1,7.7107,0.090312,0.1
2208,Baseline,3,Balanced,0,Low,0,Low,0,9.74896,2226.7,7.70873,0.0903453,0.1
2209,Baseline,3,Balanced,0,Low,0,Low,0,9.7492,2225.64,7.70825,0.0902542,0.1
2210,Baseline,3,Balanced,0,Low,0,Low,0,9.73118,2222.75,7.70695,0.09057,0.1
2211,Baseline,3,Balanced,0,Low,0,Low,0,9.71127,2218.6,7.70508,0.0900767,0.1
2212,Baseline,3,Balanced,0,Low,0,Low,0,9.73737,2223.19,7.70715,0.0902537,0.1
2213,Baseline,3,Balanced,0,Low,0,Low,0,9.75268,2227.67,7.70916,0.0904215,0.1
2214,Baseline,3,Balanced,0,Low,0,Low,0,9.74432,2223.7,7.70738,0.090653,0.1
2215,Baseline,3,Balanced,0,Low,0,Low,0,9.72282,2220.31,7.70585,0.0904779,0.1
2216,Baseline,3,Balanced,0,Low,0,Low,0,9.729,2219.82,7.70563,0.0904408,0.1
2217,Baseline,3,Balanced,0,Low,0,Low,0,9.74176,2225.99,7.70841,0.090327,0.1
2218,Baseline,3,Balanced,0,Low,0,Low,0,9.74183,2224.98,7.70795,0.0903332,0.1
2219,Baseline,3,Balanced,0,Low,0,Low,0,9.70466,2217,7.70436,0.0901939,0.1
2220,Baseline,3,Balanced,0,Low,0,Low,0,9.77785,2231.68,7.71096,0.0905213,0.1
2221,Baseline,3,Balanced,0,Low,0,Low,0,9.74806,2225.6,7.70823,0.0904644,0.1
2222,Baseline,3,Balanced,0,Low,0,Low,0,9.72916,2222.73,7.70694,0.0902672,0.1
2223,Baseline,3,Balanced,0,Low,0,Low,0,9.70816,2218.07,7.70484,0.0901292,0.1
2224,Baseline,3,Balanced,0,Low,0,Low,0,9.75205,2226.49,7.70863,0.0904118,0.1
2225,Baseline,3,Balanced,0,Low,0,Low,0,9.72906,2221.48,7.70638,0.0904133,0.1
2226,Baseline,3,Balanced,0,Low,0,Low,0,9.7664,2231.15,7.71072,0.0906809,0.1
2227,Baseline,3,Balanced,0,Low,0,Low,0,9.72877,2221.41,7.70635,0.0903337,0.1
2228,Baseline,3,Balanced,0,Low,0,Low,0,9.73817,2221.79,7.70652,0.0906072,0.1
2229,Baseline,3,Balanced,0,Low,0,Low,0,9.74412,2224.95,7.70794,0.0904504,0.1
2230,Baseline,3,Balanced,0,Low,0,Low,0,9.74355,2224.34,7.70767,0.0905811,0.1
2231,Baseline,3,Balanced,0,Low,0,Low,0,9.74889,2226.63,7.70869,0.0902382,0.1
2232,Baseline,3,Balanced,0,Low,0,Low,0,9.69869,2215.43,7.70365,0.0903,0.1
2233,Baseline,3,Balanced,0,Low,0,Low,0,9.73181,2222.21,7.70671,0.0904075,0.1
2234,Baseline,3,Balanced,0,Low,0,Low,0,9.77711,2232.02,7.71111,0.0907504,0.1
2235,Baseline,3,Balanced,0,Low,0,Low,0,9.80439,2238.48,7.714,0.0905729,0.1
2236,Baseline,3,Balanced,0,Low,0,Low,0,9.69659,2213.94,7.70298,0.0903805,0.1
2237,Baseline,3,Balanced,0,Low,0,Low,0,9.72428,2221.6,7.70643,0.0904061,0.1
2238,Baseline,3,Balanced,0,Low,0,Low,0,9.70592,2217.16,7.70443,0.0903385,0.1
2239,Baseline,3,Balanced,0,Low,0,Low,0,9.74907,2225.88,7.70836,0.0905083,0.1
2240,Baseline,3,Balanced,0,Low,0,Low,0,9.7067,2218.19,7.7049,0.0901765,0.1
2241,Baseline,3,Balanced,0,Low,0,Low,0,9.7262,2221.82,7.70653,0.0902146,0.1
2242,Baseline,3,Balanced,0,Low,0,Low,0,9.74839,2226.65,7.7087,0.0903328,0.1
2243,Baseline,3,Balanced,0,Low,0,Low,0,9.79889,2238.71,7.7141,0.0905459,0.1
2244,Baseline,3,Balanced,0,Low,0,Low,0,9.7792,2232.92,7.71151,0.0906713,0.1
2245,Baseline,3,Balanced,0,Low,0,Low,0,9.75236,2226.78,7.70876,0.0903791,0.1
2246,Baseline,3,Balanced,0,Low,0,Low,0,9.76422,2231.31,7.71079,0.0904215,0.1
2247,Baseline,3,Balanced,0,Low,0,Low,0,9.74312,2225.07,7.70799,0.0905305,0.1
2248,Baseline,3,Balanced,0,Low,0,Low,0,9.72698,2222.4,7.70679,0.0904967,0.1
2249,Baseline,3,Balanced,0,Low,0,Low,0,9.75545,2227.14,7.70892,0.0904943,0.1
2250,Baseline,3,Balanced,0,Low,0,Low,0,9.73305,2221.97,7.7066,0.0903284,0.1
2251,Baseline,3,Balanced,0,Low,0,Low,0,9.74286,2224.61,7.70778,0.0905353,0.1
2252,Baseline,3,Balanced,0,Low,0,Low,0,9.76068,2228.6,7.70958,0.0905295,0.1
2253,Baseline,3,Balanced,0,Low,0,Low,0,9.72186,2221.73,7.70649,0.0902947,0.1
2254,Baseline,3,Balanced,0,Low,0,Low,0,9.74582,2225.57,7.70822,0.090299,0.1
2255,Baseline,3,Balanced,0,Low,0,Low,0,9.74788,2225.73,7.70829,0.0903959,0.1
2256,Baseline,3,Balanced,0,Low,0,Low,0,9.74764,2226.17,7.70849,0.0905589,0.1
2257,Baseline,3,Balanced,0,Low,0,Low,0,9.75217,2227.88,7.70925,0.0904065,0.1
2258,Baseline,3,Balanced,0,Low,0,Low,0,9.72619,2221.31,7.7063,0.0903602,0.1
2259,Baseline,3,Balanced,0,Low,0,Low,0,9.74657,2225.42,7.70815,0.0904856,0.1
2260,Baseline,3,Balanced,0,Low,0,Low,0,9.72952,2221.24,7.70627,0.0901712,0.1
2261,Baseline,3,Balanced,0,Low,0,Low,0,9.72762,2221,7.70616,0.090488,0.1
2262,Baseline,3,Balanced,0,Low,0,Low,0,9.75634,2228.4,7.70949,0.0903492,0.1
2263,Baseline,3,Balanced,0,Low,0,Low,0,9.72733,2223.67,7.70736,0.0902185,0.1
2264,Baseline,3,Balanced,0,Low,0,Low,0,9.78572,2233.91,7.71196,0.0905054,0.1
2265,Baseline,3,Balanced,0,Low,0,Low,0,9.76624,2231.43,7.71084,0.090407,0.1
2266,Baseline,3,Balanced,0,Low,0,Low,0,9.72941,2222.11,7.70666,0.0902416,0.1
2267,Baseline,3,Balanced,0,Low,0,Low,0,9.72037,2219.71,7.70558,0.0903771,0.1
2268,Baseline,3,Balanced,0,Low,0,Low,0,9.79038,2236.37,7.71306,0.0907142,0.1
2269,Baseline,3,Balanced,0,Low,0,Low,0,9.74457,2225.24,7.70807,0.0903844,0.1
2270,Baseline,3,Balanced,0,Low,0,Low,0,9.71769,2218.59,7.70508,0.0904311,0.1
2271,Baseline,3,Balanced,0,Low,0,Low,0,9.78963,2234.88,7.71239,0.0906486,0.1
2272,Baseline,3,Balanced,0,Low,0,Low,0,9.72026,2219.55,7.70551,0.0905059,0.1
2273,Baseline,3,Balanced,0,Low,0,Low,0,9.78253,2232.87,7.71149,0.0904639,0.1
2274,Baseline,3,Balanced,0,Low,0,Low,0,9.73894,2223.82,7.70743,0.0902267,0.1
2275,Baseline,3,Balanced,0,Low,0,Low,0,9.73003,2221.16,7.70623,0.09053,0.1
2276,Baseline,3,Balanced,0,Low,0,Low,0,9.74611,2225.23,7.70807,0.0903303,0.1
2277,Baseline,3,Balanced,0,Low,0,Low,0,9.67993,2210.6,7.70147,0.0902585,0.1
2278,Baseline,3,Balanced,0,Low,0,Low,0,9.74284,2224.26,7.70763,0.0903448,0.1
2279,Baseline,3,Balanced,0,Low,0,Low,0,9.7375,2224.04,7.70753,0.0904051,0.1
2280,Baseline,3,Balanced,0,Low,0,Low,0,9.75933,2228.92,7.70972,0.0901808,0.1
2281,Baseline,3,Balanced,0,Low,0,Low,0,9.76437,2230.94,7.71063,0.0902474,0.1
2282,Baseline,3,Balanced,0,Low,0,Low,0,9.72344,2220.51,7.70594,0.0903472,0.1
2283,Baseline,3,Balanced,0,Low,0,Low,0,9.77238,2230.75,7.71054,0.0905652,0.1
2284,Baseline,3,Balanced,0,Low,0,Low,0,9.7227,2221.01,7.70617,0.0901172,0.1
2285,Baseline,3,Balanced,0,Low,0,Low,0,9.7264,2221.91,7.70657,0.0903337,0.1
2286,Baseline,3,Balanced,0,Low,0,Low,0,9.73878,2224.19,7.7076,0.0902734,0.1
2287,Baseline,3,Balanced,0,Low,0,Low,0,9.73162,2222.39,7.70679,0.0901895,0.1
2288,Baseline,3,Balanced,0,Low,0,Low,0,9.67898,2212.44,7.7023,0.0901929,0.1
2289,Baseline,3,Balanced,0,Low,0,Low,0,9.78445,2235.4,7.71262,0.0905025,0.1
2290,Baseline,3,Balanced,0,Low,0,Low,0,9.73694,2223.24,7.70717,0.0903863,0.1
2291,Baseline,3,Balanced,0,Low,0,Low,0,9.72795,2224.43,7.70771,0.090327,0.1
2292,Baseline,3,Balanced,0,Low,0,Low,0,9.729,2221.16,7.70624,0.0905213,0.1
2293,Baseline,3,Balanced,0,Low,0,Low,0,9.72305,2219.94,7.70569,0.0903409,0.1
2294,Baseline,3,Balanced,0,Low,0,Low,0,9.72487,2221.06,7.70619,0.0904485,0.1
2295,Baseline,3,Balanced,0,Low,0,Low,0,9.74223,2223.64,7.70735,0.0904012,0.1
2296,Baseline,3,Balanced,0,Low,0,Low,0,9.75788,2226.4,7.70859,0.0903342,0.1
2297,Baseline,3,Balanced,0,Low,0,Low,0,9.75446,2227.15,7.70893,0.0905107,0.1
2298,Baseline,3,Balanced,0,Low,0,Low,0,9.73006,2222.92,7.70703,0.0902329,0.1
2299,Baseline,3,Balanced,0,Low,0,Low,0,9.76365,2229.48,7.70997,0.0905599,0.1
2300,Baseline,3,Balanced,0,Low,0,Low,0,9.72742,2222.01,7.70662,0.0905266,0.1
2301,Baseline,3,Balanced,0,Low,0,Low,0,9.78145,2230.96,7.71063,0.0908758,0.1
2302,Baseline,3,Balanced,0,Low,0,Low,0,9.72281,2221.32,7.70631,0.0901823,0.1
2303,Baseline,3,Balanced,0,Low,0,Low,0,9.72955,2223.32,7.70721,0.0902088,0.1
2304,Baseline,3,Balanced,0,Low,0,Low,0,9.71566,2217.9,7.70476,0.0904543,0.1
2305,Baseline,3,Balanced,0,Low,0,Low,0,9.71853,2218.97,7.70525,0.0901244,0.1
2306,Baseline,3,Balanced,0,Low,0,Low,0,9.76861,2231.68,7.71096,0.0907436,0.1
2307,Baseline,3,Balanced,0,Low,0,Low,0,9.73891,2224.15,7.70758,0.0902527,0.1
2308,Baseline,3,Balanced,0,Low,0,Low,0,9.75637,2228.34,7.70946,0.0905194,0.1
2309,Baseline,3,Balanced,0,Low,0,Low,0,9.74006,2224.47,7.70772,0.0904118,0.1
2310,Baseline,3,Balanced,0,Low,0,Low,0,9.69296,2214.76,7.70335,0.0901042,0.1
2311,Baseline,3,Balanced,0,Low,0,Low,0,9.73229,2221.98,7.7066,0.0904798,0.1
2312,Baseline,3,Balanced,0,Low,0,Low,0,9.77133,2229.98,7.7102,0.0904702,0.1
2313,Baseline,3,Balanced,0,Low,0,Low,0,9.74952,2225.21,7.70806,0.0905551,0.1
2314,Baseline,3,Balanced,0,Low,0,Low,0,9.72974,2221.54,7.70641,0.0903868,0.1
2315,Baseline,3,Balanced,0,Low,0,Low,0,9.73838,2225.1,7.708,0.090176,0.1
2316,Baseline,3,Balanced,0,Low,0,Low,0,9.71718,2218.18,7.70489,0.0901751,0.1
2317,Baseline,3,Balanced,0,Low,0,Low,0,9.73924,2223.95,7.70749,0.090299,0.1
2318,Baseline,3,Balanced,0,Low,0,Low,0,9.70528,2216.82,7.70428,0.0903704,0.1
2319,Baseline,3,Balanced,0,Low,0,Low,0,9.76211,2230.87,7.7106,0.0905638,0.1
2320,Baseline,3,Balanced,0,Low,0,Low,0,9.75335,2228.13,7.70937,0.090368,0.1
2321,Baseline,3,Balanced,0,Low,0,Low,0,9.72978,2222.52,7.70684,0.0903872,0.1
2322,Baseline,3,Balanced,0,Low,0,Low,0,9.73391,2222.84,7.70699,0.0902156,0.1
2323,Baseline,3,Balanced,0,Low,0,Low,0,9.75203,2227.03,7.70887,0.0904355,0.1
2324,Baseline,3,Balanced,0,Low,0,Low,0,9.75771,2228.88,7.7097,0.0904692,0.1
2325,Baseline,3,Balanced,0,Low,0,Low,0,9.79648,2235.48,7.71266,0.0905208,0.1
2326,Baseline,3,Balanced,0,Low,0,Low,0,9.76758,2229.47,7.70997,0.0905623,0.1
2327,Baseline,3,Balanced,0,Low,0,Low,0,9.7403,2223.92,7.70748,0.0903381,0.1
2328,Baseline,3,Balanced,0,Low,0,Low,0,9.78005,2233.24,7.71166,0.0906645,0.1
2329,Baseline,3,Balanced,0,Low,0,Low,0,9.71249,2217.01,7.70437,0.0903115,0.1
2330,Baseline,3,Balanced,0,Low,0,Low,0,9.73059,2222.73,7.70694,0.0902011,0.1
2331,Baseline,3,Balanced,0,Low,0,Low,0,9.70187,2215.07,7.70349,0.0901543,0.1
2332,Baseline,3,Balanced,0,Low,0,Low,0,9.74342,2224.65,7.7078,0.0904731,0.1
2333,Baseline,3,Balanced,0,Low,0,Low,0,9.76899,2230.92,7.71062,0.0904287,0.1
2334,Baseline,3,Balanced,0,Low,0,Low,0,9.75417,2226.3,7.70854,0.0904239,0.1
2335,Baseline,3,Balanced,0,Low,0,Low,0,9.69965,2214.28,7.70314,0.0903689,0.1
2336,Baseline,3,Balanced,0,Low,0,Low,0,9.74986,2226.54,7.70865,0.0902378,0.1
2337,Baseline,3,Balanced,0,Low,0,Low,0,9.7157,2220.15,7.70578,0.0902754,0.1
2338,Baseline,3,Balanced,0,Low,0,Low,0,9.75783,2228.27,7.70943,0.0904577,0.1
2339,Baseline,3,Balanced,0,Low,0,Low,0,9.76672,2229.34,7.70991,0.0904085,0.1
2340,Baseline,3,Balanced,0,Low,0,Low,0,9.73596,2224.34,7.70766,0.0903115,0.1
2341,Baseline,3,Balanced,0,Low,0,Low,0,9.77403,2231.9,7.71106,0.0905107,0.1
2342,Baseline,3,Balanced,0,Low,0,Low,0,9.73908,2224.71,7.70783,0.0902812,0.1
2343,Baseline,3,Balanced,0,Low,0,Low,0,9.76607,2230.41,7.71039,0.0903168,0.1
2344,Baseline,3,Balanced,0,Low,0,Low,0,9.74156,2225.47,7.70817,0.0900743,0.1
2345,Baseline,3,Balanced,0,Low,0,Low,0,9.75968,2227.97,7.7093,0.0904625,0.1
2346,Baseline,3,Balanced,0,Low,0,Low,0,9.70683,2217.57,7.70462,0.0901847,0.1
2347,Baseline,3,Balanced,0,Low,0,Low,0,9.7651,2228.71,7.70963,0.0905329,0.1
2348,Baseline,3,Balanced,0,Low,0,Low,0,9.71764,2220.11,7.70576,0.0902792,0.1
2349,Baseline,3,Balanced,0,Low,0,Low,0,9.71261,2218.22,7.70491,0.0902228,0.1
2350,Baseline,3,Balanced,0,Low,0,Low,0,9.76534,2229.16,7.70983,0.0904065,0.1
2351,Baseline,3,Balanced,0,Low,0,Low,0,9.78143,2233.64,7.71184,0.0906795,0.1
2352,Baseline,3,Balanced,0,Low,0,Low,0,9.70749,2216.83,7.70429,0.0901765,0.1
2353,Baseline,3,Balanced,0,Low,0,Low,0,9.7582,2228.29,7.70944,0.0904837,0.1
2354,Baseline,3,Balanced,0,Low,0,Low,0,9.75182,2226.58,7.70867,0.0903376,0.1
2355,Baseline,3,Balanced,0,Low,0,Low,0,9.75957,2228.78,7.70966,0.0903144,0.1
2356,Baseline,3,Balanced,0,Low,0,Low,0,9.72288,2220.83,7.70608,0.0901591,0.1
2357,Baseline,3,Balanced,0,Low,0,Low,0,9.78623,2233.22,7.71165,0.0905319,0.1
2358,Baseline,3,Balanced,0,Low,0,Low,0,9.78983,2235.47,7.71265,0.0905377,0.1
2359,Baseline,3,Balanced,0,Low,0,Low,0,9.71456,2219,7.70526,0.0900178,0.1
2360,Baseline,3,Balanced,0,Low,0,Low,0,9.73105,2221.82,7.70653,0.0902918,0.1
2361,Baseline,3,Balanced,0,Low,0,Low,0,9.70361,2215.92,7.70387,0.0905112,0.1
2362,Baseline,3,Balanced,0,Low,0,Low,0,9.72433,2221.04,7.70618,0.0904461,0.1
2363,Baseline,3,Balanced,0,Low,0,Low,0,9.78213,2233.34,7.7117,0.0905049,0.1
2364,Baseline,3,Balanced,0,Low,0,Low,0,9.74221,2224.74,7.70785,0.0901394,0.1
2365,Baseline,3,Balanced,0,Low,0,Low,0,9.77492,2232.97,7.71154,0.0903101,0.1
2366,Baseline,3,Balanced,0,Low,0,Low,0,9.75071,2226.74,7.70874,0.0903636,0.1
2367,Baseline,3,Balanced,0,Low,0,Low,0,9.76749,2230.79,7.71056,0.0903872,0.1
2368,Baseline,3,Balanced,0,Low,0,Low,0,9.75575,2227.75,7.7092,0.0904741,0.1
2369,Baseline,3,Balanced,0,Low,0,Low,0,9.76203,2229.7,7.71007,0.09061,0.1
2370,Baseline,3,Balanced,0,Low,0,Low,0,9.76417,2230.16,7.71028,0.0902498,0.1
2371,Baseline,3,Balanced,0,Low,0,Low,0,9.72105,2219.79,7.70562,0.0904977,0.1
2372,Baseline,3,Balanced,0,Low,0,Low,0,9.74249,2226.11,7.70846,0.0905377,0.1
2373,Baseline,3,Balanced,0,Low,0,Low,0,9.70294,2216.66,7.70421,0.0903641,0.1
2374,Baseline,3,Balanced,0,Low,0,Low,0,9.72413,2220.68,7.70602,0.0904716,0.1
2375,Baseline,3,Balanced,0,Low,0,Low,0,9.74124,2224.17,7.70759,0.0904808,0.1
2376,Baseline,3,Balanced,0,Low,0,Low,0,9.73407,2224.59,7.70778,0.0905242,0.1
2377,Baseline,3,Balanced,0,Low,0,Low,0,9.77659,2230.83,7.71058,0.0904601,0.1
2378,Baseline,3,Balanced,0,Low,0,Low,0,9.7417,2223.62,7.70734,0.0903111,0.1
2379,Baseline,3,Balanced,0,Low,0,Low,0,9.76272,2228.81,7.70967,0.0904393,0.1
2380,Baseline,3,Balanced,0,Low,0,Low,0,9.72045,2221.14,7.70623,0.0904413,0.1
2381,Baseline,3,Balanced,0,Low,0,Low,0,9.76412,2231.37,7.71082,0.0904456,0.1
2382,Baseline,3,Balanced,0,Low,0,Low,0,9.7824,2233.63,7.71183,0.0903492,0.1
2383,Baseline,3,Balanced,0,Low,0,Low,0,9.72131,2221.32,7.70631,0.0902021,0.1
2384,Baseline,3,Balanced,0,Low,0,Low,0,9.74725,2227.03,7.70887,0.0903019,0.1
2385,Baseline,3,Balanced,0,Low,0,Low,0,9.78031,2234.43,7.71219,0.0907378,0.1
2386,Baseline,3,Balanced,0,Low,0,Low,0,9.79021,2234.12,7.71205,0.0904075,0.1
2387,Baseline,3,Balanced,0,Low,0,Low,0,9.77048,2231.32,7.7108,0.090434,0.1
2388,Baseline,3,Balanced,0,Low,0,Low,0,9.75921,2228.98,7.70975,0.0906433,0.1
2389,Baseline,3,Balanced,0,Low,0,Low,0,9.74313,2224.41,7.7077,0.0903385,0.1
2390,Baseline,3,Balanced,0,Low,0,Low,0,9.77462,2232.92,7.71151,0.090515,0.1
2391,Baseline,3,Balanced,0,Low,0,Low,0,9.73092,2221.56,7.70641,0.0903096,0.1
2392,Baseline,3,Balanced,0,Low,0,Low,0,9.69546,2213.5,7.70278,0.0901037,0.1
2393,Baseline,3,Balanced,0,Low,0,Low,0,9.71816,2220.02,7.70572,0.0905642,0.1
2394,Baseline,3,Balanced,0,Low,0,Low,0,9.74923,2225.38,7.70813,0.0905826,0.1
2395,Baseline,3,Balanced,0,Low,0,Low,0,9.70959,2218.76,7.70516,0.0903106,0.1
2396,Baseline,3,Balanced,0,Low,0,Low,0,9.74153,2224.58,7.70777,0.0903067,0.1
2397,Baseline,3,Balanced,0,Low,0,Low,0,9.76667,2231.18,7.71073,0.090393,0.1
2398,Baseline,3,Balanced,0,Low,0,Low,0,9.72455,2219.53,7.7055,0.0903945,0.1
2399,Baseline,3,Balanced,0,Low,0,Low,0,9.73862,2225.87,7.70835,0.0902344,0.1
2400,Baseline,3,Balanced,0,Low,0,Low,0,9.70591,2217.65,7.70465,0.0901553,0.1
2401,Baseline,3,Balanced,0,Low,0,Low,0,9.76742,2229.49,7.70998,0.090517,0.1
2402,Baseline,3,Balanced,0,Low,0,Low,0,9.76045,2228.61,7.70958,0.0904297,0.1
2403,Baseline,3,Balanced,0,Low,0,Low,0,9.80015,2237.12,7.71339,0.0904755,0.1
2404,Baseline,3,Balanced,0,Low,0,Low,0,9.73916,2222.93,7.70703,0.0908092,0.1
2405,Baseline,3,Balanced,0,Low,0,Low,0,9.72632,2220.74,7.70604,0.09038,0.1
2406,Baseline,3,Balanced,0,Low,0,Low,0,9.73591,2221.33,7.70631,0.0903583,0.1
2407,Baseline,3,Balanced,0,Low,0,Low,0,9.75783,2227.99,7.7093,0.0903164,0.1
2408,Baseline,3,Balanced,0,Low,0,Low,0,9.68672,2212.47,7.70231,0.0901042,0.1
2409,Baseline,3,Balanced,0,Low,0,Low,0,9.7816,2233.16,7.71162,0.090625,0.1
2410,Baseline,3,Balanced,0,Low,0,Low,0,9.72801,2221.65,7.70646,0.0901543,0.1
2411,Baseline,3,Balanced,0,Low,0,Low,0,9.70819,2217.26,7.70448,0.0901312,0.1
2412,Baseline,3,Balanced,0,Low,0,Low,0,9.73591,2223.88,7.70746,0.090284,0.1
2413,Baseline,3,Balanced,0,Low,0,Low,0,9.72029,2220.12,7.70577,0.0900887,0.1
2414,Baseline,3,Balanced,0,Low,0,Low,0,9.72823,2221,7.70616,0.0901051,0.1
2415,Baseline,3,Balanced,0,Low,0,Low,0,9.73631,2221.93,7.70658,0.0904847,0.1
2416,Baseline,3,Balanced,0,Low,0,Low,0,9.7789,2234.17,7.71207,0.0903834,0.1
2417,Baseline,3,Balanced,0,Low,0,Low,0,9.77372,2232.88,7.7115,0.0904986,0.1
2418,Baseline,3,Balanced,0,Low,0,Low,0,9.74446,2225.21,7.70806,0.0903554,0.1
2419,Baseline,3,Balanced,0,Low,0,Low,0,9.71945,2220.1,7.70576,0.0903385,0.1
2420,Baseline,3,Balanced,0,Low,0,Low,0,9.77989,2233.21,7.71164,0.0904403,0.1
2421,Baseline,3,Balanced,0,Low,0,Low,0,9.71647,2219.04,7.70528,0.0904118,0.1
2422,Baseline,3,Balanced,0,Low,0,Low,0,9.75277,2226.2,7.7085,0.0901582,0.1
2423,Baseline,3,Balanced,0,Low,0,Low,0,9.74922,2224.76,7.70786,0.0905421,0.1
2424,Baseline,3,Balanced,0,Low,0,Low,0,9.70855,2216.51,7.70414,0.0903168,0.1
2425,Baseline,3,Balanced,0,Low,0,Low,0,9.7408,2224.99,7.70796,0.0903882,0.1
2426,Baseline,3,Balanced,0,Low,0,Low,0,9.76298,2229.08,7.70979,0.0906877,0.1
2427,Baseline,3,Balanced,0,Low,0,Low,0,9.70684,2216.9,7.70432,0.0902397,0.1
2428,Baseline,3,Balanced,0,Low,0,Low,0,9.73937,2222.67,7.70691,0.0904567,0.1
2429,Baseline,3,Balanced,0,Low,0,Low,0,9.74449,2224.43,7.70771,0.0904143,0.1
2430,Baseline,3,Balanced,0,Low,0,Low,0,9.69664,2215.5,7.70368,0.09015,0.1
2431,Baseline,3,Balanced,0,Low,0,Low,0,9.7764,2231.45,7.71085,0.0906496,0.1
2432,Baseline,3,Balanced,0,Low,0,Low,0,9.73034,2222.11,7.70666,0.0903255,0.1
2433,Baseline,3,Balanced,0,Low,0,Low,0,9.74427,2224.86,7.7079,0.0905093,0.1
2434,Baseline,3,Balanced,0,Low,0,Low,0,9.68628,2211.59,7.70192,0.0901095,0.1
2435,Baseline,3,Balanced,0,Low,0,Low,0,9.71549,2217.71,7.70468,0.0903029,0.1
2436,Baseline,3,Balanced,0,Low,0,Low,0,9.74258,2225.35,7.70812,0.090368,0.1
2437,Baseline,3,Balanced,0,Low,0,Low,0,9.70207,2216.96,7.70434,0.0900347,0.1
2438,Baseline,3,Balanced,0,Low,0,Low,0,9.75711,2228.6,7.70958,0.0905618,0.1
2439,Baseline,3,Balanced,0,Low,0,Low,0,9.76769,2230.53,7.71044,0.0903361,0.1
2440,Baseline,3,Balanced,0,Low,0,Low,0,9.74844,2226.34,7.70856,0.090503,0.1
2441,Baseline,3,Balanced,0,Low,0,Low,0,9.72898,2221.07,7.7062,0.0903438,0.1
2442,Baseline,3,Balanced,0,Low,0,Low,0,9.73389,2223.15,7.70713,0.0902402,0.1
2443,Baseline,3,Balanced,0,Low,0,Low,0,9.66952,2208.16,7.70037,0.0900719,0.1
2444,Baseline,3,Balanced,0,Low,0,Low,0,9.6978,2214.75,7.70335,0.0901948,0.1
2445,Baseline,3,Balanced,0,Low,0,Low,0,9.67772,2209.62,7.70103,0.09023,0.1
2446,Baseline,3,Balanced,0,Low,0,Low,0,9.74138,2223.97,7.7075,0.0903627,0.1
2447,Baseline,3,Balanced,0,Low,0,Low,0,9.7672,2229.01,7.70976,0.0904953,0.1
2448,Baseline,3,Balanced,0,Low,0,Low,0,9.70283,2215.73,7.70379,0.0902566,0.1
2449,Baseline,3,Balanced,0,Low,0,Low,0,9.78994,2236.03,7.7129,0.0905305,0.1
2450,Baseline,3,Balanced,0,Low,0,Low,0,9.75527,2227.42,7.70905,0.0905392,0.1
2451,Baseline,3,Balanced,0,Low,0,Low,0,9.75447,2227.93,7.70928,0.0904408,0.1
2452,Baseline,3,Balanced,0,Low,0,Low,0,9.76351,2228.11,7.70936,0.0905686,0.1
2453,Baseline,3,Balanced,0,Low,0,Low,0,9.74714,2226.38,7.70858,0.0905503,0.1
2454,Baseline,3,Balanced,0,Low,0,Low,0,9.71448,2218.69,7.70512,0.0900506,0.1
2455,Baseline,3,Balanced,0,Low,0,Low,0,9.70383,2216.79,7.70427,0.0902474,0.1
2456,Baseline,3,Balanced,0,Low,0,Low,0,9.72361,2221.25,7.70628,0.0903096,0.1
2457,Baseline,3,Balanced,0,Low,0,Low,0,9.78489,2235.92,7.71286,0.0904929,0.1
2458,Baseline,3,Balanced,0,Low,0,Low,0,9.7285,2221.8,7.70652,0.090381,0.1
2459,Baseline,3,Balanced,0,Low,0,Low,0,9.74902,2226.29,7.70854,0.0903241,0.1
2460,Baseline,3,Balanced,0,Low,0,Low,0,9.79951,2237.67,7.71364,0.0904741,0.1
2461,Baseline,3,Balanced,0,Low,0,Low,0,9.7457,2224.96,7.70794,0.0903815,0.1
2462,Baseline,3,Balanced,0,Low,0,Low,0,9.77774,2232.77,7.71145,0.0904953,0.1
2463,Baseline,3,Balanced,0,Low,0,Low,0,9.74142,2225.62,7.70824,0.0903144,0.1
2464,Baseline,3,Balanced,0,Low,0,Low,0,9.74901,2225.3,7.7081,0.0903877,0.1
2465,Baseline,3,Balanced,0,Low,0,Low,0,9.76013,2230.49,7.71042,0.0902749,0.1
2466,Baseline,3,Balanced,0,Low,0,Low,0,9.74508,2225.56,7.70821,0.0903694,0.1
2467,Baseline,3,Balanced,0,Low,0,Low,0,9.72889,2221.93,7.70658,0.0903762,0.1
2468,Baseline,3,Balanced,0,Low,0,Low,0,9.68351,2211.95,7.70208,0.090162,0.1
2469,Baseline,3,Balanced,0,Low,0,Low,0,9.70531,2216.24,7.70402,0.0903164,0.1
2470,Baseline,3,Balanced,0,Low,0,Low,0,9.70428,2215.7,7.70378,0.0903882,0.1
2471,Baseline,3,Balanced,0,Low,0,Low,0,9.75794,2227.35,7.70902,0.0905556,0.1
2472,Baseline,3,Balanced,0,Low,0,Low,0,9.78909,2235.52,7.71268,0.0905705,0.1
2473,Baseline,3,Balanced,0,Low,0,Low,0,9.73974,2224.11,7.70756,0.0905334,0.1
2474,Baseline,3,Balanced,0,Low,0,Low,0,9.75492,2226.68,7.70872,0.0905985,0.1
2475,Baseline,3,Balanced,0,Low,0,Low,0,9.71371,2216.45,7.70411,0.0902218,0.1
2476,Baseline,3,Balanced,0,Low,0,Low,0,9.72271,2220.42,7.7059,0.0902006,0.1
2477,Baseline,3,Balanced,0,Low,0,Low,0,9.79012,2235.8,7.7128,0.0905864,0.1
2478,Baseline,3,Balanced,0,Low,0,Low,0,9.78787,2234.75,7.71233,0.0906935,0.1
2479,Baseline,3,Balanced,0,Low,0,Low,0,9.7492,2227.75,7.7092,0.090327,0.1
2480,Baseline,3,Balanced,0,Low,0,Low,0,9.69886,2215.97,7.7039,0.0901534,0.1
2481,Baseline,3,Balanced,0,Low,0,Low,0,9.78413,2235.19,7.71253,0.090599,0.1
2482,Baseline,3,Balanced,0,Low,0,Low,0,9.7443,2224.82,7.70788,0.0902725,0.1
2483,Baseline,3,Balanced,0,Low,0,Low,0,9.66095,2206.8,7.69975,0.0899349,0.1
2484,Baseline,3,Balanced,0,Low,0,Low,0,9.72841,2221.55,7.70641,0.0903115,0.1
2485,Baseline,3,Balanced,0,Low,0,Low,0,9.68277,2211.44,7.70185,0.0902069,0.1
2486,Baseline,3,Balanced,0,Low,0,Low,0,9.76397,2230.1,7.71025,0.0905551,0.1
2487,Baseline,3,Balanced,0,Low,0,Low,0,9.73531,2223.19,7.70715,0.0904977,0.1
2488,Baseline,3,Balanced,0,Low,0,Low,0,9.71794,2219.06,7.70529,0.0902445,0.1
2489,Baseline,3,Balanced,0,Low,0,Low,0,9.72271,2220.39,7.70589,0.0901606,0.1
2490,Baseline,3,Balanced,0,Low,0,Low,0,9.71842,2220.31,7.70585,0.0902368,0.1
2491,Baseline,3,Balanced,0,Low,0,Low,0,9.70683,2218.43,7.705,0.090135,0.1
2492,Baseline,3,Balanced,0,Low,0,Low,0,9.77304,2231.14,7.71072,0.0906047,0.1
2493,Baseline,3,Balanced,0,Low,0,Low,0,9.71167,2218.49,7.70503,0.0902079,0.1
2494,Baseline,3,Balanced,0,Low,0,Low,0,9.737,2223.6,7.70733,0.0903135,0.1
2495,Baseline,3,Balanced,0,Low,0,Low,0,9.72306,2221.49,7.70638,0.0903082,0.1
2496,Baseline,3,Balanced,0,Low,0,Low,0,9.77215,2231.51,7.71088,0.0906337,0.1
2497,Baseline,3,Balanced,0,Low,0,Low,0,9.74198,2224.23,7.70761,0.0905396,0.1
2498,Baseline,3,Balanced,0,Low,0,Low,0,9.77651,2232.86,7.71149,0.0903834,0.1
2499,Baseline,3,Balanced,0,Low,0,Low,0,9.73601,2224.23,7.70762,0.0903144,0.1
2500,Baseline,3,Balanced,0,Low,0,Low,0,9.7455,2225.76,7.7083,0.0903072,0.1
2501,Baseline,3,Balanced,0,Low,0,Low,0,9.7621,2229.59,7.71002,0.0906245,0.1
2502,Baseline,3,Balanced,0,Low,0,Low,0,9.75155,2229.13,7.70981,0.0903872,0.1
2503,Baseline,3,Balanced,0,Low,0,Low,0,9.73645,2225.51,7.70819,0.0901741,0.1
2504,Baseline,3,Balanced,0,Low,0,Low,0,9.74282,2225.3,7.7081,0.0904663,0.1
2505,Baseline,3,Balanced,0,Low,0,Low,0,9.70182,2214.36,7.70317,0.0903096,0.1
2506,Baseline,3,Balanced,0,Low,0,Low,0,9.7693,2232.24,7.71121,0.0901939,0.1
2507,Baseline,3,Balanced,0,Low,0,Low,0,9.71725,2220.05,7.70574,0.0901562,0.1
2508,Baseline,3,Balanced,0,Low,0,Low,0,9.76421,2229.48,7.70997,0.0906747,0.1
2509,Baseline,3,Balanced,0,Low,0,Low,0,9.72765,2220.68,7.70602,0.0903332,0.1
2510,Baseline,3,Balanced,0,Low,0,Low,0,9.75579,2228.32,7.70945,0.0905686,0.1
2511,Baseline,3,Balanced,0,Low,0,Low,0,9.76287,2229.16,7.70983,0.0905001,0.1
2512,Baseline,3,Balanced,0,Low,0,Low,0,9.75114,2226.62,7.70869,0.0901939,0.1
2513,Baseline,3,Balanced,0,Low,0,Low,0,9.74242,2223.46,7.70727,0.0904533,0.1
2514,Baseline,3,Balanced,0,Low,0,Low,0,9.75205,2227.8,7.70922,0.0902961,0.1
2515,Baseline,3,Balanced,0,Low,0,Low,0,9.74212,2224.42,7.7077,0.0904644,0.1
2516,Baseline,3,Balanced,0,Low,0,Low,0,9.74247,2224.68,7.70782,0.0903901,0.1
2517,Baseline,3,Balanced,0,Low,0,Low,0,9.76699,2230.88,7.7106,0.090284,0.1
2518,Baseline,3,Balanced,0,Low,0,Low,0,9.7337,2222.26,7.70673,0.0904644,0.1
2519,Baseline,3,Balanced,0,Low,0,Low,0,9.76733,2230,7.7102,0.0905816,0.1
2520,Baseline,3,Balanced,0,Low,0,Low,0,9.68239,2210.87,7.70159,0.0900719,0.1
2521,Baseline,3,Balanced,0,Low,0,Low,0,9.73182,2222.65,7.70691,0.090394,0.1
2522,Baseline,3,Balanced,0,Low,0,Low,0,9.73927,2225.65,7.70825,0.0902517,0.1
2523,Baseline,3,Balanced,0,Low,0,Low,0,9.71148,2218.45,7.70502,0.0902696,0.1
2524,Baseline,3,Balanced,0,Low,0,Low,0,9.71217,2218.33,7.70496,0.0903911,0.1
2525,Baseline,3,Balanced,0,Low,0,Low,0,9.74057,2223.05,7.70709,0.0905141,0.1
2526,Baseline,3,Balanced,0,Low,0,Low,0,9.68443,2212.05,7.70213,0.0901297,0.1
2527,Baseline,3,Balanced,0,Low,0,Low,0,9.71627,2218.82,7.70518,0.0901066,0.1
2528,Baseline,3,Balanced,0,Low,0,Low,0,9.74606,2225.74,7.70829,0.0904504,0.1
2529,Baseline,3,Balanced,0,Low,0,Low,0,9.76153,2228.65,7.7096,0.0904171,0.1
2530,Baseline,3,Balanced,0,Low,0,Low,0,9.75451,2227.59,7.70912,0.0901046,0.1
2531,Baseline,3,Balanced,0,Low,0,Low,0,9.72136,2219.73,7.70559,0.0901905,0.1
2532,Baseline,3,Balanced,0,Low,0,Low,0,9.78133,2233.88,7.71194,0.0905802,0.1
2533,Baseline,3,Balanced,0,Low,0,Low,0,9.74353,2226.4,7.70859,0.0902059,0.1
2534,Baseline,3,Balanced,0,Low,0,Low,0,9.73554,2224.5,7.70774,0.0905642,0.1
2535,Baseline,3,Balanced,0,Low,0,Low,0,9.72546,2222.01,7.70662,0.0903183,0.1
2536,Baseline,3,Balanced,0,Low,0,Low,0,9.73335,2222.78,7.70696,0.0902542,0.1
2537,Baseline,3,Balanced,0,Low,0,Low,0,9.73016,2220.77,7.70606,0.0903926,0.1
2538,Baseline,3,Balanced,0,Low,0,Low,0,9.74195,2224.42,7.7077,0.0903221,0.1
2539,Baseline,3,Balanced,0,Low,0,Low,0,9.73842,2224.31,7.70765,0.0903762,0.1
2540,Baseline,3,Balanced,0,Low,0,Low,0,9.72712,2220.62,7.70599,0.0903964,0.1
2541,Baseline,3,Balanced,0,Low,0,Low,0,9.74862,2227.53,7.7091,0.0902426,0.1
2542,Baseline,3,Balanced,0,Low,0,Low,0,9.77074,2231.33,7.7108,0.0903824,0.1
2543,Baseline,3,Balanced,0,Low,0,Low,0,9.77539,2231.68,7.71096,0.0906443,0.1
2544,Baseline,3,Balanced,0,Low,0,Low,0,9.70673,2216.7,7.70422,0.0903723,0.1
2545,Baseline,3,Balanced,0,Low,0,Low,0,9.76983,2231.86,7.71104,0.0904639,0.1
2546,Baseline,3,Balanced,0,Low,0,Low,0,9.73521,2222.73,7.70694,0.0904446,0.1
2547,Baseline,3,Balanced,0,Low,0,Low,0,9.78825,2235.31,7.71258,0.0905642,0.1
2548,Baseline,3,Balanced,0,Low,0,Low,0,9.71445,2219.26,7.70538,0.0902725,0.1
2549,Baseline,3,Balanced,0,Low,0,Low,0,9.75747,2226.71,7.70873,0.0906438,0.1
2550,Baseline,3,Balanced,0,Low,0,Low,0,9.73549,2223.92,7.70748,0.0905049,0.1
2551,Baseline,3,Balanced,0,Low,0,Low,0,9.75869,2227.83,7.70923,0.0907046,0.1
2552,Baseline,3,Balanced,0,Low,0,Low,0,9.75938,2229.52,7.70999,0.0903033,0.1
2553,Baseline,3,Balanced,0,Low,0,Low,0,9.73387,2221.46,7.70637,0.0904543,0.1
2554,Baseline,3,Balanced,0,Low,0,Low,0,9.7602,2230.17,7.71028,0.0903815,0.1
2555,Baseline,3,Balanced,0,Low,0,Low,0,9.72373,2221.07,7.7062,0.0903207,0.1
2556,Baseline,3,Balanced,0,Low,0,Low,0,9.76699,2229.96,7.71019,0.0904297,0.1
2557,Baseline,3,Balanced,0,Low,0,Low,0,9.72721,2220.34,7.70586,0.0902074,0.1
2558,Baseline,3,Balanced,0,Low,0,Low,0,9.70998,2217.66,7.70466,0.0902778,0.1
2559,Baseline,3,Balanced,0,Low,0,Low,0,9.74063,2223.13,7.70712,0.0906954,0.1
2560,Baseline,3,Balanced,0,Low,0,Low,0,9.73638,2222.68,7.70692,0.0902821,0.1
2561,Baseline,3,Balanced,0,Low,0,Low,0,9.76259,2230.14,7.71027,0.0906081,0.1
2562,Baseline,3,Balanced,0,Low,0,Low,0,9.73717,2222.38,7.70678,0.0903265,0.1
2563,Baseline,3,Balanced,0,Low,0,Low,0,9.6867,2211.5,7.70188,0.0902363,0.1
2564,Baseline,3,Balanced,0,Low,0,Low,0,9.73395,2223.63,7.70734,0.0903689,0.1
2565,Baseline,3,Balanced,0,Low,0,Low,0,9.74829,2225.68,7.70827,0.090449,0.1
2566,Baseline,3,Balanced,0,Low,0,Low,0,9.71087,2219.26,7.70538,0.0902773,0.1
2567,Baseline,3,Balanced,0,Low,0,Low,0,9.73014,2222.37,7.70678,0.0903795,0.1
2568,Baseline,3,Balanced,0,Low,0,Low,0,9.76577,2231.1,7.7107,0.0902701,0.1
2569,Baseline,3,Balanced,0,Low,0,Low,0,9.74537,2224.92,7.70792,0.0902643,0.1
2570,Baseline,3,Balanced,0,Low,0,Low,0,9.74248,2224.58,7.70777,0.0905044,0.1
2571,Baseline,3,Balanced,0,Low,0,Low,0,9.73138,2222.47,7.70682,0.0901302,0.1
2572,Baseline,3,Balanced,0,Low,0,Low,0,9.71937,2220.39,7.70589,0.0902749,0.1
2573,Baseline,3,Balanced,0,Low,0,Low,0,9.75841,2227.66,7.70916,0.0906414,0.1
2574,Baseline,3,Balanced,0,Low,0,Low,0,9.75333,2227.7,7.70917,0.0904162,0.1
2575,Baseline,3,Balanced,0,Low,0,Low,0,9.78582,2234.98,7.71244,0.090638,0.1
2576,Baseline,3,Balanced,0,Low,0,Low,0,9.68427,2211.62,7.70193,0.0902488,0.1
2577,Baseline,3,Balanced,0,Low,0,Low,0,9.7202,2220.54,7.70596,0.0903622,0.1
2578,Baseline,3,Balanced,0,Low,0,Low,0,9.71751,2220.35,7.70587,0.0900497,0.1
2579,Baseline,3,Balanced,0,Low,0,Low,0,9.76171,2228.62,7.70959,0.0904258,0.1
2580,Baseline,3,Balanced,0,Low,0,Low,0,9.74973,2226.28,7.70854,0.0904678,0.1
2581,Baseline,3,Balanced,0,Low,0,Low,0,9.75262,2225.45,7.70817,0.0906481,0.1
2582,Baseline,3,Balanced,0,Low,0,Low,0,9.76287,2228.32,7.70945,0.090381,0.1
2583,Baseline,3,Balanced,0,Low,0,Low,0,9.73676,2224.24,7.70762,0.0903684,0.1
2584,Baseline,3,Balanced,0,Low,0,Low,0,9.69649,2213.55,7.7028,0.0902619,0.1
2585,Baseline,3,Balanced,0,Low,0,Low,0,9.73569,2224.22,7.70761,0.090108,0.1
2586,Baseline,3,Balanced,0,Low,0,Low,0,9.78907,2235.44,7.71264,0.0906742,0.1
2587,Baseline,3,Balanced,0,Low,0,Low,0,9.76016,2229.14,7.70982,0.0904726,0.1
2588,Baseline,3,Balanced,0,Low,0,Low,0,9.77494,2231.5,7.71088,0.0902696,0.1
2589,Baseline,3,Balanced,0,Low,0,Low,0,9.7685,2230.83,7.71058,0.090462,0.1
2590,Baseline,3,Balanced,0,Low,0,Low,0,9.7499,2225.81,7.70832,0.0905223,0.1
2591,Baseline,3,Balanced,0,Low,0,Low,0,9.73472,2221.33,7.70631,0.0903723,0.1
2592,Baseline,3,Balanced,0,Low,0,Low,0,9.74816,2225.17,7.70804,0.0901929,0.1
2593,Baseline,3,Balanced,0,Low,0,Low,0,9.76464,2230.48,7.71042,0.0905623,0.1
2594,Baseline,3,Balanced,0,Low,0,Low,0,9.73698,2223.15,7.70713,0.090216,0.1
2595,Baseline,3,Balanced,0,Low,0,Low,0,9.74134,2224.64,7.7078,0.0904741,0.1
2596,Baseline,3,Balanced,0,Low,0,Low,0,9.74336,2224.67,7.70781,0.0905001,0.1
2597,Baseline,3,Balanced,0,Low,0,Low,0,9.72512,2222.76,7.70695,0.0903072,0.1
2598,Baseline,3,Balanced,0,Low,0,Low,0,9.72972,2221.98,7.70661,0.0905667,0.1
2599,Baseline,3,Balanced,0,Low,0,Low,0,9.77121,2232.2,7.71119,0.0904278,0.1
2600,Baseline,3,Balanced,0,Low,0,Low,0,9.78356,2234.57,7.71225,0.0903535,0.1
2601,Baseline,3,Balanced,0,Low,0,Low,0,9.7496,2225.29,7.70809,0.0906578,0.1
2602,Baseline,3,Balanced,0,Low,0,Low,0,9.68776,2211.49,7.70187,0.0903308,0.1
2603,Baseline,3,Balanced,0,Low,0,Low,0,9.76316,2229.69,7.71007,0.0905353,0.1
2604,Baseline,3,Balanced,0,Low,0,Low,0,9.73371,2224.1,7.70756,0.0902243,0.1
2605,Baseline,3,Balanced,0,Low,0,Low,0,9.76405,2230.02,7.71022,0.0903872,0.1
2606,Baseline,3,Balanced,0,Low,0,Low,0,9.71431,2217.89,7.70476,0.0902701,0.1
2607,Baseline,3,Balanced,0,Low,0,Low,0,9.75221,2228.02,7.70932,0.0902874,0.1
2608,Baseline,3,Balanced,0,Low,0,Low,0,9.75924,2228.86,7.70969,0.0903694,0.1
2609,Baseline,3,Balanced,0,Low,0,Low,0,9.72018,2220.3,7.70585,0.0903564,0.1
2610,Baseline,3,Balanced,0,Low,0,Low,0,9.71485,2218.2,7.7049,0.0902696,0.1
2611,Baseline,3,Balanced,0,Low,0,Low,0,9.72422,2220.22,7.70581,0.0903086,0.1
2612,Baseline,3,Balanced,0,Low,0,Low,0,9.71246,2217.1,7.70441,0.0902681,0.1
2613,Baseline,3,Balanced,0,Low,0,Low,0,9.70679,2217.52,7.7046,0.0901534,0.1
2614,Baseline,3,Balanced,0,Low,0,Low,0,9.74709,2225.2,7.70805,0.0906033,0.1
2615,Baseline,3,Balanced,0,Low,0,Low,0,9.7109,2220.09,7.70575,0.0902922,0.1
2616,Baseline,3,Balanced,0,Low,0,Low,0,9.73814,2225.04,7.70798,0.090436,0.1
2617,Baseline,3,Balanced,0,Low,0,Low,0,9.71789,2219.54,7.70551,0.0906129,0.1
2618,Baseline,3,Balanced,0,Low,0,Low,0,9.7655,2229.48,7.70997,0.0903554,0.1
2619,Baseline,3,Balanced,0,Low,0,Low,0,9.6736,2210.19,7.70129,0.0903492,0.1
2620,Baseline,3,Balanced,0,Low,0,Low,0,9.75406,2227.37,7.70903,0.0904615,0.1
2621,Baseline,3,Balanced,0,Low,0,Low,0,9.77382,2230.5,7.71043,0.0901509,0.1
2622,Baseline,3,Balanced,0,Low,0,Low,0,9.7278,2221.65,7.70646,0.0905657,0.1
2623,Baseline,3,Balanced,0,Low,0,Low,0,9.76213,2228.76,7.70965,0.0904726,0.1
2624,Baseline,3,Balanced,0,Low,0,Low,0,9.73316,2222.78,7.70696,0.0906689,0.1
2625,Baseline,3,Balanced,0,Low,0,Low,0,9.77821,2233.17,7.71162,0.0905445,0.1
2626,Baseline,3,Balanced,0,Low,0,Low,0,9.71842,2219.95,7.70569,0.0903154,0.1
2627,Baseline,3,Balanced,0,Low,0,Low,0,9.70603,2215.85,7.70384,0.0902662,0.1
2628,Baseline,3,Balanced,0,Low,0,Low,0,9.75161,2227.16,7.70893,0.0903926,0.1
2629,Baseline,3,Balanced,0,Low,0,Low,0,9.72998,2223.7,7.70738,0.0904036,0.1
2630,Baseline,3,Balanced,0,Low,0,Low,0,9.71421,2218.95,7.70524,0.0902194,0.1
2631,Baseline,3,Balanced,0,Low,0,Low,0,9.72912,2222.24,7.70672,0.0900598,0.1
2632,Baseline,3,Balanced,0,Low,0,Low,0,9.74405,2226.08,7.70845,0.0904027,0.1
2633,Baseline,3,Balanced,0,Low,0,Low,0,9.71878,2218.84,7.70519,0.0901562,0.1
2634,Baseline,3,Balanced,0,Low,0,Low,0,9.75178,2228.12,7.70936,0.090584,0.1
2635,Baseline,3,Balanced,0,Low,0,Low,0,9.72871,2221.61,7.70644,0.0904085,0.1
2636,Baseline,3,Balanced,0,Low,0,Low,0,9.77116,2232.48,7.71132,0.0906144,0.1
2637,Baseline,3,Balanced,0,Low,0,Low,0,9.75987,2229.72,7.71008,0.0903376,0.1
2638,Baseline,3,Balanced,0,Low,0,Low,0,9.73118,2222.24,7.70672,0.0904094,0.1
2639,Baseline,3,Balanced,0,Low,0,Low,0,9.74454,2226.03,7.70842,0.0903718,0.1
2640,Baseline,3,Balanced,0,Low,0,Low,0,9.72001,2218.74,7.70515,0.0903347,0.1
2641,Baseline,3,Balanced,0,Low,0,Low,0,9.76646,2229.19,7.70984,0.090598,0.1
2642,Baseline,3,Balanced,0,Low,0,Low,0,9.73714,2225.05,7.70798,0.0903279,0.1
2643,Baseline,3,Balanced,0,Low,0,Low,0,9.75912,2229.2,7.70985,0.0905695,0.1
2644,Baseline,3,Balanced,0,Low,0,Low,0,9.73238,2221.43,7.70636,0.090556,0.1
2645,Baseline,3,Balanced,0,Low,0,Low,0,9.7565,2228.67,7.70961,0.0902599,0.1
2646,Baseline,3,Balanced,0,Low,0,Low,0,9.73889,2225.32,7.70811,0.0903385,0.1
2647,Baseline,3,Balanced,0,Low,0,Low,0,9.72316,2220.21,7.70581,0.0904557,0.1
2648,Baseline,3,Balanced,0,Low,0,Low,0,9.74759,2226.21,7.70851,0.0903183,0.1
2649,Baseline,3,Balanced,0,Low,0,Low,0,9.69579,2214.11,7.70306,0.0903747,0.1
2650,Baseline,3,Balanced,0,Low,0,Low,0,9.73538,2223.26,7.70718,0.0903453,0.1
2651,Baseline,3,Balanced,0,Low,0,Low,0,9.76888,2229.07,7.70979,0.0907894,0.1
2652,Baseline,3,Balanced,0,Low,0,Low,0,9.7383,2223.6,7.70733,0.090408,0.1
2653,Baseline,3,Balanced,0,Low,0,Low,0,9.78215,2231.86,7.71104,0.0907986,0.1
2654,Baseline,3,Balanced,0,Low,0,Low,0,9.7004,2216.62,7.70419,0.0902975,0.1
2655,Baseline,3,Balanced,0,Low,0,Low,0,9.74421,2224.8,7.70787,0.0905044,0.1
2656,Baseline,3,Balanced,0,Low,0,Low,0,9.74123,2224.27,7.70763,0.0904389,0.1
2657,Baseline,3,Balanced,0,Low,0,Low,0,9.78971,2236.39,7.71307,0.0905319,0.1
2658,Baseline,3,Balanced,0,Low,0,Low,0,9.74678,2224.86,7.7079,0.0903038,0.1
2659,Baseline,3,Balanced,0,Low,0,Low,0,9.75593,2228.09,7.70935,0.0905797,0.1
2660,Baseline,3,Balanced,0,Low,0,Low,0,9.7409,2225.28,7.70809,0.0901673,0.1
2661,Baseline,3,Balanced,0,Low,0,Low,0,9.73991,2224.22,7.70761,0.0903858,0.1
2662,Baseline,3,Balanced,0,Low,0,Low,0,9.75561,2226.16,7.70848,0.0904162,0.1
2663,Baseline,3,Balanced,0,Low,0,Low,0,9.74985,2226.02,7.70842,0.0906457,0.1
2664,Baseline,3,Balanced,0,Low,0,Low,0,9.73896,2224.35,7.70767,0.0905416,0.1
2665,Baseline,3,Balanced,0,Low,0,Low,0,9.7544,2227.75,7.70919,0.0903516,0.1
2666,Baseline,3,Balanced,0,Low,0,Low,0,9.74966,2227.09,7.7089,0.0904099,0.1
2667,Baseline,3,Balanced,0,Low,0,Low,0,9.77851,2233.03,7.71156,0.0907364,0.1
2668,Baseline,3,Balanced,0,Low,0,Low,0,9.74059,2222.52,7.70685,0.0903824,0.1
2669,Baseline,3,Balanced,0,Low,0,Low,0,9.72783,2222.36,7.70678,0.0901331,0.1
2670,Baseline,3,Balanced,0,Low,0,Low,0,9.75696,2228.1,7.70935,0.0902083,0.1
2671,Baseline,3,Balanced,0,Low,0,Low,0,9.71381,2218.68,7.70512,0.0902305,0.1
2672,Baseline,3,Balanced,0,Low,0,Low,0,9.78447,2234.37,7.71216,0.0904524,0.1
2673,Baseline,3,Balanced,0,Low,0,Low,0,9.77382,2233.14,7.71161,0.0902628,0.1
2674,Baseline,3,Balanced,0,Low,0,Low,0,9.71091,2217.4,7.70454,0.0901268,0.1
2675,Baseline,3,Balanced,0,Low,0,Low,0,9.73317,2223.69,7.70737,0.0904832,0.1
2676,Baseline,3,Balanced,0,Low,0,Low,0,9.74078,2225.52,7.7082,0.0904716,0.1
2677,Baseline,3,Balanced,0,Low,0,Low,0,9.74522,2225.36,7.70812,0.0906872,0.1
2678,Baseline,3,Balanced,0,Low,0,Low,0,9.74156,2224.16,7.70758,0.0904871,0.1
2679,Baseline,3,Balanced,0,Low,0,Low,0,9.7523,2227.54,7.7091,0.0904331,0.1
2680,Baseline,3,Balanced,0,Low,0,Low,0,9.7082,2216.05,7.70393,0.0904008,0.1
2681,Baseline,3,Balanced,0,Low,0,Low,0,9.75457,2227.56,7.70911,0.09049,0.1
2682,Baseline,3,Balanced,0,Low,0,Low,0,9.74664,2226.68,7.70872,0.0903303,0.1
2683,Baseline,3,Balanced,0,Low,0,Low,0,9.76766,2231.1,7.7107,0.0905396,0.1
2684,Baseline,3,Balanced,0,Low,0,Low,0,9.73916,2225.11,7.70801,0.0903356,0.1
2685,Baseline,3,Balanced,0,Low,0,Low,0,9.69783,2214.14,7.70307,0.0903385,0.1
2686,Baseline,3,Balanced,0,Low,0,Low,0,9.76183,2228.52,7.70954,0.0907904,0.1
2687,Baseline,3,Balanced,0,Low,0,Low,0,9.77801,2232.35,7.71126,0.0905329,0.1
2688,Baseline,3,Balanced,0,Low,0,Low,0,9.73385,2222.83,7.70698,0.0901765,0.1
2689,Baseline,3,Balanced,0,Low,0,Low,0,9.69975,2216.24,7.70402,0.090395,0.1
2690,Baseline,3,Balanced,0,Low,0,Low,0,9.76453,2230.05,7.71023,0.0902783,0.1
2691,Baseline,3,Balanced,0,Low,0,Low,0,9.77156,2231.47,7.71087,0.0904818,0.1
2692,Baseline,3,Balanced,0,Low,0,Low,0,9.7199,2219.64,7.70555,0.090271,0.1
2693,Baseline,3,Balanced,0,Low,0,Low,0,9.76378,2230.2,7.71029,0.0905691,0.1
2694,Baseline,3,Balanced,0,Low,0,Low,0,9.75364,2226.72,7.70873,0.090205,0.1
2695,Baseline,3,Balanced,0,Low,0,Low,0,9.78316,2235.1,7.71249,0.090421,0.1
2696,Baseline,3,Balanced,0,Low,0,Low,0,9.76146,2228.76,7.70965,0.0904712,0.1
2697,Baseline,3,Balanced,0,Low,0,Low,0,9.71367,2217.73,7.70469,0.0903742,0.1
2698,Baseline,3,Balanced,0,Low,0,Low,0,9.7294,2221.64,7.70645,0.0903241,0.1
2699,Baseline,3,Balanced,0,Low,0,Low,0,9.70928,2217.58,7.70462,0.0901987,0.1
2700,Baseline,3,Balanced,0,Low,0,Low,0,9.67887,2211.23,7.70176,0.0902025,0.1
2701,Baseline,3,Balanced,0,Low,0,Low,0,9.74645,2226.43,7.7086,0.0905044,0.1
2702,Baseline,3,Balanced,0,Low,0,Low,0,9.77681,2231.94,7.71107,0.0906154,0.1
2703,Baseline,3,Balanced,0,Low,0,Low,0,9.76391,2228.39,7.70948,0.0906038,0.1
2704,Baseline,6,Balanced,0,Low,0,Low,0,9.71843,2220.46,7.70592,0.0902281,0.1
2705,Baseline,6,Balanced,0,Low,0,Low,0,9.69822,2214.35,7.70317,0.0901712,0.1
2706,Baseline,6,Balanced,0,Low,0,Low,0,9.75765,2229.1,7.7098,0.0904933,0.1
2707,Baseline,6,Balanced,0,Low,0,Low,0,9.72704,2221.34,7.70632,0.0901317,0.1
2708,Baseline,6,Balanced,0,Low,0,Low,0,9.75395,2228.36,7.70947,0.0904273,0.1
2709,Baseline,6,Balanced,0,Low,0,Low,0,9.76388,2228.96,7.70974,0.0904673,0.1
2710,Baseline,6,Balanced,0,Low,0,Low,0,9.7387,2224.31,7.70765,0.0905845,0.1
2711,Baseline,6,Balanced,0,Low,0,Low,0,9.73242,2221.69,7.70647,0.0905435,0.1
2712,Baseline,6,Balanced,0,Low,0,Low,0,9.77004,2231.9,7.71105,0.0903313,0.1
2713,Baseline,6,Balanced,0,Low,0,Low,0,9.73817,2224.39,7.70769,0.0903506,0.1
2714,Baseline,6,Balanced,0,Low,0,Low,0,9.69946,2216.03,7.70392,0.0901264,0.1
2715,Baseline,6,Balanced,0,Low,0,Low,0,9.75409,2228.35,7.70947,0.0902951,0.1
2716,Baseline,6,Balanced,0,Low,0,Low,0,9.74045,2225.56,7.70821,0.0905078,0.1
2717,Baseline,6,Balanced,0,Low,0,Low,0,9.77929,2233.24,7.71165,0.0904851,0.1
2718,Baseline,6,Balanced,0,Low,0,Low,0,9.74515,2225.58,7.70822,0.0903434,0.1
2719,Baseline,6,Balanced,0,Low,0,Low,0,9.76581,2230.64,7.71049,0.0905527,0.1
2720,Baseline,6,Balanced,0,Low,0,Low,0,9.75376,2228.64,7.70959,0.0903921,0.1
2721,Baseline,6,Balanced,0,Low,0,Low,0,9.74223,2225.96,7.70839,0.0903197,0.1
2722,Baseline,6,Balanced,0,Low,0,Low,0,9.73453,2221.56,7.70642,0.090583,0.1
2723,Baseline,6,Balanced,0,Low,0,Low,0,9.72672,2220.56,7.70596,0.090312,0.1
2724,Baseline,6,Balanced,0,Low,0,Low,0,9.74132,2223.5,7.70729,0.090313,0.1
2725,Baseline,6,Balanced,0,Low,0,Low,0,9.78359,2233.77,7.71189,0.0907215,0.1
2726,Baseline,6,Balanced,0,Low,0,Low,0,9.7292,2222.57,7.70687,0.0903144,0.1
2727,Baseline,6,Balanced,0,Low,0,Low,0,9.71776,2219.62,7.70554,0.0901664,0.1
2728,Baseline,6,Balanced,0,Low,0,Low,0,9.7164,2217.8,7.70472,0.0901596,0.1
2729,Baseline,6,Balanced,0,Low,0,Low,0,9.76479,2230.32,7.71035,0.090449,0.1
2730,Baseline,6,Balanced,0,Low,0,Low,0,9.71245,2219.47,7.70547,0.0902657,0.1
2731,Baseline,6,Balanced,0,Low,0,Low,0,9.73692,2223.71,7.70738,0.0902493,0.1
2732,Baseline,6,Balanced,0,Low,0,Low,0,9.7402,2224.46,7.70772,0.0904104,0.1
2733,Baseline,6,Balanced,0,Low,0,Low,0,9.74187,2223.57,7.70732,0.0902537,0.1
2734,Baseline,6,Balanced,0,Low,0,Low,0,9.74484,2224.7,7.70783,0.0904596,0.1
2735,Baseline,6,Balanced,0,Low,0,Low,0,9.75532,2228.07,7.70934,0.0902079,0.1
2736,Baseline,6,Balanced,0,Low,0,Low,0,9.72471,2221.23,7.70627,0.0905879,0.1
2737,Baseline,6,Balanced,0,Low,0,Low,0,9.70773,2216.99,7.70436,0.0901466,0.1
2738,Baseline,6,Balanced,0,Low,0,Low,0,9.72812,2222.17,7.70669,0.0902585,0.1
2739,Baseline,6,Balanced,0,Low,0,Low,0,9.74965,2226.58,7.70867,0.0904919,0.1
2740,Baseline,6,Balanced,0,Low,0,Low,0,9.75571,2227.56,7.70911,0.09053,0.1
2741,Baseline,6,Balanced,0,Low,0,Low,0,9.75308,2227.88,7.70925,0.090488,0.1
2742,Baseline,6,Balanced,0,Low,0,Low,0,9.69037,2213.07,7.70259,0.0901403,0.1
2743,Baseline,6,Balanced,0,Low,0,Low,0,9.7391,2223.66,7.70736,0.0904427,0.1
2744,Baseline,6,Balanced,0,Low,0,Low,0,9.7426,2225.56,7.70821,0.0903202,0.1
2745,Baseline,6,Balanced,0,Low,0,Low,0,9.73058,2221.71,7.70648,0.0904591,0.1
2746,Baseline,6,Balanced,0,Low,0,Low,0,9.70986,2218.21,7.70491,0.0901206,0.1
2747,Baseline,6,Balanced,0,Low,0,Low,0,9.70913,2217.97,7.7048,0.0902951,0.1
2748,Baseline,6,Balanced,0,Low,0,Low,0,9.76288,2230.13,7.71027,0.0902546,0.1
2749,Baseline,6,Balanced,0,Low,0,Low,0,9.72901,2221.3,7.7063,0.0903091,0.1
2750,Baseline,6,Balanced,0,Low,0,Low,0,9.68447,2212.12,7.70216,0.0901726,0.1
2751,Baseline,6,Balanced,0,Low,0,Low,0,9.75645,2227.85,7.70924,0.0904099,0.1
2752,Baseline,6,Balanced,0,Low,0,Low,0,9.70806,2216.66,7.70421,0.0901948,0.1
2753,Baseline,6,Balanced,0,Low,0,Low,0,9.71481,2217.83,7.70474,0.0903819,0.1
2754,Baseline,6,Balanced,0,Low,0,Low,0,9.71864,2219.12,7.70531,0.0903038,0.1
2755,Baseline,6,Balanced,0,Low,0,Low,0,9.7659,2230.59,7.71047,0.090448,0.1
2756,Baseline,6,Balanced,0,Low,0,Low,0,9.73982,2224.91,7.70792,0.0904818,0.1
2757,Baseline,6,Balanced,0,Low,0,Low,0,9.72,2221.16,7.70624,0.0901437,0.1
2758,Baseline,6,Balanced,0,Low,0,Low,0,9.70878,2217.13,7.70442,0.0902001,0.1
2759,Baseline,6,Balanced,0,Low,0,Low,0,9.79259,2236.32,7.71303,0.0905628,0.1
2760,Baseline,6,Balanced,0,Low,0,Low,0,9.735,2222.35,7.70677,0.0905396,0.1
2761,Baseline,6,Balanced,0,Low,0,Low,0,9.70801,2217.42,7.70455,0.0902734,0.1
2762,Baseline,6,Balanced,0,Low,0,Low,0,9.68858,2214.16,7.70308,0.0900159,0.1
2763,Baseline,6,Balanced,0,Low,0,Low,0,9.75649,2228.42,7.7095,0.0903824,0.1
2764,Baseline,6,Balanced,0,Low,0,Low,0,9.7375,2222.88,7.70701,0.0904784,0.1
2765,Baseline,6,Balanced,0,Low,0,Low,0,9.73264,2223.14,7.70713,0.0903024,0.1
2766,Baseline,6,Balanced,0,Low,0,Low,0,9.73455,2224.51,7.70774,0.0904032,0.1
2767,Baseline,6,Balanced,0,Low,0,Low,0,9.76577,2231.27,7.71077,0.0903067,0.1
2768,Baseline,6,Balanced,0,Low,0,Low,0,9.7068,2214.98,7.70345,0.0903371,0.1
2769,Baseline,6,Balanced,0,Low,0,Low,0,9.74614,2226.08,7.70845,0.0903009,0.1
2770,Baseline,6,Balanced,0,Low,0,Low,0,9.74587,2225.33,7.70811,0.090284,0.1
2771,Baseline,6,Balanced,0,Low,0,Low,0,9.71531,2219.3,7.7054,0.0904499,0.1
2772,Baseline,6,Balanced,0,Low,0,Low,0,9.72624,2222.81,7.70698,0.0903834,0.1
2773,Baseline,6,Balanced,0,Low,0,Low,0,9.75857,2229.66,7.71005,0.0903308,0.1
2774,Baseline,6,Balanced,0,Low,0,Low,0,9.75569,2228.06,7.70934,0.0905724,0.1
2775,Baseline,6,Balanced,0,Low,0,Low,0,9.76187,2230.03,7.71022,0.0904856,0.1
2776,Baseline,6,Balanced,0,Low,0,Low,0,9.7393,2225.23,7.70806,0.0903945,0.1
2777,Baseline,6,Balanced,0,Low,0,Low,0,9.74067,2222.47,7.70683,0.0905049,0.1
2778,Baseline,6,Balanced,0,Low,0,Low,0,9.73703,2221.91,7.70657,0.0904731,0.1
2779,Baseline,6,Balanced,0,Low,0,Low,0,9.66652,2207.78,7.70019,0.0902025,0.1
2780,Baseline,6,Balanced,0,Low,0,Low,0,9.74617,2225.35,7.70812,0.0904634,0.1
2781,Baseline,6,Balanced,0,Low,0,Low,0,9.7761,2234.07,7.71203,0.0905642,0.1
2782,Baseline,6,Balanced,0,Low,0,Low,0,9.73918,2224.29,7.70764,0.0903381,0.1
2783,Baseline,6,Balanced,0,Low,0,Low,0,9.69396,2214.16,7.70308,0.0902199,0.1
2784,Baseline,6,Balanced,0,Low,0,Low,0,9.73945,2224.38,7.70768,0.0903964,0.1
2785,Baseline,6,Balanced,0,Low,0,Low,0,9.7748,2233.43,7.71174,0.0902363,0.1
2786,Baseline,6,Balanced,0,Low,0,Low,0,9.68532,2210.25,7.70131,0.0903241,0.1
2787,Baseline,6,Balanced,0,Low,0,Low,0,9.73276,2221.96,7.7066,0.0902474,0.1
2788,Baseline,6,Balanced,0,Low,0,Low,0,9.72161,2220.93,7.70613,0.0902406,0.1
2789,Baseline,6,Balanced,0,Low,0,Low,0,9.7154,2217.84,7.70474,0.090434,0.1
2790,Baseline,6,Balanced,0,Low,0,Low,0,9.71386,2218.42,7.705,0.0902112,0.1
2791,Baseline,6,Balanced,0,Low,0,Low,0,9.72925,2221.72,7.70649,0.0903737,0.1
2792,Baseline,6,Balanced,0,Low,0,Low,0,9.74291,2226.6,7.70868,0.0904253,0.1
2793,Baseline,6,Balanced,0,Low,0,Low,0,9.72394,2221.32,7.70631,0.0902257,0.1
2794,Baseline,6,Balanced,0,Low,0,Low,0,9.72365,2220.74,7.70605,0.0903111,0.1
2795,Baseline,6,Balanced,0,Low,0,Low,0,9.74444,2224.89,7.70791,0.0903492,0.1
2796,Baseline,6,Balanced,0,Low,0,Low,0,9.7552,2226.52,7.70865,0.0905922,0.1
2797,Baseline,6,Balanced,0,Low,0,Low,0,9.73006,2222.62,7.70689,0.0901799,0.1
2798,Baseline,6,Balanced,0,Low,0,Low,0,9.75531,2228.21,7.7094,0.0904432,0.1
2799,Baseline,6,Balanced,0,Low,0,Low,0,9.79142,2236.39,7.71306,0.090639,0.1
2800,Baseline,6,Balanced,0,Low,0,Low,0,9.78658,2235.18,7.71252,0.0905975,0.1
2801,Baseline,6,Balanced,0,Low,0,Low,0,9.74574,2225.97,7.7084,0.090381,0.1
2802,Baseline,6,Balanced,0,Low,0,Low,0,9.73305,2221.99,7.70661,0.0904316,0.1
2803,Baseline,6,Balanced,0,Low,0,Low,0,9.73906,2224.49,7.70773,0.0904094,0.1
2804,Baseline,6,Balanced,0,Low,0,Low,0,9.74229,2225.21,7.70806,0.0904027,0.1
2805,Baseline,6,Balanced,0,Low,0,Low,0,9.77629,2231.79,7.71101,0.0905242,0.1
2806,Baseline,6,Balanced,0,Low,0,Low,0,9.74114,2223.46,7.70727,0.0904162,0.1
2807,Baseline,6,Balanced,0,Low,0,Low,0,9.71137,2217.61,7.70464,0.0904451,0.1
2808,Baseline,6,Balanced,0,Low,0,Low,0,9.75185,2226.53,7.70865,0.0904509,0.1
2809,Baseline,6,Balanced,0,Low,0,Low,0,9.74506,2225.69,7.70827,0.0904398,0.1
2810,Baseline,6,Balanced,0,Low,0,Low,0,9.73488,2224.8,7.70787,0.0904027,0.1
2811,Baseline,6,Balanced,0,Low,0,Low,0,9.77101,2230.85,7.71059,0.0906428,0.1
2812,Baseline,6,Balanced,0,Low,0,Low,0,9.71796,2219.31,7.7054,0.0902117,0.1
2813,Baseline,6,Balanced,0,Low,0,Low,0,9.75376,2227.75,7.7092,0.0902942,0.1
2814,Baseline,6,Balanced,0,Low,0,Low,0,9.80808,2239.02,7.71424,0.0907398,0.1
2815,Baseline,6,Balanced,0,Low,0,Low,0,9.75929,2227.61,7.70913,0.0906419,0.1
2816,Baseline,6,Balanced,0,Low,0,Low,0,9.73411,2224.42,7.7077,0.0904929,0.1
2817,Baseline,6,Balanced,0,Low,0,Low,0,9.74104,2224.33,7.70766,0.0902281,0.1
2818,Baseline,6,Balanced,0,Low,0,Low,0,9.75255,2226.1,7.70846,0.0905382,0.1
2819,Baseline,6,Balanced,0,Low,0,Low,0,9.75016,2224.73,7.70784,0.0903598,0.1
2820,Baseline,6,Balanced,0,Low,0,Low,0,9.73097,2222.78,7.70696,0.0903636,0.1
2821,Baseline,6,Balanced,0,Low,0,Low,0,9.77227,2231.29,7.71078,0.0905792,0.1
2822,Baseline,6,Balanced,0,Low,0,Low,0,9.75895,2227.88,7.70925,0.0903863,0.1
2823,Baseline,6,Balanced,0,Low,0,Low,0,9.72708,2219.99,7.70571,0.0903752,0.1
2824,Baseline,6,Balanced,0,Low,0,Low,0,9.77841,2233.94,7.71197,0.0904109,0.1
2825,Baseline,6,Balanced,0,Low,0,Low,0,9.80021,2238.58,7.71404,0.0905531,0.1
2826,Baseline,6,Balanced,0,Low,0,Low,0,9.68407,2211.58,7.70192,0.0902175,0.1
2827,Baseline,6,Balanced,0,Low,0,Low,0,9.77741,2234.93,7.71241,0.0902016,0.1
2828,Baseline,6,Balanced,0,Low,0,Low,0,9.75986,2228.24,7.70942,0.0905199,0.1
2829,Baseline,6,Balanced,0,Low,0,Low,0,9.76224,2229.06,7.70979,0.0905083,0.1
2830,Baseline,6,Balanced,0,Low,0,Low,0,9.70919,2216.38,7.70408,0.0903781,0.1
2831,Baseline,6,Balanced,0,Low,0,Low,0,9.71877,2220.51,7.70594,0.0901929,0.1
2832,Baseline,6,Balanced,0,Low,0,Low,0,9.69598,2213.6,7.70283,0.0903617,0.1
2833,Baseline,6,Balanced,0,Low,0,Low,0,9.75168,2227.88,7.70926,0.0903877,0.1
2834,Baseline,6,Balanced,0,Low,0,Low,0,9.79218,2234.79,7.71235,0.0907282,0.1
2835,Baseline,6,Balanced,0,Low,0,Low,0,9.7249,2221.45,7.70636,0.0903183,0.1
2836,Baseline,6,Balanced,0,Low,0,Low,0,9.76078,2229.31,7.7099,0.0904905,0.1
2837,Baseline,6,Balanced,0,Low,0,Low,0,9.70081,2216.05,7.70393,0.0901239,0.1
2838,Baseline,6,Balanced,0,Low,0,Low,0,9.71462,2217.78,7.70471,0.0902951,0.1
2839,Baseline,6,Balanced,0,Low,0,Low,0,9.74651,2226.26,7.70853,0.0904726,0.1
2840,Baseline,6,Balanced,0,Low,0,Low,0,9.80299,2238.96,7.71421,0.0906597,0.1
2841,Baseline,6,Balanced,0,Low,0,Low,0,9.71115,2217.74,7.70469,0.0901683,0.1
2842,Baseline,6,Balanced,0,Low,0,Low,0,9.72133,2218.89,7.70521,0.0906047,0.1
2843,Baseline,6,Balanced,0,Low,0,Low,0,9.77476,2232.12,7.71115,0.0903337,0.1
2844,Baseline,6,Balanced,0,Low,0,Low,0,9.76916,2230.05,7.71023,0.0903429,0.1
2845,Baseline,6,Balanced,0,Low,0,Low,0,9.74207,2224.98,7.70795,0.0904601,0.1
2846,Baseline,6,Balanced,0,Low,0,Low,0,9.70631,2216.16,7.70398,0.0902652,0.1
2847,Baseline,6,Balanced,0,Low,0,Low,0,9.76189,2229.52,7.70999,0.0904813,0.1
2848,Baseline,6,Balanced,0,Low,0,Low,0,9.75355,2227.63,7.70914,0.0905845,0.1
2849,Baseline,6,Balanced,0,Low,0,Low,0,9.7284,2224.22,7.70761,0.0901051,0.1
2850,Baseline,6,Balanced,0,Low,0,Low,0,9.71887,2220.95,7.70614,0.0901591,0.1
2851,Baseline,6,Balanced,0,Low,0,Low,0,9.72303,2219.35,7.70542,0.0902628,0.1
2852,Baseline,6,Balanced,0,Low,0,Low,0,9.70614,2217.34,7.70451,0.0904765,0.1
2853,Baseline,6,Balanced,0,Low,0,Low,0,9.79463,2236.59,7.71316,0.0906597,0.1
2854,Baseline,6,Balanced,0,Low,0,Low,0,9.71468,2218.16,7.70488,0.0901765,0.1
2855,Baseline,6,Balanced,0,Low,0,Low,0,9.74113,2226.2,7.7085,0.0903723,0.1
2856,Baseline,6,Balanced,0,Low,0,Low,0,9.76772,2230.69,7.71051,0.0904654,0.1
2857,Baseline,6,Balanced,0,Low,0,Low,0,9.72945,2221.52,7.70639,0.0904181,0.1
2858,Baseline,6,Balanced,0,Low,0,Low,0,9.75613,2227.72,7.70918,0.0905792,0.1
2859,Baseline,6,Balanced,0,Low,0,Low,0,9.70576,2216.97,7.70435,0.0900878,0.1
2860,Baseline,6,Balanced,0,Low,0,Low,0,9.77726,2233.36,7.71171,0.0905088,0.1
2861,Baseline,6,Balanced,0,Low,0,Low,0,9.73484,2223.61,7.70734,0.0905295,0.1
2862,Baseline,6,Balanced,0,Low,0,Low,0,9.74363,2226.09,7.70845,0.0904065,0.1
2863,Baseline,6,Balanced,0,Low,0,Low,0,9.75343,2228.18,7.70939,0.0905049,0.1
2864,Baseline,6,Balanced,0,Low,0,Low,0,9.72457,2220.81,7.70608,0.0901403,0.1
2865,Baseline,6,Balanced,0,Low,0,Low,0,9.73627,2223.72,7.70739,0.0902961,0.1
2866,Baseline,6,Balanced,0,Low,0,Low,0,9.69751,2216.31,7.70405,0.0901755,0.1
2867,Baseline,6,Balanced,0,Low,0,Low,0,9.77399,2231.31,7.71079,0.0905213,0.1
2868,Baseline,6,Balanced,0,Low,0,Low,0,9.71405,2218.09,7.70485,0.0905247,0.1
2869,Baseline,6,Balanced,0,Low,0,Low,0,9.72785,2222.97,7.70705,0.0902985,0.1
2870,Baseline,6,Balanced,0,Low,0,Low,0,9.76713,2231.55,7.7109,0.0905295,0.1
2871,Baseline,6,Balanced,0,Low,0,Low,0,9.71849,2220.38,7.70588,0.0902305,0.1
2872,Baseline,6,Balanced,0,Low,0,Low,0,9.7168,2218.73,7.70514,0.0900945,0.1
2873,Baseline,6,Balanced,0,Low,0,Low,0,9.74324,2224.5,7.70774,0.0904514,0.1
2874,Baseline,6,Balanced,0,Low,0,Low,0,9.73592,2221.2,7.70625,0.0902604,0.1
2875,Baseline,6,Balanced,0,Low,0,Low,0,9.71196,2218.04,7.70483,0.0902445,0.1
2876,Baseline,6,Balanced,0,Low,0,Low,0,9.77425,2230.33,7.71036,0.0903622,0.1
2877,Baseline,6,Balanced,0,Low,0,Low,0,9.72277,2221.41,7.70635,0.0902426,0.1
2878,Baseline,6,Balanced,0,Low,0,Low,0,9.74149,2225.66,7.70826,0.0905531,0.1
2879,Baseline,6,Balanced,0,Low,0,Low,0,9.77435,2232.38,7.71127,0.0905985,0.1
2880,Baseline,6,Balanced,0,Low,0,Low,0,9.79975,2238.49,7.714,0.0907812,0.1
2881,Baseline,6,Balanced,0,Low,0,Low,0,9.72285,2221.44,7.70636,0.0903665,0.1
2882,Baseline,6,Balanced,0,Low,0,Low,0,9.71358,2218.62,7.70509,0.0902281,0.1
2883,Baseline,6,Balanced,0,Low,0,Low,0,9.70867,2218.24,7.70492,0.0903033,0.1
2884,Baseline,6,Balanced,0,Low,0,Low,0,9.76891,2230.69,7.71051,0.0906028,0.1
2885,Baseline,6,Balanced,0,Low,0,Low,0,9.74491,2224.93,7.70793,0.0904109,0.1
2886,Baseline,6,Balanced,0,Low,0,Low,0,9.75399,2227.11,7.70891,0.0903752,0.1
2887,Baseline,6,Balanced,0,Low,0,Low,0,9.73033,2223.44,7.70726,0.0903106,0.1
2888,Baseline,6,Balanced,0,Low,0,Low,0,9.71766,2219.21,7.70536,0.0902411,0.1
2889,Baseline,6,Balanced,0,Low,0,Low,0,9.70437,2218.82,7.70518,0.0899253,0.1
2890,Baseline,6,Balanced,0,Low,0,Low,0,9.75076,2226.5,7.70863,0.0904562,0.1
2891,Baseline,6,Balanced,0,Low,0,Low,0,9.72988,2222.29,7.70675,0.0902522,0.1
2892,Baseline,6,Balanced,0,Low,0,Low,0,9.74178,2224.18,7.70759,0.090245,0.1
2893,Baseline,6,Balanced,0,Low,0,Low,0,9.76388,2228.71,7.70963,0.0903781,0.1
2894,Baseline,6,Balanced,0,Low,0,Low,0,9.78411,2234.54,7.71224,0.0904938,0.1
2895,Baseline,6,Balanced,0,Low,0,Low,0,9.71448,2219.42,7.70545,0.0900564,0.1
2896,Baseline,6,Balanced,0,Low,0,Low,0,9.75868,2228.19,7.70939,0.0905232,0.1
2897,Baseline,6,Balanced,0,Low,0,Low,0,9.79783,2236.53,7.71313,0.0906573,0.1
2898,Baseline,6,Balanced,0,Low,0,Low,0,9.71266,2218.82,7.70518,0.0903516,0.1
2899,Baseline,6,Balanced,0,Low,0,Low,0,9.72211,2220.61,7.70599,0.0903332,0.1
2900,Baseline,6,Balanced,0,Low,0,Low,0,9.77722,2233.42,7.71174,0.0905787,0.1
2901,Baseline,6,Balanced,0,Low,0,Low,0,9.74178,2225.26,7.70808,0.0902932,0.1
2902,Baseline,6,Balanced,0,Low,0,Low,0,9.71707,2219.46,7.70547,0.090218,0.1
2903,Baseline,6,Balanced,0,Low,0,Low,0,9.72499,2221.29,7.70629,0.0904905,0.1
2904,Baseline,6,Balanced,0,Low,0,Low,0,9.77043,2230.36,7.71037,0.0903284,0.1
2905,Baseline,6,Balanced,0,Low,0,Low,0,9.744,2224.64,7.7078,0.0902826,0.1
2906,Baseline,6,Balanced,0,Low,0,Low,0,9.73231,2223.25,7.70717,0.0902223,0.1
2907,Baseline,6,Balanced,0,Low,0,Low,0,9.76818,2230.61,7.71048,0.0905136,0.1
2908,Baseline,6,Balanced,0,Low,0,Low,0,9.74358,2224.58,7.70777,0.0904755,0.1
2909,Baseline,6,Balanced,0,Low,0,Low,0,9.72227,2218.72,7.70514,0.0901196,0.1
2910,Baseline,6,Balanced,0,Low,0,Low,0,9.74303,2224.94,7.70793,0.0904986,0.1
2911,Baseline,6,Balanced,0,Low,0,Low,0,9.75632,2228.01,7.70931,0.0903824,0.1
2912,Baseline,6,Balanced,0,Low,0,Low,0,9.74224,2225.05,7.70799,0.0904948,0.1
2913,Baseline,6,Balanced,0,Low,0,Low,0,9.73842,2223.39,7.70724,0.0901717,0.1
2914,Baseline,6,Balanced,0,Low,0,Low,0,9.70908,2217.27,7.70448,0.0902267,0.1
2915,Baseline,6,Balanced,0,Low,0,Low,0,9.76404,2228.59,7.70957,0.0906395,0.1
2916,Baseline,6,Balanced,0,Low,0,Low,0,9.69822,2214.67,7.70331,0.0902107,0.1
2917,Baseline,6,Balanced,0,Low,0,Low,0,9.74519,2226.96,7.70884,0.0903096,0.1
2918,Baseline,6,Balanced,0,Low,0,Low,0,9.6923,2214.2,7.7031,0.0901133,0.1
2919,Baseline,6,Balanced,0,Low,0,Low,0,9.7383,2222.43,7.70681,0.0903897,0.1
2920,Baseline,6,Balanced,0,Low,0,Low,0,9.73119,2222.23,7.70672,0.0902884,0.1
2921,Baseline,6,Balanced,0,Low,0,Low,0,9.73484,2223.34,7.70721,0.0903689,0.1
2922,Baseline,6,Balanced,0,Low,0,Low,0,9.7264,2221.52,7.7064,0.0901215,0.1
2923,Baseline,6,Balanced,0,Low,0,Low,0,9.77603,2233.21,7.71164,0.0905927,0.1
2924,Baseline,6,Balanced,0,Low,0,Low,0,9.71201,2217.95,7.70479,0.0901717,0.1
2925,Baseline,6,Balanced,0,Low,0,Low,0,9.73548,2223.71,7.70738,0.090381,0.1
2926,Baseline,6,Balanced,0,Low,0,Low,0,9.76529,2230.45,7.71041,0.0902484,0.1
2927,Baseline,6,Balanced,0,Low,0,Low,0,9.76029,2228.61,7.70958,0.0905314,0.1
2928,Baseline,6,Balanced,0,Low,0,Low,0,9.76269,2229.87,7.71015,0.0906149,0.1
2929,Baseline,6,Balanced,0,Low,0,Low,0,9.75604,2227.32,7.709,0.090284,0.1
2930,Baseline,6,Balanced,0,Low,0,Low,0,9.76696,2229,7.70976,0.0906771,0.1
2931,Baseline,6,Balanced,0,Low,0,Low,0,9.70678,2217.31,7.7045,0.0902218,0.1
2932,Baseline,6,Balanced,0,Low,0,Low,0,9.76653,2229.45,7.70996,0.0903723,0.1
2933,Baseline,6,Balanced,0,Low,0,Low,0,9.73694,2224.64,7.7078,0.0903168,0.1
2934,Baseline,6,Balanced,0,Low,0,Low,0,9.76705,2230.73,7.71053,0.0905194,0.1
2935,Baseline,6,Balanced,0,Low,0,Low,0,9.71436,2218.14,7.70487,0.090327,0.1
2936,Baseline,6,Balanced,0,Low,0,Low,0,9.69517,2213.94,7.70298,0.0903371,0.1
2937,Baseline,6,Balanced,0,Low,0,Low,0,9.77549,2231.79,7.71101,0.0903901,0.1
2938,Baseline,6,Balanced,0,Low,0,Low,0,9.78332,2233.6,7.71182,0.0904683,0.1
2939,Baseline,6,Balanced,0,Low,0,Low,0,9.7333,2221.87,7.70655,0.0903525,0.1
2940,Baseline,6,Balanced,0,Low,0,Low,0,9.74731,2226,7.70841,0.0902498,0.1
2941,Baseline,6,Balanced,0,Low,0,Low,0,9.69311,2214.45,7.70321,0.0900907,0.1
2942,Baseline,6,Balanced,0,Low,0,Low,0,9.76543,2229.17,7.70983,0.0904456,0.1
2943,Baseline,6,Balanced,0,Low,0,Low,0,9.71967,2219.06,7.70529,0.0901673,0.1
2944,Baseline,6,Balanced,0,Low,0,Low,0,9.77055,2230.57,7.71046,0.090448,0.1
2945,Baseline,6,Balanced,0,Low,0,Low,0,9.79478,2235.99,7.71289,0.0908063,0.1
2946,Baseline,6,Balanced,0,Low,0,Low,0,9.77575,2233.08,7.71158,0.090461,0.1
2947,Baseline,6,Balanced,0,Low,0,Low,0,9.75187,2227.64,7.70915,0.0903067,0.1
2948,Baseline,6,Balanced,0,Low,0,Low,0,9.747,2226.87,7.7088,0.0906081,0.1
2949,Baseline,6,Balanced,0,Low,0,Low,0,9.76232,2230.83,7.71058,0.0904292,0.1
2950,Baseline,6,Balanced,0,Low,0,Low,0,9.71596,2218.21,7.70491,0.0901206,0.1
2951,Baseline,6,Balanced,0,Low,0,Low,0,9.76647,2229.48,7.70997,0.0906356,0.1
2952,Baseline,6,Balanced,0,Low,0,Low,0,9.75421,2226.57,7.70867,0.0904977,0.1
2953,Baseline,6,Balanced,0,Low,0,Low,0,9.77156,2231.13,7.71071,0.0904147,0.1
2954,Baseline,6,Balanced,0,Low,0,Low,0,9.76528,2229.4,7.70994,0.0905671,0.1
2955,Baseline,6,Balanced,0,Low,0,Low,0,9.76378,2230.33,7.71035,0.0905633,0.1
2956,Baseline,6,Balanced,0,Low,0,Low,0,9.72065,2220.14,7.70577,0.0903091,0.1
2957,Baseline,6,Balanced,0,Low,0,Low,0,9.74162,2225.08,7.708,0.0903332,0.1
2958,Baseline,6,Balanced,0,Low,0,Low,0,9.73818,2224.12,7.70757,0.0902353,0.1
2959,Baseline,6,Balanced,0,Low,0,Low,0,9.73163,2221.87,7.70656,0.0903598,0.1
2960,Baseline,6,Balanced,0,Low,0,Low,0,9.74106,2224.72,7.70784,0.0904562,0.1
2961,Baseline,6,Balanced,0,Low,0,Low,0,9.75137,2226.84,7.70879,0.0902349,0.1
2962,Baseline,6,Balanced,0,Low,0,Low,0,9.74018,2225.4,7.70814,0.0902638,0.1
2963,Baseline,6,Balanced,0,Low,0,Low,0,9.70898,2218.21,7.70491,0.0904273,0.1
2964,Baseline,6,Balanced,0,Low,0,Low,0,9.74086,2225.14,7.70803,0.0903786,0.1
2965,Baseline,6,Balanced,0,Low,0,Low,0,9.71077,2217.12,7.70442,0.0904577,0.1
2966,Baseline,6,Balanced,0,Low,0,Low,0,9.71357,2217.27,7.70448,0.0902975,0.1
2967,Baseline,6,Balanced,0,Low,0,Low,0,9.71122,2218.9,7.70522,0.0900921,0.1
2968,Baseline,6,Balanced,0,Low,0,Low,0,9.72631,2220.18,7.70579,0.0903053,0.1
2969,Baseline,6,Balanced,0,Low,0,Low,0,9.71791,2218.04,7.70483,0.0904374,0.1
2970,Baseline,6,Balanced,0,Low,0,Low,0,9.72995,2222.69,7.70692,0.0902382,0.1
2971,Baseline,6,Balanced,0,Low,0,Low,0,9.7544,2227.97,7.7093,0.090475,0.1
2972,Baseline,6,Balanced,0,Low,0,Low,0,9.75589,2227.42,7.70905,0.0904745,0.1
2973,Baseline,6,Balanced,0,Low,0,Low,0,9.7036,2214.68,7.70332,0.0905247,0.1
2974,Baseline,6,Balanced,0,Low,0,Low,0,9.76609,2231.22,7.71075,0.0903699,0.1
2975,Baseline,6,Balanced,0,Low,0,Low,0,9.76026,2228.52,7.70954,0.0903376,0.1
2976,Baseline,6,Balanced,0,Low,0,Low,0,9.72781,2220.8,7.70607,0.0904022,0.1
2977,Baseline,6,Balanced,0,Low,0,Low,0,9.75176,2226.81,7.70878,0.0902792,0.1
2978,Baseline,6,Balanced,0,Low,0,Low,0,9.71242,2216.76,7.70425,0.0901799,0.1
2979,Baseline,6,Balanced,0,Low,0,Low,0,9.7824,2234.02,7.71201,0.0906144,0.1
2980,Baseline,6,Balanced,0,Low,0,Low,0,9.71718,2218.84,7.70519,0.0903607,0.1
2981,Baseline,6,Balanced,0,Low,0,Low,0,9.74089,2224.83,7.70788,0.0903004,0.1
2982,Baseline,6,Balanced,0,Low,0,Low,0,9.73262,2223.3,7.7072,0.090286,0.1
2983,Baseline,6,Balanced,0,Low,0,Low,0,9.73637,2223.82,7.70743,0.0902527,0.1
2984,Baseline,6,Balanced,0,Low,0,Low,0,9.75554,2229.36,7.70992,0.0902932,0.1
2985,Baseline,6,Balanced,0,Low,0,Low,0,9.75158,2227.69,7.70917,0.0904832,0.1
2986,Baseline,6,Balanced,0,Low,0,Low,0,9.72135,2219.81,7.70563,0.0901953,0.1
2987,Baseline,6,Balanced,0,Low,0,Low,0,9.7601,2228.29,7.70944,0.0903877,0.1
2988,Baseline,6,Balanced,0,Low,0,Low,0,9.69165,2213.37,7.70272,0.0898838,0.1
2989,Baseline,6,Balanced,0,Low,0,Low,0,9.71972,2219.01,7.70527,0.0905126,0.1
2990,Baseline,6,Balanced,0,Low,0,Low,0,9.72793,2223.82,7.70743,0.0900815,0.1
2991,Baseline,6,Balanced,0,Low,0,Low,0,9.71516,2218.96,7.70525,0.0904133,0.1
2992,Baseline,6,Balanced,0,Low,0,Low,0,9.7435,2224.84,7.70789,0.0903607,0.1
2993,Baseline,6,Balanced,0,Low,0,Low,0,9.74369,2223.94,7.70749,0.0904461,0.1
2994,Baseline,6,Balanced,0,Low,0,Low,0,9.7143,2218.22,7.70491,0.0902513,0.1
2995,Baseline,6,Balanced,0,Low,0,Low,0,9.70115,2213.5,7.70278,0.0903328,0.1
2996,Baseline,6,Balanced,0,Low,0,Low,0,9.69972,2215.92,7.70387,0.090217,0.1
2997,Baseline,6,Balanced,0,Low,0,Low,0,9.7442,2226.55,7.70866,0.0904008,0.1
2998,Baseline,6,Balanced,0,Low,0,Low,0,9.71653,2220.17,7.70579,0.090232,0.1
2999,Baseline,6,Balanced,0,Low,0,Low,0,9.72384,2221.12,7.70621,0.0901678,0.1
3000,Baseline,6,Balanced,0,Low,0,Low,0,9.73481,2222.41,7.7068,0.0905531,0.1
3001,Baseline,6,Balanced,0,Low,0,Low,0,9.75074,2227.62,7.70914,0.0904716,0.1
3002,Baseline,6,Balanced,0,Low,0,Low,0,9.73481,2223.35,7.70722,0.0903776,0.1
3003,Baseline,6,Balanced,0,Low,0,Low,0,9.79405,2236.41,7.71307,0.0904456,0.1
3004,Baseline,6,Balanced,0,Low,0,Low,0,9.76489,2229.49,7.70998,0.0905802,0.1
3005,Baseline,6,Balanced,0,Low,0,Low,0,9.7362,2223.77,7.70741,0.0903786,0.1
3006,Baseline,6,Balanced,0,Low,0,Low,0,9.7689,2228.98,7.70975,0.0906115,0.1
3007,Baseline,6,Balanced,0,Low,0,Low,0,9.7568,2227.91,7.70927,0.090461,0.1
3008,Baseline,6,Balanced,0,Low,0,Low,0,9.73314,2222.86,7.707,0.090285,0.1
3009,Baseline,6,Balanced,0,Low,0,Low,0,9.73916,2224.6,7.70778,0.0901562,0.1
3010,Baseline,6,Balanced,0,Low,0,Low,0,9.74595,2224.75,7.70785,0.0907658,0.1
3011,Baseline,6,Balanced,0,Low,0,Low,0,9.74872,2226.56,7.70866,0.0904051,0.1
3012,Baseline,6,Balanced,0,Low,0,Low,0,9.7497,2225.61,7.70823,0.0906197,0.1
3013,Baseline,6,Balanced,0,Low,0,Low,0,9.74724,2225.52,7.70819,0.0905223,0.1
3014,Baseline,6,Balanced,0,Low,0,Low,0,9.73851,2223.61,7.70734,0.0903959,0.1
3015,Baseline,6,Balanced,0,Low,0,Low,0,9.71017,2217.71,7.70468,0.0902189,0.1
3016,Baseline,6,Balanced,0,Low,0,Low,0,9.72524,2220.82,7.70608,0.0903781,0.1
3017,Baseline,6,Balanced,0,Low,0,Low,0,9.69098,2212.88,7.7025,0.0900844,0.1
3018,Baseline,6,Balanced,0,Low,0,Low,0,9.76502,2230.5,7.71043,0.0903935,0.1
3019,Baseline,6,Balanced,0,Low,0,Low,0,9.71548,2218.12,7.70486,0.0904234,0.1
3020,Baseline,6,Balanced,0,Low,0,Low,0,9.72949,2222.35,7.70677,0.0905247,0.1
3021,Baseline,6,Balanced,0,Low,0,Low,0,9.72756,2220.71,7.70603,0.0900723,0.1
3022,Baseline,6,Balanced,0,Low,0,Low,0,9.74534,2224.56,7.70777,0.0903255,0.1
3023,Baseline,6,Balanced,0,Low,0,Low,0,9.75954,2228.81,7.70967,0.0903892,0.1
3024,Baseline,6,Balanced,0,Low,0,Low,0,9.7171,2218.69,7.70512,0.0904741,0.1
3025,Baseline,6,Balanced,0,Low,0,Low,0,9.78352,2233.14,7.71161,0.0905073,0.1
3026,Baseline,6,Balanced,0,Low,0,Low,0,9.71882,2218.89,7.70521,0.0901905,0.1
3027,Baseline,6,Balanced,0,Low,0,Low,0,9.76371,2228.15,7.70938,0.0904557,0.1
3028,Baseline,6,Balanced,0,Low,0,Low,0,9.74174,2224.77,7.70786,0.0904263,0.1
3029,Baseline,6,Balanced,0,Low,0,Low,0,9.75013,2226.8,7.70877,0.0902961,0.1
3030,Baseline,6,Balanced,0,Low,0,Low,0,9.74448,2224.84,7.70789,0.0903053,0.1
3031,Baseline,6,Balanced,0,Low,0,Low,0,9.7278,2222.27,7.70674,0.090232,0.1
3032,Baseline,6,Balanced,0,Low,0,Low,0,9.74266,2224.6,7.70778,0.0904244,0.1
3033,Baseline,6,Balanced,0,Low,0,Low,0,9.70402,2214.93,7.70343,0.0902648,0.1
3034,Baseline,6,Balanced,0,Low,0,Low,0,9.72486,2221.17,7.70624,0.0903713,0.1
3035,Baseline,6,Balanced,0,Low,0,Low,0,9.73484,2221.88,7.70656,0.0902339,0.1
3036,Baseline,6,Balanced,0,Low,0,Low,0,9.70226,2216.44,7.70411,0.0903342,0.1
3037,Baseline,6,Balanced,0,Low,0,Low,0,9.72118,2219.22,7.70536,0.0902947,0.1
3038,Baseline,6,Balanced,0,Low,0,Low,0,9.76245,2229.07,7.70979,0.0904282,0.1
3039,Baseline,6,Balanced,0,Low,0,Low,0,9.79061,2235.65,7.71274,0.0903183,0.1
3040,Baseline,6,Balanced,0,Low,0,Low,0,9.76165,2230.04,7.71022,0.090312,0.1
3041,Baseline,6,Balanced,0,Low,0,Low,0,9.70212,2216.02,7.70392,0.0903125,0.1
3042,Baseline,6,Balanced,0,Low,0,Low,0,9.70717,2217.01,7.70437,0.0900656,0.1
3043,Baseline,6,Balanced,0,Low,0,Low,0,9.70505,2215.26,7.70357,0.0903144,0.1
3044,Baseline,6,Balanced,0,Low,0,Low,0,9.75756,2229.95,7.71018,0.0900661,0.1
3045,Baseline,6,Balanced,0,Low,0,Low,0,9.75331,2226.48,7.70863,0.0904437,0.1
3046,Baseline,6,Balanced,0,Low,0,Low,0,9.76587,2230.66,7.7105,0.0904967,0.1
3047,Baseline,6,Balanced,0,Low,0,Low,0,9.72238,2220.74,7.70605,0.0903752,0.1
3048,Baseline,6,Balanced,0,Low,0,Low,0,9.73852,2221.83,7.70653,0.0904798,0.1
3049,Baseline,6,Balanced,0,Low,0,Low,0,9.69541,2213.57,7.70281,0.0903144,0.1
3050,Baseline,6,Balanced,0,Low,0,Low,0,9.75498,2226.85,7.70879,0.0903723,0.1
3051,Baseline,6,Balanced,0,Low,0,Low,0,9.75299,2226.29,7.70854,0.0903443,0.1
3052,Baseline,6,Balanced,0,Low,0,Low,0,9.75893,2228.45,7.70951,0.0905536,0.1
3053,Baseline,6,Balanced,0,Low,0,Low,0,9.74228,2223.36,7.70723,0.0903887,0.1
3054,Baseline,6,Balanced,0,Low,0,Low,0,9.7555,2227.23,7.70896,0.0904171,0.1
3055,Baseline,6,Balanced,0,Low,0,Low,0,9.73752,2223.91,7.70747,0.0901456,0.1
3056,Baseline,6,Balanced,0,Low,0,Low,0,9.74662,2226.35,7.70857,0.0903516,0.1
3057,Baseline,6,Balanced,0,Low,0,Low,0,9.75562,2228.23,7.70941,0.0903858,0.1
3058,Baseline,6,Balanced,0,Low,0,Low,0,9.74404,2225.57,7.70822,0.0902599,0.1
3059,Baseline,6,Balanced,0,Low,0,Low,0,9.69437,2214.15,7.70307,0.0900651,0.1
3060,Baseline,6,Balanced,0,Low,0,Low,0,9.68786,2212.63,7.70239,0.0902908,0.1
3061,Baseline,6,Balanced,0,Low,0,Low,0,9.74187,2224.63,7.7078,0.0903689,0.1
3062,Baseline,6,Balanced,0,Low,0,Low,0,9.68591,2212.12,7.70216,0.0902922,0.1
3063,Baseline,6,Balanced,0,Low,0,Low,0,9.75805,2228.07,7.70934,0.090571,0.1
3064,Baseline,6,Balanced,0,Low,0,Low,0,9.75593,2227.29,7.70899,0.0906081,0.1
3065,Baseline,6,Balanced,0,Low,0,Low,0,9.72227,2219.47,7.70548,0.0903776,0.1
3066,Baseline,6,Balanced,0,Low,0,Low,0,9.75673,2228.71,7.70963,0.0904114,0.1
3067,Baseline,6,Balanced,0,Low,0,Low,0,9.73075,2221.38,7.70633,0.0902243,0.1
3068,Baseline,6,Balanced,0,Low,0,Low,0,9.75796,2229.33,7.70991,0.0904176,0.1
3069,Baseline,6,Balanced,0,Low,0,Low,0,9.74835,2227.08,7.7089,0.090584,0.1
3070,Baseline,6,Balanced,0,Low,0,Low,0,9.6867,2211.84,7.70203,0.0902228,0.1
3071,Baseline,6,Balanced,0,Low,0,Low,0,9.73523,2223.98,7.70751,0.0902315,0.1
3072,Baseline,6,Balanced,0,Low,0,Low,0,9.7087,2218.51,7.70504,0.0903082,0.1
3073,Baseline,6,Balanced,0,Low,0,Low,0,9.72513,2221.4,7.70634,0.0905257,0.1
3074,Baseline,6,Balanced,0,Low,0,Low,0,9.76957,2231.49,7.71087,0.0905556,0.1
3075,Baseline,6,Balanced,0,Low,0,Low,0,9.73055,2222.55,7.70686,0.0900815,0.1
3076,Baseline,6,Balanced,0,Low,0,Low,0,9.72548,2220.23,7.70581,0.0902257,0.1
3077,Baseline,6,Balanced,0,Low,0,Low,0,9.77111,2231.19,7.71074,0.0907938,0.1
3078,Baseline,6,Balanced,0,Low,0,Low,0,9.73896,2225.87,7.70835,0.0901649,0.1
3079,Baseline,6,Balanced,0,Low,0,Low,0,9.74812,2226.78,7.70876,0.0903863,0.1
3080,Baseline,6,Balanced,0,Low,0,Low,0,9.72305,2219.78,7.70561,0.0904017,0.1
3081,Baseline,6,Balanced,0,Low,0,Low,0,9.74039,2224.66,7.70781,0.0903453,0.1
3082,Baseline,6,Balanced,0,Low,0,Low,0,9.73297,2222.09,7.70666,0.0906231,0.1
3083,Baseline,6,Balanced,0,Low,0,Low,0,9.75061,2227.94,7.70928,0.0904335,0.1
3084,Baseline,6,Balanced,0,Low,0,Low,0,9.70097,2214.46,7.70322,0.0903511,0.1
3085,Baseline,6,Balanced,0,Low,0,Low,0,9.67872,2211.25,7.70177,0.0900053,0.1
3086,Baseline,6,Balanced,0,Low,0,Low,0,9.76297,2229.05,7.70978,0.0904215,0.1
3087,Baseline,6,Balanced,0,Low,0,Low,0,9.70097,2215.9,7.70386,0.0902667,0.1
3088,Baseline,6,Balanced,0,Low,0,Low,0,9.7506,2225.73,7.70829,0.0904842,0.1
3089,Baseline,6,Balanced,0,Low,0,Low,0,9.72606,2221.26,7.70628,0.0903892,0.1
3090,Baseline,6,Balanced,0,Low,0,Low,0,9.7384,2223.45,7.70727,0.090558,0.1
3091,Baseline,6,Balanced,0,Low,0,Low,0,9.73199,2223.33,7.70721,0.090177,0.1
3092,Baseline,6,Balanced,0,Low,0,Low,0,9.75079,2226.53,7.70865,0.0904548,0.1
3093,Baseline,6,Balanced,0,Low,0,Low,0,9.74817,2226.79,7.70877,0.0902874,0.1
3094,Baseline,6,Balanced,0,Low,0,Low,0,9.74393,2226.19,7.7085,0.090272,0.1
3095,Baseline,6,Balanced,0,Low,0,Low,0,9.73778,2223.31,7.7072,0.0901447,0.1
3096,Baseline,6,Balanced,0,Low,0,Low,0,9.77787,2233.97,7.71198,0.090504,0.1
3097,Baseline,6,Balanced,0,Low,0,Low,0,9.68472,2213.57,7.70281,0.0900535,0.1
3098,Baseline,6,Balanced,0,Low,0,Low,0,9.73231,2221.63,7.70644,0.0902908,0.1
3099,Baseline,6,Balanced,0,Low,0,Low,0,9.7388,2224.93,7.70793,0.0905353,0.1
3100,Baseline,6,Balanced,0,Low,0,Low,0,9.71909,2218.91,7.70522,0.0901408,0.1
3101,Baseline,6,Balanced,0,Low,0,Low,0,9.72895,2221.06,7.70619,0.0904239,0.1
3102,Baseline,6,Balanced,0,Low,0,Low,0,9.76296,2229.15,7.70982,0.0902749,0.1
3103,Baseline,6,Balanced,0,Low,0,Low,0,9.73361,2222.21,7.70671,0.090449,0.1
3104,Baseline,6,Balanced,0,Low,0,Low,0,9.76148,2229.55,7.71,0.090612,0.1
3105,Baseline,6,Balanced,0,Low,0,Low,0,9.75587,2228.02,7.70932,0.0902257,0.1
3106,Baseline,6,Balanced,0,Low,0,Low,0,9.76233,2229.26,7.70987,0.090719,0.1
3107,Baseline,6,Balanced,0,Low,0,Low,0,9.7632,2230.65,7.7105,0.0904403,0.1
3108,Baseline,6,Balanced,0,Low,0,Low,0,9.73769,2225.56,7.70821,0.0900974,0.1
3109,Baseline,6,Balanced,0,Low,0,Low,0,9.69074,2213.93,7.70298,0.0901707,0.1
3110,Baseline,6,Balanced,0,Low,0,Low,0,9.72469,2221.03,7.70618,0.0901495,0.1
3111,Baseline,6,Balanced,0,Low,0,Low,0,9.74912,2225.98,7.7084,0.0903236,0.1
3112,Baseline,6,Balanced,0,Low,0,Low,0,9.74487,2225.13,7.70802,0.090286,0.1
3113,Baseline,6,Balanced,0,Low,0,Low,0,9.75247,2226.72,7.70874,0.0904606,0.1
3114,Baseline,6,Balanced,0,Low,0,Low,0,9.73233,2222.7,7.70693,0.0903868,0.1
3115,Baseline,6,Balanced,0,Low,0,Low,0,9.72935,2222.17,7.70669,0.090409,0.1
3116,Baseline,6,Balanced,0,Low,0,Low,0,9.70654,2216.35,7.70407,0.0905556,0.1
3117,Baseline,6,Balanced,0,Low,0,Low,0,9.73252,2222.32,7.70676,0.0902845,0.1
3118,Baseline,6,Balanced,0,Low,0,Low,0,9.7368,2223.81,7.70743,0.0904596,0.1
3119,Baseline,6,Balanced,0,Low,0,Low,0,9.76834,2230.69,7.71052,0.0906144,0.1
3120,Baseline,6,Balanced,0,Low,0,Low,0,9.72495,2221.47,7.70637,0.0902763,0.1
3121,Baseline,6,Balanced,0,Low,0,Low,0,9.75118,2226.78,7.70876,0.0903356,0.1
3122,Baseline,6,Balanced,0,Low,0,Low,0,9.7588,2227.98,7.7093,0.0905194,0.1
3123,Baseline,6,Balanced,0,Low,0,Low,0,9.70517,2216.06,7.70394,0.0901244,0.1
3124,Baseline,6,Balanced,0,Low,0,Low,0,9.75533,2227.85,7.70924,0.0903583,0.1
3125,Baseline,6,Balanced,0,Low,0,Low,0,9.74317,2226.15,7.70848,0.0903111,0.1
3126,Baseline,6,Balanced,0,Low,0,Low,0,9.74044,2223.89,7.70746,0.0902083,0.1
3127,Baseline,6,Balanced,0,Low,0,Low,0,9.74734,2225.78,7.70831,0.0905406,0.1
3128,Baseline,6,Balanced,0,Low,0,Low,0,9.73991,2225.1,7.70801,0.0903082,0.1
3129,Baseline,6,Balanced,0,Low,0,Low,0,9.73269,2223.86,7.70745,0.0902445,0.1
3130,Baseline,6,Balanced,0,Low,0,Low,0,9.70228,2215.15,7.70353,0.0901553,0.1
3131,Baseline,6,Balanced,0,Low,0,Low,0,9.73174,2222.35,7.70677,0.0905334,0.1
3132,Baseline,6,Balanced,0,Low,0,Low,0,9.76097,2228.79,7.70966,0.0904133,0.1
3133,Baseline,6,Balanced,0,Low,0,Low,0,9.77596,2232.29,7.71123,0.0905821,0.1
3134,Baseline,6,Balanced,0,Low,0,Low,0,9.79296,2236.78,7.71324,0.0905845,0.1
3135,Baseline,6,Balanced,0,Low,0,Low,0,9.74473,2224.61,7.70779,0.0904519,0.1
3136,Baseline,6,Balanced,0,Low,0,Low,0,9.70181,2217.27,7.70448,0.090055,0.1
3137,Baseline,6,Balanced,0,Low,0,Low,0,9.76152,2228.53,7.70954,0.0904707,0.1
3138,Baseline,6,Balanced,0,Low,0,Low,0,9.7571,2228.23,7.70941,0.0904003,0.1
3139,Baseline,6,Balanced,0,Low,0,Low,0,9.77128,2230.69,7.71051,0.0902869,0.1
3140,Baseline,6,Balanced,0,Low,0,Low,0,9.74189,2225.2,7.70805,0.0902402,0.1
3141,Baseline,6,Balanced,0,Low,0,Low,0,9.77486,2233.31,7.71169,0.0903593,0.1
3142,Baseline,6,Balanced,0,Low,0,Low,0,9.75289,2226.88,7.7088,0.0905898,0.1
3143,Baseline,6,Balanced,0,Low,0,Low,0,9.69534,2215.96,7.70389,0.0901611,0.1
3144,Baseline,6,Balanced,0,Low,0,Low,0,9.70028,2215.21,7.70355,0.0901857,0.1
3145,Baseline,6,Balanced,0,Low,0,Low,0,9.79428,2235.17,7.71252,0.0907243,0.1
3146,Baseline,6,Balanced,0,Low,0,Low,0,9.74606,2226.71,7.70873,0.0902701,0.1
3147,Baseline,6,Balanced,0,Low,0,Low,0,9.75395,2226.71,7.70873,0.0903125,0.1
3148,Baseline,6,Balanced,0,Low,0,Low,0,9.73606,2222.5,7.70684,0.0906645,0.1
3149,Baseline,6,Balanced,0,Low,0,Low,0,9.71065,2217.38,7.70453,0.0902021,0.1
3150,Baseline,6,Balanced,0,Low,0,Low,0,9.77057,2230.51,7.71043,0.0903757,0.1
3151,Baseline,6,Balanced,0,Low,0,Low,0,9.73032,2221.79,7.70652,0.0903781,0.1
3152,Baseline,6,Balanced,0,Low,0,Low,0,9.79036,2234.54,7.71224,0.0904755,0.1
3153,Baseline,6,Balanced,0,Low,0,Low,0,9.71397,2218.83,7.70519,0.0902353,0.1
3154,Baseline,6,Balanced,0,Low,0,Low,0,9.78495,2235.14,7.7125,0.0905204,0.1
3155,Baseline,6,Balanced,0,Low,0,Low,0,9.76501,2229.95,7.71018,0.0904519,0.1
3156,Baseline,6,Balanced,0,Low,0,Low,0,9.74554,2225.75,7.7083,0.0902585,0.1
3157,Baseline,6,Balanced,0,Low,0,Low,0,9.74717,2226.94,7.70883,0.0901823,0.1
3158,Baseline,6,Balanced,0,Low,0,Low,0,9.73225,2222.03,7.70663,0.090366,0.1
3159,Baseline,6,Balanced,0,Low,0,Low,0,9.72767,2222.6,7.70688,0.0902662,0.1
3160,Baseline,6,Balanced,0,Low,0,Low,0,9.70106,2215.84,7.70384,0.0903004,0.1
3161,Baseline,6,Balanced,0,Low,0,Low,0,9.74162,2222.87,7.707,0.0904808,0.1
3162,Baseline,6,Balanced,0,Low,0,Low,0,9.7501,2227.09,7.7089,0.0903255,0.1
3163,Baseline,6,Balanced,0,Low,0,Low,0,9.74629,2227.62,7.70914,0.0904374,0.1
3164,Baseline,6,Balanced,0,Low,0,Low,0,9.73212,2223.42,7.70725,0.0900921,0.1
3165,Baseline,6,Balanced,0,Low,0,Low,0,9.71811,2219.19,7.70535,0.0903019,0.1
3166,Baseline,6,Balanced,0,Low,0,Low,0,9.67006,2210.28,7.70133,0.0901635,0.1
3167,Baseline,6,Balanced,0,Low,0,Low,0,9.71995,2219.8,7.70562,0.090353,0.1
3168,Baseline,6,Balanced,0,Low,0,Low,0,9.73882,2224.59,7.70778,0.0903438,0.1
3169,Baseline,6,Balanced,0,Low,0,Low,0,9.7802,2232.6,7.71137,0.0907571,0.1
3170,Baseline,6,Balanced,0,Low,0,Low,0,9.7192,2220.71,7.70603,0.0899836,0.1
3171,Baseline,6,Balanced,0,Low,0,Low,0,9.74109,2223.96,7.7075,0.0904321,0.1
3172,Baseline,6,Balanced,0,Low,0,Low,0,9.73706,2224.2,7.7076,0.0902247,0.1
3173,Baseline,6,Balanced,0,Low,0,Low,0,9.73541,2223.4,7.70724,0.0902715,0.1
3174,Baseline,6,Balanced,0,Low,0,Low,0,9.76942,2232.44,7.7113,0.0903646,0.1
3175,Baseline,6,Balanced,0,Low,0,Low,0,9.71684,2219.76,7.7056,0.0902797,0.1
3176,Baseline,6,Balanced,0,Low,0,Low,0,9.77678,2232.19,7.71119,0.0906134,0.1
3177,Baseline,6,Balanced,0,Low,0,Low,0,9.73157,2222.65,7.7069,0.0903207,0.1
3178,Baseline,6,Balanced,0,Low,0,Low,0,9.76147,2228.76,7.70965,0.0902127,0.1
3179,Baseline,6,Balanced,0,Low,0,Low,0,9.75589,2228.76,7.70965,0.0905276,0.1
3180,Baseline,6,Balanced,0,Low,0,Low,0,9.70184,2214.38,7.70318,0.0902768,0.1
3181,Baseline,6,Balanced,0,Low,0,Low,0,9.72361,2220.74,7.70605,0.0902025,0.1
3182,Baseline,6,Balanced,0,Low,0,Low,0,9.75112,2226.48,7.70863,0.0905748,0.1
3183,Baseline,6,Balanced,0,Low,0,Low,0,9.79461,2236.71,7.71321,0.0905763,0.1
3184,Baseline,6,Balanced,0,Low,0,Low,0,9.73739,2223.59,7.70733,0.0903969,0.1
3185,Baseline,6,Balanced,0,Low,0,Low,0,9.7845,2234.79,7.71235,0.09038,0.1
3186,Baseline,6,Balanced,0,Low,0,Low,0,9.75166,2228.08,7.70935,0.0903583,0.1
3187,Baseline,6,Balanced,0,Low,0,Low,0,9.72902,2222.17,7.70669,0.0903376,0.1
3188,Baseline,6,Balanced,0,Low,0,Low,0,9.71816,2219.03,7.70528,0.0904895,0.1
3189,Baseline,6,Balanced,0,Low,0,Low,0,9.78583,2234.61,7.71227,0.0903067,0.1
3190,Baseline,6,Balanced,0,Low,0,Low,0,9.69523,2214.88,7.7034,0.0901452,0.1
3191,Baseline,6,Balanced,0,Low,0,Low,0,9.76312,2228.81,7.70967,0.0904866,0.1
3192,Baseline,6,Balanced,0,Low,0,Low,0,9.77873,2233.74,7.71188,0.0904205,0.1
3193,Baseline,6,Balanced,0,Low,0,Low,0,9.72323,2220.62,7.70599,0.0902609,0.1
3194,Baseline,6,Balanced,0,Low,0,Low,0,9.70679,2216.29,7.70404,0.0903371,0.1
3195,Baseline,6,Balanced,0,Low,0,Low,0,9.73733,2222.92,7.70703,0.0901987,0.1
3196,Baseline,6,Balanced,0,Low,0,Low,0,9.70796,2217.31,7.7045,0.090366,0.1
3197,Baseline,6,Balanced,0,Low,0,Low,0,9.75417,2227.56,7.70911,0.0904606,0.1
3198,Baseline,6,Balanced,0,Low,0,Low,0,9.69961,2214.55,7.70326,0.0903,0.1
3199,Baseline,6,Balanced,0,Low,0,Low,0,9.73202,2223.78,7.70741,0.0904191,0.1
3200,Baseline,6,Balanced,0,Low,0,Low,0,9.7392,2225.09,7.708,0.0903144,0.1
3201,Baseline,6,Balanced,0,Low,0,Low,0,9.74627,2226.93,7.70883,0.0904803,0.1
3202,Baseline,6,Balanced,0,Low,0,Low,0,9.71755,2220.06,7.70574,0.0902025,0.1
3203,Baseline,6,Balanced,0,Low,0,Low,0,9.77322,2231.8,7.71101,0.0907104,0.1
3204,Baseline,6,Balanced,0,Low,0,Low,0,9.73046,2221.69,7.70647,0.0903183,0.1
3205,Baseline,6,Balanced,0,Low,0,Low,0,9.76377,2230.14,7.71027,0.090448,0.1
3206,Baseline,6,Balanced,0,Low,0,Low,0,9.74268,2224.01,7.70752,0.0903651,0.1
3207,Baseline,6,Balanced,0,Low,0,Low,0,9.76108,2230.23,7.71031,0.090271,0.1
3208,Baseline,6,Balanced,0,Low,0,Low,0,9.77865,2232.28,7.71123,0.0906221,0.1
3209,Baseline,6,Balanced,0,Low,0,Low,0,9.72813,2221.52,7.7064,0.0902243,0.1
3210,Baseline,6,Balanced,0,Low,0,Low,0,9.75584,2228.78,7.70966,0.0902908,0.1
3211,Baseline,6,Balanced,0,Low,0,Low,0,9.73546,2222.65,7.70691,0.0904538,0.1
3212,Baseline,6,Balanced,0,Low,0,Low,0,9.71104,2217.1,7.70441,0.0902368,0.1
3213,Baseline,6,Balanced,0,Low,0,Low,0,9.71703,2220.3,7.70585,0.0902387,0.1
3214,Baseline,6,Balanced,0,Low,0,Low,0,9.70786,2218.01,7.70482,0.0904085,0.1
3215,Baseline,6,Balanced,0,Low,0,Low,0,9.72274,2220.89,7.70611,0.0903217,0.1
3216,Baseline,6,Balanced,0,Low,0,Low,0,9.76704,2230.76,7.71055,0.0905204,0.1
3217,Baseline,6,Balanced,0,Low,0,Low,0,9.74058,2225.28,7.70809,0.0903347,0.1
3218,Baseline,6,Balanced,0,Low,0,Low,0,9.74361,2225.38,7.70813,0.0903636,0.1
3219,Baseline,6,Balanced,0,Low,0,Low,0,9.76141,2230.58,7.71047,0.0901717,0.1
3220,Baseline,6,Balanced,0,Low,0,Low,0,9.78013,2232.63,7.71138,0.0904384,0.1
3221,Baseline,6,Balanced,0,Low,0,Low,0,9.77439,2232.56,7.71135,0.0904446,0.1
3222,Baseline,6,Balanced,0,Low,0,Low,0,9.71926,2220.44,7.70591,0.0903086,0.1
3223,Baseline,6,Balanced,0,Low,0,Low,0,9.76662,2230.19,7.71029,0.0903651,0.1
3224,Baseline,6,Balanced,0,Low,0,Low,0,9.77806,2231.9,7.71106,0.090748,0.1
3225,Baseline,6,Balanced,0,Low,0,Low,0,9.7137,2219.34,7.70542,0.090028,0.1
3226,Baseline,6,Balanced,0,Low,0,Low,0,9.73846,2223.96,7.70749,0.0903704,0.1
3227,Baseline,6,Balanced,0,Low,0,Low,0,9.75595,2227.59,7.70912,0.0904234,0.1
3228,Baseline,6,Balanced,0,Low,0,Low,0,9.73565,2223.45,7.70726,0.0904128,0.1
3229,Baseline,6,Balanced,0,Low,0,Low,0,9.75908,2227.71,7.70918,0.0903839,0.1
3230,Baseline,6,Balanced,0,Low,0,Low,0,9.75902,2227.51,7.70909,0.0905551,0.1
3231,Baseline,6,Balanced,0,Low,0,Low,0,9.74882,2227.14,7.70892,0.0903694,0.1
3232,Baseline,6,Balanced,0,Low,0,Low,0,9.76519,2229.68,7.71006,0.0903511,0.1
3233,Baseline,6,Balanced,0,Low,0,Low,0,9.7033,2216.37,7.70408,0.0900579,0.1
3234,Baseline,6,Balanced,0,Low,0,Low,0,9.70829,2216.06,7.70394,0.0903207,0.1
3235,Baseline,6,Balanced,0,Low,0,Low,0,9.71812,2219.73,7.70559,0.0901905,0.1
3236,Baseline,6,Balanced,0,Low,0,Low,0,9.72163,2221,7.70616,0.0902079,0.1
3237,Baseline,6,Balanced,0,Low,0,Low,0,9.70907,2217.24,7.70447,0.0903482,0.1
3238,Baseline,6,Balanced,0,Low,0,Low,0,9.72689,2220.63,7.706,0.090381,0.1
3239,Baseline,6,Balanced,0,Low,0,Low,0,9.73675,2225.26,7.70808,0.0902696,0.1
3240,Baseline,6,Balanced,0,Low,0,Low,0,9.72364,2223.11,7.70711,0.090354,0.1
3241,Baseline,6,Balanced,0,Low,0,Low,0,9.73849,2223.24,7.70717,0.0906047,0.1
3242,Baseline,6,Balanced,0,Low,0,Low,0,9.74791,2226.66,7.7087,0.0904552,0.1
3243,Baseline,6,Balanced,0,Low,0,Low,0,9.70781,2218.15,7.70488,0.09019,0.1
3244,Baseline,6,Balanced,0,Low,0,Low,0,9.7545,2227.22,7.70896,0.0904085,0.1
3245,Baseline,6,Balanced,0,Low,0,Low,0,9.72744,2221.99,7.70661,0.0901109,0.1
3246,Baseline,6,Balanced,0,Low,0,Low,0,9.76732,2230.44,7.7104,0.0905006,0.1
3247,Baseline,6,Balanced,0,Low,0,Low,0,9.72139,2221.49,7.70639,0.0904162,0.1
3248,Baseline,6,Balanced,0,Low,0,Low,0,9.69342,2213.12,7.70261,0.0903125,0.1
3249,Baseline,6,Balanced,0,Low,0,Low,0,9.69594,2216.29,7.70404,0.090014,0.1
3250,Baseline,6,Balanced,0,Low,0,Low,0,9.72945,2222.17,7.70669,0.0903067,0.1
3251,Baseline,6,Balanced,0,Low,0,Low,0,9.74946,2226.16,7.70848,0.0901606,0.1
3252,Baseline,6,Balanced,0,Low,0,Low,0,9.7386,2223.79,7.70742,0.0904499,0.1
3253,Baseline,6,Balanced,0,Low,0,Low,0,9.7378,2223.87,7.70745,0.0903863,0.1
3254,Baseline,6,Balanced,0,Low,0,Low,0,9.72925,2221.34,7.70632,0.0903959,0.1
3255,Baseline,6,Balanced,0,Low,0,Low,0,9.74283,2223.54,7.7073,0.0905097,0.1
3256,Baseline,6,Balanced,0,Low,0,Low,0,9.74899,2227.16,7.70893,0.0902768,0.1
3257,Baseline,6,Balanced,0,Low,0,Low,0,9.7272,2222.39,7.70679,0.0902758,0.1
3258,Baseline,6,Balanced,0,Low,0,Low,0,9.74368,2224.85,7.70789,0.0904393,0.1
3259,Baseline,6,Balanced,0,Low,0,Low,0,9.71777,2220.68,7.70602,0.0903356,0.1
3260,Baseline,6,Balanced,0,Low,0,Low,0,9.74263,2224.72,7.70784,0.0903651,0.1
3261,Baseline,6,Balanced,0,Low,0,Low,0,9.73224,2222.82,7.70698,0.0902956,0.1
3262,Baseline,6,Balanced,0,Low,0,Low,0,9.72276,2219.78,7.70561,0.0902421,0.1
3263,Baseline,6,Balanced,0,Low,0,Low,0,9.75706,2228.19,7.7094,0.0904094,0.1
3264,Baseline,6,Balanced,0,Low,0,Low,0,9.70968,2216.19,7.70399,0.0902705,0.1
3265,Baseline,6,Balanced,0,Low,0,Low,0,9.77199,2232.24,7.71121,0.0905994,0.1
3266,Baseline,6,Balanced,0,Low,0,Low,0,9.74249,2225.41,7.70815,0.0903728,0.1
3267,Baseline,6,Balanced,0,Low,0,Low,0,9.72102,2220.78,7.70606,0.0900993,0.1
3268,Baseline,6,Balanced,0,Low,0,Low,0,9.77299,2232.02,7.71111,0.0905908,0.1
3269,Baseline,6,Balanced,0,Low,0,Low,0,9.75973,2230.59,7.71047,0.0905271,0.1
3270,Baseline,6,Balanced,0,Low,0,Low,0,9.77596,2232.21,7.71119,0.0905281,0.1
3271,Baseline,6,Balanced,0,Low,0,Low,0,9.699,2214.81,7.70337,0.0901408,0.1
3272,Baseline,6,Balanced,0,Low,0,Low,0,9.72394,2221.2,7.70625,0.0901577,0.1
3273,Baseline,6,Balanced,0,Low,0,Low,0,9.72136,2221.12,7.70622,0.0901567,0.1
3274,Baseline,6,Balanced,0,Low,0,Low,0,9.74994,2225.2,7.70805,0.0906303,0.1
3275,Baseline,6,Balanced,0,Low,0,Low,0,9.75464,2227.78,7.70921,0.0903815,0.1
3276,Baseline,6,Balanced,0,Low,0,Low,0,9.77164,2229.64,7.71004,0.0904282,0.1
3277,Baseline,6,Balanced,0,Low,0,Low,0,9.76894,2231.26,7.71077,0.090557,0.1
3278,Baseline,6,Balanced,0,Low,0,Low,0,9.73273,2222.05,7.70664,0.0901177,0.1
3279,Baseline,6,Balanced,0,Low,0,Low,0,9.77368,2230.59,7.71047,0.0903482,0.1
3280,Baseline,6,Balanced,0,Low,0,Low,0,9.70877,2216.58,7.70417,0.0902763,0.1
3281,Baseline,6,Balanced,0,Low,0,Low,0,9.73349,2223.31,7.7072,0.0903834,0.1
3282,Baseline,6,Balanced,0,Low,0,Low,0,9.75063,2229.14,7.70982,0.0902281,0.1
3283,Baseline,6,Balanced,0,Low,0,Low,0,9.76234,2228.89,7.70971,0.090327,0.1
3284,Baseline,6,Balanced,0,Low,0,Low,0,9.77553,2232.11,7.71115,0.0905758,0.1
3285,Baseline,6,Balanced,0,Low,0,Low,0,9.75087,2226.53,7.70865,0.090597,0.1
3286,Baseline,6,Balanced,0,Low,0,Low,0,9.74127,2224.57,7.70777,0.0900969,0.1
3287,Baseline,6,Balanced,0,Low,0,Low,0,9.73835,2221.71,7.70648,0.0903183,0.1
3288,Baseline,6,Balanced,0,Low,0,Low,0,9.72867,2222.76,7.70695,0.0902672,0.1
3289,Baseline,6,Balanced,0,Low,0,Low,0,9.71845,2218.45,7.70502,0.0903791,0.1
3290,Baseline,6,Balanced,0,Low,0,Low,0,9.71936,2219.56,7.70551,0.0902918,0.1
3291,Baseline,6,Balanced,0,Low,0,Low,0,9.74329,2225.47,7.70817,0.0902662,0.1
3292,Baseline,6,Balanced,0,Low,0,Low,0,9.76794,2231.06,7.71068,0.0904036,0.1
3293,Baseline,6,Balanced,0,Low,0,Low,0,9.73022,2221.24,7.70627,0.0903665,0.1
3294,Baseline,6,Balanced,0,Low,0,Low,0,9.71414,2219.21,7.70536,0.0899904,0.1
3295,Baseline,6,Balanced,0,Low,0,Low,0,9.75542,2227.55,7.7091,0.0906105,0.1
3296,Baseline,6,Balanced,0,Low,0,Low,0,9.77079,2231.15,7.71072,0.0904094,0.1
3297,Baseline,6,Balanced,0,Low,0,Low,0,9.79238,2237.48,7.71355,0.090461,0.1
3298,Baseline,6,Balanced,0,Low,0,Low,0,9.70519,2217.37,7.70453,0.0901071,0.1
3299,Baseline,6,Balanced,0,Low,0,Low,0,9.69588,2215.03,7.70347,0.0901505,0.1
3300,Baseline,6,Balanced,0,Low,0,Low,0,9.67801,2211.03,7.70166,0.0900844,0.1
3301,Baseline,6,Balanced,0,Low,0,Low,0,9.70599,2217.68,7.70467,0.0901399,0.1
3302,Baseline,6,Balanced,0,Low,0,Low,0,9.76667,2228.67,7.70961,0.0906448,0.1
3303,Baseline,6,Balanced,0,Low,0,Low,0,9.74541,2225.6,7.70823,0.0904244,0.1
3304,Baseline,6,Balanced,0,Low,0,Low,0,9.75948,2227.5,7.70908,0.0904152,0.1
3305,Baseline,6,Balanced,0,Low,0,Low,0,9.77638,2232.64,7.71139,0.0904099,0.1
3306,Baseline,6,Balanced,0,Low,0,Low,0,9.72027,2220.34,7.70586,0.090286,0.1
3307,Baseline,6,Balanced,0,Low,0,Low,0,9.7463,2225.47,7.70817,0.0903795,0.1
3308,Baseline,6,Balanced,0,Low,0,Low,0,9.76872,2230.46,7.71041,0.0905469,0.1
3309,Baseline,6,Balanced,0,Low,0,Low,0,9.74773,2226.11,7.70846,0.0903236,0.1
3310,Baseline,6,Balanced,0,Low,0,Low,0,9.71017,2216.06,7.70394,0.0903221,0.1
3311,Baseline,6,Balanced,0,Low,0,Low,0,9.75608,2228.58,7.70957,0.090408,0.1
3312,Baseline,6,Balanced,0,Low,0,Low,0,9.72455,2221.53,7.7064,0.0901225,0.1
3313,Baseline,6,Balanced,0,Low,0,Low,0,9.76487,2230.31,7.71035,0.0906187,0.1
3314,Baseline,6,Balanced,0,Low,0,Low,0,9.75435,2227.48,7.70908,0.0903048,0.1
3315,Baseline,6,Balanced,0,Low,0,Low,0,9.76929,2230.88,7.7106,0.0904249,0.1
3316,Baseline,6,Balanced,0,Low,0,Low,0,9.72961,2221.83,7.70654,0.0902459,0.1
3317,Baseline,6,Balanced,0,Low,0,Low,0,9.71401,2219.17,7.70534,0.0900965,0.1
3318,Baseline,6,Balanced,0,Low,0,Low,0,9.71042,2218.31,7.70495,0.0899836,0.1
3319,Baseline,6,Balanced,0,Low,0,Low,0,9.77864,2232.59,7.71137,0.0905922,0.1
3320,Baseline,6,Balanced,0,Low,0,Low,0,9.76202,2229.07,7.70979,0.0904022,0.1
3321,Baseline,6,Balanced,0,Low,0,Low,0,9.72769,2220.76,7.70606,0.0906067,0.1
3322,Baseline,6,Balanced,0,Low,0,Low,0,9.76782,2231.1,7.7107,0.0904871,0.1
3323,Baseline,6,Balanced,0,Low,0,Low,0,9.71205,2216.83,7.70429,0.0902223,0.1
3324,Baseline,6,Balanced,0,Low,0,Low,0,9.74788,2227.11,7.70891,0.0902324,0.1
3325,Baseline,6,Balanced,0,Low,0,Low,0,9.7674,2228.92,7.70972,0.0905155,0.1
3326,Baseline,6,Balanced,0,Low,0,Low,0,9.75147,2225.81,7.70833,0.0904977,0.1
3327,Baseline,6,Balanced,0,Low,0,Low,0,9.76607,2229.58,7.71002,0.0906115,0.1
3328,Baseline,6,Balanced,0,Low,0,Low,0,9.73622,2222.96,7.70705,0.0904451,0.1
3329,Baseline,6,Balanced,0,Low,0,Low,0,9.69917,2215.2,7.70355,0.0901283,0.1
3330,Baseline,6,Balanced,0,Low,0,Low,0,9.80805,2237.6,7.7136,0.0907861,0.1
3331,Baseline,6,Balanced,0,Low,0,Low,0,9.74946,2228.28,7.70943,0.0901958,0.1
3332,Baseline,6,Balanced,0,Low,0,Low,0,9.72818,2221.75,7.7065,0.0904157,0.1
3333,Baseline,6,Balanced,0,Low,0,Low,0,9.72505,2220.95,7.70614,0.0903019,0.1
3334,Baseline,6,Balanced,0,Low,0,Low,0,9.71453,2219.76,7.7056,0.0902643,0.1
3335,Baseline,6,Balanced,0,Low,0,Low,0,9.70351,2216.17,7.70399,0.0901659,0.1
3336,Baseline,6,Balanced,0,Low,0,Low,0,9.75752,2227.04,7.70888,0.0904268,0.1
3337,Baseline,6,Balanced,0,Low,0,Low,0,9.72133,2219.28,7.70539,0.0902773,0.1
3338,Baseline,6,Balanced,0,Low,0,Low,0,9.73821,2224.31,7.70765,0.090626,0.1
3339,Baseline,6,Balanced,0,Low,0,Low,0,9.71942,2221.48,7.70638,0.090394,0.1
3340,Baseline,6,Balanced,0,Low,0,Low,0,9.78584,2236.33,7.71304,0.090625,0.1
3341,Baseline,6,Balanced,0,Low,0,Low,0,9.79945,2237.04,7.71336,0.0906264,0.1
3342,Baseline,6,Balanced,0,Low,0,Low,0,9.72519,2220.85,7.70609,0.0902778,0.1
3343,Baseline,6,Balanced,0,Low,0,Low,0,9.71293,2217.79,7.70472,0.0902064,0.1
3344,Baseline,6,Balanced,0,Low,0,Low,0,9.75406,2227.38,7.70903,0.0904895,0.1
3345,Baseline,6,Balanced,0,Low,0,Low,0,9.71709,2219.05,7.70528,0.0903101,0.1
3346,Baseline,6,Balanced,0,Low,0,Low,0,9.77371,2232.48,7.71132,0.090449,0.1
3347,Baseline,6,Balanced,0,Low,0,Low,0,9.71727,2219.91,7.70567,0.0902493,0.1
3348,Baseline,6,Balanced,0,Low,0,Low,0,9.7619,2228.14,7.70937,0.0905237,0.1
3349,Baseline,6,Balanced,0,Low,0,Low,0,9.70882,2218.2,7.7049,0.0901775,0.1
3350,Baseline,6,Balanced,0,Low,0,Low,0,9.72412,2219.17,7.70534,0.0905802,0.1
3351,Baseline,6,Balanced,0,Low,0,Low,0,9.79249,2236.48,7.71311,0.0907595,0.1
3352,Baseline,6,Balanced,0,Low,0,Low,0,9.70612,2216,7.70391,0.0901982,0.1
3353,Baseline,6,Balanced,0,Low,0,Low,0,9.70516,2217.47,7.70457,0.0902368,0.1
3354,Baseline,6,Balanced,0,Low,0,Low,0,9.69558,2213.76,7.7029,0.0901726,0.1
3355,Baseline,6,Balanced,0,Low,0,Low,0,9.71802,2219.83,7.70564,0.0901379,0.1
3356,Baseline,6,Balanced,0,Low,0,Low,0,9.76156,2230.34,7.71036,0.0903448,0.1
3357,Baseline,6,Balanced,0,Low,0,Low,0,9.76186,2229.06,7.70978,0.0905421,0.1
3358,Baseline,6,Balanced,0,Low,0,Low,0,9.71716,2219.77,7.70561,0.0901524,0.1
3359,Baseline,6,Balanced,0,Low,0,Low,0,9.76793,2230.9,7.71061,0.0906742,0.1
3360,Baseline,6,Balanced,0,Low,0,Low,0,9.7371,2223.77,7.70741,0.0903366,0.1
3361,Baseline,6,Balanced,0,Low,0,Low,0,9.78336,2232.99,7.71154,0.0905285,0.1
3362,Baseline,6,Balanced,0,Low,0,Low,0,9.70013,2216.19,7.70399,0.0902768,0.1
3363,Baseline,6,Balanced,0,Low,0,Low,0,9.79035,2236.18,7.71297,0.0907094,0.1
3364,Baseline,6,Balanced,0,Low,0,Low,0,9.78177,2233.42,7.71174,0.0905025,0.1
3365,Baseline,6,Balanced,0,Low,0,Low,0,9.7469,2224.53,7.70775,0.0904524,0.1
3366,Baseline,6,Balanced,0,Low,0,Low,0,9.71947,2219.81,7.70563,0.090352,0.1
3367,Baseline,6,Balanced,0,Low,0,Low,0,9.74043,2225.07,7.70799,0.0902464,0.1
3368,Baseline,6,Balanced,0,Low,0,Low,0,9.74133,2223.75,7.7074,0.0901871,0.1
3369,Baseline,6,Balanced,0,Low,0,Low,0,9.73036,2222.14,7.70667,0.0903347,0.1
3370,Baseline,6,Balanced,0,Low,0,Low,0,9.73628,2224.48,7.70773,0.0904716,0.1
3371,Baseline,6,Balanced,0,Low,0,Low,0,9.7629,2229.01,7.70976,0.090708,0.1
3372,Baseline,6,Balanced,0,Low,0,Low,0,9.7317,2222.42,7.7068,0.0902243,0.1
3373,Baseline,6,Balanced,0,Low,0,Low,0,9.74753,2226.67,7.70871,0.0902662,0.1
3374,Baseline,6,Balanced,0,Low,0,Low,0,9.70894,2217.54,7.7046,0.0902025,0.1
3375,Baseline,6,Balanced,0,Low,0,Low,0,9.77055,2231.55,7.7109,0.0904885,0.1
3376,Baseline,6,Balanced,0,Low,0,Low,0,9.76448,2229.32,7.7099,0.0904499,0.1
3377,Baseline,6,Balanced,0,Low,0,Low,0,9.74874,2226.55,7.70866,0.0904413,0.1
3378,Baseline,6,Balanced,0,Low,0,Low,0,9.75114,2226.58,7.70867,0.0901649,0.1
3379,Baseline,6,Balanced,0,Low,0,Low,0,9.68788,2213.15,7.70263,0.0901037,0.1
3380,Baseline,6,Balanced,0,Low,0,Low,0,9.74028,2223.47,7.70728,0.0903983,0.1
3381,Baseline,6,Balanced,0,Low,0,Low,0,9.70423,2216.05,7.70393,0.0903443,0.1
3382,Baseline,6,Balanced,0,Low,0,Low,0,9.73113,2223.12,7.70712,0.0905189,0.1
3383,Baseline,6,Balanced,0,Low,0,Low,0,9.73364,2223.62,7.70734,0.0902797,0.1
3384,Baseline,6,Balanced,0,Low,0,Low,0,9.7321,2223.15,7.70713,0.090367,0.1
3385,Baseline,6,Balanced,0,Low,0,Low,0,9.68944,2212.22,7.7022,0.0903395,0.1
3386,Baseline,6,Balanced,0,Low,0,Low,0,9.71141,2218.13,7.70487,0.0902595,0.1
3387,Baseline,6,Balanced,0,Low,0,Low,0,9.74191,2225.04,7.70798,0.0901915,0.1
3388,Baseline,6,Balanced,0,Low,0,Low,0,9.7352,2223,7.70706,0.0902479,0.1
3389,Baseline,6,Balanced,0,Low,0,Low,0,9.76685,2229.04,7.70978,0.0903791,0.1
3390,Baseline,6,Balanced,0,Low,0,Low,0,9.7569,2228.67,7.70961,0.0903009,0.1
3391,Baseline,6,Balanced,0,Low,0,Low,0,9.73253,2222.97,7.70705,0.0904384,0.1
3392,Baseline,6,Balanced,0,Low,0,Low,0,9.73383,2223.02,7.70707,0.0901427,0.1
3393,Baseline,6,Balanced,0,Low,0,Low,0,9.75609,2228.12,7.70936,0.0905903,0.1
3394,Baseline,6,Balanced,0,Low,0,Low,0,9.75623,2226.69,7.70872,0.0905604,0.1
3395,Baseline,6,Balanced,0,Low,0,Low,0,9.73062,2223.73,7.70739,0.0901799,0.1
3396,Baseline,6,Balanced,0,Low,0,Low,0,9.74452,2224.35,7.70767,0.090448,0.1
3397,Baseline,6,Balanced,0,Low,0,Low,0,9.75445,2227.75,7.7092,0.0902821,0.1
3398,Baseline,6,Balanced,0,Low,0,Low,0,9.72076,2220.6,7.70598,0.0899614,0.1
3399,Baseline,6,Balanced,0,Low,0,Low,0,9.72012,2219.87,7.70565,0.0902918,0.1
3400,Baseline,6,Balanced,0,Low,0,Low,0,9.76505,2229.94,7.71018,0.0903781,0.1
3401,Baseline,6,Balanced,0,Low,0,Low,0,9.70744,2217.28,7.70449,0.0904065,0.1
3402,Baseline,6,Balanced,0,Low,0,Low,0,9.73946,2223.5,7.70729,0.0906834,0.1
3403,Baseline,6,Balanced,0,Low,0,Low,0,9.7175,2218.68,7.70512,0.0903482,0.1
3404,Baseline,6,Balanced,0,Low,0,Low,0,9.72443,2221.81,7.70653,0.0903458,0.1
3405,Baseline,6,Balanced,0,Low,0,Low,0,9.76045,2228.8,7.70967,0.0903636,0.1
3406,Baseline,6,Balanced,0,Low,0,Low,0,9.73947,2224.18,7.70759,0.0902016,0.1
3407,Baseline,6,Balanced,0,Low,0,Low,0,9.69847,2214.27,7.70313,0.090272,0.1
3408,Baseline,6,Balanced,0,Low,0,Low,0,9.76679,2230.21,7.7103,0.0906091,0.1
3409,Baseline,6,Balanced,0,Low,0,Low,0,9.71456,2218.39,7.70499,0.0904519,0.1
3410,Baseline,6,Balanced,0,Low,0,Low,0,9.71916,2219.3,7.7054,0.0903217,0.1
3411,Baseline,6,Balanced,0,Low,0,Low,0,9.76911,2231.29,7.71078,0.0906284,0.1
3412,Baseline,6,Balanced,0,Low,0,Low,0,9.76859,2229.18,7.70984,0.0904162,0.1
3413,Baseline,6,Balanced,0,Low,0,Low,0,9.74989,2228.1,7.70935,0.0899952,0.1
3414,Baseline,6,Balanced,0,Low,0,Low,0,9.72057,2221.42,7.70635,0.0900714,0.1
3415,Baseline,6,Balanced,0,Low,0,Low,0,9.76348,2227.95,7.70928,0.0903901,0.1
3416,Baseline,6,Balanced,0,Low,0,Low,0,9.75679,2227.96,7.70929,0.0903983,0.1
3417,Baseline,6,Balanced,0,Low,0,Low,0,9.7331,2223.43,7.70726,0.0901249,0.1
3418,Baseline,6,Balanced,0,Low,0,Low,0,9.78622,2234.94,7.71242,0.0905252,0.1
3419,Baseline,6,Balanced,0,Low,0,Low,0,9.72805,2220.9,7.70612,0.0903057,0.1
3420,Baseline,6,Balanced,0,Low,0,Low,0,9.72461,2221.45,7.70637,0.0904128,0.1
3421,Baseline,6,Balanced,0,Low,0,Low,0,9.78163,2232.87,7.71149,0.0903651,0.1
3422,Baseline,6,Balanced,0,Low,0,Low,0,9.78722,2235.09,7.71248,0.0907422,0.1
3423,Baseline,6,Balanced,0,Low,0,Low,0,9.75393,2227.56,7.70911,0.0903897,0.1
3424,Baseline,6,Balanced,0,Low,0,Low,0,9.72529,2220.88,7.70611,0.0902117,0.1
3425,Baseline,6,Balanced,0,Low,0,Low,0,9.75164,2225.16,7.70803,0.0903935,0.1
3426,Baseline,6,Balanced,0,Low,0,Low,0,9.76275,2228.58,7.70957,0.0904393,0.1
3427,Baseline,6,Balanced,0,Low,0,Low,0,9.77319,2231.84,7.71103,0.0905522,0.1
3428,Baseline,6,Balanced,0,Low,0,Low,0,9.7729,2231.65,7.71095,0.0906226,0.1
3429,Baseline,6,Balanced,0,Low,0,Low,0,9.74138,2224.97,7.70795,0.0902778,0.1
3430,Baseline,6,Balanced,0,Low,0,Low,0,9.716,2219.18,7.70534,0.090421,0.1
3431,Baseline,6,Balanced,0,Low,0,Low,0,9.69856,2214.73,7.70334,0.0901881,0.1
3432,Baseline,6,Balanced,0,Low,0,Low,0,9.69342,2214.89,7.70341,0.0899952,0.1
3433,Baseline,6,Balanced,0,Low,0,Low,0,9.74903,2227.11,7.70891,0.0903043,0.1
3434,Baseline,6,Balanced,0,Low,0,Low,0,9.70261,2215.54,7.7037,0.0900767,0.1
3435,Baseline,6,Balanced,0,Low,0,Low,0,9.75023,2225.36,7.70812,0.0904475,0.1
3436,Baseline,6,Balanced,0,Low,0,Low,0,9.75353,2226.61,7.70869,0.0905319,0.1
3437,Baseline,6,Balanced,0,Low,0,Low,0,9.7632,2229.63,7.71004,0.0903863,0.1
3438,Baseline,6,Balanced,0,Low,0,Low,0,9.7409,2222.99,7.70706,0.090367,0.1
3439,Baseline,6,Balanced,0,Low,0,Low,0,9.78979,2234.89,7.7124,0.0905932,0.1
3440,Baseline,6,Balanced,0,Low,0,Low,0,9.71442,2217.63,7.70465,0.0903926,0.1
3441,Baseline,6,Balanced,0,Low,0,Low,0,9.69101,2213.35,7.70272,0.0902146,0.1
3442,Baseline,6,Balanced,0,Low,0,Low,0,9.73736,2223.28,7.70719,0.0906515,0.1
3443,Baseline,6,Balanced,0,Low,0,Low,0,9.75737,2227.51,7.70909,0.0903294,0.1
3444,Baseline,6,Balanced,0,Low,0,Low,0,9.72746,2220,7.70571,0.0903545,0.1
3445,Baseline,6,Balanced,0,Low,0,Low,0,9.74422,2226.27,7.70853,0.0902975,0.1
3446,Baseline,6,Balanced,0,Low,0,Low,0,9.75079,2227.34,7.70901,0.0904596,0.1
3447,Baseline,6,Balanced,0,Low,0,Low,0,9.73793,2222.94,7.70703,0.0903607,0.1
3448,Baseline,6,Balanced,0,Low,0,Low,0,9.77559,2231.63,7.71094,0.0906356,0.1
3449,Baseline,6,Balanced,0,Low,0,Low,0,9.74665,2225.76,7.7083,0.0902426,0.1
3450,Baseline,6,Balanced,0,Low,0,Low,0,9.73505,2223.63,7.70735,0.0904408,0.1
3451,Baseline,6,Balanced,0,Low,0,Low,0,9.74962,2224.84,7.70789,0.0905575,0.1
3452,Baseline,6,Balanced,0,Low,0,Low,0,9.74245,2225.25,7.70807,0.0904929,0.1
3453,Baseline,6,Balanced,0,Low,0,Low,0,9.75603,2228.38,7.70948,0.0906351,0.1
3454,Baseline,6,Balanced,0,Low,0,Low,0,9.74464,2226.05,7.70843,0.0903125,0.1
3455,Baseline,6,Balanced,0,Low,0,Low,0,9.72877,2221.37,7.70633,0.0902132,0.1
3456,Baseline,6,Balanced,0,Low,0,Low,0,9.68374,2209.76,7.70109,0.0900883,0.1
3457,Baseline,6,Balanced,0,Low,0,Low,0,9.72868,2222.29,7.70674,0.090313,0.1
3458,Baseline,6,Balanced,0,Low,0,Low,0,9.74382,2225.94,7.70838,0.0902918,0.1
3459,Baseline,6,Balanced,0,Low,0,Low,0,9.704,2214.97,7.70345,0.0903844,0.1
3460,Baseline,6,Balanced,0,Low,0,Low,0,9.78707,2234.16,7.71207,0.0906346,0.1
3461,Baseline,6,Balanced,0,Low,0,Low,0,9.75939,2229.24,7.70986,0.0904784,0.1
3462,Baseline,6,Balanced,0,Low,0,Low,0,9.78357,2232.39,7.71128,0.0906887,0.1
3463,Baseline,6,Balanced,0,Low,0,Low,0,9.7393,2223.57,7.70732,0.0905131,0.1
3464,Baseline,6,Balanced,0,Low,0,Low,0,9.71718,2219.83,7.70563,0.0902942,0.1
3465,Baseline,6,Balanced,0,Low,0,Low,0,9.69326,2212.38,7.70228,0.0901813,0.1
3466,Baseline,6,Balanced,0,Low,0,Low,0,9.72878,2220.83,7.70609,0.0904543,0.1
3467,Baseline,6,Balanced,0,Low,0,Low,0,9.78059,2234.36,7.71216,0.0905088,0.1
3468,Baseline,6,Balanced,0,Low,0,Low,0,9.70652,2216.42,7.7041,0.0902455,0.1
3469,Baseline,6,Balanced,0,Low,0,Low,0,9.7158,2219.28,7.70539,0.0903791,0.1
3470,Baseline,6,Balanced,0,Low,0,Low,0,9.75819,2229.38,7.70993,0.0906163,0.1
3471,Baseline,6,Balanced,0,Low,0,Low,0,9.74768,2226.04,7.70843,0.090216,0.1
3472,Baseline,6,Balanced,0,Low,0,Low,0,9.6814,2211.44,7.70185,0.0898336,0.1
3473,Baseline,6,Balanced,0,Low,0,Low,0,9.71089,2217.58,7.70462,0.0902204,0.1
3474,Baseline,6,Balanced,0,Low,0,Low,0,9.72543,2221.12,7.70622,0.0903496,0.1
3475,Baseline,6,Balanced,0,Low,0,Low,0,9.76137,2229.16,7.70983,0.0903429,0.1
3476,Baseline,6,Balanced,0,Low,0,Low,0,9.77495,2233.44,7.71174,0.0903959,0.1
3477,Baseline,6,Balanced,0,Low,0,Low,0,9.78271,2233.47,7.71176,0.0905459,0.1
3478,Baseline,6,Balanced,0,Low,0,Low,0,9.69026,2213.37,7.70272,0.0902937,0.1
3479,Baseline,6,Balanced,0,Low,0,Low,0,9.77735,2233.01,7.71155,0.0903964,0.1
3480,Baseline,6,Balanced,0,Low,0,Low,0,9.76205,2229.79,7.71011,0.0904249,0.1
3481,Baseline,6,Balanced,0,Low,0,Low,0,9.77187,2232.84,7.71148,0.0904032,0.1
3482,Baseline,6,Balanced,0,Low,0,Low,0,9.74141,2224.1,7.70756,0.0902619,0.1
3483,Baseline,6,Balanced,0,Low,0,Low,0,9.69945,2215.43,7.70365,0.0900492,0.1
3484,Baseline,6,Balanced,0,Low,0,Low,0,9.74354,2223.81,7.70742,0.0901562,0.1
3485,Baseline,6,Balanced,0,Low,0,Low,0,9.72666,2220.47,7.70592,0.09034,0.1
3486,Baseline,6,Balanced,0,Low,0,Low,0,9.74535,2224.46,7.70772,0.0904239,0.1
3487,Baseline,6,Balanced,0,Low,0,Low,0,9.68723,2211.73,7.70198,0.090204,0.1
3488,Baseline,6,Balanced,0,Low,0,Low,0,9.69695,2215.98,7.7039,0.0903564,0.1
3489,Baseline,6,Balanced,0,Low,0,Low,0,9.73965,2224.51,7.70774,0.0903337,0.1
3490,Baseline,6,Balanced,0,Low,0,Low,0,9.73565,2223.8,7.70742,0.0902648,0.1
3491,Baseline,6,Balanced,0,Low,0,Low,0,9.78335,2233.86,7.71193,0.0903848,0.1
3492,Baseline,6,Balanced,0,Low,0,Low,0,9.72031,2221.34,7.70632,0.0902542,0.1
3493,Baseline,6,Balanced,0,Low,0,Low,0,9.77414,2231.75,7.71099,0.0904012,0.1
3494,Baseline,6,Balanced,0,Low,0,Low,0,9.76436,2230.16,7.71028,0.0906318,0.1
3495,Baseline,6,Balanced,0,Low,0,Low,0,9.737,2224.13,7.70757,0.0902758,0.1
3496,Baseline,6,Balanced,0,Low,0,Low,0,9.70791,2216.11,7.70396,0.0902334,0.1
3497,Baseline,6,Balanced,0,Low,0,Low,0,9.73296,2222.28,7.70674,0.0903472,0.1
3498,Baseline,6,Balanced,0,Low,0,Low,0,9.77882,2233.85,7.71193,0.0906207,0.1
3499,Baseline,6,Balanced,0,Low,0,Low,0,9.74835,2225.15,7.70803,0.0904567,0.1
3500,Baseline,6,Balanced,0,Low,0,Low,0,9.72834,2223.03,7.70708,0.0901095,0.1
3501,Baseline,6,Balanced,0,Low,0,Low,0,9.73255,2221.86,7.70655,0.0903511,0.1
3502,Baseline,6,Balanced,0,Low,0,Low,0,9.69487,2214.75,7.70335,0.0901119,0.1
3503,Baseline,6,Balanced,0,Low,0,Low,0,9.74626,2226.7,7.70872,0.0904273,0.1
3504,Baseline,6,Balanced,0,Low,0,Low,0,9.69036,2212.81,7.70247,0.090122,0.1
3505,Baseline,6,Balanced,0,Low,0,Low,0,9.7575,2228.46,7.70952,0.0906935,0.1
3506,Baseline,6,Balanced,0,Low,0,Low,0,9.75576,2226.44,7.70861,0.0905102,0.1
3507,Baseline,6,Balanced,0,Low,0,Low,0,9.75012,2226.62,7.70869,0.0903212,0.1
3508,Baseline,6,Balanced,0,Low,0,Low,0,9.72306,2221.14,7.70623,0.0902199,0.1
3509,Baseline,6,Balanced,0,Low,0,Low,0,9.73375,2222.5,7.70684,0.089986,0.1
3510,Baseline,6,Balanced,0,Low,0,Low,0,9.8051,2238.07,7.71381,0.0905044,0.1
3511,Baseline,6,Balanced,0,Low,0,Low,0,9.72783,2222.5,7.70684,0.090204,0.1
3512,Baseline,6,Balanced,0,Low,0,Low,0,9.73085,2222.77,7.70696,0.0902339,0.1
3513,Baseline,6,Balanced,0,Low,0,Low,0,9.73534,2223.73,7.70739,0.0902426,0.1
3514,Baseline,6,Balanced,0,Low,0,Low,0,9.76531,2230.46,7.71041,0.0905025,0.1
3515,Baseline,6,Balanced,0,Low,0,Low,0,9.79607,2237.07,7.71337,0.0905189,0.1
3516,Baseline,6,Balanced,0,Low,0,Low,0,9.74157,2223.9,7.70747,0.0905146,0.1
3517,Baseline,6,Balanced,0,Low,0,Low,0,9.76038,2227.93,7.70927,0.0906125,0.1
3518,Baseline,6,Balanced,0,Low,0,Low,0,9.75479,2228.72,7.70963,0.0901828,0.1
3519,Baseline,6,Balanced,0,Low,0,Low,0,9.78606,2234.1,7.71204,0.0905097,0.1
3520,Baseline,6,Balanced,0,Low,0,Low,0,9.7772,2232.36,7.71126,0.0905797,0.1
3521,Baseline,6,Balanced,0,Low,0,Low,0,9.77059,2232.84,7.71148,0.0903443,0.1
3522,Baseline,6,Balanced,0,Low,0,Low,0,9.73873,2224.21,7.7076,0.0902787,0.1
3523,Baseline,6,Balanced,0,Low,0,Low,0,9.73346,2222.24,7.70672,0.0902107,0.1
3524,Baseline,6,Balanced,0,Low,0,Low,0,9.71392,2217.02,7.70437,0.0903506,0.1
3525,Baseline,6,Balanced,0,Low,0,Low,0,9.78382,2233.89,7.71195,0.0905927,0.1
3526,Baseline,6,Balanced,0,Low,0,Low,0,9.725,2222.57,7.70687,0.0900772,0.1
3527,Baseline,6,Balanced,0,Low,0,Low,0,9.70565,2216.45,7.70411,0.0902431,0.1
3528,Baseline,6,Balanced,0,Low,0,Low,0,9.75213,2227.61,7.70913,0.0904292,0.1
3529,Baseline,6,Balanced,0,Low,0,Low,0,9.7578,2228.86,7.70969,0.090422,0.1
3530,Baseline,6,Balanced,0,Low,0,Low,0,9.8027,2238.46,7.71399,0.0907364,0.1
3531,Baseline,6,Balanced,0,Low,0,Low,0,9.74853,2225.42,7.70815,0.0902975,0.1
3532,Baseline,6,Balanced,0,Low,0,Low,0,9.76591,2230.19,7.71029,0.0903516,0.1
3533,Baseline,6,Balanced,0,Low,0,Low,0,9.71592,2218.49,7.70503,0.0899219,0.1
3534,Baseline,6,Balanced,0,Low,0,Low,0,9.70104,2216.08,7.70395,0.090257,0.1
3535,Baseline,6,Balanced,0,Low,0,Low,0,9.77045,2230.84,7.71058,0.0904726,0.1
3536,Baseline,6,Balanced,0,Low,0,Low,0,9.70311,2216.39,7.70409,0.0901408,0.1
3537,Baseline,6,Balanced,0,Low,0,Low,0,9.74818,2225.77,7.70831,0.0905049,0.1
3538,Baseline,6,Balanced,0,Low,0,Low,0,9.74493,2225.71,7.70828,0.090476,0.1
3539,Baseline,6,Balanced,0,Low,0,Low,0,9.69065,2213.33,7.70271,0.0901423,0.1
3540,Baseline,6,Balanced,0,Low,0,Low,0,9.75881,2229.93,7.71017,0.0902001,0.1
3541,Baseline,6,Balanced,0,Low,0,Low,0,9.75139,2227.51,7.70909,0.0904364,0.1
3542,Baseline,6,Balanced,0,Low,0,Low,0,9.72088,2221.1,7.70621,0.0902874,0.1
3543,Baseline,6,Balanced,0,Low,0,Low,0,9.73835,2224.21,7.70761,0.09023,0.1
3544,Baseline,6,Balanced,0,Low,0,Low,0,9.75901,2228.75,7.70964,0.0903414,0.1
3545,Baseline,6,Balanced,0,Low,0,Low,0,9.73592,2223.8,7.70742,0.0901331,0.1
3546,Baseline,6,Balanced,0,Low,0,Low,0,9.74484,2227.17,7.70893,0.0904287,0.1
3547,Baseline,6,Balanced,0,Low,0,Low,0,9.72622,2219.07,7.70529,0.0902845,0.1
3548,Baseline,6,Balanced,0,Low,0,Low,0,9.71881,2219.02,7.70527,0.0905541,0.1
3549,Baseline,6,Balanced,0,Low,0,Low,0,9.73847,2224.81,7.70788,0.090409,0.1
3550,Baseline,6,Balanced,0,Low,0,Low,0,9.72107,2218.88,7.70521,0.0902715,0.1
3551,Baseline,6,Balanced,0,Low,0,Low,0,9.75459,2226.97,7.70885,0.0904191,0.1
3552,Baseline,6,Balanced,0,Low,0,Low,0,9.76442,2230.25,7.71032,0.0905011,0.1
3553,Baseline,6,Balanced,0,Low,0,Low,0,9.691,2212.86,7.70249,0.0903974,0.1
3554,Baseline,6,Balanced,0,Low,0,Low,0,9.77697,2234.21,7.71209,0.0905536,0.1
3555,Baseline,6,Balanced,0,Low,0,Low,0,9.75632,2227.91,7.70927,0.0902956,0.1
3556,Baseline,6,Balanced,0,Low,0,Low,0,9.69116,2213.73,7.70289,0.0901003,0.1
3557,Baseline,6,Balanced,0,Low,0,Low,0,9.71906,2219.27,7.70538,0.0902599,0.1
3558,Baseline,6,Balanced,0,Low,0,Low,0,9.7285,2220.83,7.70609,0.090489,0.1
3559,Baseline,6,Balanced,0,Low,0,Low,0,9.74418,2224.36,7.70767,0.09049,0.1
3560,Baseline,6,Balanced,0,Low,0,Low,0,9.7865,2235.3,7.71258,0.0906559,0.1
3561,Baseline,6,Balanced,0,Low,0,Low,0,9.77383,2231.92,7.71107,0.090408,0.1
3562,Baseline,6,Balanced,0,Low,0,Low,0,9.70586,2217.23,7.70447,0.0900463,0.1
3563,Baseline,6,Balanced,0,Low,0,Low,0,9.73171,2221.47,7.70637,0.0904123,0.1
3564,Baseline,6,Balanced,0,Low,0,Low,0,9.76106,2229.62,7.71004,0.0901201,0.1
3565,Baseline,6,Balanced,0,Low,0,Low,0,9.74368,2224.72,7.70784,0.0902127,0.1
3566,Baseline,6,Balanced,0,Low,0,Low,0,9.76851,2230.3,7.71034,0.0906645,0.1
3567,Baseline,6,Balanced,0,Low,0,Low,0,9.72871,2221.73,7.70649,0.0903805,0.1
3568,Baseline,6,Balanced,0,Low,0,Low,0,9.7495,2227.68,7.70916,0.0903193,0.1
3569,Baseline,6,Balanced,0,Low,0,Low,0,9.73045,2223.08,7.7071,0.0902797,0.1
3570,Baseline,6,Balanced,0,Low,0,Low,0,9.71124,2218.27,7.70493,0.0902855,0.1
3571,Baseline,6,Balanced,0,Low,0,Low,0,9.7433,2225.5,7.70818,0.0905271,0.1
3572,Baseline,6,Balanced,0,Low,0,Low,0,9.7273,2221.48,7.70638,0.0903053,0.1
3573,Baseline,6,Balanced,0,Low,0,Low,0,9.71129,2218,7.70481,0.0903641,0.1
3574,Baseline,6,Balanced,0,Low,0,Low,0,9.6982,2214.09,7.70305,0.09019,0.1
3575,Baseline,6,Balanced,0,Low,0,Low,0,9.73896,2223.78,7.70741,0.0905903,0.1
3576,Baseline,6,Balanced,0,Low,0,Low,0,9.69629,2214.68,7.70331,0.0900719,0.1
3577,Baseline,6,Balanced,0,Low,0,Low,0,9.75126,2226.9,7.70882,0.0905835,0.1
3578,Baseline,6,Balanced,0,Low,0,Low,0,9.76581,2230.91,7.71061,0.0901664,0.1
3579,Baseline,6,Balanced,0,Low,0,Low,0,9.75839,2229.26,7.70988,0.0904958,0.1
3580,Baseline,6,Balanced,0,Low,0,Low,0,9.73537,2223.45,7.70727,0.0902754,0.1
3581,Baseline,6,Balanced,0,Low,0,Low,0,9.78081,2233.53,7.71179,0.0904205,0.1
3582,Baseline,6,Balanced,0,Low,0,Low,0,9.76659,2230.05,7.71023,0.090816,0.1
3583,Baseline,6,Balanced,0,Low,0,Low,0,9.71825,2219.54,7.70551,0.090352,0.1
3584,Baseline,6,Balanced,0,Low,0,Low,0,9.7153,2218.71,7.70513,0.0902595,0.1
3585,Baseline,6,Balanced,0,Low,0,Low,0,9.76653,2230.21,7.7103,0.0904499,0.1
3586,Baseline,6,Balanced,0,Low,0,Low,0,9.69698,2213.5,7.70278,0.090354,0.1
3587,Baseline,6,Balanced,0,Low,0,Low,0,9.67342,2208.95,7.70072,0.0900424,0.1
3588,Baseline,6,Balanced,0,Low,0,Low,0,9.75711,2228.95,7.70974,0.0903101,0.1
3589,Baseline,6,Balanced,0,Low,0,Low,0,9.74554,2224.54,7.70776,0.0904731,0.1
3590,Baseline,6,Balanced,0,Low,0,Low,0,9.75805,2226.93,7.70883,0.090434,0.1
3591,Baseline,6,Balanced,0,Low,0,Low,0,9.726,2220.95,7.70614,0.0901553,0.1
3592,Baseline,6,Balanced,0,Low,0,Low,0,9.73546,2223.72,7.70739,0.0903352,0.1
3593,Baseline,6,Balanced,0,Low,0,Low,0,9.72276,2219.93,7.70568,0.0903448,0.1
3594,Baseline,6,Balanced,0,Low,0,Low,0,9.78214,2233.04,7.71157,0.0903569,0.1
3595,Baseline,6,Balanced,0,Low,0,Low,0,9.77956,2233.18,7.71163,0.0905237,0.1
3596,Baseline,6,Balanced,0,Low,0,Low,0,9.68046,2213.55,7.7028,0.0902831,0.1
3597,Baseline,6,Balanced,0,Low,0,Low,0,9.72779,2222.55,7.70686,0.0901606,0.1
3598,Baseline,6,Balanced,0,Low,0,Low,0,9.7411,2224.27,7.70763,0.090122,0.1
3599,Baseline,6,Balanced,0,Low,0,Low,0,9.75214,2228.34,7.70946,0.0902498,0.1
3600,Baseline,6,Balanced,0,Low,0,Low,0,9.73252,2223.18,7.70715,0.0902185,0.1
3601,Baseline,6,Balanced,0,Low,0,Low,0,9.69531,2214.36,7.70317,0.090109,0.1
3602,Baseline,6,Balanced,0,Low,0,Low,0,9.71892,2221.36,7.70632,0.0901886,0.1
3603,Baseline,6,Balanced,0,Low,0,Low,0,9.72165,2219.31,7.7054,0.0906173,0.1
3604,Baseline,6,Balanced,0,Low,0,Low,0,9.73242,2223.03,7.70708,0.0902233,0.1
3605,Baseline,6,Balanced,0,Low,0,Low,0,9.71123,2217.96,7.70479,0.0902021,0.1
3606,Baseline,6,Balanced,0,Low,0,Low,0,9.75092,2226.59,7.70867,0.0904601,0.1
3607,Baseline,6,Balanced,0,Low,0,Low,0,9.699,2215.37,7.70363,0.0901548,0.1
3608,Baseline,6,Balanced,0,Low,0,Low,0,9.75541,2227.88,7.70925,0.0902397,0.1
3609,Baseline,6,Balanced,0,Low,0,Low,0,9.75237,2225.77,7.70831,0.0905334,0.1
3610,Baseline,6,Balanced,0,Low,0,Low,0,9.7291,2221.6,7.70643,0.0902816,0.1
3611,Baseline,6,Balanced,0,Low,0,Low,0,9.77332,2230.99,7.71065,0.0904741,0.1
3612,Baseline,6,Balanced,0,Low,0,Low,0,9.75675,2228.66,7.70961,0.0903135,0.1
3613,Baseline,6,Balanced,0,Low,0,Low,0,9.76982,2230.55,7.71045,0.0904654,0.1
3614,Baseline,6,Balanced,0,Low,0,Low,0,9.76182,2228.27,7.70943,0.0904885,0.1
3615,Baseline,6,Balanced,0,Low,0,Low,0,9.76972,2230.2,7.71029,0.0906901,0.1
3616,Baseline,6,Balanced,0,Low,0,Low,0,9.714,2218.41,7.705,0.0902898,0.1
3617,Baseline,6,Balanced,0,Low,0,Low,0,9.72041,2219.6,7.70553,0.0902908,0.1
3618,Baseline,6,Balanced,0,Low,0,Low,0,9.73077,2221.33,7.70631,0.0902054,0.1
3619,Baseline,6,Balanced,0,Low,0,Low,0,9.74459,2225.33,7.70811,0.0904099,0.1
3620,Baseline,6,Balanced,0,Low,0,Low,0,9.71959,2220.8,7.70607,0.0903573,0.1
3621,Baseline,6,Balanced,0,Low,0,Low,0,9.77751,2232.87,7.71149,0.0905035,0.1
3622,Baseline,6,Balanced,0,Low,0,Low,0,9.74452,2226.03,7.70842,0.0904128,0.1
3623,Baseline,6,Balanced,0,Low,0,Low,0,9.71958,2219.48,7.70548,0.0903139,0.1
3624,Baseline,6,Balanced,0,Low,0,Low,0,9.78835,2235.41,7.71263,0.0907861,0.1
3625,Baseline,6,Balanced,0,Low,0,Low,0,9.74666,2226.45,7.70861,0.0904808,0.1
3626,Baseline,6,Balanced,0,Low,0,Low,0,9.74453,2226.24,7.70852,0.0904958,0.1
3627,Baseline,6,Balanced,0,Low,0,Low,0,9.72457,2220.77,7.70606,0.0903072,0.1
3628,Baseline,6,Balanced,0,Low,0,Low,0,9.76415,2230.16,7.71028,0.0905237,0.1
3629,Baseline,6,Balanced,0,Low,0,Low,0,9.77266,2229.76,7.7101,0.0905112,0.1
3630,Baseline,6,Balanced,0,Low,0,Low,0,9.74705,2225.98,7.7084,0.0904292,0.1
3631,Baseline,6,Balanced,0,Low,0,Low,0,9.7268,2222.22,7.70671,0.0903371,0.1
3632,Baseline,6,Balanced,0,Low,0,Low,0,9.75137,2227.74,7.70919,0.0901331,0.1
3633,Baseline,6,Balanced,0,Low,0,Low,0,9.75253,2228.37,7.70948,0.0902488,0.1
3634,Baseline,6,Balanced,0,Low,0,Low,0,9.68722,2212.67,7.70241,0.0902088,0.1
3635,Baseline,6,Balanced,0,Low,0,Low,0,9.76935,2230.4,7.71039,0.0902758,0.1
3636,Baseline,6,Balanced,0,Low,0,Low,0,9.72165,2220.83,7.70609,0.0902619,0.1
3637,Baseline,6,Balanced,0,Low,0,Low,0,9.72819,2220.76,7.70605,0.0902542,0.1
3638,Baseline,6,Balanced,0,Low,0,Low,0,9.7035,2216.87,7.7043,0.0902218,0.1
3639,Baseline,6,Balanced,0,Low,0,Low,0,9.75156,2227.77,7.7092,0.0904273,0.1
3640,Baseline,6,Balanced,0,Low,0,Low,0,9.76,2227.25,7.70897,0.0905604,0.1
3641,Baseline,6,Balanced,0,Low,0,Low,0,9.71435,2219.04,7.70528,0.0901611,0.1
3642,Baseline,6,Balanced,0,Low,0,Low,0,9.72385,2219.95,7.70569,0.0902223,0.1
3643,Baseline,6,Balanced,0,Low,0,Low,0,9.72068,2221.6,7.70643,0.0901606,0.1
3644,Baseline,6,Balanced,0,Low,0,Low,0,9.78261,2233.59,7.71181,0.0906819,0.1
3645,Baseline,6,Balanced,0,Low,0,Low,0,9.75506,2227.51,7.70909,0.0904567,0.1
3646,Baseline,6,Balanced,0,Low,0,Low,0,9.73145,2222.57,7.70687,0.0902927,0.1
3647,Baseline,6,Balanced,0,Low,0,Low,0,9.72771,2222.13,7.70667,0.0902498,0.1
3648,Baseline,6,Balanced,0,Low,0,Low,0,9.71994,2219.38,7.70543,0.0903776,0.1
3649,Baseline,6,Balanced,0,Low,0,Low,0,9.75491,2226.23,7.70851,0.0904278,0.1
3650,Baseline,6,Balanced,0,Low,0,Low,0,9.73163,2222.55,7.70686,0.0904905,0.1
3651,Baseline,6,Balanced,0,Low,0,Low,0,9.76276,2228.61,7.70958,0.0905044,0.1
3652,Baseline,6,Balanced,0,Low,0,Low,0,9.73819,2223.69,7.70737,0.0902469,0.1
3653,Baseline,6,Balanced,0,Low,0,Low,0,9.73793,2225,7.70796,0.0902117,0.1
3654,Baseline,6,Balanced,0,Low,0,Low,0,9.72388,2220.73,7.70604,0.0904046,0.1
3655,Baseline,6,Balanced,0,Low,0,Low,0,9.75264,2226.58,7.70867,0.0903675,0.1
3656,Baseline,6,Balanced,0,Low,0,Low,0,9.75549,2228.13,7.70936,0.0904056,0.1
3657,Baseline,6,Balanced,0,Low,0,Low,0,9.73948,2224.99,7.70796,0.0901148,0.1
3658,Baseline,6,Balanced,0,Low,0,Low,0,9.76412,2228.91,7.70972,0.0904687,0.1
3659,Baseline,6,Balanced,0,Low,0,Low,0,9.78975,2235.07,7.71248,0.0907089,0.1
3660,Baseline,6,Balanced,0,Low,0,Low,0,9.74813,2226.31,7.70855,0.0904982,0.1
3661,Baseline,6,Balanced,0,Low,0,Low,0,9.74576,2226.21,7.7085,0.0905474,0.1
3662,Baseline,6,Balanced,0,Low,0,Low,0,9.76805,2231.17,7.71073,0.0903872,0.1
3663,Baseline,6,Balanced,0,Low,0,Low,0,9.69175,2212.51,7.70233,0.0902214,0.1
3664,Baseline,6,Balanced,0,Low,0,Low,0,9.72361,2221.54,7.70641,0.0902373,0.1
3665,Baseline,6,Balanced,0,Low,0,Low,0,9.77459,2233.3,7.71168,0.0906636,0.1
3666,Baseline,6,Balanced,0,Low,0,Low,0,9.75486,2227.92,7.70927,0.0904451,0.1
3667,Baseline,6,Balanced,0,Low,0,Low,0,9.72486,2220.71,7.70603,0.0902918,0.1
3668,Baseline,6,Balanced,0,Low,0,Low,0,9.76043,2227.75,7.70919,0.0904909,0.1
3669,Baseline,6,Balanced,0,Low,0,Low,0,9.76573,2231.4,7.71083,0.0903651,0.1
3670,Baseline,6,Balanced,0,Low,0,Low,0,9.70924,2217.87,7.70475,0.0900921,0.1
3671,Baseline,6,Balanced,0,Low,0,Low,0,9.72663,2222.41,7.7068,0.0903559,0.1
3672,Baseline,6,Balanced,0,Low,0,Low,0,9.73881,2224,7.70751,0.0901943,0.1
3673,Baseline,6,Balanced,0,Low,0,Low,0,9.74221,2224.67,7.70781,0.0903848,0.1
3674,Baseline,6,Balanced,0,Low,0,Low,0,9.80624,2237.64,7.71362,0.0908941,0.1
3675,Baseline,6,Balanced,0,Low,0,Low,0,9.74038,2223.68,7.70737,0.0904109,0.1
3676,Baseline,6,Balanced,0,Low,0,Low,0,9.76405,2229.1,7.7098,0.0905044,0.1
3677,Baseline,6,Balanced,0,Low,0,Low,0,9.68867,2212.85,7.70249,0.0900637,0.1
3678,Baseline,6,Balanced,0,Low,0,Low,0,9.72041,2219.68,7.70557,0.09042,0.1
3679,Baseline,6,Balanced,0,Low,0,Low,0,9.71833,2219.23,7.70537,0.0903583,0.1
3680,Baseline,6,Balanced,0,Low,0,Low,0,9.70662,2216.97,7.70435,0.0902836,0.1
3681,Baseline,6,Balanced,0,Low,0,Low,0,9.72958,2222.18,7.70669,0.0901505,0.1
3682,Baseline,6,Balanced,0,Low,0,Low,0,9.72858,2219.78,7.70562,0.0905604,0.1
3683,Baseline,6,Balanced,0,Low,0,Low,0,9.73351,2222.93,7.70703,0.0901558,0.1
3684,Baseline,6,Balanced,0,Low,0,Low,0,9.74314,2226.12,7.70846,0.0901992,0.1
3685,Baseline,6,Balanced,0,Low,0,Low,0,9.7081,2216.51,7.70414,0.0903752,0.1
3686,Baseline,6,Balanced,0,Low,0,Low,0,9.75549,2227.45,7.70906,0.0903448,0.1
3687,Baseline,6,Balanced,0,Low,0,Low,0,9.75258,2226.66,7.70871,0.0905425,0.1
3688,Baseline,6,Balanced,0,Low,0,Low,0,9.75176,2226.37,7.70858,0.090422,0.1
3689,Baseline,6,Balanced,0,Low,0,Low,0,9.77501,2232.03,7.71111,0.0904176,0.1
3690,Baseline,6,Balanced,0,Low,0,Low,0,9.71905,2219.72,7.70559,0.0904876,0.1
3691,Baseline,6,Balanced,0,Low,0,Low,0,9.78157,2233.38,7.71172,0.0905883,0.1
3692,Baseline,6,Balanced,0,Low,0,Low,0,9.75615,2227.43,7.70905,0.0903665,0.1
3693,Baseline,6,Balanced,0,Low,0,Low,0,9.76007,2226.76,7.70875,0.0904678,0.1
3694,Baseline,6,Balanced,0,Low,0,Low,0,9.71322,2218.37,7.70498,0.0903737,0.1
3695,Baseline,6,Balanced,0,Low,0,Low,0,9.754,2227.16,7.70893,0.0905194,0.1
3696,Baseline,6,Balanced,0,Low,0,Low,0,9.73503,2223.33,7.70721,0.0903226,0.1
3697,Baseline,6,Balanced,0,Low,0,Low,0,9.72957,2221.37,7.70633,0.0903742,0.1
3698,Baseline,6,Balanced,0,Low,0,Low,0,9.7389,2223.79,7.70742,0.0903159,0.1
3699,Baseline,6,Balanced,0,Low,0,Low,0,9.71569,2217.98,7.7048,0.0904577,0.1
3700,Baseline,6,Balanced,0,Low,0,Low,0,9.70731,2216.26,7.70403,0.0902464,0.1
3701,Baseline,6,Balanced,0,Low,0,Low,0,9.72957,2221.96,7.70659,0.0902922,0.1
3702,Baseline,6,Balanced,0,Low,0,Low,0,9.74411,2224.57,7.70777,0.0903414,0.1
3703,Baseline,6,Balanced,0,Low,0,Low,0,9.72149,2219.51,7.70549,0.0902783,0.1
3704,Baseline,6,Balanced,0,Low,0,Low,0,9.80705,2239.31,7.71437,0.090909,0.1
3705,Baseline,6,Balanced,0,Low,0,Low,0,9.70822,2216.31,7.70405,0.0900936,0.1
3706,Baseline,6,Balanced,0,Low,0,Low,0,9.75244,2228.22,7.70941,0.0902975,0.1
3707,Baseline,6,Balanced,0,Low,0,Low,0,9.72331,2221.09,7.7062,0.0903892,0.1
3708,Baseline,6,Balanced,0,Low,0,Low,0,9.71279,2218.17,7.70489,0.0903627,0.1
3709,Baseline,6,Balanced,0,Low,0,Low,0,9.78546,2234.35,7.71215,0.0904225,0.1
3710,Baseline,6,Balanced,0,Low,0,Low,0,9.7085,2218,7.70481,0.0901789,0.1
3711,Baseline,6,Balanced,0,Low,0,Low,0,9.72447,2220.73,7.70604,0.0901182,0.1
3712,Baseline,6,Balanced,0,Low,0,Low,0,9.73875,2224.52,7.70775,0.0903221,0.1
3713,Baseline,6,Balanced,0,Low,0,Low,0,9.75998,2227.82,7.70923,0.090435,0.1
3714,Baseline,6,Balanced,0,Low,0,Low,0,9.75458,2227.43,7.70905,0.0906216,0.1
3715,Baseline,6,Balanced,0,Low,0,Low,0,9.74597,2225.43,7.70815,0.090435,0.1
3716,Baseline,6,Balanced,0,Low,0,Low,0,9.73068,2223.7,7.70738,0.0902787,0.1
3717,Baseline,6,Balanced,0,Low,0,Low,0,9.72514,2221.11,7.70621,0.0903911,0.1
3718,Baseline,6,Balanced,0,Low,0,Low,0,9.74737,2225.35,7.70812,0.0902426,0.1
3719,Baseline,6,Balanced,0,Low,0,Low,0,9.73137,2222.21,7.70671,0.0903766,0.1
3720,Baseline,6,Balanced,0,Low,0,Low,0,9.76271,2229.11,7.70981,0.090326,0.1
3721,Baseline,6,Balanced,0,Low,0,Low,0,9.77734,2233.61,7.71182,0.0904012,0.1
3722,Baseline,6,Balanced,0,Low,0,Low,0,9.7841,2233.96,7.71198,0.0907663,0.1
3723,Baseline,6,Balanced,0,Low,0,Low,0,9.71431,2219.02,7.70527,0.0903284,0.1
3724,Baseline,6,Balanced,0,Low,0,Low,0,9.67715,2208.25,7.70041,0.0902821,0.1
3725,Baseline,6,Balanced,0,Low,0,Low,0,9.7584,2228.52,7.70954,0.0905049,0.1
3726,Baseline,6,Balanced,0,Low,0,Low,0,9.73144,2222.67,7.70691,0.090488,0.1
3727,Baseline,6,Balanced,0,Low,0,Low,0,9.72894,2222.14,7.70667,0.0903342,0.1
3728,Baseline,6,Balanced,0,Low,0,Low,0,9.79112,2236.26,7.71301,0.0903993,0.1
3729,Baseline,6,Balanced,0,Low,0,Low,0,9.76899,2230.76,7.71055,0.0905064,0.1
3730,Baseline,6,Balanced,0,Low,0,Low,0,9.78932,2236.06,7.71292,0.0904152,0.1
3731,Baseline,6,Balanced,0,Low,0,Low,0,9.73665,2223.75,7.7074,0.0901239,0.1
3732,Baseline,6,Balanced,0,Low,0,Low,0,9.76884,2232.23,7.71121,0.0901452,0.1
3733,Baseline,6,Balanced,0,Low,0,Low,0,9.74526,2225.48,7.70818,0.0902913,0.1
3734,Baseline,6,Balanced,0,Low,0,Low,0,9.76711,2230.77,7.71055,0.090489,0.1
3735,Baseline,6,Balanced,0,Low,0,Low,0,9.7599,2228.8,7.70967,0.0903405,0.1
3736,Baseline,6,Balanced,0,Low,0,Low,0,9.75136,2226.21,7.7085,0.0904442,0.1
3737,Baseline,6,Balanced,0,Low,0,Low,0,9.71641,2218.98,7.70525,0.0902812,0.1
3738,Baseline,6,Balanced,0,Low,0,Low,0,9.70404,2216.79,7.70426,0.090298,0.1
3739,Baseline,6,Balanced,0,Low,0,Low,0,9.73101,2222.24,7.70672,0.0904099,0.1
3740,Baseline,6,Balanced,0,Low,0,Low,0,9.76453,2229.15,7.70982,0.0904316,0.1
3741,Baseline,6,Balanced,0,Low,0,Low,0,9.72342,2221.92,7.70657,0.0903757,0.1
3742,Baseline,6,Balanced,0,Low,0,Low,0,9.76488,2231.28,7.71078,0.0903742,0.1
3743,Baseline,6,Balanced,0,Low,0,Low,0,9.77188,2229.82,7.71012,0.0904157,0.1
3744,Baseline,6,Balanced,0,Low,0,Low,0,9.73829,2223.29,7.70719,0.0901529,0.1
3745,Baseline,6,Balanced,0,Low,0,Low,0,9.73428,2223.31,7.7072,0.0901741,0.1
3746,Baseline,6,Balanced,0,Low,0,Low,0,9.74498,2226.59,7.70868,0.0903019,0.1
3747,Baseline,6,Balanced,0,Low,0,Low,0,9.74971,2227.47,7.70907,0.0902821,0.1
3748,Baseline,6,Balanced,0,Low,0,Low,0,9.72343,2221.41,7.70635,0.0901919,0.1
3749,Baseline,6,Balanced,0,Low,0,Low,0,9.72734,2219.47,7.70547,0.090313,0.1
3750,Baseline,6,Balanced,0,Low,0,Low,0,9.72356,2221.02,7.70617,0.0901485,0.1
3751,Baseline,6,Balanced,0,Low,0,Low,0,9.74173,2225.47,7.70817,0.0904364,0.1
3752,Baseline,6,Balanced,0,Low,0,Low,0,9.78611,2234.12,7.71205,0.0907147,0.1
3753,Baseline,6,Balanced,0,Low,0,Low,0,9.77987,2234.4,7.71218,0.0904644,0.1
3754,Baseline,6,Balanced,0,Low,0,Low,0,9.70555,2216.47,7.70412,0.0900858,0.1
3755,Baseline,6,Balanced,0,Low,0,Low,0,9.75307,2227.16,7.70893,0.0905883,0.1
3756,Baseline,6,Balanced,0,Low,0,Low,0,9.74592,2225.5,7.70819,0.090203,0.1
3757,Baseline,6,Balanced,0,Low,0,Low,0,9.78973,2236.66,7.71319,0.0905069,0.1
3758,Baseline,6,Balanced,0,Low,0,Low,0,9.75904,2227.69,7.70917,0.0904712,0.1
3759,Baseline,6,Balanced,0,Low,0,Low,0,9.69106,2213.95,7.70299,0.0901649,0.1
3760,Baseline,6,Balanced,0,Low,0,Low,0,9.71069,2216.38,7.70408,0.0902074,0.1
3761,Baseline,6,Balanced,0,Low,0,Low,0,9.74193,2223.66,7.70736,0.0903911,0.1
3762,Baseline,6,Balanced,0,Low,0,Low,0,9.80276,2239.69,7.71454,0.0907055,0.1
3763,Baseline,6,Balanced,0,Low,0,Low,0,9.75964,2229.83,7.71013,0.0904755,0.1
3764,Baseline,6,Balanced,0,Low,0,Low,0,9.74811,2226.24,7.70852,0.0902059,0.1
3765,Baseline,6,Balanced,0,Low,0,Low,0,9.83276,2244.78,7.71681,0.0908459,0.1
3766,Baseline,6,Balanced,0,Low,0,Low,0,9.73986,2223.91,7.70747,0.0906062,0.1
3767,Baseline,6,Balanced,0,Low,0,Low,0,9.69571,2215.33,7.70361,0.0900593,0.1
3768,Baseline,6,Balanced,0,Low,0,Low,0,9.70089,2214.61,7.70328,0.0902479,0.1
3769,Baseline,6,Balanced,0,Low,0,Low,0,9.73682,2223.47,7.70728,0.0904654,0.1
3770,Baseline,6,Balanced,0,Low,0,Low,0,9.72754,2220.36,7.70587,0.090488,0.1
3771,Baseline,6,Balanced,0,Low,0,Low,0,9.71604,2220.15,7.70578,0.0899542,0.1
3772,Baseline,6,Balanced,0,Low,0,Low,0,9.76272,2229.95,7.71018,0.0906269,0.1
3773,Baseline,6,Balanced,0,Low,0,Low,0,9.72466,2221.77,7.70651,0.0903067,0.1
3774,Baseline,6,Balanced,0,Low,0,Low,0,9.72419,2221.34,7.70632,0.0903106,0.1
3775,Baseline,6,Balanced,0,Low,0,Low,0,9.70177,2215.21,7.70355,0.0904171,0.1
3776,Baseline,6,Balanced,0,Low,0,Low,0,9.79635,2237.12,7.71339,0.0906602,0.1
3777,Baseline,6,Balanced,0,Low,0,Low,0,9.72931,2223.86,7.70745,0.0899518,0.1
3778,Baseline,6,Balanced,0,Low,0,Low,0,9.78414,2235.07,7.71247,0.090598,0.1
3779,Baseline,6,Balanced,0,Low,0,Low,0,9.75387,2228.28,7.70944,0.0901992,0.1
3780,Baseline,6,Balanced,0,Low,0,Low,0,9.75808,2228.04,7.70933,0.0905773,0.1
3781,Baseline,6,Balanced,0,Low,0,Low,0,9.72646,2220.63,7.70599,0.0903385,0.1
3782,Baseline,6,Balanced,0,Low,0,Low,0,9.77375,2230.44,7.7104,0.0905454,0.1
3783,Baseline,6,Balanced,0,Low,0,Low,0,9.7166,2217.36,7.70452,0.0902435,0.1
3784,Baseline,6,Balanced,0,Low,0,Low,0,9.75678,2228.02,7.70932,0.0904548,0.1
3785,Baseline,6,Balanced,0,Low,0,Low,0,9.73834,2225.28,7.70809,0.0903487,0.1
3786,Baseline,6,Balanced,0,Low,0,Low,0,9.7904,2235.93,7.71286,0.0904601,0.1
3787,Baseline,6,Balanced,0,Low,0,Low,0,9.70117,2217.85,7.70475,0.0901394,0.1
3788,Baseline,6,Balanced,0,Low,0,Low,0,9.77511,2230.86,7.71059,0.0905445,0.1
3789,Baseline,6,Balanced,0,Low,0,Low,0,9.73536,2223.04,7.70708,0.0903217,0.1
3790,Baseline,6,Balanced,0,Low,0,Low,0,9.77683,2233.14,7.71161,0.0906028,0.1
3791,Baseline,6,Balanced,0,Low,0,Low,0,9.72096,2220.71,7.70603,0.0901485,0.1
3792,Baseline,6,Balanced,0,Low,0,Low,0,9.71931,2221.02,7.70617,0.0902358,0.1
3793,Baseline,6,Balanced,0,Low,0,Low,0,9.72328,2221.33,7.70631,0.0904683,0.1
3794,Baseline,6,Balanced,0,Low,0,Low,0,9.75457,2227.38,7.70903,0.0903766,0.1
3795,Baseline,6,Balanced,0,Low,0,Low,0,9.75616,2229.69,7.71007,0.0904118,0.1
3796,Baseline,6,Balanced,0,Low,0,Low,0,9.73379,2222.96,7.70704,0.0901201,0.1
3797,Baseline,6,Balanced,0,Low,0,Low,0,9.73571,2221.87,7.70655,0.0903733,0.1
3798,Baseline,6,Balanced,0,Low,0,Low,0,9.71525,2217.9,7.70476,0.0903704,0.1
3799,Baseline,6,Balanced,0,Low,0,Low,0,9.73396,2222.2,7.7067,0.0906766,0.1
3800,Baseline,6,Balanced,0,Low,0,Low,0,9.74145,2225.01,7.70797,0.0904577,0.1
3801,Baseline,6,Balanced,0,Low,0,Low,0,9.7338,2223.58,7.70732,0.0903033,0.1
3802,Baseline,6,Balanced,0,Low,0,Low,0,9.75387,2227.98,7.7093,0.0902734,0.1
3803,Baseline,6,Balanced,0,Low,0,Low,0,9.72129,2219.45,7.70546,0.0904307,0.1
3804,Baseline,6,Balanced,0,Low,0,Low,0,9.7373,2224.34,7.70767,0.0904176,0.1
3805,Baseline,6,Balanced,0,Low,0,Low,0,9.74672,2225.81,7.70832,0.0905122,0.1
3806,Baseline,6,Balanced,0,Low,0,Low,0,9.76034,2229.29,7.70989,0.0906472,0.1
3807,Baseline,6,Balanced,0,Low,0,Low,0,9.73245,2223.58,7.70732,0.0903559,0.1
3808,Baseline,6,Balanced,0,Low,0,Low,0,9.72806,2220.62,7.70599,0.0904017,0.1
3809,Baseline,6,Balanced,0,Low,0,Low,0,9.71531,2219.19,7.70535,0.0904152,0.1
3810,Baseline,6,Balanced,0,Low,0,Low,0,9.72725,2221.34,7.70632,0.0901731,0.1
3811,Baseline,6,Balanced,0,Low,0,Low,0,9.70992,2217.38,7.70453,0.0902623,0.1
3812,Baseline,6,Balanced,0,Low,0,Low,0,9.72775,2221.27,7.70629,0.0901374,0.1
3813,Baseline,6,Balanced,0,Low,0,Low,0,9.72907,2221.79,7.70652,0.0901765,0.1
3814,Baseline,6,Balanced,0,Low,0,Low,0,9.76417,2228.53,7.70955,0.0904798,0.1
3815,Baseline,6,Balanced,0,Low,0,Low,0,9.74778,2226.43,7.7086,0.0905845,0.1
3816,Baseline,6,Balanced,0,Low,0,Low,0,9.75353,2228.02,7.70932,0.0904625,0.1
3817,Baseline,6,Balanced,0,Low,0,Low,0,9.73363,2222.46,7.70682,0.0904258,0.1
3818,Baseline,6,Balanced,0,Low,0,Low,0,9.72866,2219.64,7.70555,0.0904046,0.1
3819,Baseline,6,Balanced,0,Low,0,Low,0,9.72639,2221.05,7.70619,0.0903294,0.1
3820,Baseline,6,Balanced,0,Low,0,Low,0,9.73836,2222.37,7.70678,0.0901934,0.1
3821,Baseline,6,Balanced,0,Low,0,Low,0,9.72064,2220.4,7.70589,0.0902416,0.1
3822,Baseline,6,Balanced,0,Low,0,Low,0,9.76515,2230.06,7.71023,0.0904249,0.1
3823,Baseline,6,Balanced,0,Low,0,Low,0,9.71032,2217.42,7.70455,0.0901611,0.1
3824,Baseline,6,Balanced,0,Low,0,Low,0,9.71716,2220.06,7.70574,0.090298,0.1
3825,Baseline,6,Balanced,0,Low,0,Low,0,9.76952,2230.57,7.71046,0.0906916,0.1
3826,Baseline,6,Balanced,0,Low,0,Low,0,9.73475,2224.84,7.70789,0.090585,0.1
3827,Baseline,6,Balanced,0,Low,0,Low,0,9.7597,2228.63,7.70959,0.0906602,0.1
3828,Baseline,6,Balanced,0,Low,0,Low,0,9.7361,2225.32,7.70811,0.0902146,0.1
3829,Baseline,6,Balanced,0,Low,0,Low,0,9.75842,2228.58,7.70957,0.0904837,0.1
3830,Baseline,6,Balanced,0,Low,0,Low,0,9.74105,2224.18,7.7076,0.0901601,0.1
3831,Baseline,6,Balanced,0,Low,0,Low,0,9.77476,2231.33,7.7108,0.0905421,0.1
3832,Baseline,6,Balanced,0,Low,0,Low,0,9.75922,2228.43,7.7095,0.0904427,0.1
3833,Baseline,6,Balanced,0,Low,0,Low,0,9.78307,2234.51,7.71222,0.0906414,0.1
3834,Baseline,6,Balanced,0,Low,0,Low,0,9.72394,2220.6,7.70598,0.0903265,0.1
3835,Baseline,6,Balanced,0,Low,0,Low,0,9.74698,2227.37,7.70902,0.0903501,0.1
3836,Baseline,6,Balanced,0,Low,0,Low,0,9.70013,2215.45,7.70366,0.0902103,0.1
3837,Baseline,6,Balanced,0,Low,0,Low,0,9.72949,2220.99,7.70616,0.0904499,0.1
3838,Baseline,6,Balanced,0,Low,0,Low,0,9.69839,2215.31,7.7036,0.0903033,0.1
3839,Baseline,6,Balanced,0,Low,0,Low,0,9.74803,2226.72,7.70873,0.0901447,0.1
3840,Baseline,6,Balanced,0,Low,0,Low,0,9.72717,2221.68,7.70647,0.0904152,0.1
3841,Baseline,6,Balanced,0,Low,0,Low,0,9.72968,2221.04,7.70618,0.0904307,0.1
3842,Baseline,6,Balanced,0,Low,0,Low,0,9.76331,2230.04,7.71022,0.0905787,0.1
3843,Baseline,6,Balanced,0,Low,0,Low,0,9.75938,2228.54,7.70955,0.09042,0.1
3844,Baseline,6,Balanced,0,Low,0,Low,0,9.73445,2221.55,7.70641,0.0903525,0.1
3845,Baseline,6,Balanced,0,Low,0,Low,0,9.71648,2219.17,7.70534,0.0903824,0.1
3846,Baseline,6,Balanced,0,Low,0,Low,0,9.76585,2230.22,7.7103,0.090313,0.1
3847,Baseline,6,Balanced,0,Low,0,Low,0,9.69537,2214.16,7.70308,0.0902855,0.1
3848,Baseline,6,Balanced,0,Low,0,Low,0,9.71588,2217.67,7.70467,0.0903675,0.1
3849,Baseline,6,Balanced,0,Low,0,Low,0,9.68464,2211.51,7.70188,0.0903197,0.1
3850,Baseline,6,Balanced,0,Low,0,Low,0,9.75916,2229.41,7.70994,0.0904837,0.1
3851,Baseline,6,Balanced,0,Low,0,Low,0,9.74091,2224.7,7.70783,0.0903217,0.1
3852,Baseline,6,Balanced,0,Low,0,Low,0,9.73109,2222.97,7.70705,0.0903786,0.1
3853,Baseline,6,Balanced,0,Low,0,Low,0,9.72349,2221.05,7.70619,0.0903979,0.1
3854,Baseline,6,Balanced,0,Low,0,Low,0,9.72213,2221.69,7.70647,0.0901326,0.1
3855,Baseline,6,Balanced,0,Low,0,Low,0,9.74875,2225.55,7.70821,0.090394,0.1
3856,Baseline,6,Balanced,0,Low,0,Low,0,9.70973,2218.64,7.7051,0.0900121,0.1
3857,Baseline,6,Balanced,0,Low,0,Low,0,9.74183,2223.81,7.70743,0.0905232,0.1
3858,Baseline,6,Balanced,0,Low,0,Low,0,9.75473,2226.61,7.70868,0.0905102,0.1
3859,Baseline,6,Balanced,0,Low,0,Low,0,9.75714,2227.43,7.70905,0.0904837,0.1
3860,Baseline,6,Balanced,0,Low,0,Low,0,9.74108,2223.36,7.70722,0.090461,0.1
3861,Baseline,6,Balanced,0,Low,0,Low,0,9.70289,2215.44,7.70366,0.0900559,0.1
3862,Baseline,6,Balanced,0,Low,0,Low,0,9.72717,2222.21,7.70671,0.0901297,0.1
3863,Baseline,6,Balanced,0,Low,0,Low,0,9.76227,2227.72,7.70918,0.0905912,0.1
3864,Baseline,6,Balanced,0,Low,0,Low,0,9.76905,2230.68,7.71051,0.090626,0.1
3865,Baseline,6,Balanced,0,Low,0,Low,0,9.76363,2229.93,7.71018,0.0903713,0.1
3866,Baseline,6,Balanced,0,Low,0,Low,0,9.72834,2222.73,7.70694,0.0903559,0.1
3867,Baseline,6,Balanced,0,Low,0,Low,0,9.73011,2222.62,7.70689,0.0901919,0.1
3868,Baseline,6,Balanced,0,Low,0,Low,0,9.72719,2222.79,7.70697,0.0902884,0.1
3869,Baseline,6,Balanced,0,Low,0,Low,0,9.71007,2217.03,7.70437,0.0904533,0.1
3870,Baseline,6,Balanced,0,Low,0,Low,0,9.69356,2215.22,7.70356,0.0900825,0.1
3871,Baseline,6,Balanced,0,Low,0,Low,0,9.75443,2227.26,7.70897,0.0904307,0.1
3872,Baseline,6,Balanced,0,Low,0,Low,0,9.72435,2222.07,7.70665,0.0905811,0.1
3873,Baseline,6,Balanced,0,Low,0,Low,0,9.7641,2229.76,7.7101,0.0904842,0.1
3874,Baseline,6,Balanced,0,Low,0,Low,0,9.716,2219.18,7.70534,0.0902267,0.1
3875,Baseline,6,Balanced,0,Low,0,Low,0,9.76181,2229.25,7.70987,0.0905083,0.1
3876,Baseline,6,Balanced,0,Low,0,Low,0,9.76669,2231.09,7.71069,0.0905541,0.1
3877,Baseline,6,Balanced,0,Low,0,Low,0,9.74745,2226.28,7.70854,0.0906187,0.1
3878,Baseline,6,Balanced,0,Low,0,Low,0,9.72795,2219.7,7.70558,0.0902648,0.1
3879,Baseline,6,Balanced,0,Low,0,Low,0,9.70064,2216.58,7.70417,0.0901326,0.1
3880,Baseline,6,Balanced,0,Low,0,Low,0,9.70485,2217.36,7.70452,0.0901553,0.1
3881,Baseline,6,Balanced,0,Low,0,Low,0,9.7128,2218.18,7.70489,0.0902296,0.1
3882,Baseline,6,Balanced,0,Low,0,Low,0,9.71866,2219.04,7.70528,0.0903024,0.1
3883,Baseline,6,Balanced,0,Low,0,Low,0,9.71064,2217.26,7.70448,0.0903004,0.1
3884,Baseline,6,Balanced,0,Low,0,Low,0,9.74625,2224.4,7.70769,0.0905782,0.1
3885,Baseline,6,Balanced,0,Low,0,Low,0,9.7632,2231.54,7.71089,0.0901582,0.1
3886,Baseline,6,Balanced,0,Low,0,Low,0,9.76174,2230.1,7.71025,0.0904924,0.1
3887,Baseline,6,Balanced,0,Low,0,Low,0,9.76239,2229.54,7.71,0.0905787,0.1
3888,Baseline,6,Balanced,0,Low,0,Low,0,9.74508,2225,7.70796,0.0904982,0.1
3889,Baseline,6,Balanced,0,Low,0,Low,0,9.749,2226.74,7.70874,0.0906684,0.1
3890,Baseline,6,Balanced,0,Low,0,Low,0,9.69874,2216.19,7.70399,0.0902324,0.1
3891,Baseline,6,Balanced,0,Low,0,Low,0,9.77492,2232.79,7.71145,0.0903352,0.1
3892,Baseline,6,Balanced,0,Low,0,Low,0,9.73944,2223.77,7.70741,0.0904268,0.1
3893,Baseline,6,Balanced,0,Low,0,Low,0,9.77583,2232.51,7.71133,0.0905445,0.1
3894,Baseline,6,Balanced,0,Low,0,Low,0,9.73289,2221.51,7.70639,0.0903168,0.1
3895,Baseline,6,Balanced,0,Low,0,Low,0,9.74528,2226.45,7.70861,0.0904335,0.1
3896,Baseline,6,Balanced,0,Low,0,Low,0,9.76377,2229.81,7.71012,0.0904094,0.1
3897,Baseline,6,Balanced,0,Low,0,Low,0,9.71769,2220.37,7.70588,0.0901278,0.1
3898,Baseline,6,Balanced,0,Low,0,Low,0,9.72327,2220.42,7.7059,0.0901707,0.1
3899,Baseline,6,Balanced,0,Low,0,Low,0,9.71064,2216.49,7.70413,0.0903289,0.1
3900,Baseline,6,Balanced,0,Low,0,Low,0,9.72622,2221.63,7.70645,0.0902406,0.1
3901,Baseline,6,Balanced,0,Low,0,Low,0,9.70237,2216.59,7.70418,0.0903877,0.1
3902,Baseline,6,Balanced,0,Low,0,Low,0,9.69507,2215.08,7.70349,0.0902247,0.1
3903,Baseline,6,Balanced,0,Low,0,Low,0,9.7472,2225.17,7.70804,0.0903279,0.1
3904,Baseline,6,Balanced,0,Low,0,Low,0,9.74421,2223.89,7.70746,0.0902677,0.1
3905,Baseline,6,Balanced,0,Low,0,Low,0,9.74523,2226.52,7.70865,0.090409,0.1
3906,Baseline,6,Balanced,0,Low,0,Low,0,9.74198,2224.32,7.70765,0.0905425,0.1
3907,Baseline,6,Balanced,0,Low,0,Low,0,9.73667,2223.25,7.70717,0.0903969,0.1
3908,Baseline,6,Balanced,0,Low,0,Low,0,9.71328,2218.11,7.70486,0.0902083,0.1
3909,Baseline,6,Balanced,0,Low,0,Low,0,9.72116,2218.26,7.70493,0.0904765,0.1
3910,Baseline,6,Balanced,0,Low,0,Low,0,9.70564,2216.71,7.70423,0.0902344,0.1
3911,Baseline,6,Balanced,0,Low,0,Low,0,9.72764,2220.18,7.70579,0.0903699,0.1
3912,Baseline,6,Balanced,0,Low,0,Low,0,9.75594,2229.03,7.70977,0.0904157,0.1
3913,Baseline,6,Balanced,0,Low,0,Low,0,9.77854,2233.25,7.71166,0.090598,0.1
3914,Baseline,6,Balanced,0,Low,0,Low,0,9.73337,2224.3,7.70765,0.0902985,0.1
3915,Baseline,6,Balanced,0,Low,0,Low,0,9.68589,2212.23,7.70221,0.0902459,0.1
3916,Baseline,6,Balanced,0,Low,0,Low,0,9.75086,2226.29,7.70854,0.0904972,0.1
3917,Baseline,6,Balanced,0,Low,0,Low,0,9.73331,2222.64,7.7069,0.0902623,0.1
3918,Baseline,6,Balanced,0,Low,0,Low,0,9.73636,2224.4,7.70769,0.0902262,0.1
3919,Baseline,6,Balanced,0,Low,0,Low,0,9.7623,2230.02,7.71021,0.0906332,0.1
3920,Baseline,6,Balanced,0,Low,0,Low,0,9.73917,2224.33,7.70766,0.0902296,0.1
3921,Baseline,6,Balanced,0,Low,0,Low,0,9.76184,2229.1,7.7098,0.0902344,0.1
3922,Baseline,6,Balanced,0,Low,0,Low,0,9.68581,2212.92,7.70252,0.0900068,0.1
3923,Baseline,6,Balanced,0,Low,0,Low,0,9.77586,2231.64,7.71094,0.0906279,0.1
3924,Baseline,6,Balanced,0,Low,0,Low,0,9.75623,2228.62,7.70959,0.090625,0.1
3925,Baseline,6,Balanced,0,Low,0,Low,0,9.72241,2220.06,7.70574,0.0902204,0.1
3926,Baseline,6,Balanced,0,Low,0,Low,0,9.73221,2222.63,7.7069,0.0902445,0.1
3927,Baseline,6,Balanced,0,Low,0,Low,0,9.71073,2216.63,7.7042,0.0902913,0.1
3928,Baseline,6,Balanced,0,Low,0,Low,0,9.76127,2228.76,7.70965,0.0905469,0.1
3929,Baseline,6,Balanced,0,Low,0,Low,0,9.77131,2232.91,7.71151,0.090245,0.1
3930,Baseline,6,Balanced,0,Low,0,Low,0,9.77597,2232.17,7.71118,0.0904832,0.1
3931,Baseline,6,Balanced,0,Low,0,Low,0,9.75542,2227.22,7.70896,0.0903911,0.1
3932,Baseline,6,Balanced,0,Low,0,Low,0,9.76445,2229.25,7.70987,0.0904451,0.1
3933,Baseline,6,Balanced,0,Low,0,Low,0,9.74137,2225.37,7.70813,0.0901688,0.1
3934,Baseline,6,Balanced,0,Low,0,Low,0,9.73473,2223.04,7.70708,0.0902705,0.1
3935,Baseline,6,Balanced,0,Low,0,Low,0,9.74171,2224.11,7.70756,0.0902691,0.1
3936,Baseline,6,Balanced,0,Low,0,Low,0,9.74843,2225.76,7.7083,0.0903197,0.1
3937,Baseline,6,Balanced,0,Low,0,Low,0,9.72017,2220.88,7.70611,0.0902349,0.1
3938,Baseline,6,Balanced,0,Low,0,Low,0,9.75834,2227.9,7.70926,0.0904509,0.1
3939,Baseline,6,Balanced,0,Low,0,Low,0,9.74048,2224.06,7.70754,0.0904769,0.1
3940,Baseline,6,Balanced,0,Low,0,Low,0,9.7706,2232.25,7.71121,0.090462,0.1
3941,Baseline,6,Balanced,0,Low,0,Low,0,9.74795,2226.98,7.70885,0.0904528,0.1
3942,Baseline,6,Balanced,0,Low,0,Low,0,9.74984,2225.74,7.70829,0.09042,0.1
3943,Baseline,6,Balanced,0,Low,0,Low,0,9.72902,2221.29,7.7063,0.0902276,0.1
3944,Baseline,6,Balanced,0,Low,0,Low,0,9.76278,2228.83,7.70968,0.0902575,0.1
3945,Baseline,6,Balanced,0,Low,0,Low,0,9.74865,2225.73,7.70829,0.090352,0.1
3946,Baseline,6,Balanced,0,Low,0,Low,0,9.77001,2230.89,7.71061,0.0905223,0.1
3947,Baseline,6,Balanced,0,Low,0,Low,0,9.75246,2226.16,7.70848,0.0904374,0.1
3948,Baseline,6,Balanced,0,Low,0,Low,0,9.71784,2217.43,7.70456,0.0905474,0.1
3949,Baseline,6,Balanced,0,Low,0,Low,0,9.78142,2233.25,7.71166,0.0905536,0.1
3950,Baseline,6,Balanced,0,Low,0,Low,0,9.72308,2221.2,7.70625,0.0903323,0.1
3951,Baseline,6,Balanced,0,Low,0,Low,0,9.74563,2225.33,7.70811,0.0903974,0.1
3952,Baseline,6,Balanced,0,Low,0,Low,0,9.77419,2233.52,7.71178,0.0903178,0.1
3953,Baseline,6,Balanced,0,Low,0,Low,0,9.75887,2228.5,7.70953,0.0901215,0.1
3954,Baseline,6,Balanced,0,Low,0,Low,0,9.74376,2225.65,7.70825,0.0903467,0.1
3955,Baseline,6,Balanced,0,Low,0,Low,0,9.76074,2228.39,7.70948,0.090651,0.1
3956,Baseline,6,Balanced,0,Low,0,Low,0,9.77753,2232.56,7.71135,0.0907224,0.1
3957,Baseline,6,Balanced,0,Low,0,Low,0,9.72693,2222.12,7.70667,0.0903255,0.1
3958,Baseline,6,Balanced,0,Low,0,Low,0,9.80125,2239.29,7.71436,0.0905165,0.1
3959,Baseline,6,Balanced,0,Low,0,Low,0,9.73838,2224.12,7.70757,0.0903791,0.1
3960,Baseline,6,Balanced,0,Low,0,Low,0,9.74416,2225.11,7.70801,0.0903607,0.1
3961,Baseline,6,Balanced,0,Low,0,Low,0,9.74138,2224.87,7.70791,0.0901669,0.1
3962,Baseline,6,Balanced,0,Low,0,Low,0,9.70017,2216.29,7.70404,0.0901022,0.1
3963,Baseline,6,Balanced,0,Low,0,Low,0,9.72117,2219.83,7.70564,0.0905126,0.1
3964,Baseline,6,Balanced,0,Low,0,Low,0,9.73187,2222.39,7.70679,0.0902296,0.1
3965,Baseline,6,Balanced,0,Low,0,Low,0,9.75331,2225.75,7.7083,0.0905768,0.1
3966,Baseline,6,Balanced,0,Low,0,Low,0,9.77405,2231.9,7.71106,0.0904456,0.1
3967,Baseline,6,Balanced,0,Low,0,Low,0,9.73693,2223.2,7.70715,0.0903265,0.1
3968,Baseline,6,Balanced,0,Low,0,Low,0,9.74546,2224.51,7.70774,0.0906525,0.1
3969,Baseline,6,Balanced,0,Low,0,Low,0,9.74183,2225.56,7.70821,0.0902117,0.1
3970,Baseline,6,Balanced,0,Low,0,Low,0,9.74514,2226.11,7.70846,0.0903684,0.1
3971,Baseline,6,Balanced,0,Low,0,Low,0,9.75281,2227.02,7.70887,0.0904104,0.1
3972,Baseline,6,Balanced,0,Low,0,Low,0,9.72189,2219.56,7.70551,0.0901968,0.1
3973,Baseline,6,Balanced,0,Low,0,Low,0,9.75626,2228.08,7.70934,0.0902363,0.1
3974,Baseline,6,Balanced,0,Low,0,Low,0,9.78629,2234.42,7.71218,0.0905961,0.1
3975,Baseline,6,Balanced,0,Low,0,Low,0,9.76215,2229.23,7.70986,0.0904958,0.1
3976,Baseline,6,Balanced,0,Low,0,Low,0,9.67842,2209.65,7.70104,0.0901982,0.1
3977,Baseline,6,Balanced,0,Low,0,Low,0,9.71788,2218.72,7.70514,0.0901789,0.1
3978,Baseline,6,Balanced,0,Low,0,Low,0,9.75137,2227.62,7.70914,0.0903786,0.1
3979,Baseline,6,Balanced,0,Low,0,Low,0,9.73813,2225.25,7.70808,0.0903332,0.1
3980,Baseline,6,Balanced,0,Low,0,Low,0,9.78413,2234.36,7.71216,0.0905179,0.1
3981,Baseline,6,Balanced,0,Low,0,Low,0,9.75597,2227.83,7.70923,0.0903212,0.1
3982,Baseline,6,Balanced,0,Low,0,Low,0,9.7378,2224,7.70751,0.0904668,0.1
3983,Baseline,6,Balanced,0,Low,0,Low,0,9.76096,2228.84,7.70968,0.090395,0.1
3984,Baseline,6,Balanced,0,Low,0,Low,0,9.77741,2230.86,7.71059,0.0905941,0.1
3985,Baseline,6,Balanced,0,Low,0,Low,0,9.74579,2225.11,7.70801,0.0903313,0.1
3986,Baseline,6,Balanced,0,Low,0,Low,0,9.73534,2222.58,7.70687,0.0906689,0.1
3987,Baseline,6,Balanced,0,Low,0,Low,0,9.73828,2224.48,7.70773,0.0904133,0.1
3988,Baseline,6,Balanced,0,Low,0,Low,0,9.73724,2223.6,7.70733,0.0903299,0.1
3989,Baseline,6,Balanced,0,Low,0,Low,0,9.69951,2214.68,7.70332,0.090054,0.1
3990,Baseline,6,Balanced,0,Low,0,Low,0,9.75443,2227.93,7.70928,0.0902686,0.1
3991,Baseline,6,Balanced,0,Low,0,Low,0,9.73244,2223.7,7.70738,0.0902334,0.1
3992,Baseline,6,Balanced,0,Low,0,Low,0,9.74473,2226.25,7.70852,0.0900198,0.1
3993,Baseline,6,Balanced,0,Low,0,Low,0,9.72263,2220.48,7.70593,0.0902136,0.1
3994,Baseline,6,Balanced,0,Low,0,Low,0,9.71189,2219.06,7.70529,0.09004,0.1
3995,Baseline,6,Balanced,0,Low,0,Low,0,9.71104,2217.68,7.70467,0.0900092,0.1
3996,Baseline,6,Balanced,0,Low,0,Low,0,9.7407,2224.33,7.70766,0.0904287,0.1
3997,Baseline,6,Balanced,0,Low,0,Low,0,9.7453,2224.21,7.70761,0.0903057,0.1
3998,Baseline,6,Balanced,0,Low,0,Low,0,9.72972,2220.94,7.70614,0.0904639,0.1
3999,Baseline,6,Balanced,0,Low,0,Low,0,9.70227,2215.46,7.70367,0.0901456,0.1
4000,Baseline,6,Balanced,0,Low,0,Low,0,9.73456,2222.77,7.70696,0.0904967,0.1
4001,Baseline,6,Balanced,0,Low,0,Low,0,9.68517,2211.34,7.7018,0.0902228,0.1
4002,Baseline,6,Balanced,0,Low,0,Low,0,9.76603,2230.37,7.71037,0.0905478,0.1
4003,Baseline,6,Balanced,0,Low,0,Low,0,9.70575,2215.73,7.70379,0.0903554,0.1
4004,Baseline,6,Balanced,0,Low,0,Low,0,9.75027,2226.02,7.70842,0.0905285,0.1
4005,Baseline,6,Balanced,0,Low,0,Low,0,9.76103,2229.4,7.70994,0.0904634,0.1
4006,Baseline,6,Balanced,0,Low,0,Low,0,9.70893,2219,7.70526,0.0902156,0.1
4007,Baseline,6,Balanced,0,Low,0,Low,0,9.71282,2218.69,7.70512,0.0901693,0.1
4008,Baseline,6,Balanced,0,Low,0,Low,0,9.79208,2235.23,7.71255,0.0906081,0.1
4009,Baseline,6,Balanced,0,Low,0,Low,0,9.71438,2220.02,7.70572,0.0902276,0.1
4010,Baseline,6,Balanced,0,Low,0,Low,0,9.72554,2222.26,7.70673,0.090178,0.1
4011,Baseline,6,Balanced,0,Low,0,Low,0,9.73023,2220.91,7.70612,0.0903983,0.1
4012,Baseline,6,Balanced,0,Low,0,Low,0,9.69224,2214.93,7.70343,0.0901191,0.1
4013,Baseline,6,Balanced,0,Low,0,Low,0,9.75237,2227.29,7.70899,0.090762,0.1
4014,Baseline,6,Balanced,0,Low,0,Low,0,9.74734,2225.14,7.70802,0.0904668,0.1
4015,Baseline,6,Balanced,0,Low,0,Low,0,9.72699,2220.87,7.70611,0.0905117,0.1
4016,Baseline,6,Balanced,0,Low,0,Low,0,9.74151,2225.69,7.70827,0.0902715,0.1
4017,Baseline,6,Balanced,0,Low,0,Low,0,9.72049,2219.59,7.70553,0.0904331,0.1
4018,Baseline,6,Balanced,0,Low,0,Low,0,9.72043,2219.77,7.70561,0.0903014,0.1
4019,Baseline,6,Balanced,0,Low,0,Low,0,9.7663,2230.84,7.71058,0.0903786,0.1
4020,Baseline,6,Balanced,0,Low,0,Low,0,9.77692,2232.76,7.71144,0.0904572,0.1
4021,Baseline,6,Balanced,0,Low,0,Low,0,9.70679,2216.06,7.70394,0.0904229,0.1
4022,Baseline,6,Balanced,0,Low,0,Low,0,9.74966,2227.38,7.70903,0.090257,0.1
4023,Baseline,6,Balanced,0,Low,0,Low,0,9.75201,2226.43,7.7086,0.0905642,0.1
4024,Baseline,6,Balanced,0,Low,0,Low,0,9.73739,2224.73,7.70784,0.0903791,0.1
4025,Baseline,6,Balanced,0,Low,0,Low,0,9.7323,2221.8,7.70652,0.0903955,0.1
4026,Baseline,6,Balanced,0,Low,0,Low,0,9.74538,2225.73,7.70829,0.0902257,0.1
4027,Baseline,6,Balanced,0,Low,0,Low,0,9.7079,2218.46,7.70502,0.0902874,0.1
4028,Baseline,6,Balanced,0,Low,0,Low,0,9.75433,2227.84,7.70924,0.0903525,0.1
4029,Baseline,6,Balanced,0,Low,0,Low,0,9.70422,2215.35,7.70362,0.0901172,0.1
4030,Baseline,6,Balanced,0,Low,0,Low,0,9.73415,2222.7,7.70693,0.0901982,0.1
4031,Baseline,6,Balanced,0,Low,0,Low,0,9.72257,2220.01,7.70572,0.0906351,0.1
4032,Baseline,6,Balanced,0,Low,0,Low,0,9.72187,2221.3,7.7063,0.0902508,0.1
4033,Baseline,6,Balanced,0,Low,0,Low,0,9.74079,2225.65,7.70825,0.0903983,0.1
4034,Baseline,6,Balanced,0,Low,0,Low,0,9.77256,2231.31,7.71079,0.0905314,0.1
4035,Baseline,6,Balanced,0,Low,0,Low,0,9.69856,2214.98,7.70345,0.0903139,0.1
4036,Baseline,6,Balanced,0,Low,0,Low,0,9.67399,2210.33,7.70135,0.0900709,0.1
4037,Baseline,6,Balanced,0,Low,0,Low,0,9.71335,2218,7.70481,0.0904162,0.1
4038,Baseline,6,Balanced,0,Low,0,Low,0,9.73309,2224.19,7.7076,0.0903197,0.1
4039,Baseline,6,Balanced,0,Low,0,Low,0,9.74602,2226.39,7.70858,0.0903019,0.1
4040,Baseline,6,Balanced,0,Low,0,Low,0,9.73038,2221.25,7.70627,0.0905117,0.1
4041,Baseline,6,Balanced,0,Low,0,Low,0,9.70557,2215.22,7.70356,0.0903545,0.1
4042,Baseline,6,Balanced,0,Low,0,Low,0,9.76828,2230.54,7.71045,0.0903554,0.1
4043,Baseline,6,Balanced,0,Low,0,Low,0,9.70261,2216.17,7.70399,0.0900101,0.1
4044,Baseline,6,Balanced,0,Low,0,Low,0,9.76156,2230.05,7.71023,0.0904895,0.1
4045,Baseline,6,Balanced,0,Low,0,Low,0,9.77471,2232.25,7.71121,0.0903226,0.1
4046,Baseline,6,Balanced,0,Low,0,Low,0,9.69588,2214.96,7.70344,0.0901379,0.1
4047,Baseline,6,Balanced,0,Low,0,Low,0,9.7545,2227.46,7.70907,0.0903631,0.1
4048,Baseline,6,Balanced,0,Low,0,Low,0,9.70081,2215.73,7.70379,0.0902358,0.1
4049,Baseline,6,Balanced,0,Low,0,Low,0,9.79442,2236.81,7.71325,0.0905387,0.1
4050,Baseline,6,Balanced,0,Low,0,Low,0,9.76597,2228.97,7.70974,0.0906559,0.1
4051,Baseline,6,Balanced,0,Low,0,Low,0,9.79112,2236.29,7.71302,0.0904196,0.1
4052,Baseline,6,Balanced,0,Low,0,Low,0,9.75024,2226.46,7.70862,0.0905175,0.1
4053,Baseline,6,Balanced,0,Low,0,Low,0,9.69896,2214.32,7.70315,0.0901996,0.1
4054,Baseline,6,Balanced,0,Low,0,Low,0,9.71347,2218.89,7.70521,0.0903405,0.1
4055,Baseline,6,Balanced,0,Low,0,Low,0,9.72928,2223,7.70706,0.0901427,0.1
4056,Baseline,6,Balanced,0,Low,0,Low,0,9.74817,2226.26,7.70853,0.0902918,0.1
4057,Baseline,6,Balanced,0,Low,0,Low,0,9.69696,2215.32,7.7036,0.0903409,0.1
4058,Baseline,6,Balanced,0,Low,0,Low,0,9.75347,2227.14,7.70892,0.0905961,0.1
4059,Baseline,6,Balanced,0,Low,0,Low,0,9.75465,2227.06,7.70889,0.0902787,0.1
4060,Baseline,6,Balanced,0,Low,0,Low,0,9.73252,2222.92,7.70703,0.0903328,0.1
4061,Baseline,6,Balanced,0,Low,0,Low,0,9.70132,2215.16,7.70353,0.0904572,0.1
4062,Baseline,6,Balanced,0,Low,0,Low,0,9.76113,2229.75,7.71009,0.0904692,0.1
4063,Baseline,6,Balanced,0,Low,0,Low,0,9.76024,2227.39,7.70903,0.0907229,0.1
4064,Baseline,6,Balanced,0,Low,0,Low,0,9.73888,2224.43,7.7077,0.0901649,0.1
4065,Baseline,6,Balanced,0,Low,0,Low,0,9.70897,2217.59,7.70463,0.0904442,0.1
4066,Baseline,6,Balanced,0,Low,0,Low,0,9.71953,2219.03,7.70527,0.0903458,0.1
4067,Baseline,6,Balanced,0,Low,0,Low,0,9.72035,2220.09,7.70575,0.0903911,0.1
4068,Baseline,6,Balanced,0,Low,0,Low,0,9.78855,2235.7,7.71276,0.0905358,0.1
4069,Baseline,6,Balanced,0,Low,0,Low,0,9.76468,2231.48,7.71087,0.0902821,0.1
4070,Baseline,6,Balanced,0,Low,0,Low,0,9.74737,2226.24,7.70852,0.0903704,0.1
4071,Baseline,6,Balanced,0,Low,0,Low,0,9.77043,2232.38,7.71127,0.0903974,0.1
4072,Baseline,6,Balanced,0,Low,0,Low,0,9.72139,2221.53,7.7064,0.0902599,0.1
4073,Baseline,6,Balanced,0,Low,0,Low,0,9.76299,2230.74,7.71054,0.0902932,0.1
4074,Baseline,6,Balanced,0,Low,0,Low,0,9.72566,2220.64,7.706,0.0903356,0.1
4075,Baseline,6,Balanced,0,Low,0,Low,0,9.77974,2233.28,7.71167,0.0905213,0.1
4076,Baseline,6,Balanced,0,Low,0,Low,0,9.68269,2210.85,7.70159,0.0902276,0.1
4077,Baseline,6,Balanced,0,Low,0,Low,0,9.67904,2210.25,7.70131,0.0902387,0.1
4078,Baseline,6,Balanced,0,Low,0,Low,0,9.74945,2225.71,7.70828,0.090449,0.1
4079,Baseline,6,Balanced,0,Low,0,Low,0,9.77827,2233.28,7.71168,0.0904731,0.1
4080,Baseline,6,Balanced,0,Low,0,Low,0,9.77725,2233.32,7.71169,0.0904403,0.1
4081,Baseline,6,Balanced,0,Low,0,Low,0,9.75346,2227.22,7.70896,0.0901659,0.1
4082,Baseline,6,Balanced,0,Low,0,Low,0,9.72769,2221.3,7.7063,0.0904162,0.1
4083,Baseline,6,Balanced,0,Low,0,Low,0,9.71167,2218.44,7.70501,0.0900598,0.1
4084,Baseline,6,Balanced,0,Low,0,Low,0,9.71631,2217.47,7.70457,0.0903935,0.1
4085,Baseline,6,Balanced,0,Low,0,Low,0,9.7495,2225.59,7.70823,0.0903911,0.1
4086,Baseline,6,Balanced,0,Low,0,Low,0,9.68323,2211.96,7.70208,0.0902479,0.1
4087,Baseline,6,Balanced,0,Low,0,Low,0,9.711,2216.78,7.70426,0.0903164,0.1
4088,Baseline,6,Balanced,0,Low,0,Low,0,9.78177,2233.05,7.71157,0.0905763,0.1
4089,Baseline,6,Balanced,0,Low,0,Low,0,9.75153,2226.05,7.70843,0.0906115,0.1
4090,Baseline,6,Balanced,0,Low,0,Low,0,9.78001,2233.26,7.71166,0.0905758,0.1
4091,Baseline,6,Balanced,0,Low,0,Low,0,9.74102,2224.04,7.70753,0.0902869,0.1
4092,Baseline,6,Balanced,0,Low,0,Low,0,9.74747,2224.73,7.70784,0.0905194,0.1
4093,Baseline,6,Balanced,0,Low,0,Low,0,9.70668,2217.34,7.70452,0.0902079,0.1
4094,Baseline,6,Balanced,0,Low,0,Low,0,9.72142,2220.56,7.70597,0.0903757,0.1
4095,Baseline,6,Balanced,0,Low,0,Low,0,9.74268,2225.06,7.70799,0.0902001,0.1
4096,Baseline,6,Balanced,0,Low,0,Low,0,9.74834,2226.76,7.70875,0.0903607,0.1
4096,Baseline,6,Balanced,0,Low,0,Low,0,9.74834,2226.76,7.70875,0.0903607,0.1
4096,Baseline,6,Balanced,0,Low,0,Low,0,9.74834,2226.76,7.70875,0.0903607,0.1
4096,Baseline,6,Balanced,0,Low,0,Low,0,9.74834,2226.76,7.70875,0.0903607,0.1
4096,Baseline,6,Balanced,0,Low,0,Low,0,9.74834,2226.76,7.70875,0.0903607,0.1
4096,Baseline,6,Balanced,0,Low,0,Low,0,9.74834,2226.76,7.70875,0.0903607,0.1
4096,Baseline,6,Balanced,0,Low,0,Low,0,9.74834,2226.76,7.70875,0.0903607,0.1
4096,Baseline,6,Balanced,0,Low,0,Low,0,9.74834,2226.76,7.70875,0.0903607,0.1
4096,Baseline,6,Balanced,0,Low,0,Low,0,9.74834,2226.76,7.70875,0.0903607,0.1
4096,Baseline,6,Balanced,0,Low,0,Low,0,9.74834,2226.76,7.70875,0.0903607,0.1
4096,Baseline,6,Balanced,0,Low,0,Low,0,9.74834,2226.76,7.70875,0.0903607,0.1
4096,Baseline,6,Balanced,0,Low,0,Low,0,9.74834,2226.76,7.70875,0.0903607,0.1
4096,Baseline,6,Balanced,0,Low,0,Low,0,9.74834,2226.76,7.70875,0.0903607,0.1
4096,Baseline,6,Balanced,0,Low,0,Low,0,9.74834,2226.76,7.70875,0.0903607,0.1
4096,Baseline,6,Balanced,0,Low,0,Low,0,9.74834,2226.76,7.70875,0.0903607,0.1
