Iteration,Using RL?,State,Action,Reward,Variance Bucket,Variance Bucket Index,Next Variance Bucket Index,Next Variance Bucket Index,Mean Luminance,Luminance Variance,Log Luminance Variance,Bright Pixel Ratio,Epsilon
1,RL,0,BSDF Heavy,0,Low,0,Low,0,9.74697,2225.98,7.7084,0.0904755,0.049995
2,RL,0,BSDF Heavy,0.00382233,Low,0,Low,0,9.71488,2217.49,7.70458,0.0894801,0.04999
3,RL,0,Balanced,-0.0062809,Low,0,Low,0,9.77569,2231.46,7.71086,0.0896726,0.049985
4,RL,0,Balanced,0.00284863,Low,0,Low,0,9.73939,2225.11,7.70801,0.0903342,0.04998
5,RL,0,Balanced,-0.00189304,Low,0,Low,0,9.75753,2229.33,7.70991,0.0904234,0.049975
6,RL,0,Balanced,6.67572e-05,Low,0,Low,0,9.75907,2229.18,7.70984,0.0902527,0.04997
7,RL,0,Balanced,0.00150537,Low,0,Low,0,9.74367,2225.83,7.70833,0.0904094,0.049965
8,RL,0,Light Heavy,-0.003654,Low,0,Low,0,9.78636,2233.98,7.71199,0.0903887,0.04996
9,RL,0,Light Heavy,0.000876904,Low,0,Low,0,9.76807,2232.02,7.71111,0.0873085,0.049955
10,RL,0,Light Heavy,0.00226068,Low,0,Low,0,9.74674,2226.98,7.70885,0.0869845,0.04995
11,RL,0,Balanced,0.00688982,Low,0,Low,0,9.67752,2211.68,7.70196,0.086779,0.049945
12,RL,0,Light Heavy,-0.00886631,Low,0,Low,0,9.76998,2231.39,7.71083,0.090313,0.04994
13,RL,0,Light Heavy,0.004457,Low,0,Low,0,9.72042,2221.46,7.70637,0.0871465,0.049935
14,RL,0,Light Heavy,0.00214529,Low,0,Low,0,9.7021,2216.7,7.70422,0.0868244,0.04993
15,RL,0,Light Heavy,-0.00371599,Low,0,Low,0,9.74088,2224.95,7.70794,0.0871118,0.0499251
16,RL,0,Light Heavy,0.00422525,Low,0,Low,0,9.70241,2215.57,7.70371,0.0870274,0.0499201
17,RL,0,Light Heavy,-0.0037322,Low,0,Low,0,9.73485,2223.86,7.70745,0.0871851,0.0499151
18,RL,0,Light Heavy,0.000174522,Low,0,Low,0,9.73226,2223.47,7.70727,0.0872907,0.0499101
19,RL,0,Light Heavy,0.000484943,Low,0,Low,0,9.72418,2222.39,7.70679,0.087105,0.0499051
20,RL,0,Light Heavy,-0.00381374,Low,0,Low,0,9.75717,2230.88,7.7106,0.0870284,0.0499001
21,RL,0,Light Heavy,0.00301409,Low,0,Low,0,9.72871,2224.17,7.70759,0.0871243,0.0498951
22,RL,0,Light Heavy,-0.00173855,Low,0,Low,0,9.74609,2228.04,7.70933,0.0871504,0.0498901
23,RL,0,Light Heavy,0.00353479,Low,0,Low,0,9.71865,2220.17,7.70579,0.0871798,0.0498851
24,RL,0,Light Heavy,-0.00103712,Low,0,Low,0,9.73372,2222.48,7.70683,0.0870404,0.0498801
25,RL,0,Light Heavy,0.00137711,Low,0,Low,0,9.70853,2219.42,7.70545,0.0869777,0.0498752
26,RL,0,Light Heavy,-0.00639677,Low,0,Low,0,9.77245,2233.67,7.71185,0.0872444,0.0498702
27,RL,0,Light Heavy,0.00693464,Low,0,Low,0,9.70824,2218.22,7.70491,0.0870221,0.0498652
28,RL,0,Light Heavy,-0.00490427,Low,0,Low,0,9.75703,2229.13,7.70982,0.0873153,0.0498602
29,RL,0,Light Heavy,0.000497341,Low,0,Low,0,9.75777,2228.03,7.70932,0.0872516,0.0498552
30,RL,0,Light Heavy,0.00180578,Low,0,Low,0,9.72699,2224.01,7.70751,0.0870496,0.0498502
31,RL,0,Light Heavy,-6.53267e-05,Low,0,Low,0,9.73871,2224.15,7.70758,0.0870978,0.0498452
32,RL,0,Light Heavy,-0.00379181,Low,0,Low,0,9.77427,2232.6,7.71137,0.0872193,0.0498403
33,RL,0,Light Heavy,0.00411987,Low,0,Low,0,9.72631,2223.42,7.70725,0.0870018,0.0498353
34,RL,0,Light Heavy,0.00122452,Low,0,Low,0,9.7174,2220.7,7.70603,0.0871316,0.0498303
35,RL,0,Light Heavy,-0.00545311,Low,0,Low,0,9.77309,2232.85,7.71148,0.0872724,0.0498253
36,RL,0,Light Heavy,0.00684309,Low,0,Low,0,9.70762,2217.61,7.70464,0.0871099,0.0498203
37,RL,0,Light Heavy,-0.00379753,Low,0,Low,0,9.74635,2226.05,7.70843,0.0871267,0.0498153
38,RL,0,Light Heavy,0.00684643,Low,0,Low,0,9.67961,2210.86,7.70159,0.0868234,0.0498104
39,RL,0,Light Heavy,-0.00503969,Low,0,Low,0,9.72311,2222.03,7.70663,0.0869743,0.0498054
40,RL,0,Light Heavy,-0.000199795,Low,0,Low,0,9.72706,2222.48,7.70683,0.0872227,0.0498004
41,RL,0,Light Heavy,0.00200796,Low,0,Low,0,9.70199,2218.02,7.70482,0.0869864,0.0497954
42,RL,0,Light Heavy,-0.00596714,Low,0,Low,0,9.76112,2231.3,7.71079,0.0870467,0.0497904
43,RL,0,Light Heavy,0.00240231,Low,0,Low,0,9.73644,2225.94,7.70838,0.0872213,0.0497855
44,RL,0,Light Heavy,-0.00218725,Low,0,Low,0,9.76102,2230.82,7.71057,0.0870857,0.0497805
45,RL,0,Light Heavy,0.00264597,Low,0,Low,0,9.73631,2224.92,7.70793,0.087255,0.0497755
46,RL,0,Light Heavy,0.00126839,Low,0,Low,0,9.72758,2222.1,7.70666,0.0871026,0.0497705
47,RL,0,Light Heavy,0.00177383,Low,0,Low,0,9.7114,2218.16,7.70488,0.0869932,0.0497656
48,RL,0,Light Heavy,-0.00496578,Low,0,Low,0,9.75384,2229.21,7.70985,0.0871687,0.0497606
49,RL,0,Light Heavy,-0.00284004,Low,0,Low,0,9.78327,2235.55,7.71269,0.0871841,0.0497556
50,RL,0,Light Heavy,0.00270605,Low,0,Low,0,9.75784,2229.51,7.70998,0.0871576,0.0497506
51,RL,0,Light Heavy,-0.00064373,Low,0,Low,0,9.7619,2230.94,7.71063,0.0873548,0.0497456
52,RL,0,Light Heavy,0.00239086,Low,0,Low,0,9.74737,2225.61,7.70824,0.087243,0.0497407
53,RL,0,Light Heavy,0.00171995,Low,0,Low,0,9.72001,2221.78,7.70652,0.0871576,0.0497357
54,RL,0,Light Heavy,-0.00433588,Low,0,Low,0,9.77002,2231.44,7.71085,0.0873857,0.0497307
55,RL,0,Light Heavy,0.00509787,Low,0,Low,0,9.71466,2220.09,7.70575,0.0868822,0.0497258
56,RL,0,Light Heavy,-0.0055151,Low,0,Low,0,9.7719,2232.38,7.71127,0.0875121,0.0497208
57,RL,0,Light Heavy,0.00270748,Low,0,Low,0,9.74373,2226.34,7.70856,0.0870057,0.0497158
58,RL,0,Light Heavy,-0.00144386,Low,0,Low,0,9.76148,2229.56,7.71001,0.087297,0.0497108
59,RL,0,Light Heavy,0.0011282,Low,0,Low,0,9.75389,2227.04,7.70888,0.0872849,0.0497059
60,RL,0,Light Heavy,-0.000203133,Low,0,Low,0,9.74565,2227.49,7.70908,0.0871388,0.0497009
61,RL,0,Light Heavy,-0.00342464,Low,0,Low,0,9.78151,2235.14,7.71251,0.0873727,0.0496959
62,RL,0,Light Heavy,0.00718594,Low,0,Low,0,9.71198,2219.13,7.70532,0.0868707,0.049691
63,RL,0,Light Heavy,-0.00164747,Low,0,Low,0,9.73011,2222.79,7.70697,0.0871388,0.049686
64,RL,0,Light Heavy,-0.00300598,Low,0,Low,0,9.76321,2229.48,7.70997,0.0874074,0.049681
65,RL,0,Light Heavy,0.00175571,Low,0,Low,0,9.73479,2225.57,7.70822,0.0871986,0.0496761
66,RL,0,Light Heavy,-0.000390053,Low,0,Low,0,9.74167,2226.44,7.70861,0.0870679,0.0496711
67,RL,0,Light Heavy,-0.00475264,Low,0,Low,0,9.78969,2237.05,7.71336,0.0874532,0.0496661
68,RL,0,Light Heavy,0.00503731,Low,0,Low,0,9.73942,2225.8,7.70832,0.0872492,0.0496612
69,RL,0,Light Heavy,-0.000579357,Low,0,Low,0,9.75338,2227.09,7.7089,0.0873351,0.0496562
70,RL,0,Light Heavy,0.0015645,Low,0,Low,0,9.73421,2223.61,7.70734,0.0873008,0.0496512
71,RL,0,Light Heavy,0.00321388,Low,0,Low,0,9.70154,2216.47,7.70412,0.0867535,0.0496463
72,RL,0,Light Heavy,-0.00195312,Low,0,Low,0,9.72337,2220.81,7.70608,0.0872232,0.0496413
73,RL,0,Light Heavy,-0.00126171,Low,0,Low,0,9.73174,2223.61,7.70734,0.0870177,0.0496363
74,RL,0,Light Heavy,0.00155878,Low,0,Low,0,9.71815,2220.15,7.70578,0.0871002,0.0496314
75,RL,0,Light Heavy,-0.00648212,Low,0,Low,0,9.78844,2234.59,7.71226,0.0873664,0.0496264
76,RL,0,Light Heavy,0.00526428,Low,0,Low,0,9.72765,2222.85,7.707,0.0871142,0.0496214
77,RL,0,Light Heavy,0.0051651,Low,0,Low,0,9.67699,2211.4,7.70183,0.0869092,0.0496165
78,RL,0,Light Heavy,-0.00790834,Low,0,Low,0,9.75644,2228.96,7.70974,0.0872999,0.0496115
79,RL,0,Light Heavy,0.00284243,Low,0,Low,0,9.72985,2222.63,7.7069,0.0870954,0.0496066
80,RL,0,Light Heavy,-0.00751877,Low,0,Low,0,9.80546,2239.42,7.71442,0.0873042,0.0496016
81,RL,0,Light Heavy,0.00183773,Low,0,Low,0,9.78793,2235.3,7.71258,0.0872275,0.0495966
82,RL,0,Light Heavy,0.0053978,Low,0,Low,0,9.73117,2223.26,7.70718,0.0870573,0.0495917
83,RL,0,Light Heavy,-0.00139332,Low,0,Low,0,9.74445,2226.37,7.70857,0.0870756,0.0495867
84,RL,0,Light Heavy,0.000579357,Low,0,Low,0,9.73467,2225.08,7.708,0.087079,0.0495818
85,RL,0,Light Heavy,0.00336361,Low,0,Low,0,9.70416,2217.6,7.70463,0.0870115,0.0495768
86,RL,0,Light Heavy,-0.00322819,Low,0,Low,0,9.73566,2224.77,7.70786,0.087229,0.0495718
87,RL,0,Light Heavy,0.000246525,Low,0,Low,0,9.7347,2224.23,7.70761,0.0871055,0.0495669
88,RL,0,Balanced,-0.00198889,Low,0,Low,0,9.75071,2228.66,7.7096,0.0869068,0.0495619
89,RL,0,Light Heavy,-0.00299168,Low,0,Low,0,9.78423,2235.34,7.71259,0.0907007,0.049557
90,RL,0,Light Heavy,0.0091157,Low,0,Low,0,9.69672,2215.04,7.70348,0.0868644,0.049552
91,RL,0,Light Heavy,-0.00333929,Low,0,Low,0,9.73351,2222.46,7.70682,0.0872994,0.0495471
92,RL,0,Light Heavy,-0.00381947,Low,0,Low,0,9.76454,2230.96,7.71064,0.0872676,0.0495421
93,RL,0,Light Heavy,0.00226402,Low,0,Low,0,9.7402,2225.92,7.70837,0.0871769,0.0495372
94,RL,0,Light Heavy,0.00368834,Low,0,Low,0,9.70358,2217.72,7.70468,0.0870303,0.0495322
95,RL,0,Light Heavy,-0.00504971,Low,0,Low,0,9.7521,2228.95,7.70973,0.0870327,0.0495273
96,RL,0,Light Heavy,0.00055933,Low,0,Low,0,9.75155,2227.7,7.70918,0.0873163,0.0495223
97,RL,0,Light Heavy,0.00126934,Low,0,Low,0,9.73808,2224.88,7.70791,0.0872367,0.0495173
98,RL,0,Light Heavy,-0.00115871,Low,0,Low,0,9.74979,2227.46,7.70906,0.0871653,0.0495124
99,RL,0,Light Heavy,0.00298309,Low,0,Low,0,9.72686,2220.82,7.70608,0.0872502,0.0495074
100,RL,0,Light Heavy,-0.00243759,Low,0,Low,0,9.74328,2226.24,7.70852,0.0871046,0.0495025
101,RL,0,Light Heavy,-0.000252724,Low,0,Low,0,9.74606,2226.8,7.70877,0.0871861,0.0494975
102,RL,0,Light Heavy,-0.000934124,Low,0,Low,0,9.7551,2228.89,7.70971,0.0873573,0.0494926
103,RL,0,Light Heavy,0.00508738,Low,0,Low,0,9.70307,2217.57,7.70462,0.0870255,0.0494876
104,RL,0,Light Heavy,-0.00274277,Low,0,Low,0,9.7258,2223.66,7.70736,0.08697,0.0494827
105,RL,0,Light Heavy,-0.000626087,Low,0,Low,0,9.73452,2225.06,7.70799,0.0871417,0.0494777
106,RL,0,Light Heavy,7.39098e-05,Low,0,Low,0,9.73861,2224.89,7.70791,0.087297,0.0494728
107,RL,0,Light Heavy,0.00493479,Low,0,Low,0,9.68728,2213.94,7.70298,0.0867636,0.0494679
108,RL,0,Light Heavy,-0.00499868,Low,0,Low,0,9.73521,2225.03,7.70798,0.0869975,0.0494629
109,RL,0,Light Heavy,0.00182724,Low,0,Low,0,9.72308,2220.97,7.70615,0.0869097,0.049458
110,RL,0,Light Heavy,-0.00340939,Low,0,Low,0,9.75237,2228.56,7.70956,0.0870062,0.049453
111,RL,0,Light Heavy,0.00513029,Low,0,Low,0,9.69865,2217.15,7.70443,0.0869893,0.0494481
112,RL,0,Light Heavy,0.000169754,Low,0,Low,0,9.7079,2216.77,7.70426,0.0872589,0.0494431
113,RL,0,Light Heavy,-0.00962257,Low,0,Low,0,9.79894,2238.22,7.71388,0.0874498,0.0494382
114,RL,0,Light Heavy,0.0093894,Low,0,Low,0,9.70302,2217.29,7.70449,0.087052,0.0494332
115,RL,0,Light Heavy,-0.00127602,Low,0,Low,0,9.71874,2220.12,7.70577,0.0869637,0.0494283
116,RL,0,Light Heavy,-0.00247622,Low,0,Low,0,9.73757,2225.63,7.70824,0.0872979,0.0494234
117,RL,0,Light Heavy,-0.001019,Low,0,Low,0,9.75638,2227.9,7.70926,0.087228,0.0494184
118,RL,0,Light Heavy,-0.00121403,Low,0,Low,0,9.76906,2230.61,7.71048,0.0873023,0.0494135
119,RL,0,Light Heavy,0.0027585,Low,0,Low,0,9.73792,2224.46,7.70772,0.0872497,0.0494085
120,RL,0,Light Heavy,-0.0026226,Low,0,Low,0,9.76378,2230.31,7.71034,0.0873843,0.0494036
121,RL,0,Light Heavy,0.00375366,Low,0,Low,0,9.72517,2221.94,7.70659,0.0869362,0.0493986
122,RL,0,Light Heavy,0.00486851,Low,0,Low,0,9.67704,2211.15,7.70172,0.0869859,0.0493937
123,RL,0,Light Heavy,-0.00940657,Low,0,Low,0,9.76457,2232.06,7.71113,0.0873659,0.0493888
124,RL,0,Light Heavy,0.0038662,Low,0,Low,0,9.73257,2223.44,7.70726,0.0871875,0.0493838
125,RL,0,Light Heavy,0.00442743,Low,0,Low,0,9.68474,2213.61,7.70283,0.0868871,0.0493789
126,RL,0,Light Heavy,-0.00361776,Low,0,Low,0,9.71898,2221.64,7.70645,0.087065,0.049374
127,RL,0,Light Heavy,-6.24657e-05,Low,0,Low,0,9.72382,2221.78,7.70651,0.0870684,0.049369
128,RL,0,Light Heavy,-0.00679588,Low,0,Low,0,9.79084,2236.93,7.71331,0.0873457,0.0493641
129,RL,0,Light Heavy,0.00524473,Low,0,Low,0,9.74166,2225.23,7.70806,0.0872266,0.0493591
130,RL,0,Light Heavy,0.000480175,Low,0,Low,0,9.73169,2224.16,7.70758,0.0869898,0.0493542
131,RL,0,Light Heavy,0.00403595,Low,0,Low,0,9.69749,2215.2,7.70355,0.0870853,0.0493493
132,RL,0,Light Heavy,-0.00716925,Low,0,Low,0,9.7641,2231.14,7.71072,0.0873172,0.0493443
133,RL,0,Light Heavy,0.000751972,Low,0,Low,0,9.75513,2229.46,7.70997,0.0870718,0.0493394
134,RL,0,Light Heavy,0.00680399,Low,0,Low,0,9.69418,2214.34,7.70316,0.0868514,0.0493345
135,RL,0,Light Heavy,-0.00431776,Low,0,Low,0,9.73524,2223.93,7.70748,0.0869406,0.0493295
136,RL,0,Light Heavy,-0.00280476,Low,0,Low,0,9.75794,2230.18,7.71028,0.0872999,0.0493246
137,RL,0,Light Heavy,2.71797e-05,Low,0,Low,0,9.75283,2230.11,7.71026,0.086998,0.0493197
138,RL,0,Light Heavy,-0.000692844,Low,0,Low,0,9.77166,2231.66,7.71095,0.0870274,0.0493147
139,RL,0,Light Heavy,0.00298214,Low,0,Low,0,9.7308,2225.01,7.70797,0.0870833,0.0493098
140,RL,0,Light Heavy,-0.0016408,Low,0,Low,0,9.76204,2228.67,7.70961,0.0873163,0.0493049
141,RL,0,Light Heavy,0.00782347,Low,0,Low,0,9.67663,2211.29,7.70178,0.0870689,0.0492999
142,RL,0,Light Heavy,-0.00989914,Low,0,Low,0,9.77585,2233.3,7.71168,0.0875106,0.049295
143,RL,0,Light Heavy,0.0032835,Low,0,Low,0,9.73938,2225.98,7.7084,0.0871127,0.0492901
144,RL,0,Light Heavy,-0.00554466,Low,0,Low,0,9.80064,2238.36,7.71394,0.0875569,0.0492852
145,RL,0,Light Heavy,0.00751209,Low,0,Low,0,9.72868,2221.6,7.70643,0.0872328,0.0492802
146,RL,0,Light Heavy,-0.0043788,Low,0,Low,0,9.76837,2231.35,7.71081,0.0872483,0.0492753
147,RL,0,Light Heavy,-0.00396442,Low,0,Low,0,9.80706,2240.22,7.71478,0.0874633,0.0492704
148,RL,0,Light Heavy,0.0110321,Low,0,Low,0,9.70591,2215.63,7.70374,0.087025,0.0492655
149,RL,0,Light Heavy,-0.00617266,Low,0,Low,0,9.75265,2229.36,7.70992,0.0871976,0.0492605
150,RL,0,Light Heavy,-0.00110292,Low,0,Low,0,9.76849,2231.82,7.71102,0.0873597,0.0492556
151,RL,0,Light Heavy,0.00412035,Low,0,Low,0,9.73339,2222.64,7.7069,0.087066,0.0492507
152,RL,0,Light Heavy,0.00652647,Low,0,Low,0,9.66072,2208.17,7.70037,0.0868316,0.0492457
153,RL,0,Light Heavy,-0.00882101,Low,0,Low,0,9.74975,2227.74,7.70919,0.0870558,0.0492408
154,RL,0,Light Heavy,0.00407076,Low,0,Low,0,9.7155,2218.69,7.70512,0.087066,0.0492359
155,RL,0,Light Heavy,-0.00329924,Low,0,Low,0,9.74367,2226.03,7.70842,0.0871952,0.049231
156,RL,0,Light Heavy,-0.000618935,Low,0,Low,0,9.74613,2227.4,7.70904,0.0869594,0.0492261
157,RL,0,Light Heavy,0.00392723,Low,0,Low,0,9.71049,2218.67,7.70511,0.0869237,0.0492211
158,RL,0,Light Heavy,9.20296e-05,Low,0,Low,0,9.70905,2218.47,7.70502,0.0870062,0.0492162
159,RL,0,Light Heavy,-0.00154066,Low,0,Low,0,9.72412,2221.89,7.70656,0.0872097,0.0492113
160,RL,0,Light Heavy,-0.00396299,Low,0,Low,0,9.76652,2230.71,7.71053,0.0873881,0.0492064
161,RL,0,Light Heavy,0.004251,Low,0,Low,0,9.71944,2221.25,7.70627,0.0868716,0.0492014
162,RL,0,Light Heavy,-0.00274706,Low,0,Low,0,9.75267,2227.36,7.70902,0.0871484,0.0491965
163,RL,0,Light Heavy,-0.00262594,Low,0,Low,0,9.77165,2233.22,7.71165,0.0872106,0.0491916
164,RL,0,Light Heavy,0.000352859,Low,0,Low,0,9.77173,2232.43,7.71129,0.0874108,0.0491867
165,RL,0,Light Heavy,0.00467634,Low,0,Low,0,9.72143,2222.01,7.70662,0.0870906,0.0491818
166,RL,0,Light Heavy,-0.00119495,Low,0,Low,0,9.73183,2224.67,7.70781,0.0871137,0.0491769
167,RL,0,Light Heavy,0.00308418,Low,0,Low,0,9.70508,2217.82,7.70473,0.0869295,0.0491719
168,RL,0,Light Heavy,0.000942707,Low,0,Low,0,9.69732,2215.73,7.70379,0.0869739,0.049167
169,RL,0,Light Heavy,-0.000148773,Low,0,Low,0,9.69346,2216.06,7.70394,0.0868731,0.0491621
170,RL,0,Light Heavy,-0.00198317,Low,0,Low,0,9.72383,2220.46,7.70592,0.0870202,0.0491572
171,RL,0,Balanced,-0.00227213,Low,0,Low,0,9.73884,2225.51,7.70819,0.087079,0.0491523
172,RL,0,Light Heavy,-0.00285769,Low,0,Low,0,9.77516,2231.88,7.71105,0.0905078,0.0491474
173,RL,0,Light Heavy,0.00516319,Low,0,Low,0,9.71168,2220.38,7.70588,0.0869382,0.0491424
174,RL,0,Light Heavy,-0.00383902,Low,0,Low,0,9.75764,2228.93,7.70972,0.0870206,0.0491375
175,RL,0,Light Heavy,0.0075655,Low,0,Low,0,9.6778,2212.12,7.70216,0.0868345,0.0491326
176,RL,0,Light Heavy,-0.00429916,Low,0,Low,0,9.72377,2221.65,7.70646,0.0872087,0.0491277
177,RL,0,Light Heavy,0.000697136,Low,0,Low,0,9.71514,2220.11,7.70576,0.0870009,0.0491228
178,RL,0,Light Heavy,0.000769138,Low,0,Low,0,9.71135,2218.4,7.70499,0.0869078,0.0491179
179,RL,0,Light Heavy,0.0013876,Low,0,Low,0,9.69761,2215.32,7.7036,0.086903,0.049113
180,RL,0,Light Heavy,-0.00852585,Low,0,Low,0,9.77472,2234.3,7.71213,0.0870529,0.0491081
181,RL,0,Light Heavy,0.00369215,Low,0,Low,0,9.74577,2226.06,7.70844,0.0872758,0.0491031
182,RL,0,Light Heavy,-0.0014081,Low,0,Low,0,9.7629,2229.2,7.70985,0.087432,0.0490982
183,RL,0,Light Heavy,0.00332546,Low,0,Low,0,9.72228,2221.79,7.70652,0.0871658,0.0490933
184,RL,0,Light Heavy,-0.00231552,Low,0,Low,0,9.75002,2226.95,7.70884,0.0873838,0.0490884
185,RL,0,Light Heavy,0.000986099,Low,0,Low,0,9.73446,2224.75,7.70785,0.0871716,0.0490835
186,RL,0,Light Heavy,-0.0022378,Low,0,Low,0,9.75572,2229.74,7.71009,0.0872343,0.0490786
187,RL,0,Light Heavy,0.00289726,Low,0,Low,0,9.72585,2223.28,7.70719,0.0869816,0.0490737
188,RL,0,Light Heavy,-0.00345278,Low,0,Low,0,9.76723,2230.98,7.71064,0.0872695,0.0490688
189,RL,0,Light Heavy,-0.00156355,Low,0,Low,0,9.77884,2234.47,7.71221,0.087121,0.0490639
190,RL,0,Light Heavy,0.00711584,Low,0,Low,0,9.71139,2218.62,7.70509,0.0872131,0.049059
191,RL,0,Light Heavy,-0.00358963,Low,0,Low,0,9.74181,2226.6,7.70868,0.0869584,0.0490541
192,RL,0,Light Heavy,0.00157833,Low,0,Low,0,9.73397,2223.09,7.7071,0.0872912,0.0490492
193,RL,0,Light Heavy,0.00112581,Low,0,Low,0,9.71718,2220.58,7.70598,0.0870626,0.0490443
194,RL,0,Light Heavy,-0.00247383,Low,0,Low,0,9.73912,2226.09,7.70845,0.0870689,0.0490393
195,RL,0,Light Heavy,0.00166082,Low,0,Low,0,9.73435,2222.39,7.70679,0.0873457,0.0490344
196,RL,0,Light Heavy,-0.000720024,Low,0,Low,0,9.73756,2223.99,7.70751,0.0870886,0.0490295
197,RL,0,Light Heavy,0.00248909,Low,0,Low,0,9.70367,2218.46,7.70502,0.0867438,0.0490246
198,RL,0,Light Heavy,-0.00399971,Low,0,Low,0,9.75205,2227.36,7.70902,0.087201,0.0490197
199,RL,0,Light Heavy,0.00163698,Low,0,Low,0,9.73391,2223.71,7.70738,0.0870804,0.0490148
200,RL,0,Light Heavy,0.00325203,Low,0,Low,0,9.70042,2216.49,7.70413,0.0872092,0.0490099
201,RL,0,Light Heavy,-0.00417566,Low,0,Low,0,9.74411,2225.77,7.70831,0.0872213,0.049005
202,RL,0,Light Heavy,-0.000430584,Low,0,Low,0,9.74365,2226.73,7.70874,0.0870423,0.0490001
203,RL,0,Light Heavy,0.00652122,Low,0,Low,0,9.67943,2212.25,7.70222,0.0868933,0.0489952
204,RL,0,Light Heavy,-0.00169373,Low,0,Low,0,9.70358,2216,7.70391,0.0869121,0.0489903
205,RL,0,Light Heavy,-0.0016489,Low,0,Low,0,9.70847,2219.66,7.70556,0.0871171,0.0489854
206,RL,0,Light Heavy,-0.000501156,Low,0,Low,0,9.72512,2220.77,7.70606,0.0871446,0.0489805
207,RL,0,Light Heavy,-0.00334263,Low,0,Low,0,9.74937,2228.21,7.7094,0.0871976,0.0489756
208,RL,0,Light Heavy,0.00223875,Low,0,Low,0,9.73348,2223.22,7.70716,0.0871103,0.0489707
209,RL,0,Light Heavy,-0.00415134,Low,0,Low,0,9.76687,2232.48,7.71131,0.0873288,0.0489658
210,RL,0,Light Heavy,0.00344706,Low,0,Low,0,9.73433,2224.79,7.70787,0.0871046,0.048961
211,RL,0,Light Heavy,-0.00323772,Low,0,Low,0,9.76741,2232.01,7.71111,0.0873978,0.0489561
212,RL,0,Light Heavy,0.00176668,Low,0,Low,0,9.74651,2228.07,7.70934,0.0871099,0.0489512
213,RL,0,Light Heavy,0.00255108,Low,0,Low,0,9.72376,2222.39,7.70679,0.0871494,0.0489463
214,RL,0,Light Heavy,0.00164366,Low,0,Low,0,9.70942,2218.74,7.70514,0.0867067,0.0489414
215,RL,0,Light Heavy,-0.000904083,Low,0,Low,0,9.722,2220.74,7.70605,0.0869276,0.0489365
216,RL,0,Light Heavy,-0.00177479,Low,0,Low,0,9.74154,2224.69,7.70782,0.0871904,0.0489316
217,RL,0,Light Heavy,0.000972748,Low,0,Low,0,9.72895,2222.53,7.70685,0.0871851,0.0489267
218,RL,0,Light Heavy,-0.000859261,Low,0,Low,0,9.73891,2224.44,7.70771,0.0872463,0.0489218
219,RL,0,Light Heavy,0.00272179,Low,0,Low,0,9.71364,2218.39,7.70499,0.0870761,0.0489169
220,RL,0,Light Heavy,-0.00581121,Low,0,Low,0,9.76636,2231.32,7.7108,0.0873886,0.048912
221,RL,0,Light Heavy,-0.00286818,Low,0,Low,0,9.79047,2237.74,7.71367,0.0872434,0.0489071
222,RL,0,Light Heavy,0.00689697,Low,0,Low,0,9.73011,2222.35,7.70677,0.0870023,0.0489022
223,RL,0,Light Heavy,-0.000847816,Low,0,Low,0,9.73907,2224.24,7.70762,0.0871267,0.0488973
224,RL,0,Light Heavy,0.00321817,Low,0,Low,0,9.70758,2217.08,7.7044,0.0869633,0.0488924
225,RL,0,Light Heavy,-0.000123978,Low,0,Low,0,9.70541,2217.36,7.70452,0.0870038,0.0488876
226,RL,0,Light Heavy,-0.00564337,Low,0,Low,0,9.75922,2229.91,7.71017,0.0871441,0.0488827
227,RL,0,Light Heavy,0.00299644,Low,0,Low,0,9.73083,2223.24,7.70717,0.0869888,0.0488778
228,RL,0,Light Heavy,0.00154352,Low,0,Low,0,9.71272,2219.81,7.70563,0.0870742,0.0488729
229,RL,0,Light Heavy,-0.00326061,Low,0,Low,0,9.74736,2227.06,7.70889,0.0871629,0.048868
230,RL,0,Light Heavy,-0.000669479,Low,0,Low,0,9.75171,2228.55,7.70956,0.0871431,0.0488631
231,RL,0,Light Heavy,0.00265312,Low,0,Low,0,9.72603,2222.65,7.7069,0.0869565,0.0488582
232,RL,0,Light Heavy,0.00159502,Low,0,Low,0,9.71838,2219.1,7.70531,0.0871234,0.0488534
233,RL,0,Light Heavy,-0.00584888,Low,0,Low,0,9.76857,2232.13,7.71116,0.0874277,0.0488485
234,RL,0,Light Heavy,0.00219727,Low,0,Low,0,9.76073,2227.22,7.70896,0.0873809,0.0488436
235,RL,0,Light Heavy,0.00201511,Low,0,Low,0,9.72408,2222.74,7.70695,0.087051,0.0488387
236,RL,0,Light Heavy,0.00269175,Low,0,Low,0,9.7058,2216.76,7.70425,0.0870636,0.0488338
237,RL,0,BSDF Heavy,-0.0106277,Low,0,Low,0,9.81273,2240.46,7.71488,0.087392,0.0488289
238,RL,0,Light Heavy,0.00888157,Low,0,Low,0,9.72636,2220.64,7.706,0.0895337,0.048824
239,RL,0,BSDF Heavy,-0.00152922,Low,0,Low,0,9.73675,2224.04,7.70753,0.0872188,0.0488192
240,RL,0,BSDF Heavy,0.00263977,Low,0,Low,0,9.72207,2218.17,7.70489,0.0894271,0.0488143
241,RL,0,BSDF Heavy,-0.00313807,Low,0,Low,0,9.7504,2225.15,7.70803,0.0897541,0.0488094
242,RL,0,BSDF Heavy,-0.00139523,Low,0,Low,0,9.76134,2228.25,7.70942,0.089755,0.0488045
243,RL,0,BSDF Heavy,0.000208855,Low,0,Low,0,9.76585,2227.79,7.70921,0.0898896,0.0487996
244,RL,0,BSDF Heavy,0.00391102,Low,0,Low,0,9.71673,2219.09,7.7053,0.089442,0.0487948
245,RL,0,BSDF Heavy,-0.00152063,Low,0,Low,0,9.73602,2222.47,7.70682,0.0894469,0.0487899
246,RL,0,BSDF Heavy,0.00602531,Low,0,Low,0,9.68147,2209.11,7.7008,0.0892178,0.048785
247,RL,0,BSDF Heavy,-0.00927734,Low,0,Low,0,9.76647,2229.71,7.71008,0.0896229,0.0487801
248,RL,0,BSDF Heavy,-0.0038209,Low,0,Low,0,9.80674,2238.25,7.7139,0.0898674,0.0487753
249,RL,0,BSDF Heavy,0.000265598,Low,0,Low,0,9.804,2237.66,7.71363,0.0898954,0.0487704
250,RL,0,BSDF Heavy,0.00566673,Low,0,Low,0,9.75248,2225.01,7.70796,0.0897164,0.0487655
251,RL,0,BSDF Heavy,0.0021286,Low,0,Low,0,9.72646,2220.27,7.70584,0.0895293,0.0487606
252,RL,0,BSDF Heavy,-0.00150537,Low,0,Low,0,9.74192,2223.62,7.70734,0.0894493,0.0487557
253,RL,0,BSDF Heavy,-0.000159264,Low,0,Low,0,9.73713,2223.97,7.7075,0.0896759,0.0487509
254,RL,0,BSDF Heavy,-0.00592327,Low,0,Low,0,9.80285,2237.19,7.71342,0.0897825,0.048746
255,RL,0,BSDF Heavy,0.00319624,Low,0,Low,0,9.764,2230.05,7.71023,0.0898201,0.0487411
256,RL,0,BSDF Heavy,0.000201702,Low,0,Low,0,9.76885,2229.6,7.71003,0.0897092,0.0487362
257,RL,0,BSDF Heavy,0.00242186,Low,0,Low,0,9.74646,2224.2,7.7076,0.0897434,0.0487314
258,RL,0,BSDF Heavy,-3.19481e-05,Low,0,Low,0,9.74561,2224.27,7.70764,0.0895616,0.0487265
259,RL,0,BSDF Heavy,0.00146341,Low,0,Low,0,9.72944,2221.02,7.70617,0.0894927,0.0487216
260,RL,0,BSDF Heavy,-0.00073576,Low,0,Low,0,9.74094,2222.66,7.70691,0.0896142,0.0487168
261,RL,0,BSDF Heavy,-0.00399542,Low,0,Low,0,9.77695,2231.56,7.7109,0.0896263,0.0487119
262,RL,0,BSDF Heavy,0.00300646,Low,0,Low,0,9.74227,2224.86,7.7079,0.089537,0.048707
263,RL,0,BSDF Heavy,-0.00119066,Low,0,Low,0,9.76209,2227.51,7.70909,0.0896817,0.0487021
264,RL,0,BSDF Heavy,0.00413322,Low,0,Low,0,9.71707,2218.32,7.70495,0.0893943,0.0486973
265,RL,0,BSDF Heavy,-0.00017643,Low,0,Low,0,9.72051,2218.71,7.70513,0.0895891,0.0486924
266,RL,0,BSDF Heavy,-0.00518751,Low,0,Low,0,9.77254,2230.25,7.71032,0.0897738,0.0486875
267,RL,0,BSDF Heavy,-0.000971317,Low,0,Low,0,9.78498,2232.42,7.71129,0.0897627,0.0486827
268,RL,0,BSDF Heavy,0.0064497,Low,0,Low,0,9.71352,2218.06,7.70484,0.0894724,0.0486778
269,RL,0,BSDF Heavy,0.00117064,Low,0,Low,0,9.69605,2215.47,7.70367,0.0892901,0.0486729
270,RL,0,BSDF Heavy,-0.0048933,Low,0,Low,0,9.75222,2226.34,7.70856,0.0895023,0.0486681
271,RL,0,BSDF Heavy,0.00385904,Low,0,Low,0,9.71717,2217.76,7.7047,0.089564,0.0486632
272,RL,0,BSDF Heavy,-0.00363731,Low,0,Low,0,9.7494,2225.84,7.70834,0.0896822,0.0486583
273,RL,0,BSDF Heavy,-0.000762463,Low,0,Low,0,9.75933,2227.54,7.7091,0.0895322,0.0486535
274,RL,0,BSDF Heavy,0.00183535,Low,0,Low,0,9.73539,2223.46,7.70727,0.089496,0.0486486
275,RL,0,BSDF Heavy,-0.00320148,Low,0,Low,0,9.76737,2230.59,7.71047,0.0896176,0.0486437
276,RL,0,BSDF Heavy,0.000158787,Low,0,Low,0,9.76702,2230.24,7.71031,0.0895886,0.0486389
277,RL,0,BSDF Heavy,0.00545597,Low,0,Low,0,9.71638,2218.09,7.70485,0.0893017,0.048634
278,RL,0,BSDF Heavy,-0.00546455,Low,0,Low,0,9.76776,2230.25,7.71032,0.0896214,0.0486291
279,RL,0,BSDF Heavy,0.00108528,Low,0,Low,0,9.76622,2227.83,7.70923,0.0897063,0.0486243
280,RL,0,BSDF Heavy,0.00133944,Low,0,Low,0,9.74567,2224.85,7.70789,0.0893866,0.0486194
281,RL,0,BSDF Heavy,-0.00460815,Low,0,Low,0,9.79016,2235.13,7.7125,0.0897039,0.0486146
282,RL,0,BSDF Heavy,0.00565481,Low,0,Low,0,9.72958,2222.52,7.70685,0.0895341,0.0486097
283,RL,0,BSDF Heavy,-0.00329065,Low,0,Low,0,9.76875,2229.85,7.71014,0.0896735,0.0486048
284,RL,0,BSDF Heavy,0.00346518,Low,0,Low,0,9.73672,2222.13,7.70667,0.0896292,0.0486
285,RL,0,BSDF Heavy,-0.00424433,Low,0,Low,0,9.77844,2231.59,7.71092,0.0895062,0.0485951
286,RL,0,BSDF Heavy,-0.00136709,Low,0,Low,0,9.7877,2234.64,7.71228,0.0896566,0.0485903
287,RL,0,BSDF Heavy,0.00791597,Low,0,Low,0,9.71189,2217.02,7.70437,0.0894546,0.0485854
288,RL,0,BSDF Heavy,-0.00220203,Low,0,Low,0,9.73477,2221.91,7.70657,0.0894213,0.0485805
289,RL,0,BSDF Heavy,-0.00296831,Low,0,Low,0,9.75945,2228.51,7.70954,0.0895385,0.0485757
290,RL,0,BSDF Heavy,0.00445127,Low,0,Low,0,9.72364,2218.61,7.70509,0.0895197,0.0485708
291,RL,0,BSDF Heavy,-0.00579548,Low,0,Low,0,9.77617,2231.51,7.71088,0.0896918,0.048566
292,RL,0,BSDF Heavy,0.00365353,Low,0,Low,0,9.74027,2223.37,7.70723,0.0894411,0.0485611
293,RL,0,BSDF Heavy,-0.00519133,Low,0,Low,0,9.79347,2234.95,7.71242,0.0897647,0.0485563
294,RL,0,BSDF Heavy,0.00738621,Low,0,Low,0,9.72461,2218.49,7.70503,0.0896152,0.0485514
295,RL,0,BSDF Heavy,0.000969887,Low,0,Low,0,9.70997,2216.34,7.70406,0.0895906,0.0485465
296,RL,0,BSDF Heavy,-0.00390959,Low,0,Low,0,9.75031,2225.03,7.70797,0.089728,0.0485417
297,RL,0,BSDF Heavy,-0.00594044,Low,0,Low,0,9.80615,2238.29,7.71391,0.0897193,0.0485368
298,RL,0,BSDF Heavy,0.00733232,Low,0,Low,0,9.73391,2221.93,7.70658,0.0896185,0.048532
299,RL,0,BSDF Heavy,-0.000937462,Low,0,Low,0,9.74334,2224.02,7.70752,0.0896562,0.0485271
300,RL,0,BSDF Heavy,0.00100183,Low,0,Low,0,9.73132,2221.79,7.70652,0.0894391,0.0485223
301,RL,0,BSDF Heavy,-0.00686741,Low,0,Low,0,9.80185,2237.11,7.71339,0.0899489,0.0485174
302,RL,0,BSDF Heavy,0.00759411,Low,0,Low,0,9.72406,2220.18,7.70579,0.0893403,0.0485126
303,RL,0,BSDF Heavy,0.0015049,Low,0,Low,0,9.71638,2216.83,7.70429,0.0895332,0.0485077
304,RL,0,BSDF Heavy,-0.0014658,Low,0,Low,0,9.72098,2220.09,7.70575,0.0892612,0.0485029
305,RL,0,BSDF Heavy,-0.00314236,Low,0,Low,0,9.75669,2227.08,7.70889,0.0896817,0.048498
306,RL,0,BSDF Heavy,0.00304365,Low,0,Low,0,9.72171,2220.31,7.70585,0.089362,0.0484932
307,RL,0,BSDF Heavy,-0.00453186,Low,0,Low,0,9.77121,2230.4,7.71038,0.0897401,0.0484883
308,RL,0,BSDF Heavy,0.0032649,Low,0,Low,0,9.74599,2223.12,7.70712,0.0895684,0.0484835
309,RL,0,BSDF Heavy,-0.000794411,Low,0,Low,0,9.75068,2224.89,7.70791,0.0895216,0.0484786
310,RL,0,BSDF Heavy,0.0007267,Low,0,Low,0,9.74411,2223.27,7.70719,0.0897854,0.0484738
311,RL,0,BSDF Heavy,0.00621891,Low,0,Low,0,9.67637,2209.48,7.70097,0.0891946,0.0484689
312,RL,0,BSDF Heavy,-0.00323915,Low,0,Low,0,9.70614,2216.66,7.70421,0.0892318,0.0484641
313,RL,0,BSDF Heavy,0.00111771,Low,0,Low,0,9.69843,2214.18,7.70309,0.0893789,0.0484592
314,RL,0,BSDF Heavy,-0.00889206,Low,0,Low,0,9.78599,2233.96,7.71198,0.0898655,0.0484544
315,RL,0,BSDF Heavy,0.008461,Low,0,Low,0,9.70823,2215.13,7.70352,0.0896783,0.0484495
316,RL,0,BSDF Heavy,-0.0049057,Low,0,Low,0,9.75721,2226.03,7.70843,0.0894763,0.0484447
317,RL,0,BSDF Heavy,0.00477266,Low,0,Low,0,9.7092,2215.43,7.70365,0.0893861,0.0484399
318,RL,0,BSDF Heavy,-0.00706339,Low,0,Low,0,9.78162,2231.14,7.71072,0.0897449,0.048435
319,RL,0,BSDF Heavy,0.00227451,Low,0,Low,0,9.75319,2226.07,7.70844,0.0896253,0.0484302
320,RL,0,BSDF Heavy,0.000201225,Low,0,Low,0,9.74677,2225.62,7.70824,0.0895944,0.0484253
321,RL,0,BSDF Heavy,-0.00122261,Low,0,Low,0,9.76441,2228.34,7.70946,0.0896986,0.0484205
322,RL,0,BSDF Heavy,0.00307369,Low,0,Low,0,9.7322,2221.5,7.70639,0.0896108,0.0484156
323,RL,0,BSDF Heavy,0.00176334,Low,0,Low,0,9.7142,2217.59,7.70463,0.0893326,0.0484108
324,RL,0,BSDF Heavy,-0.00527191,Low,0,Low,0,9.77059,2229.31,7.7099,0.0897811,0.048406
325,RL,0,BSDF Heavy,-0.000169754,Low,0,Low,0,9.77049,2229.69,7.71007,0.0895771,0.0484011
326,RL,0,BSDF Heavy,0.00319195,Low,0,Low,0,9.74244,2222.58,7.70688,0.089851,0.0483963
327,RL,0,BSDF Heavy,-0.00260258,Low,0,Low,0,9.75851,2228.38,7.70948,0.0896518,0.0483914
328,RL,0,BSDF Heavy,0.00721741,Low,0,Low,0,9.69287,2212.35,7.70226,0.0892834,0.0483866
329,RL,0,BSDF Heavy,-0.00670004,Low,0,Low,0,9.76105,2227.22,7.70896,0.089553,0.0483818
330,RL,0,BSDF Heavy,0.00217581,Low,0,Low,0,9.73075,2222.38,7.70678,0.0893104,0.0483769
331,RL,0,BSDF Heavy,0.00142813,Low,0,Low,0,9.72073,2219.21,7.70536,0.089578,0.0483721
332,RL,0,BSDF Heavy,-0.00302649,Low,0,Low,0,9.75086,2225.94,7.70838,0.0895308,0.0483673
333,RL,0,BSDF Heavy,0.00499535,Low,0,Low,0,9.6988,2214.84,7.70339,0.0892588,0.0483624
334,RL,0,BSDF Heavy,-0.00923061,Low,0,Low,0,9.80047,2235.39,7.71262,0.0901254,0.0483576
335,RL,0,BSDF Heavy,0.00420523,Low,0,Low,0,9.75401,2226.01,7.70841,0.0897415,0.0483527
336,RL,0,BSDF Heavy,0.00515366,Low,0,Low,0,9.70867,2214.56,7.70326,0.0895838,0.0483479
337,RL,0,BSDF Heavy,-0.0032773,Low,0,Low,0,9.73363,2221.83,7.70654,0.0896827,0.0483431
338,RL,0,BSDF Heavy,0.000586033,Low,0,Low,0,9.72769,2220.53,7.70595,0.0892718,0.0483382
339,RL,0,BSDF Heavy,-0.00461626,Low,0,Low,0,9.77383,2230.81,7.71057,0.0896928,0.0483334
340,RL,0,BSDF Heavy,0.00305939,Low,0,Low,0,9.74086,2223.99,7.70751,0.0896026,0.0483286
341,RL,0,BSDF Heavy,-0.00243568,Low,0,Low,0,9.77158,2229.42,7.70994,0.0897565,0.0483237
342,RL,0,BSDF Heavy,0.00529909,Low,0,Low,0,9.719,2217.63,7.70464,0.0896185,0.0483189
343,RL,0,BSDF Heavy,-0.00455093,Low,0,Low,0,9.75806,2227.75,7.7092,0.089633,0.0483141
344,RL,0,Light Heavy,-0.00519037,Low,0,Low,0,9.81533,2239.35,7.71439,0.0899426,0.0483092
345,RL,0,Light Heavy,0.00933695,Low,0,Low,0,9.70893,2218.52,7.70505,0.0871952,0.0483044
346,RL,0,Light Heavy,-0.00275946,Low,0,Low,0,9.73043,2224.66,7.70781,0.0870761,0.0482996
347,RL,0,Light Heavy,0.00391102,Low,0,Low,0,9.69769,2215.97,7.7039,0.0869748,0.0482948
348,RL,0,Light Heavy,-0.00538921,Low,0,Low,0,9.75581,2227.95,7.70929,0.0873003,0.0482899
349,RL,0,Light Heavy,0.00270176,Low,0,Low,0,9.72602,2221.94,7.70658,0.0872738,0.0482851
350,RL,0,Light Heavy,0.00162268,Low,0,Low,0,9.71081,2218.33,7.70496,0.0871402,0.0482803
351,RL,0,Light Heavy,-0.00277185,Low,0,Low,0,9.73174,2224.49,7.70773,0.0871041,0.0482754
352,RL,0,Light Heavy,-0.00191593,Low,0,Low,0,9.75645,2228.76,7.70965,0.0872647,0.0482706
353,RL,0,Light Heavy,0.00629044,Low,0,Low,0,9.69412,2214.78,7.70336,0.086916,0.0482658
354,RL,0,Light Heavy,-0.00277758,Low,0,Low,0,9.71888,2220.94,7.70614,0.0871677,0.048261
355,RL,0,Light Heavy,-0.00244284,Low,0,Low,0,9.75058,2226.38,7.70858,0.0874204,0.0482561
356,RL,0,Light Heavy,-0.00162315,Low,0,Low,0,9.75093,2229.99,7.7102,0.0870819,0.0482513
357,RL,0,Light Heavy,0.0014348,Low,0,Low,0,9.74623,2226.8,7.70877,0.0871046,0.0482465
358,RL,0,Light Heavy,-0.00101328,Low,0,Low,0,9.75845,2229.05,7.70978,0.0871991,0.0482417
359,RL,0,Light Heavy,0.0005126,Low,0,Low,0,9.74684,2227.91,7.70927,0.087377,0.0482368
360,RL,0,Light Heavy,-0.000393391,Low,0,Low,0,9.75773,2228.79,7.70966,0.0870583,0.048232
361,RL,0,Light Heavy,6.77109e-05,Low,0,Low,0,9.75248,2228.64,7.70959,0.0871697,0.0482272
362,RL,0,Light Heavy,0.00332451,Low,0,Low,0,9.71867,2221.24,7.70627,0.0870747,0.0482224
363,RL,0,Light Heavy,-0.000721455,Low,0,Low,0,9.72553,2222.84,7.70699,0.0872487,0.0482175
364,RL,0,Light Heavy,0.000116825,Low,0,Low,0,9.721,2222.58,7.70687,0.0869628,0.0482127
365,RL,0,Light Heavy,-0.00292301,Low,0,Low,0,9.75332,2229.09,7.7098,0.0871253,0.0482079
366,RL,0,Light Heavy,0.0026145,Low,0,Low,0,9.73496,2223.27,7.70718,0.0869777,0.0482031
367,RL,0,Light Heavy,0.00102329,Low,0,Low,0,9.71782,2220.99,7.70616,0.0871248,0.0481983
368,RL,0,Light Heavy,-0.00449181,Low,0,Low,0,9.76814,2231,7.71065,0.0871123,0.0481934
369,RL,0,Light Heavy,0.0054121,Low,0,Low,0,9.71335,2218.95,7.70524,0.087066,0.0481886
370,RL,0,Light Heavy,-0.00288725,Low,0,Low,0,9.74018,2225.37,7.70813,0.0871354,0.0481838
371,RL,0,Light Heavy,0.00102425,Low,0,Low,0,9.73116,2223.09,7.7071,0.0870558,0.048179
372,RL,0,Light Heavy,0.00109386,Low,0,Low,0,9.72157,2220.66,7.70601,0.0871904,0.0481742
373,RL,0,Light Heavy,-0.00307369,Low,0,Low,0,9.75224,2227.5,7.70908,0.0871682,0.0481694
374,RL,0,Light Heavy,0.000234127,Low,0,Low,0,9.7506,2226.97,7.70885,0.0872314,0.0481645
375,RL,0,Light Heavy,-0.000682354,Low,0,Low,0,9.75028,2228.49,7.70953,0.087134,0.0481597
376,RL,0,Light Heavy,0.00360966,Low,0,Low,0,9.7171,2220.46,7.70592,0.0871152,0.0481549
377,RL,0,Light Heavy,-0.00314951,Low,0,Low,0,9.74656,2227.47,7.70907,0.0871643,0.0481501
378,RL,0,Light Heavy,-0.000141621,Low,0,Low,0,9.74833,2227.78,7.70921,0.0870978,0.0481453
379,RL,0,Light Heavy,0.00550795,Low,0,Low,0,9.69201,2215.54,7.7037,0.0868658,0.0481405
380,RL,0,Light Heavy,-0.00747585,Low,0,Low,0,9.77297,2232.18,7.71118,0.0872044,0.0481356
381,RL,0,Light Heavy,0.00241804,Low,0,Low,0,9.74214,2226.78,7.70876,0.0871634,0.0481308
382,RL,0,Light Heavy,-4.86374e-05,Low,0,Low,0,9.74583,2226.89,7.70881,0.0870086,0.048126
383,RL,0,Balanced,0.00144911,Low,0,Low,0,9.73694,2223.66,7.70736,0.0871841,0.0481212
384,RL,0,Light Heavy,-0.000416279,Low,0,Low,0,9.74393,2224.59,7.70778,0.0903381,0.0481164
385,RL,0,Light Heavy,0.000926971,Low,0,Low,0,9.73443,2222.53,7.70685,0.0872647,0.0481116
386,RL,0,Light Heavy,-0.000912666,Low,0,Low,0,9.74103,2224.56,7.70776,0.0872849,0.0481068
387,RL,0,Light Heavy,0.00321198,Low,0,Low,0,9.70891,2217.42,7.70455,0.0870573,0.048102
388,RL,0,Light Heavy,-0.00275421,Low,0,Low,0,9.73725,2223.54,7.70731,0.0870843,0.0480972
389,RL,0,Light Heavy,-0.00178528,Low,0,Low,0,9.74687,2227.52,7.70909,0.0873143,0.0480923
390,RL,0,Light Heavy,0.00313377,Low,0,Low,0,9.72425,2220.54,7.70596,0.0873442,0.0480875
391,RL,0,Light Heavy,0.00359774,Low,0,Low,0,9.68509,2212.56,7.70236,0.0870578,0.0480827
392,RL,0,Light Heavy,-0.00542545,Low,0,Low,0,9.73412,2224.61,7.70778,0.0869049,0.0480779
393,RL,0,Light Heavy,-0.00256205,Low,0,Low,0,9.76264,2230.32,7.71035,0.0873987,0.0480731
394,RL,0,Light Heavy,0.00293398,Low,0,Low,0,9.72927,2223.78,7.70741,0.0869734,0.0480683
395,RL,0,Light Heavy,0.000687122,Low,0,Low,0,9.72718,2222.25,7.70673,0.0870761,0.0480635
396,RL,0,Light Heavy,-0.00504398,Low,0,Low,0,9.76989,2233.49,7.71177,0.087161,0.0480587
397,RL,0,Light Heavy,0.00378561,Low,0,Low,0,9.73899,2225.05,7.70798,0.0873298,0.0480539
398,RL,0,Light Heavy,-0.00304508,Low,0,Low,0,9.76351,2231.84,7.71103,0.0871065,0.0480491
399,RL,0,Light Heavy,-0.00124025,Low,0,Low,0,9.77717,2234.61,7.71227,0.0870288,0.0480443
400,RL,0,Light Heavy,0.00340748,Low,0,Low,0,9.74285,2227.01,7.70886,0.0872598,0.0480395
401,RL,0,Light Heavy,0.00344944,Low,0,Low,0,9.71404,2219.33,7.70541,0.0870091,0.0480347
402,RL,0,Light Heavy,0.00108242,Low,0,Low,0,9.70132,2216.93,7.70433,0.0869753,0.0480299
403,RL,0,Light Heavy,-0.00157309,Low,0,Low,0,9.71829,2220.42,7.7059,0.0870539,0.0480251
404,RL,0,Light Heavy,-0.00453711,Low,0,Low,0,9.76584,2230.52,7.71044,0.0872994,0.0480203
405,RL,0,Light Heavy,0.00507355,Low,0,Low,0,9.71651,2219.23,7.70537,0.0872121,0.0480155
406,RL,0,Light Heavy,-0.00158834,Low,0,Low,0,9.72577,2222.76,7.70695,0.0869594,0.0480107
407,RL,0,Light Heavy,-0.00310946,Low,0,Low,0,9.75682,2229.69,7.71006,0.0871021,0.0480059
408,RL,0,Light Heavy,0.000733852,Low,0,Low,0,9.74901,2228.05,7.70933,0.0870414,0.0480011
409,RL,0,Light Heavy,-0.000899792,Low,0,Low,0,9.75549,2230.06,7.71023,0.0871721,0.0479963
410,RL,0,Light Heavy,0.00504541,Low,0,Low,0,9.71199,2218.83,7.70518,0.0869768,0.0479915
411,RL,0,BSDF Heavy,-0.00461006,Low,0,Low,0,9.75214,2229.09,7.70979,0.0869806,0.0479867
412,RL,0,Light Heavy,-6.91414e-05,Low,0,Low,0,9.7623,2229.24,7.70986,0.0894068,0.0479819
413,RL,0,Light Heavy,0.00537252,Low,0,Low,0,9.69947,2217.29,7.70449,0.0869131,0.0479771
414,RL,0,Light Heavy,-0.0050292,Low,0,Low,0,9.75216,2228.47,7.70952,0.087283,0.0479723
415,RL,0,Light Heavy,0.000777721,Low,0,Low,0,9.74575,2226.74,7.70874,0.0871513,0.0479675
416,RL,0,Light Heavy,0.00423908,Low,0,Low,0,9.70322,2217.32,7.7045,0.0869266,0.0479627
417,RL,0,Light Heavy,0.000951767,Low,0,Low,0,9.6948,2215.21,7.70355,0.0869816,0.0479579
418,RL,0,Light Heavy,-0.000114441,Low,0,Low,0,9.69264,2215.46,7.70367,0.0869174,0.0479531
419,RL,0,Light Heavy,-0.00500154,Low,0,Low,0,9.74303,2226.57,7.70867,0.0869391,0.0479483
420,RL,0,Light Heavy,0.000825882,Low,0,Low,0,9.73633,2224.73,7.70784,0.0871629,0.0479435
421,RL,0,Light Heavy,0.00150919,Low,0,Low,0,9.72882,2221.38,7.70633,0.087159,0.0479387
422,RL,0,Light Heavy,-0.000302315,Low,0,Low,0,9.72579,2222.05,7.70664,0.0869792,0.0479339
423,RL,0,Light Heavy,-0.00118303,Low,0,Low,0,9.74068,2224.68,7.70782,0.0872116,0.0479291
424,RL,0,Light Heavy,-0.00260639,Low,0,Low,0,9.7678,2230.49,7.71042,0.0870886,0.0479243
425,RL,0,Light Heavy,0.00299406,Low,0,Low,0,9.73411,2223.82,7.70743,0.0871026,0.0479195
426,RL,0,Light Heavy,0.00103807,Low,0,Low,0,9.72272,2221.51,7.70639,0.0871142,0.0479147
427,RL,0,Light Heavy,-0.00180006,Low,0,Low,0,9.74074,2225.52,7.70819,0.087311,0.0479099
428,RL,0,Light Heavy,-0.00282097,Low,0,Low,0,9.77447,2231.8,7.71101,0.0871991,0.0479052
429,RL,0,Light Heavy,-0.000772953,Low,0,Low,0,9.77214,2233.53,7.71179,0.0873433,0.0479004
430,RL,0,Light Heavy,0.00179243,Low,0,Low,0,9.75313,2229.53,7.70999,0.0872309,0.0478956
431,RL,0,Light Heavy,0.00590277,Low,0,Low,0,9.69989,2216.4,7.70409,0.0870313,0.0478908
432,RL,0,Light Heavy,-0.000815868,Low,0,Low,0,9.70755,2218.21,7.70491,0.0870554,0.047886
433,RL,0,BSDF Heavy,-0.00322771,Low,0,Low,0,9.74461,2225.39,7.70814,0.0871156,0.0478812
434,RL,0,Light Heavy,0.0025301,Low,0,Low,0,9.71769,2219.76,7.70561,0.089307,0.0478764
435,RL,0,BSDF Heavy,-0.00234842,Low,0,Low,0,9.74489,2224.98,7.70795,0.0872029,0.0478716
436,RL,0,BSDF Heavy,0.00220871,Low,0,Low,0,9.72509,2220.07,7.70574,0.0893919,0.0478668
437,RL,0,Light Heavy,-0.00254393,Low,0,Low,0,9.75701,2225.73,7.70829,0.0898225,0.0478621
438,RL,0,Light Heavy,0.000760555,Low,0,Low,0,9.73399,2224.04,7.70753,0.0871137,0.0478573
439,RL,0,Light Heavy,0.000142097,Low,0,Low,0,9.73089,2223.72,7.70739,0.0869517,0.0478525
440,RL,0,BSDF Heavy,-0.0027957,Low,0,Low,0,9.75486,2229.95,7.71018,0.0872078,0.0478477
441,RL,0,BSDF Heavy,0.00441027,Low,0,Low,0,9.73499,2220.13,7.70577,0.0896721,0.0478429
442,RL,0,BSDF Heavy,-0.000919342,Low,0,Low,0,9.73394,2222.17,7.70669,0.0895964,0.0478381
443,RL,0,BSDF Heavy,-0.000223637,Low,0,Low,0,9.7387,2222.67,7.70691,0.0896156,0.0478333
444,RL,0,BSDF Heavy,-3.09944e-05,Low,0,Low,0,9.73654,2222.74,7.70695,0.0894493,0.0478286
445,RL,0,BSDF Heavy,-0.00428057,Low,0,Low,0,9.78361,2232.28,7.71123,0.0897695,0.0478238
446,RL,0,BSDF Heavy,0.00725985,Low,0,Low,0,9.71084,2216.12,7.70397,0.0893644,0.047819
447,RL,0,BSDF Heavy,0.00043726,Low,0,Low,0,9.69607,2215.15,7.70353,0.0894845,0.0478142
448,RL,0,BSDF Heavy,-0.00407648,Low,0,Low,0,9.74726,2224.21,7.70761,0.089538,0.0478094
449,RL,0,BSDF Heavy,2.38419e-05,Low,0,Low,0,9.75229,2224.15,7.70758,0.0898794,0.0478047
450,RL,0,BSDF Heavy,-0.00226927,Low,0,Low,0,9.76435,2229.21,7.70985,0.0896451,0.0477999
451,RL,0,BSDF Heavy,-0.000423908,Low,0,Low,0,9.77256,2230.16,7.71027,0.0896152,0.0477951
452,RL,0,Light Heavy,-0.00222015,Low,0,Low,0,9.79138,2235.11,7.71249,0.0895226,0.0477903
453,RL,0,Light Heavy,0.00559521,Low,0,Low,0,9.73334,2222.64,7.7069,0.0871533,0.0477855
454,RL,0,Light Heavy,-0.00197363,Low,0,Low,0,9.75081,2227.03,7.70887,0.0873013,0.0477808
455,RL,0,Light Heavy,0.00258017,Low,0,Low,0,9.72053,2221.29,7.70629,0.0870255,0.047776
456,RL,0,Light Heavy,0.00116587,Low,0,Low,0,9.71287,2218.7,7.70513,0.0870139,0.0477712
457,RL,0,Light Heavy,-0.00134802,Low,0,Low,0,9.72447,2221.69,7.70648,0.0869758,0.0477664
458,RL,0,Light Heavy,-0.00317287,Low,0,Low,0,9.75681,2228.76,7.70965,0.0872647,0.0477616
459,RL,0,Light Heavy,0.00269032,Low,0,Low,0,9.73262,2222.77,7.70696,0.0870756,0.0477569
460,RL,0,Light Heavy,0.00185585,Low,0,Low,0,9.70193,2218.64,7.7051,0.0870978,0.0477521
461,RL,0,Light Heavy,-0.00745535,Low,0,Low,0,9.77985,2235.25,7.71256,0.0872319,0.0477473
462,RL,0,Light Heavy,0.00388002,Low,0,Low,0,9.74994,2226.59,7.70868,0.0871282,0.0477425
463,RL,0,Balanced,0.00333738,Low,0,Low,0,9.71288,2219.17,7.70534,0.087202,0.0477378
464,RL,0,Light Heavy,-0.00270224,Low,0,Low,0,9.74415,2225.18,7.70804,0.0902725,0.047733
465,RL,0,Light Heavy,0.00130129,Low,0,Low,0,9.72273,2222.28,7.70674,0.0870062,0.0477282
466,RL,0,Light Heavy,-0.00436163,Low,0,Low,0,9.76856,2232,7.7111,0.0871928,0.0477235
467,RL,0,Light Heavy,0.00217485,Low,0,Low,0,9.75111,2227.15,7.70893,0.0873457,0.0477187
468,RL,0,Light Heavy,0.00136137,Low,0,Low,0,9.73755,2224.12,7.70757,0.0871311,0.0477139
469,RL,0,Light Heavy,0.000215054,Low,0,Low,0,9.72729,2223.64,7.70735,0.0872241,0.0477091
470,RL,0,Light Heavy,-0.00394487,Low,0,Low,0,9.77329,2232.44,7.7113,0.0872758,0.0477044
471,RL,0,Light Heavy,0.0111618,Low,0,Low,0,9.65864,2207.64,7.70013,0.0866956,0.0476996
472,RL,0,Light Heavy,-0.0084033,Low,0,Low,0,9.74325,2226.28,7.70854,0.0872695,0.0476948
473,RL,0,Light Heavy,0.00398159,Low,0,Low,0,9.70748,2217.43,7.70456,0.0870317,0.0476901
474,RL,0,Light Heavy,-0.00525331,Low,0,Low,0,9.76023,2229.12,7.70981,0.0871634,0.0476853
475,RL,0,Light Heavy,0.00361013,Low,0,Low,0,9.71819,2221.08,7.7062,0.087159,0.0476805
476,RL,0,Light Heavy,-0.000561237,Low,0,Low,0,9.73108,2222.33,7.70676,0.0872121,0.0476758
477,RL,0,Light Heavy,-0.00226355,Low,0,Low,0,9.7505,2227.37,7.70902,0.0871185,0.047671
478,RL,0,Light Heavy,0.00187349,Low,0,Low,0,9.73027,2223.2,7.70715,0.0872623,0.0476662
479,RL,0,Light Heavy,-6.10352e-05,Low,0,Low,0,9.73228,2223.33,7.70721,0.0871031,0.0476615
480,RL,0,Light Heavy,0.00166416,Low,0,Low,0,9.71398,2219.63,7.70555,0.0869985,0.0476567
481,RL,0,Light Heavy,-0.00188589,Low,0,Low,0,9.73571,2223.82,7.70743,0.0871451,0.0476519
482,RL,0,Light Heavy,0.00146866,Low,0,Low,0,9.72552,2220.56,7.70596,0.0871451,0.0476472
483,RL,0,Light Heavy,-0.000529289,Low,0,Low,0,9.72139,2221.74,7.70649,0.0870988,0.0476424
484,RL,0,Light Heavy,-0.00245953,Low,0,Low,0,9.746,2227.21,7.70895,0.0872266,0.0476376
485,RL,0,Light Heavy,0.00330257,Low,0,Low,0,9.71562,2219.86,7.70565,0.0870423,0.0476329
486,RL,0,Light Heavy,-0.00403738,Low,0,Low,0,9.75455,2228.85,7.70969,0.08727,0.0476281
487,RL,0,Light Heavy,0.0025034,Low,0,Low,0,9.7279,2223.27,7.70718,0.0871793,0.0476233
488,RL,0,Light Heavy,0.000595093,Low,0,Low,0,9.73078,2221.95,7.70659,0.0872044,0.0476186
489,RL,0,Light Heavy,-0.00200701,Low,0,Low,0,9.74507,2226.41,7.7086,0.0872912,0.0476138
490,RL,0,Light Heavy,0.00277662,Low,0,Low,0,9.71489,2220.24,7.70582,0.0870722,0.0476091
491,RL,0,Light Heavy,-0.00193834,Low,0,Low,0,9.73761,2224.55,7.70776,0.0869319,0.0476043
492,RL,0,Light Heavy,-0.00109816,Low,0,Low,0,9.7548,2226.99,7.70886,0.0872724,0.0475995
493,RL,0,Light Heavy,-0.00137663,Low,0,Low,0,9.76629,2230.06,7.71023,0.0874354,0.0475948
494,RL,0,Light Heavy,-0.000761986,Low,0,Low,0,9.76702,2231.76,7.711,0.0870968,0.04759
495,RL,0,Light Heavy,0.00181532,Low,0,Low,0,9.75789,2227.71,7.70918,0.0872401,0.0475853
496,RL,0,Light Heavy,-0.000112534,Low,0,Low,0,9.75158,2227.96,7.70929,0.0873438,0.0475805
497,RL,0,Light Heavy,0.00190449,Low,0,Low,0,9.73791,2223.72,7.70739,0.0871229,0.0475757
498,RL,0,Light Heavy,-0.00193739,Low,0,Low,0,9.75395,2228.04,7.70933,0.0873139,0.047571
499,RL,0,Light Heavy,0.00386381,Low,0,Low,0,9.71401,2219.44,7.70546,0.0868335,0.0475662
500,RL,0,Light Heavy,-0.00254822,Low,0,Low,0,9.73599,2225.11,7.70801,0.0869695,0.0475615
501,RL,0,Light Heavy,-0.000876904,Low,0,Low,0,9.74929,2227.06,7.70889,0.0872097,0.0475567
502,RL,0,Light Heavy,-0.000928402,Low,0,Low,0,9.75748,2229.13,7.70982,0.087105,0.047552
503,RL,0,Light Heavy,0.000366688,Low,0,Low,0,9.75054,2228.31,7.70945,0.086997,0.0475472
504,RL,0,Light Heavy,0.00328732,Low,0,Low,0,9.72594,2221,7.70616,0.0872261,0.0475424
505,RL,0,Light Heavy,-0.00362396,Low,0,Low,0,9.75274,2229.06,7.70978,0.0870838,0.0475377
506,RL,0,Light Heavy,0.00563002,Low,0,Low,0,9.7037,2216.54,7.70415,0.0868764,0.0475329
507,RL,0,BSDF Heavy,-0.00354862,Low,0,Low,0,9.73489,2224.43,7.7077,0.0871668,0.0475282
508,RL,0,Light Heavy,0.0042901,Low,0,Low,0,9.70429,2214.9,7.70341,0.089457,0.0475234
509,RL,0,Light Heavy,-0.000660896,Low,0,Low,0,9.7037,2216.36,7.70407,0.0871586,0.0475187
510,RL,0,BSDF Heavy,-0.00323963,Low,0,Low,0,9.72762,2223.56,7.70731,0.0872063,0.0475139
511,RL,0,BSDF Heavy,-0.00200033,Low,0,Low,0,9.76032,2228.01,7.70931,0.0895259,0.0475092
512,RL,0,BSDF Heavy,0.00344086,Low,0,Low,0,9.72382,2220.36,7.70587,0.0893297,0.0475044
513,RL,0,BSDF Heavy,-0.00304413,Low,0,Low,0,9.75502,2227.13,7.70892,0.0895288,0.0474997
514,RL,0,Light Heavy,0.00106621,Low,0,Low,0,9.74763,2224.75,7.70785,0.0894859,0.0474949
515,RL,0,BSDF Heavy,0.00065136,Low,0,Low,0,9.73242,2223.31,7.7072,0.087066,0.0474902
516,RL,0,BSDF Heavy,0.0034337,Low,0,Low,0,9.7093,2215.68,7.70377,0.0892872,0.0474854
517,RL,0,BSDF Heavy,-0.00288916,Low,0,Low,0,9.73232,2222.09,7.70666,0.0896499,0.0474807
518,RL,0,Light Heavy,-0.00661135,Low,0,Low,0,9.80282,2236.84,7.71327,0.0897651,0.0474759
519,RL,0,Light Heavy,0.00676823,Low,0,Low,0,9.72156,2221.75,7.7065,0.087227,0.0474712
520,RL,0,Light Heavy,-0.00382471,Low,0,Low,0,9.75611,2230.26,7.71032,0.087379,0.0474664
521,RL,0,Light Heavy,0.00324392,Low,0,Low,0,9.72892,2223.04,7.70708,0.087025,0.0474617
522,RL,0,Balanced,0.000200748,Low,0,Low,0,9.72156,2222.59,7.70688,0.0870361,0.0474569
523,RL,0,Light Heavy,6.96182e-05,Low,0,Low,0,9.7284,2222.44,7.70681,0.0906076,0.0474522
524,RL,0,Light Heavy,-0.0040822,Low,0,Low,0,9.77701,2231.53,7.71089,0.0873389,0.0474475
525,RL,0,Light Heavy,0.00318766,Low,0,Low,0,9.73787,2224.43,7.7077,0.0870819,0.0474427
526,RL,0,Light Heavy,-0.000796795,Low,0,Low,0,9.7386,2226.2,7.7085,0.0870505,0.047438
527,RL,0,Light Heavy,0.00344229,Low,0,Low,0,9.70542,2218.55,7.70506,0.0868427,0.0474332
528,RL,0,Light Heavy,-0.00193787,Low,0,Low,0,9.72788,2222.85,7.707,0.0868711,0.0474285
529,RL,0,Balanced,-0.00175238,Low,0,Low,0,9.74594,2226.75,7.70875,0.0872333,0.0474237
530,RL,0,Light Heavy,-0.000822544,Low,0,Low,0,9.75769,2228.59,7.70957,0.0904803,0.047419
531,RL,0,Light Heavy,-0.00118256,Low,0,Low,0,9.76536,2231.22,7.71075,0.0872401,0.0474143
532,RL,0,Light Heavy,-0.000211239,Low,0,Low,0,9.76988,2231.7,7.71096,0.0871123,0.0474095
533,RL,0,Light Heavy,-0.000224113,Low,0,Low,0,9.76425,2232.2,7.71119,0.0872666,0.0474048
534,RL,0,Light Heavy,0.00243235,Low,0,Low,0,9.74253,2226.77,7.70876,0.0869469,0.0474
535,RL,0,Light Heavy,0.0057683,Low,0,Low,0,9.68846,2213.96,7.70299,0.0871267,0.0473953
536,RL,0,Light Heavy,-0.00262213,Low,0,Low,0,9.71517,2219.77,7.70561,0.0870317,0.0473906
537,RL,0,Light Heavy,-0.00736618,Low,0,Low,0,9.78866,2236.19,7.71298,0.0873785,0.0473858
538,RL,0,Light Heavy,0.00441456,Low,0,Low,0,9.74089,2226.34,7.70856,0.0871711,0.0473811
539,RL,0,Light Heavy,-0.00030756,Low,0,Low,0,9.74577,2227.02,7.70887,0.0872256,0.0473763
540,RL,0,Light Heavy,0.00509882,Low,0,Low,0,9.70459,2215.69,7.70377,0.0870226,0.0473716
541,RL,0,Light Heavy,-0.00377893,Low,0,Low,0,9.72646,2224.08,7.70755,0.0870747,0.0473669
542,RL,0,Light Heavy,0.000340462,Low,0,Low,0,9.7328,2223.33,7.70721,0.087051,0.0473621
543,RL,0,Light Heavy,0.00249434,Low,0,Low,0,9.7142,2217.78,7.70471,0.0869985,0.0473574
544,RL,0,Light Heavy,-0.00443792,Low,0,Low,0,9.74404,2227.65,7.70915,0.0870298,0.0473527
545,RL,0,BSDF Heavy,0.00338507,Low,0,Low,0,9.71312,2220.12,7.70577,0.0870124,0.0473479
546,RL,0,Light Heavy,-0.00426435,Low,0,Low,0,9.76658,2229.61,7.71003,0.0896031,0.0473432
547,RL,0,Light Heavy,0.00412464,Low,0,Low,0,9.71529,2220.43,7.70591,0.0870071,0.0473385
548,RL,0,Light Heavy,-0.00252724,Low,0,Low,0,9.73545,2226.05,7.70843,0.0870631,0.0473337
549,RL,0,BSDF Heavy,-0.0027566,Low,0,Low,0,9.76238,2232.2,7.71119,0.0873592,0.047329
550,RL,0,Light Heavy,0.00819921,Low,0,Low,0,9.69785,2213.97,7.70299,0.0894936,0.0473243
551,RL,0,BSDF Heavy,-0.00646877,Low,0,Low,0,9.75246,2228.34,7.70946,0.0872111,0.0473195
552,RL,0,BSDF Heavy,0.000326157,Low,0,Low,0,9.76148,2227.61,7.70913,0.0895158,0.0473148
553,RL,0,Light Heavy,-0.00353527,Low,0,Low,0,9.78965,2235.51,7.71267,0.0898023,0.0473101
554,RL,0,Light Heavy,0.0134807,Low,0,Low,0,9.65089,2205.56,7.69919,0.0868972,0.0473053
555,RL,0,Light Heavy,-0.00828791,Low,0,Low,0,9.72718,2223.92,7.70748,0.0870293,0.0473006
556,RL,0,Light Heavy,-0.000505924,Low,0,Low,0,9.73612,2225.05,7.70798,0.0872126,0.0472959
557,RL,0,Light Heavy,0.000281334,Low,0,Low,0,9.73579,2224.42,7.7077,0.087255,0.0472911
558,RL,0,Light Heavy,-0.00126123,Low,0,Low,0,9.74803,2227.23,7.70896,0.087201,0.0472864
559,RL,0,Light Heavy,0.00230694,Low,0,Low,0,9.72018,2222.1,7.70666,0.0870872,0.0472817
560,RL,0,Light Heavy,-0.00330019,Low,0,Low,0,9.75593,2229.44,7.70996,0.0871692,0.047277
561,RL,0,Light Heavy,0.00447178,Low,0,Low,0,9.71739,2219.49,7.70548,0.0871658,0.0472722
562,RL,0,Light Heavy,-0.0026989,Low,0,Low,0,9.73956,2225.49,7.70818,0.0870732,0.0472675
563,RL,0,Light Heavy,-0.00213623,Low,0,Low,0,9.76221,2230.26,7.71032,0.0872618,0.0472628
564,RL,0,Balanced,0.00373363,Low,0,Low,0,9.72533,2221.94,7.70659,0.0870525,0.047258
565,RL,0,Light Heavy,0.00236225,Low,0,Low,0,9.70714,2216.7,7.70422,0.0903193,0.0472533
566,RL,0,Light Heavy,-0.00373602,Low,0,Low,0,9.7312,2225,7.70796,0.0870578,0.0472486
567,RL,0,Light Heavy,0.000924587,Low,0,Low,0,9.73188,2222.94,7.70704,0.0871682,0.0472439
568,RL,0,Light Heavy,0.0063982,Low,0,Low,0,9.66299,2208.75,7.70064,0.0868311,0.0472392
569,RL,0,Light Heavy,-0.00745583,Low,0,Low,0,9.73972,2225.29,7.70809,0.0871427,0.0472344
570,RL,0,Light Heavy,0.00144958,Low,0,Low,0,9.72569,2222.07,7.70664,0.0871976,0.0472297
571,RL,0,Light Heavy,-0.000813961,Low,0,Low,0,9.7331,2223.88,7.70746,0.0872579,0.047225
572,RL,0,Light Heavy,0.00193405,Low,0,Low,0,9.7188,2219.58,7.70552,0.0870906,0.0472203
573,RL,0,Light Heavy,-0.000833511,Low,0,Low,0,9.71768,2221.43,7.70636,0.0868586,0.0472155
574,RL,0,Light Heavy,0.00119877,Low,0,Low,0,9.71226,2218.77,7.70516,0.0872261,0.0472108
575,RL,0,Light Heavy,0.0012846,Low,0,Low,0,9.69859,2215.92,7.70387,0.0868446,0.0472061
576,RL,0,Light Heavy,-0.00334644,Low,0,Low,0,9.73356,2223.35,7.70722,0.0870004,0.0472014
577,RL,0,Light Heavy,0.00020647,Low,0,Low,0,9.73139,2222.89,7.70701,0.0870925,0.0471967
578,RL,0,Light Heavy,-0.00309134,Low,0,Low,0,9.74961,2229.77,7.7101,0.0871176,0.0471919
579,RL,0,Light Heavy,0.00457382,Low,0,Low,0,9.71226,2219.6,7.70553,0.0869806,0.0471872
580,RL,0,BSDF Heavy,-0.00684786,Low,0,Low,0,9.77612,2234.85,7.71238,0.0872068,0.0471825
581,RL,0,BSDF Heavy,0.00302172,Low,0,Low,0,9.76134,2228.11,7.70936,0.0896566,0.0471778
582,RL,0,BSDF Heavy,0.00191212,Low,0,Low,0,9.7398,2223.85,7.70744,0.0894522,0.0471731
583,RL,0,BSDF Heavy,-0.00119114,Low,0,Low,0,9.75128,2226.5,7.70864,0.0895915,0.0471683
584,RL,0,BSDF Heavy,0.000690937,Low,0,Low,0,9.74997,2224.96,7.70794,0.0894502,0.0471636
585,RL,0,BSDF Heavy,0.00258541,Low,0,Low,0,9.72543,2219.22,7.70536,0.0894743,0.0471589
586,RL,0,BSDF Heavy,0.000189781,Low,0,Low,0,9.72279,2218.79,7.70517,0.089497,0.0471542
587,RL,0,BSDF Heavy,-0.00378704,Low,0,Low,0,9.75487,2227.22,7.70896,0.0893803,0.0471495
588,RL,0,BSDF Heavy,0.000119209,Low,0,Low,0,9.76511,2226.95,7.70884,0.0896316,0.0471448
589,RL,0,BSDF Heavy,0.00331259,Low,0,Low,0,9.72374,2219.58,7.70552,0.0895457,0.0471401
590,RL,0,BSDF Heavy,0.00142193,Low,0,Low,0,9.71581,2216.43,7.7041,0.0893572,0.0471353
591,RL,0,BSDF Heavy,-0.00353241,Low,0,Low,0,9.74621,2224.27,7.70764,0.0894666,0.0471306
592,RL,0,BSDF Heavy,-0.00256634,Low,0,Low,0,9.76563,2229.99,7.7102,0.08977,0.0471259
593,RL,0,BSDF Heavy,0.00127506,Low,0,Low,0,9.75863,2227.15,7.70893,0.0895737,0.0471212
594,RL,0,BSDF Heavy,0.00408506,Low,0,Low,0,9.72087,2218.07,7.70484,0.0896369,0.0471165
595,RL,0,BSDF Heavy,-0.00686884,Low,0,Low,0,9.78865,2233.36,7.71171,0.0898698,0.0471118
596,RL,0,BSDF Heavy,0.00511551,Low,0,Low,0,9.74233,2221.96,7.70659,0.0896407,0.0471071
597,RL,0,BSDF Heavy,-0.00108719,Low,0,Low,0,9.74236,2224.38,7.70768,0.0896455,0.0471024
598,RL,0,Light Heavy,-0.00274086,Low,0,Low,0,9.76777,2230.49,7.71042,0.0896648,0.0470976
599,RL,0,Light Heavy,0.00494289,Low,0,Low,0,9.70982,2219.48,7.70548,0.087037,0.0470929
600,RL,0,Light Heavy,-0.000251293,Low,0,Low,0,9.71129,2220.04,7.70573,0.0868302,0.0470882
601,RL,0,Light Heavy,-0.00175095,Low,0,Low,0,9.74,2223.93,7.70748,0.0871986,0.0470835
602,RL,0,BSDF Heavy,-0.00198221,Low,0,Low,0,9.75429,2228.35,7.70946,0.0872777,0.0470788
603,RL,0,BSDF Heavy,0.00123692,Low,0,Low,0,9.75584,2225.59,7.70823,0.0898167,0.0470741
604,RL,0,BSDF Heavy,-0.000815868,Low,0,Low,0,9.75732,2227.41,7.70904,0.0894088,0.0470694
605,RL,0,BSDF Heavy,0.00722313,Low,0,Low,0,9.68524,2211.37,7.70182,0.0893277,0.0470647
606,RL,0,BSDF Heavy,-0.00774813,Low,0,Low,0,9.7695,2228.58,7.70957,0.0897049,0.04706
607,RL,0,BSDF Heavy,0.00428724,Low,0,Low,0,9.72227,2219.04,7.70528,0.0896128,0.0470553
608,RL,0,BSDF Heavy,-0.00543404,Low,0,Low,0,9.77222,2231.14,7.71072,0.0898008,0.0470506
609,RL,0,BSDF Heavy,0.00488377,Low,0,Low,0,9.72523,2220.26,7.70583,0.0895028,0.0470459
610,RL,0,BSDF Heavy,-0.000618935,Low,0,Low,0,9.72949,2221.64,7.70645,0.0895959,0.0470412
611,RL,0,BSDF Heavy,-0.00134706,Low,0,Low,0,9.74999,2224.64,7.7078,0.0895549,0.0470365
612,RL,0,BSDF Heavy,0.00201368,Low,0,Low,0,9.72812,2220.16,7.70578,0.0895467,0.0470318
613,RL,0,BSDF Heavy,-0.0024066,Low,0,Low,0,9.74819,2225.51,7.70819,0.0896682,0.0470271
614,RL,0,BSDF Heavy,0.00320339,Low,0,Low,0,9.71301,2218.39,7.70499,0.0893138,0.0470224
615,RL,0,BSDF Heavy,-0.00418568,Low,0,Low,0,9.75956,2227.7,7.70917,0.0896147,0.0470176
616,RL,0,BSDF Heavy,1.43051e-06,Low,0,Low,0,9.75517,2227.69,7.70917,0.0894999,0.0470129
617,RL,0,BSDF Heavy,0.00170088,Low,0,Low,0,9.73878,2223.91,7.70747,0.0896489,0.0470082
618,RL,0,BSDF Heavy,0.00206137,Low,0,Low,0,9.72113,2219.33,7.70541,0.0896398,0.0470035
619,RL,0,BSDF Heavy,0.000750065,Low,0,Low,0,9.71577,2217.66,7.70466,0.0893986,0.0469988
620,RL,0,BSDF Heavy,-0.00372505,Low,0,Low,0,9.7479,2225.94,7.70838,0.0897941,0.0469941
621,RL,0,BSDF Heavy,0.00657177,Low,0,Low,0,9.69271,2211.35,7.70181,0.0891778,0.0469894
622,RL,0,BSDF Heavy,-0.00423622,Low,0,Low,0,9.72562,2220.75,7.70605,0.0895293,0.0469847
623,RL,0,Light Heavy,-0.00576019,Low,0,Low,0,9.79086,2233.58,7.71181,0.0897304,0.04698
624,RL,0,Light Heavy,0.00562334,Low,0,Low,0,9.72079,2221.05,7.70619,0.0872483,0.0469754
625,RL,0,Light Heavy,-0.0035634,Low,0,Low,0,9.75591,2228.98,7.70975,0.0871865,0.0469707
626,RL,0,Light Heavy,2.90871e-05,Low,0,Low,0,9.75531,2228.92,7.70972,0.0871769,0.046966
627,RL,0,Light Heavy,0.00583553,Low,0,Low,0,9.69959,2215.94,7.70388,0.0868909,0.0469613
628,RL,0,Light Heavy,-0.00260353,Low,0,Low,0,9.72297,2221.72,7.70649,0.0872121,0.0469566
629,RL,0,Light Heavy,-0.00330257,Low,0,Low,0,9.75219,2229.07,7.70979,0.0871581,0.0469519
630,RL,0,BSDF Heavy,-0.00789785,Low,0,Low,0,9.8273,2246.76,7.71769,0.0875014,0.0469472
631,RL,0,BSDF Heavy,0.00630999,Low,0,Low,0,9.78299,2232.62,7.71138,0.0897458,0.0469425
632,RL,0,BSDF Heavy,0.00331259,Low,0,Low,0,9.74841,2225.23,7.70807,0.0895814,0.0469378
633,RL,0,BSDF Heavy,-0.000450134,Low,0,Low,0,9.75807,2226.23,7.70852,0.0896465,0.0469331
634,RL,0,BSDF Heavy,-0.00146341,Low,0,Low,0,9.76475,2229.5,7.70998,0.0896986,0.0469284
635,RL,0,BSDF Heavy,0.00182533,Low,0,Low,0,9.75037,2225.43,7.70815,0.089483,0.0469237
636,RL,0,BSDF Heavy,0.00403214,Low,0,Low,0,9.71181,2216.47,7.70412,0.089485,0.046919
637,RL,0,BSDF Heavy,-0.00229692,Low,0,Low,0,9.73357,2221.57,7.70642,0.0897169,0.0469143
638,RL,0,BSDF Heavy,-0.00017786,Low,0,Low,0,9.7359,2221.96,7.7066,0.0894145,0.0469096
639,RL,0,BSDF Heavy,-0.00478935,Low,0,Low,0,9.78151,2232.64,7.71139,0.0895197,0.0469049
640,RL,0,BSDF Heavy,0.00576305,Low,0,Low,0,9.72595,2219.8,7.70562,0.0895568,0.0469003
641,RL,0,BSDF Heavy,-0.000557899,Low,0,Low,0,9.72779,2221.04,7.70618,0.0894613,0.0468956
642,RL,0,BSDF Heavy,-0.00193262,Low,0,Low,0,9.75075,2225.34,7.70811,0.0896017,0.0468909
643,RL,0,BSDF Heavy,-0.000298023,Low,0,Low,0,9.74998,2226,7.70841,0.0899045,0.0468862
644,RL,0,BSDF Heavy,0.00115013,Low,0,Low,0,9.7402,2223.44,7.70726,0.0895684,0.0468815
645,RL,0,BSDF Heavy,0.000284672,Low,0,Low,0,9.74653,2222.81,7.70698,0.0896103,0.0468768
646,RL,0,BSDF Heavy,-0.00242996,Low,0,Low,0,9.75453,2228.22,7.70941,0.0894198,0.0468721
647,RL,0,BSDF Heavy,0.00552416,Low,0,Low,0,9.70667,2215.94,7.70388,0.0894411,0.0468674
648,RL,0,BSDF Heavy,-0.0018425,Low,0,Low,0,9.72603,2220.03,7.70572,0.0895149,0.0468627
649,RL,0,BSDF Heavy,-0.00151253,Low,0,Low,0,9.74103,2223.39,7.70724,0.0896301,0.0468581
650,RL,0,BSDF Heavy,-0.00254536,Low,0,Low,0,9.76681,2229.06,7.70978,0.0896663,0.0468534
651,RL,0,BSDF Heavy,0.00463343,Low,0,Low,0,9.72432,2218.75,7.70515,0.0896234,0.0468487
652,RL,0,BSDF Heavy,-0.00282574,Low,0,Low,0,9.7496,2225.03,7.70797,0.0898413,0.046844
653,RL,0,BSDF Heavy,0.000663757,Low,0,Low,0,9.73652,2223.55,7.70731,0.0893422,0.0468393
654,RL,0,BSDF Heavy,-0.00520515,Low,0,Low,0,9.79063,2235.16,7.71252,0.0896595,0.0468346
655,RL,0,BSDF Heavy,0.00400972,Low,0,Low,0,9.75607,2226.21,7.70851,0.0896176,0.04683
656,RL,0,BSDF Heavy,-0.000487804,Low,0,Low,0,9.75289,2227.3,7.70899,0.0893533,0.0468253
657,RL,0,BSDF Heavy,0.00287104,Low,0,Low,0,9.72604,2220.91,7.70612,0.0896412,0.0468206
658,RL,0,BSDF Heavy,-0.00372839,Low,0,Low,0,9.76849,2229.21,7.70985,0.089605,0.0468159
659,RL,0,BSDF Heavy,0.00385332,Low,0,Low,0,9.72488,2220.63,7.706,0.0895139,0.0468112
660,RL,0,BSDF Heavy,-0.00290155,Low,0,Low,0,9.75676,2227.09,7.7089,0.0896258,0.0468065
661,RL,0,BSDF Heavy,-0.000259399,Low,0,Low,0,9.76173,2227.67,7.70916,0.0894517,0.0468019
662,RL,0,BSDF Heavy,-0.0012536,Low,0,Low,0,9.7714,2230.46,7.71041,0.0896137,0.0467972
663,RL,0,BSDF Heavy,0.00149632,Low,0,Low,0,9.75047,2227.13,7.70892,0.0894435,0.0467925
664,RL,0,BSDF Heavy,0.00562191,Low,0,Low,0,9.70242,2214.64,7.70329,0.0894121,0.0467878
665,RL,0,BSDF Heavy,-0.00749683,Low,0,Low,0,9.76985,2231.31,7.71079,0.0898293,0.0467831
666,RL,0,BSDF Heavy,0.00241709,Low,0,Low,0,9.7496,2225.92,7.70837,0.0895607,0.0467785
667,RL,0,BSDF Heavy,-0.00244093,Low,0,Low,0,9.78114,2231.36,7.71082,0.0897131,0.0467738
668,RL,0,BSDF Heavy,0.000537395,Low,0,Low,0,9.77156,2230.16,7.71028,0.0894739,0.0467691
669,RL,0,BSDF Heavy,0.00367069,Low,0,Low,0,9.73263,2221.99,7.70661,0.0894681,0.0467644
670,RL,0,BSDF Heavy,0.00380468,Low,0,Low,0,9.69341,2213.55,7.7028,0.0892998,0.0467598
671,RL,0,BSDF Heavy,-0.004457,Low,0,Low,0,9.74541,2223.44,7.70726,0.0896827,0.0467551
672,RL,0,BSDF Heavy,-0.00357056,Low,0,Low,0,9.77945,2231.39,7.71083,0.0896851,0.0467504
673,RL,0,BSDF Heavy,0.00520992,Low,0,Low,0,9.72692,2219.79,7.70562,0.0892043,0.0467457
674,RL,0,BSDF Heavy,-0.000392914,Low,0,Low,0,9.73685,2220.67,7.70601,0.0894965,0.0467411
675,RL,0,BSDF Heavy,0.00014782,Low,0,Low,0,9.72492,2220.34,7.70587,0.089389,0.0467364
676,RL,0,BSDF Heavy,-0.00145531,Low,0,Low,0,9.74193,2223.57,7.70732,0.0895023,0.0467317
677,RL,0,BSDF Heavy,0.000104904,Low,0,Low,0,9.73809,2223.34,7.70722,0.0895163,0.046727
678,RL,0,BSDF Heavy,0.00284195,Low,0,Low,0,9.71489,2217.03,7.70437,0.0894333,0.0467224
679,RL,0,BSDF Heavy,-0.0073967,Low,0,Low,0,9.78172,2233.5,7.71177,0.0894922,0.0467177
680,RL,0,BSDF Heavy,0.00499344,Low,0,Low,0,9.7355,2222.37,7.70678,0.0893996,0.046713
681,RL,0,BSDF Heavy,-0.00708342,Low,0,Low,0,9.8075,2238.17,7.71386,0.0898182,0.0467084
682,RL,0,BSDF Heavy,0.00522518,Low,0,Low,0,9.75888,2226.5,7.70864,0.0896726,0.0467037
683,RL,0,BSDF Heavy,0.00629711,Low,0,Low,0,9.69297,2212.52,7.70234,0.0895067,0.046699
684,RL,0,BSDF Heavy,-0.00144625,Low,0,Low,0,9.70465,2215.72,7.70378,0.0893625,0.0466943
685,RL,0,BSDF Heavy,-0.00458384,Low,0,Low,0,9.75106,2225.91,7.70837,0.0896171,0.0466897
686,RL,0,BSDF Heavy,-0.00236988,Low,0,Low,0,9.77483,2231.19,7.71074,0.0897386,0.046685
687,RL,0,Balanced,-0.000434875,Low,0,Low,0,9.77893,2232.16,7.71117,0.089512,0.0466803
688,RL,0,Balanced,0.00814867,Low,0,Low,0,9.69097,2214.04,7.70302,0.0900815,0.0466757
689,RL,0,BSDF Heavy,-0.00518608,Low,0,Low,0,9.74134,2225.55,7.70821,0.0904485,0.046671
690,RL,0,BSDF Heavy,-0.00236511,Low,0,Low,0,9.77329,2230.83,7.71058,0.0898139,0.0466663
691,RL,0,BSDF Heavy,0.00231266,Low,0,Low,0,9.75406,2225.67,7.70826,0.0894276,0.0466617
692,RL,0,BSDF Heavy,0.000893116,Low,0,Low,0,9.73956,2223.68,7.70737,0.0895906,0.046657
693,RL,0,BSDF Heavy,-0.00150347,Low,0,Low,0,9.76801,2227.03,7.70887,0.0896195,0.0466523
694,RL,0,BSDF Heavy,0.00184202,Low,0,Low,0,9.72958,2222.93,7.70703,0.0893292,0.0466477
695,RL,0,BSDF Heavy,-0.00250912,Low,0,Low,0,9.76189,2228.52,7.70954,0.0896807,0.046643
696,RL,0,BSDF Heavy,-0.000791073,Low,0,Low,0,9.77151,2230.28,7.71033,0.0896836,0.0466383
697,RL,0,BSDF Heavy,0.004632,Low,0,Low,0,9.71538,2219.97,7.7057,0.0891344,0.0466337
698,RL,0,BSDF Heavy,0.00108528,Low,0,Low,0,9.72122,2217.56,7.70461,0.0895428,0.046629
699,RL,0,BSDF Heavy,-0.00237942,Low,0,Low,0,9.73799,2222.85,7.70699,0.0894483,0.0466244
700,RL,0,BSDF Heavy,-0.00365496,Low,0,Low,0,9.7748,2230.99,7.71065,0.0897405,0.0466197
701,RL,0,Balanced,-0.00233936,Low,0,Low,0,9.79858,2236.22,7.71299,0.0898196,0.046615
702,RL,0,Balanced,0.00728655,Low,0,Low,0,9.72208,2219.97,7.7057,0.0902677,0.0466104
703,RL,0,Balanced,-0.00669575,Low,0,Low,0,9.78787,2234.9,7.7124,0.0905295,0.0466057
704,RL,0,Light Heavy,0.00613499,Low,0,Low,0,9.7224,2221.22,7.70626,0.090326,0.046601
705,RL,0,Balanced,0.00145102,Low,0,Low,0,9.7101,2218,7.70481,0.0870086,0.0465964
706,RL,0,Balanced,-0.00267506,Low,0,Low,0,9.7431,2223.94,7.70749,0.0904191,0.0465917
707,RL,0,Balanced,-0.0046792,Low,0,Low,0,9.77895,2234.38,7.71217,0.0902382,0.0465871
708,RL,0,Balanced,0.00525761,Low,0,Low,0,9.72912,2222.66,7.70691,0.0903434,0.0465824
709,RL,0,Balanced,-0.00277376,Low,0,Low,0,9.7598,2228.83,7.70968,0.090693,0.0465778
710,RL,0,Balanced,0.00214577,Low,0,Low,0,9.741,2224.05,7.70754,0.0903472,0.0465731
711,RL,0,Balanced,-0.000472069,Low,0,Low,0,9.74509,2225.1,7.70801,0.0902865,0.0465684
712,RL,0,Balanced,0.000755787,Low,0,Low,0,9.73405,2223.42,7.70725,0.090245,0.0465638
713,RL,0,Balanced,0.00133133,Low,0,Low,0,9.7291,2220.46,7.70592,0.090135,0.0465591
714,RL,0,Balanced,-0.00143671,Low,0,Low,0,9.73482,2223.66,7.70736,0.0901992,0.0465545
715,RL,0,Balanced,0.00325584,Low,0,Low,0,9.71168,2216.42,7.7041,0.0904008,0.0465498
716,RL,0,Balanced,-0.00446367,Low,0,Low,0,9.75736,2226.34,7.70857,0.0905575,0.0465452
717,RL,0,Balanced,0.000695229,Low,0,Low,0,9.73888,2224.8,7.70787,0.0903516,0.0465405
718,RL,0,Balanced,-0.00146008,Low,0,Low,0,9.74758,2228.05,7.70933,0.0904687,0.0465358
719,RL,0,Balanced,-0.00215387,Low,0,Low,0,9.77782,2232.85,7.71148,0.0905975,0.0465312
720,RL,0,Balanced,0.00512028,Low,0,Low,0,9.72806,2221.45,7.70636,0.0903482,0.0465265
721,RL,0,Balanced,-0.00198364,Low,0,Low,0,9.7485,2225.86,7.70835,0.0903593,0.0465219
722,RL,0,Balanced,0.000303268,Low,0,Low,0,9.74374,2225.18,7.70804,0.0901481,0.0465172
723,RL,0,Balanced,-0.0027566,Low,0,Low,0,9.77678,2231.33,7.7108,0.0905662,0.0465126
724,RL,0,Balanced,0.000895977,Low,0,Low,0,9.76211,2229.33,7.7099,0.0904784,0.0465079
725,RL,0,Balanced,0.00244331,Low,0,Low,0,9.73713,2223.89,7.70746,0.0904061,0.0465033
726,RL,0,Balanced,-0.00578165,Low,0,Low,0,9.7962,2236.79,7.71324,0.0906887,0.0464986
727,RL,0,Balanced,0.00447464,Low,0,Low,0,9.75581,2226.8,7.70877,0.0906047,0.046494
728,RL,0,Balanced,-0.00301647,Low,0,Low,0,9.7729,2233.53,7.71178,0.0903569,0.0464893
729,RL,0,Balanced,0.00481606,Low,0,Low,0,9.73349,2222.79,7.70697,0.0904249,0.0464847
730,RL,0,Balanced,0.00149965,Low,0,Low,0,9.71485,2219.46,7.70547,0.090123,0.04648
731,RL,0,Balanced,-0.00185966,Low,0,Low,0,9.73187,2223.59,7.70733,0.0904422,0.0464754
732,RL,0,Balanced,0.000127792,Low,0,Low,0,9.73195,2223.31,7.7072,0.0902435,0.0464707
733,RL,0,Balanced,0.00135994,Low,0,Low,0,9.72606,2220.28,7.70584,0.090273,0.0464661
734,RL,0,Balanced,-0.00177813,Low,0,Low,0,9.73756,2224.24,7.70762,0.0906351,0.0464615
735,RL,0,Balanced,-0.0022006,Low,0,Low,0,9.76106,2229.14,7.70982,0.0904943,0.0464568
736,RL,0,Balanced,0.00224829,Low,0,Low,0,9.7446,2224.13,7.70757,0.0904364,0.0464522
737,RL,0,Balanced,-0.00130129,Low,0,Low,0,9.75064,2227.03,7.70887,0.0903969,0.0464475
738,RL,0,Balanced,0.00484037,Low,0,Low,0,9.71229,2216.27,7.70403,0.0904514,0.0464429
739,RL,0,Balanced,-0.00211668,Low,0,Low,0,9.72686,2220.97,7.70615,0.0902749,0.0464382
740,RL,0,Balanced,0.00192261,Low,0,Low,0,9.70103,2216.7,7.70423,0.0902392,0.0464336
741,RL,0,Balanced,-0.00311136,Low,0,Low,0,9.73439,2223.61,7.70734,0.0905387,0.0464289
742,RL,0,Balanced,-0.00441265,Low,0,Low,0,9.78094,2233.45,7.71175,0.0907104,0.0464243
743,RL,0,Balanced,0.00226498,Low,0,Low,0,9.75865,2228.4,7.70949,0.0904355,0.0464197
744,RL,0,Balanced,-0.00147963,Low,0,Low,0,9.77222,2231.7,7.71097,0.0906944,0.046415
745,RL,0,Balanced,0.00812864,Low,0,Low,0,9.68579,2213.62,7.70284,0.090041,0.0464104
746,RL,0,Balanced,-0.0024786,Low,0,Low,0,9.71725,2219.12,7.70532,0.090163,0.0464057
747,RL,0,Balanced,-0.0012722,Low,0,Low,0,9.7229,2221.94,7.70659,0.0901755,0.0464011
748,RL,0,Balanced,-0.00103045,Low,0,Low,0,9.73792,2224.24,7.70762,0.0903979,0.0463965
749,RL,0,Balanced,-0.000349522,Low,0,Low,0,9.73725,2225.01,7.70797,0.0901813,0.0463918
750,RL,0,Balanced,-6.86646e-05,Low,0,Low,0,9.74166,2225.17,7.70804,0.0902802,0.0463872
751,RL,0,Balanced,0.000913143,Low,0,Low,0,9.72825,2223.13,7.70712,0.0903077,0.0463825
752,RL,0,Balanced,-0.00429678,Low,0,Low,0,9.77996,2232.71,7.71142,0.0906838,0.0463779
753,RL,0,Balanced,0.00468683,Low,0,Low,0,9.73261,2222.27,7.70673,0.0905941,0.0463733
754,RL,0,Balanced,-0.00182199,Low,0,Low,0,9.75383,2226.32,7.70855,0.0905787,0.0463686
755,RL,0,Balanced,0.00620079,Low,0,Low,0,9.68567,2212.55,7.70235,0.0899966,0.046364
756,RL,0,Balanced,-0.00421238,Low,0,Low,0,9.72987,2221.9,7.70657,0.0903255,0.0463594
757,RL,0,Balanced,-0.00346708,Low,0,Low,0,9.76651,2229.62,7.71003,0.0904519,0.0463547
758,RL,0,Balanced,0.00392866,Low,0,Low,0,9.725,2220.87,7.7061,0.0902623,0.0463501
759,RL,0,Balanced,-0.00056076,Low,0,Low,0,9.73223,2222.12,7.70667,0.0904712,0.0463454
760,RL,0,Balanced,-0.00235367,Low,0,Low,0,9.7533,2227.36,7.70902,0.0901601,0.0463408
761,RL,0,Balanced,0.00301647,Low,0,Low,0,9.71916,2220.64,7.706,0.0903564,0.0463362
762,RL,0,Balanced,0.0010848,Low,0,Low,0,9.7113,2218.24,7.70492,0.0903419,0.0463315
763,RL,0,Balanced,-0.00074482,Low,0,Low,0,9.71962,2219.89,7.70566,0.0901206,0.0463269
764,RL,0,Light Heavy,-0.00255156,Low,0,Low,0,9.73964,2225.56,7.70821,0.0902865,0.0463223
765,RL,0,Balanced,0.001266,Low,0,Low,0,9.73315,2222.75,7.70695,0.087242,0.0463176
766,RL,0,Balanced,0.00102472,Low,0,Low,0,9.72192,2220.47,7.70592,0.0903805,0.046313
767,RL,0,Balanced,-0.00183296,Low,0,Low,0,9.74375,2224.54,7.70776,0.0904851,0.0463084
768,RL,0,Light Heavy,-0.00426865,Low,0,Low,0,9.78181,2234.06,7.71203,0.0905985,0.0463038
769,RL,0,Light Heavy,0.00241327,Low,0,Low,0,9.74523,2228.68,7.70961,0.0870472,0.0462991
770,RL,0,Light Heavy,0.00398779,Low,0,Low,0,9.71631,2219.8,7.70562,0.0871836,0.0462945
771,RL,0,Light Heavy,0.000218391,Low,0,Low,0,9.71661,2219.32,7.70541,0.0870501,0.0462899
772,RL,0,Light Heavy,0.00229025,Low,0,Low,0,9.6884,2214.24,7.70312,0.0869261,0.0462852
773,RL,0,Light Heavy,-0.00320387,Low,0,Low,0,9.7262,2221.35,7.70632,0.0872053,0.0462806
774,RL,0,Light Heavy,-0.00182772,Low,0,Low,0,9.73676,2225.41,7.70815,0.0873245,0.046276
775,RL,0,Light Heavy,-0.00317526,Low,0,Low,0,9.76412,2232.49,7.71132,0.0872251,0.0462714
776,RL,0,BSDF Heavy,-0.00137997,Low,0,Low,0,9.78747,2235.58,7.7127,0.0873114,0.0462667
777,RL,0,BSDF Heavy,0.00309849,Low,0,Low,0,9.76241,2228.66,7.7096,0.0898491,0.0462621
778,RL,0,BSDF Heavy,-0.00181484,Low,0,Low,0,9.77996,2232.71,7.71142,0.0894975,0.0462575
779,RL,0,BSDF Heavy,0.00501823,Low,0,Low,0,9.72998,2221.53,7.7064,0.0896851,0.0462528
780,RL,0,BSDF Heavy,-0.000161648,Low,0,Low,0,9.72942,2221.89,7.70656,0.0892269,0.0462482
781,RL,0,BSDF Heavy,-0.00446987,Low,0,Low,0,9.77831,2231.85,7.71103,0.0897179,0.0462436
782,RL,0,BSDF Heavy,0.005229,Low,0,Low,0,9.72824,2220.2,7.7058,0.089632,0.046239
783,RL,0,BSDF Heavy,-0.00248814,Low,0,Low,0,9.75118,2225.73,7.70829,0.0896292,0.0462344
784,RL,0,BSDF Heavy,0.000981808,Low,0,Low,0,9.74137,2223.55,7.70731,0.0896615,0.0462297
785,RL,0,BSDF Heavy,-0.000970364,Low,0,Low,0,9.7519,2225.71,7.70828,0.0894792,0.0462251
786,RL,0,BSDF Heavy,0.000638962,Low,0,Low,0,9.74673,2224.29,7.70764,0.0897319,0.0462205
787,RL,0,BSDF Heavy,0.00162983,Low,0,Low,0,9.72435,2220.66,7.70601,0.0894425,0.0462159
788,RL,0,BSDF Heavy,0.00505447,Low,0,Low,0,9.68053,2209.46,7.70096,0.089442,0.0462112
789,RL,0,BSDF Heavy,-0.00691986,Low,0,Low,0,9.75737,2224.81,7.70788,0.0896292,0.0462066
790,RL,0,BSDF Heavy,-0.00041914,Low,0,Low,0,9.75017,2225.74,7.7083,0.0896258,0.046202
791,RL,0,BSDF Heavy,-0.00410366,Low,0,Low,0,9.79456,2234.9,7.7124,0.0895597,0.0461974
792,RL,0,BSDF Heavy,0.00222635,Low,0,Low,0,9.76421,2229.93,7.71017,0.0895592,0.0461928
793,RL,0,BSDF Heavy,0.00146437,Low,0,Low,0,9.75653,2226.66,7.70871,0.0896943,0.0461881
794,RL,0,BSDF Heavy,-0.00186586,Low,0,Low,0,9.779,2230.82,7.71057,0.08985,0.0461835
795,RL,0,BSDF Heavy,0.00481653,Low,0,Low,0,9.72596,2220.1,7.70576,0.0893842,0.0461789
796,RL,0,BSDF Heavy,-0.00169516,Low,0,Low,0,9.74346,2223.87,7.70745,0.0894232,0.0461743
797,RL,0,BSDF Heavy,0.00147438,Low,0,Low,0,9.7274,2220.59,7.70598,0.0895423,0.0461697
798,RL,0,BSDF Heavy,-0.000849724,Low,0,Low,0,9.73354,2222.48,7.70683,0.0894763,0.046165
799,RL,0,BSDF Heavy,0.000402451,Low,0,Low,0,9.72931,2221.58,7.70643,0.0894579,0.0461604
800,RL,0,BSDF Heavy,-0.00507164,Low,0,Low,0,9.78237,2232.88,7.7115,0.0896571,0.0461558
801,RL,0,BSDF Heavy,0.00205088,Low,0,Low,0,9.76704,2228.31,7.70945,0.0896947,0.0461512
802,RL,0,BSDF Heavy,0.0029211,Low,0,Low,0,9.73467,2221.81,7.70653,0.0896557,0.0461466
803,RL,0,BSDF Heavy,-0.00148582,Low,0,Low,0,9.74837,2225.11,7.70801,0.0896369,0.046142
804,RL,0,BSDF Heavy,-0.00297737,Low,0,Low,0,9.77366,2231.75,7.71099,0.0897598,0.0461374
805,RL,0,BSDF Heavy,0.00331593,Low,0,Low,0,9.73855,2224.36,7.70767,0.08951,0.0461327
806,RL,0,BSDF Heavy,0.000968933,Low,0,Low,0,9.73523,2222.2,7.7067,0.0896161,0.0461281
807,RL,0,BSDF Heavy,-0.00141811,Low,0,Low,0,9.75467,2225.36,7.70812,0.0896624,0.0461235
808,RL,0,BSDF Heavy,-0.00135231,Low,0,Low,0,9.7619,2228.37,7.70947,0.0896152,0.0461189
809,RL,0,BSDF Heavy,0.000283241,Low,0,Low,0,9.76503,2227.74,7.70919,0.0897671,0.0461143
810,RL,0,BSDF Heavy,0.000784874,Low,0,Low,0,9.75389,2225.99,7.70841,0.0895144,0.0461097
811,RL,0,BSDF Heavy,-0.000779629,Low,0,Low,0,9.75358,2227.73,7.70919,0.0895153,0.0461051
812,RL,0,BSDF Heavy,0.00178814,Low,0,Low,0,9.74407,2223.75,7.7074,0.0896769,0.0461005
813,RL,0,BSDF Heavy,0.000505447,Low,0,Low,0,9.73801,2222.62,7.70689,0.0895804,0.0460959
814,RL,0,BSDF Heavy,0.00111341,Low,0,Low,0,9.72587,2220.15,7.70578,0.0896195,0.0460912
815,RL,0,BSDF Heavy,-0.004879,Low,0,Low,0,9.77946,2231.01,7.71066,0.0897589,0.0460866
816,RL,0,BSDF Heavy,0.00347233,Low,0,Low,0,9.74265,2223.27,7.70719,0.0898206,0.046082
817,RL,0,BSDF Heavy,-0.00121689,Low,0,Low,0,9.75145,2225.98,7.7084,0.0894483,0.0460774
818,RL,0,BSDF Heavy,0.00342894,Low,0,Low,0,9.71797,2218.36,7.70497,0.0895341,0.0460728
819,RL,0,BSDF Heavy,-0.00126696,Low,0,Low,0,9.73204,2221.17,7.70624,0.0895288,0.0460682
820,RL,0,BSDF Heavy,-0.000896454,Low,0,Low,0,9.74278,2223.16,7.70714,0.0896827,0.0460636
821,RL,0,BSDF Heavy,-0.00378275,Low,0,Low,0,9.77474,2231.59,7.71092,0.089743,0.046059
822,RL,0,BSDF Heavy,0.00663567,Low,0,Low,0,9.70234,2216.83,7.70428,0.0894112,0.0460544
823,RL,0,BSDF Heavy,-0.000890732,Low,0,Low,0,9.72682,2218.8,7.70517,0.0894922,0.0460498
824,RL,0,BSDF Heavy,-0.000850201,Low,0,Low,0,9.73142,2220.69,7.70602,0.0895346,0.0460452
825,RL,0,BSDF Heavy,-0.0019784,Low,0,Low,0,9.75026,2225.09,7.708,0.0897526,0.0460406
826,RL,0,BSDF Heavy,0.000330925,Low,0,Low,0,9.74232,2224.36,7.70767,0.0895684,0.046036
827,RL,0,BSDF Heavy,-0.000697613,Low,0,Low,0,9.74874,2225.91,7.70837,0.0897155,0.0460314
828,RL,0,BSDF Heavy,-0.00282621,Low,0,Low,0,9.78118,2232.21,7.7112,0.089714,0.0460268
829,RL,0,BSDF Heavy,-0.0013566,Low,0,Low,0,9.79462,2235.24,7.71255,0.0900149,0.0460222
830,RL,0,BSDF Heavy,0.00300741,Low,0,Low,0,9.76344,2228.53,7.70955,0.089755,0.0460176
831,RL,0,BSDF Heavy,0.00140429,Low,0,Low,0,9.75334,2225.4,7.70814,0.0897352,0.046013
832,RL,0,BSDF Heavy,0.00416756,Low,0,Low,0,9.70824,2216.14,7.70397,0.0895341,0.0460084
833,RL,0,BSDF Heavy,-0.00362158,Low,0,Low,0,9.74903,2224.18,7.70759,0.0893981,0.0460038
834,RL,0,BSDF Heavy,0.0011344,Low,0,Low,0,9.72818,2221.66,7.70646,0.0895775,0.0459992
835,RL,0,BSDF Heavy,0.00325108,Low,0,Low,0,9.70213,2214.45,7.70321,0.089335,0.0459946
836,RL,0,Light Heavy,-0.0115843,Low,0,Low,0,9.81855,2240.26,7.71479,0.089865,0.04599
837,RL,0,Balanced,0.00509453,Low,0,Low,0,9.75338,2228.87,7.7097,0.0871441,0.0459854
838,RL,0,Light Heavy,0.00197411,Low,0,Low,0,9.74277,2224.47,7.70773,0.0903511,0.0459808
839,RL,0,Light Heavy,0.00456333,Low,0,Low,0,9.68802,2214.34,7.70316,0.0868914,0.0459762
840,RL,0,Light Heavy,-0.00506639,Low,0,Low,0,9.74313,2225.59,7.70823,0.0870279,0.0459716
841,RL,0,Light Heavy,0.00116014,Low,0,Low,0,9.72318,2223.01,7.70707,0.0869285,0.045967
842,RL,0,Light Heavy,-0.00165844,Low,0,Low,0,9.74676,2226.7,7.70873,0.0870804,0.0459624
843,RL,0,Balanced,-0.00412846,Low,0,Low,0,9.78403,2235.92,7.71285,0.087405,0.0459578
844,RL,0,BSDF Heavy,0.00766659,Low,0,Low,0,9.71633,2218.84,7.70519,0.0903135,0.0459532
845,RL,0,Balanced,-0.00119591,Low,0,Low,0,9.73341,2221.49,7.70638,0.0894223,0.0459486
846,RL,0,Balanced,-0.00351381,Low,0,Low,0,9.75675,2229.31,7.7099,0.0905946,0.045944
847,RL,0,Balanced,-0.0010705,Low,0,Low,0,9.77614,2231.7,7.71097,0.0905387,0.0459394
848,RL,0,Balanced,0.00396395,Low,0,Low,0,9.73773,2222.87,7.707,0.0902551,0.0459348
849,RL,0,Balanced,-0.00222254,Low,0,Low,0,9.75758,2227.82,7.70923,0.0903274,0.0459302
850,RL,0,Balanced,0.00122452,Low,0,Low,0,9.74297,2225.09,7.708,0.0902609,0.0459256
851,RL,0,Balanced,-0.000257015,Low,0,Low,0,9.74919,2225.66,7.70826,0.0904263,0.045921
852,RL,0,Balanced,-0.00220633,Low,0,Low,0,9.76161,2230.58,7.71047,0.0905908,0.0459164
853,RL,0,Balanced,0.00279427,Low,0,Low,0,9.7426,2224.35,7.70767,0.090531,0.0459118
854,RL,0,Balanced,-0.000219822,Low,0,Low,0,9.73475,2224.84,7.70789,0.0904225,0.0459072
855,RL,0,Balanced,-0.000286579,Low,0,Low,0,9.74451,2225.48,7.70818,0.0903101,0.0459027
856,RL,0,Balanced,-0.00230837,Low,0,Low,0,9.77022,2230.63,7.71049,0.0905107,0.0458981
857,RL,0,Balanced,0.00185823,Low,0,Low,0,9.74728,2226.48,7.70863,0.0901182,0.0458935
858,RL,0,Balanced,0.00125122,Low,0,Low,0,9.73066,2223.7,7.70738,0.0902715,0.0458889
859,RL,0,Balanced,-0.00392962,Low,0,Low,0,9.7723,2232.46,7.71131,0.0903819,0.0458843
860,RL,0,Balanced,0.00113964,Low,0,Low,0,9.76568,2229.91,7.71017,0.0906781,0.0458797
861,RL,0,Balanced,0.00342464,Low,0,Low,0,9.74058,2222.29,7.70674,0.0903274,0.0458751
862,RL,0,Balanced,-0.00373554,Low,0,Low,0,9.77141,2230.61,7.71048,0.0905474,0.0458705
863,RL,0,Balanced,-0.00543976,Low,0,Low,0,9.82096,2242.78,7.71592,0.0908599,0.0458659
864,RL,0,Balanced,0.0100503,Low,0,Low,0,9.71783,2220.34,7.70587,0.0903853,0.0458614
865,RL,0,Balanced,-0.00186491,Low,0,Low,0,9.7423,2224.49,7.70773,0.0905314,0.0458568
866,RL,0,Balanced,0.00512552,Low,0,Low,0,9.69642,2213.11,7.70261,0.0904196,0.0458522
867,RL,0,Balanced,-0.00286293,Low,0,Low,0,9.71948,2219.46,7.70547,0.0902267,0.0458476
868,RL,0,Balanced,-0.00341082,Low,0,Low,0,9.74602,2227.05,7.70888,0.0904181,0.045843
869,RL,0,Balanced,0.00114298,Low,0,Low,0,9.73476,2224.5,7.70774,0.0902662,0.0458384
870,RL,0,Balanced,-0.00444937,Low,0,Low,0,9.77934,2234.43,7.71219,0.090422,0.0458339
871,RL,0,Balanced,0.000966072,Low,0,Low,0,9.77385,2232.27,7.71122,0.0905792,0.0458293
872,RL,0,Balanced,-0.00147104,Low,0,Low,0,9.79081,2235.55,7.71269,0.0906236,0.0458247
873,RL,0,Balanced,0.00159216,Low,0,Low,0,9.7799,2232,7.7111,0.0903274,0.0458201
874,RL,0,Balanced,0.000529766,Low,0,Low,0,9.77254,2230.81,7.71057,0.0904919,0.0458155
875,RL,0,Balanced,6.38962e-05,Low,0,Low,0,9.76658,2230.67,7.71051,0.090326,0.0458109
876,RL,0,Balanced,-0.00281858,Low,0,Low,0,9.79141,2236.97,7.71332,0.0903043,0.0458064
877,RL,0,Balanced,0.00425959,Low,0,Low,0,9.75598,2227.46,7.70906,0.090327,0.0458018
878,RL,0,Balanced,0.00276518,Low,0,Low,0,9.73137,2221.3,7.7063,0.0903096,0.0457972
879,RL,0,Balanced,-0.000510216,Low,0,Low,0,9.72684,2222.44,7.70681,0.090449,0.0457926
880,RL,0,Balanced,-0.000873566,Low,0,Low,0,9.74106,2224.38,7.70768,0.0905295,0.045788
881,RL,0,Balanced,-0.00148201,Low,0,Low,0,9.7514,2227.68,7.70917,0.0905363,0.0457835
882,RL,0,Balanced,0.0043149,Low,0,Low,0,9.7063,2218.09,7.70485,0.0902715,0.0457789
883,RL,0,Balanced,-0.00542259,Low,0,Low,0,9.76305,2230.15,7.71027,0.0902045,0.0457743
884,RL,0,Balanced,0.0014267,Low,0,Low,0,9.75108,2226.97,7.70885,0.0904803,0.0457697
885,RL,0,Balanced,0.00352192,Low,0,Low,0,9.71553,2219.14,7.70532,0.0902633,0.0457652
886,RL,0,Balanced,-0.00681734,Low,0,Low,0,9.78103,2234.33,7.71214,0.0904012,0.0457606
887,RL,0,Balanced,0.00967646,Low,0,Low,0,9.69041,2212.8,7.70247,0.0901823,0.045756
888,RL,0,Balanced,-0.00483751,Low,0,Low,0,9.73475,2223.53,7.7073,0.0903347,0.0457514
889,RL,0,Balanced,0.00269556,Low,0,Low,0,9.70561,2217.55,7.70461,0.0902233,0.0457469
890,RL,0,Balanced,-0.00605965,Low,0,Low,0,9.77014,2231.03,7.71067,0.0907952,0.0457423
891,RL,0,Balanced,0.00519609,Low,0,Low,0,9.72373,2219.46,7.70547,0.090476,0.0457377
892,RL,0,Balanced,-0.00288582,Low,0,Low,0,9.74592,2225.88,7.70836,0.0903077,0.0457331
893,RL,0,Balanced,0.00171757,Low,0,Low,0,9.72991,2222.06,7.70664,0.0904229,0.0457286
894,RL,0,Balanced,0.000171185,Low,0,Low,0,9.72756,2221.68,7.70647,0.0905194,0.045724
895,RL,0,Balanced,0.00370026,Low,0,Low,0,9.69386,2213.47,7.70277,0.0900791,0.0457194
896,RL,0,Balanced,-0.0102663,Low,0,Low,0,9.79258,2236.32,7.71303,0.0909746,0.0457148
897,RL,0,Balanced,0.00608253,Low,0,Low,0,9.72498,2222.75,7.70695,0.0901591,0.0457103
898,RL,0,Balanced,-0.00113964,Low,0,Low,0,9.74081,2225.29,7.70809,0.0903246,0.0457057
899,RL,0,Balanced,0.000673771,Low,0,Low,0,9.73752,2223.79,7.70742,0.0904982,0.0457011
900,RL,0,Balanced,-0.00163364,Low,0,Low,0,9.74545,2227.43,7.70905,0.0901138,0.0456966
901,RL,0,Balanced,0.000497341,Low,0,Low,0,9.74807,2226.32,7.70855,0.090231,0.045692
902,RL,0,Balanced,0.00162935,Low,0,Low,0,9.72687,2222.69,7.70692,0.0903096,0.0456874
903,RL,0,Balanced,0.00360346,Low,0,Low,0,9.69384,2214.69,7.70332,0.0900868,0.0456829
904,RL,0,Balanced,-0.00438309,Low,0,Low,0,9.74428,2224.43,7.7077,0.090435,0.0456783
905,RL,0,Balanced,0.00244045,Low,0,Low,0,9.71632,2219,7.70526,0.0904012,0.0456737
906,RL,0,Balanced,-0.00172472,Low,0,Low,0,9.72968,2222.83,7.70699,0.0902059,0.0456691
907,RL,0,Balanced,-0.000693798,Low,0,Low,0,9.7444,2224.38,7.70768,0.090447,0.0456646
908,RL,0,Balanced,-0.00182772,Low,0,Low,0,9.76296,2228.45,7.70951,0.090395,0.04566
909,RL,0,Balanced,0.00403261,Low,0,Low,0,9.71753,2219.48,7.70548,0.0902758,0.0456555
910,RL,0,Balanced,-0.00520754,Low,0,Low,0,9.77338,2231.07,7.71068,0.090583,0.0456509
911,RL,0,Balanced,0.00521803,Low,0,Low,0,9.71801,2219.45,7.70547,0.0902908,0.0456463
912,RL,0,Balanced,-0.00243568,Low,0,Low,0,9.74224,2224.87,7.7079,0.0903168,0.0456418
913,RL,0,Balanced,0.000576973,Low,0,Low,0,9.73355,2223.58,7.70733,0.0904253,0.0456372
914,RL,0,Balanced,-0.00525236,Low,0,Low,0,9.78342,2235.3,7.71258,0.090407,0.0456326
915,RL,0,Balanced,0.00340796,Low,0,Low,0,9.75012,2227.69,7.70917,0.0904311,0.0456281
916,RL,0,Balanced,0.000918388,Low,0,Low,0,9.74589,2225.65,7.70825,0.0902995,0.0456235
917,RL,0,Balanced,-0.000136852,Low,0,Low,0,9.74354,2225.95,7.70839,0.0903496,0.0456189
918,RL,0,Balanced,-0.000759602,Low,0,Low,0,9.75883,2227.64,7.70915,0.0907108,0.0456144
919,RL,0,Balanced,0.00247526,Low,0,Low,0,9.72469,2222.13,7.70667,0.0902677,0.0456098
920,RL,0,Balanced,-0.00240707,Low,0,Low,0,9.75584,2227.49,7.70908,0.0904562,0.0456053
921,RL,0,Balanced,0.0025034,Low,0,Low,0,9.73334,2221.92,7.70658,0.0903207,0.0456007
922,RL,0,Balanced,0.00165558,Low,0,Low,0,9.71903,2218.24,7.70492,0.0903921,0.0455961
923,RL,0,Balanced,-0.00342226,Low,0,Low,0,9.74681,2225.85,7.70834,0.090352,0.0455916
924,RL,0,Balanced,0.00128889,Low,0,Low,0,9.73242,2222.98,7.70705,0.0904335,0.045587
925,RL,0,Balanced,0.0012269,Low,0,Low,0,9.72376,2220.25,7.70583,0.0903795,0.0455825
926,RL,0,Balanced,-0.00129747,Low,0,Low,0,9.73562,2223.14,7.70712,0.0905551,0.0455779
927,RL,0,Balanced,0.00266695,Low,0,Low,0,9.70467,2217.21,7.70446,0.0900241,0.0455733
928,RL,0,Balanced,-0.00365925,Low,0,Low,0,9.74579,2225.35,7.70812,0.0904311,0.0455688
929,RL,0,Balanced,0.00223398,Low,0,Low,0,9.71993,2220.38,7.70588,0.0898987,0.0455642
930,RL,0,Balanced,-0.00407743,Low,0,Low,0,9.7637,2229.45,7.70996,0.0905059,0.0455597
931,RL,0,Balanced,0.00170279,Low,0,Low,0,9.74765,2225.66,7.70826,0.09053,0.0455551
932,RL,0,Balanced,-4.72069e-05,Low,0,Low,0,9.74198,2225.76,7.7083,0.0904244,0.0455506
933,RL,0,Balanced,0.00515079,Low,0,Low,0,9.69084,2214.32,7.70315,0.0900632,0.045546
934,RL,0,Balanced,-0.00231457,Low,0,Low,0,9.71692,2219.46,7.70547,0.0902493,0.0455415
935,RL,0,Balanced,-0.00688839,Low,0,Low,0,9.7841,2234.81,7.71236,0.0904851,0.0455369
936,RL,0,Balanced,0.00318241,Low,0,Low,0,9.75107,2227.7,7.70917,0.0904552,0.0455323
937,RL,0,Balanced,0.00720787,Low,0,Low,0,9.68508,2211.7,7.70197,0.0898013,0.0455278
938,RL,0,Balanced,-0.00891542,Low,0,Low,0,9.7675,2231.51,7.71088,0.0904996,0.0455232
939,RL,0,Light Heavy,-0.0020833,Low,0,Low,0,9.7902,2236.17,7.71297,0.0907441,0.0455187
940,RL,0,Light Heavy,0.00446177,Low,0,Low,0,9.7506,2226.21,7.7085,0.0873085,0.0455141
941,RL,0,Light Heavy,-0.00135517,Low,0,Low,0,9.75558,2229.23,7.70986,0.0871407,0.0455096
942,RL,0,Light Heavy,0.00169611,Low,0,Low,0,9.74079,2225.45,7.70816,0.0870298,0.045505
943,RL,0,Light Heavy,-0.00135517,Low,0,Low,0,9.75315,2228.47,7.70952,0.0870939,0.0455005
944,RL,0,Light Heavy,0.00126791,Low,0,Low,0,9.73691,2225.64,7.70825,0.0870795,0.0454959
945,RL,0,Light Heavy,0.00088501,Low,0,Low,0,9.72823,2223.67,7.70737,0.0870732,0.0454914
946,RL,0,Light Heavy,0.00457382,Low,0,Low,0,9.68933,2213.52,7.70279,0.0869878,0.0454868
947,RL,0,Light Heavy,-0.00627041,Low,0,Low,0,9.75143,2227.45,7.70906,0.0872174,0.0454823
948,RL,0,Light Heavy,-0.00192022,Low,0,Low,0,9.76136,2231.73,7.71098,0.0872246,0.0454777
949,RL,0,Light Heavy,0.00195408,Low,0,Low,0,9.74863,2227.37,7.70903,0.0872295,0.0454732
950,RL,0,Light Heavy,0.00474119,Low,0,Low,0,9.70209,2216.83,7.70429,0.086985,0.0454686
951,RL,0,Light Heavy,-0.0048008,Low,0,Low,0,9.75345,2227.51,7.70909,0.0871687,0.0454641
952,RL,0,Light Heavy,0.00112295,Low,0,Low,0,9.73813,2225.01,7.70796,0.0871658,0.0454596
953,RL,0,Light Heavy,0.000367165,Low,0,Low,0,9.73219,2224.19,7.7076,0.0870602,0.045455
954,RL,0,Light Heavy,0.00232983,Low,0,Low,0,9.70861,2219.01,7.70527,0.0867062,0.0454505
955,RL,0,Light Heavy,-0.000190258,Low,0,Low,0,9.70669,2219.43,7.70546,0.0869054,0.0454459
956,RL,0,Light Heavy,-0.00130653,Low,0,Low,0,9.73222,2222.34,7.70676,0.0872082,0.0454414
957,RL,0,Light Heavy,-0.00238419,Low,0,Low,0,9.75171,2227.64,7.70915,0.0870732,0.0454368
958,RL,0,Light Heavy,-0.000722408,Low,0,Low,0,9.75259,2229.25,7.70987,0.0872246,0.0454323
959,RL,0,Light Heavy,-0.000154018,Low,0,Low,0,9.76041,2229.6,7.71002,0.0873857,0.0454277
960,RL,0,BSDF Heavy,0.00362492,Low,0,Low,0,9.71336,2221.53,7.7064,0.0870587,0.0454232
961,RL,0,Light Heavy,-0.0015502,Low,0,Low,0,9.75005,2224.97,7.70795,0.0894184,0.0454187
962,RL,0,Light Heavy,0.00202942,Low,0,Low,0,9.72304,2220.46,7.70592,0.087052,0.0454141
963,RL,0,Light Heavy,-0.00291777,Low,0,Low,0,9.74668,2226.95,7.70884,0.0871889,0.0454096
964,RL,0,Light Heavy,0.00250006,Low,0,Low,0,9.72151,2221.39,7.70634,0.0871263,0.045405
965,RL,0,Light Heavy,-0.00399208,Low,0,Low,0,9.76379,2230.28,7.71033,0.087161,0.0454005
966,RL,0,Light Heavy,0.0063591,Low,0,Low,0,9.70193,2216.14,7.70397,0.0870433,0.045396
967,RL,0,Light Heavy,-0.00609112,Low,0,Low,0,9.75806,2229.68,7.71006,0.0873664,0.0453914
968,RL,0,Light Heavy,-0.000577927,Low,0,Low,0,9.75715,2230.97,7.71064,0.0870086,0.0453869
969,RL,0,Light Heavy,0.00725508,Low,0,Low,0,9.69273,2214.84,7.70339,0.0868552,0.0453823
970,RL,0,Balanced,-0.0118895,Low,0,Low,0,9.8072,2241.34,7.71527,0.0874016,0.0453778
971,RL,0,Balanced,0.00875044,Low,0,Low,0,9.72491,2221.8,7.70652,0.09015,0.0453733
972,RL,0,Balanced,-0.00237417,Low,0,Low,0,9.74645,2227.09,7.7089,0.0902546,0.0453687
973,RL,0,Balanced,0.0024662,Low,0,Low,0,9.72962,2221.6,7.70643,0.0902267,0.0453642
974,RL,0,Balanced,-0.000219345,Low,0,Low,0,9.73725,2222.09,7.70665,0.0906269,0.0453597
975,RL,0,Balanced,-0.00273609,Low,0,Low,0,9.76055,2228.18,7.70939,0.0903082,0.0453551
976,RL,0,Balanced,0.00180197,Low,0,Low,0,9.74083,2224.16,7.70759,0.0902744,0.0453506
977,RL,0,Balanced,-0.00221968,Low,0,Low,0,9.76433,2229.11,7.70981,0.0903656,0.045346
978,RL,0,Balanced,-0.00117493,Low,0,Low,0,9.77263,2231.73,7.71098,0.090665,0.0453415
979,RL,0,Balanced,0.00340414,Low,0,Low,0,9.73522,2224.14,7.70758,0.0903274,0.045337
980,RL,0,Balanced,0.00359631,Low,0,Low,0,9.70231,2216.15,7.70398,0.0903096,0.0453324
981,RL,0,Balanced,-0.0035181,Low,0,Low,0,9.74424,2223.97,7.7075,0.0904239,0.0453279
982,RL,0,Balanced,0.00184536,Low,0,Low,0,9.72165,2219.87,7.70565,0.0906216,0.0453234
983,RL,0,Balanced,-0.00130415,Low,0,Low,0,9.73905,2222.76,7.70696,0.0903419,0.0453188
984,RL,0,Balanced,-0.0026536,Low,0,Low,0,9.75919,2228.67,7.70961,0.0904958,0.0453143
985,RL,0,Balanced,0.0054903,Low,0,Low,0,9.70606,2216.47,7.70412,0.0902773,0.0453098
986,RL,0,Balanced,-0.00646639,Low,0,Low,0,9.77375,2230.85,7.71059,0.0905165,0.0453053
987,RL,0,Balanced,0.00451851,Low,0,Low,0,9.72118,2220.79,7.70607,0.090271,0.0453007
988,RL,0,Balanced,-0.000422955,Low,0,Low,0,9.72731,2221.73,7.70649,0.0902199,0.0452962
989,RL,0,Balanced,-0.00408554,Low,0,Low,0,9.77001,2230.83,7.71058,0.0906727,0.0452917
990,RL,0,Balanced,0.00333357,Low,0,Low,0,9.73142,2223.4,7.70724,0.0903313,0.0452871
991,RL,0,Balanced,0.00502682,Low,0,Low,0,9.68221,2212.25,7.70222,0.0901481,0.0452826
992,RL,0,Balanced,-0.00529099,Low,0,Low,0,9.73471,2223.99,7.70751,0.0902474,0.0452781
993,RL,0,Balanced,-0.00551367,Low,0,Low,0,9.78792,2236.29,7.71302,0.0904008,0.0452736
994,RL,0,Balanced,0.00643015,Low,0,Low,0,9.72505,2221.95,7.70659,0.0900497,0.045269
995,RL,0,Balanced,0.00171328,Low,0,Low,0,9.71496,2218.15,7.70488,0.0903463,0.0452645
996,RL,0,Balanced,-0.00332069,Low,0,Low,0,9.74629,2225.53,7.7082,0.0904919,0.04526
997,RL,0,Balanced,-0.000134468,Low,0,Low,0,9.75193,2225.83,7.70833,0.0905001,0.0452554
998,RL,0,Balanced,-0.00165701,Low,0,Low,0,9.76422,2229.52,7.70999,0.0903159,0.0452509
999,RL,0,Balanced,0.00221157,Low,0,Low,0,9.7499,2224.59,7.70778,0.0903829,0.0452464
1000,RL,0,Balanced,0.00138378,Low,0,Low,0,9.72727,2221.51,7.70639,0.0902874,0.0452419
1001,RL,0,Balanced,0.000179768,Low,0,Low,0,9.72548,2221.11,7.70621,0.0903308,0.0452373
1002,RL,0,Balanced,-0.00301552,Low,0,Low,0,9.75637,2227.83,7.70923,0.0903554,0.0452328
1003,RL,0,Balanced,0.00128078,Low,0,Low,0,9.74529,2224.97,7.70795,0.0903511,0.0452283
1004,RL,0,Balanced,0.00288773,Low,0,Low,0,9.71317,2218.55,7.70506,0.0903217,0.0452238
1005,RL,0,Balanced,-0.000844955,Low,0,Low,0,9.73096,2220.43,7.70591,0.0903723,0.0452193
1006,RL,0,Balanced,0.00274801,Low,0,Low,0,9.69546,2214.33,7.70316,0.0902189,0.0452147
1007,RL,0,Balanced,-0.00326109,Low,0,Low,0,9.72654,2221.57,7.70642,0.0905469,0.0452102
1008,RL,0,Balanced,0.00140619,Low,0,Low,0,9.71596,2218.45,7.70501,0.0903091,0.0452057
1009,RL,0,Balanced,-0.00233936,Low,0,Low,0,9.73765,2223.64,7.70735,0.090503,0.0452012
1010,RL,0,Balanced,-0.00199747,Low,0,Low,0,9.75628,2228.09,7.70935,0.0904663,0.0451967
1011,RL,0,Balanced,0.000126839,Low,0,Low,0,9.75693,2227.81,7.70922,0.0903332,0.0451921
1012,RL,0,Balanced,0.00324106,Low,0,Low,0,9.72415,2220.6,7.70598,0.0900719,0.0451876
1013,RL,0,Balanced,0.00115585,Low,0,Low,0,9.71171,2218.03,7.70483,0.0902537,0.0451831
1014,RL,0,Light Heavy,-0.0115981,Low,0,Low,0,9.82655,2243.92,7.71642,0.0907938,0.0451786
1015,RL,0,Light Heavy,0.00755024,Low,0,Low,0,9.7515,2227.03,7.70887,0.0872651,0.0451741
1016,RL,0,Light Heavy,-0.000901699,Low,0,Low,0,9.75467,2229.04,7.70978,0.0873129,0.0451695
1017,RL,0,Light Heavy,0.00255442,Low,0,Low,0,9.73549,2223.35,7.70722,0.0873216,0.045165
1018,RL,0,Light Heavy,-0.00651598,Low,0,Low,0,9.7964,2237.89,7.71374,0.0873114,0.0451605
1019,RL,0,Light Heavy,0.0100851,Low,0,Low,0,9.69149,2215.43,7.70365,0.086834,0.045156
1020,RL,0,Light Heavy,-0.00655746,Low,0,Low,0,9.75625,2230.01,7.71021,0.0870886,0.0451515
1021,RL,0,Light Heavy,0.00377035,Low,0,Low,0,9.72641,2221.61,7.70644,0.0871624,0.045147
1022,RL,0,Light Heavy,-0.00179577,Low,0,Low,0,9.74273,2225.61,7.70824,0.0871422,0.0451424
1023,RL,0,Light Heavy,0.000432491,Low,0,Low,0,9.73941,2224.65,7.7078,0.08716,0.0451379
1024,RL,0,Light Heavy,0.0028801,Low,0,Low,0,9.71582,2218.25,7.70492,0.0869348,0.0451334
1025,RL,0,Light Heavy,0.000767231,Low,0,Low,0,9.69788,2216.54,7.70416,0.0869213,0.0451289
1026,RL,0,Light Heavy,-0.00249004,Low,0,Low,0,9.72517,2222.07,7.70665,0.0869194,0.0451244
1027,RL,0,Light Heavy,-0.000377655,Low,0,Low,0,9.72756,2222.91,7.70702,0.0870274,0.0451199
1028,RL,0,Light Heavy,-0.00678635,Low,0,Low,0,9.79154,2238.06,7.71381,0.0871909,0.0451154
1029,RL,0,Light Heavy,0.00626278,Low,0,Low,0,9.73251,2224.08,7.70755,0.0871118,0.0451109
1030,RL,0,Light Heavy,0.00161028,Low,0,Low,0,9.72326,2220.5,7.70594,0.0871195,0.0451063
1031,RL,0,Light Heavy,-0.00175905,Low,0,Low,0,9.73326,2224.41,7.7077,0.087065,0.0451018
1032,RL,0,Light Heavy,0.00136614,Low,0,Low,0,9.72876,2221.37,7.70633,0.0871947,0.0450973
1033,RL,0,Light Heavy,-0.000488758,Low,0,Low,0,9.72408,2222.46,7.70682,0.0871301,0.0450928
1034,RL,0,Light Heavy,-0.00286388,Low,0,Low,0,9.75357,2228.83,7.70968,0.0872121,0.0450883
1035,RL,0,Light Heavy,-0.000514507,Low,0,Low,0,9.75869,2229.98,7.7102,0.0871629,0.0450838
1036,RL,0,Light Heavy,0.00312567,Low,0,Low,0,9.72829,2223.02,7.70707,0.0871933,0.0450793
1037,RL,0,Light Heavy,-0.00210953,Low,0,Low,0,9.75324,2227.72,7.70918,0.0873293,0.0450748
1038,RL,0,Light Heavy,-2.0504e-05,Low,0,Low,0,9.75259,2227.76,7.7092,0.0872121,0.0450703
1039,RL,0,Light Heavy,-0.000287056,Low,0,Low,0,9.7497,2228.4,7.70949,0.0870698,0.0450658
1040,RL,0,Light Heavy,0.0030036,Low,0,Low,0,9.72038,2221.71,7.70648,0.0869792,0.0450613
1041,RL,0,Light Heavy,0.00114918,Low,0,Low,0,9.71125,2219.16,7.70534,0.0870385,0.0450568
1042,RL,0,Light Heavy,-0.00710678,Low,0,Low,0,9.77987,2235,7.71244,0.0874103,0.0450523
1043,RL,0,Light Heavy,0.00684118,Low,0,Low,0,9.71567,2219.75,7.7056,0.0869579,0.0450477
1044,RL,0,Light Heavy,-0.00158739,Low,0,Low,0,9.73061,2223.28,7.70719,0.0869777,0.0450432
1045,RL,0,Light Heavy,0.00307703,Low,0,Low,0,9.70228,2216.45,7.70411,0.08674,0.0450387
1046,RL,0,Light Heavy,-0.0016675,Low,0,Low,0,9.71925,2220.15,7.70578,0.0870308,0.0450342
1047,RL,0,Light Heavy,-0.000618935,Low,0,Low,0,9.71896,2221.52,7.7064,0.0871127,0.0450297
1048,RL,0,Light Heavy,-0.00120354,Low,0,Low,0,9.72848,2224.2,7.7076,0.0871779,0.0450252
1049,RL,0,Light Heavy,-0.00410843,Low,0,Low,0,9.77915,2233.36,7.71171,0.0874682,0.0450207
1050,RL,0,Light Heavy,0.006989,Low,0,Low,0,9.7083,2217.8,7.70472,0.087025,0.0450162
1051,RL,0,Light Heavy,-0.00218439,Low,0,Low,0,9.72696,2222.65,7.7069,0.0870091,0.0450117
1052,RL,0,Light Heavy,0.00210047,Low,0,Low,0,9.70939,2217.98,7.7048,0.0870067,0.0450072
1053,RL,0,Light Heavy,-0.00124693,Low,0,Low,0,9.72422,2220.75,7.70605,0.0872087,0.0450027
1054,RL,0,Light Heavy,-0.00598526,Low,0,Low,0,9.78037,2234.09,7.71204,0.0873915,0.0449982
1055,RL,0,Light Heavy,0.00483036,Low,0,Low,0,9.72624,2223.32,7.70721,0.0868171,0.0449937
1056,RL,0,Light Heavy,5.72205e-06,Low,0,Low,0,9.73277,2223.31,7.7072,0.0872483,0.0449892
1057,RL,0,Light Heavy,0.00236225,Low,0,Low,0,9.70585,2218.06,7.70484,0.0869613,0.0449847
1058,RL,0,Light Heavy,-0.00413561,Low,0,Low,0,9.74786,2227.25,7.70897,0.0870337,0.0449802
1059,RL,0,Light Heavy,-0.0025506,Low,0,Low,0,9.77099,2232.95,7.71152,0.0873577,0.0449757
1060,RL,0,Light Heavy,0.00325727,Low,0,Low,0,9.74114,2225.68,7.70827,0.0871562,0.0449712
1061,RL,0,Light Heavy,0.00212812,Low,0,Low,0,9.72172,2220.95,7.70614,0.0870828,0.0449667
1062,RL,0,Light Heavy,0.000179768,Low,0,Low,0,9.71523,2220.55,7.70596,0.0869068,0.0449622
1063,RL,0,Light Heavy,-0.00160885,Low,0,Low,0,9.72348,2224.12,7.70757,0.0868142,0.0449577
1064,RL,0,BSDF Heavy,0.00185204,Low,0,Low,0,9.71345,2220.01,7.70572,0.0870747,0.0449532
1065,RL,0,Light Heavy,0.000390053,Low,0,Low,0,9.72301,2219.14,7.70533,0.089443,0.0449488
1066,RL,0,Light Heavy,-0.00371265,Low,0,Low,0,9.74605,2227.4,7.70904,0.0872237,0.0449443
1067,RL,0,Light Heavy,0.00532389,Low,0,Low,0,9.69174,2215.57,7.70371,0.0870558,0.0449398
1068,RL,0,Light Heavy,-0.00323725,Low,0,Low,0,9.72823,2222.75,7.70695,0.0871156,0.0449353
1069,RL,0,Light Heavy,-0.00542259,Low,0,Low,0,9.78043,2234.85,7.71237,0.0872984,0.0449308
1070,RL,0,Light Heavy,0.0018177,Low,0,Low,0,9.763,2230.79,7.71056,0.0872931,0.0449263
1071,RL,0,Light Heavy,0.00485659,Low,0,Low,0,9.72071,2219.97,7.7057,0.0871783,0.0449218
1072,RL,0,Light Heavy,-0.00226927,Low,0,Low,0,9.7411,2225.02,7.70797,0.0872526,0.0449173
1073,RL,0,Light Heavy,0.00396109,Low,0,Low,0,9.6966,2216.22,7.70401,0.0869608,0.0449128
1074,RL,0,Light Heavy,-0.00152016,Low,0,Low,0,9.71345,2219.59,7.70553,0.0868138,0.0449083
1075,RL,0,Light Heavy,-0.00170374,Low,0,Low,0,9.73714,2223.38,7.70723,0.0871074,0.0449038
1076,RL,0,Light Heavy,-0.00127029,Low,0,Low,0,9.74831,2226.21,7.7085,0.0870761,0.0448993
1077,RL,0,Light Heavy,0.00202847,Low,0,Low,0,9.72488,2221.69,7.70647,0.0871214,0.0448948
1078,RL,0,Light Heavy,-0.00132704,Low,0,Low,0,9.73684,2224.64,7.7078,0.0871152,0.0448904
1079,RL,0,Light Heavy,0.00394821,Low,0,Low,0,9.69649,2215.87,7.70385,0.0869348,0.0448859
1080,RL,0,Light Heavy,0.000392914,Low,0,Low,0,9.69287,2215,7.70346,0.0868924,0.0448814
1081,RL,0,Light Heavy,-0.00701571,Low,0,Low,0,9.77127,2230.6,7.71048,0.0872198,0.0448769
1082,RL,0,Light Heavy,0.00749922,Low,0,Low,0,9.68958,2213.93,7.70298,0.087037,0.0448724
1083,RL,0,Light Heavy,-0.0115442,Low,0,Low,0,9.79782,2239.65,7.71452,0.0874624,0.0448679
1084,RL,0,Light Heavy,0.00599575,Low,0,Low,0,9.74457,2226.26,7.70853,0.0871258,0.0448634
1085,RL,0,Light Heavy,0.000583172,Low,0,Low,0,9.73822,2224.96,7.70794,0.0872266,0.0448589
1086,RL,0,Light Heavy,0.00515604,Low,0,Low,0,9.6878,2213.51,7.70279,0.0867978,0.0448545
1087,RL,0,Light Heavy,-0.00933456,Low,0,Low,0,9.78395,2234.28,7.71212,0.0871287,0.04485
1088,RL,0,Light Heavy,0.000884533,Low,0,Low,0,9.77283,2232.3,7.71124,0.0873727,0.0448455
1089,RL,0,Light Heavy,0.00305748,Low,0,Low,0,9.74099,2225.48,7.70818,0.0872362,0.044841
1090,RL,0,Light Heavy,0.00627232,Low,0,Low,0,9.67659,2211.56,7.70191,0.0868355,0.0448365
1091,RL,0,Light Heavy,-0.00995731,Low,0,Low,0,9.77756,2233.7,7.71186,0.0872097,0.044832
1092,RL,0,Light Heavy,0.00295448,Low,0,Low,0,9.74143,2227.11,7.70891,0.0870761,0.0448276
1093,RL,0,Light Heavy,0.00358772,Low,0,Low,0,9.7091,2219.13,7.70532,0.087039,0.0448231
1094,RL,0,Light Heavy,-0.0023427,Low,0,Low,0,9.73323,2224.34,7.70766,0.0870177,0.0448186
1095,RL,0,Light Heavy,-0.000960827,Low,0,Low,0,9.7482,2226.48,7.70862,0.0872333,0.0448141
1096,RL,0,Light Heavy,0.00124884,Low,0,Low,0,9.73549,2223.7,7.70738,0.0871316,0.0448096
1097,RL,0,Light Heavy,0.00190544,Low,0,Low,0,9.72015,2219.46,7.70547,0.0872213,0.0448051
1098,RL,0,Light Heavy,-0.00567102,Low,0,Low,0,9.77011,2232.09,7.71114,0.0871258,0.0448007
1099,RL,0,Light Heavy,0.000370026,Low,0,Low,0,9.76951,2231.26,7.71077,0.087283,0.0447962
1100,RL,0,Light Heavy,0.00252295,Low,0,Low,0,9.73834,2225.64,7.70825,0.0871557,0.0447917
1101,RL,0,Light Heavy,0.00290966,Low,0,Low,0,9.71135,2219.17,7.70534,0.0871127,0.0447872
1102,RL,0,Light Heavy,-0.00130939,Low,0,Low,0,9.72349,2222.08,7.70665,0.0871234,0.0447828
1103,RL,0,Light Heavy,0.000216484,Low,0,Low,0,9.72253,2221.6,7.70643,0.0871205,0.0447783
1104,RL,0,Light Heavy,0.000599861,Low,0,Low,0,9.72218,2220.26,7.70583,0.0870105,0.0447738
1105,RL,0,Light Heavy,-0.00557423,Low,0,Low,0,9.76748,2232.68,7.71141,0.0872815,0.0447693
1106,RL,0,Light Heavy,0.00473738,Low,0,Low,0,9.72364,2222.12,7.70667,0.087025,0.0447648
1107,RL,0,Light Heavy,-0.00410461,Low,0,Low,0,9.7663,2231.27,7.71077,0.0873293,0.0447604
1108,RL,0,Light Heavy,0.00405884,Low,0,Low,0,9.72753,2222.23,7.70671,0.0870713,0.0447559
1109,RL,0,Light Heavy,-0.00105619,Low,0,Low,0,9.7366,2224.58,7.70777,0.0872391,0.0447514
1110,RL,0,Light Heavy,-0.00210047,Low,0,Low,0,9.75416,2229.25,7.70987,0.0871451,0.0447469
1111,RL,0,Light Heavy,0.00222921,Low,0,Low,0,9.73363,2224.29,7.70764,0.0872309,0.0447425
1112,RL,0,Light Heavy,0.00181961,Low,0,Low,0,9.71591,2220.24,7.70582,0.0869324,0.044738
1113,RL,0,BSDF Heavy,0.000224113,Low,0,Low,0,9.71359,2219.75,7.7056,0.0869498,0.0447335
1114,RL,0,Light Heavy,-0.00291967,Low,0,Low,0,9.75602,2226.24,7.70852,0.0896706,0.044729
1115,RL,0,Light Heavy,0.00186062,Low,0,Low,0,9.72052,2222.1,7.70666,0.0871904,0.0447246
1116,RL,0,Light Heavy,0.00298738,Low,0,Low,0,9.6942,2215.47,7.70367,0.0869806,0.0447201
1117,RL,0,Light Heavy,0.000361919,Low,0,Low,0,9.6858,2214.67,7.70331,0.0870341,0.0447156
1118,RL,0,Light Heavy,-0.00672626,Low,0,Low,0,9.76292,2229.62,7.71003,0.0872251,0.0447112
1119,RL,0,Light Heavy,0.000917912,Low,0,Low,0,9.74666,2227.57,7.70912,0.0870587,0.0447067
1120,RL,0,Light Heavy,0.000984669,Low,0,Low,0,9.7359,2225.38,7.70813,0.0869628,0.0447022
1121,RL,0,Light Heavy,-0.00203037,Low,0,Low,0,9.76421,2229.9,7.71016,0.087296,0.0446977
1122,RL,0,Light Heavy,0.00299644,Low,0,Low,0,9.73049,2223.23,7.70717,0.0870833,0.0446933
1123,RL,0,Light Heavy,-0.00106859,Low,0,Low,0,9.74605,2225.61,7.70823,0.0872049,0.0446888
1124,RL,0,Light Heavy,0.00349569,Low,0,Low,0,9.70606,2217.84,7.70474,0.0869888,0.0446843
1125,RL,0,Light Heavy,-0.0042367,Low,0,Low,0,9.74756,2227.26,7.70898,0.0871595,0.0446799
1126,RL,0,Light Heavy,0.00336838,Low,0,Low,0,9.71567,2219.76,7.70561,0.0869502,0.0446754
1127,RL,0,Light Heavy,-0.000408649,Low,0,Low,0,9.71794,2220.67,7.70602,0.0873515,0.0446709
1128,RL,0,Light Heavy,-0.00196075,Low,0,Low,0,9.73575,2225.03,7.70798,0.0869854,0.0446665
1129,RL,0,Light Heavy,-0.00369835,Low,0,Low,0,9.77569,2233.28,7.71167,0.087147,0.044662
1130,RL,0,Light Heavy,0.00146151,Low,0,Low,0,9.75647,2230.02,7.71021,0.0872796,0.0446575
1131,RL,0,Light Heavy,-0.00120544,Low,0,Low,0,9.76969,2232.71,7.71142,0.0874349,0.0446531
1132,RL,0,Light Heavy,0.00304747,Low,0,Low,0,9.74243,2225.91,7.70837,0.0873196,0.0446486
1133,RL,0,Light Heavy,0.0050683,Low,0,Low,0,9.68916,2214.65,7.7033,0.0868813,0.0446441
1134,RL,0,Light Heavy,-0.00351572,Low,0,Low,0,9.72735,2222.46,7.70682,0.0871422,0.0446397
1135,RL,0,Light Heavy,-0.000167847,Low,0,Low,0,9.72309,2222.83,7.70699,0.0870341,0.0446352
1136,RL,0,Light Heavy,-0.00389194,Low,0,Low,0,9.76822,2231.5,7.71088,0.0872782,0.0446307
1137,RL,0,Light Heavy,0.00366735,Low,0,Low,0,9.73549,2223.33,7.70721,0.0872049,0.0446263
1138,RL,0,Light Heavy,0.00119829,Low,0,Low,0,9.7233,2220.67,7.70601,0.0870891,0.0446218
1139,RL,0,Light Heavy,-0.0029645,Low,0,Low,0,9.74499,2227.26,7.70898,0.0871137,0.0446174
1140,RL,0,Light Heavy,0.00816727,Low,0,Low,0,9.67282,2209.14,7.70081,0.0871354,0.0446129
1141,RL,0,Light Heavy,-0.0045228,Low,0,Low,0,9.70984,2219.16,7.70533,0.0869059,0.0446084
1142,RL,0,Light Heavy,0.00126553,Low,0,Low,0,9.69545,2216.35,7.70407,0.0869579,0.044604
1143,RL,0,Light Heavy,-0.0033145,Low,0,Low,0,9.73664,2223.71,7.70738,0.0871489,0.0445995
1144,RL,0,Light Heavy,-0.00158882,Low,0,Low,0,9.74794,2227.25,7.70897,0.0871123,0.0445951
1145,RL,0,Light Heavy,0.003232,Low,0,Low,0,9.71891,2220.06,7.70574,0.0870804,0.0445906
1146,RL,0,Light Heavy,-0.00437832,Low,0,Low,0,9.75878,2229.8,7.71012,0.087202,0.0445861
1147,RL,0,Light Heavy,-0.000759602,Low,0,Low,0,9.76358,2231.5,7.71088,0.087242,0.0445817
1148,RL,0,Light Heavy,0.00307512,Low,0,Low,0,9.73894,2224.64,7.7078,0.0872241,0.0445772
1149,RL,0,Light Heavy,-0.00258636,Low,0,Low,0,9.75752,2230.41,7.71039,0.0871894,0.0445728
1150,RL,0,Light Heavy,0.00194454,Low,0,Low,0,9.74462,2226.07,7.70844,0.0872213,0.0445683
1151,RL,0,Light Heavy,0.00748158,Low,0,Low,0,9.66921,2209.47,7.70096,0.0869647,0.0445639
1152,RL,0,Light Heavy,-0.00825167,Low,0,Low,0,9.75289,2227.79,7.70921,0.0872053,0.0445594
1153,RL,0,Light Heavy,0.000747204,Low,0,Low,0,9.73943,2226.12,7.70847,0.0870076,0.0445549
1154,RL,0,Light Heavy,-0.00095129,Low,0,Low,0,9.75006,2228.24,7.70942,0.0870828,0.0445505
1155,RL,0,Light Heavy,0.00665712,Low,0,Low,0,9.67912,2213.45,7.70276,0.0870366,0.044546
1156,RL,0,Light Heavy,-0.0059557,Low,0,Low,0,9.74436,2226.68,7.70872,0.087146,0.0445416
1157,RL,0,Light Heavy,-0.0006423,Low,0,Low,0,9.75099,2228.11,7.70936,0.0871238,0.0445371
1158,RL,0,Light Heavy,-0.000204563,Low,0,Low,0,9.75985,2228.57,7.70956,0.0873515,0.0445327
1159,RL,0,Light Heavy,0.00267363,Low,0,Low,0,9.7314,2222.61,7.70689,0.0873997,0.0445282
1160,RL,0,Light Heavy,-0.00278664,Low,0,Low,0,9.75997,2228.82,7.70968,0.0872729,0.0445238
1161,RL,0,Light Heavy,0.00100183,Low,0,Low,0,9.74449,2226.59,7.70867,0.087323,0.0445193
1162,RL,0,Light Heavy,0.00149441,Low,0,Low,0,9.72547,2223.26,7.70718,0.0870211,0.0445149
1163,RL,0,Light Heavy,0.00101185,Low,0,Low,0,9.72253,2221.01,7.70617,0.0869864,0.0445104
1164,RL,0,Light Heavy,-0.00115299,Low,0,Low,0,9.72991,2223.57,7.70732,0.0870476,0.044506
1165,RL,0,Light Heavy,0.00208187,Low,0,Low,0,9.71692,2218.95,7.70524,0.0871335,0.0445015
1166,RL,0,Light Heavy,-0.0054183,Low,0,Low,0,9.76216,2231.01,7.71066,0.0872184,0.0444971
1167,RL,0,Light Heavy,0.00535059,Low,0,Low,0,9.7103,2219.1,7.70531,0.0871639,0.0444926
1168,RL,0,Light Heavy,-0.00342083,Low,0,Low,0,9.74219,2226.71,7.70873,0.0867867,0.0444882
1169,RL,0,Light Heavy,-0.00239849,Low,0,Low,0,9.77596,2232.05,7.71113,0.087474,0.0444837
1170,RL,0,Light Heavy,0.00244522,Low,0,Low,0,9.74277,2226.6,7.70868,0.0872169,0.0444793
1171,RL,0,Light Heavy,0.00173855,Low,0,Low,0,9.72285,2222.73,7.70694,0.0869796,0.0444748
1172,RL,0,Light Heavy,-0.00198174,Low,0,Low,0,9.75047,2227.14,7.70892,0.0870655,0.0444704
1173,RL,0,Light Heavy,0.00374079,Low,0,Low,0,9.7141,2218.82,7.70518,0.0870848,0.0444659
1174,RL,0,Light Heavy,-0.00148535,Low,0,Low,0,9.72162,2222.12,7.70667,0.086957,0.0444615
1175,RL,0,Light Heavy,-0.00324011,Low,0,Low,0,9.75545,2229.34,7.70991,0.0872897,0.044457
1176,RL,0,Light Heavy,0.000371933,Low,0,Low,0,9.75459,2228.51,7.70954,0.0871648,0.0444526
1177,RL,0,Light Heavy,0.00145054,Low,0,Low,0,9.74297,2225.28,7.70809,0.0871103,0.0444481
1178,RL,0,Light Heavy,0.00322294,Low,0,Low,0,9.71006,2218.11,7.70486,0.0871253,0.0444437
1179,RL,0,Light Heavy,-0.00377274,Low,0,Low,0,9.74054,2226.5,7.70864,0.0871325,0.0444392
1180,RL,0,Light Heavy,-0.00172901,Low,0,Low,0,9.76049,2230.36,7.71036,0.0873158,0.0444348
1181,RL,0,Light Heavy,0.000761986,Low,0,Low,0,9.75998,2228.66,7.7096,0.0873071,0.0444304
1182,RL,0,Light Heavy,0.00690222,Low,0,Low,0,9.69263,2213.32,7.7027,0.0869748,0.0444259
1183,RL,0,Light Heavy,-0.00353909,Low,0,Low,0,9.71992,2221.17,7.70624,0.0870346,0.0444215
1184,RL,0,Light Heavy,-0.0010829,Low,0,Low,0,9.73787,2223.58,7.70732,0.0872222,0.044417
1185,RL,0,Light Heavy,0.00189447,Low,0,Low,0,9.70702,2219.37,7.70543,0.0867737,0.0444126
1186,RL,0,Light Heavy,-0.00269985,Low,0,Low,0,9.73501,2225.37,7.70813,0.0872328,0.0444082
1187,RL,0,Light Heavy,0.00150728,Low,0,Low,0,9.72972,2222.02,7.70662,0.0871499,0.0444037
1188,RL,0,Light Heavy,0.000571728,Low,0,Low,0,9.72383,2220.75,7.70605,0.0871325,0.0443993
1189,RL,0,Light Heavy,-0.000451088,Low,0,Low,0,9.72547,2221.75,7.7065,0.0869483,0.0443948
1190,RL,0,Light Heavy,-0.00273037,Low,0,Low,0,9.74989,2227.83,7.70923,0.0871658,0.0443904
1191,RL,0,Light Heavy,0.00249195,Low,0,Low,0,9.72464,2222.28,7.70674,0.0870279,0.044386
1192,RL,0,Light Heavy,-0.00599766,Low,0,Low,0,9.78545,2235.65,7.71274,0.0874687,0.0443815
1193,RL,0,Light Heavy,-0.00230932,Low,0,Low,0,9.80714,2240.83,7.71505,0.0874706,0.0443771
1194,RL,0,Light Heavy,0.0120749,Low,0,Low,0,9.69363,2213.92,7.70297,0.0870047,0.0443726
1195,RL,0,BSDF Heavy,-0.00516081,Low,0,Low,0,9.73798,2225.38,7.70813,0.0869989,0.0443682
1196,RL,0,Light Heavy,0.00193691,Low,0,Low,0,9.735,2221.07,7.70619,0.0894903,0.0443638
1197,RL,0,Light Heavy,-0.000716209,Low,0,Low,0,9.72575,2222.66,7.70691,0.0870636,0.0443593
1198,RL,0,Light Heavy,-0.00164032,Low,0,Low,0,9.74969,2226.31,7.70855,0.0872632,0.0443549
1199,RL,0,Light Heavy,-0.00126219,Low,0,Low,0,9.75549,2229.13,7.70981,0.0871783,0.0443505
1200,RL,0,Light Heavy,0.00721169,Low,0,Low,0,9.68606,2213.1,7.7026,0.086917,0.044346
1201,RL,0,Light Heavy,0.000819683,Low,0,Low,0,9.67468,2211.29,7.70178,0.0869039,0.0443416
1202,RL,0,Light Heavy,-0.00585747,Low,0,Low,0,9.73777,2224.28,7.70764,0.087173,0.0443372
1203,RL,0,Light Heavy,0.00166225,Low,0,Low,0,9.71586,2220.59,7.70598,0.0870992,0.0443327
1204,RL,0,Light Heavy,-0.00277567,Low,0,Low,0,9.75137,2226.76,7.70875,0.0873394,0.0443283
1205,RL,0,Light Heavy,0.00292349,Low,0,Low,0,9.71188,2220.26,7.70583,0.0869092,0.0443239
1206,RL,0,Light Heavy,-0.00191593,Low,0,Low,0,9.74059,2224.52,7.70775,0.0873891,0.0443194
1207,RL,0,Light Heavy,0.0024724,Low,0,Low,0,9.71126,2219.02,7.70527,0.0870906,0.044315
1208,RL,0,Light Heavy,-0.00315714,Low,0,Low,0,9.74232,2226.04,7.70843,0.0869329,0.0443106
1209,RL,0,Light Heavy,-0.00317669,Low,0,Low,0,9.77569,2233.13,7.71161,0.0870959,0.0443061
1210,RL,0,Light Heavy,0.00557995,Low,0,Low,0,9.71409,2220.7,7.70603,0.0872555,0.0443017
1211,RL,0,Light Heavy,-0.00165462,Low,0,Low,0,9.73499,2224.38,7.70768,0.0870964,0.0442973
1212,RL,0,Light Heavy,0.000211716,Low,0,Low,0,9.74098,2223.9,7.70747,0.0872748,0.0442928
1213,RL,0,Light Heavy,-6.53267e-05,Low,0,Low,0,9.72919,2224.05,7.70753,0.0870529,0.0442884
1214,RL,0,Light Heavy,-0.00266075,Low,0,Low,0,9.75867,2229.98,7.7102,0.0874156,0.044284
1215,RL,0,Light Heavy,0.0100141,Low,0,Low,0,9.66377,2207.75,7.70018,0.0868224,0.0442796
1216,RL,0,Light Heavy,-0.00786924,Low,0,Low,0,9.73725,2225.2,7.70805,0.0872256,0.0442751
1217,RL,0,Light Heavy,0.00296259,Low,0,Low,0,9.71761,2218.61,7.70509,0.0871171,0.0442707
1218,RL,0,Light Heavy,-0.00364161,Low,0,Low,0,9.74971,2226.71,7.70873,0.0873847,0.0442663
1219,RL,0,Light Heavy,0.00275326,Low,0,Low,0,9.71553,2220.59,7.70598,0.087134,0.0442618
1220,RL,0,Light Heavy,-0.00153637,Low,0,Low,0,9.73152,2224,7.70751,0.0870428,0.0442574
1221,RL,0,Light Heavy,-0.00165462,Low,0,Low,0,9.75118,2227.69,7.70917,0.0873823,0.044253
1222,RL,0,Balanced,0.0020299,Low,0,Low,0,9.73021,2223.17,7.70714,0.0871518,0.0442486
1223,RL,0,Light Heavy,-0.00305796,Low,0,Low,0,9.76797,2229.98,7.7102,0.0905049,0.0442441
1224,RL,0,Light Heavy,0.0022397,Low,0,Low,0,9.74243,2224.99,7.70796,0.087214,0.0442397
1225,RL,0,Light Heavy,0.00309706,Low,0,Low,0,9.7089,2218.1,7.70486,0.0870698,0.0442353
1226,RL,0,Light Heavy,-0.000501633,Low,0,Low,0,9.71203,2219.22,7.70536,0.0868581,0.0442309
1227,RL,0,Light Heavy,-0.0031352,Low,0,Low,0,9.73918,2226.19,7.7085,0.0870486,0.0442264
1228,RL,0,Light Heavy,-0.00206709,Low,0,Low,0,9.76035,2230.8,7.71056,0.0873182,0.044222
1229,RL,0,Light Heavy,0.00645924,Low,0,Low,0,9.70137,2216.43,7.7041,0.0870583,0.0442176
1230,RL,0,Light Heavy,-0.00404692,Low,0,Low,0,9.73934,2225.42,7.70815,0.0871455,0.0442132
1231,RL,0,Light Heavy,0.00492764,Low,0,Low,0,9.68847,2214.48,7.70322,0.0870255,0.0442088
1232,RL,0,Balanced,-0.00400639,Low,0,Low,0,9.72535,2223.37,7.70723,0.0869353,0.0442043
1233,RL,0,Light Heavy,0.00362253,Low,0,Low,0,9.70117,2215.33,7.70361,0.0900178,0.0441999
1234,RL,0,Light Heavy,-0.00196218,Low,0,Low,0,9.71193,2219.68,7.70557,0.0870221,0.0441955
1235,RL,0,Balanced,-0.00828695,Low,0,Low,0,9.79448,2238.16,7.71386,0.08731,0.0441911
1236,RL,0,Balanced,0.000730991,Low,0,Low,0,9.79478,2236.52,7.71312,0.0906602,0.0441867
1237,RL,0,Balanced,0.00362349,Low,0,Low,0,9.75448,2228.43,7.7095,0.0903733,0.0441822
1238,RL,0,Balanced,0.0024128,Low,0,Low,0,9.72986,2223.06,7.70709,0.09038,0.0441778
1239,RL,0,Balanced,-0.00221062,Low,0,Low,0,9.7544,2227.98,7.7093,0.0903347,0.0441734
1240,RL,0,Balanced,0.00179672,Low,0,Low,0,9.73357,2223.98,7.7075,0.0902643,0.044169
1241,RL,0,Balanced,-0.0011344,Low,0,Low,0,9.75283,2226.5,7.70864,0.0904948,0.0441646
1242,RL,0,Balanced,0.00253391,Low,0,Low,0,9.72362,2220.87,7.7061,0.0901046,0.0441602
1243,RL,0,Balanced,-0.00203466,Low,0,Low,0,9.74321,2225.39,7.70814,0.0903728,0.0441557
1244,RL,0,Balanced,0.00137234,Low,0,Low,0,9.73333,2222.34,7.70677,0.0904707,0.0441513
1245,RL,0,Balanced,-0.00184011,Low,0,Low,0,9.75184,2226.43,7.70861,0.0902783,0.0441469
1246,RL,0,Balanced,-0.000517368,Low,0,Low,0,9.75938,2227.59,7.70912,0.0903839,0.0441425
1247,RL,0,Balanced,0.0021739,Low,0,Low,0,9.73718,2222.75,7.70695,0.0905015,0.0441381
1248,RL,0,Balanced,0.00156116,Low,0,Low,0,9.72577,2219.28,7.70539,0.0903969,0.0441337
1249,RL,0,Balanced,0.000109673,Low,0,Low,0,9.71547,2219.03,7.70528,0.090217,0.0441293
1250,RL,0,Balanced,-0.00513554,Low,0,Low,0,9.76619,2230.46,7.71041,0.0905821,0.0441248
1251,RL,0,Balanced,0.00472355,Low,0,Low,0,9.72042,2219.95,7.70569,0.090367,0.0441204
1252,RL,0,Balanced,-0.000934601,Low,0,Low,0,9.72702,2222.03,7.70662,0.0904051,0.044116
1253,RL,0,Balanced,0.000288963,Low,0,Low,0,9.73371,2221.38,7.70634,0.090353,0.0441116
1254,RL,0,Balanced,-0.00405216,Low,0,Low,0,9.76798,2230.41,7.71039,0.0906665,0.0441072
1255,RL,0,Light Heavy,0.00415564,Low,0,Low,0,9.72667,2221.15,7.70623,0.0905266,0.0441028
1256,RL,0,Balanced,-0.00421143,Low,0,Low,0,9.75644,2230.53,7.71044,0.0872348,0.0440984
1257,RL,0,Balanced,0.00541782,Low,0,Low,0,9.71283,2218.47,7.70503,0.0901789,0.044094
1258,RL,0,Balanced,-0.0039773,Low,0,Low,0,9.75331,2227.32,7.709,0.0904731,0.0440896
1259,RL,0,Balanced,0.000182629,Low,0,Low,0,9.74994,2226.91,7.70882,0.0906645,0.0440852
1260,RL,0,Balanced,-7.82013e-05,Low,0,Low,0,9.7485,2227.09,7.7089,0.0905252,0.0440807
1261,RL,0,Light Heavy,-0.00157833,Low,0,Low,0,9.76699,2230.61,7.71048,0.0903284,0.0440763
1262,RL,0,Balanced,0.00439548,Low,0,Low,0,9.71673,2220.82,7.70608,0.0871046,0.0440719
1263,RL,0,Balanced,-0.00160789,Low,0,Low,0,9.73623,2224.39,7.70769,0.0902474,0.0440675
1264,RL,0,Balanced,-0.00142527,Low,0,Low,0,9.74959,2227.57,7.70911,0.0904229,0.0440631
1265,RL,0,Balanced,0.000338554,Low,0,Low,0,9.75055,2226.81,7.70878,0.0905011,0.0440587
1266,RL,0,Balanced,0.000588417,Low,0,Low,0,9.74583,2225.5,7.70819,0.0904051,0.0440543
1267,RL,0,Balanced,0.000359058,Low,0,Low,0,9.74213,2224.7,7.70783,0.0902238,0.0440499
1268,RL,0,Balanced,0.00220537,Low,0,Low,0,9.72039,2219.8,7.70562,0.0903882,0.0440455
1269,RL,0,Balanced,-0.00148439,Low,0,Low,0,9.74101,2223.1,7.70711,0.0903955,0.0440411
1270,RL,0,Balanced,0.00299215,Low,0,Low,0,9.70832,2216.45,7.70412,0.0899773,0.0440367
1271,RL,0,Balanced,-0.00363874,Low,0,Low,0,9.74102,2224.54,7.70775,0.0904504,0.0440323
1272,RL,0,Balanced,-0.000239372,Low,0,Low,0,9.74204,2225.07,7.70799,0.0903448,0.0440279
1273,RL,0,Balanced,0.00552225,Low,0,Low,0,9.69565,2212.81,7.70247,0.0901702,0.0440235
1274,RL,0,Balanced,-0.010016,Low,0,Low,0,9.78828,2235.1,7.71249,0.0903964,0.0440191
1275,RL,0,Balanced,0.00806046,Low,0,Low,0,9.70567,2217.15,7.70443,0.0900275,0.0440147
1276,RL,0,Balanced,-0.00301123,Low,0,Low,0,9.74457,2223.83,7.70744,0.0903819,0.0440103
1277,RL,0,Balanced,0.00240517,Low,0,Low,0,9.71764,2218.49,7.70503,0.0901808,0.0440059
1278,RL,0,Balanced,-0.00383902,Low,0,Low,0,9.7501,2227.03,7.70887,0.0902686,0.0440015
1279,RL,0,BSDF Heavy,0.000240803,Low,0,Low,0,9.74954,2226.49,7.70863,0.0903062,0.0439971
1280,RL,0,Balanced,0.00486612,Low,0,Low,0,9.71346,2215.68,7.70376,0.0895587,0.0439927
1281,RL,0,BSDF Heavy,-0.00590944,Low,0,Low,0,9.75613,2228.82,7.70967,0.0903911,0.0439883
1282,RL,0,BSDF Heavy,0.00184345,Low,0,Low,0,9.74866,2224.71,7.70783,0.0896798,0.0439839
1283,RL,0,Light Heavy,-0.00818968,Low,0,Low,0,9.82922,2243.01,7.71602,0.0899754,0.0439795
1284,RL,0,Light Heavy,0.00773764,Low,0,Low,0,9.73589,2225.72,7.70828,0.0869063,0.0439751
1285,RL,0,Light Heavy,-0.00393057,Low,0,Low,0,9.78568,2234.48,7.71221,0.0874392,0.0439707
1286,RL,0,Light Heavy,0.00230312,Low,0,Low,0,9.76453,2229.34,7.70991,0.0872685,0.0439663
1287,RL,0,Light Heavy,0.0021553,Low,0,Low,0,9.73732,2224.54,7.70776,0.0871017,0.0439619
1288,RL,0,Light Heavy,-0.000740528,Low,0,Low,0,9.73623,2226.19,7.7085,0.0869874,0.0439575
1289,RL,0,Light Heavy,0.00466442,Low,0,Low,0,9.69502,2215.82,7.70383,0.0868572,0.0439531
1290,RL,0,Light Heavy,-0.00188446,Low,0,Low,0,9.71762,2220.01,7.70572,0.0869546,0.0439487
1291,RL,0,Light Heavy,-0.00372362,Low,0,Low,0,9.75147,2228.29,7.70944,0.0870944,0.0439443
1292,RL,0,Light Heavy,0.000105381,Low,0,Low,0,9.75913,2228.06,7.70933,0.0874122,0.0439399
1293,RL,0,Light Heavy,-0.000339508,Low,0,Low,0,9.75938,2228.81,7.70967,0.087228,0.0439355
1294,RL,0,Light Heavy,0.000383854,Low,0,Low,0,9.75235,2227.96,7.70929,0.087132,0.0439311
1295,RL,0,Light Heavy,-0.000249386,Low,0,Low,0,9.75201,2228.51,7.70954,0.0870824,0.0439267
1296,RL,0,Light Heavy,0.00197315,Low,0,Low,0,9.73512,2224.12,7.70757,0.0873254,0.0439223
1297,RL,0,Light Heavy,-0.000654697,Low,0,Low,0,9.74379,2225.58,7.70822,0.0871904,0.0439179
1298,RL,0,Light Heavy,-0.000795364,Low,0,Low,0,9.7479,2227.35,7.70902,0.087269,0.0439136
1299,RL,0,Light Heavy,-0.0017128,Low,0,Low,0,9.7674,2231.17,7.71073,0.0872116,0.0439092
1300,RL,0,Light Heavy,0.00397539,Low,0,Low,0,9.72209,2222.31,7.70675,0.0870727,0.0439048
1301,RL,0,Light Heavy,0.00211525,Low,0,Low,0,9.70896,2217.61,7.70464,0.0871566,0.0439004
1302,RL,0,Light Heavy,-0.00480223,Low,0,Low,0,9.75489,2228.29,7.70944,0.0872309,0.043896
1303,RL,0,Light Heavy,-0.00162458,Low,0,Low,0,9.76625,2231.92,7.71106,0.0871986,0.0438916
1304,RL,0,Light Heavy,0.0050931,Low,0,Low,0,9.72078,2220.58,7.70597,0.0870592,0.0438872
1305,RL,0,Light Heavy,-0.00132608,Low,0,Low,0,9.73195,2223.52,7.7073,0.0871055,0.0438828
1306,RL,0,Light Heavy,-5.38826e-05,Low,0,Low,0,9.72934,2223.64,7.70735,0.0871349,0.0438784
1307,RL,0,Light Heavy,-0.00280333,Low,0,Low,0,9.7631,2229.89,7.71016,0.0872164,0.0438741
1308,RL,0,Light Heavy,0.00592709,Low,0,Low,0,9.70433,2216.7,7.70423,0.0870452,0.0438697
1309,RL,0,Light Heavy,-0.00205278,Low,0,Low,0,9.72451,2221.26,7.70628,0.0869782,0.0438653
1310,RL,0,Light Heavy,-0.00178576,Low,0,Low,0,9.73787,2225.23,7.70807,0.0871431,0.0438609
1311,RL,0,Light Heavy,0.000668049,Low,0,Low,0,9.73084,2223.75,7.7074,0.0870612,0.0438565
1312,RL,0,Light Heavy,0.00111723,Low,0,Low,0,9.72112,2221.26,7.70628,0.0869743,0.0438521
1313,RL,0,Light Heavy,-0.0023613,Low,0,Low,0,9.74165,2226.52,7.70864,0.0870529,0.0438477
1314,RL,0,Light Heavy,0.000243664,Low,0,Low,0,9.74099,2225.97,7.7084,0.0871605,0.0438433
1315,RL,0,Light Heavy,0.000910282,Low,0,Low,0,9.73091,2223.95,7.70749,0.0871272,0.043839
1316,RL,0,Light Heavy,1.38283e-05,Low,0,Low,0,9.73353,2223.92,7.70747,0.0872676,0.0438346
1317,RL,0,Light Heavy,0.00275421,Low,0,Low,0,9.71217,2217.8,7.70472,0.0871296,0.0438302
1318,RL,0,Light Heavy,-0.000440121,Low,0,Low,0,9.70944,2218.77,7.70516,0.086996,0.0438258
1319,RL,0,Light Heavy,-0.00691986,Low,0,Low,0,9.78063,2234.19,7.71208,0.0874812,0.0438214
1320,RL,0,Light Heavy,0.00179338,Low,0,Low,0,9.76291,2230.18,7.71029,0.0873105,0.0438171
1321,RL,0,Light Heavy,-0.00113392,Low,0,Low,0,9.7695,2232.71,7.71142,0.0871287,0.0438127
1322,RL,0,Light Heavy,9.05991e-06,Low,0,Low,0,9.77077,2232.69,7.71141,0.0870809,0.0438083
1323,RL,0,Light Heavy,0.00837088,Low,0,Low,0,9.69162,2214.07,7.70304,0.0869787,0.0438039
1324,RL,0,Light Heavy,-0.00862837,Low,0,Low,0,9.77369,2233.27,7.71167,0.0874122,0.0437995
1325,RL,0,Light Heavy,0.00336218,Low,0,Low,0,9.74264,2225.77,7.70831,0.0870472,0.0437951
1326,RL,0,Light Heavy,0.0016551,Low,0,Low,0,9.73331,2222.09,7.70665,0.0872608,0.0437908
1327,RL,0,Light Heavy,-0.000508308,Low,0,Low,0,9.73379,2223.22,7.70716,0.0873274,0.0437864
1328,RL,0,Light Heavy,0.000225067,Low,0,Low,0,9.72507,2222.72,7.70694,0.0872415,0.043782
1329,RL,0,BSDF Heavy,-0.000109673,Low,0,Low,0,9.7314,2222.96,7.70705,0.0870009,0.0437776
1330,RL,0,Light Heavy,0.00300694,Low,0,Low,0,9.71086,2216.28,7.70404,0.0895877,0.0437733
1331,RL,0,BSDF Heavy,-0.00659227,Low,0,Low,0,9.76418,2230.95,7.71063,0.0873201,0.0437689
1332,RL,0,BSDF Heavy,0.00496101,Low,0,Low,0,9.72727,2219.9,7.70567,0.0893012,0.0437645
1333,RL,0,BSDF Heavy,0.000586033,Low,0,Low,0,9.71849,2218.6,7.70508,0.0894372,0.0437601
1334,RL,0,BSDF Heavy,-0.00374889,Low,0,Low,0,9.75396,2226.94,7.70883,0.0896335,0.0437558
1335,RL,0,BSDF Heavy,0.00545645,Low,0,Low,0,9.69541,2214.82,7.70338,0.0893711,0.0437514
1336,RL,0,BSDF Heavy,-0.00651407,Low,0,Low,0,9.77073,2229.3,7.70989,0.0897917,0.043747
1337,RL,0,BSDF Heavy,0.00173426,Low,0,Low,0,9.74552,2225.43,7.70816,0.0896007,0.0437426
1338,RL,0,Light Heavy,-0.00411654,Low,0,Low,0,9.79264,2234.62,7.71227,0.0895983,0.0437382
1339,RL,0,Light Heavy,0.00065136,Low,0,Low,0,9.77571,2233.16,7.71162,0.0874209,0.0437339
1340,RL,0,Light Heavy,0.00383425,Low,0,Low,0,9.73316,2224.61,7.70779,0.0872126,0.0437295
1341,RL,0,Light Heavy,0.000426292,Low,0,Low,0,9.73036,2223.66,7.70736,0.0870954,0.0437251
1342,RL,0,Light Heavy,-7.05719e-05,Low,0,Low,0,9.73266,2223.82,7.70743,0.0870915,0.0437208
1343,RL,0,Light Heavy,-0.00357771,Low,0,Low,0,9.7651,2231.79,7.71101,0.0871349,0.0437164
1344,RL,0,Light Heavy,0.00682163,Low,0,Low,0,9.70042,2216.61,7.70419,0.0867921,0.043712
1345,RL,0,Light Heavy,-0.00467348,Low,0,Low,0,9.74349,2227,7.70886,0.0869145,0.0437076
1346,RL,0,Light Heavy,7.43866e-05,Low,0,Low,0,9.75052,2226.84,7.70879,0.0871031,0.0437033
1347,RL,0,Light Heavy,0.00161791,Low,0,Low,0,9.73234,2223.23,7.70717,0.0872623,0.0436989
1348,RL,0,Light Heavy,-0.00275421,Low,0,Low,0,9.75404,2229.37,7.70992,0.0872367,0.0436945
1349,RL,0,Light Heavy,0.00333548,Low,0,Low,0,9.724,2221.94,7.70659,0.0869589,0.0436902
1350,RL,0,BSDF Heavy,-0.00414228,Low,0,Low,0,9.77038,2231.17,7.71073,0.0875048,0.0436858
1351,RL,0,BSDF Heavy,0.00372553,Low,0,Low,0,9.74484,2222.87,7.707,0.0895221,0.0436814
1352,RL,3,BSDF Heavy,-0.00222969,Low,0,Low,0,9.76234,2227.83,7.70923,0.0896754,0.0436771
1353,RL,3,BSDF Heavy,0.00127077,Low,0,Low,0,9.75195,2225,7.70796,0.089484,0.0436727
1354,RL,3,Balanced,-0.0024848,Low,0,Low,0,9.776,2230.54,7.71045,0.0898553,0.0436683
1355,RL,3,Balanced,0.00560427,Low,0,Low,0,9.71664,2218.07,7.70484,0.0904504,0.043664
1356,RL,3,Balanced,0.00113392,Low,0,Low,0,9.70552,2215.55,7.70371,0.0903434,0.0436596
1357,RL,3,Balanced,-0.00326252,Low,0,Low,0,9.73264,2222.8,7.70697,0.0903019,0.0436552
1358,RL,3,Balanced,-0.00169277,Low,0,Low,0,9.74814,2226.57,7.70866,0.0902595,0.0436509
1359,RL,3,Balanced,-0.000353813,Low,0,Low,0,9.75719,2227.35,7.70902,0.0904094,0.0436465
1360,RL,3,Balanced,-0.00106287,Low,0,Low,0,9.76674,2229.72,7.71008,0.0905642,0.0436421
1361,RL,3,Balanced,0.000988483,Low,0,Low,0,9.75271,2227.52,7.70909,0.0904495,0.0436378
1362,RL,3,Balanced,0.00294542,Low,0,Low,0,9.73058,2220.97,7.70615,0.0903694,0.0436334
1363,RL,3,Balanced,-8.34465e-05,Low,0,Low,0,9.72398,2221.15,7.70623,0.0903564,0.043629
1364,RL,3,Light Heavy,-0.00552368,Low,0,Low,0,9.77915,2233.46,7.71175,0.0904533,0.0436247
1365,RL,3,Light Heavy,0.000950336,Low,0,Low,0,9.76283,2231.34,7.7108,0.0871788,0.0436203
1366,RL,3,Light Heavy,0.000930786,Low,0,Low,0,9.75751,2229.26,7.70987,0.0870351,0.043616
1367,RL,3,Light Heavy,0.0072155,Low,0,Low,0,9.67968,2213.23,7.70266,0.0870568,0.0436116
1368,RL,3,Light Heavy,-0.00985813,Low,0,Low,0,9.77869,2235.16,7.71252,0.0871103,0.0436072
1369,RL,3,Balanced,0.00701523,Low,0,Low,0,9.71606,2219.53,7.7055,0.087147,0.0436029
1370,RL,3,Light Heavy,-0.00186443,Low,0,Low,0,9.74324,2223.67,7.70737,0.0904572,0.0435985
1371,RL,3,Light Heavy,0.000872612,Low,0,Low,0,9.72258,2221.73,7.70649,0.08716,0.0435942
1372,RL,3,Light Heavy,-0.000693321,Low,0,Low,0,9.73296,2223.27,7.70719,0.0870645,0.0435898
1373,RL,3,Light Heavy,0.00135708,Low,0,Low,0,9.71551,2220.26,7.70583,0.0872666,0.0435854
1374,RL,3,Light Heavy,-0.0032053,Low,0,Low,0,9.75113,2227.39,7.70903,0.0872545,0.0435811
1375,RL,3,Light Heavy,-0.00128937,Low,0,Low,0,9.76046,2230.26,7.71032,0.0872391,0.0435767
1376,RL,3,Light Heavy,-0.000195026,Low,0,Low,0,9.76272,2230.7,7.71052,0.0871267,0.0435724
1377,RL,3,Light Heavy,0.00193071,Low,0,Low,0,9.74571,2226.39,7.70859,0.0871195,0.043568
1378,RL,3,BSDF Heavy,0.00127888,Low,0,Low,0,9.73334,2223.55,7.70731,0.0872497,0.0435636
1379,RL,3,Light Heavy,-0.000730038,Low,0,Low,0,9.75163,2225.17,7.70804,0.0895915,0.0435593
1380,RL,3,Light Heavy,-0.00486803,Low,0,Low,0,9.78681,2236.04,7.71291,0.0873524,0.0435549
1381,RL,3,Light Heavy,0.0074954,Low,0,Low,0,9.70991,2219.33,7.70541,0.0869155,0.0435506
1382,RL,3,Light Heavy,-0.00157547,Low,0,Low,0,9.73739,2222.83,7.70699,0.0871161,0.0435462
1383,RL,3,Light Heavy,5.72205e-05,Low,0,Low,0,9.72469,2222.7,7.70693,0.0867554,0.0435419
1384,RL,3,Light Heavy,-0.0010705,Low,0,Low,0,9.73535,2225.09,7.708,0.0872434,0.0435375
1385,RL,3,Light Heavy,0.00254011,Low,0,Low,0,9.7129,2219.44,7.70546,0.0869541,0.0435332
1386,RL,3,Light Heavy,-9.34601e-05,Low,0,Low,0,9.70814,2219.65,7.70555,0.0870124,0.0435288
1387,RL,3,Light Heavy,-0.000213146,Low,0,Low,0,9.71151,2220.12,7.70577,0.0871986,0.0435245
1388,RL,3,Light Heavy,-0.00338221,Low,0,Low,0,9.7448,2227.64,7.70915,0.0871639,0.0435201
1389,RL,3,Light Heavy,0.000662804,Low,0,Low,0,9.73872,2226.17,7.70849,0.0870992,0.0435158
1390,RL,3,Light Heavy,0.000501633,Low,0,Low,0,9.74338,2225.05,7.70798,0.087148,0.0435114
1391,RL,3,Light Heavy,-0.000166416,Low,0,Low,0,9.7411,2225.42,7.70815,0.0872849,0.0435071
1392,RL,3,Light Heavy,0.00130129,Low,0,Low,0,9.73099,2222.53,7.70685,0.0872352,0.0435027
1393,RL,3,Light Heavy,-0.00597,Low,0,Low,0,9.78797,2235.84,7.71282,0.0874445,0.0434983
1394,RL,3,Light Heavy,0.00737953,Low,0,Low,0,9.71155,2219.39,7.70544,0.0869396,0.043494
1395,RL,3,Light Heavy,-0.00244713,Low,0,Low,0,9.74367,2224.83,7.70789,0.0871856,0.0434897
1396,RL,3,Light Heavy,0.00102711,Low,0,Low,0,9.72496,2222.55,7.70686,0.0869878,0.0434853
1397,RL,3,Light Heavy,-0.00102091,Low,0,Low,0,9.7366,2224.82,7.70788,0.0870496,0.043481
1398,RL,3,Light Heavy,0.00135994,Low,0,Low,0,9.72753,2221.8,7.70652,0.0871113,0.0434766
1399,RL,3,Light Heavy,0.000644207,Low,0,Low,0,9.71951,2220.36,7.70588,0.0870954,0.0434723
1400,RL,3,Light Heavy,-0.00199938,Low,0,Low,0,9.73686,2224.81,7.70788,0.0872608,0.0434679
1401,RL,3,Light Heavy,-0.00232649,Low,0,Low,0,9.75828,2229.99,7.7102,0.0871345,0.0434636
1402,RL,3,Light Heavy,-0.000213623,Low,0,Low,0,9.7586,2230.47,7.71042,0.0871354,0.0434592
1403,RL,3,Light Heavy,0.00341749,Low,0,Low,0,9.73015,2222.86,7.707,0.087079,0.0434549
1404,RL,3,Light Heavy,-0.00269222,Low,0,Low,0,9.75838,2228.85,7.70969,0.0871822,0.0434505
1405,RL,3,Light Heavy,0.00768185,Low,0,Low,0,9.68143,2211.79,7.70201,0.0869377,0.0434462
1406,RL,3,Light Heavy,-0.00916481,Low,0,Low,0,9.76919,2232.16,7.71117,0.0874508,0.0434418
1407,RL,3,Light Heavy,-0.00118446,Low,0,Low,0,9.77502,2234.81,7.71236,0.0872907,0.0434375
1408,RL,3,Light Heavy,0.00132275,Low,0,Low,0,9.7717,2231.85,7.71104,0.0872328,0.0434332
1409,RL,3,Light Heavy,-0.000736713,Low,0,Low,0,9.78031,2233.5,7.71177,0.0874667,0.0434288
1410,RL,3,Light Heavy,0.00630045,Low,0,Low,0,9.71011,2219.47,7.70547,0.0867337,0.0434245
1411,RL,3,Light Heavy,-0.00155783,Low,0,Low,0,9.73372,2222.93,7.70703,0.0870877,0.0434201
1412,RL,3,Light Heavy,-0.00227833,Low,0,Low,0,9.75544,2228,7.70931,0.0874494,0.0434158
1413,RL,3,Light Heavy,0.00274467,Low,0,Low,0,9.73244,2221.89,7.70656,0.0873997,0.0434114
1414,RL,3,Light Heavy,-0.00194788,Low,0,Low,0,9.74689,2226.22,7.70851,0.0873573,0.0434071
1415,RL,3,Light Heavy,0.00171089,Low,0,Low,0,9.72797,2222.42,7.7068,0.0870573,0.0434028
1416,RL,3,Light Heavy,-0.00196934,Low,0,Low,0,9.7459,2226.8,7.70877,0.0871648,0.0433984
1417,RL,3,Light Heavy,-0.0026269,Low,0,Low,0,9.76949,2232.66,7.7114,0.0870669,0.0433941
1418,RL,3,Light Heavy,0.00382519,Low,0,Low,0,9.73138,2224.13,7.70757,0.0869449,0.0433897
1419,RL,3,Light Heavy,0.000143051,Low,0,Low,0,9.73368,2223.81,7.70743,0.0871504,0.0433854
1420,RL,3,Light Heavy,-0.00305462,Low,0,Low,0,9.76719,2230.62,7.71048,0.0873013,0.0433811
1421,RL,3,Light Heavy,0.00260162,Low,0,Low,0,9.73678,2224.82,7.70788,0.0871161,0.0433767
1422,RL,3,Light Heavy,-0.00102234,Low,0,Low,0,9.75258,2227.1,7.7089,0.087216,0.0433724
1423,RL,3,Light Heavy,0.000277519,Low,0,Low,0,9.74727,2226.48,7.70863,0.0872227,0.0433681
1424,RL,3,BSDF Heavy,-0.00731754,Low,0,Low,0,9.81444,2242.84,7.71594,0.087445,0.0433637
1425,RL,3,BSDF Heavy,0.00915766,Low,0,Low,0,9.73657,2222.39,7.70679,0.0894613,0.0433594
1426,RL,3,BSDF Heavy,-0.00266171,Low,0,Low,0,9.76311,2228.31,7.70945,0.089511,0.043355
1427,RL,3,BSDF Heavy,0.00574017,Low,0,Low,0,9.705,2215.55,7.70371,0.0893205,0.0433507
1428,RL,3,BSDF Heavy,-0.00857306,Low,0,Low,0,9.79132,2234.64,7.71228,0.0901066,0.0433464
1429,RL,3,BSDF Heavy,0.00950527,Low,0,Low,0,9.69341,2213.49,7.70278,0.0892096,0.043342
1430,RL,3,BSDF Heavy,-0.00346184,Low,0,Low,0,9.72729,2221.17,7.70624,0.0894753,0.0433377
1431,RL,3,BSDF Heavy,-0.000545502,Low,0,Low,0,9.7397,2222.38,7.70678,0.0895284,0.0433334
1432,RL,3,BSDF Heavy,3.95775e-05,Low,0,Low,0,9.73971,2222.29,7.70674,0.0897468,0.043329
1433,RL,3,BSDF Heavy,-0.00142479,Low,0,Low,0,9.75044,2225.46,7.70817,0.0894531,0.0433247
1434,RL,3,BSDF Heavy,0.0034523,Low,0,Low,0,9.71481,2217.79,7.70472,0.0894758,0.0433204
1435,RL,3,BSDF Heavy,0.000918388,Low,0,Low,0,9.70226,2215.75,7.7038,0.0893306,0.043316
1436,RL,3,BSDF Heavy,-0.00361252,Low,0,Low,0,9.7511,2223.77,7.70741,0.0895674,0.0433117
1437,RL,3,BSDF Heavy,0.00117683,Low,0,Low,0,9.7376,2221.16,7.70623,0.0898163,0.0433074
1438,RL,3,BSDF Heavy,-0.00530958,Low,0,Low,0,9.78623,2232.99,7.71154,0.0899788,0.0433031
1439,RL,3,BSDF Heavy,0.00518847,Low,0,Low,0,9.73277,2221.42,7.70635,0.0894927,0.0432987
1440,RL,3,BSDF Heavy,0.00137329,Low,0,Low,0,9.72248,2218.37,7.70498,0.0894594,0.0432944
1441,RL,3,BSDF Heavy,-0.000656128,Low,0,Low,0,9.72576,2219.83,7.70564,0.0894184,0.0432901
1442,RL,3,BSDF Heavy,-0.00725985,Low,0,Low,0,9.79375,2236.01,7.7129,0.0899166,0.0432857
1443,RL,3,BSDF Heavy,0.0104098,Low,0,Low,0,9.69279,2212.85,7.70249,0.0892887,0.0432814
1444,RL,3,BSDF Heavy,-0.00385094,Low,0,Low,0,9.73497,2221.39,7.70634,0.0895939,0.0432771
1445,RL,3,BSDF Heavy,0.00206232,Low,0,Low,0,9.7124,2216.81,7.70428,0.0893451,0.0432727
1446,RL,3,BSDF Heavy,-0.0044384,Low,0,Low,0,9.75545,2226.68,7.70871,0.0896243,0.0432684
1447,RL,3,BSDF Heavy,-0.000247955,Low,0,Low,0,9.75687,2227.23,7.70896,0.0895202,0.0432641
1448,RL,3,BSDF Heavy,0.00593948,Low,0,Low,0,9.69998,2214.03,7.70302,0.0892949,0.0432598
1449,RL,3,BSDF Heavy,-0.000995159,Low,0,Low,0,9.70415,2216.24,7.70402,0.0892896,0.0432554
1450,RL,3,BSDF Heavy,-0.00519705,Low,0,Low,0,9.75714,2227.79,7.70921,0.0898963,0.0432511
1451,RL,3,BSDF Heavy,2.0504e-05,Low,0,Low,0,9.76303,2227.75,7.70919,0.0897685,0.0432468
1452,RL,3,BSDF Heavy,-0.000478268,Low,0,Low,0,9.76613,2228.81,7.70967,0.0897039,0.0432425
1453,RL,3,BSDF Heavy,0.000866413,Low,0,Low,0,9.75434,2226.88,7.70881,0.0895992,0.0432381
1454,RL,3,BSDF Heavy,0.00233889,Low,0,Low,0,9.73849,2221.68,7.70647,0.0894661,0.0432338
1455,RL,3,BSDF Heavy,0.000590801,Low,0,Low,0,9.72863,2220.36,7.70588,0.0895303,0.0432295
1456,RL,3,BSDF Heavy,-0.00451183,Low,0,Low,0,9.77344,2230.41,7.71039,0.0897179,0.0432252
1457,RL,3,BSDF Heavy,0.00357771,Low,0,Low,0,9.73716,2222.44,7.70681,0.0895891,0.0432209
1458,RL,3,BSDF Heavy,-0.0014658,Low,0,Low,0,9.75086,2225.7,7.70828,0.0896812,0.0432165
1459,RL,3,BSDF Heavy,0.00259542,Low,0,Low,0,9.72857,2219.93,7.70568,0.0894715,0.0432122
1460,RL,3,BSDF Heavy,-0.000541687,Low,0,Low,0,9.72828,2221.13,7.70622,0.0894821,0.0432079
1461,RL,3,BSDF Heavy,-0.00591946,Low,0,Low,0,9.78599,2234.32,7.71214,0.0899031,0.0432036
1462,RL,3,BSDF Heavy,0.00867939,Low,0,Low,0,9.7031,2215.01,7.70346,0.0892583,0.0431992
1463,RL,3,BSDF Heavy,-0.00530195,Low,0,Low,0,9.76151,2226.79,7.70876,0.089905,0.0431949
1464,RL,3,BSDF Heavy,0.000487328,Low,0,Low,0,9.74407,2225.7,7.70828,0.0895351,0.0431906
1465,RL,3,BSDF Heavy,0.00402498,Low,0,Low,0,9.71002,2216.76,7.70425,0.0893113,0.0431863
1466,RL,3,BSDF Heavy,-0.00517797,Low,0,Low,0,9.76472,2228.27,7.70943,0.0896388,0.043182
1467,RL,3,BSDF Heavy,0.000184536,Low,0,Low,0,9.76146,2227.86,7.70925,0.089607,0.0431776
1468,RL,3,BSDF Heavy,0.00158119,Low,0,Low,0,9.74386,2224.34,7.70766,0.0895173,0.0431733
1469,RL,3,BSDF Heavy,-0.00139236,Low,0,Low,0,9.75541,2227.44,7.70906,0.0896234,0.043169
1470,RL,3,BSDF Heavy,-0.00343227,Low,0,Low,0,9.78936,2235.1,7.71249,0.089824,0.0431647
1471,RL,3,BSDF Heavy,0.00697803,Low,0,Low,0,9.72098,2219.55,7.70551,0.0893403,0.0431604
1472,RL,3,BSDF Heavy,0.00352192,Low,0,Low,0,9.69217,2211.75,7.70199,0.0893909,0.0431561
1473,RL,3,BSDF Heavy,-0.00814772,Low,0,Low,0,9.77206,2229.85,7.71014,0.0895322,0.0431518
1474,RL,3,BSDF Heavy,0.00154638,Low,0,Low,0,9.75473,2226.4,7.70859,0.0895221,0.0431474
1475,RL,3,BSDF Heavy,-0.00186062,Low,0,Low,0,9.77519,2230.55,7.71045,0.0896629,0.0431431
1476,RL,3,BSDF Heavy,0.003582,Low,0,Low,0,9.74008,2222.57,7.70687,0.0896412,0.0431388
1477,RL,3,Light Heavy,-0.000438213,Low,0,Low,0,9.74296,2223.54,7.70731,0.0895578,0.0431345
1478,RL,3,BSDF Heavy,0.00533438,Low,0,Low,0,9.67499,2211.71,7.70197,0.0868244,0.0431302
1479,RL,3,Light Heavy,-0.00306273,Low,0,Low,0,9.71835,2218.5,7.70504,0.0894362,0.0431259
1480,RL,3,BSDF Heavy,-0.00132132,Low,0,Low,0,9.72075,2221.43,7.70636,0.0869772,0.0431216
1481,RL,3,BSDF Heavy,0.00107956,Low,0,Low,0,9.72065,2219.03,7.70528,0.0894517,0.0431172
1482,RL,3,Light Heavy,-0.00483131,Low,0,Low,0,9.7713,2229.78,7.71011,0.0896735,0.0431129
1483,RL,3,Light Heavy,0.0024786,Low,0,Low,0,9.73531,2224.26,7.70763,0.0873216,0.0431086
1484,RL,3,Light Heavy,0.000693321,Low,0,Low,0,9.73041,2222.72,7.70694,0.0873708,0.0431043
1485,RL,3,Light Heavy,-0.00478983,Low,0,Low,0,9.77526,2233.4,7.71173,0.0871962,0.0431
1486,RL,3,Light Heavy,0.0052228,Low,0,Low,0,9.72623,2221.76,7.7065,0.0870457,0.0430957
1487,RL,3,Light Heavy,-0.0029335,Low,0,Low,0,9.74943,2228.29,7.70944,0.0873688,0.0430914
1488,RL,3,Light Heavy,0.0017972,Low,0,Low,0,9.73114,2224.29,7.70764,0.0870992,0.0430871
1489,RL,3,Light Heavy,0.00317907,Low,0,Low,0,9.69882,2217.22,7.70446,0.0871156,0.0430828
1490,RL,3,Light Heavy,-0.000738144,Low,0,Low,0,9.70851,2218.86,7.7052,0.0869348,0.0430785
1491,RL,3,BSDF Heavy,-0.00850201,Low,0,Low,0,9.79421,2237.81,7.7137,0.0873978,0.0430741
1492,RL,3,BSDF Heavy,0.00731468,Low,0,Low,0,9.73201,2221.5,7.70639,0.0895882,0.0430698
1493,RL,3,BSDF Heavy,-0.000228882,Low,0,Low,0,9.73631,2222.01,7.70662,0.0895679,0.0430655
1494,RL,3,BSDF Heavy,-2.67029e-05,Low,0,Low,0,9.73473,2222.07,7.70664,0.0894912,0.0430612
1495,RL,3,BSDF Heavy,-0.00141382,Low,0,Low,0,9.75055,2225.21,7.70806,0.0896615,0.0430569
1496,RL,3,BSDF Heavy,-0.00346422,Low,0,Low,0,9.78439,2232.94,7.71152,0.0897266,0.0430526
1497,RL,3,BSDF Heavy,0.00338697,Low,0,Low,0,9.75338,2225.38,7.70813,0.0897208,0.0430483
1498,RL,3,BSDF Heavy,0.000505924,Low,0,Low,0,9.75036,2224.26,7.70763,0.0898163,0.043044
1499,RL,3,BSDF Heavy,-0.00118399,Low,0,Low,0,9.75632,2226.89,7.70881,0.08966,0.0430397
1500,RL,3,BSDF Heavy,0.00490856,Low,0,Low,0,9.7123,2215.98,7.7039,0.0894647,0.0430354
1501,RL,3,BSDF Heavy,-0.00722075,Low,0,Low,0,9.77824,2232.05,7.71112,0.0896156,0.0430311
1502,RL,3,BSDF Heavy,0.00740147,Low,0,Low,0,9.70552,2215.58,7.70372,0.0894117,0.0430268
1503,RL,3,BSDF Heavy,-0.00382996,Low,0,Low,0,9.74602,2224.09,7.70755,0.0894478,0.0430225
1504,RL,3,BSDF Heavy,0.00022316,Low,0,Low,0,9.74226,2223.59,7.70733,0.0894825,0.0430182
1505,RL,3,BSDF Heavy,-0.0011673,Low,0,Low,0,9.75973,2226.19,7.7085,0.0895534,0.0430139
1506,RL,3,BSDF Heavy,0.000430584,Low,0,Low,0,9.74365,2225.23,7.70807,0.0895226,0.0430096
1507,RL,3,BSDF Heavy,0.00451374,Low,0,Low,0,9.69925,2215.21,7.70355,0.0892622,0.0430053
1508,RL,3,BSDF Heavy,-7.20024e-05,Low,0,Low,0,9.70494,2215.36,7.70362,0.0894792,0.043001
1509,RL,3,BSDF Heavy,-0.00339699,Low,0,Low,0,9.73649,2222.91,7.70702,0.0895742,0.0429967
1510,RL,3,Light Heavy,-0.00189161,Low,0,Low,0,9.75313,2227.12,7.70891,0.0893914,0.0429924
1511,RL,3,BSDF Heavy,0.0024848,Low,0,Low,0,9.71721,2221.59,7.70643,0.0870423,0.0429881
1512,RL,3,Light Heavy,-0.00578451,Low,0,Low,0,9.78111,2234.48,7.71221,0.0895144,0.0429838
1513,RL,3,Light Heavy,0.0106554,Low,0,Low,0,9.67336,2210.79,7.70156,0.086916,0.0429795
1514,RL,3,Light Heavy,-0.00351191,Low,0,Low,0,9.71012,2218.57,7.70507,0.0870004,0.0429752
1515,RL,3,Light Heavy,-0.00294447,Low,0,Low,0,9.73515,2225.11,7.70801,0.0871219,0.0429709
1516,RL,3,Balanced,-0.000173092,Low,0,Low,0,9.73894,2225.5,7.70819,0.0872589,0.0429666
1517,RL,3,BSDF Heavy,-0.00141668,Low,0,Low,0,9.75913,2228.66,7.7096,0.0903342,0.0429623
1518,RL,3,Light Heavy,-7.48634e-05,Low,0,Low,0,9.762,2228.82,7.70968,0.0898269,0.042958
1519,RL,3,Light Heavy,0.00630236,Low,0,Low,0,9.69901,2214.81,7.70338,0.0870202,0.0429537
1520,RL,3,Light Heavy,-0.00600624,Low,0,Low,0,9.76323,2228.16,7.70938,0.0875873,0.0429494
1521,RL,3,Light Heavy,0.000882626,Low,0,Low,0,9.74354,2226.2,7.7085,0.0871263,0.0429451
1522,RL,3,Light Heavy,-0.00176764,Low,0,Low,0,9.76143,2230.14,7.71027,0.0873375,0.0429408
1523,RL,3,Light Heavy,0.001647,Low,0,Low,0,9.73354,2226.47,7.70862,0.0869362,0.0429365
1524,RL,3,Light Heavy,0.000103951,Low,0,Low,0,9.73997,2226.23,7.70852,0.0870023,0.0429322
1525,RL,3,Light Heavy,0.00436497,Low,0,Low,0,9.70403,2216.53,7.70415,0.0871055,0.0429279
1526,RL,3,Light Heavy,-0.00154018,Low,0,Low,0,9.71865,2219.95,7.70569,0.0870153,0.0429237
1527,RL,3,Light Heavy,0.0012455,Low,0,Low,0,9.69881,2217.19,7.70445,0.0870023,0.0429194
1528,RL,3,Light Heavy,0.00202751,Low,0,Low,0,9.68482,2212.69,7.70242,0.0869907,0.0429151
1529,RL,3,Light Heavy,-0.00888824,Low,0,Low,0,9.76675,2232.46,7.71131,0.0872656,0.0429108
1530,RL,3,Light Heavy,-0.000608444,Low,0,Low,0,9.77771,2233.82,7.71191,0.0872044,0.0429065
1531,RL,3,Light Heavy,0.0116415,Low,0,Low,0,9.67267,2207.95,7.70027,0.0868986,0.0429022
1532,RL,3,Light Heavy,-0.00422764,Low,0,Low,0,9.70595,2217.31,7.7045,0.0869555,0.0428979
1533,RL,3,Light Heavy,-0.00411654,Low,0,Low,0,9.74636,2226.46,7.70862,0.0870978,0.0428936
1534,RL,3,Light Heavy,0.00148058,Low,0,Low,0,9.72989,2223.16,7.70714,0.0871576,0.0428893
1535,RL,3,Light Heavy,0.00320339,Low,0,Low,0,9.69487,2216.05,7.70393,0.086835,0.042885
1536,RL,3,Light Heavy,-0.0040164,Low,0,Low,0,9.74384,2224.97,7.70795,0.087228,0.0428808
1537,RL,3,Light Heavy,-0.00441933,Low,0,Low,0,9.78031,2234.83,7.71237,0.0873264,0.0428765
1538,RL,3,Light Heavy,0.0060277,Low,0,Low,0,9.72713,2221.4,7.70634,0.087147,0.0428722
1539,RL,3,Light Heavy,-0.00226688,Low,0,Low,0,9.74546,2226.44,7.70861,0.0873418,0.0428679
1540,RL,3,Light Heavy,0.000160217,Low,0,Low,0,9.73659,2226.08,7.70845,0.0871296,0.0428636
1541,RL,3,Light Heavy,0.000192642,Low,0,Low,0,9.74224,2225.65,7.70826,0.087202,0.0428593
1542,RL,3,Light Heavy,-0.000333786,Low,0,Low,0,9.75037,2226.4,7.70859,0.0872854,0.042855
1543,RL,3,Light Heavy,0.00296879,Low,0,Low,0,9.71595,2219.79,7.70562,0.0871108,0.0428507
1544,RL,3,Light Heavy,-0.00498009,Low,0,Low,0,9.77004,2230.88,7.7106,0.0872589,0.0428465
1545,RL,3,Light Heavy,0.00362825,Low,0,Low,0,9.73215,2222.8,7.70697,0.0872704,0.0428422
1546,RL,3,Light Heavy,-0.00620079,Low,0,Low,0,9.79414,2236.63,7.71317,0.0874036,0.0428379
1547,RL,3,Light Heavy,0.00527287,Low,0,Low,0,9.73218,2224.86,7.7079,0.0871918,0.0428336
1548,RL,3,Light Heavy,0.00434542,Low,0,Low,0,9.69248,2215.21,7.70355,0.0870322,0.0428293
1549,RL,3,Light Heavy,-0.00414562,Low,0,Low,0,9.73693,2224.42,7.7077,0.0871846,0.042825
1550,RL,3,Light Heavy,0.00251055,Low,0,Low,0,9.70993,2218.84,7.70519,0.0871359,0.0428208
1551,RL,3,Light Heavy,0.000670433,Low,0,Low,0,9.70463,2217.35,7.70452,0.0872073,0.0428165
1552,RL,3,Balanced,-0.000446796,Low,0,Low,0,9.70387,2218.34,7.70497,0.0870708,0.0428122
1553,RL,3,Light Heavy,0.000762463,Low,0,Low,0,9.7079,2216.65,7.7042,0.0902816,0.0428079
1554,RL,3,Light Heavy,0.00289488,Low,0,Low,0,9.67988,2210.24,7.70131,0.0869252,0.0428036
1555,RL,3,Light Heavy,-0.00689363,Low,0,Low,0,9.73841,2225.54,7.7082,0.0871161,0.0427994
1556,RL,3,Light Heavy,0.00140285,Low,0,Low,0,9.72979,2222.41,7.7068,0.0871475,0.0427951
1557,RL,3,Light Heavy,-0.00215721,Low,0,Low,0,9.75794,2227.22,7.70896,0.0874007,0.0427908
1558,RL,3,Light Heavy,0.00054121,Low,0,Low,0,9.74024,2226.01,7.70842,0.0869579,0.0427865
1559,RL,3,Balanced,-0.00507593,Low,0,Low,0,9.79386,2237.34,7.71349,0.0873915,0.0427822
1560,RL,3,Balanced,0.00566101,Low,0,Low,0,9.74314,2224.71,7.70783,0.0904654,0.042778
1561,RL,3,Balanced,0.00419188,Low,0,Low,0,9.69847,2215.4,7.70364,0.0902773,0.0427737
1562,RL,3,Balanced,-0.00265121,Low,0,Low,0,9.73432,2221.28,7.70629,0.0904244,0.0427694
1563,RL,3,Balanced,-0.00214434,Low,0,Low,0,9.74493,2226.05,7.70843,0.0905782,0.0427651
1564,RL,3,Balanced,-0.00188637,Low,0,Low,0,9.76461,2230.26,7.71032,0.0903559,0.0427609
1565,RL,3,Balanced,0.00151682,Low,0,Low,0,9.75191,2226.88,7.7088,0.0901905,0.0427566
1566,RL,3,Balanced,-0.00184107,Low,0,Low,0,9.77299,2230.98,7.71064,0.090462,0.0427523
1567,RL,3,Light Heavy,-0.00425959,Low,0,Low,0,9.81293,2240.51,7.7149,0.0908049,0.042748
1568,RL,3,Light Heavy,0.00663519,Low,0,Low,0,9.74263,2225.68,7.70827,0.0872704,0.0427438
1569,RL,3,Light Heavy,-0.000281334,Low,0,Low,0,9.74105,2226.31,7.70855,0.0872073,0.0427395
1570,RL,3,Light Heavy,-0.00206566,Low,0,Low,0,9.75919,2230.92,7.71062,0.0872391,0.0427352
1571,RL,3,Light Heavy,0.00609541,Low,0,Low,0,9.70111,2217.35,7.70452,0.087025,0.0427309
1572,RL,3,Light Heavy,-0.002285,Low,0,Low,0,9.7281,2222.43,7.70681,0.0871412,0.0427267
1573,RL,3,Light Heavy,-0.00276279,Low,0,Low,0,9.75084,2228.58,7.70957,0.087012,0.0427224
1574,RL,3,Light Heavy,0.0017767,Low,0,Low,0,9.74118,2224.62,7.70779,0.0872227,0.0427181
1575,RL,3,Light Heavy,0.00348091,Low,0,Low,0,9.70379,2216.89,7.70431,0.0871586,0.0427138
1576,RL,3,Light Heavy,-0.00332069,Low,0,Low,0,9.73284,2224.27,7.70763,0.0872651,0.0427096
1577,RL,3,Light Heavy,-0.000508785,Low,0,Low,0,9.7377,2225.4,7.70814,0.0871542,0.0427053
1578,RL,3,Light Heavy,-0.000341892,Low,0,Low,0,9.74895,2226.16,7.70848,0.0873389,0.042701
1579,RL,3,Light Heavy,0.00134468,Low,0,Low,0,9.72933,2223.17,7.70714,0.0871277,0.0426968
1580,RL,3,Light Heavy,-0.000729084,Low,0,Low,0,9.73586,2224.79,7.70787,0.0870732,0.0426925
1581,RL,3,Light Heavy,0.00033617,Low,0,Low,0,9.73274,2224.04,7.70753,0.0871224,0.0426882
1582,RL,3,Light Heavy,-0.000751019,Low,0,Low,0,9.74465,2225.71,7.70828,0.0871566,0.042684
1583,RL,3,Light Heavy,-0.00133801,Low,0,Low,0,9.75826,2228.69,7.70962,0.0870848,0.0426797
1584,RL,3,Light Heavy,-0.00149393,Low,0,Low,0,9.77099,2232.03,7.71111,0.0873934,0.0426754
1585,RL,3,Light Heavy,-0.000466347,Low,0,Low,0,9.77042,2233.07,7.71158,0.0871952,0.0426711
1586,RL,3,Light Heavy,0.00884295,Low,0,Low,0,9.68611,2213.4,7.70274,0.0868678,0.0426669
1587,RL,3,Light Heavy,-0.00252533,Low,0,Low,0,9.7077,2219,7.70526,0.0870452,0.0426626
1588,RL,3,Light Heavy,-0.0049634,Low,0,Low,0,9.75935,2230.05,7.71023,0.0871094,0.0426584
1589,RL,3,Light Heavy,0.000146389,Low,0,Low,0,9.75641,2229.72,7.71008,0.0871832,0.0426541
1590,RL,3,Light Heavy,0.00100183,Low,0,Low,0,9.74985,2227.48,7.70908,0.0871697,0.0426498
1591,RL,3,Light Heavy,0.00442171,Low,0,Low,0,9.70741,2217.65,7.70466,0.0869049,0.0426456
1592,RL,3,Light Heavy,-0.000994205,Low,0,Low,0,9.71167,2219.86,7.70565,0.0868244,0.0426413
1593,RL,3,Light Heavy,-0.00111723,Low,0,Low,0,9.72768,2222.34,7.70677,0.0872309,0.042637
1594,RL,3,Light Heavy,-0.000642776,Low,0,Low,0,9.7337,2223.77,7.70741,0.0870529,0.0426328
1595,RL,3,Light Heavy,-0.000781536,Low,0,Low,0,9.73807,2225.51,7.70819,0.0870978,0.0426285
1596,RL,3,Light Heavy,0.00191736,Low,0,Low,0,9.71857,2221.25,7.70627,0.0869657,0.0426242
1597,RL,3,Light Heavy,0.000657082,Low,0,Low,0,9.70829,2219.79,7.70562,0.0870655,0.04262
1598,RL,3,Light Heavy,-0.00196266,Low,0,Low,0,9.73818,2224.15,7.70758,0.0871957,0.0426157
1599,RL,3,Light Heavy,-0.00427055,Low,0,Low,0,9.776,2233.67,7.71185,0.0873544,0.0426114
1600,RL,3,Light Heavy,0.00207376,Low,0,Low,0,9.75527,2229.04,7.70978,0.0873365,0.0426072
1601,RL,3,Light Heavy,0.002141,Low,0,Low,0,9.73274,2224.27,7.70764,0.0871185,0.0426029
1602,RL,3,Light Heavy,-0.00543976,Low,0,Low,0,9.78514,2236.41,7.71308,0.0872661,0.0425987
1603,RL,3,Light Heavy,0.00600243,Low,0,Low,0,9.72698,2223.02,7.70707,0.0870698,0.0425944
1604,RL,3,Light Heavy,-0.00289583,Low,0,Low,0,9.75787,2229.47,7.70997,0.0873061,0.0425902
1605,RL,3,Light Heavy,0.00314951,Low,0,Low,0,9.72288,2222.46,7.70682,0.0870843,0.0425859
1606,RL,3,Light Heavy,0.000365257,Low,0,Low,0,9.72698,2221.65,7.70645,0.0869763,0.0425816
1607,RL,3,Light Heavy,-0.000535965,Low,0,Low,0,9.72581,2222.84,7.70699,0.087078,0.0425774
1608,RL,3,Light Heavy,-0.00444651,Low,0,Low,0,9.77372,2232.75,7.71144,0.0872348,0.0425731
1609,RL,3,Light Heavy,0.00597906,Low,0,Low,0,9.71607,2219.43,7.70546,0.087037,0.0425689
1610,RL,3,Light Heavy,-0.00437975,Low,0,Low,0,9.7573,2229.18,7.70984,0.0873413,0.0425646
1611,RL,3,Light Heavy,0.0021739,Low,0,Low,0,9.73634,2224.34,7.70766,0.0872507,0.0425604
1612,RL,3,Light Heavy,-0.00124216,Low,0,Low,0,9.74466,2227.1,7.70891,0.0871788,0.0425561
1613,RL,3,Light Heavy,0.00451374,Low,0,Low,0,9.71014,2217.07,7.70439,0.0870467,0.0425518
1614,RL,3,Light Heavy,0.000219822,Low,0,Low,0,9.70247,2216.58,7.70417,0.0873085,0.0425476
1615,RL,3,Light Heavy,-0.00198603,Low,0,Low,0,9.71877,2220.99,7.70616,0.0869179,0.0425433
1616,RL,3,Light Heavy,-0.00133991,Low,0,Low,0,9.73804,2223.97,7.7075,0.0870558,0.0425391
1617,RL,3,Light Heavy,-0.00188923,Low,0,Low,0,9.75427,2228.18,7.70939,0.0871692,0.0425348
1618,RL,3,Light Heavy,0.00115776,Low,0,Low,0,9.73937,2225.6,7.70823,0.0871942,0.0425306
1619,RL,3,Light Heavy,0.00311565,Low,0,Low,0,9.71164,2218.67,7.70511,0.0870534,0.0425263
1620,RL,3,Light Heavy,-0.00543499,Low,0,Low,0,9.766,2230.77,7.71055,0.0873539,0.0425221
1621,RL,3,Light Heavy,0.000482082,Low,0,Low,0,9.75418,2229.69,7.71007,0.0872121,0.0425178
1622,RL,3,Light Heavy,0.00119448,Low,0,Low,0,9.75027,2227.03,7.70887,0.0872936,0.0425136
1623,RL,3,Light Heavy,0.0034914,Low,0,Low,0,9.70804,2219.26,7.70538,0.0868408,0.0425093
1624,RL,3,Light Heavy,0.000492096,Low,0,Low,0,9.71155,2218.17,7.70489,0.0872063,0.0425051
1625,RL,3,Light Heavy,-0.00512028,Low,0,Low,0,9.76201,2229.56,7.71001,0.086889,0.0425008
1626,RL,3,Light Heavy,0.00452805,Low,0,Low,0,9.71496,2219.48,7.70548,0.0871861,0.0424966
1627,RL,3,Light Heavy,-0.0048461,Low,0,Low,0,9.76135,2230.27,7.71033,0.0870038,0.0424923
1628,RL,3,Light Heavy,0.00477982,Low,0,Low,0,9.71516,2219.63,7.70555,0.0870964,0.0424881
1629,RL,3,Light Heavy,0.000823021,Low,0,Low,0,9.71136,2217.8,7.70472,0.0871263,0.0424838
1630,RL,3,Light Heavy,-0.00638485,Low,0,Low,0,9.7713,2232.02,7.71111,0.0872651,0.0424796
1631,RL,3,Light Heavy,0.00232172,Low,0,Low,0,9.74975,2226.84,7.70879,0.087243,0.0424753
1632,RL,3,Light Heavy,0.00545263,Low,0,Low,0,9.68802,2214.72,7.70333,0.0870607,0.0424711
1633,RL,3,Light Heavy,-0.00284147,Low,0,Low,0,9.7191,2221.03,7.70618,0.0872463,0.0424668
1634,RL,3,Light Heavy,-0.00263357,Low,0,Low,0,9.75164,2226.89,7.70881,0.0872676,0.0424626
1635,RL,3,Light Heavy,0.000247478,Low,0,Low,0,9.74411,2226.34,7.70856,0.0874224,0.0424583
1636,RL,3,Light Heavy,-0.000112534,Low,0,Low,0,9.74026,2226.59,7.70867,0.0871523,0.0424541
1637,RL,3,Light Heavy,0.00170612,Low,0,Low,0,9.72014,2222.79,7.70697,0.0868967,0.0424498
1638,RL,3,Light Heavy,0.00317955,Low,0,Low,0,9.69955,2215.73,7.70379,0.0870264,0.0424456
1639,RL,3,Light Heavy,-0.000447273,Low,0,Low,0,9.69929,2216.72,7.70424,0.0869579,0.0424413
1640,RL,3,Light Heavy,-0.00444269,Low,0,Low,0,9.74693,2226.6,7.70868,0.0871383,0.0424371
1641,RL,3,Light Heavy,0.00479364,Low,0,Low,0,9.70112,2215.94,7.70389,0.086957,0.0424329
1642,RL,3,Light Heavy,-0.00404978,Low,0,Low,0,9.74226,2224.94,7.70793,0.0871118,0.0424286
1643,RL,3,BSDF Heavy,0.000976086,Low,0,Low,0,9.72624,2222.77,7.70696,0.087023,0.0424244
1644,RL,3,BSDF Heavy,0.00110912,Low,0,Low,0,9.72339,2220.3,7.70585,0.089334,0.0424201
1645,RL,3,Light Heavy,-0.00453568,Low,0,Low,0,9.77168,2230.4,7.71039,0.0896677,0.0424159
1646,RL,3,Light Heavy,0.00676966,Low,0,Low,0,9.69561,2215.35,7.70362,0.0869406,0.0424116
1647,RL,3,Light Heavy,-0.00515795,Low,0,Low,0,9.74616,2226.81,7.70877,0.0870901,0.0424074
1648,RL,3,Light Heavy,-0.00153828,Low,0,Low,0,9.75558,2230.24,7.71031,0.087215,0.0424032
1649,RL,3,Light Heavy,0.00538778,Low,0,Low,0,9.7059,2218.25,7.70492,0.086876,0.0423989
1650,RL,3,Light Heavy,0.00270224,Low,0,Low,0,9.67489,2212.26,7.70222,0.086916,0.0423947
1651,RL,3,Light Heavy,-0.00287247,Low,0,Low,0,9.7106,2218.63,7.70509,0.0869536,0.0423904
1652,RL,3,Light Heavy,-0.000937939,Low,0,Low,0,9.72062,2220.71,7.70603,0.08708,0.0423862
1653,RL,3,Light Heavy,-0.00193644,Low,0,Low,0,9.73889,2225.02,7.70797,0.0871513,0.042382
1654,RL,3,Light Heavy,0.00395823,Low,0,Low,0,9.70075,2216.22,7.70401,0.0866802,0.0423777
1655,RL,3,Light Heavy,-0.00431395,Low,0,Low,0,9.74242,2225.81,7.70832,0.0871504,0.0423735
1656,RL,3,Light Heavy,0.000459194,Low,0,Low,0,9.73099,2224.79,7.70787,0.086915,0.0423693
1657,RL,3,Light Heavy,0.000111103,Low,0,Low,0,9.73427,2224.54,7.70775,0.0872849,0.042365
1658,RL,3,Light Heavy,-0.00419617,Low,0,Low,0,9.78414,2233.9,7.71195,0.087405,0.0423608
1659,RL,3,Light Heavy,0.00477505,Low,0,Low,0,9.72715,2223.25,7.70718,0.0869478,0.0423565
1660,RL,3,Light Heavy,-0.00145149,Low,0,Low,0,9.74216,2226.48,7.70863,0.0871137,0.0423523
1661,RL,3,Light Heavy,0.00416279,Low,0,Low,0,9.70424,2217.23,7.70446,0.0870279,0.0423481
1662,RL,3,Light Heavy,-0.000584602,Low,0,Low,0,9.70734,2218.53,7.70505,0.0870433,0.0423438
1663,RL,3,Light Heavy,-0.00282097,Low,0,Low,0,9.73774,2224.8,7.70787,0.0870838,0.0423396
1664,RL,3,Light Heavy,-0.00120926,Low,0,Low,0,9.75073,2227.49,7.70908,0.0871639,0.0423354
1665,RL,3,Light Heavy,0.0035882,Low,0,Low,0,9.71527,2219.51,7.70549,0.0871909,0.0423311
1666,RL,3,Light Heavy,-0.00576162,Low,0,Low,0,9.78147,2232.34,7.71125,0.0874542,0.0423269
1667,RL,3,Light Heavy,-0.00093317,Low,0,Low,0,9.7854,2234.42,7.71219,0.0873515,0.0423227
1668,RL,3,Light Heavy,0.0043602,Low,0,Low,0,9.73197,2224.7,7.70783,0.0870684,0.0423184
1669,RL,3,Light Heavy,0.00434589,Low,0,Low,0,9.69075,2215.04,7.70348,0.0868567,0.0423142
1670,RL,3,Light Heavy,-0.00890684,Low,0,Low,0,9.77829,2234.87,7.71239,0.0873524,0.04231
1671,RL,3,Light Heavy,0.00313234,Low,0,Low,0,9.75074,2227.88,7.70925,0.0872357,0.0423057
1672,RL,3,Light Heavy,-0.00142622,Low,0,Low,0,9.75898,2231.06,7.71068,0.0872516,0.0423015
1673,RL,3,Light Heavy,0.00289536,Low,0,Low,0,9.74118,2224.61,7.70778,0.08697,0.0422973
1674,RL,3,Light Heavy,0.00287533,Low,0,Low,0,9.70745,2218.22,7.70491,0.0869343,0.0422931
1675,RL,3,Light Heavy,-0.0021224,Low,0,Low,0,9.72431,2222.93,7.70703,0.0871258,0.0422888
1676,RL,3,Light Heavy,0.000100136,Low,0,Low,0,9.72596,2222.71,7.70693,0.0870332,0.0422846
1677,RL,3,Light Heavy,0.000887394,Low,0,Low,0,9.72054,2220.74,7.70604,0.087214,0.0422804
1678,RL,3,Light Heavy,-0.000891209,Low,0,Low,0,9.72771,2222.72,7.70694,0.0869869,0.0422761
1679,RL,3,Balanced,-0.00420475,Low,0,Low,0,9.77134,2232.09,7.71114,0.0872695,0.0422719
1680,RL,3,Balanced,0.00657225,Low,0,Low,0,9.71584,2217.46,7.70457,0.0903771,0.0422677
1681,RL,3,Light Heavy,-0.00768805,Low,0,Low,0,9.78861,2234.58,7.71226,0.0906289,0.0422635
1682,RL,3,Light Heavy,0.00582647,Low,0,Low,0,9.7269,2221.59,7.70643,0.086875,0.0422592
1683,RL,3,Light Heavy,-0.003016,Low,0,Low,0,9.74802,2228.31,7.70945,0.0870621,0.042255
1684,RL,3,Light Heavy,0.00410795,Low,0,Low,0,9.72,2219.17,7.70534,0.0872844,0.0422508
1685,RL,3,Light Heavy,-0.00311708,Low,0,Low,0,9.74497,2226.1,7.70845,0.0870665,0.0422466
1686,RL,3,Light Heavy,-0.00123501,Low,0,Low,0,9.75261,2228.85,7.70969,0.0873288,0.0422423
1687,RL,3,Light Heavy,-0.00123167,Low,0,Low,0,9.76704,2231.6,7.71092,0.0871663,0.0422381
1688,RL,3,Light Heavy,0.00197029,Low,0,Low,0,9.74878,2227.2,7.70895,0.0871118,0.0422339
1689,RL,3,Light Heavy,-1.4782e-05,Low,0,Low,0,9.75083,2227.24,7.70897,0.0871152,0.0422297
1690,RL,3,Light Heavy,-0.000154972,Low,0,Low,0,9.74311,2227.58,7.70912,0.0871335,0.0422254
1691,RL,3,Light Heavy,0.00328493,Low,0,Low,0,9.71547,2220.27,7.70584,0.0870187,0.0422212
1692,RL,3,Light Heavy,-0.00178528,Low,0,Low,0,9.72638,2224.24,7.70762,0.0869888,0.042217
1693,RL,3,Light Heavy,0.00149441,Low,0,Low,0,9.71998,2220.92,7.70613,0.0868581,0.0422128
1694,RL,3,Balanced,-0.00268507,Low,0,Low,0,9.74739,2226.89,7.70881,0.0870356,0.0422086
1695,RL,3,Light Heavy,-0.00383663,Low,0,Low,0,9.79084,2235.46,7.71265,0.0906872,0.0422043
1696,RL,3,Light Heavy,0.00676107,Low,0,Low,0,9.71782,2220.39,7.70589,0.086998,0.0422001
1697,RL,3,Light Heavy,-0.0015583,Low,0,Low,0,9.73314,2223.85,7.70745,0.0870843,0.0421959
1698,RL,3,Light Heavy,-0.00156021,Low,0,Low,0,9.74958,2227.33,7.70901,0.0870997,0.0421917
1699,RL,3,Light Heavy,0.0017252,Low,0,Low,0,9.73197,2223.48,7.70728,0.0872188,0.0421875
1700,RL,3,Light Heavy,0.000909328,Low,0,Low,0,9.72362,2221.46,7.70637,0.0873601,0.0421832
1701,RL,3,Light Heavy,-0.00428438,Low,0,Low,0,9.76982,2231.01,7.71066,0.0873621,0.042179
1702,RL,3,Light Heavy,-0.00178671,Low,0,Low,0,9.78705,2235,7.71244,0.087487,0.0421748
1703,RL,3,Light Heavy,0.00731659,Low,0,Low,0,9.70542,2218.7,7.70513,0.086917,0.0421706
1704,RL,3,Light Heavy,-0.00439596,Low,0,Low,0,9.7577,2228.48,7.70952,0.0873573,0.0421664
1705,RL,3,Light Heavy,0.00185966,Low,0,Low,0,9.73414,2224.33,7.70766,0.0874508,0.0421622
1706,RL,3,Light Heavy,-0.00178385,Low,0,Low,0,9.75399,2228.31,7.70945,0.0872285,0.0421579
1707,RL,3,Light Heavy,0.00496101,Low,0,Low,0,9.70256,2217.27,7.70448,0.087092,0.0421537
1708,RL,3,Light Heavy,-0.00603056,Low,0,Low,0,9.75924,2230.69,7.71052,0.0873076,0.0421495
1709,RL,3,Light Heavy,0.00529337,Low,0,Low,0,9.71107,2218.91,7.70522,0.0871663,0.0421453
1710,RL,3,Light Heavy,-0.00380039,Low,0,Low,0,9.74982,2227.36,7.70902,0.0873847,0.0421411
1711,RL,3,Light Heavy,-0.00202608,Low,0,Low,0,9.76331,2231.88,7.71105,0.0871832,0.0421369
1712,RL,3,Light Heavy,0.000669956,Low,0,Low,0,9.75677,2230.39,7.71038,0.0871547,0.0421327
1713,RL,3,Light Heavy,0.00419426,Low,0,Low,0,9.72262,2221.05,7.70618,0.0871431,0.0421284
1714,RL,3,Light Heavy,-0.000760078,Low,0,Low,0,9.73051,2222.74,7.70694,0.0870115,0.0421242
1715,RL,3,Light Heavy,0.0033679,Low,0,Low,0,9.69553,2215.26,7.70358,0.0869256,0.04212
1716,RL,3,Light Heavy,-0.00319767,Low,0,Low,0,9.72532,2222.36,7.70677,0.0871026,0.0421158
1717,RL,3,Light Heavy,0.0018568,Low,0,Low,0,9.7071,2218.23,7.70492,0.0868919,0.0421116
1718,RL,3,Light Heavy,-0.00133896,Low,0,Low,0,9.71836,2221.21,7.70626,0.0870173,0.0421074
1719,RL,3,Light Heavy,0.00195646,Low,0,Low,0,9.70752,2216.86,7.7043,0.0871918,0.0421032
1720,RL,3,Light Heavy,0.000942707,Low,0,Low,0,9.69471,2214.77,7.70336,0.0869579,0.042099
1721,RL,3,Light Heavy,-0.00658178,Low,0,Low,0,9.75201,2229.41,7.70994,0.087064,0.0420947
1722,RL,3,Light Heavy,0.0037384,Low,0,Low,0,9.72643,2221.08,7.7062,0.0870496,0.0420905
1723,RL,3,Light Heavy,0.000268936,Low,0,Low,0,9.71309,2220.49,7.70593,0.0869946,0.0420863
1724,RL,3,Light Heavy,-0.00315857,Low,0,Low,0,9.7518,2227.51,7.70909,0.0869883,0.0420821
1725,RL,3,Balanced,0.00565338,Low,0,Low,0,9.69453,2214.95,7.70344,0.0868562,0.0420779
1726,RL,3,Light Heavy,-0.00369024,Low,0,Low,0,9.73067,2223.14,7.70713,0.0902792,0.0420737
1727,RL,3,Balanced,-0.00244474,Low,0,Low,0,9.75803,2228.59,7.70957,0.0872704,0.0420695
1728,RL,3,Light Heavy,0.00141382,Low,0,Low,0,9.74288,2225.44,7.70816,0.0903694,0.0420653
1729,RL,3,Light Heavy,-0.00239372,Low,0,Low,0,9.76127,2230.77,7.71055,0.0870983,0.0420611
1730,RL,3,Light Heavy,0.00120163,Low,0,Low,0,9.74576,2228.09,7.70935,0.0871639,0.0420569
1731,RL,3,Light Heavy,0.00434542,Low,0,Low,0,9.70964,2218.43,7.705,0.0869777,0.0420527
1732,RL,3,Light Heavy,0.000209808,Low,0,Low,0,9.71275,2217.96,7.70479,0.0870337,0.0420485
1733,RL,3,Light Heavy,-0.00132561,Low,0,Low,0,9.72202,2220.91,7.70612,0.0870129,0.0420443
1734,RL,3,Light Heavy,-0.00533915,Low,0,Low,0,9.77133,2232.8,7.71146,0.0874388,0.0420401
1735,RL,3,Light Heavy,0.00400877,Low,0,Low,0,9.73043,2223.86,7.70745,0.0869666,0.0420359
1736,RL,3,Light Heavy,0.000290394,Low,0,Low,0,9.72784,2223.22,7.70716,0.0871412,0.0420317
1737,RL,3,Light Heavy,0.00536489,Low,0,Low,0,9.67894,2211.32,7.7018,0.0869006,0.0420275
1738,RL,3,Light Heavy,-0.00431633,Low,0,Low,0,9.71567,2220.89,7.70611,0.0870616,0.0420233
1739,RL,3,Light Heavy,-0.00394201,Low,0,Low,0,9.75906,2229.66,7.71005,0.0872261,0.0420191
1740,RL,3,Light Heavy,0.000503063,Low,0,Low,0,9.75554,2228.54,7.70955,0.0871263,0.0420148
1741,RL,3,Light Heavy,0.00266504,Low,0,Low,0,9.72887,2222.61,7.70689,0.0871229,0.0420106
1742,RL,3,Light Heavy,-0.00319242,Low,0,Low,0,9.75898,2229.72,7.71008,0.0871571,0.0420064
1743,RL,3,Light Heavy,0.00206566,Low,0,Low,0,9.73914,2225.11,7.70801,0.0872169,0.0420022
1744,RL,3,Light Heavy,0.00102854,Low,0,Low,0,9.72781,2222.83,7.70698,0.0871335,0.041998
1745,RL,3,Light Heavy,-0.00181293,Low,0,Low,0,9.74951,2226.86,7.7088,0.0874156,0.0419938
1746,RL,3,Light Heavy,0.00571346,Low,0,Low,0,9.69313,2214.17,7.70308,0.0871836,0.0419896
1747,RL,3,Light Heavy,-0.00413227,Low,0,Low,0,9.72769,2223.34,7.70722,0.0870867,0.0419854
1748,RL,3,Light Heavy,0.000777245,Low,0,Low,0,9.71738,2221.61,7.70644,0.0869073,0.0419812
1749,RL,3,Light Heavy,-0.00148582,Low,0,Low,0,9.73845,2224.92,7.70792,0.0870882,0.041977
1750,RL,3,Light Heavy,0.00144911,Low,0,Low,0,9.72185,2221.69,7.70648,0.0870544,0.0419729
1751,RL,3,Light Heavy,0.00114536,Low,0,Low,0,9.71716,2219.15,7.70533,0.0870997,0.0419687
1752,RL,3,Light Heavy,-3.71933e-05,Low,0,Low,0,9.70946,2219.23,7.70537,0.0870771,0.0419645
1753,RL,3,Light Heavy,-0.00656652,Low,0,Low,0,9.78414,2233.86,7.71193,0.0875752,0.0419603
1754,RL,3,Light Heavy,0.00241756,Low,0,Low,0,9.75296,2228.46,7.70952,0.0872999,0.0419561
1755,RL,3,Light Heavy,0.00188351,Low,0,Low,0,9.73915,2224.27,7.70763,0.0870587,0.0419519
1756,RL,3,Light Heavy,-0.00183773,Low,0,Low,0,9.74897,2228.36,7.70947,0.0871311,0.0419477
1757,RL,3,Light Heavy,-0.000836372,Low,0,Low,0,9.75413,2230.23,7.71031,0.0873312,0.0419435
1758,RL,3,Light Heavy,0.00245094,Low,0,Low,0,9.73945,2224.76,7.70786,0.0870544,0.0419393
1759,RL,3,Light Heavy,0.00172806,Low,0,Low,0,9.71296,2220.92,7.70613,0.0868075,0.0419351
1760,RL,3,Light Heavy,0.00149632,Low,0,Low,0,9.71113,2217.6,7.70463,0.0871234,0.0419309
1761,RL,3,Light Heavy,-0.00461864,Low,0,Low,0,9.75007,2227.87,7.70925,0.0871759,0.0419267
1762,RL,3,Light Heavy,2.28882e-05,Low,0,Low,0,9.75524,2227.82,7.70923,0.087241,0.0419225
1763,RL,3,Light Heavy,0.000475407,Low,0,Low,0,9.75247,2226.76,7.70875,0.0871807,0.0419183
1764,RL,3,Light Heavy,0.00259256,Low,0,Low,0,9.71769,2220.99,7.70616,0.0874228,0.0419141
1765,RL,3,Light Heavy,-0.00642633,Low,0,Low,0,9.78721,2235.32,7.71259,0.0874614,0.0419099
1766,RL,3,Light Heavy,0.00527573,Low,0,Low,0,9.73702,2223.55,7.70731,0.0872565,0.0419057
1767,RL,3,Light Heavy,-0.00593138,Low,0,Low,0,9.79493,2236.78,7.71324,0.0872222,0.0419016
1768,RL,3,Balanced,0.00573301,Low,0,Low,0,9.73275,2223.99,7.70751,0.0871542,0.0418974
1769,RL,3,Light Heavy,-0.000975132,Low,0,Low,0,9.75016,2226.16,7.70848,0.0903988,0.0418932
1770,RL,3,Light Heavy,0.000885963,Low,0,Low,0,9.73355,2224.19,7.7076,0.0871947,0.041889
1771,RL,3,Light Heavy,-0.000499725,Low,0,Low,0,9.73401,2225.3,7.7081,0.0872507,0.0418848
1772,RL,3,Light Heavy,-0.00219679,Low,0,Low,0,9.76665,2230.2,7.71029,0.0873331,0.0418806
1773,RL,3,Light Heavy,-0.00391579,Low,0,Low,0,9.80294,2238.95,7.71421,0.0872111,0.0418764
1774,RL,3,Light Heavy,0.0062952,Low,0,Low,0,9.73416,2224.89,7.70791,0.0870978,0.0418722
1775,RL,3,Light Heavy,0.00366306,Low,0,Low,0,9.69705,2216.76,7.70425,0.0868171,0.041868
1776,RL,3,Light Heavy,-0.00305557,Low,0,Low,0,9.72811,2223.54,7.70731,0.0871181,0.0418639
1777,RL,3,Light Heavy,-0.000918865,Low,0,Low,0,9.73667,2225.59,7.70823,0.0868813,0.0418597
1778,RL,3,Light Heavy,-0.00392675,Low,0,Low,0,9.77703,2234.35,7.71215,0.0870906,0.0418555
1779,RL,3,Light Heavy,0.0031414,Low,0,Low,0,9.7522,2227.34,7.70901,0.0872714,0.0418513
1780,RL,3,Light Heavy,-0.000597477,Low,0,Low,0,9.75571,2228.67,7.70961,0.0871277,0.0418471
1781,RL,3,Light Heavy,0.00348139,Low,0,Low,0,9.71594,2220.92,7.70613,0.0869493,0.0418429
1782,RL,3,Light Heavy,-0.00220251,Low,0,Low,0,9.73864,2225.82,7.70833,0.0871682,0.0418388
1783,RL,3,Light Heavy,0.000745296,Low,0,Low,0,9.73432,2224.16,7.70758,0.0872637,0.0418346
1784,RL,3,Light Heavy,-0.000976562,Low,0,Low,0,9.74365,2226.34,7.70856,0.0871865,0.0418304
1785,RL,3,Light Heavy,0.007164,Low,0,Low,0,9.67496,2210.44,7.7014,0.0868726,0.0418262
1786,RL,3,Light Heavy,-0.00762892,Low,0,Low,0,9.74712,2227.37,7.70903,0.087297,0.041822
1787,RL,3,Light Heavy,0.000687122,Low,0,Low,0,9.74405,2225.84,7.70834,0.0871349,0.0418178
1788,RL,3,Light Heavy,-0.00163841,Low,0,Low,0,9.76178,2229.49,7.70998,0.0872246,0.0418137
1789,RL,3,Light Heavy,0.00887346,Low,0,Low,0,9.67217,2209.79,7.7011,0.0869377,0.0418095
1790,RL,3,BSDF Heavy,-0.00440216,Low,0,Low,0,9.71143,2219.54,7.70551,0.0871021,0.0418053
1791,RL,3,Light Heavy,-0.00438118,Low,0,Low,0,9.77296,2229.29,7.70989,0.0897126,0.0418011
1792,RL,3,Light Heavy,0.00850773,Low,0,Low,0,9.66991,2210.4,7.70138,0.0868948,0.0417969
1793,RL,3,Light Heavy,-0.00384426,Low,0,Low,0,9.71412,2218.91,7.70522,0.0869657,0.0417928
1794,RL,3,Light Heavy,-0.00450563,Low,0,Low,0,9.75236,2228.94,7.70973,0.0871687,0.0417886
1795,RL,3,Light Heavy,0.000807762,Low,0,Low,0,9.74797,2227.14,7.70892,0.0872304,0.0417844
1796,RL,3,Light Heavy,0.00191784,Low,0,Low,0,9.72689,2222.87,7.707,0.0870857,0.0417802
1797,RL,3,Light Heavy,-0.000594616,Low,0,Low,0,9.73539,2224.19,7.7076,0.0870235,0.041776
1798,RL,3,Light Heavy,-0.000908375,Low,0,Low,0,9.74804,2226.21,7.70851,0.0873158,0.0417719
1799,RL,3,Light Heavy,-0.00255442,Low,0,Low,0,9.77455,2231.91,7.71106,0.0872193,0.0417677
1800,RL,3,Light Heavy,0.0059514,Low,0,Low,0,9.71494,2218.66,7.70511,0.0869155,0.0417635
1801,RL,3,Light Heavy,-0.00197363,Low,0,Low,0,9.73419,2223.05,7.70708,0.0871586,0.0417593
1802,RL,3,Light Heavy,0.00351286,Low,0,Low,0,9.69164,2215.25,7.70357,0.0871427,0.0417552
1803,RL,3,Light Heavy,-0.00273466,Low,0,Low,0,9.72814,2221.32,7.70631,0.0874127,0.041751
1804,RL,3,Light Heavy,-0.00148153,Low,0,Low,0,9.73732,2224.61,7.70779,0.0872058,0.0417468
1805,RL,3,Light Heavy,-0.00234413,Low,0,Low,0,9.757,2229.83,7.71013,0.0872695,0.0417426
1806,RL,3,Light Heavy,0.00378799,Low,0,Low,0,9.71838,2221.4,7.70634,0.0870558,0.0417385
1807,RL,3,Light Heavy,0.00203419,Low,0,Low,0,9.70839,2216.88,7.70431,0.0871248,0.0417343
1808,RL,3,Light Heavy,-0.00223303,Low,0,Low,0,9.7263,2221.84,7.70654,0.087174,0.0417301
1809,RL,3,Light Heavy,-0.00322723,Low,0,Low,0,9.75683,2229.03,7.70977,0.087297,0.0417259
1810,RL,3,Light Heavy,0.000474453,Low,0,Low,0,9.75209,2227.97,7.70929,0.0872198,0.0417218
1811,RL,3,Light Heavy,-0.00360632,Low,0,Low,0,9.78154,2236.02,7.7129,0.0872217,0.0417176
1812,RL,3,Light Heavy,0.00992584,Low,0,Low,0,9.69177,2213.93,7.70297,0.0868374,0.0417134
1813,RL,3,Light Heavy,-0.00336361,Low,0,Low,0,9.72446,2221.39,7.70634,0.0871499,0.0417093
1814,RL,3,Light Heavy,0.0017066,Low,0,Low,0,9.71174,2217.6,7.70463,0.0871909,0.0417051
1815,RL,3,Light Heavy,0.00111771,Low,0,Low,0,9.69558,2215.12,7.70351,0.0869526,0.0417009
1816,RL,3,Light Heavy,-0.00375938,Low,0,Low,0,9.73147,2223.47,7.70727,0.0871914,0.0416967
1817,RL,3,Light Heavy,-0.00237799,Low,0,Low,0,9.75356,2228.77,7.70965,0.08712,0.0416926
1818,RL,3,Light Heavy,0.00404692,Low,0,Low,0,9.71464,2219.76,7.7056,0.0870505,0.0416884
1819,RL,3,Light Heavy,-0.00043726,Low,0,Low,0,9.71393,2220.73,7.70604,0.0869536,0.0416842
1820,RL,3,Light Heavy,-0.000174999,Low,0,Low,0,9.71986,2221.12,7.70622,0.0871455,0.0416801
1821,RL,3,Light Heavy,-1.04904e-05,Low,0,Low,0,9.72422,2221.14,7.70623,0.0869975,0.0416759
1822,RL,3,Light Heavy,-0.000453949,Low,0,Low,0,9.72001,2222.15,7.70668,0.0870259,0.0416717
1823,RL,3,Light Heavy,-0.00444937,Low,0,Low,0,9.77368,2232.07,7.71113,0.0873818,0.0416676
1824,RL,3,Light Heavy,0.00361967,Low,0,Low,0,9.72696,2224,7.70751,0.0871301,0.0416634
1825,RL,3,Light Heavy,-0.00213718,Low,0,Low,0,9.75948,2228.76,7.70965,0.0872825,0.0416592
1826,RL,3,Light Heavy,0.00235271,Low,0,Low,0,9.72438,2223.52,7.7073,0.0869801,0.0416551
1827,RL,3,Light Heavy,0.00103474,Low,0,Low,0,9.72611,2221.22,7.70626,0.0871528,0.0416509
1828,RL,3,Light Heavy,-0.000274658,Low,0,Low,0,9.72371,2221.83,7.70654,0.0870361,0.0416467
1829,RL,3,Light Heavy,-0.00142527,Low,0,Low,0,9.73052,2225,7.70796,0.0869276,0.0416426
1830,RL,3,Light Heavy,-0.000288486,Low,0,Low,0,9.73432,2225.64,7.70825,0.0873085,0.0416384
1831,RL,3,Light Heavy,0.00121117,Low,0,Low,0,9.72903,2222.95,7.70704,0.0872343,0.0416342
1832,RL,3,Light Heavy,0.00268126,Low,0,Low,0,9.70198,2216.99,7.70436,0.0870626,0.0416301
1833,RL,3,Light Heavy,-0.00213194,Low,0,Low,0,9.71629,2221.72,7.70649,0.0870911,0.0416259
1834,RL,3,Light Heavy,0.00197744,Low,0,Low,0,9.71269,2217.33,7.70451,0.0870862,0.0416218
1835,RL,3,Light Heavy,-0.00214386,Low,0,Low,0,9.72683,2222.09,7.70666,0.0872936,0.0416176
1836,RL,3,Light Heavy,-0.00175047,Low,0,Low,0,9.74012,2225.99,7.70841,0.0869792,0.0416134
1837,RL,3,Light Heavy,0.0021925,Low,0,Low,0,9.72117,2221.11,7.70621,0.0869801,0.0416093
1838,RL,3,Light Heavy,-0.00342989,Low,0,Low,0,9.76144,2228.75,7.70964,0.0873389,0.0416051
1839,RL,3,Light Heavy,-0.000658512,Low,0,Low,0,9.76143,2230.22,7.7103,0.0872058,0.041601
1840,RL,3,Light Heavy,0.00483036,Low,0,Low,0,9.71871,2219.46,7.70547,0.0870669,0.0415968
1841,RL,3,Light Heavy,1.52588e-05,Low,0,Low,0,9.71579,2219.43,7.70546,0.087052,0.0415926
1842,RL,3,Light Heavy,-0.00482988,Low,0,Low,0,9.75765,2230.18,7.71029,0.0872015,0.0415885
1843,RL,3,Light Heavy,0.00365782,Low,0,Low,0,9.7251,2222.03,7.70663,0.0870226,0.0415843
1844,RL,3,Light Heavy,-0.00146961,Low,0,Low,0,9.73662,2225.3,7.7081,0.0870886,0.0415802
1845,RL,3,Light Heavy,-0.00290823,Low,0,Low,0,9.76403,2231.79,7.71101,0.0872405,0.041576
1846,RL,3,Light Heavy,0.00788641,Low,0,Low,0,9.6932,2214.25,7.70312,0.0868919,0.0415718
1847,RL,3,Light Heavy,-0.00285721,Low,0,Low,0,9.72243,2220.59,7.70598,0.086943,0.0415677
1848,RL,3,Light Heavy,-0.00466156,Low,0,Low,0,9.76492,2230.97,7.71064,0.0874151,0.0415635
1849,RL,3,Light Heavy,0.00325584,Low,0,Low,0,9.73324,2223.71,7.70738,0.0870476,0.0415594
1850,RL,3,Light Heavy,-0.00014019,Low,0,Low,0,9.74341,2224.02,7.70752,0.0870997,0.0415552
1851,RL,3,Light Heavy,-0.00251961,Low,0,Low,0,9.75995,2229.64,7.71004,0.08727,0.0415511
1852,RL,3,Light Heavy,0.00271511,Low,0,Low,0,9.72887,2223.59,7.70733,0.0869787,0.0415469
1853,RL,3,Light Heavy,-0.000781536,Low,0,Low,0,9.73748,2225.33,7.70811,0.0872188,0.0415427
1854,RL,3,Light Heavy,-0.000980854,Low,0,Low,0,9.74985,2227.51,7.70909,0.0872724,0.0415386
1855,RL,3,Light Heavy,0.00467634,Low,0,Low,0,9.70897,2217.11,7.70441,0.0872343,0.0415344
1856,RL,3,Light Heavy,-0.00702763,Low,0,Low,0,9.77263,2232.76,7.71144,0.0872343,0.0415303
1857,RL,3,Light Heavy,0.00418282,Low,0,Low,0,9.72965,2223.43,7.70726,0.0872473,0.0415261
1858,RL,3,Light Heavy,-0.00113392,Low,0,Low,0,9.74634,2225.96,7.70839,0.0871986,0.041522
1859,RL,3,Light Heavy,0.00126505,Low,0,Low,0,9.73219,2223.14,7.70713,0.0871065,0.0415178
1860,RL,3,Light Heavy,-0.000474453,Low,0,Low,0,9.73643,2224.2,7.7076,0.0871832,0.0415137
1861,RL,3,Light Heavy,0.000611305,Low,0,Low,0,9.72814,2222.84,7.70699,0.0870052,0.0415095
1862,RL,3,Light Heavy,-0.00316477,Low,0,Low,0,9.75875,2229.89,7.71015,0.0872478,0.0415054
1863,RL,3,Light Heavy,0.00206947,Low,0,Low,0,9.74006,2225.28,7.70809,0.0871619,0.0415012
1864,RL,3,Light Heavy,-0.00111341,Low,0,Low,0,9.74975,2227.76,7.7092,0.0871923,0.0414971
1865,RL,3,Light Heavy,0.000384808,Low,0,Low,0,9.74352,2226.9,7.70881,0.0870433,0.0414929
1866,RL,3,Light Heavy,0.00227737,Low,0,Low,0,9.72286,2221.83,7.70654,0.087065,0.0414888
1867,RL,3,Light Heavy,0.000554085,Low,0,Low,0,9.7202,2220.6,7.70598,0.0871132,0.0414846
1868,RL,3,Light Heavy,-0.00364065,Low,0,Low,0,9.75889,2228.7,7.70962,0.0872102,0.0414805
1869,RL,3,Light Heavy,0.00595665,Low,0,Low,0,9.69566,2215.46,7.70367,0.0869179,0.0414763
1870,RL,3,Light Heavy,-0.00211954,Low,0,Low,0,9.71385,2220.16,7.70579,0.086928,0.0414722
1871,RL,3,Light Heavy,-0.00123978,Low,0,Low,0,9.73371,2222.92,7.70703,0.0871894,0.041468
1872,RL,3,Light Heavy,-0.00167751,Low,0,Low,0,9.74772,2226.65,7.7087,0.0872203,0.0414639
1873,RL,3,Light Heavy,-0.000174046,Low,0,Low,0,9.74733,2227.04,7.70888,0.0869907,0.0414598
1874,RL,3,Light Heavy,0.00231314,Low,0,Low,0,9.72005,2221.89,7.70656,0.0870959,0.0414556
1875,RL,3,Light Heavy,0.000459194,Low,0,Low,0,9.72081,2220.87,7.7061,0.0870727,0.0414515
1876,RL,3,Light Heavy,0.000663757,Low,0,Low,0,9.70677,2219.4,7.70544,0.0870452,0.0414473
1877,RL,3,Light Heavy,-0.00252438,Low,0,Low,0,9.74172,2225.01,7.70797,0.0873717,0.0414432
1878,RL,3,Light Heavy,0.00395679,Low,0,Low,0,9.69436,2216.22,7.70401,0.0870703,0.041439
1879,RL,3,Light Heavy,-0.00394011,Low,0,Low,0,9.73779,2224.97,7.70795,0.0871788,0.0414349
1880,RL,3,Balanced,-0.000491142,Low,0,Low,0,9.75039,2226.06,7.70844,0.0871817,0.0414307
1881,RL,3,Light Heavy,0.00144053,Low,0,Low,0,9.73642,2222.86,7.707,0.0902956,0.0414266
1882,RL,3,Light Heavy,-0.00377369,Low,0,Low,0,9.76427,2231.27,7.71077,0.0871798,0.0414225
1883,RL,3,Light Heavy,0.00354433,Low,0,Low,0,9.72726,2223.37,7.70723,0.0871576,0.0414183
1884,RL,3,Light Heavy,-0.00436401,Low,0,Low,0,9.77054,2233.1,7.71159,0.0872695,0.0414142
1885,RL,3,Light Heavy,0.00851488,Low,0,Low,0,9.69076,2214.16,7.70308,0.0868306,0.04141
1886,RL,3,Light Heavy,-0.00319099,Low,0,Low,0,9.71671,2221.23,7.70627,0.0869353,0.0414059
1887,RL,3,Light Heavy,0.00163984,Low,0,Low,0,9.70803,2217.59,7.70463,0.0870554,0.0414017
1888,RL,3,Light Heavy,-0.00416756,Low,0,Low,0,9.74446,2226.86,7.7088,0.0871687,0.0413976
1889,RL,3,Light Heavy,0.00457478,Low,0,Low,0,9.69847,2216.69,7.70422,0.0868793,0.0413935
1890,RL,3,Light Heavy,-0.00346851,Low,0,Low,0,9.74224,2224.4,7.70769,0.0872034,0.0413893
1891,RL,3,Light Heavy,-0.00213814,Low,0,Low,0,9.76124,2229.16,7.70983,0.0872256,0.0413852
1892,RL,3,Light Heavy,0.00246859,Low,0,Low,0,9.73194,2223.66,7.70736,0.0871301,0.041381
1893,RL,3,Light Heavy,0.00354004,Low,0,Low,0,9.69819,2215.8,7.70382,0.0870684,0.0413769
1894,RL,3,Light Heavy,-0.000295639,Low,0,Low,0,9.70513,2216.46,7.70412,0.087051,0.0413728
1895,RL,3,Light Heavy,-0.00298357,Low,0,Low,0,9.73742,2223.08,7.7071,0.0872087,0.0413686
1896,RL,3,Light Heavy,0.00245667,Low,0,Low,0,9.70673,2217.62,7.70464,0.087064,0.0413645
1897,RL,3,Light Heavy,-0.00289011,Low,0,Low,0,9.74001,2224.04,7.70753,0.087243,0.0413604
1898,RL,3,Light Heavy,0.00230885,Low,0,Low,0,9.71406,2218.91,7.70522,0.0871094,0.0413562
1899,RL,3,Light Heavy,-0.003757,Low,0,Low,0,9.74165,2227.27,7.70898,0.0870057,0.0413521
1900,RL,3,Light Heavy,0.00428867,Low,0,Low,0,9.70646,2217.73,7.70469,0.0869372,0.041348
1901,RL,3,Light Heavy,-0.00120878,Low,0,Low,0,9.71402,2220.42,7.7059,0.0872116,0.0413438
1902,RL,3,Light Heavy,-0.00049448,Low,0,Low,0,9.71568,2221.52,7.7064,0.0869473,0.0413397
1903,RL,3,Light Heavy,-0.00239611,Low,0,Low,0,9.75132,2226.85,7.70879,0.0873973,0.0413356
1904,RL,3,Light Heavy,-0.00130892,Low,0,Low,0,9.75965,2229.77,7.7101,0.0871021,0.0413314
1905,RL,3,Light Heavy,0.00107193,Low,0,Low,0,9.75111,2227.38,7.70903,0.0873052,0.0413273
1906,RL,3,Light Heavy,0.00107193,Low,0,Low,0,9.74002,2224.99,7.70796,0.087133,0.0413232
1907,RL,3,Light Heavy,-0.00132895,Low,0,Low,0,9.74965,2227.95,7.70929,0.0871697,0.041319
1908,RL,3,Light Heavy,0.00541496,Low,0,Low,0,9.7034,2215.91,7.70387,0.0871533,0.0413149
1909,RL,3,Light Heavy,-0.00208235,Low,0,Low,0,9.71587,2220.53,7.70595,0.087037,0.0413108
1910,RL,3,Light Heavy,-0.00322628,Low,0,Low,0,9.75744,2227.71,7.70918,0.0874161,0.0413066
1911,RL,3,Light Heavy,0.00247526,Low,0,Low,0,9.72159,2222.2,7.7067,0.0870882,0.0413025
1912,RL,3,Light Heavy,-0.00494623,Low,0,Low,0,9.77173,2233.23,7.71165,0.0873409,0.0412984
1913,RL,3,Light Heavy,0.00419569,Low,0,Low,0,9.73432,2223.87,7.70745,0.0871846,0.0412942
1914,RL,3,Light Heavy,8.72612e-05,Low,0,Low,0,9.73234,2223.68,7.70737,0.0871494,0.0412901
1915,RL,3,Light Heavy,-0.00119209,Low,0,Low,0,9.74619,2226.33,7.70856,0.0872796,0.041286
1916,RL,3,Light Heavy,-0.000490665,Low,0,Low,0,9.75409,2227.42,7.70905,0.0872343,0.0412819
1917,RL,3,Light Heavy,0.00244665,Low,0,Low,0,9.72558,2221.98,7.7066,0.0869888,0.0412777
1918,RL,3,Light Heavy,-0.00255203,Low,0,Low,0,9.74803,2227.66,7.70916,0.086997,0.0412736
1919,RL,3,Light Heavy,-0.00381136,Low,0,Low,0,9.78382,2236.17,7.71297,0.0872844,0.0412695
1920,RL,3,Light Heavy,0.0103517,Low,0,Low,0,9.68529,2213.13,7.70261,0.0867245,0.0412653
1921,RL,3,Light Heavy,-0.00188923,Low,0,Low,0,9.70356,2217.32,7.7045,0.0870317,0.0412612
1922,RL,3,Light Heavy,-0.00401258,Low,0,Low,0,9.74662,2226.24,7.70852,0.0871615,0.0412571
1923,RL,3,Light Heavy,0.000310421,Low,0,Low,0,9.73815,2225.54,7.70821,0.0872748,0.041253
1924,RL,3,Light Heavy,0.00232172,Low,0,Low,0,9.71784,2220.38,7.70588,0.0870259,0.0412488
1925,RL,3,Light Heavy,-0.0038228,Low,0,Low,0,9.75993,2228.89,7.70971,0.0874841,0.0412447
1926,RL,3,Light Heavy,0.00295305,Low,0,Low,0,9.72762,2222.31,7.70675,0.0873399,0.0412406
1927,RL,3,Light Heavy,0.00039196,Low,0,Low,0,9.72851,2221.44,7.70636,0.0869203,0.0412365
1928,RL,3,Light Heavy,0.00449419,Low,0,Low,0,9.6792,2211.48,7.70187,0.0869276,0.0412323
1929,RL,3,Light Heavy,-0.00455713,Low,0,Low,0,9.72029,2221.58,7.70643,0.0870177,0.0412282
1930,RL,3,Light Heavy,-0.00198364,Low,0,Low,0,9.73596,2226,7.70841,0.0870915,0.0412241
1931,RL,3,Light Heavy,0.0011034,Low,0,Low,0,9.73083,2223.54,7.70731,0.0870703,0.04122
1932,RL,3,Light Heavy,-0.00270224,Low,0,Low,0,9.76019,2229.56,7.71001,0.0872454,0.0412159
1933,RL,3,Light Heavy,0.00323725,Low,0,Low,0,9.7287,2222.35,7.70677,0.0870833,0.0412117
1934,RL,3,Light Heavy,-0.0020771,Low,0,Low,0,9.75173,2226.97,7.70885,0.0871856,0.0412076
1935,RL,3,Light Heavy,0.00192356,Low,0,Low,0,9.72888,2222.69,7.70692,0.0869647,0.0412035
1936,RL,3,Light Heavy,-0.00358009,Low,0,Low,0,9.76453,2230.67,7.7105,0.0871653,0.0411994
1937,RL,3,Light Heavy,0.00191069,Low,0,Low,0,9.74567,2226.41,7.70859,0.087188,0.0411953
1938,RL,3,Light Heavy,-0.00136328,Low,0,Low,0,9.75227,2229.45,7.70996,0.0871909,0.0411911
1939,RL,3,Light Heavy,0.00390434,Low,0,Low,0,9.71993,2220.75,7.70605,0.0871359,0.041187
1940,RL,3,Light Heavy,0.000150204,Low,0,Low,0,9.72528,2220.42,7.7059,0.0870149,0.0411829
1941,RL,3,Light Heavy,-0.00537777,Low,0,Low,0,9.77216,2232.4,7.71128,0.0872627,0.0411788
1942,RL,3,Light Heavy,0.00521564,Low,0,Low,0,9.72033,2220.78,7.70606,0.0872545,0.0411747
1943,RL,3,Light Heavy,-0.00401688,Low,0,Low,0,9.76488,2229.72,7.71008,0.0873071,0.0411705
1944,RL,3,Light Heavy,0.00509167,Low,0,Low,0,9.71114,2218.39,7.70499,0.0872102,0.0411664
1945,RL,3,Light Heavy,-0.00128937,Low,0,Low,0,9.72089,2221.26,7.70628,0.0869715,0.0411623
1946,RL,3,Light Heavy,-0.000718117,Low,0,Low,0,9.72862,2222.85,7.707,0.0872073,0.0411582
1947,RL,3,Light Heavy,0.00136328,Low,0,Low,0,9.71828,2219.82,7.70563,0.0872275,0.0411541
1948,RL,3,Light Heavy,-0.00634289,Low,0,Low,0,9.78137,2233.96,7.71198,0.0872704,0.04115
1949,RL,3,Light Heavy,0.00640297,Low,0,Low,0,9.71669,2219.69,7.70557,0.0870602,0.0411458
1950,RL,3,Light Heavy,-0.00186729,Low,0,Low,0,9.72836,2223.84,7.70744,0.0869951,0.0411417
1951,RL,3,Light Heavy,0.00187874,Low,0,Low,0,9.71543,2219.67,7.70556,0.0871383,0.0411376
1952,RL,3,Light Heavy,-0.00104332,Low,0,Low,0,9.72333,2221.98,7.70661,0.0872044,0.0411335
1953,RL,3,BSDF Heavy,-0.000680923,Low,0,Low,0,9.7318,2223.5,7.70729,0.0871938,0.0411294
1954,RL,3,Light Heavy,0.000969887,Low,0,Low,0,9.73172,2221.34,7.70632,0.089632,0.0411253
1955,RL,3,Light Heavy,-0.00272131,Low,0,Low,0,9.75114,2227.4,7.70904,0.0871427,0.0411212
1956,RL,3,BSDF Heavy,0.00176668,Low,0,Low,0,9.72489,2223.46,7.70727,0.0871904,0.0411171
1957,RL,3,Light Heavy,0.000581741,Low,0,Low,0,9.74007,2222.17,7.70669,0.0896253,0.0411129
1958,RL,3,Light Heavy,0.00421333,Low,0,Low,0,9.68834,2212.82,7.70248,0.0869623,0.0411088
1959,RL,3,Light Heavy,-0.00471163,Low,0,Low,0,9.73084,2223.28,7.70719,0.087148,0.0411047
1960,RL,3,Light Heavy,7.34329e-05,Low,0,Low,0,9.73323,2223.11,7.70711,0.0871971,0.0411006
1961,RL,3,Light Heavy,-0.000577927,Low,0,Low,0,9.73815,2224.4,7.70769,0.0871942,0.0410965
1962,RL,3,Light Heavy,-0.000182629,Low,0,Low,0,9.74076,2224.81,7.70787,0.0869932,0.0410924
1963,RL,3,Light Heavy,0.000183105,Low,0,Low,0,9.73042,2224.4,7.70769,0.0868779,0.0410883
1964,RL,3,Light Heavy,0.00172997,Low,0,Low,0,9.72553,2220.55,7.70596,0.0870968,0.0410842
1965,RL,3,Balanced,-0.00650167,Low,0,Low,0,9.77968,2235.04,7.71246,0.0874093,0.0410801
1966,RL,3,Light Heavy,0.00390625,Low,0,Low,0,9.75062,2226.33,7.70856,0.0905401,0.041076
1967,RL,3,Balanced,0.00164223,Low,0,Low,0,9.72804,2222.67,7.70691,0.0870303,0.0410719
1968,RL,3,Balanced,-0.00115871,Low,0,Low,0,9.74355,2225.25,7.70807,0.0906694,0.0410677
1969,RL,3,Balanced,0.00170422,Low,0,Low,0,9.73111,2221.46,7.70637,0.0904094,0.0410636
1970,RL,3,Balanced,-7.58171e-05,Low,0,Low,0,9.73404,2221.63,7.70645,0.0902744,0.0410595
1971,RL,3,Balanced,0.00424528,Low,0,Low,0,9.6809,2212.21,7.7022,0.0899233,0.0410554
1972,RL,3,Balanced,-0.00603342,Low,0,Low,0,9.73763,2225.61,7.70823,0.0902667,0.0410513
1973,RL,3,Balanced,-0.000658035,Low,0,Low,0,9.75146,2227.07,7.70889,0.0903303,0.0410472
1974,RL,3,Balanced,-0.0012455,Low,0,Low,0,9.76368,2229.85,7.71014,0.0905488,0.0410431
1975,RL,3,Balanced,0.00410414,Low,0,Low,0,9.7275,2220.71,7.70603,0.0901707,0.041039
1976,RL,3,Balanced,0.00239325,Low,0,Low,0,9.70471,2215.4,7.70364,0.0902802,0.0410349
1977,RL,3,Balanced,-0.00118256,Low,0,Low,0,9.71487,2218.02,7.70482,0.0902889,0.0410308
1978,RL,3,Balanced,-0.00261641,Low,0,Low,0,9.73616,2223.84,7.70744,0.0904422,0.0410267
1979,RL,3,Balanced,-0.00216007,Low,0,Low,0,9.76135,2228.65,7.7096,0.0905994,0.0410226
1980,RL,3,Balanced,0.00633907,Low,0,Low,0,9.69671,2214.56,7.70326,0.0900096,0.0410185
1981,RL,3,Balanced,-0.00197268,Low,0,Low,0,9.71904,2218.93,7.70523,0.0902561,0.0410144
1982,RL,3,Balanced,-0.000516415,Low,0,Low,0,9.7198,2220.08,7.70575,0.0900974,0.0410103
1983,RL,3,Balanced,-0.00126123,Low,0,Low,0,9.73508,2222.88,7.70701,0.0904331,0.0410062
1984,RL,3,Light Heavy,0.00371504,Low,0,Low,0,9.69233,2214.64,7.70329,0.0899831,0.0410021
1985,RL,3,Balanced,0.000719547,Low,0,Low,0,9.69132,2213.04,7.70258,0.0870587,0.040998
1986,RL,3,Light Heavy,-0.00546265,Low,0,Low,0,9.74365,2225.17,7.70804,0.0903279,0.0409939
1987,RL,3,Light Heavy,0.00363064,Low,0,Low,0,9.70266,2217.1,7.70441,0.0869522,0.0409898
1988,RL,3,Balanced,-0.00603056,Low,0,Low,0,9.76756,2230.52,7.71044,0.0873582,0.0409857
1989,RL,3,Balanced,0.00118542,Low,0,Low,0,9.75008,2227.88,7.70925,0.0905305,0.0409816
1990,RL,3,Balanced,0.000865936,Low,0,Low,0,9.75458,2225.95,7.70839,0.090461,0.0409775
1991,RL,3,Balanced,0.00211477,Low,0,Low,0,9.72853,2221.24,7.70627,0.0905324,0.0409734
1992,RL,3,Balanced,-0.00481653,Low,0,Low,0,9.7756,2231.97,7.71109,0.0906129,0.0409693
1993,RL,3,Balanced,0.003757,Low,0,Low,0,9.73158,2223.6,7.70733,0.0903564,0.0409652
1994,RL,3,Balanced,-0.00137806,Low,0,Low,0,9.7521,2226.66,7.70871,0.0904244,0.0409611
1995,RL,3,Balanced,-0.000126362,Low,0,Low,0,9.75562,2226.95,7.70884,0.0904596,0.040957
1996,RL,3,Balanced,0.000117779,Low,0,Low,0,9.75414,2226.68,7.70872,0.0905464,0.0409529
1997,RL,3,Balanced,0.0024519,Low,0,Low,0,9.71984,2221.23,7.70627,0.0902315,0.0409488
1998,RL,3,Balanced,0.000452042,Low,0,Low,0,9.71899,2220.22,7.70581,0.0902865,0.0409447
1999,RL,3,Balanced,0.000171185,Low,0,Low,0,9.71881,2219.84,7.70564,0.090177,0.0409406
2000,RL,3,Balanced,0.00128651,Low,0,Low,0,9.71025,2216.99,7.70436,0.0903877,0.0409365
2001,RL,3,Balanced,-0.00142574,Low,0,Low,0,9.72411,2220.15,7.70578,0.0902638,0.0409324
2002,RL,3,Balanced,-0.00513506,Low,0,Low,0,9.77269,2231.59,7.71092,0.090556,0.0409284
2003,RL,3,Balanced,0.00498199,Low,0,Low,0,9.72385,2220.49,7.70594,0.0903009,0.0409243
2004,RL,3,Balanced,-0.00277948,Low,0,Low,0,9.74995,2226.68,7.70871,0.0904307,0.0409202
2005,RL,3,Balanced,0.00371027,Low,0,Low,0,9.71066,2218.43,7.705,0.0902628,0.0409161
2006,RL,3,Balanced,-0.00325823,Low,0,Low,0,9.74407,2225.67,7.70826,0.0901823,0.040912
2007,RL,3,Balanced,0.00289917,Low,0,Low,0,9.71864,2219.22,7.70536,0.0902652,0.0409079
2008,RL,3,Balanced,-0.00523186,Low,0,Low,0,9.76483,2230.87,7.7106,0.0903583,0.0409038
2009,RL,3,Balanced,-0.000209808,Low,0,Low,0,9.77629,2231.34,7.7108,0.0903704,0.0408997
2010,RL,3,Balanced,-0.000153065,Low,0,Low,0,9.77975,2231.68,7.71096,0.0904581,0.0408956
2011,RL,3,Balanced,0.00467682,Low,0,Low,0,9.73071,2221.26,7.70628,0.0904972,0.0408915
2012,RL,3,Balanced,0.00265217,Low,0,Low,0,9.70516,2215.38,7.70363,0.0904437,0.0408874
2013,RL,3,Balanced,-0.00251198,Low,0,Low,0,9.72954,2220.95,7.70614,0.0903916,0.0408834
2014,RL,3,Balanced,0.00431061,Low,0,Low,0,9.68445,2211.39,7.70183,0.0902204,0.0408793
2015,RL,3,Balanced,-0.0056963,Low,0,Low,0,9.73835,2224.03,7.70753,0.0903728,0.0408752
2016,RL,3,Balanced,0.000139713,Low,0,Low,0,9.73769,2223.72,7.70739,0.0902792,0.0408711
2017,RL,3,Balanced,0.00312757,Low,0,Low,0,9.70607,2216.77,7.70426,0.0900241,0.040867
2018,RL,3,Balanced,-0.00467682,Low,0,Low,0,9.75424,2227.17,7.70894,0.0905252,0.0408629
2019,RL,3,Balanced,0.00330019,Low,0,Low,0,9.72448,2219.83,7.70564,0.0903501,0.0408588
2020,RL,3,BSDF Heavy,-0.000343323,Low,0,Low,0,9.72729,2220.59,7.70598,0.0903352,0.0408547
2021,RL,3,Balanced,-0.00212574,Low,0,Low,0,9.75289,2225.32,7.70811,0.0897507,0.0408507
2022,RL,3,Balanced,-0.00389624,Low,0,Low,0,9.78446,2234.01,7.712,0.090462,0.0408466
2023,RL,3,Balanced,0.00352621,Low,0,Low,0,9.75045,2226.14,7.70848,0.0904499,0.0408425
2024,RL,3,Balanced,0.00210142,Low,0,Low,0,9.73231,2221.47,7.70637,0.0903458,0.0408384
2025,RL,3,Balanced,-0.00505161,Low,0,Low,0,9.78062,2232.72,7.71143,0.0904678,0.0408343
2026,RL,3,Balanced,0.00487804,Low,0,Low,0,9.73384,2221.85,7.70655,0.0905242,0.0408302
2027,RL,3,Balanced,-0.00161028,Low,0,Low,0,9.74485,2225.44,7.70816,0.0904162,0.0408262
2028,RL,3,Balanced,0.00287914,Low,0,Low,0,9.71937,2219.04,7.70528,0.0902324,0.0408221
2029,RL,3,Balanced,0.000745296,Low,0,Low,0,9.71117,2217.38,7.70453,0.0903149,0.040818
2030,RL,3,Balanced,-0.00397587,Low,0,Low,0,9.74007,2226.22,7.70851,0.0903916,0.0408139
2031,RL,3,Balanced,0.00151634,Low,0,Low,0,9.7364,2222.84,7.70699,0.0904606,0.0408098
2032,RL,3,Balanced,0.0050292,Low,0,Low,0,9.68799,2211.69,7.70196,0.0902045,0.0408058
2033,RL,3,Balanced,-0.00742865,Low,0,Low,0,9.75572,2228.19,7.70939,0.0904958,0.0408017
2034,RL,3,Balanced,0.00376081,Low,0,Low,0,9.72338,2219.82,7.70563,0.0905715,0.0407976
2035,RL,3,Balanced,-0.00335217,Low,0,Low,0,9.7519,2227.28,7.70898,0.0904784,0.0407935
2036,RL,3,Balanced,-0.00187063,Low,0,Low,0,9.77008,2231.45,7.71085,0.0905657,0.0407894
2037,RL,3,Balanced,0.000342846,Low,0,Low,0,9.76682,2230.68,7.71051,0.090463,0.0407854
2038,RL,3,Balanced,0.00430918,Low,0,Low,0,9.71871,2221.09,7.7062,0.0902932,0.0407813
2039,RL,3,Balanced,-0.00226355,Low,0,Low,0,9.74873,2226.12,7.70847,0.0903656,0.0407772
2040,RL,3,Balanced,0.00242376,Low,0,Low,0,9.72561,2220.73,7.70604,0.0904104,0.0407731
2041,RL,3,Balanced,-0.00209856,Low,0,Low,0,9.74578,2225.4,7.70814,0.0903077,0.040769
2042,RL,3,Balanced,0.00517273,Low,0,Low,0,9.69249,2213.91,7.70297,0.090216,0.040765
2043,RL,3,Balanced,-0.00743961,Low,0,Low,0,9.76776,2230.45,7.71041,0.0905999,0.0407609
2044,RL,3,Balanced,-0.00170374,Low,0,Low,0,9.78277,2234.26,7.71211,0.0904977,0.0407568
2045,RL,3,Balanced,0.00444651,Low,0,Low,0,9.74071,2224.34,7.70766,0.0902305,0.0407527
2046,RL,3,Balanced,-0.00254393,Low,0,Low,0,9.76269,2230.01,7.71021,0.0904234,0.0407487
2047,RL,3,Balanced,0.00222206,Low,0,Low,0,9.74578,2225.06,7.70799,0.09038,0.0407446
2048,RL,3,Balanced,-0.000496864,Low,0,Low,0,9.7457,2226.16,7.70848,0.0905802,0.0407405
2049,RL,3,Balanced,0.000915527,Low,0,Low,0,9.7359,2224.12,7.70757,0.0901601,0.0407364
2050,RL,3,Balanced,-0.00163364,Low,0,Low,0,9.75522,2227.76,7.7092,0.0906014,0.0407324
2051,RL,3,Balanced,0.00350285,Low,0,Low,0,9.72457,2219.97,7.7057,0.0903101,0.0407283
2052,RL,3,Balanced,-0.00248337,Low,0,Low,0,9.7413,2225.49,7.70818,0.0903569,0.0407242
2053,RL,3,Balanced,-0.000404835,Low,0,Low,0,9.74379,2226.39,7.70859,0.0902262,0.0407201
2054,RL,3,Balanced,0.00364876,Low,0,Low,0,9.71406,2218.28,7.70494,0.0902146,0.0407161
2055,RL,3,Balanced,-0.000208378,Low,0,Low,0,9.70792,2218.74,7.70515,0.0902725,0.040712
2056,RL,3,Balanced,-0.00175905,Low,0,Low,0,9.73401,2222.65,7.70691,0.0903057,0.0407079
2057,RL,3,Balanced,-0.000320435,Low,0,Low,0,9.73283,2223.36,7.70723,0.0904355,0.0407039
2058,RL,3,Balanced,-0.00413609,Low,0,Low,0,9.77524,2232.58,7.71136,0.0904726,0.0406998
2059,RL,3,Balanced,0.00446224,Low,0,Low,0,9.73253,2222.64,7.7069,0.0904538,0.0406957
2060,RL,3,Balanced,0.000681877,Low,0,Low,0,9.7245,2221.12,7.70622,0.0900627,0.0406917
2061,RL,3,Balanced,-0.00173998,Low,0,Low,0,9.73622,2224.99,7.70796,0.0904032,0.0406876
2062,RL,3,Balanced,-9.01222e-05,Low,0,Low,0,9.74144,2225.19,7.70805,0.0902537,0.0406835
2063,RL,3,Balanced,0.00374508,Low,0,Low,0,9.70992,2216.87,7.7043,0.0902054,0.0406795
2064,RL,3,Balanced,-0.00544882,Low,0,Low,0,9.75892,2228.99,7.70975,0.0906096,0.0406754
2065,RL,3,Balanced,0.00332355,Low,0,Low,0,9.72533,2221.59,7.70643,0.0902681,0.0406713
2066,RL,3,Balanced,0.00331974,Low,0,Low,0,9.69439,2214.22,7.70311,0.0901191,0.0406672
2067,RL,3,Balanced,-0.00782251,Low,0,Low,0,9.77527,2231.62,7.71093,0.0905777,0.0406632
2068,RL,3,Balanced,0.00314045,Low,0,Low,0,9.73637,2224.62,7.70779,0.0901495,0.0406591
2069,RL,3,Balanced,-0.000278473,Low,0,Low,0,9.74059,2225.24,7.70807,0.0902257,0.040655
2070,RL,3,Balanced,0.000494003,Low,0,Low,0,9.73574,2224.14,7.70757,0.0903385,0.040651
2071,RL,3,Balanced,0.00199795,Low,0,Low,0,9.72662,2219.7,7.70558,0.0902725,0.0406469
2072,RL,3,Balanced,0.00117254,Low,0,Low,0,9.70383,2217.1,7.7044,0.0903569,0.0406429
2073,RL,3,Light Heavy,-0.0099206,Low,0,Low,0,9.81044,2239.21,7.71432,0.0906539,0.0406388
2074,RL,3,Light Heavy,0.00619125,Low,0,Low,0,9.7374,2225.38,7.70813,0.0870621,0.0406347
2075,RL,3,Light Heavy,-0.00194263,Low,0,Low,0,9.76055,2229.71,7.71008,0.0870534,0.0406307
2076,RL,3,Light Heavy,0.00439501,Low,0,Low,0,9.71426,2219.93,7.70568,0.0870279,0.0406266
2077,RL,3,Light Heavy,-0.002285,Low,0,Low,0,9.73857,2225.01,7.70797,0.087173,0.0406225
2078,RL,3,Light Heavy,-0.00141335,Low,0,Low,0,9.74973,2228.16,7.70938,0.0871827,0.0406185
2079,RL,3,Light Heavy,0.00366163,Low,0,Low,0,9.7212,2220.01,7.70572,0.0871046,0.0406144
2080,RL,3,Light Heavy,0.00250769,Low,0,Low,0,9.68774,2214.45,7.70321,0.0869415,0.0406104
2081,RL,3,Light Heavy,-0.00266409,Low,0,Low,0,9.72099,2220.36,7.70587,0.0872087,0.0406063
2082,RL,3,Light Heavy,-0.00477171,Low,0,Low,0,9.7648,2230.98,7.71065,0.0872044,0.0406022
2083,RL,3,Light Heavy,-0.00290823,Low,0,Low,0,9.79205,2237.48,7.71355,0.0872912,0.0405982
2084,RL,3,Light Heavy,0.00597811,Low,0,Low,0,9.72956,2224.14,7.70758,0.0869025,0.0405941
2085,RL,3,Light Heavy,0.000294209,Low,0,Low,0,9.7394,2223.49,7.70728,0.0872608,0.0405901
2086,RL,3,Light Heavy,-0.00286341,Low,0,Low,0,9.75449,2229.87,7.71015,0.0870057,0.040586
2087,RL,3,Light Heavy,0.000452995,Low,0,Low,0,9.75535,2228.86,7.70969,0.0872304,0.0405819
2088,RL,3,Light Heavy,0.00349236,Low,0,Low,0,9.71898,2221.08,7.7062,0.0869647,0.0405779
2089,RL,3,Light Heavy,0.00229788,Low,0,Low,0,9.69712,2215.98,7.7039,0.0869382,0.0405738
2090,RL,3,Light Heavy,0.00234461,Low,0,Low,0,9.67295,2210.79,7.70156,0.0869285,0.0405698
2091,RL,3,Light Heavy,-0.00334787,Low,0,Low,0,9.71175,2218.21,7.70491,0.0872015,0.0405657
2092,RL,3,Light Heavy,-0.00321913,Low,0,Low,0,9.74161,2225.36,7.70812,0.087241,0.0405616
2093,RL,3,Light Heavy,0.00654268,Low,0,Low,0,9.67897,2210.84,7.70158,0.0869623,0.0405576
2094,RL,3,Light Heavy,-0.00810194,Low,0,Low,0,9.76013,2228.84,7.70968,0.0873568,0.0405535
2095,RL,3,Light Heavy,-0.000440598,Low,0,Low,0,9.75349,2229.82,7.71012,0.0872034,0.0405495
2096,RL,3,Light Heavy,0.00561476,Low,0,Low,0,9.70276,2217.33,7.70451,0.0869415,0.0405454
2097,RL,3,Light Heavy,-0.00399399,Low,0,Low,0,9.74736,2226.21,7.7085,0.0873288,0.0405414
2098,RL,3,Light Heavy,-0.00062561,Low,0,Low,0,9.74258,2227.6,7.70913,0.0872126,0.0405373
2099,RL,3,Light Heavy,0.00174332,Low,0,Low,0,9.72718,2223.72,7.70739,0.0870607,0.0405333
2100,RL,3,Light Heavy,8.4877e-05,Low,0,Low,0,9.73019,2223.53,7.7073,0.0872685,0.0405292
2101,RL,3,Light Heavy,-0.000587463,Low,0,Low,0,9.74312,2224.84,7.70789,0.0872155,0.0405252
2102,RL,3,Light Heavy,-0.0016613,Low,0,Low,0,9.75325,2228.54,7.70955,0.0872058,0.0405211
2103,RL,3,Light Heavy,0.000262737,Low,0,Low,0,9.74936,2227.95,7.70929,0.0871214,0.0405171
2104,RL,3,Light Heavy,-0.00278378,Low,0,Low,0,9.7838,2234.17,7.71207,0.0873384,0.040513
2105,RL,3,Light Heavy,0.00322437,Low,0,Low,0,9.74364,2226.97,7.70885,0.0873274,0.040509
2106,RL,3,Balanced,0.00165176,Low,0,Low,0,9.731,2223.29,7.70719,0.0871422,0.0405049
2107,RL,3,Light Heavy,-0.000232697,Low,0,Low,0,9.72814,2223.81,7.70743,0.0900723,0.0405009
2108,RL,3,Light Heavy,0.00192881,Low,0,Low,0,9.71956,2219.52,7.7055,0.0871581,0.0404968
2109,RL,3,Light Heavy,-0.00283957,Low,0,Low,0,9.74589,2225.84,7.70834,0.0872762,0.0404928
2110,RL,3,Light Heavy,0.00498915,Low,0,Low,0,9.69178,2214.76,7.70335,0.0869247,0.0404887
2111,RL,3,Light Heavy,-0.00362635,Low,0,Low,0,9.733,2222.81,7.70698,0.0872188,0.0404847
2112,RL,3,Light Heavy,-0.00229549,Low,0,Low,0,9.74266,2227.92,7.70927,0.0869772,0.0404806
2113,RL,3,Light Heavy,-0.0024786,Low,0,Low,0,9.77385,2233.45,7.71175,0.0872608,0.0404766
2114,RL,3,Light Heavy,0.00307465,Low,0,Low,0,9.74556,2226.59,7.70867,0.0873722,0.0404725
2115,RL,3,Light Heavy,0.00794792,Low,0,Low,0,9.66564,2208.95,7.70073,0.0868142,0.0404685
2116,RL,3,Light Heavy,-0.00709391,Low,0,Low,0,9.73752,2224.69,7.70782,0.0870964,0.0404644
2117,RL,3,Light Heavy,0.00192881,Low,0,Low,0,9.71858,2220.4,7.70589,0.087078,0.0404604
2118,RL,3,Light Heavy,-0.00084877,Low,0,Low,0,9.72871,2222.28,7.70674,0.0870467,0.0404563
2119,RL,3,Light Heavy,0.000546932,Low,0,Low,0,9.72562,2221.07,7.70619,0.0872579,0.0404523
2120,RL,3,Light Heavy,-0.0042944,Low,0,Low,0,9.75917,2230.63,7.71049,0.0871253,0.0404482
2121,RL,3,Light Heavy,-0.00185537,Low,0,Low,0,9.77474,2234.78,7.71234,0.0873818,0.0404442
2122,RL,3,Light Heavy,0.00212717,Low,0,Low,0,9.75945,2230.03,7.71022,0.087269,0.0404401
2123,RL,3,Light Heavy,0.0042901,Low,0,Low,0,9.7157,2220.47,7.70593,0.0871195,0.0404361
2124,RL,3,Light Heavy,-0.000422001,Low,0,Low,0,9.72101,2221.41,7.70635,0.0869956,0.0404321
2125,RL,3,Light Heavy,-0.00351858,Low,0,Low,0,9.75505,2229.25,7.70987,0.0872348,0.040428
2126,RL,3,Light Heavy,0.00399446,Low,0,Low,0,9.71819,2220.35,7.70587,0.0871267,0.040424
2127,RL,3,Light Heavy,-0.00565577,Low,0,Low,0,9.7683,2232.95,7.71153,0.0872005,0.0404199
2128,RL,3,Light Heavy,0.00458908,Low,0,Low,0,9.72713,2222.73,7.70694,0.0870404,0.0404159
2129,RL,3,Light Heavy,0.000911236,Low,0,Low,0,9.72502,2220.7,7.70603,0.087242,0.0404118
2130,RL,3,Light Heavy,0.00104618,Low,0,Low,0,9.71451,2218.38,7.70498,0.087134,0.0404078
2131,RL,3,Light Heavy,-0.0043807,Low,0,Low,0,9.7546,2228.12,7.70936,0.087338,0.0404038
2132,RL,3,Light Heavy,-0.00293922,Low,0,Low,0,9.78172,2234.68,7.7123,0.0872516,0.0403997
2133,RL,3,Light Heavy,0.00143385,Low,0,Low,0,9.76541,2231.48,7.71087,0.0871836,0.0403957
2134,RL,3,Light Heavy,9.67979e-05,Low,0,Low,0,9.76217,2231.26,7.71077,0.087187,0.0403917
2135,RL,3,Light Heavy,0.00303936,Low,0,Low,0,9.73886,2224.49,7.70773,0.0870915,0.0403876
2136,RL,3,BSDF Heavy,0.00201559,Low,0,Low,0,9.71263,2220.01,7.70572,0.0872184,0.0403836
2137,RL,3,Light Heavy,-0.00488758,Low,0,Low,0,9.77,2230.89,7.7106,0.0898235,0.0403795
2138,RL,3,Light Heavy,0.00614786,Low,0,Low,0,9.7055,2217.21,7.70446,0.0870838,0.0403755
2139,RL,3,Light Heavy,-0.00335455,Low,0,Low,0,9.73917,2224.66,7.70781,0.0871692,0.0403715
2140,RL,3,Light Heavy,-4.00543e-05,Low,0,Low,0,9.74228,2224.75,7.70785,0.0871156,0.0403674
2141,RL,3,Light Heavy,-0.000294209,Low,0,Low,0,9.74446,2225.41,7.70814,0.0873032,0.0403634
2142,RL,3,Light Heavy,0.00700188,Low,0,Low,0,9.66739,2209.87,7.70114,0.086971,0.0403593
2143,RL,3,Light Heavy,-0.00894403,Low,0,Low,0,9.75636,2229.74,7.71009,0.0871388,0.0403553
2144,RL,3,Light Heavy,-0.000458241,Low,0,Low,0,9.76616,2230.76,7.71055,0.0872463,0.0403513
2145,RL,3,Light Heavy,0.00334072,Low,0,Low,0,9.72866,2223.31,7.7072,0.0870607,0.0403472
2146,RL,3,Light Heavy,-0.00268888,Low,0,Low,0,9.75204,2229.3,7.70989,0.0870814,0.0403432
2147,RL,3,Light Heavy,0.00194836,Low,0,Low,0,9.7437,2224.96,7.70794,0.087079,0.0403392
2148,RL,3,Light Heavy,-0.0030303,Low,0,Low,0,9.76762,2231.72,7.71098,0.0869932,0.0403351
2149,RL,3,Light Heavy,0.00275898,Low,0,Low,0,9.74255,2225.57,7.70822,0.087066,0.0403311
2150,RL,3,Light Heavy,0.00013113,Low,0,Low,0,9.73637,2225.27,7.70809,0.086929,0.0403271
2151,RL,3,Light Heavy,0.00253201,Low,0,Low,0,9.71516,2219.65,7.70555,0.0871383,0.040323
2152,RL,3,Light Heavy,-0.000387669,Low,0,Low,0,9.71805,2220.51,7.70594,0.0870935,0.040319
2153,RL,3,Light Heavy,0.000345707,Low,0,Low,0,9.72155,2219.74,7.7056,0.0871489,0.040315
2154,RL,3,Light Heavy,-0.00318766,Low,0,Low,0,9.75175,2226.83,7.70878,0.087105,0.0403109
2155,RL,3,Light Heavy,0.000162601,Low,0,Low,0,9.74597,2226.47,7.70862,0.08727,0.0403069
2156,RL,3,Light Heavy,0.00103664,Low,0,Low,0,9.734,2224.16,7.70758,0.0870621,0.0403029
2157,RL,3,Light Heavy,0.00059557,Low,0,Low,0,9.72632,2222.83,7.70699,0.0871359,0.0402989
2158,RL,3,Light Heavy,0.00269556,Low,0,Low,0,9.69866,2216.85,7.70429,0.0867448,0.0402948
2159,RL,3,Light Heavy,-0.00611544,Low,0,Low,0,9.76399,2230.45,7.71041,0.0872092,0.0402908
2160,RL,3,Light Heavy,0.00509357,Low,0,Low,0,9.71906,2219.12,7.70531,0.0871046,0.0402868
2161,RL,3,Light Heavy,-0.000299454,Low,0,Low,0,9.70958,2219.78,7.70561,0.0870857,0.0402827
2162,RL,3,Light Heavy,0.000391006,Low,0,Low,0,9.70944,2218.91,7.70522,0.0869256,0.0402787
2163,RL,3,Light Heavy,-0.00133324,Low,0,Low,0,9.7217,2221.87,7.70656,0.0871036,0.0402747
2164,RL,3,Light Heavy,0.00055933,Low,0,Low,0,9.71796,2220.63,7.706,0.0871118,0.0402707
2165,RL,3,Light Heavy,-0.00313854,Low,0,Low,0,9.75082,2227.61,7.70914,0.087188,0.0402666
2166,RL,3,Light Heavy,0.00206995,Low,0,Low,0,9.72924,2223.01,7.70707,0.0872208,0.0402626
2167,RL,3,Light Heavy,0.00201559,Low,0,Low,0,9.71706,2218.53,7.70505,0.0873013,0.0402586
2168,RL,3,Light Heavy,-0.00119734,Low,0,Low,0,9.71968,2221.19,7.70625,0.0870057,0.0402545
2169,RL,3,Light Heavy,-0.00214958,Low,0,Low,0,9.74319,2225.97,7.7084,0.0871735,0.0402505
2170,RL,3,Light Heavy,0.00516987,Low,0,Low,0,9.68709,2214.49,7.70323,0.0869637,0.0402465
2171,RL,3,Light Heavy,-0.00190544,Low,0,Low,0,9.70154,2218.71,7.70513,0.0867814,0.0402425
2172,RL,3,Light Heavy,0.000338554,Low,0,Low,0,9.70519,2217.96,7.70479,0.08689,0.0402385
2173,RL,3,Light Heavy,-0.00186157,Low,0,Low,0,9.7277,2222.09,7.70666,0.0872487,0.0402344
2174,RL,3,Light Heavy,-0.00143337,Low,0,Low,0,9.73987,2225.28,7.70809,0.087255,0.0402304
2175,RL,3,Light Heavy,0.0013361,Low,0,Low,0,9.73099,2222.31,7.70675,0.087255,0.0402264
2176,RL,3,Light Heavy,-6.67572e-06,Low,0,Low,0,9.73067,2222.32,7.70676,0.087078,0.0402224
2177,RL,3,Light Heavy,0.00491571,Low,0,Low,0,9.67946,2211.42,7.70184,0.0870867,0.0402183
2178,RL,3,Light Heavy,-0.00558662,Low,0,Low,0,9.72554,2223.82,7.70743,0.0870288,0.0402143
2179,RL,3,Light Heavy,-0.000211716,Low,0,Low,0,9.73159,2224.29,7.70764,0.0869739,0.0402103
2180,RL,3,Light Heavy,-0.00460625,Low,0,Low,0,9.78443,2234.56,7.71225,0.0874416,0.0402063
2181,RL,3,Light Heavy,0.00174665,Low,0,Low,0,9.76453,2230.66,7.7105,0.0872859,0.0402023
2182,RL,3,Light Heavy,-0.0019145,Low,0,Low,0,9.77595,2234.94,7.71242,0.0871668,0.0401982
2183,RL,3,Light Heavy,0.00452375,Low,0,Low,0,9.74067,2224.85,7.70789,0.0871258,0.0401942
2184,RL,3,Light Heavy,-0.00160456,Low,0,Low,0,9.75443,2228.42,7.7095,0.0871942,0.0401902
2185,RL,3,Light Heavy,0.00285578,Low,0,Low,0,9.72133,2222.06,7.70664,0.0870843,0.0401862
2186,RL,3,Light Heavy,0.00127697,Low,0,Low,0,9.70757,2219.23,7.70536,0.0869266,0.0401822
2187,RL,3,Light Heavy,-0.000425816,Low,0,Low,0,9.71974,2220.17,7.70579,0.0869965,0.0401781
2188,RL,3,Light Heavy,-0.00410128,Low,0,Low,0,9.75319,2229.3,7.70989,0.0871508,0.0401741
2189,RL,3,Light Heavy,0.00510931,Low,0,Low,0,9.70639,2217.93,7.70478,0.0869252,0.0401701
2190,RL,3,Light Heavy,-0.00279188,Low,0,Low,0,9.73272,2224.14,7.70757,0.0871079,0.0401661
2191,RL,3,Light Heavy,0.00179148,Low,0,Low,0,9.71751,2220.15,7.70578,0.0872955,0.0401621
2192,RL,3,Light Heavy,-0.0011692,Low,0,Low,0,9.72856,2222.75,7.70695,0.087268,0.0401581
2193,RL,3,Light Heavy,0.00125313,Low,0,Low,0,9.71588,2219.97,7.7057,0.0868157,0.040154
2194,RL,3,Light Heavy,-0.00856829,Low,0,Low,0,9.80446,2239.08,7.71427,0.0873254,0.04015
2195,RL,3,Light Heavy,0.00452137,Low,0,Low,0,9.75455,2228.97,7.70974,0.0872208,0.040146
2196,RL,3,Light Heavy,0.00103807,Low,0,Low,0,9.7507,2226.66,7.70871,0.0872304,0.040142
2197,RL,3,Light Heavy,-0.00112009,Low,0,Low,0,9.75569,2229.16,7.70983,0.0873336,0.040138
2198,RL,3,Light Heavy,0.00809383,Low,0,Low,0,9.68423,2211.18,7.70173,0.0871552,0.040134
2199,RL,3,Light Heavy,-0.00494814,Low,0,Low,0,9.71929,2222.15,7.70668,0.0870042,0.04013
2200,RL,3,Light Heavy,0.00477505,Low,0,Low,0,9.68305,2211.56,7.70191,0.0868181,0.0401259
2201,RL,3,Light Heavy,-0.00733757,Low,0,Low,0,9.75019,2227.86,7.70924,0.0872179,0.0401219
2202,RL,3,Light Heavy,0.00123692,Low,0,Low,0,9.73266,2225.1,7.70801,0.0869594,0.0401179
2203,RL,3,Light Heavy,0.00193119,Low,0,Low,0,9.71922,2220.81,7.70608,0.0871017,0.0401139
2204,RL,3,Light Heavy,-0.00214958,Low,0,Low,0,9.74155,2225.59,7.70823,0.0871962,0.0401099
2205,RL,3,Light Heavy,0.00104713,Low,0,Low,0,9.7288,2223.26,7.70718,0.0870949,0.0401059
2206,RL,3,Light Heavy,7.9155e-05,Low,0,Low,0,9.73403,2223.08,7.7071,0.0871595,0.0401019
2207,RL,3,Light Heavy,-0.00340319,Low,0,Low,0,9.76127,2230.66,7.7105,0.0870732,0.0400979
2208,RL,3,Light Heavy,0.00384474,Low,0,Low,0,9.7278,2222.1,7.70666,0.0871489,0.0400939
2209,RL,3,Light Heavy,-0.000573158,Low,0,Low,0,9.73353,2223.37,7.70723,0.0872111,0.0400898
2210,RL,3,Light Heavy,-0.000175953,Low,0,Low,0,9.73567,2223.77,7.70741,0.0873645,0.0400858
2211,RL,3,Light Heavy,0.000992775,Low,0,Low,0,9.71904,2221.56,7.70641,0.0869141,0.0400818
2212,RL,3,Light Heavy,6.67572e-06,Low,0,Low,0,9.72174,2221.54,7.70641,0.0870149,0.0400778
2213,RL,3,Light Heavy,-0.00427246,Low,0,Low,0,9.76395,2231.06,7.71068,0.0873394,0.0400738
2214,RL,3,Balanced,0.00584126,Low,0,Low,0,9.70867,2218.06,7.70484,0.0872396,0.0400698
2215,RL,3,Light Heavy,-0.00101471,Low,0,Low,0,9.72282,2220.31,7.70585,0.0904779,0.0400658
2216,RL,3,Light Heavy,-0.00264931,Low,0,Low,0,9.74634,2226.2,7.7085,0.0871258,0.0400618
2217,RL,3,Light Heavy,0.00100946,Low,0,Low,0,9.72832,2223.96,7.70749,0.0870655,0.0400578
2218,RL,3,Light Heavy,-0.00272989,Low,0,Low,0,9.75939,2230.04,7.71022,0.0870592,0.0400538
2219,RL,3,Light Heavy,0.007586,Low,0,Low,0,9.68414,2213.18,7.70264,0.0868085,0.0400498
2220,RL,3,Light Heavy,-0.00783157,Low,0,Low,0,9.77011,2230.59,7.71047,0.0874836,0.0400458
2221,RL,3,Light Heavy,0.00353336,Low,0,Low,0,9.73303,2222.72,7.70693,0.0872762,0.0400418
2222,RL,3,Light Heavy,-0.000814915,Low,0,Low,0,9.7347,2224.53,7.70775,0.0872251,0.0400378
2223,RL,3,Light Heavy,0.00284815,Low,0,Low,0,9.7048,2218.2,7.7049,0.0871523,0.0400338
2224,RL,3,Light Heavy,-0.00563669,Low,0,Low,0,9.76647,2230.74,7.71054,0.0873982,0.0400298
2225,RL,3,BSDF Heavy,0.00646019,Low,0,Low,0,9.695,2216.37,7.70408,0.0871547,0.0400258
2226,RL,3,Light Heavy,-0.00638676,Low,0,Low,0,9.76729,2230.58,7.71046,0.0897333,0.0400217
2227,RL,3,Light Heavy,0.00442648,Low,0,Low,0,9.72279,2220.72,7.70604,0.0871754,0.0400177
2228,RL,3,Light Heavy,0.000775814,Low,0,Low,0,9.72015,2219,7.70526,0.0871933,0.0400137
2229,RL,3,Light Heavy,-0.0025816,Low,0,Low,0,9.73911,2224.74,7.70784,0.0871817,0.0400097
2230,RL,3,Light Heavy,-0.00048399,Low,0,Low,0,9.74422,2225.82,7.70833,0.0873761,0.0400057
2231,RL,3,Light Heavy,-0.00179052,Low,0,Low,0,9.75888,2229.81,7.71012,0.0869763,0.0400017
2232,RL,3,Light Heavy,0.00776434,Low,0,Low,0,9.681,2212.55,7.70235,0.0870597,0.0399977
2233,RL,3,Light Heavy,-0.00304794,Low,0,Low,0,9.72157,2219.31,7.7054,0.0871214,0.0399937
2234,RL,3,Light Heavy,-0.00420618,Low,0,Low,0,9.7569,2228.67,7.70961,0.0874228,0.0399897
2235,RL,3,Light Heavy,-0.00227833,Low,0,Low,0,9.77853,2233.76,7.71189,0.0873418,0.0399857
2236,RL,3,Light Heavy,0.00614309,Low,0,Low,0,9.72063,2220.07,7.70574,0.0871759,0.0399817
2237,RL,3,Light Heavy,0.00023222,Low,0,Low,0,9.71123,2219.55,7.70551,0.0870722,0.0399778
2238,RL,3,Light Heavy,0.00303364,Low,0,Low,0,9.68059,2212.83,7.70248,0.0867419,0.0399738
2239,RL,3,Light Heavy,-0.00670958,Low,0,Low,0,9.74953,2227.73,7.70919,0.0873375,0.0399698
2240,RL,3,Light Heavy,0.0037365,Low,0,Low,0,9.70637,2219.42,7.70545,0.0868654,0.0399658
2241,RL,3,Light Heavy,-0.00251198,Low,0,Low,0,9.73379,2225,7.70796,0.0870062,0.0399618
2242,RL,3,Light Heavy,-0.00372171,Low,0,Low,0,9.77209,2233.3,7.71168,0.0873481,0.0399578
2243,RL,3,Light Heavy,0.000553131,Low,0,Low,0,9.77102,2232.07,7.71113,0.0872198,0.0399538
2244,RL,3,Light Heavy,-0.0025425,Low,0,Low,0,9.7964,2237.75,7.71367,0.0875318,0.0399498
2245,RL,3,Light Heavy,0.00489426,Low,0,Low,0,9.74573,2226.82,7.70878,0.0872999,0.0399458
2246,RL,3,Light Heavy,-0.00256586,Low,0,Low,0,9.77051,2232.55,7.71135,0.0873481,0.0399418
2247,RL,3,Light Heavy,0.00213242,Low,0,Low,0,9.74753,2227.79,7.70921,0.0871697,0.0399378
2248,RL,3,Light Heavy,-0.000178814,Low,0,Low,0,9.75004,2228.19,7.70939,0.0872343,0.0399338
2249,RL,3,Light Heavy,0.000959873,Low,0,Low,0,9.74847,2226.05,7.70843,0.0874248,0.0399298
2250,RL,3,Light Heavy,0.0027709,Low,0,Low,0,9.72145,2219.89,7.70566,0.0871822,0.0399258
2251,RL,3,Light Heavy,-0.00521421,Low,0,Low,0,9.77223,2231.5,7.71088,0.0872063,0.0399218
2252,RL,3,Light Heavy,-0.00173426,Low,0,Low,0,9.78268,2235.37,7.71261,0.0873818,0.0399178
2253,RL,3,Light Heavy,0.00598431,Low,0,Low,0,9.72284,2222.03,7.70663,0.0871156,0.0399138
2254,RL,3,Light Heavy,-0.00376797,Low,0,Low,0,9.77186,2230.42,7.71039,0.0873915,0.0399098
2255,RL,3,Light Heavy,0.0030241,Low,0,Low,0,9.73628,2223.68,7.70737,0.0872671,0.0399059
2256,RL,3,Light Heavy,-0.000113964,Low,0,Low,0,9.73777,2223.94,7.70748,0.0873852,0.0399019
2257,RL,3,Light Heavy,0.000305653,Low,0,Low,0,9.72753,2223.26,7.70718,0.0870737,0.0398979
2258,RL,3,Light Heavy,-0.00037384,Low,0,Low,0,9.73333,2224.09,7.70755,0.0871658,0.0398939
2259,RL,3,Light Heavy,-0.00162125,Low,0,Low,0,9.75118,2227.7,7.70917,0.0872512,0.0398899
2260,RL,3,Light Heavy,0.00226927,Low,0,Low,0,9.72869,2222.65,7.7069,0.0870718,0.0398859
2261,RL,3,Light Heavy,0.00184774,Low,0,Low,0,9.71683,2218.54,7.70506,0.087187,0.0398819
2262,RL,3,Light Heavy,-0.00578833,Low,0,Low,0,9.76758,2231.43,7.71084,0.0873654,0.0398779
2263,RL,3,Light Heavy,7.10487e-05,Low,0,Low,0,9.76653,2231.27,7.71077,0.087295,0.0398739
2264,RL,3,Light Heavy,-0.00118303,Low,0,Low,0,9.77999,2233.91,7.71196,0.0872878,0.03987
2265,RL,3,Light Heavy,0.000768185,Low,0,Low,0,9.76845,2232.19,7.71119,0.0871267,0.039866
2266,RL,3,Light Heavy,0.0044384,Low,0,Low,0,9.72399,2222.3,7.70675,0.0870341,0.039862
2267,RL,3,Light Heavy,0.000607967,Low,0,Low,0,9.72333,2220.95,7.70614,0.0872733,0.039858
2268,RL,3,Light Heavy,-0.00426054,Low,0,Low,0,9.7602,2230.44,7.7104,0.0871904,0.039854
2269,RL,3,Light Heavy,0.000951767,Low,0,Low,0,9.75196,2228.32,7.70945,0.0871846,0.03985
2270,RL,3,Light Heavy,0.00560284,Low,0,Low,0,9.70019,2215.86,7.70385,0.087011,0.039846
2271,RL,3,Light Heavy,-0.00628614,Low,0,Low,0,9.76418,2229.84,7.71013,0.0873674,0.0398421
2272,RL,3,Light Heavy,0.0079484,Low,0,Low,0,9.68341,2212.18,7.70219,0.0870563,0.0398381
2273,RL,3,Light Heavy,-0.0108113,Low,0,Low,0,9.78787,2236.24,7.713,0.0873582,0.0398341
2274,RL,3,Light Heavy,0.0067935,Low,0,Low,0,9.72238,2221.09,7.7062,0.0871224,0.0398301
2275,RL,3,Light Heavy,0.000817299,Low,0,Low,0,9.71669,2219.27,7.70539,0.0872487,0.0398261
2276,RL,3,Light Heavy,-0.00370264,Low,0,Low,0,9.74925,2227.51,7.70909,0.0870612,0.0398221
2277,RL,3,Light Heavy,0.00645065,Low,0,Low,0,9.68844,2213.18,7.70264,0.086889,0.0398182
2278,RL,3,Light Heavy,-0.00818729,Low,0,Low,0,9.76956,2231.38,7.71082,0.0872685,0.0398142
2279,RL,3,Light Heavy,0.00568581,Low,0,Low,0,9.71142,2218.73,7.70514,0.0869589,0.0398102
2280,RL,3,Light Heavy,-0.000729084,Low,0,Low,0,9.71764,2220.34,7.70587,0.0868248,0.0398062
2281,RL,3,Light Heavy,-0.00512171,Low,0,Low,0,9.76302,2231.75,7.71099,0.0870867,0.0398022
2282,RL,3,Light Heavy,0.00349379,Low,0,Low,0,9.73314,2223.96,7.7075,0.0871803,0.0397983
2283,RL,3,Light Heavy,9.15527e-05,Low,0,Low,0,9.7358,2223.76,7.7074,0.0870187,0.0397943
2284,RL,3,Light Heavy,-0.00531626,Low,0,Low,0,9.78878,2235.62,7.71272,0.0873327,0.0397903
2285,RL,3,Light Heavy,0.00676298,Low,0,Low,0,9.71564,2220.54,7.70596,0.0872266,0.0397863
2286,RL,3,Light Heavy,-0.000620365,Low,0,Low,0,9.72513,2221.92,7.70658,0.086997,0.0397823
2287,RL,3,Light Heavy,-0.00303364,Low,0,Low,0,9.75619,2228.68,7.70961,0.0871422,0.0397784
2288,RL,3,Light Heavy,0.00824404,Low,0,Low,0,9.66444,2210.37,7.70137,0.0868379,0.0397744
2289,RL,3,Light Heavy,-0.0120053,Low,0,Low,0,9.78798,2237.08,7.71337,0.0873442,0.0397704
2290,RL,3,Light Heavy,0.00721693,Low,0,Low,0,9.72483,2220.99,7.70616,0.0871364,0.0397664
2291,RL,3,Light Heavy,0.000671387,Low,0,Low,0,9.705,2219.49,7.70548,0.0869223,0.0397624
2292,RL,3,Light Heavy,-0.0049386,Low,0,Low,0,9.76667,2230.49,7.71042,0.0873659,0.0397585
2293,RL,3,Light Heavy,0.00354528,Low,0,Low,0,9.72877,2222.59,7.70688,0.0870563,0.0397545
2294,RL,3,Light Heavy,-0.00171995,Low,0,Low,0,9.74819,2226.42,7.7086,0.0873389,0.0397505
2295,RL,3,Light Heavy,-8.67844e-05,Low,0,Low,0,9.74419,2226.61,7.70868,0.0869777,0.0397465
2296,RL,3,Light Heavy,0.00301027,Low,0,Low,0,9.71954,2219.92,7.70567,0.0870322,0.0397426
2297,RL,3,Light Heavy,-0.00134563,Low,0,Low,0,9.72998,2222.91,7.70702,0.0872449,0.0397386
2298,RL,3,Light Heavy,0.00033474,Low,0,Low,0,9.72458,2222.16,7.70669,0.087146,0.0397346
2299,RL,3,Light Heavy,-0.00305986,Low,0,Low,0,9.75968,2228.97,7.70975,0.087364,0.0397307
2300,RL,3,Light Heavy,0.0012722,Low,0,Low,0,9.74296,2226.14,7.70847,0.0872941,0.0397267
2301,RL,3,Light Heavy,0.00133085,Low,0,Low,0,9.73273,2223.18,7.70714,0.0872459,0.0397227
2302,RL,3,Light Heavy,-0.000379086,Low,0,Low,0,9.73496,2224.02,7.70752,0.0872459,0.0397187
2303,RL,3,Light Heavy,0.000422478,Low,0,Low,0,9.72783,2223.08,7.7071,0.0871171,0.0397148
2304,RL,3,Light Heavy,0.0012455,Low,0,Low,0,9.71787,2220.31,7.70585,0.0869748,0.0397108
2305,RL,3,Light Heavy,0.00368309,Low,0,Low,0,9.68489,2212.15,7.70217,0.086848,0.0397068
2306,RL,3,Light Heavy,-0.00623655,Low,0,Low,0,9.74143,2225.99,7.70841,0.0871793,0.0397029
2307,RL,3,Light Heavy,0.000238419,Low,0,Low,0,9.74047,2225.46,7.70817,0.0870944,0.0396989
2308,RL,3,Light Heavy,0.000650883,Low,0,Low,0,9.72996,2224.01,7.70752,0.0871465,0.0396949
2309,RL,3,Light Heavy,-0.00233698,Low,0,Low,0,9.75178,2229.22,7.70985,0.0871422,0.0396909
2310,RL,3,Light Heavy,0.00769186,Low,0,Low,0,9.68178,2212.13,7.70216,0.0869194,0.039687
2311,RL,3,Light Heavy,-0.00307512,Low,0,Low,0,9.71425,2218.95,7.70524,0.0871996,0.039683
2312,RL,3,Light Heavy,-0.00511217,Low,0,Low,0,9.77028,2230.32,7.71035,0.0871957,0.039679
2313,RL,3,Light Heavy,0.00194502,Low,0,Low,0,9.74982,2225.99,7.70841,0.0874701,0.0396751
2314,RL,3,Light Heavy,0.00295877,Low,0,Low,0,9.71599,2219.41,7.70545,0.0873206,0.0396711
2315,RL,3,Light Heavy,-0.00308657,Low,0,Low,0,9.7447,2226.27,7.70853,0.0869666,0.0396671
2316,RL,3,Light Heavy,0.00316906,Low,0,Low,0,9.71803,2219.22,7.70536,0.0869695,0.0396632
2317,RL,3,Light Heavy,-0.000827789,Low,0,Low,0,9.72536,2221.06,7.70619,0.0872415,0.0396592
2318,RL,3,Light Heavy,0.00067997,Low,0,Low,0,9.71184,2219.55,7.70551,0.0872068,0.0396552
2319,RL,3,Light Heavy,-0.00330114,Low,0,Low,0,9.74315,2226.9,7.70881,0.0873872,0.0396513
2320,RL,3,Light Heavy,-0.00334406,Low,0,Low,0,9.77643,2234.36,7.71216,0.0873872,0.0396473
2321,RL,3,Light Heavy,0.00534058,Low,0,Low,0,9.72543,2222.45,7.70682,0.0871349,0.0396433
2322,RL,3,Light Heavy,-0.000341415,Low,0,Low,0,9.72839,2223.21,7.70716,0.0870346,0.0396394
2323,RL,3,Light Heavy,-0.00282383,Low,0,Low,0,9.759,2229.5,7.70998,0.0872574,0.0396354
2324,RL,3,Light Heavy,0.000490189,Low,0,Low,0,9.75129,2228.41,7.70949,0.0871253,0.0396315
2325,RL,3,Light Heavy,0.000130177,Low,0,Low,0,9.75867,2228.12,7.70936,0.087309,0.0396275
2326,RL,3,Light Heavy,0.00108242,Low,0,Low,0,9.7408,2225.71,7.70828,0.0871889,0.0396235
2327,RL,3,Light Heavy,0.000388622,Low,0,Low,0,9.73991,2224.84,7.70789,0.0871687,0.0396196
2328,RL,3,Light Heavy,-0.00178528,Low,0,Low,0,9.75465,2228.82,7.70968,0.0871793,0.0396156
2329,RL,3,Light Heavy,0.00435257,Low,0,Low,0,9.71666,2219.13,7.70532,0.086997,0.0396116
2330,RL,3,Light Heavy,-0.00222826,Low,0,Low,0,9.73153,2224.09,7.70755,0.0871074,0.0396077
2331,RL,3,Light Heavy,0.00257444,Low,0,Low,0,9.7098,2218.36,7.70498,0.0869811,0.0396037
2332,RL,3,Light Heavy,-0.00484037,Low,0,Low,0,9.75797,2229.13,7.70982,0.0871475,0.0395998
2333,RL,3,Light Heavy,0.000348091,Low,0,Low,0,9.75152,2228.36,7.70947,0.0871055,0.0395958
2334,RL,3,Light Heavy,0.00438881,Low,0,Low,0,9.71381,2218.6,7.70508,0.0872203,0.0395918
2335,RL,3,Light Heavy,-0.00108147,Low,0,Low,0,9.72767,2221,7.70616,0.0872946,0.0395879
2336,RL,3,Light Heavy,-0.00362968,Low,0,Low,0,9.75297,2229.08,7.70979,0.0870867,0.0395839
2337,RL,3,Light Heavy,0.00173426,Low,0,Low,0,9.73528,2225.21,7.70806,0.0871759,0.03958
2338,RL,3,Light Heavy,-0.00226068,Low,0,Low,0,9.76117,2230.25,7.71032,0.0872676,0.039576
2339,RL,3,Light Heavy,-0.00186396,Low,0,Low,0,9.79031,2234.41,7.71218,0.0874904,0.039572
2340,RL,3,Light Heavy,0.00123501,Low,0,Low,0,9.76707,2231.65,7.71095,0.0870867,0.0395681
2341,RL,3,BSDF Heavy,0.000613213,Low,0,Low,0,9.76289,2230.29,7.71033,0.0870809,0.0395641
2342,RL,3,Light Heavy,0.000881672,Low,0,Low,0,9.76094,2228.32,7.70945,0.0898693,0.0395602
2343,RL,3,Light Heavy,-0.00167751,Low,0,Low,0,9.7701,2232.06,7.71113,0.0871663,0.0395562
2344,RL,3,Light Heavy,0.00457954,Low,0,Low,0,9.72282,2221.86,7.70655,0.086767,0.0395523
2345,RL,3,Light Heavy,-0.000349522,Low,0,Low,0,9.73599,2222.64,7.7069,0.0873978,0.0395483
2346,RL,3,Light Heavy,-0.000844479,Low,0,Low,0,9.73176,2224.52,7.70774,0.0872063,0.0395444
2347,RL,3,Light Heavy,-0.00332785,Low,0,Low,0,9.77243,2231.93,7.71107,0.0874334,0.0395404
2348,RL,3,Light Heavy,0.00411654,Low,0,Low,0,9.72615,2222.76,7.70695,0.0870901,0.0395365
2349,RL,3,Light Heavy,0.000817299,Low,0,Low,0,9.72205,2220.94,7.70614,0.0869633,0.0395325
2350,RL,3,Light Heavy,-0.00141954,Low,0,Low,0,9.74218,2224.1,7.70756,0.0871658,0.0395285
2351,RL,3,Light Heavy,-0.00292873,Low,0,Low,0,9.76471,2230.63,7.71049,0.0874359,0.0395246
2352,RL,3,Light Heavy,0.00716019,Low,0,Low,0,9.69075,2214.7,7.70333,0.0869478,0.0395206
2353,RL,3,Light Heavy,-0.00547504,Low,0,Low,0,9.74768,2226.87,7.7088,0.0872883,0.0395167
2354,RL,3,Light Heavy,0.00309849,Low,0,Low,0,9.71957,2219.98,7.7057,0.086942,0.0395127
2355,RL,3,Light Heavy,-0.00388432,Low,0,Low,0,9.75233,2228.62,7.70959,0.0870636,0.0395088
2356,RL,3,Light Heavy,0.000725269,Low,0,Low,0,9.7471,2227,7.70886,0.0871383,0.0395048
2357,RL,3,Light Heavy,-0.000991821,Low,0,Low,0,9.7618,2229.21,7.70985,0.0871055,0.0395009
2358,RL,3,Light Heavy,0.000948906,Low,0,Low,0,9.74777,2227.1,7.7089,0.0872208,0.0394969
2359,RL,3,Light Heavy,0.00557518,Low,0,Low,0,9.6917,2214.71,7.70333,0.0869903,0.039493
2360,RL,3,Light Heavy,-0.0056386,Low,0,Low,0,9.74438,2227.24,7.70897,0.0872102,0.039489
2361,RL,3,Light Heavy,0.00054121,Low,0,Low,0,9.74722,2226.03,7.70843,0.0873413,0.0394851
2362,RL,3,Light Heavy,-0.00246429,Low,0,Low,0,9.76913,2231.53,7.71089,0.0873216,0.0394811
2363,RL,3,Light Heavy,-0.000413895,Low,0,Low,0,9.77217,2232.45,7.7113,0.0873597,0.0394772
2364,RL,3,Light Heavy,0.00255632,Low,0,Low,0,9.74497,2226.75,7.70875,0.0869787,0.0394732
2365,RL,3,Light Heavy,-0.00377321,Low,0,Low,0,9.77999,2235.17,7.71252,0.087174,0.0394693
2366,RL,3,Light Heavy,0.00270319,Low,0,Low,0,9.75841,2229.14,7.70982,0.0870597,0.0394653
2367,RL,3,Light Heavy,-0.000582695,Low,0,Low,0,9.75991,2230.44,7.7104,0.087079,0.0394614
2368,RL,3,Light Heavy,0.00403357,Low,0,Low,0,9.72424,2221.45,7.70637,0.0869965,0.0394575
2369,RL,3,Light Heavy,-0.00781059,Low,0,Low,0,9.80512,2238.88,7.71418,0.0873389,0.0394535
2370,RL,3,Light Heavy,0.00388193,Low,0,Low,0,9.76049,2230.2,7.7103,0.0871754,0.0394496
2371,RL,3,Light Heavy,0.00333214,Low,0,Low,0,9.73493,2222.78,7.70696,0.0871436,0.0394456
2372,RL,3,Light Heavy,-0.00306511,Low,0,Low,0,9.75402,2229.61,7.71003,0.0872733,0.0394417
2373,RL,3,Light Heavy,0.00416517,Low,0,Low,0,9.7136,2220.34,7.70586,0.0870872,0.0394377
2374,RL,3,Light Heavy,0.00277376,Low,0,Low,0,9.68752,2214.18,7.70309,0.0869334,0.0394338
2375,RL,3,Light Heavy,-0.00349283,Low,0,Low,0,9.72145,2221.93,7.70658,0.0870766,0.0394298
2376,RL,3,Light Heavy,-0.000771523,Low,0,Low,0,9.72903,2223.65,7.70735,0.0872483,0.0394259
2377,RL,3,Light Heavy,-0.000375271,Low,0,Low,0,9.74252,2224.48,7.70773,0.0870824,0.039422
2378,RL,3,Light Heavy,0.00129318,Low,0,Low,0,9.72736,2221.61,7.70644,0.0869252,0.039418
2379,RL,3,Light Heavy,-0.00323772,Low,0,Low,0,9.75591,2228.82,7.70967,0.0870771,0.0394141
2380,RL,3,Light Heavy,0.00418472,Low,0,Low,0,9.71146,2219.5,7.70549,0.0871181,0.0394101
2381,RL,3,Light Heavy,-0.00617409,Low,0,Low,0,9.77668,2233.26,7.71166,0.0872377,0.0394062
2382,RL,3,Light Heavy,-0.000247955,Low,0,Low,0,9.77971,2233.81,7.71191,0.0870771,0.0394023
2383,RL,3,Light Heavy,0.00214052,Low,0,Low,0,9.75368,2229.03,7.70977,0.0873283,0.0393983
2384,RL,3,Light Heavy,0.000940323,Low,0,Low,0,9.74355,2226.94,7.70883,0.0872193,0.0393944
2385,RL,3,Light Heavy,-0.00226736,Low,0,Low,0,9.76374,2231.99,7.7111,0.0872661,0.0393904
2386,RL,3,Light Heavy,-0.000216007,Low,0,Low,0,9.77863,2232.48,7.71131,0.0872246,0.0393865
2387,RL,3,Light Heavy,-0.000399113,Low,0,Low,0,9.77374,2233.37,7.71171,0.0871455,0.0393826
2388,RL,3,Light Heavy,0.00322008,Low,0,Low,0,9.7411,2226.18,7.70849,0.0871672,0.0393786
2389,RL,3,Light Heavy,0.000317574,Low,0,Low,0,9.74661,2225.48,7.70818,0.0871957,0.0393747
2390,RL,3,Light Heavy,-0.00306368,Low,0,Low,0,9.771,2232.31,7.71124,0.0873852,0.0393707
2391,RL,3,Light Heavy,0.00767279,Low,0,Low,0,9.69369,2215.24,7.70357,0.0869623,0.0393668
2392,RL,3,Light Heavy,-0.00320816,Low,0,Low,0,9.7271,2222.36,7.70677,0.0870684,0.0393629
2393,RL,3,Light Heavy,-0.000733852,Low,0,Low,0,9.72793,2223.99,7.70751,0.0872478,0.0393589
2394,RL,3,Light Heavy,0.00102615,Low,0,Low,0,9.73374,2221.71,7.70648,0.0873462,0.039355
2395,RL,3,Light Heavy,-0.00201035,Low,0,Low,0,9.73482,2226.18,7.70849,0.0871624,0.0393511
2396,RL,3,Light Heavy,0.00270319,Low,0,Low,0,9.71852,2220.17,7.70579,0.0870081,0.0393471
2397,RL,3,Light Heavy,-0.00454903,Low,0,Low,0,9.75702,2230.3,7.71034,0.0869512,0.0393432
2398,RL,3,Light Heavy,0.00419569,Low,0,Low,0,9.71888,2220.96,7.70614,0.0869362,0.0393393
2399,RL,3,Light Heavy,0.00167322,Low,0,Low,0,9.69807,2217.24,7.70447,0.0867622,0.0393353
2400,RL,3,Light Heavy,-0.00178766,Low,0,Low,0,9.71949,2221.21,7.70626,0.0871118,0.0393314
2401,RL,3,Light Heavy,-0.00257397,Low,0,Low,0,9.75228,2226.94,7.70883,0.0873216,0.0393275
2402,RL,3,Light Heavy,-0.00268698,Low,0,Low,0,9.77153,2232.93,7.71152,0.0872179,0.0393235
2403,RL,3,Light Heavy,-0.00124931,Low,0,Low,0,9.79236,2235.72,7.71277,0.0872965,0.0393196
2404,RL,3,Light Heavy,0.00430346,Low,0,Low,0,9.74807,2226.12,7.70846,0.0873997,0.0393157
2405,RL,3,Light Heavy,0.00340986,Low,0,Low,0,9.7167,2218.54,7.70505,0.0870313,0.0393117
2406,RL,3,Light Heavy,-0.00232792,Low,0,Low,0,9.74286,2223.71,7.70738,0.087336,0.0393078
2407,RL,3,Light Heavy,-0.00108051,Low,0,Low,0,9.73912,2226.12,7.70846,0.0868808,0.0393039
2408,RL,3,Light Heavy,0.0074482,Low,0,Low,0,9.66592,2209.59,7.70101,0.0869194,0.0392999
2409,RL,3,Light Heavy,-0.00930738,Low,0,Low,0,9.76869,2230.26,7.71032,0.0872579,0.039296
2410,RL,3,Light Heavy,0.00379992,Low,0,Low,0,9.72456,2221.8,7.70652,0.0868398,0.0392921
2411,RL,3,Light Heavy,0.00418568,Low,0,Low,0,9.68514,2212.51,7.70234,0.0868123,0.0392882
2412,RL,3,Light Heavy,-0.00562191,Low,0,Low,0,9.73971,2224.99,7.70796,0.0871349,0.0392842
2413,RL,3,Light Heavy,0.000581741,Low,0,Low,0,9.73268,2223.7,7.70738,0.0870848,0.0392803
2414,RL,3,Light Heavy,-0.00233126,Low,0,Low,0,9.75883,2228.89,7.70971,0.0871822,0.0392764
2415,RL,3,Light Heavy,0.00397873,Low,0,Low,0,9.72249,2220.04,7.70573,0.0871325,0.0392724
2416,RL,3,Light Heavy,-0.00420284,Low,0,Low,0,9.74952,2229.39,7.70993,0.086998,0.0392685
2417,RL,3,Light Heavy,-0.000751495,Low,0,Low,0,9.76176,2231.07,7.71068,0.0872155,0.0392646
2418,RL,3,Light Heavy,0.00152731,Low,0,Low,0,9.75286,2227.66,7.70916,0.0868885,0.0392607
2419,RL,3,Light Heavy,0.00396204,Low,0,Low,0,9.70866,2218.85,7.70519,0.0872092,0.0392567
2420,RL,3,Light Heavy,-0.00434828,Low,0,Low,0,9.75453,2228.52,7.70954,0.0871957,0.0392528
2421,RL,3,Light Heavy,0.0032959,Low,0,Low,0,9.72038,2221.19,7.70625,0.087093,0.0392489
2422,RL,3,Light Heavy,-0.00351286,Low,0,Low,0,9.75604,2229.01,7.70976,0.0871513,0.039245
2423,RL,3,Light Heavy,0.000562191,Low,0,Low,0,9.75663,2227.75,7.7092,0.0871812,0.039241
2424,RL,3,Light Heavy,0.00501537,Low,0,Low,0,9.70476,2216.6,7.70418,0.0871634,0.0392371
2425,RL,3,Light Heavy,-0.00415182,Low,0,Low,0,9.74507,2225.83,7.70833,0.0871711,0.0392332
2426,RL,3,Light Heavy,-0.0026598,Low,0,Low,0,9.76683,2231.76,7.71099,0.0872758,0.0392293
2427,RL,3,Light Heavy,0.0037775,Low,0,Low,0,9.72978,2223.34,7.70722,0.0872352,0.0392253
2428,RL,3,Light Heavy,-0.000833035,Low,0,Low,0,9.74544,2225.19,7.70805,0.0873529,0.0392214
2429,RL,3,Light Heavy,0.0035634,Low,0,Low,0,9.70452,2217.28,7.70449,0.0870394,0.0392175
2430,RL,3,Balanced,-0.000817776,Low,0,Low,0,9.71032,2219.09,7.7053,0.0868981,0.0392136
2431,RL,3,Light Heavy,-0.00555134,Low,0,Low,0,9.7764,2231.45,7.71085,0.0906496,0.0392097
2432,RL,3,Light Heavy,0.00594139,Low,0,Low,0,9.70316,2218.22,7.70491,0.0868909,0.0392057
2433,RL,3,Light Heavy,-0.00662899,Low,0,Low,0,9.77407,2232.99,7.71154,0.0874233,0.0392018
2434,RL,3,Light Heavy,0.00884914,Low,0,Low,0,9.68763,2213.3,7.70269,0.0870877,0.0391979
2435,RL,3,Light Heavy,-0.00555658,Low,0,Low,0,9.75277,2225.64,7.70825,0.0872444,0.039194
2436,RL,3,Light Heavy,-0.000627995,Low,0,Low,0,9.74632,2227.04,7.70888,0.087256,0.0391901
2437,RL,3,Light Heavy,0.00299406,Low,0,Low,0,9.72079,2220.38,7.70588,0.0870071,0.0391861
2438,RL,3,Light Heavy,-0.00548124,Low,0,Low,0,9.77241,2232.59,7.71136,0.0872724,0.0391822
2439,RL,3,Light Heavy,0.00231361,Low,0,Low,0,9.74962,2227.43,7.70905,0.0871108,0.0391783
2440,RL,3,Light Heavy,-0.00225496,Low,0,Low,0,9.77333,2232.46,7.71131,0.0873698,0.0391744
2441,RL,3,Light Heavy,0.00409412,Low,0,Low,0,9.72924,2223.33,7.70721,0.0871388,0.0391705
2442,RL,3,Light Heavy,0.00153589,Low,0,Low,0,9.71582,2219.92,7.70568,0.0870592,0.0391666
2443,RL,3,Light Heavy,0.00537729,Low,0,Low,0,9.6628,2208.01,7.7003,0.0867568,0.0391626
2444,RL,3,Light Heavy,-0.000527859,Low,0,Low,0,9.66985,2209.17,7.70083,0.0868128,0.0391587
2445,RL,3,Light Heavy,-0.00115585,Low,0,Low,0,9.68337,2211.73,7.70198,0.0869599,0.0391548
2446,RL,3,Light Heavy,-0.00399351,Low,0,Low,0,9.71805,2220.58,7.70598,0.086997,0.0391509
2447,RL,3,Light Heavy,-0.00414801,Low,0,Low,0,9.76591,2229.82,7.71012,0.0873139,0.039147
2448,RL,3,Light Heavy,0.00374365,Low,0,Low,0,9.71873,2221.48,7.70638,0.0870298,0.0391431
2449,RL,3,Light Heavy,-0.00323582,Low,0,Low,0,9.76089,2228.69,7.70962,0.0872073,0.0391391
2450,RL,3,Light Heavy,0.0020237,Low,0,Low,0,9.73727,2224.18,7.70759,0.0872483,0.0391352
2451,RL,3,Light Heavy,-0.000123024,Low,0,Low,0,9.73087,2224.45,7.70772,0.0872801,0.0391313
2452,RL,3,Light Heavy,-0.00082159,Low,0,Low,0,9.74704,2226.28,7.70854,0.0871971,0.0391274
2453,RL,3,Light Heavy,0.00156403,Low,0,Low,0,9.72727,2222.8,7.70697,0.087216,0.0391235
2454,RL,3,Light Heavy,0.00248384,Low,0,Low,0,9.70491,2217.28,7.70449,0.0870067,0.0391196
2455,RL,3,Light Heavy,-0.00482035,Low,0,Low,0,9.75294,2228,7.70931,0.0870713,0.0391157
2456,RL,3,Light Heavy,0.00365734,Low,0,Low,0,9.7142,2219.87,7.70565,0.0869989,0.0391118
2457,RL,3,Light Heavy,-0.00746393,Low,0,Low,0,9.78405,2236.5,7.71312,0.0871841,0.0391078
2458,RL,3,Light Heavy,0.00393343,Low,0,Low,0,9.75197,2227.72,7.70918,0.0873042,0.0391039
2459,RL,3,Light Heavy,0.00332403,Low,0,Low,0,9.71668,2220.32,7.70586,0.0870298,0.0391
2460,RL,3,Light Heavy,-0.00317812,Low,0,Low,0,9.74776,2227.39,7.70904,0.0870756,0.0390961
2461,RL,3,Light Heavy,-0.000817776,Low,0,Low,0,9.75601,2229.22,7.70985,0.0870674,0.0390922
2462,RL,3,Light Heavy,0.000734329,Low,0,Low,0,9.74544,2227.58,7.70912,0.0869415,0.0390883
2463,RL,3,Light Heavy,0.00540018,Low,0,Low,0,9.68991,2215.58,7.70372,0.0867776,0.0390844
2464,RL,3,Light Heavy,-0.00265884,Low,0,Low,0,9.72437,2221.48,7.70638,0.087159,0.0390805
2465,RL,3,Light Heavy,-0.00333166,Low,0,Low,0,9.75137,2228.9,7.70971,0.0870862,0.0390766
2466,RL,3,Light Heavy,0.00325298,Low,0,Low,0,9.72601,2221.66,7.70646,0.0870698,0.0390727
2467,RL,3,Light Heavy,-0.000483513,Low,0,Low,0,9.72564,2222.73,7.70694,0.087188,0.0390688
2468,RL,3,Light Heavy,0.00490856,Low,0,Low,0,9.6802,2211.84,7.70203,0.0869681,0.0390649
2469,RL,3,Light Heavy,-0.00411701,Low,0,Low,0,9.71964,2220.97,7.70615,0.0869932,0.0390609
2470,RL,3,Light Heavy,-5.19753e-05,Low,0,Low,0,9.72298,2221.09,7.7062,0.087133,0.039057
2471,RL,3,Light Heavy,-0.00138378,Low,0,Low,0,9.73452,2224.16,7.70759,0.0870284,0.0390531
2472,RL,3,Light Heavy,-0.00557804,Low,0,Low,0,9.78887,2236.61,7.71316,0.0874339,0.0390492
2473,RL,3,Light Heavy,0.00547075,Low,0,Low,0,9.72927,2224.4,7.70769,0.0870337,0.0390453
2474,RL,3,Light Heavy,0.00184155,Low,0,Low,0,9.72505,2220.31,7.70585,0.0872724,0.0390414
2475,RL,3,Light Heavy,0.00238466,Low,0,Low,0,9.69656,2215.02,7.70347,0.0868871,0.0390375
2476,RL,3,Light Heavy,-0.000222206,Low,0,Low,0,9.695,2215.51,7.70369,0.0869372,0.0390336
2477,RL,3,Light Heavy,-0.00650597,Low,0,Low,0,9.76373,2229.98,7.71019,0.0873235,0.0390297
2478,RL,3,Light Heavy,0.000997543,Low,0,Low,0,9.75188,2227.75,7.7092,0.0872671,0.0390258
2479,RL,3,Light Heavy,0.00215578,Low,0,Low,0,9.72669,2222.95,7.70704,0.0869975,0.0390219
2480,RL,3,Light Heavy,0.00299025,Low,0,Low,0,9.6983,2216.31,7.70405,0.0870216,0.039018
2481,RL,3,Light Heavy,-0.0105305,Low,0,Low,0,9.79636,2239.78,7.71458,0.0873809,0.0390141
2482,RL,3,Light Heavy,0.00457859,Low,0,Low,0,9.75761,2229.55,7.71,0.0869425,0.0390102
2483,RL,3,Light Heavy,0.00780535,Low,0,Low,0,9.68104,2212.21,7.7022,0.086833,0.0390063
2484,RL,3,Light Heavy,-0.00602531,Low,0,Low,0,9.74095,2225.58,7.70822,0.0871046,0.0390024
2485,RL,3,Light Heavy,0.00501728,Low,0,Low,0,9.69296,2214.44,7.70321,0.0870433,0.0389985
2486,RL,3,Light Heavy,-0.00817776,Low,0,Low,0,9.76435,2232.63,7.71138,0.0871224,0.0389946
2487,RL,3,Light Heavy,0.00317049,Low,0,Low,0,9.74284,2225.56,7.70821,0.0872801,0.0389907
2488,RL,3,Light Heavy,0.00283194,Low,0,Low,0,9.71867,2219.26,7.70538,0.0871716,0.0389868
2489,RL,3,Light Heavy,-0.00167561,Low,0,Low,0,9.73146,2222.99,7.70706,0.0872492,0.0389829
2490,RL,3,Light Heavy,0.00115871,Low,0,Low,0,9.71649,2220.41,7.7059,0.0871557,0.038979
2491,RL,3,Light Heavy,0.00289154,Low,0,Low,0,9.68273,2214,7.70301,0.0868543,0.0389751
2492,RL,3,Light Heavy,-0.00931025,Low,0,Low,0,9.7784,2234.72,7.71232,0.0874175,0.0389712
2493,RL,3,Light Heavy,0.00901508,Low,0,Low,0,9.68911,2214.65,7.7033,0.0869536,0.0389673
2494,RL,3,Light Heavy,-0.00289154,Low,0,Low,0,9.71916,2221.07,7.70619,0.0871021,0.0389634
2495,RL,3,Light Heavy,-0.000961781,Low,0,Low,0,9.72762,2223.21,7.70715,0.0870853,0.0389595
2496,RL,3,Light Heavy,-0.00314093,Low,0,Low,0,9.75733,2230.2,7.7103,0.0872627,0.0389556
2497,RL,3,Light Heavy,-0.00119209,Low,0,Low,0,9.77909,2232.86,7.71149,0.0873746,0.0389517
2498,RL,3,Light Heavy,0.00158834,Low,0,Low,0,9.76072,2229.32,7.7099,0.0873071,0.0389478
2499,RL,3,Light Heavy,6.58035e-05,Low,0,Low,0,9.75253,2229.17,7.70983,0.0871499,0.0389439
2500,RL,3,Light Heavy,-0.00138664,Low,0,Low,0,9.76497,2232.27,7.71122,0.0871306,0.03894
2501,RL,3,Light Heavy,0.00260401,Low,0,Low,0,9.74639,2226.46,7.70862,0.0872097,0.0389361
2502,RL,3,BSDF Heavy,-0.000436306,Low,0,Low,0,9.74018,2227.43,7.70905,0.0871185,0.0389323
2503,RL,3,Light Heavy,0.00211954,Low,0,Low,0,9.73475,2222.71,7.70693,0.089292,0.0389284
2504,RL,3,BSDF Heavy,-0.00271225,Low,0,Low,0,9.75272,2228.75,7.70965,0.0871518,0.0389245
2505,RL,3,Light Heavy,0.00700665,Low,0,Low,0,9.69801,2213.18,7.70264,0.0894777,0.0389206
2506,RL,3,BSDF Heavy,-0.00731039,Low,0,Low,0,9.75778,2229.43,7.70995,0.0870264,0.0389167
2507,RL,3,BSDF Heavy,0.00335026,Low,0,Low,0,9.72702,2221.97,7.7066,0.0893596,0.0389128
2508,RL,3,BSDF Heavy,-0.00184679,Low,0,Low,0,9.75561,2226.08,7.70845,0.0896764,0.0389089
2509,RL,3,BSDF Heavy,0.00112772,Low,0,Low,0,9.74643,2223.57,7.70732,0.0897603,0.038905
2510,RL,3,BSDF Heavy,-0.00188637,Low,0,Low,0,9.75949,2227.77,7.7092,0.089783,0.0389011
2511,RL,3,BSDF Heavy,0.00011158,Low,0,Low,0,9.75502,2227.52,7.70909,0.0896026,0.0388972
2512,RL,3,BSDF Heavy,0.0041256,Low,0,Low,0,9.71999,2218.34,7.70497,0.089197,0.0388933
2513,RL,3,BSDF Heavy,-0.00109243,Low,0,Low,0,9.73415,2220.77,7.70606,0.0896595,0.0388894
2514,RL,3,BSDF Heavy,-0.00596523,Low,0,Low,0,9.78224,2234.06,7.71202,0.0896639,0.0388856
2515,RL,3,BSDF Heavy,0.00390005,Low,0,Low,0,9.75171,2225.36,7.70812,0.0896865,0.0388817
2516,RL,3,BSDF Heavy,0.000597,Low,0,Low,0,9.7469,2224.03,7.70753,0.0895621,0.0388778
2517,RL,3,BSDF Heavy,-0.00106382,Low,0,Low,0,9.7532,2226.4,7.70859,0.0893769,0.0388739
2518,RL,3,BSDF Heavy,0.000473976,Low,0,Low,0,9.74744,2225.35,7.70812,0.0895853,0.03887
2519,RL,3,BSDF Heavy,0.00257778,Low,0,Low,0,9.72779,2219.62,7.70554,0.0897627,0.0388661
2520,RL,3,Balanced,0.00196075,Low,0,Low,0,9.70976,2215.27,7.70358,0.0893818,0.0388622
2521,RL,3,BSDF Heavy,-0.00332785,Low,0,Low,0,9.73182,2222.65,7.70691,0.090394,0.0388584
2522,RL,3,BSDF Heavy,-0.00217724,Low,0,Low,0,9.75612,2227.5,7.70908,0.0893856,0.0388545
2523,RL,3,BSDF Heavy,0.00403976,Low,0,Low,0,9.71734,2218.52,7.70504,0.08939,0.0388506
2524,RL,3,BSDF Heavy,-1.33514e-05,Low,0,Low,0,9.71933,2218.55,7.70506,0.0897642,0.0388467
2525,RL,3,BSDF Heavy,-0.00239754,Low,0,Low,0,9.74595,2223.87,7.70746,0.0896508,0.0388428
2526,RL,3,BSDF Heavy,0.00556707,Low,0,Low,0,9.69058,2211.52,7.70189,0.0892631,0.0388389
2527,RL,3,BSDF Heavy,-0.00217009,Low,0,Low,0,9.71319,2216.33,7.70406,0.0893977,0.038835
2528,RL,3,BSDF Heavy,-0.00605202,Low,0,Low,0,9.76555,2229.79,7.71011,0.0894724,0.0388312
2529,RL,3,BSDF Heavy,0.00272846,Low,0,Low,0,9.74286,2223.71,7.70738,0.0894999,0.0388273
2530,RL,3,BSDF Heavy,-0.000646591,Low,0,Low,0,9.75312,2225.15,7.70803,0.0893774,0.0388234
2531,RL,3,BSDF Heavy,0.00112009,Low,0,Low,0,9.73535,2222.66,7.70691,0.0893851,0.0388195
2532,RL,3,BSDF Heavy,-0.00255442,Low,0,Low,0,9.76166,2228.34,7.70946,0.0894353,0.0388156
2533,RL,3,BSDF Heavy,0.00598288,Low,0,Low,0,9.69936,2215.05,7.70348,0.0893519,0.0388118
2534,RL,3,BSDF Heavy,-0.00227928,Low,0,Low,0,9.72139,2220.1,7.70576,0.0895766,0.0388079
2535,RL,3,BSDF Heavy,-0.00406218,Low,0,Low,0,9.76282,2229.14,7.70982,0.0896065,0.038804
2536,RL,3,BSDF Heavy,-0.000271797,Low,0,Low,0,9.77091,2229.75,7.71009,0.0896205,0.0388001
2537,RL,3,BSDF Heavy,0.00391054,Low,0,Low,0,9.73128,2221.04,7.70618,0.0893818,0.0387962
2538,RL,3,BSDF Heavy,0.00177717,Low,0,Low,0,9.71796,2217.1,7.70441,0.0893031,0.0387923
2539,RL,3,BSDF Heavy,-0.00515985,Low,0,Low,0,9.76045,2228.57,7.70957,0.0896841,0.0387885
2540,RL,3,BSDF Heavy,0.00401402,Low,0,Low,0,9.72769,2219.64,7.70555,0.0896074,0.0387846
2541,RL,3,BSDF Heavy,-0.00273895,Low,0,Low,0,9.75344,2225.73,7.70829,0.0895313,0.0387807
2542,RL,3,BSDF Heavy,-0.00229692,Low,0,Low,0,9.7713,2230.85,7.71059,0.0896595,0.0387768
2543,RL,3,BSDF Heavy,0.00036478,Low,0,Low,0,9.77667,2230.04,7.71022,0.0898298,0.038773
2544,RL,3,BSDF Heavy,0.00511789,Low,0,Low,0,9.71806,2218.65,7.7051,0.0895988,0.0387691
2545,RL,3,BSDF Heavy,-0.00088501,Low,0,Low,0,9.72269,2220.61,7.70599,0.0895317,0.0387652
2546,RL,3,BSDF Heavy,0.00270319,Low,0,Low,0,9.69735,2214.62,7.70329,0.0893818,0.0387613
2547,RL,3,BSDF Heavy,-0.00674486,Low,0,Low,0,9.77011,2229.61,7.71003,0.0899334,0.0387575
2548,RL,3,BSDF Heavy,0.00213957,Low,0,Low,0,9.74394,2224.84,7.70789,0.0897569,0.0387536
2549,RL,3,BSDF Heavy,0.00165415,Low,0,Low,0,9.7341,2221.17,7.70624,0.089619,0.0387497
2550,RL,3,BSDF Heavy,-0.00359488,Low,0,Low,0,9.76384,2229.17,7.70983,0.0898505,0.0387458
2551,RL,3,BSDF Heavy,-0.00157309,Low,0,Low,0,9.78257,2232.68,7.71141,0.0897242,0.038742
2552,RL,3,BSDF Heavy,-0.000253677,Low,0,Low,0,9.78192,2233.25,7.71166,0.0896615,0.0387381
2553,RL,3,BSDF Heavy,0.00459862,Low,0,Low,0,9.74185,2223,7.70706,0.0893875,0.0387342
2554,RL,3,BSDF Heavy,-0.00525761,Low,0,Low,0,9.78953,2234.72,7.71232,0.0898987,0.0387303
2555,RL,3,BSDF Heavy,0.00477743,Low,0,Low,0,9.74347,2224.06,7.70754,0.089809,0.0387265
2556,RL,3,BSDF Heavy,-0.00230885,Low,0,Low,0,9.76765,2229.21,7.70985,0.089647,0.0387226
2557,RL,3,BSDF Heavy,0.00591183,Low,0,Low,0,9.71584,2216.06,7.70394,0.0894907,0.0387187
2558,RL,3,BSDF Heavy,-0.00137997,Low,0,Low,0,9.7199,2219.12,7.70532,0.0894107,0.0387148
2559,RL,3,BSDF Heavy,-0.00163746,Low,0,Low,0,9.73954,2222.76,7.70695,0.0895809,0.038711
2560,RL,3,BSDF Heavy,-0.000109196,Low,0,Low,0,9.74391,2223,7.70706,0.0897507,0.0387071
2561,RL,3,BSDF Heavy,-0.00167751,Low,0,Low,0,9.75381,2226.74,7.70874,0.0896677,0.0387032
2562,RL,3,BSDF Heavy,0.00087595,Low,0,Low,0,9.75092,2224.79,7.70787,0.0895988,0.0386994
2563,RL,3,BSDF Heavy,0.00248861,Low,0,Low,0,9.72401,2219.25,7.70538,0.0894194,0.0386955
2564,RL,3,BSDF Heavy,-0.00383902,Low,0,Low,0,9.7638,2227.79,7.70922,0.0894604,0.0386916
2565,RL,3,BSDF Heavy,4.91142e-05,Low,0,Low,0,9.76211,2227.69,7.70917,0.0896234,0.0386878
2566,RL,3,BSDF Heavy,0.00474691,Low,0,Low,0,9.71087,2217.13,7.70442,0.0896253,0.0386839
2567,RL,3,BSDF Heavy,-0.00365067,Low,0,Low,0,9.74758,2225.24,7.70807,0.0895269,0.03868
2568,RL,3,BSDF Heavy,-0.00270987,Low,0,Low,0,9.76883,2231.28,7.71078,0.0894985,0.0386761
2569,RL,3,BSDF Heavy,0.00391006,Low,0,Low,0,9.74122,2222.57,7.70687,0.0897087,0.0386723
2570,RL,3,BSDF Heavy,-0.000991821,Low,0,Low,0,9.74703,2224.78,7.70786,0.0897574,0.0386684
2571,RL,3,BSDF Heavy,0.000418663,Low,0,Low,0,9.74446,2223.85,7.70744,0.0892597,0.0386645
2572,RL,3,BSDF Heavy,0.00289392,Low,0,Low,0,9.70724,2217.42,7.70455,0.0893953,0.0386607
2573,RL,3,BSDF Heavy,-0.0022378,Low,0,Low,0,9.73924,2222.39,7.70679,0.0898389,0.0386568
2574,RL,3,BSDF Heavy,-0.00564241,Low,0,Low,0,9.78979,2234.97,7.71243,0.0896041,0.0386529
2575,RL,3,BSDF Heavy,-0.000490665,Low,0,Low,0,9.7917,2236.07,7.71292,0.0897666,0.0386491
2576,RL,3,Balanced,0.0102253,Low,0,Low,0,9.69753,2213.31,7.7027,0.0892578,0.0386452
2577,RL,3,BSDF Heavy,-0.00326014,Low,0,Low,0,9.7202,2220.54,7.70596,0.0903622,0.0386414
2578,RL,3,BSDF Heavy,-0.00177193,Low,0,Low,0,9.73975,2224.48,7.70773,0.0894083,0.0386375
2579,RL,3,BSDF Heavy,-0.00124598,Low,0,Low,0,9.759,2227.25,7.70897,0.0894796,0.0386336
2580,RL,3,BSDF Heavy,0.00204897,Low,0,Low,0,9.74218,2222.69,7.70692,0.0895284,0.0386298
2581,RL,3,BSDF Heavy,-0.00366116,Low,0,Low,0,9.77946,2230.85,7.71059,0.0899084,0.0386259
2582,RL,3,BSDF Heavy,0.00149822,Low,0,Low,0,9.75838,2227.51,7.70909,0.0895983,0.038622
2583,RL,3,BSDF Heavy,0.00211525,Low,0,Low,0,9.73593,2222.8,7.70697,0.0896282,0.0386182
2584,RL,3,BSDF Heavy,0.00358057,Low,0,Low,0,9.70533,2214.85,7.70339,0.0894956,0.0386143
2585,RL,3,BSDF Heavy,-0.00385666,Low,0,Low,0,9.73668,2223.41,7.70725,0.0893195,0.0386105
2586,RL,3,BSDF Heavy,-0.00362778,Low,0,Low,0,9.7761,2231.5,7.71088,0.0898577,0.0386066
2587,RL,3,BSDF Heavy,0.00147676,Low,0,Low,0,9.75508,2228.2,7.7094,0.089512,0.0386027
2588,RL,3,BSDF Heavy,0.00174809,Low,0,Low,0,9.74389,2224.31,7.70765,0.0894551,0.0385989
2589,RL,3,BSDF Heavy,-0.00467253,Low,0,Low,0,9.79005,2234.73,7.71232,0.0896581,0.038595
2590,RL,3,BSDF Heavy,0.00687599,Low,0,Low,0,9.72884,2219.41,7.70545,0.0893205,0.0385912
2591,RL,3,BSDF Heavy,0.0013175,Low,0,Low,0,9.71428,2216.49,7.70413,0.0894483,0.0385873
2592,RL,3,BSDF Heavy,-0.00274611,Low,0,Low,0,9.73944,2222.59,7.70688,0.0893186,0.0385834
2593,RL,3,BSDF Heavy,-0.000921726,Low,0,Low,0,9.74491,2224.64,7.7078,0.0894517,0.0385796
2594,RL,3,BSDF Heavy,0.000483513,Low,0,Low,0,9.74494,2223.56,7.70731,0.0894218,0.0385757
2595,RL,3,BSDF Heavy,-0.00159883,Low,0,Low,0,9.75657,2227.12,7.70891,0.0897188,0.0385719
2596,RL,3,BSDF Heavy,0.00387192,Low,0,Low,0,9.72096,2218.51,7.70504,0.0894285,0.038568
2597,RL,3,BSDF Heavy,-0.00241613,Low,0,Low,0,9.73847,2223.88,7.70746,0.0895602,0.0385641
2598,RL,3,BSDF Heavy,-0.00145197,Low,0,Low,0,9.75886,2227.11,7.70891,0.0897386,0.0385603
2599,RL,3,BSDF Heavy,1.43051e-05,Low,0,Low,0,9.75113,2227.08,7.7089,0.0896552,0.0385564
2600,RL,3,BSDF Heavy,-0.00368071,Low,0,Low,0,9.79466,2235.3,7.71258,0.0897314,0.0385526
2601,RL,3,BSDF Heavy,0.00459242,Low,0,Low,0,9.75118,2225.05,7.70798,0.0897531,0.0385487
2602,RL,3,BSDF Heavy,0.00529337,Low,0,Low,0,9.69844,2213.3,7.70269,0.0893393,0.0385449
2603,RL,3,BSDF Heavy,-0.00935411,Low,0,Low,0,9.78513,2234.11,7.71204,0.0897883,0.038541
2604,RL,3,BSDF Heavy,0.00480652,Low,0,Low,0,9.73964,2223.39,7.70724,0.0896123,0.0385372
2605,RL,3,BSDF Heavy,-0.00168324,Low,0,Low,0,9.75496,2227.14,7.70892,0.089347,0.0385333
2606,RL,3,BSDF Heavy,0.00277519,Low,0,Low,0,9.73267,2220.96,7.70615,0.0895554,0.0385295
2607,RL,3,BSDF Heavy,-0.00224781,Low,0,Low,0,9.75191,2225.96,7.70839,0.089538,0.0385256
2608,RL,3,BSDF Heavy,-0.000517845,Low,0,Low,0,9.76349,2227.12,7.70891,0.089755,0.0385217
2609,RL,3,BSDF Heavy,0.00233889,Low,0,Low,0,9.73558,2221.91,7.70657,0.0896031,0.0385179
2610,RL,3,BSDF Heavy,-0.000869751,Low,0,Low,0,9.7474,2223.84,7.70744,0.0896663,0.038514
2611,RL,3,BSDF Heavy,0.00193405,Low,0,Low,0,9.72406,2219.55,7.70551,0.0893417,0.0385102
2612,RL,3,BSDF Heavy,-0.000377655,Low,0,Low,0,9.72766,2220.38,7.70589,0.0893364,0.0385063
2613,RL,3,BSDF Heavy,0.00209284,Low,0,Low,0,9.70947,2215.74,7.70379,0.0894859,0.0385025
2614,RL,3,BSDF Heavy,-0.00283194,Low,0,Low,0,9.73508,2222.03,7.70662,0.0897965,0.0384986
2615,RL,3,BSDF Heavy,-1.43051e-05,Low,0,Low,0,9.7313,2222.06,7.70664,0.0896648,0.0384948
2616,RL,3,BSDF Heavy,-0.00372267,Low,0,Low,0,9.7703,2230.35,7.71036,0.0895197,0.0384909
2617,RL,3,Balanced,0.00307083,Low,0,Low,0,9.73832,2223.51,7.70729,0.0896865,0.0384871
2618,RL,3,BSDF Heavy,-0.00267887,Low,0,Low,0,9.7655,2229.48,7.70997,0.0903554,0.0384832
2619,RL,3,BSDF Heavy,0.00509834,Low,0,Low,0,9.71708,2218.13,7.70487,0.089239,0.0384794
2620,RL,3,BSDF Heavy,-0.00393486,Low,0,Low,0,9.75529,2226.88,7.70881,0.0895346,0.0384756
2621,RL,3,BSDF Heavy,-0.000594616,Low,0,Low,0,9.76748,2228.21,7.7094,0.0894845,0.0384717
2622,RL,3,BSDF Heavy,-0.00120258,Low,0,Low,0,9.77954,2230.89,7.7106,0.0900574,0.0384679
2623,RL,3,BSDF Heavy,-0.00133324,Low,0,Low,0,9.78816,2233.87,7.71194,0.089701,0.038464
2624,RL,3,BSDF Heavy,0.00594807,Low,0,Low,0,9.72907,2220.61,7.70599,0.0897695,0.0384602
2625,RL,3,BSDF Heavy,-0.00622559,Low,0,Low,0,9.79341,2234.49,7.71221,0.0897299,0.0384563
2626,RL,3,BSDF Heavy,0.00564146,Low,0,Low,0,9.73808,2221.91,7.70657,0.0896065,0.0384525
2627,RL,3,BSDF Heavy,0.00012207,Low,0,Low,0,9.73554,2221.64,7.70645,0.0897801,0.0384486
2628,RL,3,BSDF Heavy,-0.00135088,Low,0,Low,0,9.74553,2224.64,7.7078,0.0895689,0.0384448
2629,RL,3,BSDF Heavy,-0.00082159,Low,0,Low,0,9.74592,2226.47,7.70862,0.0895423,0.0384409
2630,RL,3,BSDF Heavy,0.0031352,Low,0,Low,0,9.71965,2219.5,7.70549,0.0895095,0.0384371
2631,RL,3,BSDF Heavy,0.000466347,Low,0,Low,0,9.71726,2218.47,7.70502,0.0894469,0.0384333
2632,RL,3,BSDF Heavy,-0.00448322,Low,0,Low,0,9.76334,2228.44,7.70951,0.0897217,0.0384294
2633,RL,3,BSDF Heavy,0.00649881,Low,0,Low,0,9.69554,2214,7.70301,0.089281,0.0384256
2634,RL,3,BSDF Heavy,-0.00203753,Low,0,Low,0,9.71099,2218.51,7.70504,0.0895539,0.0384217
2635,RL,3,BSDF Heavy,0.00195646,Low,0,Low,0,9.69765,2214.18,7.70309,0.0893186,0.0384179
2636,RL,3,BSDF Heavy,-0.00762892,Low,0,Low,0,9.76644,2231.14,7.71072,0.0897618,0.038414
2637,RL,3,BSDF Heavy,-0.00105381,Low,0,Low,0,9.78064,2233.49,7.71177,0.0895583,0.0384102
2638,RL,3,BSDF Heavy,0.00242662,Low,0,Low,0,9.75881,2228.08,7.70934,0.0895804,0.0384064
2639,RL,3,BSDF Heavy,3.8147e-06,Low,0,Low,0,9.76149,2228.07,7.70934,0.0896316,0.0384025
2640,RL,3,BSDF Heavy,0.00153875,Low,0,Low,0,9.75224,2224.64,7.7078,0.0895809,0.0383987
2641,RL,3,BSDF Heavy,-0.00408125,Low,0,Low,0,9.79411,2233.74,7.71188,0.0897801,0.0383948
2642,RL,3,BSDF Heavy,0.00451946,Low,0,Low,0,9.73663,2223.67,7.70736,0.0894387,0.038391
2643,RL,3,BSDF Heavy,-0.00247622,Low,0,Low,0,9.76771,2229.18,7.70984,0.089782,0.0383872
2644,RL,3,BSDF Heavy,0.00226641,Low,0,Low,0,9.74834,2224.13,7.70757,0.0898302,0.0383833
2645,RL,3,BSDF Heavy,-0.00124931,Low,0,Low,0,9.75239,2226.92,7.70882,0.0895746,0.0383795
2646,RL,3,BSDF Heavy,-0.000627995,Low,0,Low,0,9.7613,2228.32,7.70945,0.0899011,0.0383756
2647,RL,3,BSDF Heavy,0.00296307,Low,0,Low,0,9.73516,2221.72,7.70649,0.089416,0.0383718
2648,RL,3,BSDF Heavy,0.000117302,Low,0,Low,0,9.73384,2221.46,7.70637,0.0897714,0.038368
2649,RL,3,BSDF Heavy,0.00258398,Low,0,Low,0,9.70682,2215.72,7.70379,0.0892009,0.0383641
2650,RL,3,BSDF Heavy,-0.00353718,Low,0,Low,0,9.74351,2223.58,7.70732,0.0897049,0.0383603
2651,RL,3,BSDF Heavy,-0.00298548,Low,0,Low,0,9.77604,2230.23,7.71031,0.0898818,0.0383565
2652,RL,3,BSDF Heavy,0.00202513,Low,0,Low,0,9.75259,2225.72,7.70828,0.0897468,0.0383526
2653,RL,3,BSDF Heavy,-0.00523138,Low,0,Low,0,9.80154,2237.4,7.71351,0.0898081,0.0383488
2654,RL,3,BSDF Heavy,0.00884533,Low,0,Low,0,9.71127,2217.68,7.70467,0.0894753,0.038345
2655,RL,3,BSDF Heavy,-0.00295591,Low,0,Low,0,9.74521,2224.25,7.70762,0.089715,0.0383411
2656,RL,3,BSDF Heavy,-0.00253153,Low,0,Low,0,9.76757,2229.89,7.71016,0.089484,0.0383373
2657,RL,3,BSDF Heavy,0.00162077,Low,0,Low,0,9.75127,2226.28,7.70854,0.0896475,0.0383335
2658,RL,3,BSDF Heavy,5.24521e-06,Low,0,Low,0,9.7561,2226.27,7.70853,0.0897237,0.0383296
2659,RL,3,BSDF Heavy,-0.00137043,Low,0,Low,0,9.76929,2229.32,7.7099,0.089851,0.0383258
2660,RL,3,BSDF Heavy,0.00135708,Low,0,Low,0,9.75295,2226.3,7.70854,0.0895134,0.038322
2661,RL,3,BSDF Heavy,-0.000582218,Low,0,Low,0,9.75862,2227.59,7.70913,0.0897584,0.0383181
2662,RL,3,BSDF Heavy,0.00300503,Low,0,Low,0,9.72947,2220.91,7.70612,0.0895129,0.0383143
2663,RL,3,BSDF Heavy,-0.00172138,Low,0,Low,0,9.74787,2224.73,7.70784,0.0895433,0.0383105
2664,RL,3,Light Heavy,0.00165892,Low,0,Low,0,9.72781,2221.05,7.70618,0.089606,0.0383066
2665,RL,3,BSDF Heavy,-0.00184536,Low,0,Low,0,9.7405,2225.15,7.70803,0.0871909,0.0383028
2666,RL,3,BSDF Heavy,0.00100183,Low,0,Low,0,9.73921,2222.92,7.70703,0.0896528,0.038299
2667,RL,3,BSDF Heavy,-0.00344563,Low,0,Low,0,9.76943,2230.6,7.71047,0.0896711,0.0382951
2668,RL,3,BSDF Heavy,0.00244188,Low,0,Low,0,9.75438,2225.15,7.70803,0.0896335,0.0382913
2669,RL,3,BSDF Heavy,-0.00142336,Low,0,Low,0,9.7635,2228.33,7.70945,0.0896832,0.0382875
2670,RL,3,BSDF Heavy,0.00252151,Low,0,Low,0,9.73869,2222.71,7.70693,0.0895115,0.0382837
2671,RL,3,BSDF Heavy,0.00340366,Low,0,Low,0,9.69982,2215.16,7.70353,0.0892935,0.0382798
2672,RL,3,BSDF Heavy,-0.00811291,Low,0,Low,0,9.78182,2233.21,7.71164,0.089784,0.038276
2673,RL,3,Balanced,0.000982761,Low,0,Low,0,9.76649,2231.01,7.71066,0.0894141,0.0382722
2674,RL,3,BSDF Heavy,0.0061183,Low,0,Low,0,9.71091,2217.4,7.70454,0.0901268,0.0382683
2675,RL,3,BSDF Heavy,-0.00633669,Low,0,Low,0,9.77637,2231.5,7.71088,0.0897512,0.0382645
2676,RL,3,BSDF Heavy,0.00335932,Low,0,Low,0,9.74268,2224.01,7.70752,0.0896325,0.0382607
2677,RL,3,BSDF Heavy,-0.00128937,Low,0,Low,0,9.75356,2226.88,7.70881,0.0896258,0.0382569
2678,RL,3,BSDF Heavy,0.00352144,Low,0,Low,0,9.72548,2219.05,7.70529,0.0896427,0.038253
2679,RL,3,BSDF Heavy,-0.00331974,Low,0,Low,0,9.75309,2226.43,7.70861,0.0897463,0.0382492
2680,RL,3,BSDF Heavy,0.00555706,Low,0,Low,0,9.6999,2214.09,7.70305,0.0893596,0.0382454
2681,RL,3,BSDF Heavy,-0.00533915,Low,0,Low,0,9.75094,2225.95,7.70839,0.0895047,0.0382416
2682,RL,3,BSDF Heavy,-8.63075e-05,Low,0,Low,0,9.74727,2226.14,7.70847,0.0892641,0.0382377
2683,RL,3,BSDF Heavy,-0.000433922,Low,0,Low,0,9.75948,2227.11,7.70891,0.0897864,0.0382339
2684,RL,3,BSDF Heavy,0.000360012,Low,0,Low,0,9.74996,2226.31,7.70855,0.0894517,0.0382301
2685,RL,3,BSDF Heavy,0.00412464,Low,0,Low,0,9.71646,2217.14,7.70442,0.0896335,0.0382263
2686,RL,3,BSDF Heavy,-0.00617695,Low,0,Low,0,9.77245,2230.88,7.7106,0.0895853,0.0382225
2687,RL,3,BSDF Heavy,-0.000552177,Low,0,Low,0,9.78198,2232.11,7.71115,0.0898442,0.0382186
2688,RL,3,BSDF Heavy,0.00393772,Low,0,Low,0,9.74461,2223.34,7.70721,0.089552,0.0382148
2689,RL,3,BSDF Heavy,0.000759602,Low,0,Low,0,9.72947,2221.65,7.70646,0.0897709,0.038211
2690,RL,3,BSDF Heavy,-0.00474548,Low,0,Low,0,9.7788,2232.22,7.7112,0.0895255,0.0382072
2691,RL,3,BSDF Heavy,0.00409603,Low,0,Low,0,9.73784,2223.09,7.7071,0.0895245,0.0382033
2692,RL,3,BSDF Heavy,-3.05176e-05,Low,0,Low,0,9.74115,2223.16,7.70714,0.0895496,0.0381995
2693,RL,3,BSDF Heavy,-0.00440168,Low,0,Low,0,9.78115,2232.97,7.71154,0.0896147,0.0381957
2694,RL,3,BSDF Heavy,0.0030117,Low,0,Low,0,9.75389,2226.25,7.70853,0.0894758,0.0381919
2695,RL,3,BSDF Heavy,0.00155783,Low,0,Low,0,9.73329,2222.79,7.70697,0.0894903,0.0381881
2696,RL,3,BSDF Heavy,-0.0029006,Low,0,Low,0,9.7688,2229.25,7.70987,0.0896952,0.0381842
2697,RL,3,BSDF Heavy,0.00652981,Low,0,Low,0,9.70147,2214.73,7.70334,0.0894932,0.0381804
2698,RL,3,BSDF Heavy,-0.00304174,Low,0,Low,0,9.7342,2221.48,7.70638,0.0894941,0.0381766
2699,RL,3,BSDF Heavy,0.00348091,Low,0,Low,0,9.70104,2213.76,7.7029,0.0894927,0.0381728
2700,RL,3,BSDF Heavy,-0.00298548,Low,0,Low,0,9.72535,2220.38,7.70588,0.0895756,0.038169
2701,RL,3,BSDF Heavy,-0.00286818,Low,0,Low,0,9.75363,2226.76,7.70875,0.0896084,0.0381652
2702,RL,3,BSDF Heavy,-0.00272036,Low,0,Low,0,9.78829,2232.83,7.71147,0.0896267,0.0381613
2703,RL,3,BSDF Heavy,0.00546169,Low,0,Low,0,9.72515,2220.66,7.70601,0.089606,0.0381575
2704,RL,6,BSDF Heavy,-0.0019865,Low,0,Low,0,9.7478,2225.08,7.708,0.089416,0.0381537
2705,RL,6,BSDF Heavy,0.00361204,Low,0,Low,0,9.71426,2217.05,7.70439,0.0895549,0.0381499
2706,RL,6,Balanced,-0.0050807,Low,0,Low,0,9.75883,2228.35,7.70947,0.0894903,0.0381461
2707,RL,6,Balanced,0.00315046,Low,0,Low,0,9.72704,2221.34,7.70632,0.0901317,0.0381423
2708,RL,6,Light Heavy,-0.00315189,Low,0,Low,0,9.75395,2228.36,7.70947,0.0904273,0.0381385
2709,RL,6,Light Heavy,0.000941277,Low,0,Low,0,9.74867,2226.26,7.70853,0.0872651,0.0381346
2710,RL,6,Light Heavy,0.000482559,Low,0,Low,0,9.73346,2225.18,7.70804,0.0871909,0.0381308
2711,RL,6,Light Heavy,0.00105619,Low,0,Low,0,9.73539,2222.83,7.70699,0.0872487,0.038127
2712,RL,6,Balanced,-0.00525808,Low,0,Low,0,9.77786,2234.56,7.71225,0.0872483,0.0381232
2713,RL,6,Balanced,0.00455713,Low,0,Low,0,9.73817,2224.39,7.70769,0.0903506,0.0381194
2714,RL,6,Balanced,0.00376415,Low,0,Low,0,9.69946,2216.03,7.70392,0.0901264,0.0381156
2715,RL,6,Balanced,-0.00554037,Low,0,Low,0,9.75409,2228.35,7.70947,0.0902951,0.0381118
2716,RL,6,Balanced,0.0012536,Low,0,Low,0,9.74045,2225.56,7.70821,0.0905078,0.038108
2717,RL,6,Balanced,-0.00344324,Low,0,Low,0,9.77929,2233.24,7.71165,0.0904851,0.0381041
2718,RL,6,Balanced,0.00343466,Low,0,Low,0,9.74515,2225.58,7.70822,0.0903434,0.0381003
2719,RL,6,Balanced,-0.00227118,Low,0,Low,0,9.76581,2230.64,7.71049,0.0905527,0.0380965
2720,RL,6,Balanced,0.000896931,Low,0,Low,0,9.75376,2228.64,7.70959,0.0903921,0.0380927
2721,RL,6,Balanced,0.00120354,Low,0,Low,0,9.74223,2225.96,7.70839,0.0903197,0.0380889
2722,RL,6,Balanced,0.00197554,Low,0,Low,0,9.73453,2221.56,7.70642,0.090583,0.0380851
2723,RL,6,Balanced,0.000451088,Low,0,Low,0,9.72672,2220.56,7.70596,0.090312,0.0380813
2724,RL,6,Balanced,-0.00132227,Low,0,Low,0,9.74132,2223.5,7.70729,0.090313,0.0380775
2725,RL,6,Balanced,-0.00460815,Low,0,Low,0,9.78359,2233.77,7.71189,0.0907215,0.0380737
2726,RL,6,Balanced,0.00502443,Low,0,Low,0,9.7292,2222.57,7.70687,0.0903144,0.0380699
2727,RL,6,Balanced,0.00132895,Low,0,Low,0,9.71776,2219.62,7.70554,0.0901664,0.0380661
2728,RL,6,Balanced,0.000819206,Low,0,Low,0,9.7164,2217.8,7.70472,0.0901596,0.0380623
2729,RL,6,Balanced,-0.00562811,Low,0,Low,0,9.76479,2230.32,7.71035,0.090449,0.0380584
2730,RL,6,Balanced,0.00487804,Low,0,Low,0,9.71245,2219.47,7.70547,0.0902657,0.0380546
2731,RL,6,Balanced,-0.0019083,Low,0,Low,0,9.73692,2223.71,7.70738,0.0902493,0.0380508
2732,RL,6,Balanced,-0.000339508,Low,0,Low,0,9.7402,2224.46,7.70772,0.0904104,0.038047
2733,RL,6,Balanced,0.000400543,Low,0,Low,0,9.74187,2223.57,7.70732,0.0902537,0.0380432
2734,RL,6,BSDF Heavy,-0.000506401,Low,0,Low,0,9.74484,2224.7,7.70783,0.0904596,0.0380394
2735,RL,6,Balanced,0.00111961,Low,0,Low,0,9.73862,2222.21,7.70671,0.0893572,0.0380356
2736,RL,6,Balanced,0.00043726,Low,0,Low,0,9.72471,2221.23,7.70627,0.0905879,0.0380318
2737,RL,6,Balanced,0.00190973,Low,0,Low,0,9.70773,2216.99,7.70436,0.0901466,0.038028
2738,RL,6,Balanced,-0.00232935,Low,0,Low,0,9.72812,2222.17,7.70669,0.0902585,0.0380242
2739,RL,6,Balanced,-0.00198078,Low,0,Low,0,9.74965,2226.58,7.70867,0.0904919,0.0380204
2740,RL,6,BSDF Heavy,-0.000440121,Low,0,Low,0,9.75571,2227.56,7.70911,0.09053,0.0380166
2741,RL,6,Balanced,-0.0001297,Low,0,Low,0,9.76006,2227.84,7.70924,0.0897738,0.0380128
2742,RL,6,Balanced,0.00664949,Low,0,Low,0,9.69037,2213.07,7.70259,0.0901403,0.038009
2743,RL,6,Balanced,-0.00476837,Low,0,Low,0,9.7391,2223.66,7.70736,0.0904427,0.0380052
2744,RL,6,Balanced,-0.0008564,Low,0,Low,0,9.7426,2225.56,7.70821,0.0903202,0.0380014
2745,RL,6,Balanced,0.00173235,Low,0,Low,0,9.73058,2221.71,7.70648,0.0904591,0.0379976
2746,RL,6,Balanced,0.00157547,Low,0,Low,0,9.70986,2218.21,7.70491,0.0901206,0.0379938
2747,RL,6,Balanced,0.000106812,Low,0,Low,0,9.70913,2217.97,7.7048,0.0902951,0.03799
2748,RL,6,BSDF Heavy,-0.00546551,Low,0,Low,0,9.76288,2230.13,7.71027,0.0902546,0.0379862
2749,RL,6,BSDF Heavy,0.00492048,Low,0,Low,0,9.72682,2219.18,7.70534,0.0895505,0.0379824
2750,RL,6,BSDF Heavy,0.0034337,Low,0,Low,0,9.69118,2211.57,7.70191,0.0894319,0.0379786
2751,RL,6,BSDF Heavy,-0.00584984,Low,0,Low,0,9.74726,2224.55,7.70776,0.0897859,0.0379748
2752,RL,6,BSDF Heavy,-0.00138617,Low,0,Low,0,9.75758,2227.64,7.70915,0.0895269,0.037971
2753,RL,6,Balanced,0.00527477,Low,0,Low,0,9.7125,2215.92,7.70387,0.0895375,0.0379672
2754,RL,6,BSDF Heavy,-0.00144243,Low,0,Low,0,9.71864,2219.12,7.70531,0.0903038,0.0379634
2755,RL,6,BSDF Heavy,-0.00413418,Low,0,Low,0,9.76137,2228.31,7.70945,0.0897217,0.0379596
2756,RL,6,BSDF Heavy,0.00280237,Low,0,Low,0,9.73171,2222.07,7.70665,0.0896904,0.0379558
2757,RL,6,BSDF Heavy,0.000425339,Low,0,Low,0,9.73064,2221.13,7.70622,0.0895124,0.037952
2758,RL,6,BSDF Heavy,0.000225067,Low,0,Low,0,9.72794,2220.63,7.706,0.0894927,0.0379482
2759,RL,6,BSDF Heavy,-0.00165081,Low,0,Low,0,9.74591,2224.3,7.70765,0.0897811,0.0379444
2760,RL,6,BSDF Heavy,-0.000150204,Low,0,Low,0,9.75379,2224.63,7.7078,0.0898968,0.0379406
2761,RL,6,BSDF Heavy,0.00314379,Low,0,Low,0,9.71634,2217.65,7.70465,0.0895655,0.0379369
2762,RL,6,BSDF Heavy,0.00044632,Low,0,Low,0,9.70455,2216.66,7.70421,0.0892757,0.0379331
2763,RL,6,Balanced,-0.00825214,Low,0,Low,0,9.78767,2235.03,7.71246,0.0895332,0.0379293
2764,RL,6,Balanced,0.00544834,Low,0,Low,0,9.7375,2222.88,7.70701,0.0904784,0.0379255
2765,RL,6,Balanced,-0.000114918,Low,0,Low,0,9.73264,2223.14,7.70713,0.0903024,0.0379217
2766,RL,6,Balanced,-0.000616074,Low,0,Low,0,9.73455,2224.51,7.70774,0.0904032,0.0379179
2767,RL,6,BSDF Heavy,-0.00303316,Low,0,Low,0,9.76577,2231.27,7.71077,0.0903067,0.0379141
2768,RL,6,BSDF Heavy,0.0109301,Low,0,Low,0,9.6703,2207,7.69984,0.089075,0.0379103
2769,RL,6,BSDF Heavy,-0.00685215,Low,0,Low,0,9.73446,2222.19,7.7067,0.0897073,0.0379065
2770,RL,6,Balanced,-0.00348854,Low,0,Low,0,9.77341,2229.96,7.71019,0.0896108,0.0379027
2771,RL,6,Balanced,0.00478888,Low,0,Low,0,9.71531,2219.3,7.7054,0.0904499,0.0378989
2772,RL,6,Balanced,-0.00158072,Low,0,Low,0,9.72624,2222.81,7.70698,0.0903834,0.0378951
2773,RL,6,Balanced,-0.00307369,Low,0,Low,0,9.75857,2229.66,7.71005,0.0903308,0.0378914
2774,RL,6,Balanced,0.000713825,Low,0,Low,0,9.75569,2228.06,7.70934,0.0905724,0.0378876
2775,RL,6,Balanced,-0.000879765,Low,0,Low,0,9.76187,2230.03,7.71022,0.0904856,0.0378838
2776,RL,6,Balanced,0.00215435,Low,0,Low,0,9.7393,2225.23,7.70806,0.0903945,0.03788
2777,RL,6,Balanced,0.00123692,Low,0,Low,0,9.74067,2222.47,7.70683,0.0905049,0.0378762
2778,RL,6,Balanced,0.000254631,Low,0,Low,0,9.73703,2221.91,7.70657,0.0904731,0.0378724
2779,RL,6,Balanced,0.00637722,Low,0,Low,0,9.66652,2207.78,7.70019,0.0902025,0.0378686
2780,RL,6,Balanced,-0.00792313,Low,0,Low,0,9.74617,2225.35,7.70812,0.0904634,0.0378648
2781,RL,6,BSDF Heavy,-0.0039115,Low,0,Low,0,9.7761,2234.07,7.71203,0.0905642,0.0378611
2782,RL,6,BSDF Heavy,0.00512218,Low,0,Low,0,9.73264,2222.65,7.70691,0.0895597,0.0378573
2783,RL,6,BSDF Heavy,0.00247383,Low,0,Low,0,9.71235,2217.16,7.70443,0.089497,0.0378535
2784,RL,6,BSDF Heavy,-0.00196648,Low,0,Low,0,9.73442,2221.52,7.7064,0.0895872,0.0378497
2785,RL,6,Balanced,-0.00752306,Low,0,Low,0,9.80458,2238.31,7.71392,0.0897762,0.0378459
2786,RL,6,Balanced,0.0126081,Low,0,Low,0,9.68532,2210.25,7.70131,0.0903241,0.0378421
2787,RL,6,Balanced,-0.00528193,Low,0,Low,0,9.73276,2221.96,7.7066,0.0902474,0.0378383
2788,RL,6,Balanced,0.000466347,Low,0,Low,0,9.72161,2220.93,7.70613,0.0902406,0.0378346
2789,RL,6,Balanced,0.0013895,Low,0,Low,0,9.7154,2217.84,7.70474,0.090434,0.0378308
2790,RL,6,Balanced,-0.00026226,Low,0,Low,0,9.71386,2218.42,7.705,0.0902112,0.037827
2791,RL,6,Balanced,-0.00148344,Low,0,Low,0,9.72925,2221.72,7.70649,0.0903737,0.0378232
2792,RL,6,Balanced,-0.00219631,Low,0,Low,0,9.74291,2226.6,7.70868,0.0904253,0.0378194
2793,RL,6,Balanced,0.00237322,Low,0,Low,0,9.72394,2221.32,7.70631,0.0902257,0.0378156
2794,RL,6,Balanced,0.000262737,Low,0,Low,0,9.72365,2220.74,7.70605,0.0903111,0.0378119
2795,RL,6,Balanced,-0.00186777,Low,0,Low,0,9.74444,2224.89,7.70791,0.0903492,0.0378081
2796,RL,6,Balanced,-0.000731468,Low,0,Low,0,9.7552,2226.52,7.70865,0.0905922,0.0378043
2797,RL,6,Balanced,0.00175476,Low,0,Low,0,9.73006,2222.62,7.70689,0.0901799,0.0378005
2798,RL,6,Balanced,-0.00251055,Low,0,Low,0,9.75531,2228.21,7.7094,0.0904432,0.0377967
2799,RL,6,Balanced,-0.00366211,Low,0,Low,0,9.79142,2236.39,7.71306,0.090639,0.037793
2800,RL,6,Balanced,0.000538349,Low,0,Low,0,9.78658,2235.18,7.71252,0.0905975,0.0377892
2801,RL,6,Balanced,0.00412941,Low,0,Low,0,9.74574,2225.97,7.7084,0.090381,0.0377854
2802,RL,6,Balanced,0.00178766,Low,0,Low,0,9.73305,2221.99,7.70661,0.0904316,0.0377816
2803,RL,6,Balanced,-0.00112295,Low,0,Low,0,9.73906,2224.49,7.70773,0.0904094,0.0377779
2804,RL,6,Balanced,-0.000325203,Low,0,Low,0,9.74229,2225.21,7.70806,0.0904027,0.0377741
2805,RL,6,Balanced,-0.00295162,Low,0,Low,0,9.77629,2231.79,7.71101,0.0905242,0.0377703
2806,RL,6,Balanced,0.0037384,Low,0,Low,0,9.74114,2223.46,7.70727,0.0904162,0.0377665
2807,RL,6,Balanced,0.00263309,Low,0,Low,0,9.71137,2217.61,7.70464,0.0904451,0.0377627
2808,RL,6,Balanced,-0.00401068,Low,0,Low,0,9.75185,2226.53,7.70865,0.0904509,0.037759
2809,RL,6,Balanced,0.000375271,Low,0,Low,0,9.74506,2225.69,7.70827,0.0904398,0.0377552
2810,RL,6,Balanced,0.000398159,Low,0,Low,0,9.73488,2224.8,7.70787,0.0904027,0.0377514
2811,RL,6,Balanced,-0.00271225,Low,0,Low,0,9.77101,2230.85,7.71059,0.0906428,0.0377476
2812,RL,6,Balanced,0.00518179,Low,0,Low,0,9.71796,2219.31,7.7054,0.0902117,0.0377439
2813,RL,6,Balanced,-0.00379467,Low,0,Low,0,9.75376,2227.75,7.7092,0.0902942,0.0377401
2814,RL,6,BSDF Heavy,-0.00504065,Low,0,Low,0,9.80808,2239.02,7.71424,0.0907398,0.0377363
2815,RL,6,BSDF Heavy,0.0030117,Low,0,Low,0,9.77679,2232.28,7.71123,0.0898061,0.0377325
2816,RL,6,BSDF Heavy,-0.00041151,Low,0,Low,0,9.77813,2233.2,7.71164,0.0895274,0.0377288
2817,RL,6,BSDF Heavy,0.00513411,Low,0,Low,0,9.73193,2221.76,7.7065,0.0894044,0.037725
2818,RL,6,BSDF Heavy,-0.0036931,Low,0,Low,0,9.77469,2229.98,7.7102,0.0896465,0.0377212
2819,RL,6,BSDF Heavy,0.00599718,Low,0,Low,0,9.71913,2216.64,7.7042,0.0893875,0.0377175
2820,RL,6,BSDF Heavy,-0.00428247,Low,0,Low,0,9.75454,2226.16,7.70848,0.089756,0.0377137
2821,RL,6,BSDF Heavy,-0.00250196,Low,0,Low,0,9.77753,2231.74,7.71099,0.0897907,0.0377099
2822,RL,6,BSDF Heavy,0.0058651,Low,0,Low,0,9.71814,2218.68,7.70512,0.0892323,0.0377061
2823,RL,6,BSDF Heavy,0.000895023,Low,0,Low,0,9.7203,2216.7,7.70423,0.0894821,0.0377024
2824,RL,6,BSDF Heavy,-0.00354052,Low,0,Low,0,9.73861,2224.56,7.70777,0.0892718,0.0376986
2825,RL,6,Light Heavy,-0.00782633,Low,0,Low,0,9.82028,2242.05,7.71559,0.089864,0.0376948
2826,RL,6,Light Heavy,0.0120497,Low,0,Low,0,9.6935,2215.18,7.70354,0.0871021,0.0376911
2827,RL,6,Light Heavy,-0.00660801,Low,0,Low,0,9.75582,2229.88,7.71015,0.0870891,0.0376873
2828,RL,6,Light Heavy,0.00327301,Low,0,Low,0,9.72688,2222.59,7.70688,0.0870616,0.0376835
2829,RL,6,Light Heavy,-0.00153685,Low,0,Low,0,9.74609,2226.01,7.70841,0.0874667,0.0376798
2830,RL,6,Light Heavy,-0.00130367,Low,0,Low,0,9.75336,2228.91,7.70972,0.0871841,0.037676
2831,RL,6,Light Heavy,0.00215149,Low,0,Low,0,9.72675,2224.12,7.70757,0.0869324,0.0376722
2832,RL,6,Light Heavy,0.000900745,Low,0,Low,0,9.73032,2222.12,7.70667,0.0872251,0.0376685
2833,RL,6,Light Heavy,-0.0002985,Low,0,Low,0,9.7357,2222.78,7.70696,0.0872965,0.0376647
2834,RL,6,Light Heavy,-0.00360966,Low,0,Low,0,9.76813,2230.82,7.71057,0.0873274,0.0376609
2835,RL,6,Light Heavy,0.00464439,Low,0,Low,0,9.71317,2220.48,7.70593,0.0869613,0.0376572
2836,RL,6,Light Heavy,-0.00366926,Low,0,Low,0,9.75647,2228.65,7.7096,0.087255,0.0376534
2837,RL,6,Light Heavy,0.00554752,Low,0,Low,0,9.70088,2216.31,7.70405,0.0871031,0.0376496
2838,RL,6,Light Heavy,-0.000607967,Low,0,Low,0,9.70807,2217.66,7.70466,0.0870124,0.0376459
2839,RL,6,Light Heavy,-0.00302839,Low,0,Low,0,9.73464,2224.39,7.70769,0.0871152,0.0376421
2840,RL,6,Light Heavy,-0.0061202,Low,0,Low,0,9.79305,2238.05,7.71381,0.0875198,0.0376383
2841,RL,6,Light Heavy,0.00873423,Low,0,Low,0,9.70998,2218.58,7.70507,0.0869088,0.0376346
2842,RL,6,Light Heavy,3.43323e-05,Low,0,Low,0,9.7129,2218.5,7.70504,0.087227,0.0376308
2843,RL,6,Light Heavy,-0.0053196,Low,0,Low,0,9.75486,2230.34,7.71036,0.0869821,0.037627
2844,RL,6,Light Heavy,0.00249243,Low,0,Low,0,9.74466,2224.79,7.70787,0.0870337,0.0376233
2845,RL,6,Light Heavy,-0.00043869,Low,0,Low,0,9.74186,2225.76,7.7083,0.0872618,0.0376195
2846,RL,6,Light Heavy,0.00110483,Low,0,Low,0,9.73166,2223.31,7.7072,0.0871508,0.0376158
2847,RL,6,Light Heavy,-0.00407314,Low,0,Low,0,9.77371,2232.38,7.71127,0.0873529,0.037612
2848,RL,6,Light Heavy,0.00413942,Low,0,Low,0,9.72849,2223.16,7.70713,0.0871581,0.0376082
2849,RL,6,Light Heavy,0.00245571,Low,0,Low,0,9.7048,2217.7,7.70468,0.0869112,0.0376045
2850,RL,6,Light Heavy,-0.00137901,Low,0,Low,0,9.71489,2220.76,7.70606,0.0872025,0.0376007
2851,RL,6,Light Heavy,0.00148439,Low,0,Low,0,9.71115,2217.47,7.70457,0.0871108,0.037597
2852,RL,6,Light Heavy,-0.00189209,Low,0,Low,0,9.72052,2221.67,7.70646,0.0870525,0.0375932
2853,RL,6,Light Heavy,-0.00504971,Low,0,Low,0,9.77182,2232.92,7.71151,0.0872815,0.0375894
2854,RL,6,Light Heavy,0.00576496,Low,0,Low,0,9.71364,2220.08,7.70575,0.0869266,0.0375857
2855,RL,6,Light Heavy,-0.00375319,Low,0,Low,0,9.74945,2228.43,7.7095,0.0871774,0.0375819
2856,RL,6,Light Heavy,-0.0012207,Low,0,Low,0,9.76683,2231.16,7.71072,0.0872984,0.0375782
2857,RL,6,Light Heavy,-2.81334e-05,Low,0,Low,0,9.76775,2231.22,7.71075,0.0873114,0.0375744
2858,RL,6,Light Heavy,0.000186443,Low,0,Low,0,9.7671,2230.8,7.71057,0.0871234,0.0375706
2859,RL,6,Light Heavy,0.00694609,Low,0,Low,0,9.69279,2215.35,7.70362,0.0868996,0.0375669
2860,RL,6,Light Heavy,-0.00697851,Low,0,Low,0,9.76143,2230.88,7.7106,0.0873047,0.0375631
2861,RL,6,Light Heavy,0.00341702,Low,0,Low,0,9.73333,2223.26,7.70718,0.0872946,0.0375594
2862,RL,6,Light Heavy,-0.00205421,Low,0,Low,0,9.74775,2227.84,7.70923,0.0873008,0.0375556
2863,RL,6,Light Heavy,-0.000743389,Low,0,Low,0,9.75647,2229.49,7.70998,0.086957,0.0375519
2864,RL,6,Light Heavy,0.00254917,Low,0,Low,0,9.73019,2223.81,7.70743,0.0870621,0.0375481
2865,RL,6,Light Heavy,-0.0010128,Low,0,Low,0,9.73791,2226.07,7.70844,0.0868871,0.0375444
2866,RL,6,Light Heavy,0.00498438,Low,0,Low,0,9.69389,2215,7.70346,0.086956,0.0375406
2867,RL,6,Light Heavy,-0.00854635,Low,0,Low,0,9.77669,2234.02,7.712,0.0872637,0.0375368
2868,RL,6,Light Heavy,0.00809097,Low,0,Low,0,9.7011,2216.01,7.70391,0.0871089,0.0375331
2869,RL,6,Light Heavy,-0.00411844,Low,0,Low,0,9.73679,2225.16,7.70803,0.0872078,0.0375293
2870,RL,6,Light Heavy,0.000308514,Low,0,Low,0,9.73308,2224.47,7.70772,0.0869946,0.0375256
2871,RL,6,Light Heavy,-0.000242233,Low,0,Low,0,9.73212,2225.01,7.70796,0.0869637,0.0375218
2872,RL,6,Light Heavy,0.00209427,Low,0,Low,0,9.71837,2220.35,7.70587,0.0870255,0.0375181
2873,RL,6,Light Heavy,-0.00287819,Low,0,Low,0,9.74834,2226.75,7.70875,0.0873481,0.0375143
2874,RL,6,Light Heavy,0.0018692,Low,0,Low,0,9.73141,2222.59,7.70688,0.0870983,0.0375106
2875,RL,6,Light Heavy,0.00181293,Low,0,Low,0,9.70975,2218.56,7.70507,0.0870298,0.0375068
2876,RL,6,Light Heavy,-0.00221109,Low,0,Low,0,9.73598,2223.48,7.70728,0.0870067,0.0375031
2877,RL,6,Light Heavy,-0.000213146,Low,0,Low,0,9.7302,2223.95,7.70749,0.0871267,0.0374993
2878,RL,6,Light Heavy,-0.00104475,Low,0,Low,0,9.74133,2226.28,7.70854,0.0869782,0.0374956
2879,RL,6,Light Heavy,0.000226021,Low,0,Low,0,9.74018,2225.77,7.70831,0.0870896,0.0374918
2880,RL,6,Light Heavy,-0.00459242,Low,0,Low,0,9.78453,2236.03,7.7129,0.0872608,0.0374881
2881,RL,6,Light Heavy,0.00526857,Low,0,Low,0,9.73239,2224.27,7.70763,0.0872188,0.0374843
2882,RL,6,Light Heavy,0.00233889,Low,0,Low,0,9.70605,2219.07,7.70529,0.0869792,0.0374806
2883,RL,6,Light Heavy,-0.00184917,Low,0,Low,0,9.72753,2223.18,7.70714,0.087175,0.0374768
2884,RL,6,Light Heavy,-0.00153446,Low,0,Low,0,9.74846,2226.6,7.70868,0.0871885,0.0374731
2885,RL,6,Light Heavy,0.000727177,Low,0,Low,0,9.74182,2224.98,7.70795,0.0870761,0.0374693
2886,RL,6,Light Heavy,-0.000290394,Low,0,Low,0,9.73688,2225.62,7.70824,0.0870491,0.0374656
2887,RL,6,Light Heavy,-0.000828743,Low,0,Low,0,9.74585,2227.47,7.70907,0.0869883,0.0374618
2888,RL,6,Light Heavy,0.00403643,Low,0,Low,0,9.70663,2218.49,7.70503,0.0869285,0.0374581
2889,RL,6,Light Heavy,-0.00458622,Low,0,Low,0,9.74354,2228.69,7.70962,0.0869748,0.0374544
2890,RL,6,Balanced,-0.00412464,Low,0,Low,0,9.79656,2237.91,7.71374,0.0874161,0.0374506
2891,RL,6,Balanced,0.00699902,Low,0,Low,0,9.72988,2222.29,7.70675,0.0902522,0.0374469
2892,RL,6,Balanced,-0.000845909,Low,0,Low,0,9.74178,2224.18,7.70759,0.090245,0.0374431
2893,RL,6,Balanced,-0.00203562,Low,0,Low,0,9.76388,2228.71,7.70963,0.0903781,0.0374394
2894,RL,6,Balanced,-0.00261259,Low,0,Low,0,9.78411,2234.54,7.71224,0.0904938,0.0374356
2895,RL,6,Balanced,0.00678635,Low,0,Low,0,9.71448,2219.42,7.70545,0.0900564,0.0374319
2896,RL,6,Balanced,-0.00393963,Low,0,Low,0,9.75868,2228.19,7.70939,0.0905232,0.0374281
2897,RL,6,Balanced,-0.00373411,Low,0,Low,0,9.79783,2236.53,7.71313,0.0906573,0.0374244
2898,RL,6,Balanced,0.00794458,Low,0,Low,0,9.71266,2218.82,7.70518,0.0903516,0.0374207
2899,RL,6,Balanced,-0.000803471,Low,0,Low,0,9.72211,2220.61,7.70599,0.0903332,0.0374169
2900,RL,6,Balanced,-0.0057497,Low,0,Low,0,9.77722,2233.42,7.71174,0.0905787,0.0374132
2901,RL,6,Balanced,0.00365686,Low,0,Low,0,9.74178,2225.26,7.70808,0.0902932,0.0374094
2902,RL,6,Balanced,0.00260735,Low,0,Low,0,9.71707,2219.46,7.70547,0.090218,0.0374057
2903,RL,6,Balanced,-0.000822544,Low,0,Low,0,9.72499,2221.29,7.70629,0.0904905,0.037402
2904,RL,6,Balanced,-0.00407457,Low,0,Low,0,9.77043,2230.36,7.71037,0.0903284,0.0373982
2905,RL,6,Balanced,0.00256872,Low,0,Low,0,9.744,2224.64,7.7078,0.0902826,0.0373945
2906,RL,6,Balanced,0.000626564,Low,0,Low,0,9.73231,2223.25,7.70717,0.0902223,0.0373907
2907,RL,6,Balanced,-0.003304,Low,0,Low,0,9.76818,2230.61,7.71048,0.0905136,0.037387
2908,RL,6,Balanced,0.0027051,Low,0,Low,0,9.74358,2224.58,7.70777,0.0904755,0.0373833
2909,RL,6,Balanced,0.00263357,Low,0,Low,0,9.72227,2218.72,7.70514,0.0901196,0.0373795
2910,RL,6,Balanced,-0.00279522,Low,0,Low,0,9.74303,2224.94,7.70793,0.0904986,0.0373758
2911,RL,6,Balanced,-0.00137806,Low,0,Low,0,9.75632,2228.01,7.70931,0.0903824,0.037372
2912,RL,6,Balanced,0.00132561,Low,0,Low,0,9.74224,2225.05,7.70799,0.0904948,0.0373683
2913,RL,6,Balanced,0.000749111,Low,0,Low,0,9.73842,2223.39,7.70724,0.0901717,0.0373646
2914,RL,6,Balanced,0.00275421,Low,0,Low,0,9.70908,2217.27,7.70448,0.0902267,0.0373608
2915,RL,6,Balanced,-0.00509119,Low,0,Low,0,9.76404,2228.59,7.70957,0.0906395,0.0373571
2916,RL,6,Balanced,0.0062623,Low,0,Low,0,9.69822,2214.67,7.70331,0.0902107,0.0373534
2917,RL,6,Balanced,-0.0055294,Low,0,Low,0,9.74519,2226.96,7.70884,0.0903096,0.0373496
2918,RL,6,Balanced,0.00574493,Low,0,Low,0,9.6923,2214.2,7.7031,0.0901133,0.0373459
2919,RL,6,Balanced,-0.00371122,Low,0,Low,0,9.7383,2222.43,7.70681,0.0903897,0.0373422
2920,RL,6,Balanced,9.01222e-05,Low,0,Low,0,9.73119,2222.23,7.70672,0.0902884,0.0373384
2921,RL,6,Balanced,-0.000496387,Low,0,Low,0,9.73484,2223.34,7.70721,0.0903689,0.0373347
2922,RL,6,Balanced,0.000818253,Low,0,Low,0,9.7264,2221.52,7.7064,0.0901215,0.037331
2923,RL,6,Balanced,-0.00524569,Low,0,Low,0,9.77603,2233.21,7.71164,0.0905927,0.0373272
2924,RL,6,Balanced,0.00685358,Low,0,Low,0,9.71201,2217.95,7.70479,0.0901717,0.0373235
2925,RL,6,Balanced,-0.00259209,Low,0,Low,0,9.73548,2223.71,7.70738,0.090381,0.0373198
2926,RL,6,Balanced,-0.00302839,Low,0,Low,0,9.76529,2230.45,7.71041,0.0902484,0.037316
2927,RL,6,Balanced,0.000825405,Low,0,Low,0,9.76029,2228.61,7.70958,0.0905314,0.0373123
2928,RL,6,Balanced,-0.000565529,Low,0,Low,0,9.76269,2229.87,7.71015,0.0906149,0.0373086
2929,RL,6,Balanced,0.00114346,Low,0,Low,0,9.75604,2227.32,7.709,0.090284,0.0373048
2930,RL,6,Balanced,-0.000751019,Low,0,Low,0,9.76696,2229,7.70976,0.0906771,0.0373011
2931,RL,6,Balanced,0.00525475,Low,0,Low,0,9.70678,2217.31,7.7045,0.0902218,0.0372974
2932,RL,6,Balanced,-0.00545835,Low,0,Low,0,9.76653,2229.45,7.70996,0.0903723,0.0372937
2933,RL,6,Balanced,0.00215912,Low,0,Low,0,9.73694,2224.64,7.7078,0.0903168,0.0372899
2934,RL,6,Balanced,-0.00273275,Low,0,Low,0,9.76705,2230.73,7.71053,0.0905194,0.0372862
2935,RL,6,Balanced,0.00566006,Low,0,Low,0,9.71436,2218.14,7.70487,0.090327,0.0372825
2936,RL,6,Balanced,0.00189161,Low,0,Low,0,9.69517,2213.94,7.70298,0.0903371,0.0372787
2937,RL,6,Balanced,-0.00802374,Low,0,Low,0,9.77549,2231.79,7.71101,0.0903901,0.037275
2938,RL,6,Balanced,-0.000812054,Low,0,Low,0,9.78332,2233.6,7.71182,0.0904683,0.0372713
2939,RL,6,Balanced,0.00526476,Low,0,Low,0,9.7333,2221.87,7.70655,0.0903525,0.0372676
2940,RL,6,Balanced,-0.00185871,Low,0,Low,0,9.74731,2226,7.70841,0.0902498,0.0372638
2941,RL,6,Balanced,0.00520182,Low,0,Low,0,9.69311,2214.45,7.70321,0.0900907,0.0372601
2942,RL,6,Balanced,-0.0066247,Low,0,Low,0,9.76543,2229.17,7.70983,0.0904456,0.0372564
2943,RL,6,Balanced,0.00454283,Low,0,Low,0,9.71967,2219.06,7.70529,0.0901673,0.0372526
2944,RL,6,Balanced,-0.00516987,Low,0,Low,0,9.77055,2230.57,7.71046,0.090448,0.0372489
2945,RL,6,Light Heavy,-0.00242472,Low,0,Low,0,9.79478,2235.99,7.71289,0.0908063,0.0372452
2946,RL,6,Light Heavy,0.00237417,Low,0,Low,0,9.76643,2230.68,7.71051,0.0871176,0.0372415
2947,RL,6,Light Heavy,0.00483418,Low,0,Low,0,9.71218,2219.92,7.70568,0.0870081,0.0372377
2948,RL,6,Light Heavy,-0.00108624,Low,0,Low,0,9.72383,2222.34,7.70676,0.0873076,0.037234
2949,RL,6,Light Heavy,-0.00187969,Low,0,Low,0,9.74074,2226.52,7.70864,0.087243,0.0372303
2950,RL,6,Light Heavy,0.00342035,Low,0,Low,0,9.71402,2218.91,7.70522,0.0871103,0.0372266
2951,RL,6,Light Heavy,-0.00409842,Low,0,Low,0,9.75672,2228.03,7.70932,0.0872598,0.0372229
2952,RL,6,Light Heavy,0.000691891,Low,0,Low,0,9.74729,2226.49,7.70863,0.0871465,0.0372191
2953,RL,6,Light Heavy,-0.00304508,Low,0,Low,0,9.77795,2233.28,7.71167,0.0873307,0.0372154
2954,RL,6,BSDF Heavy,0.00392008,Low,0,Low,0,9.73549,2224.54,7.70775,0.0871894,0.0372117
2955,RL,6,Light Heavy,-0.00354433,Low,0,Low,0,9.78203,2232.44,7.7113,0.089782,0.037208
2956,RL,6,Light Heavy,0.00551653,Low,0,Low,0,9.71697,2220.16,7.70578,0.0870612,0.0372043
2957,RL,6,Light Heavy,-0.00150728,Low,0,Low,0,9.72578,2223.51,7.70729,0.0870414,0.0372005
2958,RL,6,Light Heavy,0.00316334,Low,0,Low,0,9.69645,2216.48,7.70413,0.0869353,0.0371968
2959,RL,6,Light Heavy,-0.00402546,Low,0,Low,0,9.74362,2225.42,7.70815,0.0872873,0.0371931
2960,RL,6,Light Heavy,-0.000192165,Low,0,Low,0,9.73989,2225.85,7.70834,0.0871455,0.0371894
2961,RL,6,Light Heavy,0.000411034,Low,0,Low,0,9.73765,2224.94,7.70793,0.0872241,0.0371857
2962,RL,6,Light Heavy,0.00184155,Low,0,Low,0,9.71796,2220.84,7.70609,0.0867385,0.0371819
2963,RL,6,Light Heavy,-0.000791073,Low,0,Low,0,9.72463,2222.6,7.70688,0.0872029,0.0371782
2964,RL,6,Light Heavy,-0.0022521,Low,0,Low,0,9.75089,2227.61,7.70913,0.0871267,0.0371745
2965,RL,6,Light Heavy,0.00371552,Low,0,Low,0,9.70901,2219.35,7.70542,0.0870906,0.0371708
2966,RL,6,Light Heavy,-0.00138283,Low,0,Low,0,9.73097,2222.42,7.7068,0.0870042,0.0371671
2967,RL,6,Light Heavy,0.000529289,Low,0,Low,0,9.71922,2221.24,7.70627,0.0870862,0.0371633
2968,RL,6,Light Heavy,0.000271797,Low,0,Low,0,9.72158,2220.64,7.706,0.0872213,0.0371596
2969,RL,6,Light Heavy,-0.00184059,Low,0,Low,0,9.7404,2224.73,7.70784,0.0872454,0.0371559
2970,RL,6,Light Heavy,-9.25064e-05,Low,0,Low,0,9.73984,2224.94,7.70793,0.0871224,0.0371522
2971,RL,6,Light Heavy,-0.000382423,Low,0,Low,0,9.74258,2225.79,7.70832,0.0872439,0.0371485
2972,RL,6,Light Heavy,0.000868797,Low,0,Low,0,9.73668,2223.86,7.70745,0.0872791,0.0371448
2973,RL,6,Light Heavy,0.00424099,Low,0,Low,0,9.69179,2214.44,7.70321,0.0871364,0.0371411
2974,RL,6,Light Heavy,-0.00638485,Low,0,Low,0,9.74747,2228.63,7.70959,0.0870004,0.0371373
2975,RL,6,Balanced,0.00355244,Low,0,Low,0,9.7215,2220.72,7.70604,0.087132,0.0371336
2976,RL,6,Light Heavy,-3.48091e-05,Low,0,Low,0,9.72781,2220.8,7.70607,0.0904022,0.0371299
2977,RL,6,Light Heavy,-0.00460768,Low,0,Low,0,9.76936,2231.06,7.71068,0.087078,0.0371262
2978,RL,6,Light Heavy,0.00585508,Low,0,Low,0,9.71083,2218.03,7.70483,0.0869869,0.0371225
2979,RL,6,Light Heavy,-0.00508213,Low,0,Low,0,9.75819,2229.34,7.70991,0.0871759,0.0371188
2980,RL,6,Light Heavy,0.00596762,Low,0,Low,0,9.70232,2216.07,7.70394,0.087106,0.0371151
2981,RL,6,Light Heavy,-0.00468349,Low,0,Low,0,9.74798,2226.48,7.70862,0.0871894,0.0371114
2982,RL,6,Light Heavy,-0.000505447,Low,0,Low,0,9.75327,2227.6,7.70913,0.0872068,0.0371076
2983,RL,6,Light Heavy,0.000581264,Low,0,Low,0,9.7514,2226.31,7.70855,0.0871967,0.0371039
2984,RL,6,Light Heavy,0.0040617,Low,0,Low,0,9.69633,2217.28,7.70449,0.0869237,0.0371002
2985,RL,6,Light Heavy,-0.00523424,Low,0,Low,0,9.75767,2228.92,7.70972,0.0871263,0.0370965
2986,RL,6,Light Heavy,0.00542974,Low,0,Low,0,9.7021,2216.85,7.70429,0.0869247,0.0370928
2987,RL,6,Light Heavy,-0.00611401,Low,0,Low,0,9.76634,2230.45,7.71041,0.0873626,0.0370891
2988,RL,6,Light Heavy,0.00668716,Low,0,Low,0,9.6984,2215.57,7.70372,0.0870505,0.0370854
2989,RL,6,Light Heavy,-0.00317764,Low,0,Low,0,9.72978,2222.63,7.7069,0.0871499,0.0370817
2990,RL,6,Light Heavy,0.000258446,Low,0,Low,0,9.71341,2222.05,7.70664,0.0868157,0.037078
2991,RL,6,Light Heavy,-0.000911713,Low,0,Low,0,9.72938,2224.08,7.70755,0.0869864,0.0370743
2992,RL,6,Light Heavy,-0.00251961,Low,0,Low,0,9.76121,2229.7,7.71007,0.0871865,0.0370706
2993,RL,6,Light Heavy,0.000837803,Low,0,Low,0,9.75616,2227.83,7.70923,0.0872618,0.0370669
2994,RL,6,Light Heavy,0.00119686,Low,0,Low,0,9.74123,2225.16,7.70803,0.08716,0.0370631
2995,RL,6,Light Heavy,0.00103855,Low,0,Low,0,9.73468,2222.85,7.707,0.0872921,0.0370594
2996,RL,6,Light Heavy,0.00143433,Low,0,Low,0,9.71021,2219.66,7.70556,0.0870539,0.0370557
2997,RL,6,Light Heavy,-0.000547409,Low,0,Low,0,9.71849,2220.88,7.70611,0.0869473,0.037052
2998,RL,6,Light Heavy,-0.00342131,Low,0,Low,0,9.75403,2228.49,7.70953,0.0873606,0.0370483
2999,RL,6,Light Heavy,0.00192976,Low,0,Low,0,9.73225,2224.2,7.7076,0.0871036,0.0370446
3000,RL,6,Light Heavy,0.000669956,Low,0,Low,0,9.72918,2222.71,7.70693,0.0870795,0.0370409
3001,RL,6,Light Heavy,-0.00340319,Low,0,Low,0,9.75844,2230.29,7.71033,0.0873278,0.0370372
3002,RL,6,Light Heavy,0.00456667,Low,0,Low,0,9.71328,2220.12,7.70577,0.087093,0.0370335
3003,RL,6,Light Heavy,-0.0055275,Low,0,Low,0,9.77277,2232.43,7.71129,0.0871508,0.0370298
3004,RL,6,Light Heavy,0.000229836,Low,0,Low,0,9.76689,2231.92,7.71106,0.0870525,0.0370261
3005,RL,6,Light Heavy,0.00189829,Low,0,Low,0,9.75432,2227.68,7.70917,0.0873317,0.0370224
3006,RL,6,Light Heavy,0.00185633,Low,0,Low,0,9.7359,2223.55,7.70731,0.0872377,0.0370187
3007,RL,6,Light Heavy,-0.00141525,Low,0,Low,0,9.74375,2226.7,7.70872,0.0872164,0.037015
3008,RL,6,Light Heavy,0.00196457,Low,0,Low,0,9.725,2222.33,7.70676,0.0870775,0.0370113
3009,RL,6,BSDF Heavy,-0.00252485,Low,0,Low,0,9.74449,2227.95,7.70929,0.0869753,0.0370076
3010,RL,6,Light Heavy,-0.00109196,Low,0,Low,0,9.77184,2230.38,7.71038,0.0898703,0.0370039
3011,RL,6,Light Heavy,0.000232697,Low,0,Low,0,9.75997,2229.86,7.71014,0.087296,0.0370002
3012,RL,6,Light Heavy,-0.00149441,Low,0,Low,0,9.77794,2233.2,7.71164,0.0874585,0.0369965
3013,RL,6,Light Heavy,0.00109911,Low,0,Low,0,9.76288,2230.75,7.71054,0.0871504,0.0369928
3014,RL,6,Light Heavy,0.00468731,Low,0,Low,0,9.71512,2220.31,7.70585,0.0870313,0.0369891
3015,RL,6,Light Heavy,0.00195551,Low,0,Low,0,9.70006,2215.97,7.7039,0.0869382,0.0369854
3016,RL,6,Light Heavy,-0.00199604,Low,0,Low,0,9.71427,2220.4,7.70589,0.0868678,0.0369817
3017,RL,6,Light Heavy,0.000793934,Low,0,Low,0,9.71589,2218.64,7.7051,0.0868793,0.036978
3018,RL,6,Light Heavy,-0.00401068,Low,0,Low,0,9.74669,2227.56,7.70911,0.0871557,0.0369743
3019,RL,6,BSDF Heavy,0.00239372,Low,0,Low,0,9.72309,2222.23,7.70672,0.0870616,0.0369706
3020,RL,6,Light Heavy,0.000555038,Low,0,Low,0,9.72682,2221,7.70616,0.0895457,0.0369669
3021,RL,6,Light Heavy,0.00121212,Low,0,Low,0,9.71441,2218.3,7.70495,0.0868851,0.0369632
3022,RL,6,Light Heavy,-0.00495386,Low,0,Low,0,9.76358,2229.33,7.7099,0.0872449,0.0369595
3023,RL,6,Light Heavy,0.00137043,Low,0,Low,0,9.74777,2226.27,7.70853,0.0871624,0.0369558
3024,RL,6,Light Heavy,0.00141954,Low,0,Low,0,9.7361,2223.11,7.70711,0.0871156,0.0369521
3025,RL,6,Light Heavy,-0.00289726,Low,0,Low,0,9.76366,2229.56,7.71001,0.0873442,0.0369484
3026,RL,6,Light Heavy,0.00106668,Low,0,Low,0,9.75145,2227.19,7.70894,0.0872261,0.0369447
3027,RL,6,Light Heavy,-0.000391006,Low,0,Low,0,9.75886,2228.06,7.70933,0.0873264,0.036941
3028,RL,6,Light Heavy,-0.000693798,Low,0,Low,0,9.75683,2229.6,7.71003,0.087216,0.0369373
3029,RL,6,Light Heavy,0.00284481,Low,0,Low,0,9.72629,2223.27,7.70718,0.0872753,0.0369336
3030,RL,6,Light Heavy,-0.000908375,Low,0,Low,0,9.74034,2225.29,7.70809,0.0870838,0.03693
3031,RL,6,Light Heavy,0.000240326,Low,0,Low,0,9.73316,2224.75,7.70785,0.08712,0.0369263
3032,RL,6,Light Heavy,-0.000406742,Low,0,Low,0,9.74527,2225.66,7.70826,0.0872651,0.0369226
3033,RL,6,Light Heavy,0.00415087,Low,0,Low,0,9.70461,2216.44,7.70411,0.0868567,0.0369189
3034,RL,6,Light Heavy,-0.00524473,Low,0,Low,0,9.75237,2228.1,7.70935,0.0871996,0.0369152
3035,RL,6,Light Heavy,0.00424623,Low,0,Low,0,9.7151,2218.65,7.70511,0.0873688,0.0369115
3036,RL,6,Light Heavy,0.00117397,Low,0,Low,0,9.70017,2216.05,7.70393,0.0871542,0.0369078
3037,RL,6,Light Heavy,-0.00426674,Low,0,Low,0,9.73959,2225.53,7.7082,0.0870906,0.0369041
3038,RL,6,Light Heavy,-0.00263834,Low,0,Low,0,9.76347,2231.41,7.71084,0.0872859,0.0369004
3039,RL,6,Light Heavy,-0.000635624,Low,0,Low,0,9.7702,2232.83,7.71147,0.0871904,0.0368967
3040,RL,6,Light Heavy,5.24521e-06,Low,0,Low,0,9.76843,2232.82,7.71147,0.0872396,0.036893
3041,RL,6,Light Heavy,0.00675011,Low,0,Low,0,9.70796,2217.79,7.70472,0.0870173,0.0368894
3042,RL,6,Light Heavy,0.000150204,Low,0,Low,0,9.70239,2217.46,7.70457,0.086713,0.0368857
3043,RL,6,Light Heavy,-0.000427723,Low,0,Low,0,9.71345,2218.41,7.70499,0.0871364,0.036882
3044,RL,6,Light Heavy,-0.0060153,Low,0,Low,0,9.76341,2231.8,7.71101,0.0870496,0.0368783
3045,RL,6,Light Heavy,0.00200987,Low,0,Low,0,9.75113,2227.31,7.709,0.0872695,0.0368746
3046,RL,6,Light Heavy,-0.00222254,Low,0,Low,0,9.76175,2232.27,7.71122,0.0872714,0.0368709
3047,RL,6,Light Heavy,0.0050149,Low,0,Low,0,9.72411,2221.1,7.70621,0.0871962,0.0368672
3048,RL,6,Light Heavy,-0.00171328,Low,0,Low,0,9.74407,2224.91,7.70792,0.0872198,0.0368635
3049,RL,6,Light Heavy,0.00606918,Low,0,Low,0,9.68214,2211.44,7.70185,0.086917,0.0368599
3050,RL,6,Light Heavy,-0.00350189,Low,0,Low,0,9.71567,2219.2,7.70535,0.0870274,0.0368562
3051,RL,6,Light Heavy,0.000629902,Low,0,Low,0,9.70765,2217.8,7.70472,0.0871205,0.0368525
3052,RL,6,Light Heavy,-0.00278378,Low,0,Low,0,9.73378,2223.99,7.70751,0.0872015,0.0368488
3053,RL,6,Light Heavy,-0.000374794,Low,0,Low,0,9.73872,2224.82,7.70788,0.0872762,0.0368451
3054,RL,6,Light Heavy,-0.00166512,Low,0,Low,0,9.75533,2228.53,7.70955,0.0872473,0.0368414
3055,RL,6,Light Heavy,0.00475359,Low,0,Low,0,9.7049,2217.96,7.70479,0.0868451,0.0368377
3056,RL,6,Light Heavy,-0.00481653,Low,0,Low,0,9.75336,2228.67,7.70961,0.0872733,0.0368341
3057,RL,6,Light Heavy,0.000585556,Low,0,Low,0,9.75033,2227.37,7.70902,0.0871976,0.0368304
3058,RL,6,Light Heavy,0.0027113,Low,0,Low,0,9.72016,2221.33,7.70631,0.0869941,0.0368267
3059,RL,6,Light Heavy,0.0028038,Low,0,Low,0,9.69327,2215.11,7.70351,0.0868205,0.036823
3060,RL,6,Light Heavy,-0.00134134,Low,0,Low,0,9.70634,2218.09,7.70485,0.0870259,0.0368193
3061,RL,6,Light Heavy,-0.0034647,Low,0,Low,0,9.74788,2225.79,7.70832,0.0872121,0.0368157
3062,RL,6,Light Heavy,0.0039711,Low,0,Low,0,9.70046,2216.96,7.70434,0.0869845,0.036812
3063,RL,6,Light Heavy,-0.000833035,Low,0,Low,0,9.70602,2218.81,7.70518,0.0871759,0.0368083
3064,RL,6,Light Heavy,-0.00202131,Low,0,Low,0,9.73044,2223.3,7.7072,0.0869801,0.0368046
3065,RL,6,Light Heavy,0.00300932,Low,0,Low,0,9.70208,2216.62,7.70419,0.0869951,0.0368009
3066,RL,6,Light Heavy,-0.0027914,Low,0,Low,0,9.72766,2222.82,7.70698,0.0871783,0.0367972
3067,RL,6,Light Heavy,0.00310087,Low,0,Low,0,9.70299,2215.93,7.70388,0.0868808,0.0367936
3068,RL,6,Light Heavy,-0.00513172,Low,0,Low,0,9.74522,2227.34,7.70901,0.087107,0.0367899
3069,RL,6,Light Heavy,0.00251245,Low,0,Low,0,9.72691,2221.75,7.7065,0.087078,0.0367862
3070,RL,6,Light Heavy,0.00311756,Low,0,Low,0,9.69144,2214.83,7.70338,0.0870014,0.0367825
3071,RL,6,Light Heavy,-0.00611115,Low,0,Low,0,9.74701,2228.41,7.70949,0.0870665,0.0367789
3072,RL,6,Light Heavy,0.00359917,Low,0,Low,0,9.71203,2220.4,7.70589,0.0870698,0.0367752
3073,RL,6,Light Heavy,-0.0026474,Low,0,Low,0,9.74069,2226.29,7.70854,0.0872386,0.0367715
3074,RL,6,Light Heavy,-0.000752926,Low,0,Low,0,9.75133,2227.97,7.70929,0.0872695,0.0367678
3075,RL,6,Light Heavy,0.000586987,Low,0,Low,0,9.74186,2226.66,7.70871,0.0869608,0.0367641
3076,RL,6,Light Heavy,-0.000798225,Low,0,Low,0,9.75333,2228.44,7.70951,0.0871026,0.0367605
3077,RL,6,Light Heavy,0.000752926,Low,0,Low,0,9.74885,2226.76,7.70875,0.0873751,0.0367568
3078,RL,6,Light Heavy,-0.00178623,Low,0,Low,0,9.75858,2230.74,7.71054,0.086984,0.0367531
3079,RL,6,Balanced,0.00235939,Low,0,Low,0,9.73635,2225.49,7.70818,0.087175,0.0367494
3080,RL,6,Light Heavy,0.00256681,Low,0,Low,0,9.72305,2219.78,7.70561,0.0904017,0.0367458
3081,RL,6,Balanced,-0.00477743,Low,0,Low,0,9.75916,2230.41,7.71039,0.0871089,0.0367421
3082,RL,6,Balanced,0.00373459,Low,0,Low,0,9.73297,2222.09,7.70666,0.0906231,0.0367384
3083,RL,6,Balanced,-0.00262403,Low,0,Low,0,9.75061,2227.94,7.70928,0.0904335,0.0367347
3084,RL,6,Balanced,0.00606441,Low,0,Low,0,9.70097,2214.46,7.70322,0.0903511,0.0367311
3085,RL,6,Balanced,0.00144768,Low,0,Low,0,9.67872,2211.25,7.70177,0.0900053,0.0367274
3086,RL,6,Balanced,-0.00801229,Low,0,Low,0,9.76297,2229.05,7.70978,0.0904215,0.0367237
3087,RL,6,Balanced,0.0059166,Low,0,Low,0,9.70097,2215.9,7.70386,0.0902667,0.0367201
3088,RL,6,Balanced,-0.00442505,Low,0,Low,0,9.7506,2225.73,7.70829,0.0904842,0.0367164
3089,RL,6,Balanced,0.00200748,Low,0,Low,0,9.72606,2221.26,7.70628,0.0903892,0.0367127
3090,RL,6,Balanced,-0.000984669,Low,0,Low,0,9.7384,2223.45,7.70727,0.090558,0.036709
3091,RL,6,Balanced,5.24521e-05,Low,0,Low,0,9.73199,2223.33,7.70721,0.090177,0.0367054
3092,RL,6,Balanced,-0.00143528,Low,0,Low,0,9.75079,2226.53,7.70865,0.0904548,0.0367017
3093,RL,6,Balanced,-0.000117779,Low,0,Low,0,9.74817,2226.79,7.70877,0.0902874,0.036698
3094,RL,6,Balanced,0.000268459,Low,0,Low,0,9.74393,2226.19,7.7085,0.090272,0.0366944
3095,RL,6,Balanced,0.00129461,Low,0,Low,0,9.73778,2223.31,7.7072,0.0901447,0.0366907
3096,RL,6,Balanced,-0.00477839,Low,0,Low,0,9.77787,2233.97,7.71198,0.090504,0.036687
3097,RL,6,Balanced,0.00916767,Low,0,Low,0,9.68472,2213.57,7.70281,0.0900535,0.0366834
3098,RL,6,Balanced,-0.00363064,Low,0,Low,0,9.73231,2221.63,7.70644,0.0902908,0.0366797
3099,RL,6,Balanced,-0.00148535,Low,0,Low,0,9.7388,2224.93,7.70793,0.0905353,0.036676
3100,RL,6,Balanced,0.00270796,Low,0,Low,0,9.71909,2218.91,7.70522,0.0901408,0.0366724
3101,RL,6,Balanced,-0.000968456,Low,0,Low,0,9.72895,2221.06,7.70619,0.0904239,0.0366687
3102,RL,6,Balanced,-0.00363207,Low,0,Low,0,9.76296,2229.15,7.70982,0.0902749,0.036665
3103,RL,6,Balanced,0.00311422,Low,0,Low,0,9.73361,2222.21,7.70671,0.090449,0.0366613
3104,RL,6,Balanced,-0.00329685,Low,0,Low,0,9.76148,2229.55,7.71,0.090612,0.0366577
3105,RL,6,Balanced,0.000685215,Low,0,Low,0,9.75587,2228.02,7.70932,0.0902257,0.036654
3106,RL,6,Balanced,-0.000553131,Low,0,Low,0,9.76233,2229.26,7.70987,0.090719,0.0366504
3107,RL,6,Balanced,-0.00062418,Low,0,Low,0,9.7632,2230.65,7.7105,0.0904403,0.0366467
3108,RL,6,Balanced,0.002285,Low,0,Low,0,9.73769,2225.56,7.70821,0.0900974,0.036643
3109,RL,6,Balanced,0.00523567,Low,0,Low,0,9.69074,2213.93,7.70298,0.0901707,0.0366394
3110,RL,6,Balanced,-0.00319958,Low,0,Low,0,9.72469,2221.03,7.70618,0.0901495,0.0366357
3111,RL,6,Balanced,-0.00222778,Low,0,Low,0,9.74912,2225.98,7.7084,0.0903236,0.036632
3112,RL,6,Balanced,0.000383377,Low,0,Low,0,9.74487,2225.13,7.70802,0.090286,0.0366284
3113,RL,6,Balanced,-0.000715733,Low,0,Low,0,9.75247,2226.72,7.70874,0.0904606,0.0366247
3114,RL,6,Balanced,0.00180626,Low,0,Low,0,9.73233,2222.7,7.70693,0.0903868,0.036621
3115,RL,6,Balanced,0.000242233,Low,0,Low,0,9.72935,2222.17,7.70669,0.090409,0.0366174
3116,RL,6,Balanced,0.00261736,Low,0,Low,0,9.70654,2216.35,7.70407,0.0905556,0.0366137
3117,RL,6,Balanced,-0.00268793,Low,0,Low,0,9.73252,2222.32,7.70676,0.0902845,0.0366101
3118,RL,6,Balanced,-0.000669003,Low,0,Low,0,9.7368,2223.81,7.70743,0.0904596,0.0366064
3119,RL,6,Balanced,-0.003088,Low,0,Low,0,9.76834,2230.69,7.71052,0.0906144,0.0366027
3120,RL,6,Balanced,0.00414181,Low,0,Low,0,9.72495,2221.47,7.70637,0.0902763,0.0365991
3121,RL,6,Balanced,-0.00238991,Low,0,Low,0,9.75118,2226.78,7.70876,0.0903356,0.0365954
3122,RL,6,Balanced,-0.000534534,Low,0,Low,0,9.7588,2227.98,7.7093,0.0905194,0.0365918
3123,RL,6,Balanced,0.00535965,Low,0,Low,0,9.70517,2216.06,7.70394,0.0901244,0.0365881
3124,RL,6,Balanced,-0.00530148,Low,0,Low,0,9.75533,2227.85,7.70924,0.0903583,0.0365844
3125,RL,6,Balanced,0.000761509,Low,0,Low,0,9.74317,2226.15,7.70848,0.0903111,0.0365808
3126,RL,6,BSDF Heavy,0.00101566,Low,0,Low,0,9.74044,2223.89,7.70746,0.0902083,0.0365771
3127,RL,6,Balanced,-0.00252819,Low,0,Low,0,9.76953,2229.52,7.70999,0.0895341,0.0365735
3128,RL,6,Balanced,0.0019846,Low,0,Low,0,9.73991,2225.1,7.70801,0.0903082,0.0365698
3129,RL,6,Balanced,0.000556469,Low,0,Low,0,9.73269,2223.86,7.70745,0.0902445,0.0365662
3130,RL,6,Balanced,0.00392103,Low,0,Low,0,9.70228,2215.15,7.70353,0.0901553,0.0365625
3131,RL,6,Balanced,-0.0032444,Low,0,Low,0,9.73174,2222.35,7.70677,0.0905334,0.0365588
3132,RL,6,Balanced,-0.00289106,Low,0,Low,0,9.76097,2228.79,7.70966,0.0904133,0.0365552
3133,RL,6,Balanced,-0.00156593,Low,0,Low,0,9.77596,2232.29,7.71123,0.0905821,0.0365515
3134,RL,6,Balanced,-0.00200748,Low,0,Low,0,9.79296,2236.78,7.71324,0.0905845,0.0365479
3135,RL,6,Balanced,0.00545025,Low,0,Low,0,9.74473,2224.61,7.70779,0.0904519,0.0365442
3136,RL,6,Balanced,0.00330496,Low,0,Low,0,9.70181,2217.27,7.70448,0.090055,0.0365406
3137,RL,6,Balanced,-0.0050621,Low,0,Low,0,9.76152,2228.53,7.70954,0.0904707,0.0365369
3138,RL,6,Balanced,0.000133991,Low,0,Low,0,9.7571,2228.23,7.70941,0.0904003,0.0365333
3139,RL,6,Balanced,-0.0011034,Low,0,Low,0,9.77128,2230.69,7.71051,0.0902869,0.0365296
3140,RL,6,Balanced,0.00246429,Low,0,Low,0,9.74189,2225.2,7.70805,0.0902402,0.036526
3141,RL,6,Balanced,-0.00364017,Low,0,Low,0,9.77486,2233.31,7.71169,0.0903593,0.0365223
3142,RL,6,Balanced,0.00288582,Low,0,Low,0,9.75289,2226.88,7.7088,0.0905898,0.0365186
3143,RL,6,Balanced,0.00491142,Low,0,Low,0,9.69534,2215.96,7.70389,0.0901611,0.036515
3144,RL,6,Balanced,0.000337601,Low,0,Low,0,9.70028,2215.21,7.70355,0.0901857,0.0365113
3145,RL,6,Balanced,-0.00896406,Low,0,Low,0,9.79428,2235.17,7.71252,0.0907243,0.0365077
3146,RL,6,Balanced,0.00379038,Low,0,Low,0,9.74606,2226.71,7.70873,0.0902701,0.036504
3147,RL,6,Balanced,-9.53674e-07,Low,0,Low,0,9.75395,2226.71,7.70873,0.0903125,0.0365004
3148,RL,6,Balanced,0.00189209,Low,0,Low,0,9.73606,2222.5,7.70684,0.0906645,0.0364967
3149,RL,6,Balanced,0.00230646,Low,0,Low,0,9.71065,2217.38,7.70453,0.0902021,0.0364931
3150,RL,6,Balanced,-0.00590277,Low,0,Low,0,9.77057,2230.51,7.71043,0.0903757,0.0364894
3151,RL,6,Balanced,0.00391579,Low,0,Low,0,9.73032,2221.79,7.70652,0.0903781,0.0364858
3152,RL,6,Balanced,-0.00572205,Low,0,Low,0,9.79036,2234.54,7.71224,0.0904755,0.0364821
3153,RL,6,Balanced,0.0070529,Low,0,Low,0,9.71397,2218.83,7.70519,0.0902353,0.0364785
3154,RL,6,Light Heavy,-0.00731754,Low,0,Low,0,9.78495,2235.14,7.7125,0.0905204,0.0364749
3155,RL,6,Light Heavy,0.00397205,Low,0,Low,0,9.74206,2226.27,7.70853,0.0871605,0.0364712
3156,RL,6,Light Heavy,0.00282955,Low,0,Low,0,9.71408,2219.98,7.7057,0.0868755,0.0364676
3157,RL,6,Light Heavy,-0.000513077,Low,0,Low,0,9.73072,2221.12,7.70622,0.0869936,0.0364639
3158,RL,6,Light Heavy,0.000229836,Low,0,Low,0,9.71501,2220.61,7.70599,0.0869893,0.0364603
3159,RL,6,Balanced,-0.00568962,Low,0,Low,0,9.77396,2233.28,7.71168,0.0871841,0.0364566
3160,RL,6,Balanced,0.0078373,Low,0,Low,0,9.70106,2215.84,7.70384,0.0903004,0.036453
3161,RL,6,Balanced,-0.00316381,Low,0,Low,0,9.74162,2222.87,7.707,0.0904808,0.0364493
3162,RL,6,Balanced,-0.00189638,Low,0,Low,0,9.7501,2227.09,7.7089,0.0903255,0.0364457
3163,RL,6,Balanced,-0.000240803,Low,0,Low,0,9.74629,2227.62,7.70914,0.0904374,0.036442
3164,RL,6,Balanced,0.00188637,Low,0,Low,0,9.73212,2223.42,7.70725,0.0900921,0.0364384
3165,RL,6,Balanced,0.00190687,Low,0,Low,0,9.71811,2219.19,7.70535,0.0903019,0.0364348
3166,RL,6,Balanced,0.00402069,Low,0,Low,0,9.67006,2210.28,7.70133,0.0901635,0.0364311
3167,RL,6,Balanced,-0.00429773,Low,0,Low,0,9.71995,2219.8,7.70562,0.090353,0.0364275
3168,RL,6,Balanced,-0.00215578,Low,0,Low,0,9.73882,2224.59,7.70778,0.0903438,0.0364238
3169,RL,6,Balanced,-0.00359011,Low,0,Low,0,9.7802,2232.6,7.71137,0.0907571,0.0364202
3170,RL,6,Balanced,0.00533676,Low,0,Low,0,9.7192,2220.71,7.70603,0.0899836,0.0364165
3171,RL,6,Balanced,-0.00146294,Low,0,Low,0,9.74109,2223.96,7.7075,0.0904321,0.0364129
3172,RL,6,Balanced,-0.000107288,Low,0,Low,0,9.73706,2224.2,7.7076,0.0902247,0.0364093
3173,RL,6,Balanced,0.000362396,Low,0,Low,0,9.73541,2223.4,7.70724,0.0902715,0.0364056
3174,RL,6,Balanced,-0.00405788,Low,0,Low,0,9.76942,2232.44,7.7113,0.0903646,0.036402
3175,RL,6,Balanced,0.00569391,Low,0,Low,0,9.71684,2219.76,7.7056,0.0902797,0.0363983
3176,RL,6,Balanced,-0.00558281,Low,0,Low,0,9.77678,2232.19,7.71119,0.0906134,0.0363947
3177,RL,6,Balanced,0.004282,Low,0,Low,0,9.73157,2222.65,7.7069,0.0903207,0.0363911
3178,RL,6,Balanced,-0.00274277,Low,0,Low,0,9.76147,2228.76,7.70965,0.0902127,0.0363874
3179,RL,6,Balanced,4.76837e-07,Low,0,Low,0,9.75589,2228.76,7.70965,0.0905276,0.0363838
3180,RL,6,Balanced,0.00646591,Low,0,Low,0,9.70184,2214.38,7.70318,0.0902768,0.0363801
3181,RL,6,Balanced,-0.00286484,Low,0,Low,0,9.72361,2220.74,7.70605,0.0902025,0.0363765
3182,RL,6,Balanced,-0.00258207,Low,0,Low,0,9.75112,2226.48,7.70863,0.0905748,0.0363729
3183,RL,6,Light Heavy,-0.00457811,Low,0,Low,0,9.79461,2236.71,7.71321,0.0905763,0.0363692
3184,RL,6,Light Heavy,0.0074811,Low,0,Low,0,9.71387,2220.03,7.70573,0.087133,0.0363656
3185,RL,6,Light Heavy,-0.00621367,Low,0,Low,0,9.77948,2233.87,7.71194,0.0873293,0.036362
3186,RL,6,Light Heavy,0.00222921,Low,0,Low,0,9.74942,2228.89,7.70971,0.0873346,0.0363583
3187,RL,6,Light Heavy,0.00265884,Low,0,Low,0,9.73137,2222.97,7.70705,0.0871726,0.0363547
3188,RL,6,Light Heavy,0.00132275,Low,0,Low,0,9.71708,2220.03,7.70573,0.0871754,0.036351
3189,RL,6,Light Heavy,-0.00642586,Low,0,Low,0,9.78048,2234.35,7.71215,0.0871861,0.0363474
3190,RL,6,Light Heavy,0.00538588,Low,0,Low,0,9.71999,2222.34,7.70677,0.0868263,0.0363438
3191,RL,6,Light Heavy,-0.00646973,Low,0,Low,0,9.79189,2236.78,7.71324,0.0873129,0.0363401
3192,RL,6,Light Heavy,0.00302935,Low,0,Low,0,9.75471,2230.01,7.71021,0.0870988,0.0363365
3193,RL,6,Light Heavy,0.00399923,Low,0,Low,0,9.71689,2221.1,7.70621,0.0869628,0.0363329
3194,RL,6,Light Heavy,0.00225353,Low,0,Low,0,9.70044,2216.1,7.70396,0.0869261,0.0363292
3195,RL,6,Light Heavy,-0.00280523,Low,0,Low,0,9.73139,2222.33,7.70676,0.0869715,0.0363256
3196,RL,6,Light Heavy,0.000638962,Low,0,Low,0,9.72207,2220.91,7.70612,0.0871889,0.036322
3197,RL,6,Light Heavy,-0.00679111,Low,0,Low,0,9.7845,2236.05,7.71291,0.0874773,0.0363183
3198,RL,6,Balanced,0.00741577,Low,0,Low,0,9.71489,2219.52,7.7055,0.0870771,0.0363147
3199,RL,6,Light Heavy,-0.00191736,Low,0,Low,0,9.73202,2223.78,7.70741,0.0904191,0.0363111
3200,RL,6,Light Heavy,-0.000320911,Low,0,Low,0,9.73153,2224.5,7.70774,0.0869473,0.0363075
3201,RL,6,Balanced,-0.00140762,Low,0,Low,0,9.74399,2227.63,7.70914,0.0871446,0.0363038
3202,RL,6,Light Heavy,0.00340509,Low,0,Low,0,9.71755,2220.06,7.70574,0.0902025,0.0363002
3203,RL,6,Balanced,-0.00454664,Low,0,Low,0,9.75868,2230.18,7.71028,0.0871663,0.0362966
3204,RL,6,Balanced,0.00381279,Low,0,Low,0,9.73046,2221.69,7.70647,0.0903183,0.0362929
3205,RL,6,Balanced,-0.00379562,Low,0,Low,0,9.76377,2230.14,7.71027,0.090448,0.0362893
3206,RL,6,Balanced,0.00274897,Low,0,Low,0,9.74268,2224.01,7.70752,0.0903651,0.0362857
3207,RL,6,Balanced,-0.00278902,Low,0,Low,0,9.76108,2230.23,7.71031,0.090271,0.036282
3208,RL,6,Balanced,-0.000920296,Low,0,Low,0,9.77865,2232.28,7.71123,0.0906221,0.0362784
3209,RL,6,Balanced,0.00483274,Low,0,Low,0,9.72813,2221.52,7.7064,0.0902243,0.0362748
3210,RL,6,Balanced,-0.00326347,Low,0,Low,0,9.75584,2228.78,7.70966,0.0902908,0.0362712
3211,RL,6,Balanced,0.00275326,Low,0,Low,0,9.73546,2222.65,7.70691,0.0904538,0.0362675
3212,RL,6,Balanced,0.00249767,Low,0,Low,0,9.71104,2217.1,7.70441,0.0902368,0.0362639
3213,RL,6,Balanced,-0.00144196,Low,0,Low,0,9.71703,2220.3,7.70585,0.0902387,0.0362603
3214,RL,6,Balanced,0.0010314,Low,0,Low,0,9.70786,2218.01,7.70482,0.0904085,0.0362567
3215,RL,6,Balanced,-0.00129318,Low,0,Low,0,9.72274,2220.89,7.70611,0.0903217,0.036253
3216,RL,6,Balanced,-0.00443506,Low,0,Low,0,9.76704,2230.76,7.71055,0.0905204,0.0362494
3217,RL,6,Balanced,0.00246048,Low,0,Low,0,9.74058,2225.28,7.70809,0.0903347,0.0362458
3218,RL,6,Balanced,-4.62532e-05,Low,0,Low,0,9.74361,2225.38,7.70813,0.0903636,0.0362422
3219,RL,6,Balanced,-0.00233364,Low,0,Low,0,9.76141,2230.58,7.71047,0.0901717,0.0362385
3220,RL,6,Light Heavy,-0.000915527,Low,0,Low,0,9.78013,2232.63,7.71138,0.0904384,0.0362349
3221,RL,6,Light Heavy,0.0030508,Low,0,Low,0,9.73869,2225.82,7.70833,0.0871373,0.0362313
3222,RL,6,Light Heavy,-0.000533581,Low,0,Low,0,9.74637,2227.01,7.70886,0.0870732,0.0362277
3223,RL,6,Light Heavy,-0.000476837,Low,0,Low,0,9.75506,2228.07,7.70934,0.0870375,0.036224
3224,RL,6,Light Heavy,-0.000291348,Low,0,Low,0,9.756,2228.72,7.70963,0.0872478,0.0362204
3225,RL,6,Light Heavy,0.00150633,Low,0,Low,0,9.73292,2225.37,7.70813,0.0870197,0.0362168
3226,RL,6,Light Heavy,0.00251961,Low,0,Low,0,9.71556,2219.76,7.70561,0.0869575,0.0362132
3227,RL,6,Light Heavy,-0.00127506,Low,0,Low,0,9.73023,2222.6,7.70688,0.0871938,0.0362096
3228,RL,6,Light Heavy,0.00201988,Low,0,Low,0,9.7088,2218.11,7.70486,0.0869551,0.0362059
3229,RL,6,Light Heavy,-0.00502157,Low,0,Low,0,9.76309,2229.28,7.70988,0.0873071,0.0362023
3230,RL,6,Light Heavy,0.00100994,Low,0,Low,0,9.75315,2227.03,7.70887,0.0873061,0.0361987
3231,RL,6,Light Heavy,0.00209093,Low,0,Low,0,9.72457,2222.38,7.70678,0.0869054,0.0361951
3232,RL,6,Light Heavy,-0.00283289,Low,0,Low,0,9.75336,2228.68,7.70962,0.087023,0.0361915
3233,RL,6,Light Heavy,0.00377321,Low,0,Low,0,9.71665,2220.29,7.70584,0.0869642,0.0361878
3234,RL,6,Light Heavy,0.00251436,Low,0,Low,0,9.6967,2214.71,7.70333,0.0870877,0.0361842
3235,RL,6,Light Heavy,-0.00326395,Low,0,Low,0,9.71938,2221.95,7.70659,0.0868528,0.0361806
3236,RL,6,Light Heavy,0.000208855,Low,0,Low,0,9.72108,2221.49,7.70638,0.0869985,0.036177
3237,RL,6,Light Heavy,0.00124502,Low,0,Low,0,9.71551,2218.72,7.70514,0.0871619,0.0361734
3238,RL,6,Light Heavy,-0.00105572,Low,0,Low,0,9.72638,2221.07,7.70619,0.0871504,0.0361697
3239,RL,6,Light Heavy,0.00079298,Low,0,Low,0,9.70907,2219.31,7.7054,0.0869107,0.0361661
3240,RL,6,Light Heavy,-0.00235558,Low,0,Low,0,9.72668,2224.54,7.70776,0.087039,0.0361625
3241,RL,6,Light Heavy,0.00204134,Low,0,Low,0,9.71163,2220,7.70571,0.0871692,0.0361589
3242,RL,6,Light Heavy,-0.00360394,Low,0,Low,0,9.75738,2228.02,7.70932,0.0872111,0.0361553
3243,RL,6,Light Heavy,0.00473595,Low,0,Low,0,9.6998,2217.49,7.70458,0.0869594,0.0361517
3244,RL,6,Light Heavy,-0.00359631,Low,0,Low,0,9.74118,2225.48,7.70818,0.087093,0.0361481
3245,RL,6,Light Heavy,0.0011673,Low,0,Low,0,9.72584,2222.89,7.70701,0.0871865,0.0361444
3246,RL,6,Light Heavy,-0.0038166,Low,0,Low,0,9.76972,2231.39,7.71083,0.08735,0.0361408
3247,RL,6,Light Heavy,0.00158787,Low,0,Low,0,9.74852,2227.85,7.70924,0.0872642,0.0361372
3248,RL,6,Light Heavy,0.0017395,Low,0,Low,0,9.7336,2223.97,7.7075,0.0872338,0.0361336
3249,RL,6,Light Heavy,0.00391197,Low,0,Low,0,9.69184,2215.29,7.70359,0.0868716,0.03613
3250,RL,6,Light Heavy,-0.00571537,Low,0,Low,0,9.75131,2227.99,7.7093,0.0872743,0.0361264
3251,RL,6,Light Heavy,0.00084734,Low,0,Low,0,9.74038,2226.1,7.70846,0.0869121,0.0361228
3252,RL,6,Light Heavy,0.00334072,Low,0,Low,0,9.71466,2218.68,7.70512,0.0871856,0.0361191
3253,RL,6,Light Heavy,-0.00341129,Low,0,Low,0,9.74577,2226.26,7.70853,0.0872647,0.0361155
3254,RL,6,Light Heavy,0.00478029,Low,0,Low,0,9.69851,2215.64,7.70375,0.0868446,0.0361119
3255,RL,6,Light Heavy,-0.00293303,Low,0,Low,0,9.72945,2222.15,7.70668,0.0871455,0.0361083
3256,RL,6,Light Heavy,-0.000989914,Low,0,Low,0,9.73258,2224.35,7.70767,0.0870872,0.0361047
3257,RL,6,Light Heavy,-0.000672817,Low,0,Low,0,9.73671,2225.85,7.70834,0.0867414,0.0361011
3258,RL,6,Light Heavy,0.000603199,Low,0,Low,0,9.73626,2224.51,7.70774,0.0870857,0.0360975
3259,RL,6,Light Heavy,0.00460672,Low,0,Low,0,9.6833,2214.28,7.70313,0.0868205,0.0360939
3260,RL,6,Light Heavy,-0.00529385,Low,0,Low,0,9.74358,2226.04,7.70843,0.087132,0.0360903
3261,RL,6,Light Heavy,0.00111437,Low,0,Low,0,9.7331,2223.56,7.70731,0.0870361,0.0360867
3262,RL,6,Light Heavy,-0.00207376,Low,0,Low,0,9.75479,2228.17,7.70939,0.0871586,0.036083
3263,RL,6,Light Heavy,-0.000460625,Low,0,Low,0,9.75613,2229.2,7.70985,0.0872164,0.0360794
3264,RL,6,Light Heavy,0.00541544,Low,0,Low,0,9.70758,2217.16,7.70443,0.0869811,0.0360758
3265,RL,6,Balanced,-0.00642395,Low,0,Low,0,9.7645,2231.45,7.71086,0.0873399,0.0360722
3266,RL,6,Balanced,0.00270796,Low,0,Low,0,9.74249,2225.41,7.70815,0.0903728,0.0360686
3267,RL,6,Balanced,0.0020833,Low,0,Low,0,9.72102,2220.78,7.70606,0.0900993,0.036065
3268,RL,6,Light Heavy,-0.00504589,Low,0,Low,0,9.77299,2232.02,7.71111,0.0905908,0.0360614
3269,RL,6,Balanced,-0.00139999,Low,0,Low,0,9.78019,2235.15,7.71251,0.0872299,0.0360578
3270,RL,6,Balanced,0.00131607,Low,0,Low,0,9.77596,2232.21,7.71119,0.0905281,0.0360542
3271,RL,6,Balanced,0.00781918,Low,0,Low,0,9.699,2214.81,7.70337,0.0901408,0.0360506
3272,RL,6,Balanced,-0.0028801,Low,0,Low,0,9.72394,2221.2,7.70625,0.0901577,0.036047
3273,RL,6,Balanced,3.71933e-05,Low,0,Low,0,9.72136,2221.12,7.70622,0.0901567,0.0360434
3274,RL,6,Balanced,-0.00183582,Low,0,Low,0,9.74994,2225.2,7.70805,0.0906303,0.0360398
3275,RL,6,Balanced,-0.00115442,Low,0,Low,0,9.75464,2227.78,7.70921,0.0903815,0.0360362
3276,RL,6,Balanced,-0.000833511,Low,0,Low,0,9.77164,2229.64,7.71004,0.0904282,0.0360326
3277,RL,6,Balanced,-0.000729561,Low,0,Low,0,9.76894,2231.26,7.71077,0.090557,0.036029
3278,RL,6,Balanced,0.0041337,Low,0,Low,0,9.73273,2222.05,7.70664,0.0901177,0.0360254
3279,RL,6,Balanced,-0.00383186,Low,0,Low,0,9.77368,2230.59,7.71047,0.0903482,0.0360218
3280,RL,6,Balanced,0.00629902,Low,0,Low,0,9.70877,2216.58,7.70417,0.0902763,0.0360182
3281,RL,6,Light Heavy,-0.00303411,Low,0,Low,0,9.73349,2223.31,7.7072,0.0903834,0.0360146
3282,RL,6,Balanced,-0.00184536,Low,0,Low,0,9.74071,2227.42,7.70905,0.0871571,0.0360109
3283,RL,6,Balanced,-0.000659943,Low,0,Low,0,9.76234,2228.89,7.70971,0.090327,0.0360073
3284,RL,6,Balanced,-0.00144005,Low,0,Low,0,9.77553,2232.11,7.71115,0.0905758,0.0360037
3285,RL,6,Balanced,0.00250196,Low,0,Low,0,9.75087,2226.53,7.70865,0.090597,0.0360001
3286,RL,6,Balanced,0.000878811,Low,0,Low,0,9.74127,2224.57,7.70777,0.0900969,0.0359965
3287,RL,6,Balanced,0.00128698,Low,0,Low,0,9.73835,2221.71,7.70648,0.0903183,0.0359929
3288,RL,6,Balanced,-0.000473022,Low,0,Low,0,9.72867,2222.76,7.70695,0.0902672,0.0359893
3289,RL,6,Balanced,0.00193977,Low,0,Low,0,9.71845,2218.45,7.70502,0.0903791,0.0359857
3290,RL,6,Balanced,-0.000497341,Low,0,Low,0,9.71936,2219.56,7.70551,0.0902918,0.0359822
3291,RL,6,Balanced,-0.00266218,Low,0,Low,0,9.74329,2225.47,7.70817,0.0902662,0.0359786
3292,RL,6,Balanced,-0.0025053,Low,0,Low,0,9.76794,2231.06,7.71068,0.0904036,0.035975
3293,RL,6,Balanced,0.00440884,Low,0,Low,0,9.73022,2221.24,7.70627,0.0903665,0.0359714
3294,RL,6,Balanced,0.000915527,Low,0,Low,0,9.71414,2219.21,7.70536,0.0899904,0.0359678
3295,RL,6,Balanced,-0.00374842,Low,0,Low,0,9.75542,2227.55,7.7091,0.0906105,0.0359642
3296,RL,6,Balanced,-0.00161648,Low,0,Low,0,9.77079,2231.15,7.71072,0.0904094,0.0359606
3297,RL,6,Balanced,-0.00283003,Low,0,Low,0,9.79238,2237.48,7.71355,0.090461,0.035957
3298,RL,6,Balanced,0.00902176,Low,0,Low,0,9.70519,2217.37,7.70453,0.0901071,0.0359534
3299,RL,6,Balanced,0.00105715,Low,0,Low,0,9.69588,2215.03,7.70347,0.0901505,0.0359498
3300,RL,6,Balanced,0.00180769,Low,0,Low,0,9.67801,2211.03,7.70166,0.0900844,0.0359462
3301,RL,6,Balanced,-0.00300407,Low,0,Low,0,9.70599,2217.68,7.70467,0.0901399,0.0359426
3302,RL,6,Balanced,-0.00494194,Low,0,Low,0,9.76667,2228.67,7.70961,0.0906448,0.035939
3303,RL,6,Balanced,0.00137806,Low,0,Low,0,9.74541,2225.6,7.70823,0.0904244,0.0359354
3304,RL,6,Balanced,-0.000850201,Low,0,Low,0,9.75948,2227.5,7.70908,0.0904152,0.0359318
3305,RL,6,Balanced,-0.00230551,Low,0,Low,0,9.77638,2232.64,7.71139,0.0904099,0.0359282
3306,RL,6,Balanced,0.0055232,Low,0,Low,0,9.72027,2220.34,7.70586,0.090286,0.0359246
3307,RL,6,Balanced,-0.00230646,Low,0,Low,0,9.7463,2225.47,7.70817,0.0903795,0.035921
3308,RL,6,Balanced,-0.00224113,Low,0,Low,0,9.76872,2230.46,7.71041,0.0905469,0.0359174
3309,RL,6,Balanced,0.00195312,Low,0,Low,0,9.74773,2226.11,7.70846,0.0903236,0.0359139
3310,RL,6,Balanced,0.00452089,Low,0,Low,0,9.71017,2216.06,7.70394,0.0903221,0.0359103
3311,RL,6,Balanced,-0.00562954,Low,0,Low,0,9.75608,2228.58,7.70957,0.090408,0.0359067
3312,RL,6,Balanced,0.0031662,Low,0,Low,0,9.72455,2221.53,7.7064,0.0901225,0.0359031
3313,RL,6,Balanced,-0.00394392,Low,0,Low,0,9.76487,2230.31,7.71035,0.0906187,0.0358995
3314,RL,6,Balanced,0.00126934,Low,0,Low,0,9.75435,2227.48,7.70908,0.0903048,0.0358959
3315,RL,6,Balanced,-0.00152159,Low,0,Low,0,9.76929,2230.88,7.7106,0.0904249,0.0358923
3316,RL,6,Balanced,0.0040617,Low,0,Low,0,9.72961,2221.83,7.70654,0.0902459,0.0358887
3317,RL,6,Balanced,0.00119543,Low,0,Low,0,9.71401,2219.17,7.70534,0.0900965,0.0358851
3318,RL,6,Balanced,0.000387192,Low,0,Low,0,9.71042,2218.31,7.70495,0.0899836,0.0358815
3319,RL,6,Balanced,-0.00641346,Low,0,Low,0,9.77864,2232.59,7.71137,0.0905922,0.035878
3320,RL,6,Balanced,0.00157642,Low,0,Low,0,9.76202,2229.07,7.70979,0.0904022,0.0358744
3321,RL,6,Balanced,0.00373507,Low,0,Low,0,9.72769,2220.76,7.70606,0.0906067,0.0358708
3322,RL,6,Balanced,-0.00464392,Low,0,Low,0,9.76782,2231.1,7.7107,0.0904871,0.0358672
3323,RL,6,Balanced,0.00641298,Low,0,Low,0,9.71205,2216.83,7.70429,0.0902223,0.0358636
3324,RL,6,Balanced,-0.00462294,Low,0,Low,0,9.74788,2227.11,7.70891,0.0902324,0.03586
3325,RL,6,Balanced,-0.000812531,Low,0,Low,0,9.7674,2228.92,7.70972,0.0905155,0.0358564
3326,RL,6,Balanced,0.0013938,Low,0,Low,0,9.75147,2225.81,7.70833,0.0904977,0.0358528
3327,RL,6,Balanced,-0.00168753,Low,0,Low,0,9.76607,2229.58,7.71002,0.0906115,0.0358493
3328,RL,6,Balanced,0.00296831,Low,0,Low,0,9.73622,2222.96,7.70705,0.0904451,0.0358457
3329,RL,6,Balanced,0.00349855,Low,0,Low,0,9.69917,2215.2,7.70355,0.0901283,0.0358421
3330,RL,6,Balanced,-0.010056,Low,0,Low,0,9.80805,2237.6,7.7136,0.0907861,0.0358385
3331,RL,6,Balanced,0.00416946,Low,0,Low,0,9.74946,2228.28,7.70943,0.0901958,0.0358349
3332,RL,6,Balanced,0.00293589,Low,0,Low,0,9.72818,2221.75,7.7065,0.0904157,0.0358313
3333,RL,6,Balanced,0.000357151,Low,0,Low,0,9.72505,2220.95,7.70614,0.0903019,0.0358278
3334,RL,6,Balanced,0.000538826,Low,0,Low,0,9.71453,2219.76,7.7056,0.0902643,0.0358242
3335,RL,6,Balanced,0.00161505,Low,0,Low,0,9.70351,2216.17,7.70399,0.0901659,0.0358206
3336,RL,6,Balanced,-0.00488758,Low,0,Low,0,9.75752,2227.04,7.70888,0.0904268,0.035817
3337,RL,6,Balanced,0.00348616,Low,0,Low,0,9.72133,2219.28,7.70539,0.0902773,0.0358134
3338,RL,6,Balanced,-0.00226402,Low,0,Low,0,9.73821,2224.31,7.70765,0.090626,0.0358099
3339,RL,6,Balanced,0.00127602,Low,0,Low,0,9.71942,2221.48,7.70638,0.090394,0.0358063
3340,RL,6,Balanced,-0.00666046,Low,0,Low,0,9.78584,2236.33,7.71304,0.090625,0.0358027
3341,RL,6,Balanced,-0.000318527,Low,0,Low,0,9.79945,2237.04,7.71336,0.0906264,0.0357991
3342,RL,6,Balanced,0.00726175,Low,0,Low,0,9.72519,2220.85,7.70609,0.0902778,0.0357955
3343,RL,6,Balanced,0.00137901,Low,0,Low,0,9.71293,2217.79,7.70472,0.0902064,0.035792
3344,RL,6,Balanced,-0.00431252,Low,0,Low,0,9.75406,2227.38,7.70903,0.0904895,0.0357884
3345,RL,6,Balanced,0.0037446,Low,0,Low,0,9.71709,2219.05,7.70528,0.0903101,0.0357848
3346,RL,6,Balanced,-0.00603199,Low,0,Low,0,9.77371,2232.48,7.71132,0.090449,0.0357812
3347,RL,6,Balanced,0.00564384,Low,0,Low,0,9.71727,2219.91,7.70567,0.0902493,0.0357776
3348,RL,6,Balanced,-0.0036993,Low,0,Low,0,9.7619,2228.14,7.70937,0.0905237,0.0357741
3349,RL,6,Balanced,0.00446939,Low,0,Low,0,9.70882,2218.2,7.7049,0.0901775,0.0357705
3350,RL,6,Balanced,-0.000437737,Low,0,Low,0,9.72412,2219.17,7.70534,0.0905802,0.0357669
3351,RL,6,Balanced,-0.00776625,Low,0,Low,0,9.79249,2236.48,7.71311,0.0907595,0.0357633
3352,RL,6,Balanced,0.00919342,Low,0,Low,0,9.70612,2216,7.70391,0.0901982,0.0357598
3353,RL,6,Balanced,-0.000662327,Low,0,Low,0,9.70516,2217.47,7.70457,0.0902368,0.0357562
3354,RL,6,Balanced,0.00167751,Low,0,Low,0,9.69558,2213.76,7.7029,0.0901726,0.0357526
3355,RL,6,Balanced,-0.00274038,Low,0,Low,0,9.71802,2219.83,7.70564,0.0901379,0.035749
3356,RL,6,Balanced,-0.00472116,Low,0,Low,0,9.76156,2230.34,7.71036,0.0903448,0.0357455
3357,RL,6,Balanced,0.000576019,Low,0,Low,0,9.76186,2229.06,7.70978,0.0905421,0.0357419
3358,RL,6,Balanced,0.00417423,Low,0,Low,0,9.71716,2219.77,7.70561,0.0901524,0.0357383
3359,RL,6,Balanced,-0.00499821,Low,0,Low,0,9.76793,2230.9,7.71061,0.0906742,0.0357347
3360,RL,6,Balanced,0.00319576,Low,0,Low,0,9.7371,2223.77,7.70741,0.0903366,0.0357312
3361,RL,6,Balanced,-0.00413179,Low,0,Low,0,9.78336,2232.99,7.71154,0.0905285,0.0357276
3362,RL,6,Balanced,0.00754833,Low,0,Low,0,9.70013,2216.19,7.70399,0.0902768,0.035724
3363,RL,6,Balanced,-0.00897884,Low,0,Low,0,9.79035,2236.18,7.71297,0.0907094,0.0357204
3364,RL,6,Balanced,0.00123453,Low,0,Low,0,9.78177,2233.42,7.71174,0.0905025,0.0357169
3365,RL,6,Balanced,0.00398731,Low,0,Low,0,9.7469,2224.53,7.70775,0.0904524,0.0357133
3366,RL,6,Balanced,0.00212574,Low,0,Low,0,9.71947,2219.81,7.70563,0.090352,0.0357097
3367,RL,6,Balanced,-0.00236845,Low,0,Low,0,9.74043,2225.07,7.70799,0.0902464,0.0357062
3368,RL,6,Balanced,0.000591755,Low,0,Low,0,9.74133,2223.75,7.7074,0.0901871,0.0357026
3369,RL,6,Balanced,0.00072813,Low,0,Low,0,9.73036,2222.14,7.70667,0.0903347,0.035699
3370,RL,6,Balanced,-0.00105572,Low,0,Low,0,9.73628,2224.48,7.70773,0.0904716,0.0356954
3371,RL,6,Balanced,-0.0020299,Low,0,Low,0,9.7629,2229.01,7.70976,0.090708,0.0356919
3372,RL,6,Balanced,0.00295639,Low,0,Low,0,9.7317,2222.42,7.7068,0.0902243,0.0356883
3373,RL,6,Balanced,-0.00190783,Low,0,Low,0,9.74753,2226.67,7.70871,0.0902662,0.0356847
3374,RL,6,Balanced,0.00410652,Low,0,Low,0,9.70894,2217.54,7.7046,0.0902025,0.0356812
3375,RL,6,Balanced,-0.00629425,Low,0,Low,0,9.77055,2231.55,7.7109,0.0904885,0.0356776
3376,RL,6,Balanced,0.000999451,Low,0,Low,0,9.76448,2229.32,7.7099,0.0904499,0.035674
3377,RL,6,Balanced,0.00124168,Low,0,Low,0,9.74874,2226.55,7.70866,0.0904413,0.0356705
3378,RL,6,Balanced,-1.4782e-05,Low,0,Low,0,9.75114,2226.58,7.70867,0.0901649,0.0356669
3379,RL,6,Balanced,0.00604677,Low,0,Low,0,9.68788,2213.15,7.70263,0.0901037,0.0356633
3380,RL,6,Balanced,-0.00464964,Low,0,Low,0,9.74028,2223.47,7.70728,0.0903983,0.0356598
3381,RL,6,Balanced,0.0033412,Low,0,Low,0,9.70423,2216.05,7.70393,0.0903443,0.0356562
3382,RL,6,Balanced,-0.0031848,Low,0,Low,0,9.73113,2223.12,7.70712,0.0905189,0.0356526
3383,RL,6,Balanced,-0.000222206,Low,0,Low,0,9.73364,2223.62,7.70734,0.0902797,0.0356491
3384,RL,6,Balanced,0.000210762,Low,0,Low,0,9.7321,2223.15,7.70713,0.090367,0.0356455
3385,RL,6,Balanced,0.0049262,Low,0,Low,0,9.68944,2212.22,7.7022,0.0903395,0.0356419
3386,RL,6,Balanced,-0.00266552,Low,0,Low,0,9.71141,2218.13,7.70487,0.0902595,0.0356384
3387,RL,6,Balanced,-0.00310802,Low,0,Low,0,9.74191,2225.04,7.70798,0.0901915,0.0356348
3388,RL,6,Balanced,0.000916958,Low,0,Low,0,9.7352,2223,7.70706,0.0902479,0.0356313
3389,RL,6,Balanced,-0.00271606,Low,0,Low,0,9.76685,2229.04,7.70978,0.0903791,0.0356277
3390,RL,6,Balanced,0.0001688,Low,0,Low,0,9.7569,2228.67,7.70961,0.0903009,0.0356241
3391,RL,6,Balanced,0.00255871,Low,0,Low,0,9.73253,2222.97,7.70705,0.0904384,0.0356206
3392,RL,6,Balanced,-2.38419e-05,Low,0,Low,0,9.73383,2223.02,7.70707,0.0901427,0.035617
3393,RL,6,Balanced,-0.00228977,Low,0,Low,0,9.75609,2228.12,7.70936,0.0905903,0.0356134
3394,RL,6,Balanced,0.000642776,Low,0,Low,0,9.75623,2226.69,7.70872,0.0905604,0.0356099
3395,RL,6,Balanced,0.00132942,Low,0,Low,0,9.73062,2223.73,7.70739,0.0901799,0.0356063
3396,RL,6,Balanced,-0.000279427,Low,0,Low,0,9.74452,2224.35,7.70767,0.090448,0.0356028
3397,RL,6,Balanced,-0.00152826,Low,0,Low,0,9.75445,2227.75,7.7092,0.0902821,0.0355992
3398,RL,6,Balanced,0.00321436,Low,0,Low,0,9.72076,2220.6,7.70598,0.0899614,0.0355956
3399,RL,6,Balanced,0.000330925,Low,0,Low,0,9.72012,2219.87,7.70565,0.0902918,0.0355921
3400,RL,6,Balanced,-0.00452471,Low,0,Low,0,9.76505,2229.94,7.71018,0.0903781,0.0355885
3401,RL,6,Balanced,0.00568867,Low,0,Low,0,9.70744,2217.28,7.70449,0.0904065,0.035585
3402,RL,6,Balanced,-0.00280046,Low,0,Low,0,9.73946,2223.5,7.70729,0.0906834,0.0355814
3403,RL,6,Balanced,0.00217247,Low,0,Low,0,9.7175,2218.68,7.70512,0.0903482,0.0355778
3404,RL,6,Balanced,-0.00140953,Low,0,Low,0,9.72443,2221.81,7.70653,0.0903458,0.0355743
3405,RL,6,Balanced,-0.00313902,Low,0,Low,0,9.76045,2228.8,7.70967,0.0903636,0.0355707
3406,RL,6,Balanced,0.00207376,Low,0,Low,0,9.73947,2224.18,7.70759,0.0902016,0.0355672
3407,RL,6,Balanced,0.00446272,Low,0,Low,0,9.69847,2214.27,7.70313,0.090272,0.0355636
3408,RL,6,Balanced,-0.0071702,Low,0,Low,0,9.76679,2230.21,7.7103,0.0906091,0.0355601
3409,RL,6,Balanced,0.00531197,Low,0,Low,0,9.71456,2218.39,7.70499,0.0904519,0.0355565
3410,RL,6,Balanced,-0.000411987,Low,0,Low,0,9.71916,2219.3,7.7054,0.0903217,0.0355529
3411,RL,6,Balanced,-0.00538301,Low,0,Low,0,9.76911,2231.29,7.71078,0.0906284,0.0355494
3412,RL,6,Balanced,0.000942707,Low,0,Low,0,9.76859,2229.18,7.70984,0.0904162,0.0355458
3413,RL,6,Balanced,0.000486374,Low,0,Low,0,9.74989,2228.1,7.70935,0.0899952,0.0355423
3414,RL,6,Balanced,0.00300074,Low,0,Low,0,9.72057,2221.42,7.70635,0.0900714,0.0355387
3415,RL,6,Balanced,-0.00293159,Low,0,Low,0,9.76348,2227.95,7.70928,0.0903901,0.0355352
3416,RL,6,Balanced,-5.72205e-06,Low,0,Low,0,9.75679,2227.96,7.70929,0.0903983,0.0355316
3417,RL,6,Balanced,0.00203419,Low,0,Low,0,9.7331,2223.43,7.70726,0.0901249,0.0355281
3418,RL,6,Balanced,-0.00516319,Low,0,Low,0,9.78622,2234.94,7.71242,0.0905252,0.0355245
3419,RL,6,Balanced,0.00630283,Low,0,Low,0,9.72805,2220.9,7.70612,0.0903057,0.035521
3420,RL,6,Balanced,-0.000248909,Low,0,Low,0,9.72461,2221.45,7.70637,0.0904128,0.0355174
3421,RL,6,Balanced,-0.00512362,Low,0,Low,0,9.78163,2232.87,7.71149,0.0903651,0.0355139
3422,RL,6,Balanced,-0.000995636,Low,0,Low,0,9.78722,2235.09,7.71248,0.0907422,0.0355103
3423,RL,6,Balanced,0.00337267,Low,0,Low,0,9.75393,2227.56,7.70911,0.0903897,0.0355068
3424,RL,6,Balanced,0.00300169,Low,0,Low,0,9.72529,2220.88,7.70611,0.0902117,0.0355032
3425,RL,6,Balanced,-0.00192261,Low,0,Low,0,9.75164,2225.16,7.70803,0.0903935,0.0354997
3426,RL,6,Balanced,-0.00153589,Low,0,Low,0,9.76275,2228.58,7.70957,0.0904393,0.0354961
3427,RL,6,Balanced,-0.00146008,Low,0,Low,0,9.77319,2231.84,7.71103,0.0905522,0.0354926
3428,RL,6,Balanced,8.34465e-05,Low,0,Low,0,9.7729,2231.65,7.71095,0.0906226,0.035489
3429,RL,6,Balanced,0.00299883,Low,0,Low,0,9.74138,2224.97,7.70795,0.0902778,0.0354855
3430,RL,6,Balanced,0.00260258,Low,0,Low,0,9.716,2219.18,7.70534,0.090421,0.0354819
3431,RL,6,Balanced,0.00200605,Low,0,Low,0,9.69856,2214.73,7.70334,0.0901881,0.0354784
3432,RL,6,Balanced,-7.00951e-05,Low,0,Low,0,9.69342,2214.89,7.70341,0.0899952,0.0354748
3433,RL,6,Balanced,-0.00550079,Low,0,Low,0,9.74903,2227.11,7.70891,0.0903043,0.0354713
3434,RL,6,Balanced,0.00520658,Low,0,Low,0,9.70261,2215.54,7.7037,0.0900767,0.0354677
3435,RL,6,Balanced,-0.00442171,Low,0,Low,0,9.75023,2225.36,7.70812,0.0904475,0.0354642
3436,RL,6,Balanced,-0.000562191,Low,0,Low,0,9.75353,2226.61,7.70869,0.0905319,0.0354606
3437,RL,6,Balanced,-0.00135374,Low,0,Low,0,9.7632,2229.63,7.71004,0.0903863,0.0354571
3438,RL,6,Balanced,0.00298119,Low,0,Low,0,9.7409,2222.99,7.70706,0.090367,0.0354535
3439,RL,6,Balanced,-0.00533724,Low,0,Low,0,9.78979,2234.89,7.7124,0.0905932,0.03545
3440,RL,6,Balanced,0.00775003,Low,0,Low,0,9.71442,2217.63,7.70465,0.0903926,0.0354464
3441,RL,6,Balanced,0.00193024,Low,0,Low,0,9.69101,2213.35,7.70272,0.0902146,0.0354429
3442,RL,6,Balanced,-0.00447178,Low,0,Low,0,9.73736,2223.28,7.70719,0.0906515,0.0354394
3443,RL,6,Balanced,-0.00190258,Low,0,Low,0,9.75737,2227.51,7.70909,0.0903294,0.0354358
3444,RL,6,Balanced,0.00337601,Low,0,Low,0,9.72746,2220,7.70571,0.0903545,0.0354323
3445,RL,6,Balanced,-0.0028162,Low,0,Low,0,9.74422,2226.27,7.70853,0.0902975,0.0354287
3446,RL,6,Balanced,-0.000483036,Low,0,Low,0,9.75079,2227.34,7.70901,0.0904596,0.0354252
3447,RL,6,Balanced,0.00197935,Low,0,Low,0,9.73793,2222.94,7.70703,0.0903607,0.0354216
3448,RL,6,Balanced,-0.00390387,Low,0,Low,0,9.77559,2231.63,7.71094,0.0906356,0.0354181
3449,RL,6,Balanced,0.00263262,Low,0,Low,0,9.74665,2225.76,7.7083,0.0902426,0.0354146
3450,RL,6,Balanced,0.000957966,Low,0,Low,0,9.73505,2223.63,7.70735,0.0904408,0.035411
3451,RL,6,Balanced,-0.000544548,Low,0,Low,0,9.74962,2224.84,7.70789,0.0905575,0.0354075
3452,RL,6,Balanced,-0.000182629,Low,0,Low,0,9.74245,2225.25,7.70807,0.0904929,0.0354039
3453,RL,6,Balanced,-0.00140381,Low,0,Low,0,9.75603,2228.38,7.70948,0.0906351,0.0354004
3454,RL,6,Balanced,0.00104427,Low,0,Low,0,9.74464,2226.05,7.70843,0.0903125,0.0353969
3455,RL,6,Balanced,0.00210476,Low,0,Low,0,9.72877,2221.37,7.70633,0.0902132,0.0353933
3456,RL,6,Balanced,0.00523949,Low,0,Low,0,9.68374,2209.76,7.70109,0.0900883,0.0353898
3457,RL,6,Balanced,-0.00565195,Low,0,Low,0,9.72868,2222.29,7.70674,0.090313,0.0353862
3458,RL,6,Balanced,-0.00164366,Low,0,Low,0,9.74382,2225.94,7.70838,0.0902918,0.0353827
3459,RL,6,Balanced,0.00493908,Low,0,Low,0,9.704,2214.97,7.70345,0.0903844,0.0353792
3460,RL,6,Balanced,-0.00862312,Low,0,Low,0,9.78707,2234.16,7.71207,0.0906346,0.0353756
3461,RL,6,Balanced,0.00220537,Low,0,Low,0,9.75939,2229.24,7.70986,0.0904784,0.0353721
3462,RL,6,Balanced,-0.00141382,Low,0,Low,0,9.78357,2232.39,7.71128,0.0906887,0.0353686
3463,RL,6,Balanced,0.00395632,Low,0,Low,0,9.7393,2223.57,7.70732,0.0905131,0.035365
3464,RL,6,Balanced,0.00168657,Low,0,Low,0,9.71718,2219.83,7.70563,0.0902942,0.0353615
3465,RL,6,Balanced,0.00335884,Low,0,Low,0,9.69326,2212.38,7.70228,0.0901813,0.0353579
3466,RL,6,Balanced,-0.00381041,Low,0,Low,0,9.72878,2220.83,7.70609,0.0904543,0.0353544
3467,RL,6,Balanced,-0.006073,Low,0,Low,0,9.78059,2234.36,7.71216,0.0905088,0.0353509
3468,RL,6,Balanced,0.00806141,Low,0,Low,0,9.70652,2216.42,7.7041,0.0902455,0.0353473
3469,RL,6,Balanced,-0.00128937,Low,0,Low,0,9.7158,2219.28,7.70539,0.0903791,0.0353438
3470,RL,6,Balanced,-0.0045414,Low,0,Low,0,9.75819,2229.38,7.70993,0.0906163,0.0353403
3471,RL,6,Balanced,0.00150061,Low,0,Low,0,9.74768,2226.04,7.70843,0.090216,0.0353367
3472,RL,6,Balanced,0.00657463,Low,0,Low,0,9.6814,2211.44,7.70185,0.0898336,0.0353332
3473,RL,6,Balanced,-0.00276852,Low,0,Low,0,9.71089,2217.58,7.70462,0.0902204,0.0353297
3474,RL,6,Balanced,-0.00159597,Low,0,Low,0,9.72543,2221.12,7.70622,0.0903496,0.0353261
3475,RL,6,Balanced,-0.00361156,Low,0,Low,0,9.76137,2229.16,7.70983,0.0903429,0.0353226
3476,RL,6,Balanced,-0.00191498,Low,0,Low,0,9.77495,2233.44,7.71174,0.0903959,0.0353191
3477,RL,6,Balanced,-1.43051e-05,Low,0,Low,0,9.78271,2233.47,7.71176,0.0905459,0.0353155
3478,RL,6,Balanced,0.00903654,Low,0,Low,0,9.69026,2213.37,7.70272,0.0902937,0.035312
3479,RL,6,Balanced,-0.00882912,Low,0,Low,0,9.77735,2233.01,7.71155,0.0903964,0.0353085
3480,RL,6,Balanced,0.00143909,Low,0,Low,0,9.76205,2229.79,7.71011,0.0904249,0.0353049
3481,RL,6,Balanced,-0.00136518,Low,0,Low,0,9.77187,2232.84,7.71148,0.0904032,0.0353014
3482,RL,6,Balanced,0.00392151,Low,0,Low,0,9.74141,2224.1,7.70756,0.0902619,0.0352979
3483,RL,6,Balanced,0.00390291,Low,0,Low,0,9.69945,2215.43,7.70365,0.0900492,0.0352944
3484,RL,6,BSDF Heavy,-0.00377178,Low,0,Low,0,9.74354,2223.81,7.70742,0.0901562,0.0352908
3485,RL,6,Balanced,0.00165272,Low,0,Low,0,9.72717,2220.13,7.70577,0.0894531,0.0352873
3486,RL,6,Balanced,-0.00194502,Low,0,Low,0,9.74535,2224.46,7.70772,0.0904239,0.0352838
3487,RL,6,Balanced,0.00573397,Low,0,Low,0,9.68723,2211.73,7.70198,0.090204,0.0352802
3488,RL,6,Balanced,-0.00191593,Low,0,Low,0,9.69695,2215.98,7.7039,0.0903564,0.0352767
3489,RL,6,Balanced,-0.00384378,Low,0,Low,0,9.73965,2224.51,7.70774,0.0903337,0.0352732
3490,RL,6,Balanced,0.000321865,Low,0,Low,0,9.73565,2223.8,7.70742,0.0902648,0.0352697
3491,RL,6,Light Heavy,-0.00451279,Low,0,Low,0,9.78335,2233.86,7.71193,0.0903848,0.0352661
3492,RL,6,Light Heavy,0.00543785,Low,0,Low,0,9.71653,2221.74,7.7065,0.0870997,0.0352626
3493,RL,6,Light Heavy,-0.0051651,Low,0,Low,0,9.772,2233.25,7.71166,0.0872304,0.0352591
3494,RL,6,Light Heavy,0.00356483,Low,0,Low,0,9.73647,2225.3,7.7081,0.0871918,0.0352556
3495,RL,6,Light Heavy,-0.000873566,Low,0,Low,0,9.74182,2227.25,7.70897,0.087148,0.035252
3496,RL,6,Light Heavy,0.00135899,Low,0,Low,0,9.73845,2224.22,7.70761,0.0870838,0.0352485
3497,RL,6,Light Heavy,0.00124788,Low,0,Low,0,9.72492,2221.44,7.70636,0.0871282,0.035245
3498,RL,6,Light Heavy,-0.00593233,Low,0,Low,0,9.77831,2234.67,7.7123,0.0873375,0.0352415
3499,RL,6,Light Heavy,0.00479317,Low,0,Low,0,9.73435,2223.98,7.7075,0.0872758,0.0352379
3500,RL,6,Light Heavy,0.00149918,Low,0,Low,0,9.71571,2220.64,7.706,0.0870549,0.0352344
3501,RL,6,Light Heavy,-0.000646591,Low,0,Low,0,9.72911,2222.08,7.70665,0.087148,0.0352309
3502,RL,6,Light Heavy,0.00278854,Low,0,Low,0,9.69857,2215.89,7.70386,0.0869806,0.0352274
3503,RL,6,Light Heavy,-0.00515795,Low,0,Low,0,9.75006,2227.35,7.70902,0.087012,0.0352238
3504,RL,6,Light Heavy,0.0048418,Low,0,Low,0,9.70199,2216.59,7.70418,0.0870983,0.0352203
3505,RL,6,Light Heavy,-0.0038147,Low,0,Low,0,9.74228,2225.07,7.70799,0.0870906,0.0352168
3506,RL,6,Light Heavy,0.00125837,Low,0,Low,0,9.72531,2222.27,7.70673,0.0871967,0.0352133
3507,RL,6,Light Heavy,-0.000370979,Low,0,Low,0,9.73028,2223.09,7.7071,0.0869473,0.0352097
3508,RL,6,Light Heavy,0.00127077,Low,0,Low,0,9.71562,2220.27,7.70583,0.0869907,0.0352062
3509,RL,6,Light Heavy,-0.00101757,Low,0,Low,0,9.72418,2222.53,7.70685,0.0869633,0.0352027
3510,RL,6,Light Heavy,-0.00355291,Low,0,Low,0,9.75854,2230.44,7.7104,0.0873317,0.0351992
3511,RL,6,Light Heavy,0.00386572,Low,0,Low,0,9.71877,2221.83,7.70654,0.087037,0.0351957
3512,RL,6,Light Heavy,-0.00109243,Low,0,Low,0,9.7331,2224.26,7.70763,0.0871137,0.0351922
3513,RL,6,Light Heavy,-0.000419617,Low,0,Low,0,9.73786,2225.2,7.70805,0.0871894,0.0351886
3514,RL,6,Light Heavy,-0.00157881,Low,0,Low,0,9.75681,2228.71,7.70963,0.0872362,0.0351851
3515,RL,6,Light Heavy,-0.00227261,Low,0,Low,0,9.77805,2233.79,7.7119,0.0873548,0.0351816
3516,RL,6,Light Heavy,0.0039053,Low,0,Low,0,9.74238,2225.08,7.708,0.087214,0.0351781
3517,RL,6,Light Heavy,-0.00196028,Low,0,Low,0,9.76147,2229.45,7.70996,0.0872198,0.0351746
3518,RL,6,Light Heavy,0.00161505,Low,0,Low,0,9.74025,2225.85,7.70834,0.0870134,0.035171
3519,RL,6,Light Heavy,-0.00187778,Low,0,Low,0,9.76024,2230.03,7.71022,0.0872386,0.0351675
3520,RL,6,Light Heavy,-0.000936031,Low,0,Low,0,9.76666,2232.12,7.71116,0.0873982,0.035164
3521,RL,6,Light Heavy,-0.000403881,Low,0,Low,0,9.77425,2233.02,7.71156,0.0872777,0.0351605
3522,RL,6,Light Heavy,0.00619364,Low,0,Low,0,9.70849,2219.23,7.70537,0.0869015,0.035157
3523,RL,6,Light Heavy,-0.00145435,Low,0,Low,0,9.72791,2222.46,7.70682,0.0871528,0.0351535
3524,RL,6,Light Heavy,0.00478268,Low,0,Low,0,9.68787,2211.85,7.70204,0.0871195,0.0351499
3525,RL,6,Light Heavy,-0.0104361,Low,0,Low,0,9.77936,2235.07,7.71247,0.0872034,0.0351464
3526,RL,6,Light Heavy,0.00256872,Low,0,Low,0,9.7513,2229.33,7.7099,0.0870534,0.0351429
3527,RL,6,Light Heavy,0.00219345,Low,0,Low,0,9.73346,2224.44,7.70771,0.0869734,0.0351394
3528,RL,6,Light Heavy,0.000476837,Low,0,Low,0,9.73231,2223.38,7.70723,0.087134,0.0351359
3529,RL,6,Light Heavy,0.00235367,Low,0,Low,0,9.70526,2218.15,7.70488,0.0868629,0.0351324
3530,RL,6,Light Heavy,-0.00661135,Low,0,Low,0,9.77468,2232.87,7.71149,0.0872888,0.0351289
3531,RL,6,Light Heavy,0.00172472,Low,0,Low,0,9.75636,2229.02,7.70977,0.0872835,0.0351253
3532,RL,6,Light Heavy,-5.24521e-05,Low,0,Low,0,9.75438,2229.14,7.70982,0.0871123,0.0351218
3533,RL,6,Balanced,0.00669432,Low,0,Low,0,9.69067,2214.26,7.70313,0.0868943,0.0351183
3534,RL,6,Light Heavy,-0.000822544,Low,0,Low,0,9.70104,2216.08,7.70395,0.090257,0.0351148
3535,RL,6,Light Heavy,-0.00780582,Low,0,Low,0,9.7752,2233.46,7.71175,0.0874011,0.0351113
3536,RL,6,Light Heavy,0.00614548,Low,0,Low,0,9.7105,2219.77,7.70561,0.0868244,0.0351078
3537,RL,6,Light Heavy,-0.00239134,Low,0,Low,0,9.74256,2225.09,7.708,0.0872405,0.0351043
3538,RL,6,Light Heavy,0.000673294,Low,0,Low,0,9.73219,2223.59,7.70733,0.0871759,0.0351008
3539,RL,6,Light Heavy,-0.000884056,Low,0,Low,0,9.74059,2225.55,7.70821,0.0871788,0.0350973
3540,RL,6,Light Heavy,-0.00343609,Low,0,Low,0,9.77162,2233.22,7.71165,0.0871099,0.0350938
3541,RL,6,Light Heavy,0.00146341,Low,0,Low,0,9.75748,2229.95,7.71018,0.0872246,0.0350902
3542,RL,6,Light Heavy,0.00326681,Low,0,Low,0,9.72081,2222.68,7.70692,0.0869242,0.0350867
3543,RL,6,Light Heavy,-0.0035882,Low,0,Low,0,9.76379,2230.67,7.7105,0.0870954,0.0350832
3544,RL,6,Light Heavy,0.000601292,Low,0,Low,0,9.7542,2229.33,7.7099,0.087051,0.0350797
3545,RL,6,Light Heavy,0.00185156,Low,0,Low,0,9.73758,2225.2,7.70805,0.0871084,0.0350762
3546,RL,6,Light Heavy,0.000513554,Low,0,Low,0,9.73018,2224.06,7.70754,0.0871851,0.0350727
3547,RL,6,Light Heavy,0.000975609,Low,0,Low,0,9.7301,2221.89,7.70656,0.0871364,0.0350692
3548,RL,6,Light Heavy,0.00479603,Low,0,Low,0,9.67606,2211.25,7.70177,0.0870163,0.0350657
3549,RL,6,Light Heavy,-0.00765657,Low,0,Low,0,9.7515,2228.26,7.70942,0.0873934,0.0350622
3550,RL,6,Light Heavy,0.00493574,Low,0,Low,0,9.71278,2217.28,7.70449,0.0871846,0.0350587
3551,RL,6,Light Heavy,-0.00504303,Low,0,Low,0,9.75568,2228.49,7.70953,0.0871586,0.0350552
3552,RL,6,Light Heavy,-0.00265408,Low,0,Low,0,9.77969,2234.42,7.71218,0.0873076,0.0350517
3553,RL,6,Light Heavy,0.011395,Low,0,Low,0,9.66151,2209.09,7.70079,0.0869059,0.0350482
3554,RL,6,Light Heavy,-0.0102839,Low,0,Low,0,9.76666,2231.94,7.71107,0.087174,0.0350447
3555,RL,6,Light Heavy,0.00355625,Low,0,Low,0,9.73616,2224.01,7.70752,0.0870959,0.0350411
3556,RL,6,Light Heavy,0.00348806,Low,0,Low,0,9.6966,2216.26,7.70403,0.0867858,0.0350376
3557,RL,6,Light Heavy,-0.00134039,Low,0,Low,0,9.71379,2219.24,7.70537,0.0870341,0.0350341
3558,RL,6,Light Heavy,-0.00305223,Low,0,Low,0,9.7422,2226.02,7.70842,0.0873717,0.0350306
3559,RL,6,Light Heavy,-0.00054121,Low,0,Low,0,9.75035,2227.23,7.70896,0.0871475,0.0350271
3560,RL,6,Light Heavy,-0.00390387,Low,0,Low,0,9.78053,2235.95,7.71287,0.0872762,0.0350236
3561,RL,6,Light Heavy,0.00371408,Low,0,Low,0,9.75146,2227.65,7.70915,0.086984,0.0350201
3562,RL,6,Light Heavy,0.00177145,Low,0,Low,0,9.7358,2223.71,7.70738,0.0870824,0.0350166
3563,RL,6,Light Heavy,0.000496864,Low,0,Low,0,9.72583,2222.6,7.70688,0.0870496,0.0350131
3564,RL,6,Light Heavy,-0.00230646,Low,0,Low,0,9.74967,2227.74,7.70919,0.0871672,0.0350096
3565,RL,6,Light Heavy,-0.000805855,Low,0,Low,0,9.75941,2229.54,7.71,0.0872222,0.0350061
3566,RL,6,Light Heavy,-8.63075e-05,Low,0,Low,0,9.76082,2229.73,7.71008,0.0872796,0.0350026
3567,RL,6,Light Heavy,7.72476e-05,Low,0,Low,0,9.75871,2229.56,7.71001,0.0872946,0.0349991
3568,RL,6,Light Heavy,-0.000371456,Low,0,Low,0,9.75998,2230.38,7.71038,0.0871812,0.0349956
3569,RL,6,Light Heavy,0.0021162,Low,0,Low,0,9.73834,2225.67,7.70826,0.0870655,0.0349921
3570,RL,6,Light Heavy,0.00226498,Low,0,Low,0,9.72087,2220.63,7.706,0.0871065,0.0349886
3571,RL,6,Light Heavy,-0.00267887,Low,0,Low,0,9.74232,2226.59,7.70867,0.0871812,0.0349851
3572,RL,6,Light Heavy,0.000221252,Low,0,Low,0,9.73953,2226.1,7.70845,0.0870303,0.0349816
3573,RL,6,Light Heavy,0.00102234,Low,0,Low,0,9.72908,2223.82,7.70743,0.0871291,0.0349781
3574,RL,6,Light Heavy,0.00496531,Low,0,Low,0,9.68611,2212.8,7.70247,0.0868808,0.0349746
3575,RL,6,Light Heavy,-0.00310659,Low,0,Low,0,9.71432,2219.69,7.70557,0.0869941,0.0349711
3576,RL,6,Light Heavy,-0.000771999,Low,0,Low,0,9.72101,2221.4,7.70634,0.0871745,0.0349676
3577,RL,6,Light Heavy,-0.00103474,Low,0,Low,0,9.72736,2223.7,7.70738,0.0872058,0.0349641
3578,RL,6,Light Heavy,0.000757694,Low,0,Low,0,9.71244,2222.02,7.70662,0.0867699,0.0349606
3579,RL,6,Light Heavy,-0.00584936,Low,0,Low,0,9.77879,2235.06,7.71247,0.087433,0.0349572
3580,RL,6,Light Heavy,0.0040617,Low,0,Low,0,9.73958,2226,7.70841,0.0870409,0.0349537
3581,RL,6,Light Heavy,-0.00377083,Low,0,Low,0,9.78036,2234.41,7.71218,0.0874826,0.0349502
3582,RL,6,Light Heavy,0.00029707,Low,0,Low,0,9.77377,2233.75,7.71188,0.0875111,0.0349467
3583,RL,6,BSDF Heavy,0.00561428,Low,0,Low,0,9.72286,2221.23,7.70627,0.0870255,0.0349432
3584,RL,6,Light Heavy,-0.00122023,Low,0,Low,0,9.73882,2223.95,7.70749,0.0895144,0.0349397
3585,RL,6,Light Heavy,-0.0015974,Low,0,Low,0,9.75648,2227.51,7.70909,0.0871619,0.0349362
3586,RL,6,Light Heavy,0.0025506,Low,0,Low,0,9.72754,2221.83,7.70654,0.0869965,0.0349327
3587,RL,6,Light Heavy,0.00341463,Low,0,Low,0,9.69044,2214.25,7.70312,0.0869136,0.0349292
3588,RL,6,Light Heavy,-0.0069747,Low,0,Low,0,9.76555,2229.76,7.7101,0.0873003,0.0349257
3589,RL,6,Light Heavy,0.00367117,Low,0,Low,0,9.71862,2221.58,7.70642,0.0869551,0.0349222
3590,RL,6,Light Heavy,-0.00383759,Low,0,Low,0,9.76908,2230.13,7.71026,0.0872661,0.0349187
3591,RL,6,Light Heavy,0.00350571,Low,0,Low,0,9.72383,2222.32,7.70676,0.087175,0.0349152
3592,RL,6,Light Heavy,-0.00230408,Low,0,Low,0,9.74165,2227.45,7.70906,0.087065,0.0349117
3593,RL,6,Light Heavy,0.00287485,Low,0,Low,0,9.7191,2221.05,7.70619,0.0870144,0.0349082
3594,RL,6,Light Heavy,-0.00440931,Low,0,Low,0,9.76772,2230.87,7.7106,0.0872116,0.0349048
3595,RL,6,Light Heavy,0.00110912,Low,0,Low,0,9.75109,2228.4,7.70949,0.0871706,0.0349013
3596,RL,6,Light Heavy,0.00355625,Low,0,Low,0,9.70738,2220.48,7.70593,0.0868461,0.0348978
3597,RL,6,Light Heavy,-0.000858784,Low,0,Low,0,9.72185,2222.39,7.70679,0.0867675,0.0348943
3598,RL,6,Light Heavy,0.000531673,Low,0,Low,0,9.72263,2221.21,7.70626,0.0870886,0.0348908
3599,RL,6,Light Heavy,-0.00199032,Low,0,Low,0,9.73869,2225.64,7.70825,0.0870327,0.0348873
3600,RL,6,Light Heavy,-0.000170708,Low,0,Low,0,9.73909,2226.02,7.70842,0.087052,0.0348838
3601,RL,6,Light Heavy,0.00312281,Low,0,Low,0,9.71607,2219.07,7.7053,0.0871933,0.0348803
3602,RL,6,Light Heavy,-0.00600195,Low,0,Low,0,9.77482,2232.44,7.7113,0.0870848,0.0348768
3603,RL,6,Light Heavy,0.00640154,Low,0,Low,0,9.71042,2218.19,7.7049,0.0870886,0.0348734
3604,RL,6,Light Heavy,-0.00466108,Low,0,Low,0,9.75607,2228.55,7.70956,0.0872222,0.0348699
3605,RL,6,Light Heavy,0.00328016,Low,0,Low,0,9.71872,2221.25,7.70628,0.0869898,0.0348664
3606,RL,6,Light Heavy,-0.00396633,Low,0,Low,0,9.76021,2230.08,7.71024,0.0873259,0.0348629
3607,RL,6,Light Heavy,0.0073638,Low,0,Low,0,9.68959,2213.72,7.70288,0.086969,0.0348594
3608,RL,6,Light Heavy,-0.00256538,Low,0,Low,0,9.71249,2219.4,7.70544,0.0870419,0.0348559
3609,RL,6,Light Heavy,-0.0032506,Low,0,Low,0,9.74807,2226.63,7.70869,0.0873529,0.0348524
3610,RL,6,Light Heavy,0.000930309,Low,0,Low,0,9.73893,2224.56,7.70776,0.087202,0.034849
3611,RL,6,Light Heavy,0.000479698,Low,0,Low,0,9.73234,2223.49,7.70728,0.0870906,0.0348455
3612,RL,6,Light Heavy,-0.00160742,Low,0,Low,0,9.74442,2227.07,7.70889,0.0870973,0.034842
3613,RL,6,Light Heavy,0.00268316,Low,0,Low,0,9.72736,2221.1,7.70621,0.0870939,0.0348385
3614,RL,6,Light Heavy,-0.00486326,Low,0,Low,0,9.77286,2231.94,7.71107,0.0872295,0.034835
3615,RL,6,Light Heavy,6.67572e-06,Low,0,Low,0,9.76992,2231.92,7.71107,0.0873838,0.0348315
3616,RL,6,Light Heavy,0.00478888,Low,0,Low,0,9.72412,2221.25,7.70628,0.0871099,0.034828
3617,RL,6,Light Heavy,-0.000152588,Low,0,Low,0,9.72354,2221.59,7.70643,0.08712,0.0348246
3618,RL,6,Light Heavy,0.000443935,Low,0,Low,0,9.71934,2220.61,7.70599,0.0868282,0.0348211
3619,RL,6,Light Heavy,-0.00252533,Low,0,Low,0,9.73894,2226.22,7.70851,0.0871142,0.0348176
3620,RL,6,Light Heavy,8.10623e-05,Low,0,Low,0,9.73428,2226.04,7.70843,0.0870423,0.0348141
3621,RL,6,Light Heavy,-0.00278091,Low,0,Low,0,9.77093,2232.24,7.71121,0.087256,0.0348106
3622,RL,6,Light Heavy,0.00294685,Low,0,Low,0,9.74355,2225.67,7.70826,0.0872473,0.0348072
3623,RL,6,Light Heavy,0.00173521,Low,0,Low,0,9.72357,2221.81,7.70653,0.0870645,0.0348037
3624,RL,6,Light Heavy,-0.00113821,Low,0,Low,0,9.73265,2224.34,7.70767,0.0871243,0.0348002
3625,RL,6,Light Heavy,-0.000214577,Low,0,Low,0,9.74012,2224.82,7.70788,0.0873187,0.0347967
3626,RL,6,Light Heavy,-0.00372887,Low,0,Low,0,9.76988,2233.14,7.71161,0.087311,0.0347932
3627,RL,6,Light Heavy,0.00321817,Low,0,Low,0,9.74798,2225.96,7.70839,0.0871788,0.0347898
3628,RL,6,Light Heavy,-0.00197458,Low,0,Low,0,9.75684,2230.36,7.71037,0.0872241,0.0347863
3629,RL,6,Light Heavy,0.00386572,Low,0,Low,0,9.72809,2221.75,7.7065,0.0872232,0.0347828
3630,RL,6,Light Heavy,-0.00155783,Low,0,Low,0,9.73928,2225.22,7.70806,0.0871508,0.0347793
3631,RL,6,Light Heavy,-4.673e-05,Low,0,Low,0,9.74254,2225.32,7.70811,0.0872714,0.0347758
3632,RL,6,Light Heavy,-0.00301266,Low,0,Low,0,9.76808,2232.04,7.71112,0.0870476,0.0347724
3633,RL,6,Light Heavy,0.00454473,Low,0,Low,0,9.72196,2221.91,7.70657,0.0869922,0.0347689
3634,RL,6,Light Heavy,0.00275755,Low,0,Low,0,9.69976,2215.79,7.70382,0.0869059,0.0347654
3635,RL,6,Light Heavy,-0.00476313,Low,0,Low,0,9.74634,2226.38,7.70858,0.0873438,0.0347619
3636,RL,6,Light Heavy,0.00288391,Low,0,Low,0,9.71285,2219.96,7.7057,0.0870558,0.0347585
3637,RL,6,Light Heavy,-0.00347614,Low,0,Low,0,9.7592,2227.7,7.70917,0.0870737,0.034755
3638,RL,6,Light Heavy,0.00123453,Low,0,Low,0,9.72952,2224.95,7.70794,0.0870992,0.0347515
3639,RL,6,Light Heavy,0.000224113,Low,0,Low,0,9.73146,2224.45,7.70771,0.0870689,0.034748
3640,RL,6,Light Heavy,-0.000573635,Low,0,Low,0,9.74533,2225.72,7.70829,0.0872651,0.0347446
3641,RL,6,Light Heavy,0.0043292,Low,0,Low,0,9.69136,2216.1,7.70396,0.0866266,0.0347411
3642,RL,6,Light Heavy,-0.000374317,Low,0,Low,0,9.70046,2216.93,7.70433,0.0868682,0.0347376
3643,RL,6,Light Heavy,-0.00172377,Low,0,Low,0,9.71592,2220.76,7.70606,0.0868678,0.0347341
3644,RL,6,Light Heavy,-0.00146341,Low,0,Low,0,9.73262,2224.01,7.70752,0.0871455,0.0347307
3645,RL,6,Light Heavy,-0.00153303,Low,0,Low,0,9.74603,2227.43,7.70905,0.0871041,0.0347272
3646,RL,6,Light Heavy,0.000197411,Low,0,Low,0,9.74828,2226.99,7.70885,0.0870332,0.0347237
3647,RL,6,Light Heavy,0.00428581,Low,0,Low,0,9.70237,2217.46,7.70457,0.0871195,0.0347202
3648,RL,6,Light Heavy,-0.00220346,Low,0,Low,0,9.73173,2222.35,7.70677,0.0870202,0.0347168
3649,RL,6,Light Heavy,-0.00263977,Low,0,Low,0,9.75111,2228.23,7.70941,0.0872184,0.0347133
3650,RL,6,Light Heavy,0.0040164,Low,0,Low,0,9.70892,2219.3,7.7054,0.0870872,0.0347098
3651,RL,6,Light Heavy,-0.00082016,Low,0,Low,0,9.7184,2221.12,7.70622,0.0869883,0.0347064
3652,RL,6,Light Heavy,-0.00359058,Low,0,Low,0,9.75642,2229.11,7.70981,0.0871615,0.0347029
3653,RL,6,Light Heavy,0.00366688,Low,0,Low,0,9.71481,2220.95,7.70614,0.0868948,0.0346994
3654,RL,6,Light Heavy,-0.000843525,Low,0,Low,0,9.7286,2222.82,7.70698,0.0871243,0.034696
3655,RL,6,Light Heavy,-0.00223589,Low,0,Low,0,9.75348,2227.8,7.70922,0.0872584,0.0346925
3656,RL,6,Light Heavy,0.00166893,Low,0,Low,0,9.73256,2224.08,7.70755,0.0872025,0.034689
3657,RL,6,Light Heavy,-0.0035367,Low,0,Low,0,9.77025,2231.97,7.71109,0.0872483,0.0346855
3658,RL,6,Light Heavy,0.00190353,Low,0,Low,0,9.75266,2227.72,7.70918,0.0872656,0.0346821
3659,RL,6,Balanced,-0.00573492,Low,0,Low,0,9.80754,2240.54,7.71492,0.0875569,0.0346786
3660,RL,6,Balanced,0.00636578,Low,0,Low,0,9.74813,2226.31,7.70855,0.0904982,0.0346751
3661,RL,6,Balanced,4.81606e-05,Low,0,Low,0,9.74576,2226.21,7.7085,0.0905474,0.0346717
3662,RL,6,Balanced,-0.00222731,Low,0,Low,0,9.76805,2231.17,7.71073,0.0903872,0.0346682
3663,RL,6,Balanced,0.00839853,Low,0,Low,0,9.69175,2212.51,7.70233,0.0902214,0.0346647
3664,RL,6,Balanced,-0.00407267,Low,0,Low,0,9.72361,2221.54,7.70641,0.0902373,0.0346613
3665,RL,6,Balanced,-0.00527906,Low,0,Low,0,9.77459,2233.3,7.71168,0.0906636,0.0346578
3666,RL,6,Balanced,0.00241375,Low,0,Low,0,9.75486,2227.92,7.70927,0.0904451,0.0346543
3667,RL,6,Balanced,0.00323868,Low,0,Low,0,9.72486,2220.71,7.70603,0.0902918,0.0346509
3668,RL,6,Balanced,-0.00316286,Low,0,Low,0,9.76043,2227.75,7.70919,0.0904909,0.0346474
3669,RL,6,Balanced,-0.00163651,Low,0,Low,0,9.76573,2231.4,7.71083,0.0903651,0.0346439
3670,RL,6,Balanced,0.00607681,Low,0,Low,0,9.70924,2217.87,7.70475,0.0900921,0.0346405
3671,RL,6,Balanced,-0.00204468,Low,0,Low,0,9.72663,2222.41,7.7068,0.0903559,0.034637
3672,RL,6,Balanced,-0.000712872,Low,0,Low,0,9.73881,2224,7.70751,0.0901943,0.0346336
3673,RL,6,Balanced,-0.000302792,Low,0,Low,0,9.74221,2224.67,7.70781,0.0903848,0.0346301
3674,RL,6,Balanced,-0.00580883,Low,0,Low,0,9.80624,2237.64,7.71362,0.0908941,0.0346266
3675,RL,6,Balanced,0.00625515,Low,0,Low,0,9.74038,2223.68,7.70737,0.0904109,0.0346232
3676,RL,6,Balanced,-0.00243282,Low,0,Low,0,9.76405,2229.1,7.7098,0.0905044,0.0346197
3677,RL,6,Balanced,0.00731087,Low,0,Low,0,9.68867,2212.85,7.70249,0.0900637,0.0346162
3678,RL,6,Balanced,-0.00307703,Low,0,Low,0,9.72041,2219.68,7.70557,0.09042,0.0346128
3679,RL,6,Balanced,0.000199795,Low,0,Low,0,9.71833,2219.23,7.70537,0.0903583,0.0346093
3680,RL,6,Balanced,0.00102139,Low,0,Low,0,9.70662,2216.97,7.70435,0.0902836,0.0346059
3681,RL,6,Balanced,-0.00234747,Low,0,Low,0,9.72958,2222.18,7.70669,0.0901505,0.0346024
3682,RL,6,Balanced,0.00107861,Low,0,Low,0,9.72858,2219.78,7.70562,0.0905604,0.0345989
3683,RL,6,Balanced,-0.00141716,Low,0,Low,0,9.73351,2222.93,7.70703,0.0901558,0.0345955
3684,RL,6,Balanced,-0.00143147,Low,0,Low,0,9.74314,2226.12,7.70846,0.0901992,0.034592
3685,RL,6,Balanced,0.00432539,Low,0,Low,0,9.7081,2216.51,7.70414,0.0903752,0.0345886
3686,RL,6,Balanced,-0.00492525,Low,0,Low,0,9.75549,2227.45,7.70906,0.0903448,0.0345851
3687,RL,6,Balanced,0.000357628,Low,0,Low,0,9.75258,2226.66,7.70871,0.0905425,0.0345816
3688,RL,6,Balanced,0.000127316,Low,0,Low,0,9.75176,2226.37,7.70858,0.090422,0.0345782
3689,RL,6,Balanced,-0.00253487,Low,0,Low,0,9.77501,2232.03,7.71111,0.0904176,0.0345747
3690,RL,6,Balanced,0.00552607,Low,0,Low,0,9.71905,2219.72,7.70559,0.0904876,0.0345713
3691,RL,6,Balanced,-0.00613213,Low,0,Low,0,9.78157,2233.38,7.71172,0.0905883,0.0345678
3692,RL,6,Balanced,0.00266743,Low,0,Low,0,9.75615,2227.43,7.70905,0.0903665,0.0345644
3693,RL,6,Balanced,0.000302315,Low,0,Low,0,9.76007,2226.76,7.70875,0.0904678,0.0345609
3694,RL,6,Balanced,0.00377274,Low,0,Low,0,9.71322,2218.37,7.70498,0.0903737,0.0345574
3695,RL,6,Balanced,-0.00395584,Low,0,Low,0,9.754,2227.16,7.70893,0.0905194,0.034554
3696,RL,6,Balanced,0.00172281,Low,0,Low,0,9.73503,2223.33,7.70721,0.0903226,0.0345505
3697,RL,6,Balanced,0.000881195,Low,0,Low,0,9.72957,2221.37,7.70633,0.0903742,0.0345471
3698,RL,6,Balanced,-0.00108862,Low,0,Low,0,9.7389,2223.79,7.70742,0.0903159,0.0345436
3699,RL,6,Balanced,0.00261545,Low,0,Low,0,9.71569,2217.98,7.7048,0.0904577,0.0345402
3700,RL,6,Balanced,0.000775814,Low,0,Low,0,9.70731,2216.26,7.70403,0.0902464,0.0345367
3701,RL,6,Balanced,-0.00256681,Low,0,Low,0,9.72957,2221.96,7.70659,0.0902922,0.0345333
3702,RL,6,Balanced,-0.00117683,Low,0,Low,0,9.74411,2224.57,7.70777,0.0903414,0.0345298
3703,RL,6,Balanced,0.0022788,Low,0,Low,0,9.72149,2219.51,7.70549,0.0902783,0.0345264
3704,RL,6,Balanced,-0.00887728,Low,0,Low,0,9.80705,2239.31,7.71437,0.090909,0.0345229
3705,RL,6,Balanced,0.0103202,Low,0,Low,0,9.70822,2216.31,7.70405,0.0900936,0.0345195
3706,RL,6,Balanced,-0.0053587,Low,0,Low,0,9.75244,2228.22,7.70941,0.0902975,0.034516
3707,RL,6,Balanced,0.00320196,Low,0,Low,0,9.72331,2221.09,7.7062,0.0903892,0.0345125
3708,RL,6,Balanced,0.00131464,Low,0,Low,0,9.71279,2218.17,7.70489,0.0903627,0.0345091
3709,RL,6,Balanced,-0.00726175,Low,0,Low,0,9.78546,2234.35,7.71215,0.0904225,0.0345056
3710,RL,6,Balanced,0.00733948,Low,0,Low,0,9.7085,2218,7.70481,0.0901789,0.0345022
3711,RL,6,Balanced,-0.00123024,Low,0,Low,0,9.72447,2220.73,7.70604,0.0901182,0.0344987
3712,RL,6,Balanced,-0.00170231,Low,0,Low,0,9.73875,2224.52,7.70775,0.0903221,0.0344953
3713,RL,6,Balanced,-0.00148439,Low,0,Low,0,9.75998,2227.82,7.70923,0.090435,0.0344918
3714,RL,6,Balanced,0.000178337,Low,0,Low,0,9.75458,2227.43,7.70905,0.0906216,0.0344884
3715,RL,6,Balanced,0.000898361,Low,0,Low,0,9.74597,2225.43,7.70815,0.090435,0.0344849
3716,RL,6,Balanced,0.000774384,Low,0,Low,0,9.73068,2223.7,7.70738,0.0902787,0.0344815
3717,RL,6,Balanced,0.00116539,Low,0,Low,0,9.72514,2221.11,7.70621,0.0903911,0.0344781
3718,RL,6,Balanced,-0.00190449,Low,0,Low,0,9.74737,2225.35,7.70812,0.0902426,0.0344746
3719,RL,6,Balanced,0.00140905,Low,0,Low,0,9.73137,2222.21,7.70671,0.0903766,0.0344712
3720,RL,6,Balanced,-0.00309896,Low,0,Low,0,9.76271,2229.11,7.70981,0.090326,0.0344677
3721,RL,6,Balanced,-0.00201654,Low,0,Low,0,9.77734,2233.61,7.71182,0.0904012,0.0344643
3722,RL,6,Balanced,-0.000154018,Low,0,Low,0,9.7841,2233.96,7.71198,0.0907663,0.0344608
3723,RL,6,Balanced,0.00670767,Low,0,Low,0,9.71431,2219.02,7.70527,0.0903284,0.0344574
3724,RL,6,Balanced,0.00486326,Low,0,Low,0,9.67715,2208.25,7.70041,0.0902821,0.0344539
3725,RL,6,Balanced,-0.00913668,Low,0,Low,0,9.7584,2228.52,7.70954,0.0905049,0.0344505
3726,RL,6,Balanced,0.0026288,Low,0,Low,0,9.73144,2222.67,7.70691,0.090488,0.034447
3727,RL,6,Balanced,0.000240803,Low,0,Low,0,9.72894,2222.14,7.70667,0.0903342,0.0344436
3728,RL,6,Balanced,-0.00633526,Low,0,Low,0,9.79112,2236.26,7.71301,0.0903993,0.0344401
3729,RL,6,Balanced,0.00246334,Low,0,Low,0,9.76899,2230.76,7.71055,0.0905064,0.0344367
3730,RL,6,Balanced,-0.00236988,Low,0,Low,0,9.78932,2236.06,7.71292,0.0904152,0.0344333
3731,RL,6,Balanced,0.00551796,Low,0,Low,0,9.73665,2223.75,7.7074,0.0901239,0.0344298
3732,RL,6,Balanced,-0.00380707,Low,0,Low,0,9.76884,2232.23,7.71121,0.0901452,0.0344264
3733,RL,6,Balanced,0.00302935,Low,0,Low,0,9.74526,2225.48,7.70818,0.0902913,0.0344229
3734,RL,6,Balanced,-0.00237274,Low,0,Low,0,9.76711,2230.77,7.71055,0.090489,0.0344195
3735,RL,6,Balanced,0.000881672,Low,0,Low,0,9.7599,2228.8,7.70967,0.0903405,0.034416
3736,RL,6,Balanced,0.00116348,Low,0,Low,0,9.75136,2226.21,7.7085,0.0904442,0.0344126
3737,RL,6,Balanced,0.00324917,Low,0,Low,0,9.71641,2218.98,7.70525,0.0902812,0.0344092
3738,RL,6,Balanced,0.000989914,Low,0,Low,0,9.70404,2216.79,7.70426,0.090298,0.0344057
3739,RL,6,Balanced,-0.0024581,Low,0,Low,0,9.73101,2222.24,7.70672,0.0904099,0.0344023
3740,RL,6,Balanced,-0.00310087,Low,0,Low,0,9.76453,2229.15,7.70982,0.0904316,0.0343988
3741,RL,6,Balanced,0.00324821,Low,0,Low,0,9.72342,2221.92,7.70657,0.0903757,0.0343954
3742,RL,6,Balanced,-0.0042038,Low,0,Low,0,9.76488,2231.28,7.71078,0.0903742,0.034392
3743,RL,6,Balanced,0.000653744,Low,0,Low,0,9.77188,2229.82,7.71012,0.0904157,0.0343885
3744,RL,6,Balanced,0.00293064,Low,0,Low,0,9.73829,2223.29,7.70719,0.0901529,0.0343851
3745,RL,6,Balanced,-6.19888e-06,Low,0,Low,0,9.73428,2223.31,7.7072,0.0901741,0.0343817
3746,RL,6,Balanced,-0.00147629,Low,0,Low,0,9.74498,2226.59,7.70868,0.0903019,0.0343782
3747,RL,6,Balanced,-0.00039196,Low,0,Low,0,9.74971,2227.47,7.70907,0.0902821,0.0343748
3748,RL,6,Balanced,0.00272274,Low,0,Low,0,9.72343,2221.41,7.70635,0.0901919,0.0343713
3749,RL,6,Balanced,0.000873566,Low,0,Low,0,9.72734,2219.47,7.70547,0.090313,0.0343679
3750,RL,6,Balanced,-0.000699043,Low,0,Low,0,9.72356,2221.02,7.70617,0.0901485,0.0343645
3751,RL,6,Balanced,-0.00200272,Low,0,Low,0,9.74173,2225.47,7.70817,0.0904364,0.034361
3752,RL,6,Balanced,-0.00387716,Low,0,Low,0,9.78611,2234.12,7.71205,0.0907147,0.0343576
3753,RL,6,Balanced,-0.000124454,Low,0,Low,0,9.77987,2234.4,7.71218,0.0904644,0.0343542
3754,RL,6,Light Heavy,0.00805569,Low,0,Low,0,9.70555,2216.47,7.70412,0.0900858,0.0343507
3755,RL,6,Balanced,-0.00322676,Low,0,Low,0,9.73546,2223.63,7.70735,0.0870747,0.0343473
3756,RL,6,Balanced,-0.000838757,Low,0,Low,0,9.74592,2225.5,7.70819,0.090203,0.0343439
3757,RL,6,Light Heavy,-0.00500154,Low,0,Low,0,9.78973,2236.66,7.71319,0.0905069,0.0343404
3758,RL,6,Light Heavy,0.00703144,Low,0,Low,0,9.72546,2220.98,7.70616,0.0872666,0.034337
3759,RL,6,Light Heavy,-4.14848e-05,Low,0,Low,0,9.72289,2221.08,7.7062,0.087132,0.0343336
3760,RL,6,Light Heavy,0.00203896,Low,0,Low,0,9.70378,2216.55,7.70416,0.0869179,0.0343301
3761,RL,6,Light Heavy,-0.00167704,Low,0,Low,0,9.72425,2220.27,7.70584,0.0870713,0.0343267
3762,RL,6,Balanced,-0.00979137,Low,0,Low,0,9.81345,2242.13,7.71563,0.0875169,0.0343233
3763,RL,6,Light Heavy,0.00549746,Low,0,Low,0,9.75964,2229.83,7.71013,0.0904755,0.0343198
3764,RL,6,Balanced,0.00215149,Low,0,Low,0,9.74068,2225.04,7.70798,0.0871311,0.0343164
3765,RL,6,Balanced,-0.00883102,Low,0,Low,0,9.83276,2244.78,7.71681,0.0908459,0.034313
3766,RL,6,Balanced,0.00933599,Low,0,Low,0,9.73986,2223.91,7.70747,0.0906062,0.0343095
3767,RL,6,Balanced,0.00386477,Low,0,Low,0,9.69571,2215.33,7.70361,0.0900593,0.0343061
3768,RL,6,Balanced,0.000323772,Low,0,Low,0,9.70089,2214.61,7.70328,0.0902479,0.0343027
3769,RL,6,Balanced,-0.00399208,Low,0,Low,0,9.73682,2223.47,7.70728,0.0904654,0.0342992
3770,RL,6,Balanced,0.00140238,Low,0,Low,0,9.72754,2220.36,7.70587,0.090488,0.0342958
3771,RL,6,Balanced,9.15527e-05,Low,0,Low,0,9.71604,2220.15,7.70578,0.0899542,0.0342924
3772,RL,6,Balanced,-0.00440025,Low,0,Low,0,9.76272,2229.95,7.71018,0.0906269,0.0342889
3773,RL,6,Balanced,0.00367212,Low,0,Low,0,9.72466,2221.77,7.70651,0.0903067,0.0342855
3774,RL,6,BSDF Heavy,0.000195503,Low,0,Low,0,9.72419,2221.34,7.70632,0.0903106,0.0342821
3775,RL,6,Balanced,0.00343037,Low,0,Low,0,9.69786,2213.73,7.70288,0.0892269,0.0342787
3776,RL,6,BSDF Heavy,-0.0105085,Low,0,Low,0,9.79635,2237.12,7.71339,0.0906602,0.0342752
3777,RL,6,BSDF Heavy,0.00414848,Low,0,Low,0,9.75638,2227.86,7.70924,0.0893649,0.0342718
3778,RL,6,BSDF Heavy,0.00162172,Low,0,Low,0,9.73949,2224.25,7.70762,0.089485,0.0342684
3779,RL,6,BSDF Heavy,-0.0039134,Low,0,Low,0,9.78132,2232.97,7.71154,0.0897372,0.034265
3780,RL,6,BSDF Heavy,0.000883579,Low,0,Low,0,9.77846,2231,7.71065,0.0896205,0.0342615
3781,RL,6,BSDF Heavy,0.00359726,Low,0,Low,0,9.73798,2222.98,7.70706,0.0895245,0.0342581
3782,RL,6,BSDF Heavy,-0.000407219,Low,0,Low,0,9.74369,2223.89,7.70746,0.0896677,0.0342547
3783,RL,6,BSDF Heavy,0.00389147,Low,0,Low,0,9.70748,2215.25,7.70357,0.0893514,0.0342513
3784,RL,6,BSDF Heavy,-0.00453663,Low,0,Low,0,9.74983,2225.33,7.70811,0.0896045,0.0342478
3785,RL,6,BSDF Heavy,-0.000193119,Low,0,Low,0,9.75072,2225.76,7.7083,0.0897738,0.0342444
3786,RL,6,BSDF Heavy,-0.0024457,Low,0,Low,0,9.77363,2231.21,7.71075,0.0896431,0.034241
3787,RL,6,BSDF Heavy,0.00476599,Low,0,Low,0,9.7273,2220.6,7.70598,0.0895587,0.0342376
3788,RL,6,BSDF Heavy,-0.00544691,Low,0,Low,0,9.78566,2232.73,7.71143,0.0897917,0.0342341
3789,RL,6,BSDF Heavy,0.00504732,Low,0,Low,0,9.73226,2221.48,7.70638,0.0896523,0.0342307
3790,RL,6,BSDF Heavy,-0.00552988,Low,0,Low,0,9.7879,2233.81,7.71191,0.0897767,0.0342273
3791,RL,6,BSDF Heavy,0.00592232,Low,0,Low,0,9.72772,2220.61,7.70599,0.0894459,0.0342239
3792,RL,6,BSDF Heavy,-0.00174379,Low,0,Low,0,9.74219,2224.49,7.70773,0.0896793,0.0342204
3793,RL,6,BSDF Heavy,0.00286436,Low,0,Low,0,9.71549,2218.12,7.70487,0.0896537,0.034217
3794,RL,6,BSDF Heavy,-0.00466728,Low,0,Low,0,9.76164,2228.5,7.70953,0.0893895,0.0342136
3795,RL,6,BSDF Heavy,-0.000404835,Low,0,Low,0,9.76394,2229.41,7.70994,0.0895182,0.0342102
3796,RL,6,BSDF Heavy,0.00478268,Low,0,Low,0,9.71774,2218.76,7.70516,0.0894083,0.0342068
3797,RL,6,BSDF Heavy,-0.00454903,Low,0,Low,0,9.7675,2228.89,7.70971,0.0895293,0.0342033
3798,RL,6,BSDF Heavy,0.00426769,Low,0,Low,0,9.72454,2219.39,7.70544,0.0896774,0.0341999
3799,RL,6,BSDF Heavy,-0.00325155,Low,0,Low,0,9.75829,2226.62,7.70869,0.0898529,0.0341965
3800,RL,6,BSDF Heavy,0.00212765,Low,0,Low,0,9.73483,2221.89,7.70656,0.0894387,0.0341931
3801,RL,6,BSDF Heavy,-0.00129795,Low,0,Low,0,9.7485,2224.77,7.70786,0.0897082,0.0341897
3802,RL,6,BSDF Heavy,0.00126553,Low,0,Low,0,9.73503,2221.96,7.70659,0.0893634,0.0341862
3803,RL,6,BSDF Heavy,0.00275087,Low,0,Low,0,9.70995,2215.85,7.70384,0.0896726,0.0341828
3804,RL,6,BSDF Heavy,-0.00330877,Low,0,Low,0,9.73642,2223.2,7.70715,0.0893673,0.0341794
3805,RL,6,BSDF Heavy,-0.00188875,Low,0,Low,0,9.75784,2227.4,7.70904,0.0896508,0.034176
3806,RL,6,BSDF Heavy,-0.000854015,Low,0,Low,0,9.76531,2229.31,7.7099,0.0896682,0.0341726
3807,RL,6,BSDF Heavy,0.00353146,Low,0,Low,0,9.72749,2221.45,7.70636,0.0893967,0.0341691
3808,RL,6,BSDF Heavy,1.43051e-06,Low,0,Low,0,9.73618,2221.44,7.70636,0.0896865,0.0341657
3809,RL,6,BSDF Heavy,-0.000600815,Low,0,Low,0,9.73379,2222.78,7.70696,0.0897073,0.0341623
3810,RL,6,BSDF Heavy,0.000894547,Low,0,Low,0,9.73321,2220.79,7.70607,0.0894594,0.0341589
3811,RL,6,BSDF Heavy,0.00132799,Low,0,Low,0,9.71505,2217.84,7.70474,0.0894362,0.0341555
3812,RL,6,BSDF Heavy,-0.00261497,Low,0,Low,0,9.74838,2223.65,7.70736,0.089566,0.0341521
3813,RL,6,BSDF Heavy,0.000416279,Low,0,Low,0,9.73634,2222.73,7.70694,0.0893162,0.0341486
3814,RL,6,BSDF Heavy,-0.00136518,Low,0,Low,0,9.75528,2225.76,7.7083,0.0894358,0.0341452
3815,RL,6,BSDF Heavy,-0.00054884,Low,0,Low,0,9.75543,2226.99,7.70885,0.0897198,0.0341418
3816,RL,6,BSDF Heavy,0.00383997,Low,0,Low,0,9.71646,2218.45,7.70501,0.0896518,0.0341384
3817,RL,6,BSDF Heavy,-0.00329971,Low,0,Low,0,9.75714,2225.78,7.70831,0.0895587,0.034135
3818,RL,6,Light Heavy,0.00210857,Low,0,Low,0,9.73405,2221.09,7.7062,0.0896055,0.0341316
3819,RL,6,BSDF Heavy,-0.00474167,Low,0,Low,0,9.77191,2231.65,7.71095,0.0872936,0.0341282
3820,RL,6,BSDF Heavy,0.00213575,Low,0,Low,0,9.76024,2226.89,7.70881,0.0896455,0.0341248
3821,RL,6,BSDF Heavy,0.00435591,Low,0,Low,0,9.71336,2217.21,7.70445,0.0893229,0.0341213
3822,RL,6,BSDF Heavy,-0.00358391,Low,0,Low,0,9.75292,2225.17,7.70804,0.0895187,0.0341179
3823,RL,6,BSDF Heavy,0.00558519,Low,0,Low,0,9.69629,2212.77,7.70245,0.0891855,0.0341145
3824,RL,6,BSDF Heavy,-0.00256252,Low,0,Low,0,9.72141,2218.45,7.70502,0.0895168,0.0341111
3825,RL,6,BSDF Heavy,-0.00386333,Low,0,Low,0,9.75494,2227.04,7.70888,0.0896393,0.0341077
3826,RL,6,BSDF Heavy,0.000267506,Low,0,Low,0,9.75303,2226.45,7.70861,0.0898182,0.0341043
3827,RL,6,BSDF Heavy,-0.000786781,Low,0,Low,0,9.76338,2228.2,7.7094,0.0895867,0.0341009
3828,RL,6,BSDF Heavy,0.000908852,Low,0,Low,0,9.7499,2226.18,7.70849,0.0894035,0.0340975
3829,RL,6,BSDF Heavy,-0.00112963,Low,0,Low,0,9.76247,2228.69,7.70962,0.0895684,0.0340941
3830,RL,6,BSDF Heavy,-0.000228405,Low,0,Low,0,9.77294,2229.2,7.70985,0.089824,0.0340906
3831,RL,6,BSDF Heavy,0.0019722,Low,0,Low,0,9.75016,2224.81,7.70788,0.0896267,0.0340872
3832,RL,6,BSDF Heavy,-0.00212526,Low,0,Low,0,9.76911,2229.54,7.71,0.0897811,0.0340838
3833,RL,6,Light Heavy,-0.00319147,Low,0,Low,0,9.79482,2236.67,7.71319,0.0896928,0.0340804
3834,RL,6,BSDF Heavy,0.00832701,Low,0,Low,0,9.71022,2218.12,7.70486,0.0871793,0.034077
3835,RL,6,Light Heavy,-0.00306416,Low,0,Low,0,9.74151,2224.93,7.70793,0.0896827,0.0340736
3836,RL,6,Light Heavy,0.0015831,Low,0,Low,0,9.72196,2221.41,7.70635,0.0870206,0.0340702
3837,RL,6,Balanced,0.00110817,Low,0,Low,0,9.71519,2218.95,7.70524,0.0870631,0.0340668
3838,RL,6,Light Heavy,0.00163889,Low,0,Low,0,9.69839,2215.31,7.7036,0.0903033,0.0340634
3839,RL,6,BSDF Heavy,-0.00478363,Low,0,Low,0,9.74643,2225.94,7.70838,0.0872309,0.03406
3840,RL,6,BSDF Heavy,0.000836372,Low,0,Low,0,9.74301,2224.08,7.70755,0.0896142,0.0340566
3841,RL,6,BSDF Heavy,0.00353956,Low,0,Low,0,9.70815,2216.21,7.70401,0.089553,0.0340532
3842,RL,6,Balanced,-0.00667524,Low,0,Low,0,9.77351,2231.06,7.71068,0.089795,0.0340498
3843,RL,6,Balanced,0.00113058,Low,0,Low,0,9.75938,2228.54,7.70955,0.09042,0.0340464
3844,RL,6,Balanced,0.00313997,Low,0,Low,0,9.73445,2221.55,7.70641,0.0903525,0.034043
3845,RL,6,Balanced,0.00107288,Low,0,Low,0,9.71648,2219.17,7.70534,0.0903824,0.0340395
3846,RL,6,Balanced,-0.00496387,Low,0,Low,0,9.76585,2230.22,7.7103,0.090313,0.0340361
3847,RL,6,Balanced,0.00722075,Low,0,Low,0,9.69537,2214.16,7.70308,0.0902855,0.0340327
3848,RL,6,Balanced,-0.00158358,Low,0,Low,0,9.71588,2217.67,7.70467,0.0903675,0.0340293
3849,RL,6,Balanced,0.00278139,Low,0,Low,0,9.68464,2211.51,7.70188,0.0903197,0.0340259
3850,RL,6,Balanced,-0.00805807,Low,0,Low,0,9.75916,2229.41,7.70994,0.0904837,0.0340225
3851,RL,6,Balanced,0.0021162,Low,0,Low,0,9.74091,2224.7,7.70783,0.0903217,0.0340191
3852,RL,6,Balanced,0.000777721,Low,0,Low,0,9.73109,2222.97,7.70705,0.0903786,0.0340157
3853,RL,6,Balanced,0.000860214,Low,0,Low,0,9.72349,2221.05,7.70619,0.0903979,0.0340123
3854,RL,6,Balanced,-0.000285149,Low,0,Low,0,9.72213,2221.69,7.70647,0.0901326,0.0340089
3855,RL,6,Balanced,-0.00173426,Low,0,Low,0,9.74875,2225.55,7.70821,0.090394,0.0340055
3856,RL,6,Balanced,0.00310802,Low,0,Low,0,9.70973,2218.64,7.7051,0.0900121,0.0340021
3857,RL,6,Balanced,-0.00232744,Low,0,Low,0,9.74183,2223.81,7.70743,0.0905232,0.0339987
3858,RL,6,Balanced,-0.00125694,Low,0,Low,0,9.75473,2226.61,7.70868,0.0905102,0.0339953
3859,RL,6,Balanced,-0.000368118,Low,0,Low,0,9.75714,2227.43,7.70905,0.0904837,0.0339919
3860,RL,6,Balanced,0.00182772,Low,0,Low,0,9.74108,2223.36,7.70722,0.090461,0.0339885
3861,RL,6,Balanced,0.0035677,Low,0,Low,0,9.70289,2215.44,7.70366,0.0900559,0.0339851
3862,RL,6,Balanced,-0.00305128,Low,0,Low,0,9.72717,2222.21,7.70671,0.0901297,0.0339817
3863,RL,6,Balanced,-0.00247574,Low,0,Low,0,9.76227,2227.72,7.70918,0.0905912,0.0339783
3864,RL,6,Balanced,-0.00132895,Low,0,Low,0,9.76905,2230.68,7.71051,0.090626,0.0339749
3865,RL,6,Balanced,0.00033617,Low,0,Low,0,9.76363,2229.93,7.71018,0.0903713,0.0339715
3866,RL,6,Balanced,0.00323582,Low,0,Low,0,9.72834,2222.73,7.70694,0.0903559,0.0339681
3867,RL,6,Balanced,4.673e-05,Low,0,Low,0,9.73011,2222.62,7.70689,0.0901919,0.0339647
3868,RL,6,Balanced,-7.62939e-05,Low,0,Low,0,9.72719,2222.79,7.70697,0.0902884,0.0339613
3869,RL,6,Balanced,0.00259542,Low,0,Low,0,9.71007,2217.03,7.70437,0.0904533,0.033958
3870,RL,6,Balanced,0.000813961,Low,0,Low,0,9.69356,2215.22,7.70356,0.0900825,0.0339546
3871,RL,6,Balanced,-0.00541449,Low,0,Low,0,9.75443,2227.26,7.70897,0.0904307,0.0339512
3872,RL,6,Balanced,0.00232887,Low,0,Low,0,9.72435,2222.07,7.70665,0.0905811,0.0339478
3873,RL,6,Balanced,-0.00345135,Low,0,Low,0,9.7641,2229.76,7.7101,0.0904842,0.0339444
3874,RL,6,Balanced,0.00475264,Low,0,Low,0,9.716,2219.18,7.70534,0.0902267,0.033941
3875,RL,6,Balanced,-0.00452662,Low,0,Low,0,9.76181,2229.25,7.70987,0.0905083,0.0339376
3876,RL,6,Light Heavy,-0.00082159,Low,0,Low,0,9.76669,2231.09,7.71069,0.0905541,0.0339342
3877,RL,6,Light Heavy,0.00135136,Low,0,Low,0,9.7587,2228.07,7.70934,0.0874339,0.0339308
3878,RL,6,Light Heavy,0.00231981,Low,0,Low,0,9.73431,2222.91,7.70702,0.0871046,0.0339274
3879,RL,6,Light Heavy,0.000727654,Low,0,Low,0,9.72057,2221.29,7.70629,0.0869459,0.033924
3880,RL,6,Light Heavy,-0.000318527,Low,0,Low,0,9.72155,2222,7.70661,0.0871942,0.0339206
3881,RL,6,Light Heavy,-0.00298929,Low,0,Low,0,9.75579,2228.65,7.7096,0.0870033,0.0339172
3882,RL,6,Light Heavy,0.000480652,Low,0,Low,0,9.75008,2227.58,7.70912,0.0872184,0.0339138
3883,RL,6,Balanced,0.00256109,Low,0,Low,0,9.7256,2221.88,7.70656,0.0868991,0.0339104
3884,RL,6,Light Heavy,-0.00113058,Low,0,Low,0,9.74625,2224.4,7.70769,0.0905782,0.0339071
3885,RL,6,Light Heavy,-0.00429583,Low,0,Low,0,9.77334,2233.98,7.71199,0.0871981,0.0339037
3886,RL,6,Light Heavy,0.00391817,Low,0,Low,0,9.74201,2225.24,7.70807,0.0870385,0.0339003
3887,RL,6,Light Heavy,0.000998497,Low,0,Low,0,9.72846,2223.02,7.70707,0.0870028,0.0338969
3888,RL,6,Light Heavy,-0.00248671,Low,0,Low,0,9.76099,2228.55,7.70956,0.0873192,0.0338935
3889,RL,6,Light Heavy,-0.000911713,Low,0,Low,0,9.76415,2230.59,7.71047,0.0874566,0.0338901
3890,RL,6,Light Heavy,0.00590658,Low,0,Low,0,9.69546,2217.44,7.70456,0.0869295,0.0338867
3891,RL,6,Light Heavy,-0.00435066,Low,0,Low,0,9.74756,2227.12,7.70891,0.087243,0.0338833
3892,RL,6,Light Heavy,0.00238037,Low,0,Low,0,9.72786,2221.82,7.70653,0.0873076,0.0338799
3893,RL,6,Light Heavy,-0.00508881,Low,0,Low,0,9.77344,2233.16,7.71162,0.0871981,0.0338765
3894,RL,6,Light Heavy,0.00461149,Low,0,Low,0,9.73247,2222.88,7.70701,0.0871205,0.0338732
3895,RL,6,Light Heavy,-0.00242233,Low,0,Low,0,9.7465,2228.28,7.70943,0.0872859,0.0338698
3896,RL,6,Light Heavy,-0.00126886,Low,0,Low,0,9.76684,2231.1,7.7107,0.0871726,0.0338664
3897,RL,6,Light Heavy,0.00486946,Low,0,Low,0,9.71984,2220.26,7.70583,0.0870462,0.033863
3898,RL,6,Light Heavy,-0.000844479,Low,0,Low,0,9.72414,2222.14,7.70668,0.0871291,0.0338596
3899,RL,6,Light Heavy,0.00370741,Low,0,Low,0,9.69331,2213.91,7.70297,0.0869637,0.0338562
3900,RL,6,Light Heavy,-0.00632048,Low,0,Low,0,9.74604,2227.96,7.70929,0.0870583,0.0338528
3901,RL,6,Light Heavy,0.00536251,Low,0,Low,0,9.69421,2216.04,7.70393,0.0870366,0.0338495
3902,RL,6,Light Heavy,-0.00103283,Low,0,Low,0,9.70938,2218.33,7.70496,0.0871055,0.0338461
3903,RL,6,Light Heavy,-0.00320101,Low,0,Low,0,9.74939,2225.44,7.70816,0.0871957,0.0338427
3904,RL,6,Light Heavy,0.00186872,Low,0,Low,0,9.72994,2221.28,7.70629,0.0871518,0.0338393
3905,RL,6,Light Heavy,-0.00395536,Low,0,Low,0,9.75534,2230.09,7.71025,0.0872425,0.0338359
3906,RL,6,Light Heavy,0.00186014,Low,0,Low,0,9.7428,2225.95,7.70839,0.0872005,0.0338325
3907,RL,6,Balanced,-0.0045104,Low,0,Low,0,9.79288,2236.01,7.7129,0.0873823,0.0338292
3908,RL,6,Balanced,0.00803328,Low,0,Low,0,9.71328,2218.11,7.70486,0.0902083,0.0338258
3909,RL,6,Balanced,-6.67572e-05,Low,0,Low,0,9.72116,2218.26,7.70493,0.0904765,0.0338224
3910,RL,6,Light Heavy,0.000699043,Low,0,Low,0,9.70564,2216.71,7.70423,0.0902344,0.033819
3911,RL,6,Balanced,-0.00442362,Low,0,Low,0,9.75301,2226.54,7.70865,0.0871817,0.0338156
3912,RL,6,Balanced,-0.0011158,Low,0,Low,0,9.75594,2229.03,7.70977,0.0904157,0.0338122
3913,RL,6,Balanced,-0.00188971,Low,0,Low,0,9.77854,2233.25,7.71166,0.090598,0.0338089
3914,RL,6,Balanced,0.00401163,Low,0,Low,0,9.73337,2224.3,7.70765,0.0902985,0.0338055
3915,RL,6,Balanced,0.00544119,Low,0,Low,0,9.68589,2212.23,7.70221,0.0902459,0.0338021
3916,RL,6,Balanced,-0.00633526,Low,0,Low,0,9.75086,2226.29,7.70854,0.0904972,0.0337987
3917,RL,6,Balanced,0.00164175,Low,0,Low,0,9.73331,2222.64,7.7069,0.0902623,0.0337953
3918,RL,6,Balanced,-0.000792027,Low,0,Low,0,9.73636,2224.4,7.70769,0.0902262,0.033792
3919,RL,6,Balanced,-0.00252008,Low,0,Low,0,9.7623,2230.02,7.71021,0.0906332,0.0337886
3920,RL,6,Balanced,0.00255346,Low,0,Low,0,9.73917,2224.33,7.70766,0.0902296,0.0337852
3921,RL,6,Balanced,-0.00214005,Low,0,Low,0,9.76184,2229.1,7.7098,0.0902344,0.0337818
3922,RL,6,Balanced,0.00727797,Low,0,Low,0,9.68581,2212.92,7.70252,0.0900068,0.0337785
3923,RL,6,Balanced,-0.00841904,Low,0,Low,0,9.77586,2231.64,7.71094,0.0906279,0.0337751
3924,RL,6,Balanced,0.00135231,Low,0,Low,0,9.75623,2228.62,7.70959,0.090625,0.0337717
3925,RL,6,Balanced,0.00384855,Low,0,Low,0,9.72241,2220.06,7.70574,0.0902204,0.0337683
3926,RL,6,Balanced,-0.00115585,Low,0,Low,0,9.73221,2222.63,7.7069,0.0902445,0.0337649
3927,RL,6,Balanced,0.00270081,Low,0,Low,0,9.71073,2216.63,7.7042,0.0902913,0.0337616
3928,RL,6,Balanced,-0.00545216,Low,0,Low,0,9.76127,2228.76,7.70965,0.0905469,0.0337582
3929,RL,6,Balanced,-0.00186205,Low,0,Low,0,9.77131,2232.91,7.71151,0.090245,0.0337548
3930,RL,6,Balanced,0.000331879,Low,0,Low,0,9.77597,2232.17,7.71118,0.0904832,0.0337514
3931,RL,6,Balanced,0.00221682,Low,0,Low,0,9.75542,2227.22,7.70896,0.0903911,0.0337481
3932,RL,6,Balanced,-0.000906467,Low,0,Low,0,9.76445,2229.25,7.70987,0.0904451,0.0337447
3933,RL,6,Balanced,0.00174093,Low,0,Low,0,9.74137,2225.37,7.70813,0.0901688,0.0337413
3934,RL,6,Light Heavy,0.0010438,Low,0,Low,0,9.73473,2223.04,7.70708,0.0902705,0.0337379
3935,RL,6,BSDF Heavy,-0.00317621,Low,0,Low,0,9.75806,2230.12,7.71026,0.0872352,0.0337346
3936,RL,6,Balanced,0.000156879,Low,0,Low,0,9.77296,2229.77,7.7101,0.0897926,0.0337312
3937,RL,6,Balanced,0.00399208,Low,0,Low,0,9.72017,2220.88,7.70611,0.0902349,0.0337278
3938,RL,6,Balanced,-0.00315237,Low,0,Low,0,9.75834,2227.9,7.70926,0.0904509,0.0337244
3939,RL,6,Balanced,0.00172377,Low,0,Low,0,9.74048,2224.06,7.70754,0.0904769,0.0337211
3940,RL,6,Balanced,-0.00367355,Low,0,Low,0,9.7706,2232.25,7.71121,0.090462,0.0337177
3941,RL,6,Balanced,0.00236082,Low,0,Low,0,9.74795,2226.98,7.70885,0.0904528,0.0337143
3942,RL,6,Balanced,0.000556946,Low,0,Low,0,9.74984,2225.74,7.70829,0.09042,0.033711
3943,RL,6,Balanced,0.00199842,Low,0,Low,0,9.72902,2221.29,7.7063,0.0902276,0.0337076
3944,RL,6,Balanced,-0.00338697,Low,0,Low,0,9.76278,2228.83,7.70968,0.0902575,0.0337042
3945,RL,6,Balanced,0.00139475,Low,0,Low,0,9.74865,2225.73,7.70829,0.090352,0.0337008
3946,RL,6,Balanced,-0.00231743,Low,0,Low,0,9.77001,2230.89,7.71061,0.0905223,0.0336975
3947,RL,6,Balanced,0.00212288,Low,0,Low,0,9.75246,2226.16,7.70848,0.0904374,0.0336941
3948,RL,6,Balanced,0.0039258,Low,0,Low,0,9.71784,2217.43,7.70456,0.0905474,0.0336907
3949,RL,6,Balanced,-0.00710583,Low,0,Low,0,9.78142,2233.25,7.71166,0.0905536,0.0336874
3950,RL,6,Balanced,0.00540924,Low,0,Low,0,9.72308,2221.2,7.70625,0.0903323,0.033684
3951,RL,6,Balanced,-0.00185823,Low,0,Low,0,9.74563,2225.33,7.70811,0.0903974,0.0336806
3952,RL,6,Balanced,-0.00366831,Low,0,Low,0,9.77419,2233.52,7.71178,0.0903178,0.0336773
3953,RL,6,Balanced,0.00224543,Low,0,Low,0,9.75887,2228.5,7.70953,0.0901215,0.0336739
3954,RL,6,Balanced,0.00128222,Low,0,Low,0,9.74376,2225.65,7.70825,0.0903467,0.0336705
3955,RL,6,Balanced,-0.00123072,Low,0,Low,0,9.76074,2228.39,7.70948,0.090651,0.0336672
3956,RL,6,Balanced,-0.00187016,Low,0,Low,0,9.77753,2232.56,7.71135,0.0907224,0.0336638
3957,RL,6,Balanced,0.00468397,Low,0,Low,0,9.72693,2222.12,7.70667,0.0903255,0.0336604
3958,RL,6,Balanced,-0.00768995,Low,0,Low,0,9.80125,2239.29,7.71436,0.0905165,0.0336571
3959,RL,6,Balanced,0.00679159,Low,0,Low,0,9.73838,2224.12,7.70757,0.0903791,0.0336537
3960,RL,6,Balanced,-0.000442505,Low,0,Low,0,9.74416,2225.11,7.70801,0.0903607,0.0336503
3961,RL,6,Balanced,0.000104427,Low,0,Low,0,9.74138,2224.87,7.70791,0.0901669,0.033647
3962,RL,6,Balanced,0.00386667,Low,0,Low,0,9.70017,2216.29,7.70404,0.0901022,0.0336436
3963,RL,6,Balanced,-0.00159693,Low,0,Low,0,9.72117,2219.83,7.70564,0.0905126,0.0336402
3964,RL,6,Balanced,-0.00115204,Low,0,Low,0,9.73187,2222.39,7.70679,0.0902296,0.0336369
3965,RL,6,Balanced,-0.00151157,Low,0,Low,0,9.75331,2225.75,7.7083,0.0905768,0.0336335
3966,RL,6,Balanced,-0.0027585,Low,0,Low,0,9.77405,2231.9,7.71106,0.0904456,0.0336302
3967,RL,6,Balanced,0.00390577,Low,0,Low,0,9.73693,2223.2,7.70715,0.0903265,0.0336268
3968,RL,6,Balanced,-0.000591278,Low,0,Low,0,9.74546,2224.51,7.70774,0.0906525,0.0336234
3969,RL,6,Balanced,-0.000471115,Low,0,Low,0,9.74183,2225.56,7.70821,0.0902117,0.0336201
3970,RL,6,Balanced,-0.000245571,Low,0,Low,0,9.74514,2226.11,7.70846,0.0903684,0.0336167
3971,RL,6,Balanced,-0.000409126,Low,0,Low,0,9.75281,2227.02,7.70887,0.0904104,0.0336133
3972,RL,6,Balanced,0.0033555,Low,0,Low,0,9.72189,2219.56,7.70551,0.0901968,0.03361
3973,RL,6,Balanced,-0.00382996,Low,0,Low,0,9.75626,2228.08,7.70934,0.0902363,0.0336066
3974,RL,6,Balanced,-0.00283861,Low,0,Low,0,9.78629,2234.42,7.71218,0.0905961,0.0336033
3975,RL,6,Balanced,0.00232363,Low,0,Low,0,9.76215,2229.23,7.70986,0.0904958,0.0335999
3976,RL,6,Balanced,0.00881815,Low,0,Low,0,9.67842,2209.65,7.70104,0.0901982,0.0335965
3977,RL,6,Balanced,-0.00409508,Low,0,Low,0,9.71788,2218.72,7.70514,0.0901789,0.0335932
3978,RL,6,Balanced,-0.00400114,Low,0,Low,0,9.75137,2227.62,7.70914,0.0903786,0.0335898
3979,RL,6,Balanced,0.00106096,Low,0,Low,0,9.73813,2225.25,7.70808,0.0903332,0.0335865
3980,RL,6,Balanced,-0.00408316,Low,0,Low,0,9.78413,2234.36,7.71216,0.0905179,0.0335831
3981,RL,6,Balanced,0.00292778,Low,0,Low,0,9.75597,2227.83,7.70923,0.0903212,0.0335797
3982,RL,6,Balanced,0.00171947,Low,0,Low,0,9.7378,2224,7.70751,0.0904668,0.0335764
3983,RL,6,Balanced,-0.00217295,Low,0,Low,0,9.76096,2228.84,7.70968,0.090395,0.033573
3984,RL,6,Balanced,-0.000907898,Low,0,Low,0,9.77741,2230.86,7.71059,0.0905941,0.0335697
3985,RL,6,Balanced,0.00258255,Low,0,Low,0,9.74579,2225.11,7.70801,0.0903313,0.0335663
3986,RL,6,Balanced,0.0011363,Low,0,Low,0,9.73534,2222.58,7.70687,0.0906689,0.033563
3987,RL,6,Balanced,-0.000853539,Low,0,Low,0,9.73828,2224.48,7.70773,0.0904133,0.0335596
3988,RL,6,Balanced,0.000395298,Low,0,Low,0,9.73724,2223.6,7.70733,0.0903299,0.0335562
3989,RL,6,Balanced,0.0040164,Low,0,Low,0,9.69951,2214.68,7.70332,0.090054,0.0335529
3990,RL,6,Balanced,-0.00595999,Low,0,Low,0,9.75443,2227.93,7.70928,0.0902686,0.0335495
3991,RL,6,Balanced,0.00189924,Low,0,Low,0,9.73244,2223.7,7.70738,0.0902334,0.0335462
3992,RL,6,Balanced,-0.00114822,Low,0,Low,0,9.74473,2226.25,7.70852,0.0900198,0.0335428
3993,RL,6,Balanced,0.00259352,Low,0,Low,0,9.72263,2220.48,7.70593,0.0902136,0.0335395
3994,RL,6,Balanced,0.0006423,Low,0,Low,0,9.71189,2219.06,7.70529,0.09004,0.0335361
3995,RL,6,Balanced,0.000619888,Low,0,Low,0,9.71104,2217.68,7.70467,0.0900092,0.0335328
3996,RL,6,Balanced,-0.00299311,Low,0,Low,0,9.7407,2224.33,7.70766,0.0904287,0.0335294
3997,RL,6,Balanced,5.57899e-05,Low,0,Low,0,9.7453,2224.21,7.70761,0.0903057,0.0335261
3998,RL,6,Balanced,0.00147009,Low,0,Low,0,9.72972,2220.94,7.70614,0.0904639,0.0335227
3999,RL,6,Balanced,0.00246954,Low,0,Low,0,9.70227,2215.46,7.70367,0.0901456,0.0335194
4000,RL,6,Balanced,-0.00329399,Low,0,Low,0,9.73456,2222.77,7.70696,0.0904967,0.033516
4001,RL,6,Balanced,0.00515556,Low,0,Low,0,9.68517,2211.34,7.7018,0.0902228,0.0335127
4002,RL,6,Balanced,-0.00856495,Low,0,Low,0,9.76603,2230.37,7.71037,0.0905478,0.0335093
4003,RL,6,Balanced,0.00658226,Low,0,Low,0,9.70575,2215.73,7.70379,0.0903554,0.033506
4004,RL,6,Balanced,-0.00463057,Low,0,Low,0,9.75027,2226.02,7.70842,0.0905285,0.0335026
4005,RL,6,Balanced,-0.0015192,Low,0,Low,0,9.76103,2229.4,7.70994,0.0904634,0.0334993
4006,RL,6,Balanced,0.00467348,Low,0,Low,0,9.70893,2219,7.70526,0.0902156,0.0334959
4007,RL,6,Balanced,0.000140667,Low,0,Low,0,9.71282,2218.69,7.70512,0.0901693,0.0334926
4008,RL,6,Balanced,-0.00742245,Low,0,Low,0,9.79208,2235.23,7.71255,0.0906081,0.0334892
4009,RL,6,Balanced,0.00682545,Low,0,Low,0,9.71438,2220.02,7.70572,0.0902276,0.0334859
4010,RL,6,Balanced,-0.00100946,Low,0,Low,0,9.72554,2222.26,7.70673,0.090178,0.0334825
4011,RL,6,Balanced,0.000605106,Low,0,Low,0,9.73023,2220.91,7.70612,0.0903983,0.0334792
4012,RL,6,Balanced,0.0026989,Low,0,Low,0,9.69224,2214.93,7.70343,0.0901191,0.0334758
4013,RL,6,Balanced,-0.00556517,Low,0,Low,0,9.75237,2227.29,7.70899,0.090762,0.0334725
4014,RL,6,Balanced,0.000967979,Low,0,Low,0,9.74734,2225.14,7.70802,0.0904668,0.0334691
4015,RL,6,Balanced,0.00191641,Low,0,Low,0,9.72699,2220.87,7.70611,0.0905117,0.0334658
4016,RL,6,Balanced,-0.00216627,Low,0,Low,0,9.74151,2225.69,7.70827,0.0902715,0.0334624
4017,RL,6,Balanced,0.00274515,Low,0,Low,0,9.72049,2219.59,7.70553,0.0904331,0.0334591
4018,RL,6,Balanced,-8.01086e-05,Low,0,Low,0,9.72043,2219.77,7.70561,0.0903014,0.0334557
4019,RL,6,Balanced,-0.0049758,Low,0,Low,0,9.7663,2230.84,7.71058,0.0903786,0.0334524
4020,RL,6,Balanced,-0.000858784,Low,0,Low,0,9.77692,2232.76,7.71144,0.0904572,0.033449
4021,RL,6,Balanced,0.00750542,Low,0,Low,0,9.70679,2216.06,7.70394,0.0904229,0.0334457
4022,RL,6,Balanced,-0.00509405,Low,0,Low,0,9.74966,2227.38,7.70903,0.090257,0.0334423
4023,RL,6,Balanced,0.000429153,Low,0,Low,0,9.75201,2226.43,7.7086,0.0905642,0.033439
4024,RL,6,Balanced,0.000762463,Low,0,Low,0,9.73739,2224.73,7.70784,0.0903791,0.0334357
4025,RL,6,Balanced,0.00131702,Low,0,Low,0,9.7323,2221.8,7.70652,0.0903955,0.0334323
4026,RL,6,Balanced,-0.00176716,Low,0,Low,0,9.74538,2225.73,7.70829,0.0902257,0.033429
4027,RL,6,Balanced,0.00326824,Low,0,Low,0,9.7079,2218.46,7.70502,0.0902874,0.0334256
4028,RL,6,Balanced,-0.00421524,Low,0,Low,0,9.75433,2227.84,7.70924,0.0903525,0.0334223
4029,RL,6,Balanced,0.00561714,Low,0,Low,0,9.70422,2215.35,7.70362,0.0901172,0.0334189
4030,RL,6,Balanced,-0.00330782,Low,0,Low,0,9.73415,2222.7,7.70693,0.0901982,0.0334156
4031,RL,6,Balanced,0.00121117,Low,0,Low,0,9.72257,2220.01,7.70572,0.0906351,0.0334123
4032,RL,6,Balanced,-0.000583172,Low,0,Low,0,9.72187,2221.3,7.7063,0.0902508,0.0334089
4033,RL,6,Balanced,-0.00195408,Low,0,Low,0,9.74079,2225.65,7.70825,0.0903983,0.0334056
4034,RL,6,Balanced,-0.00253868,Low,0,Low,0,9.77256,2231.31,7.71079,0.0905314,0.0334022
4035,RL,6,Balanced,0.00734329,Low,0,Low,0,9.69856,2214.98,7.70345,0.0903139,0.0333989
4036,RL,6,Balanced,0.00209665,Low,0,Low,0,9.67399,2210.33,7.70135,0.0900709,0.0333956
4037,RL,6,Balanced,-0.00346088,Low,0,Low,0,9.71335,2218,7.70481,0.0904162,0.0333922
4038,RL,6,Balanced,-0.0027833,Low,0,Low,0,9.73309,2224.19,7.7076,0.0903197,0.0333889
4039,RL,6,Balanced,-0.00098753,Low,0,Low,0,9.74602,2226.39,7.70858,0.0903019,0.0333855
4040,RL,6,Balanced,0.00230837,Low,0,Low,0,9.73038,2221.25,7.70627,0.0905117,0.0333822
4041,RL,6,Balanced,0.00271463,Low,0,Low,0,9.70557,2215.22,7.70356,0.0903545,0.0333789
4042,RL,6,Balanced,-0.00688696,Low,0,Low,0,9.76828,2230.54,7.71045,0.0903554,0.0333755
4043,RL,6,Balanced,0.00646114,Low,0,Low,0,9.70261,2216.17,7.70399,0.0900101,0.0333722
4044,RL,6,Balanced,-0.00624037,Low,0,Low,0,9.76156,2230.05,7.71023,0.0904895,0.0333689
4045,RL,6,Balanced,-0.000984669,Low,0,Low,0,9.77471,2232.25,7.71121,0.0903226,0.0333655
4046,RL,6,Balanced,0.00776958,Low,0,Low,0,9.69588,2214.96,7.70344,0.0901379,0.0333622
4047,RL,6,Balanced,-0.00562525,Low,0,Low,0,9.7545,2227.46,7.70907,0.0903631,0.0333588
4048,RL,6,Balanced,0.00528002,Low,0,Low,0,9.70081,2215.73,7.70379,0.0902358,0.0333555
4049,RL,6,BSDF Heavy,-0.00946426,Low,0,Low,0,9.79442,2236.81,7.71325,0.0905387,0.0333522
4050,RL,6,BSDF Heavy,0.00350761,Low,0,Low,0,9.76678,2228.97,7.70974,0.0895076,0.0333488
4051,RL,6,BSDF Heavy,-0.00167084,Low,0,Low,0,9.78475,2232.7,7.71141,0.0899527,0.0333455
4052,RL,6,BSDF Heavy,0.00414038,Low,0,Low,0,9.74199,2223.47,7.70727,0.0897242,0.0333422
4053,RL,6,BSDF Heavy,0.00261068,Low,0,Low,0,9.71898,2217.67,7.70466,0.0894811,0.0333388
4054,RL,6,BSDF Heavy,-0.00160503,Low,0,Low,0,9.73156,2221.23,7.70627,0.0895708,0.0333355
4055,RL,6,BSDF Heavy,-0.000861645,Low,0,Low,0,9.73274,2223.15,7.70713,0.0892564,0.0333322
4056,RL,6,BSDF Heavy,-0.00177002,Low,0,Low,0,9.7542,2227.09,7.7089,0.0895356,0.0333288
4057,RL,6,BSDF Heavy,0.00422144,Low,0,Low,0,9.71016,2217.7,7.70468,0.089361,0.0333255
4058,RL,6,BSDF Heavy,-0.00329399,Low,0,Low,0,9.75109,2225.02,7.70797,0.0895833,0.0333222
4059,RL,6,BSDF Heavy,0.00121117,Low,0,Low,0,9.73152,2222.33,7.70676,0.0892144,0.0333188
4060,RL,6,BSDF Heavy,-0.000558853,Low,0,Low,0,9.74208,2223.57,7.70732,0.0896991,0.0333155
4061,RL,6,BSDF Heavy,-0.000364304,Low,0,Low,0,9.74053,2224.38,7.70768,0.0894083,0.0333122
4062,RL,6,BSDF Heavy,-0.000805378,Low,0,Low,0,9.75042,2226.18,7.70849,0.0896306,0.0333088
4063,RL,6,BSDF Heavy,0.00209808,Low,0,Low,0,9.7353,2221.51,7.70639,0.0897078,0.0333055
4064,RL,6,BSDF Heavy,0.000290871,Low,0,Low,0,9.72805,2220.86,7.7061,0.0895486,0.0333022
4065,RL,6,BSDF Heavy,0.000588894,Low,0,Low,0,9.72159,2219.55,7.70551,0.089564,0.0332989
4066,RL,6,BSDF Heavy,-0.000808716,Low,0,Low,0,9.73353,2221.35,7.70632,0.0895303,0.0332955
4067,RL,6,BSDF Heavy,0.00237894,Low,0,Low,0,9.70772,2216.07,7.70394,0.089605,0.0332922
4068,RL,6,BSDF Heavy,-0.00797892,Low,0,Low,0,9.78733,2233.83,7.71192,0.0896229,0.0332889
4069,RL,6,BSDF Heavy,-0.000144958,Low,0,Low,0,9.78105,2234.15,7.71207,0.0896889,0.0332855
4070,RL,6,BSDF Heavy,0.000909805,Low,0,Low,0,9.77927,2232.12,7.71116,0.0895067,0.0332822
4071,RL,6,BSDF Heavy,0.00224543,Low,0,Low,0,9.74651,2227.11,7.70891,0.0895187,0.0332789
4072,RL,6,BSDF Heavy,0.00273275,Low,0,Low,0,9.72402,2221.03,7.70618,0.0893326,0.0332756
4073,RL,6,BSDF Heavy,-0.00405598,Low,0,Low,0,9.76844,2230.06,7.71023,0.089687,0.0332722
4074,RL,6,BSDF Heavy,0.0012064,Low,0,Low,0,9.76118,2227.37,7.70903,0.0896952,0.0332689
4075,RL,6,BSDF Heavy,0.000206947,Low,0,Low,0,9.75194,2226.91,7.70882,0.0898302,0.0332656
4076,RL,6,BSDF Heavy,0.00585127,Low,0,Low,0,9.69716,2213.91,7.70297,0.0894126,0.0332622
4077,RL,6,BSDF Heavy,0.000347614,Low,0,Low,0,9.69449,2213.15,7.70262,0.0894719,0.0332589
4078,RL,6,BSDF Heavy,-0.00801516,Low,0,Low,0,9.77894,2230.96,7.71064,0.0896436,0.0332556
4079,RL,6,BSDF Heavy,0.00114822,Low,0,Low,0,9.76496,2228.4,7.70949,0.089566,0.0332523
4080,RL,6,BSDF Heavy,-0.00309372,Low,0,Low,0,9.78711,2235.31,7.71258,0.0897145,0.0332489
4081,RL,6,BSDF Heavy,0.0023036,Low,0,Low,0,9.77256,2230.16,7.71028,0.0895616,0.0332456
4082,RL,6,BSDF Heavy,0.00465202,Low,0,Low,0,9.72607,2219.81,7.70563,0.0895771,0.0332423
4083,RL,6,BSDF Heavy,7.10487e-05,Low,0,Low,0,9.72029,2219.65,7.70556,0.0894353,0.033239
4084,RL,6,BSDF Heavy,-1.19209e-05,Low,0,Low,0,9.72679,2219.68,7.70557,0.0894893,0.0332357
4085,RL,6,BSDF Heavy,0.00109482,Low,0,Low,0,9.71411,2217.25,7.70447,0.089335,0.0332323
4086,RL,6,BSDF Heavy,0.00226116,Low,0,Low,0,9.68972,2212.24,7.70221,0.0892771,0.033229
4087,RL,6,Balanced,-0.00373459,Low,0,Low,0,9.73192,2220.52,7.70595,0.0895626,0.0332257
4088,RL,6,BSDF Heavy,-0.00562525,Low,0,Low,0,9.78177,2233.05,7.71157,0.0905763,0.0332224
4089,RL,6,BSDF Heavy,0.00261831,Low,0,Low,0,9.75886,2227.21,7.70895,0.089632,0.033219
4090,RL,6,BSDF Heavy,-0.00286341,Low,0,Low,0,9.78757,2233.6,7.71182,0.089824,0.0332157
4091,RL,6,BSDF Heavy,0.00629044,Low,0,Low,0,9.73118,2219.58,7.70553,0.0894768,0.0332124
4092,RL,6,BSDF Heavy,-0.00522375,Low,0,Low,0,9.77535,2231.21,7.71075,0.0895983,0.0332091
4093,RL,6,BSDF Heavy,0.0062232,Low,0,Low,0,9.71242,2217.37,7.70453,0.0896914,0.0332057
4094,RL,6,BSDF Heavy,-0.00073576,Low,0,Low,0,9.71721,2219,7.70526,0.0895182,0.0332024
4095,RL,6,BSDF Heavy,0.00105381,Low,0,Low,0,9.71414,2216.66,7.70421,0.0895973,0.0331991
4096,RL,6,BSDF Heavy,-0.00440836,Low,0,Low,0,9.75167,2226.46,7.70862,0.0896803,0.0331958
4096,RL,6,BSDF Heavy,0,Low,0,Low,0,9.75167,2226.46,7.70862,0.0896803,0.0331958
4096,RL,6,BSDF Heavy,0,Low,0,Low,0,9.75167,2226.46,7.70862,0.0896803,0.0331958
4096,RL,6,BSDF Heavy,0,Low,0,Low,0,9.75167,2226.46,7.70862,0.0896803,0.0331958
4096,RL,6,BSDF Heavy,0,Low,0,Low,0,9.75167,2226.46,7.70862,0.0896803,0.0331958
4096,RL,6,BSDF Heavy,0,Low,0,Low,0,9.75167,2226.46,7.70862,0.0896803,0.0331958
4096,RL,6,BSDF Heavy,0,Low,0,Low,0,9.75167,2226.46,7.70862,0.0896803,0.0331958
4096,RL,6,BSDF Heavy,0,Low,0,Low,0,9.75167,2226.46,7.70862,0.0896803,0.0331958
4096,RL,6,BSDF Heavy,0,Low,0,Low,0,9.75167,2226.46,7.70862,0.0896803,0.0331958
4096,RL,6,BSDF Heavy,0,Low,0,Low,0,9.75167,2226.46,7.70862,0.0896803,0.0331958
4096,RL,6,BSDF Heavy,0,Low,0,Low,0,9.75167,2226.46,7.70862,0.0896803,0.0331958
4096,RL,6,BSDF Heavy,0,Low,0,Low,0,9.75167,2226.46,7.70862,0.0896803,0.0331958
4096,RL,6,BSDF Heavy,0,Low,0,Low,0,9.75167,2226.46,7.70862,0.0896803,0.0331958
4096,RL,6,BSDF Heavy,0,Low,0,Low,0,9.75167,2226.46,7.70862,0.0896803,0.0331958
4096,RL,6,BSDF Heavy,0,Low,0,Low,0,9.75167,2226.46,7.70862,0.0896803,0.0331958
4096,RL,6,BSDF Heavy,0,Low,0,Low,0,9.75167,2226.46,7.70862,0.0896803,0.0331958
4096,RL,6,BSDF Heavy,0,Low,0,Low,0,9.75167,2226.46,7.70862,0.0896803,0.0331958
4096,RL,6,BSDF Heavy,0,Low,0,Low,0,9.75167,2226.46,7.70862,0.0896803,0.0331958
4096,RL,6,BSDF Heavy,0,Low,0,Low,0,9.75167,2226.46,7.70862,0.0896803,0.0331958
4096,RL,6,BSDF Heavy,0,Low,0,Low,0,9.75167,2226.46,7.70862,0.0896803,0.0331958
4096,RL,6,BSDF Heavy,0,Low,0,Low,0,9.75167,2226.46,7.70862,0.0896803,0.0331958
4096,RL,6,BSDF Heavy,0,Low,0,Low,0,9.75167,2226.46,7.70862,0.0896803,0.0331958
4096,RL,6,BSDF Heavy,0,Low,0,Low,0,9.75167,2226.46,7.70862,0.0896803,0.0331958
4096,RL,6,BSDF Heavy,0,Low,0,Low,0,9.75167,2226.46,7.70862,0.0896803,0.0331958
4096,RL,6,BSDF Heavy,0,Low,0,Low,0,9.75167,2226.46,7.70862,0.0896803,0.0331958
4096,RL,6,BSDF Heavy,0,Low,0,Low,0,9.75167,2226.46,7.70862,0.0896803,0.0331958
4096,RL,6,BSDF Heavy,0,Low,0,Low,0,9.75167,2226.46,7.70862,0.0896803,0.0331958
4096,RL,6,BSDF Heavy,0,Low,0,Low,0,9.75167,2226.46,7.70862,0.0896803,0.0331958
4096,RL,6,BSDF Heavy,0,Low,0,Low,0,9.75167,2226.46,7.70862,0.0896803,0.0331958
