Iteration,Using RL?,State,Action,Reward,Variance Bucket,Variance Bucket Index,Next Variance Bucket Index,Next Variance Bucket Index,Luminance Bucket,Luminance Bucket Index,Bright Pixel Ratio Bucket,Bright Pixel Ratio Bucket Index,Mean Luminance,Luminance Variance,Log Luminance Variance,Bright Pixel Ratio,Epsilon
1,RL,79,BSDF Heavy,0,High,4,High,4,High,2,Medium,1,3.25957,721.745,6.58306,0.0627142,0.1
2,RL,120,BSDF Heavy,0,High,4,Low,0,High,2,Medium,1,3.24389,717.002,6.57647,0.0658703,0.1
3,RL,121,BSDF Heavy,0,High,4,Low-Medium,1,High,2,Medium,1,3.24433,719.309,6.57968,0.0656812,0.1
4,RL,124,BSDF Heavy,0,High,4,High,4,High,2,Medium,1,3.26656,723.172,6.58503,0.0657635,0.1
5,RL,124,BSDF Heavy,0,High,4,High,4,High,2,Medium,1,3.25878,721.953,6.58334,0.0660148,0.1
6,RL,120,BSDF Heavy,0,High,4,Low,0,High,2,Medium,1,3.24109,718,6.57786,0.0656543,0.1
7,RL,120,BSDF Heavy,0,High,4,Low,0,High,2,Medium,1,3.24298,717.952,6.57779,0.0656029,0.1
8,RL,124,Light Heavy,0,High,4,High,4,High,2,High,2,3.28997,729.816,6.59416,0.0658311,0.19992
9,RL,15,Light Heavy,0,High,4,Low,0,High,2,High,2,3.22532,715.312,6.57412,0.0576869,0.19992
10,RL,34,Light Heavy,0,High,4,High,4,High,2,High,2,3.26978,725.482,6.58821,0.057866,0.19992
11,RL,34,Light Heavy,0,High,4,High,4,High,2,High,2,3.2625,723.994,6.58616,0.0579305,0.19992
12,RL,15,Light Heavy,0,High,4,Low,0,High,2,High,2,3.22913,716.899,6.57633,0.0577753,0.19992
13,RL,34,Light Heavy,0,High,4,High,4,High,2,High,2,3.26439,724.867,6.58737,0.057846,0.19992
14,RL,34,Light Heavy,0,High,4,High,4,High,2,High,2,3.25713,723.691,6.58575,0.057836,0.19992
15,RL,34,Light Heavy,0,High,4,High,4,High,2,High,2,3.24633,721.9,6.58327,0.0575709,0.19992
16,RL,34,BSDF Heavy,0,High,4,High,4,High,2,Low,0,3.25759,724.084,6.58629,0.0575847,0.19984
17,RL,105,BSDF Heavy,0,High,4,Low,0,High,2,Low,0,3.23871,716.332,6.57554,0.0662215,0.19984
18,RL,124,BSDF Heavy,0,High,4,High,4,High,2,Low,0,3.28916,728.945,6.59297,0.0659356,0.19984
19,RL,124,BSDF Heavy,0,High,4,High,4,High,2,Low,0,3.25587,720.784,6.58173,0.0658857,0.19984
20,RL,124,BSDF Heavy,0,High,4,High,4,High,2,Low,0,3.25476,721.232,6.58235,0.0656728,0.19984
21,RL,124,BSDF Heavy,0,High,4,High,4,High,2,Low,0,3.28006,726.745,6.58995,0.0658741,0.19984
22,RL,121,BSDF Heavy,0,High,4,Low-Medium,1,High,2,Low,0,3.24897,719.206,6.57954,0.0656659,0.19984
23,RL,121,BSDF Heavy,0,High,4,Low-Medium,1,High,2,Low,0,3.24378,719.195,6.57952,0.0654776,0.19984
24,RL,105,Balanced,0,Low,0,Low,0,Medium,1,High,2,3.22751,715.165,6.57391,0.0658326,0.19976
25,RL,78,Balanced,0,Low,0,Medium-High,3,Medium,1,High,2,3.24665,719.938,6.58055,0.0627088,0.19976
26,RL,60,Balanced,0,Low,0,Low,0,Medium,1,High,2,3.21687,713.453,6.57152,0.0623315,0.19976
27,RL,60,Balanced,0,Low,0,Low,0,Medium,1,High,2,3.23979,717.849,6.57765,0.0627257,0.19976
28,RL,79,Balanced,0,Low,0,High,4,Medium,1,High,2,3.26986,724.895,6.5874,0.0630984,0.19976
29,RL,75,Balanced,0,Low,0,Low,0,Medium,1,High,2,3.24793,718.747,6.5789,0.0629255,0.19976
30,RL,76,Balanced,0,Low,0,Low-Medium,1,Medium,1,High,2,3.24487,719.112,6.57941,0.0625098,0.19976
31,RL,77,Balanced,0,Low,0,Medium,2,Medium,1,High,2,3.24942,719.669,6.58018,0.0626812,0.19976
32,RL,60,BSDF Heavy,0,Low,0,Low,0,Medium,1,Medium,1,3.23387,715.668,6.57461,0.0627611,0.19968
33,RL,124,BSDF Heavy,0,Low,0,High,4,Medium,1,Medium,1,3.26893,723.977,6.58614,0.065984,0.19968
34,RL,120,BSDF Heavy,0,Low,0,Low,0,Medium,1,Medium,1,3.24883,718.345,6.57834,0.0658588,0.19968
35,RL,105,BSDF Heavy,0,Low,0,Low,0,Medium,1,Medium,1,3.22778,714.074,6.57239,0.0657181,0.19968
36,RL,120,BSDF Heavy,0,Low,0,Low,0,Medium,1,Medium,1,3.24732,718.795,6.57897,0.0656728,0.19968
37,RL,124,BSDF Heavy,0,Low,0,High,4,Medium,1,Medium,1,3.28144,726.139,6.58912,0.0662038,0.19968
38,RL,123,BSDF Heavy,0,Low,0,Medium-High,3,Medium,1,Medium,1,3.25185,720.204,6.58092,0.0661162,0.19968
39,RL,124,BSDF Heavy,0,Low,0,High,4,Medium,1,Medium,1,3.2592,722.695,6.58437,0.065712,0.19968
40,RL,124,BSDF Heavy,0,High,4,High,4,High,2,High,2,3.26452,722.123,6.58358,0.0658488,0.1996
41,RL,124,BSDF Heavy,0,High,4,High,4,High,2,High,2,3.2783,726.089,6.58905,0.0660931,0.1996
42,RL,120,BSDF Heavy,0,High,4,Low,0,High,2,High,2,3.24442,718.323,6.57831,0.0658365,0.1996
43,RL,124,BSDF Heavy,0,High,4,High,4,High,2,High,2,3.28873,728.553,6.59243,0.0659087,0.1996
44,RL,121,BSDF Heavy,0,High,4,Low-Medium,1,High,2,High,2,3.254,719.392,6.57979,0.0659241,0.1996
45,RL,124,BSDF Heavy,0,High,4,High,4,High,2,High,2,3.27907,726.16,6.58915,0.0662399,0.1996
46,RL,122,BSDF Heavy,0,High,4,Medium,2,High,2,High,2,3.25295,719.662,6.58017,0.065941,0.1996
47,RL,124,BSDF Heavy,0,High,4,High,4,High,2,High,2,3.27147,725.151,6.58776,0.0656859,0.1996
48,RL,124,BSDF Heavy,0,High,4,High,4,High,2,High,2,3.27226,725.108,6.5877,0.0658649,0.199521
49,RL,124,BSDF Heavy,0,High,4,High,4,High,2,High,2,3.25641,720.673,6.58157,0.066117,0.199521
50,RL,105,BSDF Heavy,0,High,4,Low,0,High,2,High,2,3.23027,715.455,6.57432,0.0656467,0.199521
51,RL,123,BSDF Heavy,0,High,4,Medium-High,3,High,2,High,2,3.25549,719.858,6.58044,0.0660086,0.199521
52,RL,105,BSDF Heavy,0,High,4,Low,0,High,2,High,2,3.22411,713.445,6.57151,0.0657888,0.199521
53,RL,124,BSDF Heavy,0,High,4,High,4,High,2,High,2,3.25323,721.105,6.58217,0.0658011,0.199521
54,RL,123,BSDF Heavy,0,High,4,Medium-High,3,High,2,High,2,3.25382,720.153,6.58085,0.0659056,0.199521
55,RL,124,BSDF Heavy,0,High,4,High,4,High,2,High,2,3.26773,724.108,6.58632,0.0658426,0.199521
56,RL,123,BSDF Heavy,0,Medium-High,3,Medium-High,3,High,2,High,2,3.2515,720.003,6.58064,0.0656759,0.199441
57,RL,120,BSDF Heavy,0,Medium-High,3,Low,0,High,2,High,2,3.24387,717.87,6.57768,0.0658057,0.199441
58,RL,124,BSDF Heavy,0,Medium-High,3,High,4,High,2,High,2,3.26314,722.52,6.58413,0.0661561,0.199441
59,RL,122,BSDF Heavy,0,Medium-High,3,Medium,2,High,2,High,2,3.2507,719.692,6.58021,0.0657688,0.199441
60,RL,121,BSDF Heavy,0,Medium-High,3,Low-Medium,1,High,2,High,2,3.2448,719.084,6.57937,0.0657788,0.199441
61,RL,105,BSDF Heavy,0,Medium-High,3,Low,0,High,2,High,2,3.23606,716.18,6.57533,0.0660455,0.199441
62,RL,124,BSDF Heavy,0,Medium-High,3,High,4,High,2,High,2,3.27499,724.396,6.58672,0.0660401,0.199441
63,RL,105,BSDF Heavy,0,Medium-High,3,Low,0,High,2,High,2,3.21604,711.915,6.56936,0.0656674,0.199441
64,RL,120,BSDF Heavy,0,Low,0,Low,0,High,2,High,2,3.24001,716.333,6.57554,0.0658042,0.199361
65,RL,122,BSDF Heavy,0,Low,0,Medium,2,High,2,High,2,3.24783,719.417,6.57983,0.0661024,0.199361
66,RL,120,BSDF Heavy,0,Low,0,Low,0,High,2,High,2,3.24197,717.087,6.57659,0.0658027,0.199361
67,RL,124,BSDF Heavy,0,Low,0,High,4,High,2,High,2,3.27436,724.713,6.58715,0.065579,0.199361
68,RL,120,BSDF Heavy,0,Low,0,Low,0,High,2,High,2,3.24447,718.915,6.57913,0.0658688,0.199361
69,RL,124,BSDF Heavy,0,Low,0,High,4,High,2,High,2,3.26715,723.52,6.58551,0.0662883,0.199361
70,RL,124,BSDF Heavy,0,Low,0,High,4,High,2,High,2,3.2539,720.314,6.58107,0.0658564,0.199361
71,RL,122,BSDF Heavy,0,Low,0,Medium,2,High,2,High,2,3.25237,719.685,6.5802,0.066097,0.199361
72,RL,123,BSDF Heavy,0,Medium-High,3,Medium-High,3,High,2,High,2,3.24993,720.238,6.58097,0.0657112,0.199281
73,RL,124,BSDF Heavy,0,Medium-High,3,High,4,High,2,High,2,3.26708,723.202,6.58507,0.0661784,0.199281
74,RL,123,BSDF Heavy,0,Medium-High,3,Medium-High,3,High,2,High,2,3.25479,720.084,6.58076,0.0661485,0.199281
75,RL,124,BSDF Heavy,0,Medium-High,3,High,4,High,2,High,2,3.28269,727.227,6.59061,0.0662484,0.199281
76,RL,124,BSDF Heavy,0,Medium-High,3,High,4,High,2,High,2,3.27155,725.343,6.58802,0.0655406,0.199281
77,RL,124,BSDF Heavy,0,Medium-High,3,High,4,High,2,High,2,3.26415,723.116,6.58495,0.0658595,0.199281
78,RL,124,BSDF Heavy,0,Medium-High,3,High,4,High,2,High,2,3.26293,723.137,6.58498,0.0657181,0.199281
79,RL,124,BSDF Heavy,0,Medium-High,3,High,4,High,2,High,2,3.26848,723.788,6.58588,0.0658526,0.199281
80,RL,105,BSDF Heavy,0,Low,0,Low,0,Medium,1,High,2,3.23128,715.549,6.57445,0.0653669,0.199202
81,RL,123,BSDF Heavy,0,Low,0,Medium-High,3,Medium,1,High,2,3.2551,719.937,6.58055,0.0658273,0.199202
82,RL,120,BSDF Heavy,0,Low,0,Low,0,Medium,1,High,2,3.24287,718.283,6.57825,0.0657204,0.199202
83,RL,124,BSDF Heavy,0,Low,0,High,4,Medium,1,High,2,3.27562,725.228,6.58786,0.0657358,0.199202
84,RL,121,BSDF Heavy,0,Low,0,Low-Medium,1,Medium,1,High,2,3.25019,719.094,6.57938,0.0657673,0.199202
85,RL,124,BSDF Heavy,0,Low,0,High,4,Medium,1,High,2,3.25564,720.939,6.58194,0.0660263,0.199202
86,RL,123,BSDF Heavy,0,Low,0,Medium-High,3,Medium,1,High,2,3.2498,720.02,6.58067,0.0657758,0.199202
87,RL,105,BSDF Heavy,0,Low,0,Low,0,Medium,1,High,2,3.22457,713.437,6.57149,0.0659733,0.199202
88,RL,120,BSDF Heavy,0,Low,0,Low,0,High,2,High,2,3.24928,718.546,6.57862,0.0660201,0.199122
89,RL,120,BSDF Heavy,0,Low,0,Low,0,High,2,High,2,3.24754,718.029,6.5779,0.0659848,0.199122
90,RL,124,BSDF Heavy,0,Low,0,High,4,High,2,High,2,3.27527,726.001,6.58893,0.0661339,0.199122
91,RL,124,BSDF Heavy,0,Low,0,High,4,High,2,High,2,3.25535,720.61,6.58148,0.0660493,0.199122
92,RL,105,BSDF Heavy,0,Low,0,Low,0,High,2,High,2,3.2351,716.413,6.57565,0.0656305,0.199122
93,RL,124,BSDF Heavy,0,Low,0,High,4,High,2,High,2,3.27646,724.484,6.58684,0.0659487,0.199122
94,RL,120,BSDF Heavy,0,Low,0,Low,0,High,2,High,2,3.24562,718.194,6.57813,0.0656105,0.199122
95,RL,124,BSDF Heavy,0,Low,0,High,4,High,2,High,2,3.27996,725.938,6.58884,0.0660071,0.199122
96,RL,120,BSDF Heavy,0,Low,0,Low,0,High,2,High,2,3.24036,717.717,6.57747,0.0657151,0.199042
97,RL,121,BSDF Heavy,0,Low,0,Low-Medium,1,High,2,High,2,3.25119,719.271,6.57963,0.0657527,0.199042
98,RL,120,BSDF Heavy,0,Low,0,Low,0,High,2,High,2,3.24963,718.464,6.57851,0.0656213,0.199042
99,RL,123,BSDF Heavy,0,Low,0,Medium-High,3,High,2,High,2,3.25457,720.236,6.58097,0.065878,0.199042
100,RL,105,BSDF Heavy,0,Low,0,Low,0,High,2,High,2,3.23796,716.073,6.57518,0.0658219,0.199042
101,RL,122,BSDF Heavy,0,Low,0,Medium,2,High,2,High,2,3.24741,719.424,6.57984,0.0656759,0.199042
102,RL,124,BSDF Heavy,0,Low,0,High,4,High,2,High,2,3.26571,723.671,6.58572,0.0663682,0.199042
103,RL,105,BSDF Heavy,0,Low,0,Low,0,High,2,High,2,3.23644,715.848,6.57486,0.0657512,0.199042
104,RL,124,BSDF Heavy,0,High,4,High,4,High,2,High,2,3.25652,720.977,6.58199,0.0660724,0.198963
105,RL,124,BSDF Heavy,0,High,4,High,4,High,2,High,2,3.25895,720.398,6.58119,0.0659164,0.198963
106,RL,105,BSDF Heavy,0,High,4,Low,0,High,2,High,2,3.2309,716.071,6.57517,0.065576,0.198963
107,RL,124,BSDF Heavy,0,High,4,High,4,High,2,High,2,3.25606,721.726,6.58303,0.0657612,0.198963
108,RL,124,BSDF Heavy,0,High,4,High,4,High,2,High,2,3.27366,723.793,6.58589,0.0661508,0.198963
109,RL,124,BSDF Heavy,0,High,4,High,4,High,2,High,2,3.25263,720.557,6.58141,0.0657274,0.198963
110,RL,124,BSDF Heavy,0,High,4,High,4,High,2,High,2,3.25584,720.319,6.58108,0.0660716,0.198963
111,RL,105,BSDF Heavy,0,High,4,Low,0,High,2,High,2,3.21986,712.769,6.57056,0.0657919,0.198963
112,RL,120,BSDF Heavy,0,Low,0,Low,0,High,2,High,2,3.24489,718.605,6.5787,0.0658365,0.198883
113,RL,120,BSDF Heavy,0,Low,0,Low,0,High,2,High,2,3.24586,718.959,6.57919,0.0657435,0.198883
114,RL,124,BSDF Heavy,0,Low,0,High,4,High,2,High,2,3.2613,723.995,6.58616,0.0660117,0.198883
115,RL,124,BSDF Heavy,0,Low,0,High,4,High,2,High,2,3.25952,722.076,6.58351,0.0657642,0.198883
116,RL,124,BSDF Heavy,0,Low,0,High,4,High,2,High,2,3.25442,720.571,6.58143,0.0658772,0.198883
117,RL,124,BSDF Heavy,0,Low,0,High,4,High,2,High,2,3.25325,720.504,6.58134,0.0657458,0.198883
118,RL,124,BSDF Heavy,0,Low,0,High,4,High,2,High,2,3.26344,722.881,6.58463,0.0655767,0.198883
119,RL,124,BSDF Heavy,0,Low,0,High,4,High,2,High,2,3.25309,720.588,6.58145,0.0658465,0.198883
120,RL,124,BSDF Heavy,0,High,4,High,4,High,2,High,2,3.26664,723.213,6.58509,0.0662822,0.198804
121,RL,124,BSDF Heavy,0,High,4,High,4,High,2,High,2,3.28736,728.013,6.59169,0.0661193,0.198804
122,RL,105,BSDF Heavy,0,High,4,Low,0,High,2,High,2,3.23072,715.508,6.57439,0.0656451,0.198804
123,RL,124,BSDF Heavy,0,High,4,High,4,High,2,High,2,3.2664,724.191,6.58643,0.0660524,0.198804
124,RL,105,BSDF Heavy,0,High,4,Low,0,High,2,High,2,3.23566,717.096,6.5766,0.0657888,0.198804
125,RL,123,BSDF Heavy,0,High,4,Medium-High,3,High,2,High,2,3.24644,719.931,6.58054,0.0657035,0.198804
126,RL,124,BSDF Heavy,0,High,4,High,4,High,2,High,2,3.27037,724.871,6.58737,0.0657612,0.198804
127,RL,124,BSDF Heavy,0,High,4,High,4,High,2,High,2,3.25589,720.71,6.58162,0.0659402,0.198804
128,RL,120,BSDF Heavy,0,Low,0,Low,0,High,2,High,2,3.24165,717.876,6.57769,0.0656543,0.198724
129,RL,120,BSDF Heavy,0,Low,0,Low,0,High,2,High,2,3.24559,718.458,6.5785,0.0658557,0.198724
130,RL,123,BSDF Heavy,0,Low,0,Medium-High,3,High,2,High,2,3.24835,719.899,6.5805,0.0661331,0.198724
131,RL,120,BSDF Heavy,0,Low,0,Low,0,High,2,High,2,3.24095,717.383,6.577,0.0657773,0.198724
132,RL,122,BSDF Heavy,0,Low,0,Medium,2,High,2,High,2,3.25016,719.403,6.57981,0.0660432,0.198724
133,RL,124,BSDF Heavy,0,Low,0,High,4,High,2,High,2,3.2546,721.198,6.5823,0.0657519,0.198724
134,RL,124,BSDF Heavy,0,Low,0,High,4,High,2,High,2,3.25745,721.005,6.58203,0.0658933,0.198724
135,RL,124,BSDF Heavy,0,Low,0,High,4,High,2,High,2,3.258,721.714,6.58301,0.0658334,0.198724
136,RL,120,Balanced,0,Low,0,Low,0,High,2,High,2,3.24458,717.973,6.57782,0.0656374,0.198645
137,RL,60,Balanced,0,Low,0,Low,0,High,2,High,2,3.23706,717.243,6.57681,0.0628226,0.198645
138,RL,77,Balanced,0,Low,0,Medium,2,High,2,High,2,3.2477,719.57,6.58004,0.0630308,0.198645
139,RL,77,Balanced,0,Low,0,Medium,2,High,2,High,2,3.24378,719.485,6.57992,0.0624583,0.198645
140,RL,60,Balanced,0,Low,0,Low,0,High,2,High,2,3.23369,716.307,6.5755,0.0626758,0.198645
141,RL,60,Balanced,0,Low,0,Low,0,High,2,High,2,3.22488,715.324,6.57413,0.0626896,0.198645
142,RL,79,Balanced,0,Low,0,High,4,High,2,High,2,3.25181,720.518,6.58136,0.0629209,0.198645
143,RL,60,Balanced,0,Low,0,Low,0,High,2,High,2,3.23613,716.469,6.57573,0.0625344,0.198645
144,RL,78,BSDF Heavy,0,Medium-High,3,Medium-High,3,High,2,Medium,1,3.24918,720.036,6.58069,0.0628425,0.198565
145,RL,122,BSDF Heavy,0,Medium-High,3,Medium,2,High,2,Medium,1,3.2513,719.662,6.58017,0.065566,0.198565
146,RL,124,BSDF Heavy,0,Medium-High,3,High,4,High,2,Medium,1,3.2589,722.042,6.58347,0.0658711,0.198565
147,RL,124,BSDF Heavy,0,Medium-High,3,High,4,High,2,Medium,1,3.25556,720.939,6.58194,0.0660409,0.198565
148,RL,124,BSDF Heavy,0,Medium-High,3,High,4,High,2,Medium,1,3.25544,720.998,6.58202,0.0661054,0.198565
149,RL,124,BSDF Heavy,0,Medium-High,3,High,4,High,2,Medium,1,3.25389,720.796,6.58174,0.0654691,0.198565
150,RL,124,BSDF Heavy,0,Medium-High,3,High,4,High,2,Medium,1,3.27456,725.308,6.58797,0.0661623,0.198565
151,RL,124,BSDF Heavy,0,Medium-High,3,High,4,High,2,Medium,1,3.26464,721.933,6.58332,0.0663198,0.198565
152,RL,124,BSDF Heavy,0,High,4,High,4,High,2,High,2,3.2595,722.023,6.58344,0.0659179,0.198486
153,RL,105,BSDF Heavy,0,High,4,Low,0,High,2,High,2,3.23475,715.923,6.57497,0.0654768,0.198486
154,RL,124,BSDF Heavy,0,High,4,High,4,High,2,High,2,3.25404,720.978,6.58199,0.0655959,0.198486
155,RL,124,BSDF Heavy,0,High,4,High,4,High,2,High,2,3.27033,723.724,6.58579,0.0661239,0.198486
156,RL,124,BSDF Heavy,0,High,4,High,4,High,2,High,2,3.2569,722.373,6.58393,0.0660201,0.198486
157,RL,123,BSDF Heavy,0,High,4,Medium-High,3,High,2,High,2,3.24823,719.89,6.58049,0.0655821,0.198486
158,RL,124,BSDF Heavy,0,High,4,High,4,High,2,High,2,3.2599,722.599,6.58424,0.0658196,0.198486
159,RL,124,BSDF Heavy,0,High,4,High,4,High,2,High,2,3.25933,721.342,6.5825,0.065984,0.198486
160,RL,121,BSDF Heavy,0,Low-Medium,1,Low-Medium,1,High,2,High,2,3.24703,719.114,6.57941,0.0656905,0.198406
161,RL,120,BSDF Heavy,0,Low-Medium,1,Low,0,High,2,High,2,3.2429,718.74,6.57889,0.0658219,0.198406
162,RL,120,BSDF Heavy,0,Low-Medium,1,Low,0,High,2,High,2,3.24605,718.715,6.57885,0.0655798,0.198406
163,RL,124,BSDF Heavy,0,Low-Medium,1,High,4,High,2,High,2,3.26644,723.306,6.58521,0.0659494,0.198406
164,RL,124,BSDF Heavy,0,Low-Medium,1,High,4,High,2,High,2,3.27401,724.209,6.58646,0.0665304,0.198406
165,RL,105,BSDF Heavy,0,Low-Medium,1,Low,0,High,2,High,2,3.23405,716.658,6.57599,0.0655952,0.198406
166,RL,124,BSDF Heavy,0,Low-Medium,1,High,4,High,2,High,2,3.26593,723.885,6.58601,0.0656928,0.198406
167,RL,105,BSDF Heavy,0,Low-Medium,1,Low,0,High,2,High,2,3.23576,717.613,6.57732,0.0654407,0.198406
168,RL,124,BSDF Heavy,0,High,4,High,4,High,2,High,2,3.27439,726.057,6.589,0.0658772,0.198327
169,RL,123,BSDF Heavy,0,High,4,Medium-High,3,High,2,High,2,3.24882,720.116,6.5808,0.0657212,0.198327
170,RL,124,BSDF Heavy,0,High,4,High,4,High,2,High,2,3.25523,720.912,6.5819,0.0657589,0.198327
171,RL,105,BSDF Heavy,0,High,4,Low,0,High,2,High,2,3.22709,714.508,6.57299,0.0659533,0.198327
172,RL,124,BSDF Heavy,0,High,4,High,4,High,2,High,2,3.26913,724.703,6.58714,0.0658311,0.198327
173,RL,122,BSDF Heavy,0,High,4,Medium,2,High,2,High,2,3.24821,719.459,6.57989,0.065815,0.198327
174,RL,124,BSDF Heavy,0,High,4,High,4,High,2,High,2,3.2732,724.385,6.5867,0.0660601,0.198327
175,RL,124,BSDF Heavy,0,High,4,High,4,High,2,High,2,3.26548,723.225,6.5851,0.0657773,0.198327
176,RL,121,BSDF Heavy,0,Low-Medium,1,Low-Medium,1,High,2,High,2,3.24654,719.246,6.57959,0.0661123,0.198248
177,RL,124,BSDF Heavy,0,Low-Medium,1,High,4,High,2,High,2,3.26539,723.818,6.58592,0.0657965,0.198248
178,RL,105,BSDF Heavy,0,Low-Medium,1,Low,0,High,2,High,2,3.23448,715.817,6.57482,0.0659248,0.198248
179,RL,120,BSDF Heavy,0,Low-Medium,1,Low,0,High,2,High,2,3.24056,717.788,6.57757,0.0655898,0.198248
180,RL,124,BSDF Heavy,0,Low-Medium,1,High,4,High,2,High,2,3.26855,724.11,6.58632,0.0657627,0.198248
181,RL,124,BSDF Heavy,0,Low-Medium,1,High,4,High,2,High,2,3.25774,721.845,6.58319,0.0659479,0.198248
182,RL,124,BSDF Heavy,0,Low-Medium,1,High,4,High,2,High,2,3.25448,721.67,6.58295,0.0655498,0.198248
183,RL,124,BSDF Heavy,0,Low-Medium,1,High,4,High,2,High,2,3.28856,729.221,6.59335,0.0658027,0.198248
184,RL,124,BSDF Heavy,0,High,4,High,4,High,2,High,2,3.27742,725.517,6.58826,0.0658726,0.198168
185,RL,124,BSDF Heavy,0,High,4,High,4,High,2,High,2,3.2566,721.715,6.58302,0.0654392,0.198168
186,RL,124,BSDF Heavy,0,High,4,High,4,High,2,High,2,3.25258,721.189,6.58229,0.065765,0.198168
187,RL,105,BSDF Heavy,0,High,4,Low,0,High,2,High,2,3.22459,715.351,6.57417,0.0655007,0.198168
188,RL,124,BSDF Heavy,0,High,4,High,4,High,2,High,2,3.25038,720.391,6.58118,0.0654784,0.198168
189,RL,123,BSDF Heavy,0,High,4,Medium-High,3,High,2,High,2,3.25208,720.137,6.58083,0.0658372,0.198168
190,RL,124,BSDF Heavy,0,High,4,High,4,High,2,High,2,3.26503,722.468,6.58406,0.0657704,0.198168
191,RL,120,BSDF Heavy,0,High,4,Low,0,High,2,High,2,3.24722,718.542,6.57862,0.0656543,0.198168
192,RL,124,Light Heavy,0,High,4,High,4,High,2,High,2,3.26415,722.037,6.58346,0.0660301,0.198089
193,RL,15,Light Heavy,0,High,4,Low,0,High,2,High,2,3.23044,716.921,6.57636,0.0574625,0.198089
194,RL,30,Light Heavy,0,High,4,Low,0,High,2,High,2,3.24059,718.692,6.57882,0.0575086,0.198089
195,RL,34,Light Heavy,0,High,4,High,4,High,2,High,2,3.25549,724.056,6.58625,0.0576216,0.198089
196,RL,34,Light Heavy,0,High,4,High,4,High,2,High,2,3.27152,725.465,6.58819,0.0577115,0.198089
197,RL,15,Light Heavy,0,High,4,Low,0,High,2,High,2,3.22969,717.322,6.57692,0.0577361,0.198089
198,RL,34,Light Heavy,0,High,4,High,4,High,2,High,2,3.26922,725.265,6.58791,0.0577223,0.198089
199,RL,34,Light Heavy,0,High,4,High,4,High,2,High,2,3.25766,723.531,6.58552,0.0575409,0.198089
200,RL,34,Light Heavy,0,High,4,High,4,High,2,Low,0,3.2463,721.157,6.58224,0.057295,0.19801
201,RL,34,Light Heavy,0,High,4,High,4,High,2,Low,0,3.24202,720.34,6.58111,0.0575071,0.19801
202,RL,34,Light Heavy,0,High,4,High,4,High,2,Low,0,3.2634,724.93,6.58745,0.0577561,0.19801
203,RL,15,Light Heavy,0,High,4,Low,0,High,2,Low,0,3.23291,718.211,6.57816,0.0573772,0.19801
204,RL,34,Light Heavy,0,High,4,High,4,High,2,Low,0,3.24509,721.163,6.58225,0.0575594,0.19801
205,RL,15,Light Heavy,0,High,4,Low,0,High,2,Low,0,3.21684,714.057,6.57236,0.0576262,0.19801
206,RL,34,Light Heavy,0,High,4,High,4,High,2,Low,0,3.26467,724.565,6.58695,0.0578437,0.19801
207,RL,34,Light Heavy,0,High,4,High,4,High,2,Low,0,3.25473,723.04,6.58485,0.0577576,0.19801
208,RL,15,BSDF Heavy,0,Low,0,Low,0,Medium,1,Low,0,3.23301,718.011,6.57788,0.0575302,0.197931
209,RL,124,BSDF Heavy,0,Low,0,High,4,Medium,1,Low,0,3.2718,723.473,6.58544,0.066203,0.197931
210,RL,123,BSDF Heavy,0,Low,0,Medium-High,3,Medium,1,Low,0,3.25161,719.908,6.58051,0.0657535,0.197931
211,RL,122,BSDF Heavy,0,Low,0,Medium,2,Medium,1,Low,0,3.25129,719.449,6.57987,0.0659164,0.197931
212,RL,105,BSDF Heavy,0,Low,0,Low,0,Medium,1,Low,0,3.23741,715.857,6.57488,0.065692,0.197931
213,RL,105,BSDF Heavy,0,Low,0,Low,0,Medium,1,Low,0,3.23887,717.451,6.5771,0.0657765,0.197931
214,RL,105,BSDF Heavy,0,Low,0,Low,0,Medium,1,Low,0,3.22995,714.957,6.57362,0.0653838,0.197931
215,RL,105,BSDF Heavy,0,Low,0,Low,0,Medium,1,Low,0,3.2262,714.349,6.57277,0.0656451,0.197931
216,RL,120,BSDF Heavy,0,Low,0,Low,0,High,2,High,2,3.24066,718.282,6.57825,0.0657865,0.197852
217,RL,124,BSDF Heavy,0,Low,0,High,4,High,2,High,2,3.30167,731.806,6.59688,0.0656928,0.197852
218,RL,120,BSDF Heavy,0,Low,0,Low,0,High,2,High,2,3.24395,718.399,6.57842,0.0659825,0.197852
219,RL,105,BSDF Heavy,0,Low,0,Low,0,High,2,High,2,3.2321,716.109,6.57523,0.0655252,0.197852
220,RL,124,BSDF Heavy,0,Low,0,High,4,High,2,High,2,3.27133,724.987,6.58753,0.0660509,0.197852
221,RL,124,BSDF Heavy,0,Low,0,High,4,High,2,High,2,3.25927,722.247,6.58375,0.0657589,0.197852
222,RL,122,BSDF Heavy,0,Low,0,Medium,2,High,2,High,2,3.24998,719.815,6.58038,0.065954,0.197852
223,RL,120,BSDF Heavy,0,Low,0,Low,0,High,2,High,2,3.24654,718.112,6.57802,0.0660478,0.197852
224,RL,124,Balanced,0,High,4,High,4,High,2,High,2,3.27726,725.852,6.58872,0.0659149,0.197773
225,RL,79,Balanced,0,High,4,High,4,High,2,High,2,3.27563,726.816,6.59005,0.0628902,0.197773
226,RL,60,Balanced,0,High,4,Low,0,High,2,High,2,3.23044,716.646,6.57598,0.0624768,0.197773
227,RL,79,Balanced,0,High,4,High,4,High,2,High,2,3.25479,721.991,6.5834,0.0626758,0.197773
228,RL,60,Balanced,0,High,4,Low,0,High,2,High,2,3.23456,716.314,6.57551,0.0626996,0.197773
229,RL,60,Balanced,0,High,4,Low,0,High,2,High,2,3.2232,715.382,6.57421,0.0628256,0.197773
230,RL,79,Balanced,0,High,4,High,4,High,2,High,2,3.26969,726.42,6.5895,0.0624675,0.197773
231,RL,60,Balanced,0,High,4,Low,0,High,2,High,2,3.23056,716.368,6.57559,0.0630032,0.197773
232,RL,60,BSDF Heavy,0,Low,0,Low,0,Medium,1,Medium,1,3.23644,717.649,6.57737,0.0626973,0.197693
233,RL,124,BSDF Heavy,0,Low,0,High,4,Medium,1,Medium,1,3.26348,723.806,6.5859,0.0654661,0.197693
234,RL,124,BSDF Heavy,0,Low,0,High,4,Medium,1,Medium,1,3.28014,727.027,6.59034,0.0658296,0.197693
235,RL,120,BSDF Heavy,0,Low,0,Low,0,Medium,1,Medium,1,3.2457,718.824,6.57901,0.0659525,0.197693
236,RL,121,BSDF Heavy,0,Low,0,Low-Medium,1,Medium,1,Medium,1,3.24916,719.317,6.57969,0.0654945,0.197693
237,RL,123,BSDF Heavy,0,Low,0,Medium-High,3,Medium,1,Medium,1,3.25204,720.225,6.58095,0.0659879,0.197693
238,RL,105,BSDF Heavy,0,Low,0,Low,0,Medium,1,Medium,1,3.2095,710.619,6.56754,0.0654907,0.197693
239,RL,124,BSDF Heavy,0,Low,0,High,4,Medium,1,Medium,1,3.25005,720.527,6.58137,0.0657258,0.197693
240,RL,124,BSDF Heavy,0,High,4,High,4,High,2,High,2,3.26777,723.299,6.5852,0.0659287,0.197614
241,RL,124,BSDF Heavy,0,High,4,High,4,High,2,High,2,3.26674,723.541,6.58554,0.0655737,0.197614
242,RL,124,BSDF Heavy,0,High,4,High,4,High,2,High,2,3.27207,723.853,6.58597,0.0659517,0.197614
243,RL,120,BSDF Heavy,0,High,4,Low,0,High,2,High,2,3.24679,718.638,6.57875,0.0661623,0.197614
244,RL,124,BSDF Heavy,0,High,4,High,4,High,2,High,2,3.25189,720.386,6.58117,0.0659233,0.197614
245,RL,124,BSDF Heavy,0,High,4,High,4,High,2,High,2,3.2652,722.276,6.58379,0.0661323,0.197614
246,RL,123,BSDF Heavy,0,High,4,Medium-High,3,High,2,High,2,3.25524,719.977,6.58061,0.0660563,0.197614
247,RL,105,BSDF Heavy,0,High,4,Low,0,High,2,High,2,3.22155,713.947,6.57221,0.0655913,0.197614
248,RL,124,BSDF Heavy,0,High,4,High,4,High,2,High,2,3.26582,723.562,6.58557,0.0656244,0.197535
249,RL,105,BSDF Heavy,0,High,4,Low,0,High,2,High,2,3.23408,716.078,6.57519,0.0662975,0.197535
250,RL,105,BSDF Heavy,0,High,4,Low,0,High,2,High,2,3.21586,711.346,6.56856,0.0658349,0.197535
251,RL,120,BSDF Heavy,0,High,4,Low,0,High,2,High,2,3.24748,718.619,6.57872,0.0658403,0.197535
252,RL,124,BSDF Heavy,0,High,4,High,4,High,2,High,2,3.25657,721.518,6.58274,0.0660647,0.197535
253,RL,120,BSDF Heavy,0,High,4,Low,0,High,2,High,2,3.24356,717.434,6.57707,0.0657481,0.197535
254,RL,105,BSDF Heavy,0,High,4,Low,0,High,2,High,2,3.23018,715.837,6.57485,0.0654822,0.197535
255,RL,120,BSDF Heavy,0,High,4,Low,0,High,2,High,2,3.24301,717.6,6.5773,0.0658541,0.197535
256,RL,124,BSDF Heavy,0,High,4,High,4,High,2,High,2,3.27187,724.768,6.58723,0.0658119,0.197456
257,RL,124,BSDF Heavy,0,High,4,High,4,High,2,High,2,3.27952,725.385,6.58808,0.0661231,0.197456
258,RL,124,BSDF Heavy,0,High,4,High,4,High,2,High,2,3.25633,721.14,6.58222,0.0657012,0.197456
259,RL,124,BSDF Heavy,0,High,4,High,4,High,2,High,2,3.26616,723.224,6.5851,0.0659756,0.197456
260,RL,123,BSDF Heavy,0,High,4,Medium-High,3,High,2,High,2,3.2549,719.993,6.58063,0.0660954,0.197456
261,RL,124,BSDF Heavy,0,High,4,High,4,High,2,High,2,3.25823,722.493,6.58409,0.0658488,0.197456
262,RL,120,BSDF Heavy,0,High,4,Low,0,High,2,High,2,3.2461,718.597,6.57869,0.0657005,0.197456
263,RL,122,BSDF Heavy,0,High,4,Medium,2,High,2,High,2,3.24845,719.521,6.57997,0.0659494,0.197456
264,RL,124,BSDF Heavy,0,High,4,High,4,High,2,High,2,3.25864,721.568,6.58281,0.0659118,0.197377
265,RL,124,BSDF Heavy,0,High,4,High,4,High,2,High,2,3.26216,722.285,6.5838,0.065868,0.197377
266,RL,123,BSDF Heavy,0,High,4,Medium-High,3,High,2,High,2,3.25116,720.037,6.58069,0.065808,0.197377
267,RL,120,BSDF Heavy,0,High,4,Low,0,High,2,High,2,3.2461,718.387,6.5784,0.0658841,0.197377
268,RL,105,BSDF Heavy,0,High,4,Low,0,High,2,High,2,3.221,713.918,6.57217,0.0656121,0.197377
269,RL,105,BSDF Heavy,0,High,4,Low,0,High,2,High,2,3.2232,713.922,6.57217,0.0656805,0.197377
270,RL,121,BSDF Heavy,0,High,4,Low-Medium,1,High,2,High,2,3.24932,719.129,6.57943,0.0657696,0.197377
271,RL,124,BSDF Heavy,0,High,4,High,4,High,2,High,2,3.27354,725.119,6.58771,0.0658303,0.197377
272,RL,122,BSDF Heavy,0,Medium,2,Medium,2,High,2,High,2,3.24929,719.483,6.57992,0.0659617,0.197298
273,RL,124,BSDF Heavy,0,Medium,2,High,4,High,2,High,2,3.26365,721.617,6.58288,0.0658234,0.197298
274,RL,124,BSDF Heavy,0,Medium,2,High,4,High,2,High,2,3.26141,720.623,6.5815,0.0657988,0.197298
275,RL,123,BSDF Heavy,0,Medium,2,Medium-High,3,High,2,High,2,3.25391,720.216,6.58094,0.0658296,0.197298
276,RL,105,BSDF Heavy,0,Medium,2,Low,0,High,2,High,2,3.21726,712.091,6.56961,0.0655537,0.197298
277,RL,124,BSDF Heavy,0,Medium,2,High,4,High,2,High,2,3.26893,724.46,6.58681,0.0657481,0.197298
278,RL,121,BSDF Heavy,0,Medium,2,Low-Medium,1,High,2,High,2,3.24258,718.978,6.57922,0.0655521,0.197298
279,RL,124,BSDF Heavy,0,Medium,2,High,4,High,2,High,2,3.2806,725.042,6.58761,0.0656989,0.197298
280,RL,124,BSDF Heavy,0,High,4,High,4,High,2,High,2,3.25663,722.393,6.58395,0.065483,0.19722
281,RL,124,BSDF Heavy,0,High,4,High,4,High,2,High,2,3.26188,722.382,6.58394,0.0661392,0.19722
282,RL,122,BSDF Heavy,0,High,4,Medium,2,High,2,High,2,3.24853,719.76,6.58031,0.0659441,0.19722
283,RL,120,BSDF Heavy,0,High,4,Low,0,High,2,High,2,3.24257,718.542,6.57862,0.0657911,0.19722
284,RL,124,BSDF Heavy,0,High,4,High,4,High,2,High,2,3.2605,722.249,6.58375,0.0656052,0.19722
285,RL,105,BSDF Heavy,0,High,4,Low,0,High,2,High,2,3.22073,713.272,6.57126,0.0656428,0.19722
286,RL,124,BSDF Heavy,0,High,4,High,4,High,2,High,2,3.26173,722.286,6.5838,0.0659387,0.19722
287,RL,124,BSDF Heavy,0,High,4,High,4,High,2,High,2,3.2596,722.358,6.5839,0.0660071,0.19722
288,RL,124,BSDF Heavy,0,High,4,High,4,High,2,High,2,3.27555,726.225,6.58924,0.0657973,0.197141
289,RL,124,BSDF Heavy,0,High,4,High,4,High,2,High,2,3.2759,724.582,6.58697,0.0660816,0.197141
290,RL,121,BSDF Heavy,0,High,4,Low-Medium,1,High,2,High,2,3.24881,719.256,6.57961,0.0656689,0.197141
291,RL,105,BSDF Heavy,0,High,4,Low,0,High,2,High,2,3.23953,718.328,6.57832,0.0657304,0.197141
292,RL,124,BSDF Heavy,0,High,4,High,4,High,2,High,2,3.26041,721.586,6.58284,0.06615,0.197141
293,RL,124,BSDF Heavy,0,High,4,High,4,High,2,High,2,3.25546,721.346,6.5825,0.0659441,0.197141
294,RL,120,BSDF Heavy,0,High,4,Low,0,High,2,High,2,3.24642,718.501,6.57856,0.0659709,0.197141
295,RL,124,BSDF Heavy,0,High,4,High,4,High,2,High,2,3.26222,722.645,6.5843,0.0661638,0.197141
296,RL,124,BSDF Heavy,0,High,4,High,4,High,2,High,2,3.25597,721.884,6.58325,0.0656467,0.197062
297,RL,124,BSDF Heavy,0,High,4,High,4,High,2,High,2,3.27252,725.551,6.58831,0.0659617,0.197062
298,RL,120,BSDF Heavy,0,High,4,Low,0,High,2,High,2,3.24541,718.891,6.5791,0.0658772,0.197062
299,RL,105,BSDF Heavy,0,High,4,Low,0,High,2,High,2,3.23718,716.169,6.57531,0.0657788,0.197062
300,RL,124,BSDF Heavy,0,High,4,High,4,High,2,High,2,3.27762,726.065,6.58902,0.0658564,0.197062
301,RL,105,BSDF Heavy,0,High,4,Low,0,High,2,High,2,3.23863,717.626,6.57734,0.0656851,0.197062
302,RL,124,BSDF Heavy,0,High,4,High,4,High,2,High,2,3.26383,723.574,6.58558,0.0657158,0.197062
303,RL,124,BSDF Heavy,0,High,4,High,4,High,2,High,2,3.25215,720.815,6.58177,0.0657773,0.197062
304,RL,124,BSDF Heavy,0,High,4,High,4,High,2,High,2,3.2619,722.47,6.58406,0.0659248,0.196983
305,RL,122,BSDF Heavy,0,High,4,Medium,2,High,2,High,2,3.25166,719.646,6.58015,0.065556,0.196983
306,RL,124,BSDF Heavy,0,High,4,High,4,High,2,High,2,3.25682,720.503,6.58134,0.0659909,0.196983
307,RL,124,BSDF Heavy,0,High,4,High,4,High,2,High,2,3.26138,722.503,6.5841,0.0660409,0.196983
308,RL,124,BSDF Heavy,0,High,4,High,4,High,2,High,2,3.27446,724.038,6.58622,0.0663513,0.196983
309,RL,124,BSDF Heavy,0,High,4,High,4,High,2,High,2,3.26501,723.333,6.58525,0.0658741,0.196983
310,RL,124,BSDF Heavy,0,High,4,High,4,High,2,High,2,3.28888,728.172,6.59191,0.0661177,0.196983
311,RL,120,BSDF Heavy,0,High,4,Low,0,High,2,High,2,3.24171,717.055,6.57655,0.0657865,0.196983
312,RL,124,BSDF Heavy,0,High,4,High,4,High,2,High,2,3.25544,721.312,6.58246,0.0658772,0.196904
313,RL,120,BSDF Heavy,0,High,4,Low,0,High,2,High,2,3.24432,718.267,6.57823,0.0658964,0.196904
314,RL,124,BSDF Heavy,0,High,4,High,4,High,2,High,2,3.26554,723.262,6.58515,0.0657604,0.196904
315,RL,105,BSDF Heavy,0,High,4,Low,0,High,2,High,2,3.23974,716.145,6.57528,0.0663221,0.196904
316,RL,124,BSDF Heavy,0,High,4,High,4,High,2,High,2,3.26382,723.409,6.58536,0.0656789,0.196904
317,RL,105,BSDF Heavy,0,High,4,Low,0,High,2,High,2,3.23226,715.725,6.57469,0.0655191,0.196904
318,RL,120,BSDF Heavy,0,High,4,Low,0,High,2,High,2,3.24013,717.448,6.57709,0.0655237,0.196904
319,RL,124,BSDF Heavy,0,High,4,High,4,High,2,High,2,3.25535,720.815,6.58177,0.0659056,0.196904
320,RL,105,BSDF Heavy,0,Low,0,Low,0,Medium,1,High,2,3.2397,716.879,6.5763,0.0660416,0.196825
321,RL,124,BSDF Heavy,0,Low,0,High,4,Medium,1,High,2,3.25456,720.428,6.58123,0.065619,0.196825
322,RL,124,BSDF Heavy,0,Low,0,High,4,Medium,1,High,2,3.27819,726.16,6.58915,0.0660032,0.196825
323,RL,124,BSDF Heavy,0,Low,0,High,4,Medium,1,High,2,3.2627,722.703,6.58438,0.0659571,0.196825
324,RL,124,BSDF Heavy,0,Low,0,High,4,Medium,1,High,2,3.26095,721.311,6.58246,0.066044,0.196825
325,RL,124,BSDF Heavy,0,Low,0,High,4,Medium,1,High,2,3.26359,723.062,6.58488,0.0657519,0.196825
326,RL,124,BSDF Heavy,0,Low,0,High,4,Medium,1,High,2,3.2566,721.442,6.58264,0.065702,0.196825
327,RL,105,BSDF Heavy,0,Low,0,Low,0,Medium,1,High,2,3.2266,714.371,6.5728,0.0655222,0.196825
328,RL,120,BSDF Heavy,0,Low,0,Low,0,High,2,High,2,3.24469,718.835,6.57902,0.0656882,0.196747
329,RL,124,BSDF Heavy,0,Low,0,High,4,High,2,High,2,3.25271,720.313,6.58107,0.065702,0.196747
330,RL,105,BSDF Heavy,0,Low,0,Low,0,High,2,High,2,3.22986,715.701,6.57466,0.0656198,0.196747
331,RL,120,BSDF Heavy,0,Low,0,Low,0,High,2,High,2,3.24136,717.083,6.57658,0.0653416,0.196747
332,RL,105,BSDF Heavy,0,Low,0,Low,0,High,2,High,2,3.22049,712.052,6.56955,0.0660286,0.196747
333,RL,124,BSDF Heavy,0,Low,0,High,4,High,2,High,2,3.26907,723.08,6.5849,0.0660163,0.196747
334,RL,105,BSDF Heavy,0,Low,0,Low,0,High,2,High,2,3.23459,716.591,6.5759,0.0656344,0.196747
335,RL,124,BSDF Heavy,0,Low,0,High,4,High,2,High,2,3.27443,725.684,6.58849,0.0658503,0.196747
336,RL,105,BSDF Heavy,0,Low,0,Low,0,Medium,1,High,2,3.23598,716.293,6.57548,0.0658664,0.196668
337,RL,124,BSDF Heavy,0,Low,0,High,4,Medium,1,High,2,3.27909,726.379,6.58945,0.0659341,0.196668
338,RL,105,BSDF Heavy,0,Low,0,Low,0,Medium,1,High,2,3.23629,716.613,6.57593,0.0658349,0.196668
339,RL,120,BSDF Heavy,0,Low,0,Low,0,Medium,1,High,2,3.24211,717.944,6.57778,0.0657712,0.196668
340,RL,105,BSDF Heavy,0,Low,0,Low,0,Medium,1,High,2,3.23557,715.509,6.57439,0.0660171,0.196668
341,RL,120,BSDF Heavy,0,Low,0,Low,0,Medium,1,High,2,3.24296,717.821,6.57761,0.0660232,0.196668
342,RL,124,BSDF Heavy,0,Low,0,High,4,Medium,1,High,2,3.26309,723.548,6.58555,0.0658726,0.196668
343,RL,124,BSDF Heavy,0,Low,0,High,4,Medium,1,High,2,3.25776,721.31,6.58245,0.0658457,0.196668
344,RL,122,BSDF Heavy,0,Medium,2,Medium,2,High,2,High,2,3.24555,719.568,6.58004,0.065569,0.196589
345,RL,124,BSDF Heavy,0,Medium,2,High,4,High,2,High,2,3.25277,720.305,6.58106,0.0659333,0.196589
346,RL,105,BSDF Heavy,0,Medium,2,Low,0,High,2,High,2,3.22843,715.552,6.57445,0.0659917,0.196589
347,RL,124,BSDF Heavy,0,Medium,2,High,4,High,2,High,2,3.25838,721.842,6.58319,0.0659425,0.196589
348,RL,124,BSDF Heavy,0,Medium,2,High,4,High,2,High,2,3.2507,720.52,6.58136,0.0659394,0.196589
349,RL,120,BSDF Heavy,0,Medium,2,Low,0,High,2,High,2,3.24183,718.164,6.57809,0.0656797,0.196589
350,RL,124,BSDF Heavy,0,Medium,2,High,4,High,2,High,2,3.27331,725.218,6.58785,0.0661907,0.196589
351,RL,121,BSDF Heavy,0,Medium,2,Low-Medium,1,High,2,High,2,3.24976,719.006,6.57926,0.0658649,0.196589
352,RL,123,BSDF Heavy,0,Medium-High,3,Medium-High,3,High,2,High,2,3.25101,720.228,6.58096,0.065775,0.196511
353,RL,124,BSDF Heavy,0,Medium-High,3,High,4,High,2,High,2,3.26604,723.116,6.58495,0.0658088,0.196511
354,RL,124,BSDF Heavy,0,Medium-High,3,High,4,High,2,High,2,3.26719,722.478,6.58407,0.0658403,0.196511
355,RL,124,BSDF Heavy,0,Medium-High,3,High,4,High,2,High,2,3.25724,720.642,6.58153,0.0658073,0.196511
356,RL,124,BSDF Heavy,0,Medium-High,3,High,4,High,2,High,2,3.26724,724.311,6.5866,0.0659579,0.196511
357,RL,124,BSDF Heavy,0,Medium-High,3,High,4,High,2,High,2,3.27503,725.769,6.58861,0.0658011,0.196511
358,RL,124,BSDF Heavy,0,Medium-High,3,High,4,High,2,High,2,3.27814,726.859,6.59011,0.0658334,0.196511
359,RL,124,BSDF Heavy,0,Medium-High,3,High,4,High,2,High,2,3.27425,724.942,6.58747,0.0658564,0.196511
360,RL,124,Balanced,0,High,4,High,4,High,2,High,2,3.27345,723.684,6.58574,0.0656313,0.196432
361,RL,79,Balanced,0,High,4,High,4,High,2,High,2,3.25485,722.354,6.5839,0.062944,0.196432
362,RL,79,Balanced,0,High,4,High,4,High,2,High,2,3.26353,724.844,6.58734,0.0626481,0.196432
363,RL,76,Balanced,0,High,4,Low-Medium,1,High,2,High,2,3.24472,719.216,6.57955,0.062725,0.196432
364,RL,60,Balanced,0,High,4,Low,0,High,2,High,2,3.23689,716.393,6.57562,0.0627926,0.196432
365,RL,77,Balanced,0,High,4,Medium,2,High,2,High,2,3.24468,719.623,6.58012,0.0625298,0.196432
366,RL,75,Balanced,0,High,4,Low,0,High,2,High,2,3.24414,718.772,6.57893,0.0629002,0.196432
367,RL,79,Balanced,0,High,4,High,4,High,2,High,2,3.26728,724.422,6.58675,0.0627273,0.196432
368,RL,60,BSDF Heavy,0,Low,0,Low,0,Medium,1,Medium,1,3.23673,717.926,6.57776,0.0627549,0.196354
369,RL,124,BSDF Heavy,0,Low,0,High,4,Medium,1,Medium,1,3.26571,722.273,6.58379,0.0659394,0.196354
370,RL,124,BSDF Heavy,0,Low,0,High,4,Medium,1,Medium,1,3.2513,720.368,6.58115,0.0656382,0.196354
371,RL,120,BSDF Heavy,0,Low,0,Low,0,Medium,1,Medium,1,3.24256,718.041,6.57792,0.0659709,0.196354
372,RL,124,BSDF Heavy,0,Low,0,High,4,Medium,1,Medium,1,3.25296,720.349,6.58112,0.0659464,0.196354
373,RL,122,BSDF Heavy,0,Low,0,Medium,2,Medium,1,Medium,1,3.24555,719.404,6.57981,0.0660563,0.196354
374,RL,105,BSDF Heavy,0,Low,0,Low,0,Medium,1,Medium,1,3.21904,711.803,6.5692,0.0655775,0.196354
375,RL,105,BSDF Heavy,0,Low,0,Low,0,Medium,1,Medium,1,3.2394,718.31,6.57829,0.065652,0.196354
376,RL,124,BSDF Heavy,0,High,4,High,4,High,2,High,2,3.27384,725.262,6.58791,0.0658972,0.196275
377,RL,105,BSDF Heavy,0,High,4,Low,0,High,2,High,2,3.23567,716.246,6.57542,0.065493,0.196275
378,RL,124,BSDF Heavy,0,High,4,High,4,High,2,High,2,3.25277,720.892,6.58188,0.0657089,0.196275
379,RL,122,BSDF Heavy,0,High,4,Medium,2,High,2,High,2,3.24889,719.596,6.58008,0.0657896,0.196275
380,RL,124,BSDF Heavy,0,High,4,High,4,High,2,High,2,3.2693,724.388,6.58671,0.0659418,0.196275
381,RL,124,BSDF Heavy,0,High,4,High,4,High,2,High,2,3.28225,726.683,6.58987,0.0662107,0.196275
382,RL,124,BSDF Heavy,0,High,4,High,4,High,2,High,2,3.26588,723.372,6.58531,0.066004,0.196275
383,RL,122,BSDF Heavy,0,High,4,Medium,2,High,2,High,2,3.24897,719.641,6.58014,0.0657566,0.196275
384,RL,123,Balanced,0,Medium-High,3,Medium-High,3,High,2,High,2,3.24962,719.847,6.58043,0.0657028,0.196197
385,RL,79,Balanced,0,Medium-High,3,High,4,High,2,High,2,3.25369,721.909,6.58328,0.0627588,0.196197
386,RL,79,Balanced,0,Medium-High,3,High,4,High,2,High,2,3.25439,721.204,6.58231,0.062904,0.196197
387,RL,60,Balanced,0,Medium-High,3,Low,0,High,2,High,2,3.22687,715.51,6.57439,0.0624322,0.196197
388,RL,79,Balanced,0,Medium-High,3,High,4,High,2,High,2,3.2679,724.448,6.58679,0.0626043,0.196197
389,RL,75,Balanced,0,Medium-High,3,Low,0,High,2,High,2,3.2474,718.685,6.57881,0.0627273,0.196197
390,RL,79,Balanced,0,Medium-High,3,High,4,High,2,High,2,3.27534,725.913,6.58881,0.0627442,0.196197
391,RL,77,Balanced,0,Medium-High,3,Medium,2,High,2,High,2,3.24753,719.823,6.58039,0.0623277,0.196197
392,RL,79,BSDF Heavy,0,High,4,High,4,High,2,Medium,1,3.25259,721.672,6.58296,0.0622985,0.196118
393,RL,124,BSDF Heavy,0,High,4,High,4,High,2,Medium,1,3.26512,723.713,6.58578,0.0660455,0.196118
394,RL,122,BSDF Heavy,0,High,4,Medium,2,High,2,Medium,1,3.25021,719.67,6.58018,0.0659003,0.196118
395,RL,124,BSDF Heavy,0,High,4,High,4,High,2,Medium,1,3.27512,725.697,6.58851,0.0656513,0.196118
396,RL,124,BSDF Heavy,0,High,4,High,4,High,2,Medium,1,3.25249,720.884,6.58186,0.0657227,0.196118
397,RL,120,BSDF Heavy,0,High,4,Low,0,High,2,Medium,1,3.24764,718.47,6.57851,0.0662699,0.196118
398,RL,105,BSDF Heavy,0,High,4,Low,0,High,2,Medium,1,3.23692,717.97,6.57782,0.0654891,0.196118
399,RL,122,BSDF Heavy,0,High,4,Medium,2,High,2,Medium,1,3.25145,719.627,6.58012,0.0660539,0.196118
400,RL,124,BSDF Heavy,0,High,4,High,4,High,2,High,2,3.26396,723.101,6.58493,0.0658618,0.19604
401,RL,105,BSDF Heavy,0,High,4,Low,0,High,2,High,2,3.22793,714.579,6.57309,0.0657304,0.19604
402,RL,121,BSDF Heavy,0,High,4,Low-Medium,1,High,2,High,2,3.249,719.354,6.57974,0.0655614,0.19604
403,RL,124,BSDF Heavy,0,High,4,High,4,High,2,High,2,3.2596,721.593,6.58285,0.0658672,0.19604
404,RL,120,BSDF Heavy,0,High,4,Low,0,High,2,High,2,3.24567,718.509,6.57857,0.0653462,0.19604
405,RL,124,BSDF Heavy,0,High,4,High,4,High,2,High,2,3.26718,723.809,6.58591,0.065785,0.19604
406,RL,124,BSDF Heavy,0,High,4,High,4,High,2,High,2,3.25124,720.404,6.5812,0.0659049,0.19604
407,RL,124,BSDF Heavy,0,High,4,High,4,High,2,High,2,3.25681,720.938,6.58194,0.0660816,0.19604
408,RL,120,BSDF Heavy,0,Low,0,Low,0,High,2,High,2,3.24156,718.258,6.57822,0.0658434,0.195961
409,RL,120,BSDF Heavy,0,Low,0,Low,0,High,2,High,2,3.24457,718.646,6.57876,0.0657581,0.195961
410,RL,124,BSDF Heavy,0,Low,0,High,4,High,2,High,2,3.25756,722.075,6.58351,0.0657819,0.195961
411,RL,124,BSDF Heavy,0,Low,0,High,4,High,2,High,2,3.26247,723.172,6.58503,0.0660624,0.195961
412,RL,124,BSDF Heavy,0,Low,0,High,4,High,2,High,2,3.26084,722.11,6.58356,0.0659894,0.195961
413,RL,120,BSDF Heavy,0,Low,0,Low,0,High,2,High,2,3.24399,718.943,6.57917,0.0656935,0.195961
414,RL,122,BSDF Heavy,0,Low,0,Medium,2,High,2,High,2,3.24572,719.434,6.57985,0.0658549,0.195961
415,RL,124,BSDF Heavy,0,Low,0,High,4,High,2,High,2,3.27017,724.023,6.5862,0.0656374,0.195961
416,RL,124,BSDF Heavy,0,High,4,High,4,High,2,High,2,3.26234,723.045,6.58485,0.0658419,0.195883
417,RL,121,BSDF Heavy,0,High,4,Low-Medium,1,High,2,High,2,3.24965,719.315,6.57969,0.0657635,0.195883
418,RL,120,BSDF Heavy,0,High,4,Low,0,High,2,High,2,3.2443,718.169,6.5781,0.065808,0.195883
419,RL,120,BSDF Heavy,0,High,4,Low,0,High,2,High,2,3.24981,718.438,6.57847,0.0662952,0.195883
420,RL,124,BSDF Heavy,0,High,4,High,4,High,2,High,2,3.27917,725.752,6.58859,0.0658764,0.195883
421,RL,124,BSDF Heavy,0,High,4,High,4,High,2,High,2,3.27039,724.143,6.58637,0.0658941,0.195883
422,RL,105,BSDF Heavy,0,High,4,Low,0,High,2,High,2,3.22882,715.062,6.57377,0.0658019,0.195883
423,RL,124,BSDF Heavy,0,High,4,High,4,High,2,High,2,3.27695,726.004,6.58893,0.0657204,0.195883
424,RL,124,BSDF Heavy,0,High,4,High,4,High,2,High,2,3.26407,723.318,6.58523,0.0658419,0.195805
425,RL,124,BSDF Heavy,0,High,4,High,4,High,2,High,2,3.25646,722.256,6.58376,0.0661784,0.195805
426,RL,124,BSDF Heavy,0,High,4,High,4,High,2,High,2,3.25492,720.35,6.58112,0.0659909,0.195805
427,RL,124,BSDF Heavy,0,High,4,High,4,High,2,High,2,3.26564,723.853,6.58597,0.0658203,0.195805
428,RL,124,BSDF Heavy,0,High,4,High,4,High,2,High,2,3.26183,721.837,6.58318,0.0659556,0.195805
429,RL,124,BSDF Heavy,0,High,4,High,4,High,2,High,2,3.27668,726.49,6.5896,0.0660002,0.195805
430,RL,124,BSDF Heavy,0,High,4,High,4,High,2,High,2,3.27875,726.009,6.58894,0.066213,0.195805
431,RL,124,BSDF Heavy,0,High,4,High,4,High,2,High,2,3.28025,726.621,6.58978,0.0659825,0.195805
432,RL,124,BSDF Heavy,0,High,4,High,4,High,2,High,2,3.25587,721.022,6.58206,0.0658134,0.195726
433,RL,124,BSDF Heavy,0,High,4,High,4,High,2,High,2,3.2808,726.861,6.59011,0.0656928,0.195726
434,RL,124,BSDF Heavy,0,High,4,High,4,High,2,High,2,3.26545,722.478,6.58407,0.0658749,0.195726
435,RL,120,BSDF Heavy,0,High,4,Low,0,High,2,High,2,3.24114,717.662,6.57739,0.0656574,0.195726
436,RL,124,BSDF Heavy,0,High,4,High,4,High,2,High,2,3.25465,720.74,6.58167,0.0658357,0.195726
437,RL,124,BSDF Heavy,0,High,4,High,4,High,2,High,2,3.2664,722.309,6.58384,0.0660378,0.195726
438,RL,105,BSDF Heavy,0,High,4,Low,0,High,2,High,2,3.22652,714.831,6.57344,0.0656228,0.195726
439,RL,124,BSDF Heavy,0,High,4,High,4,High,2,High,2,3.26278,722.711,6.58439,0.0657735,0.195726
440,RL,124,BSDF Heavy,0,High,4,High,4,High,2,High,2,3.25832,721.937,6.58332,0.0656113,0.195648
441,RL,120,BSDF Heavy,0,High,4,Low,0,High,2,High,2,3.24595,718.122,6.57803,0.0657904,0.195648
442,RL,124,BSDF Heavy,0,High,4,High,4,High,2,High,2,3.27566,723.906,6.58604,0.0659909,0.195648
443,RL,120,BSDF Heavy,0,High,4,Low,0,High,2,High,2,3.24465,717.727,6.57748,0.065725,0.195648
444,RL,124,BSDF Heavy,0,High,4,High,4,High,2,High,2,3.26031,721.881,6.58324,0.0660732,0.195648
445,RL,122,BSDF Heavy,0,High,4,Medium,2,High,2,High,2,3.2536,719.779,6.58033,0.0659786,0.195648
446,RL,124,BSDF Heavy,0,High,4,High,4,High,2,High,2,3.26273,723.384,6.58532,0.0655206,0.195648
447,RL,124,BSDF Heavy,0,High,4,High,4,High,2,High,2,3.26483,722.591,6.58423,0.0659702,0.195648
448,RL,105,BSDF Heavy,0,Low,0,Low,0,Medium,1,High,2,3.23875,717.715,6.57747,0.0659356,0.19557
449,RL,120,BSDF Heavy,0,Low,0,Low,0,Medium,1,High,2,3.24402,717.734,6.57749,0.0658588,0.19557
450,RL,105,BSDF Heavy,0,Low,0,Low,0,Medium,1,High,2,3.23242,715.248,6.57403,0.0655445,0.19557
451,RL,105,BSDF Heavy,0,Low,0,Low,0,Medium,1,High,2,3.20539,709.966,6.56662,0.0656421,0.19557
452,RL,122,BSDF Heavy,0,Low,0,Medium,2,Medium,1,High,2,3.24851,719.724,6.58026,0.0657127,0.19557
453,RL,120,BSDF Heavy,0,Low,0,Low,0,Medium,1,High,2,3.24539,717.88,6.57769,0.0659978,0.19557
454,RL,105,BSDF Heavy,0,Low,0,Low,0,Medium,1,High,2,3.2359,716.381,6.57561,0.06613,0.19557
455,RL,120,BSDF Heavy,0,Low,0,Low,0,Medium,1,High,2,3.24642,718.838,6.57903,0.0659256,0.19557
456,RL,124,BSDF Heavy,0,High,4,High,4,High,2,High,2,3.26532,723.089,6.58491,0.0658226,0.195492
457,RL,105,BSDF Heavy,0,High,4,Low,0,High,2,High,2,3.22492,714.277,6.57267,0.0657097,0.195492
458,RL,105,BSDF Heavy,0,High,4,Low,0,High,2,High,2,3.23541,716.445,6.5757,0.0660347,0.195492
459,RL,121,BSDF Heavy,0,High,4,Low-Medium,1,High,2,High,2,3.24599,718.963,6.5792,0.0663244,0.195492
460,RL,124,BSDF Heavy,0,High,4,High,4,High,2,High,2,3.26477,723.641,6.58568,0.0658649,0.195492
461,RL,124,BSDF Heavy,0,High,4,High,4,High,2,High,2,3.26349,722.656,6.58432,0.0658357,0.195492
462,RL,121,BSDF Heavy,0,High,4,Low-Medium,1,High,2,High,2,3.25129,719.368,6.57976,0.0658933,0.195492
463,RL,105,BSDF Heavy,0,High,4,Low,0,High,2,High,2,3.23146,715.488,6.57436,0.0656651,0.195492
464,RL,105,BSDF Heavy,0,Low,0,Low,0,Medium,1,High,2,3.23935,717.418,6.57705,0.0657704,0.195413
465,RL,124,BSDF Heavy,0,Low,0,High,4,Medium,1,High,2,3.27424,725.406,6.58811,0.0661992,0.195413
466,RL,122,BSDF Heavy,0,Low,0,Medium,2,Medium,1,High,2,3.24878,719.497,6.57994,0.0661784,0.195413
467,RL,122,BSDF Heavy,0,Low,0,Medium,2,Medium,1,High,2,3.25115,719.752,6.5803,0.0658465,0.195413
468,RL,124,BSDF Heavy,0,Low,0,High,4,Medium,1,High,2,3.26903,723.144,6.58499,0.0659648,0.195413
469,RL,105,BSDF Heavy,0,Low,0,Low,0,Medium,1,High,2,3.23552,716.434,6.57568,0.0655683,0.195413
470,RL,124,BSDF Heavy,0,Low,0,High,4,Medium,1,High,2,3.26768,723.578,6.58559,0.0660624,0.195413
471,RL,122,BSDF Heavy,0,Low,0,Medium,2,Medium,1,High,2,3.24954,719.431,6.57985,0.0659264,0.195413
472,RL,123,BSDF Heavy,0,Medium-High,3,Medium-High,3,High,2,High,2,3.2543,720.17,6.58087,0.0659894,0.195335
473,RL,121,BSDF Heavy,0,Medium-High,3,Low-Medium,1,High,2,High,2,3.24661,719.174,6.57949,0.0656128,0.195335
474,RL,120,BSDF Heavy,0,Medium-High,3,Low,0,High,2,High,2,3.24166,717.756,6.57752,0.0659717,0.195335
475,RL,120,BSDF Heavy,0,Medium-High,3,Low,0,High,2,High,2,3.24298,717.788,6.57757,0.0659917,0.195335
476,RL,124,BSDF Heavy,0,Medium-High,3,High,4,High,2,High,2,3.26042,721.615,6.58288,0.0659709,0.195335
477,RL,105,BSDF Heavy,0,Medium-High,3,Low,0,High,2,High,2,3.2269,713.12,6.57105,0.0657727,0.195335
478,RL,105,BSDF Heavy,0,Medium-High,3,Low,0,High,2,High,2,3.22533,714.13,6.57246,0.0658273,0.195335
479,RL,124,BSDF Heavy,0,Medium-High,3,High,4,High,2,High,2,3.26044,721.879,6.58324,0.0658442,0.195335
480,RL,124,BSDF Heavy,0,High,4,High,4,High,2,High,2,3.29202,729.176,6.59329,0.0659418,0.195257
481,RL,105,BSDF Heavy,0,High,4,Low,0,High,2,High,2,3.2353,715.892,6.57493,0.0661992,0.195257
482,RL,124,BSDF Heavy,0,High,4,High,4,High,2,High,2,3.27406,725.203,6.58783,0.0659456,0.195257
483,RL,120,BSDF Heavy,0,High,4,Low,0,High,2,High,2,3.2448,718.268,6.57823,0.0658388,0.195257
484,RL,124,BSDF Heavy,0,High,4,High,4,High,2,High,2,3.2597,722.02,6.58344,0.0660101,0.195257
485,RL,124,BSDF Heavy,0,High,4,High,4,High,2,High,2,3.25508,720.592,6.58146,0.0658203,0.195257
486,RL,124,BSDF Heavy,0,High,4,High,4,High,2,High,2,3.26596,722.995,6.58478,0.0659978,0.195257
487,RL,105,BSDF Heavy,0,High,4,Low,0,High,2,High,2,3.23934,717.077,6.57658,0.0654384,0.195257
488,RL,124,BSDF Heavy,0,High,4,High,4,High,2,High,2,3.26084,722.261,6.58377,0.0659348,0.195179
489,RL,105,BSDF Heavy,0,High,4,Low,0,High,2,High,2,3.22206,713.381,6.57142,0.065941,0.195179
490,RL,124,BSDF Heavy,0,High,4,High,4,High,2,High,2,3.27214,724.044,6.58623,0.0659671,0.195179
491,RL,124,BSDF Heavy,0,High,4,High,4,High,2,High,2,3.26334,721.358,6.58252,0.0658495,0.195179
492,RL,124,BSDF Heavy,0,High,4,High,4,High,2,High,2,3.26282,722.566,6.58419,0.0658142,0.195179
493,RL,124,BSDF Heavy,0,High,4,High,4,High,2,High,2,3.26353,722.072,6.58351,0.0660055,0.195179
494,RL,124,BSDF Heavy,0,High,4,High,4,High,2,High,2,3.26534,723.027,6.58483,0.065805,0.195179
495,RL,124,BSDF Heavy,0,High,4,High,4,High,2,High,2,3.26875,723.8,6.5859,0.0657573,0.195179
496,RL,123,BSDF Heavy,0,Medium-High,3,Medium-High,3,High,2,High,2,3.25547,719.83,6.5804,0.065951,0.195101
497,RL,124,BSDF Heavy,0,Medium-High,3,High,4,High,2,High,2,3.27535,725.578,6.58835,0.0659041,0.195101
498,RL,124,BSDF Heavy,0,Medium-High,3,High,4,High,2,High,2,3.27793,724.862,6.58736,0.0660017,0.195101
499,RL,124,BSDF Heavy,0,Medium-High,3,High,4,High,2,High,2,3.25533,721.882,6.58325,0.0655967,0.195101
500,RL,124,BSDF Heavy,0,Medium-High,3,High,4,High,2,High,2,3.25885,722.355,6.5839,0.065609,0.195101
501,RL,105,BSDF Heavy,0,Medium-High,3,Low,0,High,2,High,2,3.23934,716.302,6.5755,0.0658772,0.195101
502,RL,105,BSDF Heavy,0,Medium-High,3,Low,0,High,2,High,2,3.23625,717.755,6.57752,0.0657665,0.195101
503,RL,105,BSDF Heavy,0,Medium-High,3,Low,0,High,2,High,2,3.23429,716.808,6.5762,0.0656812,0.195101
504,RL,124,BSDF Heavy,0,High,4,High,4,High,2,High,2,3.26984,725.022,6.58758,0.0659371,0.195023
505,RL,124,BSDF Heavy,0,High,4,High,4,High,2,High,2,3.26198,722.381,6.58394,0.066067,0.195023
506,RL,105,BSDF Heavy,0,High,4,Low,0,High,2,High,2,3.234,716.092,6.5752,0.0659287,0.195023
507,RL,122,BSDF Heavy,0,High,4,Medium,2,High,2,High,2,3.24771,719.699,6.58022,0.0655598,0.195023
508,RL,105,BSDF Heavy,0,High,4,Low,0,High,2,High,2,3.23604,716.95,6.5764,0.0657005,0.195023
509,RL,124,BSDF Heavy,0,High,4,High,4,High,2,High,2,3.28071,726.382,6.58945,0.0662061,0.195023
510,RL,122,BSDF Heavy,0,High,4,Medium,2,High,2,High,2,3.25111,719.745,6.58029,0.0657404,0.195023
511,RL,124,BSDF Heavy,0,High,4,High,4,High,2,High,2,3.27178,724.935,6.58746,0.0660908,0.195023
512,RL,124,BSDF Heavy,0,High,4,High,4,High,2,High,2,3.25256,721.149,6.58223,0.0658603,0.194945
513,RL,120,BSDF Heavy,0,High,4,Low,0,High,2,High,2,3.24105,717.159,6.57669,0.0658319,0.194945
514,RL,120,BSDF Heavy,0,High,4,Low,0,High,2,High,2,3.24656,718.479,6.57853,0.0659556,0.194945
515,RL,124,BSDF Heavy,0,High,4,High,4,High,2,High,2,3.28627,728.891,6.5929,0.0660701,0.194945
516,RL,120,BSDF Heavy,0,High,4,Low,0,High,2,High,2,3.24179,717.956,6.5778,0.0658142,0.194945
517,RL,124,BSDF Heavy,0,High,4,High,4,High,2,High,2,3.26124,722.171,6.58365,0.0657542,0.194945
518,RL,124,BSDF Heavy,0,High,4,High,4,High,2,High,2,3.26114,721.792,6.58312,0.0658657,0.194945
519,RL,123,BSDF Heavy,0,High,4,Medium-High,3,High,2,High,2,3.25487,720.081,6.58075,0.0661208,0.194945
520,RL,124,Light Heavy,0,High,4,High,4,High,2,High,2,3.26124,723.426,6.58538,0.0658042,0.194867
521,RL,33,Light Heavy,0,High,4,Medium-High,3,High,2,High,2,3.24189,719.843,6.58042,0.0578106,0.194867
522,RL,34,Light Heavy,0,High,4,High,4,High,2,High,2,3.25725,723.08,6.5849,0.0579121,0.194867
523,RL,15,Light Heavy,0,High,4,Low,0,High,2,High,2,3.22062,715.054,6.57375,0.0577753,0.194867
524,RL,34,Light Heavy,0,High,4,High,4,High,2,High,2,3.2441,721.062,6.58211,0.057753,0.194867
525,RL,15,Light Heavy,0,High,4,Low,0,High,2,High,2,3.23057,716.865,6.57628,0.0575978,0.194867
526,RL,15,Light Heavy,0,High,4,Low,0,High,2,High,2,3.21022,711.62,6.56895,0.0577438,0.194867
527,RL,15,Light Heavy,0,High,4,Low,0,High,2,High,2,3.20556,711.772,6.56916,0.0575816,0.194867
528,RL,18,BSDF Heavy,0,Medium-High,3,Medium-High,3,Medium,1,Low,0,3.23959,719.989,6.58062,0.0577984,0.194789
529,RL,124,BSDF Heavy,0,Medium-High,3,High,4,Medium,1,Low,0,3.26275,722.269,6.58378,0.0662591,0.194789
530,RL,105,BSDF Heavy,0,Medium-High,3,Low,0,Medium,1,Low,0,3.21746,711.295,6.56849,0.0655506,0.194789
531,RL,124,BSDF Heavy,0,Medium-High,3,High,4,Medium,1,Low,0,3.27326,724.613,6.58702,0.0660924,0.194789
532,RL,105,BSDF Heavy,0,Medium-High,3,Low,0,Medium,1,Low,0,3.23402,715.475,6.57434,0.0654745,0.194789
533,RL,124,BSDF Heavy,0,Medium-High,3,High,4,Medium,1,Low,0,3.25613,720.908,6.5819,0.0657881,0.194789
534,RL,105,BSDF Heavy,0,Medium-High,3,Low,0,Medium,1,Low,0,3.23925,717.281,6.57686,0.0660824,0.194789
535,RL,105,BSDF Heavy,0,Medium-High,3,Low,0,Medium,1,Low,0,3.22959,715.495,6.57437,0.0656013,0.194789
536,RL,121,BSDF Heavy,0,Low-Medium,1,Low-Medium,1,High,2,High,2,3.25336,719.283,6.57964,0.0658472,0.194711
537,RL,105,BSDF Heavy,0,Low-Medium,1,Low,0,High,2,High,2,3.2245,714.306,6.57271,0.0654469,0.194711
538,RL,121,BSDF Heavy,0,Low-Medium,1,Low-Medium,1,High,2,High,2,3.24787,719.335,6.57972,0.0658718,0.194711
539,RL,124,BSDF Heavy,0,Low-Medium,1,High,4,High,2,High,2,3.2556,720.648,6.58154,0.065838,0.194711
540,RL,105,BSDF Heavy,0,Low-Medium,1,Low,0,High,2,High,2,3.22324,713.954,6.57222,0.0653846,0.194711
541,RL,124,BSDF Heavy,0,Low-Medium,1,High,4,High,2,High,2,3.2529,720.423,6.58123,0.0657904,0.194711
542,RL,120,BSDF Heavy,0,Low-Medium,1,Low,0,High,2,High,2,3.24703,718.669,6.57879,0.0657051,0.194711
543,RL,124,BSDF Heavy,0,Low-Medium,1,High,4,High,2,High,2,3.25624,721.181,6.58228,0.0659248,0.194711
544,RL,124,BSDF Heavy,0,High,4,High,4,High,2,High,2,3.27968,727.245,6.59064,0.0658111,0.194633
545,RL,122,BSDF Heavy,0,High,4,Medium,2,High,2,High,2,3.25069,719.688,6.58021,0.0659971,0.194633
546,RL,120,BSDF Heavy,0,High,4,Low,0,High,2,High,2,3.24127,717.992,6.57785,0.0656067,0.194633
547,RL,120,BSDF Heavy,0,High,4,Low,0,High,2,High,2,3.24392,717.436,6.57708,0.0659348,0.194633
548,RL,120,BSDF Heavy,0,High,4,Low,0,High,2,High,2,3.24002,717.548,6.57723,0.0654707,0.194633
549,RL,120,BSDF Heavy,0,High,4,Low,0,High,2,High,2,3.24425,718.495,6.57855,0.0656659,0.194633
550,RL,124,BSDF Heavy,0,High,4,High,4,High,2,High,2,3.27526,725.862,6.58874,0.0657696,0.194633
551,RL,120,BSDF Heavy,0,High,4,Low,0,High,2,High,2,3.24273,718.303,6.57828,0.065629,0.194633
552,RL,105,BSDF Heavy,0,Low,0,Low,0,Medium,1,High,2,3.22638,713.166,6.57112,0.0659095,0.194555
553,RL,124,BSDF Heavy,0,Low,0,High,4,Medium,1,High,2,3.25663,720.592,6.58146,0.0660563,0.194555
554,RL,124,BSDF Heavy,0,Low,0,High,4,Medium,1,High,2,3.26532,721.995,6.5834,0.0661477,0.194555
555,RL,105,BSDF Heavy,0,Low,0,Low,0,Medium,1,High,2,3.23664,716.755,6.57613,0.065888,0.194555
556,RL,124,BSDF Heavy,0,Low,0,High,4,Medium,1,High,2,3.27639,725.507,6.58825,0.0662038,0.194555
557,RL,124,BSDF Heavy,0,Low,0,High,4,Medium,1,High,2,3.26422,722.804,6.58452,0.0659456,0.194555
558,RL,124,BSDF Heavy,0,Low,0,High,4,Medium,1,High,2,3.26583,722.429,6.584,0.0663206,0.194555
559,RL,124,BSDF Heavy,0,Low,0,High,4,Medium,1,High,2,3.26817,723.882,6.58601,0.0660885,0.194555
560,RL,105,BSDF Heavy,0,Low,0,Low,0,Medium,1,High,2,3.23762,717.565,6.57726,0.0654446,0.194478
561,RL,124,BSDF Heavy,0,Low,0,High,4,Medium,1,High,2,3.27691,724.977,6.58752,0.0660101,0.194478
562,RL,121,BSDF Heavy,0,Low,0,Low-Medium,1,Medium,1,High,2,3.25237,719.08,6.57936,0.0657335,0.194478
563,RL,124,BSDF Heavy,0,Low,0,High,4,Medium,1,High,2,3.25974,722.032,6.58345,0.0656636,0.194478
564,RL,124,BSDF Heavy,0,Low,0,High,4,Medium,1,High,2,3.26548,723.465,6.58543,0.0661047,0.194478
565,RL,124,BSDF Heavy,0,Low,0,High,4,Medium,1,High,2,3.2674,723.842,6.58595,0.066127,0.194478
566,RL,124,BSDF Heavy,0,Low,0,High,4,Medium,1,High,2,3.27364,725.766,6.5886,0.0661077,0.194478
567,RL,105,BSDF Heavy,0,Low,0,Low,0,Medium,1,High,2,3.23814,717.055,6.57655,0.0657688,0.194478
568,RL,124,BSDF Heavy,0,High,4,High,4,High,2,High,2,3.27145,724.596,6.58699,0.0658073,0.1944
569,RL,120,BSDF Heavy,0,High,4,Low,0,High,2,High,2,3.24067,716.753,6.57613,0.0659087,0.1944
570,RL,120,BSDF Heavy,0,High,4,Low,0,High,2,High,2,3.24165,717.038,6.57652,0.0660785,0.1944
571,RL,124,BSDF Heavy,0,High,4,High,4,High,2,High,2,3.28316,726.963,6.59025,0.0662038,0.1944
572,RL,124,BSDF Heavy,0,High,4,High,4,High,2,High,2,3.26848,723.667,6.58571,0.0655921,0.1944
573,RL,124,BSDF Heavy,0,High,4,High,4,High,2,High,2,3.25769,720.843,6.58181,0.0661515,0.1944
574,RL,122,BSDF Heavy,0,High,4,Medium,2,High,2,High,2,3.2488,719.482,6.57992,0.0656021,0.1944
575,RL,124,BSDF Heavy,0,High,4,High,4,High,2,High,2,3.29227,728.619,6.59252,0.0660739,0.1944
576,RL,123,BSDF Heavy,0,Medium-High,3,Medium-High,3,High,2,High,2,3.25296,720.167,6.58087,0.065974,0.194322
577,RL,124,BSDF Heavy,0,Medium-High,3,High,4,High,2,High,2,3.27105,724.936,6.58746,0.0659702,0.194322
578,RL,124,BSDF Heavy,0,Medium-High,3,High,4,High,2,High,2,3.26313,722.261,6.58377,0.0658787,0.194322
579,RL,124,BSDF Heavy,0,Medium-High,3,High,4,High,2,High,2,3.2798,727.028,6.59034,0.0657074,0.194322
580,RL,124,BSDF Heavy,0,Medium-High,3,High,4,High,2,High,2,3.27726,725.692,6.5885,0.0660386,0.194322
581,RL,124,BSDF Heavy,0,Medium-High,3,High,4,High,2,High,2,3.2547,720.53,6.58137,0.065891,0.194322
582,RL,124,BSDF Heavy,0,Medium-High,3,High,4,High,2,High,2,3.26844,723.669,6.58572,0.0659894,0.194322
583,RL,105,BSDF Heavy,0,Medium-High,3,Low,0,High,2,High,2,3.22117,712.883,6.57072,0.0658611,0.194322
584,RL,124,Light Heavy,0,High,4,High,4,High,2,High,2,3.26306,722.113,6.58357,0.0660301,0.194244
585,RL,15,Light Heavy,0,High,4,Low,0,High,2,High,2,3.21931,714.587,6.5731,0.0577223,0.194244
586,RL,34,Light Heavy,0,High,4,High,4,High,2,High,2,3.2632,724.912,6.58743,0.057889,0.194244
587,RL,34,Light Heavy,0,High,4,High,4,High,2,High,2,3.27838,728.184,6.59193,0.0579982,0.194244
588,RL,34,Light Heavy,0,High,4,High,4,High,2,High,2,3.26337,724.599,6.587,0.0578083,0.194244
589,RL,15,Light Heavy,0,High,4,Low,0,High,2,High,2,3.21995,714.182,6.57254,0.0575117,0.194244
590,RL,15,Light Heavy,0,High,4,Low,0,High,2,High,2,3.23347,717.278,6.57686,0.0577622,0.194244
591,RL,15,Light Heavy,0,High,4,Low,0,High,2,High,2,3.22446,714.795,6.57339,0.0579428,0.194244
592,RL,34,BSDF Heavy,0,High,4,High,4,High,2,Low,0,3.24461,720.435,6.58124,0.0579444,0.194167
593,RL,124,BSDF Heavy,0,High,4,High,4,High,2,Low,0,3.25839,721.479,6.58269,0.0660478,0.194167
594,RL,124,BSDF Heavy,0,High,4,High,4,High,2,Low,0,3.27186,725.331,6.58801,0.0658979,0.194167
595,RL,120,BSDF Heavy,0,High,4,Low,0,High,2,Low,0,3.24587,718.509,6.57857,0.0658918,0.194167
596,RL,124,BSDF Heavy,0,High,4,High,4,High,2,Low,0,3.27311,723.592,6.58561,0.0663513,0.194167
597,RL,120,BSDF Heavy,0,High,4,Low,0,High,2,Low,0,3.24472,718.11,6.57801,0.0658034,0.194167
598,RL,124,BSDF Heavy,0,High,4,High,4,High,2,Low,0,3.26436,722.404,6.58397,0.0655844,0.194167
599,RL,105,BSDF Heavy,0,High,4,Low,0,High,2,Low,0,3.23241,715.888,6.57492,0.065712,0.194167
600,RL,120,BSDF Heavy,0,Low,0,Low,0,High,2,High,2,3.24521,718.44,6.57847,0.065921,0.194089
601,RL,120,BSDF Heavy,0,Low,0,Low,0,High,2,High,2,3.24641,718.783,6.57895,0.0657297,0.194089
602,RL,124,BSDF Heavy,0,Low,0,High,4,High,2,High,2,3.26409,722.986,6.58477,0.0654484,0.194089
603,RL,124,BSDF Heavy,0,Low,0,High,4,High,2,High,2,3.25422,721.453,6.58265,0.0655606,0.194089
604,RL,105,BSDF Heavy,0,Low,0,Low,0,High,2,High,2,3.23592,716.984,6.57645,0.0656136,0.194089
605,RL,124,BSDF Heavy,0,Low,0,High,4,High,2,High,2,3.2602,721.519,6.58274,0.0661054,0.194089
606,RL,120,BSDF Heavy,0,Low,0,Low,0,High,2,High,2,3.24356,718.165,6.57809,0.0659394,0.194089
607,RL,105,BSDF Heavy,0,Low,0,Low,0,High,2,High,2,3.22827,714.53,6.57302,0.065878,0.194089
608,RL,124,BSDF Heavy,0,High,4,High,4,High,2,High,2,3.26306,723.06,6.58487,0.0659325,0.194011
609,RL,124,BSDF Heavy,0,High,4,High,4,High,2,High,2,3.28512,727.589,6.59111,0.0659579,0.194011
610,RL,121,BSDF Heavy,0,High,4,Low-Medium,1,High,2,High,2,3.2454,719.232,6.57957,0.0659955,0.194011
611,RL,124,BSDF Heavy,0,High,4,High,4,High,2,High,2,3.2918,729.137,6.59323,0.0661031,0.194011
612,RL,105,BSDF Heavy,0,High,4,Low,0,High,2,High,2,3.23635,716.761,6.57614,0.0657335,0.194011
613,RL,120,BSDF Heavy,0,High,4,Low,0,High,2,High,2,3.24961,718.875,6.57908,0.0658757,0.194011
614,RL,124,BSDF Heavy,0,High,4,High,4,High,2,High,2,3.27403,724.571,6.58696,0.0659525,0.194011
615,RL,124,BSDF Heavy,0,High,4,High,4,High,2,High,2,3.25316,720.749,6.58168,0.0658011,0.194011
616,RL,105,BSDF Heavy,0,Low,0,Low,0,Medium,1,High,2,3.23889,717.354,6.57696,0.065712,0.193934
617,RL,124,BSDF Heavy,0,Low,0,High,4,Medium,1,High,2,3.25802,720.623,6.5815,0.065974,0.193934
618,RL,122,BSDF Heavy,0,Low,0,Medium,2,Medium,1,High,2,3.24376,719.73,6.58026,0.0653254,0.193934
619,RL,121,BSDF Heavy,0,Low,0,Low-Medium,1,Medium,1,High,2,3.24666,719.064,6.57934,0.0657696,0.193934
620,RL,124,BSDF Heavy,0,Low,0,High,4,Medium,1,High,2,3.26764,724.003,6.58618,0.0661792,0.193934
621,RL,105,BSDF Heavy,0,Low,0,Low,0,Medium,1,High,2,3.23341,715.797,6.57479,0.0658257,0.193934
622,RL,105,BSDF Heavy,0,Low,0,Low,0,Medium,1,High,2,3.22422,714.181,6.57254,0.0657419,0.193934
623,RL,124,BSDF Heavy,0,Low,0,High,4,Medium,1,High,2,3.25736,720.986,6.58201,0.0658503,0.193934
624,RL,124,BSDF Heavy,0,High,4,High,4,High,2,High,2,3.25441,720.711,6.58162,0.0657704,0.193856
625,RL,124,BSDF Heavy,0,High,4,High,4,High,2,High,2,3.27854,725.821,6.58868,0.0658503,0.193856
626,RL,124,BSDF Heavy,0,High,4,High,4,High,2,High,2,3.26445,722.647,6.5843,0.0659502,0.193856
627,RL,120,BSDF Heavy,0,High,4,Low,0,High,2,High,2,3.24137,718.062,6.57795,0.0659894,0.193856
628,RL,124,BSDF Heavy,0,High,4,High,4,High,2,High,2,3.25805,722.489,6.58408,0.0659026,0.193856
629,RL,124,BSDF Heavy,0,High,4,High,4,High,2,High,2,3.26213,721.795,6.58313,0.0658956,0.193856
630,RL,124,BSDF Heavy,0,High,4,High,4,High,2,High,2,3.26312,722.66,6.58432,0.0660194,0.193856
631,RL,124,BSDF Heavy,0,High,4,High,4,High,2,High,2,3.26063,721.628,6.58289,0.0659917,0.193856
632,RL,123,BSDF Heavy,0,Medium-High,3,Medium-High,3,High,2,High,2,3.25332,720.086,6.58076,0.0662292,0.193779
633,RL,124,BSDF Heavy,0,Medium-High,3,High,4,High,2,High,2,3.26218,723.104,6.58493,0.0658188,0.193779
634,RL,124,BSDF Heavy,0,Medium-High,3,High,4,High,2,High,2,3.25393,720.882,6.58186,0.0658933,0.193779
635,RL,121,BSDF Heavy,0,Medium-High,3,Low-Medium,1,High,2,High,2,3.24493,719.178,6.5795,0.0655291,0.193779
636,RL,105,BSDF Heavy,0,Medium-High,3,Low,0,High,2,High,2,3.22574,714.112,6.57244,0.0655706,0.193779
637,RL,105,BSDF Heavy,0,Medium-High,3,Low,0,High,2,High,2,3.23593,716.931,6.57637,0.0660424,0.193779
638,RL,105,BSDF Heavy,0,Medium-High,3,Low,0,High,2,High,2,3.22617,714.23,6.5726,0.0657481,0.193779
639,RL,105,BSDF Heavy,0,Medium-High,3,Low,0,High,2,High,2,3.23836,716.708,6.57606,0.0657181,0.193779
640,RL,124,BSDF Heavy,0,High,4,High,4,High,2,High,2,3.27748,725.132,6.58773,0.0661139,0.193701
641,RL,105,BSDF Heavy,0,High,4,Low,0,High,2,High,2,3.23951,717.418,6.57705,0.0659356,0.193701
642,RL,105,BSDF Heavy,0,High,4,Low,0,High,2,High,2,3.23834,716.966,6.57642,0.0656981,0.193701
643,RL,120,BSDF Heavy,0,High,4,Low,0,High,2,High,2,3.24141,718.482,6.57853,0.0659287,0.193701
644,RL,120,BSDF Heavy,0,High,4,Low,0,High,2,High,2,3.2428,717.426,6.57706,0.0657289,0.193701
645,RL,105,BSDF Heavy,0,High,4,Low,0,High,2,High,2,3.22378,713.021,6.57091,0.0659256,0.193701
646,RL,124,BSDF Heavy,0,High,4,High,4,High,2,High,2,3.27222,724.95,6.58748,0.065785,0.193701
647,RL,120,BSDF Heavy,0,High,4,Low,0,High,2,High,2,3.24178,717.594,6.5773,0.0659771,0.193701
648,RL,124,Balanced,0,High,4,High,4,High,2,High,2,3.27399,725.679,6.58848,0.0657243,0.193624
649,RL,79,Balanced,0,High,4,High,4,High,2,High,2,3.254,720.782,6.58172,0.062788,0.193624
650,RL,60,Balanced,0,High,4,Low,0,High,2,High,2,3.23547,717.428,6.57706,0.0625943,0.193624
651,RL,78,Balanced,0,High,4,Medium-High,3,High,2,High,2,3.24832,719.831,6.58041,0.0628272,0.193624
652,RL,79,Balanced,0,High,4,High,4,High,2,High,2,3.24938,720.488,6.58132,0.0626151,0.193624
653,RL,60,Balanced,0,High,4,Low,0,High,2,High,2,3.23489,717.553,6.57724,0.062662,0.193624
654,RL,77,Balanced,0,High,4,Medium,2,High,2,High,2,3.24351,719.412,6.57982,0.0622447,0.193624
655,RL,77,Balanced,0,High,4,Medium,2,High,2,High,2,3.24199,719.436,6.57986,0.0628057,0.193624
656,RL,79,BSDF Heavy,0,High,4,High,4,High,2,Medium,1,3.26247,723.459,6.58543,0.0626589,0.193546
657,RL,120,BSDF Heavy,0,High,4,Low,0,High,2,Medium,1,3.24289,717.825,6.57762,0.0659387,0.193546
658,RL,124,BSDF Heavy,0,High,4,High,4,High,2,Medium,1,3.26948,724.846,6.58734,0.0658411,0.193546
659,RL,124,BSDF Heavy,0,High,4,High,4,High,2,Medium,1,3.25433,721.167,6.58226,0.0659003,0.193546
660,RL,105,BSDF Heavy,0,High,4,Low,0,High,2,Medium,1,3.23511,716.006,6.57508,0.0657189,0.193546
661,RL,124,BSDF Heavy,0,High,4,High,4,High,2,Medium,1,3.27605,725.618,6.5884,0.0658273,0.193546
662,RL,124,BSDF Heavy,0,High,4,High,4,High,2,Medium,1,3.26974,723.99,6.58616,0.0657481,0.193546
663,RL,105,BSDF Heavy,0,High,4,Low,0,High,2,Medium,1,3.21615,712.073,6.56958,0.0655706,0.193546
664,RL,121,Light Heavy,0,Low-Medium,1,Low-Medium,1,High,2,High,2,3.24743,719.239,6.57958,0.0657904,0.193469
665,RL,34,Light Heavy,0,Low-Medium,1,High,4,High,2,High,2,3.25424,721.772,6.58309,0.057982,0.193469
666,RL,34,Light Heavy,0,Low-Medium,1,High,4,High,2,High,2,3.2483,721.812,6.58315,0.0579382,0.193469
667,RL,15,Light Heavy,0,Low-Medium,1,Low,0,High,2,High,2,3.23708,717.913,6.57774,0.0577546,0.193469
668,RL,15,Light Heavy,0,Low-Medium,1,Low,0,High,2,High,2,3.21481,714.244,6.57262,0.0576892,0.193469
669,RL,15,Light Heavy,0,Low-Medium,1,Low,0,High,2,High,2,3.23575,718.844,6.57903,0.0575786,0.193469
670,RL,15,Light Heavy,0,Low-Medium,1,Low,0,High,2,High,2,3.21559,714.149,6.57249,0.0573357,0.193469
671,RL,34,Light Heavy,0,Low-Medium,1,High,4,High,2,High,2,3.26769,726.857,6.59011,0.0574356,0.193469
672,RL,15,BSDF Heavy,0,Low,0,Low,0,Medium,1,Low,0,3.2242,716.174,6.57532,0.0572635,0.193392
673,RL,105,BSDF Heavy,0,Low,0,Low,0,Medium,1,Low,0,3.23443,715.615,6.57454,0.0661454,0.193392
674,RL,124,BSDF Heavy,0,Low,0,High,4,Medium,1,Low,0,3.2667,724.388,6.58671,0.0659656,0.193392
675,RL,124,BSDF Heavy,0,Low,0,High,4,Medium,1,Low,0,3.25907,721.713,6.58301,0.0658557,0.193392
676,RL,124,BSDF Heavy,0,Low,0,High,4,Medium,1,Low,0,3.25201,720.526,6.58137,0.0656989,0.193392
677,RL,105,BSDF Heavy,0,Low,0,Low,0,Medium,1,Low,0,3.22553,713.841,6.57206,0.0656313,0.193392
678,RL,123,BSDF Heavy,0,Low,0,Medium-High,3,Medium,1,Low,0,3.2492,719.829,6.5804,0.0661054,0.193392
679,RL,105,BSDF Heavy,0,Low,0,Low,0,Medium,1,Low,0,3.23856,716.689,6.57604,0.0662653,0.193392
680,RL,120,BSDF Heavy,0,Low,0,Low,0,High,2,High,2,3.24063,717.052,6.57654,0.0661085,0.193314
681,RL,105,BSDF Heavy,0,Low,0,Low,0,High,2,High,2,3.2235,713.463,6.57153,0.0656305,0.193314
682,RL,124,BSDF Heavy,0,Low,0,High,4,High,2,High,2,3.25639,722.766,6.58447,0.0659825,0.193314
683,RL,124,BSDF Heavy,0,Low,0,High,4,High,2,High,2,3.2801,726.091,6.58905,0.0658618,0.193314
684,RL,122,BSDF Heavy,0,Low,0,Medium,2,High,2,High,2,3.24816,719.81,6.58038,0.065901,0.193314
685,RL,124,BSDF Heavy,0,Low,0,High,4,High,2,High,2,3.26167,721.31,6.58245,0.0658618,0.193314
686,RL,123,BSDF Heavy,0,Low,0,Medium-High,3,High,2,High,2,3.25234,720.145,6.58084,0.0659248,0.193314
687,RL,105,BSDF Heavy,0,Low,0,Low,0,High,2,High,2,3.23251,716.248,6.57542,0.0657558,0.193314
688,RL,124,BSDF Heavy,0,High,4,High,4,High,2,High,2,3.26083,722.355,6.5839,0.0662146,0.193237
689,RL,124,BSDF Heavy,0,High,4,High,4,High,2,High,2,3.28609,728.976,6.59301,0.0662376,0.193237
690,RL,123,BSDF Heavy,0,High,4,Medium-High,3,High,2,High,2,3.25248,719.912,6.58052,0.0656344,0.193237
691,RL,124,BSDF Heavy,0,High,4,High,4,High,2,High,2,3.26719,723.202,6.58507,0.0659079,0.193237
692,RL,124,BSDF Heavy,0,High,4,High,4,High,2,High,2,3.26767,722.321,6.58385,0.0659971,0.193237
693,RL,124,BSDF Heavy,0,High,4,High,4,High,2,High,2,3.27898,725.787,6.58863,0.0662169,0.193237
694,RL,124,BSDF Heavy,0,High,4,High,4,High,2,High,2,3.26244,721.786,6.58311,0.0658349,0.193237
695,RL,124,BSDF Heavy,0,High,4,High,4,High,2,High,2,3.26442,722.717,6.5844,0.0658841,0.193237
696,RL,105,Light Heavy,0,Low,0,Low,0,Medium,1,High,2,3.20262,709.164,6.5655,0.065589,0.19316
697,RL,15,Light Heavy,0,Low,0,Low,0,Medium,1,High,2,3.2317,717.132,6.57665,0.0574979,0.19316
698,RL,15,Light Heavy,0,Low,0,Low,0,Medium,1,High,2,3.23464,716.912,6.57635,0.0578168,0.19316
699,RL,15,Light Heavy,0,Low,0,Low,0,Medium,1,High,2,3.22534,716.865,6.57628,0.057813,0.19316
700,RL,34,Light Heavy,0,Low,0,High,4,Medium,1,High,2,3.2458,720.379,6.58116,0.0573964,0.19316
701,RL,15,Light Heavy,0,Low,0,Low,0,Medium,1,High,2,3.20889,711.486,6.56876,0.0575594,0.19316
702,RL,33,Light Heavy,0,Low,0,Medium-High,3,Medium,1,High,2,3.24362,720.184,6.58089,0.057524,0.19316
703,RL,34,Light Heavy,0,Low,0,High,4,Medium,1,High,2,3.24806,721.267,6.5824,0.0578575,0.19316
704,RL,15,Balanced,0,Low,0,Low,0,Medium,1,Low,0,3.23435,718.025,6.5779,0.0580097,0.193082
705,RL,60,Balanced,0,Low,0,Low,0,Medium,1,Low,0,3.22667,714.653,6.5732,0.0622939,0.193082
706,RL,79,Balanced,0,Low,0,High,4,Medium,1,Low,0,3.2524,721.482,6.58269,0.0624314,0.193082
707,RL,60,Balanced,0,Low,0,Low,0,Medium,1,Low,0,3.22565,714.837,6.57345,0.062423,0.193082
708,RL,79,Balanced,0,Low,0,High,4,Medium,1,Low,0,3.25672,721.018,6.58205,0.0627811,0.193082
709,RL,79,Balanced,0,Low,0,High,4,Medium,1,Low,0,3.25282,722.126,6.58358,0.0628272,0.193082
710,RL,75,Balanced,0,Low,0,Low,0,Medium,1,Low,0,3.24074,717.695,6.57744,0.0626043,0.193082
711,RL,60,Balanced,0,Low,0,Low,0,Medium,1,Low,0,3.23359,716.577,6.57588,0.0624383,0.193082
712,RL,60,BSDF Heavy,0,Low,0,Low,0,Medium,1,Medium,1,3.23823,716.988,6.57645,0.0629056,0.193005
713,RL,124,BSDF Heavy,0,Low,0,High,4,Medium,1,Medium,1,3.2566,723.035,6.58484,0.0658933,0.193005
714,RL,121,BSDF Heavy,0,Low,0,Low-Medium,1,Medium,1,Medium,1,3.24846,719.03,6.57929,0.065961,0.193005
715,RL,124,BSDF Heavy,0,Low,0,High,4,Medium,1,Medium,1,3.26484,723.237,6.58512,0.0658764,0.193005
716,RL,120,BSDF Heavy,0,Low,0,Low,0,Medium,1,Medium,1,3.24136,717.871,6.57768,0.0657204,0.193005
717,RL,105,BSDF Heavy,0,Low,0,Low,0,Medium,1,Medium,1,3.23919,716.443,6.57569,0.0661123,0.193005
718,RL,105,BSDF Heavy,0,Low,0,Low,0,Medium,1,Medium,1,3.23014,714.829,6.57344,0.0659686,0.193005
719,RL,124,BSDF Heavy,0,Low,0,High,4,Medium,1,Medium,1,3.26251,722.385,6.58394,0.0659333,0.193005
720,RL,124,BSDF Heavy,0,High,4,High,4,High,2,High,2,3.27258,726.097,6.58906,0.0656367,0.192928
721,RL,123,BSDF Heavy,0,High,4,Medium-High,3,High,2,High,2,3.24566,720.158,6.58086,0.0657135,0.192928
722,RL,122,BSDF Heavy,0,High,4,Medium,2,High,2,High,2,3.24515,719.412,6.57982,0.0655283,0.192928
723,RL,124,BSDF Heavy,0,High,4,High,4,High,2,High,2,3.27678,725.932,6.58883,0.0657373,0.192928
724,RL,121,BSDF Heavy,0,High,4,Low-Medium,1,High,2,High,2,3.25251,719.044,6.57931,0.0661223,0.192928
725,RL,120,BSDF Heavy,0,High,4,Low,0,High,2,High,2,3.24315,718.343,6.57834,0.0653777,0.192928
726,RL,124,BSDF Heavy,0,High,4,High,4,High,2,High,2,3.26769,722.689,6.58436,0.066127,0.192928
727,RL,124,BSDF Heavy,0,High,4,High,4,High,2,High,2,3.26676,722.746,6.58444,0.0657973,0.192928
728,RL,124,BSDF Heavy,0,High,4,High,4,High,2,High,2,3.26056,721.056,6.5821,0.0662107,0.192851
729,RL,105,BSDF Heavy,0,High,4,Low,0,High,2,High,2,3.23129,714.875,6.57351,0.0658365,0.192851
730,RL,121,BSDF Heavy,0,High,4,Low-Medium,1,High,2,High,2,3.24383,719.144,6.57945,0.0655045,0.192851
731,RL,105,BSDF Heavy,0,High,4,Low,0,High,2,High,2,3.23624,717.119,6.57663,0.0662069,0.192851
732,RL,105,BSDF Heavy,0,High,4,Low,0,High,2,High,2,3.23692,717.034,6.57652,0.0657266,0.192851
733,RL,124,BSDF Heavy,0,High,4,High,4,High,2,High,2,3.25188,721.443,6.58264,0.0655644,0.192851
734,RL,124,BSDF Heavy,0,High,4,High,4,High,2,High,2,3.27914,726.387,6.58946,0.0661131,0.192851
735,RL,124,BSDF Heavy,0,High,4,High,4,High,2,High,2,3.25783,721.277,6.58241,0.0657665,0.192851
736,RL,124,BSDF Heavy,0,High,4,High,4,High,2,High,2,3.27506,724.172,6.58641,0.0662607,0.192774
737,RL,124,BSDF Heavy,0,High,4,High,4,High,2,High,2,3.25954,722.614,6.58426,0.0659179,0.192774
738,RL,105,BSDF Heavy,0,High,4,Low,0,High,2,High,2,3.23283,715.675,6.57462,0.0653385,0.192774
739,RL,121,BSDF Heavy,0,High,4,Low-Medium,1,High,2,High,2,3.24797,719.217,6.57955,0.0657988,0.192774
740,RL,124,BSDF Heavy,0,High,4,High,4,High,2,High,2,3.27013,723.842,6.58595,0.0660148,0.192774
741,RL,123,BSDF Heavy,0,High,4,Medium-High,3,High,2,High,2,3.2479,719.928,6.58054,0.0659817,0.192774
742,RL,124,BSDF Heavy,0,High,4,High,4,High,2,High,2,3.25821,721.101,6.58217,0.0657781,0.192774
743,RL,124,BSDF Heavy,0,High,4,High,4,High,2,High,2,3.26801,723.913,6.58605,0.0662322,0.192774
744,RL,122,Balanced,0,Medium,2,Medium,2,High,2,High,2,3.24678,719.436,6.57986,0.0656505,0.192697
745,RL,60,Balanced,0,Medium,2,Low,0,High,2,High,2,3.23822,716.769,6.57615,0.0627357,0.192697
746,RL,79,Balanced,0,Medium,2,High,4,High,2,High,2,3.24973,720.763,6.5817,0.0624744,0.192697
747,RL,77,Balanced,0,Medium,2,Medium,2,High,2,High,2,3.24803,719.785,6.58034,0.0625375,0.192697
748,RL,60,Balanced,0,Medium,2,Low,0,High,2,High,2,3.22878,715.254,6.57403,0.0625982,0.192697
749,RL,60,Balanced,0,Medium,2,Low,0,High,2,High,2,3.23314,716.726,6.57609,0.062718,0.192697
750,RL,60,Balanced,0,Medium,2,Low,0,High,2,High,2,3.2365,717.339,6.57694,0.0628787,0.192697
751,RL,79,Balanced,0,Medium,2,High,4,High,2,High,2,3.25691,722.33,6.58387,0.0625559,0.192697
752,RL,60,BSDF Heavy,0,Low,0,Low,0,Medium,1,Medium,1,3.22249,715.336,6.57415,0.0624791,0.19262
753,RL,124,BSDF Heavy,0,Low,0,High,4,Medium,1,Medium,1,3.25703,721.457,6.58266,0.0660194,0.19262
754,RL,124,BSDF Heavy,0,Low,0,High,4,Medium,1,Medium,1,3.25635,720.834,6.5818,0.0657888,0.19262
755,RL,105,BSDF Heavy,0,Low,0,Low,0,Medium,1,Medium,1,3.23553,716.016,6.5751,0.0659825,0.19262
756,RL,124,BSDF Heavy,0,Low,0,High,4,Medium,1,Medium,1,3.28336,727.243,6.59063,0.065964,0.19262
757,RL,124,BSDF Heavy,0,Low,0,High,4,Medium,1,Medium,1,3.26841,724.23,6.58649,0.0655767,0.19262
758,RL,122,BSDF Heavy,0,Low,0,Medium,2,Medium,1,Medium,1,3.25064,719.669,6.58018,0.0657535,0.19262
759,RL,124,BSDF Heavy,0,Low,0,High,4,Medium,1,Medium,1,3.27412,724.5,6.58686,0.065941,0.19262
760,RL,124,BSDF Heavy,0,High,4,High,4,High,2,High,2,3.2718,723.785,6.58587,0.0665642,0.192543
761,RL,124,BSDF Heavy,0,High,4,High,4,High,2,High,2,3.25467,721.151,6.58223,0.0659325,0.192543
762,RL,124,BSDF Heavy,0,High,4,High,4,High,2,High,2,3.25885,720.453,6.58127,0.0660301,0.192543
763,RL,124,BSDF Heavy,0,High,4,High,4,High,2,High,2,3.29162,728.4,6.59222,0.066117,0.192543
764,RL,120,BSDF Heavy,0,High,4,Low,0,High,2,High,2,3.24009,717.489,6.57715,0.0655283,0.192543
765,RL,120,BSDF Heavy,0,High,4,Low,0,High,2,High,2,3.24603,718.414,6.57844,0.0657435,0.192543
766,RL,124,BSDF Heavy,0,High,4,High,4,High,2,High,2,3.27544,725.875,6.58876,0.0659648,0.192543
767,RL,124,BSDF Heavy,0,High,4,High,4,High,2,High,2,3.27801,725.041,6.58761,0.0662499,0.192543
768,RL,124,BSDF Heavy,0,High,4,High,4,High,2,High,2,3.26959,724.422,6.58675,0.065609,0.192466
769,RL,124,BSDF Heavy,0,High,4,High,4,High,2,High,2,3.26632,723.197,6.58506,0.0659771,0.192466
770,RL,124,BSDF Heavy,0,High,4,High,4,High,2,High,2,3.25947,722.545,6.58416,0.0663467,0.192466
771,RL,124,BSDF Heavy,0,High,4,High,4,High,2,High,2,3.27741,725.324,6.588,0.0660893,0.192466
772,RL,122,BSDF Heavy,0,High,4,Medium,2,High,2,High,2,3.25392,719.675,6.58019,0.0661054,0.192466
773,RL,122,BSDF Heavy,0,High,4,Medium,2,High,2,High,2,3.25074,719.632,6.58013,0.0656082,0.192466
774,RL,124,BSDF Heavy,0,High,4,High,4,High,2,High,2,3.25916,722.504,6.58411,0.0655606,0.192466
775,RL,124,BSDF Heavy,0,High,4,High,4,High,2,High,2,3.25463,722.308,6.58383,0.0653869,0.192466
776,RL,120,BSDF Heavy,0,Low,0,Low,0,High,2,High,2,3.24231,716.985,6.57645,0.0658995,0.192389
777,RL,124,BSDF Heavy,0,Low,0,High,4,High,2,High,2,3.25186,720.711,6.58162,0.0660255,0.192389
778,RL,124,BSDF Heavy,0,Low,0,High,4,High,2,High,2,3.2752,725.161,6.58777,0.0663275,0.192389
779,RL,124,BSDF Heavy,0,Low,0,High,4,High,2,High,2,3.25626,720.772,6.58171,0.0658588,0.192389
780,RL,121,BSDF Heavy,0,Low,0,Low-Medium,1,High,2,High,2,3.24783,719.382,6.57978,0.0656205,0.192389
781,RL,121,BSDF Heavy,0,Low,0,Low-Medium,1,High,2,High,2,3.24567,719.242,6.57959,0.065941,0.192389
782,RL,105,BSDF Heavy,0,Low,0,Low,0,High,2,High,2,3.23803,716.368,6.57559,0.066097,0.192389
783,RL,105,BSDF Heavy,0,Low,0,Low,0,High,2,High,2,3.21333,711.117,6.56824,0.0658949,0.192389
784,RL,120,BSDF Heavy,0,Low,0,Low,0,High,2,High,2,3.24278,717.976,6.57783,0.0659517,0.192312
785,RL,105,BSDF Heavy,0,Low,0,Low,0,High,2,High,2,3.23782,716.79,6.57618,0.065878,0.192312
786,RL,120,BSDF Heavy,0,Low,0,Low,0,High,2,High,2,3.24128,717.516,6.57719,0.0657081,0.192312
787,RL,120,BSDF Heavy,0,Low,0,Low,0,High,2,High,2,3.24717,718.255,6.57822,0.0658257,0.192312
788,RL,124,BSDF Heavy,0,Low,0,High,4,High,2,High,2,3.26045,722.264,6.58377,0.0661508,0.192312
789,RL,123,BSDF Heavy,0,Low,0,Medium-High,3,High,2,High,2,3.2505,720.027,6.58068,0.0658541,0.192312
790,RL,124,BSDF Heavy,0,Low,0,High,4,High,2,High,2,3.26813,723.985,6.58615,0.0658611,0.192312
791,RL,123,BSDF Heavy,0,Low,0,Medium-High,3,High,2,High,2,3.25695,720.211,6.58093,0.0660732,0.192312
792,RL,124,BSDF Heavy,0,High,4,High,4,High,2,High,2,3.26115,722.342,6.58388,0.0659456,0.192235
793,RL,120,BSDF Heavy,0,High,4,Low,0,High,2,High,2,3.24246,717.775,6.57755,0.0656651,0.192235
794,RL,124,BSDF Heavy,0,High,4,High,4,High,2,High,2,3.27083,724.306,6.58659,0.0660539,0.192235
795,RL,124,BSDF Heavy,0,High,4,High,4,High,2,High,2,3.2551,720.437,6.58125,0.0658249,0.192235
796,RL,124,BSDF Heavy,0,High,4,High,4,High,2,High,2,3.25677,720.729,6.58165,0.0663344,0.192235
797,RL,120,BSDF Heavy,0,High,4,Low,0,High,2,High,2,3.24221,717.043,6.57653,0.0659318,0.192235
798,RL,105,BSDF Heavy,0,High,4,Low,0,High,2,High,2,3.23168,715.389,6.57422,0.0660232,0.192235
799,RL,105,BSDF Heavy,0,High,4,Low,0,High,2,High,2,3.23986,717.248,6.57682,0.0655852,0.192235
800,RL,105,BSDF Heavy,0,Low,0,Low,0,Medium,1,High,2,3.23021,715.973,6.57504,0.0655229,0.192158
801,RL,124,BSDF Heavy,0,Low,0,High,4,Medium,1,High,2,3.27149,724.633,6.58704,0.0656943,0.192158
802,RL,120,BSDF Heavy,0,Low,0,Low,0,Medium,1,High,2,3.24362,718.955,6.57919,0.0658711,0.192158
803,RL,124,BSDF Heavy,0,Low,0,High,4,Medium,1,High,2,3.27448,725.832,6.5887,0.0658126,0.192158
804,RL,120,BSDF Heavy,0,Low,0,Low,0,Medium,1,High,2,3.24583,718.774,6.57894,0.0656259,0.192158
805,RL,120,BSDF Heavy,0,Low,0,Low,0,Medium,1,High,2,3.24238,718.071,6.57796,0.0658111,0.192158
806,RL,105,BSDF Heavy,0,Low,0,Low,0,Medium,1,High,2,3.22652,714.066,6.57238,0.0660186,0.192158
807,RL,124,BSDF Heavy,0,Low,0,High,4,Medium,1,High,2,3.26937,724.326,6.58662,0.0659156,0.192158
808,RL,120,BSDF Heavy,0,Low,0,Low,0,High,2,High,2,3.24675,718.913,6.57913,0.0658688,0.192081
809,RL,105,BSDF Heavy,0,Low,0,Low,0,High,2,High,2,3.22618,713.739,6.57192,0.066024,0.192081
810,RL,124,BSDF Heavy,0,Low,0,High,4,High,2,High,2,3.27246,725.023,6.58758,0.0656905,0.192081
811,RL,121,BSDF Heavy,0,Low,0,Low-Medium,1,High,2,High,2,3.24842,719.354,6.57974,0.0659418,0.192081
812,RL,124,BSDF Heavy,0,Low,0,High,4,High,2,High,2,3.25079,720.454,6.58127,0.0658787,0.192081
813,RL,124,BSDF Heavy,0,Low,0,High,4,High,2,High,2,3.2685,723.766,6.58585,0.0661477,0.192081
814,RL,124,BSDF Heavy,0,Low,0,High,4,High,2,High,2,3.27081,725.328,6.588,0.0658219,0.192081
815,RL,120,BSDF Heavy,0,Low,0,Low,0,High,2,High,2,3.24524,718.2,6.57814,0.0656451,0.192081
816,RL,124,BSDF Heavy,0,High,4,High,4,High,2,High,2,3.26015,721.244,6.58236,0.0659218,0.192004
817,RL,120,BSDF Heavy,0,High,4,Low,0,High,2,High,2,3.24549,718.018,6.57789,0.065546,0.192004
818,RL,124,BSDF Heavy,0,High,4,High,4,High,2,High,2,3.25709,720.861,6.58183,0.0660647,0.192004
819,RL,121,BSDF Heavy,0,High,4,Low-Medium,1,High,2,High,2,3.24423,719.36,6.57975,0.0657419,0.192004
820,RL,105,BSDF Heavy,0,High,4,Low,0,High,2,High,2,3.23999,716.896,6.57632,0.0659464,0.192004
821,RL,120,BSDF Heavy,0,High,4,Low,0,High,2,High,2,3.24838,718.633,6.57874,0.065815,0.192004
822,RL,124,BSDF Heavy,0,High,4,High,4,High,2,High,2,3.25096,720.468,6.58129,0.0658419,0.192004
823,RL,124,BSDF Heavy,0,High,4,High,4,High,2,High,2,3.26446,722.076,6.58351,0.0656259,0.192004
824,RL,124,BSDF Heavy,0,High,4,High,4,High,2,High,2,3.25325,720.313,6.58107,0.0657881,0.191927
825,RL,120,BSDF Heavy,0,High,4,Low,0,High,2,High,2,3.24141,716.434,6.57568,0.0656098,0.191927
826,RL,121,BSDF Heavy,0,High,4,Low-Medium,1,High,2,High,2,3.24803,719.031,6.57929,0.0658749,0.191927
827,RL,105,BSDF Heavy,0,High,4,Low,0,High,2,High,2,3.20971,709.811,6.56641,0.0657127,0.191927
828,RL,105,BSDF Heavy,0,High,4,Low,0,High,2,High,2,3.22892,714.469,6.57294,0.0658718,0.191927
829,RL,105,BSDF Heavy,0,High,4,Low,0,High,2,High,2,3.21742,711.494,6.56877,0.0657266,0.191927
830,RL,105,BSDF Heavy,0,High,4,Low,0,High,2,High,2,3.22083,713.306,6.57131,0.0657396,0.191927
831,RL,124,BSDF Heavy,0,High,4,High,4,High,2,High,2,3.25437,720.649,6.58154,0.0658841,0.191927
832,RL,124,BSDF Heavy,0,High,4,High,4,High,2,High,2,3.25791,720.859,6.58183,0.066044,0.191851
833,RL,124,BSDF Heavy,0,High,4,High,4,High,2,High,2,3.27554,725.773,6.58861,0.0659986,0.191851
834,RL,124,BSDF Heavy,0,High,4,High,4,High,2,High,2,3.26102,722.124,6.58358,0.0659525,0.191851
835,RL,121,BSDF Heavy,0,High,4,Low-Medium,1,High,2,High,2,3.25077,719.207,6.57954,0.0658103,0.191851
836,RL,120,BSDF Heavy,0,High,4,Low,0,High,2,High,2,3.2477,718.813,6.57899,0.0657366,0.191851
837,RL,105,BSDF Heavy,0,High,4,Low,0,High,2,High,2,3.23185,716.182,6.57533,0.0653608,0.191851
838,RL,124,BSDF Heavy,0,High,4,High,4,High,2,High,2,3.26926,723.307,6.58521,0.0660762,0.191851
839,RL,121,BSDF Heavy,0,High,4,Low-Medium,1,High,2,High,2,3.24669,719.279,6.57964,0.065725,0.191851
840,RL,124,BSDF Heavy,0,High,4,High,4,High,2,High,2,3.26419,721.724,6.58303,0.066339,0.191774
841,RL,124,BSDF Heavy,0,High,4,High,4,High,2,High,2,3.28176,727.153,6.59051,0.0658004,0.191774
842,RL,124,BSDF Heavy,0,High,4,High,4,High,2,High,2,3.26159,722.314,6.58384,0.0657973,0.191774
843,RL,120,BSDF Heavy,0,High,4,Low,0,High,2,High,2,3.24038,717.804,6.57759,0.0653977,0.191774
844,RL,124,BSDF Heavy,0,High,4,High,4,High,2,High,2,3.27903,726.46,6.58956,0.0660324,0.191774
845,RL,124,BSDF Heavy,0,High,4,High,4,High,2,High,2,3.25949,721.789,6.58312,0.065931,0.191774
846,RL,124,BSDF Heavy,0,High,4,High,4,High,2,High,2,3.25354,720.341,6.58111,0.0659779,0.191774
847,RL,123,BSDF Heavy,0,High,4,Medium-High,3,High,2,High,2,3.24833,720.144,6.58084,0.0655306,0.191774
848,RL,124,BSDF Heavy,0,High,4,High,4,High,2,High,2,3.25243,720.336,6.58111,0.0656774,0.191697
849,RL,124,BSDF Heavy,0,High,4,High,4,High,2,High,2,3.26055,721.802,6.58313,0.0657865,0.191697
850,RL,120,BSDF Heavy,0,High,4,Low,0,High,2,High,2,3.24524,718.825,6.57901,0.0659341,0.191697
851,RL,124,BSDF Heavy,0,High,4,High,4,High,2,High,2,3.25642,720.39,6.58118,0.0659748,0.191697
852,RL,124,BSDF Heavy,0,High,4,High,4,High,2,High,2,3.25803,721.472,6.58268,0.0656774,0.191697
853,RL,105,BSDF Heavy,0,High,4,Low,0,High,2,High,2,3.232,715.899,6.57493,0.0655414,0.191697
854,RL,124,BSDF Heavy,0,High,4,High,4,High,2,High,2,3.27121,724.801,6.58728,0.0658926,0.191697
855,RL,120,BSDF Heavy,0,High,4,Low,0,High,2,High,2,3.24091,717.326,6.57692,0.0658511,0.191697
856,RL,123,BSDF Heavy,0,Medium-High,3,Medium-High,3,High,2,High,2,3.24975,720.044,6.5807,0.0657834,0.191621
857,RL,124,BSDF Heavy,0,Medium-High,3,High,4,High,2,High,2,3.26861,723.201,6.58507,0.066037,0.191621
858,RL,105,BSDF Heavy,0,Medium-High,3,Low,0,High,2,High,2,3.23895,716.147,6.57528,0.0660086,0.191621
859,RL,122,BSDF Heavy,0,Medium-High,3,Medium,2,High,2,High,2,3.25233,719.816,6.58038,0.066107,0.191621
860,RL,124,BSDF Heavy,0,Medium-High,3,High,4,High,2,High,2,3.27589,726.028,6.58896,0.0657581,0.191621
861,RL,120,BSDF Heavy,0,Medium-High,3,Low,0,High,2,High,2,3.2447,718.631,6.57874,0.0658349,0.191621
862,RL,120,BSDF Heavy,0,Medium-High,3,Low,0,High,2,High,2,3.24262,718.208,6.57815,0.0656497,0.191621
863,RL,105,BSDF Heavy,0,Medium-High,3,Low,0,High,2,High,2,3.23417,716.407,6.57564,0.0656413,0.191621
864,RL,105,BSDF Heavy,0,Low,0,Low,0,Medium,1,High,2,3.22288,712.762,6.57055,0.0656444,0.191544
865,RL,121,BSDF Heavy,0,Low,0,Low-Medium,1,Medium,1,High,2,3.24991,719.124,6.57942,0.0657589,0.191544
866,RL,120,BSDF Heavy,0,Low,0,Low,0,Medium,1,High,2,3.24077,717.156,6.57669,0.0662361,0.191544
867,RL,120,BSDF Heavy,0,Low,0,Low,0,Medium,1,High,2,3.24358,717.923,6.57775,0.0661369,0.191544
868,RL,122,BSDF Heavy,0,Low,0,Medium,2,Medium,1,High,2,3.25471,719.75,6.58029,0.0657758,0.191544
869,RL,123,BSDF Heavy,0,Low,0,Medium-High,3,Medium,1,High,2,3.25218,720.036,6.58069,0.065725,0.191544
870,RL,121,BSDF Heavy,0,Low,0,Low-Medium,1,Medium,1,High,2,3.25264,719.309,6.57968,0.0660847,0.191544
871,RL,105,BSDF Heavy,0,Low,0,Low,0,Medium,1,High,2,3.2274,714.308,6.57271,0.065496,0.191544
872,RL,124,BSDF Heavy,0,High,4,High,4,High,2,High,2,3.27532,725.463,6.58819,0.065911,0.191467
873,RL,120,BSDF Heavy,0,High,4,Low,0,High,2,High,2,3.24401,717.53,6.57721,0.0661892,0.191467
874,RL,124,BSDF Heavy,0,High,4,High,4,High,2,High,2,3.25636,721.252,6.58237,0.0656782,0.191467
875,RL,120,BSDF Heavy,0,High,4,Low,0,High,2,High,2,3.24058,717.634,6.57735,0.0660086,0.191467
876,RL,124,BSDF Heavy,0,High,4,High,4,High,2,High,2,3.26915,723.231,6.58511,0.0660178,0.191467
877,RL,123,BSDF Heavy,0,High,4,Medium-High,3,High,2,High,2,3.25413,720.205,6.58092,0.0657673,0.191467
878,RL,124,BSDF Heavy,0,High,4,High,4,High,2,High,2,3.26627,723.979,6.58614,0.0656835,0.191467
879,RL,120,BSDF Heavy,0,High,4,Low,0,High,2,High,2,3.24081,717.012,6.57649,0.0660755,0.191467
880,RL,124,BSDF Heavy,0,High,4,High,4,High,2,High,2,3.27219,726.146,6.58913,0.0656697,0.191391
881,RL,124,BSDF Heavy,0,High,4,High,4,High,2,High,2,3.25557,721.447,6.58264,0.0657973,0.191391
882,RL,121,BSDF Heavy,0,High,4,Low-Medium,1,High,2,High,2,3.24759,719.217,6.57955,0.0659295,0.191391
883,RL,123,BSDF Heavy,0,High,4,Medium-High,3,High,2,High,2,3.25123,720.106,6.58079,0.0658426,0.191391
884,RL,124,BSDF Heavy,0,High,4,High,4,High,2,High,2,3.28039,725.907,6.5888,0.065868,0.191391
885,RL,124,BSDF Heavy,0,High,4,High,4,High,2,High,2,3.26274,722.274,6.58379,0.0660947,0.191391
886,RL,124,BSDF Heavy,0,High,4,High,4,High,2,High,2,3.25821,720.756,6.58169,0.0658488,0.191391
887,RL,105,BSDF Heavy,0,High,4,Low,0,High,2,High,2,3.23169,715.034,6.57373,0.065496,0.191391
888,RL,122,BSDF Heavy,0,Medium,2,Medium,2,High,2,High,2,3.24937,719.796,6.58036,0.0656082,0.191314
889,RL,124,BSDF Heavy,0,Medium,2,High,4,High,2,High,2,3.26303,722.266,6.58378,0.0661538,0.191314
890,RL,124,BSDF Heavy,0,Medium,2,High,4,High,2,High,2,3.25446,720.965,6.58198,0.0658857,0.191314
891,RL,124,BSDF Heavy,0,Medium,2,High,4,High,2,High,2,3.26526,723.694,6.58575,0.0657297,0.191314
892,RL,121,BSDF Heavy,0,Medium,2,Low-Medium,1,High,2,High,2,3.24967,719.215,6.57955,0.0657419,0.191314
893,RL,123,BSDF Heavy,0,Medium,2,Medium-High,3,High,2,High,2,3.24902,720.036,6.58069,0.0653915,0.191314
894,RL,124,BSDF Heavy,0,Medium,2,High,4,High,2,High,2,3.28899,729.303,6.59346,0.0659187,0.191314
895,RL,124,BSDF Heavy,0,Medium,2,High,4,High,2,High,2,3.276,726.64,6.58981,0.065921,0.191314
896,RL,124,BSDF Heavy,0,High,4,High,4,High,2,High,2,3.27205,724.313,6.5866,0.0662007,0.191238
897,RL,124,BSDF Heavy,0,High,4,High,4,High,2,High,2,3.25862,722.114,6.58357,0.0657911,0.191238
898,RL,120,BSDF Heavy,0,High,4,Low,0,High,2,High,2,3.24676,718.664,6.57878,0.0661001,0.191238
899,RL,123,BSDF Heavy,0,High,4,Medium-High,3,High,2,High,2,3.25272,720.102,6.58078,0.0657504,0.191238
900,RL,123,BSDF Heavy,0,High,4,Medium-High,3,High,2,High,2,3.24774,720.118,6.5808,0.0655644,0.191238
901,RL,105,BSDF Heavy,0,High,4,Low,0,High,2,High,2,3.22721,714.143,6.57248,0.0657758,0.191238
902,RL,105,BSDF Heavy,0,High,4,Low,0,High,2,High,2,3.22959,715.241,6.57402,0.0656482,0.191238
903,RL,121,BSDF Heavy,0,High,4,Low-Medium,1,High,2,High,2,3.24018,719.075,6.57935,0.0657888,0.191238
904,RL,121,BSDF Heavy,0,Low-Medium,1,Low-Medium,1,High,2,High,2,3.24973,719.347,6.57973,0.0660885,0.191161
905,RL,105,BSDF Heavy,0,Low-Medium,1,Low,0,High,2,High,2,3.23818,717.229,6.57679,0.0655844,0.191161
906,RL,124,BSDF Heavy,0,Low-Medium,1,High,4,High,2,High,2,3.26164,721.872,6.58323,0.0656128,0.191161
907,RL,122,BSDF Heavy,0,Low-Medium,1,Medium,2,High,2,High,2,3.247,719.522,6.57998,0.0659671,0.191161
908,RL,123,BSDF Heavy,0,Low-Medium,1,Medium-High,3,High,2,High,2,3.24707,719.887,6.58048,0.065506,0.191161
909,RL,121,BSDF Heavy,0,Low-Medium,1,Low-Medium,1,High,2,High,2,3.24948,719.265,6.57962,0.0659879,0.191161
910,RL,124,BSDF Heavy,0,Low-Medium,1,High,4,High,2,High,2,3.25802,720.6,6.58147,0.0661354,0.191161
911,RL,120,BSDF Heavy,0,Low-Medium,1,Low,0,High,2,High,2,3.24029,717.54,6.57722,0.0655452,0.191161
912,RL,124,BSDF Heavy,0,High,4,High,4,High,2,High,2,3.25865,722.212,6.5837,0.0658903,0.191085
913,RL,124,BSDF Heavy,0,High,4,High,4,High,2,High,2,3.26639,723.292,6.5852,0.0661223,0.191085
914,RL,124,BSDF Heavy,0,High,4,High,4,High,2,High,2,3.26827,724.546,6.58692,0.0656951,0.191085
915,RL,124,BSDF Heavy,0,High,4,High,4,High,2,High,2,3.25512,720.642,6.58153,0.065848,0.191085
916,RL,121,BSDF Heavy,0,High,4,Low-Medium,1,High,2,High,2,3.25262,719.063,6.57934,0.0659617,0.191085
917,RL,120,BSDF Heavy,0,High,4,Low,0,High,2,High,2,3.24614,718.281,6.57825,0.0656551,0.191085
918,RL,124,BSDF Heavy,0,High,4,High,4,High,2,High,2,3.26086,722.205,6.58369,0.0657312,0.191085
919,RL,121,BSDF Heavy,0,High,4,Low-Medium,1,High,2,High,2,3.24694,719.354,6.57974,0.0659264,0.191085
920,RL,122,BSDF Heavy,0,Medium,2,Medium,2,High,2,High,2,3.24553,719.717,6.58025,0.0656152,0.191008
921,RL,105,BSDF Heavy,0,Medium,2,Low,0,High,2,High,2,3.23127,714.078,6.57239,0.0657688,0.191008
922,RL,105,BSDF Heavy,0,Medium,2,Low,0,High,2,High,2,3.23595,716.829,6.57623,0.0658257,0.191008
923,RL,105,BSDF Heavy,0,Medium,2,Low,0,High,2,High,2,3.23581,716.725,6.57609,0.0655529,0.191008
924,RL,124,BSDF Heavy,0,Medium,2,High,4,High,2,High,2,3.26258,722.054,6.58348,0.0659133,0.191008
925,RL,124,BSDF Heavy,0,Medium,2,High,4,High,2,High,2,3.25449,720.628,6.58151,0.0661123,0.191008
926,RL,105,BSDF Heavy,0,Medium,2,Low,0,High,2,High,2,3.22883,715.288,6.57408,0.0655099,0.191008
927,RL,105,BSDF Heavy,0,Medium,2,Low,0,High,2,High,2,3.23614,716.377,6.5756,0.0660424,0.191008
928,RL,123,BSDF Heavy,0,Medium-High,3,Medium-High,3,High,2,High,2,3.24925,719.836,6.58041,0.0658718,0.190932
929,RL,124,BSDF Heavy,0,Medium-High,3,High,4,High,2,High,2,3.26411,722.354,6.5839,0.0658572,0.190932
930,RL,123,BSDF Heavy,0,Medium-High,3,Medium-High,3,High,2,High,2,3.25207,720.014,6.58066,0.0660678,0.190932
931,RL,124,BSDF Heavy,0,Medium-High,3,High,4,High,2,High,2,3.26239,723.075,6.58489,0.0660747,0.190932
932,RL,105,BSDF Heavy,0,Medium-High,3,Low,0,High,2,High,2,3.21297,710.819,6.56782,0.0657343,0.190932
933,RL,124,BSDF Heavy,0,Medium-High,3,High,4,High,2,High,2,3.27645,725.398,6.5881,0.065765,0.190932
934,RL,124,BSDF Heavy,0,Medium-High,3,High,4,High,2,High,2,3.25404,721.451,6.58265,0.0657688,0.190932
935,RL,105,BSDF Heavy,0,Medium-High,3,Low,0,High,2,High,2,3.23541,716.798,6.57619,0.0658326,0.190932
936,RL,124,BSDF Heavy,0,High,4,High,4,High,2,High,2,3.27219,724.476,6.58683,0.0660647,0.190856
937,RL,124,BSDF Heavy,0,High,4,High,4,High,2,High,2,3.2701,723.87,6.58599,0.0661615,0.190856
938,RL,124,BSDF Heavy,0,High,4,High,4,High,2,High,2,3.26327,722.745,6.58444,0.0660247,0.190856
939,RL,124,BSDF Heavy,0,High,4,High,4,High,2,High,2,3.25804,720.954,6.58196,0.0657366,0.190856
940,RL,105,BSDF Heavy,0,High,4,Low,0,High,2,High,2,3.23943,716.871,6.57629,0.0658334,0.190856
941,RL,120,BSDF Heavy,0,High,4,Low,0,High,2,High,2,3.24319,717.087,6.57659,0.0658887,0.190856
942,RL,124,BSDF Heavy,0,High,4,High,4,High,2,High,2,3.25357,720.694,6.5816,0.0658234,0.190856
943,RL,124,BSDF Heavy,0,High,4,High,4,High,2,High,2,3.25294,720.305,6.58106,0.0659318,0.190856
944,RL,105,BSDF Heavy,0,Low,0,Low,0,Medium,1,High,2,3.23906,717.175,6.57671,0.0659302,0.190779
945,RL,124,BSDF Heavy,0,Low,0,High,4,Medium,1,High,2,3.25556,721.463,6.58267,0.0659771,0.190779
946,RL,120,BSDF Heavy,0,Low,0,Low,0,Medium,1,High,2,3.24131,718.271,6.57824,0.0658964,0.190779
947,RL,120,BSDF Heavy,0,Low,0,Low,0,Medium,1,High,2,3.24658,718.26,6.57822,0.0662192,0.190779
948,RL,124,BSDF Heavy,0,Low,0,High,4,Medium,1,High,2,3.27714,725.975,6.58889,0.065901,0.190779
949,RL,124,BSDF Heavy,0,Low,0,High,4,Medium,1,High,2,3.26768,723.664,6.58571,0.0658818,0.190779
950,RL,105,BSDF Heavy,0,Low,0,Low,0,Medium,1,High,2,3.23217,715.91,6.57495,0.0658488,0.190779
951,RL,120,BSDF Heavy,0,Low,0,Low,0,Medium,1,High,2,3.24647,717.734,6.57749,0.0660662,0.190779
952,RL,124,BSDF Heavy,0,High,4,High,4,High,2,High,2,3.26632,724.461,6.58681,0.0658449,0.190703
953,RL,124,BSDF Heavy,0,High,4,High,4,High,2,High,2,3.26404,722.105,6.58355,0.0660839,0.190703
954,RL,124,BSDF Heavy,0,High,4,High,4,High,2,High,2,3.27807,725.88,6.58876,0.0658534,0.190703
955,RL,105,BSDF Heavy,0,High,4,Low,0,High,2,High,2,3.23779,716.665,6.576,0.0660901,0.190703
956,RL,124,BSDF Heavy,0,High,4,High,4,High,2,High,2,3.25701,721.014,6.58204,0.0660355,0.190703
957,RL,123,BSDF Heavy,0,High,4,Medium-High,3,High,2,High,2,3.25637,720.246,6.58098,0.0659663,0.190703
958,RL,124,BSDF Heavy,0,High,4,High,4,High,2,High,2,3.26071,722.673,6.58434,0.0657719,0.190703
959,RL,124,BSDF Heavy,0,High,4,High,4,High,2,High,2,3.25328,720.542,6.58139,0.0655498,0.190703
960,RL,105,BSDF Heavy,0,Low,0,Low,0,Medium,1,High,2,3.23828,717.729,6.57748,0.0657688,0.190627
961,RL,124,BSDF Heavy,0,Low,0,High,4,Medium,1,High,2,3.27276,724.121,6.58634,0.0661677,0.190627
962,RL,123,BSDF Heavy,0,Low,0,Medium-High,3,Medium,1,High,2,3.24858,719.991,6.58063,0.0657381,0.190627
963,RL,122,BSDF Heavy,0,Low,0,Medium,2,Medium,1,High,2,3.25472,719.595,6.58008,0.0662706,0.190627
964,RL,121,BSDF Heavy,0,Low,0,Low-Medium,1,Medium,1,High,2,3.24894,719.19,6.57952,0.0660194,0.190627
965,RL,124,BSDF Heavy,0,Low,0,High,4,Medium,1,High,2,3.27744,725.957,6.58887,0.0660855,0.190627
966,RL,123,BSDF Heavy,0,Low,0,Medium-High,3,Medium,1,High,2,3.25039,719.881,6.58047,0.0659594,0.190627
967,RL,124,BSDF Heavy,0,Low,0,High,4,Medium,1,High,2,3.25384,720.783,6.58172,0.0655929,0.190627
968,RL,121,BSDF Heavy,0,Low-Medium,1,Low-Medium,1,High,2,High,2,3.24349,719.028,6.57929,0.0654945,0.190551
969,RL,105,BSDF Heavy,0,Low-Medium,1,Low,0,High,2,High,2,3.22478,713.445,6.57151,0.065805,0.190551
970,RL,121,BSDF Heavy,0,Low-Medium,1,Low-Medium,1,High,2,High,2,3.24314,719.213,6.57955,0.065599,0.190551
971,RL,105,BSDF Heavy,0,Low-Medium,1,Low,0,High,2,High,2,3.2365,716.226,6.57539,0.0654353,0.190551
972,RL,120,BSDF Heavy,0,Low-Medium,1,Low,0,High,2,High,2,3.24895,718.229,6.57818,0.0659241,0.190551
973,RL,124,BSDF Heavy,0,Low-Medium,1,High,4,High,2,High,2,3.26138,722.565,6.58419,0.0661708,0.190551
974,RL,124,BSDF Heavy,0,Low-Medium,1,High,4,High,2,High,2,3.25796,722.286,6.58381,0.0658311,0.190551
975,RL,124,BSDF Heavy,0,Low-Medium,1,High,4,High,2,High,2,3.26959,723.516,6.5855,0.0662161,0.190551
976,RL,120,BSDF Heavy,0,Low,0,Low,0,High,2,High,2,3.24022,717.513,6.57718,0.066024,0.190474
977,RL,105,BSDF Heavy,0,Low,0,Low,0,High,2,High,2,3.23017,715.727,6.57469,0.065848,0.190474
978,RL,120,BSDF Heavy,0,Low,0,Low,0,High,2,High,2,3.24076,717.342,6.57695,0.0657005,0.190474
979,RL,124,BSDF Heavy,0,Low,0,High,4,High,2,High,2,3.26582,722.613,6.58426,0.065964,0.190474
980,RL,124,BSDF Heavy,0,Low,0,High,4,High,2,High,2,3.28417,727.152,6.59051,0.0662422,0.190474
981,RL,105,BSDF Heavy,0,Low,0,Low,0,High,2,High,2,3.23335,715.711,6.57467,0.0658534,0.190474
982,RL,124,BSDF Heavy,0,Low,0,High,4,High,2,High,2,3.26937,724.346,6.58665,0.065805,0.190474
983,RL,124,BSDF Heavy,0,Low,0,High,4,High,2,High,2,3.26301,723.424,6.58538,0.0657135,0.190474
984,RL,120,BSDF Heavy,0,Low,0,Low,0,High,2,High,2,3.24701,718.785,6.57895,0.065805,0.190398
985,RL,124,BSDF Heavy,0,Low,0,High,4,High,2,High,2,3.27366,724.945,6.58747,0.065901,0.190398
986,RL,105,BSDF Heavy,0,Low,0,Low,0,High,2,High,2,3.20757,709.285,6.56567,0.0658534,0.190398
987,RL,124,BSDF Heavy,0,Low,0,High,4,High,2,High,2,3.26098,721.454,6.58265,0.0659287,0.190398
988,RL,124,BSDF Heavy,0,Low,0,High,4,High,2,High,2,3.26668,723.383,6.58532,0.065785,0.190398
989,RL,105,BSDF Heavy,0,Low,0,Low,0,High,2,High,2,3.23855,716.737,6.5761,0.0657089,0.190398
990,RL,124,BSDF Heavy,0,Low,0,High,4,High,2,High,2,3.2672,723.472,6.58544,0.0659671,0.190398
991,RL,105,BSDF Heavy,0,Low,0,Low,0,High,2,High,2,3.23883,717.204,6.57675,0.0659663,0.190398
992,RL,124,BSDF Heavy,0,High,4,High,4,High,2,High,2,3.25824,721.298,6.58244,0.0655952,0.190322
993,RL,121,BSDF Heavy,0,High,4,Low-Medium,1,High,2,High,2,3.24738,719.08,6.57936,0.0656175,0.190322
994,RL,121,BSDF Heavy,0,High,4,Low-Medium,1,High,2,High,2,3.24719,718.967,6.57921,0.0657781,0.190322
995,RL,124,BSDF Heavy,0,High,4,High,4,High,2,High,2,3.25917,722.312,6.58384,0.0658019,0.190322
996,RL,124,BSDF Heavy,0,High,4,High,4,High,2,High,2,3.27541,725.813,6.58867,0.0657366,0.190322
997,RL,105,BSDF Heavy,0,High,4,Low,0,High,2,High,2,3.23938,717.392,6.57701,0.0659955,0.190322
998,RL,105,BSDF Heavy,0,High,4,Low,0,High,2,High,2,3.23067,714.89,6.57353,0.0658465,0.190322
999,RL,124,BSDF Heavy,0,High,4,High,4,High,2,High,2,3.26844,723.217,6.58509,0.0662153,0.190322
1000,RL,105,BSDF Heavy,0,Low,0,Low,0,Medium,1,High,2,3.23746,716.908,6.57634,0.0657504,0.190246
1001,RL,120,BSDF Heavy,0,Low,0,Low,0,Medium,1,High,2,3.24383,718.279,6.57825,0.0659809,0.190246
1002,RL,120,BSDF Heavy,0,Low,0,Low,0,Medium,1,High,2,3.24347,718.814,6.57899,0.0656851,0.190246
1003,RL,122,BSDF Heavy,0,Low,0,Medium,2,Medium,1,High,2,3.25018,719.802,6.58037,0.0659356,0.190246
1004,RL,105,BSDF Heavy,0,Low,0,Low,0,Medium,1,High,2,3.23661,717.233,6.57679,0.0656843,0.190246
1005,RL,120,BSDF Heavy,0,Low,0,Low,0,Medium,1,High,2,3.24547,718.367,6.57837,0.0657458,0.190246
1006,RL,124,BSDF Heavy,0,Low,0,High,4,Medium,1,High,2,3.25312,720.584,6.58145,0.0660893,0.190246
1007,RL,124,BSDF Heavy,0,Low,0,High,4,Medium,1,High,2,3.25605,720.729,6.58165,0.0657458,0.190246
1008,RL,123,Light Heavy,0,Medium-High,3,Medium-High,3,High,2,High,2,3.25262,720.087,6.58076,0.0661354,0.19017
1009,RL,34,Light Heavy,0,Medium-High,3,High,4,High,2,High,2,3.26275,723.813,6.58591,0.0580343,0.19017
1010,RL,34,Light Heavy,0,Medium-High,3,High,4,High,2,High,2,3.27109,726.26,6.58928,0.0578391,0.19017
1011,RL,15,Light Heavy,0,Medium-High,3,Low,0,High,2,High,2,3.23849,718.418,6.57844,0.0578168,0.19017
1012,RL,31,Light Heavy,0,Medium-High,3,Low-Medium,1,High,2,High,2,3.24284,719.232,6.57957,0.0576954,0.19017
1013,RL,15,Light Heavy,0,Medium-High,3,Low,0,High,2,High,2,3.22804,716.955,6.57641,0.0576731,0.19017
1014,RL,34,Light Heavy,0,Medium-High,3,High,4,High,2,High,2,3.26351,724.737,6.58719,0.0580135,0.19017
1015,RL,34,Light Heavy,0,Medium-High,3,High,4,High,2,High,2,3.25191,722.175,6.58365,0.057879,0.19017
1016,RL,15,BSDF Heavy,0,Low,0,Low,0,Medium,1,Low,0,3.21881,714.175,6.57253,0.0575548,0.190094
1017,RL,124,BSDF Heavy,0,Low,0,High,4,Medium,1,Low,0,3.28369,727.821,6.59143,0.0659833,0.190094
1018,RL,124,BSDF Heavy,0,Low,0,High,4,Medium,1,Low,0,3.27233,724.465,6.58681,0.0659418,0.190094
1019,RL,124,BSDF Heavy,0,Low,0,High,4,Medium,1,Low,0,3.26027,723.036,6.58484,0.065576,0.190094
1020,RL,120,BSDF Heavy,0,Low,0,Low,0,Medium,1,Low,0,3.25293,718.645,6.57876,0.0661123,0.190094
1021,RL,120,BSDF Heavy,0,Low,0,Low,0,Medium,1,Low,0,3.24186,717.871,6.57768,0.0658772,0.190094
1022,RL,120,BSDF Heavy,0,Low,0,Low,0,Medium,1,Low,0,3.24052,718.607,6.5787,0.0657481,0.190094
1023,RL,124,BSDF Heavy,0,Low,0,High,4,Medium,1,Low,0,3.27022,724.124,6.58634,0.0658296,0.190094
1024,RL,105,BSDF Heavy,0,Low,0,Low,0,Medium,1,High,2,3.23981,717.601,6.57731,0.065775,0.190018
1025,RL,124,BSDF Heavy,0,Low,0,High,4,Medium,1,High,2,3.27706,726.111,6.58908,0.0657158,0.190018
1026,RL,124,BSDF Heavy,0,Low,0,High,4,Medium,1,High,2,3.27024,724.769,6.58723,0.0657304,0.190018
1027,RL,122,BSDF Heavy,0,Low,0,Medium,2,Medium,1,High,2,3.2508,719.652,6.58016,0.0659018,0.190018
1028,RL,105,BSDF Heavy,0,Low,0,Low,0,Medium,1,High,2,3.23859,716.81,6.57621,0.0660094,0.190018
1029,RL,120,BSDF Heavy,0,Low,0,Low,0,Medium,1,High,2,3.2468,718.619,6.57872,0.0658426,0.190018
1030,RL,122,BSDF Heavy,0,Low,0,Medium,2,Medium,1,High,2,3.2506,719.721,6.58025,0.0655683,0.190018
1031,RL,124,BSDF Heavy,0,Low,0,High,4,Medium,1,High,2,3.27895,726.055,6.589,0.0658572,0.190018
1032,RL,124,BSDF Heavy,0,High,4,High,4,High,2,High,2,3.2552,720.9,6.58189,0.0661047,0.189942
1033,RL,124,BSDF Heavy,0,High,4,High,4,High,2,High,2,3.28371,726.386,6.58946,0.0662238,0.189942
1034,RL,124,BSDF Heavy,0,High,4,High,4,High,2,High,2,3.27254,725.281,6.58794,0.0659817,0.189942
1035,RL,121,BSDF Heavy,0,High,4,Low-Medium,1,High,2,High,2,3.24479,719.096,6.57938,0.0656736,0.189942
1036,RL,124,BSDF Heavy,0,High,4,High,4,High,2,High,2,3.25648,722.725,6.58441,0.0657927,0.189942
1037,RL,124,BSDF Heavy,0,High,4,High,4,High,2,High,2,3.28021,726.526,6.58965,0.0657619,0.189942
1038,RL,124,BSDF Heavy,0,High,4,High,4,High,2,High,2,3.26133,721.755,6.58307,0.0661661,0.189942
1039,RL,124,BSDF Heavy,0,High,4,High,4,High,2,High,2,3.26827,724.092,6.5863,0.0660547,0.189942
1040,RL,121,BSDF Heavy,0,Low-Medium,1,Low-Medium,1,High,2,High,2,3.24658,719.13,6.57943,0.0657811,0.189866
1041,RL,124,BSDF Heavy,0,Low-Medium,1,High,4,High,2,High,2,3.25768,721.48,6.58269,0.0657443,0.189866
1042,RL,124,BSDF Heavy,0,Low-Medium,1,High,4,High,2,High,2,3.25591,721.115,6.58218,0.0658787,0.189866
1043,RL,120,BSDF Heavy,0,Low-Medium,1,Low,0,High,2,High,2,3.24315,718.716,6.57886,0.0656928,0.189866
1044,RL,105,BSDF Heavy,0,Low-Medium,1,Low,0,High,2,High,2,3.23183,715.767,6.57475,0.0656613,0.189866
1045,RL,105,BSDF Heavy,0,Low-Medium,1,Low,0,High,2,High,2,3.2373,717.056,6.57655,0.0656128,0.189866
1046,RL,124,BSDF Heavy,0,Low-Medium,1,High,4,High,2,High,2,3.2636,723.217,6.58509,0.0662268,0.189866
1047,RL,120,BSDF Heavy,0,Low-Medium,1,Low,0,High,2,High,2,3.24726,718.365,6.57837,0.0659663,0.189866
1048,RL,121,BSDF Heavy,0,Low-Medium,1,Low-Medium,1,High,2,High,2,3.25051,719.229,6.57957,0.0661262,0.18979
1049,RL,124,BSDF Heavy,0,Low-Medium,1,High,4,High,2,High,2,3.25563,721.456,6.58266,0.0654338,0.18979
1050,RL,105,BSDF Heavy,0,Low-Medium,1,Low,0,High,2,High,2,3.23457,715.423,6.57427,0.0659026,0.18979
1051,RL,121,BSDF Heavy,0,Low-Medium,1,Low-Medium,1,High,2,High,2,3.25003,719.289,6.57965,0.065964,0.18979
1052,RL,122,BSDF Heavy,0,Low-Medium,1,Medium,2,High,2,High,2,3.24796,719.605,6.58009,0.0656951,0.18979
1053,RL,105,BSDF Heavy,0,Low-Medium,1,Low,0,High,2,High,2,3.23956,717.236,6.5768,0.0659487,0.18979
1054,RL,124,BSDF Heavy,0,Low-Medium,1,High,4,High,2,High,2,3.25664,721.217,6.58233,0.0655952,0.18979
1055,RL,121,BSDF Heavy,0,Low-Medium,1,Low-Medium,1,High,2,High,2,3.24813,719.192,6.57952,0.0656636,0.18979
1056,RL,124,BSDF Heavy,0,High,4,High,4,High,2,High,2,3.26853,723.476,6.58545,0.0662,0.189714
1057,RL,124,BSDF Heavy,0,High,4,High,4,High,2,High,2,3.25516,721.103,6.58217,0.0658165,0.189714
1058,RL,124,BSDF Heavy,0,High,4,High,4,High,2,High,2,3.26193,722.659,6.58432,0.0656835,0.189714
1059,RL,105,BSDF Heavy,0,High,4,Low,0,High,2,High,2,3.22684,713.643,6.57178,0.0658311,0.189714
1060,RL,120,BSDF Heavy,0,High,4,Low,0,High,2,High,2,3.24512,718.657,6.57877,0.0659087,0.189714
1061,RL,124,BSDF Heavy,0,High,4,High,4,High,2,High,2,3.27742,726.362,6.58942,0.0658042,0.189714
1062,RL,105,BSDF Heavy,0,High,4,Low,0,High,2,High,2,3.20578,708.245,6.5642,0.0653892,0.189714
1063,RL,120,BSDF Heavy,0,High,4,Low,0,High,2,High,2,3.2429,717.113,6.57663,0.0660178,0.189714
1064,RL,124,Balanced,0,High,4,High,4,High,2,High,2,3.25654,721.747,6.58306,0.0657635,0.189638
1065,RL,79,Balanced,0,High,4,High,4,High,2,High,2,3.26883,724.75,6.5872,0.0631899,0.189638
1066,RL,60,Balanced,0,High,4,Low,0,High,2,High,2,3.2178,712.979,6.57085,0.0623085,0.189638
1067,RL,79,Balanced,0,High,4,High,4,High,2,High,2,3.26844,724.839,6.58733,0.0629578,0.189638
1068,RL,60,Balanced,0,High,4,Low,0,High,2,High,2,3.23227,715.81,6.57481,0.0626112,0.189638
1069,RL,75,Balanced,0,High,4,Low,0,High,2,High,2,3.24161,718.366,6.57837,0.0625674,0.189638
1070,RL,79,Balanced,0,High,4,High,4,High,2,High,2,3.27666,727.605,6.59113,0.0623907,0.189638
1071,RL,76,Balanced,0,High,4,Low-Medium,1,High,2,High,2,3.24398,719.162,6.57948,0.0627926,0.189638
1072,RL,79,BSDF Heavy,0,High,4,High,4,High,2,Medium,1,3.26138,722.914,6.58467,0.062841,0.189562
1073,RL,120,BSDF Heavy,0,High,4,Low,0,High,2,Medium,1,3.24284,717.8,6.57758,0.0657781,0.189562
1074,RL,120,BSDF Heavy,0,High,4,Low,0,High,2,Medium,1,3.24891,718.474,6.57852,0.0659156,0.189562
1075,RL,124,BSDF Heavy,0,High,4,High,4,High,2,Medium,1,3.2636,722.973,6.58475,0.0658987,0.189562
1076,RL,124,BSDF Heavy,0,High,4,High,4,High,2,Medium,1,3.28125,725.609,6.58839,0.0658979,0.189562
1077,RL,124,BSDF Heavy,0,High,4,High,4,High,2,Medium,1,3.26326,723.489,6.58547,0.0656382,0.189562
1078,RL,124,BSDF Heavy,0,High,4,High,4,High,2,Medium,1,3.26772,724.13,6.58635,0.0659371,0.189562
1079,RL,124,BSDF Heavy,0,High,4,High,4,High,2,Medium,1,3.24935,720.404,6.5812,0.0658649,0.189562
1080,RL,122,BSDF Heavy,0,Medium,2,Medium,2,High,2,High,2,3.24594,719.397,6.5798,0.065599,0.189486
1081,RL,120,BSDF Heavy,0,Medium,2,Low,0,High,2,High,2,3.24689,718.02,6.57789,0.0658372,0.189486
1082,RL,105,BSDF Heavy,0,Medium,2,Low,0,High,2,High,2,3.23333,715.86,6.57488,0.0658219,0.189486
1083,RL,124,BSDF Heavy,0,Medium,2,High,4,High,2,High,2,3.27315,725.514,6.58826,0.0656382,0.189486
1084,RL,124,BSDF Heavy,0,Medium,2,High,4,High,2,High,2,3.25636,721.288,6.58242,0.0660639,0.189486
1085,RL,124,BSDF Heavy,0,Medium,2,High,4,High,2,High,2,3.2754,725.403,6.58811,0.0661746,0.189486
1086,RL,105,BSDF Heavy,0,Medium,2,Low,0,High,2,High,2,3.23524,716.464,6.57572,0.0660094,0.189486
1087,RL,123,BSDF Heavy,0,Medium,2,Medium-High,3,High,2,High,2,3.25425,719.946,6.58056,0.0657527,0.189486
1088,RL,124,BSDF Heavy,0,High,4,High,4,High,2,High,2,3.25968,721.477,6.58269,0.0658226,0.189411
1089,RL,124,BSDF Heavy,0,High,4,High,4,High,2,High,2,3.27307,725.621,6.5884,0.0659441,0.189411
1090,RL,124,BSDF Heavy,0,High,4,High,4,High,2,High,2,3.27968,726.005,6.58893,0.0661331,0.189411
1091,RL,124,BSDF Heavy,0,High,4,High,4,High,2,High,2,3.26639,723.777,6.58586,0.0658741,0.189411
1092,RL,124,BSDF Heavy,0,High,4,High,4,High,2,High,2,3.25995,721.222,6.58233,0.0663851,0.189411
1093,RL,124,BSDF Heavy,0,High,4,High,4,High,2,High,2,3.27413,725.199,6.58782,0.0657712,0.189411
1094,RL,120,BSDF Heavy,0,High,4,Low,0,High,2,High,2,3.24204,717.87,6.57768,0.0660724,0.189411
1095,RL,124,BSDF Heavy,0,High,4,High,4,High,2,High,2,3.25828,721.888,6.58325,0.0655675,0.189411
1096,RL,121,BSDF Heavy,0,Low-Medium,1,Low-Medium,1,High,2,High,2,3.24681,719.252,6.5796,0.0657181,0.189335
1097,RL,105,BSDF Heavy,0,Low-Medium,1,Low,0,High,2,High,2,3.23265,715.705,6.57466,0.0656359,0.189335
1098,RL,124,BSDF Heavy,0,Low-Medium,1,High,4,High,2,High,2,3.26221,723.757,6.58584,0.065473,0.189335
1099,RL,124,BSDF Heavy,0,Low-Medium,1,High,4,High,2,High,2,3.26293,723.023,6.58482,0.0660178,0.189335
1100,RL,124,BSDF Heavy,0,Low-Medium,1,High,4,High,2,High,2,3.26285,722.206,6.58369,0.0660017,0.189335
1101,RL,124,BSDF Heavy,0,Low-Medium,1,High,4,High,2,High,2,3.25525,720.465,6.58128,0.0661877,0.189335
1102,RL,123,BSDF Heavy,0,Low-Medium,1,Medium-High,3,High,2,High,2,3.24959,720.124,6.58081,0.0659894,0.189335
1103,RL,124,BSDF Heavy,0,Low-Medium,1,High,4,High,2,High,2,3.25979,721.281,6.58241,0.0658603,0.189335
1104,RL,120,BSDF Heavy,0,Low,0,Low,0,High,2,High,2,3.24979,718.536,6.57861,0.0658795,0.189259
1105,RL,124,BSDF Heavy,0,Low,0,High,4,High,2,High,2,3.25857,721.884,6.58325,0.0658065,0.189259
1106,RL,120,BSDF Heavy,0,Low,0,Low,0,High,2,High,2,3.24168,717.501,6.57717,0.0660524,0.189259
1107,RL,105,BSDF Heavy,0,Low,0,Low,0,High,2,High,2,3.22409,712.946,6.57081,0.0655544,0.189259
1108,RL,123,BSDF Heavy,0,Low,0,Medium-High,3,High,2,High,2,3.24979,720.049,6.58071,0.0658326,0.189259
1109,RL,124,BSDF Heavy,0,Low,0,High,4,High,2,High,2,3.28132,727.238,6.59063,0.065828,0.189259
1110,RL,124,BSDF Heavy,0,Low,0,High,4,High,2,High,2,3.25745,721.489,6.5827,0.065868,0.189259
1111,RL,124,BSDF Heavy,0,Low,0,High,4,High,2,High,2,3.25148,720.429,6.58123,0.0657688,0.189259
1112,RL,124,BSDF Heavy,0,High,4,High,4,High,2,High,2,3.25967,722.052,6.58348,0.065692,0.189183
1113,RL,120,BSDF Heavy,0,High,4,Low,0,High,2,High,2,3.24009,717.723,6.57748,0.0656789,0.189183
1114,RL,124,BSDF Heavy,0,High,4,High,4,High,2,High,2,3.26088,722.047,6.58347,0.0659187,0.189183
1115,RL,120,BSDF Heavy,0,High,4,Low,0,High,2,High,2,3.24424,718.139,6.57805,0.0658933,0.189183
1116,RL,124,BSDF Heavy,0,High,4,High,4,High,2,High,2,3.2781,725.757,6.58859,0.0659072,0.189183
1117,RL,105,BSDF Heavy,0,High,4,Low,0,High,2,High,2,3.22511,713.945,6.57221,0.0656113,0.189183
1118,RL,124,BSDF Heavy,0,High,4,High,4,High,2,High,2,3.26192,722.611,6.58425,0.0662046,0.189183
1119,RL,120,BSDF Heavy,0,High,4,Low,0,High,2,High,2,3.24957,718.836,6.57902,0.0658511,0.189183
1120,RL,124,BSDF Heavy,0,High,4,High,4,High,2,High,2,3.25715,720.813,6.58177,0.0659318,0.189108
1121,RL,120,BSDF Heavy,0,High,4,Low,0,High,2,High,2,3.24606,717.923,6.57775,0.0656551,0.189108
1122,RL,124,BSDF Heavy,0,High,4,High,4,High,2,High,2,3.26439,722.831,6.58456,0.0662553,0.189108
1123,RL,124,BSDF Heavy,0,High,4,High,4,High,2,High,2,3.2673,723.199,6.58507,0.0656997,0.189108
1124,RL,105,BSDF Heavy,0,High,4,Low,0,High,2,High,2,3.23684,717.01,6.57648,0.0657373,0.189108
1125,RL,105,BSDF Heavy,0,High,4,Low,0,High,2,High,2,3.227,715.039,6.57374,0.0656574,0.189108
1126,RL,105,BSDF Heavy,0,High,4,Low,0,High,2,High,2,3.23622,716.619,6.57594,0.0659433,0.189108
1127,RL,124,BSDF Heavy,0,High,4,High,4,High,2,High,2,3.26726,723.198,6.58507,0.0657642,0.189108
1128,RL,105,BSDF Heavy,0,Low,0,Low,0,Medium,1,High,2,3.23176,715.509,6.57439,0.065911,0.189032
1129,RL,120,BSDF Heavy,0,Low,0,Low,0,Medium,1,High,2,3.24409,716.676,6.57602,0.0657619,0.189032
1130,RL,124,BSDF Heavy,0,Low,0,High,4,Medium,1,High,2,3.2542,720.821,6.58178,0.0658933,0.189032
1131,RL,124,BSDF Heavy,0,Low,0,High,4,Medium,1,High,2,3.2577,721.677,6.58296,0.0660893,0.189032
1132,RL,122,BSDF Heavy,0,Low,0,Medium,2,Medium,1,High,2,3.25297,719.722,6.58025,0.0659271,0.189032
1133,RL,121,BSDF Heavy,0,Low,0,Low-Medium,1,Medium,1,High,2,3.25022,719.138,6.57944,0.0659756,0.189032
1134,RL,105,BSDF Heavy,0,Low,0,Low,0,Medium,1,High,2,3.23457,716.227,6.57539,0.0659187,0.189032
1135,RL,124,BSDF Heavy,0,Low,0,High,4,Medium,1,High,2,3.27429,725.217,6.58785,0.0656067,0.189032
1136,RL,120,Light Heavy,0,Low,0,Low,0,High,2,High,2,3.24311,718.341,6.57834,0.0657942,0.188957
1137,RL,15,Light Heavy,0,Low,0,Low,0,High,2,High,2,3.23535,717.915,6.57774,0.0573726,0.188957
1138,RL,34,Light Heavy,0,Low,0,High,4,High,2,High,2,3.24805,722.081,6.58352,0.0576908,0.188957
1139,RL,15,Light Heavy,0,Low,0,Low,0,High,2,High,2,3.20597,711.187,6.56834,0.057461,0.188957
1140,RL,34,Light Heavy,0,Low,0,High,4,High,2,High,2,3.25673,724.337,6.58664,0.057657,0.188957
1141,RL,15,Light Heavy,0,Low,0,Low,0,High,2,High,2,3.22473,716.089,6.5752,0.0575609,0.188957
1142,RL,34,Light Heavy,0,Low,0,High,4,High,2,High,2,3.25705,724.074,6.58627,0.0576777,0.188957
1143,RL,31,Light Heavy,0,Low,0,Low-Medium,1,High,2,High,2,3.2452,719.127,6.57943,0.0576485,0.188957
1144,RL,15,BSDF Heavy,0,Low,0,Low,0,Medium,1,Low,0,3.23038,716.81,6.5762,0.0575025,0.188881
1145,RL,121,BSDF Heavy,0,Low,0,Low-Medium,1,Medium,1,Low,0,3.24849,719.049,6.57932,0.0658488,0.188881
1146,RL,120,BSDF Heavy,0,Low,0,Low,0,Medium,1,Low,0,3.24336,717.608,6.57732,0.0658011,0.188881
1147,RL,124,BSDF Heavy,0,Low,0,High,4,Medium,1,Low,0,3.25835,721.065,6.58212,0.0658411,0.188881
1148,RL,124,BSDF Heavy,0,Low,0,High,4,Medium,1,Low,0,3.25763,721.881,6.58325,0.065994,0.188881
1149,RL,124,BSDF Heavy,0,Low,0,High,4,Medium,1,Low,0,3.25435,720.971,6.58199,0.0659164,0.188881
1150,RL,124,BSDF Heavy,0,Low,0,High,4,Medium,1,Low,0,3.27113,723.38,6.58532,0.0658741,0.188881
1151,RL,120,BSDF Heavy,0,Low,0,Low,0,Medium,1,Low,0,3.24501,718.65,6.57876,0.0657988,0.188881
1152,RL,120,BSDF Heavy,0,Low,0,Low,0,High,2,High,2,3.24597,718.955,6.57919,0.0659902,0.188806
1153,RL,121,BSDF Heavy,0,Low,0,Low-Medium,1,High,2,High,2,3.2473,719.102,6.57939,0.0656789,0.188806
1154,RL,124,BSDF Heavy,0,Low,0,High,4,High,2,High,2,3.28189,726.249,6.58927,0.0664397,0.188806
1155,RL,124,BSDF Heavy,0,Low,0,High,4,High,2,High,2,3.24809,720.396,6.58119,0.0657742,0.188806
1156,RL,124,BSDF Heavy,0,Low,0,High,4,High,2,High,2,3.26262,722.865,6.5846,0.065795,0.188806
1157,RL,124,BSDF Heavy,0,Low,0,High,4,High,2,High,2,3.28249,727.768,6.59136,0.0661131,0.188806
1158,RL,124,BSDF Heavy,0,Low,0,High,4,High,2,High,2,3.27837,726.056,6.589,0.0657174,0.188806
1159,RL,105,BSDF Heavy,0,Low,0,Low,0,High,2,High,2,3.23651,716.203,6.57536,0.0659187,0.188806
1160,RL,124,BSDF Heavy,0,High,4,High,4,High,2,High,2,3.26086,722.093,6.58354,0.0659548,0.18873
1161,RL,124,BSDF Heavy,0,High,4,High,4,High,2,High,2,3.25357,720.818,6.58177,0.0655836,0.18873
1162,RL,123,BSDF Heavy,0,High,4,Medium-High,3,High,2,High,2,3.25153,719.971,6.5806,0.0660194,0.18873
1163,RL,120,BSDF Heavy,0,High,4,Low,0,High,2,High,2,3.24833,718.41,6.57843,0.0657197,0.18873
1164,RL,105,BSDF Heavy,0,High,4,Low,0,High,2,High,2,3.23845,718.227,6.57818,0.0654361,0.18873
1165,RL,124,BSDF Heavy,0,High,4,High,4,High,2,High,2,3.2645,722.583,6.58422,0.0659364,0.18873
1166,RL,105,BSDF Heavy,0,High,4,Low,0,High,2,High,2,3.22174,714.38,6.57281,0.0655621,0.18873
1167,RL,120,BSDF Heavy,0,High,4,Low,0,High,2,High,2,3.2443,717.945,6.57779,0.065858,0.18873
1168,RL,105,BSDF Heavy,0,Low,0,Low,0,Medium,1,High,2,3.23569,715.638,6.57457,0.0658926,0.188655
1169,RL,120,BSDF Heavy,0,Low,0,Low,0,Medium,1,High,2,3.24515,717.611,6.57732,0.0658764,0.188655
1170,RL,124,BSDF Heavy,0,Low,0,High,4,Medium,1,High,2,3.26033,721.83,6.58317,0.0658941,0.188655
1171,RL,120,BSDF Heavy,0,Low,0,Low,0,Medium,1,High,2,3.24684,718.14,6.57806,0.0656444,0.188655
1172,RL,124,BSDF Heavy,0,Low,0,High,4,Medium,1,High,2,3.28412,726.592,6.58974,0.0662053,0.188655
1173,RL,124,BSDF Heavy,0,Low,0,High,4,Medium,1,High,2,3.25661,720.312,6.58107,0.0660885,0.188655
1174,RL,124,BSDF Heavy,0,Low,0,High,4,Medium,1,High,2,3.26069,722.517,6.58412,0.0656513,0.188655
1175,RL,105,BSDF Heavy,0,Low,0,Low,0,Medium,1,High,2,3.23744,716.86,6.57628,0.0656328,0.188655
1176,RL,105,BSDF Heavy,0,Low,0,Low,0,Medium,1,High,2,3.23995,717.714,6.57746,0.0655475,0.188579
1177,RL,124,BSDF Heavy,0,Low,0,High,4,Medium,1,High,2,3.2656,723.706,6.58577,0.0659433,0.188579
1178,RL,124,BSDF Heavy,0,Low,0,High,4,Medium,1,High,2,3.26505,723.083,6.58491,0.0661615,0.188579
1179,RL,124,BSDF Heavy,0,Low,0,High,4,Medium,1,High,2,3.26574,723.506,6.58549,0.0657281,0.188579
1180,RL,122,BSDF Heavy,0,Low,0,Medium,2,Medium,1,High,2,3.24873,719.783,6.58034,0.0656766,0.188579
1181,RL,124,BSDF Heavy,0,Low,0,High,4,Medium,1,High,2,3.26545,722.264,6.58377,0.066183,0.188579
1182,RL,105,BSDF Heavy,0,Low,0,Low,0,Medium,1,High,2,3.23682,716.57,6.57587,0.0657981,0.188579
1183,RL,120,BSDF Heavy,0,Low,0,Low,0,Medium,1,High,2,3.24269,717.246,6.57681,0.0660662,0.188579
1184,RL,120,BSDF Heavy,0,Low,0,Low,0,High,2,High,2,3.24439,718.463,6.57851,0.0656674,0.188504
1185,RL,123,BSDF Heavy,0,Low,0,Medium-High,3,High,2,High,2,3.24743,720.135,6.58083,0.0657104,0.188504
1186,RL,124,BSDF Heavy,0,Low,0,High,4,High,2,High,2,3.25998,721.956,6.58335,0.066034,0.188504
1187,RL,122,BSDF Heavy,0,Low,0,Medium,2,High,2,High,2,3.2514,719.56,6.58003,0.0655867,0.188504
1188,RL,124,BSDF Heavy,0,Low,0,High,4,High,2,High,2,3.27415,725.288,6.58795,0.0661308,0.188504
1189,RL,105,BSDF Heavy,0,Low,0,Low,0,High,2,High,2,3.22655,714.15,6.57249,0.0659064,0.188504
1190,RL,124,BSDF Heavy,0,Low,0,High,4,High,2,High,2,3.25744,722.652,6.58431,0.065702,0.188504
1191,RL,124,BSDF Heavy,0,Low,0,High,4,High,2,High,2,3.28201,727.209,6.59059,0.0662722,0.188504
1192,RL,122,BSDF Heavy,0,Medium,2,Medium,2,High,2,High,2,3.25576,719.756,6.5803,0.06612,0.188428
1193,RL,121,BSDF Heavy,0,Medium,2,Low-Medium,1,High,2,High,2,3.24256,719.019,6.57928,0.0659617,0.188428
1194,RL,124,BSDF Heavy,0,Medium,2,High,4,High,2,High,2,3.25996,721.521,6.58275,0.0660393,0.188428
1195,RL,124,BSDF Heavy,0,Medium,2,High,4,High,2,High,2,3.26806,723.869,6.58599,0.0660263,0.188428
1196,RL,120,BSDF Heavy,0,Medium,2,Low,0,High,2,High,2,3.24022,717.727,6.57748,0.0659448,0.188428
1197,RL,124,BSDF Heavy,0,Medium,2,High,4,High,2,High,2,3.2597,721.1,6.58216,0.0660978,0.188428
1198,RL,105,BSDF Heavy,0,Medium,2,Low,0,High,2,High,2,3.22749,715.206,6.57397,0.0656997,0.188428
1199,RL,124,BSDF Heavy,0,Medium,2,High,4,High,2,High,2,3.27098,724.596,6.58699,0.0656874,0.188428
1200,RL,124,BSDF Heavy,0,High,4,High,4,High,2,High,2,3.2774,726.274,6.5893,0.0659418,0.188353
1201,RL,124,BSDF Heavy,0,High,4,High,4,High,2,High,2,3.25635,721.112,6.58218,0.0660555,0.188353
1202,RL,120,BSDF Heavy,0,High,4,Low,0,High,2,High,2,3.24047,717.176,6.57671,0.0656236,0.188353
1203,RL,124,BSDF Heavy,0,High,4,High,4,High,2,High,2,3.25412,721.883,6.58325,0.0659833,0.188353
1204,RL,124,BSDF Heavy,0,High,4,High,4,High,2,High,2,3.26244,722.8,6.58452,0.066127,0.188353
1205,RL,120,BSDF Heavy,0,High,4,Low,0,High,2,High,2,3.244,718.87,6.57907,0.065702,0.188353
1206,RL,124,BSDF Heavy,0,High,4,High,4,High,2,High,2,3.26823,723.901,6.58603,0.0659456,0.188353
1207,RL,121,BSDF Heavy,0,High,4,Low-Medium,1,High,2,High,2,3.25167,719.38,6.57978,0.0662837,0.188353
1208,RL,105,BSDF Heavy,0,Low,0,Low,0,Medium,1,High,2,3.23804,716.784,6.57617,0.0654914,0.188278
1209,RL,123,BSDF Heavy,0,Low,0,Medium-High,3,Medium,1,High,2,3.25915,720.25,6.58099,0.0658242,0.188278
1210,RL,124,BSDF Heavy,0,Low,0,High,4,Medium,1,High,2,3.2546,720.694,6.5816,0.0655836,0.188278
1211,RL,124,BSDF Heavy,0,Low,0,High,4,Medium,1,High,2,3.28542,728.387,6.5922,0.0658495,0.188278
1212,RL,105,BSDF Heavy,0,Low,0,Low,0,Medium,1,High,2,3.23192,716.416,6.57566,0.0654261,0.188278
1213,RL,105,BSDF Heavy,0,Low,0,Low,0,Medium,1,High,2,3.23625,717.617,6.57733,0.0655537,0.188278
1214,RL,124,BSDF Heavy,0,Low,0,High,4,Medium,1,High,2,3.27015,723.691,6.58574,0.0660255,0.188278
1215,RL,124,BSDF Heavy,0,Low,0,High,4,Medium,1,High,2,3.25956,722.48,6.58407,0.0658618,0.188278
1216,RL,124,BSDF Heavy,0,High,4,High,4,High,2,High,2,3.25775,721.679,6.58296,0.065858,0.188202
1217,RL,120,BSDF Heavy,0,High,4,Low,0,High,2,High,2,3.2447,718.367,6.57837,0.0656743,0.188202
1218,RL,124,BSDF Heavy,0,High,4,High,4,High,2,High,2,3.25729,720.851,6.58182,0.0657819,0.188202
1219,RL,124,BSDF Heavy,0,High,4,High,4,High,2,High,2,3.25291,720.548,6.5814,0.0658956,0.188202
1220,RL,105,BSDF Heavy,0,High,4,Low,0,High,2,High,2,3.22892,714.077,6.57239,0.0658434,0.188202
1221,RL,120,BSDF Heavy,0,High,4,Low,0,High,2,High,2,3.24566,717.876,6.57769,0.0660386,0.188202
1222,RL,124,BSDF Heavy,0,High,4,High,4,High,2,High,2,3.27004,724.048,6.58624,0.0663022,0.188202
1223,RL,105,BSDF Heavy,0,High,4,Low,0,High,2,High,2,3.23928,717.255,6.57682,0.0657965,0.188202
1224,RL,105,BSDF Heavy,0,Low,0,Low,0,Medium,1,High,2,3.23003,714.466,6.57293,0.0658257,0.188127
1225,RL,124,BSDF Heavy,0,Low,0,High,4,Medium,1,High,2,3.26176,721.629,6.5829,0.0657189,0.188127
1226,RL,124,BSDF Heavy,0,Low,0,High,4,Medium,1,High,2,3.27095,723.929,6.58607,0.0658165,0.188127
1227,RL,124,BSDF Heavy,0,Low,0,High,4,Medium,1,High,2,3.26831,723.461,6.58543,0.0658564,0.188127
1228,RL,120,BSDF Heavy,0,Low,0,Low,0,Medium,1,High,2,3.24433,718.501,6.57856,0.065795,0.188127
1229,RL,124,BSDF Heavy,0,Low,0,High,4,Medium,1,High,2,3.26805,724.063,6.58626,0.066369,0.188127
1230,RL,105,BSDF Heavy,0,Low,0,Low,0,Medium,1,High,2,3.22864,713.643,6.57178,0.0655936,0.188127
1231,RL,124,BSDF Heavy,0,Low,0,High,4,Medium,1,High,2,3.2713,723.465,6.58543,0.065921,0.188127
1232,RL,120,BSDF Heavy,0,Low,0,Low,0,High,2,High,2,3.24576,718.406,6.57843,0.0657197,0.188052
1233,RL,124,BSDF Heavy,0,Low,0,High,4,High,2,High,2,3.25926,721.975,6.58337,0.065974,0.188052
1234,RL,124,BSDF Heavy,0,Low,0,High,4,High,2,High,2,3.28387,727.137,6.59049,0.0658126,0.188052
1235,RL,124,BSDF Heavy,0,Low,0,High,4,High,2,High,2,3.26038,721.845,6.58319,0.0656651,0.188052
1236,RL,124,BSDF Heavy,0,Low,0,High,4,High,2,High,2,3.25901,720.793,6.58174,0.0659594,0.188052
1237,RL,120,BSDF Heavy,0,Low,0,Low,0,High,2,High,2,3.24448,718.286,6.57826,0.0661416,0.188052
1238,RL,122,BSDF Heavy,0,Low,0,Medium,2,High,2,High,2,3.24853,719.7,6.58022,0.065828,0.188052
1239,RL,105,BSDF Heavy,0,Low,0,Low,0,High,2,High,2,3.23693,717.408,6.57704,0.065463,0.188052
1240,RL,124,BSDF Heavy,0,High,4,High,4,High,2,High,2,3.26992,724.201,6.58645,0.0660593,0.187977
1241,RL,121,BSDF Heavy,0,High,4,Low-Medium,1,High,2,High,2,3.25094,719.274,6.57963,0.0659379,0.187977
1242,RL,120,BSDF Heavy,0,High,4,Low,0,High,2,High,2,3.24752,718.904,6.57912,0.0659694,0.187977
1243,RL,124,BSDF Heavy,0,High,4,High,4,High,2,High,2,3.26893,723.791,6.58588,0.0659594,0.187977
1244,RL,124,BSDF Heavy,0,High,4,High,4,High,2,High,2,3.27761,725.8,6.58865,0.0657581,0.187977
1245,RL,105,BSDF Heavy,0,High,4,Low,0,High,2,High,2,3.23818,716.144,6.57528,0.0656697,0.187977
1246,RL,105,BSDF Heavy,0,High,4,Low,0,High,2,High,2,3.2375,716.384,6.57561,0.0658979,0.187977
1247,RL,122,BSDF Heavy,0,High,4,Medium,2,High,2,High,2,3.24747,719.568,6.58004,0.06612,0.187977
1248,RL,121,BSDF Heavy,0,Low-Medium,1,Low-Medium,1,High,2,High,2,3.24644,718.986,6.57923,0.0657566,0.187901
1249,RL,124,BSDF Heavy,0,Low-Medium,1,High,4,High,2,High,2,3.25472,720.821,6.58178,0.0661308,0.187901
1250,RL,105,BSDF Heavy,0,Low-Medium,1,Low,0,High,2,High,2,3.22735,714.182,6.57254,0.065639,0.187901
1251,RL,105,BSDF Heavy,0,Low-Medium,1,Low,0,High,2,High,2,3.22613,714.339,6.57276,0.0658434,0.187901
1252,RL,120,BSDF Heavy,0,Low-Medium,1,Low,0,High,2,High,2,3.24361,717.86,6.57767,0.0662399,0.187901
1253,RL,105,BSDF Heavy,0,Low-Medium,1,Low,0,High,2,High,2,3.2183,712.574,6.57029,0.0657673,0.187901
1254,RL,124,BSDF Heavy,0,Low-Medium,1,High,4,High,2,High,2,3.26089,722.083,6.58352,0.0657765,0.187901
1255,RL,122,BSDF Heavy,0,Low-Medium,1,Medium,2,High,2,High,2,3.25227,719.442,6.57987,0.0660409,0.187901
1256,RL,124,BSDF Heavy,0,High,4,High,4,High,2,High,2,3.25685,721.104,6.58217,0.0660655,0.187826
1257,RL,124,BSDF Heavy,0,High,4,High,4,High,2,High,2,3.26629,722.288,6.58381,0.0657642,0.187826
1258,RL,124,BSDF Heavy,0,High,4,High,4,High,2,High,2,3.26982,723.163,6.58502,0.0658303,0.187826
1259,RL,120,BSDF Heavy,0,High,4,Low,0,High,2,High,2,3.24224,716.369,6.57559,0.0663121,0.187826
1260,RL,124,BSDF Heavy,0,High,4,High,4,High,2,High,2,3.25167,720.524,6.58137,0.0657412,0.187826
1261,RL,124,BSDF Heavy,0,High,4,High,4,High,2,High,2,3.26107,723.403,6.58535,0.0660278,0.187826
1262,RL,124,BSDF Heavy,0,High,4,High,4,High,2,High,2,3.2605,721.468,6.58267,0.0661485,0.187826
1263,RL,124,BSDF Heavy,0,High,4,High,4,High,2,High,2,3.25775,720.638,6.58152,0.0662199,0.187826
1264,RL,124,BSDF Heavy,0,High,4,High,4,High,2,High,2,3.26056,721.776,6.5831,0.0657496,0.187751
1265,RL,105,BSDF Heavy,0,High,4,Low,0,High,2,High,2,3.22752,714.146,6.57249,0.0658657,0.187751
1266,RL,105,BSDF Heavy,0,High,4,Low,0,High,2,High,2,3.23177,715.508,6.57439,0.0658534,0.187751
1267,RL,105,BSDF Heavy,0,High,4,Low,0,High,2,High,2,3.22886,714.137,6.57247,0.0654323,0.187751
1268,RL,123,BSDF Heavy,0,High,4,Medium-High,3,High,2,High,2,3.24965,720.174,6.58088,0.0657335,0.187751
1269,RL,121,BSDF Heavy,0,High,4,Low-Medium,1,High,2,High,2,3.24498,719.086,6.57937,0.0657742,0.187751
1270,RL,124,BSDF Heavy,0,High,4,High,4,High,2,High,2,3.25538,721.134,6.58221,0.0658119,0.187751
1271,RL,124,BSDF Heavy,0,High,4,High,4,High,2,High,2,3.25658,721.331,6.58248,0.0660355,0.187751
1272,RL,123,BSDF Heavy,0,Medium-High,3,Medium-High,3,High,2,High,2,3.25701,720.166,6.58087,0.065838,0.187676
1273,RL,124,BSDF Heavy,0,Medium-High,3,High,4,High,2,High,2,3.27208,724.802,6.58728,0.0658349,0.187676
1274,RL,124,BSDF Heavy,0,Medium-High,3,High,4,High,2,High,2,3.25588,720.841,6.58181,0.0660501,0.187676
1275,RL,124,BSDF Heavy,0,Medium-High,3,High,4,High,2,High,2,3.26038,722.749,6.58445,0.0658672,0.187676
1276,RL,124,BSDF Heavy,0,Medium-High,3,High,4,High,2,High,2,3.27101,723.896,6.58603,0.0659994,0.187676
1277,RL,122,BSDF Heavy,0,Medium-High,3,Medium,2,High,2,High,2,3.2509,719.655,6.58016,0.0659587,0.187676
1278,RL,124,BSDF Heavy,0,Medium-High,3,High,4,High,2,High,2,3.25233,720.671,6.58157,0.0657112,0.187676
1279,RL,105,BSDF Heavy,0,Medium-High,3,Low,0,High,2,High,2,3.23704,716.355,6.57557,0.0659264,0.187676
1280,RL,124,BSDF Heavy,0,High,4,High,4,High,2,High,2,3.26146,721.434,6.58263,0.0659241,0.187601
1281,RL,120,BSDF Heavy,0,High,4,Low,0,High,2,High,2,3.2415,718.454,6.57849,0.0656728,0.187601
1282,RL,124,BSDF Heavy,0,High,4,High,4,High,2,High,2,3.2751,725.684,6.58849,0.0659894,0.187601
1283,RL,121,BSDF Heavy,0,High,4,Low-Medium,1,High,2,High,2,3.24697,718.998,6.57925,0.0655521,0.187601
1284,RL,124,BSDF Heavy,0,High,4,High,4,High,2,High,2,3.25825,722.698,6.58437,0.0661723,0.187601
1285,RL,124,BSDF Heavy,0,High,4,High,4,High,2,High,2,3.25947,721.503,6.58272,0.0658588,0.187601
1286,RL,120,BSDF Heavy,0,High,4,Low,0,High,2,High,2,3.2456,718.382,6.57839,0.0657235,0.187601
1287,RL,105,BSDF Heavy,0,High,4,Low,0,High,2,High,2,3.20206,709.451,6.5659,0.0656928,0.187601
1288,RL,124,BSDF Heavy,0,High,4,High,4,High,2,High,2,3.25479,721.411,6.58259,0.0657719,0.187526
1289,RL,124,BSDF Heavy,0,High,4,High,4,High,2,High,2,3.27193,724.308,6.5866,0.0658833,0.187526
1290,RL,105,BSDF Heavy,0,High,4,Low,0,High,2,High,2,3.23786,715.678,6.57463,0.0658157,0.187526
1291,RL,105,BSDF Heavy,0,High,4,Low,0,High,2,High,2,3.23806,717.387,6.57701,0.0656835,0.187526
1292,RL,105,BSDF Heavy,0,High,4,Low,0,High,2,High,2,3.22714,715.14,6.57388,0.0656897,0.187526
1293,RL,124,BSDF Heavy,0,High,4,High,4,High,2,High,2,3.27578,725.262,6.58791,0.0660778,0.187526
1294,RL,124,BSDF Heavy,0,High,4,High,4,High,2,High,2,3.25555,721.173,6.58226,0.0661277,0.187526
1295,RL,124,BSDF Heavy,0,High,4,High,4,High,2,High,2,3.27698,726.864,6.59011,0.0655936,0.187526
1296,RL,124,Balanced,0,High,4,High,4,High,2,High,2,3.27136,726.324,6.58937,0.0658618,0.187451
1297,RL,79,Balanced,0,High,4,High,4,High,2,High,2,3.25691,722.455,6.58404,0.062589,0.187451
1298,RL,60,Balanced,0,High,4,Low,0,High,2,High,2,3.23008,716.548,6.57584,0.0626051,0.187451
1299,RL,60,Balanced,0,High,4,Low,0,High,2,High,2,3.23216,716.592,6.5759,0.0626051,0.187451
1300,RL,79,Balanced,0,High,4,High,4,High,2,High,2,3.25403,721.032,6.58207,0.0628379,0.187451
1301,RL,79,Balanced,0,High,4,High,4,High,2,High,2,3.25353,720.864,6.58184,0.0628287,0.187451
1302,RL,76,Balanced,0,High,4,Low-Medium,1,High,2,High,2,3.24585,719.331,6.57971,0.0627327,0.187451
1303,RL,79,Balanced,0,High,4,High,4,High,2,High,2,3.25108,721.8,6.58313,0.0624076,0.187451
1304,RL,79,BSDF Heavy,0,High,4,High,4,High,2,Medium,1,3.2527,721.005,6.58203,0.0630731,0.187376
1305,RL,120,BSDF Heavy,0,High,4,Low,0,High,2,Medium,1,3.24451,718.827,6.57901,0.0656259,0.187376
1306,RL,121,BSDF Heavy,0,High,4,Low-Medium,1,High,2,Medium,1,3.24855,719.025,6.57929,0.0656405,0.187376
1307,RL,124,BSDF Heavy,0,High,4,High,4,High,2,Medium,1,3.25381,720.846,6.58181,0.0658564,0.187376
1308,RL,124,BSDF Heavy,0,High,4,High,4,High,2,Medium,1,3.2549,721.032,6.58207,0.0659179,0.187376
1309,RL,124,BSDF Heavy,0,High,4,High,4,High,2,Medium,1,3.2645,723.166,6.58502,0.065868,0.187376
1310,RL,120,BSDF Heavy,0,High,4,Low,0,High,2,Medium,1,3.24431,717.379,6.577,0.0657735,0.187376
1311,RL,124,BSDF Heavy,0,High,4,High,4,High,2,Medium,1,3.25591,720.562,6.58142,0.0660463,0.187376
1312,RL,105,BSDF Heavy,0,Low,0,Low,0,Medium,1,High,2,3.21584,711.904,6.56935,0.0659686,0.187301
1313,RL,105,BSDF Heavy,0,Low,0,Low,0,Medium,1,High,2,3.22705,714.635,6.57317,0.065453,0.187301
1314,RL,124,BSDF Heavy,0,Low,0,High,4,Medium,1,High,2,3.26089,722.697,6.58437,0.0659233,0.187301
1315,RL,105,BSDF Heavy,0,Low,0,Low,0,Medium,1,High,2,3.2284,714.963,6.57363,0.0657381,0.187301
1316,RL,124,BSDF Heavy,0,Low,0,High,4,Medium,1,High,2,3.27243,724.687,6.58712,0.0658634,0.187301
1317,RL,124,BSDF Heavy,0,Low,0,High,4,Medium,1,High,2,3.25786,721.845,6.58319,0.0660855,0.187301
1318,RL,124,BSDF Heavy,0,Low,0,High,4,Medium,1,High,2,3.26763,723.094,6.58492,0.0654991,0.187301
1319,RL,124,BSDF Heavy,0,Low,0,High,4,Medium,1,High,2,3.26951,724.269,6.58654,0.0657858,0.187301
1320,RL,120,BSDF Heavy,0,Low,0,Low,0,High,2,High,2,3.24371,718.625,6.57873,0.0658818,0.187226
1321,RL,105,BSDF Heavy,0,Low,0,Low,0,High,2,High,2,3.23367,715.888,6.57492,0.0657396,0.187226
1322,RL,124,BSDF Heavy,0,Low,0,High,4,High,2,High,2,3.26304,722.757,6.58446,0.0657366,0.187226
1323,RL,124,BSDF Heavy,0,Low,0,High,4,High,2,High,2,3.25759,720.579,6.58144,0.0658065,0.187226
1324,RL,124,BSDF Heavy,0,Low,0,High,4,High,2,High,2,3.28271,727.594,6.59112,0.0665027,0.187226
1325,RL,124,BSDF Heavy,0,Low,0,High,4,High,2,High,2,3.26475,721.976,6.58338,0.0657796,0.187226
1326,RL,105,BSDF Heavy,0,Low,0,Low,0,High,2,High,2,3.23808,716.979,6.57644,0.0658472,0.187226
1327,RL,120,BSDF Heavy,0,Low,0,Low,0,High,2,High,2,3.24448,717.233,6.57679,0.0655867,0.187226
1328,RL,120,Balanced,0,Low,0,Low,0,High,2,High,2,3.24244,717.129,6.57665,0.0659072,0.187151
1329,RL,60,Balanced,0,Low,0,Low,0,High,2,High,2,3.23404,716.435,6.57568,0.0627273,0.187151
1330,RL,60,Balanced,0,Low,0,Low,0,High,2,High,2,3.233,715.88,6.57491,0.0624337,0.187151
1331,RL,79,Balanced,0,Low,0,High,4,High,2,High,2,3.25076,720.862,6.58183,0.0626935,0.187151
1332,RL,77,Balanced,0,Low,0,Medium,2,High,2,High,2,3.24852,719.586,6.58006,0.0628195,0.187151
1333,RL,79,Balanced,0,Low,0,High,4,High,2,High,2,3.26462,724.1,6.58631,0.0629824,0.187151
1334,RL,79,Balanced,0,Low,0,High,4,High,2,High,2,3.25705,722.232,6.58373,0.0627288,0.187151
1335,RL,78,Balanced,0,Low,0,Medium-High,3,High,2,High,2,3.2463,720.106,6.58079,0.062426,0.187151
1336,RL,79,BSDF Heavy,0,High,4,High,4,High,2,Medium,1,3.26043,721.49,6.5827,0.0626758,0.187076
1337,RL,124,BSDF Heavy,0,High,4,High,4,High,2,Medium,1,3.26095,722.637,6.58429,0.0658465,0.187076
1338,RL,123,BSDF Heavy,0,High,4,Medium-High,3,High,2,Medium,1,3.24733,719.892,6.58049,0.0656382,0.187076
1339,RL,105,BSDF Heavy,0,High,4,Low,0,High,2,Medium,1,3.23596,716.679,6.57602,0.0656989,0.187076
1340,RL,124,BSDF Heavy,0,High,4,High,4,High,2,Medium,1,3.2665,722.852,6.58459,0.0658511,0.187076
1341,RL,124,BSDF Heavy,0,High,4,High,4,High,2,Medium,1,3.2649,723.065,6.58488,0.0657527,0.187076
1342,RL,124,BSDF Heavy,0,High,4,High,4,High,2,Medium,1,3.26172,721.748,6.58306,0.0657366,0.187076
1343,RL,124,BSDF Heavy,0,High,4,High,4,High,2,Medium,1,3.28251,727.017,6.59032,0.0662922,0.187076
1344,RL,120,BSDF Heavy,0,Low,0,Low,0,High,2,High,2,3.24997,718.937,6.57916,0.0657127,0.187002
1345,RL,120,BSDF Heavy,0,Low,0,Low,0,High,2,High,2,3.24384,717.917,6.57775,0.0660555,0.187002
1346,RL,105,BSDF Heavy,0,Low,0,Low,0,High,2,High,2,3.23444,715.96,6.57502,0.0658457,0.187002
1347,RL,123,BSDF Heavy,0,Low,0,Medium-High,3,High,2,High,2,3.25125,719.933,6.58055,0.0658711,0.187002
1348,RL,124,BSDF Heavy,0,Low,0,High,4,High,2,High,2,3.26544,722.68,6.58435,0.0658564,0.187002
1349,RL,124,BSDF Heavy,0,Low,0,High,4,High,2,High,2,3.27211,723.328,6.58524,0.0662245,0.187002
1350,RL,121,BSDF Heavy,0,Low,0,Low-Medium,1,High,2,High,2,3.24854,719.288,6.57965,0.0655952,0.187002
1351,RL,120,BSDF Heavy,0,Low,0,Low,0,High,2,High,2,3.24065,718.195,6.57813,0.0658096,0.187002
1352,RL,110,BSDF Heavy,0,Low,0,Low,0,Medium,1,High,2,3.23683,717.292,6.57688,0.0656889,0.186927
1353,RL,110,BSDF Heavy,0,Low,0,Low,0,Medium,1,High,2,3.23705,716.933,6.57638,0.0657005,0.186927
1354,RL,110,BSDF Heavy,0,Low,0,Low,0,Medium,1,High,2,3.22261,712.841,6.57066,0.0656582,0.186927
1355,RL,129,BSDF Heavy,0,Low,0,High,4,Medium,1,High,2,3.26976,724.928,6.58745,0.0656259,0.186927
1356,RL,129,BSDF Heavy,0,Low,0,High,4,Medium,1,High,2,3.27017,724.093,6.5863,0.0660148,0.186927
1357,RL,129,BSDF Heavy,0,Low,0,High,4,Medium,1,High,2,3.2688,723.875,6.586,0.0660709,0.186927
1358,RL,110,BSDF Heavy,0,Low,0,Low,0,Medium,1,High,2,3.2369,716.704,6.57606,0.0660263,0.186927
1359,RL,129,BSDF Heavy,0,Low,0,High,4,Medium,1,High,2,3.25578,721.447,6.58264,0.0659971,0.186927
1360,RL,129,BSDF Heavy,0,High,4,High,4,High,2,High,2,3.2602,720.678,6.58158,0.0663452,0.186852
1361,RL,125,BSDF Heavy,0,High,4,Low,0,High,2,High,2,3.24488,718.768,6.57893,0.0659686,0.186852
1362,RL,125,BSDF Heavy,0,High,4,Low,0,High,2,High,2,3.24615,718.643,6.57876,0.0656751,0.186852
1363,RL,128,BSDF Heavy,0,High,4,Medium-High,3,High,2,High,2,3.24841,720.1,6.58078,0.0657028,0.186852
1364,RL,129,BSDF Heavy,0,High,4,High,4,High,2,High,2,3.26927,724.084,6.58629,0.0661907,0.186852
1365,RL,125,BSDF Heavy,0,High,4,Low,0,High,2,High,2,3.2415,717.276,6.57685,0.0660171,0.186852
1366,RL,129,BSDF Heavy,0,High,4,High,4,High,2,High,2,3.27734,725.086,6.58767,0.0662968,0.186852
1367,RL,110,BSDF Heavy,0,High,4,Low,0,High,2,High,2,3.23951,716.639,6.57597,0.065961,0.186852
1368,RL,129,BSDF Heavy,0,High,4,High,4,High,2,High,2,3.26066,722.253,6.58376,0.0659325,0.186777
1369,RL,110,BSDF Heavy,0,High,4,Low,0,High,2,High,2,3.22762,714.214,6.57258,0.0653677,0.186777
1370,RL,128,BSDF Heavy,0,High,4,Medium-High,3,High,2,High,2,3.25085,720.035,6.58069,0.0656736,0.186777
1371,RL,125,BSDF Heavy,0,High,4,Low,0,High,2,High,2,3.24012,717.06,6.57655,0.0659925,0.186777
1372,RL,129,BSDF Heavy,0,High,4,High,4,High,2,High,2,3.28277,727.033,6.59035,0.0659548,0.186777
1373,RL,110,BSDF Heavy,0,High,4,Low,0,High,2,High,2,3.23493,716.77,6.57615,0.0660808,0.186777
1374,RL,129,BSDF Heavy,0,High,4,High,4,High,2,High,2,3.24846,720.671,6.58157,0.0659118,0.186777
1375,RL,125,BSDF Heavy,0,High,4,Low,0,High,2,High,2,3.24311,717.799,6.57758,0.0659633,0.186777
1376,RL,125,BSDF Heavy,0,Low,0,Low,0,High,2,High,2,3.24506,717.992,6.57785,0.0659725,0.186703
1377,RL,129,BSDF Heavy,0,Low,0,High,4,High,2,High,2,3.27515,724.875,6.58738,0.0664635,0.186703
1378,RL,129,BSDF Heavy,0,Low,0,High,4,High,2,High,2,3.25637,721.51,6.58273,0.0660516,0.186703
1379,RL,129,BSDF Heavy,0,Low,0,High,4,High,2,High,2,3.26102,722.3,6.58382,0.0660294,0.186703
1380,RL,125,BSDF Heavy,0,Low,0,Low,0,High,2,High,2,3.24442,718.884,6.57909,0.0657527,0.186703
1381,RL,129,BSDF Heavy,0,Low,0,High,4,High,2,High,2,3.27274,724.508,6.58687,0.0659418,0.186703
1382,RL,129,BSDF Heavy,0,Low,0,High,4,High,2,High,2,3.25284,720.352,6.58113,0.0655575,0.186703
1383,RL,126,BSDF Heavy,0,Low,0,Low-Medium,1,High,2,High,2,3.24964,719.288,6.57965,0.065795,0.186703
1384,RL,129,BSDF Heavy,0,High,4,High,4,High,2,High,2,3.2656,722.562,6.58419,0.0659095,0.186628
1385,RL,127,BSDF Heavy,0,High,4,Medium,2,High,2,High,2,3.24819,719.804,6.58037,0.0662069,0.186628
1386,RL,129,BSDF Heavy,0,High,4,High,4,High,2,High,2,3.25191,721.258,6.58238,0.0655737,0.186628
1387,RL,110,BSDF Heavy,0,High,4,Low,0,High,2,High,2,3.22872,715.79,6.57478,0.0655276,0.186628
1388,RL,110,BSDF Heavy,0,High,4,Low,0,High,2,High,2,3.2264,714.651,6.57319,0.0658342,0.186628
1389,RL,128,BSDF Heavy,0,High,4,Medium-High,3,High,2,High,2,3.25286,719.888,6.58048,0.0656021,0.186628
1390,RL,129,BSDF Heavy,0,High,4,High,4,High,2,High,2,3.2701,724,6.58617,0.0659779,0.186628
1391,RL,129,BSDF Heavy,0,High,4,High,4,High,2,High,2,3.26868,723.416,6.58537,0.0660301,0.186628
1392,RL,129,BSDF Heavy,0,High,4,High,4,High,2,High,2,3.26714,723.547,6.58555,0.0659102,0.186553
1393,RL,129,BSDF Heavy,0,High,4,High,4,High,2,High,2,3.26428,722.79,6.5845,0.0658772,0.186553
1394,RL,129,BSDF Heavy,0,High,4,High,4,High,2,High,2,3.25531,720.524,6.58137,0.0656029,0.186553
1395,RL,128,BSDF Heavy,0,High,4,Medium-High,3,High,2,High,2,3.25188,720.05,6.58071,0.0658065,0.186553
1396,RL,125,BSDF Heavy,0,High,4,Low,0,High,2,High,2,3.24142,717.521,6.5772,0.0655068,0.186553
1397,RL,110,BSDF Heavy,0,High,4,Low,0,High,2,High,2,3.23634,716.257,6.57543,0.0660201,0.186553
1398,RL,129,BSDF Heavy,0,High,4,High,4,High,2,High,2,3.26776,724.751,6.58721,0.0656044,0.186553
1399,RL,127,BSDF Heavy,0,High,4,Medium,2,High,2,High,2,3.25066,719.702,6.58023,0.0659863,0.186553
1400,RL,126,Light Heavy,0,Low-Medium,1,Low-Medium,1,High,2,High,2,3.24986,719.15,6.57946,0.0659871,0.186479
1401,RL,20,Light Heavy,0,Low-Medium,1,Low,0,High,2,High,2,3.2265,715.422,6.57427,0.0575386,0.186479
1402,RL,39,Light Heavy,0,Low-Medium,1,High,4,High,2,High,2,3.2504,721.042,6.58208,0.0576646,0.186479
1403,RL,39,Light Heavy,0,Low-Medium,1,High,4,High,2,High,2,3.26831,726.515,6.58963,0.0578667,0.186479
1404,RL,35,Light Heavy,0,Low-Medium,1,Low,0,High,2,High,2,3.24185,718.549,6.57862,0.0578468,0.186479
1405,RL,39,Light Heavy,0,Low-Medium,1,High,4,High,2,High,2,3.25606,723.246,6.58513,0.0575678,0.186479
1406,RL,20,Light Heavy,0,Low-Medium,1,Low,0,High,2,High,2,3.21163,711.373,6.5686,0.0576577,0.186479
1407,RL,20,Light Heavy,0,Low-Medium,1,Low,0,High,2,High,2,3.2377,717.777,6.57755,0.0575501,0.186479
1408,RL,20,BSDF Heavy,0,Low,0,Low,0,Medium,1,Low,0,3.22916,715.727,6.5747,0.0576062,0.186404
1409,RL,110,BSDF Heavy,0,Low,0,Low,0,Medium,1,Low,0,3.23605,716.283,6.57547,0.0659318,0.186404
1410,RL,129,BSDF Heavy,0,Low,0,High,4,Medium,1,Low,0,3.2563,720.851,6.58182,0.0661277,0.186404
1411,RL,129,BSDF Heavy,0,Low,0,High,4,Medium,1,Low,0,3.26009,721.73,6.58304,0.066037,0.186404
1412,RL,129,BSDF Heavy,0,Low,0,High,4,Medium,1,Low,0,3.25498,720.641,6.58153,0.0659241,0.186404
1413,RL,110,BSDF Heavy,0,Low,0,Low,0,Medium,1,Low,0,3.23948,716.77,6.57615,0.0660278,0.186404
1414,RL,129,BSDF Heavy,0,Low,0,High,4,Medium,1,Low,0,3.25679,720.672,6.58157,0.0661108,0.186404
1415,RL,110,BSDF Heavy,0,Low,0,Low,0,Medium,1,Low,0,3.23792,716.833,6.57624,0.0657742,0.186404
1416,RL,127,BSDF Heavy,0,Medium,2,Medium,2,High,2,High,2,3.24911,719.607,6.58009,0.0656728,0.18633
1417,RL,125,BSDF Heavy,0,Medium,2,Low,0,High,2,High,2,3.24385,718.64,6.57875,0.066014,0.18633
1418,RL,129,BSDF Heavy,0,Medium,2,High,4,High,2,High,2,3.25734,720.874,6.58185,0.0658979,0.18633
1419,RL,110,BSDF Heavy,0,Medium,2,Low,0,High,2,High,2,3.22693,715.124,6.57385,0.065443,0.18633
1420,RL,129,BSDF Heavy,0,Medium,2,High,4,High,2,High,2,3.26703,723.831,6.58594,0.065964,0.18633
1421,RL,129,BSDF Heavy,0,Medium,2,High,4,High,2,High,2,3.25567,721.651,6.58293,0.0657043,0.18633
1422,RL,129,BSDF Heavy,0,Medium,2,High,4,High,2,High,2,3.25958,721.757,6.58307,0.0659256,0.18633
1423,RL,129,BSDF Heavy,0,Medium,2,High,4,High,2,High,2,3.25279,720.469,6.58129,0.0657942,0.18633
1424,RL,125,Light Heavy,0,Low,0,Low,0,High,2,High,2,3.24413,718.636,6.57875,0.0657765,0.186255
1425,RL,39,Light Heavy,0,Low,0,High,4,High,2,High,2,3.25977,723.894,6.58603,0.0577161,0.186255
1426,RL,39,Light Heavy,0,Low,0,High,4,High,2,High,2,3.25094,722.976,6.58476,0.057514,0.186255
1427,RL,39,Light Heavy,0,Low,0,High,4,High,2,High,2,3.25731,724.051,6.58624,0.0578099,0.186255
1428,RL,20,Light Heavy,0,Low,0,Low,0,High,2,High,2,3.23418,718.571,6.57865,0.0576892,0.186255
1429,RL,20,Light Heavy,0,Low,0,Low,0,High,2,High,2,3.23262,717.426,6.57706,0.0577407,0.186255
1430,RL,20,Light Heavy,0,Low,0,Low,0,High,2,High,2,3.22812,716.334,6.57554,0.0576416,0.186255
1431,RL,39,Light Heavy,0,Low,0,High,4,High,2,High,2,3.24098,720.816,6.58177,0.0577123,0.186255
1432,RL,39,BSDF Heavy,0,High,4,High,4,High,2,Low,0,3.2585,723.632,6.58566,0.0577622,0.186181
1433,RL,110,BSDF Heavy,0,High,4,Low,0,High,2,Low,0,3.22958,713.838,6.57206,0.0655222,0.186181
1434,RL,110,BSDF Heavy,0,High,4,Low,0,High,2,Low,0,3.22342,713.674,6.57183,0.0655268,0.186181
1435,RL,129,BSDF Heavy,0,High,4,High,4,High,2,Low,0,3.25209,720.753,6.58168,0.0656582,0.186181
1436,RL,129,BSDF Heavy,0,High,4,High,4,High,2,Low,0,3.26385,722.738,6.58443,0.0655145,0.186181
1437,RL,129,BSDF Heavy,0,High,4,High,4,High,2,Low,0,3.26982,724.054,6.58625,0.0657873,0.186181
1438,RL,129,BSDF Heavy,0,High,4,High,4,High,2,Low,0,3.27549,725.933,6.58883,0.0662584,0.186181
1439,RL,129,BSDF Heavy,0,High,4,High,4,High,2,Low,0,3.26385,722.68,6.58435,0.065994,0.186181
1440,RL,125,BSDF Heavy,0,Low,0,Low,0,High,2,High,2,3.2454,718.764,6.57892,0.0656006,0.186106
1441,RL,129,BSDF Heavy,0,Low,0,High,4,High,2,High,2,3.25831,722.66,6.58432,0.0656997,0.186106
1442,RL,125,BSDF Heavy,0,Low,0,Low,0,High,2,High,2,3.24394,717.56,6.57725,0.0663813,0.186106
1443,RL,125,BSDF Heavy,0,Low,0,Low,0,High,2,High,2,3.24384,717.924,6.57775,0.0657573,0.186106
1444,RL,110,BSDF Heavy,0,Low,0,Low,0,High,2,High,2,3.22453,714.043,6.57234,0.0654891,0.186106
1445,RL,127,BSDF Heavy,0,Low,0,Medium,2,High,2,High,2,3.24632,719.463,6.57989,0.0658188,0.186106
1446,RL,129,BSDF Heavy,0,Low,0,High,4,High,2,High,2,3.27074,723.494,6.58547,0.0659479,0.186106
1447,RL,110,BSDF Heavy,0,Low,0,Low,0,High,2,High,2,3.23326,716.262,6.57544,0.0655598,0.186106
1448,RL,129,BSDF Heavy,0,High,4,High,4,High,2,High,2,3.25599,721.219,6.58233,0.066266,0.186032
1449,RL,125,BSDF Heavy,0,High,4,Low,0,High,2,High,2,3.24451,718.464,6.57851,0.0660224,0.186032
1450,RL,129,BSDF Heavy,0,High,4,High,4,High,2,High,2,3.25992,721.86,6.58322,0.0658488,0.186032
1451,RL,127,BSDF Heavy,0,High,4,Medium,2,High,2,High,2,3.25116,719.767,6.58032,0.0658549,0.186032
1452,RL,126,BSDF Heavy,0,High,4,Low-Medium,1,High,2,High,2,3.24556,719.295,6.57966,0.0661669,0.186032
1453,RL,129,BSDF Heavy,0,High,4,High,4,High,2,High,2,3.25696,721.287,6.58242,0.065964,0.186032
1454,RL,128,BSDF Heavy,0,High,4,Medium-High,3,High,2,High,2,3.2515,720.182,6.58089,0.0658234,0.186032
1455,RL,125,BSDF Heavy,0,High,4,Low,0,High,2,High,2,3.2454,718.856,6.57905,0.0657765,0.186032
1456,RL,129,BSDF Heavy,0,High,4,High,4,High,2,High,2,3.2561,720.998,6.58202,0.0658027,0.185957
1457,RL,129,BSDF Heavy,0,High,4,High,4,High,2,High,2,3.25689,721.025,6.58206,0.065941,0.185957
1458,RL,129,BSDF Heavy,0,High,4,High,4,High,2,High,2,3.27043,724.391,6.58671,0.0658188,0.185957
1459,RL,129,BSDF Heavy,0,High,4,High,4,High,2,High,2,3.27791,726.004,6.58893,0.0660232,0.185957
1460,RL,129,BSDF Heavy,0,High,4,High,4,High,2,High,2,3.25838,722.027,6.58345,0.0657012,0.185957
1461,RL,128,BSDF Heavy,0,High,4,Medium-High,3,High,2,High,2,3.25351,719.893,6.58049,0.0660808,0.185957
1462,RL,110,BSDF Heavy,0,High,4,Low,0,High,2,High,2,3.23103,715.051,6.57375,0.0656828,0.185957
1463,RL,129,BSDF Heavy,0,High,4,High,4,High,2,High,2,3.25286,720.315,6.58108,0.0656313,0.185957
1464,RL,126,BSDF Heavy,0,Low-Medium,1,Low-Medium,1,High,2,High,2,3.25029,719.317,6.57969,0.0663483,0.185883
1465,RL,129,BSDF Heavy,0,Low-Medium,1,High,4,High,2,High,2,3.25137,720.484,6.58131,0.0658303,0.185883
1466,RL,129,BSDF Heavy,0,Low-Medium,1,High,4,High,2,High,2,3.25864,721.084,6.58214,0.0658165,0.185883
1467,RL,129,BSDF Heavy,0,Low-Medium,1,High,4,High,2,High,2,3.26828,723.498,6.58548,0.0661293,0.185883
1468,RL,129,BSDF Heavy,0,Low-Medium,1,High,4,High,2,High,2,3.28196,727.297,6.59071,0.0658749,0.185883
1469,RL,126,BSDF Heavy,0,Low-Medium,1,Low-Medium,1,High,2,High,2,3.24851,719.238,6.57958,0.0657227,0.185883
1470,RL,125,BSDF Heavy,0,Low-Medium,1,Low,0,High,2,High,2,3.24306,717.852,6.57766,0.0657765,0.185883
1471,RL,129,BSDF Heavy,0,Low-Medium,1,High,4,High,2,High,2,3.25506,721.083,6.58214,0.0656021,0.185883
1472,RL,129,BSDF Heavy,0,High,4,High,4,High,2,High,2,3.26418,721.776,6.5831,0.0661162,0.185809
1473,RL,110,BSDF Heavy,0,High,4,Low,0,High,2,High,2,3.2305,714.726,6.5733,0.0657489,0.185809
1474,RL,110,BSDF Heavy,0,High,4,Low,0,High,2,High,2,3.23001,715.634,6.57456,0.0659602,0.185809
1475,RL,129,BSDF Heavy,0,High,4,High,4,High,2,High,2,3.27141,724.085,6.58629,0.0662499,0.185809
1476,RL,129,BSDF Heavy,0,High,4,High,4,High,2,High,2,3.25507,720.278,6.58103,0.0660893,0.185809
1477,RL,125,BSDF Heavy,0,High,4,Low,0,High,2,High,2,3.24089,717.588,6.57729,0.0652232,0.185809
1478,RL,110,BSDF Heavy,0,High,4,Low,0,High,2,High,2,3.23623,717.823,6.57762,0.0655637,0.185809
1479,RL,129,BSDF Heavy,0,High,4,High,4,High,2,High,2,3.2569,720.993,6.58202,0.0658772,0.185809
1480,RL,126,BSDF Heavy,0,Low-Medium,1,Low-Medium,1,High,2,High,2,3.24852,719.274,6.57963,0.0654399,0.185734
1481,RL,125,BSDF Heavy,0,Low-Medium,1,Low,0,High,2,High,2,3.2438,718.742,6.57889,0.0656459,0.185734
1482,RL,129,BSDF Heavy,0,Low-Medium,1,High,4,High,2,High,2,3.25152,720.443,6.58125,0.065868,0.185734
1483,RL,127,BSDF Heavy,0,Low-Medium,1,Medium,2,High,2,High,2,3.24647,719.537,6.58,0.0658734,0.185734
1484,RL,110,BSDF Heavy,0,Low-Medium,1,Low,0,High,2,High,2,3.21997,712.867,6.5707,0.0658165,0.185734
1485,RL,129,BSDF Heavy,0,Low-Medium,1,High,4,High,2,High,2,3.25771,720.993,6.58202,0.0662584,0.185734
1486,RL,125,BSDF Heavy,0,Low-Medium,1,Low,0,High,2,High,2,3.24104,717.62,6.57733,0.0658949,0.185734
1487,RL,126,BSDF Heavy,0,Low-Medium,1,Low-Medium,1,High,2,High,2,3.24887,719.073,6.57935,0.0653846,0.185734
1488,RL,110,BSDF Heavy,0,Low,0,Low,0,Medium,1,High,2,3.23257,714.437,6.57289,0.0658173,0.18566
1489,RL,110,BSDF Heavy,0,Low,0,Low,0,Medium,1,High,2,3.23812,715.931,6.57498,0.0661254,0.18566
1490,RL,129,BSDF Heavy,0,Low,0,High,4,Medium,1,High,2,3.26495,723.637,6.58567,0.0658449,0.18566
1491,RL,129,BSDF Heavy,0,Low,0,High,4,Medium,1,High,2,3.26655,721.488,6.5827,0.0659287,0.18566
1492,RL,127,BSDF Heavy,0,Low,0,Medium,2,Medium,1,High,2,3.24987,719.799,6.58036,0.065682,0.18566
1493,RL,126,BSDF Heavy,0,Low,0,Low-Medium,1,Medium,1,High,2,3.24833,719.177,6.5795,0.0660309,0.18566
1494,RL,110,BSDF Heavy,0,Low,0,Low,0,Medium,1,High,2,3.23654,717.372,6.57699,0.0657266,0.18566
1495,RL,125,BSDF Heavy,0,Low,0,Low,0,Medium,1,High,2,3.24058,717.431,6.57707,0.065868,0.18566
1496,RL,129,BSDF Heavy,0,High,4,High,4,High,2,High,2,3.25459,720.995,6.58202,0.0656559,0.185586
1497,RL,129,BSDF Heavy,0,High,4,High,4,High,2,High,2,3.28429,728.087,6.59179,0.0659917,0.185586
1498,RL,125,BSDF Heavy,0,High,4,Low,0,High,2,High,2,3.24243,717.718,6.57747,0.0656259,0.185586
1499,RL,129,BSDF Heavy,0,High,4,High,4,High,2,High,2,3.25044,720.648,6.58154,0.0656812,0.185586
1500,RL,129,BSDF Heavy,0,High,4,High,4,High,2,High,2,3.26634,723.167,6.58502,0.0657197,0.185586
1501,RL,128,BSDF Heavy,0,High,4,Medium-High,3,High,2,High,2,3.25546,720.24,6.58097,0.0658711,0.185586
1502,RL,110,BSDF Heavy,0,High,4,Low,0,High,2,High,2,3.23518,714.825,6.57344,0.065881,0.185586
1503,RL,110,BSDF Heavy,0,High,4,Low,0,High,2,High,2,3.22784,713.913,6.57216,0.0656244,0.185586
1504,RL,110,BSDF Heavy,0,Low,0,Low,0,Medium,1,High,2,3.2266,714.548,6.57305,0.0653431,0.185512
1505,RL,129,BSDF Heavy,0,Low,0,High,4,Medium,1,High,2,3.27637,725.825,6.58869,0.0659164,0.185512
1506,RL,129,BSDF Heavy,0,Low,0,High,4,Medium,1,High,2,3.26187,723.386,6.58532,0.0660486,0.185512
1507,RL,110,BSDF Heavy,0,Low,0,Low,0,Medium,1,High,2,3.22207,714.131,6.57247,0.0653178,0.185512
1508,RL,127,BSDF Heavy,0,Low,0,Medium,2,Medium,1,High,2,3.25146,719.549,6.58001,0.0657842,0.185512
1509,RL,129,BSDF Heavy,0,Low,0,High,4,Medium,1,High,2,3.27088,724.06,6.58625,0.0659225,0.185512
1510,RL,129,BSDF Heavy,0,Low,0,High,4,Medium,1,High,2,3.27454,725.094,6.58768,0.0660071,0.185512
1511,RL,110,BSDF Heavy,0,Low,0,Low,0,Medium,1,High,2,3.23793,716.952,6.5764,0.0657058,0.185512
1512,RL,129,BSDF Heavy,0,High,4,High,4,High,2,High,2,3.26742,723.177,6.58504,0.065921,0.185437
1513,RL,110,BSDF Heavy,0,High,4,Low,0,High,2,High,2,3.22701,714.879,6.57351,0.0656905,0.185437
1514,RL,110,BSDF Heavy,0,High,4,Low,0,High,2,High,2,3.22888,714.769,6.57336,0.0656405,0.185437
1515,RL,129,BSDF Heavy,0,High,4,High,4,High,2,High,2,3.26568,723.5,6.58548,0.0662991,0.185437
1516,RL,110,BSDF Heavy,0,High,4,Low,0,High,2,High,2,3.22968,714.427,6.57288,0.0658395,0.185437
1517,RL,126,BSDF Heavy,0,High,4,Low-Medium,1,High,2,High,2,3.24453,719.115,6.57941,0.0659917,0.185437
1518,RL,110,BSDF Heavy,0,High,4,Low,0,High,2,High,2,3.22609,714.439,6.5729,0.0658096,0.185437
1519,RL,129,BSDF Heavy,0,High,4,High,4,High,2,High,2,3.28327,726.238,6.58925,0.0660801,0.185437
1520,RL,110,BSDF Heavy,0,Low,0,Low,0,Medium,1,High,2,3.22948,715.162,6.57391,0.0660132,0.185363
1521,RL,129,BSDF Heavy,0,Low,0,High,4,Medium,1,High,2,3.26825,723.446,6.58541,0.0658749,0.185363
1522,RL,129,BSDF Heavy,0,Low,0,High,4,Medium,1,High,2,3.25842,720.971,6.58198,0.0658695,0.185363
1523,RL,125,BSDF Heavy,0,Low,0,Low,0,Medium,1,High,2,3.24299,717.791,6.57757,0.0658019,0.185363
1524,RL,110,BSDF Heavy,0,Low,0,Low,0,Medium,1,High,2,3.2179,713.369,6.5714,0.0655452,0.185363
1525,RL,129,BSDF Heavy,0,Low,0,High,4,Medium,1,High,2,3.25235,720.55,6.5814,0.0658595,0.185363
1526,RL,129,BSDF Heavy,0,Low,0,High,4,Medium,1,High,2,3.26423,723.366,6.5853,0.0660662,0.185363
1527,RL,110,BSDF Heavy,0,Low,0,Low,0,Medium,1,High,2,3.23631,716.62,6.57594,0.0656674,0.185363
1528,RL,125,BSDF Heavy,0,Low,0,Low,0,High,2,High,2,3.24788,717.809,6.5776,0.0657858,0.185289
1529,RL,125,BSDF Heavy,0,Low,0,Low,0,High,2,High,2,3.24603,718.699,6.57883,0.065858,0.185289
1530,RL,125,BSDF Heavy,0,Low,0,Low,0,High,2,High,2,3.24166,717.343,6.57695,0.0658288,0.185289
1531,RL,125,BSDF Heavy,0,Low,0,Low,0,High,2,High,2,3.24554,717.76,6.57753,0.0661961,0.185289
1532,RL,110,BSDF Heavy,0,Low,0,Low,0,High,2,High,2,3.23009,714.153,6.5725,0.065659,0.185289
1533,RL,110,BSDF Heavy,0,Low,0,Low,0,High,2,High,2,3.22621,714.034,6.57233,0.0657842,0.185289
1534,RL,129,BSDF Heavy,0,Low,0,High,4,High,2,High,2,3.26329,722.218,6.58371,0.0656259,0.185289
1535,RL,126,BSDF Heavy,0,Low,0,Low-Medium,1,High,2,High,2,3.24957,719.336,6.57972,0.0658534,0.185289
1536,RL,129,BSDF Heavy,0,High,4,High,4,High,2,High,2,3.26041,721.834,6.58318,0.0657942,0.185215
1537,RL,110,BSDF Heavy,0,High,4,Low,0,High,2,High,2,3.23576,715.609,6.57453,0.0657312,0.185215
1538,RL,129,BSDF Heavy,0,High,4,High,4,High,2,High,2,3.26252,723.13,6.58497,0.0654107,0.185215
1539,RL,125,BSDF Heavy,0,High,4,Low,0,High,2,High,2,3.24389,717.906,6.57773,0.0657066,0.185215
1540,RL,110,BSDF Heavy,0,High,4,Low,0,High,2,High,2,3.22963,714.55,6.57305,0.0659717,0.185215
1541,RL,129,BSDF Heavy,0,High,4,High,4,High,2,High,2,3.25205,721.614,6.58287,0.0656397,0.185215
1542,RL,110,BSDF Heavy,0,High,4,Low,0,High,2,High,2,3.23526,716.382,6.57561,0.0658711,0.185215
1543,RL,129,BSDF Heavy,0,High,4,High,4,High,2,High,2,3.26401,722.719,6.5844,0.0660463,0.185215
1544,RL,129,Balanced,0,High,4,High,4,High,2,High,2,3.26367,723.068,6.58489,0.0659195,0.185141
1545,RL,84,Balanced,0,High,4,High,4,High,2,High,2,3.25846,723.149,6.585,0.062675,0.185141
1546,RL,65,Balanced,0,High,4,Low,0,High,2,High,2,3.22755,715.956,6.57502,0.0623269,0.185141
1547,RL,84,Balanced,0,High,4,High,4,High,2,High,2,3.25122,720.324,6.58109,0.0629678,0.185141
1548,RL,65,Balanced,0,High,4,Low,0,High,2,High,2,3.21987,714.444,6.5729,0.0628087,0.185141
1549,RL,82,Balanced,0,High,4,Medium,2,High,2,High,2,3.24901,719.653,6.58016,0.0628364,0.185141
1550,RL,80,Balanced,0,High,4,Low,0,High,2,High,2,3.24279,718.329,6.57832,0.0627342,0.185141
1551,RL,65,Balanced,0,High,4,Low,0,High,2,High,2,3.22711,714.862,6.57349,0.0627035,0.185141
1552,RL,65,BSDF Heavy,0,Low,0,Low,0,Medium,1,Medium,1,3.23024,715.871,6.5749,0.062738,0.185067
1553,RL,129,BSDF Heavy,0,Low,0,High,4,Medium,1,Medium,1,3.25984,720.991,6.58201,0.0660078,0.185067
1554,RL,129,BSDF Heavy,0,Low,0,High,4,Medium,1,Medium,1,3.25384,720.83,6.58179,0.0658334,0.185067
1555,RL,129,BSDF Heavy,0,Low,0,High,4,Medium,1,Medium,1,3.26536,722.273,6.58379,0.0657696,0.185067
1556,RL,110,BSDF Heavy,0,Low,0,Low,0,Medium,1,Medium,1,3.23753,716.397,6.57563,0.065951,0.185067
1557,RL,125,BSDF Heavy,0,Low,0,Low,0,Medium,1,Medium,1,3.24857,718.671,6.57879,0.0658972,0.185067
1558,RL,129,BSDF Heavy,0,Low,0,High,4,Medium,1,Medium,1,3.26582,724.337,6.58664,0.0655137,0.185067
1559,RL,126,BSDF Heavy,0,Low,0,Low-Medium,1,Medium,1,Medium,1,3.25174,719.209,6.57954,0.0657566,0.185067
1560,RL,125,BSDF Heavy,0,Low,0,Low,0,High,2,High,2,3.24382,718.269,6.57824,0.0657688,0.184993
1561,RL,129,BSDF Heavy,0,Low,0,High,4,High,2,High,2,3.26724,724.009,6.58618,0.065888,0.184993
1562,RL,110,BSDF Heavy,0,Low,0,Low,0,High,2,High,2,3.22243,713.064,6.57097,0.0655921,0.184993
1563,RL,110,BSDF Heavy,0,Low,0,Low,0,High,2,High,2,3.23988,718.735,6.57888,0.0656213,0.184993
1564,RL,129,BSDF Heavy,0,Low,0,High,4,High,2,High,2,3.25226,720.281,6.58103,0.0657243,0.184993
1565,RL,129,BSDF Heavy,0,Low,0,High,4,High,2,High,2,3.27763,725.865,6.58874,0.0659756,0.184993
1566,RL,125,BSDF Heavy,0,Low,0,Low,0,High,2,High,2,3.24155,717.607,6.57731,0.0657243,0.184993
1567,RL,129,BSDF Heavy,0,Low,0,High,4,High,2,High,2,3.28189,726.824,6.59006,0.0660908,0.184993
1568,RL,129,BSDF Heavy,0,High,4,High,4,High,2,High,2,3.27179,724.542,6.58692,0.0658288,0.184919
1569,RL,129,BSDF Heavy,0,High,4,High,4,High,2,High,2,3.28423,727.668,6.59122,0.0659325,0.184919
1570,RL,129,BSDF Heavy,0,High,4,High,4,High,2,High,2,3.26421,722.827,6.58455,0.0659079,0.184919
1571,RL,129,BSDF Heavy,0,High,4,High,4,High,2,High,2,3.24901,720.752,6.58168,0.0657035,0.184919
1572,RL,125,BSDF Heavy,0,High,4,Low,0,High,2,High,2,3.24179,716.095,6.57521,0.0659402,0.184919
1573,RL,110,BSDF Heavy,0,High,4,Low,0,High,2,High,2,3.23975,716.424,6.57567,0.0658311,0.184919
1574,RL,129,BSDF Heavy,0,High,4,High,4,High,2,High,2,3.26138,721.819,6.58316,0.0658564,0.184919
1575,RL,126,BSDF Heavy,0,High,4,Low-Medium,1,High,2,High,2,3.24809,719.121,6.57942,0.0659663,0.184919
1576,RL,129,BSDF Heavy,0,High,4,High,4,High,2,High,2,3.28072,726.762,6.58997,0.0658979,0.184845
1577,RL,125,BSDF Heavy,0,High,4,Low,0,High,2,High,2,3.24541,718.148,6.57807,0.0656436,0.184845
1578,RL,129,BSDF Heavy,0,High,4,High,4,High,2,High,2,3.25471,720.308,6.58107,0.0659856,0.184845
1579,RL,129,BSDF Heavy,0,High,4,High,4,High,2,High,2,3.28266,727.492,6.59098,0.0659733,0.184845
1580,RL,110,BSDF Heavy,0,High,4,Low,0,High,2,High,2,3.20909,709.964,6.56662,0.0658826,0.184845
1581,RL,126,BSDF Heavy,0,High,4,Low-Medium,1,High,2,High,2,3.24543,719.06,6.57933,0.0657274,0.184845
1582,RL,129,BSDF Heavy,0,High,4,High,4,High,2,High,2,3.27958,725.926,6.58882,0.0661454,0.184845
1583,RL,129,BSDF Heavy,0,High,4,High,4,High,2,High,2,3.27115,724.249,6.58651,0.0660286,0.184845
1584,RL,125,BSDF Heavy,0,Low,0,Low,0,High,2,High,2,3.24281,717.428,6.57706,0.0658926,0.184771
1585,RL,129,BSDF Heavy,0,Low,0,High,4,High,2,High,2,3.25442,721.691,6.58298,0.0657519,0.184771
1586,RL,110,BSDF Heavy,0,Low,0,Low,0,High,2,High,2,3.20748,710.232,6.567,0.065496,0.184771
1587,RL,129,BSDF Heavy,0,Low,0,High,4,High,2,High,2,3.2815,725.793,6.58864,0.0661669,0.184771
1588,RL,129,BSDF Heavy,0,Low,0,High,4,High,2,High,2,3.25679,721.783,6.58311,0.0660709,0.184771
1589,RL,128,BSDF Heavy,0,Low,0,Medium-High,3,High,2,High,2,3.25255,720.019,6.58066,0.0657389,0.184771
1590,RL,129,BSDF Heavy,0,Low,0,High,4,High,2,High,2,3.26039,722.329,6.58386,0.0661969,0.184771
1591,RL,129,BSDF Heavy,0,Low,0,High,4,High,2,High,2,3.25999,721.404,6.58258,0.0658073,0.184771
1592,RL,129,BSDF Heavy,0,High,4,High,4,High,2,High,2,3.29046,729.03,6.59309,0.0659579,0.184697
1593,RL,129,BSDF Heavy,0,High,4,High,4,High,2,High,2,3.26167,722.408,6.58397,0.0658326,0.184697
1594,RL,129,BSDF Heavy,0,High,4,High,4,High,2,High,2,3.26334,722.001,6.58341,0.0658956,0.184697
1595,RL,129,BSDF Heavy,0,High,4,High,4,High,2,High,2,3.27444,724.189,6.58643,0.0661008,0.184697
1596,RL,110,BSDF Heavy,0,High,4,Low,0,High,2,High,2,3.23789,717.28,6.57686,0.0655537,0.184697
1597,RL,129,BSDF Heavy,0,High,4,High,4,High,2,High,2,3.26426,723.533,6.58553,0.0657481,0.184697
1598,RL,126,BSDF Heavy,0,High,4,Low-Medium,1,High,2,High,2,3.2503,719.128,6.57943,0.0661492,0.184697
1599,RL,125,BSDF Heavy,0,High,4,Low,0,High,2,High,2,3.24834,718.923,6.57914,0.0658703,0.184697
1600,RL,129,BSDF Heavy,0,High,4,High,4,High,2,High,2,3.26405,722.527,6.58414,0.0657443,0.184623
1601,RL,125,BSDF Heavy,0,High,4,Low,0,High,2,High,2,3.24562,718.612,6.57871,0.0658257,0.184623
1602,RL,129,BSDF Heavy,0,High,4,High,4,High,2,High,2,3.25387,721.387,6.58256,0.0659871,0.184623
1603,RL,129,BSDF Heavy,0,High,4,High,4,High,2,High,2,3.27691,725.535,6.58829,0.0662476,0.184623
1604,RL,129,BSDF Heavy,0,High,4,High,4,High,2,High,2,3.26544,723.179,6.58504,0.065951,0.184623
1605,RL,129,BSDF Heavy,0,High,4,High,4,High,2,High,2,3.27409,725.235,6.58787,0.0658857,0.184623
1606,RL,110,BSDF Heavy,0,High,4,Low,0,High,2,High,2,3.2336,715.424,6.57427,0.0657535,0.184623
1607,RL,129,BSDF Heavy,0,High,4,High,4,High,2,High,2,3.25975,721.506,6.58273,0.0659886,0.184623
1608,RL,110,BSDF Heavy,0,Low,0,Low,0,Medium,1,High,2,3.2314,715.537,6.57443,0.0656513,0.184549
1609,RL,110,BSDF Heavy,0,Low,0,Low,0,Medium,1,High,2,3.22407,713.291,6.57129,0.0655683,0.184549
1610,RL,129,BSDF Heavy,0,Low,0,High,4,Medium,1,High,2,3.26198,722.783,6.58449,0.0663421,0.184549
1611,RL,110,BSDF Heavy,0,Low,0,Low,0,Medium,1,High,2,3.22131,713.119,6.57105,0.0658979,0.184549
1612,RL,128,BSDF Heavy,0,Low,0,Medium-High,3,Medium,1,High,2,3.24808,719.98,6.58061,0.0658303,0.184549
1613,RL,129,BSDF Heavy,0,Low,0,High,4,Medium,1,High,2,3.26173,721.523,6.58275,0.065795,0.184549
1614,RL,125,BSDF Heavy,0,Low,0,Low,0,Medium,1,High,2,3.24139,717.37,6.57698,0.0655952,0.184549
1615,RL,110,BSDF Heavy,0,Low,0,Low,0,Medium,1,High,2,3.20367,709.632,6.56615,0.0655337,0.184549
1616,RL,125,BSDF Heavy,0,Low,0,Low,0,High,2,High,2,3.24091,717.042,6.57653,0.0656413,0.184476
1617,RL,129,BSDF Heavy,0,Low,0,High,4,High,2,High,2,3.26374,722.212,6.5837,0.0656075,0.184476
1618,RL,129,BSDF Heavy,0,Low,0,High,4,High,2,High,2,3.26671,723.086,6.58491,0.0658042,0.184476
1619,RL,126,BSDF Heavy,0,Low,0,Low-Medium,1,High,2,High,2,3.24181,719.093,6.57938,0.0659387,0.184476
1620,RL,110,BSDF Heavy,0,Low,0,Low,0,High,2,High,2,3.23562,716.248,6.57542,0.0659548,0.184476
1621,RL,125,BSDF Heavy,0,Low,0,Low,0,High,2,High,2,3.24806,718.565,6.57865,0.0657512,0.184476
1622,RL,110,BSDF Heavy,0,Low,0,Low,0,High,2,High,2,3.23646,716.873,6.57629,0.065453,0.184476
1623,RL,110,BSDF Heavy,0,Low,0,Low,0,High,2,High,2,3.22335,713.086,6.571,0.0657481,0.184476
1624,RL,128,BSDF Heavy,0,Medium-High,3,Medium-High,3,High,2,High,2,3.25081,719.976,6.58061,0.0660647,0.184402
1625,RL,110,BSDF Heavy,0,Medium-High,3,Low,0,High,2,High,2,3.23462,715.976,6.57504,0.0659802,0.184402
1626,RL,129,BSDF Heavy,0,Medium-High,3,High,4,High,2,High,2,3.25995,722.032,6.58345,0.0661369,0.184402
1627,RL,125,BSDF Heavy,0,Medium-High,3,Low,0,High,2,High,2,3.24252,718.205,6.57815,0.0656789,0.184402
1628,RL,125,BSDF Heavy,0,Medium-High,3,Low,0,High,2,High,2,3.24388,718.782,6.57895,0.0658042,0.184402
1629,RL,129,BSDF Heavy,0,Medium-High,3,High,4,High,2,High,2,3.25812,721.417,6.5826,0.0658296,0.184402
1630,RL,110,BSDF Heavy,0,Medium-High,3,Low,0,High,2,High,2,3.22304,713.634,6.57177,0.0657804,0.184402
1631,RL,129,BSDF Heavy,0,Medium-High,3,High,4,High,2,High,2,3.26199,722.086,6.58353,0.0657542,0.184402
1632,RL,129,BSDF Heavy,0,High,4,High,4,High,2,High,2,3.26053,722.286,6.5838,0.0658034,0.184328
1633,RL,129,BSDF Heavy,0,High,4,High,4,High,2,High,2,3.26397,722.449,6.58403,0.06619,0.184328
1634,RL,129,BSDF Heavy,0,High,4,High,4,High,2,High,2,3.27303,724.455,6.5868,0.0661623,0.184328
1635,RL,128,BSDF Heavy,0,High,4,Medium-High,3,High,2,High,2,3.25644,720.059,6.58072,0.0661392,0.184328
1636,RL,129,BSDF Heavy,0,High,4,High,4,High,2,High,2,3.26862,724.29,6.58657,0.0659579,0.184328
1637,RL,129,BSDF Heavy,0,High,4,High,4,High,2,High,2,3.28218,727.115,6.59046,0.0659794,0.184328
1638,RL,129,BSDF Heavy,0,High,4,High,4,High,2,High,2,3.26024,722.552,6.58417,0.0657604,0.184328
1639,RL,125,BSDF Heavy,0,High,4,Low,0,High,2,High,2,3.24322,717.571,6.57726,0.0659963,0.184328
1640,RL,129,Balanced,0,High,4,High,4,High,2,High,2,3.27472,725.357,6.58804,0.0658388,0.184254
1641,RL,82,Balanced,0,High,4,Medium,2,High,2,High,2,3.24846,719.788,6.58035,0.0627465,0.184254
1642,RL,84,Balanced,0,High,4,High,4,High,2,High,2,3.28279,729.236,6.59337,0.0629517,0.184254
1643,RL,84,Balanced,0,High,4,High,4,High,2,High,2,3.25839,722.499,6.5841,0.0626051,0.184254
1644,RL,65,Balanced,0,High,4,Low,0,High,2,High,2,3.23757,718.68,6.57881,0.0623054,0.184254
1645,RL,84,Balanced,0,High,4,High,4,High,2,High,2,3.28968,728.965,6.593,0.0627534,0.184254
1646,RL,65,Balanced,0,High,4,Low,0,High,2,High,2,3.23787,717.979,6.57783,0.0625321,0.184254
1647,RL,81,Balanced,0,High,4,Low-Medium,1,High,2,High,2,3.24714,719.11,6.5794,0.0629663,0.184254
1648,RL,84,Balanced,0,High,4,High,4,High,2,Medium,1,3.26406,723.591,6.58561,0.0628441,0.184181
1649,RL,65,Balanced,0,High,4,Low,0,High,2,Medium,1,3.235,717.07,6.57657,0.0627941,0.184181
1650,RL,84,Balanced,0,High,4,High,4,High,2,Medium,1,3.26015,723.107,6.58494,0.062506,0.184181
1651,RL,84,Balanced,0,High,4,High,4,High,2,Medium,1,3.24803,720.509,6.58134,0.0626489,0.184181
1652,RL,65,Balanced,0,High,4,Low,0,High,2,Medium,1,3.23785,717.534,6.57721,0.0625582,0.184181
1653,RL,84,Balanced,0,High,4,High,4,High,2,Medium,1,3.25211,721.428,6.58262,0.0628034,0.184181
1654,RL,84,Balanced,0,High,4,High,4,High,2,Medium,1,3.26204,723.204,6.58507,0.0628587,0.184181
1655,RL,84,Balanced,0,High,4,High,4,High,2,Medium,1,3.25514,721.819,6.58316,0.0628318,0.184181
1656,RL,84,BSDF Heavy,0,High,4,High,4,High,2,Medium,1,3.2653,723.706,6.58577,0.0627511,0.184107
1657,RL,129,BSDF Heavy,0,High,4,High,4,High,2,Medium,1,3.2713,723.671,6.58572,0.0661208,0.184107
1658,RL,110,BSDF Heavy,0,High,4,Low,0,High,2,Medium,1,3.23342,715.898,6.57493,0.0659379,0.184107
1659,RL,129,BSDF Heavy,0,High,4,High,4,High,2,Medium,1,3.2628,722.684,6.58436,0.065911,0.184107
1660,RL,129,BSDF Heavy,0,High,4,High,4,High,2,Medium,1,3.25917,722.078,6.58352,0.0660094,0.184107
1661,RL,129,BSDF Heavy,0,High,4,High,4,High,2,Medium,1,3.26938,724.26,6.58653,0.0657396,0.184107
1662,RL,129,BSDF Heavy,0,High,4,High,4,High,2,Medium,1,3.26731,722.895,6.58465,0.0655883,0.184107
1663,RL,129,BSDF Heavy,0,High,4,High,4,High,2,Medium,1,3.29832,730.34,6.59488,0.0661992,0.184107
1664,RL,129,BSDF Heavy,0,High,4,High,4,High,2,High,2,3.25468,721.391,6.58257,0.0659095,0.184033
1665,RL,129,BSDF Heavy,0,High,4,High,4,High,2,High,2,3.28671,728.254,6.59202,0.0659909,0.184033
1666,RL,125,BSDF Heavy,0,High,4,Low,0,High,2,High,2,3.25164,718.409,6.57843,0.0661469,0.184033
1667,RL,125,BSDF Heavy,0,High,4,Low,0,High,2,High,2,3.24546,718.382,6.57839,0.0658342,0.184033
1668,RL,110,BSDF Heavy,0,High,4,Low,0,High,2,High,2,3.2388,717.698,6.57744,0.0656689,0.184033
1669,RL,110,BSDF Heavy,0,High,4,Low,0,High,2,High,2,3.22499,714.179,6.57253,0.0657419,0.184033
1670,RL,129,BSDF Heavy,0,High,4,High,4,High,2,High,2,3.26487,721.798,6.58313,0.0659095,0.184033
1671,RL,125,BSDF Heavy,0,High,4,Low,0,High,2,High,2,3.24423,718.405,6.57842,0.0656874,0.184033
1672,RL,125,BSDF Heavy,0,Low,0,Low,0,High,2,High,2,3.24413,718.298,6.57828,0.0656951,0.18396
1673,RL,126,BSDF Heavy,0,Low,0,Low-Medium,1,High,2,High,2,3.24969,719.03,6.57929,0.065775,0.18396
1674,RL,125,BSDF Heavy,0,Low,0,Low,0,High,2,High,2,3.24154,717.415,6.57705,0.065808,0.18396
1675,RL,128,BSDF Heavy,0,Low,0,Medium-High,3,High,2,High,2,3.25326,720.025,6.58067,0.0658711,0.18396
1676,RL,129,BSDF Heavy,0,Low,0,High,4,High,2,High,2,3.28181,727.348,6.59078,0.065735,0.18396
1677,RL,129,BSDF Heavy,0,Low,0,High,4,High,2,High,2,3.25683,723.283,6.58518,0.0657435,0.18396
1678,RL,110,BSDF Heavy,0,Low,0,Low,0,High,2,High,2,3.23775,716.535,6.57582,0.0658203,0.18396
1679,RL,129,BSDF Heavy,0,Low,0,High,4,High,2,High,2,3.27082,723.815,6.58592,0.066004,0.18396
1680,RL,126,BSDF Heavy,0,Low-Medium,1,Low-Medium,1,High,2,High,2,3.24861,719.277,6.57964,0.0659917,0.183886
1681,RL,129,BSDF Heavy,0,Low-Medium,1,High,4,High,2,High,2,3.27393,725.201,6.58783,0.0659295,0.183886
1682,RL,110,BSDF Heavy,0,Low-Medium,1,Low,0,High,2,High,2,3.22832,715.098,6.57382,0.0659955,0.183886
1683,RL,129,BSDF Heavy,0,Low-Medium,1,High,4,High,2,High,2,3.29281,729.551,6.5938,0.0664228,0.183886
1684,RL,110,BSDF Heavy,0,Low-Medium,1,Low,0,High,2,High,2,3.23614,715.928,6.57498,0.0659095,0.183886
1685,RL,126,BSDF Heavy,0,Low-Medium,1,Low-Medium,1,High,2,High,2,3.2473,719.2,6.57953,0.0658088,0.183886
1686,RL,125,BSDF Heavy,0,Low-Medium,1,Low,0,High,2,High,2,3.24505,718.218,6.57817,0.0660839,0.183886
1687,RL,127,BSDF Heavy,0,Low-Medium,1,Medium,2,High,2,High,2,3.24844,719.431,6.57985,0.0659133,0.183886
1688,RL,129,BSDF Heavy,0,High,4,High,4,High,2,High,2,3.27908,726.94,6.59022,0.0655783,0.183813
1689,RL,129,BSDF Heavy,0,High,4,High,4,High,2,High,2,3.25996,722.576,6.58421,0.0658165,0.183813
1690,RL,125,BSDF Heavy,0,High,4,Low,0,High,2,High,2,3.24741,718.69,6.57882,0.0661723,0.183813
1691,RL,110,BSDF Heavy,0,High,4,Low,0,High,2,High,2,3.22882,715.184,6.57394,0.0656228,0.183813
1692,RL,110,BSDF Heavy,0,High,4,Low,0,High,2,High,2,3.23343,715.894,6.57493,0.0659902,0.183813
1693,RL,128,BSDF Heavy,0,High,4,Medium-High,3,High,2,High,2,3.25199,719.95,6.58057,0.0660601,0.183813
1694,RL,110,BSDF Heavy,0,High,4,Low,0,High,2,High,2,3.21376,710.952,6.56801,0.065858,0.183813
1695,RL,110,BSDF Heavy,0,High,4,Low,0,High,2,High,2,3.20876,709.747,6.56632,0.0658357,0.183813
1696,RL,129,BSDF Heavy,0,High,4,High,4,High,2,High,2,3.295,730.389,6.59495,0.066223,0.183739
1697,RL,125,BSDF Heavy,0,High,4,Low,0,High,2,High,2,3.24429,717.992,6.57785,0.0657258,0.183739
1698,RL,129,BSDF Heavy,0,High,4,High,4,High,2,High,2,3.25443,720.997,6.58202,0.0658288,0.183739
1699,RL,129,BSDF Heavy,0,High,4,High,4,High,2,High,2,3.27739,726.636,6.5898,0.0661754,0.183739
1700,RL,125,BSDF Heavy,0,High,4,Low,0,High,2,High,2,3.24521,718.499,6.57856,0.0657066,0.183739
1701,RL,129,BSDF Heavy,0,High,4,High,4,High,2,High,2,3.26555,724.216,6.58647,0.0658588,0.183739
1702,RL,129,BSDF Heavy,0,High,4,High,4,High,2,High,2,3.25634,721.361,6.58253,0.0660117,0.183739
1703,RL,129,BSDF Heavy,0,High,4,High,4,High,2,High,2,3.26053,722.182,6.58366,0.0659902,0.183739
1704,RL,129,BSDF Heavy,0,High,4,High,4,High,2,High,2,3.25032,720.513,6.58135,0.0658757,0.183666
1705,RL,129,BSDF Heavy,0,High,4,High,4,High,2,High,2,3.26954,723.224,6.5851,0.0660478,0.183666
1706,RL,110,BSDF Heavy,0,High,4,Low,0,High,2,High,2,3.22995,714.837,6.57345,0.0659794,0.183666
1707,RL,126,BSDF Heavy,0,High,4,Low-Medium,1,High,2,High,2,3.24383,719.228,6.57957,0.0658203,0.183666
1708,RL,128,BSDF Heavy,0,High,4,Medium-High,3,High,2,High,2,3.2511,720.047,6.5807,0.0657443,0.183666
1709,RL,129,BSDF Heavy,0,High,4,High,4,High,2,High,2,3.2741,725.661,6.58846,0.0658119,0.183666
1710,RL,129,BSDF Heavy,0,High,4,High,4,High,2,High,2,3.27431,724.709,6.58715,0.0657443,0.183666
1711,RL,125,BSDF Heavy,0,High,4,Low,0,High,2,High,2,3.24537,718.029,6.5779,0.0659018,0.183666
1712,RL,129,BSDF Heavy,0,High,4,High,4,High,2,High,2,3.25189,720.66,6.58155,0.0655091,0.183592
1713,RL,128,BSDF Heavy,0,High,4,Medium-High,3,High,2,High,2,3.2442,719.874,6.58046,0.0655391,0.183592
1714,RL,110,BSDF Heavy,0,High,4,Low,0,High,2,High,2,3.23435,716.045,6.57514,0.065848,0.183592
1715,RL,129,BSDF Heavy,0,High,4,High,4,High,2,High,2,3.25908,720.689,6.58159,0.0663022,0.183592
1716,RL,129,BSDF Heavy,0,High,4,High,4,High,2,High,2,3.28299,726.694,6.58988,0.0660078,0.183592
1717,RL,127,BSDF Heavy,0,High,4,Medium,2,High,2,High,2,3.25416,719.725,6.58026,0.0660563,0.183592
1718,RL,110,BSDF Heavy,0,High,4,Low,0,High,2,High,2,3.22437,713.848,6.57207,0.0657642,0.183592
1719,RL,129,BSDF Heavy,0,High,4,High,4,High,2,High,2,3.26073,723.246,6.58513,0.0657942,0.183592
1720,RL,129,BSDF Heavy,0,High,4,High,4,High,2,High,2,3.25837,721.986,6.58339,0.0658034,0.183519
1721,RL,110,BSDF Heavy,0,High,4,Low,0,High,2,High,2,3.22876,713.317,6.57133,0.0655721,0.183519
1722,RL,125,BSDF Heavy,0,High,4,Low,0,High,2,High,2,3.24905,718.563,6.57864,0.0661369,0.183519
1723,RL,110,BSDF Heavy,0,High,4,Low,0,High,2,High,2,3.21719,711.403,6.56864,0.0656144,0.183519
1724,RL,110,BSDF Heavy,0,High,4,Low,0,High,2,High,2,3.23839,718.269,6.57824,0.0655583,0.183519
1725,RL,129,BSDF Heavy,0,High,4,High,4,High,2,High,2,3.25627,721.521,6.58275,0.0659341,0.183519
1726,RL,125,BSDF Heavy,0,High,4,Low,0,High,2,High,2,3.24496,718.292,6.57827,0.0661615,0.183519
1727,RL,129,BSDF Heavy,0,High,4,High,4,High,2,High,2,3.27043,723.932,6.58608,0.0659771,0.183519
1728,RL,125,BSDF Heavy,0,Low,0,Low,0,High,2,High,2,3.24334,717.052,6.57654,0.0660985,0.183445
1729,RL,110,BSDF Heavy,0,Low,0,Low,0,High,2,High,2,3.22742,714.234,6.57261,0.065712,0.183445
1730,RL,129,BSDF Heavy,0,Low,0,High,4,High,2,High,2,3.25794,721.968,6.58336,0.0659271,0.183445
1731,RL,126,BSDF Heavy,0,Low,0,Low-Medium,1,High,2,High,2,3.24505,719.144,6.57945,0.0657181,0.183445
1732,RL,110,BSDF Heavy,0,Low,0,Low,0,High,2,High,2,3.2329,716.383,6.57561,0.0659756,0.183445
1733,RL,129,BSDF Heavy,0,Low,0,High,4,High,2,High,2,3.25281,720.383,6.58117,0.0659195,0.183445
1734,RL,125,BSDF Heavy,0,Low,0,Low,0,High,2,High,2,3.24295,717.607,6.57732,0.0656482,0.183445
1735,RL,129,BSDF Heavy,0,Low,0,High,4,High,2,High,2,3.26671,723.003,6.5848,0.0660324,0.183445
1736,RL,110,BSDF Heavy,0,Low,0,Low,0,Medium,1,High,2,3.21845,712.505,6.57019,0.0658334,0.183372
1737,RL,110,BSDF Heavy,0,Low,0,Low,0,Medium,1,High,2,3.23739,717.464,6.57712,0.0653454,0.183372
1738,RL,110,BSDF Heavy,0,Low,0,Low,0,Medium,1,High,2,3.22882,715.187,6.57394,0.0657335,0.183372
1739,RL,125,BSDF Heavy,0,Low,0,Low,0,Medium,1,High,2,3.24949,718.283,6.57825,0.065599,0.183372
1740,RL,125,BSDF Heavy,0,Low,0,Low,0,Medium,1,High,2,3.24253,717.694,6.57744,0.0659141,0.183372
1741,RL,129,BSDF Heavy,0,Low,0,High,4,Medium,1,High,2,3.27609,725.14,6.58774,0.0661869,0.183372
1742,RL,129,BSDF Heavy,0,Low,0,High,4,Medium,1,High,2,3.27848,725.866,6.58874,0.0657227,0.183372
1743,RL,110,BSDF Heavy,0,Low,0,Low,0,Medium,1,High,2,3.23951,718.575,6.57866,0.0654007,0.183372
1744,RL,125,BSDF Heavy,0,Low,0,Low,0,High,2,High,2,3.25008,718.458,6.5785,0.0659302,0.183299
1745,RL,110,BSDF Heavy,0,Low,0,Low,0,High,2,High,2,3.2281,714.93,6.57358,0.0655137,0.183299
1746,RL,129,BSDF Heavy,0,Low,0,High,4,High,2,High,2,3.25961,721.344,6.5825,0.0657473,0.183299
1747,RL,110,BSDF Heavy,0,Low,0,Low,0,High,2,High,2,3.21803,711.136,6.56827,0.065848,0.183299
1748,RL,127,BSDF Heavy,0,Low,0,Medium,2,High,2,High,2,3.25311,719.808,6.58037,0.0660025,0.183299
1749,RL,129,BSDF Heavy,0,Low,0,High,4,High,2,High,2,3.25436,720.893,6.58188,0.0659302,0.183299
1750,RL,129,BSDF Heavy,0,Low,0,High,4,High,2,High,2,3.27507,726.021,6.58895,0.0654753,0.183299
1751,RL,126,BSDF Heavy,0,Low,0,Low-Medium,1,High,2,High,2,3.25253,719.316,6.57969,0.0658864,0.183299
1752,RL,129,BSDF Heavy,0,High,4,High,4,High,2,High,2,3.26878,723.657,6.5857,0.0658365,0.183225
1753,RL,110,BSDF Heavy,0,High,4,Low,0,High,2,High,2,3.23432,715.472,6.57434,0.0660516,0.183225
1754,RL,129,BSDF Heavy,0,High,4,High,4,High,2,High,2,3.26046,721.512,6.58273,0.0657166,0.183225
1755,RL,110,BSDF Heavy,0,High,4,Low,0,High,2,High,2,3.23915,717.319,6.57691,0.0657404,0.183225
1756,RL,127,BSDF Heavy,0,High,4,Medium,2,High,2,High,2,3.25059,719.448,6.57987,0.0656006,0.183225
1757,RL,129,BSDF Heavy,0,High,4,High,4,High,2,High,2,3.27316,725.214,6.58785,0.0658688,0.183225
1758,RL,127,BSDF Heavy,0,High,4,Medium,2,High,2,High,2,3.25547,719.664,6.58017,0.0660516,0.183225
1759,RL,125,BSDF Heavy,0,High,4,Low,0,High,2,High,2,3.24344,717.961,6.57781,0.0657542,0.183225
1760,RL,129,BSDF Heavy,0,High,4,High,4,High,2,High,2,3.2703,725.208,6.58784,0.0658234,0.183152
1761,RL,125,BSDF Heavy,0,High,4,Low,0,High,2,High,2,3.24195,717.407,6.57704,0.0661316,0.183152
1762,RL,129,BSDF Heavy,0,High,4,High,4,High,2,High,2,3.27953,726.457,6.58955,0.0658964,0.183152
1763,RL,125,BSDF Heavy,0,High,4,Low,0,High,2,High,2,3.24695,717.371,6.57699,0.0656321,0.183152
1764,RL,110,BSDF Heavy,0,High,4,Low,0,High,2,High,2,3.23511,716.228,6.57539,0.0657481,0.183152
1765,RL,110,BSDF Heavy,0,High,4,Low,0,High,2,High,2,3.23944,717.372,6.57699,0.0655752,0.183152
1766,RL,127,BSDF Heavy,0,High,4,Medium,2,High,2,High,2,3.25093,719.795,6.58035,0.0657227,0.183152
1767,RL,110,BSDF Heavy,0,High,4,Low,0,High,2,High,2,3.23409,716.837,6.57624,0.065569,0.183152
1768,RL,127,BSDF Heavy,0,Medium,2,Medium,2,High,2,High,2,3.249,719.537,6.58,0.0661323,0.183079
1769,RL,129,BSDF Heavy,0,Medium,2,High,4,High,2,High,2,3.25292,720.891,6.58187,0.0657988,0.183079
1770,RL,125,BSDF Heavy,0,Medium,2,Low,0,High,2,High,2,3.24207,718.081,6.57797,0.065921,0.183079
1771,RL,128,BSDF Heavy,0,Medium,2,Medium-High,3,High,2,High,2,3.24586,720.22,6.58094,0.065254,0.183079
1772,RL,129,BSDF Heavy,0,Medium,2,High,4,High,2,High,2,3.25414,720.297,6.58105,0.0664228,0.183079
1773,RL,129,BSDF Heavy,0,Medium,2,High,4,High,2,High,2,3.26422,722.978,6.58476,0.0659264,0.183079
1774,RL,129,BSDF Heavy,0,Medium,2,High,4,High,2,High,2,3.26172,721.443,6.58264,0.0662368,0.183079
1775,RL,110,BSDF Heavy,0,Medium,2,Low,0,High,2,High,2,3.22592,714.388,6.57282,0.0658273,0.183079
1776,RL,129,BSDF Heavy,0,High,4,High,4,High,2,High,2,3.27539,725.662,6.58846,0.0660055,0.183006
1777,RL,129,BSDF Heavy,0,High,4,High,4,High,2,High,2,3.27271,723.999,6.58617,0.0662245,0.183006
1778,RL,129,BSDF Heavy,0,High,4,High,4,High,2,High,2,3.25569,720.727,6.58165,0.0656467,0.183006
1779,RL,129,BSDF Heavy,0,High,4,High,4,High,2,High,2,3.25228,720.863,6.58184,0.0659494,0.183006
1780,RL,129,BSDF Heavy,0,High,4,High,4,High,2,High,2,3.2648,722.823,6.58455,0.066047,0.183006
1781,RL,129,BSDF Heavy,0,High,4,High,4,High,2,High,2,3.28022,726.921,6.59019,0.0657735,0.183006
1782,RL,127,BSDF Heavy,0,High,4,Medium,2,High,2,High,2,3.24852,719.424,6.57984,0.0659879,0.183006
1783,RL,127,BSDF Heavy,0,High,4,Medium,2,High,2,High,2,3.25015,719.602,6.58009,0.0658787,0.183006
1784,RL,129,BSDF Heavy,0,High,4,High,4,High,2,High,2,3.27171,723.911,6.58605,0.0658764,0.182933
1785,RL,127,BSDF Heavy,0,High,4,Medium,2,High,2,High,2,3.25022,719.413,6.57982,0.0657227,0.182933
1786,RL,110,BSDF Heavy,0,High,4,Low,0,High,2,High,2,3.2168,711.86,6.56929,0.0658188,0.182933
1787,RL,129,BSDF Heavy,0,High,4,High,4,High,2,High,2,3.2703,724.474,6.58682,0.0658442,0.182933
1788,RL,110,BSDF Heavy,0,High,4,Low,0,High,2,High,2,3.23908,716.842,6.57625,0.0657834,0.182933
1789,RL,125,BSDF Heavy,0,High,4,Low,0,High,2,High,2,3.24172,718.444,6.57848,0.0657028,0.182933
1790,RL,129,BSDF Heavy,0,High,4,High,4,High,2,High,2,3.25812,721.034,6.58207,0.0661377,0.182933
1791,RL,128,BSDF Heavy,0,High,4,Medium-High,3,High,2,High,2,3.25268,719.829,6.5804,0.0660063,0.182933
1792,RL,129,BSDF Heavy,0,High,4,High,4,High,2,High,2,3.27649,726.293,6.58933,0.0658426,0.182859
1793,RL,128,BSDF Heavy,0,High,4,Medium-High,3,High,2,High,2,3.25126,720.193,6.58091,0.0661723,0.182859
1794,RL,110,BSDF Heavy,0,High,4,Low,0,High,2,High,2,3.22837,713.887,6.57212,0.0662038,0.182859
1795,RL,110,BSDF Heavy,0,High,4,Low,0,High,2,High,2,3.23572,716.987,6.57645,0.0653377,0.182859
1796,RL,110,BSDF Heavy,0,High,4,Low,0,High,2,High,2,3.23176,716.262,6.57544,0.0658941,0.182859
1797,RL,129,BSDF Heavy,0,High,4,High,4,High,2,High,2,3.25342,721.547,6.58278,0.0659978,0.182859
1798,RL,110,BSDF Heavy,0,High,4,Low,0,High,2,High,2,3.2316,715.882,6.57491,0.0655729,0.182859
1799,RL,129,BSDF Heavy,0,High,4,High,4,High,2,High,2,3.27608,726.082,6.58904,0.0656659,0.182859
1800,RL,129,BSDF Heavy,0,High,4,High,4,High,2,High,2,3.25515,720.649,6.58154,0.0658611,0.182786
1801,RL,110,BSDF Heavy,0,High,4,Low,0,High,2,High,2,3.2341,717.076,6.57658,0.0658388,0.182786
1802,RL,126,BSDF Heavy,0,High,4,Low-Medium,1,High,2,High,2,3.24748,719.322,6.5797,0.0659809,0.182786
1803,RL,125,BSDF Heavy,0,High,4,Low,0,High,2,High,2,3.24166,717.954,6.5778,0.0657266,0.182786
1804,RL,129,BSDF Heavy,0,High,4,High,4,High,2,High,2,3.2673,723.538,6.58553,0.0661854,0.182786
1805,RL,129,BSDF Heavy,0,High,4,High,4,High,2,High,2,3.25644,721.367,6.58253,0.0660386,0.182786
1806,RL,125,BSDF Heavy,0,High,4,Low,0,High,2,High,2,3.24295,718.427,6.57845,0.065815,0.182786
1807,RL,129,BSDF Heavy,0,High,4,High,4,High,2,High,2,3.26262,723.059,6.58487,0.0655852,0.182786
1808,RL,129,BSDF Heavy,0,High,4,High,4,High,2,High,2,3.26458,723.058,6.58487,0.0661408,0.182713
1809,RL,110,BSDF Heavy,0,High,4,Low,0,High,2,High,2,3.22959,714.016,6.5723,0.0657127,0.182713
1810,RL,125,BSDF Heavy,0,High,4,Low,0,High,2,High,2,3.24059,716.643,6.57597,0.0656628,0.182713
1811,RL,128,BSDF Heavy,0,High,4,Medium-High,3,High,2,High,2,3.24921,719.891,6.58049,0.0660793,0.182713
1812,RL,129,BSDF Heavy,0,High,4,High,4,High,2,High,2,3.26959,724.337,6.58664,0.0658065,0.182713
1813,RL,125,BSDF Heavy,0,High,4,Low,0,High,2,High,2,3.25,718.638,6.57875,0.0661323,0.182713
1814,RL,129,BSDF Heavy,0,High,4,High,4,High,2,High,2,3.29081,729.61,6.59388,0.0661216,0.182713
1815,RL,110,BSDF Heavy,0,High,4,Low,0,High,2,High,2,3.23977,717.049,6.57654,0.0658426,0.182713
1816,RL,129,BSDF Heavy,0,High,4,High,4,High,2,High,2,3.25772,722.773,6.58448,0.0659348,0.18264
1817,RL,129,BSDF Heavy,0,High,4,High,4,High,2,High,2,3.25927,721.955,6.58335,0.0656267,0.18264
1818,RL,129,BSDF Heavy,0,High,4,High,4,High,2,High,2,3.25211,720.488,6.58132,0.0658173,0.18264
1819,RL,110,BSDF Heavy,0,High,4,Low,0,High,2,High,2,3.23072,714.623,6.57315,0.065609,0.18264
1820,RL,129,BSDF Heavy,0,High,4,High,4,High,2,High,2,3.27536,724.766,6.58723,0.0659725,0.18264
1821,RL,129,BSDF Heavy,0,High,4,High,4,High,2,High,2,3.25465,721.491,6.58271,0.0656021,0.18264
1822,RL,110,BSDF Heavy,0,High,4,Low,0,High,2,High,2,3.23656,716.754,6.57613,0.0656144,0.18264
1823,RL,129,BSDF Heavy,0,High,4,High,4,High,2,High,2,3.2685,724.099,6.58631,0.0660862,0.18264
1824,RL,110,BSDF Heavy,0,Low,0,Low,0,Medium,1,High,2,3.21967,713.185,6.57114,0.0660716,0.182567
1825,RL,110,BSDF Heavy,0,Low,0,Low,0,Medium,1,High,2,3.2388,717.743,6.5775,0.0659064,0.182567
1826,RL,128,BSDF Heavy,0,Low,0,Medium-High,3,Medium,1,High,2,3.25024,719.861,6.58045,0.0657527,0.182567
1827,RL,129,BSDF Heavy,0,Low,0,High,4,Medium,1,High,2,3.25685,720.409,6.58121,0.0659118,0.182567
1828,RL,129,BSDF Heavy,0,Low,0,High,4,Medium,1,High,2,3.278,725.191,6.58781,0.0659279,0.182567
1829,RL,110,BSDF Heavy,0,Low,0,Low,0,Medium,1,High,2,3.22203,712.677,6.57043,0.0659187,0.182567
1830,RL,125,BSDF Heavy,0,Low,0,Low,0,Medium,1,High,2,3.24578,717.793,6.57757,0.0657489,0.182567
1831,RL,110,BSDF Heavy,0,Low,0,Low,0,Medium,1,High,2,3.23378,715.32,6.57413,0.0659441,0.182567
1832,RL,129,BSDF Heavy,0,High,4,High,4,High,2,High,2,3.26417,722.568,6.58419,0.0659003,0.182494
1833,RL,129,BSDF Heavy,0,High,4,High,4,High,2,High,2,3.27487,724.442,6.58678,0.0661915,0.182494
1834,RL,125,BSDF Heavy,0,High,4,Low,0,High,2,High,2,3.24086,716.589,6.5759,0.0659456,0.182494
1835,RL,129,BSDF Heavy,0,High,4,High,4,High,2,High,2,3.25654,720.77,6.58171,0.065921,0.182494
1836,RL,110,BSDF Heavy,0,High,4,Low,0,High,2,High,2,3.22154,713.935,6.57219,0.0654469,0.182494
1837,RL,110,BSDF Heavy,0,High,4,Low,0,High,2,High,2,3.21867,712.023,6.56951,0.0657166,0.182494
1838,RL,110,BSDF Heavy,0,High,4,Low,0,High,2,High,2,3.23318,715.335,6.57415,0.0656689,0.182494
1839,RL,110,BSDF Heavy,0,High,4,Low,0,High,2,High,2,3.23913,717.429,6.57707,0.0658442,0.182494
1840,RL,129,BSDF Heavy,0,High,4,High,4,High,2,High,2,3.25222,720.275,6.58102,0.065868,0.182421
1841,RL,129,BSDF Heavy,0,High,4,High,4,High,2,High,2,3.25323,720.432,6.58124,0.0659425,0.182421
1842,RL,110,BSDF Heavy,0,High,4,Low,0,High,2,High,2,3.22639,713.924,6.57218,0.0655614,0.182421
1843,RL,127,BSDF Heavy,0,High,4,Medium,2,High,2,High,2,3.24807,719.645,6.58015,0.0655836,0.182421
1844,RL,129,BSDF Heavy,0,High,4,High,4,High,2,High,2,3.26527,724.077,6.58628,0.0653931,0.182421
1845,RL,129,BSDF Heavy,0,High,4,High,4,High,2,High,2,3.26046,722.546,6.58416,0.0659248,0.182421
1846,RL,129,BSDF Heavy,0,High,4,High,4,High,2,High,2,3.25605,721.34,6.5825,0.0657512,0.182421
1847,RL,128,BSDF Heavy,0,High,4,Medium-High,3,High,2,High,2,3.25201,720.25,6.58099,0.065672,0.182421
1848,RL,129,BSDF Heavy,0,High,4,High,4,High,2,High,2,3.27434,724.898,6.58741,0.0662215,0.182348
1849,RL,129,BSDF Heavy,0,High,4,High,4,High,2,High,2,3.25797,722.244,6.58375,0.0656943,0.182348
1850,RL,110,BSDF Heavy,0,High,4,Low,0,High,2,High,2,3.23143,715.867,6.57489,0.0657642,0.182348
1851,RL,127,BSDF Heavy,0,High,4,Medium,2,High,2,High,2,3.24893,719.48,6.57992,0.0660048,0.182348
1852,RL,125,BSDF Heavy,0,High,4,Low,0,High,2,High,2,3.24462,718.766,6.57893,0.0659917,0.182348
1853,RL,129,BSDF Heavy,0,High,4,High,4,High,2,High,2,3.26914,723.729,6.5858,0.0657612,0.182348
1854,RL,125,BSDF Heavy,0,High,4,Low,0,High,2,High,2,3.24561,718.1,6.578,0.0659348,0.182348
1855,RL,129,BSDF Heavy,0,High,4,High,4,High,2,High,2,3.26562,722.506,6.58411,0.0660148,0.182348
1856,RL,110,Light Heavy,0,Low,0,Low,0,Medium,1,High,2,3.23545,716.692,6.57604,0.0658303,0.182275
1857,RL,39,Light Heavy,0,Low,0,High,4,Medium,1,High,2,3.25483,722.619,6.58426,0.0581603,0.182275
1858,RL,20,Light Heavy,0,Low,0,Low,0,Medium,1,High,2,3.22749,716.951,6.5764,0.0576308,0.182275
1859,RL,39,Light Heavy,0,Low,0,High,4,Medium,1,High,2,3.24522,720.672,6.58157,0.0576985,0.182275
1860,RL,20,Light Heavy,0,Low,0,Low,0,Medium,1,High,2,3.22159,716.342,6.57555,0.0574433,0.182275
1861,RL,39,Light Heavy,0,Low,0,High,4,Medium,1,High,2,3.27669,728.054,6.59175,0.0576731,0.182275
1862,RL,20,Light Heavy,0,Low,0,Low,0,Medium,1,High,2,3.21745,714.634,6.57317,0.0575909,0.182275
1863,RL,20,Light Heavy,0,Low,0,Low,0,Medium,1,High,2,3.2257,716.054,6.57515,0.0576047,0.182275
1864,RL,20,BSDF Heavy,0,Low,0,Low,0,Medium,1,Low,0,3.23099,717.716,6.57747,0.0578521,0.182202
1865,RL,127,BSDF Heavy,0,Low,0,Medium,2,Medium,1,Low,0,3.25097,719.786,6.58034,0.0661423,0.182202
1866,RL,110,BSDF Heavy,0,Low,0,Low,0,Medium,1,Low,0,3.23633,716.447,6.5757,0.065586,0.182202
1867,RL,129,BSDF Heavy,0,Low,0,High,4,Medium,1,Low,0,3.26277,723.02,6.58482,0.0655744,0.182202
1868,RL,129,BSDF Heavy,0,Low,0,High,4,Medium,1,Low,0,3.26974,723.671,6.58572,0.0661477,0.182202
1869,RL,129,BSDF Heavy,0,Low,0,High,4,Medium,1,Low,0,3.27505,726.045,6.58899,0.0661085,0.182202
1870,RL,125,BSDF Heavy,0,Low,0,Low,0,Medium,1,Low,0,3.24677,718.497,6.57855,0.0658288,0.182202
1871,RL,125,BSDF Heavy,0,Low,0,Low,0,Medium,1,Low,0,3.24333,718.346,6.57834,0.0656159,0.182202
1872,RL,110,BSDF Heavy,0,Low,0,Low,0,Medium,1,High,2,3.23408,716.27,6.57545,0.0659879,0.182129
1873,RL,129,BSDF Heavy,0,Low,0,High,4,Medium,1,High,2,3.28094,726.525,6.58965,0.0657535,0.182129
1874,RL,129,BSDF Heavy,0,Low,0,High,4,Medium,1,High,2,3.2551,721.275,6.58241,0.065951,0.182129
1875,RL,125,BSDF Heavy,0,Low,0,Low,0,Medium,1,High,2,3.24063,717.766,6.57754,0.0661193,0.182129
1876,RL,129,BSDF Heavy,0,Low,0,High,4,Medium,1,High,2,3.25742,721.347,6.58251,0.066097,0.182129
1877,RL,129,BSDF Heavy,0,Low,0,High,4,Medium,1,High,2,3.27904,726.374,6.58944,0.0661585,0.182129
1878,RL,125,BSDF Heavy,0,Low,0,Low,0,Medium,1,High,2,3.24427,718.061,6.57795,0.0658242,0.182129
1879,RL,129,BSDF Heavy,0,Low,0,High,4,Medium,1,High,2,3.25653,721.408,6.58259,0.065732,0.182129
1880,RL,110,BSDF Heavy,0,Low,0,Low,0,Medium,1,High,2,3.23868,716.451,6.5757,0.0659394,0.182057
1881,RL,129,BSDF Heavy,0,Low,0,High,4,Medium,1,High,2,3.25342,721.735,6.58304,0.0657819,0.182057
1882,RL,129,BSDF Heavy,0,Low,0,High,4,Medium,1,High,2,3.26799,723.32,6.58523,0.0656221,0.182057
1883,RL,129,BSDF Heavy,0,Low,0,High,4,Medium,1,High,2,3.26198,721.054,6.5821,0.0658096,0.182057
1884,RL,125,BSDF Heavy,0,Low,0,Low,0,Medium,1,High,2,3.24373,718.596,6.57869,0.0654738,0.182057
1885,RL,129,BSDF Heavy,0,Low,0,High,4,Medium,1,High,2,3.26458,722.79,6.5845,0.0661116,0.182057
1886,RL,129,BSDF Heavy,0,Low,0,High,4,Medium,1,High,2,3.25942,723.107,6.58494,0.0656336,0.182057
1887,RL,110,BSDF Heavy,0,Low,0,Low,0,Medium,1,High,2,3.23051,715.398,6.57424,0.065795,0.182057
1888,RL,110,BSDF Heavy,0,Low,0,Low,0,Medium,1,High,2,3.22578,713.996,6.57228,0.0658057,0.181984
1889,RL,129,BSDF Heavy,0,Low,0,High,4,Medium,1,High,2,3.26161,722.006,6.58342,0.0658626,0.181984
1890,RL,110,BSDF Heavy,0,Low,0,Low,0,Medium,1,High,2,3.23321,716.177,6.57532,0.0656582,0.181984
1891,RL,110,BSDF Heavy,0,Low,0,Low,0,Medium,1,High,2,3.23804,717.12,6.57664,0.0656336,0.181984
1892,RL,127,BSDF Heavy,0,Low,0,Medium,2,Medium,1,High,2,3.24849,719.516,6.57997,0.0658088,0.181984
1893,RL,129,BSDF Heavy,0,Low,0,High,4,Medium,1,High,2,3.25821,721.754,6.58307,0.0661592,0.181984
1894,RL,126,BSDF Heavy,0,Low,0,Low-Medium,1,Medium,1,High,2,3.25098,719.318,6.57969,0.0661054,0.181984
1895,RL,126,BSDF Heavy,0,Low,0,Low-Medium,1,Medium,1,High,2,3.24967,719.305,6.57967,0.0658933,0.181984
1896,RL,129,BSDF Heavy,0,High,4,High,4,High,2,High,2,3.27061,724.678,6.58711,0.0659602,0.181911
1897,RL,125,BSDF Heavy,0,High,4,Low,0,High,2,High,2,3.24263,717.068,6.57656,0.0660924,0.181911
1898,RL,129,BSDF Heavy,0,High,4,High,4,High,2,High,2,3.2666,723.511,6.5855,0.0657028,0.181911
1899,RL,129,BSDF Heavy,0,High,4,High,4,High,2,High,2,3.25615,720.538,6.58139,0.0661039,0.181911
1900,RL,110,BSDF Heavy,0,High,4,Low,0,High,2,High,2,3.21779,712.238,6.56982,0.0658126,0.181911
1901,RL,128,BSDF Heavy,0,High,4,Medium-High,3,High,2,High,2,3.25075,719.913,6.58052,0.065649,0.181911
1902,RL,129,BSDF Heavy,0,High,4,High,4,High,2,High,2,3.25711,720.285,6.58103,0.0660739,0.181911
1903,RL,129,BSDF Heavy,0,High,4,High,4,High,2,High,2,3.27557,725.896,6.58878,0.0660132,0.181911
1904,RL,110,Balanced,0,Low,0,Low,0,Medium,1,High,2,3.21884,713.179,6.57113,0.0656082,0.181838
1905,RL,84,Balanced,0,Low,0,High,4,Medium,1,High,2,3.26275,723.313,6.58522,0.0626888,0.181838
1906,RL,65,Balanced,0,Low,0,Low,0,Medium,1,High,2,3.20815,710.648,6.56758,0.0625644,0.181838
1907,RL,84,Balanced,0,Low,0,High,4,Medium,1,High,2,3.27886,726.074,6.58903,0.0633121,0.181838
1908,RL,84,Balanced,0,Low,0,High,4,Medium,1,High,2,3.25516,722.459,6.58404,0.0625436,0.181838
1909,RL,80,Balanced,0,Low,0,Low,0,Medium,1,High,2,3.24046,717.899,6.57772,0.0628356,0.181838
1910,RL,84,Balanced,0,Low,0,High,4,Medium,1,High,2,3.26054,722.346,6.58389,0.0628856,0.181838
1911,RL,81,Balanced,0,Low,0,Low-Medium,1,Medium,1,High,2,3.24174,719.13,6.57943,0.0624937,0.181838
1912,RL,84,BSDF Heavy,0,High,4,High,4,High,2,Medium,1,3.26826,724.205,6.58645,0.0628325,0.181765
1913,RL,129,BSDF Heavy,0,High,4,High,4,High,2,Medium,1,3.25304,720.862,6.58183,0.0656543,0.181765
1914,RL,110,BSDF Heavy,0,High,4,Low,0,High,2,Medium,1,3.23681,716.352,6.57557,0.0658311,0.181765
1915,RL,125,BSDF Heavy,0,High,4,Low,0,High,2,Medium,1,3.24351,717.818,6.57761,0.0661031,0.181765
1916,RL,129,BSDF Heavy,0,High,4,High,4,High,2,Medium,1,3.29067,729.059,6.59313,0.0658434,0.181765
1917,RL,129,BSDF Heavy,0,High,4,High,4,High,2,Medium,1,3.2735,725.023,6.58758,0.0660478,0.181765
1918,RL,110,BSDF Heavy,0,High,4,Low,0,High,2,Medium,1,3.23401,715.94,6.57499,0.0657427,0.181765
1919,RL,129,BSDF Heavy,0,High,4,High,4,High,2,Medium,1,3.26606,722.225,6.58372,0.0659963,0.181765
1920,RL,129,Balanced,0,High,4,High,4,High,2,High,2,3.26463,722.435,6.58401,0.0660939,0.181693
1921,RL,65,Balanced,0,High,4,Low,0,High,2,High,2,3.22001,713.722,6.57189,0.0625206,0.181693
1922,RL,65,Balanced,0,High,4,Low,0,High,2,High,2,3.23467,717.842,6.57764,0.0626297,0.181693
1923,RL,84,Balanced,0,High,4,High,4,High,2,High,2,3.25579,722.012,6.58343,0.062612,0.181693
1924,RL,84,Balanced,0,High,4,High,4,High,2,High,2,3.25987,722.699,6.58438,0.0626727,0.181693
1925,RL,83,Balanced,0,High,4,Medium-High,3,High,2,High,2,3.2456,720.253,6.58099,0.062632,0.181693
1926,RL,84,Balanced,0,High,4,High,4,High,2,High,2,3.26478,723.37,6.5853,0.0631837,0.181693
1927,RL,65,Balanced,0,High,4,Low,0,High,2,High,2,3.22045,714.233,6.57261,0.0624299,0.181693
1928,RL,84,BSDF Heavy,0,High,4,High,4,High,2,Medium,1,3.25304,720.858,6.58183,0.0628625,0.18162
1929,RL,129,BSDF Heavy,0,High,4,High,4,High,2,Medium,1,3.25807,720.934,6.58193,0.0656935,0.18162
1930,RL,129,BSDF Heavy,0,High,4,High,4,High,2,Medium,1,3.25745,720.583,6.58145,0.0660855,0.18162
1931,RL,125,BSDF Heavy,0,High,4,Low,0,High,2,Medium,1,3.2437,717.861,6.57767,0.0655375,0.18162
1932,RL,126,BSDF Heavy,0,High,4,Low-Medium,1,High,2,Medium,1,3.24857,719.112,6.57941,0.0657274,0.18162
1933,RL,110,BSDF Heavy,0,High,4,Low,0,High,2,Medium,1,3.23834,717.321,6.57692,0.0659533,0.18162
1934,RL,129,BSDF Heavy,0,High,4,High,4,High,2,Medium,1,3.26124,722.33,6.58387,0.0655252,0.18162
1935,RL,127,BSDF Heavy,0,High,4,Medium,2,High,2,Medium,1,3.24895,719.594,6.58008,0.0657005,0.18162
1936,RL,129,BSDF Heavy,0,High,4,High,4,High,2,High,2,3.26464,723.019,6.58482,0.0659041,0.181548
1937,RL,129,BSDF Heavy,0,High,4,High,4,High,2,High,2,3.25972,721.221,6.58233,0.0659925,0.181548
1938,RL,129,BSDF Heavy,0,High,4,High,4,High,2,High,2,3.26279,722.742,6.58443,0.0659794,0.181548
1939,RL,129,BSDF Heavy,0,High,4,High,4,High,2,High,2,3.25642,720.87,6.58185,0.0661369,0.181548
1940,RL,129,BSDF Heavy,0,High,4,High,4,High,2,High,2,3.26572,722.72,6.5844,0.0661246,0.181548
1941,RL,125,BSDF Heavy,0,High,4,Low,0,High,2,High,2,3.24002,718.386,6.5784,0.0657873,0.181548
1942,RL,129,BSDF Heavy,0,High,4,High,4,High,2,High,2,3.25831,721.674,6.58296,0.0657796,0.181548
1943,RL,129,BSDF Heavy,0,High,4,High,4,High,2,High,2,3.29221,729.239,6.59337,0.0662407,0.181548
1944,RL,110,BSDF Heavy,0,Low,0,Low,0,Medium,1,High,2,3.21036,709.628,6.56615,0.065941,0.181475
1945,RL,129,BSDF Heavy,0,Low,0,High,4,Medium,1,High,2,3.26129,722.621,6.58427,0.0659525,0.181475
1946,RL,129,BSDF Heavy,0,Low,0,High,4,Medium,1,High,2,3.27497,725.245,6.58789,0.0657781,0.181475
1947,RL,125,BSDF Heavy,0,Low,0,Low,0,Medium,1,High,2,3.24434,717.997,6.57786,0.0659225,0.181475
1948,RL,129,BSDF Heavy,0,Low,0,High,4,Medium,1,High,2,3.26333,722.603,6.58424,0.0658465,0.181475
1949,RL,110,BSDF Heavy,0,Low,0,Low,0,Medium,1,High,2,3.23377,715.676,6.57462,0.065921,0.181475
1950,RL,129,BSDF Heavy,0,Low,0,High,4,Medium,1,High,2,3.25661,721.327,6.58248,0.0662706,0.181475
1951,RL,110,BSDF Heavy,0,Low,0,Low,0,Medium,1,High,2,3.20853,710.687,6.56764,0.0656021,0.181475
1952,RL,129,BSDF Heavy,0,High,4,High,4,High,2,High,2,3.254,720.9,6.58189,0.0659095,0.181402
1953,RL,126,BSDF Heavy,0,High,4,Low-Medium,1,High,2,High,2,3.25056,719.383,6.57978,0.0658634,0.181402
1954,RL,110,BSDF Heavy,0,High,4,Low,0,High,2,High,2,3.22944,715.006,6.57369,0.065931,0.181402
1955,RL,125,BSDF Heavy,0,High,4,Low,0,High,2,High,2,3.25088,718.108,6.57801,0.0658841,0.181402
1956,RL,126,BSDF Heavy,0,High,4,Low-Medium,1,High,2,High,2,3.25228,719.077,6.57936,0.0659825,0.181402
1957,RL,110,BSDF Heavy,0,High,4,Low,0,High,2,High,2,3.23873,717.936,6.57777,0.0660048,0.181402
1958,RL,128,BSDF Heavy,0,High,4,Medium-High,3,High,2,High,2,3.25155,719.957,6.58058,0.0659448,0.181402
1959,RL,110,BSDF Heavy,0,High,4,Low,0,High,2,High,2,3.23765,716.824,6.57622,0.0658027,0.181402
1960,RL,129,BSDF Heavy,0,High,4,High,4,High,2,High,2,3.25226,720.638,6.58152,0.0655883,0.18133
1961,RL,110,BSDF Heavy,0,High,4,Low,0,High,2,High,2,3.23374,716.038,6.57513,0.0656697,0.18133
1962,RL,125,BSDF Heavy,0,High,4,Low,0,High,2,High,2,3.2462,718.182,6.57811,0.0657366,0.18133
1963,RL,110,BSDF Heavy,0,High,4,Low,0,High,2,High,2,3.21281,711.597,6.56892,0.0655683,0.18133
1964,RL,129,BSDF Heavy,0,High,4,High,4,High,2,High,2,3.26522,723.046,6.58485,0.0660232,0.18133
1965,RL,126,BSDF Heavy,0,High,4,Low-Medium,1,High,2,High,2,3.24817,719.343,6.57973,0.0657104,0.18133
1966,RL,126,BSDF Heavy,0,High,4,Low-Medium,1,High,2,High,2,3.2471,719.152,6.57946,0.0656705,0.18133
1967,RL,129,BSDF Heavy,0,High,4,High,4,High,2,High,2,3.26627,723.544,6.58554,0.0661139,0.18133
1968,RL,129,BSDF Heavy,0,High,4,High,4,High,2,High,2,3.27642,726.387,6.58946,0.0661723,0.181257
1969,RL,110,BSDF Heavy,0,High,4,Low,0,High,2,High,2,3.2382,716.367,6.57559,0.0662069,0.181257
1970,RL,125,BSDF Heavy,0,High,4,Low,0,High,2,High,2,3.2447,718.306,6.57829,0.0657881,0.181257
1971,RL,110,BSDF Heavy,0,High,4,Low,0,High,2,High,2,3.23752,716.234,6.5754,0.066044,0.181257
1972,RL,129,BSDF Heavy,0,High,4,High,4,High,2,High,2,3.28105,727.077,6.59041,0.0661077,0.181257
1973,RL,128,BSDF Heavy,0,High,4,Medium-High,3,High,2,High,2,3.25069,720.048,6.58071,0.0659671,0.181257
1974,RL,126,BSDF Heavy,0,High,4,Low-Medium,1,High,2,High,2,3.25064,719.371,6.57977,0.0657481,0.181257
1975,RL,125,BSDF Heavy,0,High,4,Low,0,High,2,High,2,3.24561,718.497,6.57855,0.0656682,0.181257
1976,RL,125,BSDF Heavy,0,Low,0,Low,0,High,2,High,2,3.24444,718.291,6.57827,0.066047,0.181185
1977,RL,129,BSDF Heavy,0,Low,0,High,4,High,2,High,2,3.2734,724.44,6.58678,0.0661147,0.181185
1978,RL,125,BSDF Heavy,0,Low,0,Low,0,High,2,High,2,3.24406,718.428,6.57846,0.0656805,0.181185
1979,RL,125,BSDF Heavy,0,Low,0,Low,0,High,2,High,2,3.24188,717.515,6.57719,0.0657258,0.181185
1980,RL,125,BSDF Heavy,0,Low,0,Low,0,High,2,High,2,3.2406,717.251,6.57682,0.0657811,0.181185
1981,RL,125,BSDF Heavy,0,Low,0,Low,0,High,2,High,2,3.24306,717.833,6.57763,0.0658518,0.181185
1982,RL,125,BSDF Heavy,0,Low,0,Low,0,High,2,High,2,3.24716,718.6,6.5787,0.0658419,0.181185
1983,RL,110,BSDF Heavy,0,Low,0,Low,0,High,2,High,2,3.23361,716.557,6.57585,0.065546,0.181185
1984,RL,110,BSDF Heavy,0,Low,0,Low,0,Medium,1,High,2,3.23249,715.147,6.57389,0.0657289,0.181112
1985,RL,125,BSDF Heavy,0,Low,0,Low,0,Medium,1,High,2,3.24449,717.833,6.57763,0.0657289,0.181112
1986,RL,110,BSDF Heavy,0,Low,0,Low,0,Medium,1,High,2,3.23576,715.768,6.57475,0.0658426,0.181112
1987,RL,126,BSDF Heavy,0,Low,0,Low-Medium,1,Medium,1,High,2,3.24589,719.314,6.57969,0.0657904,0.181112
1988,RL,129,BSDF Heavy,0,Low,0,High,4,Medium,1,High,2,3.27994,725.894,6.58878,0.0659564,0.181112
1989,RL,128,BSDF Heavy,0,Low,0,Medium-High,3,Medium,1,High,2,3.24967,720.059,6.58072,0.0657973,0.181112
1990,RL,129,BSDF Heavy,0,Low,0,High,4,Medium,1,High,2,3.26638,723.831,6.58594,0.0658511,0.181112
1991,RL,125,BSDF Heavy,0,Low,0,Low,0,Medium,1,High,2,3.24328,717.878,6.57769,0.0660524,0.181112
1992,RL,110,Balanced,0,Low,0,Low,0,Medium,1,High,2,3.23149,715.31,6.57411,0.0656981,0.18104
1993,RL,65,Balanced,0,Low,0,Low,0,Medium,1,High,2,3.23884,718.413,6.57844,0.0627695,0.18104
1994,RL,82,Balanced,0,Low,0,Medium,2,Medium,1,High,2,3.25326,719.58,6.58006,0.0626566,0.18104
1995,RL,84,Balanced,0,Low,0,High,4,Medium,1,High,2,3.25545,720.802,6.58175,0.0629209,0.18104
1996,RL,80,Balanced,0,Low,0,Low,0,Medium,1,High,2,3.24342,718.492,6.57854,0.0627196,0.18104
1997,RL,81,Balanced,0,Low,0,Low-Medium,1,Medium,1,High,2,3.24753,719.343,6.57973,0.0627918,0.18104
1998,RL,80,Balanced,0,Low,0,Low,0,Medium,1,High,2,3.24088,717.425,6.57706,0.0628733,0.18104
1999,RL,84,Balanced,0,Low,0,High,4,Medium,1,High,2,3.27111,726.053,6.589,0.0627211,0.18104
2000,RL,80,BSDF Heavy,0,Low,0,Low,0,High,2,Medium,1,3.2437,718.678,6.5788,0.0626942,0.180967
2001,RL,129,BSDF Heavy,0,Low,0,High,4,High,2,Medium,1,3.25125,720.456,6.58127,0.0656029,0.180967
2002,RL,129,BSDF Heavy,0,Low,0,High,4,High,2,Medium,1,3.26704,722.866,6.58461,0.0660586,0.180967
2003,RL,129,BSDF Heavy,0,Low,0,High,4,High,2,Medium,1,3.25683,721.281,6.58241,0.0654968,0.180967
2004,RL,126,BSDF Heavy,0,Low,0,Low-Medium,1,High,2,Medium,1,3.24976,719.014,6.57927,0.0657681,0.180967
2005,RL,129,BSDF Heavy,0,Low,0,High,4,High,2,Medium,1,3.25509,720.609,6.58148,0.0657189,0.180967
2006,RL,129,BSDF Heavy,0,Low,0,High,4,High,2,Medium,1,3.25525,720.823,6.58178,0.066296,0.180967
2007,RL,110,BSDF Heavy,0,Low,0,Low,0,High,2,Medium,1,3.23167,714.865,6.57349,0.0659287,0.180967
2008,RL,126,BSDF Heavy,0,Low-Medium,1,Low-Medium,1,High,2,High,2,3.24993,719.093,6.57938,0.0657181,0.180895
2009,RL,129,BSDF Heavy,0,Low-Medium,1,High,4,High,2,High,2,3.26684,722.634,6.58429,0.0659287,0.180895
2010,RL,129,BSDF Heavy,0,Low-Medium,1,High,4,High,2,High,2,3.2535,720.796,6.58174,0.0655836,0.180895
2011,RL,129,BSDF Heavy,0,Low-Medium,1,High,4,High,2,High,2,3.2548,720.665,6.58156,0.0656013,0.180895
2012,RL,129,BSDF Heavy,0,Low-Medium,1,High,4,High,2,High,2,3.28231,727.884,6.59151,0.0658549,0.180895
2013,RL,129,BSDF Heavy,0,Low-Medium,1,High,4,High,2,High,2,3.27591,724.896,6.58741,0.0659418,0.180895
2014,RL,110,BSDF Heavy,0,Low-Medium,1,Low,0,High,2,High,2,3.23818,717.952,6.57779,0.065526,0.180895
2015,RL,129,BSDF Heavy,0,Low-Medium,1,High,4,High,2,High,2,3.26055,722.472,6.58406,0.0655491,0.180895
2016,RL,125,BSDF Heavy,0,Low,0,Low,0,High,2,High,2,3.24355,718.641,6.57875,0.0656674,0.180823
2017,RL,110,BSDF Heavy,0,Low,0,Low,0,High,2,High,2,3.23071,715.573,6.57448,0.0661031,0.180823
2018,RL,129,BSDF Heavy,0,Low,0,High,4,High,2,High,2,3.28457,727.211,6.59059,0.065961,0.180823
2019,RL,110,BSDF Heavy,0,Low,0,Low,0,High,2,High,2,3.23854,716.96,6.57641,0.0659026,0.180823
2020,RL,110,BSDF Heavy,0,Low,0,Low,0,High,2,High,2,3.22132,712.853,6.57068,0.0654953,0.180823
2021,RL,110,BSDF Heavy,0,Low,0,Low,0,High,2,High,2,3.22754,714.49,6.57297,0.0660317,0.180823
2022,RL,127,BSDF Heavy,0,Low,0,Medium,2,High,2,High,2,3.25177,719.593,6.58007,0.0658688,0.180823
2023,RL,129,BSDF Heavy,0,Low,0,High,4,High,2,High,2,3.25712,721.459,6.58266,0.0658319,0.180823
2024,RL,129,BSDF Heavy,0,High,4,High,4,High,2,High,2,3.26496,722.195,6.58368,0.0656682,0.18075
2025,RL,129,BSDF Heavy,0,High,4,High,4,High,2,High,2,3.27231,723.937,6.58608,0.0657496,0.18075
2026,RL,129,BSDF Heavy,0,High,4,High,4,High,2,High,2,3.26055,721.456,6.58266,0.0658826,0.18075
2027,RL,129,BSDF Heavy,0,High,4,High,4,High,2,High,2,3.27201,724.244,6.58651,0.0658803,0.18075
2028,RL,129,BSDF Heavy,0,High,4,High,4,High,2,High,2,3.25693,721.521,6.58275,0.0659833,0.18075
2029,RL,129,BSDF Heavy,0,High,4,High,4,High,2,High,2,3.26037,721.898,6.58327,0.0658511,0.18075
2030,RL,129,BSDF Heavy,0,High,4,High,4,High,2,High,2,3.26383,722.784,6.58449,0.065722,0.18075
2031,RL,129,BSDF Heavy,0,High,4,High,4,High,2,High,2,3.27353,726.338,6.58939,0.0657758,0.18075
2032,RL,129,BSDF Heavy,0,High,4,High,4,High,2,High,2,3.27931,725.766,6.5886,0.0659218,0.180678
2033,RL,110,BSDF Heavy,0,High,4,Low,0,High,2,High,2,3.22582,714.368,6.5728,0.0657673,0.180678
2034,RL,125,BSDF Heavy,0,High,4,Low,0,High,2,High,2,3.24909,718.876,6.57908,0.0657796,0.180678
2035,RL,129,BSDF Heavy,0,High,4,High,4,High,2,High,2,3.2738,724.127,6.58635,0.0662622,0.180678
2036,RL,129,BSDF Heavy,0,High,4,High,4,High,2,High,2,3.28247,726.882,6.59014,0.0662053,0.180678
2037,RL,128,BSDF Heavy,0,High,4,Medium-High,3,High,2,High,2,3.25387,720.094,6.58077,0.0660524,0.180678
2038,RL,128,BSDF Heavy,0,High,4,Medium-High,3,High,2,High,2,3.25034,719.878,6.58047,0.0657904,0.180678
2039,RL,129,BSDF Heavy,0,High,4,High,4,High,2,High,2,3.25354,720.316,6.58108,0.0660855,0.180678
2040,RL,129,Light Heavy,0,High,4,High,4,High,2,High,2,3.26789,723.798,6.58589,0.0660593,0.180606
2041,RL,37,Light Heavy,0,High,4,Medium,2,High,2,High,2,3.24282,719.734,6.58027,0.0576162,0.180606
2042,RL,39,Light Heavy,0,High,4,High,4,High,2,High,2,3.25594,722.217,6.58371,0.0578644,0.180606
2043,RL,39,Light Heavy,0,High,4,High,4,High,2,High,2,3.24944,721.431,6.58262,0.0578867,0.180606
2044,RL,39,Light Heavy,0,High,4,High,4,High,2,High,2,3.2529,721.936,6.58332,0.0578929,0.180606
2045,RL,39,Light Heavy,0,High,4,High,4,High,2,High,2,3.26128,724.216,6.58647,0.0578514,0.180606
2046,RL,39,Light Heavy,0,High,4,High,4,High,2,High,2,3.25632,723.143,6.58499,0.0578399,0.180606
2047,RL,20,Light Heavy,0,High,4,Low,0,High,2,High,2,3.22961,717.23,6.57679,0.0575647,0.180606
2048,RL,39,BSDF Heavy,0,High,4,High,4,High,2,Low,0,3.25064,721.695,6.58299,0.0579228,0.180534
2049,RL,110,BSDF Heavy,0,High,4,Low,0,High,2,Low,0,3.23993,717.367,6.57698,0.0655852,0.180534
2050,RL,129,BSDF Heavy,0,High,4,High,4,High,2,Low,0,3.25604,721.253,6.58238,0.0660224,0.180534
2051,RL,129,BSDF Heavy,0,High,4,High,4,High,2,Low,0,3.25589,721.046,6.58209,0.0657496,0.180534
2052,RL,127,BSDF Heavy,0,High,4,Medium,2,High,2,Low,0,3.24965,719.406,6.57981,0.0660186,0.180534
2053,RL,129,BSDF Heavy,0,High,4,High,4,High,2,Low,0,3.25699,721.08,6.58214,0.0660693,0.180534
2054,RL,129,BSDF Heavy,0,High,4,High,4,High,2,Low,0,3.27137,725.503,6.58824,0.0656159,0.180534
2055,RL,110,BSDF Heavy,0,High,4,Low,0,High,2,Low,0,3.23958,717.533,6.57721,0.065921,0.180534
2056,RL,129,BSDF Heavy,0,High,4,High,4,High,2,High,2,3.26059,721.199,6.5823,0.0663244,0.180461
2057,RL,125,BSDF Heavy,0,High,4,Low,0,High,2,High,2,3.244,718.761,6.57892,0.0657573,0.180461
2058,RL,110,BSDF Heavy,0,High,4,Low,0,High,2,High,2,3.22062,713.61,6.57174,0.0653593,0.180461
2059,RL,128,BSDF Heavy,0,High,4,Medium-High,3,High,2,High,2,3.2502,720.185,6.58089,0.0655106,0.180461
2060,RL,129,BSDF Heavy,0,High,4,High,4,High,2,High,2,3.25916,722.109,6.58356,0.0656997,0.180461
2061,RL,125,BSDF Heavy,0,High,4,Low,0,High,2,High,2,3.24395,718.168,6.5781,0.0656482,0.180461
2062,RL,125,BSDF Heavy,0,High,4,Low,0,High,2,High,2,3.24511,718.437,6.57847,0.0660232,0.180461
2063,RL,129,BSDF Heavy,0,High,4,High,4,High,2,High,2,3.25748,721.736,6.58304,0.0657573,0.180461
2064,RL,129,BSDF Heavy,0,High,4,High,4,High,2,High,2,3.27498,725.312,6.58798,0.0659779,0.180389
2065,RL,129,BSDF Heavy,0,High,4,High,4,High,2,High,2,3.25937,721.317,6.58246,0.0658426,0.180389
2066,RL,125,BSDF Heavy,0,High,4,Low,0,High,2,High,2,3.2435,718.724,6.57887,0.0656397,0.180389
2067,RL,125,BSDF Heavy,0,High,4,Low,0,High,2,High,2,3.24358,718.799,6.57897,0.0656236,0.180389
2068,RL,129,BSDF Heavy,0,High,4,High,4,High,2,High,2,3.27457,725.825,6.58869,0.0658772,0.180389
2069,RL,129,BSDF Heavy,0,High,4,High,4,High,2,High,2,3.26077,721.702,6.583,0.06618,0.180389
2070,RL,129,BSDF Heavy,0,High,4,High,4,High,2,High,2,3.27157,724.453,6.5868,0.0660109,0.180389
2071,RL,129,BSDF Heavy,0,High,4,High,4,High,2,High,2,3.26302,722.508,6.58411,0.0659302,0.180389
2072,RL,129,BSDF Heavy,0,High,4,High,4,High,2,High,2,3.25973,722.334,6.58387,0.0660347,0.180317
2073,RL,129,BSDF Heavy,0,High,4,High,4,High,2,High,2,3.25347,720.78,6.58172,0.0658103,0.180317
2074,RL,110,BSDF Heavy,0,High,4,Low,0,High,2,High,2,3.23663,716.687,6.57603,0.0658027,0.180317
2075,RL,129,BSDF Heavy,0,High,4,High,4,High,2,High,2,3.26212,722.154,6.58362,0.0659402,0.180317
2076,RL,129,BSDF Heavy,0,High,4,High,4,High,2,High,2,3.26991,724.445,6.58679,0.0659948,0.180317
2077,RL,129,BSDF Heavy,0,High,4,High,4,High,2,High,2,3.25625,720.457,6.58127,0.0659479,0.180317
2078,RL,110,BSDF Heavy,0,High,4,Low,0,High,2,High,2,3.22584,714.535,6.57303,0.0656843,0.180317
2079,RL,126,BSDF Heavy,0,High,4,Low-Medium,1,High,2,High,2,3.24689,718.99,6.57924,0.065599,0.180317
2080,RL,129,BSDF Heavy,0,High,4,High,4,High,2,High,2,3.26654,722.244,6.58375,0.0659871,0.180245
2081,RL,110,BSDF Heavy,0,High,4,Low,0,High,2,High,2,3.23309,715.225,6.57399,0.0658442,0.180245
2082,RL,129,BSDF Heavy,0,High,4,High,4,High,2,High,2,3.25493,721.955,6.58335,0.065725,0.180245
2083,RL,125,BSDF Heavy,0,High,4,Low,0,High,2,High,2,3.24518,718.514,6.57858,0.0660301,0.180245
2084,RL,125,BSDF Heavy,0,High,4,Low,0,High,2,High,2,3.24881,718.569,6.57865,0.0660931,0.180245
2085,RL,125,BSDF Heavy,0,High,4,Low,0,High,2,High,2,3.24471,717.95,6.57779,0.0661615,0.180245
2086,RL,129,BSDF Heavy,0,High,4,High,4,High,2,High,2,3.25553,720.514,6.58135,0.066296,0.180245
2087,RL,125,BSDF Heavy,0,High,4,Low,0,High,2,High,2,3.24307,716.879,6.5763,0.0660739,0.180245
2088,RL,125,BSDF Heavy,0,Low,0,Low,0,High,2,High,2,3.24881,718.209,6.57815,0.0658419,0.180173
2089,RL,129,BSDF Heavy,0,Low,0,High,4,High,2,High,2,3.26783,723.563,6.58557,0.0661116,0.180173
2090,RL,129,BSDF Heavy,0,Low,0,High,4,High,2,High,2,3.26896,724.687,6.58712,0.0656113,0.180173
2091,RL,125,BSDF Heavy,0,Low,0,Low,0,High,2,High,2,3.24345,718.291,6.57827,0.0658749,0.180173
2092,RL,129,BSDF Heavy,0,Low,0,High,4,High,2,High,2,3.27974,727.155,6.59051,0.0662069,0.180173
2093,RL,129,BSDF Heavy,0,Low,0,High,4,High,2,High,2,3.2587,722.866,6.58461,0.0656067,0.180173
2094,RL,129,BSDF Heavy,0,Low,0,High,4,High,2,High,2,3.26034,721.309,6.58245,0.0659133,0.180173
2095,RL,129,BSDF Heavy,0,Low,0,High,4,High,2,High,2,3.2566,721.183,6.58228,0.0658142,0.180173
2096,RL,129,BSDF Heavy,0,High,4,High,4,High,2,High,2,3.25893,720.88,6.58186,0.065964,0.180101
2097,RL,129,BSDF Heavy,0,High,4,High,4,High,2,High,2,3.26728,723.697,6.58575,0.0662845,0.180101
2098,RL,129,BSDF Heavy,0,High,4,High,4,High,2,High,2,3.25747,720.982,6.582,0.0660032,0.180101
2099,RL,125,BSDF Heavy,0,High,4,Low,0,High,2,High,2,3.24078,716.98,6.57644,0.0659794,0.180101
2100,RL,127,BSDF Heavy,0,High,4,Medium,2,High,2,High,2,3.25265,719.564,6.58003,0.0658903,0.180101
2101,RL,129,BSDF Heavy,0,High,4,High,4,High,2,High,2,3.25567,721.007,6.58203,0.065941,0.180101
2102,RL,129,BSDF Heavy,0,High,4,High,4,High,2,High,2,3.26044,722.886,6.58463,0.0657573,0.180101
2103,RL,110,BSDF Heavy,0,High,4,Low,0,High,2,High,2,3.22016,713.692,6.57185,0.0653593,0.180101
2104,RL,110,BSDF Heavy,0,Low,0,Low,0,Medium,1,High,2,3.23467,716.865,6.57628,0.0655299,0.180029
2105,RL,129,BSDF Heavy,0,Low,0,High,4,Medium,1,High,2,3.26582,723.033,6.58484,0.0657581,0.180029
2106,RL,110,BSDF Heavy,0,Low,0,Low,0,Medium,1,High,2,3.23044,715.401,6.57424,0.0655245,0.180029
2107,RL,125,BSDF Heavy,0,Low,0,Low,0,Medium,1,High,2,3.24425,717.137,6.57666,0.0661431,0.180029
2108,RL,127,BSDF Heavy,0,Low,0,Medium,2,Medium,1,High,2,3.25153,719.531,6.57999,0.0660755,0.180029
2109,RL,129,BSDF Heavy,0,Low,0,High,4,Medium,1,High,2,3.26174,722.24,6.58374,0.0658926,0.180029
2110,RL,129,BSDF Heavy,0,Low,0,High,4,Medium,1,High,2,3.26001,722.996,6.58479,0.0659371,0.180029
2111,RL,129,BSDF Heavy,0,Low,0,High,4,Medium,1,High,2,3.26893,722.978,6.58476,0.0660778,0.180029
2112,RL,129,Balanced,0,High,4,High,4,High,2,High,2,3.25402,721.028,6.58206,0.0658964,0.179957
2113,RL,65,Balanced,0,High,4,Low,0,High,2,High,2,3.22651,714.286,6.57268,0.0626735,0.179957
2114,RL,84,Balanced,0,High,4,High,4,High,2,High,2,3.27901,726.964,6.59025,0.062861,0.179957
2115,RL,84,Balanced,0,High,4,High,4,High,2,High,2,3.24896,721.22,6.58233,0.0626312,0.179957
2116,RL,65,Balanced,0,High,4,Low,0,High,2,High,2,3.23856,718.579,6.57867,0.0626258,0.179957
2117,RL,84,Balanced,0,High,4,High,4,High,2,High,2,3.26383,723.044,6.58485,0.0628733,0.179957
2118,RL,81,Balanced,0,High,4,Low-Medium,1,High,2,High,2,3.24251,719.158,6.57947,0.0627288,0.179957
2119,RL,65,Balanced,0,High,4,Low,0,High,2,High,2,3.2278,714.674,6.57322,0.0627757,0.179957
2120,RL,84,BSDF Heavy,0,High,4,High,4,High,2,Medium,1,3.27146,725.172,6.58779,0.062705,0.179885
2121,RL,110,BSDF Heavy,0,High,4,Low,0,High,2,Medium,1,3.23093,716.041,6.57513,0.0653746,0.179885
2122,RL,129,BSDF Heavy,0,High,4,High,4,High,2,Medium,1,3.26714,723.685,6.58574,0.0658787,0.179885
2123,RL,126,BSDF Heavy,0,High,4,Low-Medium,1,High,2,Medium,1,3.25184,719.274,6.57963,0.0657781,0.179885
2124,RL,129,BSDF Heavy,0,High,4,High,4,High,2,Medium,1,3.26568,723.191,6.58505,0.0657258,0.179885
2125,RL,129,BSDF Heavy,0,High,4,High,4,High,2,Medium,1,3.27991,726.732,6.58993,0.0661085,0.179885
2126,RL,129,BSDF Heavy,0,High,4,High,4,High,2,Medium,1,3.2671,722.979,6.58476,0.065974,0.179885
2127,RL,129,BSDF Heavy,0,High,4,High,4,High,2,Medium,1,3.2686,723.919,6.58606,0.0659932,0.179885
2128,RL,126,BSDF Heavy,0,Low-Medium,1,Low-Medium,1,High,2,High,2,3.24599,718.967,6.57921,0.0655268,0.179813
2129,RL,129,BSDF Heavy,0,Low-Medium,1,High,4,High,2,High,2,3.26121,722.682,6.58435,0.0659564,0.179813
2130,RL,125,BSDF Heavy,0,Low-Medium,1,Low,0,High,2,High,2,3.2469,718.204,6.57814,0.0657589,0.179813
2131,RL,129,BSDF Heavy,0,Low-Medium,1,High,4,High,2,High,2,3.26102,721.185,6.58228,0.0661024,0.179813
2132,RL,110,BSDF Heavy,0,Low-Medium,1,Low,0,High,2,High,2,3.23328,715.662,6.5746,0.0661246,0.179813
2133,RL,127,BSDF Heavy,0,Low-Medium,1,Medium,2,High,2,High,2,3.24723,719.786,6.58034,0.0655552,0.179813
2134,RL,129,BSDF Heavy,0,Low-Medium,1,High,4,High,2,High,2,3.26621,723.59,6.58561,0.0656536,0.179813
2135,RL,129,BSDF Heavy,0,Low-Medium,1,High,4,High,2,High,2,3.25472,721.598,6.58285,0.0658857,0.179813
2136,RL,125,BSDF Heavy,0,Low,0,Low,0,High,2,High,2,3.24541,718.88,6.57908,0.0657988,0.179741
2137,RL,129,BSDF Heavy,0,Low,0,High,4,High,2,High,2,3.26487,721.928,6.58331,0.0659049,0.179741
2138,RL,129,BSDF Heavy,0,Low,0,High,4,High,2,High,2,3.26942,724.265,6.58654,0.0659871,0.179741
2139,RL,129,BSDF Heavy,0,Low,0,High,4,High,2,High,2,3.27148,725.813,6.58867,0.0657335,0.179741
2140,RL,129,BSDF Heavy,0,Low,0,High,4,High,2,High,2,3.27304,724.127,6.58635,0.0659848,0.179741
2141,RL,129,BSDF Heavy,0,Low,0,High,4,High,2,High,2,3.26625,722.71,6.58439,0.0658442,0.179741
2142,RL,129,BSDF Heavy,0,Low,0,High,4,High,2,High,2,3.27266,724.686,6.58712,0.0658749,0.179741
2143,RL,129,BSDF Heavy,0,Low,0,High,4,High,2,High,2,3.25929,721.085,6.58214,0.0659909,0.179741
2144,RL,129,BSDF Heavy,0,High,4,High,4,High,2,High,2,3.27117,724.237,6.5865,0.0658472,0.179669
2145,RL,110,BSDF Heavy,0,High,4,Low,0,High,2,High,2,3.22917,714.833,6.57345,0.0657028,0.179669
2146,RL,110,BSDF Heavy,0,High,4,Low,0,High,2,High,2,3.2322,716.473,6.57574,0.0656382,0.179669
2147,RL,129,BSDF Heavy,0,High,4,High,4,High,2,High,2,3.2568,721.326,6.58248,0.0657127,0.179669
2148,RL,129,BSDF Heavy,0,High,4,High,4,High,2,High,2,3.27246,724.834,6.58732,0.0660962,0.179669
2149,RL,129,BSDF Heavy,0,High,4,High,4,High,2,High,2,3.25927,721.173,6.58226,0.0655629,0.179669
2150,RL,125,BSDF Heavy,0,High,4,Low,0,High,2,High,2,3.24575,718.961,6.5792,0.0660862,0.179669
2151,RL,126,BSDF Heavy,0,High,4,Low-Medium,1,High,2,High,2,3.24739,719.138,6.57944,0.065815,0.179669
2152,RL,110,BSDF Heavy,0,Low,0,Low,0,Medium,1,High,2,3.21344,711.126,6.56825,0.0656082,0.179597
2153,RL,129,BSDF Heavy,0,Low,0,High,4,Medium,1,High,2,3.26035,722.508,6.58411,0.0656321,0.179597
2154,RL,110,BSDF Heavy,0,Low,0,Low,0,Medium,1,High,2,3.23959,716.291,6.57548,0.0658203,0.179597
2155,RL,129,BSDF Heavy,0,Low,0,High,4,Medium,1,High,2,3.25199,720.439,6.58125,0.0658242,0.179597
2156,RL,129,BSDF Heavy,0,Low,0,High,4,Medium,1,High,2,3.27607,726.598,6.58975,0.0656244,0.179597
2157,RL,129,BSDF Heavy,0,Low,0,High,4,Medium,1,High,2,3.26851,724.202,6.58645,0.0662384,0.179597
2158,RL,129,BSDF Heavy,0,Low,0,High,4,Medium,1,High,2,3.27916,726.13,6.58911,0.0657681,0.179597
2159,RL,125,BSDF Heavy,0,Low,0,Low,0,Medium,1,High,2,3.24214,717.218,6.57677,0.0658956,0.179597
2160,RL,128,BSDF Heavy,0,Medium-High,3,Medium-High,3,High,2,High,2,3.25108,720.243,6.58098,0.0660616,0.179526
2161,RL,125,BSDF Heavy,0,Medium-High,3,Low,0,High,2,High,2,3.24299,717.004,6.57648,0.0660009,0.179526
2162,RL,125,BSDF Heavy,0,Medium-High,3,Low,0,High,2,High,2,3.24821,718.788,6.57896,0.065735,0.179526
2163,RL,129,BSDF Heavy,0,Medium-High,3,High,4,High,2,High,2,3.26474,722.782,6.58449,0.0657181,0.179526
2164,RL,110,BSDF Heavy,0,Medium-High,3,Low,0,High,2,High,2,3.23723,716.219,6.57538,0.065662,0.179526
2165,RL,129,BSDF Heavy,0,Medium-High,3,High,4,High,2,High,2,3.25841,721.746,6.58306,0.0656374,0.179526
2166,RL,110,BSDF Heavy,0,Medium-High,3,Low,0,High,2,High,2,3.23756,717.377,6.57699,0.0656467,0.179526
2167,RL,110,BSDF Heavy,0,Medium-High,3,Low,0,High,2,High,2,3.22367,713.599,6.57172,0.0656689,0.179526
2168,RL,128,BSDF Heavy,0,Medium-High,3,Medium-High,3,High,2,High,2,3.25114,719.857,6.58044,0.0658157,0.179454
2169,RL,129,BSDF Heavy,0,Medium-High,3,High,4,High,2,High,2,3.2603,721.716,6.58302,0.065735,0.179454
2170,RL,129,BSDF Heavy,0,Medium-High,3,High,4,High,2,High,2,3.26252,721.979,6.58338,0.0656467,0.179454
2171,RL,110,BSDF Heavy,0,Medium-High,3,Low,0,High,2,High,2,3.23312,715.045,6.57374,0.0657827,0.179454
2172,RL,128,BSDF Heavy,0,Medium-High,3,Medium-High,3,High,2,High,2,3.25002,719.878,6.58047,0.0654422,0.179454
2173,RL,129,BSDF Heavy,0,Medium-High,3,High,4,High,2,High,2,3.25604,720.924,6.58192,0.0657151,0.179454
2174,RL,110,BSDF Heavy,0,Medium-High,3,Low,0,High,2,High,2,3.2272,714.17,6.57252,0.065951,0.179454
2175,RL,129,BSDF Heavy,0,Medium-High,3,High,4,High,2,High,2,3.26735,724.315,6.58661,0.0656689,0.179454
2176,RL,129,BSDF Heavy,0,High,4,High,4,High,2,High,2,3.26573,723.484,6.58546,0.0658979,0.179382
2177,RL,129,BSDF Heavy,0,High,4,High,4,High,2,High,2,3.26434,722.364,6.58391,0.0662215,0.179382
2178,RL,128,BSDF Heavy,0,High,4,Medium-High,3,High,2,High,2,3.25013,720.032,6.58068,0.0655567,0.179382
2179,RL,129,BSDF Heavy,0,High,4,High,4,High,2,High,2,3.25663,721.417,6.5826,0.0657558,0.179382
2180,RL,129,BSDF Heavy,0,High,4,High,4,High,2,High,2,3.2697,723.655,6.5857,0.0659733,0.179382
2181,RL,129,BSDF Heavy,0,High,4,High,4,High,2,High,2,3.25331,720.875,6.58185,0.0660124,0.179382
2182,RL,127,BSDF Heavy,0,High,4,Medium,2,High,2,High,2,3.25075,719.406,6.57981,0.0659448,0.179382
2183,RL,125,BSDF Heavy,0,High,4,Low,0,High,2,High,2,3.24886,718.787,6.57896,0.0660693,0.179382
2184,RL,129,BSDF Heavy,0,High,4,High,4,High,2,High,2,3.26017,723.814,6.58591,0.0655429,0.17931
2185,RL,110,BSDF Heavy,0,High,4,Low,0,High,2,High,2,3.23508,715.55,6.57445,0.065818,0.17931
2186,RL,110,BSDF Heavy,0,High,4,Low,0,High,2,High,2,3.23292,715.909,6.57495,0.0654154,0.17931
2187,RL,110,BSDF Heavy,0,High,4,Low,0,High,2,High,2,3.22145,712.49,6.57017,0.0658887,0.17931
2188,RL,110,BSDF Heavy,0,High,4,Low,0,High,2,High,2,3.23277,715.059,6.57376,0.0662645,0.17931
2189,RL,110,BSDF Heavy,0,High,4,Low,0,High,2,High,2,3.23791,716.749,6.57612,0.0660117,0.17931
2190,RL,129,BSDF Heavy,0,High,4,High,4,High,2,High,2,3.25819,721.569,6.58281,0.0656981,0.17931
2191,RL,127,BSDF Heavy,0,High,4,Medium,2,High,2,High,2,3.25062,719.446,6.57987,0.0659709,0.17931
2192,RL,110,Balanced,0,Low,0,Low,0,Medium,1,High,2,3.22975,715.107,6.57383,0.0655936,0.179239
2193,RL,82,Balanced,0,Low,0,Medium,2,Medium,1,High,2,3.24772,719.746,6.58029,0.0624491,0.179239
2194,RL,83,Balanced,0,Low,0,Medium-High,3,Medium,1,High,2,3.24257,719.997,6.58064,0.0624837,0.179239
2195,RL,84,Balanced,0,Low,0,High,4,Medium,1,High,2,3.25028,720.447,6.58126,0.0625375,0.179239
2196,RL,65,Balanced,0,Low,0,Low,0,Medium,1,High,2,3.2263,715.073,6.57378,0.0624529,0.179239
2197,RL,82,Balanced,0,Low,0,Medium,2,Medium,1,High,2,3.25001,719.606,6.58009,0.0627611,0.179239
2198,RL,80,Balanced,0,Low,0,Low,0,Medium,1,High,2,3.247,718.833,6.57902,0.0624898,0.179239
2199,RL,84,Balanced,0,Low,0,High,4,Medium,1,High,2,3.26575,723.478,6.58545,0.062861,0.179239
2200,RL,84,BSDF Heavy,0,High,4,High,4,High,2,Medium,1,3.24743,721.124,6.5822,0.0624952,0.179167
2201,RL,129,BSDF Heavy,0,High,4,High,4,High,2,Medium,1,3.25987,722.054,6.58348,0.0658349,0.179167
2202,RL,110,BSDF Heavy,0,High,4,Low,0,High,2,Medium,1,3.23712,717.494,6.57716,0.0658818,0.179167
2203,RL,127,BSDF Heavy,0,High,4,Medium,2,High,2,Medium,1,3.2542,719.631,6.58013,0.0660524,0.179167
2204,RL,128,BSDF Heavy,0,High,4,Medium-High,3,High,2,Medium,1,3.25103,719.97,6.5806,0.0657596,0.179167
2205,RL,125,BSDF Heavy,0,High,4,Low,0,High,2,Medium,1,3.24824,718.538,6.57861,0.0658057,0.179167
2206,RL,125,BSDF Heavy,0,High,4,Low,0,High,2,Medium,1,3.24233,717.14,6.57666,0.0656682,0.179167
2207,RL,129,BSDF Heavy,0,High,4,High,4,High,2,Medium,1,3.26923,724.883,6.58739,0.0659779,0.179167
2208,RL,110,BSDF Heavy,0,Low,0,Low,0,Medium,1,High,2,3.23204,715.65,6.57459,0.0655122,0.179095
2209,RL,125,BSDF Heavy,0,Low,0,Low,0,Medium,1,High,2,3.24771,718.374,6.57838,0.0658595,0.179095
2210,RL,129,BSDF Heavy,0,Low,0,High,4,Medium,1,High,2,3.2785,725.779,6.58862,0.0657366,0.179095
2211,RL,129,BSDF Heavy,0,Low,0,High,4,Medium,1,High,2,3.27629,725.895,6.58878,0.0661362,0.179095
2212,RL,129,BSDF Heavy,0,Low,0,High,4,Medium,1,High,2,3.27855,726.331,6.58938,0.0660931,0.179095
2213,RL,125,BSDF Heavy,0,Low,0,Low,0,Medium,1,High,2,3.24509,718.094,6.57799,0.0657942,0.179095
2214,RL,125,BSDF Heavy,0,Low,0,Low,0,Medium,1,High,2,3.24493,718.311,6.57829,0.0657919,0.179095
2215,RL,129,BSDF Heavy,0,Low,0,High,4,Medium,1,High,2,3.26142,721.551,6.58279,0.0662007,0.179095
2216,RL,110,BSDF Heavy,0,Low,0,Low,0,Medium,1,High,2,3.22806,714.257,6.57264,0.06539,0.179024
2217,RL,129,BSDF Heavy,0,Low,0,High,4,Medium,1,High,2,3.2661,722.439,6.58402,0.0660509,0.179024
2218,RL,129,BSDF Heavy,0,Low,0,High,4,Medium,1,High,2,3.27264,724.811,6.58729,0.0658857,0.179024
2219,RL,110,BSDF Heavy,0,Low,0,Low,0,Medium,1,High,2,3.2256,714.072,6.57238,0.0657535,0.179024
2220,RL,129,BSDF Heavy,0,Low,0,High,4,Medium,1,High,2,3.25881,721.635,6.5829,0.0657719,0.179024
2221,RL,129,BSDF Heavy,0,Low,0,High,4,Medium,1,High,2,3.26038,721.944,6.58333,0.0658564,0.179024
2222,RL,125,BSDF Heavy,0,Low,0,Low,0,Medium,1,High,2,3.24457,718.328,6.57832,0.0659794,0.179024
2223,RL,110,BSDF Heavy,0,Low,0,Low,0,Medium,1,High,2,3.23557,716.94,6.57639,0.0657127,0.179024
2224,RL,125,BSDF Heavy,0,Low,0,Low,0,High,2,High,2,3.24075,718.4,6.57842,0.0659149,0.178952
2225,RL,129,BSDF Heavy,0,Low,0,High,4,High,2,High,2,3.26295,722.276,6.58379,0.0658103,0.178952
2226,RL,129,BSDF Heavy,0,Low,0,High,4,High,2,High,2,3.26431,723.333,6.58525,0.0659433,0.178952
2227,RL,129,BSDF Heavy,0,Low,0,High,4,High,2,High,2,3.25802,721.528,6.58276,0.0661877,0.178952
2228,RL,110,BSDF Heavy,0,Low,0,Low,0,High,2,High,2,3.23903,717.006,6.57648,0.0658165,0.178952
2229,RL,129,BSDF Heavy,0,Low,0,High,4,High,2,High,2,3.25641,721.679,6.58297,0.0659433,0.178952
2230,RL,110,BSDF Heavy,0,Low,0,Low,0,High,2,High,2,3.22544,714.219,6.57259,0.0655406,0.178952
2231,RL,110,BSDF Heavy,0,Low,0,Low,0,High,2,High,2,3.23329,715.673,6.57462,0.0656321,0.178952
2232,RL,129,BSDF Heavy,0,High,4,High,4,High,2,High,2,3.25205,720.308,6.58107,0.0656882,0.17888
2233,RL,129,BSDF Heavy,0,High,4,High,4,High,2,High,2,3.25168,720.7,6.58161,0.0656705,0.17888
2234,RL,129,BSDF Heavy,0,High,4,High,4,High,2,High,2,3.26735,722.1,6.58355,0.0659271,0.17888
2235,RL,110,BSDF Heavy,0,High,4,Low,0,High,2,High,2,3.23434,717.099,6.57661,0.0658688,0.17888
2236,RL,129,BSDF Heavy,0,High,4,High,4,High,2,High,2,3.26177,722.032,6.58345,0.065888,0.17888
2237,RL,125,BSDF Heavy,0,High,4,Low,0,High,2,High,2,3.24335,717.715,6.57747,0.0656597,0.17888
2238,RL,110,BSDF Heavy,0,High,4,Low,0,High,2,High,2,3.23913,717.452,6.5771,0.0656897,0.17888
2239,RL,110,BSDF Heavy,0,High,4,Low,0,High,2,High,2,3.22836,716.248,6.57542,0.0657473,0.17888
2240,RL,129,BSDF Heavy,0,High,4,High,4,High,2,High,2,3.2627,722.572,6.5842,0.0660278,0.178809
2241,RL,129,BSDF Heavy,0,High,4,High,4,High,2,High,2,3.26028,722.756,6.58445,0.065891,0.178809
2242,RL,129,BSDF Heavy,0,High,4,High,4,High,2,High,2,3.25503,720.461,6.58128,0.0658004,0.178809
2243,RL,129,BSDF Heavy,0,High,4,High,4,High,2,High,2,3.2891,728.645,6.59256,0.0660224,0.178809
2244,RL,110,BSDF Heavy,0,High,4,Low,0,High,2,High,2,3.23618,715.629,6.57456,0.0660593,0.178809
2245,RL,129,BSDF Heavy,0,High,4,High,4,High,2,High,2,3.25934,721.04,6.58208,0.0659394,0.178809
2246,RL,125,BSDF Heavy,0,High,4,Low,0,High,2,High,2,3.24399,718.25,6.57821,0.0658249,0.178809
2247,RL,125,BSDF Heavy,0,High,4,Low,0,High,2,High,2,3.24408,718.076,6.57797,0.0658549,0.178809
2248,RL,129,BSDF Heavy,0,High,4,High,4,High,2,High,2,3.26339,722.719,6.5844,0.0658073,0.178737
2249,RL,129,BSDF Heavy,0,High,4,High,4,High,2,High,2,3.25775,721.091,6.58215,0.0656905,0.178737
2250,RL,129,BSDF Heavy,0,High,4,High,4,High,2,High,2,3.26956,723.319,6.58523,0.0659702,0.178737
2251,RL,129,BSDF Heavy,0,High,4,High,4,High,2,High,2,3.26127,721.241,6.58236,0.0659856,0.178737
2252,RL,126,BSDF Heavy,0,High,4,Low-Medium,1,High,2,High,2,3.25145,719.16,6.57947,0.0658595,0.178737
2253,RL,127,BSDF Heavy,0,High,4,Medium,2,High,2,High,2,3.25054,719.802,6.58036,0.0657873,0.178737
2254,RL,129,BSDF Heavy,0,High,4,High,4,High,2,High,2,3.26451,722.431,6.584,0.0657404,0.178737
2255,RL,125,BSDF Heavy,0,High,4,Low,0,High,2,High,2,3.24513,718.288,6.57826,0.065659,0.178737
2256,RL,110,BSDF Heavy,0,Low,0,Low,0,Medium,1,High,2,3.23707,716.812,6.57621,0.065931,0.178666
2257,RL,129,BSDF Heavy,0,Low,0,High,4,Medium,1,High,2,3.26327,722.635,6.58429,0.0663198,0.178666
2258,RL,129,BSDF Heavy,0,Low,0,High,4,Medium,1,High,2,3.26869,722.93,6.58469,0.0662276,0.178666
2259,RL,125,BSDF Heavy,0,Low,0,Low,0,Medium,1,High,2,3.24416,718.22,6.57817,0.0657289,0.178666
2260,RL,129,BSDF Heavy,0,Low,0,High,4,Medium,1,High,2,3.26207,721.419,6.58261,0.0658611,0.178666
2261,RL,125,BSDF Heavy,0,Low,0,Low,0,Medium,1,High,2,3.2436,718.424,6.57845,0.0657727,0.178666
2262,RL,129,BSDF Heavy,0,Low,0,High,4,Medium,1,High,2,3.24954,720.344,6.58112,0.0656382,0.178666
2263,RL,129,BSDF Heavy,0,Low,0,High,4,Medium,1,High,2,3.25734,721.39,6.58257,0.0657973,0.178666
2264,RL,129,BSDF Heavy,0,High,4,High,4,High,2,High,2,3.2591,721.24,6.58236,0.0661608,0.178594
2265,RL,125,BSDF Heavy,0,High,4,Low,0,High,2,High,2,3.24937,718.709,6.57885,0.0656536,0.178594
2266,RL,110,BSDF Heavy,0,High,4,Low,0,High,2,High,2,3.23339,716.14,6.57527,0.0653631,0.178594
2267,RL,127,BSDF Heavy,0,High,4,Medium,2,High,2,High,2,3.24936,719.596,6.58008,0.065619,0.178594
2268,RL,110,BSDF Heavy,0,High,4,Low,0,High,2,High,2,3.21981,712.075,6.56959,0.0659033,0.178594
2269,RL,125,BSDF Heavy,0,High,4,Low,0,High,2,High,2,3.24115,717.594,6.5773,0.0657589,0.178594
2270,RL,129,BSDF Heavy,0,High,4,High,4,High,2,High,2,3.25728,720.846,6.58181,0.0658595,0.178594
2271,RL,129,BSDF Heavy,0,High,4,High,4,High,2,High,2,3.2704,722.725,6.58441,0.0660524,0.178594
2272,RL,125,BSDF Heavy,0,Low,0,Low,0,High,2,High,2,3.24513,717.355,6.57696,0.0657005,0.178523
2273,RL,128,BSDF Heavy,0,Low,0,Medium-High,3,High,2,High,2,3.25443,720.028,6.58068,0.0661515,0.178523
2274,RL,126,BSDF Heavy,0,Low,0,Low-Medium,1,High,2,High,2,3.24424,719.242,6.57959,0.0656958,0.178523
2275,RL,110,BSDF Heavy,0,Low,0,Low,0,High,2,High,2,3.23013,714.286,6.57268,0.0657758,0.178523
2276,RL,110,BSDF Heavy,0,Low,0,Low,0,High,2,High,2,3.20749,709.53,6.56601,0.0653977,0.178523
2277,RL,129,BSDF Heavy,0,Low,0,High,4,High,2,High,2,3.25985,720.743,6.58167,0.065858,0.178523
2278,RL,110,BSDF Heavy,0,Low,0,Low,0,High,2,High,2,3.22159,712.582,6.5703,0.0657973,0.178523
2279,RL,129,BSDF Heavy,0,Low,0,High,4,High,2,High,2,3.2652,723.245,6.58513,0.0654745,0.178523
2280,RL,125,BSDF Heavy,0,Low,0,Low,0,High,2,High,2,3.24007,717.014,6.57649,0.0658349,0.178452
2281,RL,129,BSDF Heavy,0,Low,0,High,4,High,2,High,2,3.25001,720.739,6.58166,0.0656451,0.178452
2282,RL,129,BSDF Heavy,0,Low,0,High,4,High,2,High,2,3.27617,726.869,6.59012,0.0657896,0.178452
2283,RL,110,BSDF Heavy,0,Low,0,Low,0,High,2,High,2,3.22985,715.824,6.57483,0.065599,0.178452
2284,RL,110,BSDF Heavy,0,Low,0,Low,0,High,2,High,2,3.23223,714.981,6.57365,0.0659295,0.178452
2285,RL,127,BSDF Heavy,0,Low,0,Medium,2,High,2,High,2,3.24043,719.568,6.58004,0.0657727,0.178452
2286,RL,129,BSDF Heavy,0,Low,0,High,4,High,2,High,2,3.25798,721.675,6.58296,0.0659225,0.178452
2287,RL,128,BSDF Heavy,0,Low,0,Medium-High,3,High,2,High,2,3.25198,720.061,6.58072,0.0658034,0.178452
2288,RL,110,BSDF Heavy,0,Low,0,Low,0,Medium,1,High,2,3.23905,717.119,6.57664,0.0657627,0.17838
2289,RL,129,BSDF Heavy,0,Low,0,High,4,Medium,1,High,2,3.27243,724.292,6.58657,0.0658511,0.17838
2290,RL,129,BSDF Heavy,0,Low,0,High,4,Medium,1,High,2,3.26487,722.948,6.58472,0.0656989,0.17838
2291,RL,129,BSDF Heavy,0,Low,0,High,4,Medium,1,High,2,3.27223,724.477,6.58683,0.0659095,0.17838
2292,RL,110,BSDF Heavy,0,Low,0,Low,0,Medium,1,High,2,3.22712,714.331,6.57275,0.0657005,0.17838
2293,RL,129,BSDF Heavy,0,Low,0,High,4,Medium,1,High,2,3.26917,724.673,6.5871,0.0659126,0.17838
2294,RL,125,BSDF Heavy,0,Low,0,Low,0,Medium,1,High,2,3.24744,718.325,6.57831,0.0659671,0.17838
2295,RL,110,BSDF Heavy,0,Low,0,Low,0,Medium,1,High,2,3.23619,716.247,6.57542,0.0657043,0.17838
2296,RL,129,BSDF Heavy,0,High,4,High,4,High,2,High,2,3.27684,726.424,6.58951,0.0660317,0.178309
2297,RL,129,BSDF Heavy,0,High,4,High,4,High,2,High,2,3.25095,720.347,6.58112,0.065838,0.178309
2298,RL,125,BSDF Heavy,0,High,4,Low,0,High,2,High,2,3.2449,718.316,6.5783,0.0660071,0.178309
2299,RL,129,BSDF Heavy,0,High,4,High,4,High,2,High,2,3.25482,722.276,6.58379,0.0655944,0.178309
2300,RL,125,BSDF Heavy,0,High,4,Low,0,High,2,High,2,3.24205,718.094,6.57799,0.0660209,0.178309
2301,RL,110,BSDF Heavy,0,High,4,Low,0,High,2,High,2,3.23161,715.408,6.57425,0.065569,0.178309
2302,RL,126,BSDF Heavy,0,High,4,Low-Medium,1,High,2,High,2,3.24637,719.368,6.57976,0.0658641,0.178309
2303,RL,129,BSDF Heavy,0,High,4,High,4,High,2,High,2,3.25399,720.279,6.58103,0.0658749,0.178309
2304,RL,128,BSDF Heavy,0,Medium-High,3,Medium-High,3,High,2,High,2,3.25207,720.192,6.5809,0.065818,0.178238
2305,RL,129,BSDF Heavy,0,Medium-High,3,High,4,High,2,High,2,3.26502,723.534,6.58553,0.0658764,0.178238
2306,RL,125,BSDF Heavy,0,Medium-High,3,Low,0,High,2,High,2,3.24287,717.744,6.57751,0.0660701,0.178238
2307,RL,110,BSDF Heavy,0,Medium-High,3,Low,0,High,2,High,2,3.23667,716.143,6.57527,0.0656536,0.178238
2308,RL,129,BSDF Heavy,0,Medium-High,3,High,4,High,2,High,2,3.25251,720.347,6.58112,0.0658288,0.178238
2309,RL,129,BSDF Heavy,0,Medium-High,3,High,4,High,2,High,2,3.25058,720.414,6.58121,0.0656574,0.178238
2310,RL,129,BSDF Heavy,0,Medium-High,3,High,4,High,2,High,2,3.27458,724.461,6.58681,0.066223,0.178238
2311,RL,129,BSDF Heavy,0,Medium-High,3,High,4,High,2,High,2,3.25849,721.878,6.58324,0.065805,0.178238
2312,RL,127,Balanced,0,Medium,2,Medium,2,High,2,High,2,3.24809,719.516,6.57997,0.0659233,0.178166
2313,RL,82,Balanced,0,Medium,2,Medium,2,High,2,High,2,3.24295,719.81,6.58038,0.0627273,0.178166
2314,RL,80,Balanced,0,Medium,2,Low,0,High,2,High,2,3.24124,718.855,6.57905,0.0625252,0.178166
2315,RL,84,Balanced,0,Medium,2,High,4,High,2,High,2,3.25185,720.822,6.58178,0.0630231,0.178166
2316,RL,84,Balanced,0,Medium,2,High,4,High,2,High,2,3.26191,722.889,6.58464,0.0627434,0.178166
2317,RL,65,Balanced,0,Medium,2,Low,0,High,2,High,2,3.23569,717.313,6.57691,0.0626758,0.178166
2318,RL,84,Balanced,0,Medium,2,High,4,High,2,High,2,3.26556,724.858,6.58735,0.0623915,0.178166
2319,RL,65,Balanced,0,Medium,2,Low,0,High,2,High,2,3.2317,715.945,6.575,0.0626397,0.178166
2320,RL,65,BSDF Heavy,0,Low,0,Low,0,Medium,1,Medium,1,3.22907,715.961,6.57502,0.0627619,0.178095
2321,RL,129,BSDF Heavy,0,Low,0,High,4,Medium,1,Medium,1,3.25906,721.671,6.58295,0.0659041,0.178095
2322,RL,128,BSDF Heavy,0,Low,0,Medium-High,3,Medium,1,Medium,1,3.25084,720.087,6.58076,0.0656082,0.178095
2323,RL,127,BSDF Heavy,0,Low,0,Medium,2,Medium,1,Medium,1,3.24894,719.459,6.57989,0.0658672,0.178095
2324,RL,128,BSDF Heavy,0,Low,0,Medium-High,3,Medium,1,Medium,1,3.25076,719.91,6.58051,0.0655414,0.178095
2325,RL,129,BSDF Heavy,0,Low,0,High,4,Medium,1,Medium,1,3.25728,721.078,6.58213,0.065725,0.178095
2326,RL,126,BSDF Heavy,0,Low,0,Low-Medium,1,Medium,1,Medium,1,3.24461,718.989,6.57924,0.0657435,0.178095
2327,RL,129,BSDF Heavy,0,Low,0,High,4,Medium,1,Medium,1,3.2691,724.484,6.58684,0.0656021,0.178095
2328,RL,110,BSDF Heavy,0,Low,0,Low,0,Medium,1,High,2,3.23047,715.395,6.57423,0.0653316,0.178024
2329,RL,125,BSDF Heavy,0,Low,0,Low,0,Medium,1,High,2,3.24327,718.003,6.57787,0.0657811,0.178024
2330,RL,129,BSDF Heavy,0,Low,0,High,4,Medium,1,High,2,3.26982,724.574,6.58696,0.0659364,0.178024
2331,RL,125,BSDF Heavy,0,Low,0,Low,0,Medium,1,High,2,3.24448,718.906,6.57912,0.0660078,0.178024
2332,RL,129,BSDF Heavy,0,Low,0,High,4,Medium,1,High,2,3.27009,724.951,6.58748,0.0655998,0.178024
2333,RL,129,BSDF Heavy,0,Low,0,High,4,Medium,1,High,2,3.25624,721.829,6.58317,0.0657796,0.178024
2334,RL,129,BSDF Heavy,0,Low,0,High,4,Medium,1,High,2,3.27363,724.335,6.58663,0.0659333,0.178024
2335,RL,110,BSDF Heavy,0,Low,0,Low,0,Medium,1,High,2,3.23949,718.583,6.57867,0.0654876,0.178024
2336,RL,125,BSDF Heavy,0,Low,0,Low,0,High,2,High,2,3.24693,717.855,6.57766,0.0660078,0.177953
2337,RL,129,BSDF Heavy,0,Low,0,High,4,High,2,High,2,3.2595,721.754,6.58307,0.0658703,0.177953
2338,RL,128,BSDF Heavy,0,Low,0,Medium-High,3,High,2,High,2,3.24803,720.093,6.58077,0.0658119,0.177953
2339,RL,125,BSDF Heavy,0,Low,0,Low,0,High,2,High,2,3.24397,718.183,6.57812,0.065639,0.177953
2340,RL,129,BSDF Heavy,0,Low,0,High,4,High,2,High,2,3.25463,721.099,6.58216,0.0660593,0.177953
2341,RL,125,BSDF Heavy,0,Low,0,Low,0,High,2,High,2,3.2479,718.789,6.57896,0.0659149,0.177953
2342,RL,110,BSDF Heavy,0,Low,0,Low,0,High,2,High,2,3.23361,716.129,6.57526,0.0661116,0.177953
2343,RL,129,BSDF Heavy,0,Low,0,High,4,High,2,High,2,3.27309,725.048,6.58762,0.0660655,0.177953
2344,RL,125,Balanced,0,Low,0,Low,0,High,2,High,2,3.24123,717.485,6.57715,0.0659087,0.177881
2345,RL,84,Balanced,0,Low,0,High,4,High,2,High,2,3.24965,720.922,6.58192,0.062705,0.177881
2346,RL,84,Balanced,0,Low,0,High,4,High,2,High,2,3.27233,726.157,6.58914,0.0629663,0.177881
2347,RL,81,Balanced,0,Low,0,Low-Medium,1,High,2,High,2,3.24729,718.971,6.57921,0.062652,0.177881
2348,RL,65,Balanced,0,Low,0,Low,0,High,2,High,2,3.22704,715.639,6.57457,0.0627818,0.177881
2349,RL,84,Balanced,0,Low,0,High,4,High,2,High,2,3.2638,725.017,6.58757,0.0624376,0.177881
2350,RL,65,Balanced,0,Low,0,Low,0,High,2,High,2,3.21332,712.902,6.57074,0.0623938,0.177881
2351,RL,84,Balanced,0,Low,0,High,4,High,2,High,2,3.26756,724.305,6.58659,0.062821,0.177881
2352,RL,84,BSDF Heavy,0,High,4,High,4,High,2,Medium,1,3.25783,722.021,6.58344,0.0626097,0.17781
2353,RL,125,BSDF Heavy,0,High,4,Low,0,High,2,Medium,1,3.24474,718.327,6.57832,0.0660816,0.17781
2354,RL,110,BSDF Heavy,0,High,4,Low,0,High,2,Medium,1,3.23453,716.958,6.57641,0.0655898,0.17781
2355,RL,127,BSDF Heavy,0,High,4,Medium,2,High,2,Medium,1,3.24679,719.625,6.58012,0.0658472,0.17781
2356,RL,129,BSDF Heavy,0,High,4,High,4,High,2,Medium,1,3.26517,722.809,6.58453,0.0659809,0.17781
2357,RL,110,BSDF Heavy,0,High,4,Low,0,High,2,Medium,1,3.23674,717.888,6.57771,0.0654653,0.17781
2358,RL,110,BSDF Heavy,0,High,4,Low,0,High,2,Medium,1,3.23233,716.101,6.57522,0.0659425,0.17781
2359,RL,129,BSDF Heavy,0,High,4,High,4,High,2,Medium,1,3.26308,722.934,6.5847,0.0657005,0.17781
2360,RL,110,BSDF Heavy,0,Low,0,Low,0,Medium,1,High,2,3.23807,717.287,6.57687,0.0654238,0.177739
2361,RL,126,BSDF Heavy,0,Low,0,Low-Medium,1,Medium,1,High,2,3.24527,719.329,6.57971,0.0656782,0.177739
2362,RL,128,BSDF Heavy,0,Low,0,Medium-High,3,Medium,1,High,2,3.24998,719.865,6.58045,0.0656121,0.177739
2363,RL,129,BSDF Heavy,0,Low,0,High,4,Medium,1,High,2,3.25987,722.639,6.58429,0.0660294,0.177739
2364,RL,129,BSDF Heavy,0,Low,0,High,4,Medium,1,High,2,3.28124,726.951,6.59023,0.0659556,0.177739
2365,RL,129,BSDF Heavy,0,Low,0,High,4,Medium,1,High,2,3.26769,724.389,6.58671,0.0659325,0.177739
2366,RL,129,BSDF Heavy,0,Low,0,High,4,Medium,1,High,2,3.25648,720.637,6.58152,0.0658634,0.177739
2367,RL,129,BSDF Heavy,0,Low,0,High,4,Medium,1,High,2,3.26066,722.648,6.5843,0.0659794,0.177739
2368,RL,110,Light Heavy,0,Low,0,Low,0,Medium,1,High,2,3.23795,716.532,6.57582,0.0656121,0.177668
2369,RL,39,Light Heavy,0,Low,0,High,4,Medium,1,High,2,3.24986,722.19,6.58367,0.0577845,0.177668
2370,RL,39,Light Heavy,0,Low,0,High,4,Medium,1,High,2,3.24828,721.175,6.58227,0.0577884,0.177668
2371,RL,39,Light Heavy,0,Low,0,High,4,Medium,1,High,2,3.2436,721.07,6.58212,0.0577653,0.177668
2372,RL,39,Light Heavy,0,Low,0,High,4,Medium,1,High,2,3.28474,730.169,6.59464,0.0579567,0.177668
2373,RL,20,Light Heavy,0,Low,0,Low,0,Medium,1,High,2,3.23309,717.863,6.57767,0.0577169,0.177668
2374,RL,39,Light Heavy,0,Low,0,High,4,Medium,1,High,2,3.24955,720.685,6.58159,0.0577392,0.177668
2375,RL,39,Light Heavy,0,Low,0,High,4,Medium,1,High,2,3.26757,725.071,6.58765,0.0581211,0.177668
2376,RL,20,BSDF Heavy,0,Low,0,Low,0,Medium,1,Low,0,3.23874,718.596,6.57869,0.0577546,0.177597
2377,RL,125,BSDF Heavy,0,Low,0,Low,0,Medium,1,Low,0,3.24652,718.831,6.57902,0.0656751,0.177597
2378,RL,125,BSDF Heavy,0,Low,0,Low,0,Medium,1,Low,0,3.24313,717.33,6.57693,0.0656105,0.177597
2379,RL,129,BSDF Heavy,0,Low,0,High,4,Medium,1,Low,0,3.25646,721.507,6.58273,0.065682,0.177597
2380,RL,126,BSDF Heavy,0,Low,0,Low-Medium,1,Medium,1,Low,0,3.25295,719.14,6.57945,0.0658695,0.177597
2381,RL,125,BSDF Heavy,0,Low,0,Low,0,Medium,1,Low,0,3.24804,718.886,6.57909,0.0661223,0.177597
2382,RL,125,BSDF Heavy,0,Low,0,Low,0,Medium,1,Low,0,3.24765,718.304,6.57828,0.0659195,0.177597
2383,RL,110,BSDF Heavy,0,Low,0,Low,0,Medium,1,Low,0,3.23974,716.496,6.57577,0.0659371,0.177597
2384,RL,110,BSDF Heavy,0,Low,0,Low,0,Medium,1,High,2,3.22464,713.735,6.57191,0.0655091,0.177526
2385,RL,128,BSDF Heavy,0,Low,0,Medium-High,3,Medium,1,High,2,3.25253,720.14,6.58083,0.0655936,0.177526
2386,RL,125,BSDF Heavy,0,Low,0,Low,0,Medium,1,High,2,3.24105,718.203,6.57814,0.0654499,0.177526
2387,RL,125,BSDF Heavy,0,Low,0,Low,0,Medium,1,High,2,3.24131,716.87,6.57629,0.0657396,0.177526
2388,RL,127,BSDF Heavy,0,Low,0,Medium,2,Medium,1,High,2,3.24754,719.436,6.57986,0.0661946,0.177526
2389,RL,125,BSDF Heavy,0,Low,0,Low,0,Medium,1,High,2,3.24087,716.86,6.57627,0.0659564,0.177526
2390,RL,128,BSDF Heavy,0,Low,0,Medium-High,3,Medium,1,High,2,3.2456,720.128,6.58082,0.0659341,0.177526
2391,RL,129,BSDF Heavy,0,Low,0,High,4,Medium,1,High,2,3.28458,727.802,6.5914,0.0661223,0.177526
2392,RL,129,BSDF Heavy,0,High,4,High,4,High,2,High,2,3.2781,726.239,6.58925,0.065848,0.177455
2393,RL,127,BSDF Heavy,0,High,4,Medium,2,High,2,High,2,3.24778,719.675,6.58019,0.065659,0.177455
2394,RL,129,BSDF Heavy,0,High,4,High,4,High,2,High,2,3.25491,721.895,6.58326,0.0656812,0.177455
2395,RL,110,BSDF Heavy,0,High,4,Low,0,High,2,High,2,3.22145,712.985,6.57086,0.0658196,0.177455
2396,RL,129,BSDF Heavy,0,High,4,High,4,High,2,High,2,3.28473,726.633,6.5898,0.0660286,0.177455
2397,RL,129,BSDF Heavy,0,High,4,High,4,High,2,High,2,3.25519,720.767,6.5817,0.0662407,0.177455
2398,RL,110,BSDF Heavy,0,High,4,Low,0,High,2,High,2,3.23107,715.241,6.57402,0.0658334,0.177455
2399,RL,129,BSDF Heavy,0,High,4,High,4,High,2,High,2,3.2677,722.358,6.5839,0.0661815,0.177455
2400,RL,128,BSDF Heavy,0,Medium-High,3,Medium-High,3,High,2,High,2,3.25325,719.914,6.58052,0.0657665,0.177384
2401,RL,110,BSDF Heavy,0,Medium-High,3,Low,0,High,2,High,2,3.21896,712.298,6.5699,0.0656467,0.177384
2402,RL,126,BSDF Heavy,0,Medium-High,3,Low-Medium,1,High,2,High,2,3.2487,719.177,6.5795,0.0660609,0.177384
2403,RL,129,BSDF Heavy,0,Medium-High,3,High,4,High,2,High,2,3.26323,723.346,6.58527,0.065659,0.177384
2404,RL,129,BSDF Heavy,0,Medium-High,3,High,4,High,2,High,2,3.26225,721.77,6.58309,0.0658219,0.177384
2405,RL,129,BSDF Heavy,0,Medium-High,3,High,4,High,2,High,2,3.2691,723.973,6.58613,0.0659487,0.177384
2406,RL,129,BSDF Heavy,0,Medium-High,3,High,4,High,2,High,2,3.25739,720.765,6.5817,0.0659986,0.177384
2407,RL,110,BSDF Heavy,0,Medium-High,3,Low,0,High,2,High,2,3.23243,716.145,6.57528,0.0659141,0.177384
2408,RL,110,BSDF Heavy,0,Low,0,Low,0,Medium,1,High,2,3.2367,715.943,6.575,0.065805,0.177313
2409,RL,129,BSDF Heavy,0,Low,0,High,4,Medium,1,High,2,3.27838,726.661,6.58984,0.0658857,0.177313
2410,RL,110,BSDF Heavy,0,Low,0,Low,0,Medium,1,High,2,3.23615,716.272,6.57545,0.0656958,0.177313
2411,RL,125,BSDF Heavy,0,Low,0,Low,0,Medium,1,High,2,3.24771,718.455,6.57849,0.0659164,0.177313
2412,RL,129,BSDF Heavy,0,Low,0,High,4,Medium,1,High,2,3.27761,725.58,6.58835,0.0658887,0.177313
2413,RL,127,BSDF Heavy,0,Low,0,Medium,2,Medium,1,High,2,3.2494,719.57,6.58004,0.0662776,0.177313
2414,RL,129,BSDF Heavy,0,Low,0,High,4,Medium,1,High,2,3.26764,723.808,6.58591,0.066067,0.177313
2415,RL,129,BSDF Heavy,0,Low,0,High,4,Medium,1,High,2,3.2718,724.141,6.58637,0.0659118,0.177313
2416,RL,110,BSDF Heavy,0,Low,0,Low,0,Medium,1,High,2,3.23238,715.432,6.57428,0.0656713,0.177242
2417,RL,129,BSDF Heavy,0,Low,0,High,4,Medium,1,High,2,3.26062,721.924,6.5833,0.0659571,0.177242
2418,RL,129,BSDF Heavy,0,Low,0,High,4,Medium,1,High,2,3.25457,720.604,6.58148,0.0659118,0.177242
2419,RL,125,BSDF Heavy,0,Low,0,Low,0,Medium,1,High,2,3.24568,718.045,6.57792,0.0657542,0.177242
2420,RL,129,BSDF Heavy,0,Low,0,High,4,Medium,1,High,2,3.26751,723.675,6.58572,0.065974,0.177242
2421,RL,129,BSDF Heavy,0,Low,0,High,4,Medium,1,High,2,3.27481,725.16,6.58777,0.0656574,0.177242
2422,RL,129,BSDF Heavy,0,Low,0,High,4,Medium,1,High,2,3.27316,725.169,6.58778,0.0657973,0.177242
2423,RL,125,BSDF Heavy,0,Low,0,Low,0,Medium,1,High,2,3.24436,718.909,6.57912,0.0655698,0.177242
2424,RL,129,Light Heavy,0,High,4,High,4,High,2,High,2,3.2519,720.33,6.5811,0.0655122,0.177171
2425,RL,39,Light Heavy,0,High,4,High,4,High,2,High,2,3.25528,722.65,6.58431,0.057763,0.177171
2426,RL,20,Light Heavy,0,High,4,Low,0,High,2,High,2,3.23379,718.727,6.57887,0.0573565,0.177171
2427,RL,20,Light Heavy,0,High,4,Low,0,High,2,High,2,3.22841,716.874,6.57629,0.0580189,0.177171
2428,RL,20,Light Heavy,0,High,4,Low,0,High,2,High,2,3.21027,712.19,6.56975,0.0575924,0.177171
2429,RL,20,Light Heavy,0,High,4,Low,0,High,2,High,2,3.23441,717.738,6.5775,0.057773,0.177171
2430,RL,37,Light Heavy,0,High,4,Medium,2,High,2,High,2,3.24479,719.633,6.58013,0.0578667,0.177171
2431,RL,39,Light Heavy,0,High,4,High,4,High,2,High,2,3.24427,720.513,6.58135,0.0579736,0.177171
2432,RL,20,BSDF Heavy,0,Low,0,Low,0,Medium,1,Low,0,3.23673,718.803,6.57898,0.0579182,0.177101
2433,RL,125,BSDF Heavy,0,Low,0,Low,0,Medium,1,Low,0,3.24826,718.604,6.5787,0.0659479,0.177101
2434,RL,129,BSDF Heavy,0,Low,0,High,4,Medium,1,Low,0,3.25591,720.67,6.58157,0.0661469,0.177101
2435,RL,129,BSDF Heavy,0,Low,0,High,4,Medium,1,Low,0,3.26293,723.137,6.58498,0.0659433,0.177101
2436,RL,129,BSDF Heavy,0,Low,0,High,4,Medium,1,Low,0,3.26691,722.084,6.58353,0.0662522,0.177101
2437,RL,128,BSDF Heavy,0,Low,0,Medium-High,3,Medium,1,Low,0,3.25251,719.953,6.58057,0.0657658,0.177101
2438,RL,129,BSDF Heavy,0,Low,0,High,4,Medium,1,Low,0,3.27575,725.124,6.58772,0.0662061,0.177101
2439,RL,110,BSDF Heavy,0,Low,0,Low,0,Medium,1,Low,0,3.23621,716.369,6.57559,0.0658426,0.177101
2440,RL,110,Balanced,0,Low,0,Low,0,Medium,1,High,2,3.22019,713.09,6.57101,0.065619,0.17703
2441,RL,82,Balanced,0,Low,0,Medium,2,Medium,1,High,2,3.24408,719.681,6.5802,0.0625106,0.17703
2442,RL,65,Balanced,0,Low,0,Low,0,Medium,1,High,2,3.22286,713.963,6.57223,0.062499,0.17703
2443,RL,65,Balanced,0,Low,0,Low,0,Medium,1,High,2,3.2292,715.651,6.57459,0.0631822,0.17703
2444,RL,65,Balanced,0,Low,0,Low,0,Medium,1,High,2,3.23346,717.061,6.57655,0.0622186,0.17703
2445,RL,81,Balanced,0,Low,0,Low-Medium,1,Medium,1,High,2,3.24449,719.241,6.57959,0.0630116,0.17703
2446,RL,84,Balanced,0,Low,0,High,4,Medium,1,High,2,3.25927,723.438,6.5854,0.0624944,0.17703
2447,RL,84,Balanced,0,Low,0,High,4,Medium,1,High,2,3.25517,721.515,6.58274,0.0625444,0.17703
2448,RL,65,BSDF Heavy,0,Low,0,Low,0,Medium,1,Medium,1,3.2393,718.462,6.5785,0.0627373,0.176959
2449,RL,129,BSDF Heavy,0,Low,0,High,4,Medium,1,Medium,1,3.25797,721.102,6.58217,0.0661684,0.176959
2450,RL,125,BSDF Heavy,0,Low,0,Low,0,Medium,1,Medium,1,3.24536,718.755,6.57891,0.065994,0.176959
2451,RL,129,BSDF Heavy,0,Low,0,High,4,Medium,1,Medium,1,3.25637,721.181,6.58228,0.0657481,0.176959
2452,RL,125,BSDF Heavy,0,Low,0,Low,0,Medium,1,Medium,1,3.24206,717.276,6.57685,0.0660271,0.176959
2453,RL,125,BSDF Heavy,0,Low,0,Low,0,Medium,1,Medium,1,3.24305,718.178,6.57811,0.0660232,0.176959
2454,RL,125,BSDF Heavy,0,Low,0,Low,0,Medium,1,Medium,1,3.24397,717.967,6.57782,0.0658711,0.176959
2455,RL,127,BSDF Heavy,0,Low,0,Medium,2,Medium,1,Medium,1,3.25135,719.607,6.58009,0.0659825,0.176959
2456,RL,129,BSDF Heavy,0,High,4,High,4,High,2,High,2,3.27549,725.601,6.58838,0.0656812,0.176888
2457,RL,129,BSDF Heavy,0,High,4,High,4,High,2,High,2,3.27176,724.08,6.58628,0.0660747,0.176888
2458,RL,127,BSDF Heavy,0,High,4,Medium,2,High,2,High,2,3.25137,719.574,6.58005,0.0659026,0.176888
2459,RL,125,BSDF Heavy,0,High,4,Low,0,High,2,High,2,3.2415,717.236,6.5768,0.0657566,0.176888
2460,RL,129,BSDF Heavy,0,High,4,High,4,High,2,High,2,3.27811,725.472,6.5882,0.0661308,0.176888
2461,RL,129,BSDF Heavy,0,High,4,High,4,High,2,High,2,3.26984,723.954,6.58611,0.0660547,0.176888
2462,RL,125,BSDF Heavy,0,High,4,Low,0,High,2,High,2,3.24474,717.823,6.57762,0.0662023,0.176888
2463,RL,110,BSDF Heavy,0,High,4,Low,0,High,2,High,2,3.23247,715.332,6.57414,0.0658311,0.176888
2464,RL,129,BSDF Heavy,0,High,4,High,4,High,2,High,2,3.25999,721.725,6.58303,0.0656812,0.176817
2465,RL,125,BSDF Heavy,0,High,4,Low,0,High,2,High,2,3.24168,717.734,6.57749,0.0659564,0.176817
2466,RL,129,BSDF Heavy,0,High,4,High,4,High,2,High,2,3.25294,720.295,6.58105,0.0656052,0.176817
2467,RL,128,BSDF Heavy,0,High,4,Medium-High,3,High,2,High,2,3.24638,720.088,6.58076,0.065974,0.176817
2468,RL,129,BSDF Heavy,0,High,4,High,4,High,2,High,2,3.27135,724.704,6.58714,0.0658165,0.176817
2469,RL,110,BSDF Heavy,0,High,4,Low,0,High,2,High,2,3.2365,717.651,6.57737,0.0655591,0.176817
2470,RL,127,BSDF Heavy,0,High,4,Medium,2,High,2,High,2,3.25326,719.822,6.58039,0.065878,0.176817
2471,RL,110,BSDF Heavy,0,High,4,Low,0,High,2,High,2,3.23223,715.935,6.57499,0.0658849,0.176817
2472,RL,125,BSDF Heavy,0,Low,0,Low,0,High,2,High,2,3.24707,718.536,6.57861,0.0658173,0.176747
2473,RL,129,BSDF Heavy,0,Low,0,High,4,High,2,High,2,3.26651,723.752,6.58583,0.0660148,0.176747
2474,RL,125,BSDF Heavy,0,Low,0,Low,0,High,2,High,2,3.24075,716.867,6.57628,0.0657166,0.176747
2475,RL,126,BSDF Heavy,0,Low,0,Low-Medium,1,High,2,High,2,3.24924,719.313,6.57969,0.0659218,0.176747
2476,RL,127,BSDF Heavy,0,Low,0,Medium,2,High,2,High,2,3.2519,719.688,6.58021,0.0660878,0.176747
2477,RL,110,BSDF Heavy,0,Low,0,Low,0,High,2,High,2,3.23174,716.132,6.57526,0.0659879,0.176747
2478,RL,110,BSDF Heavy,0,Low,0,Low,0,High,2,High,2,3.23587,715.776,6.57476,0.0653677,0.176747
2479,RL,125,BSDF Heavy,0,Low,0,Low,0,High,2,High,2,3.24696,718.868,6.57907,0.0657327,0.176747
2480,RL,127,BSDF Heavy,0,Medium,2,Medium,2,High,2,High,2,3.24736,719.461,6.57989,0.0657151,0.176676
2481,RL,129,BSDF Heavy,0,Medium,2,High,4,High,2,High,2,3.26322,722.345,6.58389,0.0658342,0.176676
2482,RL,129,BSDF Heavy,0,Medium,2,High,4,High,2,High,2,3.2899,727.785,6.59138,0.06619,0.176676
2483,RL,129,BSDF Heavy,0,Medium,2,High,4,High,2,High,2,3.27083,724.795,6.58727,0.0657097,0.176676
2484,RL,129,BSDF Heavy,0,Medium,2,High,4,High,2,High,2,3.26014,721.565,6.58281,0.0662199,0.176676
2485,RL,110,BSDF Heavy,0,Medium,2,Low,0,High,2,High,2,3.23819,716.379,6.5756,0.0659479,0.176676
2486,RL,129,BSDF Heavy,0,Medium,2,High,4,High,2,High,2,3.29018,728.992,6.59303,0.0658872,0.176676
2487,RL,129,BSDF Heavy,0,Medium,2,High,4,High,2,High,2,3.26631,723.229,6.58511,0.0660985,0.176676
2488,RL,129,BSDF Heavy,0,High,4,High,4,High,2,High,2,3.25456,721.057,6.5821,0.0659525,0.176605
2489,RL,129,BSDF Heavy,0,High,4,High,4,High,2,High,2,3.2501,720.497,6.58133,0.0654607,0.176605
2490,RL,128,BSDF Heavy,0,High,4,Medium-High,3,High,2,High,2,3.24376,720.01,6.58065,0.0659056,0.176605
2491,RL,110,BSDF Heavy,0,High,4,Low,0,High,2,High,2,3.22276,714.221,6.57259,0.0657274,0.176605
2492,RL,125,BSDF Heavy,0,High,4,Low,0,High,2,High,2,3.24439,718.303,6.57828,0.0658764,0.176605
2493,RL,110,BSDF Heavy,0,High,4,Low,0,High,2,High,2,3.2396,717.749,6.57751,0.0656328,0.176605
2494,RL,129,BSDF Heavy,0,High,4,High,4,High,2,High,2,3.26257,722.545,6.58416,0.0657005,0.176605
2495,RL,128,BSDF Heavy,0,High,4,Medium-High,3,High,2,High,2,3.24976,719.861,6.58045,0.0659794,0.176605
2496,RL,125,BSDF Heavy,0,Low,0,Low,0,High,2,High,2,3.24602,718.495,6.57855,0.0658718,0.176535
2497,RL,129,BSDF Heavy,0,Low,0,High,4,High,2,High,2,3.26775,722.393,6.58395,0.0662315,0.176535
2498,RL,129,BSDF Heavy,0,Low,0,High,4,High,2,High,2,3.26592,723.718,6.58578,0.0658119,0.176535
2499,RL,125,BSDF Heavy,0,Low,0,Low,0,High,2,High,2,3.24294,718.311,6.57829,0.0657151,0.176535
2500,RL,125,BSDF Heavy,0,Low,0,Low,0,High,2,High,2,3.24957,718.538,6.57861,0.0660601,0.176535
2501,RL,125,BSDF Heavy,0,Low,0,Low,0,High,2,High,2,3.24199,717.499,6.57716,0.0657373,0.176535
2502,RL,110,BSDF Heavy,0,Low,0,Low,0,High,2,High,2,3.22033,712.191,6.56975,0.0655168,0.176535
2503,RL,129,BSDF Heavy,0,Low,0,High,4,High,2,High,2,3.2551,720.585,6.58145,0.0659871,0.176535
2504,RL,125,BSDF Heavy,0,Low,0,Low,0,High,2,High,2,3.24693,718.403,6.57842,0.0657427,0.176464
2505,RL,129,BSDF Heavy,0,Low,0,High,4,High,2,High,2,3.26335,722.763,6.58446,0.0661531,0.176464
2506,RL,129,BSDF Heavy,0,Low,0,High,4,High,2,High,2,3.26958,722.729,6.58442,0.0658042,0.176464
2507,RL,110,BSDF Heavy,0,Low,0,Low,0,High,2,High,2,3.22088,712.903,6.57075,0.0657965,0.176464
2508,RL,129,BSDF Heavy,0,Low,0,High,4,High,2,High,2,3.26805,723.686,6.58574,0.0660593,0.176464
2509,RL,110,BSDF Heavy,0,Low,0,Low,0,High,2,High,2,3.23492,715.697,6.57465,0.0654945,0.176464
2510,RL,129,BSDF Heavy,0,Low,0,High,4,High,2,High,2,3.29459,729.917,6.5943,0.0662038,0.176464
2511,RL,129,BSDF Heavy,0,Low,0,High,4,High,2,High,2,3.27538,725.454,6.58818,0.0660048,0.176464
2512,RL,129,BSDF Heavy,0,High,4,High,4,High,2,High,2,3.26636,723.816,6.58592,0.0660816,0.176394
2513,RL,129,BSDF Heavy,0,High,4,High,4,High,2,High,2,3.26105,721.555,6.58279,0.0659948,0.176394
2514,RL,125,BSDF Heavy,0,High,4,Low,0,High,2,High,2,3.24315,717.659,6.57739,0.0658803,0.176394
2515,RL,129,BSDF Heavy,0,High,4,High,4,High,2,High,2,3.27925,726.432,6.58952,0.0657673,0.176394
2516,RL,129,BSDF Heavy,0,High,4,High,4,High,2,High,2,3.25136,720.966,6.58198,0.0655875,0.176394
2517,RL,126,BSDF Heavy,0,High,4,Low-Medium,1,High,2,High,2,3.25136,719.212,6.57955,0.065888,0.176394
2518,RL,129,BSDF Heavy,0,High,4,High,4,High,2,High,2,3.25923,722.634,6.58429,0.0652571,0.176394
2519,RL,129,BSDF Heavy,0,High,4,High,4,High,2,High,2,3.26251,722.654,6.58431,0.0658956,0.176394
2520,RL,110,Light Heavy,0,Low,0,Low,0,Medium,1,High,2,3.2398,717.985,6.57784,0.0654937,0.176323
2521,RL,39,Light Heavy,0,Low,0,High,4,Medium,1,High,2,3.26058,724.25,6.58652,0.0577799,0.176323
2522,RL,23,Light Heavy,0,Low,0,Medium-High,3,Medium,1,High,2,3.23954,720.142,6.58084,0.0577392,0.176323
2523,RL,20,Light Heavy,0,Low,0,Low,0,Medium,1,High,2,3.23222,717.966,6.57781,0.0571967,0.176323
2524,RL,20,Light Heavy,0,Low,0,Low,0,Medium,1,High,2,3.22699,715.682,6.57463,0.0576493,0.176323
2525,RL,39,Light Heavy,0,Low,0,High,4,Medium,1,High,2,3.25836,724.405,6.58673,0.0576539,0.176323
2526,RL,39,Light Heavy,0,Low,0,High,4,Medium,1,High,2,3.25001,722.173,6.58365,0.0577676,0.176323
2527,RL,20,Light Heavy,0,Low,0,Low,0,Medium,1,High,2,3.21431,713.692,6.57185,0.0574487,0.176323
2528,RL,20,BSDF Heavy,0,Low,0,Low,0,Medium,1,Low,0,3.23171,717.513,6.57718,0.0575963,0.176252
2529,RL,129,BSDF Heavy,0,Low,0,High,4,Medium,1,Low,0,3.25785,720.646,6.58153,0.0656912,0.176252
2530,RL,129,BSDF Heavy,0,Low,0,High,4,Medium,1,Low,0,3.25831,721.849,6.5832,0.0657811,0.176252
2531,RL,110,BSDF Heavy,0,Low,0,Low,0,Medium,1,Low,0,3.23861,717.081,6.57658,0.0658718,0.176252
2532,RL,129,BSDF Heavy,0,Low,0,High,4,Medium,1,Low,0,3.26348,722.064,6.5835,0.0663767,0.176252
2533,RL,129,BSDF Heavy,0,Low,0,High,4,Medium,1,Low,0,3.27126,722.833,6.58456,0.0661116,0.176252
2534,RL,128,BSDF Heavy,0,Low,0,Medium-High,3,Medium,1,Low,0,3.25435,720.027,6.58068,0.065974,0.176252
2535,RL,129,BSDF Heavy,0,Low,0,High,4,Medium,1,Low,0,3.26769,724.284,6.58656,0.0661354,0.176252
2536,RL,129,Balanced,0,High,4,High,4,High,2,High,2,3.28371,725.911,6.5888,0.0659602,0.176182
2537,RL,80,Balanced,0,High,4,Low,0,High,2,High,2,3.24186,718.538,6.57861,0.0625743,0.176182
2538,RL,82,Balanced,0,High,4,Medium,2,High,2,High,2,3.24418,719.584,6.58006,0.0624645,0.176182
2539,RL,84,Balanced,0,High,4,High,4,High,2,High,2,3.25599,721.537,6.58277,0.0627818,0.176182
2540,RL,84,Balanced,0,High,4,High,4,High,2,High,2,3.25775,720.849,6.58182,0.0627841,0.176182
2541,RL,65,Balanced,0,High,4,Low,0,High,2,High,2,3.22077,714.198,6.57256,0.0623069,0.176182
2542,RL,84,Balanced,0,High,4,High,4,High,2,High,2,3.25839,721.367,6.58253,0.0625644,0.176182
2543,RL,81,Balanced,0,High,4,Low-Medium,1,High,2,High,2,3.24248,719.119,6.57942,0.0626205,0.176182
2544,RL,84,BSDF Heavy,0,High,4,High,4,High,2,Medium,1,3.25359,720.879,6.58186,0.0627742,0.176112
2545,RL,125,BSDF Heavy,0,High,4,Low,0,High,2,Medium,1,3.24531,717.877,6.57769,0.0657827,0.176112
2546,RL,129,BSDF Heavy,0,High,4,High,4,High,2,Medium,1,3.26079,722.776,6.58448,0.0656574,0.176112
2547,RL,125,BSDF Heavy,0,High,4,Low,0,High,2,Medium,1,3.24381,718.848,6.57904,0.0655406,0.176112
2548,RL,129,BSDF Heavy,0,High,4,High,4,High,2,Medium,1,3.26659,722.904,6.58466,0.0660155,0.176112
2549,RL,125,BSDF Heavy,0,High,4,Low,0,High,2,Medium,1,3.24538,718.627,6.57873,0.0659179,0.176112
2550,RL,129,BSDF Heavy,0,High,4,High,4,High,2,Medium,1,3.25746,721.283,6.58242,0.0657358,0.176112
2551,RL,129,BSDF Heavy,0,High,4,High,4,High,2,Medium,1,3.28582,726.84,6.59008,0.0658472,0.176112
2552,RL,129,Light Heavy,0,High,4,High,4,High,2,High,2,3.28616,727.139,6.59049,0.0660009,0.176041
2553,RL,21,Light Heavy,0,High,4,Low-Medium,1,High,2,High,2,3.23968,719.025,6.57929,0.0577815,0.176041
2554,RL,20,Light Heavy,0,High,4,Low,0,High,2,High,2,3.22271,716.832,6.57624,0.0572535,0.176041
2555,RL,20,Light Heavy,0,High,4,Low,0,High,2,High,2,3.23081,717.529,6.57721,0.0578014,0.176041
2556,RL,39,Light Heavy,0,High,4,High,4,High,2,High,2,3.2455,721.303,6.58245,0.0577307,0.176041
2557,RL,39,Light Heavy,0,High,4,High,4,High,2,High,2,3.24571,720.413,6.58121,0.0575824,0.176041
2558,RL,20,Light Heavy,0,High,4,Low,0,High,2,High,2,3.23176,716.916,6.57635,0.0574525,0.176041
2559,RL,39,Light Heavy,0,High,4,High,4,High,2,High,2,3.25451,723.332,6.58525,0.0581296,0.176041
2560,RL,39,BSDF Heavy,0,High,4,High,4,High,2,Low,0,3.2519,720.903,6.58189,0.0575778,0.175971
2561,RL,129,BSDF Heavy,0,High,4,High,4,High,2,Low,0,3.25497,720.468,6.58129,0.0660593,0.175971
2562,RL,129,BSDF Heavy,0,High,4,High,4,High,2,Low,0,3.25683,721.358,6.58252,0.0660171,0.175971
2563,RL,129,BSDF Heavy,0,High,4,High,4,High,2,Low,0,3.25519,720.699,6.58161,0.0660032,0.175971
2564,RL,129,BSDF Heavy,0,High,4,High,4,High,2,Low,0,3.25787,721.718,6.58302,0.0660716,0.175971
2565,RL,125,BSDF Heavy,0,High,4,Low,0,High,2,Low,0,3.24082,717.529,6.57721,0.0657458,0.175971
2566,RL,110,BSDF Heavy,0,High,4,Low,0,High,2,Low,0,3.23122,715.45,6.57431,0.0657212,0.175971
2567,RL,129,BSDF Heavy,0,High,4,High,4,High,2,Low,0,3.27647,726.13,6.58911,0.0660716,0.175971
2568,RL,125,BSDF Heavy,0,Low,0,Low,0,High,2,High,2,3.24752,718.284,6.57826,0.0661131,0.1759
2569,RL,129,BSDF Heavy,0,Low,0,High,4,High,2,High,2,3.26194,722.536,6.58415,0.0661085,0.1759
2570,RL,129,BSDF Heavy,0,Low,0,High,4,High,2,High,2,3.26749,723.639,6.58567,0.0660286,0.1759
2571,RL,110,BSDF Heavy,0,Low,0,Low,0,High,2,High,2,3.22498,712.943,6.5708,0.0657266,0.1759
2572,RL,125,BSDF Heavy,0,Low,0,Low,0,High,2,High,2,3.24245,717.326,6.57692,0.0663175,0.1759
2573,RL,125,BSDF Heavy,0,Low,0,Low,0,High,2,High,2,3.24693,718.444,6.57848,0.0658518,0.1759
2574,RL,129,BSDF Heavy,0,Low,0,High,4,High,2,High,2,3.26805,723.957,6.58611,0.0654131,0.1759
2575,RL,129,BSDF Heavy,0,Low,0,High,4,High,2,High,2,3.25834,722.107,6.58356,0.0656421,0.1759
2576,RL,127,Light Heavy,0,Medium,2,Medium,2,High,2,High,2,3.25176,719.465,6.5799,0.065745,0.17583
2577,RL,39,Light Heavy,0,Medium,2,High,4,High,2,High,2,3.25038,721.618,6.58288,0.0579228,0.17583
2578,RL,20,Light Heavy,0,Medium,2,Low,0,High,2,High,2,3.22424,715.413,6.57426,0.0578852,0.17583
2579,RL,39,Light Heavy,0,Medium,2,High,4,High,2,High,2,3.24722,722.237,6.58374,0.0576915,0.17583
2580,RL,20,Light Heavy,0,Medium,2,Low,0,High,2,High,2,3.22912,716.138,6.57527,0.0577177,0.17583
2581,RL,21,Light Heavy,0,Medium,2,Low-Medium,1,High,2,High,2,3.23888,719.11,6.5794,0.0576024,0.17583
2582,RL,39,Light Heavy,0,Medium,2,High,4,High,2,High,2,3.2659,725.604,6.58838,0.0579129,0.17583
2583,RL,39,Light Heavy,0,Medium,2,High,4,High,2,High,2,3.25238,722.183,6.58366,0.0578644,0.17583
2584,RL,20,BSDF Heavy,0,Low,0,Low,0,Medium,1,Low,0,3.23714,718.706,6.57884,0.0575509,0.17576
2585,RL,129,BSDF Heavy,0,Low,0,High,4,Medium,1,Low,0,3.26005,721.904,6.58328,0.0658303,0.17576
2586,RL,110,BSDF Heavy,0,Low,0,Low,0,Medium,1,Low,0,3.23663,715.792,6.57479,0.0656628,0.17576
2587,RL,110,BSDF Heavy,0,Low,0,Low,0,Medium,1,Low,0,3.22898,714.82,6.57343,0.065576,0.17576
2588,RL,125,BSDF Heavy,0,Low,0,Low,0,Medium,1,Low,0,3.24168,717.985,6.57784,0.0658634,0.17576
2589,RL,110,BSDF Heavy,0,Low,0,Low,0,Medium,1,Low,0,3.23872,716.495,6.57577,0.0656659,0.17576
2590,RL,110,BSDF Heavy,0,Low,0,Low,0,Medium,1,Low,0,3.23079,714.512,6.573,0.0656336,0.17576
2591,RL,129,BSDF Heavy,0,Low,0,High,4,Medium,1,Low,0,3.25743,720.903,6.58189,0.0658657,0.17576
2592,RL,129,BSDF Heavy,0,High,4,High,4,High,2,High,2,3.2562,721.074,6.58213,0.0661892,0.175689
2593,RL,129,BSDF Heavy,0,High,4,High,4,High,2,High,2,3.26583,721.868,6.58323,0.0655007,0.175689
2594,RL,126,BSDF Heavy,0,High,4,Low-Medium,1,High,2,High,2,3.24993,719.168,6.57948,0.0656228,0.175689
2595,RL,125,BSDF Heavy,0,High,4,Low,0,High,2,High,2,3.24337,717.797,6.57758,0.0659195,0.175689
2596,RL,129,BSDF Heavy,0,High,4,High,4,High,2,High,2,3.26293,721.461,6.58266,0.0660178,0.175689
2597,RL,129,BSDF Heavy,0,High,4,High,4,High,2,High,2,3.27813,725.417,6.58812,0.0660847,0.175689
2598,RL,129,BSDF Heavy,0,High,4,High,4,High,2,High,2,3.28212,727.221,6.5906,0.0660701,0.175689
2599,RL,128,BSDF Heavy,0,High,4,Medium-High,3,High,2,High,2,3.25296,720.249,6.58098,0.0659978,0.175689
2600,RL,129,BSDF Heavy,0,High,4,High,4,High,2,High,2,3.28458,727.401,6.59085,0.0658265,0.175619
2601,RL,126,BSDF Heavy,0,High,4,Low-Medium,1,High,2,High,2,3.24729,719.34,6.57972,0.0656666,0.175619
2602,RL,128,BSDF Heavy,0,High,4,Medium-High,3,High,2,High,2,3.25042,720.22,6.58094,0.0658495,0.175619
2603,RL,129,BSDF Heavy,0,High,4,High,4,High,2,High,2,3.25699,722.743,6.58444,0.0657619,0.175619
2604,RL,125,BSDF Heavy,0,High,4,Low,0,High,2,High,2,3.24359,717.973,6.57782,0.065881,0.175619
2605,RL,110,BSDF Heavy,0,High,4,Low,0,High,2,High,2,3.22969,714.915,6.57356,0.0656935,0.175619
2606,RL,129,BSDF Heavy,0,High,4,High,4,High,2,High,2,3.25192,720.465,6.58128,0.065765,0.175619
2607,RL,129,BSDF Heavy,0,High,4,High,4,High,2,High,2,3.25698,721.673,6.58296,0.0657373,0.175619
2608,RL,129,BSDF Heavy,0,High,4,High,4,High,2,High,2,3.25818,721.21,6.58232,0.0659248,0.175549
2609,RL,129,BSDF Heavy,0,High,4,High,4,High,2,High,2,3.25319,720.818,6.58177,0.0658126,0.175549
2610,RL,126,BSDF Heavy,0,High,4,Low-Medium,1,High,2,High,2,3.25152,719.144,6.57945,0.0659156,0.175549
2611,RL,125,BSDF Heavy,0,High,4,Low,0,High,2,High,2,3.24039,717.847,6.57765,0.0656912,0.175549
2612,RL,129,BSDF Heavy,0,High,4,High,4,High,2,High,2,3.27117,723.747,6.58582,0.0658803,0.175549
2613,RL,129,BSDF Heavy,0,High,4,High,4,High,2,High,2,3.25807,721.091,6.58215,0.0659049,0.175549
2614,RL,129,BSDF Heavy,0,High,4,High,4,High,2,High,2,3.27641,724.825,6.58731,0.065838,0.175549
2615,RL,129,BSDF Heavy,0,High,4,High,4,High,2,High,2,3.26831,722.38,6.58393,0.0660732,0.175549
2616,RL,129,BSDF Heavy,0,High,4,High,4,High,2,High,2,3.27478,725.861,6.58874,0.0661116,0.175479
2617,RL,126,BSDF Heavy,0,High,4,Low-Medium,1,High,2,High,2,3.24917,719.333,6.57971,0.0659656,0.175479
2618,RL,129,BSDF Heavy,0,High,4,High,4,High,2,High,2,3.25646,721.822,6.58316,0.0659364,0.175479
2619,RL,129,BSDF Heavy,0,High,4,High,4,High,2,High,2,3.2692,724.321,6.58661,0.0658034,0.175479
2620,RL,110,BSDF Heavy,0,High,4,Low,0,High,2,High,2,3.23788,716.401,6.57563,0.0656597,0.175479
2621,RL,129,BSDF Heavy,0,High,4,High,4,High,2,High,2,3.2549,721.266,6.58239,0.0657596,0.175479
2622,RL,110,BSDF Heavy,0,High,4,Low,0,High,2,High,2,3.23611,715.665,6.57461,0.0657289,0.175479
2623,RL,129,BSDF Heavy,0,High,4,High,4,High,2,High,2,3.25625,722.409,6.58398,0.0658472,0.175479
2624,RL,129,BSDF Heavy,0,High,4,High,4,High,2,High,2,3.25497,720.505,6.58134,0.0659709,0.175408
2625,RL,110,BSDF Heavy,0,High,4,Low,0,High,2,High,2,3.22212,713.775,6.57197,0.0655767,0.175408
2626,RL,125,BSDF Heavy,0,High,4,Low,0,High,2,High,2,3.2415,718.068,6.57796,0.0656182,0.175408
2627,RL,129,BSDF Heavy,0,High,4,High,4,High,2,High,2,3.2607,722.056,6.58349,0.0659625,0.175408
2628,RL,129,BSDF Heavy,0,High,4,High,4,High,2,High,2,3.27384,725.468,6.58819,0.0659056,0.175408
2629,RL,129,BSDF Heavy,0,High,4,High,4,High,2,High,2,3.25249,720.625,6.58151,0.0659625,0.175408
2630,RL,128,BSDF Heavy,0,High,4,Medium-High,3,High,2,High,2,3.2526,719.974,6.5806,0.0658841,0.175408
2631,RL,129,BSDF Heavy,0,High,4,High,4,High,2,High,2,3.26119,721.98,6.58338,0.065931,0.175408
2632,RL,129,BSDF Heavy,0,High,4,High,4,High,2,High,2,3.25877,721.365,6.58253,0.0659802,0.175338
2633,RL,110,BSDF Heavy,0,High,4,Low,0,High,2,High,2,3.22522,714.008,6.57229,0.0655883,0.175338
2634,RL,129,BSDF Heavy,0,High,4,High,4,High,2,High,2,3.26154,721.236,6.58235,0.0661554,0.175338
2635,RL,125,BSDF Heavy,0,High,4,Low,0,High,2,High,2,3.24027,717.546,6.57723,0.0657927,0.175338
2636,RL,110,BSDF Heavy,0,High,4,Low,0,High,2,High,2,3.23592,716.644,6.57597,0.0657581,0.175338
2637,RL,128,BSDF Heavy,0,High,4,Medium-High,3,High,2,High,2,3.25369,720.102,6.58078,0.0656989,0.175338
2638,RL,110,BSDF Heavy,0,High,4,Low,0,High,2,High,2,3.22455,714.101,6.57242,0.0654699,0.175338
2639,RL,125,BSDF Heavy,0,High,4,Low,0,High,2,High,2,3.24364,718.506,6.57856,0.0660831,0.175338
2640,RL,129,BSDF Heavy,0,High,4,High,4,High,2,High,2,3.26902,724.699,6.58714,0.0658695,0.175268
2641,RL,129,BSDF Heavy,0,High,4,High,4,High,2,High,2,3.25853,721.202,6.5823,0.0655145,0.175268
2642,RL,126,BSDF Heavy,0,High,4,Low-Medium,1,High,2,High,2,3.25127,719.367,6.57976,0.0659725,0.175268
2643,RL,128,BSDF Heavy,0,High,4,Medium-High,3,High,2,High,2,3.25618,720.244,6.58098,0.0658618,0.175268
2644,RL,125,BSDF Heavy,0,High,4,Low,0,High,2,High,2,3.24017,716.756,6.57613,0.0658273,0.175268
2645,RL,125,BSDF Heavy,0,High,4,Low,0,High,2,High,2,3.24043,717.385,6.577,0.0657957,0.175268
2646,RL,129,BSDF Heavy,0,High,4,High,4,High,2,High,2,3.27366,724.659,6.58708,0.0661684,0.175268
2647,RL,125,BSDF Heavy,0,High,4,Low,0,High,2,High,2,3.24136,717.789,6.57757,0.0658634,0.175268
2648,RL,110,Light Heavy,0,Low,0,Low,0,Medium,1,High,2,3.23233,715.551,6.57445,0.0658764,0.175198
2649,RL,20,Light Heavy,0,Low,0,Low,0,Medium,1,High,2,3.23171,716.955,6.57641,0.0578468,0.175198
2650,RL,39,Light Heavy,0,Low,0,High,4,Medium,1,High,2,3.24098,720.357,6.58113,0.0575678,0.175198
2651,RL,38,Light Heavy,0,Low,0,Medium-High,3,Medium,1,High,2,3.24158,719.894,6.58049,0.0577084,0.175198
2652,RL,20,Light Heavy,0,Low,0,Low,0,Medium,1,High,2,3.22358,716.776,6.57616,0.0574287,0.175198
2653,RL,20,Light Heavy,0,Low,0,Low,0,Medium,1,High,2,3.2267,716.059,6.57516,0.0579328,0.175198
2654,RL,20,Light Heavy,0,Low,0,Low,0,Medium,1,High,2,3.20867,711.961,6.56943,0.0576516,0.175198
2655,RL,39,Light Heavy,0,Low,0,High,4,Medium,1,High,2,3.25678,722.398,6.58396,0.0578806,0.175198
2656,RL,39,BSDF Heavy,0,High,4,High,4,High,2,Low,0,3.25605,723.403,6.58535,0.0579198,0.175128
2657,RL,129,BSDF Heavy,0,High,4,High,4,High,2,Low,0,3.26588,722.393,6.58395,0.0658388,0.175128
2658,RL,125,BSDF Heavy,0,High,4,Low,0,High,2,Low,0,3.2445,718.776,6.57894,0.0656459,0.175128
2659,RL,129,BSDF Heavy,0,High,4,High,4,High,2,Low,0,3.25284,720.355,6.58113,0.0658196,0.175128
2660,RL,129,BSDF Heavy,0,High,4,High,4,High,2,Low,0,3.26397,723.091,6.58492,0.065775,0.175128
2661,RL,129,BSDF Heavy,0,High,4,High,4,High,2,Low,0,3.25163,720.473,6.58129,0.0657274,0.175128
2662,RL,127,BSDF Heavy,0,High,4,Medium,2,High,2,Low,0,3.25309,719.783,6.58034,0.0656021,0.175128
2663,RL,125,BSDF Heavy,0,High,4,Low,0,High,2,Low,0,3.24141,717.205,6.57675,0.0657673,0.175128
2664,RL,129,BSDF Heavy,0,High,4,High,4,High,2,High,2,3.28494,727.647,6.59119,0.0657896,0.175058
2665,RL,126,BSDF Heavy,0,High,4,Low-Medium,1,High,2,High,2,3.25341,719.097,6.57939,0.0658995,0.175058
2666,RL,110,BSDF Heavy,0,High,4,Low,0,High,2,High,2,3.23133,715.077,6.57379,0.065964,0.175058
2667,RL,129,BSDF Heavy,0,High,4,High,4,High,2,High,2,3.25889,721.889,6.58326,0.0660885,0.175058
2668,RL,129,BSDF Heavy,0,High,4,High,4,High,2,High,2,3.26259,722.018,6.58343,0.065808,0.175058
2669,RL,129,BSDF Heavy,0,High,4,High,4,High,2,High,2,3.28036,726.54,6.58967,0.0662015,0.175058
2670,RL,110,BSDF Heavy,0,High,4,Low,0,High,2,High,2,3.22931,714.968,6.57364,0.065712,0.175058
2671,RL,129,BSDF Heavy,0,High,4,High,4,High,2,High,2,3.27104,725.376,6.58807,0.0659709,0.175058
2672,RL,110,BSDF Heavy,0,Low,0,Low,0,Medium,1,High,2,3.23432,715.134,6.57387,0.0658296,0.174988
2673,RL,125,BSDF Heavy,0,Low,0,Low,0,Medium,1,High,2,3.24817,718.653,6.57877,0.0658688,0.174988
2674,RL,128,BSDF Heavy,0,Low,0,Medium-High,3,Medium,1,High,2,3.2551,720.004,6.58064,0.0656244,0.174988
2675,RL,127,BSDF Heavy,0,Low,0,Medium,2,Medium,1,High,2,3.24727,719.689,6.58021,0.0659971,0.174988
2676,RL,126,BSDF Heavy,0,Low,0,Low-Medium,1,Medium,1,High,2,3.2476,719.089,6.57937,0.0660755,0.174988
2677,RL,110,BSDF Heavy,0,Low,0,Low,0,Medium,1,High,2,3.2236,713.243,6.57122,0.065659,0.174988
2678,RL,125,BSDF Heavy,0,Low,0,Low,0,Medium,1,High,2,3.24411,717.837,6.57763,0.0657773,0.174988
2679,RL,110,BSDF Heavy,0,Low,0,Low,0,Medium,1,High,2,3.23949,717.708,6.57746,0.0656666,0.174988
2680,RL,129,BSDF Heavy,0,High,4,High,4,High,2,High,2,3.25626,720.521,6.58136,0.0654346,0.174918
2681,RL,126,BSDF Heavy,0,High,4,Low-Medium,1,High,2,High,2,3.251,719.125,6.57942,0.065815,0.174918
2682,RL,127,BSDF Heavy,0,High,4,Medium,2,High,2,High,2,3.2511,719.738,6.58028,0.0660993,0.174918
2683,RL,110,BSDF Heavy,0,High,4,Low,0,High,2,High,2,3.23406,716.74,6.57611,0.06539,0.174918
2684,RL,127,BSDF Heavy,0,High,4,Medium,2,High,2,High,2,3.25025,719.774,6.58033,0.0660447,0.174918
2685,RL,110,BSDF Heavy,0,High,4,Low,0,High,2,High,2,3.23356,714.906,6.57355,0.0658672,0.174918
2686,RL,129,BSDF Heavy,0,High,4,High,4,High,2,High,2,3.25461,721.03,6.58207,0.0656974,0.174918
2687,RL,127,BSDF Heavy,0,High,4,Medium,2,High,2,High,2,3.24822,719.405,6.57981,0.0655368,0.174918
2688,RL,129,BSDF Heavy,0,High,4,High,4,High,2,High,2,3.26103,722.346,6.58389,0.0660978,0.174848
2689,RL,125,BSDF Heavy,0,High,4,Low,0,High,2,High,2,3.24188,717.241,6.57681,0.0660247,0.174848
2690,RL,125,BSDF Heavy,0,High,4,Low,0,High,2,High,2,3.24029,717.036,6.57652,0.0657081,0.174848
2691,RL,129,BSDF Heavy,0,High,4,High,4,High,2,High,2,3.27539,725.55,6.58831,0.0658672,0.174848
2692,RL,129,BSDF Heavy,0,High,4,High,4,High,2,High,2,3.26871,723.806,6.5859,0.0659026,0.174848
2693,RL,129,BSDF Heavy,0,High,4,High,4,High,2,High,2,3.26839,723.436,6.58539,0.0660962,0.174848
2694,RL,129,BSDF Heavy,0,High,4,High,4,High,2,High,2,3.2689,724.294,6.58658,0.0660724,0.174848
2695,RL,129,BSDF Heavy,0,High,4,High,4,High,2,High,2,3.26393,722.155,6.58362,0.0663536,0.174848
2696,RL,110,BSDF Heavy,0,Low,0,Low,0,Medium,1,High,2,3.22922,714.396,6.57284,0.0656897,0.174778
2697,RL,110,BSDF Heavy,0,Low,0,Low,0,Medium,1,High,2,3.23917,717.411,6.57704,0.0655975,0.174778
2698,RL,125,BSDF Heavy,0,Low,0,Low,0,Medium,1,High,2,3.24266,718.56,6.57864,0.0659149,0.174778
2699,RL,127,BSDF Heavy,0,Low,0,Medium,2,Medium,1,High,2,3.25065,719.654,6.58016,0.0662453,0.174778
2700,RL,110,BSDF Heavy,0,Low,0,Low,0,Medium,1,High,2,3.23967,717.745,6.57751,0.0661577,0.174778
2701,RL,125,BSDF Heavy,0,Low,0,Low,0,Medium,1,High,2,3.2403,716.659,6.57599,0.0658734,0.174778
2702,RL,129,BSDF Heavy,0,Low,0,High,4,Medium,1,High,2,3.25716,721.524,6.58275,0.0656789,0.174778
2703,RL,127,BSDF Heavy,0,Low,0,Medium,2,Medium,1,High,2,3.25,719.576,6.58005,0.0659049,0.174778
2704,RL,130,BSDF Heavy,0,Low,0,Low,0,High,2,High,2,3.24514,717.647,6.57737,0.0662507,0.174708
2705,RL,134,BSDF Heavy,0,Low,0,High,4,High,2,High,2,3.27274,724.903,6.58742,0.0657727,0.174708
2706,RL,115,BSDF Heavy,0,Low,0,Low,0,High,2,High,2,3.22792,714.847,6.57347,0.0658011,0.174708
2707,RL,134,BSDF Heavy,0,Low,0,High,4,High,2,High,2,3.26718,723.406,6.58535,0.0657934,0.174708
2708,RL,133,BSDF Heavy,0,Low,0,Medium-High,3,High,2,High,2,3.25386,720.237,6.58097,0.0656444,0.174708
2709,RL,130,BSDF Heavy,0,Low,0,Low,0,High,2,High,2,3.24537,718.591,6.57868,0.0657104,0.174708
2710,RL,134,BSDF Heavy,0,Low,0,High,4,High,2,High,2,3.26292,722.816,6.58454,0.0657696,0.174708
2711,RL,134,BSDF Heavy,0,Low,0,High,4,High,2,High,2,3.25583,721.177,6.58227,0.0657366,0.174708
2712,RL,134,Light Heavy,0,High,4,High,4,High,2,High,2,3.26603,723.025,6.58483,0.0657581,0.174638
2713,RL,41,Light Heavy,0,High,4,Low-Medium,1,High,2,High,2,3.24599,719.058,6.57933,0.0577776,0.174638
2714,RL,44,Light Heavy,0,High,4,High,4,High,2,High,2,3.26039,723.988,6.58616,0.0580358,0.174638
2715,RL,44,Light Heavy,0,High,4,High,4,High,2,High,2,3.25591,722.927,6.58469,0.0576839,0.174638
2716,RL,44,Light Heavy,0,High,4,High,4,High,2,High,2,3.26959,725.73,6.58856,0.057491,0.174638
2717,RL,25,Light Heavy,0,High,4,Low,0,High,2,High,2,3.23374,718.489,6.57854,0.0576239,0.174638
2718,RL,44,Light Heavy,0,High,4,High,4,High,2,High,2,3.24719,721.194,6.58229,0.0575102,0.174638
2719,RL,25,Light Heavy,0,High,4,Low,0,High,2,High,2,3.22834,716.355,6.57557,0.0575939,0.174638
2720,RL,43,BSDF Heavy,0,Medium-High,3,Medium-High,3,High,2,Low,0,3.24408,719.856,6.58044,0.0577138,0.174569
2721,RL,134,BSDF Heavy,0,Medium-High,3,High,4,High,2,Low,0,3.25623,721.136,6.58221,0.0657727,0.174569
2722,RL,115,BSDF Heavy,0,Medium-High,3,Low,0,High,2,Low,0,3.23311,715.26,6.57404,0.0661416,0.174569
2723,RL,133,BSDF Heavy,0,Medium-High,3,Medium-High,3,High,2,Low,0,3.25418,720.106,6.58079,0.0658618,0.174569
2724,RL,133,BSDF Heavy,0,Medium-High,3,Medium-High,3,High,2,Low,0,3.25306,719.841,6.58042,0.0659195,0.174569
2725,RL,130,BSDF Heavy,0,Medium-High,3,Low,0,High,2,Low,0,3.24402,718.428,6.57846,0.0657435,0.174569
2726,RL,134,BSDF Heavy,0,Medium-High,3,High,4,High,2,Low,0,3.25709,720.738,6.58166,0.0658641,0.174569
2727,RL,134,BSDF Heavy,0,Medium-High,3,High,4,High,2,Low,0,3.2708,724.779,6.58725,0.0660532,0.174569
2728,RL,134,BSDF Heavy,0,High,4,High,4,High,2,High,2,3.26821,723.966,6.58612,0.0657481,0.174499
2729,RL,115,BSDF Heavy,0,High,4,Low,0,High,2,High,2,3.22573,714.275,6.57267,0.0656574,0.174499
2730,RL,134,BSDF Heavy,0,High,4,High,4,High,2,High,2,3.25955,721.928,6.58331,0.0658119,0.174499
2731,RL,133,BSDF Heavy,0,High,4,Medium-High,3,High,2,High,2,3.25479,720.21,6.58093,0.0660002,0.174499
2732,RL,134,BSDF Heavy,0,High,4,High,4,High,2,High,2,3.26939,723.109,6.58494,0.0663321,0.174499
2733,RL,134,BSDF Heavy,0,High,4,High,4,High,2,High,2,3.26017,722.11,6.58356,0.0658019,0.174499
2734,RL,134,BSDF Heavy,0,High,4,High,4,High,2,High,2,3.25849,721.893,6.58326,0.0659133,0.174499
2735,RL,134,BSDF Heavy,0,High,4,High,4,High,2,High,2,3.28096,726.754,6.58996,0.0662545,0.174499
2736,RL,134,BSDF Heavy,0,High,4,High,4,High,2,High,2,3.26155,722.362,6.58391,0.0659971,0.174429
2737,RL,130,BSDF Heavy,0,High,4,Low,0,High,2,High,2,3.24468,718.409,6.57843,0.0659348,0.174429
2738,RL,115,BSDF Heavy,0,High,4,Low,0,High,2,High,2,3.23512,716.918,6.57636,0.0657204,0.174429
2739,RL,130,BSDF Heavy,0,High,4,Low,0,High,2,High,2,3.2464,718.954,6.57919,0.0657519,0.174429
2740,RL,115,BSDF Heavy,0,High,4,Low,0,High,2,High,2,3.23758,716.359,6.57558,0.0660432,0.174429
2741,RL,130,BSDF Heavy,0,High,4,Low,0,High,2,High,2,3.24037,718.516,6.57858,0.0656866,0.174429
2742,RL,134,BSDF Heavy,0,High,4,High,4,High,2,High,2,3.25424,721.001,6.58203,0.0658511,0.174429
2743,RL,134,BSDF Heavy,0,High,4,High,4,High,2,High,2,3.27769,725.913,6.58881,0.0659248,0.174429
2744,RL,134,BSDF Heavy,0,High,4,High,4,High,2,High,2,3.27938,725.566,6.58833,0.065569,0.174359
2745,RL,134,BSDF Heavy,0,High,4,High,4,High,2,High,2,3.26643,723.357,6.58528,0.0658196,0.174359
2746,RL,130,BSDF Heavy,0,High,4,Low,0,High,2,High,2,3.24514,718.736,6.57888,0.0658626,0.174359
2747,RL,134,BSDF Heavy,0,High,4,High,4,High,2,High,2,3.27789,725.061,6.58763,0.0659003,0.174359
2748,RL,115,BSDF Heavy,0,High,4,Low,0,High,2,High,2,3.23912,717.922,6.57775,0.0651771,0.174359
2749,RL,134,BSDF Heavy,0,High,4,High,4,High,2,High,2,3.26374,722.137,6.5836,0.0660263,0.174359
2750,RL,134,BSDF Heavy,0,High,4,High,4,High,2,High,2,3.27953,726.121,6.58909,0.0658787,0.174359
2751,RL,115,BSDF Heavy,0,High,4,Low,0,High,2,High,2,3.22793,714.26,6.57265,0.0655906,0.174359
2752,RL,134,BSDF Heavy,0,High,4,High,4,High,2,High,2,3.25063,720.728,6.58165,0.0655122,0.174289
2753,RL,130,BSDF Heavy,0,High,4,Low,0,High,2,High,2,3.2416,718.906,6.57912,0.0656121,0.174289
2754,RL,130,BSDF Heavy,0,High,4,Low,0,High,2,High,2,3.245,718.294,6.57827,0.0659379,0.174289
2755,RL,134,BSDF Heavy,0,High,4,High,4,High,2,High,2,3.2532,720.702,6.58161,0.0656367,0.174289
2756,RL,134,BSDF Heavy,0,High,4,High,4,High,2,High,2,3.2566,721.881,6.58324,0.0656859,0.174289
2757,RL,134,BSDF Heavy,0,High,4,High,4,High,2,High,2,3.26557,723.14,6.58498,0.0659817,0.174289
2758,RL,134,BSDF Heavy,0,High,4,High,4,High,2,High,2,3.25148,721.462,6.58266,0.0657942,0.174289
2759,RL,115,BSDF Heavy,0,High,4,Low,0,High,2,High,2,3.2388,716.894,6.57632,0.0659464,0.174289
2760,RL,134,BSDF Heavy,0,High,4,High,4,High,2,High,2,3.2739,724.391,6.58671,0.0659079,0.17422
2761,RL,130,BSDF Heavy,0,High,4,Low,0,High,2,High,2,3.2429,718.288,6.57826,0.0660071,0.17422
2762,RL,134,BSDF Heavy,0,High,4,High,4,High,2,High,2,3.25738,721.764,6.58308,0.0659056,0.17422
2763,RL,134,BSDF Heavy,0,High,4,High,4,High,2,High,2,3.25894,721.507,6.58273,0.0658319,0.17422
2764,RL,134,BSDF Heavy,0,High,4,High,4,High,2,High,2,3.25621,721.599,6.58285,0.0660217,0.17422
2765,RL,115,BSDF Heavy,0,High,4,Low,0,High,2,High,2,3.22038,712.696,6.57046,0.065546,0.17422
2766,RL,134,BSDF Heavy,0,High,4,High,4,High,2,High,2,3.26231,722.34,6.58388,0.0658065,0.17422
2767,RL,130,BSDF Heavy,0,High,4,Low,0,High,2,High,2,3.24286,718.174,6.5781,0.0655552,0.17422
2768,RL,134,BSDF Heavy,0,High,4,High,4,High,2,High,2,3.26669,723.597,6.58562,0.0659356,0.17415
2769,RL,115,BSDF Heavy,0,High,4,Low,0,High,2,High,2,3.233,715.456,6.57432,0.0659387,0.17415
2770,RL,134,BSDF Heavy,0,High,4,High,4,High,2,High,2,3.27758,726.888,6.59015,0.0659848,0.17415
2771,RL,130,BSDF Heavy,0,High,4,Low,0,High,2,High,2,3.24451,718.449,6.57849,0.0659763,0.17415
2772,RL,134,BSDF Heavy,0,High,4,High,4,High,2,High,2,3.26587,723.196,6.58506,0.0660624,0.17415
2773,RL,134,BSDF Heavy,0,High,4,High,4,High,2,High,2,3.2571,721.016,6.58205,0.0658995,0.17415
2774,RL,131,BSDF Heavy,0,High,4,Low-Medium,1,High,2,High,2,3.24935,719.154,6.57946,0.066087,0.17415
2775,RL,131,BSDF Heavy,0,High,4,Low-Medium,1,High,2,High,2,3.24207,719.031,6.57929,0.0655729,0.17415
2776,RL,115,BSDF Heavy,0,Low,0,Low,0,Medium,1,High,2,3.23223,716.318,6.57552,0.0654061,0.17408
2777,RL,134,BSDF Heavy,0,Low,0,High,4,Medium,1,High,2,3.2719,724.427,6.58676,0.0657658,0.17408
2778,RL,134,BSDF Heavy,0,Low,0,High,4,Medium,1,High,2,3.25933,722.239,6.58374,0.0658365,0.17408
2779,RL,130,BSDF Heavy,0,Low,0,Low,0,Medium,1,High,2,3.24708,718.855,6.57905,0.0658849,0.17408
2780,RL,134,BSDF Heavy,0,Low,0,High,4,Medium,1,High,2,3.26093,721.915,6.58329,0.0655299,0.17408
2781,RL,134,BSDF Heavy,0,Low,0,High,4,Medium,1,High,2,3.27043,723.787,6.58588,0.0656851,0.17408
2782,RL,134,BSDF Heavy,0,Low,0,High,4,Medium,1,High,2,3.26839,723.396,6.58534,0.0662637,0.17408
2783,RL,115,BSDF Heavy,0,Low,0,Low,0,Medium,1,High,2,3.23368,715.531,6.57442,0.0655813,0.17408
2784,RL,134,Balanced,0,High,4,High,4,High,2,High,2,3.25343,720.996,6.58202,0.0657788,0.174011
2785,RL,89,Balanced,0,High,4,High,4,High,2,High,2,3.26195,723.606,6.58563,0.0626381,0.174011
2786,RL,85,Balanced,0,High,4,Low,0,High,2,High,2,3.24085,717.362,6.57697,0.0626996,0.174011
2787,RL,87,Balanced,0,High,4,Medium,2,High,2,High,2,3.24579,719.787,6.58034,0.0627526,0.174011
2788,RL,87,Balanced,0,High,4,Medium,2,High,2,High,2,3.24728,719.566,6.58004,0.0626043,0.174011
2789,RL,70,Balanced,0,High,4,Low,0,High,2,High,2,3.23225,716.919,6.57636,0.0625129,0.174011
2790,RL,89,Balanced,0,High,4,High,4,High,2,High,2,3.25189,720.593,6.58146,0.0626205,0.174011
2791,RL,70,Balanced,0,High,4,Low,0,High,2,High,2,3.22179,713.36,6.57139,0.0625567,0.174011
2792,RL,70,BSDF Heavy,0,Low,0,Low,0,Medium,1,Medium,1,3.23967,718.469,6.57851,0.0626012,0.173941
2793,RL,130,BSDF Heavy,0,Low,0,Low,0,Medium,1,Medium,1,3.24524,718.836,6.57902,0.0657289,0.173941
2794,RL,115,BSDF Heavy,0,Low,0,Low,0,Medium,1,Medium,1,3.22804,716.243,6.57541,0.065297,0.173941
2795,RL,132,BSDF Heavy,0,Low,0,Medium,2,Medium,1,Medium,1,3.25249,719.8,6.58036,0.0657896,0.173941
2796,RL,115,BSDF Heavy,0,Low,0,Low,0,Medium,1,Medium,1,3.22933,714.506,6.57299,0.0656436,0.173941
2797,RL,115,BSDF Heavy,0,Low,0,Low,0,Medium,1,Medium,1,3.22442,714.625,6.57316,0.0658649,0.173941
2798,RL,134,BSDF Heavy,0,Low,0,High,4,Medium,1,Medium,1,3.27677,726.546,6.58968,0.066004,0.173941
2799,RL,130,BSDF Heavy,0,Low,0,Low,0,Medium,1,Medium,1,3.24498,718.958,6.57919,0.0659971,0.173941
2800,RL,134,BSDF Heavy,0,High,4,High,4,High,2,High,2,3.26228,721.605,6.58286,0.0660962,0.173872
2801,RL,134,BSDF Heavy,0,High,4,High,4,High,2,High,2,3.25773,721.444,6.58264,0.0658042,0.173872
2802,RL,132,BSDF Heavy,0,High,4,Medium,2,High,2,High,2,3.25025,719.61,6.5801,0.0656351,0.173872
2803,RL,115,BSDF Heavy,0,High,4,Low,0,High,2,High,2,3.23466,716.301,6.5755,0.0653616,0.173872
2804,RL,130,BSDF Heavy,0,High,4,Low,0,High,2,High,2,3.24247,717.723,6.57748,0.0658526,0.173872
2805,RL,131,BSDF Heavy,0,High,4,Low-Medium,1,High,2,High,2,3.24461,719.374,6.57977,0.0661508,0.173872
2806,RL,133,BSDF Heavy,0,High,4,Medium-High,3,High,2,High,2,3.24922,719.896,6.58049,0.0661969,0.173872
2807,RL,134,BSDF Heavy,0,High,4,High,4,High,2,High,2,3.27928,726.262,6.58929,0.0659164,0.173872
2808,RL,133,Light Heavy,0,Medium-High,3,Medium-High,3,High,2,High,2,3.25198,720.056,6.58072,0.0656128,0.173802
2809,RL,25,Light Heavy,0,Medium-High,3,Low,0,High,2,High,2,3.23282,718.271,6.57824,0.057647,0.173802
2810,RL,44,Light Heavy,0,Medium-High,3,High,4,High,2,High,2,3.25183,722.578,6.58421,0.0578998,0.173802
2811,RL,40,Light Heavy,0,Medium-High,3,Low,0,High,2,High,2,3.24295,718.842,6.57903,0.0580881,0.173802
2812,RL,25,Light Heavy,0,Medium-High,3,Low,0,High,2,High,2,3.21869,714.309,6.57271,0.057232,0.173802
2813,RL,41,Light Heavy,0,Medium-High,3,Low-Medium,1,High,2,High,2,3.2404,719.008,6.57926,0.05774,0.173802
2814,RL,25,Light Heavy,0,Medium-High,3,Low,0,High,2,High,2,3.22762,715.78,6.57477,0.0580681,0.173802
2815,RL,43,Light Heavy,0,Medium-High,3,Medium-High,3,High,2,High,2,3.24085,720.191,6.5809,0.0575363,0.173802
2816,RL,25,BSDF Heavy,0,Low,0,Low,0,Medium,1,Low,0,3.22993,717.749,6.57751,0.0576416,0.173733
2817,RL,130,BSDF Heavy,0,Low,0,Low,0,Medium,1,Low,0,3.24097,717.166,6.5767,0.0658442,0.173733
2818,RL,115,BSDF Heavy,0,Low,0,Low,0,Medium,1,Low,0,3.23156,715.253,6.57403,0.0658142,0.173733
2819,RL,131,BSDF Heavy,0,Low,0,Low-Medium,1,Medium,1,Low,0,3.24452,719.083,6.57937,0.0654046,0.173733
2820,RL,133,BSDF Heavy,0,Low,0,Medium-High,3,Medium,1,Low,0,3.25135,720.04,6.58069,0.0659218,0.173733
2821,RL,134,BSDF Heavy,0,Low,0,High,4,Medium,1,Low,0,3.25948,722.493,6.58409,0.065662,0.173733
2822,RL,132,BSDF Heavy,0,Low,0,Medium,2,Medium,1,Low,0,3.25191,719.59,6.58007,0.0659064,0.173733
2823,RL,130,BSDF Heavy,0,Low,0,Low,0,Medium,1,Low,0,3.24286,717.588,6.57729,0.0659464,0.173733
2824,RL,134,Light Heavy,0,High,4,High,4,High,2,High,2,3.26658,722.75,6.58445,0.0659441,0.173663
2825,RL,25,Light Heavy,0,High,4,Low,0,High,2,High,2,3.20026,710.593,6.56751,0.0574272,0.173663
2826,RL,42,Light Heavy,0,High,4,Medium,2,High,2,High,2,3.24047,719.628,6.58012,0.0577054,0.173663
2827,RL,44,Light Heavy,0,High,4,High,4,High,2,High,2,3.24474,720.472,6.58129,0.0579851,0.173663
2828,RL,25,Light Heavy,0,High,4,Low,0,High,2,High,2,3.20496,711.716,6.56908,0.0573065,0.173663
2829,RL,25,Light Heavy,0,High,4,Low,0,High,2,High,2,3.22044,714.415,6.57286,0.0577761,0.173663
2830,RL,25,Light Heavy,0,High,4,Low,0,High,2,High,2,3.23384,717.777,6.57755,0.0575279,0.173663
2831,RL,25,Light Heavy,0,High,4,Low,0,High,2,High,2,3.20304,710.874,6.5679,0.0578606,0.173663
2832,RL,44,BSDF Heavy,0,High,4,High,4,High,2,Low,0,3.24678,720.837,6.5818,0.057793,0.173594
2833,RL,134,BSDF Heavy,0,High,4,High,4,High,2,Low,0,3.25505,721.458,6.58266,0.0656098,0.173594
2834,RL,132,BSDF Heavy,0,High,4,Medium,2,High,2,Low,0,3.24875,719.682,6.5802,0.0660962,0.173594
2835,RL,134,BSDF Heavy,0,High,4,High,4,High,2,Low,0,3.25974,720.468,6.58129,0.0659102,0.173594
2836,RL,134,BSDF Heavy,0,High,4,High,4,High,2,Low,0,3.29947,729.961,6.59436,0.0662222,0.173594
2837,RL,134,BSDF Heavy,0,High,4,High,4,High,2,Low,0,3.25688,720.514,6.58135,0.0659456,0.173594
2838,RL,134,BSDF Heavy,0,High,4,High,4,High,2,Low,0,3.28286,727.448,6.59092,0.0661054,0.173594
2839,RL,134,BSDF Heavy,0,High,4,High,4,High,2,Low,0,3.26166,722.463,6.58405,0.0659325,0.173594
2840,RL,134,BSDF Heavy,0,High,4,High,4,High,2,High,2,3.25382,720.671,6.58157,0.0659064,0.173524
2841,RL,134,BSDF Heavy,0,High,4,High,4,High,2,High,2,3.25681,721.716,6.58302,0.0658257,0.173524
2842,RL,134,BSDF Heavy,0,High,4,High,4,High,2,High,2,3.26534,723.111,6.58494,0.0658303,0.173524
2843,RL,133,BSDF Heavy,0,High,4,Medium-High,3,High,2,High,2,3.25221,719.874,6.58046,0.0656052,0.173524
2844,RL,134,BSDF Heavy,0,High,4,High,4,High,2,High,2,3.25869,721.705,6.583,0.0657735,0.173524
2845,RL,115,BSDF Heavy,0,High,4,Low,0,High,2,High,2,3.2367,715.697,6.57465,0.0659479,0.173524
2846,RL,134,BSDF Heavy,0,High,4,High,4,High,2,High,2,3.25526,721.267,6.58239,0.0658103,0.173524
2847,RL,134,BSDF Heavy,0,High,4,High,4,High,2,High,2,3.26391,723.613,6.58564,0.0656359,0.173524
2848,RL,132,BSDF Heavy,0,Medium,2,Medium,2,High,2,High,2,3.2491,719.684,6.5802,0.065659,0.173455
2849,RL,132,BSDF Heavy,0,Medium,2,Medium,2,High,2,High,2,3.24743,719.422,6.57984,0.0655483,0.173455
2850,RL,134,BSDF Heavy,0,Medium,2,High,4,High,2,High,2,3.26922,723.792,6.58588,0.0657558,0.173455
2851,RL,134,BSDF Heavy,0,Medium,2,High,4,High,2,High,2,3.26144,721.33,6.58248,0.0659095,0.173455
2852,RL,134,BSDF Heavy,0,Medium,2,High,4,High,2,High,2,3.26266,721.081,6.58214,0.0662261,0.173455
2853,RL,130,BSDF Heavy,0,Medium,2,Low,0,High,2,High,2,3.24369,718.652,6.57877,0.065868,0.173455
2854,RL,130,BSDF Heavy,0,Medium,2,Low,0,High,2,High,2,3.24148,718.526,6.57859,0.0656567,0.173455
2855,RL,134,BSDF Heavy,0,Medium,2,High,4,High,2,High,2,3.27142,725.204,6.58783,0.0657496,0.173455
2856,RL,115,BSDF Heavy,0,Low,0,Low,0,Medium,1,High,2,3.22459,712.401,6.57004,0.0663268,0.173385
2857,RL,130,BSDF Heavy,0,Low,0,Low,0,Medium,1,High,2,3.2438,717.628,6.57734,0.0657212,0.173385
2858,RL,115,BSDF Heavy,0,Low,0,Low,0,Medium,1,High,2,3.22531,714.126,6.57246,0.0654046,0.173385
2859,RL,134,BSDF Heavy,0,Low,0,High,4,Medium,1,High,2,3.25928,723.285,6.58519,0.0657788,0.173385
2860,RL,130,BSDF Heavy,0,Low,0,Low,0,Medium,1,High,2,3.24293,716.904,6.57634,0.0661323,0.173385
2861,RL,130,BSDF Heavy,0,Low,0,Low,0,Medium,1,High,2,3.24656,718.101,6.578,0.0660393,0.173385
2862,RL,131,BSDF Heavy,0,Low,0,Low-Medium,1,Medium,1,High,2,3.25209,719.236,6.57958,0.0658634,0.173385
2863,RL,130,BSDF Heavy,0,Low,0,Low,0,Medium,1,High,2,3.24057,717.682,6.57742,0.0655398,0.173385
2864,RL,134,BSDF Heavy,0,High,4,High,4,High,2,High,2,3.26383,722.458,6.58404,0.0659617,0.173316
2865,RL,134,BSDF Heavy,0,High,4,High,4,High,2,High,2,3.26368,722.303,6.58383,0.0660586,0.173316
2866,RL,130,BSDF Heavy,0,High,4,Low,0,High,2,High,2,3.24279,718.241,6.5782,0.0659264,0.173316
2867,RL,115,BSDF Heavy,0,High,4,Low,0,High,2,High,2,3.23658,717.552,6.57724,0.0658119,0.173316
2868,RL,134,BSDF Heavy,0,High,4,High,4,High,2,High,2,3.27746,726.559,6.58969,0.0658226,0.173316
2869,RL,134,BSDF Heavy,0,High,4,High,4,High,2,High,2,3.25509,720.732,6.58165,0.0658926,0.173316
2870,RL,130,BSDF Heavy,0,High,4,Low,0,High,2,High,2,3.24092,718.334,6.57833,0.0656559,0.173316
2871,RL,134,BSDF Heavy,0,High,4,High,4,High,2,High,2,3.26777,723.921,6.58606,0.0657942,0.173316
2872,RL,134,BSDF Heavy,0,High,4,High,4,High,2,High,2,3.25977,721.18,6.58227,0.0660831,0.173247
2873,RL,131,BSDF Heavy,0,High,4,Low-Medium,1,High,2,High,2,3.24988,719.241,6.57959,0.065639,0.173247
2874,RL,131,BSDF Heavy,0,High,4,Low-Medium,1,High,2,High,2,3.24701,719.09,6.57938,0.0659356,0.173247
2875,RL,115,BSDF Heavy,0,High,4,Low,0,High,2,High,2,3.2306,716.224,6.57539,0.0658419,0.173247
2876,RL,134,BSDF Heavy,0,High,4,High,4,High,2,High,2,3.25637,720.747,6.58167,0.066306,0.173247
2877,RL,134,BSDF Heavy,0,High,4,High,4,High,2,High,2,3.26356,723.134,6.58498,0.0656513,0.173247
2878,RL,134,BSDF Heavy,0,High,4,High,4,High,2,High,2,3.25998,721.46,6.58266,0.0659364,0.173247
2879,RL,134,BSDF Heavy,0,High,4,High,4,High,2,High,2,3.25515,720.705,6.58162,0.0659225,0.173247
2880,RL,134,BSDF Heavy,0,High,4,High,4,High,2,High,2,3.25491,721.507,6.58273,0.0661462,0.173178
2881,RL,133,BSDF Heavy,0,High,4,Medium-High,3,High,2,High,2,3.25267,720.081,6.58075,0.0658787,0.173178
2882,RL,134,BSDF Heavy,0,High,4,High,4,High,2,High,2,3.26116,721.916,6.58329,0.0658595,0.173178
2883,RL,134,BSDF Heavy,0,High,4,High,4,High,2,High,2,3.25286,720.441,6.58125,0.0659464,0.173178
2884,RL,131,BSDF Heavy,0,High,4,Low-Medium,1,High,2,High,2,3.25033,719.372,6.57977,0.0656528,0.173178
2885,RL,130,BSDF Heavy,0,High,4,Low,0,High,2,High,2,3.24129,718.337,6.57833,0.0654253,0.173178
2886,RL,115,BSDF Heavy,0,High,4,Low,0,High,2,High,2,3.23702,716.468,6.57573,0.0657589,0.173178
2887,RL,131,BSDF Heavy,0,High,4,Low-Medium,1,High,2,High,2,3.24709,719.091,6.57938,0.0655967,0.173178
2888,RL,131,BSDF Heavy,0,Low-Medium,1,Low-Medium,1,High,2,High,2,3.25086,719.392,6.5798,0.0661254,0.173108
2889,RL,134,BSDF Heavy,0,Low-Medium,1,High,4,High,2,High,2,3.27785,726.205,6.58921,0.0657266,0.173108
2890,RL,134,BSDF Heavy,0,Low-Medium,1,High,4,High,2,High,2,3.26803,723.547,6.58555,0.0659617,0.173108
2891,RL,132,BSDF Heavy,0,Low-Medium,1,Medium,2,High,2,High,2,3.24965,719.736,6.58027,0.0657166,0.173108
2892,RL,134,BSDF Heavy,0,Low-Medium,1,High,4,High,2,High,2,3.25211,720.784,6.58173,0.0657327,0.173108
2893,RL,115,BSDF Heavy,0,Low-Medium,1,Low,0,High,2,High,2,3.22288,714.043,6.57234,0.0657581,0.173108
2894,RL,132,BSDF Heavy,0,Low-Medium,1,Medium,2,High,2,High,2,3.2506,719.506,6.57995,0.0659978,0.173108
2895,RL,134,BSDF Heavy,0,Low-Medium,1,High,4,High,2,High,2,3.26147,721.817,6.58316,0.0660186,0.173108
2896,RL,132,BSDF Heavy,0,Medium,2,Medium,2,High,2,High,2,3.2544,719.484,6.57992,0.0659502,0.173039
2897,RL,134,BSDF Heavy,0,Medium,2,High,4,High,2,High,2,3.25963,722.386,6.58394,0.0660931,0.173039
2898,RL,115,BSDF Heavy,0,Medium,2,Low,0,High,2,High,2,3.23883,717.837,6.57763,0.0657688,0.173039
2899,RL,115,BSDF Heavy,0,Medium,2,Low,0,High,2,High,2,3.23448,716.174,6.57532,0.0657135,0.173039
2900,RL,134,BSDF Heavy,0,Medium,2,High,4,High,2,High,2,3.26084,722.615,6.58426,0.0659264,0.173039
2901,RL,134,BSDF Heavy,0,Medium,2,High,4,High,2,High,2,3.25904,721.339,6.58249,0.0658372,0.173039
2902,RL,115,BSDF Heavy,0,Medium,2,Low,0,High,2,High,2,3.23941,717.045,6.57653,0.0656567,0.173039
2903,RL,134,BSDF Heavy,0,Medium,2,High,4,High,2,High,2,3.25538,720.488,6.58132,0.0656251,0.173039
2904,RL,132,BSDF Heavy,0,Medium,2,Medium,2,High,2,High,2,3.24838,719.419,6.57983,0.0653869,0.17297
2905,RL,132,BSDF Heavy,0,Medium,2,Medium,2,High,2,High,2,3.24924,719.692,6.58021,0.0658941,0.17297
2906,RL,134,BSDF Heavy,0,Medium,2,High,4,High,2,High,2,3.28153,727.33,6.59075,0.0660762,0.17297
2907,RL,130,BSDF Heavy,0,Medium,2,Low,0,High,2,High,2,3.24307,717.703,6.57745,0.0655729,0.17297
2908,RL,115,BSDF Heavy,0,Medium,2,Low,0,High,2,High,2,3.23845,717.844,6.57764,0.0653131,0.17297
2909,RL,115,BSDF Heavy,0,Medium,2,Low,0,High,2,High,2,3.23754,717.803,6.57759,0.0658641,0.17297
2910,RL,134,BSDF Heavy,0,Medium,2,High,4,High,2,High,2,3.25483,720.558,6.58141,0.0655122,0.17297
2911,RL,130,BSDF Heavy,0,Medium,2,Low,0,High,2,High,2,3.24453,717.693,6.57743,0.0657589,0.17297
2912,RL,134,BSDF Heavy,0,High,4,High,4,High,2,High,2,3.26207,722.223,6.58372,0.0657358,0.172901
2913,RL,115,BSDF Heavy,0,High,4,Low,0,High,2,High,2,3.21987,712.952,6.57082,0.0660355,0.172901
2914,RL,130,BSDF Heavy,0,High,4,Low,0,High,2,High,2,3.24162,718.228,6.57818,0.0658595,0.172901
2915,RL,130,BSDF Heavy,0,High,4,Low,0,High,2,High,2,3.2403,718.314,6.5783,0.0655429,0.172901
2916,RL,130,BSDF Heavy,0,High,4,Low,0,High,2,High,2,3.24407,718.257,6.57822,0.0657888,0.172901
2917,RL,134,BSDF Heavy,0,High,4,High,4,High,2,High,2,3.25402,721.113,6.58218,0.0655299,0.172901
2918,RL,134,BSDF Heavy,0,High,4,High,4,High,2,High,2,3.25545,721.05,6.5821,0.0660739,0.172901
2919,RL,115,BSDF Heavy,0,High,4,Low,0,High,2,High,2,3.23463,716.213,6.57537,0.0656321,0.172901
2920,RL,134,Balanced,0,High,4,High,4,High,2,High,2,3.27412,725.611,6.58839,0.0660217,0.172832
2921,RL,89,Balanced,0,High,4,High,4,High,2,High,2,3.25092,720.855,6.58182,0.0625936,0.172832
2922,RL,85,Balanced,0,High,4,Low,0,High,2,High,2,3.24028,718.206,6.57815,0.0629217,0.172832
2923,RL,70,Balanced,0,High,4,Low,0,High,2,High,2,3.21,711.777,6.56917,0.0626212,0.172832
2924,RL,70,Balanced,0,High,4,Low,0,High,2,High,2,3.23625,718.369,6.57837,0.0622547,0.172832
2925,RL,70,Balanced,0,High,4,Low,0,High,2,High,2,3.23216,716.364,6.57558,0.0629225,0.172832
2926,RL,89,Balanced,0,High,4,High,4,High,2,High,2,3.25776,721.568,6.58281,0.0626919,0.172832
2927,RL,70,Balanced,0,High,4,Low,0,High,2,High,2,3.23417,717.397,6.57702,0.0628502,0.172832
2928,RL,71,BSDF Heavy,0,Low-Medium,1,Low-Medium,1,Medium,1,Medium,1,3.23892,719.105,6.5794,0.0625352,0.172762
2929,RL,134,BSDF Heavy,0,Low-Medium,1,High,4,Medium,1,Medium,1,3.26392,723.017,6.58482,0.0657343,0.172762
2930,RL,130,BSDF Heavy,0,Low-Medium,1,Low,0,Medium,1,Medium,1,3.24757,718.794,6.57897,0.0658011,0.172762
2931,RL,134,BSDF Heavy,0,Low-Medium,1,High,4,Medium,1,Medium,1,3.28679,726.918,6.59019,0.0664912,0.172762
2932,RL,134,BSDF Heavy,0,Low-Medium,1,High,4,Medium,1,Medium,1,3.25815,721.911,6.58329,0.0656866,0.172762
2933,RL,134,BSDF Heavy,0,Low-Medium,1,High,4,Medium,1,Medium,1,3.25834,722.643,6.5843,0.0658403,0.172762
2934,RL,130,BSDF Heavy,0,Low-Medium,1,Low,0,Medium,1,Medium,1,3.24001,716.663,6.576,0.0657427,0.172762
2935,RL,130,BSDF Heavy,0,Low-Medium,1,Low,0,Medium,1,Medium,1,3.24259,717.538,6.57722,0.0657112,0.172762
2936,RL,134,BSDF Heavy,0,High,4,High,4,High,2,High,2,3.25674,721.351,6.58251,0.0654323,0.172693
2937,RL,130,BSDF Heavy,0,High,4,Low,0,High,2,High,2,3.24547,717.902,6.57772,0.0661523,0.172693
2938,RL,115,BSDF Heavy,0,High,4,Low,0,High,2,High,2,3.23758,717.025,6.5765,0.0657097,0.172693
2939,RL,134,BSDF Heavy,0,High,4,High,4,High,2,High,2,3.29083,728.027,6.59171,0.0660209,0.172693
2940,RL,133,BSDF Heavy,0,High,4,Medium-High,3,High,2,High,2,3.25144,720.24,6.58097,0.0659003,0.172693
2941,RL,134,BSDF Heavy,0,High,4,High,4,High,2,High,2,3.25686,720.783,6.58173,0.0660409,0.172693
2942,RL,134,BSDF Heavy,0,High,4,High,4,High,2,High,2,3.27406,725.614,6.58839,0.0659848,0.172693
2943,RL,134,BSDF Heavy,0,High,4,High,4,High,2,High,2,3.25749,720.597,6.58147,0.0658372,0.172693
2944,RL,134,BSDF Heavy,0,High,4,High,4,High,2,High,2,3.26093,721.292,6.58243,0.0658956,0.172624
2945,RL,134,BSDF Heavy,0,High,4,High,4,High,2,High,2,3.27569,724.917,6.58744,0.0661554,0.172624
2946,RL,130,BSDF Heavy,0,High,4,Low,0,High,2,High,2,3.24006,717.819,6.57761,0.0660002,0.172624
2947,RL,115,BSDF Heavy,0,High,4,Low,0,High,2,High,2,3.23061,714.644,6.57318,0.0657704,0.172624
2948,RL,134,BSDF Heavy,0,High,4,High,4,High,2,High,2,3.26278,722.086,6.58353,0.0658872,0.172624
2949,RL,130,BSDF Heavy,0,High,4,Low,0,High,2,High,2,3.24296,718.943,6.57917,0.0660447,0.172624
2950,RL,134,BSDF Heavy,0,High,4,High,4,High,2,High,2,3.27718,725.955,6.58886,0.0660463,0.172624
2951,RL,130,BSDF Heavy,0,High,4,Low,0,High,2,High,2,3.24803,718.566,6.57865,0.0658326,0.172624
2952,RL,133,BSDF Heavy,0,Medium-High,3,Medium-High,3,High,2,High,2,3.25552,720.114,6.5808,0.0662453,0.172555
2953,RL,134,BSDF Heavy,0,Medium-High,3,High,4,High,2,High,2,3.27232,724.442,6.58678,0.0659218,0.172555
2954,RL,134,BSDF Heavy,0,Medium-High,3,High,4,High,2,High,2,3.28062,725.13,6.58773,0.0661969,0.172555
2955,RL,130,BSDF Heavy,0,Medium-High,3,Low,0,High,2,High,2,3.24215,718.374,6.57838,0.0656467,0.172555
2956,RL,133,BSDF Heavy,0,Medium-High,3,Medium-High,3,High,2,High,2,3.24815,720.226,6.58095,0.065732,0.172555
2957,RL,130,BSDF Heavy,0,Medium-High,3,Low,0,High,2,High,2,3.24132,718.33,6.57832,0.0654476,0.172555
2958,RL,115,BSDF Heavy,0,Medium-High,3,Low,0,High,2,High,2,3.23765,716.687,6.57603,0.0657212,0.172555
2959,RL,134,BSDF Heavy,0,Medium-High,3,High,4,High,2,High,2,3.25529,721.139,6.58222,0.0661976,0.172555
2960,RL,130,BSDF Heavy,0,Low,0,Low,0,High,2,High,2,3.24239,717.351,6.57696,0.0658249,0.172486
2961,RL,133,BSDF Heavy,0,Low,0,Medium-High,3,High,2,High,2,3.24754,720.132,6.58082,0.0657112,0.172486
2962,RL,133,BSDF Heavy,0,Low,0,Medium-High,3,High,2,High,2,3.25178,720.081,6.58075,0.0657811,0.172486
2963,RL,115,BSDF Heavy,0,Low,0,Low,0,High,2,High,2,3.2347,717.451,6.5771,0.065692,0.172486
2964,RL,131,BSDF Heavy,0,Low,0,Low-Medium,1,High,2,High,2,3.24579,719.197,6.57953,0.0656828,0.172486
2965,RL,132,BSDF Heavy,0,Low,0,Medium,2,High,2,High,2,3.24802,719.688,6.58021,0.0658011,0.172486
2966,RL,134,BSDF Heavy,0,Low,0,High,4,High,2,High,2,3.25545,721.547,6.58278,0.0659763,0.172486
2967,RL,132,BSDF Heavy,0,Low,0,Medium,2,High,2,High,2,3.24721,719.752,6.5803,0.0656728,0.172486
2968,RL,134,BSDF Heavy,0,High,4,High,4,High,2,High,2,3.25201,720.575,6.58144,0.0658933,0.172417
2969,RL,134,BSDF Heavy,0,High,4,High,4,High,2,High,2,3.27337,723.239,6.58512,0.066087,0.172417
2970,RL,134,BSDF Heavy,0,High,4,High,4,High,2,High,2,3.27593,725.463,6.58819,0.0659102,0.172417
2971,RL,130,BSDF Heavy,0,High,4,Low,0,High,2,High,2,3.24781,718.932,6.57916,0.0658234,0.172417
2972,RL,131,BSDF Heavy,0,High,4,Low-Medium,1,High,2,High,2,3.24527,719.084,6.57937,0.0654753,0.172417
2973,RL,134,BSDF Heavy,0,High,4,High,4,High,2,High,2,3.26762,724.327,6.58662,0.0659717,0.172417
2974,RL,134,BSDF Heavy,0,High,4,High,4,High,2,High,2,3.26685,722.953,6.58473,0.0656943,0.172417
2975,RL,134,BSDF Heavy,0,High,4,High,4,High,2,High,2,3.26584,723.456,6.58542,0.0662737,0.172417
2976,RL,134,BSDF Heavy,0,High,4,High,4,High,2,High,2,3.27979,726.093,6.58906,0.0661961,0.172348
2977,RL,131,BSDF Heavy,0,High,4,Low-Medium,1,High,2,High,2,3.24798,719.104,6.5794,0.0656966,0.172348
2978,RL,134,BSDF Heavy,0,High,4,High,4,High,2,High,2,3.26083,722.815,6.58454,0.0660309,0.172348
2979,RL,134,BSDF Heavy,0,High,4,High,4,High,2,High,2,3.26207,723.746,6.58582,0.0658857,0.172348
2980,RL,115,BSDF Heavy,0,High,4,Low,0,High,2,High,2,3.23564,717.57,6.57726,0.0655091,0.172348
2981,RL,115,BSDF Heavy,0,High,4,Low,0,High,2,High,2,3.23791,718.094,6.57799,0.0657143,0.172348
2982,RL,134,BSDF Heavy,0,High,4,High,4,High,2,High,2,3.25752,721.628,6.58289,0.0659525,0.172348
2983,RL,134,BSDF Heavy,0,High,4,High,4,High,2,High,2,3.26132,722.014,6.58343,0.0660924,0.172348
2984,RL,134,BSDF Heavy,0,High,4,High,4,High,2,High,2,3.26745,723.571,6.58558,0.0659748,0.172279
2985,RL,130,BSDF Heavy,0,High,4,Low,0,High,2,High,2,3.24274,718.439,6.57847,0.0657627,0.172279
2986,RL,115,BSDF Heavy,0,High,4,Low,0,High,2,High,2,3.22894,714.492,6.57297,0.0659033,0.172279
2987,RL,134,BSDF Heavy,0,High,4,High,4,High,2,High,2,3.27781,725.815,6.58867,0.0660739,0.172279
2988,RL,131,BSDF Heavy,0,High,4,Low-Medium,1,High,2,High,2,3.25448,719.22,6.57956,0.065911,0.172279
2989,RL,134,BSDF Heavy,0,High,4,High,4,High,2,High,2,3.27481,724.172,6.58641,0.066286,0.172279
2990,RL,134,BSDF Heavy,0,High,4,High,4,High,2,High,2,3.25441,721.322,6.58247,0.0661162,0.172279
2991,RL,130,BSDF Heavy,0,High,4,Low,0,High,2,High,2,3.24095,717.066,6.57656,0.0657158,0.172279
2992,RL,130,BSDF Heavy,0,Low,0,Low,0,High,2,High,2,3.24193,717.639,6.57736,0.06541,0.17221
2993,RL,133,BSDF Heavy,0,Low,0,Medium-High,3,High,2,High,2,3.25205,720.047,6.5807,0.0655767,0.17221
2994,RL,134,BSDF Heavy,0,Low,0,High,4,High,2,High,2,3.26395,721.743,6.58305,0.0660839,0.17221
2995,RL,115,BSDF Heavy,0,Low,0,Low,0,High,2,High,2,3.23561,717.185,6.57673,0.0658004,0.17221
2996,RL,132,BSDF Heavy,0,Low,0,Medium,2,High,2,High,2,3.25198,719.609,6.5801,0.0658472,0.17221
2997,RL,134,BSDF Heavy,0,Low,0,High,4,High,2,High,2,3.26037,721.75,6.58306,0.0661538,0.17221
2998,RL,115,BSDF Heavy,0,Low,0,Low,0,High,2,High,2,3.23814,716.973,6.57643,0.0656666,0.17221
2999,RL,134,BSDF Heavy,0,Low,0,High,4,High,2,High,2,3.25545,720.604,6.58148,0.0658995,0.17221
3000,RL,115,BSDF Heavy,0,Low,0,Low,0,Medium,1,High,2,3.22968,714.24,6.57262,0.0658365,0.172142
3001,RL,134,BSDF Heavy,0,Low,0,High,4,Medium,1,High,2,3.25498,721.796,6.58313,0.0656136,0.172142
3002,RL,134,BSDF Heavy,0,Low,0,High,4,Medium,1,High,2,3.26486,723.968,6.58613,0.0657888,0.172142
3003,RL,133,BSDF Heavy,0,Low,0,Medium-High,3,Medium,1,High,2,3.251,719.907,6.58051,0.0660416,0.172142
3004,RL,134,BSDF Heavy,0,Low,0,High,4,Medium,1,High,2,3.25071,720.557,6.58141,0.065619,0.172142
3005,RL,134,BSDF Heavy,0,Low,0,High,4,Medium,1,High,2,3.25666,721.37,6.58254,0.065881,0.172142
3006,RL,132,BSDF Heavy,0,Low,0,Medium,2,Medium,1,High,2,3.24898,719.66,6.58017,0.0662038,0.172142
3007,RL,134,BSDF Heavy,0,Low,0,High,4,Medium,1,High,2,3.26243,723.846,6.58596,0.0660294,0.172142
3008,RL,130,BSDF Heavy,0,Low,0,Low,0,High,2,High,2,3.24201,717.185,6.57673,0.0654607,0.172073
3009,RL,134,BSDF Heavy,0,Low,0,High,4,High,2,High,2,3.26327,722.201,6.58369,0.0657665,0.172073
3010,RL,134,BSDF Heavy,0,Low,0,High,4,High,2,High,2,3.25118,720.289,6.58104,0.0657389,0.172073
3011,RL,115,BSDF Heavy,0,Low,0,Low,0,High,2,High,2,3.23512,715.796,6.57479,0.0659525,0.172073
3012,RL,133,BSDF Heavy,0,Low,0,Medium-High,3,High,2,High,2,3.24952,720.009,6.58065,0.065848,0.172073
3013,RL,134,BSDF Heavy,0,Low,0,High,4,High,2,High,2,3.26695,723.485,6.58546,0.0658503,0.172073
3014,RL,132,BSDF Heavy,0,Low,0,Medium,2,High,2,High,2,3.25068,719.761,6.58031,0.0656851,0.172073
3015,RL,134,BSDF Heavy,0,Low,0,High,4,High,2,High,2,3.26164,721.186,6.58228,0.0658442,0.172073
3016,RL,115,BSDF Heavy,0,Low,0,Low,0,Medium,1,High,2,3.23543,716.733,6.5761,0.0661085,0.172004
3017,RL,131,BSDF Heavy,0,Low,0,Low-Medium,1,Medium,1,High,2,3.24725,718.987,6.57923,0.0660601,0.172004
3018,RL,115,BSDF Heavy,0,Low,0,Low,0,Medium,1,High,2,3.22785,715.126,6.57386,0.0657811,0.172004
3019,RL,133,BSDF Heavy,0,Low,0,Medium-High,3,Medium,1,High,2,3.25274,719.864,6.58045,0.0661861,0.172004
3020,RL,133,BSDF Heavy,0,Low,0,Medium-High,3,Medium,1,High,2,3.25197,720.065,6.58073,0.0659602,0.172004
3021,RL,130,BSDF Heavy,0,Low,0,Low,0,Medium,1,High,2,3.24737,718.754,6.57891,0.0659625,0.172004
3022,RL,130,BSDF Heavy,0,Low,0,Low,0,Medium,1,High,2,3.24549,718.136,6.57805,0.0662929,0.172004
3023,RL,132,BSDF Heavy,0,Low,0,Medium,2,Medium,1,High,2,3.25241,719.706,6.58023,0.0658319,0.172004
3024,RL,134,BSDF Heavy,0,High,4,High,4,High,2,High,2,3.27329,724.61,6.58701,0.0656743,0.171935
3025,RL,115,BSDF Heavy,0,High,4,Low,0,High,2,High,2,3.22299,713.542,6.57164,0.0656305,0.171935
3026,RL,134,BSDF Heavy,0,High,4,High,4,High,2,High,2,3.27602,724.955,6.58749,0.0658273,0.171935
3027,RL,115,BSDF Heavy,0,High,4,Low,0,High,2,High,2,3.22284,712.359,6.56998,0.0654761,0.171935
3028,RL,134,BSDF Heavy,0,High,4,High,4,High,2,High,2,3.25575,721.214,6.58232,0.065662,0.171935
3029,RL,133,BSDF Heavy,0,High,4,Medium-High,3,High,2,High,2,3.25002,720.137,6.58083,0.0658027,0.171935
3030,RL,115,BSDF Heavy,0,High,4,Low,0,High,2,High,2,3.23959,717.422,6.57706,0.0655836,0.171935
3031,RL,134,BSDF Heavy,0,High,4,High,4,High,2,High,2,3.26596,722.709,6.58439,0.0657727,0.171935
3032,RL,132,BSDF Heavy,0,Medium,2,Medium,2,High,2,High,2,3.24838,719.669,6.58018,0.0653716,0.171866
3033,RL,132,BSDF Heavy,0,Medium,2,Medium,2,High,2,High,2,3.24669,719.449,6.57987,0.0657942,0.171866
3034,RL,134,BSDF Heavy,0,Medium,2,High,4,High,2,High,2,3.26326,722.519,6.58413,0.0661054,0.171866
3035,RL,134,BSDF Heavy,0,Medium,2,High,4,High,2,High,2,3.26743,723.315,6.58523,0.0659348,0.171866
3036,RL,134,BSDF Heavy,0,Medium,2,High,4,High,2,High,2,3.25702,721.679,6.58297,0.0658987,0.171866
3037,RL,134,BSDF Heavy,0,Medium,2,High,4,High,2,High,2,3.2608,721.642,6.58291,0.0659264,0.171866
3038,RL,134,BSDF Heavy,0,Medium,2,High,4,High,2,High,2,3.26375,723.404,6.58535,0.0661008,0.171866
3039,RL,115,BSDF Heavy,0,Medium,2,Low,0,High,2,High,2,3.23429,715.803,6.5748,0.0657335,0.171866
3040,RL,134,BSDF Heavy,0,High,4,High,4,High,2,High,2,3.27057,723.38,6.58532,0.0660555,0.171798
3041,RL,115,BSDF Heavy,0,High,4,Low,0,High,2,High,2,3.23586,716.448,6.5757,0.0656382,0.171798
3042,RL,133,BSDF Heavy,0,High,4,Medium-High,3,High,2,High,2,3.25261,719.953,6.58057,0.0655852,0.171798
3043,RL,134,BSDF Heavy,0,High,4,High,4,High,2,High,2,3.29014,728.231,6.59199,0.0660939,0.171798
3044,RL,134,BSDF Heavy,0,High,4,High,4,High,2,High,2,3.30144,731.073,6.59588,0.0660662,0.171798
3045,RL,134,BSDF Heavy,0,High,4,High,4,High,2,High,2,3.26094,722.518,6.58413,0.0655959,0.171798
3046,RL,133,BSDF Heavy,0,High,4,Medium-High,3,High,2,High,2,3.25039,720.091,6.58077,0.0655929,0.171798
3047,RL,115,BSDF Heavy,0,High,4,Low,0,High,2,High,2,3.23524,717.73,6.57749,0.0652916,0.171798
3048,RL,115,BSDF Heavy,0,Low,0,Low,0,Medium,1,High,2,3.22695,714.627,6.57316,0.0658019,0.171729
3049,RL,131,BSDF Heavy,0,Low,0,Low-Medium,1,Medium,1,High,2,3.24524,719.21,6.57954,0.065858,0.171729
3050,RL,115,BSDF Heavy,0,Low,0,Low,0,Medium,1,High,2,3.23116,715.47,6.57434,0.0657635,0.171729
3051,RL,115,BSDF Heavy,0,Low,0,Low,0,Medium,1,High,2,3.22455,714.31,6.57272,0.0658157,0.171729
3052,RL,115,BSDF Heavy,0,Low,0,Low,0,Medium,1,High,2,3.22166,712.825,6.57064,0.0660294,0.171729
3053,RL,115,BSDF Heavy,0,Low,0,Low,0,Medium,1,High,2,3.22616,715.204,6.57397,0.0658634,0.171729
3054,RL,115,BSDF Heavy,0,Low,0,Low,0,Medium,1,High,2,3.22745,714.744,6.57332,0.0657865,0.171729
3055,RL,134,BSDF Heavy,0,Low,0,High,4,Medium,1,High,2,3.268,723.011,6.58481,0.0656052,0.171729
3056,RL,130,BSDF Heavy,0,Low,0,Low,0,High,2,High,2,3.24077,717.262,6.57683,0.0659448,0.17166
3057,RL,134,BSDF Heavy,0,Low,0,High,4,High,2,High,2,3.26669,722.819,6.58454,0.0659863,0.17166
3058,RL,134,BSDF Heavy,0,Low,0,High,4,High,2,High,2,3.26211,722.514,6.58412,0.0657842,0.17166
3059,RL,134,BSDF Heavy,0,Low,0,High,4,High,2,High,2,3.26693,723.839,6.58595,0.0659771,0.17166
3060,RL,130,BSDF Heavy,0,Low,0,Low,0,High,2,High,2,3.24522,717.95,6.57779,0.0657089,0.17166
3061,RL,134,BSDF Heavy,0,Low,0,High,4,High,2,High,2,3.28643,728.63,6.59254,0.0657688,0.17166
3062,RL,131,BSDF Heavy,0,Low,0,Low-Medium,1,High,2,High,2,3.24574,719.356,6.57974,0.0656728,0.17166
3063,RL,134,BSDF Heavy,0,Low,0,High,4,High,2,High,2,3.26672,723.42,6.58537,0.0660962,0.17166
3064,RL,130,BSDF Heavy,0,Low,0,Low,0,High,2,High,2,3.24086,717.708,6.57746,0.0659126,0.171592
3065,RL,115,BSDF Heavy,0,Low,0,Low,0,High,2,High,2,3.2298,714.434,6.57289,0.0657788,0.171592
3066,RL,134,BSDF Heavy,0,Low,0,High,4,High,2,High,2,3.27052,724.892,6.5874,0.0658419,0.171592
3067,RL,130,BSDF Heavy,0,Low,0,Low,0,High,2,High,2,3.24494,717.895,6.57771,0.0656789,0.171592
3068,RL,133,BSDF Heavy,0,Low,0,Medium-High,3,High,2,High,2,3.25069,720.227,6.58095,0.0655283,0.171592
3069,RL,115,BSDF Heavy,0,Low,0,Low,0,High,2,High,2,3.2369,717.421,6.57706,0.0657881,0.171592
3070,RL,134,BSDF Heavy,0,Low,0,High,4,High,2,High,2,3.26841,723.297,6.5852,0.0662361,0.171592
3071,RL,134,BSDF Heavy,0,Low,0,High,4,High,2,High,2,3.25297,722.195,6.58368,0.0655936,0.171592
3072,RL,134,BSDF Heavy,0,High,4,High,4,High,2,High,2,3.2528,720.266,6.58101,0.0657696,0.171523
3073,RL,115,BSDF Heavy,0,High,4,Low,0,High,2,High,2,3.2326,716.792,6.57618,0.0656567,0.171523
3074,RL,131,BSDF Heavy,0,High,4,Low-Medium,1,High,2,High,2,3.24548,719.023,6.57928,0.0656928,0.171523
3075,RL,134,BSDF Heavy,0,High,4,High,4,High,2,High,2,3.27367,724.714,6.58716,0.0660486,0.171523
3076,RL,134,BSDF Heavy,0,High,4,High,4,High,2,High,2,3.25712,721.227,6.58234,0.0660363,0.171523
3077,RL,134,BSDF Heavy,0,High,4,High,4,High,2,High,2,3.26124,722.827,6.58455,0.0657481,0.171523
3078,RL,115,BSDF Heavy,0,High,4,Low,0,High,2,High,2,3.22873,713.96,6.57223,0.065765,0.171523
3079,RL,134,BSDF Heavy,0,High,4,High,4,High,2,High,2,3.25695,721.3,6.58244,0.065828,0.171523
3080,RL,115,BSDF Heavy,0,Low,0,Low,0,Medium,1,High,2,3.23377,716.925,6.57636,0.065586,0.171454
3081,RL,131,BSDF Heavy,0,Low,0,Low-Medium,1,Medium,1,High,2,3.25213,719.082,6.57936,0.0659948,0.171454
3082,RL,130,BSDF Heavy,0,Low,0,Low,0,Medium,1,High,2,3.24932,718.045,6.57792,0.0660247,0.171454
3083,RL,131,BSDF Heavy,0,Low,0,Low-Medium,1,Medium,1,High,2,3.24869,719.391,6.57979,0.0658603,0.171454
3084,RL,134,BSDF Heavy,0,Low,0,High,4,Medium,1,High,2,3.25822,722.249,6.58375,0.0657865,0.171454
3085,RL,115,BSDF Heavy,0,Low,0,Low,0,Medium,1,High,2,3.23638,716.13,6.57526,0.0656305,0.171454
3086,RL,115,BSDF Heavy,0,Low,0,Low,0,Medium,1,High,2,3.2263,714.202,6.57257,0.0656328,0.171454
3087,RL,131,BSDF Heavy,0,Low,0,Low-Medium,1,Medium,1,High,2,3.24408,719.144,6.57945,0.0656236,0.171454
3088,RL,115,BSDF Heavy,0,Low,0,Low,0,Medium,1,High,2,3.21861,713.322,6.57133,0.0656244,0.171386
3089,RL,134,BSDF Heavy,0,Low,0,High,4,Medium,1,High,2,3.267,723.366,6.5853,0.0657811,0.171386
3090,RL,134,BSDF Heavy,0,Low,0,High,4,Medium,1,High,2,3.27638,725.31,6.58798,0.0662899,0.171386
3091,RL,134,BSDF Heavy,0,Low,0,High,4,Medium,1,High,2,3.25495,721.357,6.58252,0.0656751,0.171386
3092,RL,134,BSDF Heavy,0,Low,0,High,4,Medium,1,High,2,3.25732,720.354,6.58113,0.0656805,0.171386
3093,RL,134,BSDF Heavy,0,Low,0,High,4,Medium,1,High,2,3.27301,724.649,6.58707,0.0658695,0.171386
3094,RL,134,BSDF Heavy,0,Low,0,High,4,Medium,1,High,2,3.2721,723.544,6.58554,0.0660655,0.171386
3095,RL,134,BSDF Heavy,0,Low,0,High,4,Medium,1,High,2,3.28004,726.359,6.58942,0.0663859,0.171386
3096,RL,134,BSDF Heavy,0,High,4,High,4,High,2,High,2,3.27126,725.479,6.58821,0.0658319,0.171317
3097,RL,134,BSDF Heavy,0,High,4,High,4,High,2,High,2,3.26111,721.844,6.58319,0.0661108,0.171317
3098,RL,134,BSDF Heavy,0,High,4,High,4,High,2,High,2,3.2726,725.689,6.5885,0.0659064,0.171317
3099,RL,134,BSDF Heavy,0,High,4,High,4,High,2,High,2,3.26434,723.044,6.58485,0.0659663,0.171317
3100,RL,130,BSDF Heavy,0,High,4,Low,0,High,2,High,2,3.24893,718.64,6.57875,0.0659256,0.171317
3101,RL,115,BSDF Heavy,0,High,4,Low,0,High,2,High,2,3.23566,715.562,6.57446,0.0658004,0.171317
3102,RL,134,BSDF Heavy,0,High,4,High,4,High,2,High,2,3.27543,725.761,6.5886,0.0661223,0.171317
3103,RL,134,BSDF Heavy,0,High,4,High,4,High,2,High,2,3.26807,723.679,6.58573,0.065589,0.171317
3104,RL,134,BSDF Heavy,0,High,4,High,4,High,2,High,2,3.25044,720.322,6.58109,0.0660009,0.171249
3105,RL,134,BSDF Heavy,0,High,4,High,4,High,2,High,2,3.27448,724.676,6.5871,0.0657012,0.171249
3106,RL,134,BSDF Heavy,0,High,4,High,4,High,2,High,2,3.27715,726.606,6.58976,0.0655752,0.171249
3107,RL,130,BSDF Heavy,0,High,4,Low,0,High,2,High,2,3.2498,718.394,6.57841,0.0659663,0.171249
3108,RL,134,BSDF Heavy,0,High,4,High,4,High,2,High,2,3.26723,723.759,6.58584,0.0658273,0.171249
3109,RL,134,BSDF Heavy,0,High,4,High,4,High,2,High,2,3.2509,720.263,6.581,0.0657143,0.171249
3110,RL,132,BSDF Heavy,0,High,4,Medium,2,High,2,High,2,3.2521,719.741,6.58028,0.0662299,0.171249
3111,RL,134,BSDF Heavy,0,High,4,High,4,High,2,High,2,3.26792,724.323,6.58662,0.0660901,0.171249
3112,RL,130,BSDF Heavy,0,Low,0,Low,0,High,2,High,2,3.24132,718.678,6.5788,0.0655214,0.17118
3113,RL,133,BSDF Heavy,0,Low,0,Medium-High,3,High,2,High,2,3.25316,719.862,6.58045,0.0654476,0.17118
3114,RL,115,BSDF Heavy,0,Low,0,Low,0,High,2,High,2,3.23552,715.758,6.57474,0.0660209,0.17118
3115,RL,134,BSDF Heavy,0,Low,0,High,4,High,2,High,2,3.26761,724.119,6.58634,0.0660178,0.17118
3116,RL,132,BSDF Heavy,0,Low,0,Medium,2,High,2,High,2,3.24945,719.797,6.58036,0.0655007,0.17118
3117,RL,130,BSDF Heavy,0,Low,0,Low,0,High,2,High,2,3.24251,718.048,6.57793,0.0657566,0.17118
3118,RL,134,BSDF Heavy,0,Low,0,High,4,High,2,High,2,3.26758,724.474,6.58683,0.065702,0.17118
3119,RL,130,BSDF Heavy,0,Low,0,Low,0,High,2,High,2,3.24605,718.353,6.57835,0.0658126,0.17118
3120,RL,134,BSDF Heavy,0,High,4,High,4,High,2,High,2,3.27768,724.907,6.58742,0.0661469,0.171112
3121,RL,134,BSDF Heavy,0,High,4,High,4,High,2,High,2,3.25076,721.03,6.58207,0.0660071,0.171112
3122,RL,134,BSDF Heavy,0,High,4,High,4,High,2,High,2,3.26191,723.007,6.5848,0.0658634,0.171112
3123,RL,133,BSDF Heavy,0,High,4,Medium-High,3,High,2,High,2,3.24804,719.842,6.58042,0.0658526,0.171112
3124,RL,130,BSDF Heavy,0,High,4,Low,0,High,2,High,2,3.24956,718.652,6.57877,0.065878,0.171112
3125,RL,134,BSDF Heavy,0,High,4,High,4,High,2,High,2,3.26757,723.607,6.58563,0.0655629,0.171112
3126,RL,115,BSDF Heavy,0,High,4,Low,0,High,2,High,2,3.23448,716.261,6.57544,0.0653731,0.171112
3127,RL,115,BSDF Heavy,0,High,4,Low,0,High,2,High,2,3.23497,716.633,6.57596,0.0658165,0.171112
3128,RL,132,BSDF Heavy,0,Medium,2,Medium,2,High,2,High,2,3.24859,719.617,6.58011,0.0658857,0.171043
3129,RL,115,BSDF Heavy,0,Medium,2,Low,0,High,2,High,2,3.23088,716.256,6.57543,0.0655368,0.171043
3130,RL,134,BSDF Heavy,0,Medium,2,High,4,High,2,High,2,3.27539,724.88,6.58739,0.0658088,0.171043
3131,RL,134,BSDF Heavy,0,Medium,2,High,4,High,2,High,2,3.25569,720.919,6.58191,0.0660501,0.171043
3132,RL,132,BSDF Heavy,0,Medium,2,Medium,2,High,2,High,2,3.25055,719.643,6.58014,0.066014,0.171043
3133,RL,134,BSDF Heavy,0,Medium,2,High,4,High,2,High,2,3.28955,728.507,6.59237,0.0661108,0.171043
3134,RL,134,BSDF Heavy,0,Medium,2,High,4,High,2,High,2,3.27632,726.563,6.5897,0.0660962,0.171043
3135,RL,134,BSDF Heavy,0,Medium,2,High,4,High,2,High,2,3.25691,722.24,6.58374,0.0659602,0.171043
3136,RL,115,Light Heavy,0,Low,0,Low,0,Medium,1,High,2,3.23099,716.07,6.57517,0.0654576,0.170975
3137,RL,44,Light Heavy,0,Low,0,High,4,Medium,1,High,2,3.25305,722.944,6.58471,0.057647,0.170975
3138,RL,44,Light Heavy,0,Low,0,High,4,Medium,1,High,2,3.25507,723.442,6.5854,0.0577876,0.170975
3139,RL,44,Light Heavy,0,Low,0,High,4,Medium,1,High,2,3.25368,722.065,6.5835,0.057647,0.170975
3140,RL,44,Light Heavy,0,Low,0,High,4,Medium,1,High,2,3.24928,721.985,6.58339,0.0576239,0.170975
3141,RL,44,Light Heavy,0,Low,0,High,4,Medium,1,High,2,3.25744,723.105,6.58494,0.0578568,0.170975
3142,RL,44,Light Heavy,0,Low,0,High,4,Medium,1,High,2,3.24879,721.574,6.58282,0.0579567,0.170975
3143,RL,44,Light Heavy,0,Low,0,High,4,Medium,1,High,2,3.25227,722.156,6.58362,0.057617,0.170975
3144,RL,43,BSDF Heavy,0,Medium-High,3,Medium-High,3,High,2,Low,0,3.24117,720.241,6.58097,0.0577384,0.170907
3145,RL,130,BSDF Heavy,0,Medium-High,3,Low,0,High,2,Low,0,3.24142,716.699,6.57605,0.066183,0.170907
3146,RL,134,BSDF Heavy,0,Medium-High,3,High,4,High,2,Low,0,3.265,722.007,6.58342,0.0662076,0.170907
3147,RL,115,BSDF Heavy,0,Medium-High,3,Low,0,High,2,Low,0,3.23524,716.058,6.57516,0.0655191,0.170907
3148,RL,133,BSDF Heavy,0,Medium-High,3,Medium-High,3,High,2,Low,0,3.25158,720.054,6.58071,0.0657266,0.170907
3149,RL,115,BSDF Heavy,0,Medium-High,3,Low,0,High,2,Low,0,3.21545,710.829,6.56784,0.065586,0.170907
3150,RL,134,BSDF Heavy,0,Medium-High,3,High,4,High,2,Low,0,3.26468,723.795,6.58589,0.065599,0.170907
3151,RL,130,BSDF Heavy,0,Medium-High,3,Low,0,High,2,Low,0,3.24783,718.663,6.57878,0.06539,0.170907
3152,RL,115,BSDF Heavy,0,Low,0,Low,0,Medium,1,High,2,3.2298,715.123,6.57385,0.0654615,0.170838
3153,RL,134,BSDF Heavy,0,Low,0,High,4,Medium,1,High,2,3.25119,720.63,6.58151,0.0656436,0.170838
3154,RL,130,BSDF Heavy,0,Low,0,Low,0,Medium,1,High,2,3.24065,716.851,6.57626,0.0658472,0.170838
3155,RL,133,BSDF Heavy,0,Low,0,Medium-High,3,Medium,1,High,2,3.24708,719.834,6.58041,0.065702,0.170838
3156,RL,115,BSDF Heavy,0,Low,0,Low,0,Medium,1,High,2,3.23143,714.755,6.57334,0.0659902,0.170838
3157,RL,130,BSDF Heavy,0,Low,0,Low,0,Medium,1,High,2,3.24355,717.762,6.57753,0.0657627,0.170838
3158,RL,115,BSDF Heavy,0,Low,0,Low,0,Medium,1,High,2,3.23098,714.514,6.573,0.0656897,0.170838
3159,RL,134,BSDF Heavy,0,Low,0,High,4,Medium,1,High,2,3.25049,720.577,6.58144,0.0657566,0.170838
3160,RL,134,BSDF Heavy,0,High,4,High,4,High,2,High,2,3.26624,723.609,6.58563,0.0659279,0.17077
3161,RL,134,BSDF Heavy,0,High,4,High,4,High,2,High,2,3.26957,723.718,6.58578,0.0661508,0.17077
3162,RL,134,BSDF Heavy,0,High,4,High,4,High,2,High,2,3.25575,720.689,6.58159,0.0659625,0.17077
3163,RL,134,BSDF Heavy,0,High,4,High,4,High,2,High,2,3.26473,722.778,6.58449,0.0662591,0.17077
3164,RL,134,BSDF Heavy,0,High,4,High,4,High,2,High,2,3.2541,721.625,6.58289,0.0658157,0.17077
3165,RL,134,BSDF Heavy,0,High,4,High,4,High,2,High,2,3.26856,724.416,6.58675,0.0661246,0.17077
3166,RL,134,BSDF Heavy,0,High,4,High,4,High,2,High,2,3.26599,723.261,6.58515,0.0659533,0.17077
3167,RL,130,BSDF Heavy,0,High,4,Low,0,High,2,High,2,3.24304,718.284,6.57826,0.0657066,0.17077
3168,RL,134,BSDF Heavy,0,High,4,High,4,High,2,High,2,3.26467,723.775,6.58586,0.0660563,0.170702
3169,RL,134,BSDF Heavy,0,High,4,High,4,High,2,High,2,3.26724,724.582,6.58697,0.066014,0.170702
3170,RL,131,BSDF Heavy,0,High,4,Low-Medium,1,High,2,High,2,3.24706,719.251,6.5796,0.0658557,0.170702
3171,RL,132,BSDF Heavy,0,High,4,Medium,2,High,2,High,2,3.24806,719.804,6.58037,0.0657312,0.170702
3172,RL,115,BSDF Heavy,0,High,4,Low,0,High,2,High,2,3.23133,715.659,6.5746,0.06542,0.170702
3173,RL,130,BSDF Heavy,0,High,4,Low,0,High,2,High,2,3.24385,717.626,6.57734,0.0660317,0.170702
3174,RL,130,BSDF Heavy,0,High,4,Low,0,High,2,High,2,3.24474,718.53,6.5786,0.065722,0.170702
3175,RL,115,BSDF Heavy,0,High,4,Low,0,High,2,High,2,3.22338,713.66,6.57181,0.0656321,0.170702
3176,RL,134,BSDF Heavy,0,High,4,High,4,High,2,High,2,3.26576,723.175,6.58503,0.0662061,0.170633
3177,RL,131,BSDF Heavy,0,High,4,Low-Medium,1,High,2,High,2,3.24952,719.206,6.57954,0.0660516,0.170633
3178,RL,132,BSDF Heavy,0,High,4,Medium,2,High,2,High,2,3.24604,719.81,6.58038,0.065496,0.170633
3179,RL,134,BSDF Heavy,0,High,4,High,4,High,2,High,2,3.27582,726.146,6.58913,0.0659679,0.170633
3180,RL,115,BSDF Heavy,0,High,4,Low,0,High,2,High,2,3.22565,713.851,6.57207,0.0656528,0.170633
3181,RL,133,BSDF Heavy,0,High,4,Medium-High,3,High,2,High,2,3.25852,720.191,6.5809,0.0662023,0.170633
3182,RL,134,BSDF Heavy,0,High,4,High,4,High,2,High,2,3.25411,720.661,6.58156,0.0657312,0.170633
3183,RL,130,BSDF Heavy,0,High,4,Low,0,High,2,High,2,3.24778,718.281,6.57825,0.0659494,0.170633
3184,RL,115,BSDF Heavy,0,Low,0,Low,0,Medium,1,High,2,3.23546,716.316,6.57552,0.0655629,0.170565
3185,RL,134,BSDF Heavy,0,Low,0,High,4,Medium,1,High,2,3.26536,724.055,6.58625,0.065891,0.170565
3186,RL,134,BSDF Heavy,0,Low,0,High,4,Medium,1,High,2,3.26896,723.485,6.58546,0.0659387,0.170565
3187,RL,134,BSDF Heavy,0,Low,0,High,4,Medium,1,High,2,3.25185,720.867,6.58184,0.0654177,0.170565
3188,RL,134,BSDF Heavy,0,Low,0,High,4,Medium,1,High,2,3.26022,720.851,6.58182,0.0659686,0.170565
3189,RL,131,BSDF Heavy,0,Low,0,Low-Medium,1,Medium,1,High,2,3.24467,719.322,6.5797,0.0659617,0.170565
3190,RL,134,BSDF Heavy,0,Low,0,High,4,Medium,1,High,2,3.25748,721.115,6.58218,0.065702,0.170565
3191,RL,130,BSDF Heavy,0,Low,0,Low,0,Medium,1,High,2,3.2402,717.125,6.57664,0.0657865,0.170565
3192,RL,134,BSDF Heavy,0,High,4,High,4,High,2,High,2,3.26919,724.615,6.58702,0.0656128,0.170497
3193,RL,134,BSDF Heavy,0,High,4,High,4,High,2,High,2,3.28901,727.861,6.59148,0.0661585,0.170497
3194,RL,134,BSDF Heavy,0,High,4,High,4,High,2,High,2,3.28733,727.631,6.59117,0.0656682,0.170497
3195,RL,130,BSDF Heavy,0,High,4,Low,0,High,2,High,2,3.2415,717.26,6.57683,0.0658626,0.170497
3196,RL,134,BSDF Heavy,0,High,4,High,4,High,2,High,2,3.2683,723.771,6.58586,0.066044,0.170497
3197,RL,130,BSDF Heavy,0,High,4,Low,0,High,2,High,2,3.24928,717.726,6.57748,0.0656889,0.170497
3198,RL,134,BSDF Heavy,0,High,4,High,4,High,2,High,2,3.27549,725.164,6.58778,0.0659825,0.170497
3199,RL,115,BSDF Heavy,0,High,4,Low,0,High,2,High,2,3.22118,712.755,6.57054,0.0657642,0.170497
3200,RL,115,BSDF Heavy,0,Low,0,Low,0,Medium,1,High,2,3.22827,714.518,6.57301,0.0650588,0.170429
3201,RL,134,BSDF Heavy,0,Low,0,High,4,Medium,1,High,2,3.26972,722.851,6.58459,0.0661162,0.170429
3202,RL,130,BSDF Heavy,0,Low,0,Low,0,Medium,1,High,2,3.24584,718.773,6.57894,0.0657965,0.170429
3203,RL,134,BSDF Heavy,0,Low,0,High,4,Medium,1,High,2,3.25444,720.409,6.58121,0.0660639,0.170429
3204,RL,115,BSDF Heavy,0,Low,0,Low,0,Medium,1,High,2,3.23847,717.352,6.57696,0.0657612,0.170429
3205,RL,134,BSDF Heavy,0,Low,0,High,4,Medium,1,High,2,3.25952,721.587,6.58284,0.0660747,0.170429
3206,RL,134,BSDF Heavy,0,Low,0,High,4,Medium,1,High,2,3.29583,730.23,6.59473,0.0661024,0.170429
3207,RL,134,BSDF Heavy,0,Low,0,High,4,Medium,1,High,2,3.27553,725.931,6.58883,0.0658111,0.170429
3208,RL,130,Light Heavy,0,Low,0,Low,0,High,2,High,2,3.24103,718.238,6.57819,0.0657366,0.170361
3209,RL,25,Light Heavy,0,Low,0,Low,0,High,2,High,2,3.22937,715.943,6.575,0.0577392,0.170361
3210,RL,44,Light Heavy,0,Low,0,High,4,High,2,High,2,3.24932,721.065,6.58211,0.0578929,0.170361
3211,RL,25,Light Heavy,0,Low,0,Low,0,High,2,High,2,3.23837,717.725,6.57748,0.0577284,0.170361
3212,RL,44,Light Heavy,0,Low,0,High,4,High,2,High,2,3.25914,723.763,6.58584,0.0578206,0.170361
3213,RL,25,Light Heavy,0,Low,0,Low,0,High,2,High,2,3.20772,710.962,6.56802,0.0575624,0.170361
3214,RL,25,Light Heavy,0,Low,0,Low,0,High,2,High,2,3.21624,714.768,6.57336,0.0573565,0.170361
3215,RL,10,Light Heavy,0,Low,0,Low,0,High,2,High,2,3.19914,711.459,6.56872,0.0574864,0.170361
3216,RL,44,BSDF Heavy,0,High,4,High,4,High,2,Low,0,3.26939,725.5,6.58824,0.0579736,0.170292
3217,RL,134,BSDF Heavy,0,High,4,High,4,High,2,Low,0,3.2757,724.894,6.5874,0.0659686,0.170292
3218,RL,134,BSDF Heavy,0,High,4,High,4,High,2,Low,0,3.26326,722.205,6.58369,0.065941,0.170292
3219,RL,134,BSDF Heavy,0,High,4,High,4,High,2,Low,0,3.25572,721.488,6.5827,0.065609,0.170292
3220,RL,130,BSDF Heavy,0,High,4,Low,0,High,2,Low,0,3.2515,718.661,6.57878,0.0659049,0.170292
3221,RL,115,BSDF Heavy,0,High,4,Low,0,High,2,Low,0,3.22665,714.115,6.57244,0.065974,0.170292
3222,RL,115,BSDF Heavy,0,High,4,Low,0,High,2,Low,0,3.23393,715.991,6.57506,0.0657542,0.170292
3223,RL,134,BSDF Heavy,0,High,4,High,4,High,2,Low,0,3.25834,721.554,6.58279,0.0658541,0.170292
3224,RL,130,BSDF Heavy,0,Low,0,Low,0,High,2,High,2,3.24365,717.904,6.57773,0.0659279,0.170224
3225,RL,130,BSDF Heavy,0,Low,0,Low,0,High,2,High,2,3.24106,717.858,6.57766,0.0657973,0.170224
3226,RL,134,BSDF Heavy,0,Low,0,High,4,High,2,High,2,3.26065,722.907,6.58466,0.0656105,0.170224
3227,RL,115,BSDF Heavy,0,Low,0,Low,0,High,2,High,2,3.23896,716.697,6.57605,0.0658695,0.170224
3228,RL,115,BSDF Heavy,0,Low,0,Low,0,High,2,High,2,3.23843,716.458,6.57571,0.0661277,0.170224
3229,RL,134,BSDF Heavy,0,Low,0,High,4,High,2,High,2,3.26754,723.835,6.58594,0.0658741,0.170224
3230,RL,134,BSDF Heavy,0,Low,0,High,4,High,2,High,2,3.25863,720.763,6.5817,0.0662284,0.170224
3231,RL,115,BSDF Heavy,0,Low,0,Low,0,High,2,High,2,3.23681,717.074,6.57657,0.0657427,0.170224
3232,RL,115,BSDF Heavy,0,Low,0,Low,0,Medium,1,High,2,3.22644,714.427,6.57288,0.0657458,0.170156
3233,RL,134,BSDF Heavy,0,Low,0,High,4,Medium,1,High,2,3.25905,720.824,6.58178,0.0660954,0.170156
3234,RL,134,BSDF Heavy,0,Low,0,High,4,Medium,1,High,2,3.26336,722.486,6.58408,0.0659955,0.170156
3235,RL,115,BSDF Heavy,0,Low,0,Low,0,Medium,1,High,2,3.22962,716.375,6.5756,0.0655445,0.170156
3236,RL,133,BSDF Heavy,0,Low,0,Medium-High,3,Medium,1,High,2,3.25179,720.148,6.58084,0.0658887,0.170156
3237,RL,115,BSDF Heavy,0,Low,0,Low,0,Medium,1,High,2,3.22541,713.443,6.5715,0.0651887,0.170156
3238,RL,130,BSDF Heavy,0,Low,0,Low,0,Medium,1,High,2,3.24449,718.051,6.57793,0.065868,0.170156
3239,RL,115,BSDF Heavy,0,Low,0,Low,0,Medium,1,High,2,3.21524,711.84,6.56926,0.0653162,0.170156
3240,RL,134,BSDF Heavy,0,High,4,High,4,High,2,High,2,3.26537,721.901,6.58327,0.0661039,0.170088
3241,RL,115,BSDF Heavy,0,High,4,Low,0,High,2,High,2,3.22775,713.946,6.57221,0.0657396,0.170088
3242,RL,133,BSDF Heavy,0,High,4,Medium-High,3,High,2,High,2,3.25633,720.108,6.58079,0.0660732,0.170088
3243,RL,133,BSDF Heavy,0,High,4,Medium-High,3,High,2,High,2,3.25216,719.867,6.58045,0.0660002,0.170088
3244,RL,134,BSDF Heavy,0,High,4,High,4,High,2,High,2,3.26813,723.37,6.5853,0.0660632,0.170088
3245,RL,132,BSDF Heavy,0,High,4,Medium,2,High,2,High,2,3.2512,719.689,6.58021,0.0661031,0.170088
3246,RL,133,BSDF Heavy,0,High,4,Medium-High,3,High,2,High,2,3.2557,720.122,6.58081,0.0658365,0.170088
3247,RL,130,BSDF Heavy,0,High,4,Low,0,High,2,High,2,3.24655,718.878,6.57908,0.0662714,0.170088
3248,RL,134,Balanced,0,High,4,High,4,High,2,High,2,3.25852,722.083,6.58352,0.0657419,0.17002
3249,RL,89,Balanced,0,High,4,High,4,High,2,High,2,3.2542,721.587,6.58284,0.062728,0.17002
3250,RL,89,Balanced,0,High,4,High,4,High,2,High,2,3.25774,723.582,6.5856,0.0625882,0.17002
3251,RL,85,Balanced,0,High,4,Low,0,High,2,High,2,3.24054,718.394,6.57841,0.0627104,0.17002
3252,RL,89,Balanced,0,High,4,High,4,High,2,High,2,3.25899,722.948,6.58472,0.0629017,0.17002
3253,RL,89,Balanced,0,High,4,High,4,High,2,High,2,3.26087,724.142,6.58637,0.0627795,0.17002
3254,RL,89,Balanced,0,High,4,High,4,High,2,High,2,3.26859,725.187,6.58781,0.0625605,0.17002
3255,RL,85,Balanced,0,High,4,Low,0,High,2,High,2,3.24306,718.936,6.57916,0.06232,0.17002
3256,RL,85,BSDF Heavy,0,Low,0,Low,0,High,2,Medium,1,3.2433,718.078,6.57797,0.0624645,0.169952
3257,RL,134,BSDF Heavy,0,Low,0,High,4,High,2,Medium,1,3.26784,722.587,6.58422,0.0662922,0.169952
3258,RL,115,BSDF Heavy,0,Low,0,Low,0,High,2,Medium,1,3.22215,713.38,6.57141,0.0657281,0.169952
3259,RL,133,BSDF Heavy,0,Low,0,Medium-High,3,High,2,Medium,1,3.25367,720.182,6.58089,0.0659617,0.169952
3260,RL,133,BSDF Heavy,0,Low,0,Medium-High,3,High,2,Medium,1,3.25303,720.165,6.58087,0.0657596,0.169952
3261,RL,130,BSDF Heavy,0,Low,0,Low,0,High,2,Medium,1,3.24888,718.579,6.57867,0.0656421,0.169952
3262,RL,134,BSDF Heavy,0,Low,0,High,4,High,2,Medium,1,3.26149,721.961,6.58336,0.0658303,0.169952
3263,RL,134,BSDF Heavy,0,Low,0,High,4,High,2,Medium,1,3.27917,726.65,6.58982,0.0658672,0.169952
3264,RL,134,BSDF Heavy,0,High,4,High,4,High,2,High,2,3.25224,721.049,6.58209,0.065868,0.169884
3265,RL,115,BSDF Heavy,0,High,4,Low,0,High,2,High,2,3.22693,714.896,6.57354,0.0654315,0.169884
3266,RL,134,BSDF Heavy,0,High,4,High,4,High,2,High,2,3.2541,720.267,6.58101,0.0658564,0.169884
3267,RL,131,BSDF Heavy,0,High,4,Low-Medium,1,High,2,High,2,3.2471,719.213,6.57955,0.0655813,0.169884
3268,RL,134,BSDF Heavy,0,High,4,High,4,High,2,High,2,3.25527,720.995,6.58202,0.0657143,0.169884
3269,RL,130,BSDF Heavy,0,High,4,Low,0,High,2,High,2,3.24257,718.404,6.57842,0.0654661,0.169884
3270,RL,132,BSDF Heavy,0,High,4,Medium,2,High,2,High,2,3.25243,719.735,6.58027,0.0657051,0.169884
3271,RL,134,BSDF Heavy,0,High,4,High,4,High,2,High,2,3.25666,721.497,6.58271,0.0659003,0.169884
3272,RL,134,BSDF Heavy,0,High,4,High,4,High,2,High,2,3.26733,724.001,6.58617,0.0655667,0.169816
3273,RL,132,BSDF Heavy,0,High,4,Medium,2,High,2,High,2,3.25256,719.717,6.58025,0.0660701,0.169816
3274,RL,134,BSDF Heavy,0,High,4,High,4,High,2,High,2,3.25647,721.14,6.58222,0.0659456,0.169816
3275,RL,115,BSDF Heavy,0,High,4,Low,0,High,2,High,2,3.2237,714.128,6.57246,0.0655383,0.169816
3276,RL,115,BSDF Heavy,0,High,4,Low,0,High,2,High,2,3.23066,715.217,6.57398,0.0657796,0.169816
3277,RL,134,BSDF Heavy,0,High,4,High,4,High,2,High,2,3.25889,722.385,6.58394,0.0657919,0.169816
3278,RL,133,BSDF Heavy,0,High,4,Medium-High,3,High,2,High,2,3.25626,720.125,6.58081,0.0659571,0.169816
3279,RL,134,BSDF Heavy,0,High,4,High,4,High,2,High,2,3.25615,721.671,6.58295,0.0657819,0.169816
3280,RL,134,BSDF Heavy,0,High,4,High,4,High,2,High,2,3.26926,725.065,6.58764,0.0657404,0.169748
3281,RL,134,BSDF Heavy,0,High,4,High,4,High,2,High,2,3.25794,721.599,6.58286,0.0661515,0.169748
3282,RL,131,BSDF Heavy,0,High,4,Low-Medium,1,High,2,High,2,3.24683,719.347,6.57973,0.0654968,0.169748
3283,RL,134,BSDF Heavy,0,High,4,High,4,High,2,High,2,3.26124,723.136,6.58498,0.0659079,0.169748
3284,RL,134,BSDF Heavy,0,High,4,High,4,High,2,High,2,3.26535,723.604,6.58563,0.0657519,0.169748
3285,RL,133,BSDF Heavy,0,High,4,Medium-High,3,High,2,High,2,3.25246,719.866,6.58045,0.0658188,0.169748
3286,RL,134,BSDF Heavy,0,High,4,High,4,High,2,High,2,3.26695,722.765,6.58447,0.0660808,0.169748
3287,RL,134,BSDF Heavy,0,High,4,High,4,High,2,High,2,3.25616,721.052,6.5821,0.0660755,0.169748
3288,RL,134,BSDF Heavy,0,High,4,High,4,High,2,High,2,3.26232,721.64,6.58291,0.0658442,0.169681
3289,RL,115,BSDF Heavy,0,High,4,Low,0,High,2,High,2,3.23688,716.413,6.57565,0.0656789,0.169681
3290,RL,134,BSDF Heavy,0,High,4,High,4,High,2,High,2,3.27355,724.441,6.58678,0.0657719,0.169681
3291,RL,115,BSDF Heavy,0,High,4,Low,0,High,2,High,2,3.22318,712.495,6.57018,0.0658611,0.169681
3292,RL,134,BSDF Heavy,0,High,4,High,4,High,2,High,2,3.27246,725.471,6.5882,0.0657658,0.169681
3293,RL,134,BSDF Heavy,0,High,4,High,4,High,2,High,2,3.26722,722.574,6.5842,0.0658549,0.169681
3294,RL,134,BSDF Heavy,0,High,4,High,4,High,2,High,2,3.27052,724.565,6.58695,0.0659833,0.169681
3295,RL,115,BSDF Heavy,0,High,4,Low,0,High,2,High,2,3.23133,714.826,6.57344,0.0654592,0.169681
3296,RL,115,BSDF Heavy,0,Low,0,Low,0,Medium,1,High,2,3.23454,715.867,6.57489,0.0659341,0.169613
3297,RL,133,BSDF Heavy,0,Low,0,Medium-High,3,Medium,1,High,2,3.25322,720.01,6.58065,0.0658595,0.169613
3298,RL,132,BSDF Heavy,0,Low,0,Medium,2,Medium,1,High,2,3.24825,719.691,6.58021,0.0657804,0.169613
3299,RL,134,BSDF Heavy,0,Low,0,High,4,Medium,1,High,2,3.25267,720.365,6.58114,0.0657596,0.169613
3300,RL,115,BSDF Heavy,0,Low,0,Low,0,Medium,1,High,2,3.21872,712.479,6.57015,0.065858,0.169613
3301,RL,134,BSDF Heavy,0,Low,0,High,4,Medium,1,High,2,3.25884,721.821,6.58316,0.0657527,0.169613
3302,RL,134,BSDF Heavy,0,Low,0,High,4,Medium,1,High,2,3.26313,723.902,6.58604,0.0657896,0.169613
3303,RL,134,BSDF Heavy,0,Low,0,High,4,Medium,1,High,2,3.26097,722.673,6.58434,0.0658549,0.169613
3304,RL,134,BSDF Heavy,0,High,4,High,4,High,2,High,2,3.27672,724.736,6.58719,0.0661246,0.169545
3305,RL,134,BSDF Heavy,0,High,4,High,4,High,2,High,2,3.26916,722.934,6.5847,0.0658211,0.169545
3306,RL,130,BSDF Heavy,0,High,4,Low,0,High,2,High,2,3.24437,717.971,6.57782,0.0660532,0.169545
3307,RL,134,BSDF Heavy,0,High,4,High,4,High,2,High,2,3.2565,720.532,6.58138,0.0660624,0.169545
3308,RL,130,BSDF Heavy,0,High,4,Low,0,High,2,High,2,3.2429,718.247,6.57821,0.0655606,0.169545
3309,RL,134,BSDF Heavy,0,High,4,High,4,High,2,High,2,3.26317,723.403,6.58535,0.0656582,0.169545
3310,RL,134,BSDF Heavy,0,High,4,High,4,High,2,High,2,3.2717,724.093,6.5863,0.0658357,0.169545
3311,RL,130,BSDF Heavy,0,High,4,Low,0,High,2,High,2,3.24668,718.362,6.57836,0.06615,0.169545
3312,RL,115,Balanced,0,Low,0,Low,0,Medium,1,High,2,3.23579,716.246,6.57542,0.0657274,0.169477
3313,RL,70,Balanced,0,Low,0,Low,0,Medium,1,High,2,3.22523,715.737,6.57471,0.0623699,0.169477
3314,RL,70,Balanced,0,Low,0,Low,0,Medium,1,High,2,3.23433,717.225,6.57678,0.0625559,0.169477
3315,RL,70,Balanced,0,Low,0,Low,0,Medium,1,High,2,3.23603,717.983,6.57784,0.0626335,0.169477
3316,RL,70,Balanced,0,Low,0,Low,0,Medium,1,High,2,3.23193,716.415,6.57565,0.0626612,0.169477
3317,RL,87,Balanced,0,Low,0,Medium,2,Medium,1,High,2,3.24523,719.64,6.58014,0.062675,0.169477
3318,RL,89,Balanced,0,Low,0,High,4,Medium,1,High,2,3.26154,722.785,6.58449,0.0627972,0.169477
3319,RL,89,Balanced,0,Low,0,High,4,Medium,1,High,2,3.26025,722.205,6.58369,0.0627388,0.169477
3320,RL,89,BSDF Heavy,0,High,4,High,4,High,2,Medium,1,3.25775,721.557,6.5828,0.0628648,0.169409
3321,RL,134,BSDF Heavy,0,High,4,High,4,High,2,Medium,1,3.26539,722.444,6.58402,0.0659371,0.169409
3322,RL,134,BSDF Heavy,0,High,4,High,4,High,2,Medium,1,3.27162,724.309,6.5866,0.0660278,0.169409
3323,RL,131,BSDF Heavy,0,High,4,Low-Medium,1,High,2,Medium,1,3.24578,719.289,6.57965,0.0656459,0.169409
3324,RL,134,BSDF Heavy,0,High,4,High,4,High,2,Medium,1,3.25602,721.919,6.5833,0.0657696,0.169409
3325,RL,134,BSDF Heavy,0,High,4,High,4,High,2,Medium,1,3.28499,727.388,6.59083,0.0660501,0.169409
3326,RL,130,BSDF Heavy,0,High,4,Low,0,High,2,Medium,1,3.24452,718.445,6.57848,0.0658634,0.169409
3327,RL,134,BSDF Heavy,0,High,4,High,4,High,2,Medium,1,3.28673,728.921,6.59294,0.0658703,0.169409
3328,RL,134,BSDF Heavy,0,High,4,High,4,High,2,High,2,3.29154,728.944,6.59297,0.0661039,0.169341
3329,RL,115,BSDF Heavy,0,High,4,Low,0,High,2,High,2,3.23081,714.736,6.57331,0.0656651,0.169341
3330,RL,134,BSDF Heavy,0,High,4,High,4,High,2,High,2,3.26077,723.043,6.58485,0.0657151,0.169341
3331,RL,134,BSDF Heavy,0,High,4,High,4,High,2,High,2,3.2564,722.517,6.58412,0.0658434,0.169341
3332,RL,134,BSDF Heavy,0,High,4,High,4,High,2,High,2,3.25604,720.974,6.58199,0.0657412,0.169341
3333,RL,130,BSDF Heavy,0,High,4,Low,0,High,2,High,2,3.2471,718.621,6.57873,0.0659848,0.169341
3334,RL,134,BSDF Heavy,0,High,4,High,4,High,2,High,2,3.25301,720.897,6.58188,0.0655829,0.169341
3335,RL,130,BSDF Heavy,0,High,4,Low,0,High,2,High,2,3.2491,718.804,6.57898,0.0655452,0.169341
3336,RL,132,Light Heavy,0,Medium,2,Medium,2,High,2,High,2,3.2551,719.638,6.58014,0.0660317,0.169274
3337,RL,44,Light Heavy,0,Medium,2,High,4,High,2,High,2,3.25455,722.191,6.58367,0.0578314,0.169274
3338,RL,44,Light Heavy,0,Medium,2,High,4,High,2,High,2,3.24872,720.778,6.58172,0.0578237,0.169274
3339,RL,44,Light Heavy,0,Medium,2,High,4,High,2,High,2,3.25669,722.4,6.58396,0.0579259,0.169274
3340,RL,25,Light Heavy,0,Medium,2,Low,0,High,2,High,2,3.22219,715.227,6.574,0.0575555,0.169274
3341,RL,44,Light Heavy,0,Medium,2,High,4,High,2,High,2,3.24941,721.833,6.58318,0.0576055,0.169274
3342,RL,44,Light Heavy,0,Medium,2,High,4,High,2,High,2,3.24649,720.727,6.58165,0.0579444,0.169274
3343,RL,44,Light Heavy,0,Medium,2,High,4,High,2,High,2,3.25531,723.364,6.58529,0.0575355,0.169274
3344,RL,25,BSDF Heavy,0,Low,0,Low,0,Medium,1,Low,0,3.23505,718.395,6.57841,0.0576646,0.169206
3345,RL,130,BSDF Heavy,0,Low,0,Low,0,Medium,1,Low,0,3.24687,717.609,6.57732,0.0661923,0.169206
3346,RL,134,BSDF Heavy,0,Low,0,High,4,Medium,1,Low,0,3.2688,723.063,6.58488,0.0660071,0.169206
3347,RL,131,BSDF Heavy,0,Low,0,Low-Medium,1,Medium,1,Low,0,3.25022,719.25,6.5796,0.0657896,0.169206
3348,RL,130,BSDF Heavy,0,Low,0,Low,0,Medium,1,Low,0,3.24388,718.909,6.57912,0.0662253,0.169206
3349,RL,134,BSDF Heavy,0,Low,0,High,4,Medium,1,Low,0,3.27911,726.311,6.58935,0.0658518,0.169206
3350,RL,134,BSDF Heavy,0,Low,0,High,4,Medium,1,Low,0,3.2522,720.346,6.58112,0.0657965,0.169206
3351,RL,115,BSDF Heavy,0,Low,0,Low,0,Medium,1,Low,0,3.22234,713.279,6.57127,0.0656428,0.169206
3352,RL,134,BSDF Heavy,0,High,4,High,4,High,2,High,2,3.2684,723.578,6.58559,0.0658949,0.169138
3353,RL,115,BSDF Heavy,0,High,4,Low,0,High,2,High,2,3.23608,716.082,6.57519,0.0657719,0.169138
3354,RL,134,BSDF Heavy,0,High,4,High,4,High,2,High,2,3.26722,724.039,6.58623,0.0655621,0.169138
3355,RL,115,BSDF Heavy,0,High,4,Low,0,High,2,High,2,3.23762,717.248,6.57682,0.0658564,0.169138
3356,RL,134,BSDF Heavy,0,High,4,High,4,High,2,High,2,3.26654,724.104,6.58632,0.0658173,0.169138
3357,RL,134,BSDF Heavy,0,High,4,High,4,High,2,High,2,3.26608,721.701,6.58299,0.0658503,0.169138
3358,RL,134,BSDF Heavy,0,High,4,High,4,High,2,High,2,3.27697,725.569,6.58833,0.0657927,0.169138
3359,RL,134,BSDF Heavy,0,High,4,High,4,High,2,High,2,3.26379,723.269,6.58516,0.0660109,0.169138
3360,RL,115,Light Heavy,0,Low,0,Low,0,Medium,1,High,2,3.23913,717.256,6.57683,0.0657112,0.169071
3361,RL,44,Light Heavy,0,Low,0,High,4,Medium,1,High,2,3.24989,722.654,6.58431,0.0577346,0.169071
3362,RL,44,Light Heavy,0,Low,0,High,4,Medium,1,High,2,3.26026,724.261,6.58653,0.0577853,0.169071
3363,RL,25,Light Heavy,0,Low,0,Low,0,Medium,1,High,2,3.20759,712.017,6.56951,0.057441,0.169071
3364,RL,44,Light Heavy,0,Low,0,High,4,Medium,1,High,2,3.24602,721.067,6.58212,0.0579382,0.169071
3365,RL,42,Light Heavy,0,Low,0,Medium,2,Medium,1,High,2,3.2439,719.555,6.58002,0.0577876,0.169071
3366,RL,27,Light Heavy,0,Low,0,Medium,2,Medium,1,High,2,3.23991,719.41,6.57982,0.0576792,0.169071
3367,RL,27,Light Heavy,0,Low,0,Medium,2,Medium,1,High,2,3.23932,719.497,6.57994,0.0575186,0.169071
3368,RL,25,BSDF Heavy,0,Low,0,Low,0,Medium,1,Low,0,3.23493,718.384,6.5784,0.0577776,0.169003
3369,RL,134,BSDF Heavy,0,Low,0,High,4,Medium,1,Low,0,3.25876,720.729,6.58165,0.066024,0.169003
3370,RL,134,BSDF Heavy,0,Low,0,High,4,Medium,1,Low,0,3.26077,723.176,6.58503,0.0659517,0.169003
3371,RL,131,BSDF Heavy,0,Low,0,Low-Medium,1,Medium,1,Low,0,3.24831,719.238,6.57958,0.0661469,0.169003
3372,RL,134,BSDF Heavy,0,Low,0,High,4,Medium,1,Low,0,3.25769,721.497,6.58271,0.065848,0.169003
3373,RL,133,BSDF Heavy,0,Low,0,Medium-High,3,Medium,1,Low,0,3.25283,720.021,6.58067,0.0658242,0.169003
3374,RL,131,BSDF Heavy,0,Low,0,Low-Medium,1,Medium,1,Low,0,3.245,719.011,6.57927,0.0658357,0.169003
3375,RL,134,BSDF Heavy,0,Low,0,High,4,Medium,1,Low,0,3.25761,720.729,6.58165,0.0662299,0.169003
3376,RL,134,BSDF Heavy,0,High,4,High,4,High,2,High,2,3.2548,721.416,6.5826,0.0659018,0.168936
3377,RL,115,BSDF Heavy,0,High,4,Low,0,High,2,High,2,3.23632,716.667,6.57601,0.0655252,0.168936
3378,RL,115,BSDF Heavy,0,High,4,Low,0,High,2,High,2,3.23643,717.554,6.57724,0.0658019,0.168936
3379,RL,115,BSDF Heavy,0,High,4,Low,0,High,2,High,2,3.23094,715.417,6.57426,0.0661162,0.168936
3380,RL,115,BSDF Heavy,0,High,4,Low,0,High,2,High,2,3.22811,714.175,6.57253,0.0657658,0.168936
3381,RL,132,BSDF Heavy,0,High,4,Medium,2,High,2,High,2,3.25309,719.774,6.58033,0.0658434,0.168936
3382,RL,115,BSDF Heavy,0,High,4,Low,0,High,2,High,2,3.22052,713.035,6.57093,0.0658949,0.168936
3383,RL,130,BSDF Heavy,0,High,4,Low,0,High,2,High,2,3.24615,718.793,6.57896,0.0657688,0.168936
3384,RL,134,BSDF Heavy,0,High,4,High,4,High,2,High,2,3.25604,720.494,6.58132,0.0656105,0.168868
3385,RL,130,BSDF Heavy,0,High,4,Low,0,High,2,High,2,3.24566,718.481,6.57853,0.0659433,0.168868
3386,RL,130,BSDF Heavy,0,High,4,Low,0,High,2,High,2,3.24118,718.589,6.57868,0.0657197,0.168868
3387,RL,134,BSDF Heavy,0,High,4,High,4,High,2,High,2,3.25427,720.426,6.58123,0.0656474,0.168868
3388,RL,134,BSDF Heavy,0,High,4,High,4,High,2,High,2,3.27024,725.485,6.58822,0.0658526,0.168868
3389,RL,131,BSDF Heavy,0,High,4,Low-Medium,1,High,2,High,2,3.24581,719.039,6.57931,0.0658534,0.168868
3390,RL,131,BSDF Heavy,0,High,4,Low-Medium,1,High,2,High,2,3.24858,719.358,6.57975,0.0657473,0.168868
3391,RL,130,BSDF Heavy,0,High,4,Low,0,High,2,High,2,3.2444,718.355,6.57836,0.0659371,0.168868
3392,RL,115,BSDF Heavy,0,Low,0,Low,0,Medium,1,High,2,3.22767,715.018,6.57371,0.0657535,0.1688
3393,RL,115,BSDF Heavy,0,Low,0,Low,0,Medium,1,High,2,3.23563,715.387,6.57422,0.0656912,0.1688
3394,RL,130,BSDF Heavy,0,Low,0,Low,0,Medium,1,High,2,3.24354,718.216,6.57816,0.0654676,0.1688
3395,RL,134,BSDF Heavy,0,Low,0,High,4,Medium,1,High,2,3.2699,725.261,6.58791,0.0659817,0.1688
3396,RL,134,BSDF Heavy,0,Low,0,High,4,Medium,1,High,2,3.26605,723.704,6.58576,0.0659295,0.1688
3397,RL,130,BSDF Heavy,0,Low,0,Low,0,Medium,1,High,2,3.24714,717.788,6.57757,0.0660985,0.1688
3398,RL,134,BSDF Heavy,0,Low,0,High,4,Medium,1,High,2,3.25242,720.311,6.58107,0.0659909,0.1688
3399,RL,130,BSDF Heavy,0,Low,0,Low,0,Medium,1,High,2,3.24097,716.855,6.57627,0.0658711,0.1688
3400,RL,130,Balanced,0,Low,0,Low,0,High,2,High,2,3.24001,716.279,6.57547,0.0659187,0.168733
3401,RL,89,Balanced,0,Low,0,High,4,High,2,High,2,3.25737,722.073,6.58351,0.0626266,0.168733
3402,RL,70,Balanced,0,Low,0,Low,0,High,2,High,2,3.22185,713.58,6.5717,0.062728,0.168733
3403,RL,89,Balanced,0,Low,0,High,4,High,2,High,2,3.24677,720.649,6.58154,0.0623684,0.168733
3404,RL,89,Balanced,0,Low,0,High,4,High,2,High,2,3.26524,724.652,6.58707,0.0624606,0.168733
3405,RL,89,Balanced,0,Low,0,High,4,High,2,High,2,3.2609,722.897,6.58465,0.0625321,0.168733
3406,RL,89,Balanced,0,Low,0,High,4,High,2,High,2,3.25668,722.073,6.58351,0.0627058,0.168733
3407,RL,85,Balanced,0,Low,0,Low,0,High,2,High,2,3.24346,718.664,6.57878,0.0625951,0.168733
3408,RL,89,BSDF Heavy,0,High,4,High,4,High,2,Medium,1,3.27609,727.104,6.59044,0.0629862,0.168665
3409,RL,115,BSDF Heavy,0,High,4,Low,0,High,2,Medium,1,3.22504,714.352,6.57277,0.0656421,0.168665
3410,RL,133,BSDF Heavy,0,High,4,Medium-High,3,High,2,Medium,1,3.25572,720.188,6.5809,0.0657181,0.168665
3411,RL,131,BSDF Heavy,0,High,4,Low-Medium,1,High,2,Medium,1,3.24823,719.341,6.57972,0.0658196,0.168665
3412,RL,115,BSDF Heavy,0,High,4,Low,0,High,2,Medium,1,3.21735,711.605,6.56893,0.0656405,0.168665
3413,RL,115,BSDF Heavy,0,High,4,Low,0,High,2,Medium,1,3.23658,717.28,6.57686,0.0659379,0.168665
3414,RL,134,BSDF Heavy,0,High,4,High,4,High,2,Medium,1,3.26377,723.41,6.58536,0.0659072,0.168665
3415,RL,134,BSDF Heavy,0,High,4,High,4,High,2,Medium,1,3.26109,722.94,6.58471,0.0658326,0.168665
3416,RL,134,Light Heavy,0,High,4,High,4,High,2,High,2,3.27831,726.615,6.58977,0.0659986,0.168598
3417,RL,25,Light Heavy,0,High,4,Low,0,High,2,High,2,3.22603,716.611,6.57593,0.0574587,0.168598
3418,RL,44,Light Heavy,0,High,4,High,4,High,2,High,2,3.25378,722.827,6.58455,0.0577023,0.168598
3419,RL,42,Light Heavy,0,High,4,Medium,2,High,2,High,2,3.24567,719.487,6.57993,0.0576585,0.168598
3420,RL,25,Light Heavy,0,High,4,Low,0,High,2,High,2,3.2247,715.001,6.57368,0.0579236,0.168598
3421,RL,25,Light Heavy,0,High,4,Low,0,High,2,High,2,3.23476,718.581,6.57867,0.0575855,0.168598
3422,RL,42,Light Heavy,0,High,4,Medium,2,High,2,High,2,3.24085,719.524,6.57998,0.0576516,0.168598
3423,RL,44,Light Heavy,0,High,4,High,4,High,2,High,2,3.27187,725.961,6.58887,0.0579836,0.168598
3424,RL,44,BSDF Heavy,0,High,4,High,4,High,2,Low,0,3.27164,727.169,6.59053,0.0575717,0.168531
3425,RL,130,BSDF Heavy,0,High,4,Low,0,High,2,Low,0,3.24194,718.715,6.57886,0.0656021,0.168531
3426,RL,134,BSDF Heavy,0,High,4,High,4,High,2,Low,0,3.27355,724.994,6.58754,0.0658395,0.168531
3427,RL,134,BSDF Heavy,0,High,4,High,4,High,2,Low,0,3.25562,720.925,6.58192,0.0656628,0.168531
3428,RL,134,BSDF Heavy,0,High,4,High,4,High,2,Low,0,3.26122,722.119,6.58357,0.0661769,0.168531
3429,RL,134,BSDF Heavy,0,High,4,High,4,High,2,Low,0,3.30064,731.325,6.59622,0.0658688,0.168531
3430,RL,130,BSDF Heavy,0,High,4,Low,0,High,2,Low,0,3.24133,717.071,6.57657,0.0661854,0.168531
3431,RL,134,BSDF Heavy,0,High,4,High,4,High,2,Low,0,3.26123,722.304,6.58383,0.065961,0.168531
3432,RL,134,BSDF Heavy,0,High,4,High,4,High,2,High,2,3.25173,720.377,6.58116,0.0657489,0.168463
3433,RL,134,BSDF Heavy,0,High,4,High,4,High,2,High,2,3.26176,722.471,6.58406,0.0659041,0.168463
3434,RL,130,BSDF Heavy,0,High,4,Low,0,High,2,High,2,3.24633,718.931,6.57916,0.0657834,0.168463
3435,RL,134,BSDF Heavy,0,High,4,High,4,High,2,High,2,3.2788,725.781,6.58863,0.0659725,0.168463
3436,RL,115,BSDF Heavy,0,High,4,Low,0,High,2,High,2,3.21901,713.229,6.5712,0.0654046,0.168463
3437,RL,115,BSDF Heavy,0,High,4,Low,0,High,2,High,2,3.22432,713.709,6.57188,0.0655206,0.168463
3438,RL,134,BSDF Heavy,0,High,4,High,4,High,2,High,2,3.26898,724.59,6.58698,0.0659579,0.168463
3439,RL,131,BSDF Heavy,0,High,4,Low-Medium,1,High,2,High,2,3.24337,719.007,6.57926,0.0655445,0.168463
3440,RL,130,BSDF Heavy,0,Low,0,Low,0,High,2,High,2,3.24128,717.297,6.57688,0.0658019,0.168396
3441,RL,115,BSDF Heavy,0,Low,0,Low,0,High,2,High,2,3.23244,716.537,6.57582,0.0656651,0.168396
3442,RL,134,BSDF Heavy,0,Low,0,High,4,High,2,High,2,3.28067,726.27,6.5893,0.0660555,0.168396
3443,RL,130,BSDF Heavy,0,Low,0,Low,0,High,2,High,2,3.24516,718.828,6.57901,0.0659548,0.168396
3444,RL,134,BSDF Heavy,0,Low,0,High,4,High,2,High,2,3.25358,721.04,6.58208,0.0657596,0.168396
3445,RL,134,BSDF Heavy,0,Low,0,High,4,High,2,High,2,3.26395,722.349,6.58389,0.0658818,0.168396
3446,RL,115,BSDF Heavy,0,Low,0,Low,0,High,2,High,2,3.22496,713.642,6.57178,0.0658987,0.168396
3447,RL,115,BSDF Heavy,0,Low,0,Low,0,High,2,High,2,3.23992,716.796,6.57619,0.0658549,0.168396
3448,RL,115,BSDF Heavy,0,Low,0,Low,0,Medium,1,High,2,3.23527,715.481,6.57435,0.0660563,0.168328
3449,RL,130,BSDF Heavy,0,Low,0,Low,0,Medium,1,High,2,3.24413,718.104,6.57801,0.0658857,0.168328
3450,RL,130,BSDF Heavy,0,Low,0,Low,0,Medium,1,High,2,3.24163,718.199,6.57814,0.0658442,0.168328
3451,RL,131,BSDF Heavy,0,Low,0,Low-Medium,1,Medium,1,High,2,3.24979,718.993,6.57924,0.0661354,0.168328
3452,RL,134,BSDF Heavy,0,Low,0,High,4,Medium,1,High,2,3.27695,726.549,6.58968,0.065805,0.168328
3453,RL,132,BSDF Heavy,0,Low,0,Medium,2,Medium,1,High,2,3.24983,719.536,6.58,0.0656267,0.168328
3454,RL,134,BSDF Heavy,0,Low,0,High,4,Medium,1,High,2,3.25685,720.978,6.58199,0.0658826,0.168328
3455,RL,132,BSDF Heavy,0,Low,0,Medium,2,Medium,1,High,2,3.25091,719.52,6.57997,0.0662222,0.168328
3456,RL,130,BSDF Heavy,0,Low,0,Low,0,High,2,High,2,3.24437,718.894,6.5791,0.0655506,0.168261
3457,RL,134,BSDF Heavy,0,Low,0,High,4,High,2,High,2,3.26188,722.354,6.5839,0.0663828,0.168261
3458,RL,115,BSDF Heavy,0,Low,0,Low,0,High,2,High,2,3.23678,716.624,6.57595,0.0655268,0.168261
3459,RL,130,BSDF Heavy,0,Low,0,Low,0,High,2,High,2,3.24634,718.454,6.57849,0.0659218,0.168261
3460,RL,134,BSDF Heavy,0,Low,0,High,4,High,2,High,2,3.25858,721.882,6.58325,0.0657327,0.168261
3461,RL,115,BSDF Heavy,0,Low,0,Low,0,High,2,High,2,3.23195,715.338,6.57415,0.0657089,0.168261
3462,RL,115,BSDF Heavy,0,Low,0,Low,0,High,2,High,2,3.23951,718.299,6.57828,0.065576,0.168261
3463,RL,134,BSDF Heavy,0,Low,0,High,4,High,2,High,2,3.26834,723.33,6.58525,0.066047,0.168261
3464,RL,115,BSDF Heavy,0,Low,0,Low,0,Medium,1,High,2,3.22938,713.397,6.57144,0.0657066,0.168194
3465,RL,115,BSDF Heavy,0,Low,0,Low,0,Medium,1,High,2,3.23963,718.2,6.57814,0.0655183,0.168194
3466,RL,130,BSDF Heavy,0,Low,0,Low,0,Medium,1,High,2,3.24722,718.788,6.57896,0.0656321,0.168194
3467,RL,134,BSDF Heavy,0,Low,0,High,4,Medium,1,High,2,3.25632,720.504,6.58134,0.0659195,0.168194
3468,RL,130,BSDF Heavy,0,Low,0,Low,0,Medium,1,High,2,3.24001,717.446,6.57709,0.0655867,0.168194
3469,RL,134,BSDF Heavy,0,Low,0,High,4,Medium,1,High,2,3.25145,720.279,6.58103,0.065702,0.168194
3470,RL,134,BSDF Heavy,0,Low,0,High,4,Medium,1,High,2,3.27808,725.762,6.5886,0.0662576,0.168194
3471,RL,134,BSDF Heavy,0,Low,0,High,4,Medium,1,High,2,3.26777,723.391,6.58533,0.0660071,0.168194
3472,RL,133,BSDF Heavy,0,Medium-High,3,Medium-High,3,High,2,High,2,3.25294,720.049,6.58071,0.0661162,0.168127
3473,RL,130,BSDF Heavy,0,Medium-High,3,Low,0,High,2,High,2,3.24264,717.924,6.57775,0.0656743,0.168127
3474,RL,134,BSDF Heavy,0,Medium-High,3,High,4,High,2,High,2,3.25481,720.499,6.58133,0.0659256,0.168127
3475,RL,134,BSDF Heavy,0,Medium-High,3,High,4,High,2,High,2,3.27263,724.297,6.58658,0.0658173,0.168127
3476,RL,134,BSDF Heavy,0,Medium-High,3,High,4,High,2,High,2,3.26006,722.272,6.58379,0.0657189,0.168127
3477,RL,134,BSDF Heavy,0,Medium-High,3,High,4,High,2,High,2,3.25835,721.436,6.58263,0.0659325,0.168127
3478,RL,115,BSDF Heavy,0,Medium-High,3,Low,0,High,2,High,2,3.23769,717.032,6.57651,0.0658311,0.168127
3479,RL,134,BSDF Heavy,0,Medium-High,3,High,4,High,2,High,2,3.26177,722.213,6.5837,0.0658395,0.168127
3480,RL,134,BSDF Heavy,0,High,4,High,4,High,2,High,2,3.25609,720.733,6.58166,0.0659978,0.168059
3481,RL,134,BSDF Heavy,0,High,4,High,4,High,2,High,2,3.26557,724.409,6.58674,0.0658249,0.168059
3482,RL,134,BSDF Heavy,0,High,4,High,4,High,2,High,2,3.27869,726.13,6.5891,0.0662407,0.168059
3483,RL,115,BSDF Heavy,0,High,4,Low,0,High,2,High,2,3.23129,714.431,6.57289,0.0659333,0.168059
3484,RL,130,BSDF Heavy,0,High,4,Low,0,High,2,High,2,3.24033,717.248,6.57681,0.0659863,0.168059
3485,RL,130,BSDF Heavy,0,High,4,Low,0,High,2,High,2,3.24294,717.622,6.57734,0.066409,0.168059
3486,RL,133,BSDF Heavy,0,High,4,Medium-High,3,High,2,High,2,3.25447,720.15,6.58085,0.0659179,0.168059
3487,RL,134,BSDF Heavy,0,High,4,High,4,High,2,High,2,3.28539,728.28,6.59206,0.0659079,0.168059
3488,RL,130,BSDF Heavy,0,Low,0,Low,0,High,2,High,2,3.24398,717.027,6.57651,0.0659348,0.167992
3489,RL,134,BSDF Heavy,0,Low,0,High,4,High,2,High,2,3.2681,722.847,6.58458,0.0657035,0.167992
3490,RL,115,BSDF Heavy,0,Low,0,Low,0,High,2,High,2,3.22239,713.242,6.57122,0.0652909,0.167992
3491,RL,115,BSDF Heavy,0,Low,0,Low,0,High,2,High,2,3.23717,716.26,6.57544,0.0662999,0.167992
3492,RL,115,BSDF Heavy,0,Low,0,Low,0,High,2,High,2,3.22358,714.604,6.57313,0.0652363,0.167992
3493,RL,134,BSDF Heavy,0,Low,0,High,4,High,2,High,2,3.28718,728.899,6.59291,0.0657419,0.167992
3494,RL,134,BSDF Heavy,0,Low,0,High,4,High,2,High,2,3.26868,723.658,6.5857,0.0661362,0.167992
3495,RL,134,BSDF Heavy,0,Low,0,High,4,High,2,High,2,3.26503,723.331,6.58525,0.0658027,0.167992
3496,RL,132,BSDF Heavy,0,Medium,2,Medium,2,High,2,High,2,3.24846,719.653,6.58016,0.0655714,0.167925
3497,RL,131,BSDF Heavy,0,Medium,2,Low-Medium,1,High,2,High,2,3.24436,719.188,6.57951,0.0658349,0.167925
3498,RL,132,BSDF Heavy,0,Medium,2,Medium,2,High,2,High,2,3.24777,719.484,6.57992,0.0659079,0.167925
3499,RL,134,BSDF Heavy,0,Medium,2,High,4,High,2,High,2,3.27852,727.583,6.5911,0.0657304,0.167925
3500,RL,134,BSDF Heavy,0,Medium,2,High,4,High,2,High,2,3.2861,726.519,6.58964,0.0663959,0.167925
3501,RL,134,BSDF Heavy,0,Medium,2,High,4,High,2,High,2,3.26389,723.246,6.58513,0.0661293,0.167925
3502,RL,131,BSDF Heavy,0,Medium,2,Low-Medium,1,High,2,High,2,3.2473,719.024,6.57928,0.0659225,0.167925
3503,RL,131,BSDF Heavy,0,Medium,2,Low-Medium,1,High,2,High,2,3.24707,719.267,6.57962,0.0656098,0.167925
3504,RL,131,BSDF Heavy,0,Low-Medium,1,Low-Medium,1,High,2,High,2,3.25005,719.231,6.57957,0.0660624,0.167858
3505,RL,130,BSDF Heavy,0,Low-Medium,1,Low,0,High,2,High,2,3.24097,717.436,6.57708,0.0656351,0.167858
3506,RL,115,BSDF Heavy,0,Low-Medium,1,Low,0,High,2,High,2,3.21082,710.788,6.56778,0.0656444,0.167858
3507,RL,115,BSDF Heavy,0,Low-Medium,1,Low,0,High,2,High,2,3.23966,715.962,6.57502,0.0657673,0.167858
3508,RL,134,BSDF Heavy,0,Low-Medium,1,High,4,High,2,High,2,3.30221,731.084,6.5959,0.0660063,0.167858
3509,RL,134,BSDF Heavy,0,Low-Medium,1,High,4,High,2,High,2,3.26966,723.68,6.58573,0.0657788,0.167858
3510,RL,115,BSDF Heavy,0,Low-Medium,1,Low,0,High,2,High,2,3.22847,714.756,6.57334,0.0658134,0.167858
3511,RL,134,BSDF Heavy,0,Low-Medium,1,High,4,High,2,High,2,3.25759,721.119,6.58219,0.0658073,0.167858
3512,RL,134,BSDF Heavy,0,High,4,High,4,High,2,High,2,3.30465,731.495,6.59646,0.0659602,0.167791
3513,RL,132,BSDF Heavy,0,High,4,Medium,2,High,2,High,2,3.2524,719.46,6.57989,0.06612,0.167791
3514,RL,134,BSDF Heavy,0,High,4,High,4,High,2,High,2,3.26796,723.515,6.5855,0.0659963,0.167791
3515,RL,134,BSDF Heavy,0,High,4,High,4,High,2,High,2,3.26108,722.663,6.58433,0.0660755,0.167791
3516,RL,134,BSDF Heavy,0,High,4,High,4,High,2,High,2,3.26658,722.706,6.58439,0.0659256,0.167791
3517,RL,134,BSDF Heavy,0,High,4,High,4,High,2,High,2,3.25875,721.497,6.58271,0.0658203,0.167791
3518,RL,130,BSDF Heavy,0,High,4,Low,0,High,2,High,2,3.24717,718.271,6.57824,0.0655252,0.167791
3519,RL,134,BSDF Heavy,0,High,4,High,4,High,2,High,2,3.28015,727.532,6.59103,0.0656344,0.167791
3520,RL,134,Light Heavy,0,High,4,High,4,High,2,High,2,3.26479,722.445,6.58402,0.0657573,0.167724
3521,RL,44,Light Heavy,0,High,4,High,4,High,2,High,2,3.24952,721.457,6.58266,0.0574418,0.167724
3522,RL,25,Light Heavy,0,High,4,Low,0,High,2,High,2,3.22639,716.096,6.57521,0.0577008,0.167724
3523,RL,43,Light Heavy,0,High,4,Medium-High,3,High,2,High,2,3.24638,719.93,6.58054,0.0577599,0.167724
3524,RL,25,Light Heavy,0,High,4,Low,0,High,2,High,2,3.23383,717.842,6.57764,0.0577384,0.167724
3525,RL,44,Light Heavy,0,High,4,High,4,High,2,High,2,3.26012,723.969,6.58613,0.0574917,0.167724
3526,RL,44,Light Heavy,0,High,4,High,4,High,2,High,2,3.26915,726.456,6.58955,0.0575063,0.167724
3527,RL,44,Light Heavy,0,High,4,High,4,High,2,High,2,3.24848,721.496,6.58271,0.0575094,0.167724
3528,RL,44,BSDF Heavy,0,High,4,High,4,High,2,Low,0,3.24358,720.697,6.58161,0.0574718,0.167657
3529,RL,130,BSDF Heavy,0,High,4,Low,0,High,2,Low,0,3.24509,718.324,6.57831,0.0658165,0.167657
3530,RL,134,BSDF Heavy,0,High,4,High,4,High,2,Low,0,3.27947,726.251,6.58927,0.0657466,0.167657
3531,RL,134,BSDF Heavy,0,High,4,High,4,High,2,Low,0,3.25607,721.61,6.58287,0.0660201,0.167657
3532,RL,134,BSDF Heavy,0,High,4,High,4,High,2,Low,0,3.28104,725.732,6.58856,0.0659963,0.167657
3533,RL,134,BSDF Heavy,0,High,4,High,4,High,2,Low,0,3.26224,721.233,6.58235,0.0660593,0.167657
3534,RL,134,BSDF Heavy,0,High,4,High,4,High,2,Low,0,3.28149,727.283,6.59069,0.0658242,0.167657
3535,RL,130,BSDF Heavy,0,High,4,Low,0,High,2,Low,0,3.24334,718.698,6.57883,0.0661669,0.167657
3536,RL,115,Balanced,0,Low,0,Low,0,Medium,1,High,2,3.21299,711.733,6.56911,0.065984,0.167589
3537,RL,89,Balanced,0,Low,0,High,4,Medium,1,High,2,3.26179,723.776,6.58586,0.062486,0.167589
3538,RL,70,Balanced,0,Low,0,Low,0,Medium,1,High,2,3.23319,716.716,6.57607,0.0625751,0.167589
3539,RL,89,Balanced,0,Low,0,High,4,Medium,1,High,2,3.24908,720.703,6.58161,0.0625782,0.167589
3540,RL,70,Balanced,0,Low,0,Low,0,Medium,1,High,2,3.23855,717.499,6.57716,0.0626558,0.167589
3541,RL,89,Balanced,0,Low,0,High,4,Medium,1,High,2,3.25275,721.569,6.58281,0.0628664,0.167589
3542,RL,70,Balanced,0,Low,0,Low,0,Medium,1,High,2,3.23934,717.82,6.57761,0.0628571,0.167589
3543,RL,89,Balanced,0,Low,0,High,4,Medium,1,High,2,3.2552,721.454,6.58265,0.0629532,0.167589
3544,RL,88,BSDF Heavy,0,Medium-High,3,Medium-High,3,High,2,Medium,1,3.2454,720.173,6.58088,0.0627165,0.167522
3545,RL,134,BSDF Heavy,0,Medium-High,3,High,4,High,2,Medium,1,3.26553,723.908,6.58604,0.0660194,0.167522
3546,RL,134,BSDF Heavy,0,Medium-High,3,High,4,High,2,Medium,1,3.25683,720.588,6.58145,0.0657996,0.167522
3547,RL,134,BSDF Heavy,0,Medium-High,3,High,4,High,2,Medium,1,3.2754,725.462,6.58819,0.065785,0.167522
3548,RL,134,BSDF Heavy,0,Medium-High,3,High,4,High,2,Medium,1,3.27568,725.814,6.58867,0.0659448,0.167522
3549,RL,134,BSDF Heavy,0,Medium-High,3,High,4,High,2,Medium,1,3.25772,720.669,6.58157,0.0655245,0.167522
3550,RL,130,BSDF Heavy,0,Medium-High,3,Low,0,High,2,Medium,1,3.24018,717.638,6.57736,0.0657727,0.167522
3551,RL,134,BSDF Heavy,0,Medium-High,3,High,4,High,2,Medium,1,3.25786,721.472,6.58268,0.0655929,0.167522
3552,RL,115,BSDF Heavy,0,Low,0,Low,0,Medium,1,High,2,3.23031,715.28,6.57407,0.0656251,0.167455
3553,RL,134,BSDF Heavy,0,Low,0,High,4,Medium,1,High,2,3.27345,725.631,6.58842,0.0660639,0.167455
3554,RL,134,BSDF Heavy,0,Low,0,High,4,Medium,1,High,2,3.25589,721.146,6.58223,0.0659433,0.167455
3555,RL,115,BSDF Heavy,0,Low,0,Low,0,Medium,1,High,2,3.22715,714.298,6.5727,0.0655875,0.167455
3556,RL,131,BSDF Heavy,0,Low,0,Low-Medium,1,Medium,1,High,2,3.24715,719.054,6.57933,0.065506,0.167455
3557,RL,115,BSDF Heavy,0,Low,0,Low,0,Medium,1,High,2,3.23398,716.428,6.57567,0.0657197,0.167455
3558,RL,134,BSDF Heavy,0,Low,0,High,4,Medium,1,High,2,3.28249,725.918,6.58881,0.0659886,0.167455
3559,RL,134,BSDF Heavy,0,Low,0,High,4,Medium,1,High,2,3.26752,723.524,6.58551,0.0662691,0.167455
3560,RL,131,BSDF Heavy,0,Low-Medium,1,Low-Medium,1,High,2,High,2,3.24475,719.124,6.57942,0.0660486,0.167388
3561,RL,115,BSDF Heavy,0,Low-Medium,1,Low,0,High,2,High,2,3.2393,718.053,6.57793,0.0658757,0.167388
3562,RL,130,BSDF Heavy,0,Low-Medium,1,Low,0,High,2,High,2,3.24143,717.39,6.57701,0.0656574,0.167388
3563,RL,134,BSDF Heavy,0,Low-Medium,1,High,4,High,2,High,2,3.25846,721.804,6.58314,0.065881,0.167388
3564,RL,134,BSDF Heavy,0,Low-Medium,1,High,4,High,2,High,2,3.26335,722.213,6.5837,0.0658887,0.167388
3565,RL,134,BSDF Heavy,0,Low-Medium,1,High,4,High,2,High,2,3.25973,722.139,6.5836,0.0658833,0.167388
3566,RL,134,BSDF Heavy,0,Low-Medium,1,High,4,High,2,High,2,3.26513,722.158,6.58363,0.066014,0.167388
3567,RL,134,BSDF Heavy,0,Low-Medium,1,High,4,High,2,High,2,3.25622,721.457,6.58266,0.0656705,0.167388
3568,RL,134,BSDF Heavy,0,High,4,High,4,High,2,High,2,3.25733,720.912,6.5819,0.0658887,0.167322
3569,RL,132,BSDF Heavy,0,High,4,Medium,2,High,2,High,2,3.24801,719.667,6.58018,0.065639,0.167322
3570,RL,134,BSDF Heavy,0,High,4,High,4,High,2,High,2,3.26424,722.352,6.5839,0.0659594,0.167322
3571,RL,134,BSDF Heavy,0,High,4,High,4,High,2,High,2,3.25774,720.599,6.58147,0.0660155,0.167322
3572,RL,134,BSDF Heavy,0,High,4,High,4,High,2,High,2,3.25441,720.646,6.58153,0.0657089,0.167322
3573,RL,134,BSDF Heavy,0,High,4,High,4,High,2,High,2,3.26044,721.563,6.5828,0.0658518,0.167322
3574,RL,115,BSDF Heavy,0,High,4,Low,0,High,2,High,2,3.23665,715.826,6.57483,0.0657058,0.167322
3575,RL,134,BSDF Heavy,0,High,4,High,4,High,2,High,2,3.26672,723.62,6.58565,0.0661646,0.167322
3576,RL,134,Light Heavy,0,High,4,High,4,High,2,High,2,3.26322,722.325,6.58386,0.0657973,0.167255
3577,RL,42,Light Heavy,0,High,4,Medium,2,High,2,High,2,3.24152,719.593,6.58008,0.0575232,0.167255
3578,RL,25,Light Heavy,0,High,4,Low,0,High,2,High,2,3.21498,713.657,6.5718,0.0577138,0.167255
3579,RL,25,Light Heavy,0,High,4,Low,0,High,2,High,2,3.22991,717.483,6.57714,0.057431,0.167255
3580,RL,25,Light Heavy,0,High,4,Low,0,High,2,High,2,3.23108,717.9,6.57772,0.0578445,0.167255
3581,RL,25,Light Heavy,0,High,4,Low,0,High,2,High,2,3.2133,713.543,6.57164,0.0576477,0.167255
3582,RL,43,Light Heavy,0,High,4,Medium-High,3,High,2,High,2,3.24748,720.067,6.58073,0.0577815,0.167255
3583,RL,44,Light Heavy,0,High,4,High,4,High,2,High,2,3.25074,721.988,6.58339,0.0574987,0.167255
3584,RL,44,BSDF Heavy,0,High,4,High,4,High,2,Low,0,3.25422,723.597,6.58562,0.0575448,0.167188
3585,RL,134,BSDF Heavy,0,High,4,High,4,High,2,Low,0,3.27186,723.63,6.58566,0.0660893,0.167188
3586,RL,130,BSDF Heavy,0,High,4,Low,0,High,2,Low,0,3.2415,717.867,6.57768,0.0654415,0.167188
3587,RL,134,BSDF Heavy,0,High,4,High,4,High,2,Low,0,3.25554,721.031,6.58207,0.0658165,0.167188
3588,RL,130,BSDF Heavy,0,High,4,Low,0,High,2,Low,0,3.24284,718.076,6.57797,0.0655829,0.167188
3589,RL,131,BSDF Heavy,0,High,4,Low-Medium,1,High,2,Low,0,3.2491,719.323,6.5797,0.0659648,0.167188
3590,RL,134,BSDF Heavy,0,High,4,High,4,High,2,Low,0,3.28127,726.822,6.59006,0.0655491,0.167188
3591,RL,115,BSDF Heavy,0,High,4,Low,0,High,2,Low,0,3.22707,714.573,6.57308,0.0654999,0.167188
3592,RL,115,BSDF Heavy,0,Low,0,Low,0,Medium,1,High,2,3.23496,716.575,6.57588,0.0659364,0.167121
3593,RL,115,BSDF Heavy,0,Low,0,Low,0,Medium,1,High,2,3.23527,716.154,6.57529,0.0657335,0.167121
3594,RL,134,BSDF Heavy,0,Low,0,High,4,Medium,1,High,2,3.27182,723.681,6.58573,0.0658419,0.167121
3595,RL,132,BSDF Heavy,0,Low,0,Medium,2,Medium,1,High,2,3.24831,719.436,6.57986,0.0658311,0.167121
3596,RL,134,BSDF Heavy,0,Low,0,High,4,Medium,1,High,2,3.27754,725.312,6.58798,0.065848,0.167121
3597,RL,134,BSDF Heavy,0,Low,0,High,4,Medium,1,High,2,3.25914,721.615,6.58288,0.0658103,0.167121
3598,RL,130,BSDF Heavy,0,Low,0,Low,0,Medium,1,High,2,3.24158,717.01,6.57648,0.0658949,0.167121
3599,RL,134,BSDF Heavy,0,Low,0,High,4,Medium,1,High,2,3.27961,725.894,6.58878,0.066044,0.167121
3600,RL,115,BSDF Heavy,0,Low,0,Low,0,Medium,1,High,2,3.22553,714.025,6.57232,0.0656436,0.167054
3601,RL,134,BSDF Heavy,0,Low,0,High,4,Medium,1,High,2,3.25193,720.562,6.58142,0.0657135,0.167054
3602,RL,115,BSDF Heavy,0,Low,0,Low,0,Medium,1,High,2,3.23629,716.917,6.57635,0.0655606,0.167054
3603,RL,134,BSDF Heavy,0,Low,0,High,4,Medium,1,High,2,3.26981,724.252,6.58652,0.0658534,0.167054
3604,RL,134,BSDF Heavy,0,Low,0,High,4,Medium,1,High,2,3.26508,722.521,6.58413,0.066067,0.167054
3605,RL,134,BSDF Heavy,0,Low,0,High,4,Medium,1,High,2,3.27583,726.095,6.58906,0.0660132,0.167054
3606,RL,134,BSDF Heavy,0,Low,0,High,4,Medium,1,High,2,3.26921,723.841,6.58595,0.065785,0.167054
3607,RL,134,BSDF Heavy,0,Low,0,High,4,Medium,1,High,2,3.27002,723.612,6.58564,0.0657881,0.167054
3608,RL,134,BSDF Heavy,0,High,4,High,4,High,2,High,2,3.2652,723.853,6.58597,0.066233,0.166987
3609,RL,134,BSDF Heavy,0,High,4,High,4,High,2,High,2,3.27176,724.286,6.58657,0.0661339,0.166987
3610,RL,132,BSDF Heavy,0,High,4,Medium,2,High,2,High,2,3.25046,719.601,6.58009,0.0660509,0.166987
3611,RL,115,BSDF Heavy,0,High,4,Low,0,High,2,High,2,3.2369,717.096,6.5766,0.0660716,0.166987
3612,RL,134,BSDF Heavy,0,High,4,High,4,High,2,High,2,3.25742,721.518,6.58274,0.0655498,0.166987
3613,RL,134,BSDF Heavy,0,High,4,High,4,High,2,High,2,3.25404,720.747,6.58168,0.0656543,0.166987
3614,RL,134,BSDF Heavy,0,High,4,High,4,High,2,High,2,3.25994,721.729,6.58303,0.0658011,0.166987
3615,RL,115,BSDF Heavy,0,High,4,Low,0,High,2,High,2,3.22117,713.02,6.57091,0.0660124,0.166987
3616,RL,131,BSDF Heavy,0,Low-Medium,1,Low-Medium,1,High,2,High,2,3.25087,719.282,6.57964,0.0659694,0.16692
3617,RL,134,BSDF Heavy,0,Low-Medium,1,High,4,High,2,High,2,3.26356,721.258,6.58238,0.0661569,0.16692
3618,RL,134,BSDF Heavy,0,Low-Medium,1,High,4,High,2,High,2,3.25807,720.81,6.58176,0.0661861,0.16692
3619,RL,134,BSDF Heavy,0,Low-Medium,1,High,4,High,2,High,2,3.27188,725.343,6.58802,0.0657481,0.16692
3620,RL,133,BSDF Heavy,0,Low-Medium,1,Medium-High,3,High,2,High,2,3.25072,720.057,6.58072,0.0658165,0.16692
3621,RL,134,BSDF Heavy,0,Low-Medium,1,High,4,High,2,High,2,3.26253,722.919,6.58468,0.0660486,0.16692
3622,RL,115,BSDF Heavy,0,Low-Medium,1,Low,0,High,2,High,2,3.2306,715.794,6.57479,0.065951,0.16692
3623,RL,134,BSDF Heavy,0,Low-Medium,1,High,4,High,2,High,2,3.26912,723.975,6.58614,0.0659971,0.16692
3624,RL,115,BSDF Heavy,0,Low,0,Low,0,Medium,1,High,2,3.22959,715.374,6.5742,0.0659018,0.166854
3625,RL,134,BSDF Heavy,0,Low,0,High,4,Medium,1,High,2,3.26178,722.078,6.58352,0.0661469,0.166854
3626,RL,130,BSDF Heavy,0,Low,0,Low,0,Medium,1,High,2,3.24267,717.737,6.5775,0.0656905,0.166854
3627,RL,115,BSDF Heavy,0,Low,0,Low,0,Medium,1,High,2,3.23882,716.601,6.57591,0.065891,0.166854
3628,RL,134,BSDF Heavy,0,Low,0,High,4,Medium,1,High,2,3.26238,722.59,6.58423,0.065682,0.166854
3629,RL,134,BSDF Heavy,0,Low,0,High,4,Medium,1,High,2,3.26088,722.15,6.58362,0.0659763,0.166854
3630,RL,133,BSDF Heavy,0,Low,0,Medium-High,3,Medium,1,High,2,3.25183,719.876,6.58047,0.0657981,0.166854
3631,RL,134,BSDF Heavy,0,Low,0,High,4,Medium,1,High,2,3.26048,720.871,6.58185,0.0661723,0.166854
3632,RL,134,BSDF Heavy,0,High,4,High,4,High,2,High,2,3.26496,723.748,6.58582,0.0658541,0.166787
3633,RL,115,BSDF Heavy,0,High,4,Low,0,High,2,High,2,3.23683,716.801,6.57619,0.0659341,0.166787
3634,RL,115,BSDF Heavy,0,High,4,Low,0,High,2,High,2,3.23709,716.361,6.57558,0.06534,0.166787
3635,RL,115,BSDF Heavy,0,High,4,Low,0,High,2,High,2,3.23211,715.829,6.57484,0.0658933,0.166787
3636,RL,134,BSDF Heavy,0,High,4,High,4,High,2,High,2,3.25916,722.104,6.58355,0.0659502,0.166787
3637,RL,115,BSDF Heavy,0,High,4,Low,0,High,2,High,2,3.23251,715.489,6.57436,0.0658964,0.166787
3638,RL,134,BSDF Heavy,0,High,4,High,4,High,2,High,2,3.25271,720.593,6.58146,0.065964,0.166787
3639,RL,130,BSDF Heavy,0,High,4,Low,0,High,2,High,2,3.24004,717.678,6.57741,0.0661385,0.166787
3640,RL,134,BSDF Heavy,0,High,4,High,4,High,2,High,2,3.25772,720.758,6.58169,0.065921,0.16672
3641,RL,134,BSDF Heavy,0,High,4,High,4,High,2,High,2,3.28179,726.968,6.59026,0.0661223,0.16672
3642,RL,134,BSDF Heavy,0,High,4,High,4,High,2,High,2,3.26805,724.422,6.58675,0.0659295,0.16672
3643,RL,133,BSDF Heavy,0,High,4,Medium-High,3,High,2,High,2,3.25091,719.922,6.58053,0.0659441,0.16672
3644,RL,131,BSDF Heavy,0,High,4,Low-Medium,1,High,2,High,2,3.24847,719.297,6.57966,0.0658303,0.16672
3645,RL,134,BSDF Heavy,0,High,4,High,4,High,2,High,2,3.25936,721.22,6.58233,0.0658964,0.16672
3646,RL,115,BSDF Heavy,0,High,4,Low,0,High,2,High,2,3.23002,714.159,6.5725,0.0659978,0.16672
3647,RL,115,BSDF Heavy,0,High,4,Low,0,High,2,High,2,3.23096,715.535,6.57443,0.06611,0.16672
3648,RL,115,BSDF Heavy,0,Low,0,Low,0,Medium,1,High,2,3.23277,715.102,6.57382,0.0657873,0.166654
3649,RL,130,BSDF Heavy,0,Low,0,Low,0,Medium,1,High,2,3.24065,717.84,6.57764,0.0658626,0.166654
3650,RL,133,BSDF Heavy,0,Low,0,Medium-High,3,Medium,1,High,2,3.24533,720.127,6.58082,0.0655129,0.166654
3651,RL,131,BSDF Heavy,0,Low,0,Low-Medium,1,Medium,1,High,2,3.24438,719.369,6.57976,0.0656228,0.166654
3652,RL,134,BSDF Heavy,0,Low,0,High,4,Medium,1,High,2,3.25739,720.466,6.58129,0.0661039,0.166654
3653,RL,134,BSDF Heavy,0,Low,0,High,4,Medium,1,High,2,3.25976,721.441,6.58264,0.0658203,0.166654
3654,RL,115,BSDF Heavy,0,Low,0,Low,0,Medium,1,High,2,3.22203,714.019,6.57231,0.0655729,0.166654
3655,RL,130,BSDF Heavy,0,Low,0,Low,0,Medium,1,High,2,3.24892,718.857,6.57905,0.0657204,0.166654
3656,RL,134,BSDF Heavy,0,High,4,High,4,High,2,High,2,3.25526,720.582,6.58145,0.0659141,0.166587
3657,RL,134,BSDF Heavy,0,High,4,High,4,High,2,High,2,3.26373,722.833,6.58456,0.0656643,0.166587
3658,RL,132,BSDF Heavy,0,High,4,Medium,2,High,2,High,2,3.25041,719.617,6.58011,0.0660086,0.166587
3659,RL,130,BSDF Heavy,0,High,4,Low,0,High,2,High,2,3.24308,718.301,6.57828,0.0659717,0.166587
3660,RL,115,BSDF Heavy,0,High,4,Low,0,High,2,High,2,3.23758,717.266,6.57684,0.0656082,0.166587
3661,RL,134,BSDF Heavy,0,High,4,High,4,High,2,High,2,3.2571,720.734,6.58166,0.065848,0.166587
3662,RL,134,BSDF Heavy,0,High,4,High,4,High,2,High,2,3.25916,722.053,6.58348,0.0659894,0.166587
3663,RL,134,BSDF Heavy,0,High,4,High,4,High,2,High,2,3.27693,725.68,6.58849,0.0660355,0.166587
3664,RL,115,BSDF Heavy,0,Low,0,Low,0,Medium,1,High,2,3.23665,716.354,6.57557,0.065649,0.16652
3665,RL,132,BSDF Heavy,0,Low,0,Medium,2,Medium,1,High,2,3.24868,719.491,6.57993,0.0655952,0.16652
3666,RL,115,BSDF Heavy,0,Low,0,Low,0,Medium,1,High,2,3.23327,715.172,6.57392,0.066057,0.16652
3667,RL,130,BSDF Heavy,0,Low,0,Low,0,Medium,1,High,2,3.24373,718.085,6.57798,0.0659587,0.16652
3668,RL,134,BSDF Heavy,0,Low,0,High,4,Medium,1,High,2,3.25523,721.102,6.58217,0.0659963,0.16652
3669,RL,134,BSDF Heavy,0,Low,0,High,4,Medium,1,High,2,3.25367,720.425,6.58123,0.0659625,0.16652
3670,RL,115,BSDF Heavy,0,Low,0,Low,0,Medium,1,High,2,3.2262,713.404,6.57145,0.0660931,0.16652
3671,RL,134,BSDF Heavy,0,Low,0,High,4,Medium,1,High,2,3.2604,722.068,6.5835,0.0658034,0.16652
3672,RL,134,BSDF Heavy,0,High,4,High,4,High,2,High,2,3.25888,721.264,6.58239,0.0658941,0.166454
3673,RL,132,BSDF Heavy,0,High,4,Medium,2,High,2,High,2,3.24752,719.592,6.58007,0.0659748,0.166454
3674,RL,130,BSDF Heavy,0,High,4,Low,0,High,2,High,2,3.24486,718.604,6.5787,0.0659825,0.166454
3675,RL,134,BSDF Heavy,0,High,4,High,4,High,2,High,2,3.26678,723.364,6.58529,0.0658711,0.166454
3676,RL,134,BSDF Heavy,0,High,4,High,4,High,2,High,2,3.26064,721.593,6.58285,0.0658526,0.166454
3677,RL,134,BSDF Heavy,0,High,4,High,4,High,2,High,2,3.25518,720.747,6.58168,0.0661731,0.166454
3678,RL,134,BSDF Heavy,0,High,4,High,4,High,2,High,2,3.26814,724.065,6.58626,0.0661385,0.166454
3679,RL,134,BSDF Heavy,0,High,4,High,4,High,2,High,2,3.27253,725.574,6.58834,0.065828,0.166454
3680,RL,134,Balanced,0,High,4,High,4,High,2,High,2,3.26133,722.123,6.58358,0.0657227,0.166387
3681,RL,70,Balanced,0,High,4,Low,0,High,2,High,2,3.23655,717.702,6.57745,0.0625736,0.166387
3682,RL,70,Balanced,0,High,4,Low,0,High,2,High,2,3.2223,712.964,6.57083,0.0628625,0.166387
3683,RL,89,Balanced,0,High,4,High,4,High,2,High,2,3.24772,720.514,6.58135,0.0627011,0.166387
3684,RL,89,Balanced,0,High,4,High,4,High,2,High,2,3.25287,721.869,6.58323,0.0628694,0.166387
3685,RL,70,Balanced,0,High,4,Low,0,High,2,High,2,3.22547,715.857,6.57488,0.0624598,0.166387
3686,RL,85,Balanced,0,High,4,Low,0,High,2,High,2,3.2405,718.217,6.57816,0.0624783,0.166387
3687,RL,70,Balanced,0,High,4,Low,0,High,2,High,2,3.22849,716.293,6.57548,0.0624268,0.166387
3688,RL,89,Light Heavy,0,High,4,High,4,High,2,Medium,1,3.25375,721.795,6.58313,0.0628979,0.166321
3689,RL,44,Light Heavy,0,High,4,High,4,High,2,Medium,1,3.24985,721.709,6.58301,0.0576208,0.166321
3690,RL,44,Light Heavy,0,High,4,High,4,High,2,Medium,1,3.28564,730.02,6.59444,0.0578952,0.166321
3691,RL,25,Light Heavy,0,High,4,Low,0,High,2,Medium,1,3.217,713.694,6.57185,0.057939,0.166321
3692,RL,44,Light Heavy,0,High,4,High,4,High,2,Medium,1,3.26996,725.743,6.58857,0.0579006,0.166321
3693,RL,44,Light Heavy,0,High,4,High,4,High,2,Medium,1,3.2467,720.529,6.58137,0.0581104,0.166321
3694,RL,44,Light Heavy,0,High,4,High,4,High,2,Medium,1,3.25542,723.308,6.58522,0.0575524,0.166321
3695,RL,44,Light Heavy,0,High,4,High,4,High,2,Medium,1,3.24423,720.69,6.58159,0.0576593,0.166321
3696,RL,44,BSDF Heavy,0,High,4,High,4,High,2,Low,0,3.24887,722.922,6.58468,0.0576992,0.166254
3697,RL,134,BSDF Heavy,0,High,4,High,4,High,2,Low,0,3.26366,722.106,6.58356,0.06617,0.166254
3698,RL,134,BSDF Heavy,0,High,4,High,4,High,2,Low,0,3.25777,721.112,6.58218,0.0657496,0.166254
3699,RL,115,BSDF Heavy,0,High,4,Low,0,High,2,Low,0,3.21828,712.22,6.56979,0.0660662,0.166254
3700,RL,134,BSDF Heavy,0,High,4,High,4,High,2,Low,0,3.25311,720.264,6.58101,0.0654376,0.166254
3701,RL,130,BSDF Heavy,0,High,4,Low,0,High,2,Low,0,3.24323,718.312,6.5783,0.0660586,0.166254
3702,RL,115,BSDF Heavy,0,High,4,Low,0,High,2,Low,0,3.22642,713.806,6.57201,0.0655383,0.166254
3703,RL,134,BSDF Heavy,0,High,4,High,4,High,2,Low,0,3.26627,722.498,6.5841,0.0658572,0.166254
3704,RL,115,Light Heavy,0,Low,0,Low,0,Medium,1,High,2,3.22691,714.782,6.57338,0.0657373,0.166188
3705,RL,44,Light Heavy,0,Low,0,High,4,Medium,1,High,2,3.2546,722.073,6.58351,0.0577092,0.166188
3706,RL,25,Light Heavy,0,Low,0,Low,0,Medium,1,High,2,3.23143,718.01,6.57788,0.0576731,0.166188
3707,RL,25,Light Heavy,0,Low,0,Low,0,Medium,1,High,2,3.21648,713.703,6.57187,0.0576716,0.166188
3708,RL,25,Light Heavy,0,Low,0,Low,0,Medium,1,High,2,3.2336,718.84,6.57903,0.0577338,0.166188
3709,RL,25,Light Heavy,0,Low,0,Low,0,Medium,1,High,2,3.22785,715.994,6.57507,0.0575102,0.166188
3710,RL,25,Light Heavy,0,Low,0,Low,0,Medium,1,High,2,3.23805,718.356,6.57836,0.0576654,0.166188
3711,RL,25,Light Heavy,0,Low,0,Low,0,Medium,1,High,2,3.22471,715.619,6.57454,0.0580543,0.166188
3712,RL,25,BSDF Heavy,0,Low,0,Low,0,Medium,1,Low,0,3.2275,715.926,6.57497,0.0576193,0.166121
3713,RL,115,BSDF Heavy,0,Low,0,Low,0,Medium,1,Low,0,3.22526,713.35,6.57137,0.0656805,0.166121
3714,RL,132,BSDF Heavy,0,Low,0,Medium,2,Medium,1,Low,0,3.25054,719.806,6.58037,0.0659118,0.166121
3715,RL,130,BSDF Heavy,0,Low,0,Low,0,Medium,1,Low,0,3.24615,718.752,6.57891,0.0660163,0.166121
3716,RL,130,BSDF Heavy,0,Low,0,Low,0,Medium,1,Low,0,3.24287,717.307,6.5769,0.0660632,0.166121
3717,RL,131,BSDF Heavy,0,Low,0,Low-Medium,1,Medium,1,Low,0,3.25319,719.157,6.57947,0.0661346,0.166121
3718,RL,131,BSDF Heavy,0,Low,0,Low-Medium,1,Medium,1,Low,0,3.24796,718.981,6.57923,0.0660063,0.166121
3719,RL,130,BSDF Heavy,0,Low,0,Low,0,Medium,1,Low,0,3.24366,717.394,6.57702,0.0663052,0.166121
3720,RL,134,BSDF Heavy,0,High,4,High,4,High,2,High,2,3.25473,721.765,6.58308,0.0657988,0.166055
3721,RL,134,BSDF Heavy,0,High,4,High,4,High,2,High,2,3.26334,722.461,6.58405,0.0657143,0.166055
3722,RL,131,BSDF Heavy,0,High,4,Low-Medium,1,High,2,High,2,3.25083,719.32,6.5797,0.0659694,0.166055
3723,RL,134,BSDF Heavy,0,High,4,High,4,High,2,High,2,3.26444,724.506,6.58687,0.0658711,0.166055
3724,RL,134,BSDF Heavy,0,High,4,High,4,High,2,High,2,3.2685,725.078,6.58766,0.06612,0.166055
3725,RL,134,BSDF Heavy,0,High,4,High,4,High,2,High,2,3.26071,722.52,6.58413,0.0658772,0.166055
3726,RL,134,BSDF Heavy,0,High,4,High,4,High,2,High,2,3.29139,728.242,6.59201,0.0658895,0.166055
3727,RL,115,BSDF Heavy,0,High,4,Low,0,High,2,High,2,3.2392,717.511,6.57718,0.0656943,0.166055
3728,RL,134,BSDF Heavy,0,High,4,High,4,High,2,High,2,3.26894,723.388,6.58533,0.0660178,0.165988
3729,RL,134,BSDF Heavy,0,High,4,High,4,High,2,High,2,3.26302,723.473,6.58544,0.0655952,0.165988
3730,RL,134,BSDF Heavy,0,High,4,High,4,High,2,High,2,3.27531,726.402,6.58948,0.0657758,0.165988
3731,RL,134,BSDF Heavy,0,High,4,High,4,High,2,High,2,3.25356,721.744,6.58306,0.0658034,0.165988
3732,RL,130,BSDF Heavy,0,High,4,Low,0,High,2,High,2,3.24629,718.952,6.57918,0.0657197,0.165988
3733,RL,134,BSDF Heavy,0,High,4,High,4,High,2,High,2,3.27615,724.961,6.5875,0.0661515,0.165988
3734,RL,134,BSDF Heavy,0,High,4,High,4,High,2,High,2,3.25579,721.541,6.58277,0.06537,0.165988
3735,RL,133,BSDF Heavy,0,High,4,Medium-High,3,High,2,High,2,3.24915,720.204,6.58092,0.0653915,0.165988
3736,RL,134,BSDF Heavy,0,High,4,High,4,High,2,High,2,3.28356,727.981,6.59165,0.0661454,0.165922
3737,RL,134,BSDF Heavy,0,High,4,High,4,High,2,High,2,3.27246,724.486,6.58684,0.0663483,0.165922
3738,RL,134,BSDF Heavy,0,High,4,High,4,High,2,High,2,3.27195,724.861,6.58736,0.0658611,0.165922
3739,RL,134,BSDF Heavy,0,High,4,High,4,High,2,High,2,3.25365,720.538,6.58138,0.0656313,0.165922
3740,RL,134,BSDF Heavy,0,High,4,High,4,High,2,High,2,3.2781,724.789,6.58726,0.0659817,0.165922
3741,RL,134,BSDF Heavy,0,High,4,High,4,High,2,High,2,3.266,724.236,6.5865,0.0659771,0.165922
3742,RL,130,BSDF Heavy,0,High,4,Low,0,High,2,High,2,3.24693,718.105,6.57801,0.0659271,0.165922
3743,RL,134,BSDF Heavy,0,High,4,High,4,High,2,High,2,3.26336,723.046,6.58486,0.0658257,0.165922
3744,RL,115,BSDF Heavy,0,Low,0,Low,0,Medium,1,High,2,3.23473,715.408,6.57425,0.0658434,0.165856
3745,RL,130,BSDF Heavy,0,Low,0,Low,0,Medium,1,High,2,3.2465,718.567,6.57865,0.0656267,0.165856
3746,RL,134,BSDF Heavy,0,Low,0,High,4,Medium,1,High,2,3.26544,723.922,6.58606,0.0659471,0.165856
3747,RL,130,BSDF Heavy,0,Low,0,Low,0,Medium,1,High,2,3.24172,718.36,6.57836,0.0656198,0.165856
3748,RL,115,BSDF Heavy,0,Low,0,Low,0,Medium,1,High,2,3.23056,715.312,6.57412,0.0653746,0.165856
3749,RL,134,BSDF Heavy,0,Low,0,High,4,Medium,1,High,2,3.26295,723.163,6.58502,0.0658933,0.165856
3750,RL,134,BSDF Heavy,0,Low,0,High,4,Medium,1,High,2,3.26429,722.659,6.58432,0.0660893,0.165856
3751,RL,134,BSDF Heavy,0,Low,0,High,4,Medium,1,High,2,3.25241,720.524,6.58137,0.0656651,0.165856
3752,RL,131,BSDF Heavy,0,Low-Medium,1,Low-Medium,1,High,2,High,2,3.24992,719.106,6.5794,0.0657665,0.165789
3753,RL,134,BSDF Heavy,0,Low-Medium,1,High,4,High,2,High,2,3.27468,726.589,6.58974,0.0660148,0.165789
3754,RL,134,BSDF Heavy,0,Low-Medium,1,High,4,High,2,High,2,3.26439,723.524,6.58552,0.0656067,0.165789
3755,RL,130,BSDF Heavy,0,Low-Medium,1,Low,0,High,2,High,2,3.24283,718.375,6.57838,0.0659517,0.165789
3756,RL,131,BSDF Heavy,0,Low-Medium,1,Low-Medium,1,High,2,High,2,3.24638,719.244,6.57959,0.0659371,0.165789
3757,RL,115,BSDF Heavy,0,Low-Medium,1,Low,0,High,2,High,2,3.23745,717.845,6.57765,0.065848,0.165789
3758,RL,131,BSDF Heavy,0,Low-Medium,1,Low-Medium,1,High,2,High,2,3.24739,719.299,6.57967,0.0658096,0.165789
3759,RL,134,BSDF Heavy,0,Low-Medium,1,High,4,High,2,High,2,3.25742,721.163,6.58225,0.0657758,0.165789
3760,RL,134,BSDF Heavy,0,High,4,High,4,High,2,High,2,3.26603,723.555,6.58556,0.0657735,0.165723
3761,RL,131,BSDF Heavy,0,High,4,Low-Medium,1,High,2,High,2,3.24783,719.058,6.57933,0.0658657,0.165723
3762,RL,134,BSDF Heavy,0,High,4,High,4,High,2,High,2,3.25745,721.819,6.58316,0.0655737,0.165723
3763,RL,134,BSDF Heavy,0,High,4,High,4,High,2,High,2,3.26462,723.315,6.58523,0.0658119,0.165723
3764,RL,130,BSDF Heavy,0,High,4,Low,0,High,2,High,2,3.24332,718.445,6.57848,0.0658027,0.165723
3765,RL,134,BSDF Heavy,0,High,4,High,4,High,2,High,2,3.27846,726.399,6.58948,0.0658457,0.165723
3766,RL,134,BSDF Heavy,0,High,4,High,4,High,2,High,2,3.27814,725.79,6.58864,0.0660432,0.165723
3767,RL,130,BSDF Heavy,0,High,4,Low,0,High,2,High,2,3.25233,718.683,6.57881,0.0660916,0.165723
3768,RL,115,BSDF Heavy,0,Low,0,Low,0,Medium,1,High,2,3.21778,712.736,6.57051,0.0660317,0.165657
3769,RL,134,BSDF Heavy,0,Low,0,High,4,Medium,1,High,2,3.26597,723.169,6.58502,0.0657858,0.165657
3770,RL,130,BSDF Heavy,0,Low,0,Low,0,Medium,1,High,2,3.2423,716.794,6.57618,0.0660393,0.165657
3771,RL,115,BSDF Heavy,0,Low,0,Low,0,Medium,1,High,2,3.23025,714.647,6.57319,0.0656374,0.165657
3772,RL,134,BSDF Heavy,0,Low,0,High,4,Medium,1,High,2,3.25331,721.121,6.58219,0.065586,0.165657
3773,RL,134,BSDF Heavy,0,Low,0,High,4,Medium,1,High,2,3.25309,720.678,6.58158,0.0660639,0.165657
3774,RL,130,BSDF Heavy,0,Low,0,Low,0,Medium,1,High,2,3.24964,718.862,6.57906,0.0660885,0.165657
3775,RL,115,BSDF Heavy,0,Low,0,Low,0,Medium,1,High,2,3.23629,717.441,6.57708,0.0657158,0.165657
3776,RL,134,BSDF Heavy,0,High,4,High,4,High,2,High,2,3.25187,720.483,6.58131,0.0656121,0.16559
3777,RL,130,BSDF Heavy,0,High,4,Low,0,High,2,High,2,3.24075,717.418,6.57705,0.0658787,0.16559
3778,RL,115,BSDF Heavy,0,High,4,Low,0,High,2,High,2,3.23186,715.494,6.57437,0.0656567,0.16559
3779,RL,130,BSDF Heavy,0,High,4,Low,0,High,2,High,2,3.24398,717.826,6.57762,0.0660747,0.16559
3780,RL,134,BSDF Heavy,0,High,4,High,4,High,2,High,2,3.25852,721.539,6.58277,0.065775,0.16559
3781,RL,115,BSDF Heavy,0,High,4,Low,0,High,2,High,2,3.23855,718.536,6.57861,0.0655829,0.16559
3782,RL,115,BSDF Heavy,0,High,4,Low,0,High,2,High,2,3.23766,715.974,6.57504,0.0657127,0.16559
3783,RL,115,BSDF Heavy,0,High,4,Low,0,High,2,High,2,3.22206,713.506,6.57159,0.0656167,0.16559
3784,RL,132,BSDF Heavy,0,Medium,2,Medium,2,High,2,High,2,3.25267,719.72,6.58025,0.0657066,0.165524
3785,RL,134,BSDF Heavy,0,Medium,2,High,4,High,2,High,2,3.27446,725.12,6.58771,0.0660586,0.165524
3786,RL,134,BSDF Heavy,0,Medium,2,High,4,High,2,High,2,3.26096,722.605,6.58425,0.0658326,0.165524
3787,RL,115,BSDF Heavy,0,Medium,2,Low,0,High,2,High,2,3.2301,714.773,6.57336,0.0657304,0.165524
3788,RL,134,BSDF Heavy,0,Medium,2,High,4,High,2,High,2,3.27046,725.117,6.58771,0.0659648,0.165524
3789,RL,134,BSDF Heavy,0,Medium,2,High,4,High,2,High,2,3.27484,724.584,6.58698,0.06612,0.165524
3790,RL,131,BSDF Heavy,0,Medium,2,Low-Medium,1,High,2,High,2,3.24869,719.009,6.57926,0.065556,0.165524
3791,RL,134,BSDF Heavy,0,Medium,2,High,4,High,2,High,2,3.27417,724.609,6.58701,0.0659994,0.165524
3792,RL,131,BSDF Heavy,0,Low-Medium,1,Low-Medium,1,High,2,High,2,3.25202,719.2,6.57953,0.0658142,0.165458
3793,RL,134,BSDF Heavy,0,Low-Medium,1,High,4,High,2,High,2,3.26859,723.486,6.58546,0.0658772,0.165458
3794,RL,134,BSDF Heavy,0,Low-Medium,1,High,4,High,2,High,2,3.25349,721.234,6.58235,0.0657881,0.165458
3795,RL,115,BSDF Heavy,0,Low-Medium,1,Low,0,High,2,High,2,3.23454,716.335,6.57554,0.0658234,0.165458
3796,RL,134,BSDF Heavy,0,Low-Medium,1,High,4,High,2,High,2,3.26595,723.634,6.58567,0.0658165,0.165458
3797,RL,134,BSDF Heavy,0,Low-Medium,1,High,4,High,2,High,2,3.26694,724.19,6.58643,0.0658203,0.165458
3798,RL,133,BSDF Heavy,0,Low-Medium,1,Medium-High,3,High,2,High,2,3.2554,720.082,6.58075,0.0659141,0.165458
3799,RL,134,BSDF Heavy,0,Low-Medium,1,High,4,High,2,High,2,3.25729,722.365,6.58391,0.0654876,0.165458
3800,RL,115,BSDF Heavy,0,Low,0,Low,0,Medium,1,High,2,3.23713,716.878,6.5763,0.0658872,0.165392
3801,RL,115,BSDF Heavy,0,Low,0,Low,0,Medium,1,High,2,3.23474,716.325,6.57553,0.0655068,0.165392
3802,RL,134,BSDF Heavy,0,Low,0,High,4,Medium,1,High,2,3.26024,722.648,6.58431,0.0660547,0.165392
3803,RL,130,BSDF Heavy,0,Low,0,Low,0,Medium,1,High,2,3.24023,717.484,6.57714,0.0659072,0.165392
3804,RL,115,BSDF Heavy,0,Low,0,Low,0,Medium,1,High,2,3.231,715.424,6.57427,0.0656006,0.165392
3805,RL,115,BSDF Heavy,0,Low,0,Low,0,Medium,1,High,2,3.23723,716.676,6.57602,0.0659932,0.165392
3806,RL,133,BSDF Heavy,0,Low,0,Medium-High,3,Medium,1,High,2,3.25746,720.246,6.58098,0.0661561,0.165392
3807,RL,134,BSDF Heavy,0,Low,0,High,4,Medium,1,High,2,3.26698,723.177,6.58504,0.0658664,0.165392
3808,RL,134,BSDF Heavy,0,High,4,High,4,High,2,High,2,3.25868,721.958,6.58335,0.0657988,0.165326
3809,RL,131,BSDF Heavy,0,High,4,Low-Medium,1,High,2,High,2,3.25723,719.367,6.57976,0.0661577,0.165326
3810,RL,132,BSDF Heavy,0,High,4,Medium,2,High,2,High,2,3.24886,719.504,6.57995,0.0657957,0.165326
3811,RL,115,BSDF Heavy,0,High,4,Low,0,High,2,High,2,3.23771,716.133,6.57526,0.0658434,0.165326
3812,RL,134,BSDF Heavy,0,High,4,High,4,High,2,High,2,3.25123,721.127,6.5822,0.0660785,0.165326
3813,RL,134,BSDF Heavy,0,High,4,High,4,High,2,High,2,3.26673,723.959,6.58612,0.0660247,0.165326
3814,RL,115,BSDF Heavy,0,High,4,Low,0,High,2,High,2,3.23811,717.477,6.57713,0.0655706,0.165326
3815,RL,134,BSDF Heavy,0,High,4,High,4,High,2,High,2,3.25234,720.306,6.58106,0.0659756,0.165326
3816,RL,115,BSDF Heavy,0,Low,0,Low,0,Medium,1,High,2,3.22221,712.377,6.57001,0.0659533,0.16526
3817,RL,134,BSDF Heavy,0,Low,0,High,4,Medium,1,High,2,3.26436,721.999,6.58341,0.0657688,0.16526
3818,RL,134,BSDF Heavy,0,Low,0,High,4,Medium,1,High,2,3.26125,722.218,6.58371,0.065891,0.16526
3819,RL,115,BSDF Heavy,0,Low,0,Low,0,Medium,1,High,2,3.24,716.814,6.57621,0.065735,0.16526
3820,RL,133,BSDF Heavy,0,Low,0,Medium-High,3,Medium,1,High,2,3.25097,719.942,6.58056,0.0656774,0.16526
3821,RL,134,BSDF Heavy,0,Low,0,High,4,Medium,1,High,2,3.25505,721.002,6.58203,0.065765,0.16526
3822,RL,115,BSDF Heavy,0,Low,0,Low,0,Medium,1,High,2,3.23216,715.287,6.57408,0.0656705,0.16526
3823,RL,115,BSDF Heavy,0,Low,0,Low,0,Medium,1,High,2,3.23541,715.275,6.57406,0.0655975,0.16526
3824,RL,115,BSDF Heavy,0,Low,0,Low,0,Medium,1,High,2,3.23111,714.94,6.5736,0.0659456,0.165193
3825,RL,134,BSDF Heavy,0,Low,0,High,4,Medium,1,High,2,3.26015,721.379,6.58255,0.0660685,0.165193
3826,RL,115,BSDF Heavy,0,Low,0,Low,0,Medium,1,High,2,3.23698,715.427,6.57428,0.065964,0.165193
3827,RL,130,BSDF Heavy,0,Low,0,Low,0,Medium,1,High,2,3.24859,718.713,6.57885,0.0662499,0.165193
3828,RL,133,BSDF Heavy,0,Low,0,Medium-High,3,Medium,1,High,2,3.25073,720.047,6.58071,0.0660317,0.165193
3829,RL,131,BSDF Heavy,0,Low,0,Low-Medium,1,Medium,1,High,2,3.24659,719.094,6.57938,0.0657358,0.165193
3830,RL,132,BSDF Heavy,0,Low,0,Medium,2,Medium,1,High,2,3.25219,719.78,6.58033,0.0660171,0.165193
3831,RL,134,BSDF Heavy,0,Low,0,High,4,Medium,1,High,2,3.26933,724.129,6.58635,0.0657704,0.165193
3832,RL,115,BSDF Heavy,0,Low,0,Low,0,Medium,1,High,2,3.23926,717.342,6.57695,0.0656928,0.165127
3833,RL,132,BSDF Heavy,0,Low,0,Medium,2,Medium,1,High,2,3.24823,719.775,6.58033,0.0657811,0.165127
3834,RL,134,BSDF Heavy,0,Low,0,High,4,Medium,1,High,2,3.27455,725.491,6.58823,0.0660025,0.165127
3835,RL,131,BSDF Heavy,0,Low,0,Low-Medium,1,Medium,1,High,2,3.24841,719.268,6.57962,0.0658065,0.165127
3836,RL,115,BSDF Heavy,0,Low,0,Low,0,Medium,1,High,2,3.23857,717.42,6.57705,0.065682,0.165127
3837,RL,134,BSDF Heavy,0,Low,0,High,4,Medium,1,High,2,3.2942,730.098,6.59455,0.0658972,0.165127
3838,RL,115,BSDF Heavy,0,Low,0,Low,0,Medium,1,High,2,3.22075,713.08,6.57099,0.0658019,0.165127
3839,RL,130,BSDF Heavy,0,Low,0,Low,0,Medium,1,High,2,3.24252,717.862,6.57767,0.0657066,0.165127
3840,RL,130,BSDF Heavy,0,Low,0,Low,0,High,2,High,2,3.24621,718.945,6.57918,0.0657957,0.165061
3841,RL,134,BSDF Heavy,0,Low,0,High,4,High,2,High,2,3.26834,723.58,6.58559,0.0660678,0.165061
3842,RL,134,BSDF Heavy,0,Low,0,High,4,High,2,High,2,3.27328,724.809,6.58729,0.066034,0.165061
3843,RL,134,BSDF Heavy,0,Low,0,High,4,High,2,High,2,3.25221,720.526,6.58137,0.0658419,0.165061
3844,RL,133,BSDF Heavy,0,Low,0,Medium-High,3,High,2,High,2,3.25323,720.015,6.58066,0.0659371,0.165061
3845,RL,131,BSDF Heavy,0,Low,0,Low-Medium,1,High,2,High,2,3.24957,719.341,6.57972,0.0658833,0.165061
3846,RL,134,BSDF Heavy,0,Low,0,High,4,High,2,High,2,3.25801,722.583,6.58421,0.0657934,0.165061
3847,RL,134,BSDF Heavy,0,Low,0,High,4,High,2,High,2,3.25612,720.861,6.58183,0.0659187,0.165061
3848,RL,115,BSDF Heavy,0,Low,0,Low,0,Medium,1,High,2,3.22167,714.026,6.57232,0.0655729,0.164995
3849,RL,115,BSDF Heavy,0,Low,0,Low,0,Medium,1,High,2,3.2325,715.141,6.57388,0.0658388,0.164995
3850,RL,134,BSDF Heavy,0,Low,0,High,4,Medium,1,High,2,3.27288,724.911,6.58743,0.0664835,0.164995
3851,RL,130,BSDF Heavy,0,Low,0,Low,0,Medium,1,High,2,3.24465,718.296,6.57827,0.0659602,0.164995
3852,RL,134,BSDF Heavy,0,Low,0,High,4,Medium,1,High,2,3.2841,727.017,6.59032,0.0658564,0.164995
3853,RL,130,BSDF Heavy,0,Low,0,Low,0,Medium,1,High,2,3.24577,718.794,6.57897,0.0658503,0.164995
3854,RL,115,BSDF Heavy,0,Low,0,Low,0,Medium,1,High,2,3.22041,712.909,6.57076,0.0660309,0.164995
3855,RL,134,BSDF Heavy,0,Low,0,High,4,Medium,1,High,2,3.26996,723.901,6.58603,0.0661039,0.164995
3856,RL,134,BSDF Heavy,0,High,4,High,4,High,2,High,2,3.26429,722.514,6.58412,0.0662368,0.164929
3857,RL,134,BSDF Heavy,0,High,4,High,4,High,2,High,2,3.27106,724.259,6.58653,0.0657996,0.164929
3858,RL,115,BSDF Heavy,0,High,4,Low,0,High,2,High,2,3.23758,716.619,6.57594,0.0655391,0.164929
3859,RL,134,BSDF Heavy,0,High,4,High,4,High,2,High,2,3.25655,721.625,6.58289,0.0658718,0.164929
3860,RL,115,BSDF Heavy,0,High,4,Low,0,High,2,High,2,3.2376,716.666,6.576,0.0657919,0.164929
3861,RL,134,BSDF Heavy,0,High,4,High,4,High,2,High,2,3.26075,722.537,6.58415,0.0656859,0.164929
3862,RL,115,BSDF Heavy,0,High,4,Low,0,High,2,High,2,3.23914,717.165,6.5767,0.0659602,0.164929
3863,RL,131,BSDF Heavy,0,High,4,Low-Medium,1,High,2,High,2,3.2516,719.075,6.57935,0.0663029,0.164929
3864,RL,130,BSDF Heavy,0,Low,0,Low,0,High,2,High,2,3.24377,717.048,6.57654,0.0659517,0.164863
3865,RL,131,BSDF Heavy,0,Low,0,Low-Medium,1,High,2,High,2,3.24403,719.06,6.57933,0.0657904,0.164863
3866,RL,130,BSDF Heavy,0,Low,0,Low,0,High,2,High,2,3.24304,716.846,6.57626,0.0659494,0.164863
3867,RL,134,BSDF Heavy,0,Low,0,High,4,High,2,High,2,3.28437,727.823,6.59143,0.065838,0.164863
3868,RL,134,BSDF Heavy,0,Low,0,High,4,High,2,High,2,3.27537,725.141,6.58774,0.0661216,0.164863
3869,RL,115,BSDF Heavy,0,Low,0,Low,0,High,2,High,2,3.23676,716.316,6.57552,0.0659925,0.164863
3870,RL,130,BSDF Heavy,0,Low,0,Low,0,High,2,High,2,3.2411,717.472,6.57713,0.0657542,0.164863
3871,RL,130,BSDF Heavy,0,Low,0,Low,0,High,2,High,2,3.24038,718.541,6.57861,0.0656643,0.164863
3872,RL,134,Light Heavy,0,High,4,High,4,High,2,High,2,3.26192,722.313,6.58384,0.065888,0.164797
3873,RL,44,Light Heavy,0,High,4,High,4,High,2,High,2,3.26183,724.604,6.587,0.0578352,0.164797
3874,RL,41,Light Heavy,0,High,4,Low-Medium,1,High,2,High,2,3.24335,719.296,6.57966,0.0574579,0.164797
3875,RL,44,Light Heavy,0,High,4,High,4,High,2,High,2,3.27148,726.723,6.58992,0.0577131,0.164797
3876,RL,44,Light Heavy,0,High,4,High,4,High,2,High,2,3.25166,721.421,6.58261,0.05772,0.164797
3877,RL,44,Light Heavy,0,High,4,High,4,High,2,High,2,3.2544,721.374,6.58254,0.0577768,0.164797
3878,RL,44,Light Heavy,0,High,4,High,4,High,2,High,2,3.26699,725.722,6.58854,0.0579528,0.164797
3879,RL,44,Light Heavy,0,High,4,High,4,High,2,High,2,3.25956,723.797,6.58589,0.05771,0.164797
3880,RL,25,BSDF Heavy,0,Low,0,Low,0,Medium,1,Low,0,3.23717,718.948,6.57918,0.0578652,0.164732
3881,RL,131,BSDF Heavy,0,Low,0,Low-Medium,1,Medium,1,Low,0,3.24965,719.021,6.57928,0.0658703,0.164732
3882,RL,130,BSDF Heavy,0,Low,0,Low,0,Medium,1,Low,0,3.24765,718.911,6.57913,0.0658019,0.164732
3883,RL,130,BSDF Heavy,0,Low,0,Low,0,Medium,1,Low,0,3.24434,718.77,6.57893,0.0658549,0.164732
3884,RL,130,BSDF Heavy,0,Low,0,Low,0,Medium,1,Low,0,3.24118,716.98,6.57644,0.0659264,0.164732
3885,RL,134,BSDF Heavy,0,Low,0,High,4,Medium,1,Low,0,3.26559,722.666,6.58433,0.0659848,0.164732
3886,RL,134,BSDF Heavy,0,Low,0,High,4,Medium,1,Low,0,3.26008,721.221,6.58233,0.0659156,0.164732
3887,RL,134,BSDF Heavy,0,Low,0,High,4,Medium,1,Low,0,3.26902,723.689,6.58574,0.0657304,0.164732
3888,RL,134,BSDF Heavy,0,High,4,High,4,High,2,High,2,3.29235,729.657,6.59394,0.0660616,0.164666
3889,RL,134,BSDF Heavy,0,High,4,High,4,High,2,High,2,3.25752,722.516,6.58412,0.0657412,0.164666
3890,RL,134,BSDF Heavy,0,High,4,High,4,High,2,High,2,3.24892,720.392,6.58118,0.0654845,0.164666
3891,RL,134,BSDF Heavy,0,High,4,High,4,High,2,High,2,3.25827,720.895,6.58188,0.0660124,0.164666
3892,RL,132,BSDF Heavy,0,High,4,Medium,2,High,2,High,2,3.24992,719.464,6.5799,0.0658073,0.164666
3893,RL,130,BSDF Heavy,0,High,4,Low,0,High,2,High,2,3.24398,717.285,6.57687,0.0660286,0.164666
3894,RL,134,BSDF Heavy,0,High,4,High,4,High,2,High,2,3.25745,720.583,6.58145,0.0658465,0.164666
3895,RL,134,BSDF Heavy,0,High,4,High,4,High,2,High,2,3.25391,720.662,6.58156,0.0660655,0.164666
3896,RL,134,BSDF Heavy,0,High,4,High,4,High,2,High,2,3.25362,720.775,6.58171,0.0659533,0.1646
3897,RL,115,BSDF Heavy,0,High,4,Low,0,High,2,High,2,3.2392,716.295,6.57549,0.065765,0.1646
3898,RL,134,BSDF Heavy,0,High,4,High,4,High,2,High,2,3.26923,723.343,6.58526,0.0660155,0.1646
3899,RL,115,BSDF Heavy,0,High,4,Low,0,High,2,High,2,3.23058,714.932,6.57359,0.0655475,0.1646
3900,RL,134,BSDF Heavy,0,High,4,High,4,High,2,High,2,3.26399,721.972,6.58337,0.0660378,0.1646
3901,RL,132,BSDF Heavy,0,High,4,Medium,2,High,2,High,2,3.24977,719.749,6.58029,0.0658173,0.1646
3902,RL,115,BSDF Heavy,0,High,4,Low,0,High,2,High,2,3.22524,713.236,6.57121,0.0657627,0.1646
3903,RL,133,BSDF Heavy,0,High,4,Medium-High,3,High,2,High,2,3.2593,720.152,6.58085,0.0661969,0.1646
3904,RL,134,BSDF Heavy,0,High,4,High,4,High,2,High,2,3.27917,725.867,6.58874,0.0660939,0.164534
3905,RL,115,BSDF Heavy,0,High,4,Low,0,High,2,High,2,3.23628,715.403,6.57424,0.065878,0.164534
3906,RL,134,BSDF Heavy,0,High,4,High,4,High,2,High,2,3.25334,720.757,6.58169,0.0659963,0.164534
3907,RL,115,BSDF Heavy,0,High,4,Low,0,High,2,High,2,3.22669,713.515,6.5716,0.0658349,0.164534
3908,RL,134,BSDF Heavy,0,High,4,High,4,High,2,High,2,3.27609,725.944,6.58885,0.065815,0.164534
3909,RL,134,BSDF Heavy,0,High,4,High,4,High,2,High,2,3.26719,723.568,6.58558,0.0658203,0.164534
3910,RL,134,BSDF Heavy,0,High,4,High,4,High,2,High,2,3.26256,723.398,6.58534,0.0659348,0.164534
3911,RL,134,BSDF Heavy,0,High,4,High,4,High,2,High,2,3.27109,724.023,6.5862,0.065745,0.164534
3912,RL,130,BSDF Heavy,0,Low,0,Low,0,High,2,High,2,3.24278,718.027,6.5779,0.0655675,0.164468
3913,RL,134,BSDF Heavy,0,Low,0,High,4,High,2,High,2,3.26669,723.067,6.58488,0.0660048,0.164468
3914,RL,130,BSDF Heavy,0,Low,0,Low,0,High,2,High,2,3.24423,718.817,6.579,0.0659256,0.164468
3915,RL,134,BSDF Heavy,0,Low,0,High,4,High,2,High,2,3.26418,722.968,6.58475,0.0658249,0.164468
3916,RL,130,BSDF Heavy,0,Low,0,Low,0,High,2,High,2,3.24481,718.144,6.57806,0.0656451,0.164468
3917,RL,115,BSDF Heavy,0,Low,0,Low,0,High,2,High,2,3.22547,714.296,6.5727,0.0655091,0.164468
3918,RL,134,BSDF Heavy,0,Low,0,High,4,High,2,High,2,3.25403,720.744,6.58167,0.065722,0.164468
3919,RL,134,BSDF Heavy,0,Low,0,High,4,High,2,High,2,3.26092,721.864,6.58322,0.0660724,0.164468
3920,RL,134,BSDF Heavy,0,High,4,High,4,High,2,High,2,3.25857,720.982,6.582,0.0661915,0.164402
3921,RL,134,BSDF Heavy,0,High,4,High,4,High,2,High,2,3.26407,723.109,6.58494,0.0658234,0.164402
3922,RL,130,BSDF Heavy,0,High,4,Low,0,High,2,High,2,3.24358,717.873,6.57768,0.0658157,0.164402
3923,RL,134,BSDF Heavy,0,High,4,High,4,High,2,High,2,3.2543,720.597,6.58147,0.0658757,0.164402
3924,RL,134,BSDF Heavy,0,High,4,High,4,High,2,High,2,3.264,722.877,6.58462,0.0659894,0.164402
3925,RL,115,BSDF Heavy,0,High,4,Low,0,High,2,High,2,3.20271,708.41,6.56443,0.0655813,0.164402
3926,RL,134,BSDF Heavy,0,High,4,High,4,High,2,High,2,3.2628,722.255,6.58376,0.0657174,0.164402
3927,RL,134,BSDF Heavy,0,High,4,High,4,High,2,High,2,3.26436,723.415,6.58536,0.0660801,0.164402
3928,RL,134,BSDF Heavy,0,High,4,High,4,High,2,High,2,3.25338,720.411,6.58121,0.0657227,0.164337
3929,RL,134,BSDF Heavy,0,High,4,High,4,High,2,High,2,3.25238,720.871,6.58185,0.0658626,0.164337
3930,RL,134,BSDF Heavy,0,High,4,High,4,High,2,High,2,3.27822,726.085,6.58904,0.0660378,0.164337
3931,RL,133,BSDF Heavy,0,High,4,Medium-High,3,High,2,High,2,3.25305,720.22,6.58094,0.0661446,0.164337
3932,RL,115,BSDF Heavy,0,High,4,Low,0,High,2,High,2,3.23716,717.635,6.57735,0.0659325,0.164337
3933,RL,115,BSDF Heavy,0,High,4,Low,0,High,2,High,2,3.2276,715.488,6.57436,0.0657189,0.164337
3934,RL,115,BSDF Heavy,0,High,4,Low,0,High,2,High,2,3.2391,717.235,6.5768,0.0659809,0.164337
3935,RL,132,BSDF Heavy,0,High,4,Medium,2,High,2,High,2,3.248,719.709,6.58024,0.0661085,0.164337
3936,RL,134,BSDF Heavy,0,High,4,High,4,High,2,High,2,3.2613,723.006,6.5848,0.0656067,0.164271
3937,RL,130,BSDF Heavy,0,High,4,Low,0,High,2,High,2,3.24742,718.412,6.57843,0.065815,0.164271
3938,RL,132,BSDF Heavy,0,High,4,Medium,2,High,2,High,2,3.25153,719.751,6.58029,0.0655744,0.164271
3939,RL,115,BSDF Heavy,0,High,4,Low,0,High,2,High,2,3.23036,715.757,6.57474,0.0658234,0.164271
3940,RL,134,BSDF Heavy,0,High,4,High,4,High,2,High,2,3.2571,721.523,6.58275,0.0657443,0.164271
3941,RL,115,BSDF Heavy,0,High,4,Low,0,High,2,High,2,3.23101,715.452,6.57431,0.0658065,0.164271
3942,RL,115,BSDF Heavy,0,High,4,Low,0,High,2,High,2,3.23824,716.846,6.57625,0.0662153,0.164271
3943,RL,134,BSDF Heavy,0,High,4,High,4,High,2,High,2,3.25956,721.616,6.58288,0.0660632,0.164271
3944,RL,134,BSDF Heavy,0,High,4,High,4,High,2,High,2,3.25604,722.292,6.58381,0.0655314,0.164205
3945,RL,115,BSDF Heavy,0,High,4,Low,0,High,2,High,2,3.23642,716.839,6.57625,0.0654315,0.164205
3946,RL,134,BSDF Heavy,0,High,4,High,4,High,2,High,2,3.26145,723.395,6.58534,0.0660094,0.164205
3947,RL,134,BSDF Heavy,0,High,4,High,4,High,2,High,2,3.2588,721.352,6.58251,0.0659648,0.164205
3948,RL,115,BSDF Heavy,0,High,4,Low,0,High,2,High,2,3.22955,714.693,6.57325,0.0657358,0.164205
3949,RL,134,BSDF Heavy,0,High,4,High,4,High,2,High,2,3.30691,732.166,6.59737,0.0662676,0.164205
3950,RL,134,BSDF Heavy,0,High,4,High,4,High,2,High,2,3.28755,728.448,6.59229,0.0661654,0.164205
3951,RL,133,BSDF Heavy,0,High,4,Medium-High,3,High,2,High,2,3.24887,719.844,6.58042,0.0657796,0.164205
3952,RL,115,BSDF Heavy,0,Low,0,Low,0,Medium,1,High,2,3.23355,715.392,6.57423,0.0658787,0.16414
3953,RL,130,BSDF Heavy,0,Low,0,Low,0,Medium,1,High,2,3.2427,716.937,6.57638,0.0659487,0.16414
3954,RL,134,BSDF Heavy,0,Low,0,High,4,Medium,1,High,2,3.2527,720.661,6.58156,0.0655767,0.16414
3955,RL,134,BSDF Heavy,0,Low,0,High,4,Medium,1,High,2,3.24885,720.311,6.58107,0.0659172,0.16414
3956,RL,130,BSDF Heavy,0,Low,0,Low,0,Medium,1,High,2,3.24248,718.157,6.57808,0.0655752,0.16414
3957,RL,134,BSDF Heavy,0,Low,0,High,4,Medium,1,High,2,3.27717,725.573,6.58834,0.0659402,0.16414
3958,RL,134,BSDF Heavy,0,Low,0,High,4,Medium,1,High,2,3.25403,721.008,6.58204,0.0657281,0.16414
3959,RL,134,BSDF Heavy,0,Low,0,High,4,Medium,1,High,2,3.26379,722.802,6.58452,0.0658303,0.16414
3960,RL,134,BSDF Heavy,0,High,4,High,4,High,2,High,2,3.2649,722.815,6.58454,0.0657904,0.164074
3961,RL,131,BSDF Heavy,0,High,4,Low-Medium,1,High,2,High,2,3.24557,719.01,6.57926,0.0658741,0.164074
3962,RL,130,BSDF Heavy,0,High,4,Low,0,High,2,High,2,3.24376,717.912,6.57774,0.0659241,0.164074
3963,RL,134,BSDF Heavy,0,High,4,High,4,High,2,High,2,3.26398,723.257,6.58515,0.0659809,0.164074
3964,RL,115,BSDF Heavy,0,High,4,Low,0,High,2,High,2,3.23818,716.891,6.57632,0.0658541,0.164074
3965,RL,130,BSDF Heavy,0,High,4,Low,0,High,2,High,2,3.2446,718.056,6.57794,0.0656989,0.164074
3966,RL,134,BSDF Heavy,0,High,4,High,4,High,2,High,2,3.2714,725.511,6.58825,0.0657519,0.164074
3967,RL,133,BSDF Heavy,0,High,4,Medium-High,3,High,2,High,2,3.25005,720.24,6.58097,0.0661008,0.164074
3968,RL,134,Light Heavy,0,High,4,High,4,High,2,High,2,3.2582,721.348,6.58251,0.0660455,0.164008
3969,RL,44,Light Heavy,0,High,4,High,4,High,2,High,2,3.24617,720.438,6.58125,0.0581311,0.164008
3970,RL,25,Light Heavy,0,High,4,Low,0,High,2,High,2,3.23637,718.813,6.57899,0.0577407,0.164008
3971,RL,25,Light Heavy,0,High,4,Low,0,High,2,High,2,3.21137,712.68,6.57044,0.0573288,0.164008
3972,RL,44,Light Heavy,0,High,4,High,4,High,2,High,2,3.24577,721.382,6.58255,0.0576424,0.164008
3973,RL,43,Light Heavy,0,High,4,Medium-High,3,High,2,High,2,3.24653,720.222,6.58095,0.0581634,0.164008
3974,RL,44,Light Heavy,0,High,4,High,4,High,2,High,2,3.25046,721.746,6.58306,0.0575586,0.164008
3975,RL,44,Light Heavy,0,High,4,High,4,High,2,High,2,3.2525,722.514,6.58412,0.057813,0.164008
3976,RL,25,BSDF Heavy,0,Low,0,Low,0,Medium,1,Low,0,3.23852,718.619,6.57872,0.0577492,0.163943
3977,RL,130,BSDF Heavy,0,Low,0,Low,0,Medium,1,Low,0,3.24031,717.017,6.57649,0.0659702,0.163943
3978,RL,133,BSDF Heavy,0,Low,0,Medium-High,3,Medium,1,Low,0,3.25102,720.052,6.58071,0.0659994,0.163943
3979,RL,132,BSDF Heavy,0,Low,0,Medium,2,Medium,1,Low,0,3.25316,719.573,6.58005,0.0660263,0.163943
3980,RL,134,BSDF Heavy,0,Low,0,High,4,Medium,1,Low,0,3.26923,723.859,6.58598,0.0660455,0.163943
3981,RL,134,BSDF Heavy,0,Low,0,High,4,Medium,1,Low,0,3.26408,723.045,6.58485,0.0658987,0.163943
3982,RL,134,BSDF Heavy,0,Low,0,High,4,Medium,1,Low,0,3.25171,720.816,6.58177,0.0657366,0.163943
3983,RL,130,BSDF Heavy,0,Low,0,Low,0,Medium,1,Low,0,3.24487,718.664,6.57878,0.0657904,0.163943
3984,RL,115,BSDF Heavy,0,Low,0,Low,0,Medium,1,High,2,3.23433,715.424,6.57427,0.0657589,0.163877
3985,RL,134,BSDF Heavy,0,Low,0,High,4,Medium,1,High,2,3.25239,720.309,6.58107,0.0659564,0.163877
3986,RL,134,BSDF Heavy,0,Low,0,High,4,Medium,1,High,2,3.26037,721.318,6.58247,0.0660616,0.163877
3987,RL,134,BSDF Heavy,0,Low,0,High,4,Medium,1,High,2,3.25988,722.752,6.58445,0.0659625,0.163877
3988,RL,133,BSDF Heavy,0,Low,0,Medium-High,3,Medium,1,High,2,3.2478,719.87,6.58046,0.0659333,0.163877
3989,RL,134,BSDF Heavy,0,Low,0,High,4,Medium,1,High,2,3.28579,727.924,6.59157,0.0661147,0.163877
3990,RL,134,BSDF Heavy,0,Low,0,High,4,Medium,1,High,2,3.25606,720.699,6.58161,0.0659179,0.163877
3991,RL,134,BSDF Heavy,0,Low,0,High,4,Medium,1,High,2,3.25424,720.624,6.5815,0.0659072,0.163877
3992,RL,134,BSDF Heavy,0,High,4,High,4,High,2,High,2,3.25436,720.309,6.58107,0.0660009,0.163812
3993,RL,130,BSDF Heavy,0,High,4,Low,0,High,2,High,2,3.24679,718.263,6.57823,0.0659902,0.163812
3994,RL,133,BSDF Heavy,0,High,4,Medium-High,3,High,2,High,2,3.24671,719.954,6.58058,0.065576,0.163812
3995,RL,134,BSDF Heavy,0,High,4,High,4,High,2,High,2,3.26566,724.383,6.5867,0.0658142,0.163812
3996,RL,134,BSDF Heavy,0,High,4,High,4,High,2,High,2,3.26127,722.278,6.58379,0.0659917,0.163812
3997,RL,130,BSDF Heavy,0,High,4,Low,0,High,2,High,2,3.24434,717.981,6.57784,0.0657358,0.163812
3998,RL,115,BSDF Heavy,0,High,4,Low,0,High,2,High,2,3.22882,715.131,6.57386,0.0656251,0.163812
3999,RL,130,BSDF Heavy,0,High,4,Low,0,High,2,High,2,3.24418,717.689,6.57743,0.0660155,0.163812
4000,RL,134,BSDF Heavy,0,High,4,High,4,High,2,High,2,3.26197,721.479,6.58269,0.0660294,0.163746
4001,RL,134,BSDF Heavy,0,High,4,High,4,High,2,High,2,3.2601,723.153,6.585,0.0655091,0.163746
4002,RL,134,BSDF Heavy,0,High,4,High,4,High,2,High,2,3.27643,726.099,6.58906,0.0658672,0.163746
4003,RL,115,BSDF Heavy,0,High,4,Low,0,High,2,High,2,3.23774,716.701,6.57605,0.0655844,0.163746
4004,RL,134,BSDF Heavy,0,High,4,High,4,High,2,High,2,3.25542,722.051,6.58348,0.0658057,0.163746
4005,RL,132,BSDF Heavy,0,High,4,Medium,2,High,2,High,2,3.24699,719.451,6.57988,0.0656497,0.163746
4006,RL,133,BSDF Heavy,0,High,4,Medium-High,3,High,2,High,2,3.25745,720.24,6.58097,0.0657404,0.163746
4007,RL,131,BSDF Heavy,0,High,4,Low-Medium,1,High,2,High,2,3.24461,719.367,6.57976,0.0657758,0.163746
4008,RL,131,BSDF Heavy,0,Low-Medium,1,Low-Medium,1,High,2,High,2,3.24864,719.325,6.5797,0.0656536,0.163681
4009,RL,130,BSDF Heavy,0,Low-Medium,1,Low,0,High,2,High,2,3.24511,717.284,6.57686,0.0660278,0.163681
4010,RL,134,BSDF Heavy,0,Low-Medium,1,High,4,High,2,High,2,3.25432,720.638,6.58152,0.0657304,0.163681
4011,RL,134,BSDF Heavy,0,Low-Medium,1,High,4,High,2,High,2,3.26321,722.724,6.58441,0.0660294,0.163681
4012,RL,134,BSDF Heavy,0,Low-Medium,1,High,4,High,2,High,2,3.26915,724.56,6.58694,0.0656866,0.163681
4013,RL,133,BSDF Heavy,0,Low-Medium,1,Medium-High,3,High,2,High,2,3.25242,720.044,6.5807,0.0657558,0.163681
4014,RL,130,BSDF Heavy,0,Low-Medium,1,Low,0,High,2,High,2,3.24234,718.353,6.57835,0.0659233,0.163681
4015,RL,130,BSDF Heavy,0,Low-Medium,1,Low,0,High,2,High,2,3.24325,717.188,6.57673,0.0658557,0.163681
4016,RL,115,BSDF Heavy,0,Low,0,Low,0,Medium,1,High,2,3.23825,715.909,6.57495,0.0657888,0.163615
4017,RL,115,BSDF Heavy,0,Low,0,Low,0,Medium,1,High,2,3.23905,717.147,6.57667,0.0655083,0.163615
4018,RL,134,BSDF Heavy,0,Low,0,High,4,Medium,1,High,2,3.26242,721.967,6.58336,0.0659963,0.163615
4019,RL,134,BSDF Heavy,0,Low,0,High,4,Medium,1,High,2,3.25239,720.462,6.58128,0.0658588,0.163615
4020,RL,130,BSDF Heavy,0,Low,0,Low,0,Medium,1,High,2,3.24623,718.765,6.57893,0.0658134,0.163615
4021,RL,134,BSDF Heavy,0,Low,0,High,4,Medium,1,High,2,3.2609,722.343,6.58388,0.0657489,0.163615
4022,RL,134,BSDF Heavy,0,Low,0,High,4,Medium,1,High,2,3.28255,726.964,6.59025,0.0661623,0.163615
4023,RL,134,BSDF Heavy,0,Low,0,High,4,Medium,1,High,2,3.2603,722.22,6.58371,0.0658872,0.163615
4024,RL,115,BSDF Heavy,0,Low,0,Low,0,Medium,1,High,2,3.22196,711.618,6.56895,0.0658103,0.16355
4025,RL,134,BSDF Heavy,0,Low,0,High,4,Medium,1,High,2,3.26639,723.844,6.58596,0.0656851,0.16355
4026,RL,115,BSDF Heavy,0,Low,0,Low,0,Medium,1,High,2,3.23397,716.425,6.57567,0.0656997,0.16355
4027,RL,115,BSDF Heavy,0,Low,0,Low,0,Medium,1,High,2,3.23175,715.858,6.57488,0.0656413,0.16355
4028,RL,115,BSDF Heavy,0,Low,0,Low,0,Medium,1,High,2,3.22358,714.593,6.57311,0.0655452,0.16355
4029,RL,115,BSDF Heavy,0,Low,0,Low,0,Medium,1,High,2,3.23409,715.754,6.57473,0.065599,0.16355
4030,RL,132,BSDF Heavy,0,Low,0,Medium,2,Medium,1,High,2,3.25087,719.807,6.58037,0.0656144,0.16355
4031,RL,134,BSDF Heavy,0,Low,0,High,4,Medium,1,High,2,3.27156,725.234,6.58787,0.0653954,0.16355
4032,RL,134,BSDF Heavy,0,High,4,High,4,High,2,High,2,3.27671,726.848,6.59009,0.0656882,0.163484
4033,RL,134,BSDF Heavy,0,High,4,High,4,High,2,High,2,3.26632,723.254,6.58514,0.0658249,0.163484
4034,RL,115,BSDF Heavy,0,High,4,Low,0,High,2,High,2,3.22776,713.761,6.57195,0.065828,0.163484
4035,RL,134,BSDF Heavy,0,High,4,High,4,High,2,High,2,3.28493,727.721,6.59129,0.0663836,0.163484
4036,RL,130,BSDF Heavy,0,High,4,Low,0,High,2,High,2,3.24835,718.66,6.57878,0.0659256,0.163484
4037,RL,115,BSDF Heavy,0,High,4,Low,0,High,2,High,2,3.2347,716.35,6.57556,0.065589,0.163484
4038,RL,134,BSDF Heavy,0,High,4,High,4,High,2,High,2,3.26376,723.04,6.58485,0.0658895,0.163484
4039,RL,133,BSDF Heavy,0,High,4,Medium-High,3,High,2,High,2,3.25021,719.944,6.58056,0.0659118,0.163484
4040,RL,134,Light Heavy,0,High,4,High,4,High,2,High,2,3.25721,721.124,6.5822,0.0659187,0.163419
4041,RL,25,Light Heavy,0,High,4,Low,0,High,2,High,2,3.22268,714.412,6.57286,0.0579428,0.163419
4042,RL,44,Light Heavy,0,High,4,High,4,High,2,High,2,3.26134,724.53,6.5869,0.0578452,0.163419
4043,RL,44,Light Heavy,0,High,4,High,4,High,2,High,2,3.24527,722.079,6.58352,0.0576854,0.163419
4044,RL,44,Light Heavy,0,High,4,High,4,High,2,High,2,3.25579,723.2,6.58507,0.0581518,0.163419
4045,RL,44,Light Heavy,0,High,4,High,4,High,2,High,2,3.25114,721.34,6.5825,0.0577676,0.163419
4046,RL,25,Light Heavy,0,High,4,Low,0,High,2,High,2,3.23357,717.424,6.57706,0.0576424,0.163419
4047,RL,25,Light Heavy,0,High,4,Low,0,High,2,High,2,3.23246,717.697,6.57744,0.0576047,0.163419
4048,RL,44,BSDF Heavy,0,High,4,High,4,High,2,Low,0,3.27034,725.798,6.58865,0.0582126,0.163354
4049,RL,115,BSDF Heavy,0,High,4,Low,0,High,2,Low,0,3.23931,717.732,6.57749,0.065838,0.163354
4050,RL,134,BSDF Heavy,0,High,4,High,4,High,2,Low,0,3.27702,725.789,6.58864,0.065921,0.163354
4051,RL,115,BSDF Heavy,0,High,4,Low,0,High,2,Low,0,3.23931,716.957,6.57641,0.0657858,0.163354
4052,RL,130,BSDF Heavy,0,High,4,Low,0,High,2,Low,0,3.24316,718.155,6.57808,0.0658257,0.163354
4053,RL,115,BSDF Heavy,0,High,4,Low,0,High,2,Low,0,3.22865,715.599,6.57452,0.0657112,0.163354
4054,RL,134,BSDF Heavy,0,High,4,High,4,High,2,Low,0,3.24992,720.721,6.58164,0.0657158,0.163354
4055,RL,134,BSDF Heavy,0,High,4,High,4,High,2,Low,0,3.27732,726.264,6.58929,0.0662845,0.163354
4056,RL,130,BSDF Heavy,0,Low,0,Low,0,High,2,High,2,3.24716,718.258,6.57822,0.0657343,0.163288
4057,RL,134,BSDF Heavy,0,Low,0,High,4,High,2,High,2,3.26314,723.282,6.58518,0.0655445,0.163288
4058,RL,131,BSDF Heavy,0,Low,0,Low-Medium,1,High,2,High,2,3.25267,719.373,6.57977,0.06619,0.163288
4059,RL,134,BSDF Heavy,0,Low,0,High,4,High,2,High,2,3.25889,721.901,6.58327,0.065629,0.163288
4060,RL,134,BSDF Heavy,0,Low,0,High,4,High,2,High,2,3.25797,722.177,6.58365,0.0657965,0.163288
4061,RL,134,BSDF Heavy,0,Low,0,High,4,High,2,High,2,3.25984,722.08,6.58352,0.0659456,0.163288
4062,RL,130,BSDF Heavy,0,Low,0,Low,0,High,2,High,2,3.24627,718.416,6.57844,0.0659202,0.163288
4063,RL,134,BSDF Heavy,0,Low,0,High,4,High,2,High,2,3.25599,720.514,6.58135,0.0660685,0.163288
4064,RL,131,BSDF Heavy,0,Low-Medium,1,Low-Medium,1,High,2,High,2,3.24744,719.064,6.57934,0.0656574,0.163223
4065,RL,134,BSDF Heavy,0,Low-Medium,1,High,4,High,2,High,2,3.2918,728.561,6.59244,0.0659932,0.163223
4066,RL,130,BSDF Heavy,0,Low-Medium,1,Low,0,High,2,High,2,3.24374,718.163,6.57809,0.0658818,0.163223
4067,RL,115,BSDF Heavy,0,Low-Medium,1,Low,0,High,2,High,2,3.23503,717.322,6.57692,0.0658549,0.163223
4068,RL,134,BSDF Heavy,0,Low-Medium,1,High,4,High,2,High,2,3.27055,724.04,6.58623,0.0658096,0.163223
4069,RL,134,BSDF Heavy,0,Low-Medium,1,High,4,High,2,High,2,3.26229,723.349,6.58527,0.0658618,0.163223
4070,RL,134,BSDF Heavy,0,Low-Medium,1,High,4,High,2,High,2,3.2724,723.555,6.58556,0.0659902,0.163223
4071,RL,134,BSDF Heavy,0,Low-Medium,1,High,4,High,2,High,2,3.25551,720.444,6.58126,0.0659456,0.163223
4072,RL,134,BSDF Heavy,0,High,4,High,4,High,2,High,2,3.27106,723.507,6.58549,0.0660132,0.163158
4073,RL,130,BSDF Heavy,0,High,4,Low,0,High,2,High,2,3.24258,717.329,6.57693,0.0656528,0.163158
4074,RL,133,BSDF Heavy,0,High,4,Medium-High,3,High,2,High,2,3.25399,720.249,6.58099,0.0662153,0.163158
4075,RL,134,BSDF Heavy,0,High,4,High,4,High,2,High,2,3.26204,722.518,6.58413,0.0657758,0.163158
4076,RL,115,BSDF Heavy,0,High,4,Low,0,High,2,High,2,3.23685,716.571,6.57587,0.0655145,0.163158
4077,RL,133,BSDF Heavy,0,High,4,Medium-High,3,High,2,High,2,3.25209,719.885,6.58048,0.0656559,0.163158
4078,RL,134,BSDF Heavy,0,High,4,High,4,High,2,High,2,3.27429,724.702,6.58714,0.0660939,0.163158
4079,RL,115,BSDF Heavy,0,High,4,Low,0,High,2,High,2,3.23518,716.205,6.57536,0.0658034,0.163158
4080,RL,115,BSDF Heavy,0,Low,0,Low,0,Medium,1,High,2,3.23985,718.305,6.57829,0.0657043,0.163092
4081,RL,130,BSDF Heavy,0,Low,0,Low,0,Medium,1,High,2,3.2409,717.298,6.57688,0.0656889,0.163092
4082,RL,115,BSDF Heavy,0,Low,0,Low,0,Medium,1,High,2,3.2374,715.969,6.57503,0.0660393,0.163092
4083,RL,115,BSDF Heavy,0,Low,0,Low,0,Medium,1,High,2,3.23346,716.268,6.57545,0.0658449,0.163092
4084,RL,131,BSDF Heavy,0,Low,0,Low-Medium,1,Medium,1,High,2,3.24404,719.152,6.57946,0.0654046,0.163092
4085,RL,130,BSDF Heavy,0,Low,0,Low,0,Medium,1,High,2,3.24702,717.897,6.57772,0.0660048,0.163092
4086,RL,130,BSDF Heavy,0,Low,0,Low,0,Medium,1,High,2,3.24047,717.882,6.5777,0.0659387,0.163092
4087,RL,134,BSDF Heavy,0,Low,0,High,4,Medium,1,High,2,3.2536,720.93,6.58193,0.0657389,0.163092
4088,RL,115,BSDF Heavy,0,Low,0,Low,0,Medium,1,High,2,3.23312,716.85,6.57626,0.0652555,0.163027
4089,RL,131,BSDF Heavy,0,Low,0,Low-Medium,1,Medium,1,High,2,3.24634,719.306,6.57968,0.0657788,0.163027
4090,RL,131,BSDF Heavy,0,Low,0,Low-Medium,1,Medium,1,High,2,3.24384,719.016,6.57927,0.0662622,0.163027
4091,RL,133,BSDF Heavy,0,Low,0,Medium-High,3,Medium,1,High,2,3.25633,720.219,6.58094,0.0659218,0.163027
4092,RL,134,BSDF Heavy,0,Low,0,High,4,Medium,1,High,2,3.27879,725.493,6.58823,0.0662353,0.163027
4093,RL,134,BSDF Heavy,0,Low,0,High,4,Medium,1,High,2,3.27607,726.802,6.59003,0.0658926,0.163027
4094,RL,134,BSDF Heavy,0,Low,0,High,4,Medium,1,High,2,3.28473,727.393,6.59084,0.0660063,0.163027
4095,RL,131,BSDF Heavy,0,Low,0,Low-Medium,1,Medium,1,High,2,3.25172,719.171,6.57949,0.0659725,0.163027
4096,RL,115,BSDF Heavy,0,Low,0,Low,0,Medium,1,High,2,3.23774,716.784,6.57617,0.0655744,0.162962
