Iteration,Using RL?,State,Action,Reward,Variance Bucket,Variance Bucket Index,Next Variance Bucket Index,Next Variance Bucket Index,Mean Luminance,Luminance Variance,Log Luminance Variance,Bright Pixel Ratio,Epsilon
1,RL,0,Balanced,0,Low,0,Low,0,3.25957,721.745,6.58306,0.0627142,0.049995
2,RL,0,Balanced,0.00492191,Low,0,Low,0,3.24261,718.196,6.57813,0.0627718,0.04999
3,RL,0,Balanced,-0.00200891,Low,0,Low,0,3.24153,719.642,6.58014,0.0628003,0.049985
4,RL,0,Balanced,-0.00542498,Low,0,Low,0,3.26149,723.562,6.58557,0.0625328,0.04998
5,RL,0,Balanced,-0.00087738,Low,0,Low,0,3.26993,724.198,6.58645,0.0628664,0.049975
6,RL,0,Balanced,0.00380516,Low,0,Low,0,3.25685,721.444,6.58264,0.0624207,0.04997
7,RL,0,Balanced,0.0079031,Low,0,Low,0,3.22907,715.757,6.57474,0.0627665,0.049965
8,RL,0,Balanced,-0.0168533,Low,0,Low,0,3.27831,727.939,6.59159,0.0626573,0.04996
9,RL,0,Balanced,0.0134706,Low,0,Low,0,3.24031,718.186,6.57812,0.0628018,0.049955
10,RL,0,Balanced,-0.00796127,Low,0,Low,0,3.26458,723.934,6.58608,0.0627749,0.04995
11,RL,0,Balanced,-0.00304222,Low,0,Low,0,3.27776,726.143,6.58912,0.0630623,0.049945
12,RL,0,Balanced,0.00947475,Low,0,Low,0,3.24706,719.286,6.57965,0.0631761,0.04994
13,RL,0,Balanced,-0.00569773,Low,0,Low,0,3.2636,723.402,6.58535,0.0626089,0.049935
14,RL,0,Balanced,0.00224018,Low,0,Low,0,3.25384,721.781,6.58311,0.0627165,0.04993
15,RL,0,Balanced,-0.00222731,Low,0,Low,0,3.25799,723.392,6.58533,0.0624721,0.0499251
16,RL,0,Balanced,0.00205135,Low,0,Low,0,3.24972,721.908,6.58328,0.0622908,0.0499201
17,RL,0,Balanced,0.00698566,Low,0,Low,0,3.23311,716.876,6.5763,0.0626804,0.0499151
18,RL,0,Balanced,-0.00484037,Low,0,Low,0,3.24539,720.359,6.58114,0.0626397,0.0499101
19,RL,0,Balanced,0.00367212,Low,0,Low,0,3.23611,717.715,6.57746,0.0627296,0.0499051
20,RL,0,Balanced,-0.00938797,Low,0,Low,0,3.26523,724.494,6.58685,0.0625559,0.0499001
21,RL,0,Balanced,0.00665808,Low,0,Low,0,3.246,719.679,6.58019,0.0628817,0.0498951
22,RL,0,Balanced,-3.29E-05,Low,0,Low,0,3.24645,719.703,6.58023,0.0626012,0.0498901
23,RL,0,Balanced,0.00225401,Low,0,Low,0,3.23781,718.081,6.57797,0.0624353,0.0498851
24,RL,0,Balanced,-0.00185633,Low,0,Low,0,3.24387,719.417,6.57983,0.0626474,0.0498801
25,RL,0,Balanced,-0.000723839,Low,0,Low,0,3.24665,719.938,6.58055,0.0627088,0.0498752
26,RL,0,Balanced,0.00903654,Low,0,Low,0,3.21687,713.453,6.57152,0.0623315,0.0498702
27,RL,0,Balanced,-0.00613403,Low,0,Low,0,3.23979,717.849,6.57765,0.0627257,0.0498652
28,RL,0,Balanced,-0.0097537,Low,0,Low,0,3.26986,724.895,6.5874,0.0630984,0.0498602
29,RL,0,Balanced,0.00850534,Low,0,Low,0,3.24793,718.747,6.5789,0.0629255,0.0498552
30,RL,0,Balanced,-0.000506878,Low,0,Low,0,3.24487,719.112,6.57941,0.0625098,0.0498502
31,RL,0,Balanced,-0.000773907,Low,0,Low,0,3.24942,719.669,6.58018,0.0626812,0.0498452
32,RL,0,Balanced,0.00556755,Low,0,Low,0,3.23387,715.668,6.57461,0.0627611,0.0498403
33,RL,0,Balanced,-0.00445223,Low,0,Low,0,3.24034,718.866,6.57906,0.0627841,0.0498353
34,RL,0,Balanced,-0.000605106,Low,0,Low,0,3.24774,719.301,6.57967,0.0626858,0.0498303
35,RL,0,Balanced,0.0118194,Low,0,Low,0,3.20669,710.838,6.56785,0.0626681,0.0498253
36,RL,0,Balanced,-0.00922441,Low,0,Low,0,3.23717,717.435,6.57708,0.0622762,0.0498203
37,RL,0,Balanced,-0.0168586,Low,0,Low,0,3.29347,729.649,6.59393,0.0630162,0.0498153
38,RL,0,Balanced,0.0141425,Low,0,Low,0,3.24718,719.389,6.57979,0.0626965,0.0498104
39,RL,0,Balanced,-0.0108323,Low,0,Low,0,3.27779,727.235,6.59062,0.0630977,0.0498054
40,RL,0,Balanced,0.00909042,Low,0,Low,0,3.25446,720.645,6.58153,0.0623561,0.0498004
41,RL,0,Balanced,-0.00593328,Low,0,Low,0,3.26883,724.939,6.58747,0.0628356,0.0497954
42,RL,0,Balanced,0.00941467,Low,0,Low,0,3.23748,718.137,6.57805,0.0623915,0.0497904
43,RL,0,Balanced,-0.0074873,Low,0,Low,0,3.26017,723.541,6.58554,0.0629071,0.0497855
44,RL,0,Balanced,0.0108094,Low,0,Low,0,3.22988,715.752,6.57473,0.0627434,0.0497805
45,RL,0,Balanced,-0.0198274,Low,0,Low,0,3.29343,730.105,6.59456,0.0628302,0.0497755
46,RL,0,Balanced,0.0204077,Low,0,Low,0,3.22984,715.336,6.57415,0.063017,0.0497705
47,RL,0,Balanced,-0.0129595,Low,0,Low,0,3.26962,724.68,6.58711,0.0629832,0.0497656
48,RL,0,Balanced,-0.00137138,Low,0,Low,0,3.26857,725.675,6.58848,0.062778,0.0497606
49,RL,0,Balanced,0.0109892,Low,0,Low,0,3.2387,717.734,6.57749,0.0625936,0.0497556
50,RL,0,Balanced,0.000830173,Low,0,Low,0,3.23359,717.137,6.57666,0.0625936,0.0497506
51,RL,0,Balanced,-0.00183725,Low,0,Low,0,3.2433,718.458,6.5785,0.0627196,0.0497456
52,RL,0,Balanced,0.00593567,Low,0,Low,0,3.22486,714.2,6.57256,0.0627058,0.0497407
53,RL,0,Balanced,-0.0157309,Low,0,Low,0,3.27136,725.54,6.58829,0.0630869,0.0497357
54,RL,0,Balanced,0.00516605,Low,0,Low,0,3.25418,721.796,6.58313,0.0628133,0.0497307
55,RL,0,Balanced,-0.00692606,Low,0,Low,0,3.27389,726.819,6.59005,0.0630277,0.0497258
56,RL,0,Balanced,0.0104322,Low,0,Low,0,3.24367,719.266,6.57962,0.0625275,0.0497208
57,RL,0,Balanced,0.00940704,Low,0,Low,0,3.21587,712.522,6.57021,0.0626504,0.0497158
58,RL,0,Balanced,-0.0044589,Low,0,Low,0,3.23027,715.711,6.57467,0.0627265,0.0497108
59,RL,0,Balanced,-0.0043211,Low,0,Low,0,3.24512,718.815,6.57899,0.0627757,0.0497059
60,RL,0,Balanced,0.00211382,Low,0,Low,0,3.23404,717.295,6.57688,0.0625459,0.0497009
61,RL,0,Balanced,-0.00470638,Low,0,Low,0,3.24795,720.683,6.58159,0.0627611,0.0496959
62,RL,0,Balanced,-0.00449419,Low,0,Low,0,3.26955,723.934,6.58608,0.062904,0.049691
63,RL,0,Balanced,0.012166,Low,0,Low,0,3.22791,715.168,6.57391,0.0627449,0.049686
64,RL,0,Balanced,-0.00356293,Low,0,Low,0,3.23908,717.724,6.57748,0.0625521,0.049681
65,RL,0,Balanced,-0.00465536,Low,0,Low,0,3.25313,721.078,6.58213,0.0626896,0.0496761
66,RL,0,Balanced,0.00470591,Low,0,Low,0,3.23956,717.688,6.57743,0.0627011,0.0496711
67,RL,0,Balanced,-0.0105896,Low,0,Low,0,3.27434,725.339,6.58802,0.0625528,0.0496661
68,RL,0,Balanced,0.0136104,Low,0,Low,0,3.22547,715.52,6.57441,0.0624137,0.0496612
69,RL,0,Balanced,-0.00837517,Low,0,Low,0,3.25302,721.546,6.58278,0.0629993,0.0496562
70,RL,0,Balanced,0.00760889,Low,0,Low,0,3.23203,716.069,6.57517,0.0628095,0.0496512
71,RL,0,Balanced,-0.00197792,Low,0,Low,0,3.23649,717.489,6.57715,0.0626696,0.0496463
72,RL,0,Balanced,0.00292063,Low,0,Low,0,3.22909,715.393,6.57423,0.0625459,0.0496413
73,RL,0,Balanced,-0.0111203,Low,0,Low,0,3.26283,723.405,6.58535,0.0630308,0.0496363
74,RL,0,Balanced,0.00541639,Low,0,Low,0,3.24515,719.491,6.57993,0.0626727,0.0496314
75,RL,0,Balanced,-0.00563383,Low,0,Low,0,3.25803,723.562,6.58557,0.0624061,0.0496264
76,RL,0,Balanced,-0.00029707,Low,0,Low,0,3.26105,723.777,6.58586,0.0625997,0.0496214
77,RL,0,Balanced,0.00113535,Low,0,Low,0,3.26021,722.955,6.58473,0.0625375,0.0496165
78,RL,0,Balanced,0.00748301,Low,0,Low,0,3.23826,717.558,6.57725,0.0626274,0.0496115
79,RL,0,Balanced,-0.000784874,Low,0,Low,0,3.23605,718.122,6.57803,0.0620764,0.0496066
80,RL,0,Balanced,0.00196838,Low,0,Low,0,3.23629,716.708,6.57606,0.0628133,0.0496016
81,RL,0,Balanced,0.000887394,Low,0,Low,0,3.22991,716.071,6.57518,0.0627595,0.0495966
82,RL,0,Balanced,-0.00806665,Low,0,Low,0,3.25616,721.879,6.58324,0.0627811,0.0495917
83,RL,0,Balanced,-0.00437307,Low,0,Low,0,3.27143,725.047,6.58762,0.0630154,0.0495867
84,RL,0,Balanced,0.0102487,Low,0,Low,0,3.24053,717.644,6.57737,0.0625167,0.0495818
85,RL,0,Balanced,-0.00171518,Low,0,Low,0,3.2429,718.878,6.57908,0.0626573,0.0495768
86,RL,0,Balanced,-0.00192785,Low,0,Low,0,3.24692,720.267,6.58101,0.062662,0.0495718
87,RL,0,Balanced,0.0120916,Low,0,Low,0,3.21325,711.598,6.56892,0.0623315,0.0495669
88,RL,0,Balanced,-0.00678587,Low,0,Low,0,3.22949,716.45,6.5757,0.0625244,0.0495619
89,RL,0,Balanced,-0.00652361,Low,0,Low,0,3.25472,721.146,6.58223,0.0629209,0.049557
90,RL,0,Balanced,-0.00710487,Low,0,Low,0,3.27615,726.295,6.58933,0.0628817,0.049552
91,RL,0,Balanced,0.0107584,Low,0,Low,0,3.24132,718.512,6.57857,0.0625344,0.0495471
92,RL,0,Balanced,0.00891018,Low,0,Low,0,3.21203,712.13,6.56966,0.0626343,0.0495421
93,RL,0,Balanced,-0.00963497,Low,0,Low,0,3.2449,719.034,6.5793,0.0629386,0.0495372
94,RL,0,Balanced,0.00437784,Low,0,Low,0,3.22874,715.889,6.57492,0.0623861,0.0495322
95,RL,0,Balanced,-0.0125651,Low,0,Low,0,3.27085,724.953,6.58749,0.0626689,0.0495273
96,RL,0,Balanced,0.0118008,Low,0,Low,0,3.23123,716.437,6.57569,0.0623984,0.0495223
97,RL,0,Balanced,-0.00104237,Low,0,Low,0,3.23933,717.185,6.57673,0.062768,0.0495173
98,RL,0,Balanced,-0.00477886,Low,0,Low,0,3.25526,720.625,6.58151,0.0626335,0.0495124
99,RL,0,Balanced,0.00601482,Low,0,Low,0,3.23282,716.298,6.57549,0.0623338,0.0495074
100,RL,0,Balanced,0.00165892,Low,0,Low,0,3.22883,715.109,6.57383,0.0623945,0.0495025
101,RL,0,Balanced,-0.00786066,Low,0,Low,0,3.25234,720.76,6.58169,0.0627157,0.0494975
102,RL,0,Balanced,0.00410032,Low,0,Low,0,3.2336,717.807,6.57759,0.0628141,0.0494926
103,RL,0,Balanced,0.00199223,Low,0,Low,0,3.23149,716.376,6.5756,0.0622531,0.0494876
104,RL,0,Balanced,-0.00440073,Low,0,Low,0,3.24562,719.54,6.58,0.0625498,0.0494827
105,RL,0,Balanced,0.00123358,Low,0,Low,0,3.24234,718.652,6.57877,0.0624921,0.0494777
106,RL,0,Balanced,0.00290394,Low,0,Low,0,3.23441,716.565,6.57586,0.0628618,0.0494728
107,RL,0,Balanced,-0.0085454,Low,0,Low,0,3.25829,722.723,6.58441,0.0626112,0.0494679
108,RL,0,Balanced,-0.00508213,Low,0,Low,0,3.27861,726.411,6.58949,0.0628318,0.0494629
109,RL,0,Balanced,0.00809479,Low,0,Low,0,3.25051,720.546,6.5814,0.062602,0.049458
110,RL,0,Balanced,0.00374794,Low,0,Low,0,3.24431,717.847,6.57765,0.06303,0.049453
111,RL,0,Balanced,0.00575924,Low,0,Low,0,3.22141,713.719,6.57189,0.0627857,0.0494481
112,RL,0,Balanced,-0.00926208,Low,0,Low,0,3.25036,720.37,6.58115,0.0625221,0.0494431
113,RL,0,Balanced,-0.00502968,Low,0,Low,0,3.2633,724.007,6.58618,0.0627234,0.0494382
114,RL,0,Balanced,0.0039258,Low,0,Low,0,3.24874,721.166,6.58226,0.0626612,0.0494332
115,RL,0,Balanced,0.00510311,Low,0,Low,0,3.23868,717.49,6.57715,0.0628057,0.0494283
116,RL,0,Balanced,-0.00883675,Low,0,Low,0,3.26227,723.868,6.58599,0.062645,0.0494234
117,RL,0,Balanced,0.0094142,Low,0,Low,0,3.2368,717.075,6.57657,0.0627872,0.0494184
118,RL,0,Balanced,-0.00683594,Low,0,Low,0,3.25786,722.001,6.58341,0.0626089,0.0494135
119,RL,0,Balanced,0.0126791,Low,0,Low,0,3.21671,712.892,6.57073,0.0625536,0.0494085
120,RL,0,Balanced,-0.0135894,Low,0,Low,0,3.25558,722.659,6.58432,0.0627227,0.0494036
121,RL,0,Balanced,-0.00401592,Low,0,Low,0,3.27563,725.571,6.58834,0.0631161,0.0493986
122,RL,0,Balanced,0.00971937,Low,0,Low,0,3.23742,718.544,6.57862,0.062267,0.0493937
123,RL,0,Balanced,-0.00832653,Low,0,Low,0,3.26661,724.56,6.58694,0.062967,0.0493888
124,RL,0,Balanced,0.0084939,Low,0,Low,0,3.23883,718.424,6.57845,0.0628118,0.0493838
125,RL,0,Balanced,0.0027771,Low,0,Low,0,3.23367,716.428,6.57567,0.0628226,0.0493789
126,RL,0,Balanced,-0.00265169,Low,0,Low,0,3.24111,718.333,6.57832,0.0625413,0.049374
127,RL,0,Balanced,-0.00276041,Low,0,Low,0,3.24939,720.322,6.58109,0.0627434,0.049369
128,RL,0,Balanced,0.00180674,Low,0,Low,0,3.23944,719.02,6.57928,0.0626158,0.0493641
129,RL,0,Balanced,0.000579834,Low,0,Low,0,3.24094,718.602,6.5787,0.0624207,0.0493591
130,RL,0,Balanced,-0.00457191,Low,0,Low,0,3.24991,721.9,6.58327,0.0623131,0.0493542
131,RL,0,Balanced,-0.00323629,Low,0,Low,0,3.26292,724.243,6.58651,0.0627403,0.0493493
132,RL,0,Balanced,0.00132847,Low,0,Low,0,3.26142,723.28,6.58518,0.0629893,0.0493443
133,RL,0,Balanced,0.00162792,Low,0,Low,0,3.25602,722.102,6.58355,0.0627142,0.0493394
134,RL,0,Balanced,2.90871e-05,Low,0,Low,0,3.25765,722.081,6.58352,0.0628817,0.0493345
135,RL,0,Balanced,0.00307608,Low,0,Low,0,3.24544,719.86,6.58045,0.0626819,0.0493295
136,RL,0,Balanced,-0.000464439,Low,0,Low,0,3.24772,720.195,6.58091,0.0626858,0.0493246
137,RL,0,Balanced,0.00410128,Low,0,Low,0,3.23706,717.243,6.57681,0.0628226,0.0493197
138,RL,0,Balanced,-0.00323486,Low,0,Low,0,3.2477,719.57,6.58004,0.0630308,0.0493147
139,RL,0,Balanced,0.000118732,Low,0,Low,0,3.24378,719.485,6.57992,0.0624583,0.0493098
140,RL,0,Balanced,0.00442076,Low,0,Low,0,3.23369,716.307,6.5755,0.0626758,0.0493049
141,RL,0,Balanced,0.00137091,Low,0,Low,0,3.22488,715.324,6.57413,0.0626896,0.0492999
142,RL,0,Balanced,-0.00722456,Low,0,Low,0,3.25181,720.518,6.58136,0.0629209,0.049295
143,RL,0,Balanced,0.00562763,Low,0,Low,0,3.23613,716.469,6.57573,0.0625344,0.0492901
144,RL,0,Balanced,-0.00495911,Low,0,Low,0,3.24918,720.036,6.58069,0.0628425,0.0492852
145,RL,0,Balanced,-0.00321388,Low,0,Low,0,3.26185,722.357,6.5839,0.0630485,0.0492802
146,RL,0,Balanced,0.00286436,Low,0,Low,0,3.24764,720.288,6.58104,0.0626965,0.0492753
147,RL,0,Balanced,0.00416374,Low,0,Low,0,3.23472,717.291,6.57687,0.0625943,0.0492704
148,RL,0,Balanced,-0.00635672,Low,0,Low,0,3.25596,721.871,6.58323,0.0628725,0.0492655
149,RL,0,Balanced,0.00122833,Low,0,Low,0,3.25296,720.984,6.582,0.0626896,0.0492605
150,RL,0,Balanced,-0.00188828,Low,0,Low,0,3.25878,722.349,6.58389,0.0627065,0.0492556
151,RL,0,Balanced,-0.00199175,Low,0,Low,0,3.26918,723.791,6.58588,0.0631876,0.0492507
152,RL,0,Balanced,-0.00291681,Low,0,Low,0,3.27378,725.908,6.5888,0.0627403,0.0492457
153,RL,0,Balanced,0.0128288,Low,0,Low,0,3.2335,716.642,6.57597,0.0624837,0.0492408
154,RL,0,Balanced,-0.00782537,Low,0,Low,0,3.25666,722.28,6.5838,0.0624176,0.0492359
155,RL,0,Balanced,-0.00155401,Low,0,Low,0,3.26501,723.405,6.58535,0.0630454,0.049231
156,RL,0,Balanced,-0.00491953,Low,0,Low,0,3.27855,726.977,6.59027,0.0625482,0.0492261
157,RL,0,Balanced,0.0129447,Low,0,Low,0,3.23841,717.615,6.57733,0.0626965,0.0492211
158,RL,0,Balanced,-0.0118346,Low,0,Low,0,3.27379,726.17,6.58916,0.0627588,0.0492162
159,RL,0,Balanced,0.00456095,Low,0,Low,0,3.26046,722.861,6.5846,0.062602,0.0492113
160,RL,0,Balanced,0.00436831,Low,0,Low,0,3.24719,719.705,6.58023,0.0623361,0.0492064
161,RL,0,Balanced,0.00595999,Low,0,Low,0,3.22703,715.423,6.57427,0.0625882,0.0492014
162,RL,0,Balanced,-0.00287962,Low,0,Low,0,3.23208,717.489,6.57715,0.0622224,0.0491965
163,RL,0,Balanced,-0.002913,Low,0,Low,0,3.2474,719.585,6.58006,0.0627549,0.0491916
164,RL,0,Balanced,-0.00288391,Low,0,Low,0,3.25518,721.666,6.58295,0.0629862,0.0491867
165,RL,0,Balanced,0.00457954,Low,0,Low,0,3.23781,718.364,6.57837,0.062496,0.0491818
166,RL,0,Balanced,-0.0087738,Low,0,Low,0,3.2666,724.704,6.58714,0.0628449,0.0491769
167,RL,0,Balanced,0.0123458,Low,0,Low,0,3.22367,715.799,6.5748,0.0621932,0.0491719
168,RL,0,Balanced,-0.0156765,Low,0,Low,0,3.27843,727.125,6.59047,0.062818,0.049167
169,RL,0,Balanced,0.00718021,Low,0,Low,0,3.25644,721.915,6.58329,0.0626796,0.0491621
170,RL,0,Balanced,0.00338221,Low,0,Low,0,3.24472,719.474,6.57991,0.0625859,0.0491572
171,RL,0,Balanced,0.000479698,Low,0,Low,0,3.24119,719.129,6.57943,0.0626158,0.0491523
172,RL,0,Balanced,-0.00845337,Low,0,Low,0,3.27507,725.242,6.58788,0.0628295,0.0491474
173,RL,0,Balanced,0.00558615,Low,0,Low,0,3.25076,721.197,6.5823,0.0625751,0.0491424
174,RL,0,Balanced,-0.00417233,Low,0,Low,0,3.26481,724.216,6.58647,0.0625152,0.0491375
175,RL,0,Balanced,0.000672817,Low,0,Low,0,3.26313,723.728,6.5858,0.0626059,0.0491326
176,RL,0,Balanced,0.0106792,Low,0,Low,0,3.22774,716.03,6.57512,0.0625621,0.0491277
177,RL,0,Balanced,-0.00759649,Low,0,Low,0,3.25358,721.498,6.58271,0.0624168,0.0491228
178,RL,0,Balanced,0.00604486,Low,0,Low,0,3.23668,717.143,6.57667,0.0625874,0.0491179
179,RL,0,Balanced,0.00109148,Low,0,Low,0,3.23436,716.36,6.57558,0.0628802,0.049113
180,RL,0,Balanced,-0.00583363,Low,0,Low,0,3.24975,720.557,6.58141,0.062964,0.0491081
181,RL,0,Balanced,0.00134563,Low,0,Low,0,3.24631,719.587,6.58007,0.0627303,0.0491031
182,RL,0,Balanced,0.00130701,Low,0,Low,0,3.24264,718.646,6.57876,0.0628156,0.0490982
183,RL,0,Balanced,-0.00998068,Low,0,Low,0,3.27181,725.864,6.58874,0.062748,0.0490933
184,RL,0,Balanced,-0.000132561,Low,0,Low,0,3.27555,725.96,6.58887,0.0626066,0.0490884
185,RL,0,Balanced,0.00774527,Low,0,Low,0,3.24964,720.351,6.58113,0.0623269,0.0490835
186,RL,0,Balanced,-0.00275278,Low,0,Low,0,3.2507,722.34,6.58388,0.0627319,0.0490786
187,RL,0,Balanced,0.011106,Low,0,Low,0,3.21991,714.351,6.57277,0.0627442,0.0490737
188,RL,0,Balanced,-0.00460434,Low,0,Low,0,3.23462,717.653,6.57738,0.0623507,0.0490688
189,RL,0,Balanced,-0.00170612,Low,0,Low,0,3.24496,718.879,6.57908,0.062466,0.0490639
190,RL,0,Balanced,-0.000709057,Low,0,Low,0,3.24663,719.39,6.57979,0.0629417,0.049059
191,RL,0,Balanced,0.00362158,Low,0,Low,0,3.23506,716.786,6.57617,0.0629601,0.0490541
192,RL,0,Balanced,-0.00286674,Low,0,Low,0,3.24729,718.847,6.57904,0.0627611,0.0490492
193,RL,0,Balanced,0.00133324,Low,0,Low,0,3.24052,717.888,6.5777,0.0628095,0.0490443
194,RL,0,Balanced,-0.00416136,Low,0,Low,0,3.25251,720.885,6.58187,0.0627296,0.0490393
195,RL,0,Balanced,-0.00673151,Low,0,Low,0,3.26653,725.761,6.5886,0.0626328,0.0490344
196,RL,0,Balanced,0.0033288,Low,0,Low,0,3.2659,723.346,6.58527,0.0628126,0.0490295
197,RL,0,Balanced,0.00768995,Low,0,Low,0,3.23424,717.797,6.57758,0.0623769,0.0490246
198,RL,0,Balanced,-0.00872421,Low,0,Low,0,3.26814,724.096,6.5863,0.0623423,0.0490197
199,RL,0,Balanced,-0.000714779,Low,0,Low,0,3.2701,724.614,6.58702,0.0628641,0.0490148
200,RL,0,Balanced,0.000695229,Low,0,Low,0,3.26305,724.11,6.58632,0.0623077,0.0490099
201,RL,0,Balanced,0.00373983,Low,0,Low,0,3.25511,721.403,6.58258,0.062914,0.049005
202,RL,0,Balanced,0.00238705,Low,0,Low,0,3.2458,719.681,6.5802,0.062645,0.0490001
203,RL,0,Balanced,0.00249004,Low,0,Low,0,3.24321,717.888,6.57771,0.0630462,0.0489952
204,RL,0,Balanced,-0.00367403,Low,0,Low,0,3.24945,720.534,6.58138,0.0629724,0.0489903
205,RL,0,Balanced,0.00558186,Low,0,Low,0,3.23304,716.518,6.5758,0.0623922,0.0489854
206,RL,0,Balanced,-0.0104232,Low,0,Low,0,3.26505,724.036,6.58622,0.0628641,0.0489805
207,RL,0,Balanced,0.00428486,Low,0,Low,0,3.25062,720.936,6.58194,0.0627035,0.0489756
208,RL,0,Balanced,0.00312281,Low,0,Low,0,3.24192,718.685,6.57881,0.062456,0.0489707
209,RL,0,Balanced,-0.00673151,Low,0,Low,0,3.26493,723.546,6.58555,0.0627257,0.0489658
210,RL,0,Balanced,0.0109806,Low,0,Low,0,3.23048,715.633,6.57456,0.0623584,0.048961
211,RL,0,Balanced,-0.0041523,Low,0,Low,0,3.24231,718.615,6.57872,0.0624099,0.0489561
212,RL,0,Balanced,-0.00340414,Low,0,Low,0,3.25624,721.069,6.58212,0.0625305,0.0489512
213,RL,0,Balanced,0.00431728,Low,0,Low,0,3.23409,717.958,6.5778,0.0622647,0.0489463
214,RL,0,Balanced,0.00792694,Low,0,Low,0,3.21265,712.282,6.56988,0.0623331,0.0489414
215,RL,0,Balanced,-0.0102363,Low,0,Low,0,3.24695,719.621,6.58011,0.0625682,0.0489365
216,RL,0,Balanced,0.0076561,Low,0,Low,0,3.21919,714.125,6.57246,0.0624383,0.0489316
217,RL,0,Balanced,-0.0212193,Low,0,Low,0,3.28799,729.461,6.59368,0.0626112,0.0489267
218,RL,0,Balanced,0.012589,Low,0,Low,0,3.24851,720.323,6.58109,0.0628195,0.0489218
219,RL,0,Balanced,0.00370073,Low,0,Low,0,3.23899,717.658,6.57739,0.0625405,0.0489169
220,RL,0,Balanced,-0.00592232,Low,0,Low,0,3.25349,721.927,6.58331,0.0628887,0.048912
221,RL,0,Balanced,0.000497818,Low,0,Low,0,3.25169,721.568,6.58281,0.062456,0.0489071
222,RL,0,Balanced,0.00032711,Low,0,Low,0,3.25771,721.331,6.58248,0.0628218,0.0489022
223,RL,0,Balanced,0.00782013,Low,0,Low,0,3.23189,715.705,6.57466,0.0630008,0.0488973
224,RL,0,Light Heavy,-0.00902748,Low,0,Low,0,3.25735,722.204,6.58369,0.0624821,0.0488924
225,RL,0,Light Heavy,-0.000745773,Low,0,Low,0,3.25622,722.743,6.58444,0.0578176,0.0488876
226,RL,0,Light Heavy,0.0107245,Low,0,Low,0,3.21894,715.023,6.57371,0.0574925,0.0488827
227,RL,0,Light Heavy,-0.00344944,Low,0,Low,0,3.23223,717.497,6.57716,0.0575786,0.0488778
228,RL,0,Light Heavy,0.00275707,Low,0,Low,0,3.22615,715.519,6.5744,0.0577715,0.0488729
229,RL,0,Light Heavy,-0.000175953,Low,0,Low,0,3.222,715.645,6.57458,0.057969,0.048868
230,RL,0,Light Heavy,-0.00799274,Low,0,Low,0,3.24459,721.396,6.58257,0.0574003,0.0488631
231,RL,0,Light Heavy,0.00497818,Low,0,Low,0,3.23522,717.809,6.5776,0.0580135,0.0488582
232,RL,0,Light Heavy,-0.00034523,Low,0,Low,0,3.23257,718.057,6.57794,0.0576777,0.0488534
233,RL,0,Light Heavy,-0.00903893,Low,0,Low,0,3.26203,724.586,6.58698,0.0578568,0.0488485
234,RL,0,Light Heavy,-0.00455046,Low,0,Low,0,3.27575,727.895,6.59153,0.0578345,0.0488436
235,RL,0,Light Heavy,0.00892973,Low,0,Low,0,3.2485,721.415,6.5826,0.0579221,0.0488387
236,RL,0,Light Heavy,-0.00224304,Low,0,Low,0,3.25628,723.037,6.58484,0.0576908,0.0488338
237,RL,0,Light Heavy,0.0106754,Low,0,Low,0,3.2223,715.349,6.57417,0.0575033,0.0488289
238,RL,0,Light Heavy,0.00316,Low,0,Low,0,3.2073,713.089,6.57101,0.0575947,0.048824
239,RL,0,Light Heavy,-0.00701475,Low,0,Low,0,3.23562,718.116,6.57802,0.0575901,0.0488192
240,RL,0,Light Heavy,-0.00712919,Low,0,Low,0,3.25904,723.261,6.58515,0.057743,0.0488143
241,RL,0,Light Heavy,0.0017519,Low,0,Low,0,3.25099,721.993,6.5834,0.0577807,0.0488094
242,RL,0,Light Heavy,-0.0046134,Low,0,Low,0,3.27215,725.336,6.58801,0.0578014,0.0488045
243,RL,0,Light Heavy,0.0127406,Low,0,Low,0,3.22762,716.141,6.57527,0.0578045,0.0487996
244,RL,0,Light Heavy,0.00331831,Low,0,Low,0,3.21492,713.765,6.57195,0.0578683,0.0487948
245,RL,0,Light Heavy,-0.0155277,Low,0,Low,0,3.26223,724.951,6.58748,0.05765,0.0487899
246,RL,0,Light Heavy,0.00993061,Low,0,Low,0,3.23761,717.777,6.57755,0.0577492,0.048785
247,RL,0,Light Heavy,-0.00416613,Low,0,Low,0,3.24294,720.778,6.58172,0.0577338,0.0487801
248,RL,0,Light Heavy,-0.00693941,Low,0,Low,0,3.26856,725.804,6.58866,0.0578491,0.0487753
249,RL,0,Light Heavy,0.0143733,Low,0,Low,0,3.22168,715.432,6.57428,0.0574449,0.0487704
250,RL,0,Light Heavy,0.00383186,Low,0,Low,0,3.21077,712.692,6.57045,0.0578445,0.0487655
251,RL,0,Light Heavy,-0.00960064,Low,0,Low,0,3.24442,719.577,6.58005,0.0579328,0.0487606
252,RL,0,Light Heavy,-0.00329447,Low,0,Low,0,3.25161,721.955,6.58335,0.0578137,0.0487557
253,RL,0,Light Heavy,0.013443,Low,0,Low,0,3.21643,712.301,6.5699,0.0577945,0.0487509
254,RL,0,Light Heavy,0.00159597,Low,0,Low,0,3.20591,711.164,6.56831,0.0575624,0.048746
255,RL,0,Light Heavy,-0.0148177,Low,0,Low,0,3.25441,721.795,6.58313,0.0580404,0.0487411
256,RL,0,Light Heavy,0.00065136,Low,0,Low,0,3.24478,721.324,6.58247,0.0577123,0.0487362
257,RL,0,Light Heavy,-0.00174284,Low,0,Low,0,3.25951,722.584,6.58422,0.0578329,0.0487314
258,RL,0,Light Heavy,-0.00435114,Low,0,Low,0,3.26749,725.74,6.58857,0.0579451,0.0487265
259,RL,0,Light Heavy,0.00970888,Low,0,Low,0,3.23726,718.718,6.57886,0.0579021,0.0487216
260,RL,0,Light Heavy,-0.000824928,Low,0,Low,0,3.24446,719.312,6.57968,0.0579974,0.0487168
261,RL,0,Light Heavy,0.00614691,Low,0,Low,0,3.21644,714.898,6.57354,0.0577845,0.0487119
262,RL,0,Light Heavy,-0.00898647,Low,0,Low,0,3.24717,721.36,6.58252,0.057826,0.048707
263,RL,0,Light Heavy,0.000755787,Low,0,Low,0,3.24637,720.814,6.58177,0.0575555,0.0487021
264,RL,0,Light Heavy,0.00381613,Low,0,Low,0,3.23319,718.065,6.57795,0.057657,0.0486973
265,RL,0,Light Heavy,-0.00413704,Low,0,Low,0,3.24449,721.046,6.58209,0.0575863,0.0486924
266,RL,0,Light Heavy,0.00639296,Low,0,Low,0,3.22483,716.445,6.5757,0.0573542,0.0486875
267,RL,0,Light Heavy,-0.0113349,Low,0,Low,0,3.26497,724.623,6.58703,0.0579129,0.0486827
268,RL,0,Light Heavy,0.00769186,Low,0,Low,0,3.23563,719.063,6.57934,0.0577492,0.0486778
269,RL,0,Light Heavy,0.00517988,Low,0,Low,0,3.22444,715.343,6.57416,0.05768,0.0486729
270,RL,0,Light Heavy,-0.00327158,Low,0,Low,0,3.23216,717.69,6.57743,0.0576977,0.0486681
271,RL,0,Light Heavy,-0.00587893,Low,0,Low,0,3.25033,721.928,6.58331,0.0577008,0.0486632
272,RL,0,Light Heavy,0.00171041,Low,0,Low,0,3.24938,720.693,6.5816,0.0579528,0.0486583
273,RL,0,Light Heavy,-0.00311327,Low,0,Low,0,3.25896,722.943,6.58471,0.0579382,0.0486535
274,RL,0,Light Heavy,0.00540733,Low,0,Low,0,3.23985,719.039,6.57931,0.0576923,0.0486486
275,RL,0,Light Heavy,-0.00138664,Low,0,Low,0,3.24555,720.038,6.58069,0.0573726,0.0486437
276,RL,0,Light Heavy,0.0103235,Low,0,Low,0,3.20609,712.633,6.57037,0.0573288,0.0486389
277,RL,0,Light Heavy,-0.0162668,Low,0,Low,0,3.26501,724.336,6.58664,0.0577638,0.048634
278,RL,0,Light Heavy,0.00776243,Low,0,Low,0,3.24282,718.727,6.57887,0.0578883,0.0486291
279,RL,0,Light Heavy,0.00158548,Low,0,Low,0,3.2311,717.587,6.57729,0.0575963,0.0486243
280,RL,0,Light Heavy,0.00363016,Low,0,Low,0,3.21908,714.983,6.57366,0.0574779,0.0486194
281,RL,0,Light Heavy,-0.0133848,Low,0,Low,0,3.25969,724.631,6.58704,0.0576762,0.0486146
282,RL,0,Light Heavy,0.00655031,Low,0,Low,0,3.23981,719.893,6.58049,0.0573119,0.0486097
283,RL,0,Light Heavy,0.00338125,Low,0,Low,0,3.22944,717.46,6.57711,0.0578399,0.0486048
284,RL,0,Light Heavy,-0.00743055,Low,0,Low,0,3.25331,722.819,6.58454,0.0577699,0.0486
285,RL,0,Light Heavy,0.00906277,Low,0,Low,0,3.22688,716.288,6.57548,0.0577937,0.0485951
286,RL,0,Light Heavy,-0.00253153,Low,0,Low,0,3.23077,718.107,6.57801,0.0577715,0.0485903
287,RL,0,Light Heavy,0.00164461,Low,0,Low,0,3.23068,716.925,6.57636,0.057597,0.0485854
288,RL,0,Light Heavy,-0.0054493,Low,0,Low,0,3.24627,720.848,6.58181,0.0575732,0.0485805
289,RL,0,Light Heavy,-0.00584269,Low,0,Low,0,3.26492,725.078,6.58766,0.0576862,0.0485757
290,RL,0,Light Heavy,0.0112982,Low,0,Low,0,3.22932,716.92,6.57636,0.0578606,0.0485708
291,RL,0,Light Heavy,0.0018425,Low,0,Low,0,3.22272,715.599,6.57452,0.057617,0.048566
292,RL,0,Light Heavy,0.0044179,Low,0,Low,0,3.20888,712.44,6.5701,0.0577607,0.0485611
293,RL,0,Light Heavy,-0.0225906,Low,0,Low,0,3.28097,728.741,6.59269,0.057816,0.0485563
294,RL,0,Light Heavy,0.0244861,Low,0,Low,0,3.20155,711.089,6.5682,0.0575402,0.0485514
295,RL,0,Light Heavy,-0.0116487,Low,0,Low,0,3.24098,719.432,6.57985,0.0580589,0.0485465
296,RL,0,Light Heavy,-0.00383043,Low,0,Low,0,3.25056,722.197,6.58368,0.057534,0.0485417
297,RL,0,Light Heavy,0.00241804,Low,0,Low,0,3.24042,720.451,6.58126,0.0574664,0.0485368
298,RL,0,Light Heavy,0.00611734,Low,0,Low,0,3.22502,716.051,6.57515,0.0574841,0.048532
299,RL,0,Light Heavy,-0.00458097,Low,0,Low,0,3.24399,719.343,6.57973,0.0578276,0.0485271
300,RL,0,Light Heavy,-0.0064249,Low,0,Low,0,3.26134,723.986,6.58615,0.0579743,0.0485223
301,RL,0,Light Heavy,0.0103822,Low,0,Low,0,3.22525,716.498,6.57577,0.0576685,0.0485174
302,RL,0,Light Heavy,0.00207901,Low,0,Low,0,3.22465,715.008,6.57369,0.0577092,0.0485126
303,RL,0,Light Heavy,-0.00605965,Low,0,Low,0,3.24004,719.36,6.57975,0.0579505,0.0485077
304,RL,0,Light Heavy,-0.00453377,Low,0,Low,0,3.25798,722.633,6.58428,0.0577692,0.0485029
305,RL,0,Light Heavy,-0.000822067,Low,0,Low,0,3.25509,723.228,6.58511,0.0577277,0.048498
306,RL,0,Light Heavy,-0.00194502,Low,0,Low,0,3.26353,724.639,6.58705,0.0578375,0.0484932
307,RL,0,Light Heavy,0.00403452,Low,0,Low,0,3.2545,721.717,6.58302,0.0577269,0.0484883
308,RL,0,Light Heavy,-0.000547409,Low,0,Low,0,3.2547,722.112,6.58356,0.0577361,0.0484835
309,RL,0,Light Heavy,0.00256252,Low,0,Low,0,3.24114,720.262,6.581,0.0577584,0.0484786
310,RL,0,Light Heavy,-0.0146904,Low,0,Low,0,3.28692,730.936,6.59569,0.0576178,0.0484738
311,RL,0,Light Heavy,0.0210629,Low,0,Low,0,3.22375,715.68,6.57463,0.0579705,0.0484689
312,RL,0,Light Heavy,-0.00553036,Low,0,Low,0,3.24044,719.655,6.58016,0.0576516,0.0484641
313,RL,0,Light Heavy,-0.00289392,Low,0,Low,0,3.25086,721.743,6.58305,0.0578153,0.0484592
314,RL,0,Light Heavy,0.00111437,Low,0,Low,0,3.2512,720.938,6.58194,0.0577038,0.0484544
315,RL,0,Light Heavy,0.000920773,Low,0,Low,0,3.24217,720.274,6.58102,0.057929,0.0484495
316,RL,0,Light Heavy,0.000990391,Low,0,Low,0,3.24388,719.56,6.58003,0.057567,0.0484447
317,RL,0,Light Heavy,-0.0030694,Low,0,Low,0,3.24598,721.775,6.5831,0.0579421,0.0484399
318,RL,0,Light Heavy,0.00253868,Low,0,Low,0,3.24415,719.942,6.58056,0.0579666,0.048435
319,RL,0,Light Heavy,0.00461483,Low,0,Low,0,3.2269,716.623,6.57594,0.0575916,0.0484302
320,RL,0,Light Heavy,-0.00679779,Low,0,Low,0,3.24605,721.518,6.58274,0.05769,0.0484253
321,RL,0,Light Heavy,-0.000326157,Low,0,Low,0,3.25446,721.754,6.58307,0.0579513,0.0484205
322,RL,0,Light Heavy,-3.05E-05,Low,0,Low,0,3.24775,721.776,6.5831,0.0577815,0.0484156
323,RL,0,Light Heavy,0.00620174,Low,0,Low,0,3.2303,717.307,6.5769,0.0574794,0.0484108
324,RL,0,Light Heavy,-0.000790119,Low,0,Low,0,3.23484,717.875,6.57769,0.057524,0.048406
325,RL,0,Light Heavy,-0.00900888,Low,0,Low,0,3.26178,724.38,6.5867,0.057554,0.0484011
326,RL,0,Light Heavy,0.00593948,Low,0,Low,0,3.23986,720.085,6.58076,0.0579129,0.0483963
327,RL,0,Light Heavy,0.00650692,Low,0,Low,0,3.22239,715.408,6.57425,0.0576416,0.0483914
328,RL,0,Light Heavy,-0.00854254,Low,0,Low,0,3.24995,721.554,6.58279,0.0577599,0.0483866
329,RL,0,Light Heavy,0.00737095,Low,0,Low,0,3.22714,716.248,6.57542,0.0577353,0.0483818
330,RL,0,Light Heavy,-0.0012641,Low,0,Low,0,3.23112,717.155,6.57669,0.0578583,0.0483769
331,RL,0,Light Heavy,-0.00357246,Low,0,Low,0,3.24206,719.725,6.58026,0.0574011,0.0483721
332,RL,0,Light Heavy,0.00509214,Low,0,Low,0,3.22586,716.065,6.57517,0.057637,0.0483673
333,RL,0,Light Heavy,-0.00138521,Low,0,Low,0,3.22642,717.058,6.57655,0.0577307,0.0483624
334,RL,0,Light Heavy,-0.0025506,Low,0,Low,0,3.23839,718.892,6.5791,0.0573911,0.0483576
335,RL,0,Light Heavy,-0.0014348,Low,0,Low,0,3.24532,719.926,6.58054,0.0576669,0.0483527
336,RL,0,Light Heavy,-0.00348377,Low,0,Low,0,3.25032,722.442,6.58402,0.0579082,0.0483479
337,RL,0,Light Heavy,-0.000384331,Low,0,Low,0,3.24752,722.72,6.5844,0.0577546,0.0483431
338,RL,0,Light Heavy,0.00688171,Low,0,Low,0,3.23308,717.756,6.57752,0.0578253,0.0483382
339,RL,0,Light Heavy,-0.00656223,Low,0,Low,0,3.25496,722.489,6.58408,0.0578237,0.0483334
340,RL,0,Light Heavy,0.0110679,Low,0,Low,0,3.22412,714.526,6.57302,0.0576055,0.0483286
341,RL,0,Light Heavy,-0.0035696,Low,0,Low,0,3.23191,717.084,6.57659,0.0578037,0.0483237
342,RL,0,Light Heavy,-0.00687742,Low,0,Low,0,3.25055,722.04,6.58346,0.0577115,0.0483189
343,RL,0,Light Heavy,0.000597,Low,0,Low,0,3.24786,721.608,6.58287,0.0578491,0.0483141
344,RL,0,Light Heavy,0.00464582,Low,0,Low,0,3.23176,718.259,6.57822,0.0575194,0.0483092
345,RL,0,Light Heavy,-0.00367212,Low,0,Low,0,3.24238,720.905,6.58189,0.0577507,0.0483044
346,RL,0,Light Heavy,0.00271654,Low,0,Low,0,3.24615,718.946,6.57918,0.0579321,0.0482996
347,RL,0,Light Heavy,-0.00553703,Low,0,Low,0,3.25207,722.944,6.58471,0.0577323,0.0482948
348,RL,0,Light Heavy,0.00441313,Low,0,Low,0,3.24075,719.756,6.5803,0.0577069,0.0482899
349,RL,0,Light Heavy,0.0047965,Low,0,Low,0,3.22513,716.307,6.5755,0.0574272,0.0482851
350,RL,0,Light Heavy,-0.0123491,Low,0,Low,0,3.26596,725.22,6.58785,0.0579728,0.0482803
351,RL,0,Light Heavy,0.0110235,Low,0,Low,0,3.23049,717.259,6.57683,0.0578168,0.0482754
352,RL,0,Light Heavy,-0.00562429,Low,0,Low,0,3.24484,721.31,6.58245,0.0577307,0.0482706
353,RL,0,Light Heavy,-0.0100379,Low,0,Low,0,3.27864,728.597,6.59249,0.057846,0.0482658
354,RL,0,Light Heavy,0.00684452,Low,0,Low,0,3.26273,723.62,6.58565,0.0579497,0.048261
355,RL,0,Light Heavy,0.00642061,Low,0,Low,0,3.24028,718.982,6.57923,0.0575632,0.0482561
356,RL,0,Light Heavy,-0.00677919,Low,0,Low,0,3.25553,723.88,6.58601,0.0577607,0.0482513
357,RL,0,Light Heavy,0.00939846,Low,0,Low,0,3.23472,717.099,6.57661,0.0577353,0.0482465
358,RL,0,Light Heavy,-0.0056777,Low,0,Low,0,3.24993,721.188,6.58229,0.0579467,0.0482417
359,RL,0,Light Heavy,-0.00300598,Low,0,Low,0,3.25719,723.362,6.58529,0.0578883,0.0482368
360,RL,0,Light Heavy,0.00580359,Low,0,Low,0,3.23834,719.17,6.57949,0.0575809,0.048232
361,RL,0,Light Heavy,0.00859547,Low,0,Low,0,3.21093,713.007,6.57089,0.0576354,0.0482272
362,RL,0,Light Heavy,-0.015614,Low,0,Low,0,3.26139,724.243,6.58651,0.0578053,0.0482224
363,RL,0,Light Heavy,0.00990057,Low,0,Low,0,3.22895,717.098,6.57661,0.0574564,0.0482175
364,RL,0,Light Heavy,0.00104809,Low,0,Low,0,3.23405,716.346,6.57556,0.0580373,0.0482127
365,RL,0,Light Heavy,-0.0102377,Low,0,Low,0,3.26199,723.727,6.5858,0.0577108,0.0482079
366,RL,0,Light Heavy,0.00260496,Low,0,Low,0,3.25085,721.842,6.58319,0.0580535,0.0482031
367,RL,0,Light Heavy,0.00158024,Low,0,Low,0,3.24653,720.701,6.58161,0.0576869,0.0481983
368,RL,0,Balanced,-0.00524378,Low,0,Low,0,3.26198,724.495,6.58685,0.0581964,0.0481934
369,RL,0,Balanced,0.00380993,Low,0,Low,0,3.25569,721.736,6.58304,0.0628356,0.0481886
370,RL,0,Balanced,0.00145054,Low,0,Low,0,3.24782,720.688,6.58159,0.0627818,0.0481838
371,RL,0,Balanced,-0.000839233,Low,0,Low,0,3.2501,721.294,6.58243,0.0626005,0.048179
372,RL,0,Balanced,-0.000424385,Low,0,Low,0,3.25222,721.601,6.58286,0.0626719,0.0481742
373,RL,0,Balanced,0.00744438,Low,0,Low,0,3.23061,716.242,6.57541,0.0627534,0.0481694
374,RL,0,Balanced,0.00442886,Low,0,Low,0,3.2181,713.072,6.57098,0.0623553,0.0481645
375,RL,0,Balanced,-0.00856113,Low,0,Low,0,3.24215,719.211,6.57955,0.062456,0.0481597
376,RL,0,Balanced,-0.00184536,Low,0,Low,0,3.24775,720.542,6.58139,0.0624283,0.0481549
377,RL,0,Balanced,0.0101805,Low,0,Low,0,3.22066,713.234,6.57121,0.0621532,0.0481501
378,RL,0,Balanced,-0.0109181,Low,0,Low,0,3.25171,721.074,6.58213,0.0626166,0.0481453
379,RL,0,Balanced,5.72205e-06,Low,0,Low,0,3.25205,721.07,6.58212,0.0624829,0.0481405
380,RL,0,Balanced,-0.00379181,Low,0,Low,0,3.26167,723.813,6.58591,0.0627811,0.0481356
381,RL,0,Balanced,0.000132084,Low,0,Low,0,3.26399,723.718,6.58578,0.0626704,0.0481308
382,RL,0,Balanced,0.00208092,Low,0,Low,0,3.25746,722.211,6.5837,0.0628725,0.048126
383,RL,0,Balanced,0.00669336,Low,0,Low,0,3.2374,717.386,6.57701,0.0625075,0.0481212
384,RL,0,Balanced,-0.00809097,Low,0,Low,0,3.25905,723.223,6.5851,0.0627572,0.0481164
385,RL,0,Balanced,0.00181484,Low,0,Low,0,3.25369,721.909,6.58328,0.0627588,0.0481116
386,RL,0,Balanced,0.000976562,Low,0,Low,0,3.25439,721.204,6.58231,0.062904,0.0481068
387,RL,0,Balanced,0.0079155,Low,0,Low,0,3.22687,715.51,6.57439,0.0624322,0.048102
388,RL,0,Balanced,-0.0123982,Low,0,Low,0,3.2679,724.448,6.58679,0.0626043,0.0480972
389,RL,0,Balanced,0.00797701,Low,0,Low,0,3.2474,718.685,6.57881,0.0627273,0.0480923
390,RL,0,Balanced,-0.00999403,Low,0,Low,0,3.27534,725.913,6.58881,0.0627442,0.0480875
391,RL,0,Balanced,0.00841331,Low,0,Low,0,3.24753,719.823,6.58039,0.0623277,0.0480827
392,RL,0,Balanced,-0.00256157,Low,0,Low,0,3.25259,721.672,6.58296,0.0622985,0.0480779
393,RL,0,Balanced,0.00366449,Low,0,Low,0,3.23846,719.029,6.57929,0.0625305,0.0480731
394,RL,0,Balanced,-0.00369644,Low,0,Low,0,3.258,721.695,6.58299,0.0630108,0.0480683
395,RL,0,Balanced,-0.00206184,Low,0,Low,0,3.25813,723.187,6.58505,0.0625421,0.0480635
396,RL,0,Balanced,0.0029335,Low,0,Low,0,3.24931,721.065,6.58212,0.0626443,0.0480587
397,RL,0,Balanced,0.00391769,Low,0,Low,0,3.24063,718.242,6.5782,0.062831,0.0480539
398,RL,0,Balanced,0.00710678,Low,0,Low,0,3.21416,713.149,6.57109,0.0625559,0.0480491
399,RL,0,Balanced,-0.00573254,Low,0,Low,0,3.2371,717.254,6.57682,0.0628418,0.0480443
400,RL,0,Balanced,-0.002244,Low,0,Low,0,3.24423,718.868,6.57907,0.0626965,0.0480395
401,RL,0,Balanced,0.00327969,Low,0,Low,0,3.23123,716.511,6.57579,0.0628856,0.0480347
402,RL,0,Balanced,-0.00758028,Low,0,Low,0,3.25829,721.97,6.58337,0.0627964,0.0480299
403,RL,0,Balanced,0.00128031,Low,0,Low,0,3.25151,721.045,6.58209,0.0626043,0.0480251
404,RL,0,Balanced,0.00614738,Low,0,Low,0,3.23224,716.62,6.57594,0.0620848,0.0480203
405,RL,0,Balanced,-0.00245905,Low,0,Low,0,3.2406,718.387,6.5784,0.0623761,0.0480155
406,RL,0,Balanced,-0.00474453,Low,0,Low,0,3.25447,721.808,6.58314,0.0623892,0.0480107
407,RL,0,Balanced,0.000667572,Low,0,Low,0,3.25458,721.326,6.58248,0.0627811,0.0480059
408,RL,0,Balanced,-0.00106525,Low,0,Low,0,3.2557,722.096,6.58354,0.0627019,0.0480011
409,RL,0,Balanced,0.00698614,Low,0,Low,0,3.23467,717.062,6.57656,0.0626412,0.0479963
410,RL,0,Balanced,-0.00326204,Low,0,Low,0,3.24129,719.408,6.57982,0.062383,0.0479915
411,RL,0,Balanced,-0.00227261,Low,0,Low,0,3.25045,721.047,6.58209,0.0625674,0.0479867
412,RL,0,Balanced,0.00635958,Low,0,Low,0,3.23103,716.47,6.57573,0.0624191,0.0479819
413,RL,0,Balanced,-0.00408888,Low,0,Low,0,3.24362,719.409,6.57982,0.06231,0.0479771
414,RL,0,Balanced,0.0052228,Low,0,Low,0,3.22809,715.657,6.5746,0.0626059,0.0479723
415,RL,0,Balanced,-0.00838804,Low,0,Low,0,3.2556,721.693,6.58298,0.0625029,0.0479675
416,RL,0,Balanced,0.000988007,Low,0,Low,0,3.25075,720.98,6.582,0.0627765,0.0479627
417,RL,0,Balanced,0.00406504,Low,0,Low,0,3.23787,718.051,6.57793,0.062499,0.0479579
418,RL,0,Balanced,-0.00246429,Low,0,Low,0,3.24592,719.825,6.5804,0.0626965,0.0479531
419,RL,0,Balanced,0.00512934,Low,0,Low,0,3.23332,716.137,6.57527,0.0628187,0.0479483
420,RL,0,Balanced,-0.015131,Low,0,Low,0,3.27357,727.07,6.5904,0.0626212,0.0479435
421,RL,0,Balanced,0.00854301,Low,0,Low,0,3.2526,720.877,6.58185,0.0628902,0.0479387
422,RL,0,Balanced,0.0124626,Low,0,Low,0,3.2095,711.936,6.56939,0.0623784,0.0479339
423,RL,0,Balanced,-0.0194788,Low,0,Low,0,3.27306,725.96,6.58887,0.0625521,0.0479291
424,RL,0,Balanced,0.0069313,Low,0,Low,0,3.25128,720.938,6.58194,0.0626988,0.0479243
425,RL,0,Balanced,-0.00208044,Low,0,Low,0,3.25561,722.442,6.58402,0.0630362,0.0479195
426,RL,0,Balanced,0.0036869,Low,0,Low,0,3.24891,719.78,6.58033,0.0628971,0.0479147
427,RL,0,Balanced,0.00116158,Low,0,Low,0,3.24063,718.943,6.57917,0.0624814,0.0479099
428,RL,0,Balanced,-0.00173855,Low,0,Low,0,3.24967,720.195,6.58091,0.0628095,0.0479052
429,RL,0,Balanced,-0.000414848,Low,0,Low,0,3.25015,720.495,6.58133,0.0626082,0.0479004
430,RL,0,Balanced,-0.00688314,Low,0,Low,0,3.27383,725.478,6.58821,0.0628441,0.0478956
431,RL,0,Balanced,-0.000663757,Low,0,Low,0,3.27316,725.96,6.58887,0.0629217,0.0478908
432,RL,0,Balanced,0.0104537,Low,0,Low,0,3.24188,718.401,6.57842,0.0626351,0.047886
433,RL,0,Balanced,-0.0135989,Low,0,Low,0,3.28544,728.25,6.59202,0.062446,0.0478812
434,RL,0,Balanced,0.0143142,Low,0,Low,0,3.24395,717.886,6.5777,0.0625083,0.0478764
435,RL,0,Balanced,-0.00217056,Low,0,Low,0,3.24697,719.448,6.57987,0.0625936,0.0478716
436,RL,0,Balanced,0.000879288,Low,0,Low,0,3.24121,718.815,6.57899,0.0627165,0.0478668
437,RL,0,Balanced,-0.00424671,Low,0,Low,0,3.25978,721.878,6.58324,0.0627403,0.0478621
438,RL,0,Balanced,0.00815105,Low,0,Low,0,3.22525,716.01,6.57509,0.0624107,0.0478573
439,RL,0,Balanced,-0.0048604,Low,0,Low,0,3.24687,719.503,6.57995,0.0628295,0.0478525
440,RL,0,Balanced,-0.00703144,Low,0,Low,0,3.26593,724.588,6.58698,0.0625021,0.0478477
441,RL,0,Balanced,0.00513029,Low,0,Low,0,3.25359,720.875,6.58185,0.0627342,0.0478429
442,RL,0,Balanced,-0.00342703,Low,0,Low,0,3.26504,723.353,6.58528,0.0626182,0.0478381
443,RL,0,Balanced,0.0110836,Low,0,Low,0,3.23319,715.369,6.57419,0.0625505,0.0478333
444,RL,0,Balanced,-0.00876856,Low,0,Low,0,3.25499,721.678,6.58296,0.0628502,0.0478286
445,RL,0,Balanced,0.00299597,Low,0,Low,0,3.24892,719.516,6.57997,0.0627626,0.0478238
446,RL,0,Balanced,-0.000552654,Low,0,Low,0,3.24684,719.914,6.58052,0.062572,0.047819
447,RL,0,Balanced,-0.0042963,Low,0,Low,0,3.257,723.018,6.58482,0.0627872,0.0478142
448,RL,0,Light Heavy,0.00852585,Low,0,Low,0,3.23204,716.871,6.57629,0.0628548,0.0478094
449,RL,0,Light Heavy,-0.0123053,Low,0,Low,0,3.26949,725.76,6.5886,0.0577361,0.0478047
450,RL,0,Light Heavy,0.00976133,Low,0,Low,0,3.23771,718.7,6.57883,0.0576885,0.0477999
451,RL,0,Light Heavy,0.0163856,Low,0,Low,0,3.18542,707.004,6.56245,0.0573411,0.0477951
452,RL,0,Light Heavy,-0.0158343,Low,0,Low,0,3.23395,718.304,6.57828,0.0575563,0.0477903
453,RL,0,Light Heavy,-0.000283718,Low,0,Low,0,3.2376,718.508,6.57857,0.0575586,0.0477855
454,RL,0,Light Heavy,0.00129032,Low,0,Low,0,3.2356,717.58,6.57728,0.0579152,0.0477808
455,RL,0,Light Heavy,0.000267506,Low,0,Low,0,3.22882,717.388,6.57701,0.057577,0.047776
456,RL,0,Light Heavy,-0.0141025,Low,0,Low,0,3.27733,727.59,6.59111,0.0576147,0.0477712
457,RL,0,Light Heavy,0.0177703,Low,0,Low,0,3.21846,714.758,6.57334,0.0573626,0.0477664
458,RL,0,Light Heavy,-0.0104485,Low,0,Low,0,3.25056,722.275,6.58379,0.057501,0.0477616
459,RL,0,Light Heavy,0.0111914,Low,0,Low,0,3.21691,714.226,6.5726,0.0576716,0.0477569
460,RL,0,Light Heavy,-0.00612164,Low,0,Low,0,3.23197,718.618,6.57872,0.0574379,0.0477521
461,RL,0,Light Heavy,0.00239706,Low,0,Low,0,3.23176,716.895,6.57632,0.0577292,0.0477473
462,RL,0,Light Heavy,-0.00162983,Low,0,Low,0,3.23694,718.066,6.57795,0.0576485,0.0477425
463,RL,0,Light Heavy,0.00214291,Low,0,Low,0,3.23387,716.527,6.57581,0.057617,0.0477378
464,RL,0,Balanced,-0.00479126,Low,0,Low,0,3.2407,719.973,6.5806,0.0578821,0.047733
465,RL,0,Balanced,-0.00625515,Low,0,Low,0,3.26413,724.497,6.58686,0.0627926,0.0477282
466,RL,0,Balanced,0.003335,Low,0,Low,0,3.25685,722.081,6.58352,0.0629401,0.0477235
467,RL,0,Balanced,0.00249434,Low,0,Low,0,3.24996,720.28,6.58103,0.0626235,0.0477187
468,RL,0,Balanced,-0.00884581,Low,0,Low,0,3.27615,726.688,6.58987,0.0627526,0.0477139
469,RL,0,Balanced,0.0115309,Low,0,Low,0,3.24024,718.346,6.57834,0.0625674,0.0477091
470,RL,0,Balanced,-0.00702238,Low,0,Low,0,3.26273,723.415,6.58536,0.0625644,0.0477044
471,RL,0,Balanced,0.00602341,Low,0,Low,0,3.24182,719.065,6.57934,0.0625989,0.0476996
472,RL,0,Balanced,0.00483513,Low,0,Low,0,3.23073,715.591,6.57451,0.0629862,0.0476948
473,RL,0,Balanced,-0.00623703,Low,0,Low,0,3.24833,720.075,6.58074,0.0625144,0.0476901
474,RL,0,Balanced,-0.00618029,Low,0,Low,0,3.26934,724.545,6.58692,0.0626965,0.0476853
475,RL,0,Balanced,0.0092864,Low,0,Low,0,3.24182,717.839,6.57764,0.0629032,0.0476805
476,RL,0,Balanced,-0.00838852,Low,0,Low,0,3.2653,723.894,6.58603,0.0625498,0.0476758
477,RL,0,Balanced,0.00892735,Low,0,Low,0,3.24123,717.451,6.5771,0.0628694,0.047671
478,RL,0,Balanced,0.00535727,Low,0,Low,0,3.21897,713.613,6.57174,0.0625713,0.0476662
479,RL,0,Balanced,-0.0153675,Low,0,Low,0,3.26856,724.679,6.58711,0.0627634,0.0476615
480,RL,0,Balanced,-0.00113392,Low,0,Low,0,3.26946,725.503,6.58824,0.0627296,0.0476567
481,RL,0,Balanced,0.0094862,Low,0,Low,0,3.24136,718.644,6.57876,0.0628164,0.0476519
482,RL,0,Balanced,-0.00480843,Low,0,Low,0,3.2586,722.112,6.58356,0.0629148,0.0476472
483,RL,0,Balanced,0.0124593,Low,0,Low,0,3.21439,713.158,6.57111,0.0624468,0.0476424
484,RL,0,Balanced,-0.013803,Low,0,Low,0,3.26004,723.084,6.58491,0.0628118,0.0476376
485,RL,0,Balanced,0.00412893,Low,0,Low,0,3.24606,720.101,6.58078,0.0625882,0.0476329
486,RL,0,Balanced,-0.00700903,Low,0,Low,0,3.27569,725.173,6.58779,0.0629079,0.0476281
487,RL,0,Balanced,0.00888538,Low,0,Low,0,3.24475,718.749,6.5789,0.0626958,0.0476233
488,RL,0,Balanced,-0.00675821,Low,0,Low,0,3.2639,723.63,6.58566,0.0627234,0.0476186
489,RL,0,Balanced,0.0111232,Low,0,Low,0,3.2265,715.614,6.57454,0.0627403,0.0476138
490,RL,0,Balanced,-0.0108795,Low,0,Low,0,3.26375,723.453,6.58542,0.0625974,0.0476091
491,RL,0,Balanced,0.0039525,Low,0,Low,0,3.25522,720.596,6.58146,0.0629801,0.0476043
492,RL,0,Balanced,0.00414562,Low,0,Low,0,3.23819,717.61,6.57732,0.0626781,0.0475995
493,RL,0,Balanced,-0.00399971,Low,0,Low,0,3.25062,720.49,6.58132,0.0627004,0.0475948
494,RL,0,Balanced,-0.00335693,Low,0,Low,0,3.26002,722.916,6.58468,0.0625797,0.04759
495,RL,0,Balanced,-0.00121832,Low,0,Low,0,3.26251,723.799,6.58589,0.0628779,0.0475853
496,RL,0,Balanced,0.00375605,Low,0,Low,0,3.25691,721.081,6.58214,0.0628164,0.0475805
497,RL,0,Balanced,-0.00771856,Low,0,Low,0,3.27705,726.676,6.58986,0.0629109,0.0475757
498,RL,0,Balanced,0.00459242,Low,0,Low,0,3.26622,723.342,6.58526,0.0627227,0.047571
499,RL,0,Balanced,0.00565624,Low,0,Low,0,3.24457,719.257,6.57961,0.0629271,0.0475662
500,RL,0,Balanced,-0.000986099,Low,0,Low,0,3.24501,719.967,6.58059,0.0627265,0.0475615
501,RL,0,Balanced,0.00235796,Low,0,Low,0,3.23879,718.269,6.57824,0.062622,0.0475567
502,RL,0,Balanced,9.48906e-05,Low,0,Low,0,3.23865,718.201,6.57814,0.0626981,0.047552
503,RL,0,Balanced,0.00187445,Low,0,Low,0,3.23408,716.854,6.57627,0.062801,0.0475472
504,RL,0,Balanced,-0.00438118,Low,0,Low,0,3.24803,720.006,6.58065,0.0628026,0.0475424
505,RL,0,Balanced,0.00335884,Low,0,Low,0,3.23591,717.589,6.57729,0.0629809,0.0475377
506,RL,0,Balanced,-0.00150108,Low,0,Low,0,3.2398,718.668,6.57879,0.0624207,0.0475329
507,RL,0,Balanced,-0.000117779,Low,0,Low,0,3.24353,718.753,6.57891,0.0628295,0.0475282
508,RL,0,Balanced,0.00103712,Low,0,Low,0,3.23687,718.007,6.57787,0.0623576,0.0475234
509,RL,0,Balanced,-0.0105705,Low,0,Low,0,3.27136,725.647,6.58844,0.062695,0.0475187
510,RL,0,Balanced,0.0137916,Low,0,Low,0,3.23021,715.695,6.57465,0.0628341,0.0475139
511,RL,0,Balanced,-0.0162339,Low,0,Low,0,3.27784,727.424,6.59088,0.0628464,0.0475092
512,RL,0,Balanced,0.00837994,Low,0,Low,0,3.2503,721.346,6.5825,0.0625405,0.0475044
513,RL,0,Balanced,0.0028739,Low,0,Low,0,3.24405,719.273,6.57963,0.0625797,0.0474997
514,RL,0,Balanced,-0.00204611,Low,0,Low,0,3.25219,720.748,6.58168,0.0629071,0.0474949
515,RL,0,Balanced,-0.00986242,Low,0,Low,0,3.28229,727.901,6.59154,0.0626988,0.0474902
516,RL,0,Balanced,0.0158758,Low,0,Low,0,3.22938,716.421,6.57566,0.0624053,0.0474854
517,RL,0,Balanced,0.000629902,Low,0,Low,0,3.22816,715.969,6.57503,0.0622908,0.0474807
518,RL,0,Balanced,-0.00618172,Low,0,Low,0,3.25272,720.415,6.58121,0.0625874,0.0474759
519,RL,0,Balanced,0.00344658,Low,0,Low,0,3.24442,717.933,6.57777,0.0628041,0.0474712
520,RL,0,Balanced,-0.00639582,Low,0,Low,0,3.25641,722.546,6.58416,0.0629739,0.0474664
521,RL,0,Balanced,0.00609446,Low,0,Low,0,3.24178,718.149,6.57807,0.0625405,0.0474617
522,RL,0,Balanced,-0.00736189,Low,0,Low,0,3.26145,723.463,6.58543,0.0626773,0.0474569
523,RL,0,Balanced,0.00695753,Low,0,Low,0,3.24334,718.44,6.57847,0.0628487,0.0474522
524,RL,0,Balanced,-0.00907516,Low,0,Low,0,3.26902,724.999,6.58755,0.0627995,0.0474475
525,RL,0,Balanced,0.00968552,Low,0,Low,0,3.24004,718.001,6.57786,0.0627619,0.0474427
526,RL,0,Balanced,0.00530052,Low,0,Low,0,3.2266,714.2,6.57256,0.0626704,0.047438
527,RL,0,Balanced,0.00184155,Low,0,Low,0,3.21642,712.885,6.57072,0.0624683,0.0474332
528,RL,0,Balanced,-0.0151739,Low,0,Low,0,3.26278,723.8,6.5859,0.0630247,0.0474285
529,RL,0,Balanced,0.00684738,Low,0,Low,0,3.24644,718.854,6.57905,0.0627426,0.0474237
530,RL,0,Balanced,0.00438738,Low,0,Low,0,3.22991,715.702,6.57466,0.062738,0.047419
531,RL,0,Balanced,-0.0106835,Low,0,Low,0,3.26462,723.4,6.58534,0.0627334,0.0474143
532,RL,0,Balanced,0.00748634,Low,0,Low,0,3.24219,717.997,6.57786,0.062695,0.0474095
533,RL,0,Balanced,-0.00442648,Low,0,Low,0,3.2547,721.187,6.58228,0.0622547,0.0474048
534,RL,0,Balanced,0.00171757,Low,0,Low,0,3.24659,719.948,6.58057,0.0626965,0.0474
535,RL,0,Balanced,0.00377512,Low,0,Low,0,3.23294,717.231,6.57679,0.0625751,0.0473953
536,RL,0,Balanced,-0.00309515,Low,0,Low,0,3.25035,719.458,6.57989,0.0627288,0.0473906
537,RL,0,Balanced,0.00750685,Low,0,Low,0,3.22079,714.069,6.57238,0.0625052,0.0473858
538,RL,0,Balanced,-0.00516653,Low,0,Low,0,3.23774,717.773,6.57755,0.0626397,0.0473811
539,RL,0,Balanced,-0.00165749,Low,0,Low,0,3.24164,718.966,6.5792,0.0627027,0.0473763
540,RL,0,Balanced,0.0121622,Low,0,Low,0,3.20447,710.263,6.56704,0.0621724,0.0473716
541,RL,0,Balanced,-0.0146585,Low,0,Low,0,3.2483,720.765,6.5817,0.0626658,0.0473669
542,RL,0,Balanced,0.00236225,Low,0,Low,0,3.2411,719.062,6.57934,0.0626397,0.0473621
543,RL,0,Balanced,-0.00495863,Low,0,Low,0,3.25941,722.641,6.5843,0.0627357,0.0473574
544,RL,0,Balanced,0.000245571,Low,0,Low,0,3.25564,722.464,6.58405,0.0627004,0.0473527
545,RL,0,Balanced,0.00181389,Low,0,Low,0,3.25426,721.153,6.58224,0.0625528,0.0473479
546,RL,0,Balanced,0.00763226,Low,0,Low,0,3.22712,715.662,6.5746,0.062426,0.0473432
547,RL,0,Balanced,-0.00646687,Low,0,Low,0,3.2513,720.312,6.58107,0.0627903,0.0473385
548,RL,0,Balanced,0.00351715,Low,0,Low,0,3.23575,717.779,6.57755,0.0628233,0.0473337
549,RL,0,Balanced,-0.0034008,Low,0,Low,0,3.25017,720.228,6.58096,0.0625121,0.047329
550,RL,0,Balanced,-0.00449371,Low,0,Low,0,3.26074,723.476,6.58545,0.0629509,0.0473243
551,RL,0,Balanced,0.00201797,Low,0,Low,0,3.25625,722.016,6.58343,0.0627257,0.0473195
552,RL,0,Balanced,0.00781202,Low,0,Low,0,3.23407,716.389,6.57562,0.0622931,0.0473148
553,RL,0,Balanced,-0.00511932,Low,0,Low,0,3.25123,720.071,6.58074,0.0626212,0.0473101
554,RL,0,Balanced,0.00116634,Low,0,Low,0,3.24938,719.231,6.57957,0.0626804,0.0473053
555,RL,0,Balanced,-0.00103045,Low,0,Low,0,3.24688,719.974,6.5806,0.0628333,0.0473006
556,RL,0,Balanced,-0.000815392,Low,0,Low,0,3.24833,720.561,6.58142,0.0629271,0.0472959
557,RL,0,Balanced,-0.000591755,Low,0,Low,0,3.25304,720.989,6.58201,0.0627104,0.0472911
558,RL,0,Balanced,0.00133276,Low,0,Low,0,3.25188,720.027,6.58068,0.0632921,0.0472864
559,RL,0,Balanced,-0.00391674,Low,0,Low,0,3.25789,722.857,6.58459,0.0626304,0.0472817
560,RL,0,Balanced,0.0108314,Low,0,Low,0,3.22794,715.059,6.57376,0.0628295,0.047277
561,RL,0,Balanced,-0.00743866,Low,0,Low,0,3.24883,720.405,6.5812,0.0626827,0.0472722
562,RL,0,Balanced,-0.00107622,Low,0,Low,0,3.25741,721.182,6.58228,0.0625106,0.0472675
563,RL,0,Balanced,0.00700665,Low,0,Low,0,3.23078,716.139,6.57527,0.0624952,0.0472628
564,RL,0,Balanced,-0.0062499,Low,0,Low,0,3.2487,720.635,6.58152,0.0627519,0.047258
565,RL,0,Balanced,-0.00590611,Low,0,Low,0,3.26898,724.91,6.58743,0.0629186,0.0472533
566,RL,0,Balanced,-0.00334978,Low,0,Low,0,3.27997,727.346,6.59078,0.0629739,0.0472486
567,RL,0,Balanced,0.0136027,Low,0,Low,0,3.23417,717.505,6.57717,0.0623315,0.0472439
568,RL,0,Balanced,-0.00460291,Low,0,Low,0,3.24986,720.82,6.58178,0.0625521,0.0472392
569,RL,0,Balanced,0.00721502,Low,0,Low,0,3.23275,715.631,6.57456,0.0630646,0.0472344
570,RL,0,Balanced,0.00176334,Low,0,Low,0,3.22449,714.369,6.5728,0.062788,0.0472297
571,RL,0,Balanced,-0.0128918,Low,0,Low,0,3.26309,723.65,6.58569,0.0625843,0.047225
572,RL,0,Balanced,-0.00296497,Low,0,Low,0,3.27365,725.802,6.58865,0.062695,0.0472203
573,RL,0,Balanced,0.0103908,Low,0,Low,0,3.24149,718.289,6.57826,0.0628887,0.0472155
574,RL,0,Balanced,0.000169754,Low,0,Low,0,3.24095,718.167,6.57809,0.0626328,0.0472108
575,RL,0,Balanced,-0.0141492,Low,0,Low,0,3.2853,728.415,6.59224,0.062798,0.0472061
576,RL,0,Balanced,0.00964832,Low,0,Low,0,3.25623,721.411,6.58259,0.0629125,0.0472014
577,RL,0,Balanced,0.00315809,Low,0,Low,0,3.24329,719.134,6.57944,0.0626673,0.0471967
578,RL,0,Balanced,-0.0039115,Low,0,Low,0,3.25922,721.956,6.58335,0.0627572,0.0471919
579,RL,0,Balanced,-0.00011158,Low,0,Low,0,3.25363,722.037,6.58346,0.0623692,0.0471872
580,RL,0,Balanced,0.00027895,Low,0,Low,0,3.25386,721.835,6.58318,0.0624099,0.0471825
581,RL,0,Balanced,0.0058198,Low,0,Low,0,3.23656,717.641,6.57736,0.062111,0.0471778
582,RL,0,Balanced,-0.00464344,Low,0,Low,0,3.25073,720.985,6.582,0.0628264,0.0471731
583,RL,0,Balanced,0.00922918,Low,0,Low,0,3.22294,714.352,6.57278,0.062496,0.0471683
584,RL,0,Balanced,-0.0120802,Low,0,Low,0,3.2612,723.046,6.58486,0.062821,0.0471636
585,RL,0,Balanced,0.0111151,Low,0,Low,0,3.22807,715.043,6.57374,0.0628356,0.0471589
586,RL,0,Balanced,-0.0134511,Low,0,Low,0,3.26949,724.74,6.58719,0.063047,0.0471542
587,RL,0,Balanced,-0.00409174,Low,0,Low,0,3.28348,727.715,6.59128,0.0629862,0.0471495
588,RL,0,Balanced,0.0124364,Low,0,Low,0,3.23869,718.709,6.57885,0.062821,0.0471448
589,RL,0,Balanced,0.0049243,Low,0,Low,0,3.23015,715.174,6.57392,0.0627073,0.0471401
590,RL,0,Balanced,-0.00152922,Low,0,Low,0,3.23468,716.27,6.57545,0.0624706,0.0471353
591,RL,0,Balanced,-0.00275087,Low,0,Low,0,3.24248,718.245,6.5782,0.0629916,0.0471306
592,RL,0,Balanced,-0.00234318,Low,0,Low,0,3.24745,719.933,6.58055,0.0629655,0.0471259
593,RL,0,Balanced,0.00354433,Low,0,Low,0,3.23792,717.382,6.577,0.0627111,0.0471212
594,RL,0,Balanced,-0.00589991,Low,0,Low,0,3.25125,721.633,6.5829,0.0624237,0.0471165
595,RL,0,Balanced,0.00423384,Low,0,Low,0,3.24064,718.58,6.57867,0.0626919,0.0471118
596,RL,0,Balanced,-0.00336981,Low,0,Low,0,3.25461,721.009,6.58204,0.0631922,0.0471071
597,RL,0,Balanced,0.00139761,Low,0,Low,0,3.24576,720.001,6.58064,0.0629455,0.0471024
598,RL,0,Balanced,0.0046339,Low,0,Low,0,3.23705,716.667,6.57601,0.0625505,0.0470976
599,RL,0,Balanced,0.00174046,Low,0,Low,0,3.22892,715.419,6.57427,0.0625767,0.0470929
600,RL,0,Balanced,-0.00331402,Low,0,Low,0,3.2377,717.797,6.57758,0.0624268,0.0470882
601,RL,0,Balanced,-0.0050025,Low,0,Low,0,3.25365,721.402,6.58258,0.0625006,0.0470835
602,RL,0,Balanced,-0.00144672,Low,0,Low,0,3.25554,722.448,6.58403,0.062267,0.0470788
603,RL,0,Balanced,0.00586557,Low,0,Low,0,3.23898,718.217,6.57816,0.0623392,0.0470741
604,RL,0,Balanced,0.0013957,Low,0,Low,0,3.23362,717.214,6.57677,0.0623246,0.0470694
605,RL,0,Balanced,-0.00387383,Low,0,Low,0,3.24809,720.002,6.58064,0.062675,0.0470647
606,RL,0,Balanced,0.00553846,Low,0,Low,0,3.22916,716.019,6.5751,0.0625836,0.04706
607,RL,0,Balanced,0.00102663,Low,0,Low,0,3.22569,715.284,6.57408,0.0623246,0.0470553
608,RL,0,Balanced,-0.00631952,Low,0,Low,0,3.24567,719.825,6.5804,0.062914,0.0470506
609,RL,0,Balanced,-0.00753784,Low,0,Low,0,3.27176,725.278,6.58793,0.0631146,0.0470459
610,RL,0,Balanced,0.0105152,Low,0,Low,0,3.23528,717.681,6.57742,0.0626888,0.0470412
611,RL,0,Balanced,-0.0145297,Low,0,Low,0,3.28243,728.2,6.59195,0.0627303,0.0470365
612,RL,0,Balanced,0.0195479,Low,0,Low,0,3.22123,714.084,6.5724,0.0624967,0.0470318
613,RL,0,Balanced,-0.00388479,Low,0,Low,0,3.2352,716.867,6.57628,0.0628894,0.0470271
614,RL,0,Balanced,-0.014082,Low,0,Low,0,3.27943,727.048,6.59037,0.0627987,0.0470224
615,RL,0,Balanced,0.0128942,Low,0,Low,0,3.23329,717.721,6.57747,0.0622508,0.0470176
616,RL,0,Balanced,-8.01E-05,Low,0,Low,0,3.23822,717.778,6.57755,0.062874,0.0470129
617,RL,0,Balanced,-0.00843763,Low,0,Low,0,3.27187,723.868,6.58599,0.0629824,0.0470082
618,RL,0,Balanced,0.00475979,Low,0,Low,0,3.24753,720.427,6.58123,0.0625521,0.0470035
619,RL,0,Balanced,-0.00251675,Low,0,Low,0,3.25598,722.245,6.58375,0.0627396,0.0469988
620,RL,0,Balanced,0.000654697,Low,0,Low,0,3.25286,721.771,6.58309,0.0629693,0.0469941
621,RL,0,Balanced,0.00416994,Low,0,Low,0,3.24228,718.763,6.57892,0.0624299,0.0469894
622,RL,0,Balanced,0.00180578,Low,0,Low,0,3.23994,717.465,6.57712,0.0627534,0.0469847
623,RL,0,Balanced,0.00100183,Low,0,Low,0,3.23758,716.745,6.57612,0.0627319,0.04698
624,RL,0,Balanced,-0.00758171,Low,0,Low,0,3.25883,722.208,6.5837,0.0627772,0.0469754
625,RL,0,Balanced,-0.002141,Low,0,Low,0,3.26449,723.758,6.58584,0.062622,0.0469707
626,RL,0,Balanced,0.00993872,Low,0,Low,0,3.23195,716.59,6.5759,0.0628571,0.046966
627,RL,0,Balanced,-0.00228357,Low,0,Low,0,3.24186,718.231,6.57818,0.0629232,0.0469613
628,RL,0,Balanced,-0.0133162,Low,0,Low,0,3.28274,727.873,6.5915,0.0628894,0.0469566
629,RL,0,Balanced,0.0126629,Low,0,Low,0,3.24417,718.701,6.57884,0.0624875,0.0469519
630,RL,0,Balanced,-0.00648355,Low,0,Low,0,3.26047,723.382,6.58532,0.062436,0.0469472
631,RL,0,Balanced,0.00758743,Low,0,Low,0,3.23769,717.907,6.57773,0.0627519,0.0469425
632,RL,0,Balanced,-0.00726414,Low,0,Low,0,3.26521,723.148,6.585,0.0628879,0.0469378
633,RL,0,Balanced,0.00458431,Low,0,Low,0,3.24636,719.836,6.58041,0.062642,0.0469331
634,RL,0,Balanced,-0.00542498,Low,0,Low,0,3.26359,723.757,6.58584,0.0627788,0.0469284
635,RL,0,Balanced,0.00350285,Low,0,Low,0,3.25298,721.223,6.58233,0.0625659,0.0469237
636,RL,0,Balanced,0.00479555,Low,0,Low,0,3.23905,717.768,6.57754,0.0627911,0.046919
637,RL,0,Balanced,0.001863,Low,0,Low,0,3.2315,716.43,6.57568,0.0628648,0.0469143
638,RL,0,Balanced,0.000111103,Low,0,Low,0,3.22999,716.35,6.57556,0.0627027,0.0469096
639,RL,0,Balanced,-0.0015173,Low,0,Low,0,3.2383,717.44,6.57708,0.062881,0.0469049
640,RL,0,Balanced,-0.0110602,Low,0,Low,0,3.27098,725.43,6.58814,0.0627849,0.0469003
641,RL,0,Balanced,0.00965261,Low,0,Low,0,3.24352,718.452,6.57849,0.0626335,0.0468956
642,RL,0,Balanced,-0.00308943,Low,0,Low,0,3.25166,720.678,6.58158,0.0626789,0.0468909
643,RL,0,Balanced,0.00281286,Low,0,Low,0,3.23942,718.651,6.57877,0.0627173,0.0468862
644,RL,0,Balanced,-0.00137806,Low,0,Low,0,3.24603,719.643,6.58014,0.0625513,0.0468815
645,RL,0,Balanced,0.0120287,Low,0,Low,0,3.21152,711.027,6.56812,0.0626258,0.0468768
646,RL,0,Balanced,-0.0189371,Low,0,Low,0,3.26644,724.639,6.58705,0.0626858,0.0468721
647,RL,0,Balanced,0.00479889,Low,0,Low,0,3.25277,721.165,6.58225,0.0626673,0.0468674
648,RL,0,Balanced,-0.00365257,Low,0,Low,0,3.26232,723.807,6.58591,0.0624952,0.0468627
649,RL,0,Balanced,0.00418234,Low,0,Low,0,3.254,720.782,6.58172,0.062788,0.0468581
650,RL,0,Balanced,0.0046587,Low,0,Low,0,3.23547,717.428,6.57706,0.0625943,0.0468534
651,RL,0,Balanced,-0.00334024,Low,0,Low,0,3.24832,719.831,6.58041,0.0628272,0.0468487
652,RL,0,Balanced,-0.000910759,Low,0,Low,0,3.24938,720.488,6.58132,0.0626151,0.046844
653,RL,0,Balanced,0.004076,Low,0,Low,0,3.23489,717.553,6.57724,0.062662,0.0468393
654,RL,0,Balanced,-0.0025835,Low,0,Low,0,3.24351,719.412,6.57982,0.0622447,0.0468346
655,RL,0,Balanced,-3.34E-05,Low,0,Low,0,3.24199,719.436,6.57986,0.0628057,0.04683
656,RL,0,Balanced,-0.00556898,Low,0,Low,0,3.26247,723.459,6.58543,0.0626589,0.0468253
657,RL,0,Balanced,0.00663567,Low,0,Low,0,3.2421,718.668,6.57879,0.0627941,0.0468206
658,RL,0,Balanced,-0.00700808,Low,0,Low,0,3.26155,723.729,6.5858,0.0626781,0.0468159
659,RL,0,Balanced,0.00306034,Low,0,Low,0,3.24988,721.515,6.58274,0.0624952,0.0468112
660,RL,0,Balanced,0.00116825,Low,0,Low,0,3.24924,720.671,6.58157,0.06232,0.0468065
661,RL,0,Balanced,-0.00504732,Low,0,Low,0,3.2694,724.323,6.58662,0.0628049,0.0468019
662,RL,0,Balanced,0.000384331,Low,0,Low,0,3.26487,724.044,6.58623,0.0626781,0.0467972
663,RL,0,Balanced,0.00642157,Low,0,Low,0,3.24618,719.403,6.57981,0.0626059,0.0467925
664,RL,0,Balanced,-0.00584698,Low,0,Low,0,3.26154,723.628,6.58566,0.0627327,0.0467878
665,RL,0,Balanced,-0.000254631,Low,0,Low,0,3.26585,723.812,6.58591,0.0625782,0.0467831
666,RL,0,Balanced,0.00350142,Low,0,Low,0,3.24679,721.279,6.58241,0.0626835,0.0467785
667,RL,0,Balanced,0.00390339,Low,0,Low,0,3.24172,718.465,6.57851,0.0623161,0.0467738
668,RL,0,Balanced,0.00902033,Low,0,Low,0,3.21005,712.004,6.56949,0.062433,0.0467691
669,RL,0,Balanced,-0.0101619,Low,0,Low,0,3.24345,719.287,6.57965,0.0627342,0.0467644
670,RL,0,Balanced,0.00605774,Low,0,Low,0,3.22345,714.937,6.57359,0.0626497,0.0467598
671,RL,0,Balanced,-0.0113707,Low,0,Low,0,3.26234,723.124,6.58496,0.0624798,0.0467551
672,RL,0,Balanced,0.00159073,Low,0,Low,0,3.25462,721.973,6.58337,0.0625167,0.0467504
673,RL,0,Balanced,0.0106392,Low,0,Low,0,3.22627,714.322,6.57273,0.0627496,0.0467457
674,RL,0,Balanced,-0.0171404,Low,0,Low,0,3.2784,726.688,6.58987,0.06305,0.0467411
675,RL,0,Balanced,0.00831985,Low,0,Low,0,3.25139,720.659,6.58155,0.0628325,0.0467364
676,RL,0,Balanced,-0.00184774,Low,0,Low,0,3.25816,721.994,6.5834,0.062735,0.0467317
677,RL,0,Balanced,0.0174317,Low,0,Low,0,3.20072,709.5,6.56597,0.062277,0.046727
678,RL,0,Balanced,-0.0138292,Low,0,Low,0,3.24417,719.394,6.5798,0.0627649,0.0467224
679,RL,0,Balanced,0.00550985,Low,0,Low,0,3.22862,715.436,6.57429,0.0628064,0.0467177
680,RL,0,Balanced,-0.00361919,Low,0,Low,0,3.23859,718.033,6.57791,0.062728,0.046713
681,RL,0,Balanced,0.00452852,Low,0,Low,0,3.22223,714.784,6.57338,0.0624852,0.0467084
682,RL,0,Balanced,-0.00519562,Low,0,Low,0,3.23433,718.513,6.57857,0.0623815,0.0467037
683,RL,0,Balanced,-0.0107698,Low,0,Low,0,3.27502,726.304,6.58934,0.0630216,0.046699
684,RL,0,Balanced,0.00168085,Low,0,Low,0,3.26986,725.083,6.58766,0.0629617,0.0466943
685,RL,0,Balanced,0.0123329,Low,0,Low,0,3.23415,716.183,6.57533,0.062884,0.0466897
686,RL,0,Balanced,-0.00635338,Low,0,Low,0,3.25048,720.754,6.58168,0.0626896,0.046685
687,RL,0,Balanced,0.000983238,Low,0,Low,0,3.24917,720.044,6.5807,0.0626812,0.0466803
688,RL,0,Balanced,-0.000679016,Low,0,Low,0,3.24922,720.534,6.58138,0.0629594,0.0466757
689,RL,0,Balanced,-0.000966549,Low,0,Low,0,3.25445,721.232,6.58235,0.0630639,0.046671
690,RL,0,Balanced,0.00688314,Low,0,Low,0,3.23101,716.278,6.57546,0.0624291,0.0466663
691,RL,0,Balanced,-0.00792265,Low,0,Low,0,3.25981,721.983,6.58339,0.0627742,0.0466617
692,RL,0,Balanced,0.00204706,Low,0,Low,0,3.25461,720.505,6.58134,0.0625267,0.046657
693,RL,0,Balanced,-0.00873756,Low,0,Low,0,3.28098,726.837,6.59008,0.0630124,0.0466523
694,RL,0,Balanced,0.0109653,Low,0,Low,0,3.24731,718.899,6.57911,0.0626735,0.0466477
695,RL,0,Balanced,-0.00768852,Low,0,Low,0,3.26617,724.455,6.5868,0.0626374,0.046643
696,RL,0,Balanced,0.00415802,Low,0,Low,0,3.24923,721.445,6.58264,0.062486,0.0466383
697,RL,0,Balanced,0.00626564,Low,0,Low,0,3.2337,716.933,6.57638,0.0622793,0.0466337
698,RL,0,Balanced,-0.00509357,Low,0,Low,0,3.2547,720.599,6.58147,0.062778,0.046629
699,RL,0,Balanced,0.00845194,Low,0,Low,0,3.2229,714.526,6.57302,0.0626766,0.0466244
700,RL,0,Balanced,0.00434351,Low,0,Low,0,3.20941,711.425,6.56867,0.0623031,0.0466197
701,RL,0,Balanced,-0.0055027,Low,0,Low,0,3.2295,715.356,6.57418,0.0627765,0.046615
702,RL,0,Balanced,-0.00975561,Low,0,Low,0,3.25714,722.378,6.58393,0.0626243,0.0466104
703,RL,0,Balanced,0.00374603,Low,0,Low,0,3.247,719.673,6.58019,0.0626043,0.0466057
704,RL,0,Balanced,0.00464725,Low,0,Low,0,3.2328,716.332,6.57554,0.062778,0.046601
705,RL,0,Balanced,0.00234318,Low,0,Low,0,3.22667,714.653,6.5732,0.0622939,0.0465964
706,RL,0,Balanced,-0.00949717,Low,0,Low,0,3.2524,721.482,6.58269,0.0624314,0.0465917
707,RL,0,Balanced,0.00924015,Low,0,Low,0,3.22565,714.837,6.57345,0.062423,0.0465871
708,RL,0,Balanced,-0.00859737,Low,0,Low,0,3.25672,721.018,6.58205,0.0627811,0.0465824
709,RL,0,Balanced,-0.00153399,Low,0,Low,0,3.25282,722.126,6.58358,0.0628272,0.0465778
710,RL,0,Balanced,0.00614786,Low,0,Low,0,3.24074,717.695,6.57744,0.0626043,0.0465731
711,RL,0,Balanced,0.0015564,Low,0,Low,0,3.23359,716.577,6.57588,0.0624383,0.0465684
712,RL,0,Balanced,-0.000573158,Low,0,Low,0,3.23823,716.988,6.57645,0.0629056,0.0465638
713,RL,0,Balanced,-0.0064764,Low,0,Low,0,3.25529,721.653,6.58293,0.0629916,0.0465591
714,RL,0,Balanced,0.0100489,Low,0,Low,0,3.22376,714.428,6.57288,0.0626604,0.0465545
715,RL,0,Balanced,-0.0130196,Low,0,Low,0,3.26164,723.803,6.5859,0.0624937,0.0465498
716,RL,0,Balanced,0.00820732,Low,0,Low,0,3.23746,717.879,6.57769,0.0627058,0.0465452
717,RL,0,Balanced,0.00208616,Low,0,Low,0,3.23609,716.381,6.57561,0.0630055,0.0465405
718,RL,0,Balanced,0.00194883,Low,0,Low,0,3.22776,714.984,6.57366,0.0625574,0.0465358
719,RL,0,Balanced,-0.010282,Low,0,Low,0,3.25946,722.384,6.58394,0.0628241,0.0465312
720,RL,0,Balanced,-0.00298786,Low,0,Low,0,3.26197,724.548,6.58693,0.0625905,0.0465265
721,RL,0,Balanced,0.000124454,Low,0,Low,0,3.26703,724.458,6.5868,0.0626366,0.0465219
722,RL,0,Balanced,0.00867462,Low,0,Low,0,3.23591,718.192,6.57813,0.0625121,0.0465172
723,RL,0,Balanced,-0.00502253,Low,0,Low,0,3.25843,721.814,6.58315,0.062904,0.0465126
724,RL,0,Balanced,0.0135465,Low,0,Low,0,3.21585,712.088,6.5696,0.0626904,0.0465079
725,RL,0,Balanced,-0.00420666,Low,0,Low,0,3.22567,715.094,6.57381,0.0625482,0.0465033
726,RL,0,Balanced,-0.0105581,Low,0,Low,0,3.26238,722.695,6.58437,0.0631207,0.0464986
727,RL,0,Balanced,0.00253153,Low,0,Low,0,3.25549,720.865,6.58184,0.0630208,0.046494
728,RL,0,Balanced,0.00202608,Low,0,Low,0,3.24935,719.404,6.57981,0.0626527,0.0464893
729,RL,0,Balanced,0.00275517,Low,0,Low,0,3.23893,717.422,6.57706,0.0627303,0.0464847
730,RL,0,Balanced,0.000161171,Low,0,Low,0,3.22969,717.306,6.5769,0.062237,0.04648
731,RL,0,Balanced,0.00188398,Low,0,Low,0,3.23008,715.954,6.57501,0.0630569,0.0464754
732,RL,0,Balanced,-0.000823975,Low,0,Low,0,3.22973,716.545,6.57584,0.0625467,0.0464707
733,RL,0,Balanced,-0.0107269,Low,0,Low,0,3.26213,724.284,6.58656,0.0623676,0.0464661
734,RL,0,Balanced,0.000300884,Low,0,Low,0,3.26195,724.065,6.58626,0.0629063,0.0464615
735,RL,0,Balanced,-0.00211143,Low,0,Low,0,3.27076,725.598,6.58837,0.0627426,0.0464568
736,RL,0,Balanced,0.00446415,Low,0,Low,0,3.2638,722.362,6.58391,0.0630762,0.0464522
737,RL,0,Balanced,-0.00311947,Low,0,Low,0,3.26604,724.621,6.58703,0.0628933,0.0464475
738,RL,0,Balanced,0.011097,Low,0,Low,0,3.23078,716.614,6.57593,0.0625621,0.0464429
739,RL,0,Balanced,-0.00131035,Low,0,Low,0,3.23846,717.555,6.57724,0.0627035,0.0464382
740,RL,0,Balanced,-0.0143828,Low,0,Low,0,3.28006,727.964,6.59162,0.062655,0.0464336
741,RL,0,Balanced,0.0146489,Low,0,Low,0,3.23529,717.364,6.57698,0.0627473,0.0464289
742,RL,0,Balanced,0.000735283,Low,0,Low,0,3.23295,716.836,6.57624,0.0626904,0.0464243
743,RL,0,Balanced,-0.00514221,Low,0,Low,0,3.24868,720.536,6.58138,0.0630877,0.0464197
744,RL,0,Balanced,0.0036211,Low,0,Low,0,3.23584,717.928,6.57776,0.062174,0.046415
745,RL,0,Balanced,0.00161457,Low,0,Low,0,3.23822,716.769,6.57615,0.0627357,0.0464104
746,RL,0,Balanced,-0.00554991,Low,0,Low,0,3.24973,720.763,6.5817,0.0624744,0.0464057
747,RL,0,Balanced,0.00135565,Low,0,Low,0,3.24803,719.785,6.58034,0.0625375,0.0464011
748,RL,0,Balanced,0.00630713,Low,0,Low,0,3.22878,715.254,6.57403,0.0625982,0.0463965
749,RL,0,Balanced,-0.00205374,Low,0,Low,0,3.23314,716.726,6.57609,0.062718,0.0463918
750,RL,0,Balanced,-0.000853062,Low,0,Low,0,3.2365,717.339,6.57694,0.0628787,0.0463872
751,RL,0,Balanced,-0.00692463,Low,0,Low,0,3.25691,722.33,6.58387,0.0625559,0.0463825
752,RL,0,Balanced,0.00971699,Low,0,Low,0,3.22249,715.336,6.57415,0.0624791,0.0463779
753,RL,0,Balanced,-0.00564957,Low,0,Low,0,3.24491,719.394,6.5798,0.0629755,0.0463733
754,RL,0,Balanced,-0.00110674,Low,0,Low,0,3.24967,720.192,6.5809,0.0625997,0.0463686
755,RL,0,Balanced,0.00597048,Low,0,Low,0,3.22801,715.899,6.57493,0.0627111,0.046364
756,RL,0,Balanced,-0.0148082,Low,0,Low,0,3.27911,726.593,6.58974,0.0628049,0.0463594
757,RL,0,Balanced,0.00480795,Low,0,Low,0,3.25943,723.104,6.58493,0.0626235,0.0463547
758,RL,0,Balanced,0.00307512,Low,0,Low,0,3.25313,720.881,6.58186,0.0626558,0.0463501
759,RL,0,Balanced,0.000724316,Low,0,Low,0,3.24853,720.358,6.58114,0.0626658,0.0463454
760,RL,0,Balanced,-0.000491142,Low,0,Low,0,3.25113,720.712,6.58163,0.0630585,0.0463408
761,RL,0,Balanced,-0.00566435,Low,0,Low,0,3.26901,724.812,6.58729,0.0629778,0.0463362
762,RL,0,Balanced,0.0095129,Low,0,Low,0,3.2417,717.94,6.57778,0.062738,0.0463315
763,RL,0,Balanced,-0.0133772,Low,0,Low,0,3.28294,727.622,6.59116,0.0630731,0.0463269
764,RL,0,Balanced,0.0171933,Low,0,Low,0,3.22295,715.202,6.57396,0.0624422,0.0463223
765,RL,0,Balanced,-0.00254536,Low,0,Low,0,3.23305,717.027,6.57651,0.0624299,0.0463176
766,RL,0,Balanced,-0.0129757,Low,0,Low,0,3.27843,726.404,6.58948,0.0627403,0.046313
767,RL,0,Balanced,0.00328445,Low,0,Low,0,3.26911,724.019,6.5862,0.0628794,0.0463084
768,RL,0,Balanced,-0.000360012,Low,0,Low,0,3.26339,724.28,6.58656,0.062652,0.0463038
769,RL,0,Balanced,0.00926828,Low,0,Low,0,3.23826,717.589,6.57729,0.0630331,0.0462991
770,RL,0,Balanced,-0.00636148,Low,0,Low,0,3.25763,722.175,6.58365,0.0628994,0.0462945
771,RL,0,Balanced,0.00309277,Low,0,Low,0,3.24788,719.942,6.58056,0.0627572,0.0462899
772,RL,0,Balanced,-0.0067234,Low,0,Low,0,3.26923,724.806,6.58728,0.0628902,0.0462852
773,RL,0,Balanced,0.0040431,Low,0,Low,0,3.25644,721.877,6.58324,0.0628372,0.0462806
774,RL,0,Balanced,0.000809669,Low,0,Low,0,3.24967,721.292,6.58243,0.0623192,0.046276
775,RL,0,Balanced,0.00557566,Low,0,Low,0,3.23264,717.276,6.57685,0.0623991,0.0462714
776,RL,0,Balanced,0.0047164,Low,0,Low,0,3.22182,713.896,6.57214,0.0625452,0.0462667
777,RL,0,Balanced,-0.00581217,Low,0,Low,0,3.23652,718.063,6.57795,0.0626896,0.0462621
778,RL,0,Balanced,-0.0110359,Low,0,Low,0,3.2786,726.043,6.58899,0.0630639,0.0462575
779,RL,0,Balanced,0.0109544,Low,0,Low,0,3.23875,718.122,6.57803,0.0626335,0.0462528
780,RL,0,Balanced,-0.00686264,Low,0,Low,0,3.25932,723.074,6.58489,0.0625659,0.0462482
781,RL,0,Balanced,0.00298452,Low,0,Low,0,3.24817,720.916,6.58191,0.0625936,0.0462436
782,RL,0,Balanced,0.0114646,Low,0,Low,0,3.21601,712.687,6.57044,0.062509,0.046239
783,RL,0,Balanced,-0.00507307,Low,0,Low,0,3.23033,716.317,6.57552,0.0623807,0.0462344
784,RL,0,Balanced,-0.00856256,Low,0,Low,0,3.26029,722.485,6.58408,0.0630185,0.0462297
785,RL,0,Balanced,0.00667572,Low,0,Low,0,3.23371,717.672,6.5774,0.0626243,0.0462251
786,RL,0,Balanced,-0.00079155,Low,0,Low,0,3.24467,718.241,6.5782,0.062373,0.0462205
787,RL,0,Balanced,-0.00389433,Low,0,Low,0,3.25694,721.047,6.58209,0.0627542,0.0462159
788,RL,0,Balanced,-0.00185966,Low,0,Low,0,3.26103,722.391,6.58395,0.0629317,0.0462112
789,RL,0,Balanced,0.00322723,Low,0,Low,0,3.24753,720.06,6.58072,0.0627534,0.0462066
790,RL,0,Balanced,-0.0109076,Low,0,Low,0,3.2824,727.968,6.59163,0.0627035,0.046202
791,RL,0,Balanced,0.0171275,Low,0,Low,0,3.23328,715.589,6.5745,0.0627449,0.0461974
792,RL,0,Balanced,-0.00666618,Low,0,Low,0,3.25021,720.382,6.58117,0.0623261,0.0461928
793,RL,0,Balanced,0.00901031,Low,0,Low,0,3.22013,713.911,6.57216,0.0624721,0.0461881
794,RL,0,Balanced,-0.0111098,Low,0,Low,0,3.25982,721.898,6.58327,0.0626804,0.0461835
795,RL,0,Balanced,0.00212622,Low,0,Low,0,3.24806,720.363,6.58114,0.0624222,0.0461789
796,RL,0,Balanced,0.00508738,Low,0,Low,0,3.23678,716.702,6.57606,0.0631676,0.0461743
797,RL,0,Balanced,-0.00484467,Low,0,Low,0,3.24619,720.188,6.5809,0.0625682,0.0461697
798,RL,0,Balanced,0.00539732,Low,0,Low,0,3.2335,716.306,6.5755,0.0629432,0.046165
799,RL,0,Balanced,-0.00148153,Low,0,Low,0,3.235,717.369,6.57698,0.0623876,0.0461604
800,RL,0,Balanced,-0.00342083,Low,0,Low,0,3.24323,719.831,6.5804,0.0624076,0.0461558
801,RL,0,Balanced,-0.00575066,Low,0,Low,0,3.26657,723.988,6.58616,0.0628195,0.0461512
802,RL,0,Balanced,0.00239563,Low,0,Low,0,3.25463,722.253,6.58376,0.0628149,0.0461466
803,RL,0,Balanced,-0.00864029,Low,0,Low,0,3.28229,728.53,6.5924,0.0628187,0.046142
804,RL,0,Balanced,0.00836897,Low,0,Low,0,3.25611,722.45,6.58403,0.0628779,0.0461374
805,RL,0,Balanced,0.00797653,Low,0,Low,0,3.23384,716.702,6.57605,0.0623392,0.0461327
806,RL,0,Balanced,0.00642014,Low,0,Low,0,3.2151,712.109,6.56963,0.062778,0.0461281
807,RL,0,Balanced,-0.0142078,Low,0,Low,0,3.25787,722.313,6.58384,0.0628725,0.0461235
808,RL,0,Balanced,0.000496387,Low,0,Low,0,3.25817,721.954,6.58335,0.0623776,0.0461189
809,RL,0,Balanced,0.011951,Low,0,Low,0,3.218,713.366,6.57139,0.0626128,0.0461143
810,RL,0,Balanced,-0.0108237,Low,0,Low,0,3.24961,721.14,6.58222,0.0623307,0.0461097
811,RL,0,Balanced,0.0085001,Low,0,Low,0,3.22429,715.028,6.57372,0.0628064,0.0461051
812,RL,0,Balanced,-0.00682735,Low,0,Low,0,3.2464,719.933,6.58055,0.0628571,0.0461005
813,RL,0,Balanced,-0.00704622,Low,0,Low,0,3.27153,725.03,6.58759,0.0630669,0.0460959
814,RL,0,Balanced,0.00195312,Low,0,Low,0,3.2648,723.614,6.58564,0.0629609,0.0460912
815,RL,0,Balanced,0.0103226,Low,0,Low,0,3.23001,716.172,6.57532,0.0624199,0.0460866
816,RL,0,Balanced,-0.00097847,Low,0,Low,0,3.23485,716.875,6.57629,0.0627465,0.046082
817,RL,0,Balanced,0.000136375,Low,0,Low,0,3.23607,716.777,6.57616,0.0626819,0.0460774
818,RL,0,Balanced,-0.0111341,Low,0,Low,0,3.27101,724.813,6.58729,0.0629755,0.0460728
819,RL,0,Balanced,0.00467777,Low,0,Low,0,3.25303,721.426,6.58261,0.0624829,0.0460682
820,RL,0,Balanced,0.000102997,Low,0,Low,0,3.25583,721.352,6.58251,0.0630354,0.0460636
821,RL,0,Balanced,0.000174999,Low,0,Low,0,3.25685,721.225,6.58234,0.0627127,0.046059
822,RL,0,Balanced,0.0048213,Low,0,Low,0,3.23771,717.752,6.57752,0.0627219,0.0460544
823,RL,0,Balanced,-0.0090003,Low,0,Low,0,3.26791,724.25,6.58652,0.0626573,0.0460498
824,RL,0,Balanced,0.00853968,Low,0,Low,0,3.24358,718.083,6.57798,0.062821,0.0460452
825,RL,0,Balanced,-0.00102329,Low,0,Low,0,3.24943,718.819,6.579,0.0627511,0.0460406
826,RL,0,Balanced,0.00861359,Low,0,Low,0,3.21958,712.645,6.57039,0.0624906,0.046036
827,RL,0,Balanced,-0.00415897,Low,0,Low,0,3.22908,715.619,6.57454,0.0624552,0.0460314
828,RL,0,Balanced,-0.00154114,Low,0,Low,0,3.23284,716.725,6.57609,0.0629363,0.0460268
829,RL,0,Balanced,0.00881815,Low,0,Low,0,3.21235,710.424,6.56727,0.0627365,0.0460222
830,RL,0,Balanced,-0.00745773,Low,0,Low,0,3.22686,715.749,6.57473,0.0625475,0.0460176
831,RL,0,Balanced,-0.0132113,Low,0,Low,0,3.27468,725.281,6.58794,0.0627649,0.046013
832,RL,0,Balanced,0.00374746,Low,0,Low,0,3.26107,722.564,6.58419,0.0628456,0.0460084
833,RL,0,Balanced,0.00208187,Low,0,Low,0,3.25236,721.059,6.58211,0.0627058,0.0460038
834,RL,0,Balanced,0.00424194,Low,0,Low,0,3.24313,718.003,6.57787,0.0626658,0.0459992
835,RL,0,Balanced,-0.00232124,Low,0,Low,0,3.24508,719.674,6.58019,0.0626658,0.0459946
836,RL,0,Balanced,0.00506449,Low,0,Low,0,3.23308,716.033,6.57512,0.0629094,0.04599
837,RL,0,Balanced,0.0034647,Low,0,Low,0,3.21913,713.553,6.57166,0.0622731,0.0459854
838,RL,0,Balanced,-0.0150685,Low,0,Low,0,3.26681,724.402,6.58673,0.0628887,0.0459808
839,RL,0,Balanced,0.0075407,Low,0,Low,0,3.24235,718.953,6.57919,0.062496,0.0459762
840,RL,0,Balanced,-0.00666761,Low,0,Low,0,3.26636,723.769,6.58585,0.0628579,0.0459716
841,RL,0,Balanced,-0.0106854,Low,0,Low,0,3.29813,731.555,6.59654,0.0626635,0.045967
842,RL,0,Balanced,0.0197716,Low,0,Low,0,3.23089,717.214,6.57677,0.0626166,0.0459624
843,RL,0,Balanced,-0.00399113,Low,0,Low,0,3.24853,720.086,6.58076,0.0623576,0.0459578
844,RL,0,Balanced,-0.00675392,Low,0,Low,0,3.26638,724.972,6.58751,0.0626643,0.0459532
845,RL,0,Balanced,0.00838089,Low,0,Low,0,3.245,718.913,6.57913,0.0628187,0.0459486
846,RL,0,Balanced,-0.00158501,Low,0,Low,0,3.24633,720.056,6.58072,0.0626604,0.045944
847,RL,0,Balanced,-0.00163269,Low,0,Low,0,3.24852,721.234,6.58235,0.0624844,0.0459394
848,RL,0,BSDF Heavy,0.00129128,Low,0,Low,0,3.24889,720.302,6.58106,0.062579,0.0459348
849,RL,0,BSDF Heavy,-0.0020771,Low,0,Low,0,3.26055,721.802,6.58313,0.0657865,0.0459302
850,RL,0,BSDF Heavy,0.00412655,Low,0,Low,0,3.24524,718.825,6.57901,0.0659341,0.0459256
851,RL,0,BSDF Heavy,-0.00217247,Low,0,Low,0,3.25642,720.39,6.58118,0.0659748,0.045921
852,RL,0,BSDF Heavy,-0.00149822,Low,0,Low,0,3.25803,721.472,6.58268,0.0656774,0.0459164
853,RL,0,BSDF Heavy,0.00774384,Low,0,Low,0,3.232,715.899,6.57493,0.0655414,0.0459118
854,RL,0,BSDF Heavy,-0.0123405,Low,0,Low,0,3.27121,724.801,6.58728,0.0658926,0.0459072
855,RL,0,BSDF Heavy,0.0103526,Low,0,Low,0,3.24091,717.326,6.57692,0.0658511,0.0459027
856,RL,0,BSDF Heavy,-0.00377655,Low,0,Low,0,3.24975,720.044,6.5807,0.0657834,0.0458981
857,RL,0,BSDF Heavy,-0.00436974,Low,0,Low,0,3.26861,723.201,6.58507,0.066037,0.0458935
858,RL,0,BSDF Heavy,0.00978804,Low,0,Low,0,3.23895,716.147,6.57528,0.0660086,0.0458889
859,RL,0,BSDF Heavy,-0.00510311,Low,0,Low,0,3.25233,719.816,6.58038,0.066107,0.0458843
860,RL,0,BSDF Heavy,-0.00858068,Low,0,Low,0,3.27589,726.028,6.58896,0.0657581,0.0458797
861,RL,0,BSDF Heavy,0.0102262,Low,0,Low,0,3.2447,718.631,6.57874,0.0658349,0.0458751
862,RL,0,BSDF Heavy,0.000588417,Low,0,Low,0,3.24262,718.208,6.57815,0.0656497,0.0458705
863,RL,0,BSDF Heavy,0.00250673,Low,0,Low,0,3.23417,716.407,6.57564,0.0656413,0.0458659
864,RL,0,Balanced,0.00509357,Low,0,Low,0,3.22288,712.762,6.57055,0.0656444,0.0458614
865,RL,0,Balanced,-0.0122738,Low,0,Low,0,3.25562,721.577,6.58282,0.0624714,0.0458568
866,RL,0,Balanced,0.0072093,Low,0,Low,0,3.23186,716.386,6.57561,0.0628956,0.0458522
867,RL,0,Balanced,0.000562668,Low,0,Low,0,3.23534,715.983,6.57505,0.0630177,0.0458476
868,RL,0,Balanced,-0.00648642,Low,0,Low,0,3.25146,720.649,6.58154,0.0627104,0.045843
869,RL,0,Balanced,0.0051384,Low,0,Low,0,3.23493,716.95,6.5764,0.0626366,0.0458384
870,RL,0,Balanced,0.00166416,Low,0,Low,0,3.22962,715.756,6.57474,0.0622577,0.0458339
871,RL,0,Balanced,0.00473595,Low,0,Low,0,3.21588,712.37,6.57,0.0622877,0.0458293
872,RL,0,Balanced,-0.0136118,Low,0,Low,0,3.25416,722.146,6.58361,0.062529,0.0458247
873,RL,0,Balanced,0.00668812,Low,0,Low,0,3.23715,717.326,6.57692,0.062758,0.0458201
874,RL,0,Balanced,-0.00762844,Low,0,Low,0,3.26159,722.827,6.58455,0.0629132,0.0458155
875,RL,0,Balanced,0.0075655,Low,0,Low,0,3.23556,717.371,6.57699,0.0626158,0.0458109
876,RL,0,Balanced,-0.00820112,Low,0,Low,0,3.2631,723.287,6.58519,0.0630915,0.0458064
877,RL,0,Balanced,0.00547886,Low,0,Low,0,3.24438,719.33,6.57971,0.06229,0.0458018
878,RL,0,Balanced,-0.00250292,Low,0,Low,0,3.24844,721.135,6.58221,0.0623576,0.0457972
879,RL,0,Balanced,0.00334978,Low,0,Low,0,3.24448,718.719,6.57886,0.0627834,0.0457926
880,RL,0,Balanced,-0.0123849,Low,0,Low,0,3.27769,727.689,6.59125,0.0622754,0.045788
881,RL,0,Balanced,0.0117517,Low,0,Low,0,3.24332,719.175,6.57949,0.0627457,0.0457835
882,RL,0,Balanced,0.00429916,Low,0,Low,0,3.2303,716.086,6.5752,0.0625305,0.0457789
883,RL,0,Balanced,-0.00196695,Low,0,Low,0,3.23176,717.498,6.57716,0.0625705,0.0457743
884,RL,0,Balanced,-0.00435066,Low,0,Low,0,3.24947,720.631,6.58151,0.0625582,0.0457697
885,RL,0,Balanced,-0.00304842,Low,0,Low,0,3.26187,722.834,6.58456,0.0628794,0.0457652
886,RL,0,Balanced,0.00934172,Low,0,Low,0,3.23311,716.104,6.57522,0.0628164,0.0457606
887,RL,0,Balanced,0.00410128,Low,0,Low,0,3.21752,713.169,6.57112,0.0624929,0.045756
888,RL,0,Balanced,-0.00743389,Low,0,Low,0,3.24141,718.497,6.57855,0.0626082,0.0457514
889,RL,0,Balanced,-0.00254536,Low,0,Low,0,3.24729,720.331,6.5811,0.0629086,0.0457469
890,RL,0,Balanced,0.00479174,Low,0,Low,0,3.23197,716.883,6.57631,0.0624522,0.0457423
891,RL,0,Balanced,-0.00685835,Low,0,Low,0,3.25646,721.823,6.58316,0.0626028,0.0457377
892,RL,0,Balanced,0.014575,Low,0,Low,0,3.21259,711.365,6.56859,0.062748,0.0457331
893,RL,0,Balanced,-0.00837755,Low,0,Low,0,3.2345,717.357,6.57697,0.0625621,0.0457286
894,RL,0,Balanced,-0.0105033,Low,0,Low,0,3.26665,724.942,6.58747,0.0627695,0.045724
895,RL,0,Balanced,0.000697613,Low,0,Low,0,3.26701,724.436,6.58677,0.0625113,0.0457194
896,RL,0,Balanced,0.0033946,Low,0,Low,0,3.26189,721.978,6.58338,0.0629171,0.0457148
897,RL,0,Balanced,-0.0013423,Low,0,Low,0,3.25738,722.949,6.58472,0.0627127,0.0457103
898,RL,0,Balanced,0.00400114,Low,0,Low,0,3.24905,720.058,6.58072,0.0627388,0.0457057
899,RL,0,Balanced,0.00182724,Low,0,Low,0,3.23847,718.742,6.57889,0.0623238,0.0457011
900,RL,0,Balanced,0.00238943,Low,0,Low,0,3.23579,717.024,6.5765,0.0624837,0.0456966
901,RL,0,Balanced,0.00350618,Low,0,Low,0,3.22325,714.511,6.573,0.0625452,0.045692
902,RL,0,Balanced,-0.00191689,Low,0,Low,0,3.22553,715.884,6.57491,0.0626397,0.0456874
903,RL,0,Balanced,0.00145578,Low,0,Low,0,3.22225,714.841,6.57346,0.0625913,0.0456829
904,RL,0,Balanced,-0.00714064,Low,0,Low,0,3.25001,719.971,6.5806,0.0630723,0.0456783
905,RL,0,Balanced,-0.000619888,Low,0,Low,0,3.24856,720.418,6.58122,0.0624944,0.0456737
906,RL,0,Balanced,0.0101953,Low,0,Low,0,3.22077,713.1,6.57102,0.0624814,0.0456691
907,RL,0,Balanced,-0.0114641,Low,0,Low,0,3.2549,721.334,6.58249,0.0627488,0.0456646
908,RL,0,Balanced,0.00836754,Low,0,Low,0,3.22468,715.315,6.57412,0.0626796,0.04566
909,RL,0,Balanced,-0.00732183,Low,0,Low,0,3.24923,720.579,6.58144,0.0630024,0.0456555
910,RL,0,Balanced,0.00377464,Low,0,Low,0,3.24094,717.86,6.57767,0.0629117,0.0456509
911,RL,0,Balanced,-0.00138092,Low,0,Low,0,3.23998,718.854,6.57905,0.0625751,0.0456463
912,RL,0,Balanced,0.000510693,Low,0,Low,0,3.24061,718.486,6.57854,0.0627718,0.0456418
913,RL,0,Balanced,-0.00218296,Low,0,Low,0,3.24794,720.058,6.58072,0.0629978,0.0456372
914,RL,0,Balanced,-0.0118523,Low,0,Low,0,3.28514,728.655,6.59257,0.0625267,0.0456326
915,RL,0,Balanced,0.0106778,Low,0,Low,0,3.25162,720.906,6.58189,0.0627795,0.0456281
916,RL,0,Balanced,0.00498819,Low,0,Low,0,3.23911,717.314,6.57691,0.0628963,0.0456235
917,RL,0,Balanced,0.000885963,Low,0,Low,0,3.23713,716.677,6.57602,0.062645,0.0456189
918,RL,0,Balanced,-0.00268316,Low,0,Low,0,3.24073,718.606,6.5787,0.0623231,0.0456144
919,RL,0,Balanced,-0.00512838,Low,0,Low,0,3.25104,722.306,6.58383,0.062572,0.0456098
920,RL,0,Balanced,0.00483704,Low,0,Low,0,3.24184,718.815,6.57899,0.0626504,0.0456053
921,RL,0,Balanced,0.011354,Low,0,Low,0,3.2129,710.689,6.56764,0.0626228,0.0456007
922,RL,0,Balanced,-0.0100083,Low,0,Low,0,3.23584,717.847,6.57765,0.0626873,0.0455961
923,RL,0,Balanced,-0.00152254,Low,0,Low,0,3.23993,718.943,6.57917,0.0624998,0.0455916
924,RL,0,Balanced,0.000462055,Low,0,Low,0,3.24322,718.61,6.57871,0.0628356,0.045587
925,RL,0,Balanced,0.00244236,Low,0,Low,0,3.23344,716.855,6.57627,0.0628287,0.0455825
926,RL,0,Balanced,0.00191259,Low,0,Low,0,3.2282,715.483,6.57435,0.0625559,0.0455779
927,RL,0,Balanced,-0.00285864,Low,0,Low,0,3.23893,717.534,6.57721,0.0626112,0.0455733
928,RL,0,Balanced,-0.00311184,Low,0,Low,0,3.24561,719.774,6.58033,0.062592,0.0455688
929,RL,0,Balanced,-0.000769615,Low,0,Low,0,3.25269,720.329,6.58109,0.0628256,0.0455642
930,RL,0,Balanced,0.00359297,Low,0,Low,0,3.23593,717.742,6.5775,0.0629378,0.0455597
931,RL,0,Balanced,-0.00189638,Low,0,Low,0,3.24224,719.106,6.5794,0.0628564,0.0455551
932,RL,0,Balanced,0.0105882,Low,0,Low,0,3.21553,711.521,6.56881,0.0628756,0.0455506
933,RL,0,Balanced,-0.0173135,Low,0,Low,0,3.26735,723.965,6.58612,0.0626297,0.045546
934,RL,0,Balanced,0.00355101,Low,0,Low,0,3.25305,721.395,6.58257,0.0626842,0.0455415
935,RL,0,Balanced,0.00623941,Low,0,Low,0,3.23576,716.902,6.57633,0.0623669,0.0455369
936,RL,0,Balanced,-0.0122852,Low,0,Low,0,3.27232,725.776,6.58862,0.0628141,0.0455323
937,RL,0,Balanced,0.00135279,Low,0,Low,0,3.26966,724.794,6.58727,0.0627903,0.0455278
938,RL,0,Balanced,0.000417709,Low,0,Low,0,3.2604,724.49,6.58685,0.062695,0.0455232
939,RL,0,Balanced,0.00619888,Low,0,Low,0,3.24998,720.007,6.58065,0.062529,0.0455187
940,RL,0,Balanced,0.000882626,Low,0,Low,0,3.242,719.371,6.57977,0.0624998,0.0455141
941,RL,0,Balanced,0.00664234,Low,0,Low,0,3.23006,714.602,6.57312,0.062602,0.0455096
942,RL,0,Balanced,0.00187445,Low,0,Low,0,3.21768,713.262,6.57125,0.0626143,0.045505
943,RL,0,Balanced,-0.00845003,Low,0,Low,0,3.24562,719.323,6.5797,0.0628518,0.0455005
944,RL,0,Balanced,0.00165319,Low,0,Low,0,3.24208,718.133,6.57805,0.0627488,0.0454959
945,RL,0,Balanced,0.000791073,Low,0,Low,0,3.2369,717.564,6.57726,0.062735,0.0454914
946,RL,0,Balanced,-0.00627375,Low,0,Low,0,3.25487,722.087,6.58353,0.0627004,0.0454868
947,RL,0,Balanced,0.00711489,Low,0,Low,0,3.23919,716.96,6.57641,0.0626766,0.0454823
948,RL,0,Balanced,-0.0108976,Low,0,Low,0,3.26792,724.827,6.58731,0.0627987,0.0454777
949,RL,0,Balanced,0.00626945,Low,0,Low,0,3.24792,720.291,6.58104,0.0623054,0.0454732
950,RL,0,Balanced,0.00496197,Low,0,Low,0,3.23127,716.721,6.57608,0.0626258,0.0454686
951,RL,0,Balanced,-0.00554609,Low,0,Low,0,3.25355,720.712,6.58163,0.062841,0.0454641
952,RL,0,Balanced,-0.0104098,Low,0,Low,0,3.28559,728.264,6.59204,0.0630385,0.0454596
953,RL,0,Balanced,0.0070591,Low,0,Low,0,3.26833,723.135,6.58498,0.0630016,0.045455
954,RL,0,Balanced,0.00041008,Low,0,Low,0,3.2621,722.838,6.58457,0.062602,0.0454505
955,RL,0,Balanced,0.00873852,Low,0,Low,0,3.22793,716.54,6.57583,0.0627649,0.0454459
956,RL,0,Balanced,-0.0134912,Low,0,Low,0,3.27512,726.286,6.58932,0.0628318,0.0454414
957,RL,0,Balanced,0.00824642,Low,0,Low,0,3.25023,720.313,6.58107,0.0625382,0.0454368
958,RL,0,Balanced,-0.00546885,Low,0,Low,0,3.26221,724.268,6.58654,0.0627811,0.0454323
959,RL,0,Balanced,0.00545216,Low,0,Low,0,3.24985,720.325,6.58109,0.0624445,0.0454277
960,RL,0,BSDF Heavy,0.00327158,Low,0,Low,0,3.2394,717.969,6.57782,0.0626235,0.0454232
961,RL,0,BSDF Heavy,-0.00852013,Low,0,Low,0,3.27276,724.121,6.58634,0.0661677,0.0454187
962,RL,0,BSDF Heavy,0.00571156,Low,0,Low,0,3.24858,719.991,6.58063,0.0657381,0.0454141
963,RL,0,BSDF Heavy,0.000549793,Low,0,Low,0,3.25472,719.595,6.58008,0.0662706,0.0454096
964,RL,0,BSDF Heavy,0.000561714,Low,0,Low,0,3.24894,719.19,6.57952,0.0660194,0.045405
965,RL,0,BSDF Heavy,-0.00935125,Low,0,Low,0,3.27744,725.957,6.58887,0.0660855,0.0454005
966,RL,0,BSDF Heavy,0.00839281,Low,0,Low,0,3.25039,719.881,6.58047,0.0659594,0.045396
967,RL,0,BSDF Heavy,-0.00125027,Low,0,Low,0,3.25384,720.783,6.58172,0.0655929,0.0453914
968,RL,0,BSDF Heavy,0.00243425,Low,0,Low,0,3.24349,719.028,6.57929,0.0654945,0.0453869
969,RL,0,BSDF Heavy,0.00778341,Low,0,Low,0,3.22478,713.445,6.57151,0.065805,0.0453823
970,RL,0,BSDF Heavy,-0.00804043,Low,0,Low,0,3.24314,719.213,6.57955,0.065599,0.0453778
971,RL,0,BSDF Heavy,0.00415564,Low,0,Low,0,3.2365,716.226,6.57539,0.0654353,0.0453733
972,RL,0,BSDF Heavy,-0.00278854,Low,0,Low,0,3.24895,718.229,6.57818,0.0659241,0.0453687
973,RL,0,BSDF Heavy,-0.00601006,Low,0,Low,0,3.26138,722.565,6.58419,0.0661708,0.0453642
974,RL,0,BSDF Heavy,0.000384331,Low,0,Low,0,3.25796,722.286,6.58381,0.0658311,0.0453597
975,RL,0,BSDF Heavy,-0.00169849,Low,0,Low,0,3.26959,723.516,6.5855,0.0662161,0.0453551
976,RL,0,BSDF Heavy,0.00832081,Low,0,Low,0,3.24022,717.513,6.57718,0.066024,0.0453506
977,RL,0,BSDF Heavy,0.00248861,Low,0,Low,0,3.23017,715.727,6.57469,0.065848,0.045346
978,RL,0,BSDF Heavy,-0.00225115,Low,0,Low,0,3.24076,717.342,6.57695,0.0657005,0.0453415
979,RL,0,BSDF Heavy,-0.00731134,Low,0,Low,0,3.26582,722.613,6.58426,0.065964,0.045337
980,RL,0,BSDF Heavy,-0.00625229,Low,0,Low,0,3.28417,727.152,6.59051,0.0662422,0.0453324
981,RL,0,BSDF Heavy,0.0158362,Low,0,Low,0,3.23335,715.711,6.57467,0.0658534,0.0453279
982,RL,0,BSDF Heavy,-0.0119758,Low,0,Low,0,3.26937,724.346,6.58665,0.065805,0.0453234
983,RL,0,BSDF Heavy,0.0012722,Low,0,Low,0,3.26301,723.424,6.58538,0.0657135,0.0453188
984,RL,0,BSDF Heavy,0.00642347,Low,0,Low,0,3.24701,718.785,6.57895,0.065805,0.0453143
985,RL,0,BSDF Heavy,-0.0085206,Low,0,Low,0,3.27366,724.945,6.58747,0.065901,0.0453098
986,RL,0,BSDF Heavy,0.0218077,Low,0,Low,0,3.20757,709.285,6.56567,0.0658534,0.0453053
987,RL,0,BSDF Heavy,-0.0169873,Low,0,Low,0,3.26098,721.454,6.58265,0.0659287,0.0453007
988,RL,0,BSDF Heavy,-0.00266647,Low,0,Low,0,3.26668,723.383,6.58532,0.065785,0.0452962
989,RL,0,BSDF Heavy,0.00921679,Low,0,Low,0,3.23855,716.737,6.5761,0.0657089,0.0452917
990,RL,0,BSDF Heavy,-0.00933933,Low,0,Low,0,3.2672,723.472,6.58544,0.0659671,0.0452871
991,RL,0,BSDF Heavy,0.0086894,Low,0,Low,0,3.23883,717.204,6.57675,0.0659663,0.0452826
992,RL,0,Balanced,-0.00568533,Low,0,Low,0,3.25824,721.298,6.58244,0.0655952,0.0452781
993,RL,0,Balanced,0.00697851,Low,0,Low,0,3.23258,716.276,6.57546,0.0625828,0.0452736
994,RL,0,Balanced,-0.0010972,Low,0,Low,0,3.23521,717.063,6.57656,0.0625628,0.045269
995,RL,0,Balanced,-0.00319433,Low,0,Low,0,3.24273,719.36,6.57975,0.0626988,0.0452645
996,RL,0,Balanced,-0.000679493,Low,0,Low,0,3.2489,719.85,6.58043,0.0626912,0.04526
997,RL,0,Balanced,-0.00189638,Low,0,Low,0,3.24916,721.218,6.58233,0.0627918,0.0452554
998,RL,0,Balanced,0.00741863,Low,0,Low,0,3.23216,715.88,6.57491,0.0627657,0.0452509
999,RL,0,Balanced,-0.0106988,Low,0,Low,0,3.2651,723.591,6.58561,0.0631054,0.0452464
1000,RL,0,Balanced,0.0069809,Low,0,Low,0,3.2419,718.55,6.57863,0.0626927,0.0452419
1001,RL,0,Balanced,0.00242805,Low,0,Low,0,3.23114,716.805,6.5762,0.0626689,0.0452373
1002,RL,0,Balanced,0.00687504,Low,0,Low,0,3.21355,711.887,6.56932,0.0624529,0.0452328
1003,RL,0,Balanced,-0.0167751,Low,0,Low,0,3.26151,723.947,6.5861,0.062373,0.0452283
1004,RL,0,Balanced,0.00328159,Low,0,Low,0,3.25032,721.572,6.58282,0.062343,0.0452238
1005,RL,0,Balanced,-0.00141335,Low,0,Low,0,3.26046,722.594,6.58423,0.0627542,0.0452193
1006,RL,0,Balanced,-0.00207472,Low,0,Low,0,3.26334,724.097,6.58631,0.0626304,0.0452147
1007,RL,0,Balanced,0.00469017,Low,0,Low,0,3.24791,720.704,6.58161,0.0624214,0.0452102
1008,RL,0,Balanced,0.00295448,Low,0,Low,0,3.24114,718.575,6.57866,0.0629885,0.0452057
1009,RL,0,Balanced,-0.00426674,Low,0,Low,0,3.25611,721.652,6.58293,0.0629217,0.0452012
1010,RL,0,Balanced,-0.00322437,Low,0,Low,0,3.26648,723.985,6.58615,0.0628625,0.0451967
1011,RL,0,Balanced,0.00465345,Low,0,Low,0,3.2528,720.62,6.5815,0.0627442,0.0451921
1012,RL,0,Balanced,0.00388861,Low,0,Low,0,3.24094,717.819,6.57761,0.062725,0.0451876
1013,RL,0,Balanced,0.00550222,Low,0,Low,0,3.22353,713.875,6.57211,0.0625705,0.0451831
1014,RL,0,Balanced,-0.0137982,Low,0,Low,0,3.26216,723.807,6.58591,0.0632375,0.0451786
1015,RL,0,Balanced,0.0073328,Low,0,Low,0,3.24318,718.512,6.57857,0.0627088,0.0451741
1016,RL,0,Balanced,0.00340891,Low,0,Low,0,3.23329,716.063,6.57516,0.062685,0.0451695
1017,RL,0,Balanced,-0.0134225,Low,0,Low,0,3.27057,725.753,6.58859,0.0628018,0.045165
1018,RL,0,Balanced,0.00513077,Low,0,Low,0,3.25828,722.034,6.58346,0.0626066,0.0451605
1019,RL,0,Balanced,0.000135422,Low,0,Low,0,3.25434,721.936,6.58332,0.0623945,0.045156
1020,RL,0,Balanced,0.00293541,Low,0,Low,0,3.25276,719.816,6.58038,0.062788,0.0451515
1021,RL,0,Balanced,0.00289917,Low,0,Low,0,3.23742,717.73,6.57749,0.0624683,0.045147
1022,RL,0,Balanced,0.00142622,Low,0,Low,0,3.23112,716.705,6.57606,0.0628325,0.0451424
1023,RL,0,Balanced,-0.00965118,Low,0,Low,0,3.26112,723.666,6.58571,0.0625951,0.0451379
1024,RL,0,Balanced,0.00900984,Low,0,Low,0,3.23484,717.166,6.5767,0.0626504,0.0451334
1025,RL,0,Balanced,-0.0113769,Low,0,Low,0,3.26929,725.383,6.58808,0.0627396,0.0451289
1026,RL,0,Balanced,-0.000660419,Low,0,Low,0,3.27262,725.863,6.58874,0.0626397,0.0451244
1027,RL,0,Balanced,0.00898314,Low,0,Low,0,3.24518,719.363,6.57975,0.0627496,0.0451199
1028,RL,0,Balanced,0.00290489,Low,0,Low,0,3.24018,717.273,6.57685,0.0628003,0.0451154
1029,RL,0,Balanced,-0.000654697,Low,0,Low,0,3.23849,717.744,6.5775,0.0626012,0.0451109
1030,RL,0,Balanced,-0.00272942,Low,0,Low,0,3.2462,719.708,6.58023,0.0625574,0.0451063
1031,RL,0,Balanced,-0.00199413,Low,0,Low,0,3.25232,721.147,6.58223,0.0627104,0.0451018
1032,RL,0,Balanced,-0.00097847,Low,0,Low,0,3.25542,721.854,6.58321,0.062768,0.0450973
1033,RL,0,Balanced,0.000380993,Low,0,Low,0,3.2577,721.578,6.58283,0.0629132,0.0450928
1034,RL,0,Balanced,0.000568867,Low,0,Low,0,3.25333,721.167,6.58226,0.0628518,0.0450883
1035,RL,0,Balanced,0.00391817,Low,0,Low,0,3.23792,718.343,6.57834,0.0625044,0.0450838
1036,RL,0,Balanced,-0.00229788,Low,0,Low,0,3.24111,719.998,6.58064,0.062343,0.0450793
1037,RL,0,Balanced,-0.00837898,Low,0,Low,0,3.27531,726.065,6.58902,0.0627465,0.0450748
1038,RL,0,Balanced,0.00662136,Low,0,Low,0,3.25423,721.267,6.58239,0.0631023,0.0450703
1039,RL,0,Balanced,-1.19E-05,Low,0,Low,0,3.25315,721.275,6.58241,0.0625943,0.0450658
1040,RL,0,Balanced,-0.00384092,Low,0,Low,0,3.26228,724.055,6.58625,0.0628149,0.0450613
1041,RL,0,Balanced,0.00255823,Low,0,Low,0,3.25967,722.202,6.58369,0.0629278,0.0450568
1042,RL,0,Balanced,-0.000565529,Low,0,Low,0,3.25633,722.611,6.58425,0.0626873,0.0450523
1043,RL,0,Balanced,0.00650978,Low,0,Low,0,3.23585,717.916,6.57774,0.0626766,0.0450477
1044,RL,0,Balanced,0.00538063,Low,0,Low,0,3.22065,714.058,6.57236,0.0624906,0.0450432
1045,RL,0,Balanced,-0.00126839,Low,0,Low,0,3.22875,714.966,6.57363,0.0626443,0.0450387
1046,RL,0,Balanced,-0.00621605,Low,0,Low,0,3.24277,719.43,6.57985,0.0628602,0.0450342
1047,RL,0,Balanced,0.00265169,Low,0,Low,0,3.23585,717.522,6.5772,0.0624998,0.0450297
1048,RL,0,Balanced,0.00457287,Low,0,Low,0,3.22438,714.244,6.57262,0.0626789,0.0450252
1049,RL,0,Balanced,-0.00942802,Low,0,Low,0,3.25305,721.019,6.58205,0.0627411,0.0450207
1050,RL,0,Balanced,0.00324392,Low,0,Low,0,3.24379,718.681,6.57881,0.0626035,0.0450162
1051,RL,0,Balanced,-0.00058794,Low,0,Low,0,3.24548,719.104,6.5794,0.0629179,0.0450117
1052,RL,0,Balanced,0.000573158,Low,0,Low,0,3.23983,718.691,6.57882,0.062549,0.0450072
1053,RL,0,Balanced,0.00546837,Low,0,Low,0,3.22586,714.767,6.57335,0.0626312,0.0450027
1054,RL,0,Balanced,-0.00695658,Low,0,Low,0,3.2471,719.763,6.58031,0.0622232,0.0449982
1055,RL,0,Balanced,0.00336933,Low,0,Low,0,3.23488,717.339,6.57694,0.0623991,0.0449937
1056,RL,0,Balanced,-0.00421286,Low,0,Low,0,3.24752,720.372,6.58115,0.0628641,0.0449892
1057,RL,0,Balanced,0.0025034,Low,0,Low,0,3.24076,718.568,6.57865,0.0629455,0.0449847
1058,RL,0,Balanced,-0.00524855,Low,0,Low,0,3.2528,722.355,6.5839,0.0623415,0.0449802
1059,RL,0,Balanced,0.0104184,Low,0,Low,0,3.2281,714.857,6.57348,0.0627734,0.0449757
1060,RL,0,Balanced,-0.00622559,Low,0,Low,0,3.24593,719.328,6.57971,0.0626404,0.0449712
1061,RL,0,Balanced,-0.00159168,Low,0,Low,0,3.24882,720.476,6.5813,0.0627365,0.0449667
1062,RL,0,Balanced,0.00850534,Low,0,Low,0,3.22923,714.365,6.57279,0.0625044,0.0449622
1063,RL,0,Balanced,-0.00324488,Low,0,Low,0,3.23754,716.69,6.57604,0.0627788,0.0449577
1064,RL,0,Balanced,-0.00605106,Low,0,Low,0,3.25125,721.046,6.58209,0.0623915,0.0449532
1065,RL,0,Balanced,-0.00511599,Low,0,Low,0,3.26883,724.75,6.5872,0.0631899,0.0449488
1066,RL,0,Balanced,0.0163517,Low,0,Low,0,3.2178,712.979,6.57085,0.0623085,0.0449443
1067,RL,0,Balanced,-0.0164752,Low,0,Low,0,3.26844,724.839,6.58733,0.0629578,0.0449398
1068,RL,0,Balanced,0.0125175,Low,0,Low,0,3.23227,715.81,6.57481,0.0626112,0.0449353
1069,RL,0,Balanced,-0.00355911,Low,0,Low,0,3.24161,718.366,6.57837,0.0625674,0.0449308
1070,RL,0,Balanced,-0.0127616,Low,0,Low,0,3.27666,727.605,6.59113,0.0623907,0.0449263
1071,RL,0,Balanced,0.0116553,Low,0,Low,0,3.24398,719.162,6.57948,0.0627926,0.0449218
1072,RL,0,Balanced,-0.00519657,Low,0,Low,0,3.26138,722.914,6.58467,0.062841,0.0449173
1073,RL,0,Balanced,0.00186157,Low,0,Low,0,3.25765,721.568,6.58281,0.0629939,0.0449128
1074,RL,0,Balanced,0.00659609,Low,0,Low,0,3.23208,716.817,6.57622,0.0625029,0.0449083
1075,RL,0,Balanced,-0.00801754,Low,0,Low,0,3.25798,722.596,6.58423,0.0625144,0.0449038
1076,RL,0,Balanced,1.09673e-05,Low,0,Low,0,3.26321,722.588,6.58422,0.0627688,0.0448993
1077,RL,0,Balanced,-0.000389099,Low,0,Low,0,3.25587,722.869,6.58461,0.0623307,0.0448948
1078,RL,0,Balanced,-0.000249386,Low,0,Low,0,3.26202,723.05,6.58486,0.0631123,0.0448904
1079,RL,0,Balanced,0.00898361,Low,0,Low,0,3.23043,716.575,6.57588,0.0624306,0.0448859
1080,RL,0,Balanced,-0.00461578,Low,0,Low,0,3.24365,719.894,6.58049,0.0625152,0.0448814
1081,RL,0,Balanced,0.00330067,Low,0,Low,0,3.24131,717.519,6.57719,0.0630354,0.0448769
1082,RL,0,Balanced,0.000166893,Low,0,Low,0,3.23623,717.399,6.57702,0.0626112,0.0448724
1083,RL,0,Balanced,-0.00226021,Low,0,Low,0,3.24345,719.024,6.57929,0.0624429,0.0448679
1084,RL,0,Balanced,-0.00130701,Low,0,Low,0,3.24716,719.966,6.58059,0.0628064,0.0448634
1085,RL,0,Balanced,-0.00386238,Low,0,Low,0,3.25949,722.756,6.58445,0.0628556,0.0448589
1086,RL,0,Balanced,0.0118098,Low,0,Low,0,3.22107,714.259,6.57264,0.0626681,0.0448545
1087,RL,0,Balanced,-0.0111651,Low,0,Low,0,3.25806,722.29,6.58381,0.0627011,0.04485
1088,RL,0,Balanced,0.00360012,Low,0,Low,0,3.24621,719.69,6.58021,0.0627688,0.0448455
1089,RL,0,Balanced,-0.00872278,Low,0,Low,0,3.27081,726.004,6.58893,0.0628164,0.044841
1090,RL,0,Balanced,0.00496292,Low,0,Low,0,3.26043,722.405,6.58397,0.0628395,0.0448365
1091,RL,0,Balanced,0.002316,Low,0,Low,0,3.24739,720.732,6.58165,0.0624575,0.044832
1092,RL,0,Balanced,0.0119605,Low,0,Low,0,3.21716,712.151,6.56969,0.0630262,0.0448276
1093,RL,0,Balanced,-0.02179,Low,0,Low,0,3.28577,727.861,6.59148,0.0625905,0.0448231
1094,RL,0,Balanced,0.0086956,Low,0,Low,0,3.25612,721.551,6.58279,0.0626635,0.0448186
1095,RL,0,Balanced,-0.00166178,Low,0,Low,0,3.25886,722.752,6.58445,0.0626366,0.0448141
1096,RL,0,Balanced,0.00810957,Low,0,Low,0,3.23927,716.907,6.57634,0.0630162,0.0448096
1097,RL,0,Balanced,-0.00529432,Low,0,Low,0,3.25073,720.718,6.58163,0.0625659,0.0448051
1098,RL,0,Balanced,-0.00354815,Low,0,Low,0,3.25829,723.283,6.58518,0.0621363,0.0448007
1099,RL,0,Balanced,0.0101414,Low,0,Low,0,3.2287,715.975,6.57504,0.062715,0.0447962
1100,RL,0,Balanced,-0.0137544,Low,0,Low,0,3.27212,725.904,6.5888,0.0625959,0.0447917
1101,RL,0,Balanced,0.00678253,Low,0,Low,0,3.25079,720.991,6.58201,0.0626881,0.0447872
1102,RL,0,Balanced,0.00491953,Low,0,Low,0,3.23802,717.448,6.57709,0.0626166,0.0447828
1103,RL,0,Balanced,-0.00748491,Low,0,Low,0,3.26343,722.846,6.58458,0.0629455,0.0447783
1104,RL,0,Balanced,0.0105681,Low,0,Low,0,3.23302,715.236,6.57401,0.0625797,0.0447738
1105,RL,0,Balanced,-0.00372696,Low,0,Low,0,3.23689,717.911,6.57774,0.0626366,0.0447693
1106,RL,0,Balanced,-0.00557995,Low,0,Low,0,3.25545,721.933,6.58332,0.0626466,0.0447648
1107,RL,0,Balanced,0.0103636,Low,0,Low,0,3.22491,714.48,6.57295,0.0625144,0.0447604
1108,RL,0,Balanced,-0.0096302,Low,0,Low,0,3.2509,721.403,6.58258,0.0625044,0.0447559
1109,RL,0,Balanced,-0.00576735,Low,0,Low,0,3.2718,725.582,6.58835,0.0624053,0.0447514
1110,RL,0,Balanced,0.00175953,Low,0,Low,0,3.2665,724.304,6.58659,0.0627542,0.0447469
1111,RL,0,Balanced,0.000710487,Low,0,Low,0,3.26017,723.789,6.58588,0.0627188,0.0447425
1112,RL,0,Balanced,0.00573826,Low,0,Low,0,3.24583,719.642,6.58014,0.0627619,0.044738
1113,RL,0,Balanced,-0.000437737,Low,0,Low,0,3.24339,719.958,6.58058,0.0621186,0.0447335
1114,RL,0,Balanced,-0.000488758,Low,0,Low,0,3.25063,720.31,6.58107,0.0629763,0.044729
1115,RL,0,Balanced,0.0010047,Low,0,Low,0,3.24587,719.586,6.58006,0.0629624,0.0447246
1116,RL,0,Balanced,-0.00315714,Low,0,Low,0,3.25689,721.864,6.58322,0.062808,0.0447201
1117,RL,0,Balanced,0.0084734,Low,0,Low,0,3.22771,715.765,6.57475,0.0626258,0.0447156
1118,RL,0,Balanced,-0.00794744,Low,0,Low,0,3.24973,721.484,6.5827,0.062194,0.0447112
1119,RL,0,Balanced,0.00696039,Low,0,Low,0,3.23274,716.473,6.57574,0.0627019,0.0447067
1120,RL,0,Balanced,-0.0116663,Low,0,Low,0,3.26948,724.892,6.5874,0.0627119,0.0447022
1121,RL,0,Balanced,0.00961256,Low,0,Low,0,3.24062,717.948,6.57779,0.0624468,0.0446977
1122,RL,0,Balanced,-0.00599766,Low,0,Low,0,3.25895,722.273,6.58379,0.0630592,0.0446933
1123,RL,0,Balanced,-0.00174141,Low,0,Low,0,3.26257,723.534,6.58553,0.0626143,0.0446888
1124,RL,0,Balanced,0.00984716,Low,0,Low,0,3.23114,716.434,6.57568,0.0625582,0.0446843
1125,RL,0,Balanced,-9.39E-05,Low,0,Low,0,3.22966,716.501,6.57577,0.0624345,0.0446799
1126,RL,0,Balanced,-0.00127649,Low,0,Low,0,3.23601,717.418,6.57705,0.062695,0.0446754
1127,RL,0,Balanced,-0.0102992,Low,0,Low,0,3.26831,724.855,6.58735,0.062934,0.0446709
1128,RL,0,Balanced,0.00964451,Low,0,Low,0,3.23933,717.888,6.57771,0.0626996,0.0446665
1129,RL,0,Balanced,0.00101328,Low,0,Low,0,3.24376,717.16,6.57669,0.0628479,0.044662
1130,RL,0,Balanced,0.00122833,Low,0,Low,0,3.23184,716.279,6.57546,0.0627426,0.0446575
1131,RL,0,Balanced,-0.00433302,Low,0,Low,0,3.24283,719.393,6.5798,0.0626942,0.0446531
1132,RL,0,Balanced,0.00449753,Low,0,Low,0,3.22971,716.16,6.5753,0.0625836,0.0446486
1133,RL,0,Balanced,-0.00535488,Low,0,Low,0,3.25051,720.011,6.58065,0.0627826,0.0446441
1134,RL,0,Balanced,0.00598335,Low,0,Low,0,3.22847,715.71,6.57467,0.0625544,0.0446397
1135,RL,0,Balanced,-0.0127168,Low,0,Low,0,3.26694,724.882,6.58739,0.0624499,0.0446352
1136,RL,0,Balanced,0.00815821,Low,0,Low,0,3.24358,718.985,6.57923,0.0629394,0.0446307
1137,RL,0,Balanced,0.00248814,Low,0,Low,0,3.23728,717.195,6.57674,0.0626074,0.0446263
1138,RL,0,Balanced,-0.00804567,Low,0,Low,0,3.25837,722.997,6.58479,0.0624183,0.0446218
1139,RL,0,Balanced,0.0142956,Low,0,Low,0,3.22143,712.721,6.57049,0.0624629,0.0446174
1140,RL,0,Balanced,-0.016778,Low,0,Low,0,3.26793,724.797,6.58727,0.0628679,0.0446129
1141,RL,0,Balanced,0.0155301,Low,0,Low,0,3.21829,713.612,6.57174,0.0624429,0.0446084
1142,RL,0,Balanced,-0.014142,Low,0,Low,0,3.26108,723.79,6.58588,0.0625275,0.044604
1143,RL,0,Balanced,0.00550699,Low,0,Low,0,3.2522,719.81,6.58037,0.0627127,0.0445995
1144,RL,0,Balanced,0.00501347,Low,0,Low,0,3.2364,716.205,6.57536,0.0627695,0.0445951
1145,RL,0,Balanced,-0.00459576,Low,0,Low,0,3.24455,719.508,6.57996,0.0627803,0.0445906
1146,RL,0,Balanced,0.00709677,Low,0,Low,0,3.2248,714.413,6.57286,0.0627811,0.0445861
1147,RL,0,Balanced,-0.00514269,Low,0,Low,0,3.23875,718.102,6.578,0.0625767,0.0445817
1148,RL,0,Balanced,-0.00577641,Low,0,Low,0,3.26117,722.268,6.58378,0.062715,0.0445772
1149,RL,0,Balanced,0.000638008,Low,0,Low,0,3.25518,721.806,6.58314,0.0626189,0.0445728
1150,RL,0,Balanced,-0.00142527,Low,0,Low,0,3.26709,722.837,6.58457,0.0626143,0.0445683
1151,RL,0,Balanced,0.0119767,Low,0,Low,0,3.22651,714.22,6.57259,0.0625951,0.0445639
1152,RL,0,Balanced,-0.00170183,Low,0,Low,0,3.22653,715.438,6.57429,0.0624814,0.0445594
1153,RL,0,Balanced,-0.007833,Low,0,Low,0,3.25156,721.072,6.58212,0.0630439,0.0445549
1154,RL,0,Balanced,-0.00749779,Low,0,Low,0,3.27527,726.506,6.58962,0.0628379,0.0445505
1155,RL,0,Balanced,0.0134463,Low,0,Low,0,3.23111,716.789,6.57618,0.0627388,0.044546
1156,RL,0,Balanced,-0.00347233,Low,0,Low,0,3.24221,719.286,6.57965,0.0626151,0.0445416
1157,RL,0,Balanced,-0.00721407,Low,0,Low,0,3.2709,724.501,6.58686,0.0631691,0.0445371
1158,RL,0,Balanced,-0.000445366,Low,0,Low,0,3.27135,724.824,6.58731,0.0626351,0.0445327
1159,RL,0,Balanced,0.00991058,Low,0,Low,0,3.23993,717.666,6.5774,0.062748,0.0445282
1160,RL,0,Balanced,-0.00975084,Low,0,Low,0,3.26937,724.708,6.58715,0.0627742,0.0445238
1161,RL,0,Balanced,0.0138121,Low,0,Low,0,3.22427,714.754,6.57334,0.0623446,0.0445193
1162,RL,0,Balanced,-0.00462151,Low,0,Low,0,3.23955,718.069,6.57796,0.062715,0.0445149
1163,RL,0,Balanced,-0.00715923,Low,0,Low,0,3.26088,723.236,6.58512,0.062622,0.0445104
1164,RL,0,Balanced,0.0155983,Low,0,Low,0,3.20992,712.027,6.56952,0.0623023,0.044506
1165,RL,0,Balanced,-0.00493288,Low,0,Low,0,3.22828,715.553,6.57445,0.0627841,0.0445015
1166,RL,0,Balanced,0.00677204,Low,0,Low,0,3.2053,710.716,6.56768,0.0623269,0.0444971
1167,RL,0,Balanced,-0.0127802,Low,0,Low,0,3.249,719.87,6.58046,0.0627534,0.0444926
1168,RL,0,Balanced,0.00607777,Low,0,Low,0,3.23183,715.503,6.57438,0.062891,0.0444882
1169,RL,0,Balanced,-0.00524807,Low,0,Low,0,3.24751,719.273,6.57963,0.0629747,0.0444837
1170,RL,0,Balanced,0.00299311,Low,0,Low,0,3.2321,717.12,6.57664,0.0627665,0.0444793
1171,RL,0,Balanced,-0.00233078,Low,0,Low,0,3.24615,718.796,6.57897,0.0626658,0.0444748
1172,RL,0,Balanced,-0.010345,Low,0,Low,0,3.2736,726.281,6.58931,0.0626335,0.0444704
1173,RL,0,Balanced,0.00660133,Low,0,Low,0,3.25358,721.496,6.58271,0.0625482,0.0444659
1174,RL,0,Balanced,0.00395298,Low,0,Low,0,3.24454,718.645,6.57876,0.0624975,0.0444615
1175,RL,0,Balanced,0.00350475,Low,0,Low,0,3.22913,716.127,6.57525,0.0621379,0.044457
1176,RL,0,Balanced,-0.00195217,Low,0,Low,0,3.23535,717.529,6.57721,0.062423,0.0444526
1177,RL,0,Balanced,-0.0130558,Low,0,Low,0,3.27719,726.971,6.59026,0.0629086,0.0444481
1178,RL,0,Balanced,0.0125904,Low,0,Low,0,3.24213,717.863,6.57767,0.0631276,0.0444437
1179,RL,0,Balanced,0.00330687,Low,0,Low,0,3.23024,715.49,6.57436,0.0625229,0.0444392
1180,RL,0,Balanced,-0.00275993,Low,0,Low,0,3.2373,717.47,6.57712,0.0625044,0.0444348
1181,RL,0,Balanced,-0.0073328,Low,0,Low,0,3.26606,722.758,6.58446,0.0627941,0.0444304
1182,RL,0,Balanced,0.00995493,Low,0,Low,0,3.22988,715.589,6.5745,0.062509,0.0444259
1183,RL,0,Balanced,0.00181532,Low,0,Low,0,3.22477,714.289,6.57269,0.062818,0.0444215
1184,RL,0,Balanced,-0.00883961,Low,0,Low,0,3.25062,720.64,6.58153,0.0628325,0.044417
1185,RL,0,Balanced,0.00555992,Low,0,Low,0,3.23212,716.639,6.57597,0.062506,0.0444126
1186,RL,0,Balanced,-0.00942612,Low,0,Low,0,3.26725,723.435,6.58539,0.0631061,0.0444082
1187,RL,0,Balanced,0.00338268,Low,0,Low,0,3.25215,720.989,6.58201,0.0624222,0.0444037
1188,RL,0,Balanced,-0.00178385,Low,0,Low,0,3.25741,722.278,6.58379,0.0625582,0.0443993
1189,RL,0,Balanced,0.014143,Low,0,Low,0,3.21538,712.121,6.56965,0.0625106,0.0443948
1190,RL,0,Balanced,-0.0114851,Low,0,Low,0,3.24188,720.358,6.58114,0.0626504,0.0443904
1191,RL,0,Balanced,-0.00838947,Low,0,Low,0,3.2759,726.435,6.58953,0.0628863,0.044386
1192,RL,0,Balanced,0.00970602,Low,0,Low,0,3.2481,719.409,6.57982,0.062798,0.0443815
1193,RL,0,Balanced,0.0036726,Low,0,Low,0,3.23739,716.768,6.57615,0.062884,0.0443771
1194,RL,0,Balanced,-0.00609875,Low,0,Low,0,3.25805,721.159,6.58225,0.0629432,0.0443726
1195,RL,0,Balanced,-0.0006814,Low,0,Low,0,3.25487,721.651,6.58293,0.0627642,0.0443682
1196,RL,0,Balanced,0.00822163,Low,0,Low,0,3.22964,715.734,6.57471,0.0626643,0.0443638
1197,RL,0,Balanced,-0.00776386,Low,0,Low,0,3.25554,721.321,6.58247,0.0629793,0.0443593
1198,RL,0,Balanced,0.00792837,Low,0,Low,0,3.22427,715.617,6.57454,0.0623576,0.0443549
1199,RL,0,Balanced,-0.0107803,Low,0,Low,0,3.26078,723.383,6.58532,0.0623438,0.0443505
1200,RL,0,BSDF Heavy,0.00314999,Low,0,Low,0,3.24699,721.105,6.58217,0.0624898,0.044346
1201,RL,0,BSDF Heavy,-9.06E-06,Low,0,Low,0,3.25635,721.112,6.58218,0.0660555,0.0443416
1202,RL,0,BSDF Heavy,0.00546551,Low,0,Low,0,3.24047,717.176,6.57671,0.0656236,0.0443372
1203,RL,0,BSDF Heavy,-0.00653315,Low,0,Low,0,3.25412,721.883,6.58325,0.0659833,0.0443327
1204,RL,0,BSDF Heavy,-0.00126791,Low,0,Low,0,3.26244,722.8,6.58452,0.066127,0.0443283
1205,RL,0,BSDF Heavy,0.005445,Low,0,Low,0,3.244,718.87,6.57907,0.065702,0.0443239
1206,RL,0,BSDF Heavy,-0.00696421,Low,0,Low,0,3.26823,723.901,6.58603,0.0659456,0.0443194
1207,RL,0,BSDF Heavy,0.0062561,Low,0,Low,0,3.25167,719.38,6.57978,0.0662837,0.044315
1208,RL,0,BSDF Heavy,0.00360966,Low,0,Low,0,3.23804,716.784,6.57617,0.0654914,0.0443106
1209,RL,0,BSDF Heavy,-0.00481653,Low,0,Low,0,3.25915,720.25,6.58099,0.0658242,0.0443061
1210,RL,0,BSDF Heavy,-0.00061655,Low,0,Low,0,3.2546,720.694,6.5816,0.0655836,0.0443017
1211,RL,0,BSDF Heavy,-0.010602,Low,0,Low,0,3.28542,728.387,6.5922,0.0658495,0.0442973
1212,RL,0,BSDF Heavy,0.0165482,Low,0,Low,0,3.23192,716.416,6.57566,0.0654261,0.0442928
1213,RL,0,BSDF Heavy,-0.00167322,Low,0,Low,0,3.23625,717.617,6.57733,0.0655537,0.0442884
1214,RL,0,BSDF Heavy,-0.0084157,Low,0,Low,0,3.27015,723.691,6.58574,0.0660255,0.044284
1215,RL,0,BSDF Heavy,0.00167227,Low,0,Low,0,3.25956,722.48,6.58407,0.0658618,0.0442796
1216,RL,0,BSDF Heavy,0.00110769,Low,0,Low,0,3.25775,721.679,6.58296,0.065858,0.0442751
1217,RL,0,BSDF Heavy,0.00459337,Low,0,Low,0,3.2447,718.367,6.57837,0.0656743,0.0442707
1218,RL,0,BSDF Heavy,-0.00344753,Low,0,Low,0,3.25729,720.851,6.58182,0.0657819,0.0442663
1219,RL,0,BSDF Heavy,0.00042057,Low,0,Low,0,3.25291,720.548,6.5814,0.0658956,0.0442618
1220,RL,0,BSDF Heavy,0.00900793,Low,0,Low,0,3.22892,714.077,6.57239,0.0658434,0.0442574
1221,RL,0,BSDF Heavy,-0.00529861,Low,0,Low,0,3.24566,717.876,6.57769,0.0660386,0.044253
1222,RL,0,BSDF Heavy,-0.00854874,Low,0,Low,0,3.27004,724.048,6.58624,0.0663022,0.0442486
1223,RL,0,BSDF Heavy,0.00941324,Low,0,Low,0,3.23928,717.255,6.57682,0.0657965,0.0442441
1224,RL,0,BSDF Heavy,0.00389051,Low,0,Low,0,3.23003,714.466,6.57293,0.0658257,0.0442397
1225,RL,0,BSDF Heavy,-0.00996113,Low,0,Low,0,3.26176,721.629,6.5829,0.0657189,0.0442353
1226,RL,0,BSDF Heavy,-0.00317812,Low,0,Low,0,3.27095,723.929,6.58607,0.0658165,0.0442309
1227,RL,0,BSDF Heavy,0.000646114,Low,0,Low,0,3.26831,723.461,6.58543,0.0658564,0.0442264
1228,RL,0,BSDF Heavy,0.00686979,Low,0,Low,0,3.24433,718.501,6.57856,0.065795,0.044222
1229,RL,0,BSDF Heavy,-0.00770092,Low,0,Low,0,3.26805,724.063,6.58626,0.066369,0.0442176
1230,RL,0,BSDF Heavy,0.0144749,Low,0,Low,0,3.22864,713.643,6.57178,0.0655936,0.0442132
1231,RL,0,BSDF Heavy,-0.0136495,Low,0,Low,0,3.2713,723.465,6.58543,0.065921,0.0442088
1232,RL,0,BSDF Heavy,0.00700665,Low,0,Low,0,3.24576,718.406,6.57843,0.0657197,0.0442043
1233,RL,0,BSDF Heavy,-0.00494766,Low,0,Low,0,3.25926,721.975,6.58337,0.065974,0.0441999
1234,RL,0,BSDF Heavy,-0.00711536,Low,0,Low,0,3.28387,727.137,6.59049,0.0658126,0.0441955
1235,RL,0,BSDF Heavy,0.00729513,Low,0,Low,0,3.26038,721.845,6.58319,0.0656651,0.0441911
1236,RL,0,BSDF Heavy,0.00145578,Low,0,Low,0,3.25901,720.793,6.58174,0.0659594,0.0441867
1237,RL,0,BSDF Heavy,0.003479,Low,0,Low,0,3.24448,718.286,6.57826,0.0661416,0.0441822
1238,RL,0,BSDF Heavy,-0.00196314,Low,0,Low,0,3.24853,719.7,6.58022,0.065828,0.0441778
1239,RL,0,BSDF Heavy,0.00318527,Low,0,Low,0,3.23693,717.408,6.57704,0.065463,0.0441734
1240,RL,0,BSDF Heavy,-0.00941086,Low,0,Low,0,3.26992,724.201,6.58645,0.0660593,0.044169
1241,RL,0,BSDF Heavy,0.00681686,Low,0,Low,0,3.25094,719.274,6.57963,0.0659379,0.0441646
1242,RL,0,BSDF Heavy,0.0005126,Low,0,Low,0,3.24752,718.904,6.57912,0.0659694,0.0441602
1243,RL,0,BSDF Heavy,-0.00676394,Low,0,Low,0,3.26893,723.791,6.58588,0.0659594,0.0441557
1244,RL,0,BSDF Heavy,-0.00276899,Low,0,Low,0,3.27761,725.8,6.58865,0.0657581,0.0441513
1245,RL,0,BSDF Heavy,0.0133743,Low,0,Low,0,3.23818,716.144,6.57528,0.0656697,0.0441469
1246,RL,0,BSDF Heavy,-0.000333786,Low,0,Low,0,3.2375,716.384,6.57561,0.0658979,0.0441425
1247,RL,0,BSDF Heavy,-0.00442791,Low,0,Low,0,3.24747,719.568,6.58004,0.06612,0.0441381
1248,RL,0,BSDF Heavy,0.000807285,Low,0,Low,0,3.24644,718.986,6.57923,0.0657566,0.0441337
1249,RL,0,BSDF Heavy,-0.00254583,Low,0,Low,0,3.25472,720.821,6.58178,0.0661308,0.0441293
1250,RL,0,BSDF Heavy,0.00924015,Low,0,Low,0,3.22735,714.182,6.57254,0.065639,0.0441248
1251,RL,0,BSDF Heavy,-0.000218391,Low,0,Low,0,3.22613,714.339,6.57276,0.0658434,0.0441204
1252,RL,0,BSDF Heavy,-0.00491095,Low,0,Low,0,3.24361,717.86,6.57767,0.0662399,0.044116
1253,RL,0,BSDF Heavy,0.00738001,Low,0,Low,0,3.2183,712.574,6.57029,0.0657673,0.0441116
1254,RL,0,BSDF Heavy,-0.013237,Low,0,Low,0,3.26089,722.083,6.58352,0.0657765,0.0441072
1255,RL,0,BSDF Heavy,0.00365829,Low,0,Low,0,3.25227,719.442,6.57987,0.0660409,0.0441028
1256,RL,0,BSDF Heavy,-0.00230455,Low,0,Low,0,3.25685,721.104,6.58217,0.0660655,0.0440984
1257,RL,0,BSDF Heavy,-0.00163698,Low,0,Low,0,3.26629,722.288,6.58381,0.0657642,0.044094
1258,RL,0,BSDF Heavy,-0.00120926,Low,0,Low,0,3.26982,723.163,6.58502,0.0658303,0.0440896
1259,RL,0,BSDF Heavy,0.00942564,Low,0,Low,0,3.24224,716.369,6.57559,0.0663121,0.0440852
1260,RL,0,BSDF Heavy,-0.00577497,Low,0,Low,0,3.25167,720.524,6.58137,0.0657412,0.0440807
1261,RL,0,BSDF Heavy,-0.00398302,Low,0,Low,0,3.26107,723.403,6.58535,0.0660278,0.0440763
1262,RL,0,BSDF Heavy,0.00267506,Low,0,Low,0,3.2605,721.468,6.58267,0.0661485,0.0440719
1263,RL,0,BSDF Heavy,0.00114965,Low,0,Low,0,3.25775,720.638,6.58152,0.0662199,0.0440675
1264,RL,0,BSDF Heavy,-0.00157547,Low,0,Low,0,3.26056,721.776,6.5831,0.0657496,0.0440631
1265,RL,0,BSDF Heavy,0.0106134,Low,0,Low,0,3.22752,714.146,6.57249,0.0658657,0.0440587
1266,RL,0,BSDF Heavy,-0.00190401,Low,0,Low,0,3.23177,715.508,6.57439,0.0658534,0.0440543
1267,RL,0,BSDF Heavy,0.00191593,Low,0,Low,0,3.22886,714.137,6.57247,0.0654323,0.0440499
1268,RL,0,BSDF Heavy,-0.00840616,Low,0,Low,0,3.24965,720.174,6.58088,0.0657335,0.0440455
1269,RL,0,BSDF Heavy,0.00150919,Low,0,Low,0,3.24498,719.086,6.57937,0.0657742,0.0440411
1270,RL,0,BSDF Heavy,-0.00284004,Low,0,Low,0,3.25538,721.134,6.58221,0.0658119,0.0440367
1271,RL,0,BSDF Heavy,-0.000271797,Low,0,Low,0,3.25658,721.331,6.58248,0.0660355,0.0440323
1272,RL,0,BSDF Heavy,0.00161314,Low,0,Low,0,3.25701,720.166,6.58087,0.065838,0.0440279
1273,RL,0,BSDF Heavy,-0.00640774,Low,0,Low,0,3.27208,724.802,6.58728,0.0658349,0.0440235
1274,RL,0,BSDF Heavy,0.00547171,Low,0,Low,0,3.25588,720.841,6.58181,0.0660501,0.0440191
1275,RL,0,BSDF Heavy,-0.00263977,Low,0,Low,0,3.26038,722.749,6.58445,0.0658672,0.0440147
1276,RL,0,BSDF Heavy,-0.00158215,Low,0,Low,0,3.27101,723.896,6.58603,0.0659994,0.0440103
1277,RL,0,BSDF Heavy,0.00586653,Low,0,Low,0,3.2509,719.655,6.58016,0.0659587,0.0440059
1278,RL,0,BSDF Heavy,-0.0014081,Low,0,Low,0,3.25233,720.671,6.58157,0.0657112,0.0440015
1279,RL,0,BSDF Heavy,0.00599861,Low,0,Low,0,3.23704,716.355,6.57557,0.0659264,0.0439971
1280,RL,0,BSDF Heavy,-0.00705528,Low,0,Low,0,3.26146,721.434,6.58263,0.0659241,0.0439927
1281,RL,0,BSDF Heavy,0.0041337,Low,0,Low,0,3.2415,718.454,6.57849,0.0656728,0.0439883
1282,RL,0,BSDF Heavy,-0.00999975,Low,0,Low,0,3.2751,725.684,6.58849,0.0659894,0.0439839
1283,RL,0,BSDF Heavy,0.00924397,Low,0,Low,0,3.24697,718.998,6.57925,0.0655521,0.0439795
1284,RL,0,BSDF Heavy,-0.00512552,Low,0,Low,0,3.25825,722.698,6.58437,0.0661723,0.0439751
1285,RL,0,BSDF Heavy,0.00165176,Low,0,Low,0,3.25947,721.503,6.58272,0.0658588,0.0439707
1286,RL,0,BSDF Heavy,0.0043292,Low,0,Low,0,3.2456,718.382,6.57839,0.0657235,0.0439663
1287,RL,0,BSDF Heavy,0.0124927,Low,0,Low,0,3.20206,709.451,6.5659,0.0656928,0.0439619
1288,RL,0,BSDF Heavy,-0.016695,Low,0,Low,0,3.25479,721.411,6.58259,0.0657719,0.0439575
1289,RL,0,BSDF Heavy,-0.00400114,Low,0,Low,0,3.27193,724.308,6.5866,0.0658833,0.0439531
1290,RL,0,BSDF Heavy,0.01197,Low,0,Low,0,3.23786,715.678,6.57463,0.0658157,0.0439487
1291,RL,0,BSDF Heavy,-0.00238228,Low,0,Low,0,3.23806,717.387,6.57701,0.0656835,0.0439443
1292,RL,0,BSDF Heavy,0.00313282,Low,0,Low,0,3.22714,715.14,6.57388,0.0656897,0.0439399
1293,RL,0,BSDF Heavy,-0.0140362,Low,0,Low,0,3.27578,725.262,6.58791,0.0660778,0.0439355
1294,RL,0,BSDF Heavy,0.00564671,Low,0,Low,0,3.25555,721.173,6.58226,0.0661277,0.0439311
1295,RL,0,BSDF Heavy,-0.00784969,Low,0,Low,0,3.27698,726.864,6.59011,0.0655936,0.0439267
1296,RL,0,BSDF Heavy,0.000742912,Low,0,Low,0,3.27136,726.324,6.58937,0.0658618,0.0439223
1297,RL,0,BSDF Heavy,0.00878048,Low,0,Low,0,3.25171,719.966,6.58059,0.0657566,0.0439179
1298,RL,0,BSDF Heavy,0.00170803,Low,0,Low,0,3.24876,718.735,6.57888,0.06619,0.0439136
1299,RL,0,BSDF Heavy,0.00294399,Low,0,Low,0,3.23472,716.619,6.57594,0.0658249,0.0439092
1300,RL,0,BSDF Heavy,-0.00855732,Low,0,Low,0,3.26491,722.787,6.5845,0.0659095,0.0439048
1301,RL,0,BSDF Heavy,0.00244427,Low,0,Low,0,3.26104,721.02,6.58205,0.0661669,0.0439004
1302,RL,0,BSDF Heavy,0.00303602,Low,0,Low,0,3.24773,718.831,6.57902,0.0658903,0.043896
1303,RL,0,BSDF Heavy,-0.00310659,Low,0,Low,0,3.25277,721.07,6.58212,0.0657166,0.0438916
1304,RL,0,BSDF Heavy,0.00307274,Low,0,Low,0,3.24433,718.855,6.57905,0.0657235,0.0438872
1305,RL,0,BSDF Heavy,3.91006e-05,Low,0,Low,0,3.24451,718.827,6.57901,0.0656259,0.0438828
1306,RL,0,BSDF Heavy,-0.000275612,Low,0,Low,0,3.24855,719.025,6.57929,0.0656405,0.0438784
1307,RL,0,BSDF Heavy,-0.00252581,Low,0,Low,0,3.25381,720.846,6.58181,0.0658564,0.0438741
1308,RL,0,BSDF Heavy,-0.000257492,Low,0,Low,0,3.2549,721.032,6.58207,0.0659179,0.0438697
1309,RL,0,BSDF Heavy,-0.00295115,Low,0,Low,0,3.2645,723.166,6.58502,0.065868,0.0438653
1310,RL,0,BSDF Heavy,0.00802326,Low,0,Low,0,3.24431,717.379,6.577,0.0657735,0.0438609
1311,RL,0,BSDF Heavy,-0.00442028,Low,0,Low,0,3.25591,720.562,6.58142,0.0660463,0.0438565
1312,RL,0,BSDF Heavy,0.0120721,Low,0,Low,0,3.21584,711.904,6.56935,0.0659686,0.0438521
1313,RL,0,BSDF Heavy,-0.00382423,Low,0,Low,0,3.22705,714.635,6.57317,0.065453,0.0438477
1314,RL,0,BSDF Heavy,-0.0112028,Low,0,Low,0,3.26089,722.697,6.58437,0.0659233,0.0438433
1315,RL,0,BSDF Heavy,0.0107441,Low,0,Low,0,3.2284,714.963,6.57363,0.0657381,0.043839
1316,RL,0,BSDF Heavy,-0.0134902,Low,0,Low,0,3.27243,724.687,6.58712,0.0658634,0.0438346
1317,RL,0,BSDF Heavy,0.00392485,Low,0,Low,0,3.25786,721.845,6.58319,0.0660855,0.0438302
1318,RL,0,BSDF Heavy,-0.00172663,Low,0,Low,0,3.26763,723.094,6.58492,0.0654991,0.0438258
1319,RL,0,BSDF Heavy,-0.0016222,Low,0,Low,0,3.26951,724.269,6.58654,0.0657858,0.0438214
1320,RL,0,BSDF Heavy,0.00781345,Low,0,Low,0,3.24371,718.625,6.57873,0.0658818,0.0438171
1321,RL,0,BSDF Heavy,0.00381088,Low,0,Low,0,3.23367,715.888,6.57492,0.0657396,0.0438127
1322,RL,0,BSDF Heavy,-0.0095377,Low,0,Low,0,3.26304,722.757,6.58446,0.0657366,0.0438083
1323,RL,0,BSDF Heavy,0.00301409,Low,0,Low,0,3.25759,720.579,6.58144,0.0658065,0.0438039
1324,RL,0,BSDF Heavy,-0.00967407,Low,0,Low,0,3.28271,727.594,6.59112,0.0665027,0.0437995
1325,RL,0,BSDF Heavy,0.0077405,Low,0,Low,0,3.26475,721.976,6.58338,0.0657796,0.0437951
1326,RL,0,BSDF Heavy,0.00693607,Low,0,Low,0,3.23808,716.979,6.57644,0.0658472,0.0437908
1327,RL,0,BSDF Heavy,-0.000353336,Low,0,Low,0,3.24448,717.233,6.57679,0.0655867,0.0437864
1328,RL,0,BSDF Heavy,0.000143528,Low,0,Low,0,3.24244,717.129,6.57665,0.0659072,0.043782
1329,RL,0,BSDF Heavy,0.00234604,Low,0,Low,0,3.23323,715.447,6.5743,0.0656805,0.0437776
1330,RL,0,BSDF Heavy,-0.00515985,Low,0,Low,0,3.25213,719.153,6.57946,0.0656413,0.0437733
1331,RL,0,BSDF Heavy,-0.00491047,Low,0,Low,0,3.26283,722.698,6.58437,0.0660701,0.0437689
1332,RL,0,BSDF Heavy,0.015698,Low,0,Low,0,3.21699,711.426,6.56868,0.0658841,0.0437645
1333,RL,0,BSDF Heavy,-0.0199113,Low,0,Low,0,3.273,725.754,6.58859,0.0664097,0.0437601
1334,RL,0,BSDF Heavy,0.000762939,Low,0,Low,0,3.27465,725.199,6.58782,0.0659356,0.0437558
1335,RL,0,BSDF Heavy,0.00979328,Low,0,Low,0,3.24316,718.122,6.57803,0.065503,0.0437514
1336,RL,0,BSDF Heavy,-0.0031786,Low,0,Low,0,3.25848,720.411,6.58121,0.0658987,0.043747
1337,RL,0,BSDF Heavy,-0.00308084,Low,0,Low,0,3.26095,722.637,6.58429,0.0658465,0.0437426
1338,RL,0,BSDF Heavy,0.00380135,Low,0,Low,0,3.24733,719.892,6.58049,0.0656382,0.0437382
1339,RL,0,BSDF Heavy,0.00446653,Low,0,Low,0,3.23596,716.679,6.57602,0.0656989,0.0437339
1340,RL,0,BSDF Heavy,-0.00856447,Low,0,Low,0,3.2665,722.852,6.58459,0.0658511,0.0437295
1341,RL,0,BSDF Heavy,-0.000293255,Low,0,Low,0,3.2649,723.065,6.58488,0.0657527,0.0437251
1342,RL,0,BSDF Heavy,0.00181961,Low,0,Low,0,3.26172,721.748,6.58306,0.0657366,0.0437208
1343,RL,0,BSDF Heavy,-0.00726414,Low,0,Low,0,3.28251,727.017,6.59032,0.0662922,0.0437164
1344,RL,0,BSDF Heavy,0.0111618,Low,0,Low,0,3.24997,718.937,6.57916,0.0657127,0.043712
1345,RL,0,BSDF Heavy,0.00141668,Low,0,Low,0,3.24384,717.917,6.57775,0.0660555,0.0437076
1346,RL,0,BSDF Heavy,0.00272608,Low,0,Low,0,3.23444,715.96,6.57502,0.0658457,0.0437033
1347,RL,0,BSDF Heavy,-0.00552607,Low,0,Low,0,3.25125,719.933,6.58055,0.0658711,0.0436989
1348,RL,0,BSDF Heavy,-0.0038023,Low,0,Low,0,3.26544,722.68,6.58435,0.0658564,0.0436945
1349,RL,0,BSDF Heavy,-0.000895977,Low,0,Low,0,3.27211,723.328,6.58524,0.0662245,0.0436902
1350,RL,0,BSDF Heavy,0.00559282,Low,0,Low,0,3.24854,719.288,6.57965,0.0655952,0.0436858
1351,RL,0,BSDF Heavy,0.00151968,Low,0,Low,0,3.24065,718.195,6.57813,0.0658096,0.0436814
1352,RL,3,BSDF Heavy,0.00125551,Low,0,Low,0,3.23683,717.292,6.57688,0.0656889,0.0436771
1353,RL,3,BSDF Heavy,0.000500202,Low,0,Low,0,3.23705,716.933,6.57638,0.0657005,0.0436727
1354,RL,3,BSDF Heavy,0.00571585,Low,0,Low,0,3.22261,712.841,6.57066,0.0656582,0.0436683
1355,RL,3,BSDF Heavy,-0.0167894,Low,0,Low,0,3.26976,724.928,6.58745,0.0656259,0.043664
1356,RL,3,BSDF Heavy,0.00115061,Low,0,Low,0,3.27017,724.093,6.5863,0.0660148,0.0436596
1357,RL,3,BSDF Heavy,0.000299931,Low,0,Low,0,3.2688,723.875,6.586,0.0660709,0.0436552
1358,RL,3,BSDF Heavy,0.00994253,Low,0,Low,0,3.2369,716.704,6.57606,0.0660263,0.0436509
1359,RL,3,BSDF Heavy,-0.00658751,Low,0,Low,0,3.25578,721.447,6.58264,0.0659971,0.0436465
1360,RL,3,Balanced,0.00106525,Low,0,Low,0,3.2602,720.678,6.58158,0.0663452,0.0436421
1361,RL,3,Balanced,0.00286293,Low,0,Low,0,3.23956,718.615,6.57872,0.0629071,0.0436378
1362,RL,3,Balanced,-0.00349045,Low,0,Low,0,3.25214,721.131,6.58221,0.0628487,0.0436334
1363,RL,3,Balanced,-0.00110149,Low,0,Low,0,3.25316,721.927,6.58331,0.0625198,0.043629
1364,RL,3,Balanced,-0.00124502,Low,0,Low,0,3.26043,722.828,6.58455,0.0629002,0.0436247
1365,RL,3,Balanced,0.00747728,Low,0,Low,0,3.23842,717.436,6.57708,0.0627911,0.0436203
1366,RL,3,Balanced,-0.0109277,Low,0,Low,0,3.27161,725.329,6.588,0.0631207,0.043616
1367,RL,3,Balanced,0.0128622,Low,0,Low,0,3.23543,716.047,6.57514,0.062695,0.0436116
1368,RL,3,Balanced,-0.00379372,Low,0,Low,0,3.24317,718.772,6.57894,0.0626466,0.0436072
1369,RL,3,Balanced,0.00571012,Low,0,Low,0,3.22582,714.674,6.57323,0.0624867,0.0436029
1370,RL,3,Balanced,-0.0120282,Low,0,Low,0,3.26069,723.334,6.58525,0.0625544,0.0435985
1371,RL,3,Balanced,0.0112209,Low,0,Low,0,3.22459,715.252,6.57403,0.0625321,0.0435942
1372,RL,3,Balanced,-0.0133629,Low,0,Low,0,3.27049,724.887,6.5874,0.0628848,0.0435898
1373,RL,3,Balanced,0.0154033,Low,0,Low,0,3.2199,713.792,6.57199,0.062831,0.0435854
1374,RL,3,Balanced,-0.0106192,Low,0,Low,0,3.25064,721.423,6.58261,0.0625259,0.0435811
1375,RL,3,Balanced,-0.00130701,Low,0,Low,0,3.2561,722.368,6.58392,0.0627011,0.0435767
1376,RL,3,Balanced,0.000590801,Low,0,Low,0,3.25886,721.941,6.58333,0.0628279,0.0435724
1377,RL,3,Balanced,-0.00175714,Low,0,Low,0,3.26269,723.212,6.58508,0.063216,0.043568
1378,RL,3,Balanced,-0.00361013,Low,0,Low,0,3.27149,725.831,6.58869,0.0628656,0.0435636
1379,RL,3,Balanced,0.000323296,Low,0,Low,0,3.27302,725.596,6.58837,0.0630715,0.0435593
1380,RL,3,Balanced,0.00328541,Low,0,Low,0,3.25918,723.213,6.58509,0.062818,0.0435549
1381,RL,3,Balanced,-0.00322199,Low,0,Low,0,3.27132,725.55,6.58831,0.0624399,0.0435506
1382,RL,3,Balanced,0.00459909,Low,0,Low,0,3.25741,722.216,6.58371,0.0624268,0.0435462
1383,RL,3,Balanced,0.00747681,Low,0,Low,0,3.23693,716.829,6.57623,0.0625313,0.0435419
1384,RL,3,Balanced,-0.00725269,Low,0,Low,0,3.2562,722.055,6.58348,0.062778,0.0435375
1385,RL,3,Balanced,0.0045557,Low,0,Low,0,3.23823,718.768,6.57893,0.0625644,0.0435332
1386,RL,3,Balanced,-0.00612307,Low,0,Low,0,3.25889,723.189,6.58505,0.062718,0.0435288
1387,RL,3,Balanced,0.00969934,Low,0,Low,0,3.2297,716.199,6.57535,0.0627811,0.0435245
1388,RL,3,Balanced,0.00171232,Low,0,Low,0,3.22358,714.971,6.57364,0.0624683,0.0435201
1389,RL,3,Balanced,-0.0041852,Low,0,Low,0,3.2383,717.974,6.57783,0.0627726,0.0435158
1390,RL,3,Balanced,-0.00475311,Low,0,Low,0,3.25466,721.4,6.58258,0.0628064,0.0435114
1391,RL,3,Balanced,-0.00104904,Low,0,Low,0,3.25595,722.158,6.58363,0.063007,0.0435071
1392,RL,3,Balanced,-0.00155973,Low,0,Low,0,3.26321,723.287,6.58519,0.0629494,0.0435027
1393,RL,3,Balanced,0.00405693,Low,0,Low,0,3.25119,720.354,6.58113,0.0626235,0.0434983
1394,RL,3,Balanced,0.000993252,Low,0,Low,0,3.24778,719.638,6.58014,0.0625367,0.043494
1395,RL,3,Balanced,-0.00210524,Low,0,Low,0,3.24923,721.157,6.58224,0.0624445,0.0434897
1396,RL,3,Balanced,0.00521612,Low,0,Low,0,3.23755,717.4,6.57703,0.0625375,0.0434853
1397,RL,3,Balanced,0.00377893,Low,0,Low,0,3.22626,714.69,6.57325,0.0629524,0.043481
1398,RL,3,Balanced,-0.0175638,Low,0,Low,0,3.27644,727.371,6.59081,0.0625682,0.0434766
1399,RL,3,Balanced,0.0111618,Low,0,Low,0,3.24907,719.287,6.57965,0.0625544,0.0434723
1400,RL,3,Balanced,-0.00467396,Low,0,Low,0,3.26453,722.661,6.58432,0.0629932,0.0434679
1401,RL,3,Balanced,0.00698853,Low,0,Low,0,3.24033,717.622,6.57733,0.0623246,0.0434636
1402,RL,3,Balanced,-0.00307655,Low,0,Low,0,3.24919,719.836,6.58041,0.0626773,0.0434592
1403,RL,3,Balanced,-0.0076108,Low,0,Low,0,3.26966,725.343,6.58802,0.0629232,0.0434549
1404,RL,3,Balanced,0.0059514,Low,0,Low,0,3.25633,721.033,6.58207,0.0627257,0.0434505
1405,RL,3,Balanced,0.00264692,Low,0,Low,0,3.23986,719.125,6.57942,0.0623108,0.0434462
1406,RL,3,Balanced,0.00870228,Low,0,Low,0,3.21887,712.885,6.57072,0.0624614,0.0434418
1407,RL,3,Balanced,-0.00967693,Low,0,Low,0,3.24806,719.827,6.5804,0.0624122,0.0434375
1408,RL,3,Balanced,0.00477171,Low,0,Low,0,3.23412,716.395,6.57563,0.0625859,0.0434332
1409,RL,3,Balanced,-0.00181675,Low,0,Low,0,3.23967,717.7,6.57744,0.0628064,0.0434288
1410,RL,3,Balanced,-0.00707483,Low,0,Low,0,3.26297,722.802,6.58452,0.0628687,0.0434245
1411,RL,3,Balanced,0.00458717,Low,0,Low,0,3.24738,719.49,6.57993,0.0625129,0.0434201
1412,RL,3,Balanced,-0.00304461,Low,0,Low,0,3.25733,721.687,6.58298,0.062476,0.0434158
1413,RL,3,Balanced,0.00517035,Low,0,Low,0,3.2363,717.96,6.57781,0.0624791,0.0434114
1414,RL,3,Balanced,-0.00509357,Low,0,Low,0,3.25629,721.631,6.5829,0.0628233,0.0434071
1415,RL,3,Balanced,-0.000469208,Low,0,Low,0,3.25429,721.97,6.58337,0.0625574,0.0434028
1416,RL,3,Balanced,-0.0070858,Low,0,Low,0,3.28058,727.111,6.59045,0.0626796,0.0433984
1417,RL,3,Balanced,0.0109029,Low,0,Low,0,3.24435,719.216,6.57955,0.0626827,0.0433941
1418,RL,3,Balanced,-0.0016017,Low,0,Low,0,3.24701,720.371,6.58115,0.0626781,0.0433897
1419,RL,3,Balanced,0.00516415,Low,0,Low,0,3.23293,716.655,6.57599,0.0623892,0.0433854
1420,RL,3,Balanced,-0.00949526,Low,0,Low,0,3.2609,723.502,6.58548,0.062506,0.0433811
1421,RL,3,Balanced,0.00219917,Low,0,Low,0,3.25208,721.91,6.58328,0.062642,0.0433767
1422,RL,3,Balanced,-0.000468731,Low,0,Low,0,3.26096,722.249,6.58375,0.0630416,0.0433724
1423,RL,3,Balanced,0.00918484,Low,0,Low,0,3.22994,715.637,6.57457,0.0626312,0.0433681
1424,RL,3,Balanced,-0.00430775,Low,0,Low,0,3.24152,718.73,6.57888,0.0626566,0.0433637
1425,RL,3,Balanced,-0.00713778,Low,0,Low,0,3.26664,723.886,6.58601,0.0628226,0.0433594
1426,RL,3,Balanced,-0.0030756,Low,0,Low,0,3.27169,726.119,6.58909,0.0627227,0.043355
1427,RL,3,Balanced,-0.000464439,Low,0,Low,0,3.27252,726.457,6.58955,0.062509,0.0433507
1428,RL,3,Balanced,0.00908995,Low,0,Low,0,3.24558,719.874,6.58046,0.0624929,0.0433464
1429,RL,3,Balanced,0.000475883,Low,0,Low,0,3.24504,719.531,6.57999,0.062735,0.043342
1430,RL,3,Balanced,-0.00198698,Low,0,Low,0,3.25144,720.964,6.58198,0.0628449,0.0433377
1431,RL,3,Balanced,0.00568199,Low,0,Low,0,3.23302,716.874,6.57629,0.0627296,0.0433334
1432,RL,3,Balanced,-0.0154834,Low,0,Low,0,3.2823,728.075,6.59178,0.0629032,0.043329
1433,RL,3,Balanced,0.0161343,Low,0,Low,0,3.23299,716.407,6.57564,0.0626512,0.0433247
1434,RL,3,Balanced,0.0101304,Low,0,Low,0,3.19928,709.176,6.56551,0.062204,0.0433204
1435,RL,3,Balanced,-0.0155945,Low,0,Low,0,3.249,720.337,6.58111,0.0627127,0.043316
1436,RL,3,Balanced,-7.53E-05,Low,0,Low,0,3.25123,720.391,6.58118,0.0624821,0.0433117
1437,RL,3,Balanced,0.00493336,Low,0,Low,0,3.23167,716.842,6.57625,0.0625951,0.0433074
1438,RL,3,Balanced,-0.013608,Low,0,Low,0,3.27813,726.676,6.58986,0.0629716,0.0433031
1439,RL,3,Balanced,0.00390339,Low,0,Low,0,3.26193,723.842,6.58595,0.062758,0.0432987
1440,RL,3,Light Heavy,0.00680637,Low,0,Low,0,3.24577,718.925,6.57915,0.0627557,0.0432944
1441,RL,3,Light Heavy,0.00433397,Low,0,Low,0,3.22373,715.812,6.57481,0.0572958,0.0432901
1442,RL,3,Light Heavy,-0.00983953,Low,0,Low,0,3.25436,722.899,6.58465,0.0579536,0.0432857
1443,RL,3,Light Heavy,0.00667048,Low,0,Low,0,3.23354,718.087,6.57798,0.057564,0.0432814
1444,RL,3,Light Heavy,0.00538635,Low,0,Low,0,3.22006,714.224,6.5726,0.057242,0.0432771
1445,RL,3,Light Heavy,-0.0143371,Low,0,Low,0,3.26042,724.552,6.58693,0.0575709,0.0432727
1446,RL,3,Light Heavy,0.000607014,Low,0,Low,0,3.26111,724.112,6.58633,0.0578575,0.0432684
1447,RL,3,Light Heavy,0.0149989,Low,0,Low,0,3.2144,713.317,6.57133,0.057491,0.0432641
1448,RL,3,Light Heavy,-0.0107265,Low,0,Low,0,3.24668,721.02,6.58205,0.0578237,0.0432598
1449,RL,3,Light Heavy,-0.00225449,Low,0,Low,0,3.25581,722.65,6.58431,0.0578737,0.0432554
1450,RL,3,Light Heavy,0.00380659,Low,0,Low,0,3.24075,719.9,6.5805,0.0576424,0.0432511
1451,RL,3,Light Heavy,0.00236464,Low,0,Low,0,3.23245,718.198,6.57814,0.0575709,0.0432468
1452,RL,3,Light Heavy,0.00629854,Low,0,Low,0,3.21453,713.682,6.57184,0.0573964,0.0432425
1453,RL,3,Light Heavy,-0.0119042,Low,0,Low,0,3.25186,722.241,6.58374,0.0577599,0.0432381
1454,RL,3,Light Heavy,0.000285625,Low,0,Low,0,3.24835,722.034,6.58346,0.0577538,0.0432338
1455,RL,3,Light Heavy,0.0098958,Low,0,Low,0,3.2223,714.914,6.57356,0.0573795,0.0432295
1456,RL,3,Light Heavy,-0.0122972,Low,0,Low,0,3.2564,723.772,6.58586,0.0578506,0.0432252
1457,RL,3,Light Heavy,0.00849104,Low,0,Low,0,3.23252,717.645,6.57737,0.0573396,0.0432209
1458,RL,3,Light Heavy,-0.00219774,Low,0,Low,0,3.23892,719.226,6.57956,0.057803,0.0432165
1459,RL,3,Light Heavy,-0.00749874,Low,0,Low,0,3.26411,724.647,6.58706,0.0578691,0.0432122
1460,RL,3,Light Heavy,0.00166702,Low,0,Low,0,3.25799,723.438,6.5854,0.0574541,0.0432079
1461,RL,3,Light Heavy,-0.00042057,Low,0,Low,0,3.2628,723.743,6.58582,0.0583201,0.0432036
1462,RL,3,Light Heavy,0.00751495,Low,0,Low,0,3.2399,718.317,6.5783,0.057567,0.0431992
1463,RL,3,Light Heavy,-0.00878525,Low,0,Low,0,3.26263,724.664,6.58709,0.0580489,0.0431949
1464,RL,3,Light Heavy,0.0101967,Low,0,Low,0,3.22836,717.302,6.57689,0.057564,0.0431906
1465,RL,3,Light Heavy,-0.00762177,Low,0,Low,0,3.25482,722.798,6.58451,0.0579736,0.0431863
1466,RL,3,Light Heavy,0.0028677,Low,0,Low,0,3.24624,720.725,6.58164,0.0576677,0.043182
1467,RL,3,Light Heavy,-0.00303411,Low,0,Low,0,3.25652,722.918,6.58468,0.0576954,0.0431776
1468,RL,3,Light Heavy,-0.000162125,Low,0,Low,0,3.25956,723.036,6.58484,0.0578537,0.0431733
1469,RL,3,Light Heavy,0.000210762,Low,0,Low,0,3.25553,722.883,6.58463,0.0575509,0.043169
1470,RL,3,Light Heavy,0.00872469,Low,0,Low,0,3.22866,716.595,6.57591,0.0579666,0.0431647
1471,RL,3,Light Heavy,0.00109911,Low,0,Low,0,3.22415,715.807,6.57481,0.0576039,0.0431604
1472,RL,3,Light Heavy,-0.00432014,Low,0,Low,0,3.2383,718.91,6.57913,0.0577738,0.0431561
1473,RL,3,Light Heavy,0.00386477,Low,0,Low,0,3.2274,716.133,6.57526,0.0575532,0.0431518
1474,RL,3,Light Heavy,7.39098e-05,Low,0,Low,0,3.22519,716.08,6.57519,0.0576032,0.0431474
1475,RL,3,Light Heavy,-0.0143023,Low,0,Low,0,3.26752,726.41,6.58949,0.0574495,0.0431431
1476,RL,3,Light Heavy,0.0137529,Low,0,Low,0,3.22966,716.474,6.57574,0.0578037,0.0431388
1477,RL,3,Light Heavy,-0.000545979,Low,0,Low,0,3.23078,716.866,6.57628,0.0577054,0.0431345
1478,RL,3,Light Heavy,-0.00285435,Low,0,Low,0,3.23625,718.918,6.57914,0.05769,0.0431302
1479,RL,3,Light Heavy,-0.00256586,Low,0,Low,0,3.24625,720.767,6.5817,0.0575017,0.0431259
1480,RL,3,Light Heavy,-0.00079298,Low,0,Low,0,3.24822,721.34,6.5825,0.0575194,0.0431216
1481,RL,3,Light Heavy,0.00643873,Low,0,Low,0,3.22487,716.704,6.57606,0.0577569,0.0431172
1482,RL,3,Light Heavy,-0.00682783,Low,0,Low,0,3.24857,721.621,6.58289,0.0577761,0.0431129
1483,RL,3,Light Heavy,-0.0026474,Low,0,Low,0,3.25513,723.537,6.58553,0.0575478,0.0431086
1484,RL,3,Light Heavy,0.00555182,Low,0,Low,0,3.24189,719.526,6.57998,0.0575371,0.0431043
1485,RL,3,Light Heavy,-0.00143099,Low,0,Low,0,3.24259,720.557,6.58141,0.057733,0.0431
1486,RL,3,Light Heavy,0.0104666,Low,0,Low,0,3.21207,713.044,6.57095,0.0577407,0.0430957
1487,RL,3,Light Heavy,-0.00460911,Low,0,Low,0,3.22546,716.343,6.57555,0.0572612,0.0430914
1488,RL,3,Light Heavy,-0.00245667,Low,0,Low,0,3.24024,718.108,6.57801,0.0576654,0.0430871
1489,RL,3,Light Heavy,-0.0113325,Low,0,Low,0,3.27039,726.303,6.58934,0.0578983,0.0430828
1490,RL,3,Light Heavy,0.0048337,Low,0,Low,0,3.25554,722.796,6.58451,0.0577907,0.0430785
1491,RL,3,Light Heavy,0.00361538,Low,0,Low,0,3.24671,720.184,6.58089,0.0577891,0.0430741
1492,RL,3,Light Heavy,-0.00115585,Low,0,Low,0,3.24333,721.018,6.58205,0.0574695,0.0430698
1493,RL,3,Light Heavy,0.00384283,Low,0,Low,0,3.23516,718.249,6.57821,0.0577131,0.0430655
1494,RL,3,Light Heavy,-0.00109625,Low,0,Low,0,3.23404,719.038,6.5793,0.0574064,0.0430612
1495,RL,3,Light Heavy,0.00370979,Low,0,Low,0,3.22707,716.372,6.57559,0.0579889,0.0430569
1496,RL,3,Light Heavy,-0.00275087,Low,0,Low,0,3.23552,718.348,6.57834,0.0575056,0.0430526
1497,RL,3,Light Heavy,-0.0166941,Low,0,Low,0,3.28444,730.457,6.59504,0.0578253,0.0430483
1498,RL,3,Light Heavy,0.0208788,Low,0,Low,0,3.2229,715.344,6.57416,0.0577791,0.043044
1499,RL,3,Light Heavy,0.000975609,Low,0,Low,0,3.21531,714.645,6.57318,0.0577192,0.0430397
1500,RL,3,Light Heavy,-0.0104799,Low,0,Low,0,3.25389,722.185,6.58366,0.0577692,0.0430354
1501,RL,3,Light Heavy,-0.000917435,Low,0,Low,0,3.25734,722.848,6.58458,0.0579882,0.0430311
1502,RL,3,Light Heavy,0.00530338,Low,0,Low,0,3.23877,719.02,6.57928,0.0577154,0.0430268
1503,RL,3,Light Heavy,0.00802898,Low,0,Low,0,3.21172,713.262,6.57125,0.0574326,0.0430225
1504,RL,3,Light Heavy,-0.00487566,Low,0,Low,0,3.22903,716.753,6.57613,0.0576562,0.0430182
1505,RL,3,Light Heavy,-0.0122046,Low,0,Low,0,3.2687,725.566,6.58833,0.0578798,0.0430139
1506,RL,3,Light Heavy,0.00713205,Low,0,Low,0,3.24376,720.403,6.5812,0.0579751,0.0430096
1507,RL,3,Light Heavy,0.0044961,Low,0,Low,0,3.2323,717.167,6.5767,0.057574,0.0430053
1508,RL,3,Light Heavy,-0.00867701,Low,0,Low,0,3.2587,723.425,6.58538,0.0575955,0.043001
1509,RL,3,Light Heavy,0.0025363,Low,0,Low,0,3.24626,721.59,6.58284,0.0574011,0.0429967
1510,RL,3,Light Heavy,0.00206852,Low,0,Low,0,3.24057,720.097,6.58077,0.0575125,0.0429924
1511,RL,3,Light Heavy,0.000341415,Low,0,Low,0,3.2461,719.851,6.58043,0.057657,0.0429881
1512,RL,3,Light Heavy,8.34465e-05,Low,0,Low,0,3.23951,719.791,6.58035,0.0578737,0.0429838
1513,RL,3,Light Heavy,0.00131941,Low,0,Low,0,3.23482,718.84,6.57903,0.0576093,0.0429795
1514,RL,3,Light Heavy,-0.00124359,Low,0,Low,0,3.24705,719.736,6.58027,0.0575793,0.0429752
1515,RL,3,Light Heavy,-0.00309086,Low,0,Low,0,3.25066,721.967,6.58336,0.0577146,0.0429709
1516,RL,3,Light Heavy,0.00579453,Low,0,Low,0,3.23759,717.79,6.57757,0.0583255,0.0429666
1517,RL,3,Light Heavy,-0.00965023,Low,0,Low,0,3.26506,724.76,6.58722,0.0579743,0.0429623
1518,RL,3,Light Heavy,0.00963974,Low,0,Low,0,3.22886,717.798,6.57758,0.0576777,0.042958
1519,RL,3,Light Heavy,-0.000335217,Low,0,Low,0,3.23632,718.039,6.57792,0.0579513,0.0429537
1520,RL,3,Light Heavy,-0.00326157,Low,0,Low,0,3.24513,720.388,6.58118,0.0576454,0.0429494
1521,RL,3,Light Heavy,0.00742245,Low,0,Low,0,3.22566,715.053,6.57375,0.0576723,0.0429451
1522,RL,3,Light Heavy,-0.00516033,Low,0,Low,0,3.23964,718.758,6.57891,0.0576462,0.0429408
1523,RL,3,Light Heavy,4.00543e-05,Low,0,Low,0,3.23764,718.729,6.57887,0.0579697,0.0429365
1524,RL,3,Light Heavy,0.00194836,Low,0,Low,0,3.22761,717.328,6.57693,0.0575755,0.0429322
1525,RL,3,Light Heavy,-0.0123577,Low,0,Low,0,3.27491,726.26,6.58928,0.0578844,0.0429279
1526,RL,3,Light Heavy,0.0131907,Low,0,Low,0,3.22761,716.73,6.57609,0.0576208,0.0429237
1527,RL,3,Light Heavy,-0.0082531,Low,0,Low,0,3.25281,722.678,6.58435,0.0576224,0.0429194
1528,RL,3,Light Heavy,0.0049262,Low,0,Low,0,3.24252,719.122,6.57942,0.0575448,0.0429151
1529,RL,3,Light Heavy,0.00270844,Low,0,Low,0,3.23246,717.174,6.57671,0.0575571,0.0429108
1530,RL,3,Light Heavy,-0.00364923,Low,0,Low,0,3.24337,719.799,6.58036,0.0577254,0.0429065
1531,RL,3,Light Heavy,0.00251675,Low,0,Low,0,3.23325,717.987,6.57784,0.0579982,0.0429022
1532,RL,3,Light Heavy,-0.00291061,Low,0,Low,0,3.24533,720.083,6.58075,0.0577984,0.0428979
1533,RL,3,Light Heavy,0.00384617,Low,0,Low,0,3.22942,717.315,6.57691,0.0577968,0.0428936
1534,RL,3,Light Heavy,-0.0120335,Low,0,Low,0,3.27387,726.011,6.58894,0.0576969,0.0428893
1535,RL,3,Light Heavy,0.00689077,Low,0,Low,0,3.24708,721.019,6.58205,0.0577461,0.042885
1536,RL,3,Light Heavy,0.000344276,Low,0,Low,0,3.24878,720.77,6.58171,0.0576293,0.0428808
1537,RL,3,Light Heavy,0.00698471,Low,0,Low,0,3.22809,715.747,6.57472,0.0578276,0.0428765
1538,RL,3,Light Heavy,-0.00808573,Low,0,Low,0,3.24373,721.565,6.58281,0.057202,0.0428722
1539,RL,3,Light Heavy,0.00113869,Low,0,Low,0,3.24584,720.743,6.58167,0.0577569,0.0428679
1540,RL,3,Light Heavy,0.00892735,Low,0,Low,0,3.21865,714.328,6.57274,0.0574671,0.0428636
1541,RL,3,Light Heavy,-0.00608969,Low,0,Low,0,3.23458,718.698,6.57883,0.0575071,0.0428593
1542,RL,3,Light Heavy,0.00415516,Low,0,Low,0,3.22829,715.714,6.57468,0.0574479,0.042855
1543,RL,3,Light Heavy,-0.00704479,Low,0,Low,0,3.24418,720.781,6.58172,0.0577722,0.0428507
1544,RL,3,Light Heavy,-0.00104856,Low,0,Low,0,3.2472,721.538,6.58277,0.0575225,0.0428465
1545,RL,3,Light Heavy,-0.0021615,Low,0,Low,0,3.25564,723.101,6.58493,0.0578368,0.0428422
1546,RL,3,Light Heavy,0.00499964,Low,0,Low,0,3.23714,719.49,6.57993,0.0577023,0.0428379
1547,RL,3,Light Heavy,-0.0055604,Low,0,Low,0,3.25896,723.508,6.58549,0.0578168,0.0428336
1548,RL,3,Light Heavy,0.0166535,Low,0,Low,0,3.20176,711.542,6.56884,0.0576669,0.0428293
1549,RL,3,Light Heavy,-0.00970316,Low,0,Low,0,3.23783,718.489,6.57854,0.057783,0.042825
1550,RL,3,Light Heavy,-0.00315046,Low,0,Low,0,3.24744,720.76,6.58169,0.0576839,0.0428208
1551,RL,3,Light Heavy,0.00910711,Low,0,Low,0,3.21736,714.216,6.57259,0.0574564,0.0428165
1552,RL,3,Light Heavy,-0.00541639,Low,0,Low,0,3.23824,718.101,6.578,0.0579075,0.0428122
1553,RL,3,Light Heavy,-0.00594282,Low,0,Low,0,3.25582,722.387,6.58394,0.058125,0.0428079
1554,RL,3,Light Heavy,0.00445843,Low,0,Low,0,3.23836,719.169,6.57949,0.0578399,0.0428036
1555,RL,3,Light Heavy,0.00392342,Low,0,Low,0,3.23153,716.349,6.57556,0.0575955,0.0427994
1556,RL,3,Light Heavy,-0.00197029,Low,0,Low,0,3.23506,717.764,6.57753,0.0576193,0.0427951
1557,RL,3,Light Heavy,-0.0035634,Low,0,Low,0,3.24659,720.33,6.5811,0.0577861,0.0427908
1558,RL,3,Light Heavy,0.000637054,Low,0,Low,0,3.23836,719.87,6.58046,0.0578383,0.0427865
1559,RL,3,Light Heavy,-0.00157022,Low,0,Low,0,3.24835,721.003,6.58203,0.0575932,0.0427822
1560,RL,3,Light Heavy,0.00706339,Low,0,Low,0,3.2254,715.921,6.57497,0.0573634,0.042778
1561,RL,3,Light Heavy,-0.00840235,Low,0,Low,0,3.24956,721.971,6.58337,0.0576224,0.0427737
1562,RL,3,Light Heavy,0.00711155,Low,0,Low,0,3.23067,716.847,6.57626,0.0576723,0.0427694
1563,RL,3,Light Heavy,-0.00492334,Low,0,Low,0,3.24231,720.39,6.58118,0.0573688,0.0427651
1564,RL,3,Light Heavy,-0.000930309,Low,0,Low,0,3.24841,721.061,6.58211,0.057992,0.0427609
1565,RL,3,Light Heavy,0.00213099,Low,0,Low,0,3.24269,719.525,6.57998,0.0579559,0.0427566
1566,RL,3,Light Heavy,0.00683832,Low,0,Low,0,3.21699,714.614,6.57314,0.0572666,0.0427523
1567,RL,3,Light Heavy,-0.0183196,Low,0,Low,0,3.27864,727.845,6.59146,0.0582033,0.042748
1568,RL,3,Light Heavy,0.00813723,Low,0,Low,0,3.24697,721.938,6.58332,0.0576009,0.0427438
1569,RL,3,Light Heavy,-0.00126934,Low,0,Low,0,3.26137,722.856,6.58459,0.0579136,0.0427395
1570,RL,3,Light Heavy,0.00763607,Low,0,Low,0,3.2302,717.35,6.57696,0.0574387,0.0427352
1571,RL,3,Light Heavy,-0.000422001,Low,0,Low,0,3.23271,717.653,6.57738,0.0575993,0.0427309
1572,RL,3,Light Heavy,0.000710011,Low,0,Low,0,3.23433,717.143,6.57667,0.0578775,0.0427267
1573,RL,3,Light Heavy,0.00496387,Low,0,Low,0,3.2155,713.587,6.5717,0.0575332,0.0427224
1574,RL,3,Light Heavy,-0.00556707,Low,0,Low,0,3.23077,717.576,6.57727,0.0577476,0.0427181
1575,RL,3,Light Heavy,0.00149822,Low,0,Low,0,3.22397,716.5,6.57577,0.0574964,0.0427138
1576,RL,3,Light Heavy,-0.0090189,Low,0,Low,0,3.25735,723.001,6.58479,0.0576032,0.0427096
1577,RL,3,Light Heavy,5.72205e-06,Low,0,Low,0,3.25559,722.997,6.58479,0.0574602,0.0427053
1578,RL,3,Light Heavy,0.00858688,Low,0,Low,0,3.2345,716.807,6.5762,0.05765,0.042701
1579,RL,3,Light Heavy,-0.0063405,Low,0,Low,0,3.25171,721.372,6.58254,0.057952,0.0426968
1580,RL,3,Light Heavy,0.0123639,Low,0,Low,0,3.21383,712.496,6.57018,0.057617,0.0426925
1581,RL,3,Light Heavy,-0.0133057,Low,0,Low,0,3.25262,722.053,6.58348,0.0577553,0.0426882
1582,RL,3,Light Heavy,-0.0057869,Low,0,Low,0,3.27047,726.249,6.58927,0.0579398,0.042684
1583,RL,3,Light Heavy,0.00285339,Low,0,Low,0,3.26148,724.177,6.58642,0.0578691,0.0426797
1584,RL,3,Balanced,0.0134573,Low,0,Low,0,3.22311,714.484,6.57296,0.0576347,0.0426754
1585,RL,3,Balanced,-0.00844765,Low,0,Low,0,3.249,720.553,6.58141,0.0624306,0.0426711
1586,RL,3,Balanced,0.0127025,Low,0,Low,0,3.21561,711.446,6.5687,0.0626235,0.0426669
1587,RL,3,Balanced,-0.0167885,Low,0,Low,0,3.26483,723.508,6.58549,0.0627035,0.0426626
1588,RL,3,Balanced,0.00316763,Low,0,Low,0,3.25341,721.216,6.58232,0.0625705,0.0426584
1589,RL,3,Balanced,0.0045023,Low,0,Low,0,3.24145,717.972,6.57782,0.062718,0.0426541
1590,RL,3,Balanced,-0.00563622,Low,0,Low,0,3.25748,722.035,6.58346,0.0629494,0.0426498
1591,RL,3,Balanced,0.0037322,Low,0,Low,0,3.24506,719.342,6.57973,0.0626182,0.0426456
1592,RL,3,Balanced,-0.00375223,Low,0,Low,0,3.26059,722.05,6.58348,0.0629932,0.0426413
1593,RL,3,Balanced,0.003088,Low,0,Low,0,3.25009,719.821,6.58039,0.0627019,0.042637
1594,RL,3,Balanced,-0.00358105,Low,0,Low,0,3.2611,722.407,6.58397,0.0629739,0.0426328
1595,RL,3,Balanced,-0.00205708,Low,0,Low,0,3.2664,723.896,6.58603,0.0626481,0.0426285
1596,RL,3,Balanced,0.0119867,Low,0,Low,0,3.22743,715.259,6.57404,0.0625567,0.0426242
1597,RL,3,Balanced,-0.0137548,Low,0,Low,0,3.27168,725.179,6.5878,0.0626719,0.04262
1598,RL,3,Balanced,0.00845671,Low,0,Low,0,3.24679,719.064,6.57934,0.0625936,0.0426157
1599,RL,3,Balanced,0.00507021,Low,0,Low,0,3.23348,715.422,6.57427,0.06303,0.0426114
1600,RL,3,Balanced,-0.00661135,Low,0,Low,0,3.2486,720.175,6.58088,0.0626358,0.0426072
1601,RL,3,Balanced,0.00428963,Low,0,Low,0,3.23304,717.088,6.57659,0.0625697,0.0426029
1602,RL,3,Balanced,-0.00563765,Low,0,Low,0,3.2498,721.147,6.58223,0.0625467,0.0425987
1603,RL,3,Balanced,0.00379229,Low,0,Low,0,3.24187,718.414,6.57844,0.0628817,0.0425944
1604,RL,3,Balanced,-0.00575829,Low,0,Low,0,3.25925,722.568,6.5842,0.0629125,0.0425902
1605,RL,3,Balanced,-0.00191736,Low,0,Low,0,3.27063,723.957,6.58611,0.0628149,0.0425859
1606,RL,3,Balanced,0.0119019,Low,0,Low,0,3.22615,715.38,6.57421,0.0625682,0.0425816
1607,RL,3,Balanced,-0.000720024,Low,0,Low,0,3.23304,715.896,6.57493,0.062652,0.0425774
1608,RL,3,Balanced,-0.00207472,Low,0,Low,0,3.23686,717.385,6.57701,0.0629225,0.0425731
1609,RL,3,Balanced,0.000885963,Low,0,Low,0,3.23454,716.749,6.57612,0.0626228,0.0425689
1610,RL,3,Balanced,-0.00539732,Low,0,Low,0,3.24978,720.633,6.58152,0.0626773,0.0425646
1611,RL,3,Balanced,0.0091629,Low,0,Low,0,3.21961,714.051,6.57235,0.0624168,0.0425604
1612,RL,3,Balanced,-0.010211,Low,0,Low,0,3.24753,721.39,6.58256,0.0626035,0.0425561
1613,RL,3,Balanced,-0.00213814,Low,0,Low,0,3.26705,722.936,6.5847,0.0626228,0.0425518
1614,RL,3,Balanced,0.012454,Low,0,Low,0,3.22217,713.976,6.57225,0.0628863,0.0425476
1615,RL,3,Balanced,0.000279903,Low,0,Low,0,3.21446,713.776,6.57197,0.0623853,0.0425433
1616,RL,3,Balanced,-0.00816011,Low,0,Low,0,3.2485,719.632,6.58013,0.0626174,0.0425391
1617,RL,3,Balanced,0.00102663,Low,0,Low,0,3.24202,718.893,6.5791,0.0624068,0.0425348
1618,RL,3,Balanced,-0.00379944,Low,0,Low,0,3.25458,721.633,6.5829,0.0629255,0.0425306
1619,RL,3,Balanced,0.00793505,Low,0,Low,0,3.22792,715.922,6.57497,0.0627081,0.0425263
1620,RL,3,Balanced,0.00233459,Low,0,Low,0,3.2216,714.25,6.57263,0.0626266,0.0425221
1621,RL,3,Balanced,-0.00173426,Low,0,Low,0,3.23023,715.492,6.57437,0.0625559,0.0425178
1622,RL,3,Balanced,-0.00441647,Low,0,Low,0,3.24028,718.663,6.57878,0.0628518,0.0425136
1623,RL,3,Balanced,0.0141134,Low,0,Low,0,3.19869,708.578,6.56467,0.0622201,0.0425093
1624,RL,3,Balanced,-0.0102525,Low,0,Low,0,3.22456,715.89,6.57492,0.0625882,0.0425051
1625,RL,3,Balanced,0.000520706,Low,0,Low,0,3.22693,715.517,6.5744,0.0625989,0.0425008
1626,RL,3,Balanced,-0.0122666,Low,0,Low,0,3.26654,724.36,6.58667,0.0630347,0.0424966
1627,RL,3,Balanced,0.0124803,Low,0,Low,0,3.22689,715.363,6.57419,0.0626658,0.0424923
1628,RL,3,Balanced,-0.00665331,Low,0,Low,0,3.24511,720.146,6.58084,0.0627926,0.0424881
1629,RL,3,Balanced,-0.000535011,Low,0,Low,0,3.24988,720.531,6.58138,0.0626566,0.0424838
1630,RL,3,Balanced,0.00622511,Low,0,Low,0,3.23251,716.054,6.57515,0.0627465,0.0424796
1631,RL,3,Balanced,-0.00784063,Low,0,Low,0,3.25983,721.698,6.58299,0.0628203,0.0424753
1632,RL,3,Balanced,0.00408363,Low,0,Low,0,3.24002,718.753,6.57891,0.0625751,0.0424711
1633,RL,3,Balanced,-0.00261402,Low,0,Low,0,3.25059,720.637,6.58152,0.0626942,0.0424668
1634,RL,3,Balanced,0.00166988,Low,0,Low,0,3.24573,719.433,6.57985,0.0626558,0.0424626
1635,RL,3,Balanced,0.00456238,Low,0,Low,0,3.23468,716.154,6.57529,0.0627857,0.0424583
1636,RL,3,Balanced,-0.0103245,Low,0,Low,0,3.26139,723.596,6.58561,0.0625751,0.0424541
1637,RL,3,Balanced,0.00602865,Low,0,Low,0,3.24669,719.241,6.57959,0.0628149,0.0424498
1638,RL,3,Balanced,-0.00229836,Low,0,Low,0,3.25116,720.898,6.58188,0.0626643,0.0424456
1639,RL,3,Balanced,0.000247002,Low,0,Low,0,3.24881,720.72,6.58164,0.0627703,0.0424413
1640,RL,3,Balanced,-0.00275517,Low,0,Low,0,3.25699,722.711,6.58439,0.0626158,0.0424371
1641,RL,3,Balanced,0.00404692,Low,0,Low,0,3.24846,719.788,6.58035,0.0627465,0.0424329
1642,RL,3,Balanced,-0.0130229,Low,0,Low,0,3.28279,729.236,6.59337,0.0629517,0.0424286
1643,RL,3,Balanced,0.00926876,Low,0,Low,0,3.25839,722.499,6.5841,0.0626051,0.0424244
1644,RL,3,Balanced,0.00529242,Low,0,Low,0,3.23757,718.68,6.57881,0.0623054,0.0424201
1645,RL,3,Balanced,-0.0141902,Low,0,Low,0,3.28968,728.965,6.593,0.0627534,0.0424159
1646,RL,3,Balanced,0.0151653,Low,0,Low,0,3.23787,717.979,6.57783,0.0625321,0.0424116
1647,RL,3,Balanced,-0.00157261,Low,0,Low,0,3.24714,719.11,6.5794,0.0629663,0.0424074
1648,RL,3,Light Heavy,-0.0062027,Low,0,Low,0,3.26406,723.591,6.58561,0.0628441,0.0424032
1649,RL,3,Light Heavy,0.00803089,Low,0,Low,0,3.23724,717.795,6.57758,0.0578898,0.0423989
1650,RL,3,Light Heavy,-0.0019002,Low,0,Low,0,3.23959,719.162,6.57948,0.0575594,0.0423947
1651,RL,3,Light Heavy,-0.00521803,Low,0,Low,0,3.25074,722.93,6.58469,0.0575793,0.0423904
1652,RL,3,Light Heavy,0.00534725,Low,0,Low,0,3.23949,719.069,6.57935,0.0577522,0.0423862
1653,RL,3,Light Heavy,-0.00121355,Low,0,Low,0,3.2391,719.943,6.58056,0.0579259,0.042382
1654,RL,3,Light Heavy,-0.00522041,Low,0,Low,0,3.25712,723.717,6.58578,0.0578483,0.0423777
1655,RL,3,Light Heavy,0.007761,Low,0,Low,0,3.23119,718.114,6.57802,0.0577492,0.0423735
1656,RL,3,Light Heavy,-0.0129061,Low,0,Low,0,3.27635,727.455,6.59093,0.0578883,0.0423693
1657,RL,3,Light Heavy,0.00510073,Low,0,Low,0,3.26092,723.749,6.58583,0.0577192,0.042365
1658,RL,3,Light Heavy,0.00106764,Low,0,Low,0,3.25469,722.976,6.58476,0.0576093,0.0423608
1659,RL,3,Light Heavy,0.00787687,Low,0,Low,0,3.23234,717.295,6.57688,0.0576593,0.0423565
1660,RL,3,Light Heavy,0.00114393,Low,0,Low,0,3.22468,716.474,6.57574,0.0578844,0.0423523
1661,RL,3,Light Heavy,-0.00214863,Low,0,Low,0,3.23321,718.018,6.57789,0.0575955,0.0423481
1662,RL,3,Light Heavy,-0.00852776,Low,0,Low,0,3.26305,724.175,6.58641,0.0577515,0.0423438
1663,RL,3,Light Heavy,-0.00042057,Low,0,Low,0,3.26481,724.48,6.58683,0.0580765,0.0423396
1664,RL,3,Light Heavy,0.00707674,Low,0,Low,0,3.23832,719.364,6.57976,0.0576016,0.0423354
1665,RL,3,Light Heavy,0.0049386,Low,0,Low,0,3.22344,715.816,6.57482,0.0575755,0.0423311
1666,RL,3,Light Heavy,-0.0036726,Low,0,Low,0,3.24056,718.453,6.57849,0.0577146,0.0423269
1667,RL,3,Light Heavy,0.00139952,Low,0,Low,0,3.22955,717.447,6.57709,0.0579013,0.0423227
1668,RL,3,Light Heavy,-0.000156403,Low,0,Low,0,3.22835,717.559,6.57725,0.05768,0.0423184
1669,RL,3,Light Heavy,-0.000417709,Low,0,Low,0,3.23841,717.859,6.57767,0.0579098,0.0423142
1670,RL,3,Light Heavy,-0.00776529,Low,0,Low,0,3.25838,723.463,6.58543,0.0576255,0.04231
1671,RL,3,Light Heavy,0.0117369,Low,0,Low,0,3.22145,715.01,6.57369,0.0574887,0.0423057
1672,RL,3,Light Heavy,-0.00728083,Low,0,Low,0,3.24295,720.242,6.58098,0.0574925,0.0423015
1673,RL,3,Light Heavy,0.00212717,Low,0,Low,0,3.23563,718.71,6.57885,0.05766,0.0422973
1674,RL,3,Light Heavy,0.00795364,Low,0,Low,0,3.21153,713.008,6.57089,0.0574449,0.0422931
1675,RL,3,Light Heavy,-0.0174813,Low,0,Low,0,3.2657,725.6,6.58838,0.0578813,0.0422888
1676,RL,3,Light Heavy,-0.00374413,Low,0,Low,0,3.27649,728.325,6.59212,0.0576746,0.0422846
1677,RL,3,Light Heavy,0.014492,Low,0,Low,0,3.23011,717.832,6.57763,0.0575763,0.0422804
1678,RL,3,Light Heavy,-0.00343037,Low,0,Low,0,3.24169,720.302,6.58106,0.057723,0.0422761
1679,RL,3,Light Heavy,0.00118685,Low,0,Low,0,3.24374,719.447,6.57987,0.0577692,0.0422719
1680,RL,3,Light Heavy,-0.000964165,Low,0,Low,0,3.2385,720.142,6.58084,0.0574487,0.0422677
1681,RL,3,Light Heavy,-0.000432014,Low,0,Low,0,3.24663,720.453,6.58127,0.0579459,0.0422635
1682,RL,3,Light Heavy,0.00312805,Low,0,Low,0,3.23161,718.2,6.57814,0.0574917,0.0422592
1683,RL,3,Light Heavy,-0.0109835,Low,0,Low,0,3.27268,726.143,6.58912,0.0578621,0.042255
1684,RL,3,Light Heavy,0.00503778,Low,0,Low,0,3.25425,722.489,6.58408,0.0576946,0.0422508
1685,RL,3,Light Heavy,0.001369,Low,0,Low,0,3.24963,721.499,6.58272,0.0576938,0.0422466
1686,RL,3,Light Heavy,-0.00382042,Low,0,Low,0,3.26488,724.265,6.58654,0.0578691,0.0422423
1687,RL,3,Light Heavy,0.00761414,Low,0,Low,0,3.23682,718.763,6.57892,0.0575924,0.0422381
1688,RL,3,Light Heavy,-0.00992346,Low,0,Low,0,3.26571,725.941,6.58885,0.0573242,0.0422339
1689,RL,3,Light Heavy,0.00871944,Low,0,Low,0,3.23785,719.63,6.58013,0.0576754,0.0422297
1690,RL,3,Light Heavy,-0.00478935,Low,0,Low,0,3.25807,723.09,6.58492,0.0578299,0.0422254
1691,RL,3,Light Heavy,0.00637817,Low,0,Low,0,3.23438,718.486,6.57854,0.0575824,0.0422212
1692,RL,3,Light Heavy,0.000398636,Low,0,Low,0,3.23568,718.199,6.57814,0.0576354,0.042217
1693,RL,3,Light Heavy,-0.00024271,Low,0,Low,0,3.24035,718.374,6.57838,0.0577853,0.0422128
1694,RL,3,Light Heavy,0.0113454,Low,0,Low,0,3.20073,710.259,6.56704,0.0575425,0.0422086
1695,RL,3,Light Heavy,-0.00314856,Low,0,Low,0,3.20953,712.502,6.57018,0.0575279,0.0422043
1696,RL,3,Light Heavy,-0.0113449,Low,0,Low,0,3.24134,720.642,6.58153,0.0575309,0.0422001
1697,RL,3,Light Heavy,-0.00281906,Low,0,Low,0,3.25262,722.68,6.58435,0.0579144,0.0421959
1698,RL,3,Light Heavy,0.00193453,Low,0,Low,0,3.24725,721.281,6.58241,0.0577353,0.0421917
1699,RL,3,Light Heavy,0.000295162,Low,0,Low,0,3.2436,721.068,6.58212,0.0579505,0.0421875
1700,RL,3,Light Heavy,0.0001297,Low,0,Low,0,3.24603,720.974,6.58199,0.0581957,0.0421832
1701,RL,3,Light Heavy,0.00658035,Low,0,Low,0,3.22146,716.239,6.57541,0.057222,0.042179
1702,RL,3,Light Heavy,-0.00279474,Low,0,Low,0,3.23273,718.246,6.5782,0.0575916,0.0421748
1703,RL,3,Light Heavy,-0.0038619,Low,0,Low,0,3.24468,721.029,6.58207,0.0574956,0.0421706
1704,RL,3,Light Heavy,0.00132704,Low,0,Low,0,3.2363,720.072,6.58074,0.0576178,0.0421664
1705,RL,3,Light Heavy,-0.00545788,Low,0,Low,0,3.26047,724.018,6.5862,0.0579774,0.0421622
1706,RL,3,Light Heavy,0.00516796,Low,0,Low,0,3.24699,720.281,6.58103,0.0576439,0.0421579
1707,RL,3,Light Heavy,0.00546551,Low,0,Low,0,3.22427,716.349,6.57556,0.0575425,0.0421537
1708,RL,3,Light Heavy,-0.00348473,Low,0,Low,0,3.24014,718.854,6.57905,0.0575847,0.0421495
1709,RL,3,Light Heavy,-0.0065856,Low,0,Low,0,3.25555,723.61,6.58563,0.0576531,0.0421453
1710,RL,3,Light Heavy,0.00818157,Low,0,Low,0,3.2372,717.706,6.57745,0.0576954,0.0421411
1711,RL,3,Light Heavy,0.00304174,Low,0,Low,0,3.22329,715.523,6.57441,0.057647,0.0421369
1712,RL,3,Light Heavy,-0.00806475,Low,0,Low,0,3.25002,721.325,6.58247,0.0578721,0.0421327
1713,RL,3,Light Heavy,9.67979e-05,Low,0,Low,0,3.24081,721.255,6.58238,0.0577038,0.0421284
1714,RL,3,Light Heavy,0.0125651,Low,0,Low,0,3.21374,712.236,6.56981,0.0577569,0.0421242
1715,RL,3,Light Heavy,-0.000575542,Low,0,Low,0,3.21479,712.647,6.57039,0.0572858,0.04212
1716,RL,3,Light Heavy,-0.0177341,Low,0,Low,0,3.26777,725.416,6.58812,0.0578975,0.0421158
1717,RL,3,Light Heavy,0.000961781,Low,0,Low,0,3.26585,724.717,6.58716,0.0579029,0.0421116
1718,RL,3,Light Heavy,0.00597763,Low,0,Low,0,3.24566,720.392,6.58118,0.0579167,0.0421074
1719,RL,3,Light Heavy,0.00378466,Low,0,Low,0,3.2309,717.667,6.5774,0.057534,0.0421032
1720,RL,3,Light Heavy,-0.00836086,Low,0,Low,0,3.25571,723.701,6.58576,0.0577692,0.042099
1721,RL,3,Light Heavy,0.00780582,Low,0,Low,0,3.23786,718.066,6.57795,0.0578191,0.0420947
1722,RL,3,Light Heavy,-0.0072875,Low,0,Low,0,3.26097,723.325,6.58524,0.0577315,0.0420905
1723,RL,3,Light Heavy,0.00951195,Low,0,Low,0,3.23565,716.468,6.57573,0.0579628,0.0420863
1724,RL,3,Light Heavy,-0.00633383,Low,0,Low,0,3.24283,721.027,6.58206,0.0576662,0.0420821
1725,RL,3,Light Heavy,0.00209141,Low,0,Low,0,3.24165,719.519,6.57997,0.0577446,0.0420779
1726,RL,3,Light Heavy,-0.00088501,Low,0,Low,0,3.24271,720.157,6.58086,0.0577353,0.0420737
1727,RL,3,Light Heavy,0.000554085,Low,0,Low,0,3.23992,719.757,6.5803,0.05768,0.0420695
1728,RL,3,Light Heavy,0.0133071,Low,0,Low,0,3.20556,710.229,6.567,0.0577684,0.0420653
1729,RL,3,Light Heavy,-0.0147414,Low,0,Low,0,3.24694,720.792,6.58174,0.057836,0.0420611
1730,RL,3,Light Heavy,0.000520706,Low,0,Low,0,3.24423,720.416,6.58122,0.0576185,0.0420569
1731,RL,3,Light Heavy,0.00313473,Low,0,Low,0,3.23117,718.158,6.57808,0.0573334,0.0420527
1732,RL,3,Light Heavy,0.00126886,Low,0,Low,0,3.22718,717.246,6.57681,0.0577853,0.0420485
1733,RL,3,Light Heavy,0.00803566,Low,0,Low,0,3.20511,711.498,6.56878,0.0574902,0.0420443
1734,RL,3,Light Heavy,-0.00941277,Low,0,Low,0,3.2353,718.236,6.57819,0.0575394,0.0420401
1735,RL,3,Light Heavy,-0.00951099,Low,0,Low,0,3.26489,725.109,6.5877,0.0576377,0.0420359
1736,RL,3,Light Heavy,0.00431204,Low,0,Low,0,3.2499,721.985,6.58339,0.0576623,0.0420317
1737,RL,3,Light Heavy,0.00916195,Low,0,Low,0,3.21587,715.391,6.57423,0.057657,0.0420275
1738,RL,3,Light Heavy,-0.00338125,Low,0,Low,0,3.23239,717.818,6.57761,0.0576923,0.0420233
1739,RL,3,Light Heavy,0.00764322,Low,0,Low,0,3.21735,712.345,6.56996,0.0578867,0.0420191
1740,RL,3,Light Heavy,-0.00216913,Low,0,Low,0,3.21989,713.893,6.57213,0.0578352,0.0420148
1741,RL,3,Light Heavy,-0.0136647,Low,0,Low,0,3.2624,723.729,6.5858,0.0579159,0.0420106
1742,RL,3,Light Heavy,0.00718021,Low,0,Low,0,3.23989,718.544,6.57862,0.0576239,0.0420064
1743,RL,3,Light Heavy,-0.0104966,Low,0,Low,0,3.26421,726.137,6.58911,0.0574041,0.0420022
1744,RL,3,Light Heavy,0.00463581,Low,0,Low,0,3.25704,722.774,6.58448,0.0579321,0.041998
1745,RL,3,Light Heavy,0.00440073,Low,0,Low,0,3.24212,719.596,6.58008,0.0578299,0.0419938
1746,RL,3,Light Heavy,-0.000988483,Low,0,Low,0,3.24352,720.308,6.58107,0.0573803,0.0419896
1747,RL,3,Light Heavy,0.00702477,Low,0,Low,0,3.22328,715.259,6.57404,0.0577277,0.0419854
1748,RL,3,Light Heavy,-0.00726175,Low,0,Low,0,3.24702,720.479,6.5813,0.057896,0.0419812
1749,RL,3,Light Heavy,0.000210285,Low,0,Low,0,3.24503,720.327,6.58109,0.0578375,0.041977
1750,RL,3,Light Heavy,-0.00486898,Low,0,Low,0,3.26047,723.848,6.58596,0.0577676,0.0419729
1751,RL,3,Light Heavy,0.0109992,Low,0,Low,0,3.23172,715.919,6.57496,0.0579613,0.0419687
1752,RL,3,Light Heavy,-0.00951385,Low,0,Low,0,3.2591,722.773,6.58448,0.0572989,0.0419645
1753,RL,3,Light Heavy,0.0071702,Low,0,Low,0,3.23383,717.601,6.57731,0.0578375,0.0419603
1754,RL,3,Light Heavy,0.000748158,Low,0,Low,0,3.23004,717.064,6.57656,0.0572673,0.0419561
1755,RL,3,Light Heavy,-0.00207043,Low,0,Low,0,3.23606,718.552,6.57863,0.0576869,0.0419519
1756,RL,3,Light Heavy,-0.00099802,Low,0,Low,0,3.23987,719.271,6.57963,0.05767,0.0419477
1757,RL,3,Light Heavy,0.00369883,Low,0,Low,0,3.23188,716.612,6.57593,0.0577499,0.0419435
1758,RL,3,Light Heavy,-0.00506115,Low,0,Low,0,3.24617,720.253,6.58099,0.0578314,0.0419393
1759,RL,3,Light Heavy,-0.00201321,Low,0,Low,0,3.24926,721.706,6.583,0.0575655,0.0419351
1760,RL,3,Light Heavy,0.00224543,Low,0,Low,0,3.24147,720.085,6.58076,0.0576132,0.0419309
1761,RL,3,Light Heavy,-0.00380945,Low,0,Low,0,3.25976,722.837,6.58457,0.0577845,0.0419267
1762,RL,3,Light Heavy,-0.00447226,Low,0,Low,0,3.2722,726.082,6.58904,0.0577,0.0419225
1763,RL,3,Light Heavy,0.0104809,Low,0,Low,0,3.23961,718.501,6.57856,0.0576193,0.0419183
1764,RL,3,Light Heavy,0.0095439,Low,0,Low,0,3.20986,711.667,6.56901,0.057524,0.0419141
1765,RL,3,Light Heavy,-0.0129681,Low,0,Low,0,3.2512,720.969,6.58198,0.0576938,0.0419099
1766,RL,3,Light Heavy,-0.00490427,Low,0,Low,0,3.25861,724.518,6.58689,0.0578245,0.0419057
1767,RL,3,Light Heavy,0.0100632,Low,0,Low,0,3.23073,717.254,6.57682,0.0574633,0.0419016
1768,RL,3,Light Heavy,0.00630283,Low,0,Low,0,3.2117,712.741,6.57052,0.0577492,0.0418974
1769,RL,3,Light Heavy,-0.0125289,Low,0,Low,0,3.25176,721.74,6.58305,0.0576132,0.0418932
1770,RL,3,Light Heavy,0.00975084,Low,0,Low,0,3.21718,714.727,6.5733,0.0576124,0.041889
1771,RL,3,Light Heavy,-0.00596666,Low,0,Low,0,3.23818,719.01,6.57927,0.0573788,0.0418848
1772,RL,3,Light Heavy,3.24249e-05,Low,0,Low,0,3.23622,718.987,6.57923,0.0577461,0.0418806
1773,RL,3,Light Heavy,-0.00323486,Low,0,Low,0,3.2543,721.319,6.58247,0.0576946,0.0418764
1774,RL,3,Light Heavy,0.0032115,Low,0,Low,0,3.2417,719.004,6.57926,0.0579828,0.0418722
1775,RL,3,Light Heavy,0.00286722,Low,0,Low,0,3.22642,716.942,6.57639,0.0579328,0.041868
1776,RL,3,Light Heavy,-0.0048666,Low,0,Low,0,3.24385,720.444,6.58126,0.057889,0.0418639
1777,RL,3,Light Heavy,-0.00300789,Low,0,Low,0,3.2543,722.618,6.58426,0.0577622,0.0418597
1778,RL,3,Light Heavy,0.00722694,Low,0,Low,0,3.23526,717.407,6.57704,0.0578176,0.0418555
1779,RL,3,Light Heavy,0.00408602,Low,0,Low,0,3.21981,714.478,6.57295,0.0576762,0.0418513
1780,RL,3,Light Heavy,-0.00312901,Low,0,Low,0,3.22803,716.72,6.57608,0.0576992,0.0418471
1781,RL,3,Light Heavy,-0.0125065,Low,0,Low,0,3.26345,725.752,6.58859,0.057647,0.0418429
1782,RL,3,Light Heavy,0.00646782,Low,0,Low,0,3.24282,721.067,6.58212,0.0574533,0.0418388
1783,RL,3,Light Heavy,0.00904608,Low,0,Low,0,3.21674,714.565,6.57307,0.0576508,0.0418346
1784,RL,3,Light Heavy,-0.0128536,Low,0,Low,0,3.26354,723.822,6.58593,0.0577715,0.0418304
1785,RL,3,Light Heavy,0.00695705,Low,0,Low,0,3.2408,718.796,6.57897,0.0579659,0.0418262
1786,RL,3,Light Heavy,0.0116401,Low,0,Low,0,3.1993,710.467,6.56733,0.0574318,0.041822
1787,RL,3,Light Heavy,-0.00941086,Low,0,Low,0,3.23077,717.194,6.57674,0.0578714,0.0418178
1788,RL,3,Light Heavy,0.000335217,Low,0,Low,0,3.22928,716.953,6.5764,0.057524,0.0418137
1789,RL,3,Light Heavy,-0.00530767,Low,0,Low,0,3.24443,720.774,6.58171,0.0576908,0.0418095
1790,RL,3,Light Heavy,0.00239372,Low,0,Low,0,3.24291,719.048,6.57932,0.0578906,0.0418053
1791,RL,3,Light Heavy,0.00189495,Low,0,Low,0,3.23328,717.685,6.57742,0.0575632,0.0418011
1792,RL,3,Light Heavy,-0.00774384,Low,0,Low,0,3.2605,723.272,6.58517,0.0579059,0.0417969
1793,RL,3,Light Heavy,0.00474453,Low,0,Low,0,3.2436,719.844,6.58042,0.0580097,0.0417928
1794,RL,3,Light Heavy,0.00225163,Low,0,Low,0,3.23606,718.223,6.57817,0.0577937,0.0417886
1795,RL,3,Light Heavy,0.00489664,Low,0,Low,0,3.21745,714.709,6.57327,0.0576093,0.0417844
1796,RL,3,Light Heavy,-0.00541353,Low,0,Low,0,3.22984,718.594,6.57869,0.0572551,0.0417802
1797,RL,3,Light Heavy,-0.00070715,Low,0,Low,0,3.23677,719.103,6.57939,0.057793,0.041776
1798,RL,3,Light Heavy,0.00153112,Low,0,Low,0,3.23166,718.002,6.57786,0.0575209,0.0417719
1799,RL,3,Light Heavy,-0.00463104,Low,0,Low,0,3.24509,721.339,6.58249,0.0576224,0.0417677
1800,RL,3,Light Heavy,0.00109196,Low,0,Low,0,3.24855,720.551,6.5814,0.0577423,0.0417635
1801,RL,3,Light Heavy,-0.00397635,Low,0,Low,0,3.25921,723.426,6.58538,0.0577776,0.0417593
1802,RL,3,Light Heavy,-0.00120449,Low,0,Low,0,3.26084,724.299,6.58658,0.057567,0.0417552
1803,RL,3,Light Heavy,0.00984907,Low,0,Low,0,3.22643,717.19,6.57673,0.0573012,0.041751
1804,RL,3,Light Heavy,-0.00083065,Low,0,Low,0,3.22883,717.787,6.57757,0.0577323,0.0417468
1805,RL,3,Light Heavy,-0.00327158,Low,0,Low,0,3.24622,720.143,6.58084,0.0578299,0.0417426
1806,RL,3,Light Heavy,0.00538874,Low,0,Low,0,3.22344,716.267,6.57545,0.0577023,0.0417385
1807,RL,3,Light Heavy,-0.00876617,Low,0,Low,0,3.25338,722.582,6.58421,0.0574541,0.0417343
1808,RL,3,Light Heavy,0.00445604,Low,0,Low,0,3.24032,719.365,6.57976,0.0576547,0.0417301
1809,RL,3,Light Heavy,-9.01E-05,Low,0,Low,0,3.24296,719.43,6.57985,0.0576931,0.0417259
1810,RL,3,Light Heavy,0.00417185,Low,0,Low,0,3.22727,716.431,6.57568,0.0580251,0.0417218
1811,RL,3,Light Heavy,0.00196409,Low,0,Low,0,3.21952,715.023,6.57371,0.0578222,0.0417176
1812,RL,3,Light Heavy,-0.0155034,Low,0,Low,0,3.27006,726.21,6.58922,0.0575563,0.0417134
1813,RL,3,Light Heavy,0.00211287,Low,0,Low,0,3.26565,724.675,6.5871,0.0580058,0.0417093
1814,RL,3,Light Heavy,-0.000988007,Low,0,Low,0,3.26594,725.393,6.58809,0.0576846,0.0417051
1815,RL,3,Light Heavy,0.00840282,Low,0,Low,0,3.23968,719.315,6.57969,0.0576185,0.0417009
1816,RL,3,Light Heavy,-0.00523758,Low,0,Low,0,3.25293,723.097,6.58493,0.0580904,0.0416967
1817,RL,3,Light Heavy,-0.000171661,Low,0,Low,0,3.25302,723.221,6.5851,0.0575563,0.0416926
1818,RL,3,Light Heavy,0.0110655,Low,0,Low,0,3.22126,715.252,6.57403,0.0575386,0.0416884
1819,RL,3,Light Heavy,0.00197649,Low,0,Low,0,3.21739,713.838,6.57206,0.057637,0.0416842
1820,RL,3,Light Heavy,-0.00804758,Low,0,Low,0,3.24507,719.613,6.5801,0.05774,0.0416801
1821,RL,3,Light Heavy,-0.00390816,Low,0,Low,0,3.25359,722.435,6.58401,0.0577338,0.0416759
1822,RL,3,Light Heavy,0.0113559,Low,0,Low,0,3.21674,714.266,6.57266,0.0572796,0.0416717
1823,RL,3,Light Heavy,-0.0105686,Low,0,Low,0,3.25442,721.866,6.58322,0.0580043,0.0416676
1824,RL,3,Light Heavy,0.00758076,Low,0,Low,0,3.22663,716.407,6.57564,0.0577476,0.0416634
1825,RL,3,Light Heavy,-0.00435734,Low,0,Low,0,3.23789,719.54,6.58,0.0577661,0.0416592
1826,RL,3,Light Heavy,4.76837e-05,Low,0,Low,0,3.23659,719.505,6.57995,0.0576762,0.0416551
1827,RL,3,Light Heavy,-0.00250626,Low,0,Low,0,3.25251,721.313,6.58246,0.0578698,0.0416509
1828,RL,3,Light Heavy,0.00093317,Low,0,Low,0,3.24472,720.639,6.58153,0.0577131,0.0416467
1829,RL,3,Light Heavy,0.00317001,Low,0,Low,0,3.23777,718.356,6.57836,0.0579851,0.0416426
1830,RL,3,Light Heavy,0.00585127,Low,0,Low,0,3.21983,714.159,6.5725,0.0575563,0.0416384
1831,RL,3,Light Heavy,-0.00352097,Low,0,Low,0,3.23039,716.681,6.57603,0.0575179,0.0416342
1832,RL,3,Light Heavy,-0.00154591,Low,0,Low,0,3.23584,717.792,6.57757,0.0575355,0.0416301
1833,RL,3,Light Heavy,-0.00321388,Low,0,Low,0,3.24649,720.106,6.58079,0.0577446,0.0416259
1834,RL,3,Light Heavy,0.00820208,Low,0,Low,0,3.22052,714.215,6.57258,0.0579759,0.0416218
1835,RL,3,Light Heavy,-0.014461,Low,0,Low,0,3.26556,724.633,6.58704,0.0580527,0.0416176
1836,RL,3,Light Heavy,0.00964642,Low,0,Low,0,3.23714,717.667,6.5774,0.0578014,0.0416134
1837,RL,3,Light Heavy,0.0057025,Low,0,Low,0,3.22081,713.58,6.5717,0.0579259,0.0416093
1838,RL,3,Light Heavy,-0.0119529,Low,0,Low,0,3.25371,722.173,6.58365,0.0578691,0.0416051
1839,RL,3,Light Heavy,0.00756788,Low,0,Low,0,3.22674,716.72,6.57608,0.0577123,0.041601
1840,RL,3,Light Heavy,-0.00665045,Low,0,Low,0,3.24646,721.51,6.58273,0.0575133,0.0415968
1841,RL,3,Light Heavy,0.0106592,Low,0,Low,0,3.21726,713.849,6.57207,0.0577123,0.0415926
1842,RL,3,Light Heavy,-0.0127177,Low,0,Low,0,3.26064,722.998,6.58479,0.0578329,0.0415885
1843,RL,3,Light Heavy,0.00911617,Low,0,Low,0,3.22772,716.428,6.57567,0.0576608,0.0415843
1844,RL,3,Light Heavy,-0.00772953,Low,0,Low,0,3.24626,721.995,6.5834,0.0576516,0.0415802
1845,RL,3,Light Heavy,0.00542736,Low,0,Low,0,3.23264,718.082,6.57798,0.0577346,0.041576
1846,RL,3,Light Heavy,-0.00893497,Low,0,Low,0,3.26293,724.536,6.58691,0.0577207,0.0415718
1847,RL,3,Light Heavy,-0.00251055,Low,0,Low,0,3.27091,726.36,6.58942,0.0578752,0.0415677
1848,RL,3,Light Heavy,0.000109196,Low,0,Low,0,3.27371,726.28,6.58931,0.0580366,0.0415635
1849,RL,3,Light Heavy,0.00327396,Low,0,Low,0,3.26009,723.903,6.58604,0.0580274,0.0415594
1850,RL,3,Light Heavy,0.00542116,Low,0,Low,0,3.24494,719.984,6.58062,0.057813,0.0415552
1851,RL,3,Light Heavy,-0.00127602,Low,0,Low,0,3.24834,720.904,6.58189,0.0580773,0.0415511
1852,RL,3,Light Heavy,0.00499105,Low,0,Low,0,3.23033,717.31,6.5769,0.0578306,0.0415469
1853,RL,3,Light Heavy,-0.0104618,Low,0,Low,0,3.26437,724.865,6.58736,0.0579997,0.0415427
1854,RL,3,Light Heavy,-0.000853062,Low,0,Low,0,3.26761,725.484,6.58822,0.0576216,0.0415386
1855,RL,3,Light Heavy,0.00132179,Low,0,Low,0,3.26509,724.524,6.58689,0.057969,0.0415344
1856,RL,3,Light Heavy,0.00710726,Low,0,Low,0,3.23857,719.386,6.57979,0.0576623,0.0415303
1857,RL,3,Light Heavy,-0.0044775,Low,0,Low,0,3.25483,722.619,6.58426,0.0581603,0.0415261
1858,RL,3,Light Heavy,0.00786352,Low,0,Low,0,3.22749,716.951,6.5764,0.0576308,0.041522
1859,RL,3,Light Heavy,-0.00516891,Low,0,Low,0,3.24522,720.672,6.58157,0.0576985,0.0415178
1860,RL,3,Light Heavy,0.00601768,Low,0,Low,0,3.22159,716.342,6.57555,0.0574433,0.0415137
1861,RL,3,Light Heavy,-0.0161958,Low,0,Low,0,3.27669,728.054,6.59175,0.0576731,0.0415095
1862,RL,3,Light Heavy,0.018579,Low,0,Low,0,3.21745,714.634,6.57317,0.0575909,0.0415054
1863,RL,3,Light Heavy,-0.00198174,Low,0,Low,0,3.2257,716.054,6.57515,0.0576047,0.0415012
1864,RL,3,Light Heavy,-0.00231552,Low,0,Low,0,3.23099,717.716,6.57747,0.0578521,0.0414971
1865,RL,3,Light Heavy,-0.00568819,Low,0,Low,0,3.24923,721.816,6.58315,0.0577707,0.0414929
1866,RL,3,Light Heavy,0.00291014,Low,0,Low,0,3.24066,719.716,6.58024,0.0575563,0.0414888
1867,RL,3,Light Heavy,0.00286579,Low,0,Low,0,3.22908,717.653,6.57738,0.0576485,0.0414846
1868,RL,3,Light Heavy,-0.00404167,Low,0,Low,0,3.24528,720.563,6.58142,0.0577384,0.0414805
1869,RL,3,Light Heavy,-0.000484467,Low,0,Low,0,3.24903,720.913,6.5819,0.0579059,0.0414763
1870,RL,3,Light Heavy,-0.00218391,Low,0,Low,0,3.25817,722.491,6.58409,0.0579935,0.0414722
1871,RL,3,Light Heavy,0.00891304,Low,0,Low,0,3.22565,716.072,6.57518,0.0577553,0.041468
1872,RL,3,Light Heavy,-0.00288486,Low,0,Low,0,3.23546,718.143,6.57806,0.0579144,0.0414639
1873,RL,3,Light Heavy,-0.0138474,Low,0,Low,0,3.27922,728.171,6.59191,0.0579467,0.0414598
1874,RL,3,Light Heavy,0.011025,Low,0,Low,0,3.24085,720.176,6.58088,0.0578322,0.0414556
1875,RL,3,Light Heavy,0.00941658,Low,0,Low,0,3.21523,713.417,6.57147,0.0576001,0.0414515
1876,RL,3,Light Heavy,-0.0156822,Low,0,Low,0,3.26552,724.709,6.58715,0.0577446,0.0414473
1877,RL,3,Light Heavy,0.00420523,Low,0,Low,0,3.24851,721.663,6.58294,0.0577546,0.0414432
1878,RL,3,Light Heavy,0.000600815,Low,0,Low,0,3.24696,721.229,6.58234,0.0579497,0.041439
1879,RL,3,Light Heavy,0.00299788,Low,0,Low,0,3.24027,719.067,6.57934,0.0580143,0.0414349
1880,RL,3,Light Heavy,0.00577927,Low,0,Low,0,3.22244,714.918,6.57357,0.0575517,0.0414307
1881,RL,3,Light Heavy,-0.00311565,Low,0,Low,0,3.22902,717.152,6.57668,0.0573649,0.0414266
1882,RL,3,Light Heavy,-0.00389528,Low,0,Low,0,3.24436,719.955,6.58058,0.0578168,0.0414225
1883,RL,3,Light Heavy,-0.0016942,Low,0,Low,0,3.24891,721.177,6.58227,0.0578498,0.0414183
1884,RL,3,Light Heavy,0.000520706,Low,0,Low,0,3.24597,720.801,6.58175,0.0575663,0.0414142
1885,RL,3,Light Heavy,-0.00221968,Low,0,Low,0,3.25025,722.405,6.58397,0.057584,0.04141
1886,RL,3,Light Heavy,0.00666237,Low,0,Low,0,3.23022,717.602,6.57731,0.0575125,0.0414059
1887,RL,3,Light Heavy,0.00735712,Low,0,Low,0,3.20964,712.334,6.56995,0.0573534,0.0414017
1888,RL,3,Light Heavy,-0.00360298,Low,0,Low,0,3.2157,714.909,6.57355,0.0573811,0.0413976
1889,RL,3,Light Heavy,-0.00525141,Low,0,Low,0,3.23209,718.678,6.5788,0.0576132,0.0413935
1890,RL,3,Light Heavy,0.00749397,Low,0,Low,0,3.21279,713.305,6.57131,0.0573842,0.0413893
1891,RL,3,Light Heavy,-0.00561857,Low,0,Low,0,3.22923,717.33,6.57693,0.0574848,0.0413852
1892,RL,3,Light Heavy,5.62668e-05,Low,0,Low,0,3.23312,717.29,6.57687,0.0576869,0.041381
1893,RL,3,Light Heavy,0.00760889,Low,0,Low,0,3.20578,711.845,6.56926,0.0574387,0.0413769
1894,RL,3,Light Heavy,-0.00572157,Low,0,Low,0,3.23012,715.935,6.57499,0.0576547,0.0413728
1895,RL,3,Light Heavy,-0.00434446,Low,0,Low,0,3.23669,719.057,6.57933,0.0574487,0.0413686
1896,RL,3,Light Heavy,-0.0075593,Low,0,Low,0,3.25997,724.52,6.58689,0.0577522,0.0413645
1897,RL,3,Light Heavy,0.0128427,Low,0,Low,0,3.22656,715.262,6.57405,0.0577269,0.0413604
1898,RL,3,Light Heavy,-0.00502014,Low,0,Low,0,3.23621,718.867,6.57907,0.0576454,0.0413562
1899,RL,3,Light Heavy,-0.00176144,Low,0,Low,0,3.24443,720.136,6.58083,0.057952,0.0413521
1900,RL,3,Light Heavy,0.00505114,Low,0,Low,0,3.22582,716.503,6.57578,0.0577538,0.041348
1901,RL,3,Light Heavy,0.00071907,Low,0,Low,0,3.22761,715.987,6.57506,0.0578998,0.0413438
1902,RL,3,Light Heavy,-0.00743151,Low,0,Low,0,3.25169,721.336,6.58249,0.0577976,0.0413397
1903,RL,3,Light Heavy,0.00179577,Low,0,Low,0,3.24442,720.039,6.58069,0.0577984,0.0413356
1904,RL,3,Light Heavy,0.00570917,Low,0,Low,0,3.22635,715.935,6.57498,0.0574948,0.0413314
1905,RL,3,Light Heavy,-0.00907516,Low,0,Low,0,3.25375,722.47,6.58406,0.0577953,0.0413273
1906,RL,3,Light Heavy,0.0131741,Low,0,Low,0,3.21255,713.002,6.57089,0.0574633,0.0413232
1907,RL,3,Light Heavy,-0.0167727,Low,0,Low,0,3.26968,725.079,6.58766,0.0580888,0.041319
1908,RL,3,Light Heavy,0.00265503,Low,0,Low,0,3.25301,723.153,6.585,0.057836,0.0413149
1909,RL,3,Light Heavy,0.00894117,Low,0,Low,0,3.22687,716.708,6.57606,0.0576961,0.0413108
1910,RL,3,Light Heavy,-0.00748539,Low,0,Low,0,3.25391,722.1,6.58355,0.0578867,0.0413066
1911,RL,3,Light Heavy,-0.00398302,Low,0,Low,0,3.26066,724.986,6.58753,0.0578575,0.0413025
1912,RL,3,Light Heavy,-0.000180721,Low,0,Low,0,3.26953,725.117,6.58771,0.0581334,0.0412984
1913,RL,3,Light Heavy,0.0159411,Low,0,Low,0,3.21569,713.634,6.57177,0.0575801,0.0412942
1914,RL,3,Light Heavy,-0.00428343,Low,0,Low,0,3.23213,716.701,6.57605,0.0574472,0.0412901
1915,RL,3,Light Heavy,0.00308514,Low,0,Low,0,3.21996,714.491,6.57297,0.0577622,0.041286
1916,RL,3,Light Heavy,-0.0108228,Low,0,Low,0,3.24846,722.276,6.58379,0.0577376,0.0412819
1917,RL,3,Light Heavy,-0.00191259,Low,0,Low,0,3.25563,723.661,6.5857,0.0578137,0.0412777
1918,RL,3,Light Heavy,0.00932693,Low,0,Low,0,3.22913,716.934,6.57638,0.0575094,0.0412736
1919,RL,3,Light Heavy,-0.00372219,Low,0,Low,0,3.24391,719.611,6.5801,0.0577284,0.0412695
1920,RL,3,Light Heavy,-0.000928402,Low,0,Low,0,3.24028,720.28,6.58103,0.0578314,0.0412653
1921,RL,3,Light Heavy,0.00976944,Low,0,Low,0,3.21484,713.268,6.57126,0.0573811,0.0412612
1922,RL,3,Light Heavy,0.00221443,Low,0,Low,0,3.20417,711.688,6.56904,0.0574203,0.0412571
1923,RL,3,Light Heavy,-0.0168428,Low,0,Low,0,3.25825,723.793,6.58589,0.0578506,0.041253
1924,RL,3,Light Heavy,0.000492096,Low,0,Low,0,3.26006,723.437,6.58539,0.0576001,0.0412488
1925,RL,3,Light Heavy,0.00238514,Low,0,Low,0,3.24403,721.711,6.58301,0.057504,0.0412447
1926,RL,3,Light Heavy,-0.00139523,Low,0,Low,0,3.25792,722.72,6.5844,0.0580765,0.0412406
1927,RL,3,Light Heavy,0.00850296,Low,0,Low,0,3.23277,716.592,6.5759,0.0574779,0.0412365
1928,RL,3,Light Heavy,-0.00638533,Low,0,Low,0,3.24616,721.189,6.58229,0.0578022,0.0412323
1929,RL,3,Light Heavy,-0.000299454,Low,0,Low,0,3.25072,721.405,6.58259,0.0577914,0.0412282
1930,RL,3,Light Heavy,-0.00411034,Low,0,Low,0,3.26404,724.381,6.5867,0.0579367,0.0412241
1931,RL,3,Light Heavy,0.00832605,Low,0,Low,0,3.2354,718.366,6.57837,0.0574971,0.04122
1932,RL,3,Light Heavy,-0.00115919,Low,0,Low,0,3.24136,719.201,6.57953,0.0576224,0.0412159
1933,RL,3,Light Heavy,-0.00231171,Low,0,Low,0,3.24566,720.867,6.58184,0.0579159,0.0412117
1934,RL,3,Light Heavy,0.00521469,Low,0,Low,0,3.22785,717.113,6.57663,0.0576024,0.0412076
1935,RL,3,Light Heavy,-0.00981808,Low,0,Low,0,3.26094,724.198,6.58644,0.0577384,0.0412035
1936,RL,3,Light Heavy,0.000618458,Low,0,Low,0,3.25813,723.75,6.58583,0.0576331,0.0411994
1937,RL,3,Light Heavy,0.00805664,Low,0,Low,0,3.23599,717.934,6.57777,0.0575494,0.0411953
1938,RL,3,Light Heavy,-0.00147247,Low,0,Low,0,3.23621,718.994,6.57924,0.0575571,0.0411911
1939,RL,3,Light Heavy,-0.00165844,Low,0,Low,0,3.24529,720.189,6.5809,0.0575394,0.041187
1940,RL,3,Light Heavy,-0.00463533,Low,0,Low,0,3.2565,723.539,6.58554,0.0579021,0.0411829
1941,RL,3,Light Heavy,0.00315046,Low,0,Low,0,3.24614,721.26,6.58239,0.0578721,0.0411788
1942,RL,3,Light Heavy,-0.000833511,Low,0,Low,0,3.24911,721.863,6.58322,0.0576062,0.0411747
1943,RL,3,Light Heavy,-0.0050106,Low,0,Low,0,3.26833,725.494,6.58823,0.0579205,0.0411705
1944,RL,3,Light Heavy,0.0218368,Low,0,Low,0,3.19812,709.801,6.56639,0.0575978,0.0411664
1945,RL,3,Light Heavy,-0.0161886,Low,0,Low,0,3.2466,721.402,6.58258,0.0575832,0.0411623
1946,RL,3,Light Heavy,-0.00144911,Low,0,Low,0,3.2513,722.449,6.58403,0.0574026,0.0411582
1947,RL,3,Light Heavy,0.00223541,Low,0,Low,0,3.2461,720.834,6.5818,0.0574964,0.0411541
1948,RL,3,Light Heavy,0.00798893,Low,0,Low,0,3.22202,715.09,6.57381,0.0576923,0.04115
1949,RL,3,Light Heavy,0.00325632,Low,0,Low,0,3.21146,712.762,6.57055,0.0578837,0.0411458
1950,RL,3,Light Heavy,-0.00668859,Low,0,Low,0,3.23247,717.552,6.57724,0.0578744,0.0411417
1951,RL,3,Light Heavy,0.00313711,Low,0,Low,0,3.21636,715.302,6.5741,0.0573818,0.0411376
1952,RL,3,Light Heavy,-0.00194216,Low,0,Low,0,3.22763,716.694,6.57604,0.0575747,0.0411335
1953,RL,3,Light Heavy,0.00686026,Low,0,Low,0,3.20943,711.787,6.56918,0.0576769,0.0411294
1954,RL,3,Light Heavy,-0.00420761,Low,0,Low,0,3.2196,714.793,6.57339,0.057753,0.0411253
1955,RL,3,Light Heavy,-0.000721455,Low,0,Low,0,3.22809,715.31,6.57411,0.058045,0.0411212
1956,RL,3,Light Heavy,-0.0039835,Low,0,Low,0,3.2338,718.169,6.5781,0.0574925,0.0411171
1957,RL,3,Light Heavy,-0.00553226,Low,0,Low,0,3.24906,722.158,6.58363,0.0579428,0.0411129
1958,RL,3,Light Heavy,0.0188079,Low,0,Low,0,3.19275,708.684,6.56482,0.0572965,0.0411088
1959,RL,3,Light Heavy,-0.0133572,Low,0,Low,0,3.2311,718.227,6.57818,0.0575125,0.0411047
1960,RL,3,Light Heavy,-0.00968075,Low,0,Low,0,3.26613,725.224,6.58786,0.0575686,0.0411006
1961,RL,3,Light Heavy,0.0185585,Low,0,Low,0,3.20591,711.87,6.5693,0.0575732,0.0410965
1962,RL,3,Light Heavy,-0.00998974,Low,0,Low,0,3.23982,719.027,6.57929,0.0578483,0.0410924
1963,RL,3,Light Heavy,0.0034194,Low,0,Low,0,3.22646,716.57,6.57587,0.0574518,0.0410883
1964,RL,3,Light Heavy,-0.00452757,Low,0,Low,0,3.23852,719.826,6.5804,0.0576262,0.0410842
1965,RL,3,Light Heavy,-0.00569105,Low,0,Low,0,3.25512,723.94,6.58609,0.0577108,0.0410801
1966,RL,3,Light Heavy,0.0102472,Low,0,Low,0,3.22778,716.549,6.57584,0.0574403,0.041076
1967,RL,3,Light Heavy,-0.0114508,Low,0,Low,0,3.26645,724.813,6.58729,0.0580097,0.0410719
1968,RL,3,Light Heavy,0.00364017,Low,0,Low,0,3.24994,722.176,6.58365,0.0575071,0.0410677
1969,RL,3,Light Heavy,0.0105634,Low,0,Low,0,3.21983,714.576,6.57309,0.0575486,0.0410636
1970,RL,3,Light Heavy,0.00134087,Low,0,Low,0,3.218,713.618,6.57175,0.0576109,0.0410595
1971,RL,3,Light Heavy,-0.00996208,Low,0,Low,0,3.25182,720.773,6.58171,0.0579966,0.0410554
1972,RL,3,Light Heavy,-0.00637054,Low,0,Low,0,3.26498,725.385,6.58808,0.0579159,0.0410513
1973,RL,3,Light Heavy,0.00965214,Low,0,Low,0,3.23562,718.408,6.57843,0.0575924,0.0410472
1974,RL,3,Light Heavy,-0.00531101,Low,0,Low,0,3.25283,722.239,6.58374,0.0577,0.0410431
1975,RL,3,Light Heavy,0.00964212,Low,0,Low,0,3.22118,715.299,6.5741,0.057481,0.041039
1976,RL,3,Light Heavy,-0.00607538,Low,0,Low,0,3.24115,719.664,6.58017,0.0577054,0.0410349
1977,RL,3,Light Heavy,-0.00688696,Low,0,Low,0,3.26552,724.644,6.58706,0.0578276,0.0410308
1978,RL,3,Light Heavy,0.00547028,Low,0,Low,0,3.24984,720.685,6.58159,0.0577776,0.0410267
1979,RL,3,Light Heavy,0.0143461,Low,0,Low,0,3.20278,710.406,6.56724,0.0575463,0.0410226
1980,RL,3,Light Heavy,-0.0111561,Low,0,Low,0,3.23636,718.387,6.5784,0.0575202,0.0410185
1981,RL,3,Light Heavy,-0.00257063,Low,0,Low,0,3.24655,720.239,6.58097,0.0577768,0.0410144
1982,RL,3,Light Heavy,-0.00200605,Low,0,Low,0,3.24789,721.687,6.58298,0.0576854,0.0410103
1983,RL,3,Light Heavy,0.012661,Low,0,Low,0,3.21093,712.595,6.57031,0.0573926,0.0410062
1984,RL,3,Light Heavy,-0.00187778,Low,0,Low,0,3.21848,713.936,6.57219,0.0580243,0.0410021
1985,RL,3,Light Heavy,-0.0163031,Low,0,Low,0,3.26242,725.687,6.5885,0.0580397,0.040998
1986,RL,3,Light Heavy,0.00807524,Low,0,Low,0,3.24533,719.842,6.58042,0.0576716,0.0409939
1987,RL,3,Light Heavy,-0.000400066,Low,0,Low,0,3.24309,720.131,6.58082,0.0576255,0.0409898
1988,RL,3,Light Heavy,0.00319242,Low,0,Low,0,3.23659,717.832,6.57763,0.0577699,0.0409857
1989,RL,3,Light Heavy,0.00551796,Low,0,Low,0,3.21201,713.877,6.57211,0.0577046,0.0409816
1990,RL,3,Light Heavy,-0.0144053,Low,0,Low,0,3.26011,724.249,6.58652,0.0579928,0.0409775
1991,RL,3,Light Heavy,0.00378323,Low,0,Low,0,3.24808,721.511,6.58273,0.0576593,0.0409734
1992,RL,3,Light Heavy,0.00960922,Low,0,Low,0,3.21757,714.601,6.57312,0.0573542,0.0409693
1993,RL,3,Light Heavy,-0.00591373,Low,0,Low,0,3.23837,718.845,6.57904,0.0578314,0.0409652
1994,RL,3,Light Heavy,0.00432491,Low,0,Low,0,3.22942,715.739,6.57471,0.057584,0.0409611
1995,RL,3,Light Heavy,-0.00326777,Low,0,Low,0,3.23718,718.085,6.57798,0.0577215,0.040957
1996,RL,3,Light Heavy,-0.00639057,Low,0,Low,0,3.25311,722.695,6.58437,0.0576631,0.0409529
1997,RL,3,Light Heavy,0.00396395,Low,0,Low,0,3.24326,719.832,6.58041,0.0579152,0.0409488
1998,RL,3,Light Heavy,0.00610828,Low,0,Low,0,3.22845,715.442,6.5743,0.057763,0.0409447
1999,RL,3,Light Heavy,-0.0102181,Low,0,Low,0,3.25368,722.801,6.58452,0.0578844,0.0409406
2000,RL,3,Light Heavy,0.0114536,Low,0,Low,0,3.22171,714.558,6.57306,0.0575002,0.0409365
2001,RL,3,Light Heavy,-0.0109506,Low,0,Low,0,3.2487,722.437,6.58401,0.0576354,0.0409324
2002,RL,3,Light Heavy,-0.00504827,Low,0,Low,0,3.26854,726.098,6.58906,0.058075,0.0409284
2003,RL,3,Light Heavy,-0.000821114,Low,0,Low,0,3.26886,726.695,6.58988,0.0576231,0.0409243
2004,RL,3,Light Heavy,0.0158386,Low,0,Low,0,3.2277,715.26,6.57404,0.0579497,0.0409202
2005,RL,3,Light Heavy,-0.0105648,Low,0,Low,0,3.25172,722.867,6.58461,0.0575647,0.0409161
2006,RL,3,Light Heavy,0.00558329,Low,0,Low,0,3.23717,718.837,6.57903,0.0577223,0.040912
2007,RL,3,Light Heavy,0.00221491,Low,0,Low,0,3.23611,717.245,6.57681,0.057879,0.0409079
2008,RL,3,Light Heavy,-0.0017252,Low,0,Low,0,3.23565,718.485,6.57854,0.0578667,0.0409038
2009,RL,3,Light Heavy,0.00223398,Low,0,Low,0,3.23163,716.879,6.5763,0.0579782,0.0408997
2010,RL,3,Light Heavy,-0.00779486,Low,0,Low,0,3.25376,722.497,6.5841,0.0576854,0.0408956
2011,RL,3,Light Heavy,0.00792551,Low,0,Low,0,3.22613,716.786,6.57617,0.0573665,0.0408915
2012,RL,3,Light Heavy,-0.0113726,Low,0,Low,0,3.26037,724.995,6.58754,0.0575947,0.0408874
2013,RL,3,Light Heavy,-0.00146961,Low,0,Low,0,3.26845,726.063,6.58901,0.057524,0.0408834
2014,RL,3,Light Heavy,0.00948048,Low,0,Low,0,3.23818,719.203,6.57953,0.0575002,0.0408793
2015,RL,3,Light Heavy,-0.00677156,Low,0,Low,0,3.26104,724.096,6.5863,0.0576938,0.0408752
2016,RL,3,Light Heavy,0.00252819,Low,0,Low,0,3.25171,722.265,6.58378,0.0578168,0.0408711
2017,RL,3,Light Heavy,0.00661612,Low,0,Low,0,3.23045,717.496,6.57716,0.0576193,0.040867
2018,RL,3,Light Heavy,-0.0137787,Low,0,Low,0,3.27227,727.464,6.59094,0.0573926,0.0408629
2019,RL,3,Light Heavy,0.014493,Low,0,Low,0,3.2318,716.983,6.57645,0.0577461,0.0408588
2020,RL,3,Light Heavy,0.00390863,Low,0,Low,0,3.22108,714.182,6.57254,0.0573911,0.0408547
2021,RL,3,Light Heavy,-6.34E-05,Low,0,Low,0,3.21779,714.227,6.5726,0.057408,0.0408507
2022,RL,3,Light Heavy,-0.0103216,Low,0,Low,0,3.25032,721.648,6.58292,0.057441,0.0408466
2023,RL,3,Light Heavy,-0.00411415,Low,0,Low,0,3.2586,724.627,6.58704,0.0579029,0.0408425
2024,RL,3,Light Heavy,-1.67E-05,Low,0,Low,0,3.26654,724.639,6.58705,0.0574902,0.0408384
2025,RL,3,Light Heavy,0.014461,Low,0,Low,0,3.22172,714.221,6.57259,0.0575509,0.0408343
2026,RL,3,Light Heavy,-0.0168891,Low,0,Low,0,3.27171,726.403,6.58948,0.0579851,0.0408302
2027,RL,3,Light Heavy,0.00763416,Low,0,Low,0,3.25049,720.871,6.58185,0.0577131,0.0408262
2028,RL,3,Light Heavy,0.00170517,Low,0,Low,0,3.2386,719.641,6.58014,0.0574864,0.0408221
2029,RL,3,Light Heavy,0.00151777,Low,0,Low,0,3.23751,718.548,6.57862,0.0576016,0.040818
2030,RL,3,Light Heavy,-0.00679874,Low,0,Low,0,3.25774,723.457,6.58542,0.0575217,0.0408139
2031,RL,3,Light Heavy,-0.00145388,Low,0,Low,0,3.26261,724.511,6.58688,0.0574303,0.0408098
2032,RL,3,Light Heavy,0.00734806,Low,0,Low,0,3.23824,719.2,6.57953,0.0575494,0.0408058
2033,RL,3,Light Heavy,0.00106668,Low,0,Low,0,3.23663,718.432,6.57846,0.0576439,0.0408017
2034,RL,3,Light Heavy,-0.00328207,Low,0,Low,0,3.24767,720.797,6.58174,0.0576685,0.0407976
2035,RL,3,Light Heavy,-0.0107422,Low,0,Low,0,3.28159,728.592,6.59249,0.057992,0.0407935
2036,RL,3,Light Heavy,0.00465822,Low,0,Low,0,3.26053,725.202,6.58783,0.0577476,0.0407894
2037,RL,3,Light Heavy,0.0078001,Low,0,Low,0,3.23868,719.559,6.58003,0.0577868,0.0407854
2038,RL,3,Light Heavy,-0.00147533,Low,0,Low,0,3.24714,720.623,6.5815,0.0575893,0.0407813
2039,RL,3,Light Heavy,-0.000691414,Low,0,Low,0,3.24691,721.122,6.58219,0.0574602,0.0407772
2040,RL,3,Light Heavy,0.00174999,Low,0,Low,0,3.24473,719.86,6.58044,0.0578944,0.0407731
2041,RL,3,Light Heavy,0.000173569,Low,0,Low,0,3.24282,719.734,6.58027,0.0576162,0.040769
2042,RL,3,Light Heavy,-0.00343847,Low,0,Low,0,3.25594,722.217,6.58371,0.0578644,0.040765
2043,RL,3,Light Heavy,0.00108719,Low,0,Low,0,3.24944,721.431,6.58262,0.0578867,0.0407609
2044,RL,3,Light Heavy,-0.000698566,Low,0,Low,0,3.2529,721.936,6.58332,0.0578929,0.0407568
2045,RL,3,Light Heavy,-0.00314903,Low,0,Low,0,3.26128,724.216,6.58647,0.0578514,0.0407527
2046,RL,3,Light Heavy,0.00148106,Low,0,Low,0,3.25632,723.143,6.58499,0.0578399,0.0407487
2047,RL,3,Light Heavy,0.00819874,Low,0,Low,0,3.22961,717.23,6.57679,0.0575647,0.0407446
2048,RL,3,Light Heavy,-0.00619698,Low,0,Low,0,3.25064,721.695,6.58299,0.0579228,0.0407405
2049,RL,3,Light Heavy,0.00188971,Low,0,Low,0,3.24148,720.33,6.5811,0.0576047,0.0407364
2050,RL,3,Light Heavy,0.0096693,Low,0,Low,0,3.21334,713.389,6.57143,0.0575117,0.0407324
2051,RL,3,Light Heavy,-0.0121107,Low,0,Low,0,3.25343,722.094,6.58354,0.0575148,0.0407283
2052,RL,3,Light Heavy,0.00464153,Low,0,Low,0,3.23514,718.745,6.5789,0.057846,0.0407242
2053,RL,3,Light Heavy,0.00593758,Low,0,Low,0,3.21632,714.484,6.57296,0.0575916,0.0407201
2054,RL,3,Light Heavy,-0.0118651,Low,0,Low,0,3.25351,723.024,6.58482,0.0578514,0.0407161
2055,RL,3,Light Heavy,0.00896454,Low,0,Low,0,3.22756,716.562,6.57586,0.0576908,0.040712
2056,RL,3,Light Heavy,-0.00536251,Low,0,Low,0,3.24858,720.421,6.58122,0.0577438,0.0407079
2057,RL,3,Light Heavy,0.00243759,Low,0,Low,0,3.23086,718.664,6.57878,0.057408,0.0407039
2058,RL,3,Light Heavy,0.00737762,Low,0,Low,0,3.21227,713.374,6.57141,0.0572881,0.0406998
2059,RL,3,Light Heavy,-0.00635433,Low,0,Low,0,3.22893,717.928,6.57776,0.0576393,0.0406957
2060,RL,3,Light Heavy,-0.00440693,Low,0,Low,0,3.24362,721.104,6.58217,0.0573112,0.0406917
2061,RL,3,Light Heavy,0.00740194,Low,0,Low,0,3.22284,715.778,6.57477,0.057202,0.0406876
2062,RL,3,Light Heavy,-0.00430489,Low,0,Low,0,3.23702,718.871,6.57907,0.0579805,0.0406835
2063,RL,3,Light Heavy,0.00145912,Low,0,Low,0,3.23445,717.821,6.57761,0.0575348,0.0406795
2064,RL,3,Light Heavy,-0.0143409,Low,0,Low,0,3.2768,728.204,6.59195,0.0579782,0.0406754
2065,RL,3,Light Heavy,0.0146708,Low,0,Low,0,3.23405,717.584,6.57728,0.0578721,0.0406713
2066,RL,3,Light Heavy,-0.000448227,Low,0,Low,0,3.23536,717.906,6.57773,0.0578514,0.0406672
2067,RL,3,Light Heavy,-0.00175524,Low,0,Low,0,3.24249,719.169,6.57949,0.0578452,0.0406632
2068,RL,3,Light Heavy,0.000749588,Low,0,Low,0,3.2374,718.63,6.57874,0.0578253,0.0406591
2069,RL,3,Light Heavy,0.0048027,Low,0,Low,0,3.22336,715.182,6.57393,0.0577146,0.040655
2070,RL,3,Light Heavy,-0.0151038,Low,0,Low,0,3.26718,726.081,6.58904,0.0579474,0.040651
2071,RL,3,Light Heavy,0.00766802,Low,0,Low,0,3.24202,720.527,6.58137,0.057471,0.0406469
2072,RL,3,Light Heavy,0.00110435,Low,0,Low,0,3.23934,719.73,6.58027,0.0576892,0.0406429
2073,RL,3,Light Heavy,0.00520754,Low,0,Low,0,3.22902,715.987,6.57506,0.0577615,0.0406388
2074,RL,3,Light Heavy,-0.00590277,Low,0,Low,0,3.23972,720.232,6.58096,0.0577638,0.0406347
2075,RL,3,Light Heavy,0.00165606,Low,0,Low,0,3.23834,719.038,6.5793,0.0578014,0.0406307
2076,RL,3,Light Heavy,-0.00663614,Low,0,Low,0,3.26472,723.832,6.58594,0.058065,0.0406266
2077,RL,3,Light Heavy,0.0125055,Low,0,Low,0,3.22288,714.824,6.57343,0.0576716,0.0406225
2078,RL,3,Light Heavy,-0.0036931,Low,0,Low,0,3.23153,717.473,6.57713,0.0576577,0.0406185
2079,RL,3,Light Heavy,0.00781059,Low,0,Low,0,3.20861,711.883,6.56932,0.0575033,0.0406144
2080,RL,3,Light Heavy,-0.00649691,Low,0,Low,0,3.22864,716.53,6.57581,0.0576885,0.0406104
2081,RL,3,Light Heavy,-0.0049243,Low,0,Low,0,3.2455,720.072,6.58074,0.0577023,0.0406063
2082,RL,3,Light Heavy,0.00176048,Low,0,Low,0,3.23985,718.803,6.57898,0.0577707,0.0406022
2083,RL,3,Light Heavy,0.0104628,Low,0,Low,0,3.20709,711.312,6.56852,0.0573488,0.0405982
2084,RL,3,Light Heavy,-0.00728083,Low,0,Low,0,3.2272,716.517,6.5758,0.0575302,0.0405941
2085,RL,3,Light Heavy,-0.00577497,Low,0,Low,0,3.24529,720.672,6.58157,0.0578667,0.0405901
2086,RL,3,Light Heavy,0.00108862,Low,0,Low,0,3.2398,719.887,6.58048,0.0578568,0.040586
2087,RL,3,Light Heavy,0.0011797,Low,0,Low,0,3.23476,719.037,6.5793,0.0577991,0.0405819
2088,RL,3,Light Heavy,-0.00693798,Low,0,Low,0,3.25992,724.05,6.58624,0.0576969,0.0405779
2089,RL,3,Light Heavy,0.00783968,Low,0,Low,0,3.23434,718.388,6.5784,0.0576762,0.0405738
2090,RL,3,Light Heavy,-0.0126476,Low,0,Low,0,3.27415,727.544,6.59105,0.0577369,0.0405698
2091,RL,3,Light Heavy,0.0115342,Low,0,Low,0,3.23634,719.19,6.57951,0.0572474,0.0405657
2092,RL,3,Light Heavy,-0.00460052,Low,0,Low,0,3.2515,722.51,6.58412,0.0577784,0.0405616
2093,RL,3,Light Heavy,-0.0018816,Low,0,Low,0,3.25815,723.873,6.586,0.0576447,0.0405576
2094,RL,3,Light Heavy,0.00663805,Low,0,Low,0,3.24112,719.077,6.57936,0.0577469,0.0405535
2095,RL,3,Light Heavy,-0.00134563,Low,0,Low,0,3.24315,720.047,6.5807,0.0576055,0.0405495
2096,RL,3,Light Heavy,0.00247288,Low,0,Low,0,3.23851,718.266,6.57823,0.0580258,0.0405454
2097,RL,3,Light Heavy,-0.0113816,Low,0,Low,0,3.26793,726.499,6.58961,0.0575755,0.0405414
2098,RL,3,Light Heavy,0.00888634,Low,0,Low,0,3.24401,720.063,6.58073,0.0578775,0.0405373
2099,RL,3,Light Heavy,-0.00429821,Low,0,Low,0,3.25977,723.169,6.58502,0.0577584,0.0405333
2100,RL,3,Light Heavy,0.00920057,Low,0,Low,0,3.22856,716.537,6.57582,0.0575002,0.0405292
2101,RL,3,Light Heavy,-0.0116577,Low,0,Low,0,3.2637,724.951,6.58748,0.0574518,0.0405252
2102,RL,3,Light Heavy,0.00414371,Low,0,Low,0,3.2475,721.949,6.58334,0.0577038,0.0405211
2103,RL,3,Light Heavy,0.0106335,Low,0,Low,0,3.21212,714.302,6.5727,0.0575048,0.0405171
2104,RL,3,Light Heavy,-0.00149441,Low,0,Low,0,3.21832,715.372,6.5742,0.0572289,0.040513
2105,RL,3,Light Heavy,-0.00604296,Low,0,Low,0,3.24237,719.714,6.58024,0.0575517,0.040509
2106,RL,3,Light Heavy,0.00620031,Low,0,Low,0,3.22523,715.259,6.57404,0.0573719,0.0405049
2107,RL,3,Light Heavy,-0.00210571,Low,0,Low,0,3.23129,716.769,6.57615,0.0578014,0.0405009
2108,RL,3,Light Heavy,0.0015626,Low,0,Low,0,3.22288,715.648,6.57458,0.0577015,0.0404968
2109,RL,3,Light Heavy,-0.0131969,Low,0,Low,0,3.26352,725.168,6.58778,0.0577384,0.0404928
2110,RL,3,Light Heavy,0.00792027,Low,0,Low,0,3.23589,719.44,6.57986,0.0574687,0.0404887
2111,RL,3,Light Heavy,0.0025425,Low,0,Low,0,3.23819,717.61,6.57732,0.0577269,0.0404847
2112,RL,3,Light Heavy,-0.0107622,Low,0,Low,0,3.2666,725.386,6.58808,0.0577484,0.0404806
2113,RL,3,Light Heavy,0.0174146,Low,0,Low,0,3.21396,712.846,6.57067,0.0577507,0.0404766
2114,RL,3,Light Heavy,-0.0142908,Low,0,Low,0,3.25476,723.12,6.58496,0.0577546,0.0404725
2115,RL,3,Light Heavy,0.00753498,Low,0,Low,0,3.23184,717.685,6.57742,0.0573826,0.0404685
2116,RL,3,Light Heavy,-0.00253582,Low,0,Low,0,3.23965,719.509,6.57996,0.0575248,0.0404644
2117,RL,3,Light Heavy,-0.00621128,Low,0,Low,0,3.26233,723.999,6.58617,0.0578237,0.0404604
2118,RL,3,Light Heavy,0.0140839,Low,0,Low,0,3.21369,713.859,6.57209,0.0573872,0.0404563
2119,RL,3,Light Heavy,0.0012908,Low,0,Low,0,3.21449,712.937,6.5708,0.0578199,0.0404523
2120,RL,3,Light Heavy,-0.0209408,Low,0,Low,0,3.27784,728.045,6.59174,0.0579351,0.0404482
2121,RL,3,Light Heavy,0.0138135,Low,0,Low,0,3.23325,718.044,6.57792,0.0576577,0.0404442
2122,RL,3,Light Heavy,-0.00185251,Low,0,Low,0,3.24379,719.377,6.57977,0.0579482,0.0404401
2123,RL,3,Light Heavy,0.00647259,Low,0,Low,0,3.22454,714.73,6.5733,0.0576354,0.0404361
2124,RL,3,Light Heavy,-0.00767326,Low,0,Low,0,3.24466,720.243,6.58098,0.0575878,0.0404321
2125,RL,3,Light Heavy,-0.00473928,Low,0,Low,0,3.25815,723.669,6.58571,0.0575117,0.040428
2126,RL,3,Light Heavy,0.00593042,Low,0,Low,0,3.23738,719.384,6.57978,0.0575955,0.040424
2127,RL,3,Light Heavy,-0.00606012,Low,0,Low,0,3.26023,723.763,6.58584,0.0579436,0.0404199
2128,RL,3,Light Heavy,0.0104876,Low,0,Low,0,3.22281,716.202,6.57536,0.05772,0.0404159
2129,RL,3,Light Heavy,-0.00880384,Low,0,Low,0,3.25607,722.544,6.58416,0.0577838,0.0404118
2130,RL,3,Light Heavy,-0.00163698,Low,0,Low,0,3.25915,723.729,6.5858,0.0577161,0.0404078
2131,RL,3,Light Heavy,0.00678968,Low,0,Low,0,3.23841,718.825,6.57901,0.0577838,0.0404038
2132,RL,3,Light Heavy,0.00489473,Low,0,Low,0,3.22611,715.31,6.57411,0.0579021,0.0403997
2133,RL,3,Light Heavy,-0.00272751,Low,0,Low,0,3.22855,717.267,6.57684,0.0575747,0.0403957
2134,RL,3,Light Heavy,0.000407696,Low,0,Low,0,3.22377,716.974,6.57643,0.0574533,0.0403917
2135,RL,3,Light Heavy,-0.00775671,Low,0,Low,0,3.2513,722.565,6.58419,0.0576024,0.0403876
2136,RL,3,Light Heavy,0.000767708,Low,0,Low,0,3.25218,722.009,6.58342,0.057836,0.0403836
2137,RL,3,Light Heavy,0.00761843,Low,0,Low,0,3.22878,716.522,6.5758,0.0575463,0.0403795
2138,RL,3,Light Heavy,-0.0102201,Low,0,Low,0,3.2625,723.893,6.58602,0.057866,0.0403755
2139,RL,3,Light Heavy,0.000247002,Low,0,Low,0,3.25786,723.714,6.58578,0.0576716,0.0403715
2140,RL,3,Light Heavy,-0.00397778,Low,0,Low,0,3.26833,726.602,6.58975,0.0578183,0.0403674
2141,RL,3,Light Heavy,0.0116363,Low,0,Low,0,3.23975,718.185,6.57812,0.05774,0.0403634
2142,RL,3,Light Heavy,-0.00862074,Low,0,Low,0,3.25944,724.411,6.58674,0.0575056,0.0403593
2143,RL,3,Light Heavy,0.00472498,Low,0,Low,0,3.2473,720.992,6.58201,0.0577615,0.0403553
2144,RL,3,Light Heavy,-0.00183058,Low,0,Low,0,3.25198,722.315,6.58384,0.0576885,0.0403513
2145,RL,3,Light Heavy,0.0104022,Low,0,Low,0,3.22376,714.83,6.57344,0.0577569,0.0403472
2146,RL,3,Light Heavy,-0.00157213,Low,0,Low,0,3.2208,715.956,6.57501,0.0574933,0.0403432
2147,RL,3,Light Heavy,0.0054903,Low,0,Low,0,3.20726,712.031,6.56952,0.0575232,0.0403392
2148,RL,3,Light Heavy,-0.0111747,Low,0,Low,0,3.24145,720.043,6.5807,0.0575893,0.0403351
2149,RL,3,Light Heavy,-0.00452137,Low,0,Low,0,3.25697,723.311,6.58522,0.0578936,0.0403311
2150,RL,3,Light Heavy,0.0104752,Low,0,Low,0,3.22113,715.763,6.57475,0.0575194,0.0403271
2151,RL,3,Light Heavy,-0.00733376,Low,0,Low,0,3.24951,721.039,6.58208,0.0577277,0.040323
2152,RL,3,Light Heavy,-0.00138617,Low,0,Low,0,3.25228,722.04,6.58347,0.0575478,0.040319
2153,RL,3,Light Heavy,0.000200272,Low,0,Low,0,3.25232,721.896,6.58326,0.0575394,0.040315
2154,RL,3,Light Heavy,0.0119023,Low,0,Low,0,3.2154,713.342,6.57136,0.0577753,0.0403109
2155,RL,3,Light Heavy,-0.0131769,Low,0,Low,0,3.25051,722.818,6.58454,0.0580289,0.0403069
2156,RL,3,Light Heavy,0.00313377,Low,0,Low,0,3.2446,720.553,6.58141,0.0575117,0.0403029
2157,RL,3,Light Heavy,-0.00108624,Low,0,Low,0,3.25123,721.337,6.58249,0.05765,0.0402989
2158,RL,3,Light Heavy,-0.0028615,Low,0,Low,0,3.25754,723.407,6.58535,0.0577692,0.0402948
2159,RL,3,Light Heavy,0.00827646,Low,0,Low,0,3.23168,717.436,6.57708,0.0575878,0.0402908
2160,RL,3,Light Heavy,-0.00590706,Low,0,Low,0,3.24494,721.692,6.58298,0.0576808,0.0402868
2161,RL,3,Light Heavy,0.0042634,Low,0,Low,0,3.23427,718.618,6.57872,0.057889,0.0402827
2162,RL,3,Light Heavy,-0.00580931,Low,0,Low,0,3.25661,722.811,6.58453,0.0577861,0.0402787
2163,RL,3,Light Heavy,0.00232649,Low,0,Low,0,3.24905,721.129,6.5822,0.0579228,0.0402747
2164,RL,3,Light Heavy,0.00719976,Low,0,Low,0,3.22635,715.948,6.575,0.0575094,0.0402707
2165,RL,3,Light Heavy,-0.00566149,Low,0,Low,0,3.24189,720.019,6.58067,0.0575348,0.0402666
2166,RL,3,Light Heavy,0.00153399,Low,0,Low,0,3.2358,718.914,6.57913,0.0574825,0.0402626
2167,RL,3,Light Heavy,0.00574112,Low,0,Low,0,3.22042,714.792,6.57339,0.0574579,0.0402586
2168,RL,3,Light Heavy,-0.00654459,Low,0,Low,0,3.24256,719.492,6.57993,0.05772,0.0402545
2169,RL,3,Light Heavy,-0.000531197,Low,0,Low,0,3.24159,719.875,6.58047,0.0577077,0.0402505
2170,RL,3,Light Heavy,-0.000330448,Low,0,Low,0,3.24745,720.113,6.5808,0.0576347,0.0402465
2171,RL,3,Light Heavy,-3.43E-05,Low,0,Low,0,3.24544,720.138,6.58083,0.0576301,0.0402425
2172,RL,3,Light Heavy,0.00204039,Low,0,Low,0,3.23541,718.668,6.57879,0.0579536,0.0402385
2173,RL,3,Light Heavy,0.00129032,Low,0,Low,0,3.22933,717.74,6.5775,0.0579567,0.0402344
2174,RL,3,Light Heavy,0.0044775,Low,0,Low,0,3.21623,714.529,6.57302,0.0573388,0.0402304
2175,RL,3,Light Heavy,-0.000268936,Low,0,Low,0,3.22047,714.722,6.57329,0.0573964,0.0402264
2176,RL,3,Light Heavy,-0.0119643,Low,0,Low,0,3.25822,723.336,6.58526,0.0576785,0.0402224
2177,RL,3,Light Heavy,0.00613785,Low,0,Low,0,3.24086,718.904,6.57912,0.0576869,0.0402183
2178,RL,3,Light Heavy,-0.0007267,Low,0,Low,0,3.24071,719.427,6.57984,0.0577061,0.0402143
2179,RL,3,Light Heavy,0.000302792,Low,0,Low,0,3.24203,719.209,6.57954,0.0575793,0.0402103
2180,RL,3,Light Heavy,-0.00611162,Low,0,Low,0,3.25966,723.624,6.58565,0.0577453,0.0402063
2181,RL,3,Light Heavy,0.0119443,Low,0,Low,0,3.21778,715.021,6.57371,0.0574095,0.0402023
2182,RL,3,Light Heavy,-0.00626802,Low,0,Low,0,3.24099,719.523,6.57998,0.0576493,0.0401982
2183,RL,3,Light Heavy,-0.0008955,Low,0,Low,0,3.24509,720.168,6.58087,0.0578414,0.0401942
2184,RL,3,Light Heavy,-0.00157404,Low,0,Low,0,3.24156,721.304,6.58245,0.057388,0.0401902
2185,RL,3,Light Heavy,0.0138364,Low,0,Low,0,3.20446,711.379,6.56861,0.05773,0.0401862
2186,RL,3,Light Heavy,-0.00525522,Low,0,Low,0,3.22304,715.133,6.57387,0.0576354,0.0401822
2187,RL,3,Light Heavy,-0.0105,Low,0,Low,0,3.25592,722.692,6.58437,0.057866,0.0401781
2188,RL,3,Light Heavy,0.00668049,Low,0,Low,0,3.23716,717.873,6.57768,0.0580727,0.0401741
2189,RL,3,Light Heavy,-0.00307226,Low,0,Low,0,3.24191,720.085,6.58076,0.0575801,0.0401701
2190,RL,3,Light Heavy,-0.000575542,Low,0,Low,0,3.24764,720.5,6.58133,0.0577815,0.0401661
2191,RL,3,Light Heavy,0.00169992,Low,0,Low,0,3.24253,719.275,6.57963,0.0575371,0.0401621
2192,RL,3,Light Heavy,0.00066185,Low,0,Low,0,3.23467,718.798,6.57897,0.0575194,0.0401581
2193,RL,3,Light Heavy,-0.00154638,Low,0,Low,0,3.24455,719.912,6.58052,0.0577668,0.040154
2194,RL,3,Light Heavy,0.000197887,Low,0,Low,0,3.24028,719.77,6.58032,0.0576792,0.04015
2195,RL,3,Light Heavy,0.000933647,Low,0,Low,0,3.24441,719.097,6.57939,0.0577484,0.040146
2196,RL,3,Light Heavy,0.0066452,Low,0,Low,0,3.22169,714.328,6.57274,0.0577369,0.040142
2197,RL,3,Light Heavy,-0.0124669,Low,0,Low,0,3.25801,723.301,6.58521,0.0579851,0.040138
2198,RL,3,Light Heavy,0.0120926,Low,0,Low,0,3.22428,714.595,6.57311,0.0575517,0.040134
2199,RL,3,Light Heavy,-0.0120039,Low,0,Low,0,3.26048,723.237,6.58512,0.0578829,0.04013
2200,RL,3,Light Heavy,0.00668526,Low,0,Low,0,3.23123,718.411,6.57843,0.0576462,0.0401259
2201,RL,3,Light Heavy,-0.000942707,Low,0,Low,0,3.2381,719.09,6.57938,0.0577876,0.0401219
2202,RL,3,Light Heavy,0.00721645,Low,0,Low,0,3.21748,713.912,6.57216,0.0577469,0.0401179
2203,RL,3,Light Heavy,-0.0046134,Low,0,Low,0,3.23247,717.218,6.57677,0.0580251,0.0401139
2204,RL,3,Light Heavy,-0.00367737,Low,0,Low,0,3.24168,719.864,6.58045,0.0577177,0.0401099
2205,RL,3,Light Heavy,-0.00188017,Low,0,Low,0,3.25053,721.221,6.58233,0.057909,0.0401059
2206,RL,3,Light Heavy,0.00632715,Low,0,Low,0,3.23333,716.666,6.576,0.0579198,0.0401019
2207,RL,3,Light Heavy,-0.00666142,Low,0,Low,0,3.24955,721.462,6.58266,0.0579228,0.0400979
2208,RL,3,Light Heavy,0.00301218,Low,0,Low,0,3.23637,719.289,6.57965,0.0572543,0.0400939
2209,RL,3,Light Heavy,0.0013814,Low,0,Low,0,3.24142,718.295,6.57827,0.0576178,0.0400898
2210,RL,3,Light Heavy,-0.00828934,Low,0,Low,0,3.25826,724.282,6.58656,0.0577538,0.0400858
2211,RL,3,Light Heavy,0.00457001,Low,0,Low,0,3.2447,720.975,6.58199,0.0577031,0.0400818
2212,RL,3,Light Heavy,-0.00361443,Low,0,Low,0,3.25626,723.589,6.58561,0.0577815,0.0400778
2213,RL,3,Light Heavy,-0.00364161,Low,0,Low,0,3.26837,726.233,6.58925,0.0577853,0.0400738
2214,RL,3,Light Heavy,0.0216107,Low,0,Low,0,3.20439,710.685,6.56764,0.0575755,0.0400698
2215,RL,3,Light Heavy,-0.0149894,Low,0,Low,0,3.24774,721.433,6.58263,0.0577353,0.0400658
2216,RL,3,Light Heavy,0.00856209,Low,0,Low,0,3.22488,715.275,6.57406,0.0578929,0.0400618
2217,RL,3,Light Heavy,-0.00366545,Low,0,Low,0,3.23888,717.905,6.57773,0.0580297,0.0400578
2218,RL,3,Light Heavy,-0.0121055,Low,0,Low,0,3.26911,726.66,6.58983,0.0576062,0.0400538
2219,RL,3,Light Heavy,0.0198154,Low,0,Low,0,3.21104,712.383,6.57002,0.0576055,0.0400498
2220,RL,3,Light Heavy,-0.0168405,Low,0,Low,0,3.26662,724.499,6.58686,0.0579474,0.0400458
2221,RL,3,Light Heavy,0.00784397,Low,0,Low,0,3.24219,718.83,6.57902,0.0575202,0.0400418
2222,RL,3,Light Heavy,-0.000473976,Low,0,Low,0,3.24265,719.171,6.57949,0.0577707,0.0400378
2223,RL,3,Light Heavy,-0.00254631,Low,0,Low,0,3.24872,721.008,6.58204,0.0580143,0.0400338
2224,RL,3,Light Heavy,-0.00416565,Low,0,Low,0,3.26051,724.022,6.5862,0.0576377,0.0400298
2225,RL,3,Light Heavy,0.00206232,Low,0,Low,0,3.25334,722.528,6.58414,0.0578253,0.0400258
2226,RL,3,Light Heavy,-0.00441074,Low,0,Low,0,3.2655,725.726,6.58855,0.0575824,0.0400217
2227,RL,3,Light Heavy,0.0148869,Low,0,Low,0,3.22443,714.987,6.57366,0.0580174,0.0400177
2228,RL,3,Light Heavy,-0.00877285,Low,0,Low,0,3.25201,721.296,6.58244,0.0577008,0.0400137
2229,RL,3,Light Heavy,-0.00597429,Low,0,Low,0,3.26263,725.624,6.58841,0.0575755,0.0400097
2230,RL,3,Light Heavy,0.0179133,Low,0,Low,0,3.21203,712.724,6.5705,0.057262,0.0400057
2231,RL,3,Light Heavy,-0.00693989,Low,0,Low,0,3.2338,717.695,6.57744,0.0576938,0.0400017
2232,RL,3,Light Heavy,-0.00718117,Low,0,Low,0,3.25704,722.874,6.58462,0.0579836,0.0399977
2233,RL,3,Light Heavy,0.010108,Low,0,Low,0,3.2247,715.594,6.57451,0.0581111,0.0399937
2234,RL,3,Light Heavy,0.00409651,Low,0,Low,0,3.21079,712.665,6.57041,0.0576477,0.0399897
2235,RL,3,Light Heavy,-0.00125027,Low,0,Low,0,3.21003,713.557,6.57166,0.0573311,0.0399857
2236,RL,3,Light Heavy,-0.00702667,Low,0,Low,0,3.23569,718.596,6.57869,0.0577645,0.0399817
2237,RL,3,Light Heavy,-0.0029521,Low,0,Low,0,3.24696,720.724,6.58164,0.0576554,0.0399778
2238,RL,3,Light Heavy,5.34058e-05,Low,0,Low,0,3.24689,720.685,6.58159,0.0580466,0.0399738
2239,RL,3,Light Heavy,0.00224447,Low,0,Low,0,3.23461,719.067,6.57934,0.0574426,0.0399698
2240,RL,3,Light Heavy,-0.00430107,Low,0,Low,0,3.2498,722.171,6.58365,0.0579989,0.0399658
2241,RL,3,Light Heavy,0.00222969,Low,0,Low,0,3.24604,720.56,6.58142,0.05768,0.0399618
2242,RL,3,Light Heavy,-0.0015769,Low,0,Low,0,3.25296,721.699,6.58299,0.0574733,0.0399578
2243,RL,3,Light Heavy,0.000404835,Low,0,Low,0,3.24742,721.406,6.58259,0.0579144,0.0399538
2244,RL,3,Light Heavy,0.00624704,Low,0,Low,0,3.23113,716.907,6.57634,0.0578437,0.0399498
2245,RL,3,Light Heavy,-0.00980425,Low,0,Low,0,3.26005,723.981,6.58614,0.0577653,0.0399458
2246,RL,3,Light Heavy,0.00596857,Low,0,Low,0,3.23624,719.666,6.58018,0.0575302,0.0399418
2247,RL,3,Light Heavy,0.00333738,Low,0,Low,0,3.23085,717.265,6.57684,0.0575809,0.0399378
2248,RL,3,Light Heavy,-0.00610495,Low,0,Low,0,3.25479,721.664,6.58294,0.0576047,0.0399338
2249,RL,3,Light Heavy,0.00184107,Low,0,Low,0,3.2444,720.334,6.5811,0.0578491,0.0399298
2250,RL,3,Light Heavy,-0.00652313,Low,0,Low,0,3.26745,725.055,6.58763,0.0577815,0.0399258
2251,RL,3,Light Heavy,0.00329161,Low,0,Low,0,3.25333,722.669,6.58433,0.0578875,0.0399218
2252,RL,3,Light Heavy,0.00363636,Low,0,Low,0,3.2427,720.042,6.5807,0.0575402,0.0399178
2253,RL,3,Light Heavy,0.00784063,Low,0,Low,0,3.21886,714.411,6.57286,0.0575701,0.0399138
2254,RL,3,Light Heavy,-0.0144496,Low,0,Low,0,3.26246,724.824,6.58731,0.057461,0.0399098
2255,RL,3,Light Heavy,0.00255871,Low,0,Low,0,3.24961,722.969,6.58475,0.0574141,0.0399059
2256,RL,3,Light Heavy,0.0111508,Low,0,Low,0,3.22248,714.941,6.5736,0.0576785,0.0399019
2257,RL,3,Light Heavy,-0.0117393,Low,0,Low,0,3.25837,723.395,6.58534,0.0578314,0.0398979
2258,RL,3,Light Heavy,0.00999403,Low,0,Low,0,3.23186,716.191,6.57534,0.0579697,0.0398939
2259,RL,3,Light Heavy,-0.00573635,Low,0,Low,0,3.24413,720.317,6.58108,0.0575455,0.0398899
2260,RL,3,Light Heavy,0.00062418,Low,0,Low,0,3.24535,719.867,6.58045,0.0577169,0.0398859
2261,RL,3,Light Heavy,-0.000263691,Low,0,Low,0,3.2452,720.057,6.58072,0.0579313,0.0398819
2262,RL,3,Light Heavy,-0.00974178,Low,0,Low,0,3.27078,727.116,6.59046,0.0578183,0.0398779
2263,RL,3,Light Heavy,-0.0012536,Low,0,Low,0,3.27921,728.029,6.59171,0.0579866,0.0398739
2264,RL,3,Light Heavy,0.00824976,Low,0,Low,0,3.25776,722.04,6.58346,0.0578206,0.03987
2265,RL,3,Light Heavy,0.00489616,Low,0,Low,0,3.24034,718.508,6.57857,0.0577,0.039866
2266,RL,3,Light Heavy,0.00141764,Low,0,Low,0,3.22484,717.489,6.57715,0.0572151,0.039862
2267,RL,3,Light Heavy,0.00547504,Low,0,Low,0,3.21233,713.566,6.57168,0.0572036,0.039858
2268,RL,3,Light Heavy,-0.0103979,Low,0,Low,0,3.24757,721.035,6.58207,0.0577499,0.039854
2269,RL,3,Light Heavy,0.00735331,Low,0,Low,0,3.22864,715.745,6.57472,0.0575079,0.03985
2270,RL,3,Light Heavy,-0.00562334,Low,0,Low,0,3.23892,719.787,6.58034,0.0574987,0.039846
2271,RL,3,Light Heavy,0.00116825,Low,0,Low,0,3.241,718.945,6.57917,0.0579559,0.0398421
2272,RL,3,Light Heavy,-0.00613117,Low,0,Low,0,3.25966,723.373,6.58531,0.0578606,0.0398381
2273,RL,3,Light Heavy,-0.00142527,Low,0,Low,0,3.26381,724.406,6.58673,0.0577861,0.0398341
2274,RL,3,Light Heavy,0.012404,Low,0,Low,0,3.21914,715.464,6.57433,0.0576216,0.0398301
2275,RL,3,Light Heavy,-0.000718594,Low,0,Low,0,3.22357,715.979,6.57505,0.0576739,0.0398261
2276,RL,3,Light Heavy,-0.00226831,Low,0,Low,0,3.23749,717.607,6.57731,0.0577607,0.0398221
2277,RL,3,Light Heavy,-0.000213623,Low,0,Low,0,3.23293,717.76,6.57753,0.057637,0.0398182
2278,RL,3,Light Heavy,-0.00017643,Low,0,Low,0,3.23696,717.887,6.5777,0.0577476,0.0398142
2279,RL,3,Light Heavy,-0.0116963,Low,0,Low,0,3.27113,726.345,6.5894,0.0578014,0.0398102
2280,RL,3,Light Heavy,0.0107002,Low,0,Low,0,3.24062,718.604,6.5787,0.0578737,0.0398062
2281,RL,3,Light Heavy,-0.00198698,Low,0,Low,0,3.24325,720.035,6.58069,0.0579467,0.0398022
2282,RL,3,Light Heavy,-0.00639009,Low,0,Low,0,3.25896,724.657,6.58708,0.0575801,0.0397983
2283,RL,3,Light Heavy,0.00315142,Low,0,Low,0,3.25427,722.374,6.58393,0.0578176,0.0397943
2284,RL,3,Light Heavy,0.0124769,Low,0,Low,0,3.21933,713.405,6.57145,0.057813,0.0397903
2285,RL,3,Light Heavy,-0.00807571,Low,0,Low,0,3.23395,719.197,6.57952,0.0576301,0.0397863
2286,RL,3,Light Heavy,0.00617123,Low,0,Low,0,3.22038,714.766,6.57335,0.0576093,0.0397823
2287,RL,3,Light Heavy,-0.00179911,Low,0,Low,0,3.22748,716.055,6.57515,0.0579451,0.0397784
2288,RL,3,Light Heavy,0.00668812,Low,0,Low,0,3.20204,711.276,6.56846,0.0573281,0.0397744
2289,RL,3,Light Heavy,-0.00969601,Low,0,Low,0,3.23909,718.215,6.57816,0.0578598,0.0397704
2290,RL,3,Light Heavy,0.00012207,Low,0,Low,0,3.23215,718.127,6.57804,0.0577008,0.0397664
2291,RL,3,Light Heavy,-0.00245523,Low,0,Low,0,3.24154,719.895,6.58049,0.0577138,0.0397624
2292,RL,3,Light Heavy,0.00655937,Low,0,Low,0,3.22178,715.182,6.57393,0.0573519,0.0397585
2293,RL,3,Light Heavy,-0.00899935,Low,0,Low,0,3.2471,721.657,6.58293,0.0573949,0.0397545
2294,RL,3,Light Heavy,-0.000304222,Low,0,Low,0,3.25556,721.876,6.58324,0.0577868,0.0397505
2295,RL,3,Light Heavy,0.00252485,Low,0,Low,0,3.24158,720.053,6.58071,0.0576915,0.0397465
2296,RL,3,Light Heavy,-0.00193548,Low,0,Low,0,3.24718,721.45,6.58265,0.0577423,0.0397426
2297,RL,3,Light Heavy,-0.00118685,Low,0,Low,0,3.25585,722.308,6.58384,0.0579782,0.0397386
2298,RL,3,Light Heavy,0.00354052,Low,0,Low,0,3.2366,719.752,6.5803,0.0575094,0.0397346
2299,RL,3,Light Heavy,-0.00434208,Low,0,Low,0,3.2553,722.888,6.58464,0.0576654,0.0397307
2300,RL,3,Light Heavy,0.0107441,Low,0,Low,0,3.21974,715.153,6.57389,0.0578037,0.0397267
2301,RL,3,Light Heavy,0.00175047,Low,0,Low,0,3.2163,713.9,6.57214,0.0575194,0.0397227
2302,RL,3,Light Heavy,-0.00618124,Low,0,Low,0,3.23458,718.332,6.57832,0.0575763,0.0397187
2303,RL,3,Light Heavy,-0.00637341,Low,0,Low,0,3.25533,722.932,6.5847,0.0575878,0.0397148
2304,RL,3,Balanced,0.00227642,Low,0,Low,0,3.24741,721.286,6.58242,0.057355,0.0397108
2305,RL,3,Balanced,0.00194645,Low,0,Low,0,3.25091,719.881,6.58047,0.0629501,0.0397068
2306,RL,3,Balanced,-0.00155783,Low,0,Low,0,3.24996,721.005,6.58203,0.0627926,0.0397029
2307,RL,3,Balanced,0.0147457,Low,0,Low,0,3.21011,710.437,6.56729,0.0625298,0.0396989
2308,RL,3,Balanced,-0.0190792,Low,0,Low,0,3.26523,724.141,6.58637,0.0627157,0.0396949
2309,RL,3,Balanced,0.000291824,Low,0,Low,0,3.26415,723.929,6.58607,0.0626927,0.0396909
2310,RL,3,Balanced,-0.00237226,Low,0,Low,0,3.27539,725.651,6.58845,0.0632975,0.039687
2311,RL,3,Balanced,0.00786018,Low,0,Low,0,3.24794,719.962,6.58059,0.0626397,0.039683
2312,RL,3,Balanced,-0.0045228,Low,0,Low,0,3.25966,723.23,6.58511,0.0627165,0.039679
2313,RL,3,Balanced,0.00473261,Low,0,Low,0,3.24295,719.81,6.58038,0.0627273,0.0396751
2314,RL,3,Balanced,0.00132561,Low,0,Low,0,3.24124,718.855,6.57905,0.0625252,0.0396711
2315,RL,3,Balanced,-0.00272751,Low,0,Low,0,3.25185,720.822,6.58178,0.0630231,0.0396671
2316,RL,3,Balanced,-0.00285959,Low,0,Low,0,3.26191,722.889,6.58464,0.0627434,0.0396632
2317,RL,3,Balanced,0.00773239,Low,0,Low,0,3.23569,717.313,6.57691,0.0626758,0.0396592
2318,RL,3,Balanced,-0.0104494,Low,0,Low,0,3.26556,724.858,6.58735,0.0623915,0.0396552
2319,RL,3,Balanced,0.0123558,Low,0,Low,0,3.2317,715.945,6.575,0.0626397,0.0396513
2320,RL,3,Light Heavy,-2.24E-05,Low,0,Low,0,3.22907,715.961,6.57502,0.0627619,0.0396473
2321,RL,3,Light Heavy,-0.00386906,Low,0,Low,0,3.23354,718.74,6.57889,0.057408,0.0396433
2322,RL,3,Light Heavy,-0.000815392,Low,0,Low,0,3.23871,719.327,6.57971,0.0574395,0.0396394
2323,RL,3,Light Heavy,0.00348425,Low,0,Low,0,3.22701,716.822,6.57622,0.0575601,0.0396354
2324,RL,3,Light Heavy,-0.00143862,Low,0,Low,0,3.23213,717.855,6.57766,0.0573772,0.0396315
2325,RL,3,Light Heavy,-0.00211239,Low,0,Low,0,3.24142,719.376,6.57977,0.0573696,0.0396275
2326,RL,3,Light Heavy,-0.00329924,Low,0,Low,0,3.25021,721.756,6.58307,0.057793,0.0396235
2327,RL,3,Light Heavy,0.000729084,Low,0,Low,0,3.25061,721.229,6.58234,0.0576723,0.0396196
2328,RL,3,Light Heavy,0.00901175,Low,0,Low,0,3.22141,714.75,6.57333,0.0579082,0.0396156
2329,RL,3,Light Heavy,0.00224686,Low,0,Low,0,3.21568,713.144,6.57108,0.0576992,0.0396116
2330,RL,3,Light Heavy,-0.010128,Low,0,Low,0,3.24529,720.413,6.58121,0.057796,0.0396077
2331,RL,3,Light Heavy,-0.00149488,Low,0,Low,0,3.24748,721.492,6.58271,0.0578283,0.0396037
2332,RL,3,Light Heavy,0.00533867,Low,0,Low,0,3.23345,717.646,6.57737,0.057491,0.0395998
2333,RL,3,Light Heavy,-0.00236082,Low,0,Low,0,3.23913,719.344,6.57973,0.057358,0.0395958
2334,RL,3,Light Heavy,-0.00372696,Low,0,Low,0,3.25308,722.034,6.58346,0.057534,0.0395918
2335,RL,3,Light Heavy,0.00875235,Low,0,Low,0,3.22389,715.733,6.5747,0.0575179,0.0395879
2336,RL,3,Light Heavy,-0.00285769,Low,0,Low,0,3.23193,717.784,6.57756,0.0576155,0.0395839
2337,RL,3,Light Heavy,0.00350428,Low,0,Low,0,3.22225,715.27,6.57406,0.0574011,0.03958
2338,RL,3,Light Heavy,-0.00680399,Low,0,Low,0,3.23885,720.16,6.58086,0.0577584,0.039576
2339,RL,3,Light Heavy,-0.00111389,Low,0,Low,0,3.24848,720.964,6.58197,0.0576708,0.039572
2340,RL,3,Light Heavy,0.00785875,Low,0,Low,0,3.22274,715.312,6.57412,0.0577108,0.0395681
2341,RL,3,Light Heavy,-0.00708294,Low,0,Low,0,3.24866,720.404,6.5812,0.0576147,0.0395641
2342,RL,3,Light Heavy,-0.00537062,Low,0,Low,0,3.26098,724.289,6.58657,0.0577023,0.0395602
2343,RL,3,Light Heavy,0.00241518,Low,0,Low,0,3.25233,722.539,6.58415,0.057763,0.0395562
2344,RL,3,Light Heavy,0.0009408,Low,0,Low,0,3.2504,721.859,6.58321,0.0576877,0.0395523
2345,RL,3,Light Heavy,0.00559521,Low,0,Low,0,3.2324,717.825,6.57762,0.0576685,0.0395483
2346,RL,3,Light Heavy,-0.0127807,Low,0,Low,0,3.2758,727.071,6.5904,0.0578844,0.0395444
2347,RL,3,Light Heavy,0.00697994,Low,0,Low,0,3.25472,722.007,6.58342,0.0576946,0.0395404
2348,RL,3,Light Heavy,0.00310707,Low,0,Low,0,3.23859,719.764,6.58031,0.0576485,0.0395365
2349,RL,3,Light Heavy,-0.00722218,Low,0,Low,0,3.25741,724.989,6.58753,0.0577423,0.0395325
2350,RL,3,Light Heavy,0.017005,Low,0,Low,0,3.21174,712.748,6.57053,0.057657,0.0395285
2351,RL,3,Light Heavy,-0.0142102,Low,0,Low,0,3.25683,722.962,6.58474,0.0577338,0.0395246
2352,RL,3,Light Heavy,0.00535059,Low,0,Low,0,3.23907,719.099,6.57939,0.057418,0.0395206
2353,RL,3,Light Heavy,0.00188303,Low,0,Low,0,3.23533,717.745,6.57751,0.0576208,0.0395167
2354,RL,3,Light Heavy,0.00397539,Low,0,Low,0,3.22101,714.893,6.57353,0.0577315,0.0395127
2355,RL,3,Light Heavy,-0.00586987,Low,0,Low,0,3.23798,719.108,6.5794,0.0577576,0.0395088
2356,RL,3,Light Heavy,-0.0087781,Low,0,Low,0,3.26928,725.456,6.58818,0.0579482,0.0395048
2357,RL,3,Light Heavy,0.0104113,Low,0,Low,0,3.23138,717.932,6.57777,0.0576908,0.0395009
2358,RL,3,Light Heavy,-0.0028739,Low,0,Low,0,3.23999,720.001,6.58064,0.058032,0.0394969
2359,RL,3,Light Heavy,-0.00235605,Low,0,Low,0,3.25299,721.702,6.583,0.0579605,0.039493
2360,RL,3,Light Heavy,0.0082593,Low,0,Low,0,3.21956,715.758,6.57474,0.0574671,0.039489
2361,RL,3,Light Heavy,-0.0125909,Low,0,Low,0,3.26115,724.839,6.58733,0.0573158,0.0394851
2362,RL,3,Light Heavy,0.00583744,Low,0,Low,0,3.24713,720.615,6.58149,0.0579059,0.0394811
2363,RL,3,Light Heavy,-0.00728989,Low,0,Low,0,3.26751,725.894,6.58878,0.057939,0.0394772
2364,RL,3,Light Heavy,0.00890398,Low,0,Low,0,3.23863,719.451,6.57988,0.0574087,0.0394732
2365,RL,3,Light Heavy,-0.00311518,Low,0,Low,0,3.24826,721.699,6.58299,0.0579398,0.0394693
2366,RL,3,Light Heavy,0.00533104,Low,0,Low,0,3.2347,717.856,6.57766,0.0578906,0.0394653
2367,RL,3,Light Heavy,-0.00276423,Low,0,Low,0,3.24117,719.846,6.58043,0.0578675,0.0394614
2368,RL,3,Light Heavy,-0.000892639,Low,0,Low,0,3.24733,720.49,6.58132,0.0577292,0.0394575
2369,RL,3,Light Heavy,-0.00235319,Low,0,Low,0,3.24986,722.19,6.58367,0.0577845,0.0394535
2370,RL,3,Light Heavy,0.00140381,Low,0,Low,0,3.24828,721.175,6.58227,0.0577884,0.0394496
2371,RL,3,Light Heavy,0.000145435,Low,0,Low,0,3.2436,721.07,6.58212,0.0577653,0.0394456
2372,RL,3,Light Heavy,-0.0125217,Low,0,Low,0,3.28474,730.169,6.59464,0.0579567,0.0394417
2373,RL,3,Light Heavy,0.016973,Low,0,Low,0,3.23309,717.863,6.57767,0.0577169,0.0394377
2374,RL,3,Light Heavy,-0.00391817,Low,0,Low,0,3.24955,720.685,6.58159,0.0577392,0.0394338
2375,RL,3,Light Heavy,-0.00605917,Low,0,Low,0,3.26757,725.071,6.58765,0.0581211,0.0394298
2376,RL,3,Light Heavy,0.00895882,Low,0,Low,0,3.23874,718.596,6.57869,0.0577546,0.0394259
2377,RL,3,Light Heavy,0.00537586,Low,0,Low,0,3.21978,714.738,6.57331,0.0573834,0.039422
2378,RL,3,Light Heavy,0.00307465,Low,0,Low,0,3.2139,712.54,6.57024,0.0579075,0.039418
2379,RL,3,Light Heavy,-0.0191131,Low,0,Low,0,3.26745,726.31,6.58935,0.0578083,0.0394141
2380,RL,3,Light Heavy,0.0211043,Low,0,Low,0,3.20767,711.121,6.56825,0.0575978,0.0394101
2381,RL,3,Light Heavy,-0.00780869,Low,0,Low,0,3.23196,716.704,6.57606,0.0578206,0.0394062
2382,RL,3,Light Heavy,0.00364256,Low,0,Low,0,3.21717,714.094,6.57241,0.057501,0.0394023
2383,RL,3,Light Heavy,0.000281334,Low,0,Low,0,3.21608,713.893,6.57213,0.0576547,0.0393983
2384,RL,3,Light Heavy,-0.00432014,Low,0,Low,0,3.23244,716.988,6.57645,0.0576032,0.0393944
2385,RL,3,Light Heavy,-0.00611401,Low,0,Low,0,3.24727,721.391,6.58257,0.0575886,0.0393904
2386,RL,3,Light Heavy,0.00174999,Low,0,Low,0,3.23805,720.128,6.58082,0.0575663,0.0393865
2387,RL,3,Light Heavy,0.000612259,Low,0,Low,0,3.2429,719.687,6.5802,0.0575809,0.0393826
2388,RL,3,Light Heavy,0.000347614,Low,0,Low,0,3.23934,719.436,6.57986,0.0579643,0.0393786
2389,RL,3,Light Heavy,-0.00356865,Low,0,Low,0,3.25009,722.012,6.58343,0.0578483,0.0393747
2390,RL,3,Light Heavy,0.00250006,Low,0,Low,0,3.24101,720.206,6.58093,0.057504,0.0393707
2391,RL,3,Light Heavy,-0.00378132,Low,0,Low,0,3.25388,722.939,6.58471,0.0580627,0.0393668
2392,RL,3,Light Heavy,-0.00211954,Low,0,Low,0,3.26072,724.475,6.58683,0.0575763,0.0393629
2393,RL,3,Light Heavy,0.00651455,Low,0,Low,0,3.24034,719.764,6.58031,0.0575601,0.0393589
2394,RL,3,Light Heavy,-0.0104976,Low,0,Low,0,3.27687,727.37,6.59081,0.0575332,0.039355
2395,RL,3,Light Heavy,0.0116129,Low,0,Low,0,3.23885,718.96,6.5792,0.0578744,0.0393511
2396,RL,3,Light Heavy,-0.000301838,Low,0,Low,0,3.24008,719.178,6.5795,0.0577484,0.0393471
2397,RL,3,Light Heavy,-0.000733852,Low,0,Low,0,3.24055,719.707,6.58023,0.0573941,0.0393432
2398,RL,3,Light Heavy,0.00816441,Low,0,Low,0,3.21175,713.846,6.57207,0.0572781,0.0393393
2399,RL,3,Light Heavy,-0.00684786,Low,0,Low,0,3.23634,718.758,6.57892,0.0575747,0.0393353
2400,RL,3,Light Heavy,-0.00813198,Low,0,Low,0,3.2634,724.635,6.58705,0.0579228,0.0393314
2401,RL,3,Light Heavy,0.0119815,Low,0,Low,0,3.2263,715.993,6.57507,0.0577292,0.0393275
2402,RL,3,Light Heavy,-0.00433397,Low,0,Low,0,3.23972,719.107,6.5794,0.0575863,0.0393235
2403,RL,3,Light Heavy,-0.00694847,Low,0,Low,0,3.26298,724.128,6.58635,0.0579513,0.0393196
2404,RL,3,Light Heavy,0.000606537,Low,0,Low,0,3.25889,723.689,6.58574,0.0577807,0.0393157
2405,RL,3,Light Heavy,-0.00257397,Low,0,Low,0,3.26361,725.556,6.58832,0.0580765,0.0393117
2406,RL,3,Light Heavy,0.00448561,Low,0,Low,0,3.25481,722.305,6.58383,0.0577307,0.0393078
2407,RL,3,Light Heavy,0.00735331,Low,0,Low,0,3.23328,717.005,6.57648,0.0579474,0.0393039
2408,RL,3,Light Heavy,0.00581884,Low,0,Low,0,3.21459,712.839,6.57066,0.0577761,0.0392999
2409,RL,3,Light Heavy,-0.0187545,Low,0,Low,0,3.26824,726.353,6.58941,0.0578375,0.039296
2410,RL,3,Light Heavy,0.0107346,Low,0,Low,0,3.23572,718.587,6.57868,0.0576431,0.0392921
2411,RL,3,Light Heavy,-0.00734997,Low,0,Low,0,3.25868,723.896,6.58603,0.0578352,0.0392882
2412,RL,3,Light Heavy,0.00535679,Low,0,Low,0,3.24743,720.023,6.58067,0.0576224,0.0392842
2413,RL,3,Light Heavy,0.00747108,Low,0,Low,0,3.21774,714.656,6.5732,0.0577077,0.0392803
2414,RL,3,Light Heavy,-0.00842237,Low,0,Low,0,3.24502,720.709,6.58162,0.0575378,0.0392764
2415,RL,3,Light Heavy,0.000103951,Low,0,Low,0,3.23893,720.634,6.58152,0.0575217,0.0392724
2416,RL,3,Light Heavy,0.00906563,Low,0,Low,0,3.21619,714.122,6.57245,0.0578983,0.0392685
2417,RL,3,Light Heavy,-0.012907,Low,0,Low,0,3.25677,723.412,6.58536,0.0580058,0.0392646
2418,RL,3,Light Heavy,-0.00540161,Low,0,Low,0,3.26949,727.335,6.59076,0.0577446,0.0392607
2419,RL,3,Light Heavy,0.00820208,Low,0,Low,0,3.25093,721.386,6.58256,0.0577507,0.0392567
2420,RL,3,Light Heavy,-0.00430679,Low,0,Low,0,3.25859,724.504,6.58687,0.0578368,0.0392528
2421,RL,3,Light Heavy,0.00430727,Low,0,Low,0,3.24583,721.385,6.58256,0.0576746,0.0392489
2422,RL,3,Light Heavy,0.00146961,Low,0,Low,0,3.24123,720.325,6.58109,0.0576155,0.039245
2423,RL,3,Light Heavy,0.00259924,Low,0,Low,0,3.23802,718.452,6.57849,0.0576377,0.039241
2424,RL,3,Light Heavy,-0.00101089,Low,0,Low,0,3.24038,719.18,6.5795,0.0574925,0.0392371
2425,RL,3,Light Heavy,-0.004807,Low,0,Low,0,3.25528,722.65,6.58431,0.057763,0.0392332
2426,RL,3,Light Heavy,0.00543547,Low,0,Low,0,3.23379,718.727,6.57887,0.0573565,0.0392293
2427,RL,3,Light Heavy,0.00257921,Low,0,Low,0,3.22841,716.874,6.57629,0.0580189,0.0392253
2428,RL,3,Light Heavy,0.00654507,Low,0,Low,0,3.21027,712.19,6.56975,0.0575924,0.0392214
2429,RL,3,Light Heavy,-0.00774813,Low,0,Low,0,3.23441,717.738,6.5775,0.057773,0.0392175
2430,RL,3,Light Heavy,-0.00263357,Low,0,Low,0,3.24479,719.633,6.58013,0.0578667,0.0392136
2431,RL,3,Light Heavy,-0.00122023,Low,0,Low,0,3.24427,720.513,6.58135,0.0579736,0.0392097
2432,RL,3,Light Heavy,0.00237322,Low,0,Low,0,3.23673,718.803,6.57898,0.0579182,0.0392057
2433,RL,3,Light Heavy,0.00649357,Low,0,Low,0,3.21736,714.144,6.57248,0.0574502,0.0392018
2434,RL,3,Light Heavy,-0.00992346,Low,0,Low,0,3.24898,721.276,6.58241,0.0578483,0.0391979
2435,RL,3,Light Heavy,0.00624228,Low,0,Low,0,3.22636,716.781,6.57616,0.0575471,0.039194
2436,RL,3,Light Heavy,-0.00585794,Low,0,Low,0,3.25179,720.998,6.58202,0.0582341,0.0391901
2437,RL,3,Light Heavy,0.00192976,Low,0,Low,0,3.24233,719.606,6.58009,0.0576846,0.0391861
2438,RL,3,Light Heavy,-0.00429583,Low,0,Low,0,3.25702,722.708,6.58439,0.0580204,0.0391822
2439,RL,3,Light Heavy,0.00989723,Low,0,Low,0,3.22377,715.581,6.57449,0.0578076,0.0391783
2440,RL,3,Light Heavy,-0.00261164,Low,0,Low,0,3.22882,717.455,6.5771,0.0573058,0.0391744
2441,RL,3,Light Heavy,-0.00611687,Low,0,Low,0,3.24828,721.863,6.58322,0.0577845,0.0391705
2442,RL,3,Light Heavy,0.0118103,Low,0,Low,0,3.21432,713.376,6.57141,0.0575924,0.0391666
2443,RL,3,Light Heavy,-0.00464773,Low,0,Low,0,3.2288,716.704,6.57606,0.0577638,0.0391626
2444,RL,3,Light Heavy,-0.00398397,Low,0,Low,0,3.23927,719.569,6.58004,0.0575256,0.0391587
2445,RL,3,Light Heavy,0.000277996,Low,0,Low,0,3.23628,719.369,6.57976,0.0575978,0.0391548
2446,RL,3,Light Heavy,-0.00313854,Low,0,Low,0,3.24603,721.633,6.5829,0.0575663,0.0391509
2447,RL,3,Light Heavy,0.000619888,Low,0,Low,0,3.24878,721.186,6.58228,0.057723,0.039147
2448,RL,3,Light Heavy,0.00346279,Low,0,Low,0,3.23442,718.689,6.57882,0.0576155,0.0391431
2449,RL,3,Light Heavy,-0.00997162,Low,0,Low,0,3.26796,725.901,6.58879,0.057949,0.0391391
2450,RL,3,Light Heavy,0.00404644,Low,0,Low,0,3.25365,722.966,6.58474,0.0573941,0.0391352
2451,RL,3,Light Heavy,-0.00683308,Low,0,Low,0,3.27108,727.93,6.59158,0.0574326,0.0391313
2452,RL,3,Light Heavy,0.00688219,Low,0,Low,0,3.25351,722.93,6.5847,0.0579989,0.0391274
2453,RL,3,Light Heavy,0.00239897,Low,0,Low,0,3.24678,721.196,6.5823,0.0575617,0.0391235
2454,RL,3,Light Heavy,0.00936222,Low,0,Low,0,3.21829,714.466,6.57293,0.0572604,0.0391196
2455,RL,3,Light Heavy,-0.00785971,Low,0,Low,0,3.24752,720.112,6.58079,0.0576785,0.0391157
2456,RL,3,Light Heavy,-0.01156,Low,0,Low,0,3.2783,728.496,6.59235,0.0578091,0.0391118
2457,RL,3,Light Heavy,0.00664568,Low,0,Low,0,3.25915,723.664,6.58571,0.0577807,0.0391078
2458,RL,3,Light Heavy,0.0123544,Low,0,Low,0,3.22029,714.766,6.57335,0.0578291,0.0391039
2459,RL,3,Light Heavy,-0.00439167,Low,0,Low,0,3.23751,717.917,6.57775,0.0572942,0.0391
2460,RL,3,Light Heavy,-0.00608349,Low,0,Low,0,3.25308,722.303,6.58383,0.0577376,0.0390961
2461,RL,3,Light Heavy,-0.0019989,Low,0,Low,0,3.26137,723.751,6.58583,0.0580404,0.0390922
2462,RL,3,Light Heavy,0.00919294,Low,0,Low,0,3.23019,717.119,6.57663,0.0576754,0.0390883
2463,RL,3,Light Heavy,-0.00325203,Low,0,Low,0,3.23558,719.458,6.57989,0.0574695,0.0390844
2464,RL,3,Light Heavy,-0.00271559,Low,0,Low,0,3.24646,721.417,6.5826,0.057763,0.0390805
2465,RL,3,Light Heavy,-0.00384951,Low,0,Low,0,3.25829,724.203,6.58645,0.0577261,0.0390766
2466,RL,3,Light Heavy,0.00768042,Low,0,Low,0,3.23577,718.655,6.57877,0.0574226,0.0390727
2467,RL,3,Light Heavy,-0.000566959,Low,0,Low,0,3.24064,719.063,6.57934,0.0575986,0.0390688
2468,RL,3,Light Heavy,-0.00363588,Low,0,Low,0,3.24882,721.686,6.58297,0.0576539,0.0390649
2469,RL,3,Light Heavy,0.00633621,Low,0,Low,0,3.22715,717.121,6.57664,0.0573227,0.0390609
2470,RL,3,Light Heavy,-0.00490665,Low,0,Low,0,3.24759,720.653,6.58154,0.057524,0.039057
2471,RL,3,Light Heavy,3.8147e-06,Low,0,Low,0,3.24108,720.651,6.58154,0.0575793,0.0390531
2472,RL,3,Light Heavy,-0.0029459,Low,0,Low,0,3.25347,722.779,6.58449,0.0579628,0.0390492
2473,RL,3,Light Heavy,0.00849438,Low,0,Low,0,3.22838,716.657,6.57599,0.0581603,0.0390453
2474,RL,3,Light Heavy,-3.81E-06,Low,0,Low,0,3.23349,716.66,6.576,0.0579751,0.0390414
2475,RL,3,Light Heavy,-0.00572395,Low,0,Low,0,3.24429,720.78,6.58172,0.0576869,0.0390375
2476,RL,3,Light Heavy,0.0183263,Low,0,Low,0,3.19131,707.673,6.56339,0.0574764,0.0390336
2477,RL,3,Light Heavy,-0.0199523,Low,0,Low,0,3.251,721.955,6.58335,0.0576055,0.0390297
2478,RL,3,Light Heavy,-0.00125504,Low,0,Low,0,3.25645,722.862,6.5846,0.0579997,0.0390258
2479,RL,3,Light Heavy,0.00803661,Low,0,Low,0,3.23023,717.068,6.57656,0.0576685,0.0390219
2480,RL,3,Light Heavy,-0.00381279,Low,0,Low,0,3.24178,719.811,6.58038,0.057992,0.039018
2481,RL,3,Light Heavy,-0.00707817,Low,0,Low,0,3.26801,724.932,6.58746,0.0579897,0.0390141
2482,RL,3,Light Heavy,0.0052762,Low,0,Low,0,3.24923,721.112,6.58218,0.0575801,0.0390102
2483,RL,3,Light Heavy,0.00748539,Low,0,Low,0,3.22223,715.726,6.57469,0.0574979,0.0390063
2484,RL,3,Light Heavy,-0.0112991,Low,0,Low,0,3.26051,723.871,6.58599,0.0578276,0.0390024
2485,RL,3,Light Heavy,0.0105038,Low,0,Low,0,3.22459,716.297,6.57549,0.05769,0.0389985
2486,RL,3,Light Heavy,-0.0102153,Low,0,Low,0,3.257,723.662,6.5857,0.0579789,0.0389946
2487,RL,3,Light Heavy,0.00437355,Low,0,Low,0,3.24495,720.499,6.58133,0.0578314,0.0389907
2488,RL,3,Light Heavy,0.000400543,Low,0,Low,0,3.24739,720.21,6.58093,0.0579705,0.0389868
2489,RL,3,Light Heavy,-0.00266409,Low,0,Low,0,3.25284,722.134,6.58359,0.0574518,0.0389829
2490,RL,3,Light Heavy,-0.000196457,Low,0,Low,0,3.25095,722.276,6.58379,0.0578837,0.038979
2491,RL,3,Light Heavy,0.00153685,Low,0,Low,0,3.24796,721.166,6.58225,0.0578483,0.0389751
2492,RL,3,Light Heavy,-0.00473452,Low,0,Low,0,3.26044,724.593,6.58699,0.0578875,0.0389712
2493,RL,3,Light Heavy,0.0146785,Low,0,Low,0,3.21459,714.02,6.57231,0.0574472,0.0389673
2494,RL,3,Light Heavy,-0.0177922,Low,0,Low,0,3.27003,726.855,6.5901,0.0577745,0.0389634
2495,RL,3,Light Heavy,0.0139031,Low,0,Low,0,3.22639,716.806,6.5762,0.0575394,0.0389595
2496,RL,3,Light Heavy,0.00366974,Low,0,Low,0,3.21346,714.177,6.57253,0.0576109,0.0389556
2497,RL,3,Light Heavy,0.00527191,Low,0,Low,0,3.20305,710.416,6.56726,0.057909,0.0389517
2498,RL,3,Light Heavy,-0.0232267,Low,0,Low,0,3.27577,727.134,6.59048,0.0578114,0.0389478
2499,RL,3,Light Heavy,0.00384474,Low,0,Low,0,3.26244,724.339,6.58664,0.0577976,0.0389439
2500,RL,3,Light Heavy,0.0106568,Low,0,Low,0,3.23165,716.651,6.57598,0.0578222,0.03894
2501,RL,3,Light Heavy,-0.00644588,Low,0,Low,0,3.24956,721.292,6.58243,0.0577807,0.0389361
2502,RL,3,Light Heavy,0.00423384,Low,0,Low,0,3.2372,718.24,6.5782,0.0578683,0.0389323
2503,RL,3,Light Heavy,-0.00993538,Low,0,Low,0,3.26929,725.422,6.58813,0.0578475,0.0389284
2504,RL,3,Light Heavy,0.0143356,Low,0,Low,0,3.22246,715.082,6.57379,0.0577561,0.0389245
2505,RL,3,Light Heavy,-0.0127559,Low,0,Low,0,3.25663,724.275,6.58655,0.0575302,0.0389206
2506,RL,3,Light Heavy,0.0065093,Low,0,Low,0,3.24574,719.569,6.58004,0.0574964,0.0389167
2507,RL,3,Light Heavy,0.00244904,Low,0,Low,0,3.23189,717.807,6.57759,0.0577031,0.0389128
2508,RL,3,Light Heavy,-0.00740147,Low,0,Low,0,3.25352,723.146,6.58499,0.0579897,0.0389089
2509,RL,3,Light Heavy,0.00881052,Low,0,Low,0,3.22579,716.794,6.57618,0.0575232,0.038905
2510,RL,3,Light Heavy,-0.017786,Low,0,Low,0,3.28457,729.675,6.59397,0.0579405,0.0389011
2511,RL,3,Light Heavy,0.0137429,Low,0,Low,0,3.23964,719.702,6.58023,0.0575886,0.0388972
2512,RL,3,Balanced,-0.00241041,Low,0,Low,0,3.25024,721.442,6.58264,0.0575886,0.0388933
2513,RL,3,Balanced,-0.00612497,Low,0,Low,0,3.27538,725.88,6.58876,0.0630961,0.0388894
2514,RL,3,Balanced,0.00700903,Low,0,Low,0,3.25388,720.804,6.58175,0.0630039,0.0388856
2515,RL,3,Balanced,-0.000784397,Low,0,Low,0,3.25644,721.37,6.58254,0.0626835,0.0388817
2516,RL,3,Balanced,0.00176001,Low,0,Low,0,3.24693,720.099,6.58078,0.0624844,0.0388778
2517,RL,3,Balanced,0.00459051,Low,0,Low,0,3.23665,716.797,6.57619,0.062818,0.0388739
2518,RL,3,Balanced,-0.00624418,Low,0,Low,0,3.24722,721.293,6.58243,0.062237,0.03887
2519,RL,3,Balanced,0.00706577,Low,0,Low,0,3.2301,716.207,6.57537,0.062612,0.0388661
2520,RL,3,Balanced,-0.00254011,Low,0,Low,0,3.23785,718.032,6.57791,0.0623384,0.0388622
2521,RL,3,Balanced,-0.00784349,Low,0,Low,0,3.26262,723.693,6.58575,0.0626796,0.0388584
2522,RL,3,Balanced,0.005651,Low,0,Low,0,3.24696,719.61,6.5801,0.0625467,0.0388545
2523,RL,3,Balanced,-0.000883102,Low,0,Low,0,3.24652,720.246,6.58098,0.0624537,0.0388506
2524,RL,3,Balanced,0.000352383,Low,0,Low,0,3.24832,719.992,6.58063,0.0625382,0.0388467
2525,RL,3,Balanced,-0.00772858,Low,0,Low,0,3.27015,725.586,6.58836,0.0630493,0.0388428
2526,RL,3,Balanced,0.00101852,Low,0,Low,0,3.26475,724.846,6.58734,0.0628049,0.0388389
2527,RL,3,Balanced,0.0103507,Low,0,Low,0,3.23694,717.372,6.57699,0.0625913,0.038835
2528,RL,3,Balanced,-0.00261354,Low,0,Low,0,3.24559,719.252,6.5796,0.0624983,0.0388312
2529,RL,3,Balanced,-0.00147104,Low,0,Low,0,3.25062,720.313,6.58107,0.0627334,0.0388273
2530,RL,3,Balanced,-0.00824404,Low,0,Low,0,3.27197,726.283,6.58932,0.0626435,0.0388234
2531,RL,3,Balanced,0.00857449,Low,0,Low,0,3.24849,720.074,6.58074,0.0628287,0.0388195
2532,RL,3,Balanced,-0.00384378,Low,0,Low,0,3.2639,722.851,6.58459,0.0629878,0.0388156
2533,RL,3,Balanced,0.00410843,Low,0,Low,0,3.25133,719.883,6.58048,0.0629309,0.0388118
2534,RL,3,Balanced,0.000763893,Low,0,Low,0,3.24512,719.333,6.57971,0.0628279,0.0388079
2535,RL,3,Balanced,-0.00632429,Low,0,Low,0,3.26434,723.903,6.58604,0.0628249,0.038804
2536,RL,3,Balanced,-0.00694847,Low,0,Low,0,3.28927,728.958,6.59299,0.0625067,0.0388001
2537,RL,3,Balanced,0.0143766,Low,0,Low,0,3.24186,718.538,6.57861,0.0625743,0.0387962
2538,RL,3,Balanced,-0.00145292,Low,0,Low,0,3.24418,719.584,6.58006,0.0624645,0.0387923
2539,RL,3,Balanced,-0.00270653,Low,0,Low,0,3.25599,721.537,6.58277,0.0627818,0.0387885
2540,RL,3,Balanced,0.000952721,Low,0,Low,0,3.25775,720.849,6.58182,0.0627841,0.0387846
2541,RL,3,Balanced,0.00925684,Low,0,Low,0,3.22077,714.198,6.57256,0.0623069,0.0387807
2542,RL,3,Balanced,-0.009974,Low,0,Low,0,3.25839,721.367,6.58253,0.0625644,0.0387768
2543,RL,3,Balanced,0.00311661,Low,0,Low,0,3.24248,719.119,6.57942,0.0626205,0.038773
2544,RL,3,Balanced,-0.00244045,Low,0,Low,0,3.25359,720.879,6.58186,0.0627742,0.0387691
2545,RL,3,Balanced,0.00750732,Low,0,Low,0,3.22853,715.48,6.57435,0.062592,0.0387652
2546,RL,3,Balanced,-0.0120363,Low,0,Low,0,3.26318,724.156,6.58639,0.0624591,0.0387613
2547,RL,3,Balanced,0.00861931,Low,0,Low,0,3.23645,717.932,6.57777,0.0623938,0.0387575
2548,RL,3,Balanced,-0.00709486,Low,0,Low,0,3.26311,723.051,6.58486,0.0625782,0.0387536
2549,RL,3,Balanced,0.00709248,Low,0,Low,0,3.23699,717.934,6.57777,0.0626812,0.0387497
2550,RL,3,Balanced,0.00269127,Low,0,Low,0,3.23215,716.002,6.57508,0.0627088,0.0387458
2551,RL,3,Balanced,-0.0119247,Low,0,Low,0,3.27238,724.603,6.587,0.0628748,0.038742
2552,RL,3,Balanced,-0.000395775,Low,0,Low,0,3.26881,724.89,6.5874,0.0624053,0.0387381
2553,RL,3,Balanced,0.00427914,Low,0,Low,0,3.25444,721.791,6.58312,0.0626135,0.0387342
2554,RL,3,Balanced,0.00714302,Low,0,Low,0,3.22923,716.646,6.57598,0.0627319,0.0387303
2555,RL,3,Balanced,-0.00435877,Low,0,Low,0,3.24444,719.781,6.58034,0.0628118,0.0387265
2556,RL,3,Balanced,0.000803947,Low,0,Low,0,3.24024,719.201,6.57953,0.0628057,0.0387226
2557,RL,3,Balanced,0.00099659,Low,0,Low,0,3.24371,718.484,6.57853,0.0627926,0.0387187
2558,RL,3,Balanced,0.00356197,Low,0,Low,0,3.22901,715.926,6.57497,0.0621847,0.0387148
2559,RL,3,Balanced,-0.0152149,Low,0,Low,0,3.27666,726.917,6.59019,0.0630139,0.038711
2560,RL,3,BSDF Heavy,0.0115366,Low,0,Low,0,3.24996,718.568,6.57865,0.0624983,0.0387071
2561,RL,3,BSDF Heavy,-0.00263739,Low,0,Low,0,3.25497,720.468,6.58129,0.0660593,0.0387032
2562,RL,3,BSDF Heavy,-0.00123262,Low,0,Low,0,3.25683,721.358,6.58252,0.0660171,0.0386994
2563,RL,3,BSDF Heavy,0.00091362,Low,0,Low,0,3.25519,720.699,6.58161,0.0660032,0.0386955
2564,RL,3,BSDF Heavy,-0.00141191,Low,0,Low,0,3.25787,721.718,6.58302,0.0660716,0.0386916
2565,RL,3,BSDF Heavy,0.00581264,Low,0,Low,0,3.24082,717.529,6.57721,0.0657458,0.0386878
2566,RL,3,BSDF Heavy,0.00289774,Low,0,Low,0,3.23122,715.45,6.57431,0.0657212,0.0386839
2567,RL,3,BSDF Heavy,-0.0147967,Low,0,Low,0,3.27647,726.13,6.58911,0.0660716,0.03868
2568,RL,3,BSDF Heavy,0.0108485,Low,0,Low,0,3.24752,718.284,6.57826,0.0661131,0.0386761
2569,RL,3,BSDF Heavy,-0.00589371,Low,0,Low,0,3.26194,722.536,6.58415,0.0661085,0.0386723
2570,RL,3,BSDF Heavy,-0.00152349,Low,0,Low,0,3.26749,723.639,6.58567,0.0660286,0.0386684
2571,RL,3,BSDF Heavy,0.0148716,Low,0,Low,0,3.22498,712.943,6.5708,0.0657266,0.0386645
2572,RL,3,BSDF Heavy,-0.00612068,Low,0,Low,0,3.24245,717.326,6.57692,0.0663175,0.0386607
2573,RL,3,BSDF Heavy,-0.00155497,Low,0,Low,0,3.24693,718.444,6.57848,0.0658518,0.0386568
2574,RL,3,BSDF Heavy,-0.00763369,Low,0,Low,0,3.26805,723.957,6.58611,0.0654131,0.0386529
2575,RL,3,BSDF Heavy,0.00255537,Low,0,Low,0,3.25834,722.107,6.58356,0.0656421,0.0386491
2576,RL,3,BSDF Heavy,0.00365973,Low,0,Low,0,3.25176,719.465,6.5799,0.065745,0.0386452
2577,RL,3,BSDF Heavy,-0.00748396,Low,0,Low,0,3.27049,724.877,6.58738,0.0659302,0.0386414
2578,RL,3,BSDF Heavy,0.0140653,Low,0,Low,0,3.22436,714.739,6.57332,0.0657035,0.0386375
2579,RL,3,BSDF Heavy,-0.000428677,Low,0,Low,0,3.23135,715.046,6.57374,0.0656105,0.0386336
2580,RL,3,BSDF Heavy,1.43051e-06,Low,0,Low,0,3.23305,715.045,6.57374,0.0658442,0.0386298
2581,RL,3,BSDF Heavy,-0.00828409,Low,0,Low,0,3.25598,721.001,6.58203,0.0660194,0.0386259
2582,RL,3,BSDF Heavy,-0.00266838,Low,0,Low,0,3.26887,722.93,6.5847,0.0661608,0.038622
2583,RL,3,BSDF Heavy,0.00330448,Low,0,Low,0,3.25552,720.542,6.58139,0.0658895,0.0386182
2584,RL,3,BSDF Heavy,0.00728416,Low,0,Low,0,3.23376,715.305,6.57411,0.0657581,0.0386143
2585,RL,3,BSDF Heavy,-0.00916958,Low,0,Low,0,3.26005,721.904,6.58328,0.0658303,0.0386105
2586,RL,3,BSDF Heavy,0.00849009,Low,0,Low,0,3.23663,715.792,6.57479,0.0656628,0.0386066
2587,RL,3,BSDF Heavy,0.00135756,Low,0,Low,0,3.22898,714.82,6.57343,0.065576,0.0386027
2588,RL,3,BSDF Heavy,-0.0044117,Low,0,Low,0,3.24168,717.985,6.57784,0.0658634,0.0385989
2589,RL,3,BSDF Heavy,0.00207424,Low,0,Low,0,3.23872,716.495,6.57577,0.0656659,0.038595
2590,RL,3,BSDF Heavy,0.00276756,Low,0,Low,0,3.23079,714.512,6.573,0.0656336,0.0385912
2591,RL,3,BSDF Heavy,-0.00889301,Low,0,Low,0,3.25743,720.903,6.58189,0.0658657,0.0385873
2592,RL,3,BSDF Heavy,-0.000236034,Low,0,Low,0,3.2562,721.074,6.58213,0.0661892,0.0385834
2593,RL,3,BSDF Heavy,-0.00109911,Low,0,Low,0,3.26583,721.868,6.58323,0.0655007,0.0385796
2594,RL,3,BSDF Heavy,0.00374174,Low,0,Low,0,3.24993,719.168,6.57948,0.0656228,0.0385757
2595,RL,3,BSDF Heavy,0.00190544,Low,0,Low,0,3.24337,717.797,6.57758,0.0659195,0.0385719
2596,RL,3,BSDF Heavy,-0.00508451,Low,0,Low,0,3.26293,721.461,6.58266,0.0660178,0.038568
2597,RL,3,BSDF Heavy,-0.00546074,Low,0,Low,0,3.27813,725.417,6.58812,0.0660847,0.0385641
2598,RL,3,BSDF Heavy,-0.00247908,Low,0,Low,0,3.28212,727.221,6.5906,0.0660701,0.0385603
2599,RL,3,BSDF Heavy,0.00961924,Low,0,Low,0,3.25296,720.249,6.58098,0.0659978,0.0385564
2600,RL,3,BSDF Heavy,-0.00986767,Low,0,Low,0,3.28458,727.401,6.59085,0.0658265,0.0385526
2601,RL,3,BSDF Heavy,0.0111294,Low,0,Low,0,3.24729,719.34,6.57972,0.0656666,0.0385487
2602,RL,3,BSDF Heavy,-0.00122166,Low,0,Low,0,3.25042,720.22,6.58094,0.0658495,0.0385449
2603,RL,3,BSDF Heavy,-0.00349236,Low,0,Low,0,3.25699,722.743,6.58444,0.0657619,0.038541
2604,RL,3,BSDF Heavy,0.00661278,Low,0,Low,0,3.24359,717.973,6.57782,0.065881,0.0385372
2605,RL,3,BSDF Heavy,0.00426292,Low,0,Low,0,3.22969,714.915,6.57356,0.0656935,0.0385333
2606,RL,3,BSDF Heavy,-0.00772285,Low,0,Low,0,3.25192,720.465,6.58128,0.065765,0.0385295
2607,RL,3,BSDF Heavy,-0.00167274,Low,0,Low,0,3.25698,721.673,6.58296,0.0657373,0.0385256
2608,RL,3,BSDF Heavy,0.000641346,Low,0,Low,0,3.25818,721.21,6.58232,0.0659248,0.0385217
2609,RL,3,BSDF Heavy,0.000542641,Low,0,Low,0,3.25319,720.818,6.58177,0.0658126,0.0385179
2610,RL,3,BSDF Heavy,0.00232124,Low,0,Low,0,3.25152,719.144,6.57945,0.0659156,0.038514
2611,RL,3,BSDF Heavy,0.00180292,Low,0,Low,0,3.24039,717.847,6.57765,0.0656912,0.0385102
2612,RL,3,BSDF Heavy,-0.00817347,Low,0,Low,0,3.27117,723.747,6.58582,0.0658803,0.0385063
2613,RL,3,BSDF Heavy,0.00367117,Low,0,Low,0,3.25807,721.091,6.58215,0.0659049,0.0385025
2614,RL,3,BSDF Heavy,-0.00515747,Low,0,Low,0,3.27641,724.825,6.58731,0.065838,0.0384986
2615,RL,3,BSDF Heavy,0.00337362,Low,0,Low,0,3.26831,722.38,6.58393,0.0660732,0.0384948
2616,RL,3,BSDF Heavy,-0.00480032,Low,0,Low,0,3.27478,725.861,6.58874,0.0661116,0.0384909
2617,RL,3,BSDF Heavy,0.00902176,Low,0,Low,0,3.24917,719.333,6.57971,0.0659656,0.0384871
2618,RL,3,BSDF Heavy,-0.00344896,Low,0,Low,0,3.25646,721.822,6.58316,0.0659364,0.0384832
2619,RL,3,BSDF Heavy,-0.00345182,Low,0,Low,0,3.2692,724.321,6.58661,0.0658034,0.0384794
2620,RL,3,BSDF Heavy,0.0109792,Low,0,Low,0,3.23788,716.401,6.57563,0.0656597,0.0384756
2621,RL,3,BSDF Heavy,-0.00675821,Low,0,Low,0,3.2549,721.266,6.58239,0.0657596,0.0384717
2622,RL,3,BSDF Heavy,0.00778484,Low,0,Low,0,3.23611,715.665,6.57461,0.0657289,0.0384679
2623,RL,3,BSDF Heavy,-0.00936699,Low,0,Low,0,3.25625,722.409,6.58398,0.0658472,0.038464
2624,RL,3,BSDF Heavy,0.00263548,Low,0,Low,0,3.25497,720.505,6.58134,0.0659709,0.0384602
2625,RL,3,BSDF Heavy,0.00937223,Low,0,Low,0,3.22212,713.775,6.57197,0.0655767,0.0384563
2626,RL,3,BSDF Heavy,-0.00598812,Low,0,Low,0,3.2415,718.068,6.57796,0.0656182,0.0384525
2627,RL,3,BSDF Heavy,-0.00553083,Low,0,Low,0,3.2607,722.056,6.58349,0.0659625,0.0384486
2628,RL,3,BSDF Heavy,-0.00470781,Low,0,Low,0,3.27384,725.468,6.58819,0.0659056,0.0384448
2629,RL,3,BSDF Heavy,0.00668907,Low,0,Low,0,3.25249,720.625,6.58151,0.0659625,0.0384409
2630,RL,3,BSDF Heavy,0.000902653,Low,0,Low,0,3.2526,719.974,6.5806,0.0658841,0.0384371
2631,RL,3,BSDF Heavy,-0.00277853,Low,0,Low,0,3.26119,721.98,6.58338,0.065931,0.0384333
2632,RL,3,BSDF Heavy,0.000850677,Low,0,Low,0,3.25877,721.365,6.58253,0.0659802,0.0384294
2633,RL,3,BSDF Heavy,0.0102363,Low,0,Low,0,3.22522,714.008,6.57229,0.0655883,0.0384256
2634,RL,3,BSDF Heavy,-0.010057,Low,0,Low,0,3.26154,721.236,6.58235,0.0661554,0.0384217
2635,RL,3,BSDF Heavy,0.00512171,Low,0,Low,0,3.24027,717.546,6.57723,0.0657927,0.0384179
2636,RL,3,BSDF Heavy,0.00125551,Low,0,Low,0,3.23592,716.644,6.57597,0.0657581,0.038414
2637,RL,3,BSDF Heavy,-0.00480652,Low,0,Low,0,3.25369,720.102,6.58078,0.0656989,0.0384102
2638,RL,3,BSDF Heavy,0.00835705,Low,0,Low,0,3.22455,714.101,6.57242,0.0654699,0.0384064
2639,RL,3,BSDF Heavy,-0.00614119,Low,0,Low,0,3.24364,718.506,6.57856,0.0660831,0.0384025
2640,RL,3,BSDF Heavy,-0.00857067,Low,0,Low,0,3.26902,724.699,6.58714,0.0658695,0.0383987
2641,RL,3,BSDF Heavy,0.00483131,Low,0,Low,0,3.25853,721.202,6.5823,0.0655145,0.0383948
2642,RL,3,BSDF Heavy,0.0025425,Low,0,Low,0,3.25127,719.367,6.57976,0.0659725,0.038391
2643,RL,3,BSDF Heavy,-0.00121593,Low,0,Low,0,3.25618,720.244,6.58098,0.0658618,0.0383872
2644,RL,3,BSDF Heavy,0.004848,Low,0,Low,0,3.24017,716.756,6.57613,0.0658273,0.0383833
2645,RL,3,BSDF Heavy,-0.000875473,Low,0,Low,0,3.24043,717.385,6.577,0.0657957,0.0383795
2646,RL,3,BSDF Heavy,-0.010076,Low,0,Low,0,3.27366,724.659,6.58708,0.0661684,0.0383756
2647,RL,3,BSDF Heavy,0.00951242,Low,0,Low,0,3.24136,717.789,6.57757,0.0658634,0.0383718
2648,RL,3,BSDF Heavy,0.00311947,Low,0,Low,0,3.23233,715.551,6.57445,0.0658764,0.038368
2649,RL,3,BSDF Heavy,-0.0133677,Low,0,Low,0,3.27724,725.194,6.58782,0.0661416,0.0383641
2650,RL,3,BSDF Heavy,0.0067215,Low,0,Low,0,3.25373,720.329,6.5811,0.065931,0.0383603
2651,RL,3,BSDF Heavy,-0.00316,Low,0,Low,0,3.26156,722.612,6.58426,0.0659271,0.0383565
2652,RL,3,BSDF Heavy,0.000146866,Low,0,Low,0,3.26217,722.506,6.58411,0.0656328,0.0383526
2653,RL,3,BSDF Heavy,0.00777006,Low,0,Low,0,3.23911,716.906,6.57634,0.0659318,0.0383488
2654,RL,3,BSDF Heavy,0.00664234,Low,0,Low,0,3.21717,712.153,6.5697,0.0658949,0.038345
2655,RL,3,BSDF Heavy,-0.0142918,Low,0,Low,0,3.2654,722.419,6.58399,0.0658465,0.0383411
2656,RL,3,BSDF Heavy,-0.00204182,Low,0,Low,0,3.2665,723.897,6.58603,0.0658833,0.0383373
2657,RL,3,BSDF Heavy,0.0020771,Low,0,Low,0,3.26588,722.393,6.58395,0.0658388,0.0383335
2658,RL,3,BSDF Heavy,0.00501204,Low,0,Low,0,3.2445,718.776,6.57894,0.0656459,0.0383296
2659,RL,3,BSDF Heavy,-0.00219059,Low,0,Low,0,3.25284,720.355,6.58113,0.0658196,0.0383258
2660,RL,3,BSDF Heavy,-0.00378561,Low,0,Low,0,3.26397,723.091,6.58492,0.065775,0.038322
2661,RL,3,BSDF Heavy,0.00362206,Low,0,Low,0,3.25163,720.473,6.58129,0.0657274,0.0383181
2662,RL,3,BSDF Heavy,0.000956535,Low,0,Low,0,3.25309,719.783,6.58034,0.0656021,0.0383143
2663,RL,3,BSDF Heavy,0.00358343,Low,0,Low,0,3.24141,717.205,6.57675,0.0657673,0.0383105
2664,RL,3,BSDF Heavy,-0.0144353,Low,0,Low,0,3.28494,727.647,6.59119,0.0657896,0.0383066
2665,RL,3,BSDF Heavy,0.0118046,Low,0,Low,0,3.25341,719.097,6.57939,0.0658995,0.0383028
2666,RL,3,BSDF Heavy,0.00559759,Low,0,Low,0,3.23133,715.077,6.57379,0.065964,0.038299
2667,RL,3,BSDF Heavy,-0.0094676,Low,0,Low,0,3.25889,721.889,6.58326,0.0660885,0.0382951
2668,RL,3,BSDF Heavy,-0.000178814,Low,0,Low,0,3.26259,722.018,6.58343,0.065808,0.0382913
2669,RL,3,BSDF Heavy,-0.00623512,Low,0,Low,0,3.28036,726.54,6.58967,0.0662015,0.0382875
2670,RL,3,BSDF Heavy,0.0160336,Low,0,Low,0,3.22931,714.968,6.57364,0.065712,0.0382837
2671,RL,3,BSDF Heavy,-0.014432,Low,0,Low,0,3.27104,725.376,6.58807,0.0659709,0.0382798
2672,RL,3,BSDF Heavy,0.0142002,Low,0,Low,0,3.23432,715.134,6.57387,0.0658296,0.038276
2673,RL,3,BSDF Heavy,-0.00490141,Low,0,Low,0,3.24817,718.653,6.57877,0.0658688,0.0382722
2674,RL,3,BSDF Heavy,-0.00187588,Low,0,Low,0,3.2551,720.004,6.58064,0.0656244,0.0382683
2675,RL,3,BSDF Heavy,0.00043726,Low,0,Low,0,3.24727,719.689,6.58021,0.0659971,0.0382645
2676,RL,3,BSDF Heavy,0.000832558,Low,0,Low,0,3.2476,719.089,6.57937,0.0660755,0.0382607
2677,RL,3,BSDF Heavy,0.00815105,Low,0,Low,0,3.2236,713.243,6.57122,0.065659,0.0382569
2678,RL,3,BSDF Heavy,-0.00641108,Low,0,Low,0,3.24411,717.837,6.57763,0.0657773,0.038253
2679,RL,3,BSDF Heavy,0.000179291,Low,0,Low,0,3.23949,717.708,6.57746,0.0656666,0.0382492
2680,RL,3,BSDF Heavy,-0.0039053,Low,0,Low,0,3.25626,720.521,6.58136,0.0654346,0.0382454
2681,RL,3,BSDF Heavy,0.00193644,Low,0,Low,0,3.251,719.125,6.57942,0.065815,0.0382416
2682,RL,3,BSDF Heavy,-0.000851631,Low,0,Low,0,3.2511,719.738,6.58028,0.0660993,0.0382377
2683,RL,3,BSDF Heavy,0.00416851,Low,0,Low,0,3.23406,716.74,6.57611,0.06539,0.0382339
2684,RL,3,BSDF Heavy,-0.00421858,Low,0,Low,0,3.25025,719.774,6.58033,0.0660447,0.0382301
2685,RL,3,BSDF Heavy,0.00677681,Low,0,Low,0,3.23356,714.906,6.57355,0.0658672,0.0382263
2686,RL,3,BSDF Heavy,-0.00851727,Low,0,Low,0,3.25461,721.03,6.58207,0.0656974,0.0382225
2687,RL,3,BSDF Heavy,0.00225306,Low,0,Low,0,3.24822,719.405,6.57981,0.0655368,0.0382186
2688,RL,3,BSDF Heavy,-0.00407457,Low,0,Low,0,3.26103,722.346,6.58389,0.0660978,0.0382148
2689,RL,3,BSDF Heavy,0.00708246,Low,0,Low,0,3.24188,717.241,6.57681,0.0660247,0.038211
2690,RL,3,BSDF Heavy,0.000285625,Low,0,Low,0,3.24029,717.036,6.57652,0.0657081,0.0382072
2691,RL,3,BSDF Heavy,-0.0117869,Low,0,Low,0,3.27539,725.55,6.58831,0.0658672,0.0382033
2692,RL,3,BSDF Heavy,0.00240326,Low,0,Low,0,3.26871,723.806,6.5859,0.0659026,0.0381995
2693,RL,3,BSDF Heavy,0.000510216,Low,0,Low,0,3.26839,723.436,6.58539,0.0660962,0.0381957
2694,RL,3,BSDF Heavy,-0.00118446,Low,0,Low,0,3.2689,724.294,6.58658,0.0660724,0.0381919
2695,RL,3,BSDF Heavy,0.00295401,Low,0,Low,0,3.26393,722.155,6.58362,0.0663536,0.0381881
2696,RL,3,BSDF Heavy,0.010787,Low,0,Low,0,3.22922,714.396,6.57284,0.0656897,0.0381842
2697,RL,3,BSDF Heavy,-0.00420475,Low,0,Low,0,3.23917,717.411,6.57704,0.0655975,0.0381804
2698,RL,3,BSDF Heavy,-0.00159883,Low,0,Low,0,3.24266,718.56,6.57864,0.0659149,0.0381766
2699,RL,3,BSDF Heavy,-0.00151873,Low,0,Low,0,3.25065,719.654,6.58016,0.0662453,0.0381728
2700,RL,3,BSDF Heavy,0.00265312,Low,0,Low,0,3.23967,717.745,6.57751,0.0661577,0.038169
2701,RL,3,BSDF Heavy,0.00151205,Low,0,Low,0,3.2403,716.659,6.57599,0.0658734,0.0381652
2702,RL,3,BSDF Heavy,-0.00675631,Low,0,Low,0,3.25716,721.524,6.58275,0.0656789,0.0381613
2703,RL,3,BSDF Heavy,0.00269938,Low,0,Low,0,3.25,719.576,6.58005,0.0659049,0.0381575
2704,RL,6,BSDF Heavy,0.00268078,Low,0,Low,0,3.24514,717.647,6.57737,0.0662507,0.0381537
2705,RL,6,BSDF Heavy,-0.0100465,Low,0,Low,0,3.27274,724.903,6.58742,0.0657727,0.0381499
2706,RL,6,BSDF Heavy,0.0139494,Low,0,Low,0,3.22792,714.847,6.57347,0.0658011,0.0381461
2707,RL,6,BSDF Heavy,-0.0118852,Low,0,Low,0,3.26718,723.406,6.58535,0.0657934,0.0381423
2708,RL,6,BSDF Heavy,0.00438452,Low,0,Low,0,3.25386,720.237,6.58097,0.0656444,0.0381385
2709,RL,6,BSDF Heavy,0.00228548,Low,0,Low,0,3.24537,718.591,6.57868,0.0657104,0.0381346
2710,RL,6,BSDF Heavy,-0.00585461,Low,0,Low,0,3.26292,722.816,6.58454,0.0657696,0.0381308
2711,RL,6,BSDF Heavy,0.00226641,Low,0,Low,0,3.25583,721.177,6.58227,0.0657366,0.038127
2712,RL,6,BSDF Heavy,-0.00255489,Low,0,Low,0,3.26603,723.025,6.58483,0.0657581,0.0381232
2713,RL,6,BSDF Heavy,-0.00310993,Low,0,Low,0,3.27395,725.28,6.58794,0.0659225,0.0381194
2714,RL,6,BSDF Heavy,0.00552654,Low,0,Low,0,3.25826,721.277,6.58241,0.0657043,0.0381156
2715,RL,6,BSDF Heavy,-0.00142813,Low,0,Low,0,3.26262,722.309,6.58384,0.0657965,0.0381118
2716,RL,6,BSDF Heavy,-0.00530672,Low,0,Low,0,3.28018,726.158,6.58914,0.0658395,0.038108
2717,RL,6,BSDF Heavy,0.00781727,Low,0,Low,0,3.25359,720.496,6.58133,0.0661892,0.0381041
2718,RL,6,BSDF Heavy,0.00509739,Low,0,Low,0,3.23833,716.827,6.57623,0.0657373,0.0381003
2719,RL,6,BSDF Heavy,-0.00152493,Low,0,Low,0,3.24311,717.923,6.57775,0.0658342,0.0380965
2720,RL,6,BSDF Heavy,0.000140667,Low,0,Low,0,3.24355,717.822,6.57761,0.0655199,0.0380927
2721,RL,6,BSDF Heavy,-0.00460052,Low,0,Low,0,3.25623,721.136,6.58221,0.0657727,0.0380889
2722,RL,6,BSDF Heavy,0.0081706,Low,0,Low,0,3.23311,715.26,6.57404,0.0661416,0.0380851
2723,RL,6,BSDF Heavy,-0.00674295,Low,0,Low,0,3.25418,720.106,6.58079,0.0658618,0.0380813
2724,RL,6,BSDF Heavy,0.000367641,Low,0,Low,0,3.25306,719.841,6.58042,0.0659195,0.0380775
2725,RL,6,BSDF Heavy,0.00196218,Low,0,Low,0,3.24402,718.428,6.57846,0.0657435,0.0380737
2726,RL,6,BSDF Heavy,-0.00320578,Low,0,Low,0,3.25709,720.738,6.58166,0.0658641,0.0380699
2727,RL,6,BSDF Heavy,-0.00558329,Low,0,Low,0,3.2708,724.779,6.58725,0.0660532,0.0380661
2728,RL,6,BSDF Heavy,0.00112057,Low,0,Low,0,3.26821,723.966,6.58612,0.0657481,0.0380623
2729,RL,6,BSDF Heavy,0.0134583,Low,0,Low,0,3.22573,714.275,6.57267,0.0656574,0.0380584
2730,RL,6,BSDF Heavy,-0.0106425,Low,0,Low,0,3.25955,721.928,6.58331,0.0658119,0.0380546
2731,RL,6,BSDF Heavy,0.00237846,Low,0,Low,0,3.25479,720.21,6.58093,0.0660002,0.0380508
2732,RL,6,BSDF Heavy,-0.00401211,Low,0,Low,0,3.26939,723.109,6.58494,0.0663321,0.038047
2733,RL,6,BSDF Heavy,0.0013814,Low,0,Low,0,3.26017,722.11,6.58356,0.0658019,0.0380432
2734,RL,6,BSDF Heavy,0.000299931,Low,0,Low,0,3.25849,721.893,6.58326,0.0659133,0.0380394
2735,RL,6,BSDF Heavy,-0.00670242,Low,0,Low,0,3.28096,726.754,6.58996,0.0662545,0.0380356
2736,RL,6,BSDF Heavy,0.00605392,Low,0,Low,0,3.26155,722.362,6.58391,0.0659971,0.0380318
2737,RL,6,BSDF Heavy,0.00547981,Low,0,Low,0,3.24468,718.409,6.57843,0.0659348,0.038028
2738,RL,6,BSDF Heavy,0.00207472,Low,0,Low,0,3.23512,716.918,6.57636,0.0657204,0.0380242
2739,RL,6,BSDF Heavy,-0.00283194,Low,0,Low,0,3.2464,718.954,6.57919,0.0657519,0.0380204
2740,RL,6,BSDF Heavy,0.00361109,Low,0,Low,0,3.23758,716.359,6.57558,0.0660432,0.0380166
2741,RL,6,BSDF Heavy,-0.00300169,Low,0,Low,0,3.24037,718.516,6.57858,0.0656866,0.0380128
2742,RL,6,BSDF Heavy,-0.00344801,Low,0,Low,0,3.25424,721.001,6.58203,0.0658511,0.038009
2743,RL,6,BSDF Heavy,-0.0067811,Low,0,Low,0,3.27769,725.913,6.58881,0.0659248,0.0380052
2744,RL,6,BSDF Heavy,0.000477314,Low,0,Low,0,3.27938,725.566,6.58833,0.065569,0.0380014
2745,RL,6,BSDF Heavy,0.00304556,Low,0,Low,0,3.26643,723.357,6.58528,0.0658196,0.0379976
2746,RL,6,BSDF Heavy,0.00640011,Low,0,Low,0,3.24514,718.736,6.57888,0.0658626,0.0379938
2747,RL,6,BSDF Heavy,-0.00874996,Low,0,Low,0,3.27789,725.061,6.58763,0.0659003,0.03799
2748,RL,6,BSDF Heavy,0.0098815,Low,0,Low,0,3.23912,717.922,6.57775,0.0651771,0.0379862
2749,RL,6,BSDF Heavy,-0.00584602,Low,0,Low,0,3.26374,722.137,6.5836,0.0660263,0.0379824
2750,RL,6,BSDF Heavy,-0.00549364,Low,0,Low,0,3.27953,726.121,6.58909,0.0658787,0.0379786
2751,RL,6,BSDF Heavy,0.0164466,Low,0,Low,0,3.22793,714.26,6.57265,0.0655906,0.0379748
2752,RL,6,Light Heavy,-0.00900316,Low,0,Low,0,3.25063,720.728,6.58165,0.0655122,0.037971
2753,RL,6,Light Heavy,0.00130558,Low,0,Low,0,3.24205,719.787,6.58034,0.057793,0.0379672
2754,RL,6,Light Heavy,-0.000688076,Low,0,Low,0,3.24455,720.283,6.58103,0.0577484,0.0379634
2755,RL,6,Light Heavy,-0.00418186,Low,0,Low,0,3.25433,723.306,6.58521,0.0576408,0.0379596
2756,RL,6,Light Heavy,0.00594282,Low,0,Low,0,3.24014,719.014,6.57927,0.0578575,0.0379558
2757,RL,6,Light Heavy,0.000762463,Low,0,Low,0,3.23349,718.465,6.57851,0.0577315,0.037952
2758,RL,6,Light Heavy,-0.00293636,Low,0,Low,0,3.24535,720.581,6.58144,0.0575002,0.0379482
2759,RL,6,Light Heavy,-0.00136995,Low,0,Low,0,3.25238,721.57,6.58281,0.0579666,0.0379444
2760,RL,6,Light Heavy,0.00101566,Low,0,Low,0,3.24713,720.836,6.5818,0.0576385,0.0379406
2761,RL,6,Light Heavy,0.00470495,Low,0,Low,0,3.23363,717.448,6.57709,0.057899,0.0379369
2762,RL,6,Light Heavy,-0.00558424,Low,0,Low,0,3.24796,721.471,6.58268,0.0577553,0.0379331
2763,RL,6,Light Heavy,-0.000916958,Low,0,Low,0,3.25266,722.134,6.58359,0.057577,0.0379293
2764,RL,6,Light Heavy,0.0082984,Low,0,Low,0,3.22318,716.158,6.5753,0.0577876,0.0379255
2765,RL,6,Light Heavy,0.00806904,Low,0,Low,0,3.20091,710.395,6.56723,0.0576639,0.0379217
2766,RL,6,Light Heavy,-0.012733,Low,0,Low,0,3.23892,719.511,6.57996,0.0576362,0.0379179
2767,RL,6,Light Heavy,-0.00209951,Low,0,Low,0,3.24445,721.025,6.58206,0.0575202,0.0379141
2768,RL,6,Light Heavy,-0.00682068,Low,0,Low,0,3.26575,725.966,6.58888,0.0580158,0.0379103
2769,RL,6,Light Heavy,0.0165844,Low,0,Low,0,3.22129,714.01,6.5723,0.0578168,0.0379065
2770,RL,6,Light Heavy,-0.0171981,Low,0,Low,0,3.2631,726.413,6.58949,0.058065,0.0379027
2771,RL,6,Light Heavy,0.00274467,Low,0,Low,0,3.26278,724.419,6.58675,0.0579428,0.0378989
2772,RL,6,Light Heavy,-0.000614643,Low,0,Low,0,3.26405,724.865,6.58736,0.0576785,0.0378951
2773,RL,6,Light Heavy,0.0156875,Low,0,Low,0,3.21758,713.567,6.57168,0.0577092,0.0378914
2774,RL,6,Light Heavy,-0.00491142,Low,0,Low,0,3.2297,717.085,6.57659,0.0577922,0.0378876
2775,RL,6,Light Heavy,-0.00411034,Low,0,Low,0,3.2402,720.043,6.5807,0.0575555,0.0378838
2776,RL,6,Light Heavy,0.00359917,Low,0,Low,0,3.22676,717.452,6.5771,0.0575947,0.03788
2777,RL,6,Light Heavy,-0.00570726,Low,0,Low,0,3.25066,721.564,6.58281,0.0577653,0.0378762
2778,RL,6,Light Heavy,0.00970507,Low,0,Low,0,3.21786,714.586,6.5731,0.0577753,0.0378724
2779,RL,6,Light Heavy,-0.0102687,Low,0,Low,0,3.24863,721.972,6.58337,0.057564,0.0378686
2780,RL,6,Light Heavy,0.00197887,Low,0,Low,0,3.2462,720.543,6.58139,0.0578537,0.0378648
2781,RL,6,Light Heavy,0.00513649,Low,0,Low,0,3.2279,716.846,6.57625,0.0575309,0.0378611
2782,RL,6,Light Heavy,-0.0127554,Low,0,Low,0,3.26943,726.061,6.58901,0.057919,0.0378573
2783,RL,6,Light Heavy,0.0103374,Low,0,Low,0,3.2356,718.584,6.57867,0.0573542,0.0378535
2784,RL,6,BSDF Heavy,-0.000366688,Low,0,Low,0,3.23903,718.848,6.57904,0.0578683,0.0378497
2785,RL,6,BSDF Heavy,-0.00903273,Low,0,Low,0,3.27228,725.379,6.58807,0.0660816,0.0378459
2786,RL,6,BSDF Heavy,0.00853968,Low,0,Low,0,3.24978,719.203,6.57953,0.0656459,0.0378421
2787,RL,6,BSDF Heavy,-0.00126505,Low,0,Low,0,3.25292,720.114,6.5808,0.066034,0.0378383
2788,RL,6,BSDF Heavy,-0.00170231,Low,0,Low,0,3.26013,721.343,6.5825,0.0659087,0.0378346
2789,RL,6,BSDF Heavy,0.00874949,Low,0,Low,0,3.22841,715.05,6.57375,0.0656274,0.0378308
2790,RL,6,BSDF Heavy,-0.0106072,Low,0,Low,0,3.26541,722.686,6.58436,0.0658503,0.037827
2791,RL,6,BSDF Heavy,0.0150394,Low,0,Low,0,3.21352,711.884,6.56932,0.0655214,0.0378232
2792,RL,6,BSDF Heavy,-0.0110493,Low,0,Low,0,3.25002,719.804,6.58037,0.0657227,0.0378194
2793,RL,6,BSDF Heavy,0.00134325,Low,0,Low,0,3.24524,718.836,6.57902,0.0657289,0.0378156
2794,RL,6,BSDF Heavy,0.00360966,Low,0,Low,0,3.22804,716.243,6.57541,0.065297,0.0378119
2795,RL,6,BSDF Heavy,-0.00494766,Low,0,Low,0,3.25249,719.8,6.58036,0.0657896,0.0378081
2796,RL,6,BSDF Heavy,0.0073719,Low,0,Low,0,3.22933,714.506,6.57299,0.0656436,0.0378043
2797,RL,6,BSDF Heavy,-0.000165939,Low,0,Low,0,3.22442,714.625,6.57316,0.0658649,0.0378005
2798,RL,6,BSDF Heavy,-0.0165205,Low,0,Low,0,3.27677,726.546,6.58968,0.066004,0.0377967
2799,RL,6,BSDF Heavy,0.0104842,Low,0,Low,0,3.24498,718.958,6.57919,0.0659971,0.037793
2800,RL,6,BSDF Heavy,-0.00366926,Low,0,Low,0,3.26228,721.605,6.58286,0.0660962,0.0377892
2801,RL,6,BSDF Heavy,0.000221252,Low,0,Low,0,3.25773,721.444,6.58264,0.0658042,0.0377854
2802,RL,6,BSDF Heavy,0.0025425,Low,0,Low,0,3.25025,719.61,6.5801,0.0656351,0.0377816
2803,RL,6,BSDF Heavy,0.00460291,Low,0,Low,0,3.23466,716.301,6.5755,0.0653616,0.0377779
2804,RL,6,BSDF Heavy,-0.00198078,Low,0,Low,0,3.24247,717.723,6.57748,0.0658526,0.0377741
2805,RL,6,BSDF Heavy,-0.00229502,Low,0,Low,0,3.24461,719.374,6.57977,0.0661508,0.0377703
2806,RL,6,BSDF Heavy,-0.000723839,Low,0,Low,0,3.24922,719.896,6.58049,0.0661969,0.0377665
2807,RL,6,BSDF Heavy,-0.00879192,Low,0,Low,0,3.27928,726.262,6.58929,0.0659164,0.0377627
2808,RL,6,BSDF Heavy,0.00856972,Low,0,Low,0,3.25198,720.056,6.58072,0.0656128,0.037759
2809,RL,6,BSDF Heavy,0.00253487,Low,0,Low,0,3.24314,718.231,6.57818,0.0657758,0.0377552
2810,RL,6,BSDF Heavy,-0.0101705,Low,0,Low,0,3.27592,725.583,6.58835,0.0660739,0.0377514
2811,RL,6,BSDF Heavy,0.00810766,Low,0,Low,0,3.25262,719.716,6.58025,0.0661054,0.0377476
2812,RL,6,BSDF Heavy,-0.000917435,Low,0,Low,0,3.25072,720.377,6.58116,0.06541,0.0377439
2813,RL,6,BSDF Heavy,0.00014019,Low,0,Low,0,3.25304,720.276,6.58102,0.0658211,0.0377401
2814,RL,6,BSDF Heavy,0.00668287,Low,0,Low,0,3.23762,715.472,6.57434,0.0660294,0.0377363
2815,RL,6,BSDF Heavy,-0.00759888,Low,0,Low,0,3.25942,720.937,6.58194,0.0658073,0.0377325
2816,RL,6,BSDF Heavy,-3.43E-05,Low,0,Low,0,3.24652,720.962,6.58197,0.0654676,0.0377288
2817,RL,6,BSDF Heavy,0.00527239,Low,0,Low,0,3.24097,717.166,6.5767,0.0658442,0.037725
2818,RL,6,BSDF Heavy,0.00266647,Low,0,Low,0,3.23156,715.253,6.57403,0.0658142,0.0377212
2819,RL,6,BSDF Heavy,-0.00533295,Low,0,Low,0,3.24452,719.083,6.57937,0.0654046,0.0377175
2820,RL,6,BSDF Heavy,-0.00132799,Low,0,Low,0,3.25135,720.04,6.58069,0.0659218,0.0377137
2821,RL,6,BSDF Heavy,-0.00339651,Low,0,Low,0,3.25948,722.493,6.58409,0.065662,0.0377099
2822,RL,6,BSDF Heavy,0.00402117,Low,0,Low,0,3.25191,719.59,6.58007,0.0659064,0.0377061
2823,RL,6,BSDF Heavy,0.00278187,Low,0,Low,0,3.24286,717.588,6.57729,0.0659464,0.0377024
2824,RL,6,BSDF Heavy,-0.00715828,Low,0,Low,0,3.26658,722.75,6.58445,0.0659441,0.0376986
2825,RL,6,BSDF Heavy,0.0133691,Low,0,Low,0,3.21554,713.139,6.57108,0.0654415,0.0376948
2826,RL,6,BSDF Heavy,-0.00869226,Low,0,Low,0,3.24966,719.373,6.57977,0.0657996,0.0376911
2827,RL,6,BSDF Heavy,-0.00806427,Low,0,Low,0,3.27647,725.206,6.58783,0.065974,0.0376873
2828,RL,6,BSDF Heavy,0.0136476,Low,0,Low,0,3.23001,715.362,6.57419,0.0653739,0.0376835
2829,RL,6,BSDF Heavy,0.0034461,Low,0,Low,0,3.22372,712.898,6.57074,0.0656444,0.0376798
2830,RL,6,BSDF Heavy,-0.00623465,Low,0,Low,0,3.24401,717.363,6.57697,0.0656935,0.037676
2831,RL,6,BSDF Heavy,0.00130987,Low,0,Low,0,3.23728,716.422,6.57566,0.0658226,0.0376722
2832,RL,6,BSDF Heavy,-0.00744295,Low,0,Low,0,3.25783,721.782,6.58311,0.0660547,0.0376685
2833,RL,6,BSDF Heavy,0.000449181,Low,0,Low,0,3.25505,721.458,6.58266,0.0656098,0.0376647
2834,RL,6,BSDF Heavy,0.00246048,Low,0,Low,0,3.24875,719.682,6.5802,0.0660962,0.0376609
2835,RL,6,BSDF Heavy,-0.00109005,Low,0,Low,0,3.25974,720.468,6.58129,0.0659102,0.0376572
2836,RL,6,BSDF Heavy,-0.0130725,Low,0,Low,0,3.29947,729.961,6.59436,0.0662222,0.0376534
2837,RL,6,BSDF Heavy,0.0130095,Low,0,Low,0,3.25688,720.514,6.58135,0.0659456,0.0376496
2838,RL,6,BSDF Heavy,-0.00956488,Low,0,Low,0,3.28286,727.448,6.59092,0.0661054,0.0376459
2839,RL,6,BSDF Heavy,0.00686646,Low,0,Low,0,3.26166,722.463,6.58405,0.0659325,0.0376421
2840,RL,6,BSDF Heavy,0.00248051,Low,0,Low,0,3.25382,720.671,6.58157,0.0659064,0.0376383
2841,RL,6,BSDF Heavy,-0.0014472,Low,0,Low,0,3.25681,721.716,6.58302,0.0658257,0.0376346
2842,RL,6,BSDF Heavy,-0.00192785,Low,0,Low,0,3.26534,723.111,6.58494,0.0658303,0.0376308
2843,RL,6,BSDF Heavy,0.00448036,Low,0,Low,0,3.25221,719.874,6.58046,0.0656052,0.037627
2844,RL,6,BSDF Heavy,-0.00253677,Low,0,Low,0,3.25869,721.705,6.583,0.0657735,0.0376233
2845,RL,6,BSDF Heavy,0.00834799,Low,0,Low,0,3.2367,715.697,6.57465,0.0659479,0.0376195
2846,RL,6,BSDF Heavy,-0.00774193,Low,0,Low,0,3.25526,721.267,6.58239,0.0658103,0.0376158
2847,RL,6,BSDF Heavy,-0.00324249,Low,0,Low,0,3.26391,723.613,6.58564,0.0656359,0.037612
2848,RL,6,Light Heavy,0.0054369,Low,0,Low,0,3.2491,719.684,6.5802,0.065659,0.0376082
2849,RL,6,Light Heavy,0.0012126,Low,0,Low,0,3.23725,718.81,6.57899,0.0576255,0.0376045
2850,RL,6,Light Heavy,-0.00500154,Low,0,Low,0,3.24795,722.42,6.58399,0.057504,0.0376007
2851,RL,6,Light Heavy,-0.00431871,Low,0,Low,0,3.26892,725.55,6.58831,0.0578883,0.037597
2852,RL,6,Light Heavy,0.000310898,Low,0,Low,0,3.27,725.325,6.588,0.0579267,0.0375932
2853,RL,6,Light Heavy,0.00763559,Low,0,Low,0,3.24269,719.8,6.58036,0.0580642,0.0375894
2854,RL,6,Light Heavy,-0.00190449,Low,0,Low,0,3.24516,721.174,6.58227,0.0577254,0.0375857
2855,RL,6,Light Heavy,-0.000315666,Low,0,Low,0,3.24745,721.402,6.58258,0.0577192,0.0375819
2856,RL,6,Light Heavy,0.00863361,Low,0,Low,0,3.22732,715.192,6.57395,0.0576677,0.0375782
2857,RL,6,Light Heavy,-0.0128813,Low,0,Low,0,3.26535,724.477,6.58683,0.0578399,0.0375744
2858,RL,6,Light Heavy,0.00827646,Low,0,Low,0,3.23533,718.497,6.57855,0.057428,0.0375706
2859,RL,6,Light Heavy,-0.00325108,Low,0,Low,0,3.24086,720.84,6.5818,0.0576324,0.0375669
2860,RL,6,Light Heavy,0.00444412,Low,0,Low,0,3.23548,717.639,6.57736,0.0578106,0.0375631
2861,RL,6,Light Heavy,0.00602674,Low,0,Low,0,3.2167,713.321,6.57133,0.058105,0.0375594
2862,RL,6,Light Heavy,-0.00346947,Low,0,Low,0,3.22669,715.804,6.5748,0.0577653,0.0375556
2863,RL,6,Light Heavy,-0.00557709,Low,0,Low,0,3.24016,719.813,6.58038,0.0573918,0.0375519
2864,RL,6,BSDF Heavy,-0.00106812,Low,0,Low,0,3.24779,720.583,6.58145,0.0580873,0.0375481
2865,RL,6,BSDF Heavy,-0.00238037,Low,0,Low,0,3.26368,722.303,6.58383,0.0660586,0.0375444
2866,RL,6,BSDF Heavy,0.00563145,Low,0,Low,0,3.24279,718.241,6.5782,0.0659264,0.0375406
2867,RL,6,BSDF Heavy,0.00095892,Low,0,Low,0,3.23658,717.552,6.57724,0.0658119,0.0375368
2868,RL,6,BSDF Heavy,-0.0124574,Low,0,Low,0,3.27746,726.559,6.58969,0.0658226,0.0375331
2869,RL,6,BSDF Heavy,0.00804043,Low,0,Low,0,3.25509,720.732,6.58165,0.0658926,0.0375293
2870,RL,6,BSDF Heavy,0.00332832,Low,0,Low,0,3.24092,718.334,6.57833,0.0656559,0.0375256
2871,RL,6,BSDF Heavy,-0.00773621,Low,0,Low,0,3.26777,723.921,6.58606,0.0657942,0.0375218
2872,RL,6,BSDF Heavy,0.00378752,Low,0,Low,0,3.25977,721.18,6.58227,0.0660831,0.0375181
2873,RL,6,BSDF Heavy,0.00268841,Low,0,Low,0,3.24988,719.241,6.57959,0.065639,0.0375143
2874,RL,6,BSDF Heavy,0.000209808,Low,0,Low,0,3.24701,719.09,6.57938,0.0659356,0.0375106
2875,RL,6,BSDF Heavy,0.00398874,Low,0,Low,0,3.2306,716.224,6.57539,0.0658419,0.0375068
2876,RL,6,BSDF Heavy,-0.00628662,Low,0,Low,0,3.25637,720.747,6.58167,0.066306,0.0375031
2877,RL,6,BSDF Heavy,-0.00330162,Low,0,Low,0,3.26356,723.134,6.58498,0.0656513,0.0374993
2878,RL,6,BSDF Heavy,0.00231361,Low,0,Low,0,3.25998,721.46,6.58266,0.0659364,0.0374956
2879,RL,6,BSDF Heavy,0.00104666,Low,0,Low,0,3.25515,720.705,6.58162,0.0659225,0.0374918
2880,RL,6,BSDF Heavy,-0.00111103,Low,0,Low,0,3.25491,721.507,6.58273,0.0661462,0.0374881
2881,RL,6,BSDF Heavy,0.00197601,Low,0,Low,0,3.25267,720.081,6.58075,0.0658787,0.0374843
2882,RL,6,BSDF Heavy,-0.0025425,Low,0,Low,0,3.26116,721.916,6.58329,0.0658595,0.0374806
2883,RL,6,BSDF Heavy,0.00204229,Low,0,Low,0,3.25286,720.441,6.58125,0.0659464,0.0374768
2884,RL,6,BSDF Heavy,0.00148392,Low,0,Low,0,3.25033,719.372,6.57977,0.0656528,0.0374731
2885,RL,6,BSDF Heavy,0.00143766,Low,0,Low,0,3.24129,718.337,6.57833,0.0654253,0.0374693
2886,RL,6,BSDF Heavy,0.00260162,Low,0,Low,0,3.23702,716.468,6.57573,0.0657589,0.0374656
2887,RL,6,BSDF Heavy,-0.00364923,Low,0,Low,0,3.24709,719.091,6.57938,0.0655967,0.0374618
2888,RL,6,BSDF Heavy,-0.000418663,Low,0,Low,0,3.25086,719.392,6.5798,0.0661254,0.0374581
2889,RL,6,BSDF Heavy,-0.00941324,Low,0,Low,0,3.27785,726.205,6.58921,0.0657266,0.0374544
2890,RL,6,BSDF Heavy,0.00366306,Low,0,Low,0,3.26803,723.547,6.58555,0.0659617,0.0374506
2891,RL,6,BSDF Heavy,0.00527287,Low,0,Low,0,3.24965,719.736,6.58027,0.0657166,0.0374469
2892,RL,6,BSDF Heavy,-0.00145197,Low,0,Low,0,3.25211,720.784,6.58173,0.0657327,0.0374431
2893,RL,6,BSDF Heavy,0.0093832,Low,0,Low,0,3.22288,714.043,6.57234,0.0657581,0.0374394
2894,RL,6,BSDF Heavy,-0.00761175,Low,0,Low,0,3.2506,719.506,6.57995,0.0659978,0.0374356
2895,RL,6,BSDF Heavy,-0.00320292,Low,0,Low,0,3.26147,721.817,6.58316,0.0660186,0.0374319
2896,RL,6,BSDF Heavy,0.00323296,Low,0,Low,0,3.2544,719.484,6.57992,0.0659502,0.0374281
2897,RL,6,BSDF Heavy,-0.00401878,Low,0,Low,0,3.25963,722.386,6.58394,0.0660931,0.0374244
2898,RL,6,BSDF Heavy,0.0063076,Low,0,Low,0,3.23883,717.837,6.57763,0.0657688,0.0374207
2899,RL,6,BSDF Heavy,0.00231695,Low,0,Low,0,3.23448,716.174,6.57532,0.0657135,0.0374169
2900,RL,6,BSDF Heavy,-0.00894213,Low,0,Low,0,3.26084,722.615,6.58426,0.0659264,0.0374132
2901,RL,6,BSDF Heavy,0.00176573,Low,0,Low,0,3.25904,721.339,6.58249,0.0658372,0.0374094
2902,RL,6,BSDF Heavy,0.00596142,Low,0,Low,0,3.23941,717.045,6.57653,0.0656567,0.0374057
2903,RL,6,BSDF Heavy,-0.00478268,Low,0,Low,0,3.25538,720.488,6.58132,0.0656251,0.037402
2904,RL,6,BSDF Heavy,0.00148296,Low,0,Low,0,3.24838,719.419,6.57983,0.0653869,0.0373982
2905,RL,6,BSDF Heavy,-0.000379562,Low,0,Low,0,3.24924,719.692,6.58021,0.0658941,0.0373945
2906,RL,6,BSDF Heavy,-0.0105414,Low,0,Low,0,3.28153,727.33,6.59075,0.0660762,0.0373907
2907,RL,6,BSDF Heavy,0.0133057,Low,0,Low,0,3.24307,717.703,6.57745,0.0655729,0.037387
2908,RL,6,BSDF Heavy,-0.00019598,Low,0,Low,0,3.23845,717.844,6.57764,0.0653131,0.0373833
2909,RL,6,BSDF Heavy,5.57899e-05,Low,0,Low,0,3.23754,717.803,6.57759,0.0658641,0.0373795
2910,RL,6,BSDF Heavy,-0.00382471,Low,0,Low,0,3.25483,720.558,6.58141,0.0655122,0.0373758
2911,RL,6,BSDF Heavy,0.00397825,Low,0,Low,0,3.24453,717.693,6.57743,0.0657589,0.037372
2912,RL,6,BSDF Heavy,-0.00628281,Low,0,Low,0,3.26207,722.223,6.58372,0.0657358,0.0373683
2913,RL,6,BSDF Heavy,0.0129018,Low,0,Low,0,3.21987,712.952,6.57082,0.0660355,0.0373646
2914,RL,6,BSDF Heavy,-0.00736284,Low,0,Low,0,3.24162,718.228,6.57818,0.0658595,0.0373608
2915,RL,6,BSDF Heavy,-0.000120163,Low,0,Low,0,3.2403,718.314,6.5783,0.0655429,0.0373571
2916,RL,6,BSDF Heavy,7.9155e-05,Low,0,Low,0,3.24407,718.257,6.57822,0.0657888,0.0373534
2917,RL,6,BSDF Heavy,-0.00396204,Low,0,Low,0,3.25402,721.113,6.58218,0.0655299,0.0373496
2918,RL,6,BSDF Heavy,8.63075e-05,Low,0,Low,0,3.25545,721.05,6.5821,0.0660739,0.0373459
2919,RL,6,BSDF Heavy,0.00672197,Low,0,Low,0,3.23463,716.213,6.57537,0.0656321,0.0373422
2920,RL,6,BSDF Heavy,-0.0130177,Low,0,Low,0,3.27412,725.611,6.58839,0.0660217,0.0373384
2921,RL,6,BSDF Heavy,0.00773239,Low,0,Low,0,3.24911,720.014,6.58066,0.0654238,0.0373347
2922,RL,6,BSDF Heavy,-0.00112391,Low,0,Low,0,3.25637,720.825,6.58178,0.0659102,0.037331
2923,RL,6,BSDF Heavy,0.0084753,Low,0,Low,0,3.2302,714.733,6.57331,0.0658933,0.0373272
2924,RL,6,BSDF Heavy,-0.0109096,Low,0,Low,0,3.2603,722.584,6.58422,0.0654653,0.0373235
2925,RL,6,BSDF Heavy,0.00634861,Low,0,Low,0,3.24042,718.005,6.57787,0.0658541,0.0373198
2926,RL,6,BSDF Heavy,-0.0064826,Low,0,Low,0,3.26518,722.681,6.58435,0.0659271,0.037316
2927,RL,6,BSDF Heavy,0.00919724,Low,0,Low,0,3.22925,716.055,6.57515,0.0658296,0.0373123
2928,RL,6,Balanced,-0.0063839,Low,0,Low,0,3.2535,720.648,6.58154,0.065732,0.0373086
2929,RL,6,Balanced,0.00207567,Low,0,Low,0,3.24744,719.151,6.57946,0.0625213,0.0373048
2930,RL,6,Balanced,0.00185204,Low,0,Low,0,3.23717,717.819,6.57761,0.0628302,0.0373011
2931,RL,6,Balanced,-0.00726891,Low,0,Low,0,3.26373,723.063,6.58488,0.062821,0.0372974
2932,RL,6,Balanced,-0.00479364,Low,0,Low,0,3.27497,726.542,6.58967,0.0627296,0.0372937
2933,RL,6,Balanced,0.00679255,Low,0,Low,0,3.25086,721.617,6.58288,0.0628402,0.0372899
2934,RL,6,Balanced,0.0107183,Low,0,Low,0,3.22639,713.913,6.57216,0.0628733,0.0372862
2935,RL,6,Balanced,-0.00740337,Low,0,Low,0,3.24451,719.226,6.57956,0.0625167,0.0372825
2936,RL,6,Balanced,0.000273228,Low,0,Low,0,3.24214,719.029,6.57929,0.0624814,0.0372787
2937,RL,6,Balanced,0.00773954,Low,0,Low,0,3.21945,713.478,6.57155,0.0629148,0.037275
2938,RL,6,Balanced,-0.00984907,Low,0,Low,0,3.25124,720.549,6.5814,0.0627119,0.0372713
2939,RL,6,Balanced,-0.012167,Low,0,Low,0,3.29449,729.382,6.59357,0.0631622,0.0372676
2940,RL,6,Balanced,0.00738716,Low,0,Low,0,3.26531,724.006,6.58618,0.0627165,0.0372638
2941,RL,6,Balanced,0.00407648,Low,0,Low,0,3.25131,721.057,6.5821,0.062811,0.0372601
2942,RL,6,Balanced,0.00296831,Low,0,Low,0,3.24281,718.917,6.57914,0.0625436,0.0372564
2943,RL,6,Balanced,0.00244951,Low,0,Low,0,3.23842,717.156,6.57669,0.0624806,0.0372526
2944,RL,6,BSDF Heavy,-0.00205803,Low,0,Low,0,3.24416,718.635,6.57874,0.0625866,0.0372489
2945,RL,6,BSDF Heavy,-0.00869179,Low,0,Low,0,3.27569,724.917,6.58744,0.0661554,0.0372452
2946,RL,6,BSDF Heavy,0.00982666,Low,0,Low,0,3.24006,717.819,6.57761,0.0660002,0.0372415
2947,RL,6,BSDF Heavy,0.00442696,Low,0,Low,0,3.23061,714.644,6.57318,0.0657704,0.0372377
2948,RL,6,BSDF Heavy,-0.010345,Low,0,Low,0,3.26278,722.086,6.58353,0.0658872,0.037234
2949,RL,6,BSDF Heavy,0.00435543,Low,0,Low,0,3.24296,718.943,6.57917,0.0660447,0.0372303
2950,RL,6,BSDF Heavy,-0.00969267,Low,0,Low,0,3.27718,725.955,6.58886,0.0660463,0.0372266
2951,RL,6,BSDF Heavy,0.0102158,Low,0,Low,0,3.24803,718.566,6.57865,0.0658326,0.0372229
2952,RL,6,BSDF Heavy,-0.00214863,Low,0,Low,0,3.25552,720.114,6.5808,0.0662453,0.0372191
2953,RL,6,BSDF Heavy,-0.00598335,Low,0,Low,0,3.27232,724.442,6.58678,0.0659218,0.0372154
2954,RL,6,BSDF Heavy,-0.000947952,Low,0,Low,0,3.28062,725.13,6.58773,0.0661969,0.0372117
2955,RL,6,BSDF Heavy,0.00934744,Low,0,Low,0,3.24215,718.374,6.57838,0.0656467,0.037208
2956,RL,6,BSDF Heavy,-0.00257063,Low,0,Low,0,3.24815,720.226,6.58095,0.065732,0.0372043
2957,RL,6,BSDF Heavy,0.00263166,Low,0,Low,0,3.24132,718.33,6.57832,0.0654476,0.0372005
2958,RL,6,BSDF Heavy,0.00228739,Low,0,Low,0,3.23765,716.687,6.57603,0.0657212,0.0371968
2959,RL,6,BSDF Heavy,-0.00618505,Low,0,Low,0,3.25529,721.139,6.58222,0.0661976,0.0371931
2960,RL,6,BSDF Heavy,0.00525999,Low,0,Low,0,3.24239,717.351,6.57696,0.0658249,0.0371894
2961,RL,6,BSDF Heavy,-0.00386429,Low,0,Low,0,3.24754,720.132,6.58082,0.0657112,0.0371857
2962,RL,6,BSDF Heavy,7.10487e-05,Low,0,Low,0,3.25178,720.081,6.58075,0.0657811,0.0371819
2963,RL,6,BSDF Heavy,0.003654,Low,0,Low,0,3.2347,717.451,6.5771,0.065692,0.0371782
2964,RL,6,BSDF Heavy,-0.00242805,Low,0,Low,0,3.24579,719.197,6.57953,0.0656828,0.0371745
2965,RL,6,BSDF Heavy,-0.0006814,Low,0,Low,0,3.24802,719.688,6.58021,0.0658011,0.0371708
2966,RL,6,BSDF Heavy,-0.0025754,Low,0,Low,0,3.25545,721.547,6.58278,0.0659763,0.0371671
2967,RL,6,BSDF Heavy,0.00248718,Low,0,Low,0,3.24721,719.752,6.5803,0.0656728,0.0371633
2968,RL,6,BSDF Heavy,-0.00114107,Low,0,Low,0,3.25201,720.575,6.58144,0.0658933,0.0371596
2969,RL,6,BSDF Heavy,-0.00368547,Low,0,Low,0,3.27337,723.239,6.58512,0.066087,0.0371559
2970,RL,6,BSDF Heavy,-0.00306606,Low,0,Low,0,3.27593,725.463,6.58819,0.0659102,0.0371522
2971,RL,6,BSDF Heavy,0.00903082,Low,0,Low,0,3.24781,718.932,6.57916,0.0658234,0.0371485
2972,RL,6,BSDF Heavy,-0.000210285,Low,0,Low,0,3.24527,719.084,6.57937,0.0654753,0.0371448
2973,RL,6,BSDF Heavy,-0.00725603,Low,0,Low,0,3.26762,724.327,6.58662,0.0659717,0.0371411
2974,RL,6,BSDF Heavy,0.00189686,Low,0,Low,0,3.26685,722.953,6.58473,0.0656943,0.0371373
2975,RL,6,BSDF Heavy,-0.000695229,Low,0,Low,0,3.26584,723.456,6.58542,0.0662737,0.0371336
2976,RL,6,BSDF Heavy,-0.0036335,Low,0,Low,0,3.27979,726.093,6.58906,0.0661961,0.0371299
2977,RL,6,BSDF Heavy,0.00965977,Low,0,Low,0,3.24798,719.104,6.5794,0.0656966,0.0371262
2978,RL,6,BSDF Heavy,-0.0051403,Low,0,Low,0,3.26083,722.815,6.58454,0.0660309,0.0371225
2979,RL,6,BSDF Heavy,-0.00128508,Low,0,Low,0,3.26207,723.746,6.58582,0.0658857,0.0371188
2980,RL,6,BSDF Heavy,0.00855732,Low,0,Low,0,3.23564,717.57,6.57726,0.0655091,0.0371151
2981,RL,6,BSDF Heavy,-0.00072813,Low,0,Low,0,3.23791,718.094,6.57799,0.0657143,0.0371114
2982,RL,6,BSDF Heavy,-0.00490284,Low,0,Low,0,3.25752,721.628,6.58289,0.0659525,0.0371076
2983,RL,6,BSDF Heavy,-0.000534534,Low,0,Low,0,3.26132,722.014,6.58343,0.0660924,0.0371039
2984,RL,6,BSDF Heavy,-0.00215101,Low,0,Low,0,3.26745,723.571,6.58558,0.0659748,0.0371002
2985,RL,6,BSDF Heavy,0.00710869,Low,0,Low,0,3.24274,718.439,6.57847,0.0657627,0.0370965
2986,RL,6,BSDF Heavy,0.00550032,Low,0,Low,0,3.22894,714.492,6.57297,0.0659033,0.0370928
2987,RL,6,BSDF Heavy,-0.0157018,Low,0,Low,0,3.27781,725.815,6.58867,0.0660739,0.0370891
2988,RL,6,BSDF Heavy,0.0091157,Low,0,Low,0,3.25448,719.22,6.57956,0.065911,0.0370854
2989,RL,6,BSDF Heavy,-0.00685167,Low,0,Low,0,3.27481,724.172,6.58641,0.066286,0.0370817
2990,RL,6,BSDF Heavy,0.00393724,Low,0,Low,0,3.25441,721.322,6.58247,0.0661162,0.037078
2991,RL,6,BSDF Heavy,0.0059104,Low,0,Low,0,3.24095,717.066,6.57656,0.0657158,0.0370743
2992,RL,6,BSDF Heavy,-0.000797749,Low,0,Low,0,3.24193,717.639,6.57736,0.06541,0.0370706
2993,RL,6,BSDF Heavy,-0.00334501,Low,0,Low,0,3.25205,720.047,6.5807,0.0655767,0.0370669
2994,RL,6,BSDF Heavy,-0.00235033,Low,0,Low,0,3.26395,721.743,6.58305,0.0660839,0.0370631
2995,RL,6,BSDF Heavy,0.0063262,Low,0,Low,0,3.23561,717.185,6.57673,0.0658004,0.0370594
2996,RL,6,BSDF Heavy,-0.00336933,Low,0,Low,0,3.25198,719.609,6.5801,0.0658472,0.0370557
2997,RL,6,BSDF Heavy,-0.0029664,Low,0,Low,0,3.26037,721.75,6.58306,0.0661538,0.037052
2998,RL,6,BSDF Heavy,0.00663137,Low,0,Low,0,3.23814,716.973,6.57643,0.0656666,0.0370483
2999,RL,6,BSDF Heavy,-0.00504446,Low,0,Low,0,3.25545,720.604,6.58148,0.0658995,0.0370446
3000,RL,6,BSDF Heavy,0.0088582,Low,0,Low,0,3.22968,714.24,6.57262,0.0658365,0.0370409
3001,RL,6,BSDF Heavy,-0.0105085,Low,0,Low,0,3.25498,721.796,6.58313,0.0656136,0.0370372
3002,RL,6,BSDF Heavy,-0.00299978,Low,0,Low,0,3.26486,723.968,6.58613,0.0657888,0.0370335
3003,RL,6,BSDF Heavy,0.00561714,Low,0,Low,0,3.251,719.907,6.58051,0.0660416,0.0370298
3004,RL,6,BSDF Heavy,-0.000902176,Low,0,Low,0,3.25071,720.557,6.58141,0.065619,0.0370261
3005,RL,6,BSDF Heavy,-0.00112534,Low,0,Low,0,3.25666,721.37,6.58254,0.065881,0.0370224
3006,RL,6,BSDF Heavy,0.00236893,Low,0,Low,0,3.24898,719.66,6.58017,0.0662038,0.0370187
3007,RL,6,BSDF Heavy,-0.00579119,Low,0,Low,0,3.26243,723.846,6.58596,0.0660294,0.037015
3008,RL,6,BSDF Heavy,0.00923204,Low,0,Low,0,3.24201,717.185,6.57673,0.0654607,0.0370113
3009,RL,6,BSDF Heavy,-0.00695896,Low,0,Low,0,3.26327,722.201,6.58369,0.0657665,0.0370076
3010,RL,6,BSDF Heavy,0.00264597,Low,0,Low,0,3.25118,720.289,6.58104,0.0657389,0.0370039
3011,RL,6,BSDF Heavy,0.0062499,Low,0,Low,0,3.23512,715.796,6.57479,0.0659525,0.0370002
3012,RL,6,BSDF Heavy,-0.00586176,Low,0,Low,0,3.24952,720.009,6.58065,0.065848,0.0369965
3013,RL,6,BSDF Heavy,-0.00480938,Low,0,Low,0,3.26695,723.485,6.58546,0.0658503,0.0369928
3014,RL,6,BSDF Heavy,0.00515461,Low,0,Low,0,3.25068,719.761,6.58031,0.0656851,0.0369891
3015,RL,6,BSDF Heavy,-0.00197554,Low,0,Low,0,3.26164,721.186,6.58228,0.0658442,0.0369854
3016,RL,6,BSDF Heavy,0.00618458,Low,0,Low,0,3.23543,716.733,6.5761,0.0661085,0.0369817
3017,RL,6,BSDF Heavy,-0.00313473,Low,0,Low,0,3.24725,718.987,6.57923,0.0660601,0.036978
3018,RL,6,BSDF Heavy,0.00537586,Low,0,Low,0,3.22785,715.126,6.57386,0.0657811,0.0369743
3019,RL,6,BSDF Heavy,-0.00659323,Low,0,Low,0,3.25274,719.864,6.58045,0.0661861,0.0369706
3020,RL,6,BSDF Heavy,-0.000279903,Low,0,Low,0,3.25197,720.065,6.58073,0.0659602,0.0369669
3021,RL,6,BSDF Heavy,0.00182056,Low,0,Low,0,3.24737,718.754,6.57891,0.0659625,0.0369632
3022,RL,6,BSDF Heavy,0.000859261,Low,0,Low,0,3.24549,718.136,6.57805,0.0662929,0.0369595
3023,RL,6,BSDF Heavy,-0.00218105,Low,0,Low,0,3.25241,719.706,6.58023,0.0658319,0.0369558
3024,RL,6,BSDF Heavy,-0.0067811,Low,0,Low,0,3.27329,724.61,6.58701,0.0656743,0.0369521
3025,RL,6,BSDF Heavy,0.0153708,Low,0,Low,0,3.22299,713.542,6.57164,0.0656305,0.0369484
3026,RL,6,BSDF Heavy,-0.0158472,Low,0,Low,0,3.27602,724.955,6.58749,0.0658273,0.0369447
3027,RL,6,BSDF Heavy,0.0175037,Low,0,Low,0,3.22284,712.359,6.56998,0.0654761,0.036941
3028,RL,6,BSDF Heavy,-0.0123372,Low,0,Low,0,3.25575,721.214,6.58232,0.065662,0.0369373
3029,RL,6,BSDF Heavy,0.00149298,Low,0,Low,0,3.25002,720.137,6.58083,0.0658027,0.0369336
3030,RL,6,BSDF Heavy,0.00377178,Low,0,Low,0,3.23959,717.422,6.57706,0.0655836,0.03693
3031,RL,6,BSDF Heavy,-0.00733185,Low,0,Low,0,3.26596,722.709,6.58439,0.0657727,0.0369263
3032,RL,6,BSDF Heavy,0.00421,Low,0,Low,0,3.24838,719.669,6.58018,0.0653716,0.0369226
3033,RL,6,BSDF Heavy,0.000305176,Low,0,Low,0,3.24669,719.449,6.57987,0.0657942,0.0369189
3034,RL,6,BSDF Heavy,-0.00425243,Low,0,Low,0,3.26326,722.519,6.58413,0.0661054,0.0369152
3035,RL,6,BSDF Heavy,-0.00110054,Low,0,Low,0,3.26743,723.315,6.58523,0.0659348,0.0369115
3036,RL,6,BSDF Heavy,0.00226116,Low,0,Low,0,3.25702,721.679,6.58297,0.0658987,0.0369078
3037,RL,6,BSDF Heavy,5.24521e-05,Low,0,Low,0,3.2608,721.642,6.58291,0.0659264,0.0369041
3038,RL,6,BSDF Heavy,-0.00243521,Low,0,Low,0,3.26375,723.404,6.58535,0.0661008,0.0369004
3039,RL,6,BSDF Heavy,0.0105472,Low,0,Low,0,3.23429,715.803,6.5748,0.0657335,0.0368967
3040,RL,6,BSDF Heavy,-0.0105143,Low,0,Low,0,3.27057,723.38,6.58532,0.0660555,0.036893
3041,RL,6,BSDF Heavy,0.0096159,Low,0,Low,0,3.23586,716.448,6.5757,0.0656382,0.0368894
3042,RL,6,BSDF Heavy,-0.00487375,Low,0,Low,0,3.25261,719.953,6.58057,0.0655852,0.0368857
3043,RL,6,BSDF Heavy,-0.0114174,Low,0,Low,0,3.29014,728.231,6.59199,0.0660939,0.036882
3044,RL,6,BSDF Heavy,-0.00388861,Low,0,Low,0,3.30144,731.073,6.59588,0.0660662,0.0368783
3045,RL,6,BSDF Heavy,0.011754,Low,0,Low,0,3.26094,722.518,6.58413,0.0655959,0.0368746
3046,RL,6,BSDF Heavy,0.00336027,Low,0,Low,0,3.25039,720.091,6.58077,0.0655929,0.0368709
3047,RL,6,BSDF Heavy,0.00327969,Low,0,Low,0,3.23524,717.73,6.57749,0.0652916,0.0368672
3048,RL,6,BSDF Heavy,0.00432634,Low,0,Low,0,3.22695,714.627,6.57316,0.0658019,0.0368635
3049,RL,6,BSDF Heavy,-0.00638342,Low,0,Low,0,3.24524,719.21,6.57954,0.065858,0.0368599
3050,RL,6,BSDF Heavy,0.00520658,Low,0,Low,0,3.23116,715.47,6.57434,0.0657635,0.0368562
3051,RL,6,BSDF Heavy,0.00161982,Low,0,Low,0,3.22455,714.31,6.57272,0.0658157,0.0368525
3052,RL,6,BSDF Heavy,0.00207806,Low,0,Low,0,3.22166,712.825,6.57064,0.0660294,0.0368488
3053,RL,6,BSDF Heavy,-0.00332689,Low,0,Low,0,3.22616,715.204,6.57397,0.0658634,0.0368451
3054,RL,6,BSDF Heavy,0.000642776,Low,0,Low,0,3.22745,714.744,6.57332,0.0657865,0.0368414
3055,RL,6,BSDF Heavy,-0.0114837,Low,0,Low,0,3.268,723.011,6.58481,0.0656052,0.0368377
3056,RL,6,Light Heavy,0.00797129,Low,0,Low,0,3.24077,717.262,6.57683,0.0659448,0.0368341
3057,RL,6,Light Heavy,-0.00612974,Low,0,Low,0,3.24757,721.679,6.58296,0.0573988,0.0368304
3058,RL,6,Light Heavy,-0.00192881,Low,0,Low,0,3.26102,723.074,6.58489,0.0579836,0.0368267
3059,RL,6,Light Heavy,-9.44E-05,Low,0,Low,0,3.26049,723.142,6.58499,0.0579436,0.036823
3060,RL,6,Light Heavy,0.01367,Low,0,Low,0,3.21231,713.311,6.57132,0.057607,0.0368193
3061,RL,6,Light Heavy,-0.01793,Low,0,Low,0,3.27122,726.234,6.58925,0.0579359,0.0368157
3062,RL,6,Light Heavy,0.0113463,Low,0,Low,0,3.23283,718.029,6.5779,0.057408,0.036812
3063,RL,6,Light Heavy,-0.00521517,Low,0,Low,0,3.24655,721.788,6.58312,0.057836,0.0368083
3064,RL,6,Light Heavy,0.0111232,Low,0,Low,0,3.21981,713.793,6.57199,0.0574218,0.0368046
3065,RL,6,Light Heavy,-0.00563669,Low,0,Low,0,3.23407,717.834,6.57763,0.0577853,0.0368009
3066,RL,6,Light Heavy,-0.00378227,Low,0,Low,0,3.24619,720.558,6.58141,0.0576754,0.0367972
3067,RL,6,Light Heavy,0.0109882,Low,0,Low,0,3.21097,712.673,6.57042,0.0576085,0.0367936
3068,RL,6,Light Heavy,-0.00808668,Low,0,Low,0,3.23893,718.467,6.57851,0.0578122,0.0367899
3069,RL,6,Light Heavy,0.000197411,Low,0,Low,0,3.23694,718.325,6.57831,0.0578399,0.0367862
3070,RL,6,Light Heavy,0.000531197,Low,0,Low,0,3.23178,717.943,6.57778,0.0575816,0.0367825
3071,RL,6,Light Heavy,-0.00749922,Low,0,Low,0,3.25425,723.355,6.58528,0.0577061,0.0367789
3072,RL,6,Light Heavy,-0.000705242,Low,0,Low,0,3.25585,723.866,6.58599,0.0575063,0.0367752
3073,RL,6,Light Heavy,0.00566959,Low,0,Low,0,3.24326,719.768,6.58032,0.057514,0.0367715
3074,RL,6,Light Heavy,-0.00228357,Low,0,Low,0,3.24523,721.415,6.5826,0.05767,0.0367678
3075,RL,6,Light Heavy,-0.00320292,Low,0,Low,0,3.25792,723.733,6.5858,0.0574687,0.0367641
3076,RL,6,Light Heavy,0.00669289,Low,0,Low,0,3.23591,718.899,6.57911,0.0578145,0.0367605
3077,RL,6,Light Heavy,-0.00533009,Low,0,Low,0,3.25493,722.746,6.58444,0.0577799,0.0367568
3078,RL,6,Light Heavy,0.0114002,Low,0,Low,0,3.21983,714.542,6.57304,0.057846,0.0367531
3079,RL,6,Light Heavy,-0.0103898,Low,0,Low,0,3.24776,722.015,6.58343,0.0578091,0.0367494
3080,RL,6,Light Heavy,0.00875235,Low,0,Low,0,3.21986,715.715,6.57468,0.0575194,0.0367458
3081,RL,6,Light Heavy,-0.00592947,Low,0,Low,0,3.24727,719.977,6.58061,0.0576785,0.0367421
3082,RL,6,Light Heavy,0.00797939,Low,0,Low,0,3.21846,714.247,6.57263,0.0574779,0.0367384
3083,RL,6,Light Heavy,-0.00516748,Low,0,Low,0,3.23578,717.953,6.5778,0.0580504,0.0367347
3084,RL,6,Light Heavy,-0.00297165,Low,0,Low,0,3.24212,720.092,6.58077,0.0575386,0.0367311
3085,RL,6,Light Heavy,0.00172472,Low,0,Low,0,3.23887,718.85,6.57904,0.0576001,0.0367274
3086,RL,6,Light Heavy,0.00861645,Low,0,Low,0,3.21459,712.674,6.57043,0.0575617,0.0367237
3087,RL,6,Light Heavy,-0.0180035,Low,0,Low,0,3.26319,725.639,6.58843,0.0575071,0.0367201
3088,RL,6,Light Heavy,0.0113187,Low,0,Low,0,3.2274,717.461,6.57711,0.0574925,0.0367164
3089,RL,6,Light Heavy,-0.0102053,Low,0,Low,0,3.26436,724.83,6.58732,0.0577484,0.0367127
3090,RL,6,Light Heavy,0.00223017,Low,0,Low,0,3.25745,723.213,6.58509,0.0577369,0.036709
3091,RL,6,Light Heavy,-0.00469398,Low,0,Low,0,3.27155,726.621,6.58978,0.057806,0.0367054
3092,RL,6,Light Heavy,0.0127463,Low,0,Low,0,3.2333,717.405,6.57703,0.0576854,0.0367017
3093,RL,6,Light Heavy,-0.00566769,Low,0,Low,0,3.25023,721.488,6.5827,0.0578798,0.036698
3094,RL,6,Light Heavy,-8.96E-05,Low,0,Low,0,3.24893,721.553,6.58279,0.0575494,0.0366944
3095,RL,6,Light Heavy,-0.00254107,Low,0,Low,0,3.25788,723.391,6.58533,0.0580128,0.0366907
3096,RL,6,Light Heavy,-0.000706673,Low,0,Low,0,3.26055,723.903,6.58604,0.057959,0.036687
3097,RL,6,Light Heavy,8.05855e-05,Low,0,Low,0,3.26139,723.845,6.58596,0.058032,0.0366834
3098,RL,6,Light Heavy,0.00678778,Low,0,Low,0,3.24068,718.942,6.57917,0.0576631,0.0366797
3099,RL,6,Light Heavy,-0.00400496,Low,0,Low,0,3.2527,721.831,6.58318,0.0576447,0.036676
3100,RL,6,Light Heavy,0.00871181,Low,0,Low,0,3.22563,715.561,6.57446,0.0576508,0.0366724
3101,RL,6,Light Heavy,-7.01E-05,Low,0,Low,0,3.22334,715.611,6.57453,0.0573457,0.0366687
3102,RL,6,Light Heavy,-0.0112915,Low,0,Low,0,3.2589,723.749,6.58582,0.057992,0.036665
3103,RL,6,Light Heavy,0.000504971,Low,0,Low,0,3.25791,723.383,6.58532,0.0575916,0.0366613
3104,RL,6,Light Heavy,0.00802994,Low,0,Low,0,3.23446,717.589,6.57729,0.0577615,0.0366577
3105,RL,6,Light Heavy,-0.00876904,Low,0,Low,0,3.2597,723.918,6.58606,0.0576339,0.036654
3106,RL,6,Light Heavy,0.00467682,Low,0,Low,0,3.24553,720.536,6.58138,0.0575478,0.0366504
3107,RL,6,Light Heavy,0.00265551,Low,0,Low,0,3.24043,718.623,6.57873,0.0576093,0.0366467
3108,RL,6,Light Heavy,-0.00327063,Low,0,Low,0,3.24615,720.98,6.582,0.0577361,0.036643
3109,RL,6,Light Heavy,0.00477839,Low,0,Low,0,3.23134,717.538,6.57722,0.0577215,0.0366394
3110,RL,6,Light Heavy,-0.00218725,Low,0,Low,0,3.23698,719.112,6.57941,0.0580819,0.0366357
3111,RL,6,Light Heavy,-0.00974989,Low,0,Low,0,3.26683,726.167,6.58916,0.0578168,0.036632
3112,RL,6,Light Heavy,0.0178328,Low,0,Low,0,3.21509,713.314,6.57132,0.0573135,0.0366284
3113,RL,6,Light Heavy,0.00372362,Low,0,Low,0,3.20257,710.66,6.5676,0.057491,0.0366247
3114,RL,6,Light Heavy,-0.00591564,Low,0,Low,0,3.22189,714.882,6.57352,0.0577884,0.036621
3115,RL,6,Light Heavy,-0.0175796,Low,0,Low,0,3.27686,727.578,6.59109,0.0579959,0.0366174
3116,RL,6,Light Heavy,0.00860834,Low,0,Low,0,3.24901,721.333,6.58249,0.057796,0.0366137
3117,RL,6,Light Heavy,-0.000849247,Low,0,Low,0,3.2494,721.947,6.58334,0.057866,0.0366101
3118,RL,6,Light Heavy,0.00810766,Low,0,Low,0,3.22715,716.109,6.57523,0.0576109,0.0366064
3119,RL,6,Light Heavy,-0.0111303,Low,0,Low,0,3.26128,724.135,6.58636,0.0580212,0.0366027
3120,RL,6,Light Heavy,0.00491953,Low,0,Low,0,3.24832,720.577,6.58144,0.0578229,0.0365991
3121,RL,6,Light Heavy,-0.00379324,Low,0,Low,0,3.2556,723.319,6.58523,0.0576731,0.0365954
3122,RL,6,Light Heavy,-0.000116825,Low,0,Low,0,3.25629,723.404,6.58535,0.0575033,0.0365918
3123,RL,6,Light Heavy,0.00870657,Low,0,Low,0,3.22411,717.124,6.57664,0.057816,0.0365881
3124,RL,6,Light Heavy,0.00444317,Low,0,Low,0,3.21656,713.941,6.5722,0.0576024,0.0365844
3125,RL,6,Light Heavy,-0.011477,Low,0,Low,0,3.25458,722.193,6.58368,0.0575425,0.0365808
3126,RL,6,Light Heavy,0.00933218,Low,0,Low,0,3.22398,715.476,6.57434,0.0574372,0.0365771
3127,RL,6,Light Heavy,-0.00770855,Low,0,Low,0,3.2458,721.02,6.58205,0.0576662,0.0365735
3128,RL,6,Light Heavy,0.00405502,Low,0,Low,0,3.23325,718.098,6.578,0.057587,0.0365698
3129,RL,6,Light Heavy,0.00262833,Low,0,Low,0,3.22263,716.211,6.57537,0.0574948,0.0365662
3130,RL,6,Light Heavy,-0.00579309,Low,0,Low,0,3.24646,720.377,6.58116,0.0574587,0.0365625
3131,RL,6,Light Heavy,0.00866032,Low,0,Low,0,3.22096,714.157,6.5725,0.0578406,0.0365588
3132,RL,6,Light Heavy,-0.0127082,Low,0,Low,0,3.25347,723.303,6.58521,0.0576516,0.0365552
3133,RL,6,Light Heavy,0.00393152,Low,0,Low,0,3.24609,720.461,6.58128,0.0578529,0.0365515
3134,RL,6,Light Heavy,-0.0075841,Low,0,Low,0,3.27032,725.954,6.58886,0.0579467,0.0365479
3135,RL,6,Light Heavy,0.0110998,Low,0,Low,0,3.22697,717.929,6.57776,0.0576078,0.0365442
3136,RL,6,Light Heavy,0.00129843,Low,0,Low,0,3.22678,716.996,6.57646,0.0576585,0.0365406
3137,RL,6,Light Heavy,-0.00824928,Low,0,Low,0,3.25305,722.944,6.58471,0.057647,0.0365369
3138,RL,6,Light Heavy,-0.000688553,Low,0,Low,0,3.25507,723.442,6.5854,0.0577876,0.0365333
3139,RL,6,Light Heavy,0.00190353,Low,0,Low,0,3.25368,722.065,6.5835,0.057647,0.0365296
3140,RL,6,Light Heavy,0.000111103,Low,0,Low,0,3.24928,721.985,6.58339,0.0576239,0.036526
3141,RL,6,Light Heavy,-0.00154877,Low,0,Low,0,3.25744,723.105,6.58494,0.0578568,0.0365223
3142,RL,6,Light Heavy,0.0021162,Low,0,Low,0,3.24879,721.574,6.58282,0.0579567,0.0365186
3143,RL,6,Light Heavy,-0.000804424,Low,0,Low,0,3.25227,722.156,6.58362,0.057617,0.036515
3144,RL,6,Light Heavy,0.00265121,Low,0,Low,0,3.24117,720.241,6.58097,0.0577384,0.0365113
3145,RL,6,Light Heavy,0.00109339,Low,0,Low,0,3.23971,719.453,6.57988,0.0580304,0.0365077
3146,RL,6,Light Heavy,0.00363398,Low,0,Low,0,3.2325,716.84,6.57625,0.0574887,0.036504
3147,RL,6,Light Heavy,0.00232267,Low,0,Low,0,3.22339,715.174,6.57392,0.0576693,0.0365004
3148,RL,6,Light Heavy,-0.0031395,Low,0,Low,0,3.23143,717.426,6.57706,0.0574195,0.0364967
3149,RL,6,Light Heavy,-0.00600433,Low,0,Low,0,3.25303,721.753,6.58307,0.0579459,0.0364931
3150,RL,6,Light Heavy,0.00501919,Low,0,Low,0,3.23113,718.134,6.57805,0.0573672,0.0364894
3151,RL,6,Light Heavy,0.00129986,Low,0,Low,0,3.23195,717.2,6.57675,0.0574395,0.0364858
3152,RL,6,BSDF Heavy,0.00266218,Low,0,Low,0,3.22072,715.291,6.57409,0.0570514,0.0364821
3153,RL,6,BSDF Heavy,-0.00742674,Low,0,Low,0,3.25119,720.63,6.58151,0.0656436,0.0364785
3154,RL,6,BSDF Heavy,0.00525141,Low,0,Low,0,3.24065,716.851,6.57626,0.0658472,0.0364749
3155,RL,6,BSDF Heavy,-0.00414753,Low,0,Low,0,3.24708,719.834,6.58041,0.065702,0.0364712
3156,RL,6,BSDF Heavy,0.0070715,Low,0,Low,0,3.23143,714.755,6.57334,0.0659902,0.0364676
3157,RL,6,BSDF Heavy,-0.00419331,Low,0,Low,0,3.24355,717.762,6.57753,0.0657627,0.0364639
3158,RL,6,BSDF Heavy,0.004529,Low,0,Low,0,3.23098,714.514,6.573,0.0656897,0.0364603
3159,RL,6,BSDF Heavy,-0.00843763,Low,0,Low,0,3.25049,720.577,6.58144,0.0657566,0.0364566
3160,RL,6,BSDF Heavy,-0.00419283,Low,0,Low,0,3.26624,723.609,6.58563,0.0659279,0.036453
3161,RL,6,BSDF Heavy,-0.000150681,Low,0,Low,0,3.26957,723.718,6.58578,0.0661508,0.0364493
3162,RL,6,BSDF Heavy,0.00418854,Low,0,Low,0,3.25575,720.689,6.58159,0.0659625,0.0364457
3163,RL,6,BSDF Heavy,-0.00289059,Low,0,Low,0,3.26473,722.778,6.58449,0.0662591,0.036442
3164,RL,6,BSDF Heavy,0.00159502,Low,0,Low,0,3.2541,721.625,6.58289,0.0658157,0.0364384
3165,RL,6,BSDF Heavy,-0.00385523,Low,0,Low,0,3.26856,724.416,6.58675,0.0661246,0.0364348
3166,RL,6,BSDF Heavy,0.00159359,Low,0,Low,0,3.26599,723.261,6.58515,0.0659533,0.0364311
3167,RL,6,BSDF Heavy,0.00689554,Low,0,Low,0,3.24304,718.284,6.57826,0.0657066,0.0364275
3168,RL,6,Light Heavy,-0.00760555,Low,0,Low,0,3.26467,723.775,6.58586,0.0660563,0.0364238
3169,RL,6,Light Heavy,0.00194311,Low,0,Low,0,3.2509,722.368,6.58392,0.0581034,0.0364202
3170,RL,6,Light Heavy,0.0125179,Low,0,Low,0,3.21509,713.37,6.5714,0.0579697,0.0364165
3171,RL,6,Light Heavy,-0.0163841,Low,0,Low,0,3.26275,725.171,6.58778,0.0577553,0.0364129
3172,RL,6,Light Heavy,0.009408,Low,0,Low,0,3.23608,718.371,6.57838,0.0578206,0.0364093
3173,RL,6,Light Heavy,0.00280905,Low,0,Low,0,3.23174,716.353,6.57557,0.058042,0.0364056
3174,RL,6,Light Heavy,-0.00171185,Low,0,Low,0,3.23358,717.582,6.57728,0.0573657,0.036402
3175,RL,6,Light Heavy,0.00749493,Low,0,Low,0,3.20516,712.216,6.56978,0.0574249,0.0363983
3176,RL,6,Light Heavy,-0.0110269,Low,0,Low,0,3.24275,720.124,6.58081,0.0578975,0.0363947
3177,RL,6,Light Heavy,0.0054369,Low,0,Low,0,3.22268,716.214,6.57537,0.0576324,0.0363911
3178,RL,6,Light Heavy,-0.00196218,Low,0,Low,0,3.22647,717.623,6.57734,0.0575455,0.0363874
3179,RL,6,Light Heavy,-0.00807667,Low,0,Low,0,3.25358,723.451,6.58541,0.0578667,0.0363838
3180,RL,6,Light Heavy,0.00784445,Low,0,Low,0,3.23641,717.79,6.57757,0.0576439,0.0363801
3181,RL,6,Light Heavy,-0.00606585,Low,0,Low,0,3.2565,722.163,6.58363,0.0581234,0.0363765
3182,RL,6,Light Heavy,-0.0028019,Low,0,Low,0,3.25779,724.192,6.58644,0.0579905,0.0363729
3183,RL,6,Light Heavy,0.00535917,Low,0,Low,0,3.24178,720.316,6.58108,0.0575855,0.0363692
3184,RL,6,Light Heavy,-0.00705433,Low,0,Low,0,3.26853,725.422,6.58813,0.0577246,0.0363656
3185,RL,6,Light Heavy,0.0041976,Low,0,Low,0,3.25236,722.38,6.58393,0.0578975,0.036362
3186,RL,6,Light Heavy,0.00551081,Low,0,Low,0,3.23627,718.404,6.57842,0.057544,0.0363583
3187,RL,6,Light Heavy,-0.00281191,Low,0,Low,0,3.2478,720.43,6.58124,0.0576016,0.0363547
3188,RL,6,Light Heavy,-0.00417328,Low,0,Low,0,3.25802,723.447,6.58541,0.0580919,0.036351
3189,RL,6,Light Heavy,0.000650406,Low,0,Low,0,3.25643,722.976,6.58476,0.0578122,0.0363474
3190,RL,6,Light Heavy,0.00912285,Low,0,Low,0,3.22771,716.401,6.57564,0.05766,0.0363438
3191,RL,6,Light Heavy,-0.00731373,Low,0,Low,0,3.25268,721.667,6.58295,0.058022,0.0363401
3192,RL,6,Light Heavy,-7.92E-05,Low,0,Low,0,3.24914,721.725,6.58303,0.0579812,0.0363365
3193,RL,6,Light Heavy,-0.0011096,Low,0,Low,0,3.25667,722.527,6.58414,0.0578683,0.0363329
3194,RL,6,Light Heavy,-0.00223637,Low,0,Low,0,3.26509,724.147,6.58637,0.057803,0.0363292
3195,RL,6,Light Heavy,0.0115881,Low,0,Low,0,3.22582,715.792,6.57479,0.0575732,0.0363256
3196,RL,6,Light Heavy,-0.00578833,Low,0,Low,0,3.24351,719.953,6.58057,0.0578283,0.036322
3197,RL,6,Light Heavy,0.0015707,Low,0,Low,0,3.2446,718.822,6.579,0.0581526,0.0363183
3198,RL,6,Light Heavy,-0.000617027,Low,0,Low,0,3.24086,719.266,6.57962,0.0576785,0.0363147
3199,RL,6,Light Heavy,0.0102077,Low,0,Low,0,3.21271,711.951,6.56941,0.0576377,0.0363111
3200,RL,6,Light Heavy,-0.00177574,Low,0,Low,0,3.21238,713.218,6.57119,0.0571774,0.0363075
3201,RL,6,Light Heavy,-0.0029521,Low,0,Low,0,3.22645,715.33,6.57414,0.0581795,0.0363038
3202,RL,6,Light Heavy,-0.00157833,Low,0,Low,0,3.22768,716.462,6.57572,0.0576201,0.0363002
3203,RL,6,Light Heavy,-0.00674534,Low,0,Low,0,3.24751,721.317,6.58246,0.0576547,0.0362966
3204,RL,6,Light Heavy,-0.000260353,Low,0,Low,0,3.24847,721.506,6.58273,0.0578445,0.0362929
3205,RL,6,Light Heavy,-0.000426769,Low,0,Low,0,3.25103,721.814,6.58315,0.0578483,0.0362893
3206,RL,6,Light Heavy,-0.00431728,Low,0,Low,0,3.26521,724.941,6.58747,0.0577791,0.0362857
3207,RL,6,Light Heavy,0.00672913,Low,0,Low,0,3.23798,720.073,6.58074,0.0576439,0.036282
3208,RL,6,Light Heavy,-0.00754213,Low,0,Low,0,3.26664,725.532,6.58828,0.0580696,0.0362784
3209,RL,6,Light Heavy,0.0132852,Low,0,Low,0,3.22937,715.943,6.575,0.0577392,0.0362748
3210,RL,6,Light Heavy,-0.00711775,Low,0,Low,0,3.24932,721.065,6.58211,0.0578929,0.0362712
3211,RL,6,Light Heavy,0.00463581,Low,0,Low,0,3.23837,717.725,6.57748,0.0577284,0.0362675
3212,RL,6,Light Heavy,-0.00836611,Low,0,Low,0,3.25914,723.763,6.58584,0.0578206,0.0362639
3213,RL,6,Light Heavy,0.0178204,Low,0,Low,0,3.20772,710.962,6.56802,0.0575624,0.0362603
3214,RL,6,Light Heavy,-0.00533199,Low,0,Low,0,3.21624,714.768,6.57336,0.0573565,0.0362567
3215,RL,6,Light Heavy,0.0046339,Low,0,Low,0,3.19914,711.459,6.56872,0.0574864,0.036253
3216,RL,6,Light Heavy,-0.019515,Low,0,Low,0,3.26939,725.5,6.58824,0.0579736,0.0362494
3217,RL,6,Light Heavy,-0.00756216,Low,0,Low,0,3.28761,731.014,6.5958,0.0576562,0.0362458
3218,RL,6,Light Heavy,0.0111499,Low,0,Low,0,3.25488,722.898,6.58465,0.0578652,0.0362422
3219,RL,6,Light Heavy,0.00592804,Low,0,Low,0,3.23609,718.619,6.57872,0.0576439,0.0362385
3220,RL,6,Light Heavy,0.0021019,Low,0,Low,0,3.2334,717.108,6.57662,0.05774,0.0362349
3221,RL,6,Light Heavy,0.000557899,Low,0,Low,0,3.23334,716.708,6.57606,0.0577853,0.0362313
3222,RL,6,Light Heavy,-0.00248337,Low,0,Low,0,3.24108,718.492,6.57855,0.0579728,0.0362277
3223,RL,6,Light Heavy,0.00515509,Low,0,Low,0,3.21805,714.793,6.57339,0.0575901,0.036224
3224,RL,6,Light Heavy,0.00612593,Low,0,Low,0,3.20165,710.421,6.56726,0.0577123,0.0362204
3225,RL,6,Light Heavy,-0.0133042,Low,0,Low,0,3.24098,719.949,6.58057,0.057793,0.0362168
3226,RL,6,Light Heavy,-0.0070467,Low,0,Low,0,3.26256,725.047,6.58762,0.0578199,0.0362132
3227,RL,6,Light Heavy,0.0114493,Low,0,Low,0,3.22924,716.782,6.57617,0.0572643,0.0362096
3228,RL,6,Light Heavy,-0.00183773,Low,0,Low,0,3.23434,718.103,6.578,0.0578813,0.0362059
3229,RL,6,Light Heavy,-0.00250769,Low,0,Low,0,3.24298,719.908,6.58051,0.0575425,0.0362023
3230,RL,6,Light Heavy,-0.00786638,Low,0,Low,0,3.26676,725.601,6.58838,0.0579205,0.0361987
3231,RL,6,Light Heavy,0.00934601,Low,0,Low,0,3.23739,718.842,6.57903,0.0575371,0.0361951
3232,RL,6,Light Heavy,0.00244713,Low,0,Low,0,3.22825,717.083,6.57658,0.0577338,0.0361915
3233,RL,6,Light Heavy,-0.00651503,Low,0,Low,0,3.25269,721.776,6.5831,0.0578575,0.0361878
3234,RL,6,Light Heavy,-0.000392914,Low,0,Low,0,3.25279,722.06,6.58349,0.057856,0.0361842
3235,RL,6,Light Heavy,0.00385284,Low,0,Low,0,3.2381,719.28,6.57964,0.0576608,0.0361806
3236,RL,6,Light Heavy,-0.00225687,Low,0,Low,0,3.24572,720.907,6.5819,0.0574572,0.036177
3237,RL,6,Light Heavy,0.00668097,Low,0,Low,0,3.2289,716.101,6.57522,0.0575294,0.0361734
3238,RL,6,Light Heavy,-0.00775337,Low,0,Low,0,3.25869,721.682,6.58297,0.0578714,0.0361697
3239,RL,6,Light Heavy,0.0113525,Low,0,Low,0,3.21597,713.524,6.57162,0.0577146,0.0361661
3240,RL,6,Light Heavy,-0.00907278,Low,0,Low,0,3.24872,720.036,6.58069,0.0579382,0.0361625
3241,RL,6,Light Heavy,0.00268507,Low,0,Low,0,3.23543,718.103,6.578,0.0574126,0.0361589
3242,RL,6,Light Heavy,-6.82E-05,Low,0,Low,0,3.23494,718.152,6.57807,0.0575724,0.0361553
3243,RL,6,Light Heavy,0.00114393,Low,0,Low,0,3.23222,717.33,6.57693,0.0578667,0.0361517
3244,RL,6,Light Heavy,-0.00829077,Low,0,Low,0,3.25983,723.31,6.58522,0.0577084,0.0361481
3245,RL,6,Light Heavy,0.00598717,Low,0,Low,0,3.24018,718.986,6.57923,0.0576946,0.0361444
3246,RL,6,Light Heavy,-0.00508308,Low,0,Low,0,3.25555,722.655,6.58432,0.0576424,0.0361408
3247,RL,6,Light Heavy,0.00874996,Low,0,Low,0,3.22842,716.351,6.57557,0.0579136,0.0361372
3248,RL,6,Light Heavy,-0.00526333,Low,0,Low,0,3.24539,720.137,6.58083,0.0577423,0.0361336
3249,RL,6,Light Heavy,-0.00477266,Low,0,Low,0,3.25678,723.586,6.5856,0.0578191,0.03613
3250,RL,6,Light Heavy,0.000648499,Low,0,Low,0,3.25429,723.117,6.58495,0.0576869,0.0361264
3251,RL,6,Light Heavy,0.00405407,Low,0,Low,0,3.24173,720.187,6.5809,0.0578445,0.0361228
3252,RL,6,Light Heavy,-0.00516415,Low,0,Low,0,3.25601,723.921,6.58606,0.0578199,0.0361191
3253,RL,6,Light Heavy,0.000782013,Low,0,Low,0,3.25458,723.354,6.58528,0.0579935,0.0361155
3254,RL,6,Light Heavy,-0.00449324,Low,0,Low,0,3.26892,726.617,6.58977,0.0573818,0.0361119
3255,RL,6,Light Heavy,0.01052,Low,0,Low,0,3.24218,719.002,6.57925,0.0577223,0.0361083
3256,RL,6,Light Heavy,-0.000389576,Low,0,Low,0,3.24219,719.283,6.57964,0.0576239,0.0361047
3257,RL,6,Light Heavy,-0.0041585,Low,0,Low,0,3.25506,722.284,6.5838,0.0576839,0.0361011
3258,RL,6,Light Heavy,0.00859833,Low,0,Low,0,3.22802,716.092,6.5752,0.0578007,0.0360975
3259,RL,6,Light Heavy,-0.00174475,Low,0,Low,0,3.23041,717.344,6.57695,0.0575209,0.0360939
3260,RL,6,Light Heavy,0.00114107,Low,0,Low,0,3.22743,716.525,6.57581,0.0575939,0.0360903
3261,RL,6,Light Heavy,-0.00210524,Low,0,Low,0,3.23779,718.037,6.57791,0.0577845,0.0360867
3262,RL,6,Light Heavy,-0.0057497,Low,0,Low,0,3.2555,722.183,6.58366,0.057793,0.036083
3263,RL,6,Light Heavy,0.00196362,Low,0,Low,0,3.24592,720.765,6.5817,0.0575932,0.0360794
3264,RL,6,Light Heavy,0.00183153,Low,0,Low,0,3.23791,719.444,6.57987,0.0574648,0.0360758
3265,RL,6,Light Heavy,-0.00339079,Low,0,Low,0,3.24636,721.891,6.58326,0.0576616,0.0360722
3266,RL,6,Light Heavy,0.00528669,Low,0,Low,0,3.24146,718.079,6.57797,0.0579974,0.0360686
3267,RL,6,Light Heavy,-0.00583029,Low,0,Low,0,3.25468,722.284,6.5838,0.0579336,0.036065
3268,RL,6,Light Heavy,0.00507116,Low,0,Low,0,3.23744,718.625,6.57873,0.0579113,0.0360614
3269,RL,6,Light Heavy,-0.00387669,Low,0,Low,0,3.24515,721.42,6.58261,0.0574956,0.0360578
3270,RL,6,Light Heavy,0.00149012,Low,0,Low,0,3.24619,720.345,6.58112,0.0579897,0.0360542
3271,RL,6,Light Heavy,-0.000224113,Low,0,Low,0,3.24374,720.506,6.58134,0.057657,0.0360506
3272,RL,6,Light Heavy,-0.00194979,Low,0,Low,0,3.24927,721.915,6.58329,0.0575963,0.036047
3273,RL,6,Light Heavy,-0.00262213,Low,0,Low,0,3.25988,723.813,6.58591,0.0581749,0.0360434
3274,RL,6,Light Heavy,0.000653744,Low,0,Low,0,3.25774,723.339,6.58526,0.0575816,0.0360398
3275,RL,6,Light Heavy,0.00587749,Low,0,Low,0,3.23684,719.094,6.57938,0.0576093,0.0360362
3276,RL,6,Light Heavy,0.00777817,Low,0,Low,0,3.21654,713.515,6.5716,0.0580496,0.0360326
3277,RL,6,Light Heavy,-0.00630379,Low,0,Low,0,3.23065,718.033,6.57791,0.057617,0.036029
3278,RL,6,Light Heavy,-0.00609541,Low,0,Low,0,3.25423,722.429,6.584,0.057753,0.0360254
3279,RL,6,Light Heavy,0.00770569,Low,0,Low,0,3.22707,716.876,6.5763,0.0576938,0.0360218
3280,RL,6,Light Heavy,-0.00809526,Low,0,Low,0,3.25313,722.711,6.58439,0.0576716,0.0360182
3281,RL,6,Light Heavy,0.00914764,Low,0,Low,0,3.22284,716.121,6.57524,0.0575778,0.0360146
3282,RL,6,Light Heavy,-0.00195312,Low,0,Low,0,3.23016,717.523,6.5772,0.0576062,0.0360109
3283,RL,6,Light Heavy,-0.00357962,Low,0,Low,0,3.24256,720.1,6.58078,0.0577953,0.0360073
3284,RL,6,Light Heavy,-0.00726461,Low,0,Low,0,3.2652,725.357,6.58804,0.0578568,0.0360037
3285,RL,6,Light Heavy,0.0117097,Low,0,Low,0,3.22978,716.902,6.57633,0.0575647,0.0360001
3286,RL,6,Light Heavy,-0.00155163,Low,0,Low,0,3.23697,718.017,6.57788,0.0577061,0.0359965
3287,RL,6,Light Heavy,-0.00544691,Low,0,Low,0,3.24966,721.944,6.58333,0.0579613,0.0359929
3288,RL,6,Light Heavy,0.00881529,Low,0,Low,0,3.22115,715.599,6.57452,0.0575955,0.0359893
3289,RL,6,Light Heavy,-0.0102253,Low,0,Low,0,3.25587,722.964,6.58474,0.0579782,0.0359857
3290,RL,6,Light Heavy,0.00201702,Low,0,Low,0,3.24516,721.505,6.58272,0.0576001,0.0359822
3291,RL,6,Light Heavy,0.00733757,Low,0,Low,0,3.2289,716.223,6.57539,0.0577753,0.0359786
3292,RL,6,Light Heavy,-0.00564384,Low,0,Low,0,3.24563,720.282,6.58103,0.0574272,0.035975
3293,RL,6,Light Heavy,0.00365782,Low,0,Low,0,3.23439,717.649,6.57737,0.0579036,0.0359714
3294,RL,6,Light Heavy,-0.00380325,Low,0,Low,0,3.24653,720.387,6.58118,0.0575939,0.0359678
3295,RL,6,Light Heavy,0.00340414,Low,0,Low,0,3.23361,717.935,6.57777,0.0574679,0.0359642
3296,RL,6,Light Heavy,0.00179243,Low,0,Low,0,3.23032,716.648,6.57598,0.0577453,0.0359606
3297,RL,6,Light Heavy,-0.00763941,Low,0,Low,0,3.25051,722.152,6.58362,0.0574403,0.035957
3298,RL,6,Light Heavy,0.00967932,Low,0,Low,0,3.22292,715.186,6.57394,0.0573619,0.0359534
3299,RL,6,Light Heavy,-0.000788212,Low,0,Low,0,3.22787,715.75,6.57473,0.0576547,0.0359498
3300,RL,6,Light Heavy,0.000192642,Low,0,Low,0,3.22384,715.612,6.57453,0.0573088,0.0359462
3301,RL,6,Light Heavy,-0.00641155,Low,0,Low,0,3.24375,720.222,6.58095,0.0575386,0.0359426
3302,RL,6,Light Heavy,-0.00316143,Low,0,Low,0,3.25248,722.505,6.58411,0.0579398,0.035939
3303,RL,6,Light Heavy,0.00350475,Low,0,Low,0,3.2418,719.974,6.5806,0.0577692,0.0359354
3304,RL,6,Light Heavy,-0.00314236,Low,0,Low,0,3.25471,722.243,6.58375,0.057889,0.0359318
3305,RL,6,Light Heavy,0.0032258,Low,0,Low,0,3.24291,719.914,6.58052,0.0577138,0.0359282
3306,RL,6,Light Heavy,-0.00425625,Low,0,Low,0,3.26086,722.989,6.58478,0.0578368,0.0359246
3307,RL,6,Light Heavy,0.00606394,Low,0,Low,0,3.23933,718.612,6.57871,0.0577453,0.035921
3308,RL,6,Light Heavy,0.00247145,Low,0,Low,0,3.22863,716.835,6.57624,0.0574818,0.0359174
3309,RL,6,Light Heavy,-0.00546741,Low,0,Low,0,3.24194,720.771,6.58171,0.0577522,0.0359139
3310,RL,6,Light Heavy,0.00315094,Low,0,Low,0,3.23611,718.5,6.57856,0.0577192,0.0359103
3311,RL,6,Light Heavy,-0.00146818,Low,0,Low,0,3.24189,719.557,6.58003,0.0575939,0.0359067
3312,RL,6,Light Heavy,0.00415277,Low,0,Low,0,3.22549,716.571,6.57587,0.0576439,0.0359031
3313,RL,6,Light Heavy,0.00447989,Low,0,Low,0,3.20911,713.364,6.57139,0.0574287,0.0358995
3314,RL,6,Light Heavy,-0.00459671,Low,0,Low,0,3.22807,716.655,6.57599,0.0578583,0.0358959
3315,RL,6,Light Heavy,-0.00214005,Low,0,Low,0,3.23696,718.193,6.57813,0.057554,0.0358923
3316,RL,6,Light Heavy,-0.000256538,Low,0,Low,0,3.23649,718.377,6.57839,0.0577392,0.0358887
3317,RL,6,Light Heavy,0.00563335,Low,0,Low,0,3.21628,714.336,6.57275,0.0575109,0.0358851
3318,RL,6,Light Heavy,-0.0127921,Low,0,Low,0,3.25656,723.545,6.58554,0.0575947,0.0358815
3319,RL,6,Light Heavy,0.00639057,Low,0,Low,0,3.23752,718.93,6.57915,0.0575286,0.035878
3320,RL,6,Light Heavy,-0.0018487,Low,0,Low,0,3.24662,720.262,6.581,0.0576562,0.0358744
3321,RL,6,Light Heavy,-0.0081563,Low,0,Low,0,3.27006,726.169,6.58916,0.0577453,0.0358708
3322,RL,6,Light Heavy,-0.000654697,Low,0,Low,0,3.26923,726.645,6.58981,0.0576278,0.0358672
3323,RL,6,Light Heavy,0.00516224,Low,0,Low,0,3.25369,722.899,6.58465,0.0582617,0.0358636
3324,RL,6,Light Heavy,0.00649261,Low,0,Low,0,3.23575,718.214,6.57816,0.057886,0.03586
3325,RL,6,Light Heavy,-0.00371313,Low,0,Low,0,3.24712,720.889,6.58187,0.0576109,0.0358564
3326,RL,6,Light Heavy,0.00621319,Low,0,Low,0,3.23104,716.418,6.57566,0.0577976,0.0358528
3327,RL,6,Light Heavy,-0.015161,Low,0,Low,0,3.27535,727.378,6.59082,0.0579843,0.0358493
3328,RL,6,BSDF Heavy,-0.00126457,Low,0,Low,0,3.27427,728.3,6.59208,0.0578921,0.0358457
3329,RL,6,BSDF Heavy,0.0187731,Low,0,Low,0,3.23081,714.736,6.57331,0.0656651,0.0358421
3330,RL,6,BSDF Heavy,-0.0115399,Low,0,Low,0,3.26077,723.043,6.58485,0.0657151,0.0358385
3331,RL,6,BSDF Heavy,0.0007267,Low,0,Low,0,3.2564,722.517,6.58412,0.0658434,0.0358349
3332,RL,6,BSDF Heavy,0.0021348,Low,0,Low,0,3.25604,720.974,6.58199,0.0657412,0.0358313
3333,RL,6,BSDF Heavy,0.00326443,Low,0,Low,0,3.2471,718.621,6.57873,0.0659848,0.0358278
3334,RL,6,BSDF Heavy,-0.00315762,Low,0,Low,0,3.25301,720.897,6.58188,0.0655829,0.0358242
3335,RL,6,BSDF Heavy,0.00290442,Low,0,Low,0,3.2491,718.804,6.57898,0.0655452,0.0358206
3336,RL,6,BSDF Heavy,-0.00115871,Low,0,Low,0,3.2551,719.638,6.58014,0.0660317,0.035817
3337,RL,6,BSDF Heavy,-0.0137525,Low,0,Low,0,3.29649,729.617,6.59389,0.0660662,0.0358134
3338,RL,6,BSDF Heavy,0.0107431,Low,0,Low,0,3.26202,721.81,6.58315,0.0658142,0.0358099
3339,RL,6,BSDF Heavy,-0.00753021,Low,0,Low,0,3.28367,727.273,6.59068,0.0659325,0.0358063
3340,RL,6,BSDF Heavy,0.0081768,Low,0,Low,0,3.25739,721.343,6.5825,0.0659394,0.0358027
3341,RL,6,BSDF Heavy,0.00389099,Low,0,Low,0,3.2417,718.538,6.57861,0.0657865,0.0357991
3342,RL,6,BSDF Heavy,0.00121832,Low,0,Low,0,3.24134,717.662,6.57739,0.0656705,0.0357955
3343,RL,6,BSDF Heavy,-0.00363493,Low,0,Low,0,3.25384,720.279,6.58103,0.0660386,0.035792
3344,RL,6,BSDF Heavy,-0.000600338,Low,0,Low,0,3.25423,720.712,6.58163,0.0657504,0.0357884
3345,RL,6,BSDF Heavy,0.0043087,Low,0,Low,0,3.24687,717.609,6.57732,0.0661923,0.0357848
3346,RL,6,BSDF Heavy,-0.00756121,Low,0,Low,0,3.2688,723.063,6.58488,0.0660071,0.0357812
3347,RL,6,BSDF Heavy,0.00528049,Low,0,Low,0,3.25022,719.25,6.5796,0.0657896,0.0357776
3348,RL,6,BSDF Heavy,0.000473499,Low,0,Low,0,3.24388,718.909,6.57912,0.0662253,0.0357741
3349,RL,6,BSDF Heavy,-0.0102301,Low,0,Low,0,3.27911,726.311,6.58935,0.0658518,0.0357705
3350,RL,6,BSDF Heavy,0.00823498,Low,0,Low,0,3.2522,720.346,6.58112,0.0657965,0.0357669
3351,RL,6,BSDF Heavy,0.00984621,Low,0,Low,0,3.22234,713.279,6.57127,0.0656428,0.0357633
3352,RL,6,BSDF Heavy,-0.0143166,Low,0,Low,0,3.2684,723.578,6.58559,0.0658949,0.0357598
3353,RL,6,BSDF Heavy,0.0103989,Low,0,Low,0,3.23608,716.082,6.57519,0.0657719,0.0357562
3354,RL,6,BSDF Heavy,-0.011035,Low,0,Low,0,3.26722,724.039,6.58623,0.0655621,0.0357526
3355,RL,6,BSDF Heavy,0.00941086,Low,0,Low,0,3.23762,717.248,6.57682,0.0658564,0.035749
3356,RL,6,BSDF Heavy,-0.00950003,Low,0,Low,0,3.26654,724.104,6.58632,0.0658173,0.0357455
3357,RL,6,BSDF Heavy,0.00332022,Low,0,Low,0,3.26608,721.701,6.58299,0.0658503,0.0357419
3358,RL,6,BSDF Heavy,-0.00533819,Low,0,Low,0,3.27697,725.569,6.58833,0.0657927,0.0357383
3359,RL,6,BSDF Heavy,0.00317049,Low,0,Low,0,3.26379,723.269,6.58516,0.0660109,0.0357347
3360,RL,6,Light Heavy,0.00833702,Low,0,Low,0,3.23913,717.256,6.57683,0.0657112,0.0357312
3361,RL,6,Light Heavy,-0.00748777,Low,0,Low,0,3.24989,722.654,6.58431,0.0577346,0.0357276
3362,RL,6,Light Heavy,-0.00221777,Low,0,Low,0,3.26026,724.261,6.58653,0.0577853,0.035724
3363,RL,6,Light Heavy,0.0170255,Low,0,Low,0,3.20759,712.017,6.56951,0.057441,0.0357204
3364,RL,6,Light Heavy,-0.0126119,Low,0,Low,0,3.24602,721.067,6.58212,0.0579382,0.0357169
3365,RL,6,Light Heavy,0.0020957,Low,0,Low,0,3.2439,719.555,6.58002,0.0577876,0.0357133
3366,RL,6,Light Heavy,0.000200748,Low,0,Low,0,3.23991,719.41,6.57982,0.0576792,0.0357097
3367,RL,6,Light Heavy,-0.000120163,Low,0,Low,0,3.23932,719.497,6.57994,0.0575186,0.0357062
3368,RL,6,Light Heavy,0.00154591,Low,0,Low,0,3.23493,718.384,6.5784,0.0577776,0.0357026
3369,RL,6,Light Heavy,0.00232315,Low,0,Low,0,3.23353,716.715,6.57607,0.0579421,0.035699
3370,RL,6,Light Heavy,-0.00232697,Low,0,Low,0,3.23026,718.387,6.5784,0.0574933,0.0356954
3371,RL,6,Light Heavy,-0.000225544,Low,0,Low,0,3.23937,718.549,6.57862,0.0577753,0.0356919
3372,RL,6,Light Heavy,-0.00454617,Low,0,Low,0,3.25164,721.828,6.58317,0.0579313,0.0356883
3373,RL,6,Light Heavy,0.00567913,Low,0,Low,0,3.23268,717.734,6.57749,0.0577745,0.0356847
3374,RL,6,Light Heavy,-0.000545502,Low,0,Low,0,3.23029,718.126,6.57804,0.057355,0.0356812
3375,RL,6,Light Heavy,0.00844193,Low,0,Low,0,3.20655,712.081,6.5696,0.0575578,0.0356776
3376,RL,6,Light Heavy,-0.00741386,Low,0,Low,0,3.23323,717.387,6.57701,0.0577499,0.035674
3377,RL,6,Light Heavy,-0.00145674,Low,0,Low,0,3.23843,718.435,6.57847,0.0578936,0.0356705
3378,RL,6,Light Heavy,0.000357628,Low,0,Low,0,3.2331,718.177,6.57811,0.0576531,0.0356669
3379,RL,6,Light Heavy,0.000396729,Low,0,Low,0,3.23114,717.892,6.57771,0.0576854,0.0356633
3380,RL,6,Light Heavy,0.00452423,Low,0,Low,0,3.21448,714.647,6.57319,0.0573649,0.0356598
3381,RL,6,Light Heavy,-0.00596857,Low,0,Low,0,3.23787,718.931,6.57916,0.0575363,0.0356562
3382,RL,6,Light Heavy,0.00383282,Low,0,Low,0,3.22321,716.177,6.57532,0.0577569,0.0356526
3383,RL,6,Light Heavy,-0.00619984,Low,0,Low,0,3.2432,720.638,6.58152,0.0579559,0.0356491
3384,RL,6,Light Heavy,0.0105815,Low,0,Low,0,3.21354,713.042,6.57094,0.0574864,0.0356455
3385,RL,6,Light Heavy,-0.00632763,Low,0,Low,0,3.22962,717.574,6.57727,0.0575939,0.0356419
3386,RL,6,Light Heavy,-0.00610638,Low,0,Low,0,3.25115,721.976,6.58338,0.057969,0.0356384
3387,RL,6,Light Heavy,0.00856447,Low,0,Low,0,3.22183,715.81,6.57481,0.0572151,0.0356348
3388,RL,6,Light Heavy,-0.0167017,Low,0,Low,0,3.27499,727.883,6.59151,0.0579797,0.0356313
3389,RL,6,Light Heavy,0.0158477,Low,0,Low,0,3.22631,716.422,6.57566,0.0578122,0.0356277
3390,RL,6,Light Heavy,-0.00955105,Low,0,Low,0,3.25617,723.307,6.58522,0.0579513,0.0356241
3391,RL,6,Light Heavy,0.00461292,Low,0,Low,0,3.24159,719.974,6.5806,0.0575986,0.0356206
3392,RL,6,Light Heavy,-0.00191832,Low,0,Low,0,3.25041,721.358,6.58252,0.0579159,0.035617
3393,RL,6,Light Heavy,0.00774574,Low,0,Low,0,3.22414,715.785,6.57478,0.0575978,0.0356134
3394,RL,6,Light Heavy,-0.00428343,Low,0,Low,0,3.23819,718.862,6.57906,0.0574764,0.0356099
3395,RL,6,Light Heavy,-0.00750065,Low,0,Low,0,3.25882,724.281,6.58656,0.0580012,0.0356063
3396,RL,6,Light Heavy,0.00333261,Low,0,Low,0,3.25151,721.868,6.58323,0.0576208,0.0356028
3397,RL,6,Light Heavy,0.00316143,Low,0,Low,0,3.24194,719.587,6.58007,0.0576608,0.0355992
3398,RL,6,Light Heavy,-0.00430775,Low,0,Low,0,3.25678,722.697,6.58437,0.0576877,0.0355956
3399,RL,6,Light Heavy,0.00764322,Low,0,Low,0,3.23558,717.187,6.57673,0.0576147,0.0355921
3400,RL,6,Light Heavy,-0.00277615,Low,0,Low,0,3.23979,719.184,6.57951,0.0575724,0.0355885
3401,RL,6,Light Heavy,0.00186825,Low,0,Low,0,3.23038,717.839,6.57764,0.0578721,0.035585
3402,RL,6,Light Heavy,0.00388002,Low,0,Low,0,3.22235,715.056,6.57376,0.0579313,0.0355814
3403,RL,6,Light Heavy,-0.0072422,Low,0,Low,0,3.24372,720.261,6.581,0.0574456,0.0355778
3404,RL,6,Light Heavy,0.000104904,Low,0,Low,0,3.24312,720.185,6.5809,0.0574933,0.0355743
3405,RL,6,Light Heavy,-0.00171375,Low,0,Low,0,3.2502,721.422,6.58261,0.0576032,0.0355707
3406,RL,6,Light Heavy,0.00343895,Low,0,Low,0,3.23377,718.942,6.57917,0.0576009,0.0355672
3407,RL,6,Light Heavy,-0.00345421,Low,0,Low,0,3.24769,721.433,6.58262,0.0575133,0.0355636
3408,RL,6,Balanced,-0.00996494,Low,0,Low,0,3.27902,728.668,6.59259,0.0580458,0.0355601
3409,RL,6,Balanced,0.0186462,Low,0,Low,0,3.22857,715.188,6.57394,0.0626558,0.0355565
3410,RL,6,Balanced,0.00327587,Low,0,Low,0,3.22028,712.846,6.57067,0.0626858,0.0355529
3411,RL,6,Balanced,-0.00965691,Low,0,Low,0,3.25053,719.773,6.58032,0.0626466,0.0355494
3412,RL,6,Balanced,0.00540781,Low,0,Low,0,3.23348,715.886,6.57492,0.0628833,0.0355458
3413,RL,6,Balanced,-0.00133324,Low,0,Low,0,3.23269,716.842,6.57625,0.0625682,0.0355423
3414,RL,6,Balanced,-0.00582409,Low,0,Low,0,3.25288,721.035,6.58207,0.0628349,0.0355387
3415,RL,6,Balanced,0.00335121,Low,0,Low,0,3.24173,718.619,6.57872,0.0628764,0.0355352
3416,RL,6,Balanced,-0.00772095,Low,0,Low,0,3.26669,724.197,6.58644,0.0629363,0.0355316
3417,RL,6,Balanced,0.00188446,Low,0,Low,0,3.26108,722.832,6.58456,0.0625044,0.0355281
3418,RL,6,Balanced,0.00131798,Low,0,Low,0,3.26172,721.878,6.58324,0.0627219,0.0355245
3419,RL,6,Balanced,0.00424433,Low,0,Low,0,3.24568,718.817,6.579,0.062977,0.035521
3420,RL,6,Balanced,0.00881863,Low,0,Low,0,3.2193,712.497,6.57018,0.0628349,0.0355174
3421,RL,6,Balanced,-0.00741053,Low,0,Low,0,3.23922,717.804,6.57759,0.0624368,0.0355139
3422,RL,6,Balanced,-0.000281811,Low,0,Low,0,3.23791,718.007,6.57787,0.0625136,0.0355103
3423,RL,6,Balanced,-0.00425434,Low,0,Low,0,3.25418,721.072,6.58212,0.0629332,0.0355068
3424,RL,6,Balanced,-0.00596428,Low,0,Low,0,3.269,725.391,6.58809,0.0626035,0.0355032
3425,RL,6,Balanced,0.00415754,Low,0,Low,0,3.25529,722.378,6.58393,0.0626689,0.0354997
3426,RL,6,Balanced,-0.000236511,Low,0,Low,0,3.25796,722.549,6.58417,0.0629301,0.0354961
3427,RL,6,Balanced,0.0103922,Low,0,Low,0,3.22468,715.068,6.57378,0.0624522,0.0354926
3428,RL,6,Balanced,-0.00764561,Low,0,Low,0,3.25029,720.564,6.58142,0.0629248,0.035489
3429,RL,6,Balanced,-0.0146418,Low,0,Low,0,3.29713,731.207,6.59606,0.0626243,0.0354855
3430,RL,6,Balanced,0.0217719,Low,0,Low,0,3.22633,715.438,6.57429,0.0625129,0.0354819
3431,RL,6,Balanced,-0.00704384,Low,0,Low,0,3.24874,720.502,6.58134,0.0625774,0.0354784
3432,RL,6,Balanced,-0.00117016,Low,0,Low,0,3.24998,721.347,6.58251,0.0627496,0.0354748
3433,RL,6,Balanced,-0.00603151,Low,0,Low,0,3.273,725.717,6.58854,0.0626358,0.0354713
3434,RL,6,Balanced,0.00408602,Low,0,Low,0,3.26082,722.753,6.58445,0.0626012,0.0354677
3435,RL,6,Balanced,-0.00606298,Low,0,Low,0,3.27954,727.155,6.59051,0.0628871,0.0354642
3436,RL,6,Balanced,0.012939,Low,0,Low,0,3.23712,717.794,6.57757,0.062423,0.0354606
3437,RL,6,Balanced,0.00461531,Low,0,Low,0,3.22558,714.484,6.57296,0.0626497,0.0354571
3438,RL,6,Balanced,-0.0121694,Low,0,Low,0,3.26278,723.244,6.58513,0.0628725,0.0354535
3439,RL,6,Balanced,0.00904894,Low,0,Low,0,3.22731,716.72,6.57608,0.0623615,0.03545
3440,RL,6,Balanced,-0.00222111,Low,0,Low,0,3.24041,718.316,6.5783,0.0627273,0.0354464
3441,RL,6,Balanced,-0.00440311,Low,0,Low,0,3.24702,721.49,6.5827,0.0625521,0.0354429
3442,RL,6,Balanced,-0.0082016,Low,0,Low,0,3.28444,727.44,6.59091,0.0627742,0.0354394
3443,RL,6,Balanced,0.012042,Low,0,Low,0,3.23947,718.721,6.57886,0.0624468,0.0354358
3444,RL,6,Balanced,-0.00524664,Low,0,Low,0,3.25501,722.507,6.58411,0.0625544,0.0354323
3445,RL,6,Balanced,0.00772381,Low,0,Low,0,3.23646,716.94,6.57639,0.0627442,0.0354287
3446,RL,6,Balanced,0.00256443,Low,0,Low,0,3.23101,715.102,6.57382,0.062801,0.0354252
3447,RL,6,Balanced,0.00402498,Low,0,Low,0,3.21323,712.225,6.5698,0.0624522,0.0354216
3448,RL,6,Balanced,-0.00963068,Low,0,Low,0,3.24422,719.127,6.57943,0.0627342,0.0354181
3449,RL,6,Balanced,0.0017848,Low,0,Low,0,3.2365,717.843,6.57764,0.0626666,0.0354146
3450,RL,6,Balanced,-0.000980377,Low,0,Low,0,3.24016,718.548,6.57862,0.0625183,0.035411
3451,RL,6,Balanced,-0.00425816,Low,0,Low,0,3.25054,721.618,6.58288,0.062808,0.0354075
3452,RL,6,Balanced,-0.00197554,Low,0,Low,0,3.25828,723.048,6.58486,0.0626258,0.0354039
3453,RL,6,Balanced,0.011579,Low,0,Low,0,3.23089,714.712,6.57328,0.0629732,0.0354004
3454,RL,6,Balanced,-0.00723171,Low,0,Low,0,3.24449,719.907,6.58051,0.0625098,0.0353969
3455,RL,6,Balanced,-0.00335312,Low,0,Low,0,3.25845,722.328,6.58386,0.0627718,0.0353933
3456,RL,6,Balanced,0.0114088,Low,0,Low,0,3.2241,714.123,6.57245,0.0625029,0.0353898
3457,RL,6,Balanced,-0.00841475,Low,0,Low,0,3.24688,720.166,6.58087,0.0630562,0.0353862
3458,RL,6,Balanced,-0.00501871,Low,0,Low,0,3.26376,723.794,6.58589,0.0626704,0.0353827
3459,RL,6,Balanced,0.00867748,Low,0,Low,0,3.23627,717.532,6.57721,0.0627788,0.0353792
3460,RL,6,Balanced,-0.00452614,Low,0,Low,0,3.25325,720.792,6.58174,0.0625797,0.0353756
3461,RL,6,Balanced,0.0109234,Low,0,Low,0,3.21728,712.95,6.57081,0.0625183,0.0353721
3462,RL,6,Balanced,-0.00594902,Low,0,Low,0,3.23186,717.21,6.57676,0.062423,0.0353686
3463,RL,6,Balanced,-0.0122747,Low,0,Low,0,3.28047,726.08,6.58904,0.0631392,0.035365
3464,RL,6,Balanced,0.0125885,Low,0,Low,0,3.236,716.984,6.57645,0.0627626,0.0353615
3465,RL,6,Balanced,0.000413895,Low,0,Low,0,3.23598,716.687,6.57603,0.0626497,0.0353579
3466,RL,6,Balanced,2.6226e-05,Low,0,Low,0,3.23562,716.669,6.57601,0.0627204,0.0353544
3467,RL,6,Balanced,-0.00557423,Low,0,Low,0,3.25466,720.68,6.58158,0.0629816,0.0353509
3468,RL,6,Balanced,0.00768137,Low,0,Low,0,3.22623,715.158,6.5739,0.0625636,0.0353473
3469,RL,6,Balanced,-0.00335312,Low,0,Low,0,3.23604,717.563,6.57725,0.0630354,0.0353438
3470,RL,6,Balanced,-0.00357437,Low,0,Low,0,3.24634,720.136,6.58083,0.0628387,0.0353403
3471,RL,6,Balanced,0.00112057,Low,0,Low,0,3.24426,719.329,6.57971,0.0624852,0.0353367
3472,RL,6,Balanced,-0.000398636,Low,0,Low,0,3.24514,719.616,6.58011,0.062602,0.0353332
3473,RL,6,Balanced,0.00286484,Low,0,Low,0,3.2375,717.555,6.57724,0.0625767,0.0353297
3474,RL,6,Balanced,-0.0063858,Low,0,Low,0,3.25666,722.157,6.58363,0.0628856,0.0353261
3475,RL,6,Balanced,0.00202417,Low,0,Low,0,3.25166,720.695,6.5816,0.0626573,0.0353226
3476,RL,6,Balanced,0.00337172,Low,0,Low,0,3.24169,718.266,6.57823,0.0625344,0.0353191
3477,RL,6,Balanced,0.00033617,Low,0,Low,0,3.24203,718.024,6.5779,0.0626689,0.0353155
3478,RL,6,Balanced,-0.00358009,Low,0,Low,0,3.2496,720.603,6.58148,0.0627096,0.035312
3479,RL,6,Balanced,0.00267029,Low,0,Low,0,3.24287,718.679,6.5788,0.0628149,0.0353085
3480,RL,6,Balanced,-0.00407076,Low,0,Low,0,3.25544,721.615,6.58288,0.0628633,0.0353049
3481,RL,6,Balanced,-0.00102282,Low,0,Low,0,3.25737,722.354,6.5839,0.062881,0.0353014
3482,RL,6,Balanced,-6.01E-05,Low,0,Low,0,3.25983,722.397,6.58396,0.0629332,0.0352979
3483,RL,6,Balanced,0.0104814,Low,0,Low,0,3.22578,714.855,6.57348,0.0625982,0.0352944
3484,RL,6,Balanced,-3.00E-05,Low,0,Low,0,3.22863,714.876,6.57351,0.0627718,0.0352908
3485,RL,6,Balanced,-0.00259829,Low,0,Low,0,3.23388,716.739,6.57611,0.0627826,0.0352873
3486,RL,6,Balanced,0.000596523,Low,0,Low,0,3.23401,716.311,6.57551,0.0627288,0.0352838
3487,RL,6,Balanced,-0.0118761,Low,0,Low,0,3.27005,724.88,6.58739,0.0626904,0.0352802
3488,RL,6,Balanced,0.00948,Low,0,Low,0,3.24173,718.032,6.57791,0.0625313,0.0352767
3489,RL,6,Balanced,-0.00477505,Low,0,Low,0,3.2583,721.473,6.58268,0.062592,0.0352732
3490,RL,6,Balanced,0.00595808,Low,0,Low,0,3.23384,717.182,6.57672,0.0622324,0.0352697
3491,RL,6,Balanced,0.000816822,Low,0,Low,0,3.23705,716.595,6.57591,0.0628172,0.0352661
3492,RL,6,Balanced,-0.00369453,Low,0,Low,0,3.24291,719.251,6.5796,0.0623945,0.0352626
3493,RL,6,Balanced,-0.0102315,Low,0,Low,0,3.27716,726.658,6.58983,0.0627503,0.0352591
3494,RL,6,Balanced,0.00237179,Low,0,Low,0,3.26767,724.934,6.58746,0.062891,0.0352556
3495,RL,6,Balanced,0.00293875,Low,0,Low,0,3.26091,722.804,6.58452,0.0626581,0.035252
3496,RL,6,Balanced,0.00739861,Low,0,Low,0,3.23725,717.469,6.57712,0.0625544,0.0352485
3497,RL,6,Balanced,-0.00695181,Low,0,Low,0,3.25584,722.481,6.58407,0.0627204,0.035245
3498,RL,6,Balanced,0.00896788,Low,0,Low,0,3.22722,716.022,6.57511,0.0623845,0.0352415
3499,RL,6,Balanced,-0.0109754,Low,0,Low,0,3.26005,723.935,6.58608,0.0624714,0.0352379
3500,RL,6,Balanced,-0.00466919,Low,0,Low,0,3.27838,727.328,6.59075,0.0626766,0.0352344
3501,RL,6,Balanced,0.00611877,Low,0,Low,0,3.25907,722.885,6.58463,0.0630562,0.0352309
3502,RL,6,Balanced,0.00931692,Low,0,Low,0,3.232,716.171,6.57531,0.0625129,0.0352274
3503,RL,6,Balanced,-0.00359726,Low,0,Low,0,3.24265,718.756,6.57891,0.0627204,0.0352238
3504,RL,6,Balanced,-0.000687599,Low,0,Low,0,3.24909,719.251,6.5796,0.0628356,0.0352203
3505,RL,6,Balanced,-0.00184727,Low,0,Low,0,3.25265,720.583,6.58145,0.062579,0.0352168
3506,RL,6,Balanced,0.0119424,Low,0,Low,0,3.21291,712.017,6.5695,0.0625774,0.0352133
3507,RL,6,Balanced,-0.0072093,Low,0,Low,0,3.23729,717.176,6.57671,0.062695,0.0352097
3508,RL,6,Balanced,-0.0166879,Low,0,Low,0,3.2889,729.261,6.5934,0.0629009,0.0352062
3509,RL,6,Balanced,0.0104847,Low,0,Low,0,3.25478,721.644,6.58292,0.0626089,0.0352027
3510,RL,6,Balanced,0.00912619,Low,0,Low,0,3.22947,715.079,6.57379,0.0625874,0.0351992
3511,RL,6,Balanced,-0.00871515,Low,0,Low,0,3.25456,721.348,6.58251,0.0629955,0.0351957
3512,RL,6,Balanced,-0.009552,Low,0,Low,0,3.2857,728.28,6.59206,0.0626243,0.0351922
3513,RL,6,Balanced,0.0161076,Low,0,Low,0,3.23637,716.628,6.57595,0.0627411,0.0351886
3514,RL,6,Balanced,-0.00548935,Low,0,Low,0,3.24746,720.578,6.58144,0.0626689,0.0351851
3515,RL,6,Balanced,-0.00571299,Low,0,Low,0,3.26372,724.712,6.58715,0.0625705,0.0351816
3516,RL,6,Balanced,-0.000306606,Low,0,Low,0,3.26978,724.934,6.58746,0.0625897,0.0351781
3517,RL,6,Balanced,0.0028863,Low,0,Low,0,3.26135,722.842,6.58457,0.0630954,0.0351746
3518,RL,6,Balanced,0.00205612,Low,0,Low,0,3.25396,721.355,6.58252,0.0626612,0.035171
3519,RL,6,Balanced,-0.00344563,Low,0,Low,0,3.26239,723.849,6.58596,0.0625797,0.0351675
3520,RL,6,Balanced,0.00403929,Low,0,Low,0,3.25348,720.927,6.58192,0.0627496,0.035164
3521,RL,6,Balanced,-0.00827074,Low,0,Low,0,3.28049,726.922,6.59019,0.0626174,0.0351605
3522,RL,6,Balanced,0.00728416,Low,0,Low,0,3.25352,721.639,6.58291,0.0625882,0.035157
3523,RL,6,Balanced,0.00755262,Low,0,Low,0,3.23498,716.202,6.57536,0.0627465,0.0351535
3524,RL,6,Balanced,-0.00222921,Low,0,Low,0,3.23751,717.803,6.57759,0.0628802,0.0351499
3525,RL,6,Balanced,-0.0076828,Low,0,Low,0,3.25503,723.346,6.58527,0.0621724,0.0351464
3526,RL,6,Balanced,0.00537395,Low,0,Low,0,3.24216,719.464,6.5799,0.0622754,0.0351429
3527,RL,6,Balanced,-0.000257492,Low,0,Low,0,3.24287,719.649,6.58015,0.0627004,0.0351394
3528,RL,6,Balanced,0.00569248,Low,0,Low,0,3.22854,715.559,6.57446,0.0625106,0.0351359
3529,RL,6,Balanced,-0.00329208,Low,0,Low,0,3.23757,717.922,6.57775,0.0625682,0.0351324
3530,RL,6,Balanced,-0.00552177,Low,0,Low,0,3.25541,721.902,6.58327,0.062718,0.0351289
3531,RL,6,Balanced,0.00259829,Low,0,Low,0,3.2484,720.027,6.58068,0.0628902,0.0351253
3532,RL,6,Balanced,-0.00440073,Low,0,Low,0,3.26621,723.207,6.58508,0.0628387,0.0351218
3533,RL,6,Balanced,0.00230026,Low,0,Low,0,3.26364,721.543,6.58278,0.0632029,0.0351183
3534,RL,6,Balanced,-0.00933409,Low,0,Low,0,3.28755,728.319,6.59211,0.0628525,0.0351148
3535,RL,6,Balanced,0.0087781,Low,0,Low,0,3.2573,721.945,6.58333,0.0630008,0.0351113
3536,RL,6,Balanced,0.00590897,Low,0,Low,0,3.23578,717.685,6.57742,0.0626474,0.0351078
3537,RL,6,Balanced,-0.00843954,Low,0,Low,0,3.26179,723.776,6.58586,0.062486,0.0351043
3538,RL,6,Balanced,0.00978899,Low,0,Low,0,3.23319,716.716,6.57607,0.0625751,0.0351008
3539,RL,6,Balanced,-0.00553989,Low,0,Low,0,3.24908,720.703,6.58161,0.0625782,0.0350973
3540,RL,6,Balanced,0.00444937,Low,0,Low,0,3.23855,717.499,6.57716,0.0626558,0.0350938
3541,RL,6,Balanced,-0.00564766,Low,0,Low,0,3.25275,721.569,6.58281,0.0628664,0.0350902
3542,RL,6,Balanced,0.00520134,Low,0,Low,0,3.23934,717.82,6.57761,0.0628571,0.0350867
3543,RL,6,Balanced,-0.00504351,Low,0,Low,0,3.2552,721.454,6.58265,0.0629532,0.0350832
3544,RL,6,Balanced,0.00177574,Low,0,Low,0,3.2454,720.173,6.58088,0.0627165,0.0350797
3545,RL,6,Balanced,0.00301075,Low,0,Low,0,3.236,718.005,6.57787,0.0629163,0.0350762
3546,RL,6,Balanced,-0.00645781,Low,0,Low,0,3.26054,722.663,6.58433,0.0627941,0.0350727
3547,RL,6,Balanced,0.00406075,Low,0,Low,0,3.24483,719.73,6.58027,0.0622508,0.0350692
3548,RL,6,Balanced,-0.00258398,Low,0,Low,0,3.25457,721.595,6.58285,0.062821,0.0350657
3549,RL,6,Balanced,0.000101089,Low,0,Low,0,3.25618,721.522,6.58275,0.0625674,0.0350622
3550,RL,6,Balanced,0.00618935,Low,0,Low,0,3.23357,717.064,6.57656,0.062539,0.0350587
3551,RL,6,Balanced,-0.00725269,Low,0,Low,0,3.25759,722.291,6.58381,0.0627411,0.0350552
3552,RL,6,Balanced,0.0129576,Low,0,Low,0,3.21961,712.979,6.57085,0.062519,0.0350517
3553,RL,6,Balanced,-0.0187349,Low,0,Low,0,3.27235,726.481,6.58959,0.0627841,0.0350482
3554,RL,6,Balanced,0.0103683,Low,0,Low,0,3.24367,718.978,6.57922,0.0627196,0.0350447
3555,RL,6,Balanced,0.00906038,Low,0,Low,0,3.21356,712.484,6.57016,0.0621402,0.0350411
3556,RL,6,Balanced,-0.0107918,Low,0,Low,0,3.24894,720.225,6.58095,0.0622777,0.0350376
3557,RL,6,Balanced,0.00499392,Low,0,Low,0,3.23406,716.633,6.57596,0.0625098,0.0350341
3558,RL,6,Balanced,-0.0111771,Low,0,Low,0,3.27254,724.698,6.58713,0.0626627,0.0350306
3559,RL,6,Balanced,0.000171185,Low,0,Low,0,3.26752,724.574,6.58696,0.0628425,0.0350271
3560,RL,6,Balanced,0.0063076,Low,0,Low,0,3.24546,720.012,6.58066,0.0626504,0.0350236
3561,RL,6,Balanced,-0.00286055,Low,0,Low,0,3.25509,722.078,6.58352,0.0627511,0.0350201
3562,RL,6,Balanced,0.00730801,Low,0,Low,0,3.23323,716.812,6.57621,0.0623092,0.0350166
3563,RL,6,Balanced,-0.00999212,Low,0,Low,0,3.26768,724.021,6.5862,0.0627357,0.0350131
3564,RL,6,Balanced,0.00455236,Low,0,Low,0,3.24986,720.728,6.58165,0.0627188,0.0350096
3565,RL,6,Balanced,-0.000294685,Low,0,Low,0,3.2536,720.941,6.58194,0.0627496,0.0350061
3566,RL,6,Balanced,4.86374e-05,Low,0,Low,0,3.25726,720.906,6.58189,0.0627772,0.0350026
3567,RL,6,Balanced,0.00391197,Low,0,Low,0,3.2379,718.087,6.57798,0.0625644,0.0349991
3568,RL,6,Balanced,-0.00289011,Low,0,Low,0,3.24914,720.168,6.58087,0.0628133,0.0349956
3569,RL,6,Balanced,0.00187349,Low,0,Low,0,3.24034,718.818,6.579,0.062416,0.0349921
3570,RL,6,Balanced,-0.00263643,Low,0,Low,0,3.2567,720.719,6.58164,0.0630923,0.0349886
3571,RL,6,Balanced,0.00118971,Low,0,Low,0,3.24458,719.861,6.58045,0.0625797,0.0349851
3572,RL,6,Balanced,0.000103951,Low,0,Low,0,3.24906,719.786,6.58034,0.0628095,0.0349816
3573,RL,6,Balanced,0.0020628,Low,0,Low,0,3.24319,718.3,6.57828,0.0623938,0.0349781
3574,RL,6,Balanced,0.00663996,Low,0,Low,0,3.22148,713.54,6.57164,0.0624476,0.0349746
3575,RL,6,Balanced,-0.0124445,Low,0,Low,0,3.25731,722.488,6.58408,0.0624437,0.0349711
3576,RL,6,Balanced,0.00450897,Low,0,Low,0,3.24447,719.233,6.57957,0.0626643,0.0349676
3577,RL,6,Balanced,-0.00573397,Low,0,Low,0,3.26323,723.375,6.58531,0.0624168,0.0349641
3578,RL,6,Balanced,0.00905466,Low,0,Low,0,3.23375,716.845,6.57625,0.062559,0.0349606
3579,RL,6,Balanced,0.00158548,Low,0,Low,0,3.22933,715.708,6.57467,0.0623538,0.0349572
3580,RL,6,Balanced,-0.00975037,Low,0,Low,0,3.25538,722.73,6.58442,0.0627403,0.0349537
3581,RL,6,Balanced,0.0130992,Low,0,Low,0,3.21944,713.312,6.57132,0.0627204,0.0349502
3582,RL,6,Balanced,-0.00920153,Low,0,Low,0,3.24707,719.915,6.58052,0.0624445,0.0349467
3583,RL,6,Balanced,-0.00202847,Low,0,Low,0,3.25655,721.379,6.58255,0.0626643,0.0349432
3584,RL,6,Balanced,-0.00530434,Low,0,Low,0,3.26732,725.221,6.58785,0.0627188,0.0349397
3585,RL,6,Balanced,0.00651598,Low,0,Low,0,3.25246,720.504,6.58134,0.0628487,0.0349362
3586,RL,6,Balanced,0.00900888,Low,0,Low,0,3.22305,714.033,6.57233,0.0625213,0.0349327
3587,RL,6,Balanced,-0.00972033,Low,0,Low,0,3.25382,721.018,6.58205,0.0628902,0.0349292
3588,RL,6,Balanced,0.00688314,Low,0,Low,0,3.23042,716.065,6.57517,0.0624283,0.0349257
3589,RL,6,Balanced,0.000859737,Low,0,Low,0,3.22992,715.449,6.57431,0.0624714,0.0349222
3590,RL,6,Balanced,-0.0166831,Low,0,Low,0,3.28162,727.501,6.59099,0.0624053,0.0349187
3591,RL,6,Balanced,0.0167937,Low,0,Low,0,3.23136,715.369,6.5742,0.0622631,0.0349152
3592,RL,6,Balanced,-0.00252151,Low,0,Low,0,3.23232,717.178,6.57672,0.062675,0.0349117
3593,RL,6,Balanced,0.00457096,Low,0,Low,0,3.21811,713.903,6.57215,0.062416,0.0349082
3594,RL,6,Balanced,-0.0121484,Low,0,Low,0,3.26028,722.641,6.58429,0.0626712,0.0349048
3595,RL,6,Balanced,-0.000564575,Low,0,Low,0,3.25977,723.049,6.58486,0.0627918,0.0349013
3596,RL,6,Balanced,-0.00147486,Low,0,Low,0,3.2657,724.118,6.58633,0.0627941,0.0348978
3597,RL,6,Balanced,0.00771046,Low,0,Low,0,3.24579,718.549,6.57862,0.0626735,0.0348943
3598,RL,6,Balanced,0.00259018,Low,0,Low,0,3.23491,716.687,6.57603,0.062861,0.0348908
3599,RL,6,Balanced,-0.0108461,Low,0,Low,0,3.26393,724.513,6.58688,0.0626059,0.0348873
3600,RL,6,Balanced,0.00867271,Low,0,Low,0,3.23888,718.248,6.57821,0.0625167,0.0348838
3601,RL,6,Balanced,-0.000544548,Low,0,Low,0,3.23986,718.64,6.57875,0.0625705,0.0348803
3602,RL,6,Balanced,0.000850201,Low,0,Low,0,3.23858,718.029,6.5779,0.0626158,0.0348768
3603,RL,6,Balanced,-0.00641537,Low,0,Low,0,3.2559,722.657,6.58432,0.0626051,0.0348734
3604,RL,6,Balanced,0.00141573,Low,0,Low,0,3.25946,721.633,6.5829,0.0630055,0.0348699
3605,RL,6,Balanced,-0.00290585,Low,0,Low,0,3.26003,723.736,6.58581,0.0626481,0.0348664
3606,RL,6,Balanced,-0.000896931,Low,0,Low,0,3.26308,724.386,6.5867,0.0627519,0.0348629
3607,RL,6,Balanced,0.00775719,Low,0,Low,0,3.24106,718.781,6.57895,0.0628141,0.0348594
3608,RL,6,Balanced,-0.00408363,Low,0,Low,0,3.25341,721.726,6.58303,0.0627987,0.0348559
3609,RL,6,Balanced,-0.00136185,Low,0,Low,0,3.25926,722.711,6.58439,0.0624237,0.0348524
3610,RL,6,Balanced,-5.53E-05,Low,0,Low,0,3.26044,722.751,6.58445,0.062645,0.034849
3611,RL,6,Balanced,0.00975513,Low,0,Low,0,3.22813,715.725,6.57469,0.0624883,0.0348455
3612,RL,6,Balanced,-0.0106702,Low,0,Low,0,3.26132,723.414,6.58536,0.0626474,0.034842
3613,RL,6,Balanced,0.00460339,Low,0,Low,0,3.24309,720.087,6.58076,0.0622562,0.0348385
3614,RL,6,Balanced,-0.00534153,Low,0,Low,0,3.26386,723.948,6.5861,0.0628679,0.034835
3615,RL,6,Balanced,0.0169072,Low,0,Low,0,3.21157,711.795,6.56919,0.0626112,0.0348315
3616,RL,6,Balanced,-0.0134907,Low,0,Low,0,3.25342,721.476,6.58268,0.0627788,0.034828
3617,RL,6,Balanced,0.00865364,Low,0,Low,0,3.23459,715.251,6.57403,0.0627188,0.0348246
3618,RL,6,Balanced,-0.00761461,Low,0,Low,0,3.25458,720.726,6.58165,0.0629317,0.0348211
3619,RL,6,Balanced,-0.00480843,Low,0,Low,0,3.26387,724.204,6.58645,0.0626481,0.0348176
3620,RL,6,Balanced,0.0124702,Low,0,Low,0,3.22596,715.217,6.57398,0.0626712,0.0348141
3621,RL,6,Balanced,-0.0105429,Low,0,Low,0,3.25603,722.808,6.58453,0.0625236,0.0348106
3622,RL,6,Balanced,0.00180101,Low,0,Low,0,3.25232,721.506,6.58273,0.0626112,0.0348072
3623,RL,6,Balanced,0.00492239,Low,0,Low,0,3.23911,717.958,6.5778,0.0624452,0.0348037
3624,RL,6,Balanced,0.00182152,Low,0,Low,0,3.23474,716.65,6.57598,0.062881,0.0348002
3625,RL,6,Balanced,-0.0078578,Low,0,Low,0,3.25404,722.311,6.58384,0.0628387,0.0347967
3626,RL,6,Balanced,0.00366735,Low,0,Low,0,3.24548,719.663,6.58017,0.0623599,0.0347932
3627,RL,6,Balanced,0.0100088,Low,0,Low,0,3.21763,712.486,6.57016,0.062572,0.0347898
3628,RL,6,Balanced,-0.0113931,Low,0,Low,0,3.25311,720.661,6.58156,0.0627595,0.0347863
3629,RL,6,Balanced,-0.00753975,Low,0,Low,0,3.27576,726.123,6.5891,0.0627619,0.0347828
3630,RL,6,Balanced,0.0118012,Low,0,Low,0,3.24072,717.593,6.57729,0.0628341,0.0347793
3631,RL,6,Balanced,-0.00821877,Low,0,Low,0,3.26715,723.523,6.58551,0.062748,0.0347758
3632,RL,6,Balanced,-0.000505447,Low,0,Low,0,3.2616,723.889,6.58602,0.0622647,0.0347724
3633,RL,6,Balanced,0.00516891,Low,0,Low,0,3.25185,720.152,6.58085,0.062652,0.0347689
3634,RL,6,Balanced,0.003263,Low,0,Low,0,3.24047,717.802,6.57759,0.0625436,0.0347654
3635,RL,6,Balanced,-0.00314522,Low,0,Low,0,3.24686,720.067,6.58073,0.0627011,0.0347619
3636,RL,6,Balanced,-0.00458765,Low,0,Low,0,3.26232,723.382,6.58532,0.0628264,0.0347585
3637,RL,6,Balanced,0.0159702,Low,0,Low,0,3.20853,711.906,6.56935,0.0626827,0.034755
3638,RL,6,Balanced,-0.0114508,Low,0,Low,0,3.24468,720.116,6.5808,0.062559,0.0347515
3639,RL,6,Balanced,0.0065608,Low,0,Low,0,3.22732,715.4,6.57424,0.0629409,0.034748
3640,RL,6,Balanced,-0.00930119,Low,0,Low,0,3.2609,722.095,6.58354,0.0628541,0.0347446
3641,RL,6,Balanced,-0.00332022,Low,0,Low,0,3.264,724.5,6.58686,0.0627941,0.0347411
3642,RL,6,Balanced,-0.00143337,Low,0,Low,0,3.26931,725.54,6.58829,0.0629855,0.0347376
3643,RL,6,Balanced,0.00212526,Low,0,Low,0,3.26349,723.998,6.58617,0.0627565,0.0347341
3644,RL,6,Balanced,0.0108452,Low,0,Low,0,3.22783,716.178,6.57532,0.0624076,0.0347307
3645,RL,6,Balanced,-0.00421238,Low,0,Low,0,3.2433,719.205,6.57954,0.0626589,0.0347272
3646,RL,6,Balanced,0.00154924,Low,0,Low,0,3.24045,718.09,6.57799,0.0625743,0.0347237
3647,RL,6,Balanced,0.00184107,Low,0,Low,0,3.23444,716.768,6.57615,0.062486,0.0347202
3648,RL,6,Balanced,-0.00213385,Low,0,Low,0,3.23989,718.301,6.57828,0.062506,0.0347168
3649,RL,6,Balanced,-0.00297308,Low,0,Low,0,3.24757,720.443,6.58125,0.0628018,0.0347133
3650,RL,6,Balanced,0.00563622,Low,0,Low,0,3.22728,716.388,6.57562,0.0624199,0.0347098
3651,RL,6,Balanced,-9.16E-05,Low,0,Low,0,3.23265,716.453,6.57571,0.0624368,0.0347064
3652,RL,6,Balanced,-0.00473976,Low,0,Low,0,3.24794,719.862,6.58045,0.0627219,0.0347029
3653,RL,6,Balanced,0.000109673,Low,0,Low,0,3.24801,719.783,6.58034,0.0628994,0.0346994
3654,RL,6,Balanced,0.0037756,Low,0,Low,0,3.23135,717.067,6.57656,0.0629009,0.034696
3655,RL,6,Balanced,0.00147009,Low,0,Low,0,3.23003,716.012,6.57509,0.0625928,0.0346925
3656,RL,6,Balanced,-0.00839329,Low,0,Low,0,3.25536,722.055,6.58349,0.0628187,0.034689
3657,RL,6,Balanced,0.00264454,Low,0,Low,0,3.24883,720.145,6.58084,0.0624399,0.0346855
3658,RL,6,Balanced,0.00955439,Low,0,Low,0,3.22308,713.288,6.57129,0.0626981,0.0346821
3659,RL,6,Balanced,-0.0127554,Low,0,Low,0,3.25399,722.458,6.58404,0.0628656,0.0346786
3660,RL,6,Balanced,0.00685072,Low,0,Low,0,3.23757,717.518,6.57719,0.0624452,0.0346751
3661,RL,6,Balanced,-0.00267267,Low,0,Low,0,3.24635,719.441,6.57986,0.0629071,0.0346717
3662,RL,6,Balanced,-0.00381613,Low,0,Low,0,3.25918,722.196,6.58368,0.0628963,0.0346682
3663,RL,6,Balanced,-0.00143576,Low,0,Low,0,3.25912,723.235,6.58512,0.0627941,0.0346647
3664,RL,6,Balanced,0.00829315,Low,0,Low,0,3.23565,717.254,6.57682,0.062569,0.0346613
3665,RL,6,Balanced,-0.00547981,Low,0,Low,0,3.25313,721.2,6.5823,0.0625528,0.0346578
3666,RL,6,Balanced,0.00805044,Low,0,Low,0,3.22991,715.409,6.57425,0.0629301,0.0346543
3667,RL,6,Balanced,-0.00639725,Low,0,Low,0,3.24865,720.008,6.58065,0.0626681,0.0346509
3668,RL,6,Balanced,0.000778675,Low,0,Low,0,3.24596,719.446,6.57987,0.0626189,0.0346474
3669,RL,6,Balanced,-0.00260782,Low,0,Low,0,3.25581,721.327,6.58248,0.0628203,0.0346439
3670,RL,6,Balanced,-0.000397682,Low,0,Low,0,3.26019,721.615,6.58288,0.0630277,0.0346405
3671,RL,6,Balanced,0.00122881,Low,0,Low,0,3.24897,720.727,6.58165,0.062499,0.034637
3672,RL,6,Balanced,4.86374e-05,Low,0,Low,0,3.25233,720.692,6.5816,0.0627157,0.0346336
3673,RL,6,Balanced,-0.00140381,Low,0,Low,0,3.25585,721.706,6.583,0.0631538,0.0346301
3674,RL,6,Balanced,-0.000127792,Low,0,Low,0,3.2553,721.798,6.58313,0.0627511,0.0346266
3675,RL,6,Balanced,-0.0067668,Low,0,Low,0,3.27813,726.706,6.5899,0.0628956,0.0346232
3676,RL,6,Balanced,0.0160832,Low,0,Low,0,3.22673,715.096,6.57381,0.062642,0.0346197
3677,RL,6,Balanced,-0.00919962,Low,0,Low,0,3.25302,721.714,6.58301,0.0627811,0.0346162
3678,RL,6,Balanced,-0.00058794,Low,0,Low,0,3.25489,722.139,6.5836,0.0628656,0.0346128
3679,RL,6,Balanced,-0.00287199,Low,0,Low,0,3.26211,724.219,6.58647,0.0624721,0.0346093
3680,RL,6,Balanced,0.0086627,Low,0,Low,0,3.23824,717.964,6.57781,0.0623592,0.0346059
3681,RL,6,Balanced,0.00036335,Low,0,Low,0,3.23655,717.702,6.57745,0.0625736,0.0346024
3682,RL,6,Balanced,0.00661469,Low,0,Low,0,3.2223,712.964,6.57083,0.0628625,0.0345989
3683,RL,6,Balanced,-0.010519,Low,0,Low,0,3.24772,720.514,6.58135,0.0627011,0.0345955
3684,RL,6,Balanced,-0.00187635,Low,0,Low,0,3.25287,721.869,6.58323,0.0628694,0.034592
3685,RL,6,Balanced,0.0083518,Low,0,Low,0,3.22547,715.857,6.57488,0.0624598,0.0345886
3686,RL,6,Balanced,-0.00328636,Low,0,Low,0,3.2405,718.217,6.57816,0.0624783,0.0345851
3687,RL,6,Balanced,0.00267792,Low,0,Low,0,3.22849,716.293,6.57548,0.0624268,0.0345816
3688,RL,6,Balanced,-0.00764132,Low,0,Low,0,3.25375,721.795,6.58313,0.0628979,0.0345782
3689,RL,6,Balanced,0.0061779,Low,0,Low,0,3.23567,717.344,6.57695,0.0626673,0.0345747
3690,RL,6,Balanced,-0.0100913,Low,0,Low,0,3.2681,724.629,6.58704,0.0629678,0.0345713
3691,RL,6,Balanced,0.0128946,Low,0,Low,0,3.22805,715.333,6.57414,0.0625759,0.0345678
3692,RL,6,Balanced,-0.0125947,Low,0,Low,0,3.27139,724.412,6.58674,0.0629517,0.0345644
3693,RL,6,Balanced,0.0061245,Low,0,Low,0,3.24991,719.983,6.58062,0.0626842,0.0345609
3694,RL,6,Balanced,0.00216818,Low,0,Low,0,3.24016,718.421,6.57845,0.0625452,0.0345574
3695,RL,6,Balanced,-0.0028615,Low,0,Low,0,3.24581,720.483,6.58131,0.0624975,0.034554
3696,RL,6,Balanced,-0.00371647,Low,0,Low,0,3.25364,723.169,6.58502,0.0625344,0.0345505
3697,RL,6,Balanced,0.00283718,Low,0,Low,0,3.25555,721.117,6.58219,0.0628187,0.0345471
3698,RL,6,Balanced,-0.000226974,Low,0,Low,0,3.25357,721.281,6.58241,0.0627934,0.0345436
3699,RL,6,Balanced,0.00867033,Low,0,Low,0,3.22772,715.046,6.57374,0.0628256,0.0345402
3700,RL,6,Balanced,0.0030961,Low,0,Low,0,3.21579,712.832,6.57065,0.0628648,0.0345367
3701,RL,6,Balanced,-0.00694418,Low,0,Low,0,3.2373,717.807,6.57759,0.0628756,0.0345333
3702,RL,6,Balanced,0.00296688,Low,0,Low,0,3.22773,715.677,6.57463,0.0624898,0.0345298
3703,RL,6,Balanced,-0.00643587,Low,0,Low,0,3.25344,720.305,6.58106,0.0627219,0.0345264
3704,RL,6,Balanced,0.00838947,Low,0,Low,0,3.22246,714.279,6.57267,0.0627565,0.0345229
3705,RL,6,Balanced,-0.00413847,Low,0,Low,0,3.24114,717.245,6.57681,0.0628571,0.0345195
3706,RL,6,Balanced,-0.00478411,Low,0,Low,0,3.24462,720.689,6.58159,0.0627088,0.034516
3707,RL,6,Balanced,0.00171614,Low,0,Low,0,3.24469,719.452,6.57988,0.0626742,0.0345125
3708,RL,6,Balanced,0.00548029,Low,0,Low,0,3.22265,715.514,6.5744,0.0626266,0.0345091
3709,RL,6,Balanced,0.000301838,Low,0,Low,0,3.23109,715.298,6.5741,0.0625697,0.0345056
3710,RL,6,Balanced,-0.00154924,Low,0,Low,0,3.23153,716.409,6.57565,0.06233,0.0345022
3711,RL,6,Balanced,-0.002213,Low,0,Low,0,3.23916,717.998,6.57786,0.0628441,0.0344987
3712,RL,6,Balanced,-0.000325203,Low,0,Low,0,3.23681,718.232,6.57818,0.0622923,0.0344953
3713,RL,6,Balanced,0.00700855,Low,0,Low,0,3.22213,713.209,6.57118,0.0623238,0.0344918
3714,RL,6,Balanced,-0.00673437,Low,0,Low,0,3.24088,718.035,6.57791,0.0627665,0.0344884
3715,RL,6,Balanced,0.00252676,Low,0,Low,0,3.23191,716.22,6.57538,0.0625013,0.0344849
3716,RL,6,Balanced,-0.00529623,Low,0,Low,0,3.25015,720.029,6.58068,0.0628556,0.0344815
3717,RL,6,Balanced,-0.00158024,Low,0,Low,0,3.25278,721.169,6.58226,0.0627157,0.0344781
3718,RL,6,Balanced,0.00559044,Low,0,Low,0,3.23422,717.143,6.57667,0.0626981,0.0344746
3719,RL,6,Balanced,-0.0083642,Low,0,Low,0,3.26145,723.175,6.58503,0.0626766,0.0344712
3720,RL,6,Balanced,-0.00142622,Low,0,Low,0,3.26417,724.209,6.58646,0.062413,0.0344677
3721,RL,6,Balanced,0.00124264,Low,0,Low,0,3.2624,723.308,6.58522,0.0627411,0.0344643
3722,RL,6,Balanced,0.00383949,Low,0,Low,0,3.25059,720.532,6.58138,0.0627396,0.0344608
3723,RL,6,Balanced,-0.00375462,Low,0,Low,0,3.2545,723.246,6.58513,0.0627542,0.0344574
3724,RL,6,Balanced,-0.00375271,Low,0,Low,0,3.27053,725.969,6.58888,0.0630416,0.0344539
3725,RL,6,Balanced,0.00496244,Low,0,Low,0,3.25537,722.371,6.58392,0.0627434,0.0344505
3726,RL,6,Balanced,-0.00449944,Low,0,Low,0,3.2746,725.633,6.58842,0.0626389,0.034447
3727,RL,6,Balanced,0.00723267,Low,0,Low,0,3.24716,720.396,6.58119,0.0624214,0.0344436
3728,RL,6,Balanced,-0.00772619,Low,0,Low,0,3.27191,725.991,6.58891,0.0628241,0.0344401
3729,RL,6,Balanced,0.00456667,Low,0,Low,0,3.25852,722.679,6.58435,0.0627957,0.0344367
3730,RL,6,Balanced,0.00633621,Low,0,Low,0,3.23662,718.108,6.57801,0.0627449,0.0344333
3731,RL,6,Balanced,-0.00383329,Low,0,Low,0,3.24825,720.87,6.58185,0.0627411,0.0344298
3732,RL,6,Balanced,0.00391769,Low,0,Low,0,3.23972,718.048,6.57793,0.0627035,0.0344264
3733,RL,6,Balanced,-0.00939941,Low,0,Low,0,3.26735,724.838,6.58733,0.0629786,0.0344229
3734,RL,6,Balanced,0.00515985,Low,0,Low,0,3.25596,721.103,6.58217,0.0625805,0.0344195
3735,RL,6,Balanced,-0.00343704,Low,0,Low,0,3.25886,723.589,6.5856,0.0621563,0.034416
3736,RL,6,Balanced,-0.00472689,Low,0,Low,0,3.27796,727.022,6.59033,0.0630446,0.0344126
3737,RL,6,Balanced,-0.000753403,Low,0,Low,0,3.27833,727.57,6.59108,0.0629278,0.0344092
3738,RL,6,Balanced,0.00617218,Low,0,Low,0,3.25942,723.087,6.58491,0.0627035,0.0344057
3739,RL,6,Balanced,0.0045023,Low,0,Low,0,3.24268,719.835,6.58041,0.0627542,0.0344023
3740,RL,6,Balanced,-0.00309515,Low,0,Low,0,3.26091,722.069,6.58351,0.0627803,0.0343988
3741,RL,6,Balanced,-0.00322151,Low,0,Low,0,3.25749,724.402,6.58673,0.0623984,0.0343954
3742,RL,6,Balanced,0.0161324,Low,0,Low,0,3.21865,712.794,6.57059,0.0625436,0.034392
3743,RL,6,Balanced,-0.0121875,Low,0,Low,0,3.25474,721.546,6.58278,0.0625759,0.0343885
3744,RL,6,Balanced,0.00242329,Low,0,Low,0,3.24577,719.798,6.58036,0.0626335,0.0343851
3745,RL,6,Balanced,-0.00118017,Low,0,Low,0,3.25704,720.649,6.58154,0.0629632,0.0343817
3746,RL,6,Balanced,-0.00507975,Low,0,Low,0,3.2628,724.324,6.58662,0.062798,0.0343782
3747,RL,6,Balanced,0.00946999,Low,0,Low,0,3.23542,717.488,6.57715,0.0623346,0.0343748
3748,RL,6,Balanced,0.00743675,Low,0,Low,0,3.20793,712.164,6.56971,0.0623146,0.0343713
3749,RL,6,Balanced,-0.00927258,Low,0,Low,0,3.24217,718.808,6.57898,0.0627734,0.0343679
3750,RL,6,Balanced,-0.00157547,Low,0,Low,0,3.24516,719.943,6.58056,0.0625551,0.0343645
3751,RL,6,Balanced,0.0049262,Low,0,Low,0,3.22978,716.4,6.57563,0.0625375,0.034361
3752,RL,6,Balanced,-0.00508976,Low,0,Low,0,3.25299,720.061,6.58072,0.0625743,0.0343576
3753,RL,6,Balanced,-0.00353003,Low,0,Low,0,3.25919,722.611,6.58425,0.0629348,0.0343542
3754,RL,6,Balanced,0.00446129,Low,0,Low,0,3.24211,719.389,6.57979,0.0622746,0.0343507
3755,RL,6,Balanced,-0.00518894,Low,0,Low,0,3.2589,723.137,6.58498,0.0626435,0.0343473
3756,RL,6,Balanced,0.0142617,Low,0,Low,0,3.21511,712.883,6.57072,0.062748,0.0343439
3757,RL,6,Balanced,-0.00417995,Low,0,Low,0,3.22622,715.873,6.5749,0.0626796,0.0343404
3758,RL,6,Balanced,-0.00638914,Low,0,Low,0,3.25211,720.468,6.58129,0.0629394,0.034337
3759,RL,6,Balanced,0.00379086,Low,0,Low,0,3.24194,717.739,6.5775,0.0624452,0.0343336
3760,RL,6,Balanced,-0.00644875,Low,0,Low,0,3.25295,722.388,6.58395,0.0624022,0.0343301
3761,RL,6,Balanced,0.00843,Low,0,Low,0,3.23273,716.316,6.57552,0.0628825,0.0343267
3762,RL,6,Balanced,-0.0075078,Low,0,Low,0,3.25665,721.721,6.58302,0.0625813,0.0343233
3763,RL,6,Balanced,0.00222683,Low,0,Low,0,3.24841,720.114,6.5808,0.0626112,0.0343198
3764,RL,6,Balanced,0.000824451,Low,0,Low,0,3.24364,719.52,6.57997,0.0625106,0.0343164
3765,RL,6,Balanced,-0.0101609,Low,0,Low,0,3.27773,726.878,6.59013,0.062821,0.034313
3766,RL,6,Balanced,0.00221634,Low,0,Low,0,3.27275,725.267,6.58792,0.0627104,0.0343095
3767,RL,6,Balanced,0.00904989,Low,0,Low,0,3.24977,718.724,6.57887,0.0629594,0.0343061
3768,RL,6,Balanced,0.0101237,Low,0,Low,0,3.21132,711.474,6.56874,0.0624091,0.0343027
3769,RL,6,Balanced,-0.00871086,Low,0,Low,0,3.23578,717.708,6.57745,0.062353,0.0342992
3770,RL,6,Balanced,-0.00506592,Low,0,Low,0,3.25518,721.358,6.58252,0.0628402,0.0342958
3771,RL,6,Balanced,0.00160122,Low,0,Low,0,3.2488,720.202,6.58092,0.062589,0.0342924
3772,RL,6,Balanced,0.000987053,Low,0,Low,0,3.24031,719.49,6.57993,0.062416,0.0342889
3773,RL,6,Balanced,0.00191689,Low,0,Low,0,3.24018,718.111,6.57802,0.0627311,0.0342855
3774,RL,6,Balanced,-0.00090313,Low,0,Low,0,3.24441,718.761,6.57892,0.0623915,0.0342821
3775,RL,6,Balanced,-0.00827837,Low,0,Low,0,3.26277,724.744,6.5872,0.0628095,0.0342787
3776,RL,6,Balanced,0.00572729,Low,0,Low,0,3.24926,720.599,6.58147,0.0624214,0.0342752
3777,RL,6,Balanced,0.00517464,Low,0,Low,0,3.23698,716.875,6.57629,0.0627565,0.0342718
3778,RL,6,Balanced,0.00183439,Low,0,Low,0,3.22654,715.559,6.57446,0.0626366,0.0342684
3779,RL,6,Balanced,-0.00782108,Low,0,Low,0,3.25461,721.185,6.58228,0.0628956,0.034265
3780,RL,6,Balanced,-0.00452662,Low,0,Low,0,3.26534,724.462,6.58681,0.062645,0.0342615
3781,RL,6,Balanced,0.0116324,Low,0,Low,0,3.2282,716.072,6.57518,0.0620234,0.0342581
3782,RL,6,Balanced,-0.00181246,Low,0,Low,0,3.23914,717.372,6.57699,0.0626412,0.0342547
3783,RL,6,Balanced,0.00571489,Low,0,Low,0,3.21702,713.279,6.57127,0.0625313,0.0342513
3784,RL,6,Balanced,-0.0131831,Low,0,Low,0,3.26022,722.758,6.58446,0.0625743,0.0342478
3785,RL,6,Balanced,0.000937462,Low,0,Low,0,3.2593,722.079,6.58352,0.0631461,0.0342444
3786,RL,6,Balanced,0.00170565,Low,0,Low,0,3.25059,720.847,6.58181,0.0626089,0.034241
3787,RL,6,Balanced,0.00224972,Low,0,Low,0,3.2481,719.225,6.57956,0.0626566,0.0342376
3788,RL,6,Balanced,0.00188351,Low,0,Low,0,3.23688,717.87,6.57768,0.0626904,0.0342341
3789,RL,6,Balanced,-0.0123067,Low,0,Low,0,3.27539,726.771,6.58999,0.0629186,0.0342307
3790,RL,6,Balanced,0.0039444,Low,0,Low,0,3.26454,723.906,6.58604,0.0625797,0.0342273
3791,RL,6,Balanced,0.00274992,Low,0,Low,0,3.25435,721.916,6.58329,0.0626189,0.0342239
3792,RL,6,Balanced,0.00225306,Low,0,Low,0,3.25176,720.289,6.58104,0.0627995,0.0342204
3793,RL,6,Balanced,-0.00499439,Low,0,Low,0,3.26672,723.9,6.58603,0.0626643,0.034217
3794,RL,6,Balanced,0.00460529,Low,0,Low,0,3.24977,720.569,6.58143,0.0627934,0.0342136
3795,RL,6,Balanced,0.0040307,Low,0,Low,0,3.239,717.667,6.5774,0.0625582,0.0342102
3796,RL,6,Balanced,-0.00975657,Low,0,Low,0,3.269,724.713,6.58715,0.0626174,0.0342068
3797,RL,6,Balanced,-0.000275135,Low,0,Low,0,3.27006,724.913,6.58743,0.0628956,0.0342033
3798,RL,6,Balanced,0.00212431,Low,0,Low,0,3.26662,723.372,6.58531,0.0627903,0.0341999
3799,RL,6,Balanced,-0.000541687,Low,0,Low,0,3.26189,723.765,6.58585,0.0624007,0.0341965
3800,RL,6,Balanced,0.00508833,Low,0,Low,0,3.24917,720.086,6.58076,0.0627964,0.0341931
3801,RL,6,Balanced,0.00579071,Low,0,Low,0,3.22705,715.922,6.57497,0.0621886,0.0341897
3802,RL,6,Balanced,-0.00801277,Low,0,Low,0,3.25094,721.69,6.58298,0.0626474,0.0341862
3803,RL,6,Balanced,0.00218773,Low,0,Low,0,3.2493,720.111,6.58079,0.0626612,0.0341828
3804,RL,6,Balanced,0.00465345,Low,0,Low,0,3.23145,716.763,6.57614,0.0623661,0.0341794
3805,RL,6,Balanced,0.00409365,Low,0,Low,0,3.22085,713.831,6.57205,0.0627411,0.034176
3806,RL,6,Balanced,-0.0083003,Low,0,Low,0,3.24823,719.789,6.58035,0.0625997,0.0341726
3807,RL,6,Balanced,-0.00542498,Low,0,Low,0,3.26878,723.71,6.58577,0.0631069,0.0341691
3808,RL,6,BSDF Heavy,0.00472403,Low,0,Low,0,3.25162,720.294,6.58105,0.0630608,0.0341657
3809,RL,6,BSDF Heavy,0.00128603,Low,0,Low,0,3.25723,719.367,6.57976,0.0661577,0.0341623
3810,RL,6,BSDF Heavy,-0.000190258,Low,0,Low,0,3.24886,719.504,6.57995,0.0657957,0.0341589
3811,RL,6,BSDF Heavy,0.00468922,Low,0,Low,0,3.23771,716.133,6.57526,0.0658434,0.0341555
3812,RL,6,BSDF Heavy,-0.00693893,Low,0,Low,0,3.25123,721.127,6.5822,0.0660785,0.0341521
3813,RL,6,BSDF Heavy,-0.00391436,Low,0,Low,0,3.26673,723.959,6.58612,0.0660247,0.0341486
3814,RL,6,BSDF Heavy,0.00898123,Low,0,Low,0,3.23811,717.477,6.57713,0.0655706,0.0341452
3815,RL,6,BSDF Heavy,-0.00392914,Low,0,Low,0,3.25234,720.306,6.58106,0.0659756,0.0341418
3816,RL,6,BSDF Heavy,0.0110526,Low,0,Low,0,3.22221,712.377,6.57001,0.0659533,0.0341384
3817,RL,6,BSDF Heavy,-0.0133977,Low,0,Low,0,3.26436,721.999,6.58341,0.0657688,0.034135
3818,RL,6,BSDF Heavy,-0.000301838,Low,0,Low,0,3.26125,722.218,6.58371,0.065891,0.0341316
3819,RL,6,BSDF Heavy,0.00750017,Low,0,Low,0,3.24,716.814,6.57621,0.065735,0.0341282
3820,RL,6,BSDF Heavy,-0.00434923,Low,0,Low,0,3.25097,719.942,6.58056,0.0656774,0.0341248
3821,RL,6,BSDF Heavy,-0.00146866,Low,0,Low,0,3.25505,721.002,6.58203,0.065765,0.0341213
3822,RL,6,BSDF Heavy,0.00794697,Low,0,Low,0,3.23216,715.287,6.57408,0.0656705,0.0341179
3823,RL,6,BSDF Heavy,1.71661e-05,Low,0,Low,0,3.23541,715.275,6.57406,0.0655975,0.0341145
3824,RL,6,BSDF Heavy,0.0004673,Low,0,Low,0,3.23111,714.94,6.5736,0.0659456,0.0341111
3825,RL,6,BSDF Heavy,-0.00895357,Low,0,Low,0,3.26015,721.379,6.58255,0.0660685,0.0341077
3826,RL,6,BSDF Heavy,0.00827312,Low,0,Low,0,3.23698,715.427,6.57428,0.065964,0.0341043
3827,RL,6,BSDF Heavy,-0.00457573,Low,0,Low,0,3.24859,718.713,6.57885,0.0662499,0.0341009
3828,RL,6,BSDF Heavy,-0.00185251,Low,0,Low,0,3.25073,720.047,6.58071,0.0660317,0.0340975
3829,RL,6,BSDF Heavy,0.00132418,Low,0,Low,0,3.24659,719.094,6.57938,0.0657358,0.0340941
3830,RL,6,BSDF Heavy,-0.000953197,Low,0,Low,0,3.25219,719.78,6.58033,0.0660171,0.0340906
3831,RL,6,BSDF Heavy,-0.00601482,Low,0,Low,0,3.26933,724.129,6.58635,0.0657704,0.0340872
3832,RL,6,BSDF Heavy,0.00940275,Low,0,Low,0,3.23926,717.342,6.57695,0.0656928,0.0340838
3833,RL,6,BSDF Heavy,-0.0033803,Low,0,Low,0,3.24823,719.775,6.58033,0.0657811,0.0340804
3834,RL,6,BSDF Heavy,-0.00789976,Low,0,Low,0,3.27455,725.491,6.58823,0.0660025,0.034077
3835,RL,6,BSDF Heavy,0.00860262,Low,0,Low,0,3.24841,719.268,6.57962,0.0658065,0.0340736
3836,RL,6,BSDF Heavy,0.00256968,Low,0,Low,0,3.23857,717.42,6.57705,0.065682,0.0340702
3837,RL,6,BSDF Heavy,-0.0174932,Low,0,Low,0,3.2942,730.098,6.59455,0.0658972,0.0340668
3838,RL,6,BSDF Heavy,0.0235524,Low,0,Low,0,3.22075,713.08,6.57099,0.0658019,0.0340634
3839,RL,6,BSDF Heavy,-0.00667477,Low,0,Low,0,3.24252,717.862,6.57767,0.0657066,0.03406
3840,RL,6,BSDF Heavy,-0.00150585,Low,0,Low,0,3.24621,718.945,6.57918,0.0657957,0.0340566
3841,RL,6,BSDF Heavy,-0.00641632,Low,0,Low,0,3.26834,723.58,6.58559,0.0660678,0.0340532
3842,RL,6,BSDF Heavy,-0.00169468,Low,0,Low,0,3.27328,724.809,6.58729,0.066034,0.0340498
3843,RL,6,BSDF Heavy,0.00591755,Low,0,Low,0,3.25221,720.526,6.58137,0.0658419,0.0340464
3844,RL,6,BSDF Heavy,0.000709057,Low,0,Low,0,3.25323,720.015,6.58066,0.0659371,0.034043
3845,RL,6,BSDF Heavy,0.000935555,Low,0,Low,0,3.24957,719.341,6.57972,0.0658833,0.0340395
3846,RL,6,BSDF Heavy,-0.00449038,Low,0,Low,0,3.25801,722.583,6.58421,0.0657934,0.0340361
3847,RL,6,BSDF Heavy,0.00238228,Low,0,Low,0,3.25612,720.861,6.58183,0.0659187,0.0340327
3848,RL,6,BSDF Heavy,0.0095129,Low,0,Low,0,3.22167,714.026,6.57232,0.0655729,0.0340293
3849,RL,6,BSDF Heavy,-0.00155783,Low,0,Low,0,3.2325,715.141,6.57388,0.0658388,0.0340259
3850,RL,6,BSDF Heavy,-0.0135503,Low,0,Low,0,3.27288,724.911,6.58743,0.0664835,0.0340225
3851,RL,6,BSDF Heavy,0.00915432,Low,0,Low,0,3.24465,718.296,6.57827,0.0659602,0.0340191
3852,RL,6,BSDF Heavy,-0.0120511,Low,0,Low,0,3.2841,727.017,6.59032,0.0658564,0.0340157
3853,RL,6,BSDF Heavy,0.0113592,Low,0,Low,0,3.24577,718.794,6.57897,0.0658503,0.0340123
3854,RL,6,BSDF Heavy,0.00821018,Low,0,Low,0,3.22041,712.909,6.57076,0.0660309,0.0340089
3855,RL,6,BSDF Heavy,-0.0152793,Low,0,Low,0,3.26996,723.901,6.58603,0.0661039,0.0340055
3856,RL,6,BSDF Heavy,0.00191402,Low,0,Low,0,3.26429,722.514,6.58412,0.0662368,0.0340021
3857,RL,6,BSDF Heavy,-0.00240898,Low,0,Low,0,3.27106,724.259,6.58653,0.0657996,0.0339987
3858,RL,6,BSDF Heavy,0.0105901,Low,0,Low,0,3.23758,716.619,6.57594,0.0655391,0.0339953
3859,RL,6,BSDF Heavy,-0.00695086,Low,0,Low,0,3.25655,721.625,6.58289,0.0658718,0.0339919
3860,RL,6,BSDF Heavy,0.00688553,Low,0,Low,0,3.2376,716.666,6.576,0.0657919,0.0339885
3861,RL,6,BSDF Heavy,-0.00814772,Low,0,Low,0,3.26075,722.537,6.58415,0.0656859,0.0339851
3862,RL,6,BSDF Heavy,0.00745344,Low,0,Low,0,3.23914,717.165,6.5767,0.0659602,0.0339817
3863,RL,6,BSDF Heavy,-0.00265598,Low,0,Low,0,3.2516,719.075,6.57935,0.0663029,0.0339783
3864,RL,6,BSDF Heavy,0.00281858,Low,0,Low,0,3.24377,717.048,6.57654,0.0659517,0.0339749
3865,RL,6,BSDF Heavy,-0.00279856,Low,0,Low,0,3.24403,719.06,6.57933,0.0657904,0.0339715
3866,RL,6,BSDF Heavy,0.00307941,Low,0,Low,0,3.24304,716.846,6.57626,0.0659494,0.0339681
3867,RL,6,BSDF Heavy,-0.0151753,Low,0,Low,0,3.28437,727.823,6.59143,0.065838,0.0339647
3868,RL,6,BSDF Heavy,0.0036869,Low,0,Low,0,3.27537,725.141,6.58774,0.0661216,0.0339613
3869,RL,6,BSDF Heavy,0.0122271,Low,0,Low,0,3.23676,716.316,6.57552,0.0659925,0.033958
3870,RL,6,BSDF Heavy,-0.0016098,Low,0,Low,0,3.2411,717.472,6.57713,0.0657542,0.0339546
3871,RL,6,BSDF Heavy,-0.00148773,Low,0,Low,0,3.24038,718.541,6.57861,0.0656643,0.0339512
3872,RL,6,BSDF Heavy,-0.00522804,Low,0,Low,0,3.26192,722.313,6.58384,0.065888,0.0339478
3873,RL,6,BSDF Heavy,-0.00398731,Low,0,Low,0,3.27771,725.203,6.58783,0.0661423,0.0339444
3874,RL,6,BSDF Heavy,0.00607681,Low,0,Low,0,3.2599,720.804,6.58175,0.066077,0.033941
3875,RL,6,BSDF Heavy,-0.00135231,Low,0,Low,0,3.26464,721.78,6.58311,0.0663544,0.0339376
3876,RL,6,BSDF Heavy,0.00480413,Low,0,Low,0,3.242,718.316,6.5783,0.0655621,0.0339342
3877,RL,6,BSDF Heavy,0.00219822,Low,0,Low,0,3.24244,716.737,6.5761,0.0657143,0.0339308
3878,RL,6,BSDF Heavy,-0.00492287,Low,0,Low,0,3.256,720.279,6.58103,0.0661661,0.0339274
3879,RL,6,BSDF Heavy,-0.000448227,Low,0,Low,0,3.25797,720.602,6.58147,0.0658219,0.033924
3880,RL,6,BSDF Heavy,-0.00121355,Low,0,Low,0,3.25858,721.478,6.58269,0.0657135,0.0339206
3881,RL,6,BSDF Heavy,0.00340748,Low,0,Low,0,3.24965,719.021,6.57928,0.0658703,0.0339172
3882,RL,6,BSDF Heavy,0.000151634,Low,0,Low,0,3.24765,718.911,6.57913,0.0658019,0.0339138
3883,RL,6,BSDF Heavy,0.000196457,Low,0,Low,0,3.24434,718.77,6.57893,0.0658549,0.0339104
3884,RL,6,BSDF Heavy,0.00248957,Low,0,Low,0,3.24118,716.98,6.57644,0.0659264,0.0339071
3885,RL,6,BSDF Heavy,-0.00788736,Low,0,Low,0,3.26559,722.666,6.58433,0.0659848,0.0339037
3886,RL,6,BSDF Heavy,0.00199795,Low,0,Low,0,3.26008,721.221,6.58233,0.0659156,0.0339003
3887,RL,6,BSDF Heavy,-0.00341129,Low,0,Low,0,3.26902,723.689,6.58574,0.0657304,0.0338969
3888,RL,6,BSDF Heavy,-0.0082016,Low,0,Low,0,3.29235,729.657,6.59394,0.0660616,0.0338935
3889,RL,6,BSDF Heavy,0.00982189,Low,0,Low,0,3.25752,722.516,6.58412,0.0657412,0.0338901
3890,RL,6,BSDF Heavy,0.0029397,Low,0,Low,0,3.24892,720.392,6.58118,0.0654845,0.0338867
3891,RL,6,BSDF Heavy,-0.000696659,Low,0,Low,0,3.25827,720.895,6.58188,0.0660124,0.0338833
3892,RL,6,BSDF Heavy,0.00198364,Low,0,Low,0,3.24992,719.464,6.5799,0.0658073,0.0338799
3893,RL,6,BSDF Heavy,0.00302982,Low,0,Low,0,3.24398,717.285,6.57687,0.0660286,0.0338765
3894,RL,6,BSDF Heavy,-0.00458145,Low,0,Low,0,3.25745,720.583,6.58145,0.0658465,0.0338732
3895,RL,6,BSDF Heavy,-0.000110149,Low,0,Low,0,3.25391,720.662,6.58156,0.0660655,0.0338698
3896,RL,6,BSDF Heavy,-0.000154972,Low,0,Low,0,3.25362,720.775,6.58171,0.0659533,0.0338664
3897,RL,6,BSDF Heavy,0.00622511,Low,0,Low,0,3.2392,716.295,6.57549,0.065765,0.033863
3898,RL,6,BSDF Heavy,-0.00977707,Low,0,Low,0,3.26923,723.343,6.58526,0.0660155,0.0338596
3899,RL,6,BSDF Heavy,0.0116792,Low,0,Low,0,3.23058,714.932,6.57359,0.0655475,0.0338562
3900,RL,6,BSDF Heavy,-0.00978518,Low,0,Low,0,3.26399,721.972,6.58337,0.0660378,0.0338528
3901,RL,6,BSDF Heavy,0.00308037,Low,0,Low,0,3.24977,719.749,6.58029,0.0658173,0.0338495
3902,RL,6,BSDF Heavy,0.00907755,Low,0,Low,0,3.22524,713.236,6.57121,0.0657627,0.0338461
3903,RL,6,BSDF Heavy,-0.00963736,Low,0,Low,0,3.2593,720.152,6.58085,0.0661969,0.0338427
3904,RL,6,BSDF Heavy,-0.00789404,Low,0,Low,0,3.27917,725.867,6.58874,0.0660939,0.0338393
3905,RL,6,BSDF Heavy,0.0145011,Low,0,Low,0,3.23628,715.403,6.57424,0.065878,0.0338359
3906,RL,6,BSDF Heavy,-0.00744486,Low,0,Low,0,3.25334,720.757,6.58169,0.0659963,0.0338325
3907,RL,6,BSDF Heavy,0.0100842,Low,0,Low,0,3.22669,713.515,6.5716,0.0658349,0.0338292
3908,RL,6,BSDF Heavy,-0.0172458,Low,0,Low,0,3.27609,725.944,6.58885,0.065815,0.0338258
3909,RL,6,BSDF Heavy,0.00327349,Low,0,Low,0,3.26719,723.568,6.58558,0.0658203,0.0338224
3910,RL,6,BSDF Heavy,0.000235558,Low,0,Low,0,3.26256,723.398,6.58534,0.0659348,0.033819
3911,RL,6,BSDF Heavy,-0.000862598,Low,0,Low,0,3.27109,724.023,6.5862,0.065745,0.0338156
3912,RL,6,BSDF Heavy,0.0083046,Low,0,Low,0,3.24278,718.027,6.5779,0.0655675,0.0338122
3913,RL,6,BSDF Heavy,-0.00698566,Low,0,Low,0,3.26669,723.067,6.58488,0.0660048,0.0338089
3914,RL,6,BSDF Heavy,0.00588751,Low,0,Low,0,3.24423,718.817,6.579,0.0659256,0.0338055
3915,RL,6,BSDF Heavy,-0.0057497,Low,0,Low,0,3.26418,722.968,6.58475,0.0658249,0.0338021
3916,RL,6,BSDF Heavy,0.00668526,Low,0,Low,0,3.24481,718.144,6.57806,0.0656451,0.0337987
3917,RL,6,BSDF Heavy,0.00536442,Low,0,Low,0,3.22547,714.296,6.5727,0.0655091,0.0337953
3918,RL,6,BSDF Heavy,-0.00897408,Low,0,Low,0,3.25403,720.744,6.58167,0.065722,0.033792
3919,RL,6,BSDF Heavy,-0.00155067,Low,0,Low,0,3.26092,721.864,6.58322,0.0660724,0.0337886
3920,RL,6,BSDF Heavy,0.00122166,Low,0,Low,0,3.25857,720.982,6.582,0.0661915,0.0337852
3921,RL,6,BSDF Heavy,-0.00294209,Low,0,Low,0,3.26407,723.109,6.58494,0.0658234,0.0337818
3922,RL,6,BSDF Heavy,0.00725698,Low,0,Low,0,3.24358,717.873,6.57768,0.0658157,0.0337785
3923,RL,6,BSDF Heavy,-0.00378227,Low,0,Low,0,3.2543,720.597,6.58147,0.0658757,0.0337751
3924,RL,6,BSDF Heavy,-0.00315475,Low,0,Low,0,3.264,722.877,6.58462,0.0659894,0.0337717
3925,RL,6,BSDF Heavy,0.0201879,Low,0,Low,0,3.20271,708.41,6.56443,0.0655813,0.0337683
3926,RL,6,BSDF Heavy,-0.0193276,Low,0,Low,0,3.2628,722.255,6.58376,0.0657174,0.0337649
3927,RL,6,BSDF Heavy,-0.00160313,Low,0,Low,0,3.26436,723.415,6.58536,0.0660801,0.0337616
3928,RL,6,BSDF Heavy,0.00415564,Low,0,Low,0,3.25338,720.411,6.58121,0.0657227,0.0337582
3929,RL,6,BSDF Heavy,-0.000637054,Low,0,Low,0,3.25238,720.871,6.58185,0.0658626,0.0337548
3930,RL,6,BSDF Heavy,-0.00719738,Low,0,Low,0,3.27822,726.085,6.58904,0.0660378,0.0337514
3931,RL,6,BSDF Heavy,0.00809956,Low,0,Low,0,3.25305,720.22,6.58094,0.0661446,0.0337481
3932,RL,6,BSDF Heavy,0.00359011,Low,0,Low,0,3.23716,717.635,6.57735,0.0659325,0.0337447
3933,RL,6,BSDF Heavy,0.00299215,Low,0,Low,0,3.2276,715.488,6.57436,0.0657189,0.0337413
3934,RL,6,BSDF Heavy,-0.00243521,Low,0,Low,0,3.2391,717.235,6.5768,0.0659809,0.0337379
3935,RL,6,BSDF Heavy,-0.003438,Low,0,Low,0,3.248,719.709,6.58024,0.0661085,0.0337346
3936,RL,6,BSDF Heavy,-0.00456524,Low,0,Low,0,3.2613,723.006,6.5848,0.0656067,0.0337312
3937,RL,6,BSDF Heavy,0.00636578,Low,0,Low,0,3.24742,718.412,6.57843,0.065815,0.0337278
3938,RL,6,BSDF Heavy,-0.00185966,Low,0,Low,0,3.25153,719.751,6.58029,0.0655744,0.0337244
3939,RL,6,BSDF Heavy,0.00555706,Low,0,Low,0,3.23036,715.757,6.57474,0.0658234,0.0337211
3940,RL,6,BSDF Heavy,-0.00801229,Low,0,Low,0,3.2571,721.523,6.58275,0.0657443,0.0337177
3941,RL,6,BSDF Heavy,0.00843859,Low,0,Low,0,3.23101,715.452,6.57431,0.0658065,0.0337143
3942,RL,6,BSDF Heavy,-0.00194407,Low,0,Low,0,3.23824,716.846,6.57625,0.0662153,0.033711
3943,RL,6,BSDF Heavy,-0.00662327,Low,0,Low,0,3.25956,721.616,6.58288,0.0660632,0.0337076
3944,RL,6,BSDF Heavy,-0.000935078,Low,0,Low,0,3.25604,722.292,6.58381,0.0655314,0.0337042
3945,RL,6,BSDF Heavy,0.00756788,Low,0,Low,0,3.23642,716.839,6.57625,0.0654315,0.0337008
3946,RL,6,BSDF Heavy,-0.0090909,Low,0,Low,0,3.26145,723.395,6.58534,0.0660094,0.0336975
3947,RL,6,BSDF Heavy,0.00282431,Low,0,Low,0,3.2588,721.352,6.58251,0.0659648,0.0336941
3948,RL,6,BSDF Heavy,0.00926018,Low,0,Low,0,3.22955,714.693,6.57325,0.0657358,0.0336907
3949,RL,6,BSDF Heavy,-0.0241203,Low,0,Low,0,3.30691,732.166,6.59737,0.0662676,0.0336874
3950,RL,6,BSDF Heavy,0.00508451,Low,0,Low,0,3.28755,728.448,6.59229,0.0661654,0.033684
3951,RL,6,BSDF Heavy,0.0118647,Low,0,Low,0,3.24887,719.844,6.58042,0.0657796,0.0336806
3952,RL,6,BSDF Heavy,0.00619602,Low,0,Low,0,3.23355,715.392,6.57423,0.0658787,0.0336773
3953,RL,6,BSDF Heavy,-0.00215435,Low,0,Low,0,3.2427,716.937,6.57638,0.0659487,0.0336739
3954,RL,6,BSDF Heavy,-0.00517511,Low,0,Low,0,3.2527,720.661,6.58156,0.0655767,0.0336705
3955,RL,6,BSDF Heavy,0.000486374,Low,0,Low,0,3.24885,720.311,6.58107,0.0659172,0.0336672
3956,RL,6,BSDF Heavy,0.00299072,Low,0,Low,0,3.24248,718.157,6.57808,0.0655752,0.0336638
3957,RL,6,BSDF Heavy,-0.0102601,Low,0,Low,0,3.27717,725.573,6.58834,0.0659402,0.0336604
3958,RL,6,BSDF Heavy,0.00630331,Low,0,Low,0,3.25403,721.008,6.58204,0.0657281,0.0336571
3959,RL,6,BSDF Heavy,-0.00248194,Low,0,Low,0,3.26379,722.802,6.58452,0.0658303,0.0336537
3960,RL,6,BSDF Heavy,-1.76E-05,Low,0,Low,0,3.2649,722.815,6.58454,0.0657904,0.0336503
3961,RL,6,BSDF Heavy,0.00527096,Low,0,Low,0,3.24557,719.01,6.57926,0.0658741,0.033647
3962,RL,6,BSDF Heavy,0.0015254,Low,0,Low,0,3.24376,717.912,6.57774,0.0659241,0.0336436
3963,RL,6,BSDF Heavy,-0.00740767,Low,0,Low,0,3.26398,723.257,6.58515,0.0659809,0.0336402
3964,RL,6,BSDF Heavy,0.00882864,Low,0,Low,0,3.23818,716.891,6.57632,0.0658541,0.0336369
3965,RL,6,BSDF Heavy,-0.00162077,Low,0,Low,0,3.2446,718.056,6.57794,0.0656989,0.0336335
3966,RL,6,BSDF Heavy,-0.0103149,Low,0,Low,0,3.2714,725.511,6.58825,0.0657519,0.0336302
3967,RL,6,BSDF Heavy,0.00728226,Low,0,Low,0,3.25005,720.24,6.58097,0.0661008,0.0336268
3968,RL,6,BSDF Heavy,-0.00153494,Low,0,Low,0,3.2582,721.348,6.58251,0.0660455,0.0336234
3969,RL,6,BSDF Heavy,0.00449944,Low,0,Low,0,3.24442,718.105,6.57801,0.0657542,0.0336201
3970,RL,6,BSDF Heavy,-0.000823021,Low,0,Low,0,3.24639,718.697,6.57883,0.0658442,0.0336167
3971,RL,6,BSDF Heavy,0.00266218,Low,0,Low,0,3.23959,716.784,6.57617,0.065609,0.0336133
3972,RL,6,BSDF Heavy,-0.00683975,Low,0,Low,0,3.25569,721.71,6.58301,0.0654653,0.03361
3973,RL,6,BSDF Heavy,0.00532913,Low,0,Low,0,3.24255,717.869,6.57768,0.0656843,0.0336066
3974,RL,6,BSDF Heavy,-0.00274181,Low,0,Low,0,3.25178,719.843,6.58042,0.0658234,0.0336033
3975,RL,6,BSDF Heavy,-0.00395679,Low,0,Low,0,3.26552,722.7,6.58438,0.0660501,0.0335999
3976,RL,6,BSDF Heavy,-0.000244617,Low,0,Low,0,3.26435,722.877,6.58462,0.0657727,0.0335965
3977,RL,6,BSDF Heavy,0.00812864,Low,0,Low,0,3.24031,717.017,6.57649,0.0659702,0.0335932
3978,RL,6,BSDF Heavy,-0.0042181,Low,0,Low,0,3.25102,720.052,6.58071,0.0659994,0.0335898
3979,RL,6,BSDF Heavy,0.000665188,Low,0,Low,0,3.25316,719.573,6.58005,0.0660263,0.0335865
3980,RL,6,BSDF Heavy,-0.00593138,Low,0,Low,0,3.26923,723.859,6.58598,0.0660455,0.0335831
3981,RL,6,BSDF Heavy,0.00112343,Low,0,Low,0,3.26408,723.045,6.58485,0.0658987,0.0335797
3982,RL,6,BSDF Heavy,0.00308371,Low,0,Low,0,3.25171,720.816,6.58177,0.0657366,0.0335764
3983,RL,6,BSDF Heavy,0.00298595,Low,0,Low,0,3.24487,718.664,6.57878,0.0657904,0.033573
3984,RL,6,BSDF Heavy,0.00451183,Low,0,Low,0,3.23433,715.424,6.57427,0.0657589,0.0335697
3985,RL,6,BSDF Heavy,-0.00679541,Low,0,Low,0,3.25239,720.309,6.58107,0.0659564,0.0335663
3986,RL,6,BSDF Heavy,-0.00139761,Low,0,Low,0,3.26037,721.318,6.58247,0.0660616,0.033563
3987,RL,6,BSDF Heavy,-0.00198269,Low,0,Low,0,3.25988,722.752,6.58445,0.0659625,0.0335596
3988,RL,6,BSDF Heavy,0.00398922,Low,0,Low,0,3.2478,719.87,6.58046,0.0659333,0.0335562
3989,RL,6,BSDF Heavy,-0.0111108,Low,0,Low,0,3.28579,727.924,6.59157,0.0661147,0.0335529
3990,RL,6,BSDF Heavy,0.00996113,Low,0,Low,0,3.25606,720.699,6.58161,0.0659179,0.0335495
3991,RL,6,BSDF Heavy,0.000104427,Low,0,Low,0,3.25424,720.624,6.5815,0.0659072,0.0335462
3992,RL,6,BSDF Heavy,0.000436306,Low,0,Low,0,3.25436,720.309,6.58107,0.0660009,0.0335428
3993,RL,6,BSDF Heavy,0.002841,Low,0,Low,0,3.24679,718.263,6.57823,0.0659902,0.0335395
3994,RL,6,BSDF Heavy,-0.0023489,Low,0,Low,0,3.24671,719.954,6.58058,0.065576,0.0335361
3995,RL,6,BSDF Heavy,-0.00612354,Low,0,Low,0,3.26566,724.383,6.5867,0.0658142,0.0335328
3996,RL,6,BSDF Heavy,0.00290632,Low,0,Low,0,3.26127,722.278,6.58379,0.0659917,0.0335294
3997,RL,6,BSDF Heavy,0.0059576,Low,0,Low,0,3.24434,717.981,6.57784,0.0657358,0.0335261
3998,RL,6,BSDF Heavy,0.00397158,Low,0,Low,0,3.22882,715.131,6.57386,0.0656251,0.0335227
3999,RL,6,BSDF Heavy,-0.00356436,Low,0,Low,0,3.24418,717.689,6.57743,0.0660155,0.0335194
4000,RL,6,BSDF Heavy,-0.00525999,Low,0,Low,0,3.26197,721.479,6.58269,0.0660294,0.033516
4001,RL,6,BSDF Heavy,-0.00231504,Low,0,Low,0,3.2601,723.153,6.585,0.0655091,0.0335127
4002,RL,6,BSDF Heavy,-0.00405931,Low,0,Low,0,3.27643,726.099,6.58906,0.0658672,0.0335093
4003,RL,6,BSDF Heavy,0.0130105,Low,0,Low,0,3.23774,716.701,6.57605,0.0655844,0.033506
4004,RL,6,BSDF Heavy,-0.00742722,Low,0,Low,0,3.25542,722.051,6.58348,0.0658057,0.0335026
4005,RL,6,BSDF Heavy,0.0036025,Low,0,Low,0,3.24699,719.451,6.57988,0.0656497,0.0334993
4006,RL,6,BSDF Heavy,-0.00109529,Low,0,Low,0,3.25745,720.24,6.58097,0.0657404,0.0334959
4007,RL,6,BSDF Heavy,0.00121117,Low,0,Low,0,3.24461,719.367,6.57976,0.0657758,0.0334926
4008,RL,6,BSDF Heavy,5.81741e-05,Low,0,Low,0,3.24864,719.325,6.5797,0.0656536,0.0334892
4009,RL,6,BSDF Heavy,0.00283813,Low,0,Low,0,3.24511,717.284,6.57686,0.0660278,0.0334859
4010,RL,6,BSDF Heavy,-0.00465822,Low,0,Low,0,3.25432,720.638,6.58152,0.0657304,0.0334825
4011,RL,6,BSDF Heavy,-0.00288677,Low,0,Low,0,3.26321,722.724,6.58441,0.0660294,0.0334792
4012,RL,6,BSDF Heavy,-0.00253439,Low,0,Low,0,3.26915,724.56,6.58694,0.0656866,0.0334758
4013,RL,6,BSDF Heavy,0.00624371,Low,0,Low,0,3.25242,720.044,6.5807,0.0657558,0.0334725
4014,RL,6,BSDF Heavy,0.0023489,Low,0,Low,0,3.24234,718.353,6.57835,0.0659233,0.0334691
4015,RL,6,BSDF Heavy,0.00162029,Low,0,Low,0,3.24325,717.188,6.57673,0.0658557,0.0334658
4016,RL,6,BSDF Heavy,0.00178289,Low,0,Low,0,3.23825,715.909,6.57495,0.0657888,0.0334624
4017,RL,6,BSDF Heavy,-0.00172567,Low,0,Low,0,3.23905,717.147,6.57667,0.0655083,0.0334591
4018,RL,6,BSDF Heavy,-0.00668907,Low,0,Low,0,3.26242,721.967,6.58336,0.0659963,0.0334557
4019,RL,6,BSDF Heavy,0.00208282,Low,0,Low,0,3.25239,720.462,6.58128,0.0658588,0.0334524
4020,RL,6,BSDF Heavy,0.00235462,Low,0,Low,0,3.24623,718.765,6.57893,0.0658134,0.033449
4021,RL,6,BSDF Heavy,-0.00495815,Low,0,Low,0,3.2609,722.343,6.58388,0.0657489,0.0334457
4022,RL,6,BSDF Heavy,-0.00636721,Low,0,Low,0,3.28255,726.964,6.59025,0.0661623,0.0334423
4023,RL,6,BSDF Heavy,0.00653744,Low,0,Low,0,3.2603,722.22,6.58371,0.0658872,0.033439
4024,RL,6,BSDF Heavy,0.0147676,Low,0,Low,0,3.22196,711.618,6.56895,0.0658103,0.0334357
4025,RL,6,BSDF Heavy,-0.0170107,Low,0,Low,0,3.26639,723.844,6.58596,0.0656851,0.0334323
4026,RL,6,BSDF Heavy,0.0102887,Low,0,Low,0,3.23397,716.425,6.57567,0.0656997,0.033429
4027,RL,6,BSDF Heavy,0.000790596,Low,0,Low,0,3.23175,715.858,6.57488,0.0656413,0.0334256
4028,RL,6,BSDF Heavy,0.0017662,Low,0,Low,0,3.22358,714.593,6.57311,0.0655452,0.0334223
4029,RL,6,BSDF Heavy,-0.00162172,Low,0,Low,0,3.23409,715.754,6.57473,0.065599,0.0334189
4030,RL,6,BSDF Heavy,-0.0056386,Low,0,Low,0,3.25087,719.807,6.58037,0.0656144,0.0334156
4031,RL,6,BSDF Heavy,-0.00750017,Low,0,Low,0,3.27156,725.234,6.58787,0.0653954,0.0334123
4032,RL,6,BSDF Heavy,-0.00222111,Low,0,Low,0,3.27671,726.848,6.59009,0.0656882,0.0334089
4033,RL,6,BSDF Heavy,0.00495005,Low,0,Low,0,3.26632,723.254,6.58514,0.0658249,0.0334056
4034,RL,6,BSDF Heavy,0.0131946,Low,0,Low,0,3.22776,713.761,6.57195,0.065828,0.0334022
4035,RL,6,BSDF Heavy,-0.0193424,Low,0,Low,0,3.28493,727.721,6.59129,0.0663836,0.0333989
4036,RL,6,BSDF Heavy,0.0125108,Low,0,Low,0,3.24835,718.66,6.57878,0.0659256,0.0333956
4037,RL,6,BSDF Heavy,0.00321579,Low,0,Low,0,3.2347,716.35,6.57556,0.065589,0.0333922
4038,RL,6,BSDF Heavy,-0.00928211,Low,0,Low,0,3.26376,723.04,6.58485,0.0658895,0.0333889
4039,RL,6,BSDF Heavy,0.00428391,Low,0,Low,0,3.25021,719.944,6.58056,0.0659118,0.0333855
4040,RL,6,BSDF Heavy,-0.00163412,Low,0,Low,0,3.25721,721.124,6.5822,0.0659187,0.0333822
4041,RL,6,BSDF Heavy,0.00223351,Low,0,Low,0,3.25171,719.513,6.57996,0.0660878,0.0333789
4042,RL,6,BSDF Heavy,-0.00791979,Low,0,Low,0,3.27613,725.241,6.58788,0.0659833,0.0333755
4043,RL,6,BSDF Heavy,0.00550652,Low,0,Low,0,3.2529,721.253,6.58238,0.0659202,0.0333722
4044,RL,6,BSDF Heavy,0.000785828,Low,0,Low,0,3.25144,720.686,6.58159,0.0655829,0.0333689
4045,RL,6,BSDF Heavy,0.00618553,Low,0,Low,0,3.23659,716.236,6.5754,0.0658449,0.0333655
4046,RL,6,BSDF Heavy,-0.00909901,Low,0,Low,0,3.264,722.792,6.5845,0.0658034,0.0333622
4047,RL,6,BSDF Heavy,0.00209999,Low,0,Low,0,3.25677,721.273,6.5824,0.066067,0.0333588
4048,RL,6,Balanced,0.00141573,Low,0,Low,0,3.25081,720.251,6.58099,0.0660324,0.0333555
4049,RL,6,Balanced,0.00453234,Low,0,Low,0,3.23013,716.99,6.57646,0.062559,0.0333522
4050,RL,6,Balanced,-0.012105,Low,0,Low,0,3.27616,725.734,6.58856,0.0628802,0.0333488
4051,RL,6,Balanced,0.0129414,Low,0,Low,0,3.23312,716.39,6.57562,0.0626827,0.0333455
4052,RL,6,Balanced,-0.00213766,Low,0,Low,0,3.23985,717.925,6.57776,0.0626988,0.0333422
4053,RL,6,Balanced,0.00780249,Low,0,Low,0,3.21516,712.337,6.56995,0.0623676,0.0333388
4054,RL,6,Balanced,-0.00779676,Low,0,Low,0,3.23748,717.921,6.57775,0.0627465,0.0333355
4055,RL,6,Balanced,-0.0119724,Low,0,Low,0,3.27543,726.58,6.58972,0.0629478,0.0333322
4056,RL,6,Balanced,0.0105505,Low,0,Low,0,3.24739,718.944,6.57917,0.062612,0.0333288
4057,RL,6,Balanced,-0.00247192,Low,0,Low,0,3.24934,720.725,6.58165,0.0624406,0.0333255
4058,RL,6,Balanced,-0.00341415,Low,0,Low,0,3.26363,723.194,6.58506,0.0628279,0.0333222
4059,RL,6,Balanced,-0.00132418,Low,0,Low,0,3.2628,724.153,6.58638,0.0624214,0.0333188
4060,RL,6,Balanced,0.00434971,Low,0,Low,0,3.24881,721.006,6.58203,0.0625605,0.0333155
4061,RL,6,Balanced,-0.000699997,Low,0,Low,0,3.25543,721.512,6.58273,0.0627534,0.0333122
4062,RL,6,Balanced,0.000542641,Low,0,Low,0,3.25315,721.12,6.58219,0.0628203,0.0333088
4063,RL,6,Balanced,0.000644207,Low,0,Low,0,3.25069,720.655,6.58155,0.062841,0.0333055
4064,RL,6,Balanced,0.00494576,Low,0,Low,0,3.23456,717.094,6.5766,0.0625129,0.0333022
4065,RL,6,Balanced,-0.0102339,Low,0,Low,0,3.26825,724.481,6.58683,0.0625475,0.0332989
4066,RL,6,Balanced,0.00934982,Low,0,Low,0,3.23913,717.73,6.57749,0.062758,0.0332955
4067,RL,6,Balanced,0.00285625,Low,0,Low,0,3.22897,715.68,6.57463,0.0627964,0.0332922
4068,RL,6,Balanced,-0.00700569,Low,0,Low,0,3.25518,720.718,6.58163,0.0628594,0.0332889
4069,RL,6,Balanced,-0.00270605,Low,0,Low,0,3.259,722.674,6.58434,0.0624798,0.0332855
4070,RL,6,Balanced,-0.00422955,Low,0,Low,0,3.27743,725.741,6.58857,0.0630823,0.0332822
4071,RL,6,Balanced,0.00890541,Low,0,Low,0,3.24974,719.298,6.57966,0.0629125,0.0332789
4072,RL,6,Balanced,-0.00460577,Low,0,Low,0,3.25959,722.623,6.58427,0.0626912,0.0332756
4073,RL,6,Balanced,-0.00309277,Low,0,Low,0,3.26774,724.865,6.58736,0.0623238,0.0332722
4074,RL,6,Balanced,0.00536156,Low,0,Low,0,3.25191,720.983,6.582,0.0626973,0.0332689
4075,RL,6,Balanced,-0.00446129,Low,0,Low,0,3.26541,724.211,6.58646,0.062735,0.0332656
4076,RL,6,Balanced,0.00649309,Low,0,Low,0,3.24368,719.518,6.57997,0.0626297,0.0332622
4077,RL,6,Balanced,-0.00437498,Low,0,Low,0,3.25833,722.677,6.58434,0.0627419,0.0332589
4078,RL,6,Balanced,0.00154686,Low,0,Low,0,3.25808,721.558,6.5828,0.0628925,0.0332556
4079,RL,6,Balanced,0.00234032,Low,0,Low,0,3.24939,719.869,6.58046,0.0626112,0.0332523
4080,RL,6,Balanced,-0.00316668,Low,0,Low,0,3.25162,722.156,6.58362,0.0624637,0.0332489
4081,RL,6,Balanced,0.00426245,Low,0,Low,0,3.24669,719.08,6.57936,0.0627957,0.0332456
4082,RL,6,Balanced,0.00272989,Low,0,Low,0,3.23862,717.117,6.57663,0.062728,0.0332423
4083,RL,6,Balanced,-0.00204372,Low,0,Low,0,3.24057,718.586,6.57868,0.0627188,0.033239
4084,RL,6,Balanced,-0.0040679,Low,0,Low,0,3.24931,721.519,6.58274,0.0624368,0.0332357
4085,RL,6,Balanced,0.00864267,Low,0,Low,0,3.22664,715.301,6.5741,0.062881,0.0332323
4086,RL,6,Balanced,-0.00402117,Low,0,Low,0,3.23691,718.188,6.57812,0.0627373,0.033229
4087,RL,6,Balanced,0.00029707,Low,0,Low,0,3.23681,717.974,6.57783,0.0626996,0.0332257
4088,RL,6,Balanced,-0.00459766,Low,0,Low,0,3.25416,721.287,6.58242,0.0623354,0.0332224
4089,RL,6,Balanced,0.000589371,Low,0,Low,0,3.25319,720.862,6.58183,0.0628087,0.033219
4090,RL,6,Balanced,0.0121541,Low,0,Low,0,3.21062,712.141,6.56968,0.0629632,0.0332157
4091,RL,6,Balanced,-0.0100875,Low,0,Low,0,3.24603,719.371,6.57977,0.0624637,0.0332124
4092,RL,6,Balanced,-0.00584602,Low,0,Low,0,3.26438,723.595,6.58561,0.0629163,0.0332091
4093,RL,6,Balanced,-0.00117588,Low,0,Low,0,3.26256,724.448,6.58679,0.0627872,0.0332057
4094,RL,6,Balanced,-0.00225878,Low,0,Low,0,3.27375,726.088,6.58905,0.0626097,0.0332024
4095,RL,6,Balanced,0.00831366,Low,0,Low,0,3.25375,720.068,6.58073,0.0626005,0.0331991
4096,RL,6,Balanced,0.000301838,Low,0,Low,0,3.24648,719.851,6.58043,0.0623676,0.0331958
